TensorBoard housekeeping
ENV READY  num_envs=4096  obs=127  act=30  control_dt=0.020  model=C:\Users\punko\Downloads\PoBox\Tools\MuJoCo\nick_unity.xml
Actor MLP: Sequential(
  (0): Linear(in_features=127, out_features=512, bias=True)
  (1): ELU(alpha=1.0)
  (2): Linear(in_features=512, out_features=256, bias=True)
  (3): ELU(alpha=1.0)
  (4): Linear(in_features=256, out_features=128, bias=True)
  (5): ELU(alpha=1.0)
  (6): Linear(in_features=128, out_features=30, bias=True)
)
Critic MLP: Sequential(
  (0): Linear(in_features=127, out_features=512, bias=True)
  (1): ELU(alpha=1.0)
  (2): Linear(in_features=512, out_features=256, bias=True)
  (3): ELU(alpha=1.0)
  (4): Linear(in_features=256, out_features=128, bias=True)
  (5): ELU(alpha=1.0)
  (6): Linear(in_features=128, out_features=1, bias=True)
)
WARM_START actor matches exported ONNX; max error 0.00000334; critic is new
TRAINING  logs -> C:\Users\punko\Downloads\PoBox\results\nick\getup_base
################################################################################
                       [1m Learning iteration 0/120 [0m                       

                       Computation: 42575 steps/s (collection: 1.572s, learning 0.737s)
             Mean action noise std: 1.00
          Mean value_function loss: 0.1110
               Mean surrogate loss: 0.2952
                 Mean entropy loss: 42.5692
                       Mean reward: -0.87
               Mean episode length: 21.03
               Metrics/speed_ratio: 0.5192
       Metrics/drift_when_standing: 0.4843
          Metrics/upright_fraction: 0.7936
               Metrics/alternation: 0.1743
            Metrics/single_support: 0.4252
                    Metrics/facing: 0.9635
     Metrics/planted_when_standing: 0.4730
            Metrics/foot_clearance: 0.0852
                    Metrics/height: 0.7221
                 Metrics/fall_rate: 0.2027
   Metrics/standing_world_fraction: 0.4348
        Metrics/fall_rate_standing: 0.4654
          Metrics/fall_rate_moving: 0.0004
                  Metrics/tilt_deg: 21.9204
        Metrics/actuator_force_abs: 35.3420
        Metrics/actuator_force_max: 157.5982
               Metrics/action_cost: 0.7555
               Metrics/action_rate: 0.5957
           Metrics/joint_accel_abs: 79.0405
           Metrics/hinge_speed_max: 11.1062
       Metrics/over_speed_fraction: 0.0860
            Metrics/track_err_frac: 0.5515
        Metrics/track_within_10pct: 0.0819
           Metrics/overlift_factor: 0.9924
      Metrics/getup_world_fraction: 0.2495
        Metrics/getup_success_rate: 0.0000
          Metrics/getup_risen_rate: 0.1169
           Metrics/getup_time_mean: 0.0000
            Metrics/getup_progress: 0.1820
--------------------------------------------------------------------------------
                   Total timesteps: 98304
                    Iteration time: 2.31s
                      Time elapsed: 00:00:02
                               ETA: 00:04:37

Storing git diff for 'PoBox' in: C:\Users\punko\Downloads\PoBox\results\nick\getup_base\git\PoBox.diff
################################################################################
                       [1m Learning iteration 1/120 [0m                       

                       Computation: 53771 steps/s (collection: 1.335s, learning 0.493s)
             Mean action noise std: 1.00
          Mean value_function loss: 0.2385
               Mean surrogate loss: -0.0055
                 Mean entropy loss: 42.5756
                       Mean reward: -1.06
               Mean episode length: 47.13
               Metrics/speed_ratio: 0.6891
       Metrics/drift_when_standing: 0.3974
          Metrics/upright_fraction: 0.7752
               Metrics/alternation: 0.5994
            Metrics/single_support: 0.6685
                    Metrics/facing: 0.9189
     Metrics/planted_when_standing: 0.4462
            Metrics/foot_clearance: 0.1145
                    Metrics/height: 0.6466
                 Metrics/fall_rate: 0.2180
   Metrics/standing_world_fraction: 0.4413
        Metrics/fall_rate_standing: 0.4791
          Metrics/fall_rate_moving: 0.0116
                  Metrics/tilt_deg: 25.8804
        Metrics/actuator_force_abs: 33.9049
        Metrics/actuator_force_max: 166.2348
               Metrics/action_cost: 0.7674
               Metrics/action_rate: 0.5450
           Metrics/joint_accel_abs: 71.5013
           Metrics/hinge_speed_max: 10.5040
       Metrics/over_speed_fraction: 0.0723
            Metrics/track_err_frac: 0.5643
        Metrics/track_within_10pct: 0.1186
           Metrics/overlift_factor: 0.9132
      Metrics/getup_world_fraction: 0.2396
        Metrics/getup_success_rate: 0.0000
          Metrics/getup_risen_rate: 0.0944
           Metrics/getup_time_mean: 0.0000
            Metrics/getup_progress: 0.1221
--------------------------------------------------------------------------------
                   Total timesteps: 196608
                    Iteration time: 1.83s
                      Time elapsed: 00:00:04
                               ETA: 00:04:06

################################################################################
                       [1m Learning iteration 2/120 [0m                       

                       Computation: 53204 steps/s (collection: 1.352s, learning 0.496s)
             Mean action noise std: 1.00
          Mean value_function loss: 0.2515
               Mean surrogate loss: -0.0097
                 Mean entropy loss: 42.5894
                       Mean reward: -0.63
               Mean episode length: 65.64
               Metrics/speed_ratio: 0.9333
       Metrics/drift_when_standing: 0.4027
          Metrics/upright_fraction: 0.7113
               Metrics/alternation: 0.6705
            Metrics/single_support: 0.6631
                    Metrics/facing: 0.8853
     Metrics/planted_when_standing: 0.4537
            Metrics/foot_clearance: 0.1101
                    Metrics/height: 0.6066
                 Metrics/fall_rate: 0.2713
   Metrics/standing_world_fraction: 0.5099
        Metrics/fall_rate_standing: 0.5128
          Metrics/fall_rate_moving: 0.0196
                  Metrics/tilt_deg: 30.6712
        Metrics/actuator_force_abs: 33.7534
        Metrics/actuator_force_max: 164.0746
               Metrics/action_cost: 0.7644
               Metrics/action_rate: 0.5470
           Metrics/joint_accel_abs: 71.7259
           Metrics/hinge_speed_max: 10.5387
       Metrics/over_speed_fraction: 0.0717
            Metrics/track_err_frac: 0.6567
        Metrics/track_within_10pct: 0.1052
           Metrics/overlift_factor: 0.8987
      Metrics/getup_world_fraction: 0.2779
        Metrics/getup_success_rate: 0.0000
          Metrics/getup_risen_rate: 0.0419
           Metrics/getup_time_mean: 0.0000
            Metrics/getup_progress: 0.0745
--------------------------------------------------------------------------------
                   Total timesteps: 294912
                    Iteration time: 1.85s
                      Time elapsed: 00:00:05
                               ETA: 00:03:55

################################################################################
                       [1m Learning iteration 3/120 [0m                       

                       Computation: 52660 steps/s (collection: 1.362s, learning 0.505s)
             Mean action noise std: 1.00
          Mean value_function loss: 0.2051
               Mean surrogate loss: -0.0099
                 Mean entropy loss: 42.6176
                       Mean reward: -0.26
               Mean episode length: 73.63
               Metrics/speed_ratio: 0.9759
       Metrics/drift_when_standing: 0.4001
          Metrics/upright_fraction: 0.6507
               Metrics/alternation: 0.6509
            Metrics/single_support: 0.6567
                    Metrics/facing: 0.8973
     Metrics/planted_when_standing: 0.4438
            Metrics/foot_clearance: 0.1062
                    Metrics/height: 0.5771
                 Metrics/fall_rate: 0.3197
   Metrics/standing_world_fraction: 0.5654
        Metrics/fall_rate_standing: 0.5517
          Metrics/fall_rate_moving: 0.0174
                  Metrics/tilt_deg: 33.6768
        Metrics/actuator_force_abs: 33.6217
        Metrics/actuator_force_max: 162.6181
               Metrics/action_cost: 0.7630
               Metrics/action_rate: 0.5507
           Metrics/joint_accel_abs: 71.9914
           Metrics/hinge_speed_max: 10.5456
       Metrics/over_speed_fraction: 0.0715
            Metrics/track_err_frac: 0.6459
        Metrics/track_within_10pct: 0.1152
           Metrics/overlift_factor: 0.9062
      Metrics/getup_world_fraction: 0.3308
        Metrics/getup_success_rate: 0.0000
          Metrics/getup_risen_rate: 0.0422
           Metrics/getup_time_mean: 0.0000
            Metrics/getup_progress: 0.0731
--------------------------------------------------------------------------------
                   Total timesteps: 393216
                    Iteration time: 1.87s
                      Time elapsed: 00:00:07
                               ETA: 00:03:49

################################################################################
                       [1m Learning iteration 4/120 [0m                       

                       Computation: 52551 steps/s (collection: 1.372s, learning 0.499s)
             Mean action noise std: 1.00
          Mean value_function loss: 0.1656
               Mean surrogate loss: -0.0107
                 Mean entropy loss: 42.6344
                       Mean reward: 0.00
               Mean episode length: 75.87
               Metrics/speed_ratio: 0.9741
       Metrics/drift_when_standing: 0.3714
          Metrics/upright_fraction: 0.6094
               Metrics/alternation: 0.6548
            Metrics/single_support: 0.6696
                    Metrics/facing: 0.8931
     Metrics/planted_when_standing: 0.4444
            Metrics/foot_clearance: 0.1034
                    Metrics/height: 0.5443
                 Metrics/fall_rate: 0.3660
   Metrics/standing_world_fraction: 0.5983
        Metrics/fall_rate_standing: 0.6002
          Metrics/fall_rate_moving: 0.0170
                  Metrics/tilt_deg: 36.2071
        Metrics/actuator_force_abs: 33.5554
        Metrics/actuator_force_max: 162.0764
               Metrics/action_cost: 0.7629
               Metrics/action_rate: 0.5503
           Metrics/joint_accel_abs: 71.8432
           Metrics/hinge_speed_max: 10.5328
       Metrics/over_speed_fraction: 0.0710
            Metrics/track_err_frac: 0.6310
        Metrics/track_within_10pct: 0.1145
           Metrics/overlift_factor: 0.9037
      Metrics/getup_world_fraction: 0.3768
        Metrics/getup_success_rate: 0.0000
          Metrics/getup_risen_rate: 0.0345
           Metrics/getup_time_mean: 0.0000
            Metrics/getup_progress: 0.0623
--------------------------------------------------------------------------------
                   Total timesteps: 491520
                    Iteration time: 1.87s
                      Time elapsed: 00:00:09
                               ETA: 00:03:45

################################################################################
                       [1m Learning iteration 5/120 [0m                       

                       Computation: 52253 steps/s (collection: 1.385s, learning 0.496s)
             Mean action noise std: 1.00
          Mean value_function loss: 0.1377
               Mean surrogate loss: -0.0095
                 Mean entropy loss: 42.6478
                       Mean reward: -0.06
               Mean episode length: 76.72
               Metrics/speed_ratio: 0.9286
       Metrics/drift_when_standing: 0.3511
          Metrics/upright_fraction: 0.5674
               Metrics/alternation: 0.6593
            Metrics/single_support: 0.6688
                    Metrics/facing: 0.8797
     Metrics/planted_when_standing: 0.4450
            Metrics/foot_clearance: 0.1033
                    Metrics/height: 0.5181
                 Metrics/fall_rate: 0.4089
   Metrics/standing_world_fraction: 0.6311
        Metrics/fall_rate_standing: 0.6374
          Metrics/fall_rate_moving: 0.0176
                  Metrics/tilt_deg: 39.1858
        Metrics/actuator_force_abs: 33.3616
        Metrics/actuator_force_max: 160.5925
               Metrics/action_cost: 0.7621
               Metrics/action_rate: 0.5501
           Metrics/joint_accel_abs: 71.6075
           Metrics/hinge_speed_max: 10.4733
       Metrics/over_speed_fraction: 0.0698
            Metrics/track_err_frac: 0.6139
        Metrics/track_within_10pct: 0.1208
           Metrics/overlift_factor: 0.9025
      Metrics/getup_world_fraction: 0.4176
        Metrics/getup_success_rate: 0.0000
          Metrics/getup_risen_rate: 0.0265
           Metrics/getup_time_mean: 0.0000
            Metrics/getup_progress: 0.0529
--------------------------------------------------------------------------------
                   Total timesteps: 589824
                    Iteration time: 1.88s
                      Time elapsed: 00:00:11
                               ETA: 00:03:42

################################################################################
                       [1m Learning iteration 6/120 [0m                       

                       Computation: 51946 steps/s (collection: 1.394s, learning 0.499s)
             Mean action noise std: 1.00
          Mean value_function loss: 0.1145
               Mean surrogate loss: -0.0125
                 Mean entropy loss: 42.6468
                       Mean reward: -0.17
               Mean episode length: 73.77
               Metrics/speed_ratio: 0.8583
       Metrics/drift_when_standing: 0.3283
          Metrics/upright_fraction: 0.5343
               Metrics/alternation: 0.6582
            Metrics/single_support: 0.6626
                    Metrics/facing: 0.8747
     Metrics/planted_when_standing: 0.4541
            Metrics/foot_clearance: 0.0971
                    Metrics/height: 0.4944
                 Metrics/fall_rate: 0.4476
   Metrics/standing_world_fraction: 0.6599
        Metrics/fall_rate_standing: 0.6694
          Metrics/fall_rate_moving: 0.0172
                  Metrics/tilt_deg: 41.3079
        Metrics/actuator_force_abs: 33.3058
        Metrics/actuator_force_max: 159.6167
               Metrics/action_cost: 0.7607
               Metrics/action_rate: 0.5565
           Metrics/joint_accel_abs: 71.6689
           Metrics/hinge_speed_max: 10.4455
       Metrics/over_speed_fraction: 0.0691
            Metrics/track_err_frac: 0.6021
        Metrics/track_within_10pct: 0.1206
           Metrics/overlift_factor: 0.9078
      Metrics/getup_world_fraction: 0.4548
        Metrics/getup_success_rate: 0.0000
          Metrics/getup_risen_rate: 0.0223
           Metrics/getup_time_mean: 0.0000
            Metrics/getup_progress: 0.0459
--------------------------------------------------------------------------------
                   Total timesteps: 688128
                    Iteration time: 1.89s
                      Time elapsed: 00:00:13
                               ETA: 00:03:39

################################################################################
                       [1m Learning iteration 7/120 [0m                       

                       Computation: 51617 steps/s (collection: 1.407s, learning 0.498s)
             Mean action noise std: 1.00
          Mean value_function loss: 0.0974
               Mean surrogate loss: -0.0135
                 Mean entropy loss: 42.6489
                       Mean reward: -0.04
               Mean episode length: 71.20
               Metrics/speed_ratio: 0.8468
       Metrics/drift_when_standing: 0.3167
          Metrics/upright_fraction: 0.4943
               Metrics/alternation: 0.6697
            Metrics/single_support: 0.6846
                    Metrics/facing: 0.8858
     Metrics/planted_when_standing: 0.4611
            Metrics/foot_clearance: 0.0966
                    Metrics/height: 0.4718
                 Metrics/fall_rate: 0.4839
   Metrics/standing_world_fraction: 0.6842
        Metrics/fall_rate_standing: 0.6995
          Metrics/fall_rate_moving: 0.0167
                  Metrics/tilt_deg: 43.7262
        Metrics/actuator_force_abs: 33.2029
        Metrics/actuator_force_max: 158.9034
               Metrics/action_cost: 0.7610
               Metrics/action_rate: 0.5557
           Metrics/joint_accel_abs: 71.7498
           Metrics/hinge_speed_max: 10.4975
       Metrics/over_speed_fraction: 0.0691
            Metrics/track_err_frac: 0.5872
        Metrics/track_within_10pct: 0.1222
           Metrics/overlift_factor: 0.8919
      Metrics/getup_world_fraction: 0.4921
        Metrics/getup_success_rate: 0.0000
          Metrics/getup_risen_rate: 0.0204
           Metrics/getup_time_mean: 0.0000
            Metrics/getup_progress: 0.0425
--------------------------------------------------------------------------------
                   Total timesteps: 786432
                    Iteration time: 1.90s
                      Time elapsed: 00:00:15
                               ETA: 00:03:37

################################################################################
                       [1m Learning iteration 8/120 [0m                       

                       Computation: 51197 steps/s (collection: 1.419s, learning 0.501s)
             Mean action noise std: 1.00
          Mean value_function loss: 0.0902
               Mean surrogate loss: -0.0132
                 Mean entropy loss: 42.6500
                       Mean reward: -0.05
               Mean episode length: 71.65
               Metrics/speed_ratio: 0.8201
       Metrics/drift_when_standing: 0.3091
          Metrics/upright_fraction: 0.4587
               Metrics/alternation: 0.6788
            Metrics/single_support: 0.6795
                    Metrics/facing: 0.8758
     Metrics/planted_when_standing: 0.4615
            Metrics/foot_clearance: 0.0938
                    Metrics/height: 0.4497
                 Metrics/fall_rate: 0.5189
   Metrics/standing_world_fraction: 0.7008
        Metrics/fall_rate_standing: 0.7336
          Metrics/fall_rate_moving: 0.0158
                  Metrics/tilt_deg: 46.2315
        Metrics/actuator_force_abs: 33.0474
        Metrics/actuator_force_max: 157.8278
               Metrics/action_cost: 0.7610
               Metrics/action_rate: 0.5548
           Metrics/joint_accel_abs: 71.4483
           Metrics/hinge_speed_max: 10.4534
       Metrics/over_speed_fraction: 0.0682
            Metrics/track_err_frac: 0.5924
        Metrics/track_within_10pct: 0.1240
           Metrics/overlift_factor: 0.8872
      Metrics/getup_world_fraction: 0.5243
        Metrics/getup_success_rate: 0.0000
          Metrics/getup_risen_rate: 0.0170
           Metrics/getup_time_mean: 0.0000
            Metrics/getup_progress: 0.0374
--------------------------------------------------------------------------------
                   Total timesteps: 884736
                    Iteration time: 1.92s
                      Time elapsed: 00:00:17
                               ETA: 00:03:35

################################################################################
                       [1m Learning iteration 9/120 [0m                       

                       Computation: 51093 steps/s (collection: 1.417s, learning 0.507s)
             Mean action noise std: 1.00
          Mean value_function loss: 0.0825
               Mean surrogate loss: -0.0117
                 Mean entropy loss: 42.6670
                       Mean reward: 0.23
               Mean episode length: 85.31
               Metrics/speed_ratio: 0.7965
       Metrics/drift_when_standing: 0.2947
          Metrics/upright_fraction: 0.4267
               Metrics/alternation: 0.6846
            Metrics/single_support: 0.6899
                    Metrics/facing: 0.8747
     Metrics/planted_when_standing: 0.4623
            Metrics/foot_clearance: 0.0931
                    Metrics/height: 0.4293
                 Metrics/fall_rate: 0.5505
   Metrics/standing_world_fraction: 0.7121
        Metrics/fall_rate_standing: 0.7669
          Metrics/fall_rate_moving: 0.0154
                  Metrics/tilt_deg: 48.3482
        Metrics/actuator_force_abs: 33.0325
        Metrics/actuator_force_max: 157.2893
               Metrics/action_cost: 0.7604
               Metrics/action_rate: 0.5589
           Metrics/joint_accel_abs: 71.7839
           Metrics/hinge_speed_max: 10.4857
       Metrics/over_speed_fraction: 0.0688
            Metrics/track_err_frac: 0.5927
        Metrics/track_within_10pct: 0.1249
           Metrics/overlift_factor: 0.8850
      Metrics/getup_world_fraction: 0.5555
        Metrics/getup_success_rate: 0.0000
          Metrics/getup_risen_rate: 0.0143
           Metrics/getup_time_mean: 0.0000
            Metrics/getup_progress: 0.0339
--------------------------------------------------------------------------------
                   Total timesteps: 983040
                    Iteration time: 1.92s
                      Time elapsed: 00:00:19
                               ETA: 00:03:33

################################################################################
                      [1m Learning iteration 10/120 [0m                       

                       Computation: 51134 steps/s (collection: 1.424s, learning 0.499s)
             Mean action noise std: 1.00
          Mean value_function loss: 0.0755
               Mean surrogate loss: -0.0126
                 Mean entropy loss: 42.6676
                       Mean reward: 0.03
               Mean episode length: 79.05
               Metrics/speed_ratio: 0.7892
       Metrics/drift_when_standing: 0.2854
          Metrics/upright_fraction: 0.3991
               Metrics/alternation: 0.7008
            Metrics/single_support: 0.6909
                    Metrics/facing: 0.8763
     Metrics/planted_when_standing: 0.4685
            Metrics/foot_clearance: 0.0913
                    Metrics/height: 0.4105
                 Metrics/fall_rate: 0.5793
   Metrics/standing_world_fraction: 0.7244
        Metrics/fall_rate_standing: 0.7937
          Metrics/fall_rate_moving: 0.0158
                  Metrics/tilt_deg: 50.2230
        Metrics/actuator_force_abs: 32.9155
        Metrics/actuator_force_max: 156.4221
               Metrics/action_cost: 0.7592
               Metrics/action_rate: 0.5612
           Metrics/joint_accel_abs: 71.6198
           Metrics/hinge_speed_max: 10.4437
       Metrics/over_speed_fraction: 0.0680
            Metrics/track_err_frac: 0.5704
        Metrics/track_within_10pct: 0.1285
           Metrics/overlift_factor: 0.8718
      Metrics/getup_world_fraction: 0.5866
        Metrics/getup_success_rate: 0.0000
          Metrics/getup_risen_rate: 0.0171
           Metrics/getup_time_mean: 0.0000
            Metrics/getup_progress: 0.0353
--------------------------------------------------------------------------------
                   Total timesteps: 1081344
                    Iteration time: 1.92s
                      Time elapsed: 00:00:21
                               ETA: 00:03:31

################################################################################
                      [1m Learning iteration 11/120 [0m                       

                       Computation: 50998 steps/s (collection: 1.425s, learning 0.503s)
             Mean action noise std: 1.00
          Mean value_function loss: 0.0666
               Mean surrogate loss: -0.0139
                 Mean entropy loss: 42.6613
                       Mean reward: 0.22
               Mean episode length: 80.88
               Metrics/speed_ratio: 0.7769
       Metrics/drift_when_standing: 0.2718
          Metrics/upright_fraction: 0.3732
               Metrics/alternation: 0.6950
            Metrics/single_support: 0.7032
                    Metrics/facing: 0.8692
     Metrics/planted_when_standing: 0.4752
            Metrics/foot_clearance: 0.0896
                    Metrics/height: 0.3952
                 Metrics/fall_rate: 0.6048
   Metrics/standing_world_fraction: 0.7345
        Metrics/fall_rate_standing: 0.8178
          Metrics/fall_rate_moving: 0.0152
                  Metrics/tilt_deg: 51.8782
        Metrics/actuator_force_abs: 32.8344
        Metrics/actuator_force_max: 155.1485
               Metrics/action_cost: 0.7580
               Metrics/action_rate: 0.5651
           Metrics/joint_accel_abs: 71.7819
           Metrics/hinge_speed_max: 10.4126
       Metrics/over_speed_fraction: 0.0676
            Metrics/track_err_frac: 0.5894
        Metrics/track_within_10pct: 0.1237
           Metrics/overlift_factor: 0.8734
      Metrics/getup_world_fraction: 0.6103
        Metrics/getup_success_rate: 0.0000
          Metrics/getup_risen_rate: 0.0145
           Metrics/getup_time_mean: 0.0000
            Metrics/getup_progress: 0.0315
--------------------------------------------------------------------------------
                   Total timesteps: 1179648
                    Iteration time: 1.93s
                      Time elapsed: 00:00:23
                               ETA: 00:03:29

################################################################################
                      [1m Learning iteration 12/120 [0m                       

                       Computation: 50708 steps/s (collection: 1.437s, learning 0.501s)
             Mean action noise std: 1.00
          Mean value_function loss: 0.0651
               Mean surrogate loss: -0.0107
                 Mean entropy loss: 42.6643
                       Mean reward: 0.33
               Mean episode length: 82.97
               Metrics/speed_ratio: 0.7407
       Metrics/drift_when_standing: 0.2623
          Metrics/upright_fraction: 0.3521
               Metrics/alternation: 0.7288
            Metrics/single_support: 0.7030
                    Metrics/facing: 0.8591
     Metrics/planted_when_standing: 0.4860
            Metrics/foot_clearance: 0.0855
                    Metrics/height: 0.3778
                 Metrics/fall_rate: 0.6301
   Metrics/standing_world_fraction: 0.7503
        Metrics/fall_rate_standing: 0.8349
          Metrics/fall_rate_moving: 0.0148
                  Metrics/tilt_deg: 53.3768
        Metrics/actuator_force_abs: 32.8343
        Metrics/actuator_force_max: 154.9449
               Metrics/action_cost: 0.7562
               Metrics/action_rate: 0.5717
           Metrics/joint_accel_abs: 71.9755
           Metrics/hinge_speed_max: 10.4103
       Metrics/over_speed_fraction: 0.0671
            Metrics/track_err_frac: 0.5695
        Metrics/track_within_10pct: 0.1274
           Metrics/overlift_factor: 0.8751
      Metrics/getup_world_fraction: 0.6345
        Metrics/getup_success_rate: 0.0000
          Metrics/getup_risen_rate: 0.0102
           Metrics/getup_time_mean: 0.0000
            Metrics/getup_progress: 0.0289
--------------------------------------------------------------------------------
                   Total timesteps: 1277952
                    Iteration time: 1.94s
                      Time elapsed: 00:00:25
                               ETA: 00:03:27

################################################################################
                      [1m Learning iteration 13/120 [0m                       

                       Computation: 50589 steps/s (collection: 1.441s, learning 0.502s)
             Mean action noise std: 1.00
          Mean value_function loss: 0.0578
               Mean surrogate loss: -0.0115
                 Mean entropy loss: 42.6682
                       Mean reward: 0.45
               Mean episode length: 94.96
               Metrics/speed_ratio: 0.6936
       Metrics/drift_when_standing: 0.2562
          Metrics/upright_fraction: 0.3249
               Metrics/alternation: 0.7271
            Metrics/single_support: 0.6987
                    Metrics/facing: 0.8559
     Metrics/planted_when_standing: 0.4834
            Metrics/foot_clearance: 0.0857
                    Metrics/height: 0.3617
                 Metrics/fall_rate: 0.6564
   Metrics/standing_world_fraction: 0.7683
        Metrics/fall_rate_standing: 0.8498
          Metrics/fall_rate_moving: 0.0153
                  Metrics/tilt_deg: 55.2410
        Metrics/actuator_force_abs: 32.6938
        Metrics/actuator_force_max: 153.7859
               Metrics/action_cost: 0.7556
               Metrics/action_rate: 0.5735
           Metrics/joint_accel_abs: 71.8588
           Metrics/hinge_speed_max: 10.3614
       Metrics/over_speed_fraction: 0.0667
            Metrics/track_err_frac: 0.5847
        Metrics/track_within_10pct: 0.1176
           Metrics/overlift_factor: 0.8702
      Metrics/getup_world_fraction: 0.6605
        Metrics/getup_success_rate: 0.0000
          Metrics/getup_risen_rate: 0.0096
           Metrics/getup_time_mean: 0.0000
            Metrics/getup_progress: 0.0279
--------------------------------------------------------------------------------
                   Total timesteps: 1376256
                    Iteration time: 1.94s
                      Time elapsed: 00:00:26
                               ETA: 00:03:26

################################################################################
                      [1m Learning iteration 14/120 [0m                       

                       Computation: 50435 steps/s (collection: 1.446s, learning 0.503s)
             Mean action noise std: 1.00
          Mean value_function loss: 0.0545
               Mean surrogate loss: -0.0108
                 Mean entropy loss: 42.6740
                       Mean reward: 0.29
               Mean episode length: 97.34
               Metrics/speed_ratio: 0.6717
       Metrics/drift_when_standing: 0.2527
          Metrics/upright_fraction: 0.3037
               Metrics/alternation: 0.7230
            Metrics/single_support: 0.7061
                    Metrics/facing: 0.8494
     Metrics/planted_when_standing: 0.4897
            Metrics/foot_clearance: 0.0834
                    Metrics/height: 0.3472
                 Metrics/fall_rate: 0.6774
   Metrics/standing_world_fraction: 0.7815
        Metrics/fall_rate_standing: 0.8626
          Metrics/fall_rate_moving: 0.0147
                  Metrics/tilt_deg: 56.7571
        Metrics/actuator_force_abs: 32.7360
        Metrics/actuator_force_max: 153.7922
               Metrics/action_cost: 0.7549
               Metrics/action_rate: 0.5759
           Metrics/joint_accel_abs: 72.0264
           Metrics/hinge_speed_max: 10.3812
       Metrics/over_speed_fraction: 0.0669
            Metrics/track_err_frac: 0.5772
        Metrics/track_within_10pct: 0.1208
           Metrics/overlift_factor: 0.8665
      Metrics/getup_world_fraction: 0.6818
        Metrics/getup_success_rate: 0.0000
          Metrics/getup_risen_rate: 0.0080
           Metrics/getup_time_mean: 0.0000
            Metrics/getup_progress: 0.0260
--------------------------------------------------------------------------------
                   Total timesteps: 1474560
                    Iteration time: 1.95s
                      Time elapsed: 00:00:28
                               ETA: 00:03:24

################################################################################
                      [1m Learning iteration 15/120 [0m                       

                       Computation: 50161 steps/s (collection: 1.453s, learning 0.506s)
             Mean action noise std: 1.00
          Mean value_function loss: 0.0482
               Mean surrogate loss: -0.0132
                 Mean entropy loss: 42.6714
                       Mean reward: 0.29
               Mean episode length: 90.26
               Metrics/speed_ratio: 0.6482
       Metrics/drift_when_standing: 0.2412
          Metrics/upright_fraction: 0.2875
               Metrics/alternation: 0.7141
            Metrics/single_support: 0.7136
                    Metrics/facing: 0.8510
     Metrics/planted_when_standing: 0.4910
            Metrics/foot_clearance: 0.0827
                    Metrics/height: 0.3367
                 Metrics/fall_rate: 0.6958
   Metrics/standing_world_fraction: 0.7930
        Metrics/fall_rate_standing: 0.8734
          Metrics/fall_rate_moving: 0.0157
                  Metrics/tilt_deg: 57.8845
        Metrics/actuator_force_abs: 32.6926
        Metrics/actuator_force_max: 153.0199
               Metrics/action_cost: 0.7544
               Metrics/action_rate: 0.5797
           Metrics/joint_accel_abs: 72.0092
           Metrics/hinge_speed_max: 10.3727
       Metrics/over_speed_fraction: 0.0664
            Metrics/track_err_frac: 0.5786
        Metrics/track_within_10pct: 0.1197
           Metrics/overlift_factor: 0.8549
      Metrics/getup_world_fraction: 0.6994
        Metrics/getup_success_rate: 0.0000
          Metrics/getup_risen_rate: 0.0080
           Metrics/getup_time_mean: 0.0000
            Metrics/getup_progress: 0.0250
--------------------------------------------------------------------------------
                   Total timesteps: 1572864
                    Iteration time: 1.96s
                      Time elapsed: 00:00:30
                               ETA: 00:03:22

################################################################################
                      [1m Learning iteration 16/120 [0m                       

                       Computation: 50214 steps/s (collection: 1.454s, learning 0.504s)
             Mean action noise std: 1.00
          Mean value_function loss: 0.0433
               Mean surrogate loss: -0.0117
                 Mean entropy loss: 42.6634
                       Mean reward: 0.32
               Mean episode length: 92.25
               Metrics/speed_ratio: 0.6887
       Metrics/drift_when_standing: 0.2348
          Metrics/upright_fraction: 0.2701
               Metrics/alternation: 0.7261
            Metrics/single_support: 0.7142
                    Metrics/facing: 0.8627
     Metrics/planted_when_standing: 0.4930
            Metrics/foot_clearance: 0.0826
                    Metrics/height: 0.3275
                 Metrics/fall_rate: 0.7109
   Metrics/standing_world_fraction: 0.8015
        Metrics/fall_rate_standing: 0.8834
          Metrics/fall_rate_moving: 0.0142
                  Metrics/tilt_deg: 58.7328
        Metrics/actuator_force_abs: 32.6588
        Metrics/actuator_force_max: 152.6482
               Metrics/action_cost: 0.7532
               Metrics/action_rate: 0.5821
           Metrics/joint_accel_abs: 72.1974
           Metrics/hinge_speed_max: 10.3539
       Metrics/over_speed_fraction: 0.0663
            Metrics/track_err_frac: 0.5629
        Metrics/track_within_10pct: 0.1250
           Metrics/overlift_factor: 0.8390
      Metrics/getup_world_fraction: 0.7147
        Metrics/getup_success_rate: 0.0000
          Metrics/getup_risen_rate: 0.0079
           Metrics/getup_time_mean: 0.0000
            Metrics/getup_progress: 0.0235
--------------------------------------------------------------------------------
                   Total timesteps: 1671168
                    Iteration time: 1.96s
                      Time elapsed: 00:00:32
                               ETA: 00:03:20

################################################################################
                      [1m Learning iteration 17/120 [0m                       

                       Computation: 50054 steps/s (collection: 1.455s, learning 0.509s)
             Mean action noise std: 1.00
          Mean value_function loss: 0.0424
               Mean surrogate loss: -0.0114
                 Mean entropy loss: 42.6647
                       Mean reward: 0.30
               Mean episode length: 93.39
               Metrics/speed_ratio: 0.6593
       Metrics/drift_when_standing: 0.2255
          Metrics/upright_fraction: 0.2603
               Metrics/alternation: 0.7350
            Metrics/single_support: 0.7275
                    Metrics/facing: 0.8666
     Metrics/planted_when_standing: 0.4995
            Metrics/foot_clearance: 0.0806
                    Metrics/height: 0.3195
                 Metrics/fall_rate: 0.7242
   Metrics/standing_world_fraction: 0.8072
        Metrics/fall_rate_standing: 0.8940
          Metrics/fall_rate_moving: 0.0133
                  Metrics/tilt_deg: 59.3453
        Metrics/actuator_force_abs: 32.6736
        Metrics/actuator_force_max: 152.2479
               Metrics/action_cost: 0.7520
               Metrics/action_rate: 0.5858
           Metrics/joint_accel_abs: 72.4254
           Metrics/hinge_speed_max: 10.3408
       Metrics/over_speed_fraction: 0.0658
            Metrics/track_err_frac: 0.5565
        Metrics/track_within_10pct: 0.1248
           Metrics/overlift_factor: 0.8408
      Metrics/getup_world_fraction: 0.7278
        Metrics/getup_success_rate: 0.0000
          Metrics/getup_risen_rate: 0.0068
           Metrics/getup_time_mean: 0.0000
            Metrics/getup_progress: 0.0232
--------------------------------------------------------------------------------
                   Total timesteps: 1769472
                    Iteration time: 1.96s
                      Time elapsed: 00:00:34
                               ETA: 00:03:19

################################################################################
                      [1m Learning iteration 18/120 [0m                       

                       Computation: 50090 steps/s (collection: 1.458s, learning 0.504s)
             Mean action noise std: 1.00
          Mean value_function loss: 0.0397
               Mean surrogate loss: -0.0126
                 Mean entropy loss: 42.6725
                       Mean reward: 0.43
               Mean episode length: 101.53
               Metrics/speed_ratio: 0.6568
       Metrics/drift_when_standing: 0.2229
          Metrics/upright_fraction: 0.2470
               Metrics/alternation: 0.7692
            Metrics/single_support: 0.7390
                    Metrics/facing: 0.8638
     Metrics/planted_when_standing: 0.5000
            Metrics/foot_clearance: 0.0783
                    Metrics/height: 0.3097
                 Metrics/fall_rate: 0.7375
   Metrics/standing_world_fraction: 0.8149
        Metrics/fall_rate_standing: 0.9022
          Metrics/fall_rate_moving: 0.0128
                  Metrics/tilt_deg: 60.4542
        Metrics/actuator_force_abs: 32.7057
        Metrics/actuator_force_max: 152.2743
               Metrics/action_cost: 0.7510
               Metrics/action_rate: 0.5923
           Metrics/joint_accel_abs: 72.6089
           Metrics/hinge_speed_max: 10.3370
       Metrics/over_speed_fraction: 0.0655
            Metrics/track_err_frac: 0.5537
        Metrics/track_within_10pct: 0.1228
           Metrics/overlift_factor: 0.8271
      Metrics/getup_world_fraction: 0.7400
        Metrics/getup_success_rate: 0.0000
          Metrics/getup_risen_rate: 0.0061
           Metrics/getup_time_mean: 0.0000
            Metrics/getup_progress: 0.0205
--------------------------------------------------------------------------------
                   Total timesteps: 1867776
                    Iteration time: 1.96s
                      Time elapsed: 00:00:36
                               ETA: 00:03:17

################################################################################
                      [1m Learning iteration 19/120 [0m                       

                       Computation: 49993 steps/s (collection: 1.463s, learning 0.503s)
             Mean action noise std: 1.00
          Mean value_function loss: 0.0375
               Mean surrogate loss: -0.0131
                 Mean entropy loss: 42.6676
                       Mean reward: 0.77
               Mean episode length: 92.01
               Metrics/speed_ratio: 0.6285
       Metrics/drift_when_standing: 0.2220
          Metrics/upright_fraction: 0.2293
               Metrics/alternation: 0.7645
            Metrics/single_support: 0.7384
                    Metrics/facing: 0.8589
     Metrics/planted_when_standing: 0.5031
            Metrics/foot_clearance: 0.0780
                    Metrics/height: 0.2986
                 Metrics/fall_rate: 0.7531
   Metrics/standing_world_fraction: 0.8232
        Metrics/fall_rate_standing: 0.9119
          Metrics/fall_rate_moving: 0.0136
                  Metrics/tilt_deg: 61.6394
        Metrics/actuator_force_abs: 32.7529
        Metrics/actuator_force_max: 152.3061
               Metrics/action_cost: 0.7509
               Metrics/action_rate: 0.5943
           Metrics/joint_accel_abs: 72.7960
           Metrics/hinge_speed_max: 10.3799
       Metrics/over_speed_fraction: 0.0662
            Metrics/track_err_frac: 0.5808
        Metrics/track_within_10pct: 0.1192
           Metrics/overlift_factor: 0.8238
      Metrics/getup_world_fraction: 0.7551
        Metrics/getup_success_rate: 0.0000
          Metrics/getup_risen_rate: 0.0046
           Metrics/getup_time_mean: 0.0000
            Metrics/getup_progress: 0.0195
--------------------------------------------------------------------------------
                   Total timesteps: 1966080
                    Iteration time: 1.97s
                      Time elapsed: 00:00:38
                               ETA: 00:03:15

################################################################################
                      [1m Learning iteration 20/120 [0m                       

                       Computation: 49859 steps/s (collection: 1.466s, learning 0.506s)
             Mean action noise std: 1.00
          Mean value_function loss: 0.0328
               Mean surrogate loss: -0.0130
                 Mean entropy loss: 42.6677
                       Mean reward: 0.60
               Mean episode length: 99.07
               Metrics/speed_ratio: 0.6689
       Metrics/drift_when_standing: 0.2179
          Metrics/upright_fraction: 0.2175
               Metrics/alternation: 0.7606
            Metrics/single_support: 0.7524
                    Metrics/facing: 0.8671
     Metrics/planted_when_standing: 0.5005
            Metrics/foot_clearance: 0.0783
                    Metrics/height: 0.2906
                 Metrics/fall_rate: 0.7669
   Metrics/standing_world_fraction: 0.8325
        Metrics/fall_rate_standing: 0.9185
          Metrics/fall_rate_moving: 0.0135
                  Metrics/tilt_deg: 62.4083
        Metrics/actuator_force_abs: 32.7411
        Metrics/actuator_force_max: 151.9118
               Metrics/action_cost: 0.7496
               Metrics/action_rate: 0.5954
           Metrics/joint_accel_abs: 72.8278
           Metrics/hinge_speed_max: 10.3955
       Metrics/over_speed_fraction: 0.0663
            Metrics/track_err_frac: 0.5493
        Metrics/track_within_10pct: 0.1220
           Metrics/overlift_factor: 0.8066
      Metrics/getup_world_fraction: 0.7699
        Metrics/getup_success_rate: 0.0000
          Metrics/getup_risen_rate: 0.0052
           Metrics/getup_time_mean: 0.0000
            Metrics/getup_progress: 0.0202
--------------------------------------------------------------------------------
                   Total timesteps: 2064384
                    Iteration time: 1.97s
                      Time elapsed: 00:00:40
                               ETA: 00:03:13

################################################################################
                      [1m Learning iteration 21/120 [0m                       

                       Computation: 49919 steps/s (collection: 1.463s, learning 0.506s)
             Mean action noise std: 1.00
          Mean value_function loss: 0.0343
               Mean surrogate loss: -0.0131
                 Mean entropy loss: 42.6577
                       Mean reward: 0.71
               Mean episode length: 110.19
               Metrics/speed_ratio: 0.6868
       Metrics/drift_when_standing: 0.2130
          Metrics/upright_fraction: 0.2082
               Metrics/alternation: 0.7743
            Metrics/single_support: 0.7460
                    Metrics/facing: 0.8764
     Metrics/planted_when_standing: 0.5022
            Metrics/foot_clearance: 0.0769
                    Metrics/height: 0.2828
                 Metrics/fall_rate: 0.7778
   Metrics/standing_world_fraction: 0.8398
        Metrics/fall_rate_standing: 0.9239
          Metrics/fall_rate_moving: 0.0119
                  Metrics/tilt_deg: 62.9661
        Metrics/actuator_force_abs: 32.8066
        Metrics/actuator_force_max: 151.9377
               Metrics/action_cost: 0.7490
               Metrics/action_rate: 0.6007
           Metrics/joint_accel_abs: 73.0160
           Metrics/hinge_speed_max: 10.3702
       Metrics/over_speed_fraction: 0.0657
            Metrics/track_err_frac: 0.5464
        Metrics/track_within_10pct: 0.1363
           Metrics/overlift_factor: 0.8040
      Metrics/getup_world_fraction: 0.7795
        Metrics/getup_success_rate: 0.0000
          Metrics/getup_risen_rate: 0.0039
           Metrics/getup_time_mean: 0.0000
            Metrics/getup_progress: 0.0187
--------------------------------------------------------------------------------
                   Total timesteps: 2162688
                    Iteration time: 1.97s
                      Time elapsed: 00:00:42
                               ETA: 00:03:12

################################################################################
                      [1m Learning iteration 22/120 [0m                       

                       Computation: 49689 steps/s (collection: 1.467s, learning 0.511s)
             Mean action noise std: 1.00
          Mean value_function loss: 0.0311
               Mean surrogate loss: -0.0117
                 Mean entropy loss: 42.6459
                       Mean reward: 1.03
               Mean episode length: 127.72
               Metrics/speed_ratio: 0.7024
       Metrics/drift_when_standing: 0.2079
          Metrics/upright_fraction: 0.1980
               Metrics/alternation: 0.7952
            Metrics/single_support: 0.7502
                    Metrics/facing: 0.8694
     Metrics/planted_when_standing: 0.5016
            Metrics/foot_clearance: 0.0763
                    Metrics/height: 0.2763
                 Metrics/fall_rate: 0.7872
   Metrics/standing_world_fraction: 0.8455
        Metrics/fall_rate_standing: 0.9289
          Metrics/fall_rate_moving: 0.0120
                  Metrics/tilt_deg: 63.5883
        Metrics/actuator_force_abs: 32.7629
        Metrics/actuator_force_max: 151.5863
               Metrics/action_cost: 0.7489
               Metrics/action_rate: 0.6009
           Metrics/joint_accel_abs: 73.1264
           Metrics/hinge_speed_max: 10.3526
       Metrics/over_speed_fraction: 0.0659
            Metrics/track_err_frac: 0.5648
        Metrics/track_within_10pct: 0.1266
           Metrics/overlift_factor: 0.8007
      Metrics/getup_world_fraction: 0.7885
        Metrics/getup_success_rate: 0.0000
          Metrics/getup_risen_rate: 0.0025
           Metrics/getup_time_mean: 0.0000
            Metrics/getup_progress: 0.0179
--------------------------------------------------------------------------------
                   Total timesteps: 2260992
                    Iteration time: 1.98s
                      Time elapsed: 00:00:44
                               ETA: 00:03:10

################################################################################
                      [1m Learning iteration 23/120 [0m                       

                       Computation: 49454 steps/s (collection: 1.471s, learning 0.517s)
             Mean action noise std: 1.00
          Mean value_function loss: 0.0307
               Mean surrogate loss: -0.0126
                 Mean entropy loss: 42.6329
                       Mean reward: 1.16
               Mean episode length: 136.04
               Metrics/speed_ratio: 0.7013
       Metrics/drift_when_standing: 0.2082
          Metrics/upright_fraction: 0.1884
               Metrics/alternation: 0.7924
            Metrics/single_support: 0.7584
                    Metrics/facing: 0.8738
     Metrics/planted_when_standing: 0.4954
            Metrics/foot_clearance: 0.0775
                    Metrics/height: 0.2699
                 Metrics/fall_rate: 0.7966
   Metrics/standing_world_fraction: 0.8527
        Metrics/fall_rate_standing: 0.9320
          Metrics/fall_rate_moving: 0.0129
                  Metrics/tilt_deg: 64.1572
        Metrics/actuator_force_abs: 32.7883
        Metrics/actuator_force_max: 151.6177
               Metrics/action_cost: 0.7487
               Metrics/action_rate: 0.5999
           Metrics/joint_accel_abs: 73.2166
           Metrics/hinge_speed_max: 10.4011
       Metrics/over_speed_fraction: 0.0661
            Metrics/track_err_frac: 0.5874
        Metrics/track_within_10pct: 0.1204
           Metrics/overlift_factor: 0.7901
      Metrics/getup_world_fraction: 0.7985
        Metrics/getup_success_rate: 0.0000
          Metrics/getup_risen_rate: 0.0033
           Metrics/getup_time_mean: 0.0000
            Metrics/getup_progress: 0.0183
--------------------------------------------------------------------------------
                   Total timesteps: 2359296
                    Iteration time: 1.99s
                      Time elapsed: 00:00:46
                               ETA: 00:03:08

################################################################################
                      [1m Learning iteration 24/120 [0m                       

                       Computation: 49616 steps/s (collection: 1.475s, learning 0.506s)
             Mean action noise std: 1.00
          Mean value_function loss: 0.0286
               Mean surrogate loss: -0.0112
                 Mean entropy loss: 42.6374
                       Mean reward: 1.18
               Mean episode length: 136.18
               Metrics/speed_ratio: 0.6970
       Metrics/drift_when_standing: 0.2043
          Metrics/upright_fraction: 0.1826
               Metrics/alternation: 0.7890
            Metrics/single_support: 0.7552
                    Metrics/facing: 0.8742
     Metrics/planted_when_standing: 0.4982
            Metrics/foot_clearance: 0.0744
                    Metrics/height: 0.2641
                 Metrics/fall_rate: 0.8036
   Metrics/standing_world_fraction: 0.8606
        Metrics/fall_rate_standing: 0.9317
          Metrics/fall_rate_moving: 0.0128
                  Metrics/tilt_deg: 64.4382
        Metrics/actuator_force_abs: 32.8082
        Metrics/actuator_force_max: 151.6043
               Metrics/action_cost: 0.7477
               Metrics/action_rate: 0.6043
           Metrics/joint_accel_abs: 73.3316
           Metrics/hinge_speed_max: 10.3441
       Metrics/over_speed_fraction: 0.0654
            Metrics/track_err_frac: 0.5761
        Metrics/track_within_10pct: 0.1262
           Metrics/overlift_factor: 0.7965
      Metrics/getup_world_fraction: 0.8052
        Metrics/getup_success_rate: 0.0000
          Metrics/getup_risen_rate: 0.0035
           Metrics/getup_time_mean: 0.0000
            Metrics/getup_progress: 0.0176
--------------------------------------------------------------------------------
                   Total timesteps: 2457600
                    Iteration time: 1.98s
                      Time elapsed: 00:00:48
                               ETA: 00:03:06

################################################################################
                      [1m Learning iteration 25/120 [0m                       

                       Computation: 49238 steps/s (collection: 1.481s, learning 0.515s)
             Mean action noise std: 1.00
          Mean value_function loss: 0.0295
               Mean surrogate loss: -0.0116
                 Mean entropy loss: 42.6390
                       Mean reward: 1.26
               Mean episode length: 121.45
               Metrics/speed_ratio: 0.7194
       Metrics/drift_when_standing: 0.2025
          Metrics/upright_fraction: 0.1755
               Metrics/alternation: 0.7855
            Metrics/single_support: 0.7694
                    Metrics/facing: 0.8821
     Metrics/planted_when_standing: 0.4896
            Metrics/foot_clearance: 0.0738
                    Metrics/height: 0.2580
                 Metrics/fall_rate: 0.8109
   Metrics/standing_world_fraction: 0.8651
        Metrics/fall_rate_standing: 0.9356
          Metrics/fall_rate_moving: 0.0112
                  Metrics/tilt_deg: 64.6941
        Metrics/actuator_force_abs: 32.7825
        Metrics/actuator_force_max: 151.1210
               Metrics/action_cost: 0.7470
               Metrics/action_rate: 0.6061
           Metrics/joint_accel_abs: 73.3852
           Metrics/hinge_speed_max: 10.3235
       Metrics/over_speed_fraction: 0.0656
            Metrics/track_err_frac: 0.5424
        Metrics/track_within_10pct: 0.1353
           Metrics/overlift_factor: 0.7906
      Metrics/getup_world_fraction: 0.8123
        Metrics/getup_success_rate: 0.0000
          Metrics/getup_risen_rate: 0.0022
           Metrics/getup_time_mean: 0.0000
            Metrics/getup_progress: 0.0168
--------------------------------------------------------------------------------
                   Total timesteps: 2555904
                    Iteration time: 2.00s
                      Time elapsed: 00:00:50
                               ETA: 00:03:04

################################################################################
                      [1m Learning iteration 26/120 [0m                       

                       Computation: 49522 steps/s (collection: 1.474s, learning 0.511s)
             Mean action noise std: 1.00
          Mean value_function loss: 0.0286
               Mean surrogate loss: -0.0125
                 Mean entropy loss: 42.6530
                       Mean reward: 1.37
               Mean episode length: 148.36
               Metrics/speed_ratio: 0.7569
       Metrics/drift_when_standing: 0.2021
          Metrics/upright_fraction: 0.1681
               Metrics/alternation: 0.7860
            Metrics/single_support: 0.7639
                    Metrics/facing: 0.8876
     Metrics/planted_when_standing: 0.4847
            Metrics/foot_clearance: 0.0737
                    Metrics/height: 0.2523
                 Metrics/fall_rate: 0.8195
   Metrics/standing_world_fraction: 0.8704
        Metrics/fall_rate_standing: 0.9397
          Metrics/fall_rate_moving: 0.0128
                  Metrics/tilt_deg: 65.2315
        Metrics/actuator_force_abs: 32.8368
        Metrics/actuator_force_max: 151.2651
               Metrics/action_cost: 0.7469
               Metrics/action_rate: 0.6067
           Metrics/joint_accel_abs: 73.6254
           Metrics/hinge_speed_max: 10.4078
       Metrics/over_speed_fraction: 0.0664
            Metrics/track_err_frac: 0.5493
        Metrics/track_within_10pct: 0.1258
           Metrics/overlift_factor: 0.7862
      Metrics/getup_world_fraction: 0.8209
        Metrics/getup_success_rate: 0.0000
          Metrics/getup_risen_rate: 0.0032
           Metrics/getup_time_mean: 0.0000
            Metrics/getup_progress: 0.0176
--------------------------------------------------------------------------------
                   Total timesteps: 2654208
                    Iteration time: 1.99s
                      Time elapsed: 00:00:52
                               ETA: 00:03:03

################################################################################
                      [1m Learning iteration 27/120 [0m                       

                       Computation: 49440 steps/s (collection: 1.479s, learning 0.510s)
             Mean action noise std: 1.00
          Mean value_function loss: 0.0259
               Mean surrogate loss: -0.0122
                 Mean entropy loss: 42.6586
                       Mean reward: 1.45
               Mean episode length: 158.25
               Metrics/speed_ratio: 0.7776
       Metrics/drift_when_standing: 0.1990
          Metrics/upright_fraction: 0.1638
               Metrics/alternation: 0.7939
            Metrics/single_support: 0.7819
                    Metrics/facing: 0.8979
     Metrics/planted_when_standing: 0.4834
            Metrics/foot_clearance: 0.0734
                    Metrics/height: 0.2499
                 Metrics/fall_rate: 0.8235
   Metrics/standing_world_fraction: 0.8743
        Metrics/fall_rate_standing: 0.9404
          Metrics/fall_rate_moving: 0.0105
                  Metrics/tilt_deg: 65.3235
        Metrics/actuator_force_abs: 32.8402
        Metrics/actuator_force_max: 151.0462
               Metrics/action_cost: 0.7468
               Metrics/action_rate: 0.6100
           Metrics/joint_accel_abs: 73.8279
           Metrics/hinge_speed_max: 10.3747
       Metrics/over_speed_fraction: 0.0659
            Metrics/track_err_frac: 0.5149
        Metrics/track_within_10pct: 0.1412
           Metrics/overlift_factor: 0.7961
      Metrics/getup_world_fraction: 0.8262
        Metrics/getup_success_rate: 0.0000
          Metrics/getup_risen_rate: 0.0042
           Metrics/getup_time_mean: 0.0000
            Metrics/getup_progress: 0.0175
--------------------------------------------------------------------------------
                   Total timesteps: 2752512
                    Iteration time: 1.99s
                      Time elapsed: 00:00:54
                               ETA: 00:03:01

################################################################################
                      [1m Learning iteration 28/120 [0m                       

                       Computation: 49556 steps/s (collection: 1.477s, learning 0.506s)
             Mean action noise std: 1.00
          Mean value_function loss: 0.0280
               Mean surrogate loss: -0.0099
                 Mean entropy loss: 42.6494
                       Mean reward: 1.93
               Mean episode length: 185.89
               Metrics/speed_ratio: 0.7889
       Metrics/drift_when_standing: 0.1965
          Metrics/upright_fraction: 0.1611
               Metrics/alternation: 0.8084
            Metrics/single_support: 0.7830
                    Metrics/facing: 0.9013
     Metrics/planted_when_standing: 0.4872
            Metrics/foot_clearance: 0.0722
                    Metrics/height: 0.2468
                 Metrics/fall_rate: 0.8278
   Metrics/standing_world_fraction: 0.8760
        Metrics/fall_rate_standing: 0.9435
          Metrics/fall_rate_moving: 0.0104
                  Metrics/tilt_deg: 65.3873
        Metrics/actuator_force_abs: 32.8598
        Metrics/actuator_force_max: 151.0242
               Metrics/action_cost: 0.7463
               Metrics/action_rate: 0.6122
           Metrics/joint_accel_abs: 74.0758
           Metrics/hinge_speed_max: 10.3676
       Metrics/over_speed_fraction: 0.0661
            Metrics/track_err_frac: 0.5247
        Metrics/track_within_10pct: 0.1332
           Metrics/overlift_factor: 0.7827
      Metrics/getup_world_fraction: 0.8296
        Metrics/getup_success_rate: 0.0000
          Metrics/getup_risen_rate: 0.0026
           Metrics/getup_time_mean: 0.0000
            Metrics/getup_progress: 0.0166
--------------------------------------------------------------------------------
                   Total timesteps: 2850816
                    Iteration time: 1.98s
                      Time elapsed: 00:00:56
                               ETA: 00:02:59

################################################################################
                      [1m Learning iteration 29/120 [0m                       

                       Computation: 49374 steps/s (collection: 1.480s, learning 0.511s)
             Mean action noise std: 1.00
          Mean value_function loss: 0.0276
               Mean surrogate loss: -0.0113
                 Mean entropy loss: 42.6488
                       Mean reward: 1.90
               Mean episode length: 163.65
               Metrics/speed_ratio: 0.8188
       Metrics/drift_when_standing: 0.1959
          Metrics/upright_fraction: 0.1564
               Metrics/alternation: 0.8145
            Metrics/single_support: 0.7773
                    Metrics/facing: 0.9029
     Metrics/planted_when_standing: 0.4788
            Metrics/foot_clearance: 0.0730
                    Metrics/height: 0.2440
                 Metrics/fall_rate: 0.8318
   Metrics/standing_world_fraction: 0.8787
        Metrics/fall_rate_standing: 0.9451
          Metrics/fall_rate_moving: 0.0109
                  Metrics/tilt_deg: 65.6126
        Metrics/actuator_force_abs: 32.8480
        Metrics/actuator_force_max: 150.7570
               Metrics/action_cost: 0.7467
               Metrics/action_rate: 0.6113
           Metrics/joint_accel_abs: 73.9854
           Metrics/hinge_speed_max: 10.3461
       Metrics/over_speed_fraction: 0.0662
            Metrics/track_err_frac: 0.5363
        Metrics/track_within_10pct: 0.1322
           Metrics/overlift_factor: 0.7830
      Metrics/getup_world_fraction: 0.8343
        Metrics/getup_success_rate: 0.0000
          Metrics/getup_risen_rate: 0.0036
           Metrics/getup_time_mean: 0.0000
            Metrics/getup_progress: 0.0172
--------------------------------------------------------------------------------
                   Total timesteps: 2949120
                    Iteration time: 1.99s
                      Time elapsed: 00:00:58
                               ETA: 00:02:57

################################################################################
                      [1m Learning iteration 30/120 [0m                       

                       Computation: 49358 steps/s (collection: 1.484s, learning 0.508s)
             Mean action noise std: 1.00
          Mean value_function loss: 0.0265
               Mean surrogate loss: -0.0116
                 Mean entropy loss: 42.6488
                       Mean reward: 1.68
               Mean episode length: 154.03
               Metrics/speed_ratio: 0.8071
       Metrics/drift_when_standing: 0.1959
          Metrics/upright_fraction: 0.1524
               Metrics/alternation: 0.8025
            Metrics/single_support: 0.7804
                    Metrics/facing: 0.8909
     Metrics/planted_when_standing: 0.4744
            Metrics/foot_clearance: 0.0736
                    Metrics/height: 0.2416
                 Metrics/fall_rate: 0.8348
   Metrics/standing_world_fraction: 0.8799
        Metrics/fall_rate_standing: 0.9473
          Metrics/fall_rate_moving: 0.0108
                  Metrics/tilt_deg: 65.6998
        Metrics/actuator_force_abs: 32.8201
        Metrics/actuator_force_max: 150.5824
               Metrics/action_cost: 0.7472
               Metrics/action_rate: 0.6111
           Metrics/joint_accel_abs: 74.0946
           Metrics/hinge_speed_max: 10.4188
       Metrics/over_speed_fraction: 0.0668
            Metrics/track_err_frac: 0.5577
        Metrics/track_within_10pct: 0.1328
           Metrics/overlift_factor: 0.7756
      Metrics/getup_world_fraction: 0.8374
        Metrics/getup_success_rate: 0.0000
          Metrics/getup_risen_rate: 0.0033
           Metrics/getup_time_mean: 0.0000
            Metrics/getup_progress: 0.0170
--------------------------------------------------------------------------------
                   Total timesteps: 3047424
                    Iteration time: 1.99s
                      Time elapsed: 00:01:00
                               ETA: 00:02:55

################################################################################
                      [1m Learning iteration 31/120 [0m                       

                       Computation: 49499 steps/s (collection: 1.477s, learning 0.509s)
             Mean action noise std: 1.00
          Mean value_function loss: 0.0248
               Mean surrogate loss: -0.0113
                 Mean entropy loss: 42.6536
                       Mean reward: 1.89
               Mean episode length: 142.96
               Metrics/speed_ratio: 0.8034
       Metrics/drift_when_standing: 0.1942
          Metrics/upright_fraction: 0.1472
               Metrics/alternation: 0.8119
            Metrics/single_support: 0.7848
                    Metrics/facing: 0.8969
     Metrics/planted_when_standing: 0.4728
            Metrics/foot_clearance: 0.0726
                    Metrics/height: 0.2377
                 Metrics/fall_rate: 0.8402
   Metrics/standing_world_fraction: 0.8857
        Metrics/fall_rate_standing: 0.9471
          Metrics/fall_rate_moving: 0.0114
                  Metrics/tilt_deg: 65.9326
        Metrics/actuator_force_abs: 32.8265
        Metrics/actuator_force_max: 150.5062
               Metrics/action_cost: 0.7473
               Metrics/action_rate: 0.6095
           Metrics/joint_accel_abs: 74.0462
           Metrics/hinge_speed_max: 10.4409
       Metrics/over_speed_fraction: 0.0670
            Metrics/track_err_frac: 0.5533
        Metrics/track_within_10pct: 0.1347
           Metrics/overlift_factor: 0.7715
      Metrics/getup_world_fraction: 0.8417
        Metrics/getup_success_rate: 0.0000
          Metrics/getup_risen_rate: 0.0028
           Metrics/getup_time_mean: 0.0000
            Metrics/getup_progress: 0.0160
--------------------------------------------------------------------------------
                   Total timesteps: 3145728
                    Iteration time: 1.99s
                      Time elapsed: 00:01:02
                               ETA: 00:02:53

################################################################################
                      [1m Learning iteration 32/120 [0m                       

                       Computation: 49497 steps/s (collection: 1.478s, learning 0.508s)
             Mean action noise std: 1.00
          Mean value_function loss: 0.0229
               Mean surrogate loss: -0.0115
                 Mean entropy loss: 42.6489
                       Mean reward: 2.14
               Mean episode length: 171.74
               Metrics/speed_ratio: 0.7624
       Metrics/drift_when_standing: 0.1934
          Metrics/upright_fraction: 0.1420
               Metrics/alternation: 0.8089
            Metrics/single_support: 0.7895
                    Metrics/facing: 0.8966
     Metrics/planted_when_standing: 0.4680
            Metrics/foot_clearance: 0.0728
                    Metrics/height: 0.2335
                 Metrics/fall_rate: 0.8457
   Metrics/standing_world_fraction: 0.8891
        Metrics/fall_rate_standing: 0.9498
          Metrics/fall_rate_moving: 0.0110
                  Metrics/tilt_deg: 66.0095
        Metrics/actuator_force_abs: 32.8563
        Metrics/actuator_force_max: 150.3284
               Metrics/action_cost: 0.7472
               Metrics/action_rate: 0.6114
           Metrics/joint_accel_abs: 74.1686
           Metrics/hinge_speed_max: 10.4611
       Metrics/over_speed_fraction: 0.0668
            Metrics/track_err_frac: 0.5627
        Metrics/track_within_10pct: 0.1318
           Metrics/overlift_factor: 0.7762
      Metrics/getup_world_fraction: 0.8471
        Metrics/getup_success_rate: 0.0000
          Metrics/getup_risen_rate: 0.0026
           Metrics/getup_time_mean: 0.0000
            Metrics/getup_progress: 0.0163
--------------------------------------------------------------------------------
                   Total timesteps: 3244032
                    Iteration time: 1.99s
                      Time elapsed: 00:01:04
                               ETA: 00:02:52

################################################################################
                      [1m Learning iteration 33/120 [0m                       

                       Computation: 49493 steps/s (collection: 1.473s, learning 0.513s)
             Mean action noise std: 1.00
          Mean value_function loss: 0.0251
               Mean surrogate loss: -0.0121
                 Mean entropy loss: 42.6356
                       Mean reward: 1.99
               Mean episode length: 167.60
               Metrics/speed_ratio: 0.7865
       Metrics/drift_when_standing: 0.1930
          Metrics/upright_fraction: 0.1386
               Metrics/alternation: 0.8225
            Metrics/single_support: 0.7976
                    Metrics/facing: 0.9099
     Metrics/planted_when_standing: 0.4710
            Metrics/foot_clearance: 0.0725
                    Metrics/height: 0.2310
                 Metrics/fall_rate: 0.8498
   Metrics/standing_world_fraction: 0.8938
        Metrics/fall_rate_standing: 0.9495
          Metrics/fall_rate_moving: 0.0105
                  Metrics/tilt_deg: 66.0074
        Metrics/actuator_force_abs: 32.8687
        Metrics/actuator_force_max: 150.3270
               Metrics/action_cost: 0.7470
               Metrics/action_rate: 0.6105
           Metrics/joint_accel_abs: 74.1752
           Metrics/hinge_speed_max: 10.4220
       Metrics/over_speed_fraction: 0.0667
            Metrics/track_err_frac: 0.5283
        Metrics/track_within_10pct: 0.1369
           Metrics/overlift_factor: 0.7724
      Metrics/getup_world_fraction: 0.8515
        Metrics/getup_success_rate: 0.0000
          Metrics/getup_risen_rate: 0.0023
           Metrics/getup_time_mean: 0.0000
            Metrics/getup_progress: 0.0159
--------------------------------------------------------------------------------
                   Total timesteps: 3342336
                    Iteration time: 1.99s
                      Time elapsed: 00:01:06
                               ETA: 00:02:50

################################################################################
                      [1m Learning iteration 34/120 [0m                       

                       Computation: 49657 steps/s (collection: 1.471s, learning 0.509s)
             Mean action noise std: 1.00
          Mean value_function loss: 0.0249
               Mean surrogate loss: -0.0114
                 Mean entropy loss: 42.6411
                       Mean reward: 1.99
               Mean episode length: 163.82
               Metrics/speed_ratio: 0.8233
       Metrics/drift_when_standing: 0.1910
          Metrics/upright_fraction: 0.1365
               Metrics/alternation: 0.8384
            Metrics/single_support: 0.7802
                    Metrics/facing: 0.9031
     Metrics/planted_when_standing: 0.4651
            Metrics/foot_clearance: 0.0727
                    Metrics/height: 0.2285
                 Metrics/fall_rate: 0.8540
   Metrics/standing_world_fraction: 0.8980
        Metrics/fall_rate_standing: 0.9499
          Metrics/fall_rate_moving: 0.0096
                  Metrics/tilt_deg: 66.0546
        Metrics/actuator_force_abs: 32.8172
        Metrics/actuator_force_max: 150.0947
               Metrics/action_cost: 0.7477
               Metrics/action_rate: 0.6092
           Metrics/joint_accel_abs: 74.2585
           Metrics/hinge_speed_max: 10.4269
       Metrics/over_speed_fraction: 0.0670
            Metrics/track_err_frac: 0.5163
        Metrics/track_within_10pct: 0.1360
           Metrics/overlift_factor: 0.7618
      Metrics/getup_world_fraction: 0.8559
        Metrics/getup_success_rate: 0.0000
          Metrics/getup_risen_rate: 0.0025
           Metrics/getup_time_mean: 0.0000
            Metrics/getup_progress: 0.0164
--------------------------------------------------------------------------------
                   Total timesteps: 3440640
                    Iteration time: 1.98s
                      Time elapsed: 00:01:08
                               ETA: 00:02:48

################################################################################
                      [1m Learning iteration 35/120 [0m                       

                       Computation: 49299 steps/s (collection: 1.476s, learning 0.518s)
             Mean action noise std: 1.00
          Mean value_function loss: 0.0223
               Mean surrogate loss: -0.0122
                 Mean entropy loss: 42.6402
                       Mean reward: 2.49
               Mean episode length: 215.00
               Metrics/speed_ratio: 0.8079
       Metrics/drift_when_standing: 0.1904
          Metrics/upright_fraction: 0.1320
               Metrics/alternation: 0.8198
            Metrics/single_support: 0.7836
                    Metrics/facing: 0.8988
     Metrics/planted_when_standing: 0.4633
            Metrics/foot_clearance: 0.0723
                    Metrics/height: 0.2269
                 Metrics/fall_rate: 0.8575
   Metrics/standing_world_fraction: 0.9000
        Metrics/fall_rate_standing: 0.9517
          Metrics/fall_rate_moving: 0.0099
                  Metrics/tilt_deg: 66.0542
        Metrics/actuator_force_abs: 32.7728
        Metrics/actuator_force_max: 150.0960
               Metrics/action_cost: 0.7484
               Metrics/action_rate: 0.6079
           Metrics/joint_accel_abs: 74.0252
           Metrics/hinge_speed_max: 10.4103
       Metrics/over_speed_fraction: 0.0667
            Metrics/track_err_frac: 0.5418
        Metrics/track_within_10pct: 0.1328
           Metrics/overlift_factor: 0.7698
      Metrics/getup_world_fraction: 0.8589
        Metrics/getup_success_rate: 0.0000
          Metrics/getup_risen_rate: 0.0021
           Metrics/getup_time_mean: 0.0000
            Metrics/getup_progress: 0.0163
--------------------------------------------------------------------------------
                   Total timesteps: 3538944
                    Iteration time: 1.99s
                      Time elapsed: 00:01:10
                               ETA: 00:02:46

################################################################################
                      [1m Learning iteration 36/120 [0m                       

                       Computation: 49539 steps/s (collection: 1.476s, learning 0.508s)
             Mean action noise std: 1.00
          Mean value_function loss: 0.0254
               Mean surrogate loss: -0.0123
                 Mean entropy loss: 42.6331
                       Mean reward: 2.32
               Mean episode length: 211.03
               Metrics/speed_ratio: 0.8213
       Metrics/drift_when_standing: 0.1870
          Metrics/upright_fraction: 0.1320
               Metrics/alternation: 0.8093
            Metrics/single_support: 0.7987
                    Metrics/facing: 0.9037
     Metrics/planted_when_standing: 0.4600
            Metrics/foot_clearance: 0.0728
                    Metrics/height: 0.2257
                 Metrics/fall_rate: 0.8591
   Metrics/standing_world_fraction: 0.9013
        Metrics/fall_rate_standing: 0.9521
          Metrics/fall_rate_moving: 0.0103
                  Metrics/tilt_deg: 65.8558
        Metrics/actuator_force_abs: 32.7396
        Metrics/actuator_force_max: 149.8358
               Metrics/action_cost: 0.7485
               Metrics/action_rate: 0.6081
           Metrics/joint_accel_abs: 74.1190
           Metrics/hinge_speed_max: 10.3708
       Metrics/over_speed_fraction: 0.0657
            Metrics/track_err_frac: 0.5374
        Metrics/track_within_10pct: 0.1373
           Metrics/overlift_factor: 0.7727
      Metrics/getup_world_fraction: 0.8601
        Metrics/getup_success_rate: 0.0000
          Metrics/getup_risen_rate: 0.0020
           Metrics/getup_time_mean: 0.0000
            Metrics/getup_progress: 0.0157
--------------------------------------------------------------------------------
                   Total timesteps: 3637248
                    Iteration time: 1.98s
                      Time elapsed: 00:01:12
                               ETA: 00:02:44

################################################################################
                      [1m Learning iteration 37/120 [0m                       

                       Computation: 49367 steps/s (collection: 1.472s, learning 0.520s)
             Mean action noise std: 1.00
          Mean value_function loss: 0.0240
               Mean surrogate loss: -0.0115
                 Mean entropy loss: 42.6283
                       Mean reward: 2.70
               Mean episode length: 231.00
               Metrics/speed_ratio: 0.8487
       Metrics/drift_when_standing: 0.1877
          Metrics/upright_fraction: 0.1298
               Metrics/alternation: 0.8286
            Metrics/single_support: 0.7880
                    Metrics/facing: 0.9082
     Metrics/planted_when_standing: 0.4563
            Metrics/foot_clearance: 0.0725
                    Metrics/height: 0.2236
                 Metrics/fall_rate: 0.8602
   Metrics/standing_world_fraction: 0.9021
        Metrics/fall_rate_standing: 0.9526
          Metrics/fall_rate_moving: 0.0087
                  Metrics/tilt_deg: 65.6900
        Metrics/actuator_force_abs: 32.7094
        Metrics/actuator_force_max: 149.6941
               Metrics/action_cost: 0.7491
               Metrics/action_rate: 0.6056
           Metrics/joint_accel_abs: 74.0416
           Metrics/hinge_speed_max: 10.3723
       Metrics/over_speed_fraction: 0.0661
            Metrics/track_err_frac: 0.5157
        Metrics/track_within_10pct: 0.1375
           Metrics/overlift_factor: 0.7524
      Metrics/getup_world_fraction: 0.8609
        Metrics/getup_success_rate: 0.0000
          Metrics/getup_risen_rate: 0.0013
           Metrics/getup_time_mean: 0.0000
            Metrics/getup_progress: 0.0150
--------------------------------------------------------------------------------
                   Total timesteps: 3735552
                    Iteration time: 1.99s
                      Time elapsed: 00:01:14
                               ETA: 00:02:42

################################################################################
                      [1m Learning iteration 38/120 [0m                       

                       Computation: 49319 steps/s (collection: 1.482s, learning 0.511s)
             Mean action noise std: 1.00
          Mean value_function loss: 0.0231
               Mean surrogate loss: -0.0114
                 Mean entropy loss: 42.6306
                       Mean reward: 2.60
               Mean episode length: 229.34
               Metrics/speed_ratio: 0.8323
       Metrics/drift_when_standing: 0.1839
          Metrics/upright_fraction: 0.1288
               Metrics/alternation: 0.8259
            Metrics/single_support: 0.8001
                    Metrics/facing: 0.9167
     Metrics/planted_when_standing: 0.4562
            Metrics/foot_clearance: 0.0721
                    Metrics/height: 0.2222
                 Metrics/fall_rate: 0.8623
   Metrics/standing_world_fraction: 0.9015
        Metrics/fall_rate_standing: 0.9557
          Metrics/fall_rate_moving: 0.0080
                  Metrics/tilt_deg: 65.4940
        Metrics/actuator_force_abs: 32.6188
        Metrics/actuator_force_max: 149.6565
               Metrics/action_cost: 0.7499
               Metrics/action_rate: 0.6048
           Metrics/joint_accel_abs: 73.9121
           Metrics/hinge_speed_max: 10.3452
       Metrics/over_speed_fraction: 0.0649
            Metrics/track_err_frac: 0.5162
        Metrics/track_within_10pct: 0.1318
           Metrics/overlift_factor: 0.7529
      Metrics/getup_world_fraction: 0.8624
        Metrics/getup_success_rate: 0.0000
          Metrics/getup_risen_rate: 0.0011
           Metrics/getup_time_mean: 0.0000
            Metrics/getup_progress: 0.0141
--------------------------------------------------------------------------------
                   Total timesteps: 3833856
                    Iteration time: 1.99s
                      Time elapsed: 00:01:16
                               ETA: 00:02:40

################################################################################
                      [1m Learning iteration 39/120 [0m                       

                       Computation: 49411 steps/s (collection: 1.474s, learning 0.515s)
             Mean action noise std: 1.00
          Mean value_function loss: 0.0254
               Mean surrogate loss: -0.0109
                 Mean entropy loss: 42.6301
                       Mean reward: 3.10
               Mean episode length: 209.94
               Metrics/speed_ratio: 0.8194
       Metrics/drift_when_standing: 0.1801
          Metrics/upright_fraction: 0.1262
               Metrics/alternation: 0.8528
            Metrics/single_support: 0.8009
                    Metrics/facing: 0.9213
     Metrics/planted_when_standing: 0.4602
            Metrics/foot_clearance: 0.0701
                    Metrics/height: 0.2192
                 Metrics/fall_rate: 0.8650
   Metrics/standing_world_fraction: 0.9025
        Metrics/fall_rate_standing: 0.9575
          Metrics/fall_rate_moving: 0.0087
                  Metrics/tilt_deg: 65.5314
        Metrics/actuator_force_abs: 32.5846
        Metrics/actuator_force_max: 149.4196
               Metrics/action_cost: 0.7495
               Metrics/action_rate: 0.6065
           Metrics/joint_accel_abs: 74.0215
           Metrics/hinge_speed_max: 10.3286
       Metrics/over_speed_fraction: 0.0653
            Metrics/track_err_frac: 0.5427
        Metrics/track_within_10pct: 0.1299
           Metrics/overlift_factor: 0.7550
      Metrics/getup_world_fraction: 0.8650
        Metrics/getup_success_rate: 0.0000
          Metrics/getup_risen_rate: 0.0009
           Metrics/getup_time_mean: 0.0000
            Metrics/getup_progress: 0.0138
--------------------------------------------------------------------------------
                   Total timesteps: 3932160
                    Iteration time: 1.99s
                      Time elapsed: 00:01:18
                               ETA: 00:02:38

################################################################################
                      [1m Learning iteration 40/120 [0m                       

                       Computation: 49147 steps/s (collection: 1.482s, learning 0.518s)
             Mean action noise std: 1.00
          Mean value_function loss: 0.0234
               Mean surrogate loss: -0.0101
                 Mean entropy loss: 42.6322
                       Mean reward: 2.97
               Mean episode length: 251.13
               Metrics/speed_ratio: 0.8145
       Metrics/drift_when_standing: 0.1815
          Metrics/upright_fraction: 0.1227
               Metrics/alternation: 0.8447
            Metrics/single_support: 0.7910
                    Metrics/facing: 0.9119
     Metrics/planted_when_standing: 0.4552
            Metrics/foot_clearance: 0.0705
                    Metrics/height: 0.2182
                 Metrics/fall_rate: 0.8677
   Metrics/standing_world_fraction: 0.9049
        Metrics/fall_rate_standing: 0.9578
          Metrics/fall_rate_moving: 0.0100
                  Metrics/tilt_deg: 65.4866
        Metrics/actuator_force_abs: 32.4906
        Metrics/actuator_force_max: 148.8426
               Metrics/action_cost: 0.7503
               Metrics/action_rate: 0.6041
           Metrics/joint_accel_abs: 73.7765
           Metrics/hinge_speed_max: 10.2936
       Metrics/over_speed_fraction: 0.0647
            Metrics/track_err_frac: 0.5258
        Metrics/track_within_10pct: 0.1465
           Metrics/overlift_factor: 0.7474
      Metrics/getup_world_fraction: 0.8682
        Metrics/getup_success_rate: 0.0000
          Metrics/getup_risen_rate: 0.0014
           Metrics/getup_time_mean: 0.0000
            Metrics/getup_progress: 0.0141
--------------------------------------------------------------------------------
                   Total timesteps: 4030464
                    Iteration time: 2.00s
                      Time elapsed: 00:01:20
                               ETA: 00:02:36

################################################################################
                      [1m Learning iteration 41/120 [0m                       

                       Computation: 48992 steps/s (collection: 1.493s, learning 0.513s)
             Mean action noise std: 1.00
          Mean value_function loss: 0.0229
               Mean surrogate loss: -0.0120
                 Mean entropy loss: 42.6443
                       Mean reward: 2.73
               Mean episode length: 235.52
               Metrics/speed_ratio: 0.8394
       Metrics/drift_when_standing: 0.1808
          Metrics/upright_fraction: 0.1236
               Metrics/alternation: 0.8292
            Metrics/single_support: 0.7996
                    Metrics/facing: 0.9220
     Metrics/planted_when_standing: 0.4549
            Metrics/foot_clearance: 0.0702
                    Metrics/height: 0.2180
                 Metrics/fall_rate: 0.8675
   Metrics/standing_world_fraction: 0.9060
        Metrics/fall_rate_standing: 0.9567
          Metrics/fall_rate_moving: 0.0082
                  Metrics/tilt_deg: 65.2358
        Metrics/actuator_force_abs: 32.4976
        Metrics/actuator_force_max: 148.8933
               Metrics/action_cost: 0.7511
               Metrics/action_rate: 0.6031
           Metrics/joint_accel_abs: 73.7352
           Metrics/hinge_speed_max: 10.3105
       Metrics/over_speed_fraction: 0.0650
            Metrics/track_err_frac: 0.4952
        Metrics/track_within_10pct: 0.1411
           Metrics/overlift_factor: 0.7562
      Metrics/getup_world_fraction: 0.8688
        Metrics/getup_success_rate: 0.0000
          Metrics/getup_risen_rate: 0.0012
           Metrics/getup_time_mean: 0.0000
            Metrics/getup_progress: 0.0153
--------------------------------------------------------------------------------
                   Total timesteps: 4128768
                    Iteration time: 2.01s
                      Time elapsed: 00:01:22
                               ETA: 00:02:35

################################################################################
                      [1m Learning iteration 42/120 [0m                       

                       Computation: 49177 steps/s (collection: 1.480s, learning 0.519s)
             Mean action noise std: 1.00
          Mean value_function loss: 0.0275
               Mean surrogate loss: -0.0111
                 Mean entropy loss: 42.6527
                       Mean reward: 3.90
               Mean episode length: 526.38
               Metrics/speed_ratio: 0.8260
       Metrics/drift_when_standing: 0.1816
          Metrics/upright_fraction: 0.1232
               Metrics/alternation: 0.8376
            Metrics/single_support: 0.8019
                    Metrics/facing: 0.9228
     Metrics/planted_when_standing: 0.4613
            Metrics/foot_clearance: 0.0687
                    Metrics/height: 0.2177
                 Metrics/fall_rate: 0.8681
   Metrics/standing_world_fraction: 0.9061
        Metrics/fall_rate_standing: 0.9572
          Metrics/fall_rate_moving: 0.0079
                  Metrics/tilt_deg: 65.0575
        Metrics/actuator_force_abs: 32.4323
        Metrics/actuator_force_max: 148.8694
               Metrics/action_cost: 0.7519
               Metrics/action_rate: 0.6010
           Metrics/joint_accel_abs: 73.6436
           Metrics/hinge_speed_max: 10.2508
       Metrics/over_speed_fraction: 0.0644
            Metrics/track_err_frac: 0.4827
        Metrics/track_within_10pct: 0.1425
           Metrics/overlift_factor: 0.7673
      Metrics/getup_world_fraction: 0.8688
        Metrics/getup_success_rate: 0.0000
          Metrics/getup_risen_rate: 0.0013
           Metrics/getup_time_mean: 0.0000
            Metrics/getup_progress: 0.0150
--------------------------------------------------------------------------------
                   Total timesteps: 4227072
                    Iteration time: 2.00s
                      Time elapsed: 00:01:24
                               ETA: 00:02:33

################################################################################
                      [1m Learning iteration 43/120 [0m                       

                       Computation: 49061 steps/s (collection: 1.477s, learning 0.527s)
             Mean action noise std: 1.00
          Mean value_function loss: 0.0234
               Mean surrogate loss: -0.0113
                 Mean entropy loss: 42.6522
                       Mean reward: 4.62
               Mean episode length: 687.14
               Metrics/speed_ratio: 0.7585
       Metrics/drift_when_standing: 0.1867
          Metrics/upright_fraction: 0.1440
               Metrics/alternation: 0.7570
            Metrics/single_support: 0.7708
                    Metrics/facing: 0.9297
     Metrics/planted_when_standing: 0.4568
            Metrics/foot_clearance: 0.0710
                    Metrics/height: 0.2357
                 Metrics/fall_rate: 0.8469
   Metrics/standing_world_fraction: 0.8901
        Metrics/fall_rate_standing: 0.9506
          Metrics/fall_rate_moving: 0.0072
                  Metrics/tilt_deg: 63.5088
        Metrics/actuator_force_abs: 32.3945
        Metrics/actuator_force_max: 148.5154
               Metrics/action_cost: 0.7533
               Metrics/action_rate: 0.5993
           Metrics/joint_accel_abs: 73.6134
           Metrics/hinge_speed_max: 10.3032
       Metrics/over_speed_fraction: 0.0649
            Metrics/track_err_frac: 0.5168
        Metrics/track_within_10pct: 0.1273
           Metrics/overlift_factor: 0.7752
      Metrics/getup_world_fraction: 0.8490
        Metrics/getup_success_rate: 0.0000
          Metrics/getup_risen_rate: 0.0024
           Metrics/getup_time_mean: 0.0000
            Metrics/getup_progress: 0.0165
--------------------------------------------------------------------------------
                   Total timesteps: 4325376
                    Iteration time: 2.00s
                      Time elapsed: 00:01:26
                               ETA: 00:02:31

################################################################################
                      [1m Learning iteration 44/120 [0m                       

                       Computation: 49723 steps/s (collection: 1.467s, learning 0.510s)
             Mean action noise std: 1.00
          Mean value_function loss: 0.0360
               Mean surrogate loss: -0.0093
                 Mean entropy loss: 42.6361
                       Mean reward: 4.63
               Mean episode length: 708.49
               Metrics/speed_ratio: 0.7286
       Metrics/drift_when_standing: 0.1910
          Metrics/upright_fraction: 0.1824
               Metrics/alternation: 0.7329
            Metrics/single_support: 0.7946
                    Metrics/facing: 0.9435
     Metrics/planted_when_standing: 0.4620
            Metrics/foot_clearance: 0.0741
                    Metrics/height: 0.2659
                 Metrics/fall_rate: 0.8096
   Metrics/standing_world_fraction: 0.8628
        Metrics/fall_rate_standing: 0.9374
          Metrics/fall_rate_moving: 0.0058
                  Metrics/tilt_deg: 60.9336
        Metrics/actuator_force_abs: 32.3933
        Metrics/actuator_force_max: 148.6385
               Metrics/action_cost: 0.7548
               Metrics/action_rate: 0.5951
           Metrics/joint_accel_abs: 73.5633
           Metrics/hinge_speed_max: 10.3570
       Metrics/over_speed_fraction: 0.0652
            Metrics/track_err_frac: 0.5056
        Metrics/track_within_10pct: 0.1269
           Metrics/overlift_factor: 0.7938
      Metrics/getup_world_fraction: 0.8130
        Metrics/getup_success_rate: 0.0000
          Metrics/getup_risen_rate: 0.0029
           Metrics/getup_time_mean: 0.0000
            Metrics/getup_progress: 0.0187
--------------------------------------------------------------------------------
                   Total timesteps: 4423680
                    Iteration time: 1.98s
                      Time elapsed: 00:01:28
                               ETA: 00:02:29

################################################################################
                      [1m Learning iteration 45/120 [0m                       

                       Computation: 49468 steps/s (collection: 1.469s, learning 0.518s)
             Mean action noise std: 1.00
          Mean value_function loss: 0.0503
               Mean surrogate loss: -0.0087
                 Mean entropy loss: 42.6149
                       Mean reward: 4.24
               Mean episode length: 659.56
               Metrics/speed_ratio: 0.7278
       Metrics/drift_when_standing: 0.1942
          Metrics/upright_fraction: 0.2226
               Metrics/alternation: 0.7871
            Metrics/single_support: 0.8044
                    Metrics/facing: 0.9425
     Metrics/planted_when_standing: 0.4656
            Metrics/foot_clearance: 0.0775
                    Metrics/height: 0.2965
                 Metrics/fall_rate: 0.7686
   Metrics/standing_world_fraction: 0.8343
        Metrics/fall_rate_standing: 0.9204
          Metrics/fall_rate_moving: 0.0039
                  Metrics/tilt_deg: 58.5550
        Metrics/actuator_force_abs: 32.3989
        Metrics/actuator_force_max: 149.0268
               Metrics/action_cost: 0.7563
               Metrics/action_rate: 0.5901
           Metrics/joint_accel_abs: 73.4794
           Metrics/hinge_speed_max: 10.4542
       Metrics/over_speed_fraction: 0.0663
            Metrics/track_err_frac: 0.4739
        Metrics/track_within_10pct: 0.1389
           Metrics/overlift_factor: 0.7778
      Metrics/getup_world_fraction: 0.7748
        Metrics/getup_success_rate: 0.0000
          Metrics/getup_risen_rate: 0.0064
           Metrics/getup_time_mean: 0.0000
            Metrics/getup_progress: 0.0210
--------------------------------------------------------------------------------
                   Total timesteps: 4521984
                    Iteration time: 1.99s
                      Time elapsed: 00:01:30
                               ETA: 00:02:27

################################################################################
                      [1m Learning iteration 46/120 [0m                       

                       Computation: 49644 steps/s (collection: 1.459s, learning 0.521s)
             Mean action noise std: 1.00
          Mean value_function loss: 0.0519
               Mean surrogate loss: -0.0102
                 Mean entropy loss: 42.6100
                       Mean reward: 4.47
               Mean episode length: 688.29
               Metrics/speed_ratio: 0.7647
       Metrics/drift_when_standing: 0.1949
          Metrics/upright_fraction: 0.2540
               Metrics/alternation: 0.8107
            Metrics/single_support: 0.8093
                    Metrics/facing: 0.9375
     Metrics/planted_when_standing: 0.4584
            Metrics/foot_clearance: 0.0806
                    Metrics/height: 0.3210
                 Metrics/fall_rate: 0.7348
   Metrics/standing_world_fraction: 0.8091
        Metrics/fall_rate_standing: 0.9069
          Metrics/fall_rate_moving: 0.0051
                  Metrics/tilt_deg: 56.6298
        Metrics/actuator_force_abs: 32.4330
        Metrics/actuator_force_max: 149.6809
               Metrics/action_cost: 0.7583
               Metrics/action_rate: 0.5839
           Metrics/joint_accel_abs: 73.3287
           Metrics/hinge_speed_max: 10.5359
       Metrics/over_speed_fraction: 0.0669
            Metrics/track_err_frac: 0.4695
        Metrics/track_within_10pct: 0.1374
           Metrics/overlift_factor: 0.7731
      Metrics/getup_world_fraction: 0.7398
        Metrics/getup_success_rate: 0.0000
          Metrics/getup_risen_rate: 0.0065
           Metrics/getup_time_mean: 0.0000
            Metrics/getup_progress: 0.0207
--------------------------------------------------------------------------------
                   Total timesteps: 4620288
                    Iteration time: 1.98s
                      Time elapsed: 00:01:32
                               ETA: 00:02:25

################################################################################
                      [1m Learning iteration 47/120 [0m                       

                       Computation: 49920 steps/s (collection: 1.456s, learning 0.513s)
             Mean action noise std: 1.00
          Mean value_function loss: 0.0561
               Mean surrogate loss: -0.0091
                 Mean entropy loss: 42.5888
                       Mean reward: 3.67
               Mean episode length: 425.07
               Metrics/speed_ratio: 0.7644
       Metrics/drift_when_standing: 0.1995
          Metrics/upright_fraction: 0.2797
               Metrics/alternation: 0.8172
            Metrics/single_support: 0.8026
                    Metrics/facing: 0.9283
     Metrics/planted_when_standing: 0.4566
            Metrics/foot_clearance: 0.0848
                    Metrics/height: 0.3439
                 Metrics/fall_rate: 0.7037
   Metrics/standing_world_fraction: 0.7861
        Metrics/fall_rate_standing: 0.8934
          Metrics/fall_rate_moving: 0.0063
                  Metrics/tilt_deg: 55.0316
        Metrics/actuator_force_abs: 32.4206
        Metrics/actuator_force_max: 149.7929
               Metrics/action_cost: 0.7595
               Metrics/action_rate: 0.5801
           Metrics/joint_accel_abs: 73.2024
           Metrics/hinge_speed_max: 10.6199
       Metrics/over_speed_fraction: 0.0672
            Metrics/track_err_frac: 0.4852
        Metrics/track_within_10pct: 0.1386
           Metrics/overlift_factor: 0.7625
      Metrics/getup_world_fraction: 0.7084
        Metrics/getup_success_rate: 0.0000
          Metrics/getup_risen_rate: 0.0058
           Metrics/getup_time_mean: 0.0000
            Metrics/getup_progress: 0.0213
--------------------------------------------------------------------------------
                   Total timesteps: 4718592
                    Iteration time: 1.97s
                      Time elapsed: 00:01:34
                               ETA: 00:02:23

################################################################################
                      [1m Learning iteration 48/120 [0m                       

                       Computation: 49643 steps/s (collection: 1.463s, learning 0.518s)
             Mean action noise std: 1.00
          Mean value_function loss: 0.0667
               Mean surrogate loss: -0.0110
                 Mean entropy loss: 42.5701
                       Mean reward: 4.08
               Mean episode length: 535.88
               Metrics/speed_ratio: 0.7480
       Metrics/drift_when_standing: 0.2056
          Metrics/upright_fraction: 0.3041
               Metrics/alternation: 0.8282
            Metrics/single_support: 0.8088
                    Metrics/facing: 0.9303
     Metrics/planted_when_standing: 0.4528
            Metrics/foot_clearance: 0.0885
                    Metrics/height: 0.3620
                 Metrics/fall_rate: 0.6815
   Metrics/standing_world_fraction: 0.7719
        Metrics/fall_rate_standing: 0.8810
          Metrics/fall_rate_moving: 0.0062
                  Metrics/tilt_deg: 53.6804
        Metrics/actuator_force_abs: 32.4210
        Metrics/actuator_force_max: 150.0384
               Metrics/action_cost: 0.7609
               Metrics/action_rate: 0.5765
           Metrics/joint_accel_abs: 73.1795
           Metrics/hinge_speed_max: 10.7036
       Metrics/over_speed_fraction: 0.0683
            Metrics/track_err_frac: 0.4854
        Metrics/track_within_10pct: 0.1342
           Metrics/overlift_factor: 0.7503
      Metrics/getup_world_fraction: 0.6858
        Metrics/getup_success_rate: 0.0000
          Metrics/getup_risen_rate: 0.0067
           Metrics/getup_time_mean: 0.0000
            Metrics/getup_progress: 0.0219
--------------------------------------------------------------------------------
                   Total timesteps: 4816896
                    Iteration time: 1.98s
                      Time elapsed: 00:01:36
                               ETA: 00:02:21

################################################################################
                      [1m Learning iteration 49/120 [0m                       

                       Computation: 49966 steps/s (collection: 1.452s, learning 0.516s)
             Mean action noise std: 1.00
          Mean value_function loss: 0.0671
               Mean surrogate loss: -0.0102
                 Mean entropy loss: 42.5490
                       Mean reward: 3.63
               Mean episode length: 447.16
               Metrics/speed_ratio: 0.7399
       Metrics/drift_when_standing: 0.2046
          Metrics/upright_fraction: 0.3234
               Metrics/alternation: 0.8295
            Metrics/single_support: 0.8066
                    Metrics/facing: 0.9316
     Metrics/planted_when_standing: 0.4560
            Metrics/foot_clearance: 0.0895
                    Metrics/height: 0.3776
                 Metrics/fall_rate: 0.6584
   Metrics/standing_world_fraction: 0.7528
        Metrics/fall_rate_standing: 0.8725
          Metrics/fall_rate_moving: 0.0061
                  Metrics/tilt_deg: 52.4299
        Metrics/actuator_force_abs: 32.3871
        Metrics/actuator_force_max: 150.4433
               Metrics/action_cost: 0.7616
               Metrics/action_rate: 0.5722
           Metrics/joint_accel_abs: 72.8516
           Metrics/hinge_speed_max: 10.6808
       Metrics/over_speed_fraction: 0.0678
            Metrics/track_err_frac: 0.4927
        Metrics/track_within_10pct: 0.1324
           Metrics/overlift_factor: 0.7511
      Metrics/getup_world_fraction: 0.6617
        Metrics/getup_success_rate: 0.0000
          Metrics/getup_risen_rate: 0.0063
           Metrics/getup_time_mean: 0.0000
            Metrics/getup_progress: 0.0206
--------------------------------------------------------------------------------
                   Total timesteps: 4915200
                    Iteration time: 1.97s
                      Time elapsed: 00:01:38
                               ETA: 00:02:19

################################################################################
                      [1m Learning iteration 50/120 [0m                       

                       Computation: 50131 steps/s (collection: 1.445s, learning 0.516s)
             Mean action noise std: 1.00
          Mean value_function loss: 0.0715
               Mean surrogate loss: -0.0092
                 Mean entropy loss: 42.5329
                       Mean reward: 4.02
               Mean episode length: 453.22
               Metrics/speed_ratio: 0.7457
       Metrics/drift_when_standing: 0.2054
          Metrics/upright_fraction: 0.3382
               Metrics/alternation: 0.8409
            Metrics/single_support: 0.8108
                    Metrics/facing: 0.9337
     Metrics/planted_when_standing: 0.4612
            Metrics/foot_clearance: 0.0907
                    Metrics/height: 0.3888
                 Metrics/fall_rate: 0.6422
   Metrics/standing_world_fraction: 0.7387
        Metrics/fall_rate_standing: 0.8672
          Metrics/fall_rate_moving: 0.0064
                  Metrics/tilt_deg: 51.4391
        Metrics/actuator_force_abs: 32.3686
        Metrics/actuator_force_max: 150.3607
               Metrics/action_cost: 0.7627
               Metrics/action_rate: 0.5710
           Metrics/joint_accel_abs: 72.8551
           Metrics/hinge_speed_max: 10.6917
       Metrics/over_speed_fraction: 0.0682
            Metrics/track_err_frac: 0.4934
        Metrics/track_within_10pct: 0.1333
           Metrics/overlift_factor: 0.7452
      Metrics/getup_world_fraction: 0.6446
        Metrics/getup_success_rate: 0.0000
          Metrics/getup_risen_rate: 0.0049
           Metrics/getup_time_mean: 0.0000
            Metrics/getup_progress: 0.0200
--------------------------------------------------------------------------------
                   Total timesteps: 5013504
                    Iteration time: 1.96s
                      Time elapsed: 00:01:40
                               ETA: 00:02:17

################################################################################
                      [1m Learning iteration 51/120 [0m                       

                       Computation: 50256 steps/s (collection: 1.439s, learning 0.517s)
             Mean action noise std: 1.00
          Mean value_function loss: 0.0733
               Mean surrogate loss: -0.0102
                 Mean entropy loss: 42.5197
                       Mean reward: 4.05
               Mean episode length: 497.01
               Metrics/speed_ratio: 0.7667
       Metrics/drift_when_standing: 0.2090
          Metrics/upright_fraction: 0.3543
               Metrics/alternation: 0.8577
            Metrics/single_support: 0.8157
                    Metrics/facing: 0.9397
     Metrics/planted_when_standing: 0.4632
            Metrics/foot_clearance: 0.0937
                    Metrics/height: 0.4020
                 Metrics/fall_rate: 0.6261
   Metrics/standing_world_fraction: 0.7296
        Metrics/fall_rate_standing: 0.8560
          Metrics/fall_rate_moving: 0.0060
                  Metrics/tilt_deg: 50.5175
        Metrics/actuator_force_abs: 32.3241
        Metrics/actuator_force_max: 150.2516
               Metrics/action_cost: 0.7636
               Metrics/action_rate: 0.5679
           Metrics/joint_accel_abs: 72.7002
           Metrics/hinge_speed_max: 10.7457
       Metrics/over_speed_fraction: 0.0683
            Metrics/track_err_frac: 0.4898
        Metrics/track_within_10pct: 0.1357
           Metrics/overlift_factor: 0.7281
      Metrics/getup_world_fraction: 0.6292
        Metrics/getup_success_rate: 0.0000
          Metrics/getup_risen_rate: 0.0057
           Metrics/getup_time_mean: 0.0000
            Metrics/getup_progress: 0.0218
--------------------------------------------------------------------------------
                   Total timesteps: 5111808
                    Iteration time: 1.96s
                      Time elapsed: 00:01:42
                               ETA: 00:02:15

################################################################################
                      [1m Learning iteration 52/120 [0m                       

                       Computation: 50525 steps/s (collection: 1.434s, learning 0.512s)
             Mean action noise std: 1.00
          Mean value_function loss: 0.0784
               Mean surrogate loss: -0.0067
                 Mean entropy loss: 42.4964
                       Mean reward: 4.37
               Mean episode length: 446.79
               Metrics/speed_ratio: 0.7686
       Metrics/drift_when_standing: 0.2103
          Metrics/upright_fraction: 0.3722
               Metrics/alternation: 0.8600
            Metrics/single_support: 0.8250
                    Metrics/facing: 0.9418
     Metrics/planted_when_standing: 0.4659
            Metrics/foot_clearance: 0.0947
                    Metrics/height: 0.4144
                 Metrics/fall_rate: 0.6100
   Metrics/standing_world_fraction: 0.7192
        Metrics/fall_rate_standing: 0.8460
          Metrics/fall_rate_moving: 0.0057
                  Metrics/tilt_deg: 49.3023
        Metrics/actuator_force_abs: 32.3055
        Metrics/actuator_force_max: 150.4372
               Metrics/action_cost: 0.7640
               Metrics/action_rate: 0.5666
           Metrics/joint_accel_abs: 72.5301
           Metrics/hinge_speed_max: 10.7540
       Metrics/over_speed_fraction: 0.0682
            Metrics/track_err_frac: 0.4867
        Metrics/track_within_10pct: 0.1340
           Metrics/overlift_factor: 0.7269
      Metrics/getup_world_fraction: 0.6144
        Metrics/getup_success_rate: 0.0000
          Metrics/getup_risen_rate: 0.0071
           Metrics/getup_time_mean: 0.0000
            Metrics/getup_progress: 0.0224
--------------------------------------------------------------------------------
                   Total timesteps: 5210112
                    Iteration time: 1.95s
                      Time elapsed: 00:01:44
                               ETA: 00:02:13

################################################################################
                      [1m Learning iteration 53/120 [0m                       

                       Computation: 50031 steps/s (collection: 1.439s, learning 0.526s)
             Mean action noise std: 1.00
          Mean value_function loss: 0.0763
               Mean surrogate loss: -0.0096
                 Mean entropy loss: 42.4888
                       Mean reward: 4.05
               Mean episode length: 377.99
               Metrics/speed_ratio: 0.7637
       Metrics/drift_when_standing: 0.2136
          Metrics/upright_fraction: 0.3862
               Metrics/alternation: 0.8718
            Metrics/single_support: 0.8219
                    Metrics/facing: 0.9429
     Metrics/planted_when_standing: 0.4615
            Metrics/foot_clearance: 0.0957
                    Metrics/height: 0.4254
                 Metrics/fall_rate: 0.5943
   Metrics/standing_world_fraction: 0.7113
        Metrics/fall_rate_standing: 0.8331
          Metrics/fall_rate_moving: 0.0060
                  Metrics/tilt_deg: 48.3057
        Metrics/actuator_force_abs: 32.2936
        Metrics/actuator_force_max: 150.5967
               Metrics/action_cost: 0.7644
               Metrics/action_rate: 0.5649
           Metrics/joint_accel_abs: 72.4560
           Metrics/hinge_speed_max: 10.7413
       Metrics/over_speed_fraction: 0.0683
            Metrics/track_err_frac: 0.4911
        Metrics/track_within_10pct: 0.1374
           Metrics/overlift_factor: 0.7243
      Metrics/getup_world_fraction: 0.5986
        Metrics/getup_success_rate: 0.0000
          Metrics/getup_risen_rate: 0.0076
           Metrics/getup_time_mean: 0.0000
            Metrics/getup_progress: 0.0234
--------------------------------------------------------------------------------
                   Total timesteps: 5308416
                    Iteration time: 1.96s
                      Time elapsed: 00:01:46
                               ETA: 00:02:11

################################################################################
                      [1m Learning iteration 54/120 [0m                       

                       Computation: 50511 steps/s (collection: 1.430s, learning 0.516s)
             Mean action noise std: 1.00
          Mean value_function loss: 0.0855
               Mean surrogate loss: -0.0088
                 Mean entropy loss: 42.4868
                       Mean reward: 4.66
               Mean episode length: 505.14
               Metrics/speed_ratio: 0.7635
       Metrics/drift_when_standing: 0.2166
          Metrics/upright_fraction: 0.4012
               Metrics/alternation: 0.8667
            Metrics/single_support: 0.8184
                    Metrics/facing: 0.9425
     Metrics/planted_when_standing: 0.4700
            Metrics/foot_clearance: 0.0975
                    Metrics/height: 0.4365
                 Metrics/fall_rate: 0.5787
   Metrics/standing_world_fraction: 0.6994
        Metrics/fall_rate_standing: 0.8253
          Metrics/fall_rate_moving: 0.0049
                  Metrics/tilt_deg: 47.4492
        Metrics/actuator_force_abs: 32.2990
        Metrics/actuator_force_max: 150.8398
               Metrics/action_cost: 0.7652
               Metrics/action_rate: 0.5624
           Metrics/joint_accel_abs: 72.4040
           Metrics/hinge_speed_max: 10.7661
       Metrics/over_speed_fraction: 0.0683
            Metrics/track_err_frac: 0.4902
        Metrics/track_within_10pct: 0.1371
           Metrics/overlift_factor: 0.7206
      Metrics/getup_world_fraction: 0.5841
        Metrics/getup_success_rate: 0.0000
          Metrics/getup_risen_rate: 0.0099
           Metrics/getup_time_mean: 0.0000
            Metrics/getup_progress: 0.0246
--------------------------------------------------------------------------------
                   Total timesteps: 5406720
                    Iteration time: 1.95s
                      Time elapsed: 00:01:48
                               ETA: 00:02:09

################################################################################
                      [1m Learning iteration 55/120 [0m                       

                       Computation: 50351 steps/s (collection: 1.437s, learning 0.515s)
             Mean action noise std: 1.00
          Mean value_function loss: 0.0918
               Mean surrogate loss: -0.0089
                 Mean entropy loss: 42.4907
                       Mean reward: 4.79
               Mean episode length: 469.77
               Metrics/speed_ratio: 0.7635
       Metrics/drift_when_standing: 0.2188
          Metrics/upright_fraction: 0.4168
               Metrics/alternation: 0.8721
            Metrics/single_support: 0.8291
                    Metrics/facing: 0.9432
     Metrics/planted_when_standing: 0.4691
            Metrics/foot_clearance: 0.1003
                    Metrics/height: 0.4484
                 Metrics/fall_rate: 0.5632
   Metrics/standing_world_fraction: 0.6860
        Metrics/fall_rate_standing: 0.8185
          Metrics/fall_rate_moving: 0.0054
                  Metrics/tilt_deg: 46.5075
        Metrics/actuator_force_abs: 32.2181
        Metrics/actuator_force_max: 150.7827
               Metrics/action_cost: 0.7669
               Metrics/action_rate: 0.5595
           Metrics/joint_accel_abs: 72.1955
           Metrics/hinge_speed_max: 10.8056
       Metrics/over_speed_fraction: 0.0687
            Metrics/track_err_frac: 0.4933
        Metrics/track_within_10pct: 0.1332
           Metrics/overlift_factor: 0.7151
      Metrics/getup_world_fraction: 0.5673
        Metrics/getup_success_rate: 0.0000
          Metrics/getup_risen_rate: 0.0074
           Metrics/getup_time_mean: 0.0000
            Metrics/getup_progress: 0.0234
--------------------------------------------------------------------------------
                   Total timesteps: 5505024
                    Iteration time: 1.95s
                      Time elapsed: 00:01:50
                               ETA: 00:02:07

################################################################################
                      [1m Learning iteration 56/120 [0m                       

                       Computation: 50582 steps/s (collection: 1.431s, learning 0.513s)
             Mean action noise std: 1.00
          Mean value_function loss: 0.0939
               Mean surrogate loss: -0.0098
                 Mean entropy loss: 42.4791
                       Mean reward: 4.64
               Mean episode length: 386.83
               Metrics/speed_ratio: 0.7681
       Metrics/drift_when_standing: 0.2160
          Metrics/upright_fraction: 0.4251
               Metrics/alternation: 0.8830
            Metrics/single_support: 0.8286
                    Metrics/facing: 0.9447
     Metrics/planted_when_standing: 0.4792
            Metrics/foot_clearance: 0.1006
                    Metrics/height: 0.4539
                 Metrics/fall_rate: 0.5547
   Metrics/standing_world_fraction: 0.6766
        Metrics/fall_rate_standing: 0.8173
          Metrics/fall_rate_moving: 0.0052
                  Metrics/tilt_deg: 45.9620
        Metrics/actuator_force_abs: 32.2534
        Metrics/actuator_force_max: 151.1110
               Metrics/action_cost: 0.7673
               Metrics/action_rate: 0.5593
           Metrics/joint_accel_abs: 72.0229
           Metrics/hinge_speed_max: 10.8046
       Metrics/over_speed_fraction: 0.0685
            Metrics/track_err_frac: 0.4915
        Metrics/track_within_10pct: 0.1323
           Metrics/overlift_factor: 0.7155
      Metrics/getup_world_fraction: 0.5575
        Metrics/getup_success_rate: 0.0000
          Metrics/getup_risen_rate: 0.0075
           Metrics/getup_time_mean: 0.0000
            Metrics/getup_progress: 0.0228
--------------------------------------------------------------------------------
                   Total timesteps: 5603328
                    Iteration time: 1.94s
                      Time elapsed: 00:01:51
                               ETA: 00:02:05

################################################################################
                      [1m Learning iteration 57/120 [0m                       

                       Computation: 50400 steps/s (collection: 1.435s, learning 0.515s)
             Mean action noise std: 1.00
          Mean value_function loss: 0.0982
               Mean surrogate loss: -0.0075
                 Mean entropy loss: 42.4484
                       Mean reward: 4.57
               Mean episode length: 400.36
               Metrics/speed_ratio: 0.7789
       Metrics/drift_when_standing: 0.2149
          Metrics/upright_fraction: 0.4321
               Metrics/alternation: 0.8921
            Metrics/single_support: 0.8356
                    Metrics/facing: 0.9432
     Metrics/planted_when_standing: 0.4782
            Metrics/foot_clearance: 0.1019
                    Metrics/height: 0.4602
                 Metrics/fall_rate: 0.5468
   Metrics/standing_world_fraction: 0.6713
        Metrics/fall_rate_standing: 0.8122
          Metrics/fall_rate_moving: 0.0049
                  Metrics/tilt_deg: 45.4848
        Metrics/actuator_force_abs: 32.1514
        Metrics/actuator_force_max: 150.4834
               Metrics/action_cost: 0.7676
               Metrics/action_rate: 0.5563
           Metrics/joint_accel_abs: 71.9424
           Metrics/hinge_speed_max: 10.8154
       Metrics/over_speed_fraction: 0.0683
            Metrics/track_err_frac: 0.4908
        Metrics/track_within_10pct: 0.1329
           Metrics/overlift_factor: 0.7039
      Metrics/getup_world_fraction: 0.5506
        Metrics/getup_success_rate: 0.0000
          Metrics/getup_risen_rate: 0.0065
           Metrics/getup_time_mean: 0.0000
            Metrics/getup_progress: 0.0236
--------------------------------------------------------------------------------
                   Total timesteps: 5701632
                    Iteration time: 1.95s
                      Time elapsed: 00:01:53
                               ETA: 00:02:03

################################################################################
                      [1m Learning iteration 58/120 [0m                       

                       Computation: 50425 steps/s (collection: 1.432s, learning 0.518s)
             Mean action noise std: 1.00
          Mean value_function loss: 0.0913
               Mean surrogate loss: -0.0099
                 Mean entropy loss: 42.4281
                       Mean reward: 4.79
               Mean episode length: 322.34
               Metrics/speed_ratio: 0.7860
       Metrics/drift_when_standing: 0.2146
          Metrics/upright_fraction: 0.4369
               Metrics/alternation: 0.8939
            Metrics/single_support: 0.8337
                    Metrics/facing: 0.9437
     Metrics/planted_when_standing: 0.4771
            Metrics/foot_clearance: 0.1019
                    Metrics/height: 0.4641
                 Metrics/fall_rate: 0.5424
   Metrics/standing_world_fraction: 0.6675
        Metrics/fall_rate_standing: 0.8099
          Metrics/fall_rate_moving: 0.0054
                  Metrics/tilt_deg: 45.0172
        Metrics/actuator_force_abs: 32.1497
        Metrics/actuator_force_max: 150.6733
               Metrics/action_cost: 0.7673
               Metrics/action_rate: 0.5564
           Metrics/joint_accel_abs: 71.8162
           Metrics/hinge_speed_max: 10.7998
       Metrics/over_speed_fraction: 0.0684
            Metrics/track_err_frac: 0.4729
        Metrics/track_within_10pct: 0.1423
           Metrics/overlift_factor: 0.7011
      Metrics/getup_world_fraction: 0.5464
        Metrics/getup_success_rate: 0.0000
          Metrics/getup_risen_rate: 0.0088
           Metrics/getup_time_mean: 0.0000
            Metrics/getup_progress: 0.0230
--------------------------------------------------------------------------------
                   Total timesteps: 5799936
                    Iteration time: 1.95s
                      Time elapsed: 00:01:55
                               ETA: 00:02:01

################################################################################
                      [1m Learning iteration 59/120 [0m                       

                       Computation: 50515 steps/s (collection: 1.434s, learning 0.512s)
             Mean action noise std: 1.00
          Mean value_function loss: 0.1023
               Mean surrogate loss: -0.0106
                 Mean entropy loss: 42.4042
                       Mean reward: 5.55
               Mean episode length: 397.29
               Metrics/speed_ratio: 0.7968
       Metrics/drift_when_standing: 0.2149
          Metrics/upright_fraction: 0.4409
               Metrics/alternation: 0.8991
            Metrics/single_support: 0.8275
                    Metrics/facing: 0.9422
     Metrics/planted_when_standing: 0.4899
            Metrics/foot_clearance: 0.0998
                    Metrics/height: 0.4653
                 Metrics/fall_rate: 0.5380
   Metrics/standing_world_fraction: 0.6643
        Metrics/fall_rate_standing: 0.8075
          Metrics/fall_rate_moving: 0.0046
                  Metrics/tilt_deg: 44.7031
        Metrics/actuator_force_abs: 32.1682
        Metrics/actuator_force_max: 150.6896
               Metrics/action_cost: 0.7674
               Metrics/action_rate: 0.5563
           Metrics/joint_accel_abs: 71.8408
           Metrics/hinge_speed_max: 10.7981
       Metrics/over_speed_fraction: 0.0683
            Metrics/track_err_frac: 0.4757
        Metrics/track_within_10pct: 0.1396
           Metrics/overlift_factor: 0.7104
      Metrics/getup_world_fraction: 0.5405
        Metrics/getup_success_rate: 0.0000
          Metrics/getup_risen_rate: 0.0058
           Metrics/getup_time_mean: 0.0000
            Metrics/getup_progress: 0.0209
--------------------------------------------------------------------------------
                   Total timesteps: 5898240
                    Iteration time: 1.95s
                      Time elapsed: 00:01:57
                               ETA: 00:01:59

################################################################################
                      [1m Learning iteration 60/120 [0m                       

                       Computation: 50570 steps/s (collection: 1.424s, learning 0.520s)
             Mean action noise std: 0.99
          Mean value_function loss: 0.1294
               Mean surrogate loss: -0.0052
                 Mean entropy loss: 42.3775
                       Mean reward: 5.40
               Mean episode length: 433.77
               Metrics/speed_ratio: 0.7738
       Metrics/drift_when_standing: 0.2163
          Metrics/upright_fraction: 0.4438
               Metrics/alternation: 0.8980
            Metrics/single_support: 0.8350
                    Metrics/facing: 0.9441
     Metrics/planted_when_standing: 0.4894
            Metrics/foot_clearance: 0.1016
                    Metrics/height: 0.4679
                 Metrics/fall_rate: 0.5354
   Metrics/standing_world_fraction: 0.6614
        Metrics/fall_rate_standing: 0.8068
          Metrics/fall_rate_moving: 0.0053
                  Metrics/tilt_deg: 44.4026
        Metrics/actuator_force_abs: 32.0907
        Metrics/actuator_force_max: 150.6188
               Metrics/action_cost: 0.7683
               Metrics/action_rate: 0.5526
           Metrics/joint_accel_abs: 71.5783
           Metrics/hinge_speed_max: 10.8156
       Metrics/over_speed_fraction: 0.0683
            Metrics/track_err_frac: 0.4768
        Metrics/track_within_10pct: 0.1366
           Metrics/overlift_factor: 0.7031
      Metrics/getup_world_fraction: 0.5383
        Metrics/getup_success_rate: 0.0000
          Metrics/getup_risen_rate: 0.0065
           Metrics/getup_time_mean: 0.0000
            Metrics/getup_progress: 0.0229
--------------------------------------------------------------------------------
                   Total timesteps: 5996544
                    Iteration time: 1.94s
                      Time elapsed: 00:01:59
                               ETA: 00:01:57

################################################################################
                      [1m Learning iteration 61/120 [0m                       

                       Computation: 50574 steps/s (collection: 1.428s, learning 0.516s)
             Mean action noise std: 0.99
          Mean value_function loss: 0.0972
               Mean surrogate loss: -0.0081
                 Mean entropy loss: 42.3555
                       Mean reward: 6.05
               Mean episode length: 367.39
               Metrics/speed_ratio: 0.8008
       Metrics/drift_when_standing: 0.2115
          Metrics/upright_fraction: 0.4508
               Metrics/alternation: 0.9006
            Metrics/single_support: 0.8342
                    Metrics/facing: 0.9464
     Metrics/planted_when_standing: 0.4902
            Metrics/foot_clearance: 0.1021
                    Metrics/height: 0.4718
                 Metrics/fall_rate: 0.5309
   Metrics/standing_world_fraction: 0.6558
        Metrics/fall_rate_standing: 0.8071
          Metrics/fall_rate_moving: 0.0047
                  Metrics/tilt_deg: 43.9418
        Metrics/actuator_force_abs: 32.0453
        Metrics/actuator_force_max: 150.3660
               Metrics/action_cost: 0.7684
               Metrics/action_rate: 0.5530
           Metrics/joint_accel_abs: 71.6184
           Metrics/hinge_speed_max: 10.8146
       Metrics/over_speed_fraction: 0.0681
            Metrics/track_err_frac: 0.4650
        Metrics/track_within_10pct: 0.1335
           Metrics/overlift_factor: 0.6977
      Metrics/getup_world_fraction: 0.5327
        Metrics/getup_success_rate: 0.0000
          Metrics/getup_risen_rate: 0.0051
           Metrics/getup_time_mean: 0.0000
            Metrics/getup_progress: 0.0205
--------------------------------------------------------------------------------
                   Total timesteps: 6094848
                    Iteration time: 1.94s
                      Time elapsed: 00:02:01
                               ETA: 00:01:55

################################################################################
                      [1m Learning iteration 62/120 [0m                       

                       Computation: 50605 steps/s (collection: 1.426s, learning 0.517s)
             Mean action noise std: 0.99
          Mean value_function loss: 0.0972
               Mean surrogate loss: -0.0071
                 Mean entropy loss: 42.3283
                       Mean reward: 5.79
               Mean episode length: 328.13
               Metrics/speed_ratio: 0.8054
       Metrics/drift_when_standing: 0.2124
          Metrics/upright_fraction: 0.4568
               Metrics/alternation: 0.9185
            Metrics/single_support: 0.8394
                    Metrics/facing: 0.9444
     Metrics/planted_when_standing: 0.4899
            Metrics/foot_clearance: 0.1018
                    Metrics/height: 0.4734
                 Metrics/fall_rate: 0.5274
   Metrics/standing_world_fraction: 0.6552
        Metrics/fall_rate_standing: 0.8027
          Metrics/fall_rate_moving: 0.0042
                  Metrics/tilt_deg: 43.5725
        Metrics/actuator_force_abs: 32.0698
        Metrics/actuator_force_max: 150.5861
               Metrics/action_cost: 0.7690
               Metrics/action_rate: 0.5515
           Metrics/joint_accel_abs: 71.6093
           Metrics/hinge_speed_max: 10.8383
       Metrics/over_speed_fraction: 0.0687
            Metrics/track_err_frac: 0.4401
        Metrics/track_within_10pct: 0.1498
           Metrics/overlift_factor: 0.6972
      Metrics/getup_world_fraction: 0.5309
        Metrics/getup_success_rate: 0.0000
          Metrics/getup_risen_rate: 0.0080
           Metrics/getup_time_mean: 0.0000
            Metrics/getup_progress: 0.0229
--------------------------------------------------------------------------------
                   Total timesteps: 6193152
                    Iteration time: 1.94s
                      Time elapsed: 00:02:03
                               ETA: 00:01:53

################################################################################
                      [1m Learning iteration 63/120 [0m                       

                       Computation: 50576 steps/s (collection: 1.426s, learning 0.518s)
             Mean action noise std: 0.99
          Mean value_function loss: 0.1070
               Mean surrogate loss: -0.0043
                 Mean entropy loss: 42.3187
                       Mean reward: 5.78
               Mean episode length: 316.87
               Metrics/speed_ratio: 0.7912
       Metrics/drift_when_standing: 0.2145
          Metrics/upright_fraction: 0.4567
               Metrics/alternation: 0.9198
            Metrics/single_support: 0.8464
                    Metrics/facing: 0.9471
     Metrics/planted_when_standing: 0.4935
            Metrics/foot_clearance: 0.1021
                    Metrics/height: 0.4745
                 Metrics/fall_rate: 0.5254
   Metrics/standing_world_fraction: 0.6517
        Metrics/fall_rate_standing: 0.8043
          Metrics/fall_rate_moving: 0.0038
                  Metrics/tilt_deg: 43.4033
        Metrics/actuator_force_abs: 32.0431
        Metrics/actuator_force_max: 150.5786
               Metrics/action_cost: 0.7701
               Metrics/action_rate: 0.5499
           Metrics/joint_accel_abs: 71.4711
           Metrics/hinge_speed_max: 10.8383
       Metrics/over_speed_fraction: 0.0684
            Metrics/track_err_frac: 0.4486
        Metrics/track_within_10pct: 0.1474
           Metrics/overlift_factor: 0.7014
      Metrics/getup_world_fraction: 0.5281
        Metrics/getup_success_rate: 0.0000
          Metrics/getup_risen_rate: 0.0071
           Metrics/getup_time_mean: 0.0000
            Metrics/getup_progress: 0.0216
--------------------------------------------------------------------------------
                   Total timesteps: 6291456
                    Iteration time: 1.94s
                      Time elapsed: 00:02:05
                               ETA: 00:01:51

################################################################################
                      [1m Learning iteration 64/120 [0m                       

                       Computation: 50612 steps/s (collection: 1.424s, learning 0.519s)
             Mean action noise std: 0.99
          Mean value_function loss: 0.1026
               Mean surrogate loss: -0.0095
                 Mean entropy loss: 42.2996
                       Mean reward: 6.30
               Mean episode length: 357.43
               Metrics/speed_ratio: 0.8079
       Metrics/drift_when_standing: 0.2109
          Metrics/upright_fraction: 0.4608
               Metrics/alternation: 0.9127
            Metrics/single_support: 0.8475
                    Metrics/facing: 0.9531
     Metrics/planted_when_standing: 0.4885
            Metrics/foot_clearance: 0.1041
                    Metrics/height: 0.4771
                 Metrics/fall_rate: 0.5235
   Metrics/standing_world_fraction: 0.6427
        Metrics/fall_rate_standing: 0.8126
          Metrics/fall_rate_moving: 0.0036
                  Metrics/tilt_deg: 43.1358
        Metrics/actuator_force_abs: 31.9960
        Metrics/actuator_force_max: 150.3382
               Metrics/action_cost: 0.7706
               Metrics/action_rate: 0.5489
           Metrics/joint_accel_abs: 71.4325
           Metrics/hinge_speed_max: 10.8542
       Metrics/over_speed_fraction: 0.0685
            Metrics/track_err_frac: 0.4453
        Metrics/track_within_10pct: 0.1496
           Metrics/overlift_factor: 0.6946
      Metrics/getup_world_fraction: 0.5259
        Metrics/getup_success_rate: 0.0000
          Metrics/getup_risen_rate: 0.0064
           Metrics/getup_time_mean: 0.0000
            Metrics/getup_progress: 0.0217
--------------------------------------------------------------------------------
                   Total timesteps: 6389760
                    Iteration time: 1.94s
                      Time elapsed: 00:02:07
                               ETA: 00:01:49

################################################################################
                      [1m Learning iteration 65/120 [0m                       

                       Computation: 50511 steps/s (collection: 1.424s, learning 0.522s)
             Mean action noise std: 0.99
          Mean value_function loss: 0.1094
               Mean surrogate loss: -0.0096
                 Mean entropy loss: 42.2745
                       Mean reward: 6.45
               Mean episode length: 338.31
               Metrics/speed_ratio: 0.8284
       Metrics/drift_when_standing: 0.2074
          Metrics/upright_fraction: 0.4610
               Metrics/alternation: 0.9238
            Metrics/single_support: 0.8507
                    Metrics/facing: 0.9514
     Metrics/planted_when_standing: 0.4984
            Metrics/foot_clearance: 0.1057
                    Metrics/height: 0.4773
                 Metrics/fall_rate: 0.5240
   Metrics/standing_world_fraction: 0.6393
        Metrics/fall_rate_standing: 0.8175
          Metrics/fall_rate_moving: 0.0038
                  Metrics/tilt_deg: 43.0743
        Metrics/actuator_force_abs: 31.9155
        Metrics/actuator_force_max: 150.1091
               Metrics/action_cost: 0.7704
               Metrics/action_rate: 0.5477
           Metrics/joint_accel_abs: 71.4100
           Metrics/hinge_speed_max: 10.8542
       Metrics/over_speed_fraction: 0.0684
            Metrics/track_err_frac: 0.4342
        Metrics/track_within_10pct: 0.1550
           Metrics/overlift_factor: 0.6775
      Metrics/getup_world_fraction: 0.5255
        Metrics/getup_success_rate: 0.0000
          Metrics/getup_risen_rate: 0.0041
           Metrics/getup_time_mean: 0.0000
            Metrics/getup_progress: 0.0202
--------------------------------------------------------------------------------
                   Total timesteps: 6488064
                    Iteration time: 1.95s
                      Time elapsed: 00:02:09
                               ETA: 00:01:47

################################################################################
                      [1m Learning iteration 66/120 [0m                       

                       Computation: 50639 steps/s (collection: 1.431s, learning 0.510s)
             Mean action noise std: 0.99
          Mean value_function loss: 0.1179
               Mean surrogate loss: -0.0079
                 Mean entropy loss: 42.2472
                       Mean reward: 7.32
               Mean episode length: 358.42
               Metrics/speed_ratio: 0.8305
       Metrics/drift_when_standing: 0.2060
          Metrics/upright_fraction: 0.4611
               Metrics/alternation: 0.9284
            Metrics/single_support: 0.8521
                    Metrics/facing: 0.9528
     Metrics/planted_when_standing: 0.5063
            Metrics/foot_clearance: 0.1046
                    Metrics/height: 0.4765
                 Metrics/fall_rate: 0.5240
   Metrics/standing_world_fraction: 0.6380
        Metrics/fall_rate_standing: 0.8194
          Metrics/fall_rate_moving: 0.0035
                  Metrics/tilt_deg: 42.8788
        Metrics/actuator_force_abs: 31.8919
        Metrics/actuator_force_max: 150.2243
               Metrics/action_cost: 0.7707
               Metrics/action_rate: 0.5454
           Metrics/joint_accel_abs: 71.3809
           Metrics/hinge_speed_max: 10.8894
       Metrics/over_speed_fraction: 0.0688
            Metrics/track_err_frac: 0.4265
        Metrics/track_within_10pct: 0.1536
           Metrics/overlift_factor: 0.6821
      Metrics/getup_world_fraction: 0.5260
        Metrics/getup_success_rate: 0.0000
          Metrics/getup_risen_rate: 0.0054
           Metrics/getup_time_mean: 0.0000
            Metrics/getup_progress: 0.0201
--------------------------------------------------------------------------------
                   Total timesteps: 6586368
                    Iteration time: 1.94s
                      Time elapsed: 00:02:11
                               ETA: 00:01:45

################################################################################
                      [1m Learning iteration 67/120 [0m                       

                       Computation: 50536 steps/s (collection: 1.428s, learning 0.518s)
             Mean action noise std: 0.99
          Mean value_function loss: 0.1267
               Mean surrogate loss: -0.0055
                 Mean entropy loss: 42.2123
                       Mean reward: 6.72
               Mean episode length: 392.03
               Metrics/speed_ratio: 0.8149
       Metrics/drift_when_standing: 0.2036
          Metrics/upright_fraction: 0.4642
               Metrics/alternation: 0.9332
            Metrics/single_support: 0.8537
                    Metrics/facing: 0.9564
     Metrics/planted_when_standing: 0.5102
            Metrics/foot_clearance: 0.1037
                    Metrics/height: 0.4780
                 Metrics/fall_rate: 0.5222
   Metrics/standing_world_fraction: 0.6358
        Metrics/fall_rate_standing: 0.8195
          Metrics/fall_rate_moving: 0.0031
                  Metrics/tilt_deg: 42.6507
        Metrics/actuator_force_abs: 31.8364
        Metrics/actuator_force_max: 149.8847
               Metrics/action_cost: 0.7707
               Metrics/action_rate: 0.5451
           Metrics/joint_accel_abs: 71.1375
           Metrics/hinge_speed_max: 10.8444
       Metrics/over_speed_fraction: 0.0677
            Metrics/track_err_frac: 0.4300
        Metrics/track_within_10pct: 0.1506
           Metrics/overlift_factor: 0.6754
      Metrics/getup_world_fraction: 0.5254
        Metrics/getup_success_rate: 0.0000
          Metrics/getup_risen_rate: 0.0057
           Metrics/getup_time_mean: 0.0000
            Metrics/getup_progress: 0.0210
--------------------------------------------------------------------------------
                   Total timesteps: 6684672
                    Iteration time: 1.95s
                      Time elapsed: 00:02:13
                               ETA: 00:01:43

################################################################################
                      [1m Learning iteration 68/120 [0m                       

                       Computation: 50042 steps/s (collection: 1.435s, learning 0.529s)
             Mean action noise std: 0.99
          Mean value_function loss: 0.1120
               Mean surrogate loss: -0.0077
                 Mean entropy loss: 42.1992
                       Mean reward: 6.34
               Mean episode length: 318.83
               Metrics/speed_ratio: 0.7908
       Metrics/drift_when_standing: 0.2006
          Metrics/upright_fraction: 0.4683
               Metrics/alternation: 0.9396
            Metrics/single_support: 0.8503
                    Metrics/facing: 0.9552
     Metrics/planted_when_standing: 0.5152
            Metrics/foot_clearance: 0.1033
                    Metrics/height: 0.4801
                 Metrics/fall_rate: 0.5204
   Metrics/standing_world_fraction: 0.6314
        Metrics/fall_rate_standing: 0.8226
          Metrics/fall_rate_moving: 0.0027
                  Metrics/tilt_deg: 42.5574
        Metrics/actuator_force_abs: 31.7939
        Metrics/actuator_force_max: 150.0868
               Metrics/action_cost: 0.7709
               Metrics/action_rate: 0.5422
           Metrics/joint_accel_abs: 70.8485
           Metrics/hinge_speed_max: 10.8284
       Metrics/over_speed_fraction: 0.0675
            Metrics/track_err_frac: 0.4303
        Metrics/track_within_10pct: 0.1487
           Metrics/overlift_factor: 0.6856
      Metrics/getup_world_fraction: 0.5233
        Metrics/getup_success_rate: 0.0000
          Metrics/getup_risen_rate: 0.0061
           Metrics/getup_time_mean: 0.0000
            Metrics/getup_progress: 0.0207
--------------------------------------------------------------------------------
                   Total timesteps: 6782976
                    Iteration time: 1.96s
                      Time elapsed: 00:02:15
                               ETA: 00:01:42

################################################################################
                      [1m Learning iteration 69/120 [0m                       

                       Computation: 50540 steps/s (collection: 1.428s, learning 0.517s)
             Mean action noise std: 0.99
          Mean value_function loss: 0.0974
               Mean surrogate loss: -0.0047
                 Mean entropy loss: 42.1839
                       Mean reward: 7.79
               Mean episode length: 371.65
               Metrics/speed_ratio: 0.7864
       Metrics/drift_when_standing: 0.1982
          Metrics/upright_fraction: 0.4694
               Metrics/alternation: 0.9458
            Metrics/single_support: 0.8610
                    Metrics/facing: 0.9561
     Metrics/planted_when_standing: 0.5166
            Metrics/foot_clearance: 0.1059
                    Metrics/height: 0.4827
                 Metrics/fall_rate: 0.5199
   Metrics/standing_world_fraction: 0.6294
        Metrics/fall_rate_standing: 0.8245
          Metrics/fall_rate_moving: 0.0025
                  Metrics/tilt_deg: 42.4621
        Metrics/actuator_force_abs: 31.7468
        Metrics/actuator_force_max: 149.7909
               Metrics/action_cost: 0.7708
               Metrics/action_rate: 0.5431
           Metrics/joint_accel_abs: 70.9062
           Metrics/hinge_speed_max: 10.8166
       Metrics/over_speed_fraction: 0.0674
            Metrics/track_err_frac: 0.4370
        Metrics/track_within_10pct: 0.1438
           Metrics/overlift_factor: 0.6650
      Metrics/getup_world_fraction: 0.5218
        Metrics/getup_success_rate: 0.0000
          Metrics/getup_risen_rate: 0.0036
           Metrics/getup_time_mean: 0.0000
            Metrics/getup_progress: 0.0191
--------------------------------------------------------------------------------
                   Total timesteps: 6881280
                    Iteration time: 1.95s
                      Time elapsed: 00:02:17
                               ETA: 00:01:40

################################################################################
                      [1m Learning iteration 70/120 [0m                       

                       Computation: 50384 steps/s (collection: 1.430s, learning 0.521s)
             Mean action noise std: 0.99
          Mean value_function loss: 0.1071
               Mean surrogate loss: -0.0060
                 Mean entropy loss: 42.1695
                       Mean reward: 7.61
               Mean episode length: 394.07
               Metrics/speed_ratio: 0.7910
       Metrics/drift_when_standing: 0.1942
          Metrics/upright_fraction: 0.4693
               Metrics/alternation: 0.9528
            Metrics/single_support: 0.8659
                    Metrics/facing: 0.9563
     Metrics/planted_when_standing: 0.5172
            Metrics/foot_clearance: 0.1049
                    Metrics/height: 0.4826
                 Metrics/fall_rate: 0.5197
   Metrics/standing_world_fraction: 0.6265
        Metrics/fall_rate_standing: 0.8283
          Metrics/fall_rate_moving: 0.0020
                  Metrics/tilt_deg: 42.3836
        Metrics/actuator_force_abs: 31.7182
        Metrics/actuator_force_max: 149.6540
               Metrics/action_cost: 0.7712
               Metrics/action_rate: 0.5424
           Metrics/joint_accel_abs: 70.8516
           Metrics/hinge_speed_max: 10.8204
       Metrics/over_speed_fraction: 0.0675
            Metrics/track_err_frac: 0.4243
        Metrics/track_within_10pct: 0.1516
           Metrics/overlift_factor: 0.6659
      Metrics/getup_world_fraction: 0.5214
        Metrics/getup_success_rate: 0.0000
          Metrics/getup_risen_rate: 0.0033
           Metrics/getup_time_mean: 0.0000
            Metrics/getup_progress: 0.0181
--------------------------------------------------------------------------------
                   Total timesteps: 6979584
                    Iteration time: 1.95s
                      Time elapsed: 00:02:19
                               ETA: 00:01:38

################################################################################
                      [1m Learning iteration 71/120 [0m                       

                       Computation: 50196 steps/s (collection: 1.432s, learning 0.527s)
             Mean action noise std: 0.99
          Mean value_function loss: 0.1032
               Mean surrogate loss: -0.0077
                 Mean entropy loss: 42.1567
                       Mean reward: 9.21
               Mean episode length: 369.42
               Metrics/speed_ratio: 0.7860
       Metrics/drift_when_standing: 0.1936
          Metrics/upright_fraction: 0.4677
               Metrics/alternation: 0.9536
            Metrics/single_support: 0.8625
                    Metrics/facing: 0.9499
     Metrics/planted_when_standing: 0.5215
            Metrics/foot_clearance: 0.1052
                    Metrics/height: 0.4826
                 Metrics/fall_rate: 0.5193
   Metrics/standing_world_fraction: 0.6249
        Metrics/fall_rate_standing: 0.8294
          Metrics/fall_rate_moving: 0.0029
                  Metrics/tilt_deg: 42.4503
        Metrics/actuator_force_abs: 31.6219
        Metrics/actuator_force_max: 149.5559
               Metrics/action_cost: 0.7716
               Metrics/action_rate: 0.5401
           Metrics/joint_accel_abs: 70.6660
           Metrics/hinge_speed_max: 10.8310
       Metrics/over_speed_fraction: 0.0670
            Metrics/track_err_frac: 0.4240
        Metrics/track_within_10pct: 0.1523
           Metrics/overlift_factor: 0.6653
      Metrics/getup_world_fraction: 0.5204
        Metrics/getup_success_rate: 0.0000
          Metrics/getup_risen_rate: 0.0027
           Metrics/getup_time_mean: 0.0000
            Metrics/getup_progress: 0.0178
--------------------------------------------------------------------------------
                   Total timesteps: 7077888
                    Iteration time: 1.96s
                      Time elapsed: 00:02:21
                               ETA: 00:01:36

################################################################################
                      [1m Learning iteration 72/120 [0m                       

                       Computation: 50506 steps/s (collection: 1.429s, learning 0.517s)
             Mean action noise std: 0.99
          Mean value_function loss: 0.1014
               Mean surrogate loss: -0.0075
                 Mean entropy loss: 42.1358
                       Mean reward: 7.27
               Mean episode length: 401.53
               Metrics/speed_ratio: 0.7596
       Metrics/drift_when_standing: 0.1944
          Metrics/upright_fraction: 0.4681
               Metrics/alternation: 0.9523
            Metrics/single_support: 0.8700
                    Metrics/facing: 0.9535
     Metrics/planted_when_standing: 0.5336
            Metrics/foot_clearance: 0.1034
                    Metrics/height: 0.4831
                 Metrics/fall_rate: 0.5203
   Metrics/standing_world_fraction: 0.6261
        Metrics/fall_rate_standing: 0.8296
          Metrics/fall_rate_moving: 0.0022
                  Metrics/tilt_deg: 42.3708
        Metrics/actuator_force_abs: 31.5842
        Metrics/actuator_force_max: 149.4288
               Metrics/action_cost: 0.7710
               Metrics/action_rate: 0.5424
           Metrics/joint_accel_abs: 70.5296
           Metrics/hinge_speed_max: 10.7875
       Metrics/over_speed_fraction: 0.0665
            Metrics/track_err_frac: 0.4281
        Metrics/track_within_10pct: 0.1445
           Metrics/overlift_factor: 0.6695
      Metrics/getup_world_fraction: 0.5219
        Metrics/getup_success_rate: 0.0000
          Metrics/getup_risen_rate: 0.0041
           Metrics/getup_time_mean: 0.0000
            Metrics/getup_progress: 0.0188
--------------------------------------------------------------------------------
                   Total timesteps: 7176192
                    Iteration time: 1.95s
                      Time elapsed: 00:02:23
                               ETA: 00:01:34

################################################################################
                      [1m Learning iteration 73/120 [0m                       

                       Computation: 50479 steps/s (collection: 1.433s, learning 0.515s)
             Mean action noise std: 0.99
          Mean value_function loss: 0.0991
               Mean surrogate loss: -0.0082
                 Mean entropy loss: 42.1137
                       Mean reward: 9.59
               Mean episode length: 391.70
               Metrics/speed_ratio: 0.7577
       Metrics/drift_when_standing: 0.1892
          Metrics/upright_fraction: 0.4691
               Metrics/alternation: 0.9539
            Metrics/single_support: 0.8709
                    Metrics/facing: 0.9525
     Metrics/planted_when_standing: 0.5328
            Metrics/foot_clearance: 0.1052
                    Metrics/height: 0.4835
                 Metrics/fall_rate: 0.5197
   Metrics/standing_world_fraction: 0.6212
        Metrics/fall_rate_standing: 0.8353
          Metrics/fall_rate_moving: 0.0022
                  Metrics/tilt_deg: 42.3039
        Metrics/actuator_force_abs: 31.5501
        Metrics/actuator_force_max: 149.3230
               Metrics/action_cost: 0.7717
               Metrics/action_rate: 0.5407
           Metrics/joint_accel_abs: 70.4441
           Metrics/hinge_speed_max: 10.8119
       Metrics/over_speed_fraction: 0.0669
            Metrics/track_err_frac: 0.4268
        Metrics/track_within_10pct: 0.1463
           Metrics/overlift_factor: 0.6587
      Metrics/getup_world_fraction: 0.5215
        Metrics/getup_success_rate: 0.0001
          Metrics/getup_risen_rate: 0.0039
           Metrics/getup_time_mean: 0.5475
            Metrics/getup_progress: 0.0177
--------------------------------------------------------------------------------
                   Total timesteps: 7274496
                    Iteration time: 1.95s
                      Time elapsed: 00:02:25
                               ETA: 00:01:32

################################################################################
                      [1m Learning iteration 74/120 [0m                       

                       Computation: 50439 steps/s (collection: 1.428s, learning 0.521s)
             Mean action noise std: 0.99
          Mean value_function loss: 0.1036
               Mean surrogate loss: -0.0090
                 Mean entropy loss: 42.0840
                       Mean reward: 9.14
               Mean episode length: 398.43
               Metrics/speed_ratio: 0.7702
       Metrics/drift_when_standing: 0.1920
          Metrics/upright_fraction: 0.4703
               Metrics/alternation: 0.9548
            Metrics/single_support: 0.8696
                    Metrics/facing: 0.9542
     Metrics/planted_when_standing: 0.5366
            Metrics/foot_clearance: 0.1058
                    Metrics/height: 0.4845
                 Metrics/fall_rate: 0.5195
   Metrics/standing_world_fraction: 0.6204
        Metrics/fall_rate_standing: 0.8358
          Metrics/fall_rate_moving: 0.0024
                  Metrics/tilt_deg: 42.1560
        Metrics/actuator_force_abs: 31.4900
        Metrics/actuator_force_max: 148.8779
               Metrics/action_cost: 0.7724
               Metrics/action_rate: 0.5401
           Metrics/joint_accel_abs: 70.5811
           Metrics/hinge_speed_max: 10.8631
       Metrics/over_speed_fraction: 0.0674
            Metrics/track_err_frac: 0.4204
        Metrics/track_within_10pct: 0.1511
           Metrics/overlift_factor: 0.6539
      Metrics/getup_world_fraction: 0.5217
        Metrics/getup_success_rate: 0.0002
          Metrics/getup_risen_rate: 0.0046
           Metrics/getup_time_mean: 2.0075
            Metrics/getup_progress: 0.0193
--------------------------------------------------------------------------------
                   Total timesteps: 7372800
                    Iteration time: 1.95s
                      Time elapsed: 00:02:27
                               ETA: 00:01:30

################################################################################
                      [1m Learning iteration 75/120 [0m                       

                       Computation: 50196 steps/s (collection: 1.430s, learning 0.528s)
             Mean action noise std: 0.98
          Mean value_function loss: 0.1197
               Mean surrogate loss: -0.0063
                 Mean entropy loss: 42.0501
                       Mean reward: 9.31
               Mean episode length: 421.60
               Metrics/speed_ratio: 0.7712
       Metrics/drift_when_standing: 0.1879
          Metrics/upright_fraction: 0.4729
               Metrics/alternation: 0.9576
            Metrics/single_support: 0.8700
                    Metrics/facing: 0.9594
     Metrics/planted_when_standing: 0.5451
            Metrics/foot_clearance: 0.1044
                    Metrics/height: 0.4860
                 Metrics/fall_rate: 0.5176
   Metrics/standing_world_fraction: 0.6193
        Metrics/fall_rate_standing: 0.8345
          Metrics/fall_rate_moving: 0.0021
                  Metrics/tilt_deg: 41.9200
        Metrics/actuator_force_abs: 31.4502
        Metrics/actuator_force_max: 148.9336
               Metrics/action_cost: 0.7724
               Metrics/action_rate: 0.5386
           Metrics/joint_accel_abs: 70.3382
           Metrics/hinge_speed_max: 10.8407
       Metrics/over_speed_fraction: 0.0670
            Metrics/track_err_frac: 0.4145
        Metrics/track_within_10pct: 0.1507
           Metrics/overlift_factor: 0.6597
      Metrics/getup_world_fraction: 0.5196
        Metrics/getup_success_rate: 0.0000
          Metrics/getup_risen_rate: 0.0043
           Metrics/getup_time_mean: 0.0000
            Metrics/getup_progress: 0.0191
--------------------------------------------------------------------------------
                   Total timesteps: 7471104
                    Iteration time: 1.96s
                      Time elapsed: 00:02:29
                               ETA: 00:01:28

################################################################################
                      [1m Learning iteration 76/120 [0m                       

                       Computation: 50457 steps/s (collection: 1.430s, learning 0.518s)
             Mean action noise std: 0.98
          Mean value_function loss: 0.1046
               Mean surrogate loss: -0.0021
                 Mean entropy loss: 42.0337
                       Mean reward: 9.48
               Mean episode length: 429.43
               Metrics/speed_ratio: 0.7751
       Metrics/drift_when_standing: 0.1849
          Metrics/upright_fraction: 0.4726
               Metrics/alternation: 0.9623
            Metrics/single_support: 0.8735
                    Metrics/facing: 0.9573
     Metrics/planted_when_standing: 0.5516
            Metrics/foot_clearance: 0.1032
                    Metrics/height: 0.4862
                 Metrics/fall_rate: 0.5189
   Metrics/standing_world_fraction: 0.6196
        Metrics/fall_rate_standing: 0.8362
          Metrics/fall_rate_moving: 0.0021
                  Metrics/tilt_deg: 41.9021
        Metrics/actuator_force_abs: 31.4083
        Metrics/actuator_force_max: 148.5409
               Metrics/action_cost: 0.7715
               Metrics/action_rate: 0.5401
           Metrics/joint_accel_abs: 70.2332
           Metrics/hinge_speed_max: 10.7832
       Metrics/over_speed_fraction: 0.0663
            Metrics/track_err_frac: 0.4196
        Metrics/track_within_10pct: 0.1509
           Metrics/overlift_factor: 0.6572
      Metrics/getup_world_fraction: 0.5205
        Metrics/getup_success_rate: 0.0000
          Metrics/getup_risen_rate: 0.0041
           Metrics/getup_time_mean: 0.0000
            Metrics/getup_progress: 0.0177
--------------------------------------------------------------------------------
                   Total timesteps: 7569408
                    Iteration time: 1.95s
                      Time elapsed: 00:02:30
                               ETA: 00:01:26

################################################################################
                      [1m Learning iteration 77/120 [0m                       

                       Computation: 50234 steps/s (collection: 1.435s, learning 0.522s)
             Mean action noise std: 0.98
          Mean value_function loss: 0.0988
               Mean surrogate loss: -0.0081
                 Mean entropy loss: 42.0012
                       Mean reward: 11.65
               Mean episode length: 420.29
               Metrics/speed_ratio: 0.7738
       Metrics/drift_when_standing: 0.1854
          Metrics/upright_fraction: 0.4726
               Metrics/alternation: 0.9627
            Metrics/single_support: 0.8759
                    Metrics/facing: 0.9555
     Metrics/planted_when_standing: 0.5386
            Metrics/foot_clearance: 0.1052
                    Metrics/height: 0.4868
                 Metrics/fall_rate: 0.5201
   Metrics/standing_world_fraction: 0.6193
        Metrics/fall_rate_standing: 0.8387
          Metrics/fall_rate_moving: 0.0018
                  Metrics/tilt_deg: 41.9901
        Metrics/actuator_force_abs: 31.3522
        Metrics/actuator_force_max: 148.0696
               Metrics/action_cost: 0.7713
               Metrics/action_rate: 0.5389
           Metrics/joint_accel_abs: 70.2293
           Metrics/hinge_speed_max: 10.7808
       Metrics/over_speed_fraction: 0.0661
            Metrics/track_err_frac: 0.4168
        Metrics/track_within_10pct: 0.1514
           Metrics/overlift_factor: 0.6532
      Metrics/getup_world_fraction: 0.5222
        Metrics/getup_success_rate: 0.0000
          Metrics/getup_risen_rate: 0.0044
           Metrics/getup_time_mean: 0.0000
            Metrics/getup_progress: 0.0193
--------------------------------------------------------------------------------
                   Total timesteps: 7667712
                    Iteration time: 1.96s
                      Time elapsed: 00:02:32
                               ETA: 00:01:24

################################################################################
                      [1m Learning iteration 78/120 [0m                       

                       Computation: 50335 steps/s (collection: 1.434s, learning 0.519s)
             Mean action noise std: 0.98
          Mean value_function loss: 0.0963
               Mean surrogate loss: -0.0062
                 Mean entropy loss: 41.9825
                       Mean reward: 10.76
               Mean episode length: 397.82
               Metrics/speed_ratio: 0.7667
       Metrics/drift_when_standing: 0.1817
          Metrics/upright_fraction: 0.4730
               Metrics/alternation: 0.9676
            Metrics/single_support: 0.8771
                    Metrics/facing: 0.9536
     Metrics/planted_when_standing: 0.5493
            Metrics/foot_clearance: 0.1039
                    Metrics/height: 0.4864
                 Metrics/fall_rate: 0.5205
   Metrics/standing_world_fraction: 0.6183
        Metrics/fall_rate_standing: 0.8407
          Metrics/fall_rate_moving: 0.0018
                  Metrics/tilt_deg: 41.9153
        Metrics/actuator_force_abs: 31.3389
        Metrics/actuator_force_max: 148.0254
               Metrics/action_cost: 0.7714
               Metrics/action_rate: 0.5402
           Metrics/joint_accel_abs: 70.1437
           Metrics/hinge_speed_max: 10.7917
       Metrics/over_speed_fraction: 0.0662
            Metrics/track_err_frac: 0.4158
        Metrics/track_within_10pct: 0.1456
           Metrics/overlift_factor: 0.6555
      Metrics/getup_world_fraction: 0.5222
        Metrics/getup_success_rate: 0.0000
          Metrics/getup_risen_rate: 0.0039
           Metrics/getup_time_mean: 0.0000
            Metrics/getup_progress: 0.0181
--------------------------------------------------------------------------------
                   Total timesteps: 7766016
                    Iteration time: 1.95s
                      Time elapsed: 00:02:34
                               ETA: 00:01:22

################################################################################
                      [1m Learning iteration 79/120 [0m                       

                       Computation: 49717 steps/s (collection: 1.447s, learning 0.531s)
             Mean action noise std: 0.98
          Mean value_function loss: 0.0937
               Mean surrogate loss: -0.0057
                 Mean entropy loss: 41.9740
                       Mean reward: 11.71
               Mean episode length: 459.14
               Metrics/speed_ratio: 0.7778
       Metrics/drift_when_standing: 0.1815
          Metrics/upright_fraction: 0.4724
               Metrics/alternation: 0.9715
            Metrics/single_support: 0.8764
                    Metrics/facing: 0.9557
     Metrics/planted_when_standing: 0.5514
            Metrics/foot_clearance: 0.1027
                    Metrics/height: 0.4858
                 Metrics/fall_rate: 0.5196
   Metrics/standing_world_fraction: 0.6179
        Metrics/fall_rate_standing: 0.8401
          Metrics/fall_rate_moving: 0.0013
                  Metrics/tilt_deg: 41.7542
        Metrics/actuator_force_abs: 31.3813
        Metrics/actuator_force_max: 148.1965
               Metrics/action_cost: 0.7710
               Metrics/action_rate: 0.5427
           Metrics/joint_accel_abs: 70.1945
           Metrics/hinge_speed_max: 10.7857
       Metrics/over_speed_fraction: 0.0662
            Metrics/track_err_frac: 0.4108
        Metrics/track_within_10pct: 0.1537
           Metrics/overlift_factor: 0.6574
      Metrics/getup_world_fraction: 0.5209
        Metrics/getup_success_rate: 0.0000
          Metrics/getup_risen_rate: 0.0032
           Metrics/getup_time_mean: 0.0000
            Metrics/getup_progress: 0.0168
--------------------------------------------------------------------------------
                   Total timesteps: 7864320
                    Iteration time: 1.98s
                      Time elapsed: 00:02:36
                               ETA: 00:01:20

################################################################################
                      [1m Learning iteration 80/120 [0m                       

                       Computation: 49944 steps/s (collection: 1.435s, learning 0.533s)
             Mean action noise std: 0.98
          Mean value_function loss: 0.0887
               Mean surrogate loss: -0.0072
                 Mean entropy loss: 41.9497
                       Mean reward: 12.21
               Mean episode length: 431.14
               Metrics/speed_ratio: 0.7884
       Metrics/drift_when_standing: 0.1834
          Metrics/upright_fraction: 0.4736
               Metrics/alternation: 0.9722
            Metrics/single_support: 0.8795
                    Metrics/facing: 0.9565
     Metrics/planted_when_standing: 0.5473
            Metrics/foot_clearance: 0.1040
                    Metrics/height: 0.4860
                 Metrics/fall_rate: 0.5184
   Metrics/standing_world_fraction: 0.6163
        Metrics/fall_rate_standing: 0.8401
          Metrics/fall_rate_moving: 0.0016
                  Metrics/tilt_deg: 41.5861
        Metrics/actuator_force_abs: 31.3746
        Metrics/actuator_force_max: 148.3802
               Metrics/action_cost: 0.7717
               Metrics/action_rate: 0.5404
           Metrics/joint_accel_abs: 70.3095
           Metrics/hinge_speed_max: 10.8432
       Metrics/over_speed_fraction: 0.0670
            Metrics/track_err_frac: 0.4071
        Metrics/track_within_10pct: 0.1544
           Metrics/overlift_factor: 0.6535
      Metrics/getup_world_fraction: 0.5204
        Metrics/getup_success_rate: 0.0000
          Metrics/getup_risen_rate: 0.0040
           Metrics/getup_time_mean: 0.0000
            Metrics/getup_progress: 0.0176
--------------------------------------------------------------------------------
                   Total timesteps: 7962624
                    Iteration time: 1.97s
                      Time elapsed: 00:02:38
                               ETA: 00:01:18

################################################################################
                      [1m Learning iteration 81/120 [0m                       

                       Computation: 50213 steps/s (collection: 1.437s, learning 0.521s)
             Mean action noise std: 0.98
          Mean value_function loss: 0.0823
               Mean surrogate loss: -0.0061
                 Mean entropy loss: 41.9170
                       Mean reward: 11.35
               Mean episode length: 481.62
               Metrics/speed_ratio: 0.7869
       Metrics/drift_when_standing: 0.1806
          Metrics/upright_fraction: 0.4771
               Metrics/alternation: 0.9666
            Metrics/single_support: 0.8801
                    Metrics/facing: 0.9589
     Metrics/planted_when_standing: 0.5532
            Metrics/foot_clearance: 0.1044
                    Metrics/height: 0.4885
                 Metrics/fall_rate: 0.5159
   Metrics/standing_world_fraction: 0.6123
        Metrics/fall_rate_standing: 0.8419
          Metrics/fall_rate_moving: 0.0012
                  Metrics/tilt_deg: 41.3691
        Metrics/actuator_force_abs: 31.2649
        Metrics/actuator_force_max: 147.8899
               Metrics/action_cost: 0.7715
               Metrics/action_rate: 0.5389
           Metrics/joint_accel_abs: 70.0383
           Metrics/hinge_speed_max: 10.8215
       Metrics/over_speed_fraction: 0.0665
            Metrics/track_err_frac: 0.4016
        Metrics/track_within_10pct: 0.1544
           Metrics/overlift_factor: 0.6465
      Metrics/getup_world_fraction: 0.5174
        Metrics/getup_success_rate: 0.0000
          Metrics/getup_risen_rate: 0.0037
           Metrics/getup_time_mean: 0.0000
            Metrics/getup_progress: 0.0168
--------------------------------------------------------------------------------
                   Total timesteps: 8060928
                    Iteration time: 1.96s
                      Time elapsed: 00:02:40
                               ETA: 00:01:16

################################################################################
                      [1m Learning iteration 82/120 [0m                       

                       Computation: 50261 steps/s (collection: 1.431s, learning 0.525s)
             Mean action noise std: 0.98
          Mean value_function loss: 0.0830
               Mean surrogate loss: -0.0076
                 Mean entropy loss: 41.8907
                       Mean reward: 10.66
               Mean episode length: 492.99
               Metrics/speed_ratio: 0.8205
       Metrics/drift_when_standing: 0.1814
          Metrics/upright_fraction: 0.4789
               Metrics/alternation: 0.9707
            Metrics/single_support: 0.8834
                    Metrics/facing: 0.9622
     Metrics/planted_when_standing: 0.5564
            Metrics/foot_clearance: 0.1050
                    Metrics/height: 0.4897
                 Metrics/fall_rate: 0.5145
   Metrics/standing_world_fraction: 0.6094
        Metrics/fall_rate_standing: 0.8436
          Metrics/fall_rate_moving: 0.0011
                  Metrics/tilt_deg: 41.3152
        Metrics/actuator_force_abs: 31.2817
        Metrics/actuator_force_max: 148.0976
               Metrics/action_cost: 0.7715
               Metrics/action_rate: 0.5403
           Metrics/joint_accel_abs: 70.1294
           Metrics/hinge_speed_max: 10.8723
       Metrics/over_speed_fraction: 0.0668
            Metrics/track_err_frac: 0.3854
        Metrics/track_within_10pct: 0.1599
           Metrics/overlift_factor: 0.6391
      Metrics/getup_world_fraction: 0.5155
        Metrics/getup_success_rate: 0.0000
          Metrics/getup_risen_rate: 0.0026
           Metrics/getup_time_mean: 0.0000
            Metrics/getup_progress: 0.0161
--------------------------------------------------------------------------------
                   Total timesteps: 8159232
                    Iteration time: 1.96s
                      Time elapsed: 00:02:42
                               ETA: 00:01:14

################################################################################
                      [1m Learning iteration 83/120 [0m                       

                       Computation: 50110 steps/s (collection: 1.435s, learning 0.527s)
             Mean action noise std: 0.98
          Mean value_function loss: 0.0862
               Mean surrogate loss: -0.0073
                 Mean entropy loss: 41.8675
                       Mean reward: 10.69
               Mean episode length: 473.44
               Metrics/speed_ratio: 0.8161
       Metrics/drift_when_standing: 0.1778
          Metrics/upright_fraction: 0.4822
               Metrics/alternation: 0.9740
            Metrics/single_support: 0.8873
                    Metrics/facing: 0.9622
     Metrics/planted_when_standing: 0.5547
            Metrics/foot_clearance: 0.1071
                    Metrics/height: 0.4916
                 Metrics/fall_rate: 0.5126
   Metrics/standing_world_fraction: 0.6058
        Metrics/fall_rate_standing: 0.8456
          Metrics/fall_rate_moving: 0.0010
                  Metrics/tilt_deg: 41.0755
        Metrics/actuator_force_abs: 31.2149
        Metrics/actuator_force_max: 147.8512
               Metrics/action_cost: 0.7719
               Metrics/action_rate: 0.5384
           Metrics/joint_accel_abs: 70.0510
           Metrics/hinge_speed_max: 10.8884
       Metrics/over_speed_fraction: 0.0669
            Metrics/track_err_frac: 0.3896
        Metrics/track_within_10pct: 0.1584
           Metrics/overlift_factor: 0.6305
      Metrics/getup_world_fraction: 0.5139
        Metrics/getup_success_rate: 0.0000
          Metrics/getup_risen_rate: 0.0028
           Metrics/getup_time_mean: 0.0000
            Metrics/getup_progress: 0.0165
--------------------------------------------------------------------------------
                   Total timesteps: 8257536
                    Iteration time: 1.96s
                      Time elapsed: 00:02:44
                               ETA: 00:01:12

################################################################################
                      [1m Learning iteration 84/120 [0m                       

                       Computation: 50294 steps/s (collection: 1.436s, learning 0.518s)
             Mean action noise std: 0.98
          Mean value_function loss: 0.0826
               Mean surrogate loss: -0.0067
                 Mean entropy loss: 41.8509
                       Mean reward: 10.62
               Mean episode length: 605.45
               Metrics/speed_ratio: 0.7966
       Metrics/drift_when_standing: 0.1769
          Metrics/upright_fraction: 0.4850
               Metrics/alternation: 0.9731
            Metrics/single_support: 0.8806
                    Metrics/facing: 0.9612
     Metrics/planted_when_standing: 0.5571
            Metrics/foot_clearance: 0.1059
                    Metrics/height: 0.4941
                 Metrics/fall_rate: 0.5090
   Metrics/standing_world_fraction: 0.5997
        Metrics/fall_rate_standing: 0.8482
          Metrics/fall_rate_moving: 0.0009
                  Metrics/tilt_deg: 40.8520
        Metrics/actuator_force_abs: 31.2524
        Metrics/actuator_force_max: 148.2760
               Metrics/action_cost: 0.7722
               Metrics/action_rate: 0.5385
           Metrics/joint_accel_abs: 70.0690
           Metrics/hinge_speed_max: 10.8795
       Metrics/over_speed_fraction: 0.0668
            Metrics/track_err_frac: 0.3894
        Metrics/track_within_10pct: 0.1585
           Metrics/overlift_factor: 0.6443
      Metrics/getup_world_fraction: 0.5099
        Metrics/getup_success_rate: 0.0000
          Metrics/getup_risen_rate: 0.0015
           Metrics/getup_time_mean: 0.0000
            Metrics/getup_progress: 0.0158
--------------------------------------------------------------------------------
                   Total timesteps: 8355840
                    Iteration time: 1.95s
                      Time elapsed: 00:02:46
                               ETA: 00:01:10

################################################################################
                      [1m Learning iteration 85/120 [0m                       

                       Computation: 50537 steps/s (collection: 1.428s, learning 0.517s)
             Mean action noise std: 0.98
          Mean value_function loss: 0.0758
               Mean surrogate loss: -0.0082
                 Mean entropy loss: 41.8436
                       Mean reward: 9.19
               Mean episode length: 685.09
               Metrics/speed_ratio: 0.8073
       Metrics/drift_when_standing: 0.1806
          Metrics/upright_fraction: 0.4920
               Metrics/alternation: 0.9701
            Metrics/single_support: 0.8866
                    Metrics/facing: 0.9642
     Metrics/planted_when_standing: 0.5536
            Metrics/foot_clearance: 0.1071
                    Metrics/height: 0.4987
                 Metrics/fall_rate: 0.5025
   Metrics/standing_world_fraction: 0.5935
        Metrics/fall_rate_standing: 0.8460
          Metrics/fall_rate_moving: 0.0010
                  Metrics/tilt_deg: 40.4498
        Metrics/actuator_force_abs: 31.2437
        Metrics/actuator_force_max: 148.3644
               Metrics/action_cost: 0.7730
               Metrics/action_rate: 0.5366
           Metrics/joint_accel_abs: 70.1689
           Metrics/hinge_speed_max: 10.9529
       Metrics/over_speed_fraction: 0.0676
            Metrics/track_err_frac: 0.3828
        Metrics/track_within_10pct: 0.1598
           Metrics/overlift_factor: 0.6418
      Metrics/getup_world_fraction: 0.5038
        Metrics/getup_success_rate: 0.0000
          Metrics/getup_risen_rate: 0.0019
           Metrics/getup_time_mean: 0.0000
            Metrics/getup_progress: 0.0168
--------------------------------------------------------------------------------
                   Total timesteps: 8454144
                    Iteration time: 1.95s
                      Time elapsed: 00:02:48
                               ETA: 00:01:08

################################################################################
                      [1m Learning iteration 86/120 [0m                       

                       Computation: 50311 steps/s (collection: 1.437s, learning 0.517s)
             Mean action noise std: 0.98
          Mean value_function loss: 0.0781
               Mean surrogate loss: -0.0040
                 Mean entropy loss: 41.8261
                       Mean reward: 11.30
               Mean episode length: 626.39
               Metrics/speed_ratio: 0.8074
       Metrics/drift_when_standing: 0.1865
          Metrics/upright_fraction: 0.5016
               Metrics/alternation: 0.9695
            Metrics/single_support: 0.8858
                    Metrics/facing: 0.9672
     Metrics/planted_when_standing: 0.5596
            Metrics/foot_clearance: 0.1077
                    Metrics/height: 0.5064
                 Metrics/fall_rate: 0.4923
   Metrics/standing_world_fraction: 0.5862
        Metrics/fall_rate_standing: 0.8391
          Metrics/fall_rate_moving: 0.0009
                  Metrics/tilt_deg: 39.8877
        Metrics/actuator_force_abs: 31.2464
        Metrics/actuator_force_max: 148.3469
               Metrics/action_cost: 0.7737
               Metrics/action_rate: 0.5359
           Metrics/joint_accel_abs: 70.0892
           Metrics/hinge_speed_max: 10.9448
       Metrics/over_speed_fraction: 0.0677
            Metrics/track_err_frac: 0.3785
        Metrics/track_within_10pct: 0.1602
           Metrics/overlift_factor: 0.6484
      Metrics/getup_world_fraction: 0.4945
        Metrics/getup_success_rate: 0.0000
          Metrics/getup_risen_rate: 0.0029
           Metrics/getup_time_mean: 0.0000
            Metrics/getup_progress: 0.0173
--------------------------------------------------------------------------------
                   Total timesteps: 8552448
                    Iteration time: 1.95s
                      Time elapsed: 00:02:50
                               ETA: 00:01:06

################################################################################
                      [1m Learning iteration 87/120 [0m                       

                       Computation: 50360 steps/s (collection: 1.426s, learning 0.526s)
             Mean action noise std: 0.98
          Mean value_function loss: 0.0701
               Mean surrogate loss: -0.0099
                 Mean entropy loss: 41.7945
                       Mean reward: 11.18
               Mean episode length: 658.87
               Metrics/speed_ratio: 0.8019
       Metrics/drift_when_standing: 0.1851
          Metrics/upright_fraction: 0.5102
               Metrics/alternation: 0.9692
            Metrics/single_support: 0.8904
                    Metrics/facing: 0.9673
     Metrics/planted_when_standing: 0.5603
            Metrics/foot_clearance: 0.1095
                    Metrics/height: 0.5143
                 Metrics/fall_rate: 0.4839
   Metrics/standing_world_fraction: 0.5776
        Metrics/fall_rate_standing: 0.8372
          Metrics/fall_rate_moving: 0.0008
                  Metrics/tilt_deg: 39.2895
        Metrics/actuator_force_abs: 31.2118
        Metrics/actuator_force_max: 148.2694
               Metrics/action_cost: 0.7734
               Metrics/action_rate: 0.5366
           Metrics/joint_accel_abs: 70.2420
           Metrics/hinge_speed_max: 10.9945
       Metrics/over_speed_fraction: 0.0683
            Metrics/track_err_frac: 0.3698
        Metrics/track_within_10pct: 0.1630
           Metrics/overlift_factor: 0.6441
      Metrics/getup_world_fraction: 0.4858
        Metrics/getup_success_rate: 0.0000
          Metrics/getup_risen_rate: 0.0033
           Metrics/getup_time_mean: 0.0000
            Metrics/getup_progress: 0.0173
--------------------------------------------------------------------------------
                   Total timesteps: 8650752
                    Iteration time: 1.95s
                      Time elapsed: 00:02:52
                               ETA: 00:01:04

################################################################################
                      [1m Learning iteration 88/120 [0m                       

                       Computation: 50611 steps/s (collection: 1.424s, learning 0.519s)
             Mean action noise std: 0.98
          Mean value_function loss: 0.0719
               Mean surrogate loss: -0.0028
                 Mean entropy loss: 41.7605
                       Mean reward: 9.71
               Mean episode length: 710.88
               Metrics/speed_ratio: 0.7944
       Metrics/drift_when_standing: 0.1823
          Metrics/upright_fraction: 0.5228
               Metrics/alternation: 0.9704
            Metrics/single_support: 0.8888
                    Metrics/facing: 0.9677
     Metrics/planted_when_standing: 0.5692
            Metrics/foot_clearance: 0.1105
                    Metrics/height: 0.5237
                 Metrics/fall_rate: 0.4731
   Metrics/standing_world_fraction: 0.5681
        Metrics/fall_rate_standing: 0.8325
          Metrics/fall_rate_moving: 0.0005
                  Metrics/tilt_deg: 38.6052
        Metrics/actuator_force_abs: 31.1605
        Metrics/actuator_force_max: 148.0188
               Metrics/action_cost: 0.7742
               Metrics/action_rate: 0.5342
           Metrics/joint_accel_abs: 70.0266
           Metrics/hinge_speed_max: 11.0320
       Metrics/over_speed_fraction: 0.0685
            Metrics/track_err_frac: 0.3709
        Metrics/track_within_10pct: 0.1612
           Metrics/overlift_factor: 0.6426
      Metrics/getup_world_fraction: 0.4761
        Metrics/getup_success_rate: 0.0000
          Metrics/getup_risen_rate: 0.0048
           Metrics/getup_time_mean: 0.0000
            Metrics/getup_progress: 0.0191
--------------------------------------------------------------------------------
                   Total timesteps: 8749056
                    Iteration time: 1.94s
                      Time elapsed: 00:02:54
                               ETA: 00:01:02

################################################################################
                      [1m Learning iteration 89/120 [0m                       

                       Computation: 50317 steps/s (collection: 1.435s, learning 0.518s)
             Mean action noise std: 0.98
          Mean value_function loss: 0.0735
               Mean surrogate loss: -0.0104
                 Mean entropy loss: 41.7363
                       Mean reward: 11.09
               Mean episode length: 709.50
               Metrics/speed_ratio: 0.7932
       Metrics/drift_when_standing: 0.1784
          Metrics/upright_fraction: 0.5336
               Metrics/alternation: 0.9681
            Metrics/single_support: 0.8917
                    Metrics/facing: 0.9693
     Metrics/planted_when_standing: 0.5830
            Metrics/foot_clearance: 0.1108
                    Metrics/height: 0.5330
                 Metrics/fall_rate: 0.4618
   Metrics/standing_world_fraction: 0.5546
        Metrics/fall_rate_standing: 0.8323
          Metrics/fall_rate_moving: 0.0005
                  Metrics/tilt_deg: 37.8904
        Metrics/actuator_force_abs: 31.2253
        Metrics/actuator_force_max: 148.2391
               Metrics/action_cost: 0.7744
               Metrics/action_rate: 0.5347
           Metrics/joint_accel_abs: 70.3101
           Metrics/hinge_speed_max: 11.1133
       Metrics/over_speed_fraction: 0.0690
            Metrics/track_err_frac: 0.3741
        Metrics/track_within_10pct: 0.1622
           Metrics/overlift_factor: 0.6481
      Metrics/getup_world_fraction: 0.4643
        Metrics/getup_success_rate: 0.0000
          Metrics/getup_risen_rate: 0.0051
           Metrics/getup_time_mean: 0.0000
            Metrics/getup_progress: 0.0177
--------------------------------------------------------------------------------
                   Total timesteps: 8847360
                    Iteration time: 1.95s
                      Time elapsed: 00:02:56
                               ETA: 00:01:00

################################################################################
                      [1m Learning iteration 90/120 [0m                       

                       Computation: 50422 steps/s (collection: 1.424s, learning 0.525s)
             Mean action noise std: 0.97
          Mean value_function loss: 0.0673
               Mean surrogate loss: -0.0060
                 Mean entropy loss: 41.7135
                       Mean reward: 11.59
               Mean episode length: 779.44
               Metrics/speed_ratio: 0.7846
       Metrics/drift_when_standing: 0.1737
          Metrics/upright_fraction: 0.5473
               Metrics/alternation: 0.9686
            Metrics/single_support: 0.8933
                    Metrics/facing: 0.9699
     Metrics/planted_when_standing: 0.5863
            Metrics/foot_clearance: 0.1121
                    Metrics/height: 0.5423
                 Metrics/fall_rate: 0.4494
   Metrics/standing_world_fraction: 0.5409
        Metrics/fall_rate_standing: 0.8304
          Metrics/fall_rate_moving: 0.0004
                  Metrics/tilt_deg: 36.9746
        Metrics/actuator_force_abs: 31.2152
        Metrics/actuator_force_max: 148.4019
               Metrics/action_cost: 0.7745
               Metrics/action_rate: 0.5353
           Metrics/joint_accel_abs: 70.3830
           Metrics/hinge_speed_max: 11.1543
       Metrics/over_speed_fraction: 0.0692
            Metrics/track_err_frac: 0.3708
        Metrics/track_within_10pct: 0.1555
           Metrics/overlift_factor: 0.6467
      Metrics/getup_world_fraction: 0.4502
        Metrics/getup_success_rate: 0.0000
          Metrics/getup_risen_rate: 0.0020
           Metrics/getup_time_mean: 0.0000
            Metrics/getup_progress: 0.0148
--------------------------------------------------------------------------------
                   Total timesteps: 8945664
                    Iteration time: 1.95s
                      Time elapsed: 00:02:58
                               ETA: 00:00:58

################################################################################
                      [1m Learning iteration 91/120 [0m                       

                       Computation: 50194 steps/s (collection: 1.436s, learning 0.522s)
             Mean action noise std: 0.97
          Mean value_function loss: 0.0656
               Mean surrogate loss: -0.0070
                 Mean entropy loss: 41.6698
                       Mean reward: 12.64
               Mean episode length: 818.11
               Metrics/speed_ratio: 0.7855
       Metrics/drift_when_standing: 0.1760
          Metrics/upright_fraction: 0.5591
               Metrics/alternation: 0.9720
            Metrics/single_support: 0.8956
                    Metrics/facing: 0.9699
     Metrics/planted_when_standing: 0.5889
            Metrics/foot_clearance: 0.1152
                    Metrics/height: 0.5523
                 Metrics/fall_rate: 0.4374
   Metrics/standing_world_fraction: 0.5294
        Metrics/fall_rate_standing: 0.8257
          Metrics/fall_rate_moving: 0.0004
                  Metrics/tilt_deg: 36.2774
        Metrics/actuator_force_abs: 31.2177
        Metrics/actuator_force_max: 148.7674
               Metrics/action_cost: 0.7756
               Metrics/action_rate: 0.5328
           Metrics/joint_accel_abs: 70.3687
           Metrics/hinge_speed_max: 11.1946
       Metrics/over_speed_fraction: 0.0696
            Metrics/track_err_frac: 0.3683
        Metrics/track_within_10pct: 0.1576
           Metrics/overlift_factor: 0.6384
      Metrics/getup_world_fraction: 0.4373
        Metrics/getup_success_rate: 0.0000
          Metrics/getup_risen_rate: 0.0002
           Metrics/getup_time_mean: 0.0000
            Metrics/getup_progress: 0.0143
--------------------------------------------------------------------------------
                   Total timesteps: 9043968
                    Iteration time: 1.96s
                      Time elapsed: 00:03:00
                               ETA: 00:00:56

################################################################################
                      [1m Learning iteration 92/120 [0m                       

                       Computation: 50573 steps/s (collection: 1.419s, learning 0.525s)
             Mean action noise std: 0.97
          Mean value_function loss: 0.0676
               Mean surrogate loss: -0.0015
                 Mean entropy loss: 41.6514
                       Mean reward: 11.67
               Mean episode length: 742.11
               Metrics/speed_ratio: 0.7925
       Metrics/drift_when_standing: 0.1786
          Metrics/upright_fraction: 0.5713
               Metrics/alternation: 0.9725
            Metrics/single_support: 0.8992
                    Metrics/facing: 0.9700
     Metrics/planted_when_standing: 0.5785
            Metrics/foot_clearance: 0.1179
                    Metrics/height: 0.5626
                 Metrics/fall_rate: 0.4252
   Metrics/standing_world_fraction: 0.5181
        Metrics/fall_rate_standing: 0.8203
          Metrics/fall_rate_moving: 0.0005
                  Metrics/tilt_deg: 35.5367
        Metrics/actuator_force_abs: 31.2065
        Metrics/actuator_force_max: 148.7353
               Metrics/action_cost: 0.7754
               Metrics/action_rate: 0.5334
           Metrics/joint_accel_abs: 70.5283
           Metrics/hinge_speed_max: 11.2729
       Metrics/over_speed_fraction: 0.0702
            Metrics/track_err_frac: 0.3602
        Metrics/track_within_10pct: 0.1628
           Metrics/overlift_factor: 0.6371
      Metrics/getup_world_fraction: 0.4259
        Metrics/getup_success_rate: 0.0000
          Metrics/getup_risen_rate: 0.0015
           Metrics/getup_time_mean: 0.0000
            Metrics/getup_progress: 0.0161
--------------------------------------------------------------------------------
                   Total timesteps: 9142272
                    Iteration time: 1.94s
                      Time elapsed: 00:03:02
                               ETA: 00:00:54

################################################################################
                      [1m Learning iteration 93/120 [0m                       

                       Computation: 50692 steps/s (collection: 1.417s, learning 0.522s)
             Mean action noise std: 0.97
          Mean value_function loss: 0.0627
               Mean surrogate loss: -0.0091
                 Mean entropy loss: 41.6350
                       Mean reward: 11.09
               Mean episode length: 790.68
               Metrics/speed_ratio: 0.8057
       Metrics/drift_when_standing: 0.1828
          Metrics/upright_fraction: 0.5827
               Metrics/alternation: 0.9747
            Metrics/single_support: 0.9015
                    Metrics/facing: 0.9724
     Metrics/planted_when_standing: 0.5732
            Metrics/foot_clearance: 0.1207
                    Metrics/height: 0.5714
                 Metrics/fall_rate: 0.4137
   Metrics/standing_world_fraction: 0.5080
        Metrics/fall_rate_standing: 0.8141
          Metrics/fall_rate_moving: 0.0002
                  Metrics/tilt_deg: 34.8181
        Metrics/actuator_force_abs: 31.2966
        Metrics/actuator_force_max: 149.1756
               Metrics/action_cost: 0.7759
               Metrics/action_rate: 0.5332
           Metrics/joint_accel_abs: 70.6881
           Metrics/hinge_speed_max: 11.3352
       Metrics/over_speed_fraction: 0.0715
            Metrics/track_err_frac: 0.3548
        Metrics/track_within_10pct: 0.1638
           Metrics/overlift_factor: 0.6368
      Metrics/getup_world_fraction: 0.4160
        Metrics/getup_success_rate: 0.0000
          Metrics/getup_risen_rate: 0.0030
           Metrics/getup_time_mean: 0.0000
            Metrics/getup_progress: 0.0180
--------------------------------------------------------------------------------
                   Total timesteps: 9240576
                    Iteration time: 1.94s
                      Time elapsed: 00:03:04
                               ETA: 00:00:52

################################################################################
                      [1m Learning iteration 94/120 [0m                       

                       Computation: 50675 steps/s (collection: 1.419s, learning 0.521s)
             Mean action noise std: 0.97
          Mean value_function loss: 0.0645
               Mean surrogate loss: -0.0056
                 Mean entropy loss: 41.5968
                       Mean reward: 15.23
               Mean episode length: 716.51
               Metrics/speed_ratio: 0.8094
       Metrics/drift_when_standing: 0.1828
          Metrics/upright_fraction: 0.5946
               Metrics/alternation: 0.9771
            Metrics/single_support: 0.9025
                    Metrics/facing: 0.9714
     Metrics/planted_when_standing: 0.5854
            Metrics/foot_clearance: 0.1224
                    Metrics/height: 0.5811
                 Metrics/fall_rate: 0.4012
   Metrics/standing_world_fraction: 0.4969
        Metrics/fall_rate_standing: 0.8071
          Metrics/fall_rate_moving: 0.0003
                  Metrics/tilt_deg: 34.0653
        Metrics/actuator_force_abs: 31.2673
        Metrics/actuator_force_max: 149.0972
               Metrics/action_cost: 0.7762
               Metrics/action_rate: 0.5321
           Metrics/joint_accel_abs: 70.5234
           Metrics/hinge_speed_max: 11.3835
       Metrics/over_speed_fraction: 0.0716
            Metrics/track_err_frac: 0.3529
        Metrics/track_within_10pct: 0.1640
           Metrics/overlift_factor: 0.6300
      Metrics/getup_world_fraction: 0.4039
        Metrics/getup_success_rate: 0.0000
          Metrics/getup_risen_rate: 0.0057
           Metrics/getup_time_mean: 0.0000
            Metrics/getup_progress: 0.0191
--------------------------------------------------------------------------------
                   Total timesteps: 9338880
                    Iteration time: 1.94s
                      Time elapsed: 00:03:06
                               ETA: 00:00:50

################################################################################
                      [1m Learning iteration 95/120 [0m                       

                       Computation: 50710 steps/s (collection: 1.418s, learning 0.521s)
             Mean action noise std: 0.97
          Mean value_function loss: 0.0582
               Mean surrogate loss: -0.0088
                 Mean entropy loss: 41.5627
                       Mean reward: 17.29
               Mean episode length: 763.91
               Metrics/speed_ratio: 0.8041
       Metrics/drift_when_standing: 0.1813
          Metrics/upright_fraction: 0.6024
               Metrics/alternation: 0.9766
            Metrics/single_support: 0.9036
                    Metrics/facing: 0.9713
     Metrics/planted_when_standing: 0.5973
            Metrics/foot_clearance: 0.1229
                    Metrics/height: 0.5879
                 Metrics/fall_rate: 0.3935
   Metrics/standing_world_fraction: 0.4876
        Metrics/fall_rate_standing: 0.8067
          Metrics/fall_rate_moving: 0.0002
                  Metrics/tilt_deg: 33.5728
        Metrics/actuator_force_abs: 31.2640
        Metrics/actuator_force_max: 149.1547
               Metrics/action_cost: 0.7760
               Metrics/action_rate: 0.5326
           Metrics/joint_accel_abs: 70.5974
           Metrics/hinge_speed_max: 11.3884
       Metrics/over_speed_fraction: 0.0714
            Metrics/track_err_frac: 0.3548
        Metrics/track_within_10pct: 0.1646
           Metrics/overlift_factor: 0.6355
      Metrics/getup_world_fraction: 0.3957
        Metrics/getup_success_rate: 0.0000
          Metrics/getup_risen_rate: 0.0054
           Metrics/getup_time_mean: 0.0000
            Metrics/getup_progress: 0.0183
--------------------------------------------------------------------------------
                   Total timesteps: 9437184
                    Iteration time: 1.94s
                      Time elapsed: 00:03:08
                               ETA: 00:00:48

################################################################################
                      [1m Learning iteration 96/120 [0m                       

                       Computation: 50734 steps/s (collection: 1.415s, learning 0.523s)
             Mean action noise std: 0.97
          Mean value_function loss: 0.0540
               Mean surrogate loss: -0.0091
                 Mean entropy loss: 41.5359
                       Mean reward: 15.55
               Mean episode length: 774.63
               Metrics/speed_ratio: 0.7975
       Metrics/drift_when_standing: 0.1789
          Metrics/upright_fraction: 0.6109
               Metrics/alternation: 0.9786
            Metrics/single_support: 0.9045
                    Metrics/facing: 0.9711
     Metrics/planted_when_standing: 0.6035
            Metrics/foot_clearance: 0.1231
                    Metrics/height: 0.5941
                 Metrics/fall_rate: 0.3855
   Metrics/standing_world_fraction: 0.4796
        Metrics/fall_rate_standing: 0.8034
          Metrics/fall_rate_moving: 0.0004
                  Metrics/tilt_deg: 33.0334
        Metrics/actuator_force_abs: 31.2316
        Metrics/actuator_force_max: 149.1937
               Metrics/action_cost: 0.7765
               Metrics/action_rate: 0.5307
           Metrics/joint_accel_abs: 70.5694
           Metrics/hinge_speed_max: 11.4336
       Metrics/over_speed_fraction: 0.0720
            Metrics/track_err_frac: 0.3526
        Metrics/track_within_10pct: 0.1670
           Metrics/overlift_factor: 0.6362
      Metrics/getup_world_fraction: 0.3868
        Metrics/getup_success_rate: 0.0000
          Metrics/getup_risen_rate: 0.0027
           Metrics/getup_time_mean: 0.0000
            Metrics/getup_progress: 0.0168
--------------------------------------------------------------------------------
                   Total timesteps: 9535488
                    Iteration time: 1.94s
                      Time elapsed: 00:03:09
                               ETA: 00:00:47

################################################################################
                      [1m Learning iteration 97/120 [0m                       

                       Computation: 50897 steps/s (collection: 1.414s, learning 0.518s)
             Mean action noise std: 0.97
          Mean value_function loss: 0.0556
               Mean surrogate loss: -0.0072
                 Mean entropy loss: 41.4994
                       Mean reward: 17.41
               Mean episode length: 819.05
               Metrics/speed_ratio: 0.7912
       Metrics/drift_when_standing: 0.1766
          Metrics/upright_fraction: 0.6211
               Metrics/alternation: 0.9768
            Metrics/single_support: 0.9041
                    Metrics/facing: 0.9729
     Metrics/planted_when_standing: 0.6092
            Metrics/foot_clearance: 0.1235
                    Metrics/height: 0.6018
                 Metrics/fall_rate: 0.3758
   Metrics/standing_world_fraction: 0.4705
        Metrics/fall_rate_standing: 0.7985
          Metrics/fall_rate_moving: 0.0002
                  Metrics/tilt_deg: 32.4376
        Metrics/actuator_force_abs: 31.2779
        Metrics/actuator_force_max: 149.2212
               Metrics/action_cost: 0.7768
               Metrics/action_rate: 0.5307
           Metrics/joint_accel_abs: 70.7374
           Metrics/hinge_speed_max: 11.4842
       Metrics/over_speed_fraction: 0.0725
            Metrics/track_err_frac: 0.3518
        Metrics/track_within_10pct: 0.1662
           Metrics/overlift_factor: 0.6396
      Metrics/getup_world_fraction: 0.3772
        Metrics/getup_success_rate: 0.0000
          Metrics/getup_risen_rate: 0.0029
           Metrics/getup_time_mean: 0.0000
            Metrics/getup_progress: 0.0164
--------------------------------------------------------------------------------
                   Total timesteps: 9633792
                    Iteration time: 1.93s
                      Time elapsed: 00:03:11
                               ETA: 00:00:45

################################################################################
                      [1m Learning iteration 98/120 [0m                       

                       Computation: 50706 steps/s (collection: 1.412s, learning 0.527s)
             Mean action noise std: 0.97
          Mean value_function loss: 0.0526
               Mean surrogate loss: 0.0001
                 Mean entropy loss: 41.4818
                       Mean reward: 18.75
               Mean episode length: 892.49
               Metrics/speed_ratio: 0.7909
       Metrics/drift_when_standing: 0.1796
          Metrics/upright_fraction: 0.6339
               Metrics/alternation: 0.9763
            Metrics/single_support: 0.9063
                    Metrics/facing: 0.9747
     Metrics/planted_when_standing: 0.6152
            Metrics/foot_clearance: 0.1261
                    Metrics/height: 0.6122
                 Metrics/fall_rate: 0.3638
   Metrics/standing_world_fraction: 0.4606
        Metrics/fall_rate_standing: 0.7896
          Metrics/fall_rate_moving: 0.0002
                  Metrics/tilt_deg: 31.6452
        Metrics/actuator_force_abs: 31.2381
        Metrics/actuator_force_max: 149.4284
               Metrics/action_cost: 0.7771
               Metrics/action_rate: 0.5295
           Metrics/joint_accel_abs: 70.6678
           Metrics/hinge_speed_max: 11.5322
       Metrics/over_speed_fraction: 0.0727
            Metrics/track_err_frac: 0.3476
        Metrics/track_within_10pct: 0.1670
           Metrics/overlift_factor: 0.6355
      Metrics/getup_world_fraction: 0.3660
        Metrics/getup_success_rate: 0.0000
          Metrics/getup_risen_rate: 0.0038
           Metrics/getup_time_mean: 0.0000
            Metrics/getup_progress: 0.0190
--------------------------------------------------------------------------------
                   Total timesteps: 9732096
                    Iteration time: 1.94s
                      Time elapsed: 00:03:13
                               ETA: 00:00:43

################################################################################
                      [1m Learning iteration 99/120 [0m                       

                       Computation: 50714 steps/s (collection: 1.413s, learning 0.526s)
             Mean action noise std: 0.97
          Mean value_function loss: 0.0506
               Mean surrogate loss: -0.0078
                 Mean entropy loss: 41.4620
                       Mean reward: 19.67
               Mean episode length: 801.48
               Metrics/speed_ratio: 0.7926
       Metrics/drift_when_standing: 0.1827
          Metrics/upright_fraction: 0.6430
               Metrics/alternation: 0.9801
            Metrics/single_support: 0.9078
                    Metrics/facing: 0.9749
     Metrics/planted_when_standing: 0.6182
            Metrics/foot_clearance: 0.1283
                    Metrics/height: 0.6200
                 Metrics/fall_rate: 0.3546
   Metrics/standing_world_fraction: 0.4520
        Metrics/fall_rate_standing: 0.7844
          Metrics/fall_rate_moving: 0.0001
                  Metrics/tilt_deg: 30.9805
        Metrics/actuator_force_abs: 31.2243
        Metrics/actuator_force_max: 149.3031
               Metrics/action_cost: 0.7777
               Metrics/action_rate: 0.5293
           Metrics/joint_accel_abs: 70.6611
           Metrics/hinge_speed_max: 11.5597
       Metrics/over_speed_fraction: 0.0730
            Metrics/track_err_frac: 0.3429
        Metrics/track_within_10pct: 0.1700
           Metrics/overlift_factor: 0.6303
      Metrics/getup_world_fraction: 0.3565
        Metrics/getup_success_rate: 0.0000
          Metrics/getup_risen_rate: 0.0053
           Metrics/getup_time_mean: 0.0000
            Metrics/getup_progress: 0.0189
--------------------------------------------------------------------------------
                   Total timesteps: 9830400
                    Iteration time: 1.94s
                      Time elapsed: 00:03:15
                               ETA: 00:00:41

################################################################################
                      [1m Learning iteration 100/120 [0m                      

                       Computation: 50507 steps/s (collection: 1.423s, learning 0.524s)
             Mean action noise std: 0.97
          Mean value_function loss: 0.0450
               Mean surrogate loss: -0.0108
                 Mean entropy loss: 41.4270
                       Mean reward: 24.07
               Mean episode length: 845.41
               Metrics/speed_ratio: 0.7934
       Metrics/drift_when_standing: 0.1777
          Metrics/upright_fraction: 0.6532
               Metrics/alternation: 0.9767
            Metrics/single_support: 0.9076
                    Metrics/facing: 0.9757
     Metrics/planted_when_standing: 0.6113
            Metrics/foot_clearance: 0.1291
                    Metrics/height: 0.6274
                 Metrics/fall_rate: 0.3446
   Metrics/standing_world_fraction: 0.4429
        Metrics/fall_rate_standing: 0.7781
          Metrics/fall_rate_moving: 0.0001
                  Metrics/tilt_deg: 30.3437
        Metrics/actuator_force_abs: 31.2688
        Metrics/actuator_force_max: 149.5187
               Metrics/action_cost: 0.7778
               Metrics/action_rate: 0.5285
           Metrics/joint_accel_abs: 70.8882
           Metrics/hinge_speed_max: 11.6069
       Metrics/over_speed_fraction: 0.0736
            Metrics/track_err_frac: 0.3437
        Metrics/track_within_10pct: 0.1664
           Metrics/overlift_factor: 0.6349
      Metrics/getup_world_fraction: 0.3462
        Metrics/getup_success_rate: 0.0000
          Metrics/getup_risen_rate: 0.0033
           Metrics/getup_time_mean: 0.0000
            Metrics/getup_progress: 0.0178
--------------------------------------------------------------------------------
                   Total timesteps: 9928704
                    Iteration time: 1.95s
                      Time elapsed: 00:03:17
                               ETA: 00:00:39

################################################################################
                      [1m Learning iteration 101/120 [0m                      

                       Computation: 50855 steps/s (collection: 1.404s, learning 0.529s)
             Mean action noise std: 0.96
          Mean value_function loss: 0.0510
               Mean surrogate loss: -0.0097
                 Mean entropy loss: 41.3827
                       Mean reward: 22.86
               Mean episode length: 823.82
               Metrics/speed_ratio: 0.7914
       Metrics/drift_when_standing: 0.1822
          Metrics/upright_fraction: 0.6627
               Metrics/alternation: 0.9760
            Metrics/single_support: 0.9082
                    Metrics/facing: 0.9753
     Metrics/planted_when_standing: 0.6223
            Metrics/foot_clearance: 0.1303
                    Metrics/height: 0.6356
                 Metrics/fall_rate: 0.3345
   Metrics/standing_world_fraction: 0.4347
        Metrics/fall_rate_standing: 0.7694
          Metrics/fall_rate_moving: 0.0001
                  Metrics/tilt_deg: 29.7776
        Metrics/actuator_force_abs: 31.2666
        Metrics/actuator_force_max: 149.4589
               Metrics/action_cost: 0.7782
               Metrics/action_rate: 0.5270
           Metrics/joint_accel_abs: 70.8847
           Metrics/hinge_speed_max: 11.6597
       Metrics/over_speed_fraction: 0.0742
            Metrics/track_err_frac: 0.3396
        Metrics/track_within_10pct: 0.1690
           Metrics/overlift_factor: 0.6349
      Metrics/getup_world_fraction: 0.3370
        Metrics/getup_success_rate: 0.0000
          Metrics/getup_risen_rate: 0.0055
           Metrics/getup_time_mean: 0.0000
            Metrics/getup_progress: 0.0189
--------------------------------------------------------------------------------
                   Total timesteps: 10027008
                    Iteration time: 1.93s
                      Time elapsed: 00:03:19
                               ETA: 00:00:37

################################################################################
                      [1m Learning iteration 102/120 [0m                      

                       Computation: 50909 steps/s (collection: 1.402s, learning 0.529s)
             Mean action noise std: 0.96
          Mean value_function loss: 0.0508
               Mean surrogate loss: -0.0062
                 Mean entropy loss: 41.3487
                       Mean reward: 28.02
               Mean episode length: 864.17
               Metrics/speed_ratio: 0.7790
       Metrics/drift_when_standing: 0.1823
          Metrics/upright_fraction: 0.6736
               Metrics/alternation: 0.9733
            Metrics/single_support: 0.9080
                    Metrics/facing: 0.9759
     Metrics/planted_when_standing: 0.6231
            Metrics/foot_clearance: 0.1309
                    Metrics/height: 0.6438
                 Metrics/fall_rate: 0.3241
   Metrics/standing_world_fraction: 0.4250
        Metrics/fall_rate_standing: 0.7625
          Metrics/fall_rate_moving: 0.0001
                  Metrics/tilt_deg: 29.1665
        Metrics/actuator_force_abs: 31.2681
        Metrics/actuator_force_max: 149.3827
               Metrics/action_cost: 0.7780
               Metrics/action_rate: 0.5280
           Metrics/joint_accel_abs: 70.8645
           Metrics/hinge_speed_max: 11.6979
       Metrics/over_speed_fraction: 0.0741
            Metrics/track_err_frac: 0.3415
        Metrics/track_within_10pct: 0.1674
           Metrics/overlift_factor: 0.6368
      Metrics/getup_world_fraction: 0.3258
        Metrics/getup_success_rate: 0.0000
          Metrics/getup_risen_rate: 0.0031
           Metrics/getup_time_mean: 0.0000
            Metrics/getup_progress: 0.0180
--------------------------------------------------------------------------------
                   Total timesteps: 10125312
                    Iteration time: 1.93s
                      Time elapsed: 00:03:21
                               ETA: 00:00:35

################################################################################
                      [1m Learning iteration 103/120 [0m                      

                       Computation: 51192 steps/s (collection: 1.394s, learning 0.526s)
             Mean action noise std: 0.96
          Mean value_function loss: 0.0542
               Mean surrogate loss: -0.0072
                 Mean entropy loss: 41.3084
                       Mean reward: 29.44
               Mean episode length: 919.94
               Metrics/speed_ratio: 0.7889
       Metrics/drift_when_standing: 0.1789
          Metrics/upright_fraction: 0.6834
               Metrics/alternation: 0.9784
            Metrics/single_support: 0.9081
                    Metrics/facing: 0.9762
     Metrics/planted_when_standing: 0.6386
            Metrics/foot_clearance: 0.1319
                    Metrics/height: 0.6510
                 Metrics/fall_rate: 0.3149
   Metrics/standing_world_fraction: 0.4196
        Metrics/fall_rate_standing: 0.7503
          Metrics/fall_rate_moving: 0.0001
                  Metrics/tilt_deg: 28.6731
        Metrics/actuator_force_abs: 31.2671
        Metrics/actuator_force_max: 149.4189
               Metrics/action_cost: 0.7775
               Metrics/action_rate: 0.5282
           Metrics/joint_accel_abs: 70.8247
           Metrics/hinge_speed_max: 11.6727
       Metrics/over_speed_fraction: 0.0738
            Metrics/track_err_frac: 0.3337
        Metrics/track_within_10pct: 0.1731
           Metrics/overlift_factor: 0.6309
      Metrics/getup_world_fraction: 0.3165
        Metrics/getup_success_rate: 0.0000
          Metrics/getup_risen_rate: 0.0035
           Metrics/getup_time_mean: 0.0000
            Metrics/getup_progress: 0.0178
--------------------------------------------------------------------------------
                   Total timesteps: 10223616
                    Iteration time: 1.92s
                      Time elapsed: 00:03:23
                               ETA: 00:00:33

################################################################################
                      [1m Learning iteration 104/120 [0m                      

                       Computation: 50977 steps/s (collection: 1.406s, learning 0.522s)
             Mean action noise std: 0.96
          Mean value_function loss: 0.0465
               Mean surrogate loss: -0.0080
                 Mean entropy loss: 41.2912
                       Mean reward: 28.14
               Mean episode length: 788.52
               Metrics/speed_ratio: 0.7796
       Metrics/drift_when_standing: 0.1799
          Metrics/upright_fraction: 0.6923
               Metrics/alternation: 0.9759
            Metrics/single_support: 0.9097
                    Metrics/facing: 0.9759
     Metrics/planted_when_standing: 0.6273
            Metrics/foot_clearance: 0.1328
                    Metrics/height: 0.6586
                 Metrics/fall_rate: 0.3055
   Metrics/standing_world_fraction: 0.4139
        Metrics/fall_rate_standing: 0.7378
          Metrics/fall_rate_moving: 0.0002
                  Metrics/tilt_deg: 28.2263
        Metrics/actuator_force_abs: 31.2952
        Metrics/actuator_force_max: 149.5905
               Metrics/action_cost: 0.7779
               Metrics/action_rate: 0.5282
           Metrics/joint_accel_abs: 70.8801
           Metrics/hinge_speed_max: 11.7503
       Metrics/over_speed_fraction: 0.0744
            Metrics/track_err_frac: 0.3330
        Metrics/track_within_10pct: 0.1715
           Metrics/overlift_factor: 0.6333
      Metrics/getup_world_fraction: 0.3065
        Metrics/getup_success_rate: 0.0000
          Metrics/getup_risen_rate: 0.0041
           Metrics/getup_time_mean: 0.0000
            Metrics/getup_progress: 0.0163
--------------------------------------------------------------------------------
                   Total timesteps: 10321920
                    Iteration time: 1.93s
                      Time elapsed: 00:03:25
                               ETA: 00:00:31

################################################################################
                      [1m Learning iteration 105/120 [0m                      

                       Computation: 51162 steps/s (collection: 1.393s, learning 0.528s)
             Mean action noise std: 0.96
          Mean value_function loss: 0.0408
               Mean surrogate loss: -0.0106
                 Mean entropy loss: 41.2752
                       Mean reward: 31.71
               Mean episode length: 883.43
               Metrics/speed_ratio: 0.7656
       Metrics/drift_when_standing: 0.1773
          Metrics/upright_fraction: 0.7013
               Metrics/alternation: 0.9751
            Metrics/single_support: 0.9088
                    Metrics/facing: 0.9769
     Metrics/planted_when_standing: 0.6323
            Metrics/foot_clearance: 0.1348
                    Metrics/height: 0.6665
                 Metrics/fall_rate: 0.2968
   Metrics/standing_world_fraction: 0.4073
        Metrics/fall_rate_standing: 0.7286
          Metrics/fall_rate_moving: 0.0001
                  Metrics/tilt_deg: 27.8142
        Metrics/actuator_force_abs: 31.2533
        Metrics/actuator_force_max: 149.2411
               Metrics/action_cost: 0.7780
               Metrics/action_rate: 0.5296
           Metrics/joint_accel_abs: 70.8405
           Metrics/hinge_speed_max: 11.7654
       Metrics/over_speed_fraction: 0.0743
            Metrics/track_err_frac: 0.3381
        Metrics/track_within_10pct: 0.1658
           Metrics/overlift_factor: 0.6289
      Metrics/getup_world_fraction: 0.2980
        Metrics/getup_success_rate: 0.0000
          Metrics/getup_risen_rate: 0.0032
           Metrics/getup_time_mean: 0.0000
            Metrics/getup_progress: 0.0159
--------------------------------------------------------------------------------
                   Total timesteps: 10420224
                    Iteration time: 1.92s
                      Time elapsed: 00:03:27
                               ETA: 00:00:29

################################################################################
                      [1m Learning iteration 106/120 [0m                      

                       Computation: 51377 steps/s (collection: 1.393s, learning 0.520s)
             Mean action noise std: 0.96
          Mean value_function loss: 0.0450
               Mean surrogate loss: -0.0078
                 Mean entropy loss: 41.2633
                       Mean reward: 31.51
               Mean episode length: 905.46
               Metrics/speed_ratio: 0.7781
       Metrics/drift_when_standing: 0.1858
          Metrics/upright_fraction: 0.7097
               Metrics/alternation: 0.9759
            Metrics/single_support: 0.9107
                    Metrics/facing: 0.9768
     Metrics/planted_when_standing: 0.6436
            Metrics/foot_clearance: 0.1365
                    Metrics/height: 0.6728
                 Metrics/fall_rate: 0.2887
   Metrics/standing_world_fraction: 0.4018
        Metrics/fall_rate_standing: 0.7185
          Metrics/fall_rate_moving: 0.0000
                  Metrics/tilt_deg: 27.4457
        Metrics/actuator_force_abs: 31.2993
        Metrics/actuator_force_max: 149.3197
               Metrics/action_cost: 0.7784
               Metrics/action_rate: 0.5298
           Metrics/joint_accel_abs: 70.8377
           Metrics/hinge_speed_max: 11.8024
       Metrics/over_speed_fraction: 0.0746
            Metrics/track_err_frac: 0.3302
        Metrics/track_within_10pct: 0.1680
           Metrics/overlift_factor: 0.6257
      Metrics/getup_world_fraction: 0.2911
        Metrics/getup_success_rate: 0.0000
          Metrics/getup_risen_rate: 0.0041
           Metrics/getup_time_mean: 0.0000
            Metrics/getup_progress: 0.0210
--------------------------------------------------------------------------------
                   Total timesteps: 10518528
                    Iteration time: 1.91s
                      Time elapsed: 00:03:29
                               ETA: 00:00:27

################################################################################
                      [1m Learning iteration 107/120 [0m                      

                       Computation: 51363 steps/s (collection: 1.393s, learning 0.521s)
             Mean action noise std: 0.96
          Mean value_function loss: 0.0488
               Mean surrogate loss: -0.0074
                 Mean entropy loss: 41.2565
                       Mean reward: 31.44
               Mean episode length: 853.57
               Metrics/speed_ratio: 0.7805
       Metrics/drift_when_standing: 0.1916
          Metrics/upright_fraction: 0.7155
               Metrics/alternation: 0.9793
            Metrics/single_support: 0.9126
                    Metrics/facing: 0.9774
     Metrics/planted_when_standing: 0.6324
            Metrics/foot_clearance: 0.1397
                    Metrics/height: 0.6775
                 Metrics/fall_rate: 0.2822
   Metrics/standing_world_fraction: 0.3952
        Metrics/fall_rate_standing: 0.7138
          Metrics/fall_rate_moving: 0.0001
                  Metrics/tilt_deg: 27.2899
        Metrics/actuator_force_abs: 31.3126
        Metrics/actuator_force_max: 149.7104
               Metrics/action_cost: 0.7787
               Metrics/action_rate: 0.5291
           Metrics/joint_accel_abs: 70.9211
           Metrics/hinge_speed_max: 11.8800
       Metrics/over_speed_fraction: 0.0757
            Metrics/track_err_frac: 0.3294
        Metrics/track_within_10pct: 0.1706
           Metrics/overlift_factor: 0.6163
      Metrics/getup_world_fraction: 0.2843
        Metrics/getup_success_rate: 0.0000
          Metrics/getup_risen_rate: 0.0060
           Metrics/getup_time_mean: 0.0000
            Metrics/getup_progress: 0.0209
--------------------------------------------------------------------------------
                   Total timesteps: 10616832
                    Iteration time: 1.91s
                      Time elapsed: 00:03:31
                               ETA: 00:00:25

################################################################################
                      [1m Learning iteration 108/120 [0m                      

                       Computation: 51616 steps/s (collection: 1.388s, learning 0.516s)
             Mean action noise std: 0.96
          Mean value_function loss: 0.0399
               Mean surrogate loss: -0.0101
                 Mean entropy loss: 41.2266
                       Mean reward: 33.35
               Mean episode length: 852.85
               Metrics/speed_ratio: 0.7741
       Metrics/drift_when_standing: 0.1856
          Metrics/upright_fraction: 0.7215
               Metrics/alternation: 0.9766
            Metrics/single_support: 0.9140
                    Metrics/facing: 0.9775
     Metrics/planted_when_standing: 0.6408
            Metrics/foot_clearance: 0.1398
                    Metrics/height: 0.6821
                 Metrics/fall_rate: 0.2764
   Metrics/standing_world_fraction: 0.3891
        Metrics/fall_rate_standing: 0.7104
          Metrics/fall_rate_moving: 0.0000
                  Metrics/tilt_deg: 26.8856
        Metrics/actuator_force_abs: 31.2436
        Metrics/actuator_force_max: 149.1558
               Metrics/action_cost: 0.7789
               Metrics/action_rate: 0.5284
           Metrics/joint_accel_abs: 70.8214
           Metrics/hinge_speed_max: 11.8449
       Metrics/over_speed_fraction: 0.0754
            Metrics/track_err_frac: 0.3288
        Metrics/track_within_10pct: 0.1716
           Metrics/overlift_factor: 0.6179
      Metrics/getup_world_fraction: 0.2773
        Metrics/getup_success_rate: 0.0000
          Metrics/getup_risen_rate: 0.0036
           Metrics/getup_time_mean: 0.0000
            Metrics/getup_progress: 0.0164
--------------------------------------------------------------------------------
                   Total timesteps: 10715136
                    Iteration time: 1.90s
                      Time elapsed: 00:03:33
                               ETA: 00:00:23

################################################################################
                      [1m Learning iteration 109/120 [0m                      

                       Computation: 51195 steps/s (collection: 1.392s, learning 0.528s)
             Mean action noise std: 0.96
          Mean value_function loss: 0.0415
               Mean surrogate loss: -0.0085
                 Mean entropy loss: 41.2006
                       Mean reward: 36.69
               Mean episode length: 874.78
               Metrics/speed_ratio: 0.7674
       Metrics/drift_when_standing: 0.1863
          Metrics/upright_fraction: 0.7268
               Metrics/alternation: 0.9791
            Metrics/single_support: 0.9153
                    Metrics/facing: 0.9780
     Metrics/planted_when_standing: 0.6446
            Metrics/foot_clearance: 0.1418
                    Metrics/height: 0.6860
                 Metrics/fall_rate: 0.2717
   Metrics/standing_world_fraction: 0.3847
        Metrics/fall_rate_standing: 0.7062
          Metrics/fall_rate_moving: 0.0000
                  Metrics/tilt_deg: 26.6342
        Metrics/actuator_force_abs: 31.2640
        Metrics/actuator_force_max: 149.3147
               Metrics/action_cost: 0.7789
               Metrics/action_rate: 0.5276
           Metrics/joint_accel_abs: 70.9328
           Metrics/hinge_speed_max: 11.8562
       Metrics/over_speed_fraction: 0.0759
            Metrics/track_err_frac: 0.3313
        Metrics/track_within_10pct: 0.1663
           Metrics/overlift_factor: 0.6128
      Metrics/getup_world_fraction: 0.2734
        Metrics/getup_success_rate: 0.0000
          Metrics/getup_risen_rate: 0.0049
           Metrics/getup_time_mean: 0.0000
            Metrics/getup_progress: 0.0190
--------------------------------------------------------------------------------
                   Total timesteps: 10813440
                    Iteration time: 1.92s
                      Time elapsed: 00:03:35
                               ETA: 00:00:21

################################################################################
                      [1m Learning iteration 110/120 [0m                      

                       Computation: 51353 steps/s (collection: 1.392s, learning 0.522s)
             Mean action noise std: 0.96
          Mean value_function loss: 0.0428
               Mean surrogate loss: -0.0098
                 Mean entropy loss: 41.1629
                       Mean reward: 33.64
               Mean episode length: 870.35
               Metrics/speed_ratio: 0.7591
       Metrics/drift_when_standing: 0.1872
          Metrics/upright_fraction: 0.7299
               Metrics/alternation: 0.9794
            Metrics/single_support: 0.9144
                    Metrics/facing: 0.9781
     Metrics/planted_when_standing: 0.6520
            Metrics/foot_clearance: 0.1416
                    Metrics/height: 0.6892
                 Metrics/fall_rate: 0.2672
   Metrics/standing_world_fraction: 0.3822
        Metrics/fall_rate_standing: 0.6990
          Metrics/fall_rate_moving: 0.0001
                  Metrics/tilt_deg: 26.3733
        Metrics/actuator_force_abs: 31.2219
        Metrics/actuator_force_max: 149.3076
               Metrics/action_cost: 0.7793
               Metrics/action_rate: 0.5265
           Metrics/joint_accel_abs: 70.7600
           Metrics/hinge_speed_max: 11.8446
       Metrics/over_speed_fraction: 0.0755
            Metrics/track_err_frac: 0.3344
        Metrics/track_within_10pct: 0.1616
           Metrics/overlift_factor: 0.6167
      Metrics/getup_world_fraction: 0.2696
        Metrics/getup_success_rate: 0.0000
          Metrics/getup_risen_rate: 0.0062
           Metrics/getup_time_mean: 0.0000
            Metrics/getup_progress: 0.0209
--------------------------------------------------------------------------------
                   Total timesteps: 10911744
                    Iteration time: 1.91s
                      Time elapsed: 00:03:36
                               ETA: 00:00:19

################################################################################
                      [1m Learning iteration 111/120 [0m                      

                       Computation: 50895 steps/s (collection: 1.410s, learning 0.522s)
             Mean action noise std: 0.96
          Mean value_function loss: 0.0411
               Mean surrogate loss: -0.0067
                 Mean entropy loss: 41.1287
                       Mean reward: 34.49
               Mean episode length: 829.63
               Metrics/speed_ratio: 0.7630
       Metrics/drift_when_standing: 0.1837
          Metrics/upright_fraction: 0.7361
               Metrics/alternation: 0.9780
            Metrics/single_support: 0.9168
                    Metrics/facing: 0.9787
     Metrics/planted_when_standing: 0.6572
            Metrics/foot_clearance: 0.1428
                    Metrics/height: 0.6942
                 Metrics/fall_rate: 0.2618
   Metrics/standing_world_fraction: 0.3785
        Metrics/fall_rate_standing: 0.6914
          Metrics/fall_rate_moving: 0.0001
                  Metrics/tilt_deg: 25.9404
        Metrics/actuator_force_abs: 31.1655
        Metrics/actuator_force_max: 149.1408
               Metrics/action_cost: 0.7790
               Metrics/action_rate: 0.5259
           Metrics/joint_accel_abs: 70.6606
           Metrics/hinge_speed_max: 11.8425
       Metrics/over_speed_fraction: 0.0753
            Metrics/track_err_frac: 0.3308
        Metrics/track_within_10pct: 0.1623
           Metrics/overlift_factor: 0.6091
      Metrics/getup_world_fraction: 0.2636
        Metrics/getup_success_rate: 0.0000
          Metrics/getup_risen_rate: 0.0050
           Metrics/getup_time_mean: 0.0000
            Metrics/getup_progress: 0.0203
--------------------------------------------------------------------------------
                   Total timesteps: 11010048
                    Iteration time: 1.93s
                      Time elapsed: 00:03:38
                               ETA: 00:00:17

################################################################################
                      [1m Learning iteration 112/120 [0m                      

                       Computation: 51075 steps/s (collection: 1.396s, learning 0.528s)
             Mean action noise std: 0.96
          Mean value_function loss: 0.0409
               Mean surrogate loss: -0.0083
                 Mean entropy loss: 41.1021
                       Mean reward: 35.89
               Mean episode length: 884.68
               Metrics/speed_ratio: 0.7769
       Metrics/drift_when_standing: 0.1831
          Metrics/upright_fraction: 0.7418
               Metrics/alternation: 0.9822
            Metrics/single_support: 0.9194
                    Metrics/facing: 0.9794
     Metrics/planted_when_standing: 0.6596
            Metrics/foot_clearance: 0.1438
                    Metrics/height: 0.6979
                 Metrics/fall_rate: 0.2569
   Metrics/standing_world_fraction: 0.3748
        Metrics/fall_rate_standing: 0.6854
          Metrics/fall_rate_moving: 0.0000
                  Metrics/tilt_deg: 25.5342
        Metrics/actuator_force_abs: 31.2047
        Metrics/actuator_force_max: 149.1003
               Metrics/action_cost: 0.7790
               Metrics/action_rate: 0.5245
           Metrics/joint_accel_abs: 70.7271
           Metrics/hinge_speed_max: 11.9049
       Metrics/over_speed_fraction: 0.0760
            Metrics/track_err_frac: 0.3206
        Metrics/track_within_10pct: 0.1728
           Metrics/overlift_factor: 0.6040
      Metrics/getup_world_fraction: 0.2580
        Metrics/getup_success_rate: 0.0000
          Metrics/getup_risen_rate: 0.0019
           Metrics/getup_time_mean: 0.0000
            Metrics/getup_progress: 0.0166
--------------------------------------------------------------------------------
                   Total timesteps: 11108352
                    Iteration time: 1.92s
                      Time elapsed: 00:03:40
                               ETA: 00:00:15

################################################################################
                      [1m Learning iteration 113/120 [0m                      

                       Computation: 51578 steps/s (collection: 1.384s, learning 0.521s)
             Mean action noise std: 0.96
          Mean value_function loss: 0.0325
               Mean surrogate loss: -0.0060
                 Mean entropy loss: 41.0907
                       Mean reward: 40.79
               Mean episode length: 926.70
               Metrics/speed_ratio: 0.7825
       Metrics/drift_when_standing: 0.1785
          Metrics/upright_fraction: 0.7445
               Metrics/alternation: 0.9860
            Metrics/single_support: 0.9193
                    Metrics/facing: 0.9797
     Metrics/planted_when_standing: 0.6585
            Metrics/foot_clearance: 0.1448
                    Metrics/height: 0.7002
                 Metrics/fall_rate: 0.2548
   Metrics/standing_world_fraction: 0.3754
        Metrics/fall_rate_standing: 0.6788
          Metrics/fall_rate_moving: 0.0000
                  Metrics/tilt_deg: 25.3636
        Metrics/actuator_force_abs: 31.1762
        Metrics/actuator_force_max: 148.8215
               Metrics/action_cost: 0.7789
               Metrics/action_rate: 0.5268
           Metrics/joint_accel_abs: 70.7565
           Metrics/hinge_speed_max: 11.8690
       Metrics/over_speed_fraction: 0.0754
            Metrics/track_err_frac: 0.3157
        Metrics/track_within_10pct: 0.1750
           Metrics/overlift_factor: 0.5995
      Metrics/getup_world_fraction: 0.2551
        Metrics/getup_success_rate: 0.0000
          Metrics/getup_risen_rate: 0.0014
           Metrics/getup_time_mean: 0.0000
            Metrics/getup_progress: 0.0153
--------------------------------------------------------------------------------
                   Total timesteps: 11206656
                    Iteration time: 1.91s
                      Time elapsed: 00:03:42
                               ETA: 00:00:13

################################################################################
                      [1m Learning iteration 114/120 [0m                      

                       Computation: 51533 steps/s (collection: 1.384s, learning 0.524s)
             Mean action noise std: 0.96
          Mean value_function loss: 0.0344
               Mean surrogate loss: -0.0082
                 Mean entropy loss: 41.0510
                       Mean reward: 37.19
               Mean episode length: 905.11
               Metrics/speed_ratio: 0.7821
       Metrics/drift_when_standing: 0.1797
          Metrics/upright_fraction: 0.7480
               Metrics/alternation: 0.9828
            Metrics/single_support: 0.9205
                    Metrics/facing: 0.9795
     Metrics/planted_when_standing: 0.6698
            Metrics/foot_clearance: 0.1442
                    Metrics/height: 0.7033
                 Metrics/fall_rate: 0.2514
   Metrics/standing_world_fraction: 0.3738
        Metrics/fall_rate_standing: 0.6726
          Metrics/fall_rate_moving: 0.0000
                  Metrics/tilt_deg: 25.1054
        Metrics/actuator_force_abs: 31.1599
        Metrics/actuator_force_max: 148.7002
               Metrics/action_cost: 0.7784
               Metrics/action_rate: 0.5268
           Metrics/joint_accel_abs: 70.6796
           Metrics/hinge_speed_max: 11.8629
       Metrics/over_speed_fraction: 0.0757
            Metrics/track_err_frac: 0.3167
        Metrics/track_within_10pct: 0.1743
           Metrics/overlift_factor: 0.6037
      Metrics/getup_world_fraction: 0.2520
        Metrics/getup_success_rate: 0.0000
          Metrics/getup_risen_rate: 0.0019
           Metrics/getup_time_mean: 0.0000
            Metrics/getup_progress: 0.0167
--------------------------------------------------------------------------------
                   Total timesteps: 11304960
                    Iteration time: 1.91s
                      Time elapsed: 00:03:44
                               ETA: 00:00:11

################################################################################
                      [1m Learning iteration 115/120 [0m                      

                       Computation: 51393 steps/s (collection: 1.385s, learning 0.528s)
             Mean action noise std: 0.95
          Mean value_function loss: 0.0333
               Mean surrogate loss: -0.0089
                 Mean entropy loss: 41.0122
                       Mean reward: 41.71
               Mean episode length: 907.41
               Metrics/speed_ratio: 0.7753
       Metrics/drift_when_standing: 0.1839
          Metrics/upright_fraction: 0.7505
               Metrics/alternation: 0.9823
            Metrics/single_support: 0.9220
                    Metrics/facing: 0.9795
     Metrics/planted_when_standing: 0.6643
            Metrics/foot_clearance: 0.1460
                    Metrics/height: 0.7058
                 Metrics/fall_rate: 0.2478
   Metrics/standing_world_fraction: 0.3714
        Metrics/fall_rate_standing: 0.6670
          Metrics/fall_rate_moving: 0.0000
                  Metrics/tilt_deg: 24.9900
        Metrics/actuator_force_abs: 31.1979
        Metrics/actuator_force_max: 149.2115
               Metrics/action_cost: 0.7792
               Metrics/action_rate: 0.5261
           Metrics/joint_accel_abs: 70.7234
           Metrics/hinge_speed_max: 11.8857
       Metrics/over_speed_fraction: 0.0760
            Metrics/track_err_frac: 0.3157
        Metrics/track_within_10pct: 0.1768
           Metrics/overlift_factor: 0.5977
      Metrics/getup_world_fraction: 0.2496
        Metrics/getup_success_rate: 0.0000
          Metrics/getup_risen_rate: 0.0053
           Metrics/getup_time_mean: 0.0000
            Metrics/getup_progress: 0.0205
--------------------------------------------------------------------------------
                   Total timesteps: 11403264
                    Iteration time: 1.91s
                      Time elapsed: 00:03:46
                               ETA: 00:00:09

################################################################################
                      [1m Learning iteration 116/120 [0m                      

                       Computation: 51798 steps/s (collection: 1.374s, learning 0.524s)
             Mean action noise std: 0.95
          Mean value_function loss: 0.0338
               Mean surrogate loss: -0.0079
                 Mean entropy loss: 40.9865
                       Mean reward: 38.44
               Mean episode length: 834.85
               Metrics/speed_ratio: 0.7786
       Metrics/drift_when_standing: 0.1850
          Metrics/upright_fraction: 0.7548
               Metrics/alternation: 0.9793
            Metrics/single_support: 0.9243
                    Metrics/facing: 0.9793
     Metrics/planted_when_standing: 0.6653
            Metrics/foot_clearance: 0.1471
                    Metrics/height: 0.7093
                 Metrics/fall_rate: 0.2433
   Metrics/standing_world_fraction: 0.3694
        Metrics/fall_rate_standing: 0.6587
          Metrics/fall_rate_moving: 0.0001
                  Metrics/tilt_deg: 24.5774
        Metrics/actuator_force_abs: 31.1657
        Metrics/actuator_force_max: 149.0309
               Metrics/action_cost: 0.7795
               Metrics/action_rate: 0.5252
           Metrics/joint_accel_abs: 70.7124
           Metrics/hinge_speed_max: 11.8902
       Metrics/over_speed_fraction: 0.0760
            Metrics/track_err_frac: 0.3150
        Metrics/track_within_10pct: 0.1764
           Metrics/overlift_factor: 0.5968
      Metrics/getup_world_fraction: 0.2453
        Metrics/getup_success_rate: 0.0000
          Metrics/getup_risen_rate: 0.0067
           Metrics/getup_time_mean: 0.0000
            Metrics/getup_progress: 0.0203
--------------------------------------------------------------------------------
                   Total timesteps: 11501568
                    Iteration time: 1.90s
                      Time elapsed: 00:03:48
                               ETA: 00:00:07

################################################################################
                      [1m Learning iteration 117/120 [0m                      

                       Computation: 51729 steps/s (collection: 1.379s, learning 0.521s)
             Mean action noise std: 0.95
          Mean value_function loss: 0.0315
               Mean surrogate loss: -0.0061
                 Mean entropy loss: 40.9528
                       Mean reward: 39.75
               Mean episode length: 883.64
               Metrics/speed_ratio: 0.7896
       Metrics/drift_when_standing: 0.1808
          Metrics/upright_fraction: 0.7576
               Metrics/alternation: 0.9816
            Metrics/single_support: 0.9237
                    Metrics/facing: 0.9800
     Metrics/planted_when_standing: 0.6755
            Metrics/foot_clearance: 0.1460
                    Metrics/height: 0.7102
                 Metrics/fall_rate: 0.2411
   Metrics/standing_world_fraction: 0.3679
        Metrics/fall_rate_standing: 0.6555
          Metrics/fall_rate_moving: 0.0000
                  Metrics/tilt_deg: 24.3190
        Metrics/actuator_force_abs: 31.2341
        Metrics/actuator_force_max: 149.2956
               Metrics/action_cost: 0.7790
               Metrics/action_rate: 0.5286
           Metrics/joint_accel_abs: 70.9033
           Metrics/hinge_speed_max: 11.9191
       Metrics/over_speed_fraction: 0.0764
            Metrics/track_err_frac: 0.3073
        Metrics/track_within_10pct: 0.1820
           Metrics/overlift_factor: 0.5969
      Metrics/getup_world_fraction: 0.2422
        Metrics/getup_success_rate: 0.0000
          Metrics/getup_risen_rate: 0.0032
           Metrics/getup_time_mean: 0.0000
            Metrics/getup_progress: 0.0182
--------------------------------------------------------------------------------
                   Total timesteps: 11599872
                    Iteration time: 1.90s
                      Time elapsed: 00:03:50
                               ETA: 00:00:05

################################################################################
                      [1m Learning iteration 118/120 [0m                      

                       Computation: 51618 steps/s (collection: 1.377s, learning 0.528s)
             Mean action noise std: 0.95
          Mean value_function loss: 0.0288
               Mean surrogate loss: -0.0079
                 Mean entropy loss: 40.9156
                       Mean reward: 41.19
               Mean episode length: 905.19
               Metrics/speed_ratio: 0.7985
       Metrics/drift_when_standing: 0.1778
          Metrics/upright_fraction: 0.7641
               Metrics/alternation: 0.9807
            Metrics/single_support: 0.9259
                    Metrics/facing: 0.9804
     Metrics/planted_when_standing: 0.6758
            Metrics/foot_clearance: 0.1475
                    Metrics/height: 0.7154
                 Metrics/fall_rate: 0.2352
   Metrics/standing_world_fraction: 0.3649
        Metrics/fall_rate_standing: 0.6446
          Metrics/fall_rate_moving: 0.0000
                  Metrics/tilt_deg: 23.9721
        Metrics/actuator_force_abs: 31.2294
        Metrics/actuator_force_max: 149.0625
               Metrics/action_cost: 0.7779
               Metrics/action_rate: 0.5286
           Metrics/joint_accel_abs: 70.8359
           Metrics/hinge_speed_max: 11.8827
       Metrics/over_speed_fraction: 0.0760
            Metrics/track_err_frac: 0.3000
        Metrics/track_within_10pct: 0.1884
           Metrics/overlift_factor: 0.5953
      Metrics/getup_world_fraction: 0.2363
        Metrics/getup_success_rate: 0.0000
          Metrics/getup_risen_rate: 0.0036
           Metrics/getup_time_mean: 0.0000
            Metrics/getup_progress: 0.0186
--------------------------------------------------------------------------------
                   Total timesteps: 11698176
                    Iteration time: 1.90s
                      Time elapsed: 00:03:52
                               ETA: 00:00:03

################################################################################
                      [1m Learning iteration 119/120 [0m                      

                       Computation: 51733 steps/s (collection: 1.374s, learning 0.526s)
             Mean action noise std: 0.95
          Mean value_function loss: 0.0352
               Mean surrogate loss: -0.0064
                 Mean entropy loss: 40.8895
                       Mean reward: 39.53
               Mean episode length: 897.66
               Metrics/speed_ratio: 0.8038
       Metrics/drift_when_standing: 0.1820
          Metrics/upright_fraction: 0.7672
               Metrics/alternation: 0.9842
            Metrics/single_support: 0.9272
                    Metrics/facing: 0.9805
     Metrics/planted_when_standing: 0.6799
            Metrics/foot_clearance: 0.1483
                    Metrics/height: 0.7185
                 Metrics/fall_rate: 0.2315
   Metrics/standing_world_fraction: 0.3643
        Metrics/fall_rate_standing: 0.6354
          Metrics/fall_rate_moving: 0.0000
                  Metrics/tilt_deg: 23.7360
        Metrics/actuator_force_abs: 31.1385
        Metrics/actuator_force_max: 148.7877
               Metrics/action_cost: 0.7784
               Metrics/action_rate: 0.5273
           Metrics/joint_accel_abs: 70.6736
           Metrics/hinge_speed_max: 11.8758
       Metrics/over_speed_fraction: 0.0757
            Metrics/track_err_frac: 0.2961
        Metrics/track_within_10pct: 0.1918
           Metrics/overlift_factor: 0.5901
      Metrics/getup_world_fraction: 0.2327
        Metrics/getup_success_rate: 0.0000
          Metrics/getup_risen_rate: 0.0028
           Metrics/getup_time_mean: 0.0000
            Metrics/getup_progress: 0.0185
--------------------------------------------------------------------------------
                   Total timesteps: 11796480
                    Iteration time: 1.90s
                      Time elapsed: 00:03:54
                               ETA: 00:00:01

TRAINING_DONE
