TRAIN_LOOP attempt 1/5: C:\Users\punko\Downloads\PoBox\Tools\MuJoCo\.venv\Scripts\python.exe C:\Users\punko\Downloads\PoBox\Tools\MuJoCo\train_nick.py --run-name nickgetup01 --num-envs 4096 --resume-latest --until-iteration 45000 --getup-fraction 0.40 --env getup_start_crouch_fraction=0.30 --train entropy_coef=0.005 --save-interval 50
Warp 1.17.0 initialized:
   CUDA Toolkit 12.9, Driver 13.3
   Devices:
     "cpu"      : "Intel64 Family 6 Model 165 Stepping 2, GenuineIntel"
     "cuda:0"   : "NVIDIA GeForce RTX 2060" (6 GiB, sm_75, mempool enabled)
   Kernel cache:
     \\?\C:\Users\punko\AppData\Local\NVIDIA\warp\Cache\1.17.0
Module validate_and_correct_inertia_kernel_1ff2ac62 6ad45b8 load on device 'cpu' took 19.45 ms  (cached)
Module newton._src.geometry.bvh 4a1c07f load on device 'cpu' took 14.75 ms  (cached)
Module newton._src.viewer.gl.opengl cbc7b29 load on device 'cpu' took 25.67 ms  (cached)
Module newton._src.viewer.kernels 902c7e8 load on device 'cpu' took 14.07 ms  (cached)
Module newton._src.viewer.viewer_gl b02d39c load on device 'cpu' took 15.11 ms  (cached)
Module newton._src.geometry.raycast 50212d9 load on device 'cpu' took 17.30 ms  (cached)
Actor MLP: Sequential(
  (0): Linear(in_features=127, out_features=512, bias=True)
  (1): ELU(alpha=1.0)
  (2): Linear(in_features=512, out_features=256, bias=True)
  (3): ELU(alpha=1.0)
  (4): Linear(in_features=256, out_features=128, bias=True)
  (5): ELU(alpha=1.0)
  (6): Linear(in_features=128, out_features=30, bias=True)
)
Critic MLP: Sequential(
  (0): Linear(in_features=127, out_features=512, bias=True)
  (1): ELU(alpha=1.0)
  (2): Linear(in_features=512, out_features=256, bias=True)
  (3): ELU(alpha=1.0)
  (4): Linear(in_features=256, out_features=128, bias=True)
  (5): ELU(alpha=1.0)
  (6): Linear(in_features=128, out_features=1, bias=True)
)
policy: model_30000.pt (iteration 30000) | model=C:\Users\punko\Downloads\PoBox\Tools\MuJoCo\nick_unity.xml | timestep=0.005000 decimation=4
  env override getup_start_crouch_fraction = 0.3
TensorBoard housekeeping
  TensorBoard started on http://localhost:6007 (pid 5376)
ENV READY  num_envs=4096  obs=127  act=30  control_dt=0.020  model=C:\Users\punko\Downloads\PoBox\Tools\MuJoCo\nick_unity.xml
  train override entropy_coef = 0.005
Actor MLP: Sequential(
  (0): Linear(in_features=127, out_features=512, bias=True)
  (1): ELU(alpha=1.0)
  (2): Linear(in_features=512, out_features=256, bias=True)
  (3): ELU(alpha=1.0)
  (4): Linear(in_features=256, out_features=128, bias=True)
  (5): ELU(alpha=1.0)
  (6): Linear(in_features=128, out_features=30, bias=True)
)
Critic MLP: Sequential(
  (0): Linear(in_features=127, out_features=512, bias=True)
  (1): ELU(alpha=1.0)
  (2): Linear(in_features=512, out_features=256, bias=True)
  (3): ELU(alpha=1.0)
  (4): Linear(in_features=256, out_features=128, bias=True)
  (5): ELU(alpha=1.0)
  (6): Linear(in_features=128, out_features=1, bias=True)
)
  resumed from C:\Users\punko\Downloads\PoBox\results\nick\nickgetup01\model_29999.pt (iteration 29999)
  MuJoCo viewer started, following C:\Users\punko\Downloads\PoBox\results\nick\nickgetup01 (pid 23980)
TRAINING  logs -> C:\Users\punko\Downloads\PoBox\results\nick\nickgetup01
################################################################################
                    [1m Learning iteration 29999/45000 [0m                    

                       Computation: 44288 steps/s (collection: 1.561s, learning 0.659s)
             Mean action noise std: 28.24
          Mean value_function loss: 0.7792
               Mean surrogate loss: 0.1406
                 Mean entropy loss: 138.4844
                       Mean reward: 0.50
               Mean episode length: 17.45
               Metrics/speed_ratio: 0.6200
       Metrics/drift_when_standing: 0.5032
          Metrics/upright_fraction: 0.8224
               Metrics/alternation: 0.4551
            Metrics/single_support: 0.7986
                    Metrics/facing: 0.9792
     Metrics/planted_when_standing: 0.4713
            Metrics/foot_clearance: 0.1676
                    Metrics/height: 0.7832
                 Metrics/fall_rate: 0.1824
   Metrics/standing_world_fraction: 0.4710
        Metrics/fall_rate_standing: 0.3864
          Metrics/fall_rate_moving: 0.0000
                  Metrics/tilt_deg: 19.9533
        Metrics/actuator_force_abs: 30.4380
        Metrics/actuator_force_max: 147.0923
               Metrics/action_cost: 0.9888
               Metrics/action_rate: 0.5169
           Metrics/joint_accel_abs: 70.5940
           Metrics/hinge_speed_max: 12.9313
       Metrics/over_speed_fraction: 0.1169
            Metrics/track_err_frac: 0.4408
        Metrics/track_within_10pct: 0.1750
           Metrics/overlift_factor: 0.8020
      Metrics/getup_world_fraction: 0.3053
        Metrics/getup_success_rate: 0.0000
          Metrics/getup_risen_rate: 0.3229
           Metrics/getup_time_mean: 0.0000
            Metrics/getup_progress: 0.6375
       Metrics/getup_milestone_sit: 0.5092
    Metrics/getup_milestone_crouch: 0.4017
--------------------------------------------------------------------------------
                   Total timesteps: 98304
                    Iteration time: 2.22s
                      Time elapsed: 00:00:02
                               ETA: 09:14:56

################################################################################
                    [1m Learning iteration 30000/45000 [0m                    

                       Computation: 52728 steps/s (collection: 1.370s, learning 0.494s)
             Mean action noise std: 28.24
          Mean value_function loss: 0.1078
               Mean surrogate loss: 0.0037
                 Mean entropy loss: 138.4868
                       Mean reward: 1.37
               Mean episode length: 43.25
               Metrics/speed_ratio: 1.0498
       Metrics/drift_when_standing: 0.4771
          Metrics/upright_fraction: 0.8414
               Metrics/alternation: 0.9051
            Metrics/single_support: 0.9775
                    Metrics/facing: 0.9847
     Metrics/planted_when_standing: 0.5639
            Metrics/foot_clearance: 0.2454
                    Metrics/height: 0.7815
                 Metrics/fall_rate: 0.1871
   Metrics/standing_world_fraction: 0.4453
        Metrics/fall_rate_standing: 0.4207
          Metrics/fall_rate_moving: 0.0000
                  Metrics/tilt_deg: 19.6604
        Metrics/actuator_force_abs: 24.3744
        Metrics/actuator_force_max: 135.8527
               Metrics/action_cost: 0.9874
               Metrics/action_rate: 0.3726
           Metrics/joint_accel_abs: 51.5496
           Metrics/hinge_speed_max: 12.1722
       Metrics/over_speed_fraction: 0.0806
            Metrics/track_err_frac: 0.2154
        Metrics/track_within_10pct: 0.3529
           Metrics/overlift_factor: 0.3448
      Metrics/getup_world_fraction: 0.2725
        Metrics/getup_success_rate: 0.0000
          Metrics/getup_risen_rate: 0.2980
           Metrics/getup_time_mean: 0.0000
            Metrics/getup_progress: 0.5705
       Metrics/getup_milestone_sit: 0.5417
    Metrics/getup_milestone_crouch: 0.3967
--------------------------------------------------------------------------------
                   Total timesteps: 196608
                    Iteration time: 1.86s
                      Time elapsed: 00:00:04
                               ETA: 08:30:29

################################################################################
                    [1m Learning iteration 30001/45000 [0m                    

                       Computation: 52322 steps/s (collection: 1.382s, learning 0.497s)
             Mean action noise std: 28.24
          Mean value_function loss: 0.0597
               Mean surrogate loss: -0.0005
                 Mean entropy loss: 138.4884
                       Mean reward: 2.19
               Mean episode length: 57.46
               Metrics/speed_ratio: 1.0764
       Metrics/drift_when_standing: 0.3660
          Metrics/upright_fraction: 0.8691
               Metrics/alternation: 0.9692
            Metrics/single_support: 0.9873
                    Metrics/facing: 0.9875
     Metrics/planted_when_standing: 0.6680
            Metrics/foot_clearance: 0.2334
                    Metrics/height: 0.7759
                 Metrics/fall_rate: 0.1952
   Metrics/standing_world_fraction: 0.4246
        Metrics/fall_rate_standing: 0.4597
          Metrics/fall_rate_moving: 0.0000
                  Metrics/tilt_deg: 17.0654
        Metrics/actuator_force_abs: 22.5398
        Metrics/actuator_force_max: 130.2701
               Metrics/action_cost: 0.9850
               Metrics/action_rate: 0.3169
           Metrics/joint_accel_abs: 44.0223
           Metrics/hinge_speed_max: 10.7346
       Metrics/over_speed_fraction: 0.0637
            Metrics/track_err_frac: 0.1620
        Metrics/track_within_10pct: 0.4545
           Metrics/overlift_factor: 0.2726
      Metrics/getup_world_fraction: 0.2443
        Metrics/getup_success_rate: 0.0000
          Metrics/getup_risen_rate: 0.1909
           Metrics/getup_time_mean: 0.0000
            Metrics/getup_progress: 0.4742
       Metrics/getup_milestone_sit: 0.5120
    Metrics/getup_milestone_crouch: 0.3091
--------------------------------------------------------------------------------
                   Total timesteps: 294912
                    Iteration time: 1.88s
                      Time elapsed: 00:00:05
                               ETA: 08:16:51

################################################################################
                    [1m Learning iteration 30002/45000 [0m                    

                       Computation: 46761 steps/s (collection: 1.559s, learning 0.543s)
             Mean action noise std: 28.24
          Mean value_function loss: 0.0398
               Mean surrogate loss: 0.0004
                 Mean entropy loss: 138.4893
                       Mean reward: 3.89
               Mean episode length: 77.61
               Metrics/speed_ratio: 1.0757
       Metrics/drift_when_standing: 0.3130
          Metrics/upright_fraction: 0.8804
               Metrics/alternation: 0.9814
            Metrics/single_support: 0.9901
                    Metrics/facing: 0.9910
     Metrics/planted_when_standing: 0.7331
            Metrics/foot_clearance: 0.2184
                    Metrics/height: 0.7763
                 Metrics/fall_rate: 0.2000
   Metrics/standing_world_fraction: 0.4160
        Metrics/fall_rate_standing: 0.4806
          Metrics/fall_rate_moving: 0.0000
                  Metrics/tilt_deg: 16.2108
        Metrics/actuator_force_abs: 22.5345
        Metrics/actuator_force_max: 131.4677
               Metrics/action_cost: 0.9851
               Metrics/action_rate: 0.3133
           Metrics/joint_accel_abs: 45.2747
           Metrics/hinge_speed_max: 11.3091
       Metrics/over_speed_fraction: 0.0673
            Metrics/track_err_frac: 0.1695
        Metrics/track_within_10pct: 0.4675
           Metrics/overlift_factor: 0.2986
      Metrics/getup_world_fraction: 0.2326
        Metrics/getup_success_rate: 0.0000
          Metrics/getup_risen_rate: 0.1321
           Metrics/getup_time_mean: 0.0000
            Metrics/getup_progress: 0.4560
       Metrics/getup_milestone_sit: 0.5880
    Metrics/getup_milestone_crouch: 0.2564
--------------------------------------------------------------------------------
                   Total timesteps: 393216
                    Iteration time: 2.10s
                      Time elapsed: 00:00:08
                               ETA: 08:23:59

################################################################################
                    [1m Learning iteration 30003/45000 [0m                    

                       Computation: 47278 steps/s (collection: 1.537s, learning 0.542s)
             Mean action noise std: 28.24
          Mean value_function loss: 0.0433
               Mean surrogate loss: -0.0045
                 Mean entropy loss: 138.4906
                       Mean reward: 5.74
               Mean episode length: 100.06
               Metrics/speed_ratio: 1.0664
       Metrics/drift_when_standing: 0.2801
          Metrics/upright_fraction: 0.8942
               Metrics/alternation: 0.9871
            Metrics/single_support: 0.9925
                    Metrics/facing: 0.9919
     Metrics/planted_when_standing: 0.7657
            Metrics/foot_clearance: 0.2200
                    Metrics/height: 0.7807
                 Metrics/fall_rate: 0.2016
   Metrics/standing_world_fraction: 0.4141
        Metrics/fall_rate_standing: 0.4869
          Metrics/fall_rate_moving: 0.0000
                  Metrics/tilt_deg: 15.5994
        Metrics/actuator_force_abs: 22.1602
        Metrics/actuator_force_max: 130.0917
               Metrics/action_cost: 0.9853
               Metrics/action_rate: 0.3006
           Metrics/joint_accel_abs: 43.3789
           Metrics/hinge_speed_max: 10.8936
       Metrics/over_speed_fraction: 0.0640
            Metrics/track_err_frac: 0.1544
        Metrics/track_within_10pct: 0.4719
           Metrics/overlift_factor: 0.2733
      Metrics/getup_world_fraction: 0.2294
        Metrics/getup_success_rate: 0.0354
          Metrics/getup_risen_rate: 0.1079
           Metrics/getup_time_mean: 3.9850
            Metrics/getup_progress: 0.4675
       Metrics/getup_milestone_sit: 0.6507
    Metrics/getup_milestone_crouch: 0.2355
--------------------------------------------------------------------------------
                   Total timesteps: 491520
                    Iteration time: 2.08s
                      Time elapsed: 00:00:10
                               ETA: 08:27:06

################################################################################
                    [1m Learning iteration 30004/45000 [0m                    

                       Computation: 49616 steps/s (collection: 1.453s, learning 0.528s)
             Mean action noise std: 28.24
          Mean value_function loss: 0.0252
               Mean surrogate loss: 0.0100
                 Mean entropy loss: 138.4928
                       Mean reward: 6.42
               Mean episode length: 115.18
               Metrics/speed_ratio: 1.0676
       Metrics/drift_when_standing: 0.2764
          Metrics/upright_fraction: 0.9023
               Metrics/alternation: 0.9893
            Metrics/single_support: 0.9935
                    Metrics/facing: 0.9919
     Metrics/planted_when_standing: 0.7903
            Metrics/foot_clearance: 0.2158
                    Metrics/height: 0.7850
                 Metrics/fall_rate: 0.1987
   Metrics/standing_world_fraction: 0.4133
        Metrics/fall_rate_standing: 0.4808
          Metrics/fall_rate_moving: 0.0000
                  Metrics/tilt_deg: 15.1915
        Metrics/actuator_force_abs: 22.1008
        Metrics/actuator_force_max: 130.5880
               Metrics/action_cost: 0.9850
               Metrics/action_rate: 0.2993
           Metrics/joint_accel_abs: 43.5539
           Metrics/hinge_speed_max: 11.0458
       Metrics/over_speed_fraction: 0.0645
            Metrics/track_err_frac: 0.1575
        Metrics/track_within_10pct: 0.4765
           Metrics/overlift_factor: 0.2804
      Metrics/getup_world_fraction: 0.2270
        Metrics/getup_success_rate: 0.0484
          Metrics/getup_risen_rate: 0.1011
           Metrics/getup_time_mean: 4.3990
            Metrics/getup_progress: 0.4874
       Metrics/getup_milestone_sit: 0.6905
    Metrics/getup_milestone_crouch: 0.2300
--------------------------------------------------------------------------------
                   Total timesteps: 589824
                    Iteration time: 1.98s
                      Time elapsed: 00:00:12
                               ETA: 08:25:05

################################################################################
                    [1m Learning iteration 30005/45000 [0m                    

                       Computation: 49364 steps/s (collection: 1.464s, learning 0.528s)
             Mean action noise std: 28.24
          Mean value_function loss: 0.0226
               Mean surrogate loss: -0.0003
                 Mean entropy loss: 138.4937
                       Mean reward: 9.52
               Mean episode length: 143.76
               Metrics/speed_ratio: 1.0612
       Metrics/drift_when_standing: 0.2731
          Metrics/upright_fraction: 0.9074
               Metrics/alternation: 0.9886
            Metrics/single_support: 0.9930
                    Metrics/facing: 0.9921
     Metrics/planted_when_standing: 0.8070
            Metrics/foot_clearance: 0.2158
                    Metrics/height: 0.7881
                 Metrics/fall_rate: 0.1999
   Metrics/standing_world_fraction: 0.4134
        Metrics/fall_rate_standing: 0.4836
          Metrics/fall_rate_moving: 0.0000
                  Metrics/tilt_deg: 15.0814
        Metrics/actuator_force_abs: 22.0094
        Metrics/actuator_force_max: 130.1735
               Metrics/action_cost: 0.9848
               Metrics/action_rate: 0.2955
           Metrics/joint_accel_abs: 43.2112
           Metrics/hinge_speed_max: 10.8932
       Metrics/over_speed_fraction: 0.0634
            Metrics/track_err_frac: 0.1526
        Metrics/track_within_10pct: 0.4889
           Metrics/overlift_factor: 0.2694
      Metrics/getup_world_fraction: 0.2259
        Metrics/getup_success_rate: 0.0541
          Metrics/getup_risen_rate: 0.0972
           Metrics/getup_time_mean: 4.1480
            Metrics/getup_progress: 0.5005
       Metrics/getup_milestone_sit: 0.7167
    Metrics/getup_milestone_crouch: 0.2261
--------------------------------------------------------------------------------
                   Total timesteps: 688128
                    Iteration time: 1.99s
                      Time elapsed: 00:00:14
                               ETA: 08:24:00

################################################################################
                    [1m Learning iteration 30006/45000 [0m                    

                       Computation: 48335 steps/s (collection: 1.496s, learning 0.538s)
             Mean action noise std: 28.24
          Mean value_function loss: 0.0200
               Mean surrogate loss: -0.0022
                 Mean entropy loss: 138.4972
                       Mean reward: 9.00
               Mean episode length: 152.02
               Metrics/speed_ratio: 1.0656
       Metrics/drift_when_standing: 0.2616
          Metrics/upright_fraction: 0.9158
               Metrics/alternation: 0.9910
            Metrics/single_support: 0.9935
                    Metrics/facing: 0.9922
     Metrics/planted_when_standing: 0.8195
            Metrics/foot_clearance: 0.2147
                    Metrics/height: 0.7893
                 Metrics/fall_rate: 0.2003
   Metrics/standing_world_fraction: 0.4150
        Metrics/fall_rate_standing: 0.4826
          Metrics/fall_rate_moving: 0.0000
                  Metrics/tilt_deg: 14.7677
        Metrics/actuator_force_abs: 21.8202
        Metrics/actuator_force_max: 129.7846
               Metrics/action_cost: 0.9846
               Metrics/action_rate: 0.2911
           Metrics/joint_accel_abs: 42.9086
           Metrics/hinge_speed_max: 10.8899
       Metrics/over_speed_fraction: 0.0628
            Metrics/track_err_frac: 0.1524
        Metrics/track_within_10pct: 0.4922
           Metrics/overlift_factor: 0.2699
      Metrics/getup_world_fraction: 0.2268
        Metrics/getup_success_rate: 0.0559
          Metrics/getup_risen_rate: 0.0999
           Metrics/getup_time_mean: 3.8977
            Metrics/getup_progress: 0.5084
       Metrics/getup_milestone_sit: 0.7330
    Metrics/getup_milestone_crouch: 0.2309
--------------------------------------------------------------------------------
                   Total timesteps: 786432
                    Iteration time: 2.03s
                      Time elapsed: 00:00:16
                               ETA: 08:24:30
NICK_WATCH 0 | BALANCE | cmd=0.00 measured=0.186 m/s distance=1.843 m alternation=0.000 switches=0 clearance=0.013 m down=0/500 steps falls=0
NICK_PHYSICS {"mode": "BALANCE", "actuators": ["a_Torso_pitch_62", "a_Torso_roll_63", "a_Torso_yaw_64", "a_Head_pitch_65", "a_Head_roll_66", "a_Head_yaw_67", "a_ThighL_pitch_68", "a_ThighL_roll_69", "a_ThighL_yaw_70", "a_ShinL_pitch_71", "a_FootL_pitch_72", "a_FootL_roll_73", "a_ThighR_pitch_74", "a_ThighR_roll_75", "a_ThighR_yaw_76", "a_ShinR_pitch_77", "a_FootR_pitch_78", "a_FootR_roll_79", "a_UpperArmL_pitch_80", "a_UpperArmL_roll_81", "a_UpperArmL_yaw_82", "a_ForearmL_pitch_83", "a_GloveL_pitch_84", "a_GloveL_yaw_85", "a_UpperArmR_pitch_86", "a_UpperArmR_roll_87", "a_UpperArmR_yaw_88", "a_ForearmR_pitch_89", "a_GloveR_pitch_90", "a_GloveR_yaw_91"], "max_torque_nm": [150.0, 100.0, 60.0, 15.0, 10.0, 8.0, 200.0, 80.0, 40.0, 200.0, 120.0, 20.0, 200.0, 80.0, 40.0, 200.0, 120.0, 20.0, 60.0, 34.9066, 25.0, 0.297518818104594, 10.0, 5.0, 60.0, 35.83780390020632, 25.0, 0.5721132450254038, 10.0, 5.0], "max_joint_speed_rad_s": [2.959141189785655, 3.1718050476368385, 6.317701360003907, 4.810662478864977, 3.0748999236544616, 3.377953694811287, 7.134083798898199, 5.252791629737635, 7.23584315475289, 6.340704176347855, 18.394541824000367, 7.087129349739896, 7.628739605346695, 4.984707270961158, 8.42815884480097, 9.586116444424603, 18.247096036228786, 4.788521022130707, 10.682306472147282, 2.7124143528745726, 4.0490247261701215, 0.09530246430337053, 4.322939316638584, 2.142273582400679, 10.034002892090268, 2.8176690430671036, 3.842716132024968, 0.12468719500518782, 3.8396168509941275, 1.708107746048829]}

################################################################################
                    [1m Learning iteration 30007/45000 [0m                    

                       Computation: 49204 steps/s (collection: 1.463s, learning 0.535s)
             Mean action noise std: 28.24
          Mean value_function loss: 0.0177
               Mean surrogate loss: -0.0005
                 Mean entropy loss: 138.5024
                       Mean reward: 11.26
               Mean episode length: 175.04
               Metrics/speed_ratio: 1.0705
       Metrics/drift_when_standing: 0.2565
          Metrics/upright_fraction: 0.9167
               Metrics/alternation: 0.9917
            Metrics/single_support: 0.9941
                    Metrics/facing: 0.9922
     Metrics/planted_when_standing: 0.8265
            Metrics/foot_clearance: 0.2130
                    Metrics/height: 0.7888
                 Metrics/fall_rate: 0.2013
   Metrics/standing_world_fraction: 0.4154
        Metrics/fall_rate_standing: 0.4846
          Metrics/fall_rate_moving: 0.0000
                  Metrics/tilt_deg: 14.7536
        Metrics/actuator_force_abs: 21.9105
        Metrics/actuator_force_max: 130.2593
               Metrics/action_cost: 0.9848
               Metrics/action_rate: 0.2923
           Metrics/joint_accel_abs: 43.2833
           Metrics/hinge_speed_max: 10.9808
       Metrics/over_speed_fraction: 0.0638
            Metrics/track_err_frac: 0.1542
        Metrics/track_within_10pct: 0.4810
           Metrics/overlift_factor: 0.2706
      Metrics/getup_world_fraction: 0.2286
        Metrics/getup_success_rate: 0.0579
          Metrics/getup_risen_rate: 0.1014
           Metrics/getup_time_mean: 3.6217
            Metrics/getup_progress: 0.5139
       Metrics/getup_milestone_sit: 0.7417
    Metrics/getup_milestone_crouch: 0.2310
--------------------------------------------------------------------------------
                   Total timesteps: 884736
                    Iteration time: 2.00s
                      Time elapsed: 00:00:18
                               ETA: 08:23:53

################################################################################
                    [1m Learning iteration 30008/45000 [0m                    

                       Computation: 48350 steps/s (collection: 1.514s, learning 0.519s)
             Mean action noise std: 28.24
          Mean value_function loss: 0.0157
               Mean surrogate loss: -0.0022
                 Mean entropy loss: 138.5043
                       Mean reward: 13.90
               Mean episode length: 209.87
               Metrics/speed_ratio: 1.0661
       Metrics/drift_when_standing: 0.2505
          Metrics/upright_fraction: 0.9207
               Metrics/alternation: 0.9908
            Metrics/single_support: 0.9937
                    Metrics/facing: 0.9921
     Metrics/planted_when_standing: 0.8397
            Metrics/foot_clearance: 0.2110
                    Metrics/height: 0.7894
                 Metrics/fall_rate: 0.2020
   Metrics/standing_world_fraction: 0.4159
        Metrics/fall_rate_standing: 0.4858
          Metrics/fall_rate_moving: 0.0000
                  Metrics/tilt_deg: 14.6077
        Metrics/actuator_force_abs: 21.8199
        Metrics/actuator_force_max: 129.9913
               Metrics/action_cost: 0.9848
               Metrics/action_rate: 0.2893
           Metrics/joint_accel_abs: 43.1845
           Metrics/hinge_speed_max: 10.9254
       Metrics/over_speed_fraction: 0.0632
            Metrics/track_err_frac: 0.1534
        Metrics/track_within_10pct: 0.4903
           Metrics/overlift_factor: 0.2722
      Metrics/getup_world_fraction: 0.2290
        Metrics/getup_success_rate: 0.0599
          Metrics/getup_risen_rate: 0.0996
           Metrics/getup_time_mean: 3.4188
            Metrics/getup_progress: 0.5174
       Metrics/getup_milestone_sit: 0.7562
    Metrics/getup_milestone_crouch: 0.2282
--------------------------------------------------------------------------------
                   Total timesteps: 983040
                    Iteration time: 2.03s
                      Time elapsed: 00:00:20
                               ETA: 08:24:16

################################################################################
                    [1m Learning iteration 30009/45000 [0m                    

                       Computation: 47238 steps/s (collection: 1.546s, learning 0.535s)
             Mean action noise std: 28.24
          Mean value_function loss: 0.0133
               Mean surrogate loss: -0.0035
                 Mean entropy loss: 138.5069
                       Mean reward: 14.20
               Mean episode length: 223.56
               Metrics/speed_ratio: 1.0637
       Metrics/drift_when_standing: 0.2456
          Metrics/upright_fraction: 0.9231
               Metrics/alternation: 0.9901
            Metrics/single_support: 0.9934
                    Metrics/facing: 0.9922
     Metrics/planted_when_standing: 0.8450
            Metrics/foot_clearance: 0.2091
                    Metrics/height: 0.7888
                 Metrics/fall_rate: 0.2029
   Metrics/standing_world_fraction: 0.4168
        Metrics/fall_rate_standing: 0.4868
          Metrics/fall_rate_moving: 0.0000
                  Metrics/tilt_deg: 14.5040
        Metrics/actuator_force_abs: 21.8845
        Metrics/actuator_force_max: 130.0993
               Metrics/action_cost: 0.9847
               Metrics/action_rate: 0.2908
           Metrics/joint_accel_abs: 43.4209
           Metrics/hinge_speed_max: 10.9751
       Metrics/over_speed_fraction: 0.0639
            Metrics/track_err_frac: 0.1532
        Metrics/track_within_10pct: 0.4850
           Metrics/overlift_factor: 0.2720
      Metrics/getup_world_fraction: 0.2284
        Metrics/getup_success_rate: 0.0617
          Metrics/getup_risen_rate: 0.0954
           Metrics/getup_time_mean: 3.2885
            Metrics/getup_progress: 0.5161
       Metrics/getup_milestone_sit: 0.7547
    Metrics/getup_milestone_crouch: 0.2209
--------------------------------------------------------------------------------
                   Total timesteps: 1081344
                    Iteration time: 2.08s
                      Time elapsed: 00:00:22
                               ETA: 08:25:40

################################################################################
                    [1m Learning iteration 30010/45000 [0m                    

                       Computation: 49553 steps/s (collection: 1.454s, learning 0.530s)
             Mean action noise std: 28.24
          Mean value_function loss: 0.0139
               Mean surrogate loss: -0.0029
                 Mean entropy loss: 138.5114
                       Mean reward: 17.31
               Mean episode length: 256.30
               Metrics/speed_ratio: 1.0572
       Metrics/drift_when_standing: 0.2495
          Metrics/upright_fraction: 0.9263
               Metrics/alternation: 0.9889
            Metrics/single_support: 0.9929
                    Metrics/facing: 0.9919
     Metrics/planted_when_standing: 0.8446
            Metrics/foot_clearance: 0.2095
                    Metrics/height: 0.7890
                 Metrics/fall_rate: 0.2040
   Metrics/standing_world_fraction: 0.4172
        Metrics/fall_rate_standing: 0.4891
          Metrics/fall_rate_moving: 0.0000
                  Metrics/tilt_deg: 14.4719
        Metrics/actuator_force_abs: 21.8385
        Metrics/actuator_force_max: 130.0602
               Metrics/action_cost: 0.9845
               Metrics/action_rate: 0.2889
           Metrics/joint_accel_abs: 43.2622
           Metrics/hinge_speed_max: 10.9318
       Metrics/over_speed_fraction: 0.0635
            Metrics/track_err_frac: 0.1518
        Metrics/track_within_10pct: 0.4914
           Metrics/overlift_factor: 0.2714
      Metrics/getup_world_fraction: 0.2300
        Metrics/getup_success_rate: 0.0622
          Metrics/getup_risen_rate: 0.0989
           Metrics/getup_time_mean: 3.2721
            Metrics/getup_progress: 0.5209
       Metrics/getup_milestone_sit: 0.7545
    Metrics/getup_milestone_crouch: 0.2198
--------------------------------------------------------------------------------
                   Total timesteps: 1179648
                    Iteration time: 1.98s
                      Time elapsed: 00:00:24
                               ETA: 08:24:48
NICK_WATCH 1 | WALK | cmd=1.00 measured=0.997 m/s distance=9.971 m alternation=1.000 switches=30 clearance=0.328 m down=0/500 steps falls=0
NICK_PHYSICS {"mode": "WALK", "actuators": ["a_Torso_pitch_62", "a_Torso_roll_63", "a_Torso_yaw_64", "a_Head_pitch_65", "a_Head_roll_66", "a_Head_yaw_67", "a_ThighL_pitch_68", "a_ThighL_roll_69", "a_ThighL_yaw_70", "a_ShinL_pitch_71", "a_FootL_pitch_72", "a_FootL_roll_73", "a_ThighR_pitch_74", "a_ThighR_roll_75", "a_ThighR_yaw_76", "a_ShinR_pitch_77", "a_FootR_pitch_78", "a_FootR_roll_79", "a_UpperArmL_pitch_80", "a_UpperArmL_roll_81", "a_UpperArmL_yaw_82", "a_ForearmL_pitch_83", "a_GloveL_pitch_84", "a_GloveL_yaw_85", "a_UpperArmR_pitch_86", "a_UpperArmR_roll_87", "a_UpperArmR_yaw_88", "a_ForearmR_pitch_89", "a_GloveR_pitch_90", "a_GloveR_yaw_91"], "max_torque_nm": [150.0, 100.0, 60.0, 15.0, 10.0, 8.0, 200.0, 80.0, 40.0, 200.0, 120.0, 20.0, 200.0, 80.0, 40.0, 200.0, 120.0, 20.0, 60.0, 60.0, 25.0, 0.39527783106062125, 10.0, 5.0, 60.0, 35.18320235704411, 25.0, 60.0, 10.0, 5.0], "max_joint_speed_rad_s": [4.15536998071489, 3.2925163178293095, 6.089885692931954, 4.444631549560226, 4.335280420933413, 3.3311472257221224, 8.794413723694143, 5.842216389838273, 15.262673921631276, 26.066963415127546, 18.281649091782345, 12.048096347506895, 13.046917486769042, 6.06706947611968, 9.263105675361897, 25.780397864505684, 18.04205935809934, 9.610221739780577, 16.676001496964084, 6.941508206954288, 7.571249297679915, 0.07781116334039033, 4.775085846440715, 1.708677759069793, 9.794803500386118, 2.918419800689984, 4.281853438335662, 18.06210706624001, 3.84919413993852, 1.7142519340287776]}

################################################################################
                    [1m Learning iteration 30011/45000 [0m                    

                       Computation: 47883 steps/s (collection: 1.517s, learning 0.536s)
             Mean action noise std: 28.24
          Mean value_function loss: 0.0138
               Mean surrogate loss: -0.0021
                 Mean entropy loss: 138.5147
                       Mean reward: 17.47
               Mean episode length: 267.30
               Metrics/speed_ratio: 1.0614
       Metrics/drift_when_standing: 0.2471
          Metrics/upright_fraction: 0.9260
               Metrics/alternation: 0.9896
            Metrics/single_support: 0.9937
                    Metrics/facing: 0.9920
     Metrics/planted_when_standing: 0.8481
            Metrics/foot_clearance: 0.2099
                    Metrics/height: 0.7896
                 Metrics/fall_rate: 0.2044
   Metrics/standing_world_fraction: 0.4168
        Metrics/fall_rate_standing: 0.4905
          Metrics/fall_rate_moving: 0.0000
                  Metrics/tilt_deg: 14.4484
        Metrics/actuator_force_abs: 21.8073
        Metrics/actuator_force_max: 130.0968
               Metrics/action_cost: 0.9842
               Metrics/action_rate: 0.2894
           Metrics/joint_accel_abs: 43.2836
           Metrics/hinge_speed_max: 10.9509
       Metrics/over_speed_fraction: 0.0635
            Metrics/track_err_frac: 0.1507
        Metrics/track_within_10pct: 0.4986
           Metrics/overlift_factor: 0.2709
      Metrics/getup_world_fraction: 0.2295
        Metrics/getup_success_rate: 0.0646
          Metrics/getup_risen_rate: 0.0956
           Metrics/getup_time_mean: 3.1463
            Metrics/getup_progress: 0.5235
       Metrics/getup_milestone_sit: 0.7663
    Metrics/getup_milestone_crouch: 0.2161
--------------------------------------------------------------------------------
                   Total timesteps: 1277952
                    Iteration time: 2.05s
                      Time elapsed: 00:00:26
                               ETA: 08:25:23

################################################################################
                    [1m Learning iteration 30012/45000 [0m                    

                       Computation: 48527 steps/s (collection: 1.494s, learning 0.532s)
             Mean action noise std: 28.24
          Mean value_function loss: 0.0126
               Mean surrogate loss: -0.0059
                 Mean entropy loss: 138.5172
                       Mean reward: 19.39
               Mean episode length: 291.93
               Metrics/speed_ratio: 1.0686
       Metrics/drift_when_standing: 0.2474
          Metrics/upright_fraction: 0.9247
               Metrics/alternation: 0.9923
            Metrics/single_support: 0.9949
                    Metrics/facing: 0.9924
     Metrics/planted_when_standing: 0.8489
            Metrics/foot_clearance: 0.2097
                    Metrics/height: 0.7912
                 Metrics/fall_rate: 0.2029
   Metrics/standing_world_fraction: 0.4184
        Metrics/fall_rate_standing: 0.4850
          Metrics/fall_rate_moving: 0.0000
                  Metrics/tilt_deg: 14.5627
        Metrics/actuator_force_abs: 21.7830
        Metrics/actuator_force_max: 129.9851
               Metrics/action_cost: 0.9842
               Metrics/action_rate: 0.2900
           Metrics/joint_accel_abs: 43.1997
           Metrics/hinge_speed_max: 10.9540
       Metrics/over_speed_fraction: 0.0635
            Metrics/track_err_frac: 0.1504
        Metrics/track_within_10pct: 0.4945
           Metrics/overlift_factor: 0.2707
      Metrics/getup_world_fraction: 0.2301
        Metrics/getup_success_rate: 0.0691
          Metrics/getup_risen_rate: 0.1010
           Metrics/getup_time_mean: 2.9199
            Metrics/getup_progress: 0.5317
       Metrics/getup_milestone_sit: 0.7794
    Metrics/getup_milestone_crouch: 0.2204
--------------------------------------------------------------------------------
                   Total timesteps: 1376256
                    Iteration time: 2.03s
                      Time elapsed: 00:00:28
                               ETA: 08:25:24

################################################################################
                    [1m Learning iteration 30013/45000 [0m                    

                       Computation: 48208 steps/s (collection: 1.497s, learning 0.542s)
             Mean action noise std: 28.24
          Mean value_function loss: 0.0104
               Mean surrogate loss: -0.0026
                 Mean entropy loss: 138.5218
                       Mean reward: 20.73
               Mean episode length: 309.05
               Metrics/speed_ratio: 1.0644
       Metrics/drift_when_standing: 0.2434
          Metrics/upright_fraction: 0.9271
               Metrics/alternation: 0.9914
            Metrics/single_support: 0.9936
                    Metrics/facing: 0.9921
     Metrics/planted_when_standing: 0.8503
            Metrics/foot_clearance: 0.2113
                    Metrics/height: 0.7916
                 Metrics/fall_rate: 0.2042
   Metrics/standing_world_fraction: 0.4197
        Metrics/fall_rate_standing: 0.4865
          Metrics/fall_rate_moving: 0.0000
                  Metrics/tilt_deg: 14.5905
        Metrics/actuator_force_abs: 21.7148
        Metrics/actuator_force_max: 129.7443
               Metrics/action_cost: 0.9844
               Metrics/action_rate: 0.2901
           Metrics/joint_accel_abs: 42.9722
           Metrics/hinge_speed_max: 10.8850
       Metrics/over_speed_fraction: 0.0627
            Metrics/track_err_frac: 0.1488
        Metrics/track_within_10pct: 0.4975
           Metrics/overlift_factor: 0.2671
      Metrics/getup_world_fraction: 0.2308
        Metrics/getup_success_rate: 0.0683
          Metrics/getup_risen_rate: 0.1040
           Metrics/getup_time_mean: 2.8829
            Metrics/getup_progress: 0.5317
       Metrics/getup_milestone_sit: 0.7794
    Metrics/getup_milestone_crouch: 0.2258
--------------------------------------------------------------------------------
                   Total timesteps: 1474560
                    Iteration time: 2.04s
                      Time elapsed: 00:00:30
                               ETA: 08:25:38

################################################################################
                    [1m Learning iteration 30014/45000 [0m                    

                       Computation: 48397 steps/s (collection: 1.493s, learning 0.539s)
             Mean action noise std: 28.24
          Mean value_function loss: 0.0137
               Mean surrogate loss: -0.0033
                 Mean entropy loss: 138.5256
                       Mean reward: 20.06
               Mean episode length: 309.50
               Metrics/speed_ratio: 1.0617
       Metrics/drift_when_standing: 0.2455
          Metrics/upright_fraction: 0.9253
               Metrics/alternation: 0.9898
            Metrics/single_support: 0.9938
                    Metrics/facing: 0.9923
     Metrics/planted_when_standing: 0.8474
            Metrics/foot_clearance: 0.2095
                    Metrics/height: 0.7909
                 Metrics/fall_rate: 0.2029
   Metrics/standing_world_fraction: 0.4196
        Metrics/fall_rate_standing: 0.4836
          Metrics/fall_rate_moving: 0.0000
                  Metrics/tilt_deg: 14.5458
        Metrics/actuator_force_abs: 21.7279
        Metrics/actuator_force_max: 129.5425
               Metrics/action_cost: 0.9844
               Metrics/action_rate: 0.2894
           Metrics/joint_accel_abs: 43.0949
           Metrics/hinge_speed_max: 10.9109
       Metrics/over_speed_fraction: 0.0632
            Metrics/track_err_frac: 0.1494
        Metrics/track_within_10pct: 0.4967
           Metrics/overlift_factor: 0.2701
      Metrics/getup_world_fraction: 0.2316
        Metrics/getup_success_rate: 0.0703
          Metrics/getup_risen_rate: 0.1038
           Metrics/getup_time_mean: 2.8595
            Metrics/getup_progress: 0.5321
       Metrics/getup_milestone_sit: 0.7732
    Metrics/getup_milestone_crouch: 0.2241
--------------------------------------------------------------------------------
                   Total timesteps: 1572864
                    Iteration time: 2.03s
                      Time elapsed: 00:00:32
                               ETA: 08:25:42
NICK_WATCH 2 | GETUP | cmd=0.00 measured=0.063 m/s distance=1.389 m alternation=0.420 switches=6 clearance=0.068 m down=500/500 steps falls=178 got_up=False rise_at=-1.0 s up_fraction=0.00
NICK_PHYSICS {"mode": "GETUP", "actuators": ["a_Torso_pitch_62", "a_Torso_roll_63", "a_Torso_yaw_64", "a_Head_pitch_65", "a_Head_roll_66", "a_Head_yaw_67", "a_ThighL_pitch_68", "a_ThighL_roll_69", "a_ThighL_yaw_70", "a_ShinL_pitch_71", "a_FootL_pitch_72", "a_FootL_roll_73", "a_ThighR_pitch_74", "a_ThighR_roll_75", "a_ThighR_yaw_76", "a_ShinR_pitch_77", "a_FootR_pitch_78", "a_FootR_roll_79", "a_UpperArmL_pitch_80", "a_UpperArmL_roll_81", "a_UpperArmL_yaw_82", "a_ForearmL_pitch_83", "a_GloveL_pitch_84", "a_GloveL_yaw_85", "a_UpperArmR_pitch_86", "a_UpperArmR_roll_87", "a_UpperArmR_yaw_88", "a_ForearmR_pitch_89", "a_GloveR_pitch_90", "a_GloveR_yaw_91"], "max_torque_nm": [150.0, 100.0, 60.0, 15.0, 10.0, 8.0, 200.0, 80.0, 40.0, 106.72054009190013, 109.71367140272264, 20.0, 200.0, 80.0, 40.0, 55.14583285246096, 120.0, 20.0, 60.0, 60.0, 25.0, 14.863345210744534, 10.0, 5.0, 60.0, 60.0, 25.0, 60.0, 10.0, 5.0], "max_joint_speed_rad_s": [5.171944897917119, 2.8962445612237935, 5.6496539484557, 3.925429380413539, 4.19589362210473, 3.4804168984455996, 13.63068723055433, 3.874335941406595, 4.09185330302891, 20.009903951384626, 7.5929179416033765, 4.095161131125827, 12.034561536883631, 2.8375959534246786, 8.561440861808796, 2.50476913772007, 18.202289431806783, 6.876589397255673, 16.15013095997867, 10.507086089360778, 6.8946515102514105, 4.6971139112436715, 3.1135922408431735, 2.160152577435483, 20.45935683187736, 9.036157200314092, 8.059431833173313, 18.86030329538341, 3.7875408699549107, 2.839057151643397]}

################################################################################
                    [1m Learning iteration 30015/45000 [0m                    

                       Computation: 49791 steps/s (collection: 1.436s, learning 0.538s)
             Mean action noise std: 28.24
          Mean value_function loss: 0.0128
               Mean surrogate loss: -0.0013
                 Mean entropy loss: 138.5270
                       Mean reward: 22.11
               Mean episode length: 346.00
               Metrics/speed_ratio: 1.0645
       Metrics/drift_when_standing: 0.2452
          Metrics/upright_fraction: 0.9264
               Metrics/alternation: 0.9917
            Metrics/single_support: 0.9941
                    Metrics/facing: 0.9923
     Metrics/planted_when_standing: 0.8553
            Metrics/foot_clearance: 0.2093
                    Metrics/height: 0.7909
                 Metrics/fall_rate: 0.2030
   Metrics/standing_world_fraction: 0.4202
        Metrics/fall_rate_standing: 0.4831
          Metrics/fall_rate_moving: 0.0000
                  Metrics/tilt_deg: 14.4419
        Metrics/actuator_force_abs: 21.7499
        Metrics/actuator_force_max: 129.9051
               Metrics/action_cost: 0.9846
               Metrics/action_rate: 0.2889
           Metrics/joint_accel_abs: 43.1879
           Metrics/hinge_speed_max: 10.9378
       Metrics/over_speed_fraction: 0.0634
            Metrics/track_err_frac: 0.1500
        Metrics/track_within_10pct: 0.4934
           Metrics/overlift_factor: 0.2678
      Metrics/getup_world_fraction: 0.2325
        Metrics/getup_success_rate: 0.0714
          Metrics/getup_risen_rate: 0.1084
           Metrics/getup_time_mean: 2.8000
            Metrics/getup_progress: 0.5323
       Metrics/getup_milestone_sit: 0.7799
    Metrics/getup_milestone_crouch: 0.2273
--------------------------------------------------------------------------------
                   Total timesteps: 1671168
                    Iteration time: 1.97s
                      Time elapsed: 00:00:34
                               ETA: 08:24:56

################################################################################
                    [1m Learning iteration 30016/45000 [0m                    

                       Computation: 48843 steps/s (collection: 1.492s, learning 0.521s)
             Mean action noise std: 28.24
          Mean value_function loss: 0.0091
               Mean surrogate loss: -0.0015
                 Mean entropy loss: 138.5284
                       Mean reward: 23.33
               Mean episode length: 354.53
               Metrics/speed_ratio: 1.0609
       Metrics/drift_when_standing: 0.2411
          Metrics/upright_fraction: 0.9268
               Metrics/alternation: 0.9891
            Metrics/single_support: 0.9934
                    Metrics/facing: 0.9923
     Metrics/planted_when_standing: 0.8585
            Metrics/foot_clearance: 0.2097
                    Metrics/height: 0.7919
                 Metrics/fall_rate: 0.2021
   Metrics/standing_world_fraction: 0.4187
        Metrics/fall_rate_standing: 0.4828
          Metrics/fall_rate_moving: 0.0000
                  Metrics/tilt_deg: 14.4070
        Metrics/actuator_force_abs: 21.6716
        Metrics/actuator_force_max: 129.3760
               Metrics/action_cost: 0.9844
               Metrics/action_rate: 0.2865
           Metrics/joint_accel_abs: 42.8442
           Metrics/hinge_speed_max: 10.8793
       Metrics/over_speed_fraction: 0.0627
            Metrics/track_err_frac: 0.1492
        Metrics/track_within_10pct: 0.4988
           Metrics/overlift_factor: 0.2678
      Metrics/getup_world_fraction: 0.2301
        Metrics/getup_success_rate: 0.0730
          Metrics/getup_risen_rate: 0.1056
           Metrics/getup_time_mean: 2.6863
            Metrics/getup_progress: 0.5298
       Metrics/getup_milestone_sit: 0.7796
    Metrics/getup_milestone_crouch: 0.2247
--------------------------------------------------------------------------------
                   Total timesteps: 1769472
                    Iteration time: 2.01s
                      Time elapsed: 00:00:36
                               ETA: 08:24:46

################################################################################
                    [1m Learning iteration 30017/45000 [0m                    

                       Computation: 49069 steps/s (collection: 1.477s, learning 0.526s)
             Mean action noise std: 28.24
          Mean value_function loss: 0.0061
               Mean surrogate loss: -0.0032
                 Mean entropy loss: 138.5298
                       Mean reward: 25.93
               Mean episode length: 395.87
               Metrics/speed_ratio: 1.0533
       Metrics/drift_when_standing: 0.2380
          Metrics/upright_fraction: 0.9307
               Metrics/alternation: 0.9876
            Metrics/single_support: 0.9927
                    Metrics/facing: 0.9920
     Metrics/planted_when_standing: 0.8591
            Metrics/foot_clearance: 0.2086
                    Metrics/height: 0.7912
                 Metrics/fall_rate: 0.2019
   Metrics/standing_world_fraction: 0.4166
        Metrics/fall_rate_standing: 0.4847
          Metrics/fall_rate_moving: 0.0000
                  Metrics/tilt_deg: 14.3051
        Metrics/actuator_force_abs: 21.7490
        Metrics/actuator_force_max: 129.7674
               Metrics/action_cost: 0.9843
               Metrics/action_rate: 0.2881
           Metrics/joint_accel_abs: 43.2798
           Metrics/hinge_speed_max: 10.9683
       Metrics/over_speed_fraction: 0.0639
            Metrics/track_err_frac: 0.1490
        Metrics/track_within_10pct: 0.4983
           Metrics/overlift_factor: 0.2749
      Metrics/getup_world_fraction: 0.2290
        Metrics/getup_success_rate: 0.0710
          Metrics/getup_risen_rate: 0.1019
           Metrics/getup_time_mean: 2.5767
            Metrics/getup_progress: 0.5259
       Metrics/getup_milestone_sit: 0.7752
    Metrics/getup_milestone_crouch: 0.2194
--------------------------------------------------------------------------------
                   Total timesteps: 1867776
                    Iteration time: 2.00s
                      Time elapsed: 00:00:38
                               ETA: 08:24:30

################################################################################
                    [1m Learning iteration 30018/45000 [0m                    

                       Computation: 48696 steps/s (collection: 1.485s, learning 0.534s)
             Mean action noise std: 28.24
          Mean value_function loss: 0.0107
               Mean surrogate loss: 0.0002
                 Mean entropy loss: 138.5312
                       Mean reward: 27.62
               Mean episode length: 416.73
               Metrics/speed_ratio: 1.0515
       Metrics/drift_when_standing: 0.2343
          Metrics/upright_fraction: 0.9304
               Metrics/alternation: 0.9888
            Metrics/single_support: 0.9931
                    Metrics/facing: 0.9919
     Metrics/planted_when_standing: 0.8623
            Metrics/foot_clearance: 0.2107
                    Metrics/height: 0.7931
                 Metrics/fall_rate: 0.2010
   Metrics/standing_world_fraction: 0.4140
        Metrics/fall_rate_standing: 0.4855
          Metrics/fall_rate_moving: 0.0000
                  Metrics/tilt_deg: 14.1941
        Metrics/actuator_force_abs: 21.6577
        Metrics/actuator_force_max: 129.4192
               Metrics/action_cost: 0.9841
               Metrics/action_rate: 0.2856
           Metrics/joint_accel_abs: 42.8988
           Metrics/hinge_speed_max: 10.8930
       Metrics/over_speed_fraction: 0.0629
            Metrics/track_err_frac: 0.1462
        Metrics/track_within_10pct: 0.5025
           Metrics/overlift_factor: 0.2693
      Metrics/getup_world_fraction: 0.2260
        Metrics/getup_success_rate: 0.0690
          Metrics/getup_risen_rate: 0.0964
           Metrics/getup_time_mean: 2.3407
            Metrics/getup_progress: 0.5268
       Metrics/getup_milestone_sit: 0.7784
    Metrics/getup_milestone_crouch: 0.2154
--------------------------------------------------------------------------------
                   Total timesteps: 1966080
                    Iteration time: 2.02s
                      Time elapsed: 00:00:40
                               ETA: 08:24:27
NICK_WATCH 3 | BALANCE | cmd=0.00 measured=0.188 m/s distance=1.867 m alternation=0.000 switches=0 clearance=0.013 m down=0/500 steps falls=0
NICK_PHYSICS {"mode": "BALANCE", "actuators": ["a_Torso_pitch_62", "a_Torso_roll_63", "a_Torso_yaw_64", "a_Head_pitch_65", "a_Head_roll_66", "a_Head_yaw_67", "a_ThighL_pitch_68", "a_ThighL_roll_69", "a_ThighL_yaw_70", "a_ShinL_pitch_71", "a_FootL_pitch_72", "a_FootL_roll_73", "a_ThighR_pitch_74", "a_ThighR_roll_75", "a_ThighR_yaw_76", "a_ShinR_pitch_77", "a_FootR_pitch_78", "a_FootR_roll_79", "a_UpperArmL_pitch_80", "a_UpperArmL_roll_81", "a_UpperArmL_yaw_82", "a_ForearmL_pitch_83", "a_GloveL_pitch_84", "a_GloveL_yaw_85", "a_UpperArmR_pitch_86", "a_UpperArmR_roll_87", "a_UpperArmR_yaw_88", "a_ForearmR_pitch_89", "a_GloveR_pitch_90", "a_GloveR_yaw_91"], "max_torque_nm": [150.0, 100.0, 60.0, 15.0, 10.0, 8.0, 200.0, 80.0, 40.0, 200.0, 120.0, 20.0, 200.0, 80.0, 40.0, 200.0, 120.0, 20.0, 60.0, 34.9066, 25.0, 0.30740560599745465, 10.0, 5.0, 60.0, 35.83780390020632, 25.0, 0.5721132450254038, 10.0, 5.0], "max_joint_speed_rad_s": [2.4358566104603394, 3.1718050476368385, 6.191063750827287, 4.810662478864977, 3.0748999236544616, 3.377953694811287, 5.125315117068762, 5.150695004755256, 7.23584315475289, 9.84446152511308, 18.228506378618633, 7.087129349739896, 6.371818066725384, 4.984707270961158, 8.42815884480097, 9.586116444424603, 18.247096036228786, 4.788521022130707, 10.682306472147282, 2.7124143528745726, 4.0490247261701215, 0.10136228586107851, 4.4511413469323875, 2.016176997361061, 10.034002892090268, 2.8176690430671036, 3.60170809490955, 0.1242084549628934, 3.8396168509941275, 1.708107746048829]}

################################################################################
                    [1m Learning iteration 30019/45000 [0m                    

                       Computation: 47553 steps/s (collection: 1.532s, learning 0.535s)
             Mean action noise std: 28.24
          Mean value_function loss: 0.0113
               Mean surrogate loss: -0.0000
                 Mean entropy loss: 138.5319
                       Mean reward: 29.86
               Mean episode length: 458.28
               Metrics/speed_ratio: 1.0600
       Metrics/drift_when_standing: 0.2381
          Metrics/upright_fraction: 0.9303
               Metrics/alternation: 0.9904
            Metrics/single_support: 0.9943
                    Metrics/facing: 0.9923
     Metrics/planted_when_standing: 0.8664
            Metrics/foot_clearance: 0.2100
                    Metrics/height: 0.7929
                 Metrics/fall_rate: 0.1994
   Metrics/standing_world_fraction: 0.4131
        Metrics/fall_rate_standing: 0.4827
          Metrics/fall_rate_moving: 0.0000
                  Metrics/tilt_deg: 14.2687
        Metrics/actuator_force_abs: 21.7112
        Metrics/actuator_force_max: 129.6013
               Metrics/action_cost: 0.9844
               Metrics/action_rate: 0.2863
           Metrics/joint_accel_abs: 43.1320
           Metrics/hinge_speed_max: 10.9925
       Metrics/over_speed_fraction: 0.0635
            Metrics/track_err_frac: 0.1490
        Metrics/track_within_10pct: 0.4958
           Metrics/overlift_factor: 0.2702
      Metrics/getup_world_fraction: 0.2256
        Metrics/getup_success_rate: 0.0698
          Metrics/getup_risen_rate: 0.0961
           Metrics/getup_time_mean: 2.2318
            Metrics/getup_progress: 0.5303
       Metrics/getup_milestone_sit: 0.7862
    Metrics/getup_milestone_crouch: 0.2168
--------------------------------------------------------------------------------
                   Total timesteps: 2064384
                    Iteration time: 2.07s
                      Time elapsed: 00:00:42
                               ETA: 08:24:58

################################################################################
                    [1m Learning iteration 30020/45000 [0m                    

                       Computation: 48776 steps/s (collection: 1.482s, learning 0.534s)
             Mean action noise std: 28.24
          Mean value_function loss: 0.0098
               Mean surrogate loss: 0.0003
                 Mean entropy loss: 138.5327
                       Mean reward: 32.07
               Mean episode length: 450.59
               Metrics/speed_ratio: 1.0532
       Metrics/drift_when_standing: 0.2373
          Metrics/upright_fraction: 0.9281
               Metrics/alternation: 0.9919
            Metrics/single_support: 0.9945
                    Metrics/facing: 0.9924
     Metrics/planted_when_standing: 0.8622
            Metrics/foot_clearance: 0.2110
                    Metrics/height: 0.7933
                 Metrics/fall_rate: 0.2004
   Metrics/standing_world_fraction: 0.4140
        Metrics/fall_rate_standing: 0.4841
          Metrics/fall_rate_moving: 0.0000
                  Metrics/tilt_deg: 14.3452
        Metrics/actuator_force_abs: 21.6425
        Metrics/actuator_force_max: 129.4675
               Metrics/action_cost: 0.9842
               Metrics/action_rate: 0.2845
           Metrics/joint_accel_abs: 42.7697
           Metrics/hinge_speed_max: 10.8701
       Metrics/over_speed_fraction: 0.0626
            Metrics/track_err_frac: 0.1413
        Metrics/track_within_10pct: 0.5182
           Metrics/overlift_factor: 0.2652
      Metrics/getup_world_fraction: 0.2256
        Metrics/getup_success_rate: 0.0690
          Metrics/getup_risen_rate: 0.0937
           Metrics/getup_time_mean: 2.1788
            Metrics/getup_progress: 0.5290
       Metrics/getup_milestone_sit: 0.7863
    Metrics/getup_milestone_crouch: 0.2159
--------------------------------------------------------------------------------
                   Total timesteps: 2162688
                    Iteration time: 2.02s
                      Time elapsed: 00:00:44
                               ETA: 08:24:51

################################################################################
                    [1m Learning iteration 30021/45000 [0m                    

                       Computation: 49242 steps/s (collection: 1.468s, learning 0.528s)
             Mean action noise std: 28.24
          Mean value_function loss: 0.0116
               Mean surrogate loss: 0.0006
                 Mean entropy loss: 138.5327
                       Mean reward: 31.36
               Mean episode length: 490.62
               Metrics/speed_ratio: 1.0523
       Metrics/drift_when_standing: 0.2330
          Metrics/upright_fraction: 0.9315
               Metrics/alternation: 0.9908
            Metrics/single_support: 0.9943
                    Metrics/facing: 0.9924
     Metrics/planted_when_standing: 0.8627
            Metrics/foot_clearance: 0.2102
                    Metrics/height: 0.7935
                 Metrics/fall_rate: 0.2000
   Metrics/standing_world_fraction: 0.4143
        Metrics/fall_rate_standing: 0.4827
          Metrics/fall_rate_moving: 0.0000
                  Metrics/tilt_deg: 14.2090
        Metrics/actuator_force_abs: 21.6734
        Metrics/actuator_force_max: 129.4652
               Metrics/action_cost: 0.9843
               Metrics/action_rate: 0.2855
           Metrics/joint_accel_abs: 43.0712
           Metrics/hinge_speed_max: 10.9545
       Metrics/over_speed_fraction: 0.0633
            Metrics/track_err_frac: 0.1427
        Metrics/track_within_10pct: 0.5167
           Metrics/overlift_factor: 0.2697
      Metrics/getup_world_fraction: 0.2248
        Metrics/getup_success_rate: 0.0689
          Metrics/getup_risen_rate: 0.0960
           Metrics/getup_time_mean: 2.1783
            Metrics/getup_progress: 0.5275
       Metrics/getup_milestone_sit: 0.7904
    Metrics/getup_milestone_crouch: 0.2188
--------------------------------------------------------------------------------
                   Total timesteps: 2260992
                    Iteration time: 2.00s
                      Time elapsed: 00:00:46
                               ETA: 08:24:32

################################################################################
                    [1m Learning iteration 30022/45000 [0m                    

                       Computation: 47574 steps/s (collection: 1.528s, learning 0.538s)
             Mean action noise std: 28.24
          Mean value_function loss: 0.0119
               Mean surrogate loss: -0.0023
                 Mean entropy loss: 138.5329
                       Mean reward: 34.80
               Mean episode length: 520.90
               Metrics/speed_ratio: 1.0424
       Metrics/drift_when_standing: 0.2319
          Metrics/upright_fraction: 0.9312
               Metrics/alternation: 0.9918
            Metrics/single_support: 0.9945
                    Metrics/facing: 0.9925
     Metrics/planted_when_standing: 0.8636
            Metrics/foot_clearance: 0.2111
                    Metrics/height: 0.7941
                 Metrics/fall_rate: 0.1984
   Metrics/standing_world_fraction: 0.4155
        Metrics/fall_rate_standing: 0.4774
          Metrics/fall_rate_moving: 0.0000
                  Metrics/tilt_deg: 14.2447
        Metrics/actuator_force_abs: 21.6083
        Metrics/actuator_force_max: 129.0412
               Metrics/action_cost: 0.9839
               Metrics/action_rate: 0.2834
           Metrics/joint_accel_abs: 42.6077
           Metrics/hinge_speed_max: 10.8513
       Metrics/over_speed_fraction: 0.0624
            Metrics/track_err_frac: 0.1369
        Metrics/track_within_10pct: 0.5236
           Metrics/overlift_factor: 0.2642
      Metrics/getup_world_fraction: 0.2245
        Metrics/getup_success_rate: 0.0681
          Metrics/getup_risen_rate: 0.0994
           Metrics/getup_time_mean: 2.1346
            Metrics/getup_progress: 0.5288
       Metrics/getup_milestone_sit: 0.7923
    Metrics/getup_milestone_crouch: 0.2248
--------------------------------------------------------------------------------
                   Total timesteps: 2359296
                    Iteration time: 2.07s
                      Time elapsed: 00:00:48
                               ETA: 08:24:59
NICK_WATCH 4 | WALK | cmd=1.00 measured=0.997 m/s distance=9.971 m alternation=1.000 switches=30 clearance=0.328 m down=0/500 steps falls=0
NICK_PHYSICS {"mode": "WALK", "actuators": ["a_Torso_pitch_62", "a_Torso_roll_63", "a_Torso_yaw_64", "a_Head_pitch_65", "a_Head_roll_66", "a_Head_yaw_67", "a_ThighL_pitch_68", "a_ThighL_roll_69", "a_ThighL_yaw_70", "a_ShinL_pitch_71", "a_FootL_pitch_72", "a_FootL_roll_73", "a_ThighR_pitch_74", "a_ThighR_roll_75", "a_ThighR_yaw_76", "a_ShinR_pitch_77", "a_FootR_pitch_78", "a_FootR_roll_79", "a_UpperArmL_pitch_80", "a_UpperArmL_roll_81", "a_UpperArmL_yaw_82", "a_ForearmL_pitch_83", "a_GloveL_pitch_84", "a_GloveL_yaw_85", "a_UpperArmR_pitch_86", "a_UpperArmR_roll_87", "a_UpperArmR_yaw_88", "a_ForearmR_pitch_89", "a_GloveR_pitch_90", "a_GloveR_yaw_91"], "max_torque_nm": [150.0, 100.0, 60.0, 15.0, 10.0, 8.0, 200.0, 80.0, 40.0, 200.0, 120.0, 20.0, 200.0, 80.0, 40.0, 200.0, 120.0, 20.0, 60.0, 60.0, 25.0, 0.39527783106062125, 10.0, 5.0, 60.0, 35.18320235704411, 25.0, 60.0, 10.0, 5.0], "max_joint_speed_rad_s": [4.15536998071489, 3.2925163178293095, 6.089885692931954, 4.444631549560226, 4.335280420933413, 3.3311472257221224, 8.794413723694143, 5.842216389838273, 15.262673921631276, 26.066963415127546, 18.281649091782345, 12.048096347506895, 13.046917486769042, 6.06706947611968, 9.263105675361897, 25.780397864505684, 18.04205935809934, 9.610221739780577, 16.676001496964084, 6.941508206954288, 7.571249297679915, 0.07781116334039033, 4.775085846440715, 1.708677759069793, 9.794803500386118, 2.918419800689984, 4.281853438335662, 18.06210706624001, 3.84919413993852, 1.7142519340287776]}

################################################################################
                    [1m Learning iteration 30023/45000 [0m                    

                       Computation: 48603 steps/s (collection: 1.485s, learning 0.537s)
             Mean action noise std: 28.24
          Mean value_function loss: 0.0088
               Mean surrogate loss: -0.0015
                 Mean entropy loss: 138.5329
                       Mean reward: 32.27
               Mean episode length: 507.27
               Metrics/speed_ratio: 1.0378
       Metrics/drift_when_standing: 0.2285
          Metrics/upright_fraction: 0.9302
               Metrics/alternation: 0.9903
            Metrics/single_support: 0.9941
                    Metrics/facing: 0.9920
     Metrics/planted_when_standing: 0.8628
            Metrics/foot_clearance: 0.2105
                    Metrics/height: 0.7939
                 Metrics/fall_rate: 0.1981
   Metrics/standing_world_fraction: 0.4154
        Metrics/fall_rate_standing: 0.4768
          Metrics/fall_rate_moving: 0.0000
                  Metrics/tilt_deg: 14.2717
        Metrics/actuator_force_abs: 21.5894
        Metrics/actuator_force_max: 129.1071
               Metrics/action_cost: 0.9837
               Metrics/action_rate: 0.2832
           Metrics/joint_accel_abs: 42.6469
           Metrics/hinge_speed_max: 10.9039
       Metrics/over_speed_fraction: 0.0627
            Metrics/track_err_frac: 0.1370
        Metrics/track_within_10pct: 0.5324
           Metrics/overlift_factor: 0.2674
      Metrics/getup_world_fraction: 0.2243
        Metrics/getup_success_rate: 0.0703
          Metrics/getup_risen_rate: 0.0985
           Metrics/getup_time_mean: 2.1193
            Metrics/getup_progress: 0.5272
       Metrics/getup_milestone_sit: 0.7862
    Metrics/getup_milestone_crouch: 0.2240
--------------------------------------------------------------------------------
                   Total timesteps: 2457600
                    Iteration time: 2.02s
                      Time elapsed: 00:00:50
                               ETA: 08:24:56

################################################################################
                    [1m Learning iteration 30024/45000 [0m                    

                       Computation: 48458 steps/s (collection: 1.479s, learning 0.549s)
             Mean action noise std: 28.24
          Mean value_function loss: 0.0111
               Mean surrogate loss: -0.0024
                 Mean entropy loss: 138.5328
                       Mean reward: 35.95
               Mean episode length: 538.79
               Metrics/speed_ratio: 1.0299
       Metrics/drift_when_standing: 0.2431
          Metrics/upright_fraction: 0.9296
               Metrics/alternation: 0.9772
            Metrics/single_support: 0.9901
                    Metrics/facing: 0.9917
     Metrics/planted_when_standing: 0.8431
            Metrics/foot_clearance: 0.2169
                    Metrics/height: 0.8069
                 Metrics/fall_rate: 0.1747
   Metrics/standing_world_fraction: 0.3993
        Metrics/fall_rate_standing: 0.4374
          Metrics/fall_rate_moving: 0.0000
                  Metrics/tilt_deg: 13.9184
        Metrics/actuator_force_abs: 22.0530
        Metrics/actuator_force_max: 129.9050
               Metrics/action_cost: 0.9833
               Metrics/action_rate: 0.2902
           Metrics/joint_accel_abs: 43.8671
           Metrics/hinge_speed_max: 11.0666
       Metrics/over_speed_fraction: 0.0655
            Metrics/track_err_frac: 0.1459
        Metrics/track_within_10pct: 0.5193
           Metrics/overlift_factor: 0.2824
      Metrics/getup_world_fraction: 0.2031
        Metrics/getup_success_rate: 0.0621
          Metrics/getup_risen_rate: 0.1148
           Metrics/getup_time_mean: 2.1290
            Metrics/getup_progress: 0.5326
       Metrics/getup_milestone_sit: 0.7515
    Metrics/getup_milestone_crouch: 0.2373
--------------------------------------------------------------------------------
                   Total timesteps: 2555904
                    Iteration time: 2.03s
                      Time elapsed: 00:00:52
                               ETA: 08:24:58

################################################################################
                    [1m Learning iteration 30025/45000 [0m                    

                       Computation: 48355 steps/s (collection: 1.477s, learning 0.556s)
             Mean action noise std: 28.24
          Mean value_function loss: 0.0160
               Mean surrogate loss: -0.0040
                 Mean entropy loss: 138.5323
                       Mean reward: 28.29
               Mean episode length: 529.23
               Metrics/speed_ratio: 1.0309
       Metrics/drift_when_standing: 0.2346
          Metrics/upright_fraction: 0.9336
               Metrics/alternation: 0.9824
            Metrics/single_support: 0.9918
                    Metrics/facing: 0.9918
     Metrics/planted_when_standing: 0.8491
            Metrics/foot_clearance: 0.2206
                    Metrics/height: 0.8114
                 Metrics/fall_rate: 0.1675
   Metrics/standing_world_fraction: 0.3916
        Metrics/fall_rate_standing: 0.4277
          Metrics/fall_rate_moving: 0.0000
                  Metrics/tilt_deg: 13.6511
        Metrics/actuator_force_abs: 21.9146
        Metrics/actuator_force_max: 129.5142
               Metrics/action_cost: 0.9829
               Metrics/action_rate: 0.2872
           Metrics/joint_accel_abs: 43.4196
           Metrics/hinge_speed_max: 11.0817
       Metrics/over_speed_fraction: 0.0649
            Metrics/track_err_frac: 0.1412
        Metrics/track_within_10pct: 0.5297
           Metrics/overlift_factor: 0.2735
      Metrics/getup_world_fraction: 0.1940
        Metrics/getup_success_rate: 0.0659
          Metrics/getup_risen_rate: 0.1194
           Metrics/getup_time_mean: 2.1339
            Metrics/getup_progress: 0.5291
       Metrics/getup_milestone_sit: 0.7469
    Metrics/getup_milestone_crouch: 0.2415
--------------------------------------------------------------------------------
                   Total timesteps: 2654208
                    Iteration time: 2.03s
                      Time elapsed: 00:00:54
                               ETA: 08:25:01

################################################################################
                    [1m Learning iteration 30026/45000 [0m                    

                       Computation: 48709 steps/s (collection: 1.470s, learning 0.548s)
             Mean action noise std: 28.24
          Mean value_function loss: 0.0088
               Mean surrogate loss: -0.0036
                 Mean entropy loss: 138.5313
                       Mean reward: 34.54
               Mean episode length: 565.67
               Metrics/speed_ratio: 1.0379
       Metrics/drift_when_standing: 0.2352
          Metrics/upright_fraction: 0.9347
               Metrics/alternation: 0.9869
            Metrics/single_support: 0.9935
                    Metrics/facing: 0.9920
     Metrics/planted_when_standing: 0.8546
            Metrics/foot_clearance: 0.2225
                    Metrics/height: 0.8148
                 Metrics/fall_rate: 0.1612
   Metrics/standing_world_fraction: 0.3854
        Metrics/fall_rate_standing: 0.4181
          Metrics/fall_rate_moving: 0.0000
                  Metrics/tilt_deg: 13.3967
        Metrics/actuator_force_abs: 21.8748
        Metrics/actuator_force_max: 129.2256
               Metrics/action_cost: 0.9827
               Metrics/action_rate: 0.2860
           Metrics/joint_accel_abs: 43.1341
           Metrics/hinge_speed_max: 11.0293
       Metrics/over_speed_fraction: 0.0639
            Metrics/track_err_frac: 0.1349
        Metrics/track_within_10pct: 0.5416
           Metrics/overlift_factor: 0.2679
      Metrics/getup_world_fraction: 0.1873
        Metrics/getup_success_rate: 0.0637
          Metrics/getup_risen_rate: 0.1199
           Metrics/getup_time_mean: 2.1411
            Metrics/getup_progress: 0.5293
       Metrics/getup_milestone_sit: 0.7378
    Metrics/getup_milestone_crouch: 0.2473
--------------------------------------------------------------------------------
                   Total timesteps: 2752512
                    Iteration time: 2.02s
                      Time elapsed: 00:00:56
                               ETA: 08:24:56

################################################################################
                    [1m Learning iteration 30027/45000 [0m                    

                       Computation: 48439 steps/s (collection: 1.482s, learning 0.548s)
             Mean action noise std: 28.24
          Mean value_function loss: 0.0110
               Mean surrogate loss: -0.0053
                 Mean entropy loss: 138.5315
                       Mean reward: 35.59
               Mean episode length: 562.79
               Metrics/speed_ratio: 1.0354
       Metrics/drift_when_standing: 0.2287
          Metrics/upright_fraction: 0.9358
               Metrics/alternation: 0.9883
            Metrics/single_support: 0.9935
                    Metrics/facing: 0.9922
     Metrics/planted_when_standing: 0.8577
            Metrics/foot_clearance: 0.2224
                    Metrics/height: 0.8161
                 Metrics/fall_rate: 0.1576
   Metrics/standing_world_fraction: 0.3817
        Metrics/fall_rate_standing: 0.4129
          Metrics/fall_rate_moving: 0.0000
                  Metrics/tilt_deg: 13.2552
        Metrics/actuator_force_abs: 21.9112
        Metrics/actuator_force_max: 129.5464
               Metrics/action_cost: 0.9829
               Metrics/action_rate: 0.2858
           Metrics/joint_accel_abs: 43.0585
           Metrics/hinge_speed_max: 11.0920
       Metrics/over_speed_fraction: 0.0646
            Metrics/track_err_frac: 0.1384
        Metrics/track_within_10pct: 0.5282
           Metrics/overlift_factor: 0.2696
      Metrics/getup_world_fraction: 0.1825
        Metrics/getup_success_rate: 0.0609
          Metrics/getup_risen_rate: 0.1143
           Metrics/getup_time_mean: 2.1453
            Metrics/getup_progress: 0.5248
       Metrics/getup_milestone_sit: 0.7408
    Metrics/getup_milestone_crouch: 0.2486
--------------------------------------------------------------------------------
                   Total timesteps: 2850816
                    Iteration time: 2.03s
                      Time elapsed: 00:00:58
                               ETA: 08:24:57

################################################################################
                    [1m Learning iteration 30028/45000 [0m                    

                       Computation: 49163 steps/s (collection: 1.456s, learning 0.543s)
             Mean action noise std: 28.24
          Mean value_function loss: 0.0095
               Mean surrogate loss: -0.0042
                 Mean entropy loss: 138.5334
                       Mean reward: 39.46
               Mean episode length: 585.74
               Metrics/speed_ratio: 1.0312
       Metrics/drift_when_standing: 0.2232
          Metrics/upright_fraction: 0.9388
               Metrics/alternation: 0.9898
            Metrics/single_support: 0.9943
                    Metrics/facing: 0.9924
     Metrics/planted_when_standing: 0.8617
            Metrics/foot_clearance: 0.2244
                    Metrics/height: 0.8179
                 Metrics/fall_rate: 0.1554
   Metrics/standing_world_fraction: 0.3791
        Metrics/fall_rate_standing: 0.4100
          Metrics/fall_rate_moving: 0.0000
                  Metrics/tilt_deg: 13.1101
        Metrics/actuator_force_abs: 21.8146
        Metrics/actuator_force_max: 129.1664
               Metrics/action_cost: 0.9828
               Metrics/action_rate: 0.2827
           Metrics/joint_accel_abs: 42.6991
           Metrics/hinge_speed_max: 11.0209
       Metrics/over_speed_fraction: 0.0637
            Metrics/track_err_frac: 0.1314
        Metrics/track_within_10pct: 0.5483
           Metrics/overlift_factor: 0.2648
      Metrics/getup_world_fraction: 0.1785
        Metrics/getup_success_rate: 0.0652
          Metrics/getup_risen_rate: 0.1125
           Metrics/getup_time_mean: 2.1427
            Metrics/getup_progress: 0.5203
       Metrics/getup_milestone_sit: 0.7474
    Metrics/getup_milestone_crouch: 0.2444
--------------------------------------------------------------------------------
                   Total timesteps: 2949120
                    Iteration time: 2.00s
                      Time elapsed: 00:01:00
                               ETA: 08:24:43

################################################################################
                    [1m Learning iteration 30029/45000 [0m                    

                       Computation: 48418 steps/s (collection: 1.483s, learning 0.548s)
             Mean action noise std: 28.25
          Mean value_function loss: 0.0104
               Mean surrogate loss: -0.0067
                 Mean entropy loss: 138.5341
                       Mean reward: 41.36
               Mean episode length: 603.44
               Metrics/speed_ratio: 1.0362
       Metrics/drift_when_standing: 0.2194
          Metrics/upright_fraction: 0.9389
               Metrics/alternation: 0.9917
            Metrics/single_support: 0.9946
                    Metrics/facing: 0.9925
     Metrics/planted_when_standing: 0.8614
            Metrics/foot_clearance: 0.2235
                    Metrics/height: 0.8169
                 Metrics/fall_rate: 0.1576
   Metrics/standing_world_fraction: 0.3806
        Metrics/fall_rate_standing: 0.4141
          Metrics/fall_rate_moving: 0.0000
                  Metrics/tilt_deg: 13.2104
        Metrics/actuator_force_abs: 21.7942
        Metrics/actuator_force_max: 128.9029
               Metrics/action_cost: 0.9827
               Metrics/action_rate: 0.2827
           Metrics/joint_accel_abs: 42.8180
           Metrics/hinge_speed_max: 11.0548
       Metrics/over_speed_fraction: 0.0640
            Metrics/track_err_frac: 0.1313
        Metrics/track_within_10pct: 0.5480
           Metrics/overlift_factor: 0.2639
      Metrics/getup_world_fraction: 0.1795
        Metrics/getup_success_rate: 0.0635
          Metrics/getup_risen_rate: 0.1089
           Metrics/getup_time_mean: 2.1429
            Metrics/getup_progress: 0.5184
       Metrics/getup_milestone_sit: 0.7368
    Metrics/getup_milestone_crouch: 0.2390
--------------------------------------------------------------------------------
                   Total timesteps: 3047424
                    Iteration time: 2.03s
                      Time elapsed: 00:01:02
                               ETA: 08:24:45

################################################################################
                    [1m Learning iteration 30030/45000 [0m                    

                       Computation: 49705 steps/s (collection: 1.443s, learning 0.535s)
             Mean action noise std: 28.25
          Mean value_function loss: 0.0119
               Mean surrogate loss: -0.0008
                 Mean entropy loss: 138.5382
                       Mean reward: 45.11
               Mean episode length: 645.02
               Metrics/speed_ratio: 1.0325
       Metrics/drift_when_standing: 0.2152
          Metrics/upright_fraction: 0.9384
               Metrics/alternation: 0.9907
            Metrics/single_support: 0.9942
                    Metrics/facing: 0.9923
     Metrics/planted_when_standing: 0.8647
            Metrics/foot_clearance: 0.2237
                    Metrics/height: 0.8177
                 Metrics/fall_rate: 0.1565
   Metrics/standing_world_fraction: 0.3818
        Metrics/fall_rate_standing: 0.4099
          Metrics/fall_rate_moving: 0.0000
                  Metrics/tilt_deg: 13.1117
        Metrics/actuator_force_abs: 21.7376
        Metrics/actuator_force_max: 128.8110
               Metrics/action_cost: 0.9827
               Metrics/action_rate: 0.2823
           Metrics/joint_accel_abs: 42.5416
           Metrics/hinge_speed_max: 10.9768
       Metrics/over_speed_fraction: 0.0632
            Metrics/track_err_frac: 0.1305
        Metrics/track_within_10pct: 0.5545
           Metrics/overlift_factor: 0.2624
      Metrics/getup_world_fraction: 0.1802
        Metrics/getup_success_rate: 0.0673
          Metrics/getup_risen_rate: 0.1148
           Metrics/getup_time_mean: 2.1375
            Metrics/getup_progress: 0.5212
       Metrics/getup_milestone_sit: 0.7385
    Metrics/getup_milestone_crouch: 0.2427
--------------------------------------------------------------------------------
                   Total timesteps: 3145728
                    Iteration time: 1.98s
                      Time elapsed: 00:01:04
                               ETA: 08:24:22
NICK_WATCH 5 | GETUP | cmd=0.00 measured=-0.168 m/s distance=1.736 m alternation=1.000 switches=16 clearance=0.032 m down=500/500 steps falls=32 got_up=False rise_at=-1.0 s up_fraction=0.00
NICK_PHYSICS {"mode": "GETUP", "actuators": ["a_Torso_pitch_62", "a_Torso_roll_63", "a_Torso_yaw_64", "a_Head_pitch_65", "a_Head_roll_66", "a_Head_yaw_67", "a_ThighL_pitch_68", "a_ThighL_roll_69", "a_ThighL_yaw_70", "a_ShinL_pitch_71", "a_FootL_pitch_72", "a_FootL_roll_73", "a_ThighR_pitch_74", "a_ThighR_roll_75", "a_ThighR_yaw_76", "a_ShinR_pitch_77", "a_FootR_pitch_78", "a_FootR_roll_79", "a_UpperArmL_pitch_80", "a_UpperArmL_roll_81", "a_UpperArmL_yaw_82", "a_ForearmL_pitch_83", "a_GloveL_pitch_84", "a_GloveL_yaw_85", "a_UpperArmR_pitch_86", "a_UpperArmR_roll_87", "a_UpperArmR_yaw_88", "a_ForearmR_pitch_89", "a_GloveR_pitch_90", "a_GloveR_yaw_91"], "max_torque_nm": [150.0, 100.0, 60.0, 15.0, 10.0, 8.0, 200.0, 80.0, 40.0, 100.0, 120.0, 20.0, 200.0, 80.0, 40.0, 96.93638210544886, 120.0, 20.0, 60.0, 60.0, 25.0, 2.210345515356469, 10.0, 5.0, 60.0, 60.0, 25.0, 60.0, 10.0, 5.0], "max_joint_speed_rad_s": [5.624798062075897, 2.496527055307675, 3.6056896573984134, 3.7401688943987312, 12.01029626636515, 2.9994671203452654, 13.336310846838822, 6.810464610996294, 5.482191550110507, 17.918104563729575, 11.140671869017277, 3.7959552380244155, 10.969967645059723, 4.803800737954817, 6.914304393002856, 4.51171945073031, 18.30972707742381, 5.9017268486223315, 8.988097266127626, 11.013065764949188, 21.676522163153336, 0.6988643036744139, 4.415758690350381, 9.4223719069023, 17.473082983929395, 9.288568239439265, 7.138407794134267, 18.70105136080005, 3.787574240634414, 4.585742712643534]}

################################################################################
                    [1m Learning iteration 30031/45000 [0m                    

                       Computation: 48319 steps/s (collection: 1.477s, learning 0.557s)
             Mean action noise std: 28.25
          Mean value_function loss: 0.0112
               Mean surrogate loss: -0.0049
                 Mean entropy loss: 138.5375
                       Mean reward: 46.51
               Mean episode length: 643.53
               Metrics/speed_ratio: 1.0300
       Metrics/drift_when_standing: 0.2104
          Metrics/upright_fraction: 0.9414
               Metrics/alternation: 0.9895
            Metrics/single_support: 0.9945
                    Metrics/facing: 0.9923
     Metrics/planted_when_standing: 0.8757
            Metrics/foot_clearance: 0.2219
                    Metrics/height: 0.8180
                 Metrics/fall_rate: 0.1553
   Metrics/standing_world_fraction: 0.3798
        Metrics/fall_rate_standing: 0.4088
          Metrics/fall_rate_moving: 0.0000
                  Metrics/tilt_deg: 12.9688
        Metrics/actuator_force_abs: 21.7670
        Metrics/actuator_force_max: 128.8186
               Metrics/action_cost: 0.9826
               Metrics/action_rate: 0.2821
           Metrics/joint_accel_abs: 42.8513
           Metrics/hinge_speed_max: 11.0644
       Metrics/over_speed_fraction: 0.0640
            Metrics/track_err_frac: 0.1309
        Metrics/track_within_10pct: 0.5512
           Metrics/overlift_factor: 0.2683
      Metrics/getup_world_fraction: 0.1781
        Metrics/getup_success_rate: 0.0706
          Metrics/getup_risen_rate: 0.1136
           Metrics/getup_time_mean: 2.1316
            Metrics/getup_progress: 0.5219
       Metrics/getup_milestone_sit: 0.7488
    Metrics/getup_milestone_crouch: 0.2439
--------------------------------------------------------------------------------
                   Total timesteps: 3244032
                    Iteration time: 2.03s
                      Time elapsed: 00:01:06
                               ETA: 08:24:26

################################################################################
                    [1m Learning iteration 30032/45000 [0m                    

                       Computation: 48237 steps/s (collection: 1.497s, learning 0.541s)
             Mean action noise std: 28.25
          Mean value_function loss: 0.0082
               Mean surrogate loss: 0.0055
                 Mean entropy loss: 138.5368
                       Mean reward: 51.74
               Mean episode length: 705.22
               Metrics/speed_ratio: 1.0290
       Metrics/drift_when_standing: 0.2105
          Metrics/upright_fraction: 0.9419
               Metrics/alternation: 0.9910
            Metrics/single_support: 0.9947
                    Metrics/facing: 0.9922
     Metrics/planted_when_standing: 0.8651
            Metrics/foot_clearance: 0.2228
                    Metrics/height: 0.8192
                 Metrics/fall_rate: 0.1545
   Metrics/standing_world_fraction: 0.3811
        Metrics/fall_rate_standing: 0.4054
          Metrics/fall_rate_moving: 0.0000
                  Metrics/tilt_deg: 13.0074
        Metrics/actuator_force_abs: 21.7926
        Metrics/actuator_force_max: 128.9094
               Metrics/action_cost: 0.9826
               Metrics/action_rate: 0.2831
           Metrics/joint_accel_abs: 42.8449
           Metrics/hinge_speed_max: 11.0874
       Metrics/over_speed_fraction: 0.0644
            Metrics/track_err_frac: 0.1308
        Metrics/track_within_10pct: 0.5498
           Metrics/overlift_factor: 0.2649
      Metrics/getup_world_fraction: 0.1787
        Metrics/getup_success_rate: 0.0701
          Metrics/getup_risen_rate: 0.1157
           Metrics/getup_time_mean: 2.1033
            Metrics/getup_progress: 0.5288
       Metrics/getup_milestone_sit: 0.7546
    Metrics/getup_milestone_crouch: 0.2491
--------------------------------------------------------------------------------
                   Total timesteps: 3342336
                    Iteration time: 2.04s
                      Time elapsed: 00:01:08
                               ETA: 08:24:31

################################################################################
                    [1m Learning iteration 30033/45000 [0m                    

                       Computation: 49493 steps/s (collection: 1.444s, learning 0.542s)
             Mean action noise std: 28.25
          Mean value_function loss: 0.0134
               Mean surrogate loss: -0.0058
                 Mean entropy loss: 138.5356
                       Mean reward: 49.41
               Mean episode length: 671.17
               Metrics/speed_ratio: 1.0233
       Metrics/drift_when_standing: 0.2096
          Metrics/upright_fraction: 0.9403
               Metrics/alternation: 0.9915
            Metrics/single_support: 0.9948
                    Metrics/facing: 0.9921
     Metrics/planted_when_standing: 0.8711
            Metrics/foot_clearance: 0.2240
                    Metrics/height: 0.8205
                 Metrics/fall_rate: 0.1544
   Metrics/standing_world_fraction: 0.3824
        Metrics/fall_rate_standing: 0.4038
          Metrics/fall_rate_moving: 0.0000
                  Metrics/tilt_deg: 13.0873
        Metrics/actuator_force_abs: 21.6620
        Metrics/actuator_force_max: 128.6520
               Metrics/action_cost: 0.9823
               Metrics/action_rate: 0.2803
           Metrics/joint_accel_abs: 42.4377
           Metrics/hinge_speed_max: 10.9735
       Metrics/over_speed_fraction: 0.0630
            Metrics/track_err_frac: 0.1282
        Metrics/track_within_10pct: 0.5629
           Metrics/overlift_factor: 0.2620
      Metrics/getup_world_fraction: 0.1797
        Metrics/getup_success_rate: 0.0678
          Metrics/getup_risen_rate: 0.1267
           Metrics/getup_time_mean: 2.1002
            Metrics/getup_progress: 0.5344
       Metrics/getup_milestone_sit: 0.7682
    Metrics/getup_milestone_crouch: 0.2576
--------------------------------------------------------------------------------
                   Total timesteps: 3440640
                    Iteration time: 1.99s
                      Time elapsed: 00:01:10
                               ETA: 08:24:13

################################################################################
                    [1m Learning iteration 30034/45000 [0m                    

                       Computation: 48341 steps/s (collection: 1.487s, learning 0.546s)
             Mean action noise std: 28.25
          Mean value_function loss: 0.0127
               Mean surrogate loss: -0.0059
                 Mean entropy loss: 138.5323
                       Mean reward: 49.39
               Mean episode length: 682.35
               Metrics/speed_ratio: 1.0285
       Metrics/drift_when_standing: 0.2112
          Metrics/upright_fraction: 0.9417
               Metrics/alternation: 0.9907
            Metrics/single_support: 0.9945
                    Metrics/facing: 0.9923
     Metrics/planted_when_standing: 0.8698
            Metrics/foot_clearance: 0.2226
                    Metrics/height: 0.8200
                 Metrics/fall_rate: 0.1536
   Metrics/standing_world_fraction: 0.3828
        Metrics/fall_rate_standing: 0.4013
          Metrics/fall_rate_moving: 0.0000
                  Metrics/tilt_deg: 13.1148
        Metrics/actuator_force_abs: 21.7491
        Metrics/actuator_force_max: 128.6947
               Metrics/action_cost: 0.9823
               Metrics/action_rate: 0.2821
           Metrics/joint_accel_abs: 42.8080
           Metrics/hinge_speed_max: 11.0654
       Metrics/over_speed_fraction: 0.0639
            Metrics/track_err_frac: 0.1278
        Metrics/track_within_10pct: 0.5604
           Metrics/overlift_factor: 0.2656
      Metrics/getup_world_fraction: 0.1790
        Metrics/getup_success_rate: 0.0699
          Metrics/getup_risen_rate: 0.1237
           Metrics/getup_time_mean: 2.0996
            Metrics/getup_progress: 0.5348
       Metrics/getup_milestone_sit: 0.7723
    Metrics/getup_milestone_crouch: 0.2588
--------------------------------------------------------------------------------
                   Total timesteps: 3538944
                    Iteration time: 2.03s
                      Time elapsed: 00:01:12
                               ETA: 08:24:16
NICK_WATCH 6 | BALANCE | cmd=0.00 measured=0.184 m/s distance=1.817 m alternation=0.000 switches=0 clearance=0.014 m down=0/500 steps falls=0
NICK_PHYSICS {"mode": "BALANCE", "actuators": ["a_Torso_pitch_62", "a_Torso_roll_63", "a_Torso_yaw_64", "a_Head_pitch_65", "a_Head_roll_66", "a_Head_yaw_67", "a_ThighL_pitch_68", "a_ThighL_roll_69", "a_ThighL_yaw_70", "a_ShinL_pitch_71", "a_FootL_pitch_72", "a_FootL_roll_73", "a_ThighR_pitch_74", "a_ThighR_roll_75", "a_ThighR_yaw_76", "a_ShinR_pitch_77", "a_FootR_pitch_78", "a_FootR_roll_79", "a_UpperArmL_pitch_80", "a_UpperArmL_roll_81", "a_UpperArmL_yaw_82", "a_ForearmL_pitch_83", "a_GloveL_pitch_84", "a_GloveL_yaw_85", "a_UpperArmR_pitch_86", "a_UpperArmR_roll_87", "a_UpperArmR_yaw_88", "a_ForearmR_pitch_89", "a_GloveR_pitch_90", "a_GloveR_yaw_91"], "max_torque_nm": [150.0, 100.0, 60.0, 15.0, 10.0, 8.0, 200.0, 80.0, 40.0, 200.0, 120.0, 20.0, 200.0, 80.0, 40.0, 200.0, 120.0, 20.0, 60.0, 34.9066, 25.0, 0.30152529681926155, 10.0, 5.0, 60.0, 35.83780390020632, 25.0, 11.827907090524642, 10.0, 5.0], "max_joint_speed_rad_s": [2.4358566104603394, 3.2050954411094215, 6.274917763113633, 4.810662478864977, 3.0748999236544616, 3.377953694811287, 4.758784344962274, 5.580625681020274, 7.23584315475289, 6.056829120660678, 18.345002583272954, 7.087129349739896, 6.830058749057666, 4.99195238571468, 8.42815884480097, 9.862756906645108, 18.335836917578742, 4.788521022130707, 10.682306472147282, 2.7124143528745726, 5.759422876912969, 0.07992772662623232, 4.4756068314522, 2.0335113774422435, 10.034002892090268, 2.8176690430671036, 3.60170809490955, 0.9095279777254175, 3.8396168509941275, 1.708107746048829]}

################################################################################
                    [1m Learning iteration 30035/45000 [0m                    

                       Computation: 48850 steps/s (collection: 1.472s, learning 0.540s)
             Mean action noise std: 28.25
          Mean value_function loss: 0.0105
               Mean surrogate loss: -0.0029
                 Mean entropy loss: 138.5308
                       Mean reward: 47.09
               Mean episode length: 666.03
               Metrics/speed_ratio: 1.0275
       Metrics/drift_when_standing: 0.2096
          Metrics/upright_fraction: 0.9445
               Metrics/alternation: 0.9887
            Metrics/single_support: 0.9941
                    Metrics/facing: 0.9921
     Metrics/planted_when_standing: 0.8768
            Metrics/foot_clearance: 0.2220
                    Metrics/height: 0.8206
                 Metrics/fall_rate: 0.1531
   Metrics/standing_world_fraction: 0.3819
        Metrics/fall_rate_standing: 0.4009
          Metrics/fall_rate_moving: 0.0000
                  Metrics/tilt_deg: 12.9095
        Metrics/actuator_force_abs: 21.7425
        Metrics/actuator_force_max: 128.8496
               Metrics/action_cost: 0.9823
               Metrics/action_rate: 0.2820
           Metrics/joint_accel_abs: 42.6463
           Metrics/hinge_speed_max: 11.0610
       Metrics/over_speed_fraction: 0.0639
            Metrics/track_err_frac: 0.1303
        Metrics/track_within_10pct: 0.5577
           Metrics/overlift_factor: 0.2655
      Metrics/getup_world_fraction: 0.1781
        Metrics/getup_success_rate: 0.0733
          Metrics/getup_risen_rate: 0.1259
           Metrics/getup_time_mean: 2.0931
            Metrics/getup_progress: 0.5339
       Metrics/getup_milestone_sit: 0.7715
    Metrics/getup_milestone_crouch: 0.2644
--------------------------------------------------------------------------------
                   Total timesteps: 3637248
                    Iteration time: 2.01s
                      Time elapsed: 00:01:14
                               ETA: 08:24:10

################################################################################
                    [1m Learning iteration 30036/45000 [0m                    

                       Computation: 47848 steps/s (collection: 1.512s, learning 0.542s)
             Mean action noise std: 28.25
          Mean value_function loss: 0.0111
               Mean surrogate loss: -0.0053
                 Mean entropy loss: 138.5287
                       Mean reward: 53.82
               Mean episode length: 705.22
               Metrics/speed_ratio: 1.0312
       Metrics/drift_when_standing: 0.2076
          Metrics/upright_fraction: 0.9437
               Metrics/alternation: 0.9910
            Metrics/single_support: 0.9948
                    Metrics/facing: 0.9925
     Metrics/planted_when_standing: 0.8791
            Metrics/foot_clearance: 0.2226
                    Metrics/height: 0.8201
                 Metrics/fall_rate: 0.1545
   Metrics/standing_world_fraction: 0.3815
        Metrics/fall_rate_standing: 0.4051
          Metrics/fall_rate_moving: 0.0000
                  Metrics/tilt_deg: 13.0613
        Metrics/actuator_force_abs: 21.6737
        Metrics/actuator_force_max: 128.5944
               Metrics/action_cost: 0.9822
               Metrics/action_rate: 0.2798
           Metrics/joint_accel_abs: 42.6361
           Metrics/hinge_speed_max: 11.0353
       Metrics/over_speed_fraction: 0.0635
            Metrics/track_err_frac: 0.1293
        Metrics/track_within_10pct: 0.5547
           Metrics/overlift_factor: 0.2635
      Metrics/getup_world_fraction: 0.1783
        Metrics/getup_success_rate: 0.0736
          Metrics/getup_risen_rate: 0.1194
           Metrics/getup_time_mean: 2.0950
            Metrics/getup_progress: 0.5345
       Metrics/getup_milestone_sit: 0.7624
    Metrics/getup_milestone_crouch: 0.2598
--------------------------------------------------------------------------------
                   Total timesteps: 3735552
                    Iteration time: 2.05s
                      Time elapsed: 00:01:16
                               ETA: 08:24:21

################################################################################
                    [1m Learning iteration 30037/45000 [0m                    

                       Computation: 49567 steps/s (collection: 1.444s, learning 0.539s)
             Mean action noise std: 28.25
          Mean value_function loss: 0.0086
               Mean surrogate loss: -0.0043
                 Mean entropy loss: 138.5267
                       Mean reward: 55.74
               Mean episode length: 746.49
               Metrics/speed_ratio: 1.0335
       Metrics/drift_when_standing: 0.2023
          Metrics/upright_fraction: 0.9436
               Metrics/alternation: 0.9924
            Metrics/single_support: 0.9956
                    Metrics/facing: 0.9923
     Metrics/planted_when_standing: 0.8812
            Metrics/foot_clearance: 0.2220
                    Metrics/height: 0.8193
                 Metrics/fall_rate: 0.1559
   Metrics/standing_world_fraction: 0.3825
        Metrics/fall_rate_standing: 0.4075
          Metrics/fall_rate_moving: 0.0000
                  Metrics/tilt_deg: 13.0838
        Metrics/actuator_force_abs: 21.6660
        Metrics/actuator_force_max: 128.5568
               Metrics/action_cost: 0.9823
               Metrics/action_rate: 0.2803
           Metrics/joint_accel_abs: 42.6043
           Metrics/hinge_speed_max: 11.0702
       Metrics/over_speed_fraction: 0.0637
            Metrics/track_err_frac: 0.1296
        Metrics/track_within_10pct: 0.5532
           Metrics/overlift_factor: 0.2629
      Metrics/getup_world_fraction: 0.1790
        Metrics/getup_success_rate: 0.0773
          Metrics/getup_risen_rate: 0.1131
           Metrics/getup_time_mean: 2.0935
            Metrics/getup_progress: 0.5321
       Metrics/getup_milestone_sit: 0.7654
    Metrics/getup_milestone_crouch: 0.2534
--------------------------------------------------------------------------------
                   Total timesteps: 3833856
                    Iteration time: 1.98s
                      Time elapsed: 00:01:18
                               ETA: 08:24:04

################################################################################
                    [1m Learning iteration 30038/45000 [0m                    

                       Computation: 48640 steps/s (collection: 1.477s, learning 0.544s)
             Mean action noise std: 28.25
          Mean value_function loss: 0.0090
               Mean surrogate loss: -0.0046
                 Mean entropy loss: 138.5242
                       Mean reward: 56.22
               Mean episode length: 765.13
               Metrics/speed_ratio: 1.0316
       Metrics/drift_when_standing: 0.2027
          Metrics/upright_fraction: 0.9429
               Metrics/alternation: 0.9923
            Metrics/single_support: 0.9952
                    Metrics/facing: 0.9925
     Metrics/planted_when_standing: 0.8845
            Metrics/foot_clearance: 0.2213
                    Metrics/height: 0.8192
                 Metrics/fall_rate: 0.1564
   Metrics/standing_world_fraction: 0.3852
        Metrics/fall_rate_standing: 0.4060
          Metrics/fall_rate_moving: 0.0000
                  Metrics/tilt_deg: 13.0172
        Metrics/actuator_force_abs: 21.5966
        Metrics/actuator_force_max: 128.3168
               Metrics/action_cost: 0.9823
               Metrics/action_rate: 0.2786
           Metrics/joint_accel_abs: 42.3634
           Metrics/hinge_speed_max: 10.9691
       Metrics/over_speed_fraction: 0.0627
            Metrics/track_err_frac: 0.1267
        Metrics/track_within_10pct: 0.5608
           Metrics/overlift_factor: 0.2599
      Metrics/getup_world_fraction: 0.1786
        Metrics/getup_success_rate: 0.0827
          Metrics/getup_risen_rate: 0.1139
           Metrics/getup_time_mean: 2.1073
            Metrics/getup_progress: 0.5267
       Metrics/getup_milestone_sit: 0.7613
    Metrics/getup_milestone_crouch: 0.2527
--------------------------------------------------------------------------------
                   Total timesteps: 3932160
                    Iteration time: 2.02s
                      Time elapsed: 00:01:20
                               ETA: 08:24:02
NICK_WATCH 7 | WALK | cmd=1.00 measured=0.997 m/s distance=9.971 m alternation=1.000 switches=30 clearance=0.328 m down=0/500 steps falls=0
NICK_PHYSICS {"mode": "WALK", "actuators": ["a_Torso_pitch_62", "a_Torso_roll_63", "a_Torso_yaw_64", "a_Head_pitch_65", "a_Head_roll_66", "a_Head_yaw_67", "a_ThighL_pitch_68", "a_ThighL_roll_69", "a_ThighL_yaw_70", "a_ShinL_pitch_71", "a_FootL_pitch_72", "a_FootL_roll_73", "a_ThighR_pitch_74", "a_ThighR_roll_75", "a_ThighR_yaw_76", "a_ShinR_pitch_77", "a_FootR_pitch_78", "a_FootR_roll_79", "a_UpperArmL_pitch_80", "a_UpperArmL_roll_81", "a_UpperArmL_yaw_82", "a_ForearmL_pitch_83", "a_GloveL_pitch_84", "a_GloveL_yaw_85", "a_UpperArmR_pitch_86", "a_UpperArmR_roll_87", "a_UpperArmR_yaw_88", "a_ForearmR_pitch_89", "a_GloveR_pitch_90", "a_GloveR_yaw_91"], "max_torque_nm": [150.0, 100.0, 60.0, 15.0, 10.0, 8.0, 200.0, 80.0, 40.0, 200.0, 120.0, 20.0, 200.0, 80.0, 40.0, 200.0, 120.0, 20.0, 60.0, 60.0, 25.0, 0.39527783106062125, 10.0, 5.0, 60.0, 35.18320235704411, 25.0, 60.0, 10.0, 5.0], "max_joint_speed_rad_s": [4.15536998071489, 3.2925163178293095, 6.089885692931954, 4.444631549560226, 4.335280420933413, 3.3311472257221224, 8.794413723694143, 5.842216389838273, 15.262673921631276, 26.066963415127546, 18.281649091782345, 12.048096347506895, 13.046917486769042, 6.06706947611968, 9.263105675361897, 25.780397864505684, 18.04205935809934, 9.610221739780577, 16.676001496964084, 6.941508206954288, 7.571249297679915, 0.07781116334039033, 4.775085846440715, 1.708677759069793, 9.794803500386118, 2.918419800689984, 4.281853438335662, 18.06210706624001, 3.84919413993852, 1.7142519340287776]}

################################################################################
                    [1m Learning iteration 30039/45000 [0m                    

                       Computation: 47914 steps/s (collection: 1.499s, learning 0.553s)
             Mean action noise std: 28.25
          Mean value_function loss: 0.0073
               Mean surrogate loss: -0.0012
                 Mean entropy loss: 138.5235
                       Mean reward: 58.82
               Mean episode length: 785.56
               Metrics/speed_ratio: 1.0355
       Metrics/drift_when_standing: 0.2020
          Metrics/upright_fraction: 0.9423
               Metrics/alternation: 0.9891
            Metrics/single_support: 0.9936
                    Metrics/facing: 0.9922
     Metrics/planted_when_standing: 0.8816
            Metrics/foot_clearance: 0.2192
                    Metrics/height: 0.8193
                 Metrics/fall_rate: 0.1547
   Metrics/standing_world_fraction: 0.3848
        Metrics/fall_rate_standing: 0.4018
          Metrics/fall_rate_moving: 0.0000
                  Metrics/tilt_deg: 12.9933
        Metrics/actuator_force_abs: 21.7177
        Metrics/actuator_force_max: 128.4534
               Metrics/action_cost: 0.9824
               Metrics/action_rate: 0.2814
           Metrics/joint_accel_abs: 42.7950
           Metrics/hinge_speed_max: 11.0956
       Metrics/over_speed_fraction: 0.0642
            Metrics/track_err_frac: 0.1332
        Metrics/track_within_10pct: 0.5519
           Metrics/overlift_factor: 0.2691
      Metrics/getup_world_fraction: 0.1778
        Metrics/getup_success_rate: 0.0808
          Metrics/getup_risen_rate: 0.1121
           Metrics/getup_time_mean: 2.1138
            Metrics/getup_progress: 0.5285
       Metrics/getup_milestone_sit: 0.7538
    Metrics/getup_milestone_crouch: 0.2502
--------------------------------------------------------------------------------
                   Total timesteps: 4030464
                    Iteration time: 2.05s
                      Time elapsed: 00:01:22
                               ETA: 08:24:11

################################################################################
                    [1m Learning iteration 30040/45000 [0m                    

                       Computation: 48645 steps/s (collection: 1.480s, learning 0.541s)
             Mean action noise std: 28.25
          Mean value_function loss: 0.0085
               Mean surrogate loss: -0.0046
                 Mean entropy loss: 138.5238
                       Mean reward: 80.09
               Mean episode length: 962.91
               Metrics/speed_ratio: 1.0135
       Metrics/drift_when_standing: 0.2182
          Metrics/upright_fraction: 0.9341
               Metrics/alternation: 0.9716
            Metrics/single_support: 0.9854
                    Metrics/facing: 0.9917
     Metrics/planted_when_standing: 0.8684
            Metrics/foot_clearance: 0.2162
                    Metrics/height: 0.8139
                 Metrics/fall_rate: 0.1634
   Metrics/standing_world_fraction: 0.3941
        Metrics/fall_rate_standing: 0.4139
          Metrics/fall_rate_moving: 0.0000
                  Metrics/tilt_deg: 13.5704
        Metrics/actuator_force_abs: 22.0408
        Metrics/actuator_force_max: 128.9985
               Metrics/action_cost: 0.9827
               Metrics/action_rate: 0.2864
           Metrics/joint_accel_abs: 43.7579
           Metrics/hinge_speed_max: 11.0541
       Metrics/over_speed_fraction: 0.0664
            Metrics/track_err_frac: 0.1478
        Metrics/track_within_10pct: 0.5406
           Metrics/overlift_factor: 0.2786
      Metrics/getup_world_fraction: 0.1904
        Metrics/getup_success_rate: 0.0760
          Metrics/getup_risen_rate: 0.1206
           Metrics/getup_time_mean: 2.1158
            Metrics/getup_progress: 0.5306
       Metrics/getup_milestone_sit: 0.7336
    Metrics/getup_milestone_crouch: 0.2534
--------------------------------------------------------------------------------
                   Total timesteps: 4128768
                    Iteration time: 2.02s
                      Time elapsed: 00:01:24
                               ETA: 08:24:09

################################################################################
                    [1m Learning iteration 30041/45000 [0m                    

                       Computation: 48109 steps/s (collection: 1.497s, learning 0.547s)
             Mean action noise std: 28.25
          Mean value_function loss: 0.0147
               Mean surrogate loss: -0.0052
                 Mean entropy loss: 138.5233
                       Mean reward: 67.01
               Mean episode length: 818.55
               Metrics/speed_ratio: 1.0183
       Metrics/drift_when_standing: 0.2521
          Metrics/upright_fraction: 0.9182
               Metrics/alternation: 0.9680
            Metrics/single_support: 0.9912
                    Metrics/facing: 0.9915
     Metrics/planted_when_standing: 0.8150
            Metrics/foot_clearance: 0.2173
                    Metrics/height: 0.8028
                 Metrics/fall_rate: 0.1827
   Metrics/standing_world_fraction: 0.4173
        Metrics/fall_rate_standing: 0.4377
          Metrics/fall_rate_moving: 0.0000
                  Metrics/tilt_deg: 14.8705
        Metrics/actuator_force_abs: 22.1552
        Metrics/actuator_force_max: 130.2418
               Metrics/action_cost: 0.9833
               Metrics/action_rate: 0.2985
           Metrics/joint_accel_abs: 44.4031
           Metrics/hinge_speed_max: 11.1059
       Metrics/over_speed_fraction: 0.0655
            Metrics/track_err_frac: 0.1415
        Metrics/track_within_10pct: 0.5259
           Metrics/overlift_factor: 0.2916
      Metrics/getup_world_fraction: 0.2220
        Metrics/getup_success_rate: 0.0667
          Metrics/getup_risen_rate: 0.1510
           Metrics/getup_time_mean: 2.1144
            Metrics/getup_progress: 0.5536
       Metrics/getup_milestone_sit: 0.7270
    Metrics/getup_milestone_crouch: 0.2778
--------------------------------------------------------------------------------
                   Total timesteps: 4227072
                    Iteration time: 2.04s
                      Time elapsed: 00:01:26
                               ETA: 08:24:14

################################################################################
                    [1m Learning iteration 30042/45000 [0m                    

                       Computation: 48624 steps/s (collection: 1.484s, learning 0.538s)
             Mean action noise std: 28.25
          Mean value_function loss: 0.0176
               Mean surrogate loss: -0.0037
                 Mean entropy loss: 138.5215
                       Mean reward: 58.05
               Mean episode length: 745.03
               Metrics/speed_ratio: 1.0202
       Metrics/drift_when_standing: 0.2618
          Metrics/upright_fraction: 0.9166
               Metrics/alternation: 0.9721
            Metrics/single_support: 0.9886
                    Metrics/facing: 0.9914
     Metrics/planted_when_standing: 0.8103
            Metrics/foot_clearance: 0.2147
                    Metrics/height: 0.7944
                 Metrics/fall_rate: 0.1925
   Metrics/standing_world_fraction: 0.4257
        Metrics/fall_rate_standing: 0.4521
          Metrics/fall_rate_moving: 0.0000
                  Metrics/tilt_deg: 15.1764
        Metrics/actuator_force_abs: 22.0334
        Metrics/actuator_force_max: 129.3763
               Metrics/action_cost: 0.9831
               Metrics/action_rate: 0.2958
           Metrics/joint_accel_abs: 44.1501
           Metrics/hinge_speed_max: 11.0142
       Metrics/over_speed_fraction: 0.0659
            Metrics/track_err_frac: 0.1419
        Metrics/track_within_10pct: 0.5402
           Metrics/overlift_factor: 0.2884
      Metrics/getup_world_fraction: 0.2331
        Metrics/getup_success_rate: 0.0639
          Metrics/getup_risen_rate: 0.1545
           Metrics/getup_time_mean: 2.1058
            Metrics/getup_progress: 0.5401
       Metrics/getup_milestone_sit: 0.7170
    Metrics/getup_milestone_crouch: 0.2808
--------------------------------------------------------------------------------
                   Total timesteps: 4325376
                    Iteration time: 2.02s
                      Time elapsed: 00:01:28
                               ETA: 08:24:12
NICK_WATCH 8 | GETUP | cmd=0.00 measured=-0.116 m/s distance=1.239 m alternation=0.560 switches=8 clearance=0.134 m down=478/500 steps falls=50 got_up=False rise_at=-1.0 s up_fraction=0.00
NICK_PHYSICS {"mode": "GETUP", "actuators": ["a_Torso_pitch_62", "a_Torso_roll_63", "a_Torso_yaw_64", "a_Head_pitch_65", "a_Head_roll_66", "a_Head_yaw_67", "a_ThighL_pitch_68", "a_ThighL_roll_69", "a_ThighL_yaw_70", "a_ShinL_pitch_71", "a_FootL_pitch_72", "a_FootL_roll_73", "a_ThighR_pitch_74", "a_ThighR_roll_75", "a_ThighR_yaw_76", "a_ShinR_pitch_77", "a_FootR_pitch_78", "a_FootR_roll_79", "a_UpperArmL_pitch_80", "a_UpperArmL_roll_81", "a_UpperArmL_yaw_82", "a_ForearmL_pitch_83", "a_GloveL_pitch_84", "a_GloveL_yaw_85", "a_UpperArmR_pitch_86", "a_UpperArmR_roll_87", "a_UpperArmR_yaw_88", "a_ForearmR_pitch_89", "a_GloveR_pitch_90", "a_GloveR_yaw_91"], "max_torque_nm": [150.0, 100.0, 60.0, 15.0, 10.0, 8.0, 200.0, 80.0, 40.0, 200.0, 87.00131373504138, 20.0, 200.0, 80.0, 40.0, 50.34298478547644, 120.0, 20.0, 60.0, 60.0, 25.0, 14.618141612696098, 10.0, 5.0, 60.0, 60.0, 25.0, 60.0, 10.0, 5.0], "max_joint_speed_rad_s": [6.059166911800047, 5.047947343727617, 7.987303370536773, 6.991067856126935, 4.9296710783160895, 3.7414466274191844, 13.42063643936038, 20.970491680551746, 9.611357175951092, 16.728913682863503, 6.480162599471199, 15.200613273744235, 11.256007148507337, 7.0123484141281, 13.342056518813212, 2.2337133602538977, 18.791633721900215, 6.174063767832653, 15.033529744337054, 8.494859932451137, 11.00009701478399, 4.632848123867779, 3.9077507161537914, 3.8760987271652336, 15.189486607037683, 9.851580823041834, 5.587722341328854, 18.02859313727178, 3.5555282522754257, 4.639465431608216]}

################################################################################
                    [1m Learning iteration 30043/45000 [0m                    

                       Computation: 48607 steps/s (collection: 1.482s, learning 0.540s)
             Mean action noise std: 28.25
          Mean value_function loss: 0.0168
               Mean surrogate loss: -0.0032
                 Mean entropy loss: 138.5200
                       Mean reward: 52.83
               Mean episode length: 692.59
               Metrics/speed_ratio: 1.0283
       Metrics/drift_when_standing: 0.2446
          Metrics/upright_fraction: 0.9142
               Metrics/alternation: 0.9810
            Metrics/single_support: 0.9918
                    Metrics/facing: 0.9919
     Metrics/planted_when_standing: 0.8219
            Metrics/foot_clearance: 0.2123
                    Metrics/height: 0.7888
                 Metrics/fall_rate: 0.1991
   Metrics/standing_world_fraction: 0.4293
        Metrics/fall_rate_standing: 0.4638
          Metrics/fall_rate_moving: 0.0000
                  Metrics/tilt_deg: 15.2389
        Metrics/actuator_force_abs: 21.8453
        Metrics/actuator_force_max: 129.1617
               Metrics/action_cost: 0.9832
               Metrics/action_rate: 0.2919
           Metrics/joint_accel_abs: 43.4494
           Metrics/hinge_speed_max: 10.9664
       Metrics/over_speed_fraction: 0.0645
            Metrics/track_err_frac: 0.1356
        Metrics/track_within_10pct: 0.5421
           Metrics/overlift_factor: 0.2790
      Metrics/getup_world_fraction: 0.2374
        Metrics/getup_success_rate: 0.0606
          Metrics/getup_risen_rate: 0.1447
           Metrics/getup_time_mean: 2.0987
            Metrics/getup_progress: 0.5250
       Metrics/getup_milestone_sit: 0.7134
    Metrics/getup_milestone_crouch: 0.2714
--------------------------------------------------------------------------------
                   Total timesteps: 4423680
                    Iteration time: 2.02s
                      Time elapsed: 00:01:31
                               ETA: 08:24:10

################################################################################
                    [1m Learning iteration 30044/45000 [0m                    

                       Computation: 46345 steps/s (collection: 1.562s, learning 0.559s)
             Mean action noise std: 28.25
          Mean value_function loss: 0.0185
               Mean surrogate loss: -0.0066
                 Mean entropy loss: 138.5200
                       Mean reward: 56.27
               Mean episode length: 717.21
               Metrics/speed_ratio: 1.0297
       Metrics/drift_when_standing: 0.2289
          Metrics/upright_fraction: 0.9170
               Metrics/alternation: 0.9853
            Metrics/single_support: 0.9935
                    Metrics/facing: 0.9928
     Metrics/planted_when_standing: 0.8334
            Metrics/foot_clearance: 0.2117
                    Metrics/height: 0.7884
                 Metrics/fall_rate: 0.2023
   Metrics/standing_world_fraction: 0.4295
        Metrics/fall_rate_standing: 0.4710
          Metrics/fall_rate_moving: 0.0000
                  Metrics/tilt_deg: 15.0519
        Metrics/actuator_force_abs: 21.5928
        Metrics/actuator_force_max: 128.5984
               Metrics/action_cost: 0.9832
               Metrics/action_rate: 0.2868
           Metrics/joint_accel_abs: 42.5918
           Metrics/hinge_speed_max: 10.7830
       Metrics/over_speed_fraction: 0.0621
            Metrics/track_err_frac: 0.1310
        Metrics/track_within_10pct: 0.5583
           Metrics/overlift_factor: 0.2677
      Metrics/getup_world_fraction: 0.2368
        Metrics/getup_success_rate: 0.0594
          Metrics/getup_risen_rate: 0.1310
           Metrics/getup_time_mean: 2.0959
            Metrics/getup_progress: 0.5200
       Metrics/getup_milestone_sit: 0.7325
    Metrics/getup_milestone_crouch: 0.2598
--------------------------------------------------------------------------------
                   Total timesteps: 4521984
                    Iteration time: 2.12s
                      Time elapsed: 00:01:33
                               ETA: 08:24:40

################################################################################
                    [1m Learning iteration 30045/45000 [0m                    

                       Computation: 45634 steps/s (collection: 1.601s, learning 0.554s)
             Mean action noise std: 28.25
          Mean value_function loss: 0.0114
               Mean surrogate loss: -0.0040
                 Mean entropy loss: 138.5237
                       Mean reward: 52.82
               Mean episode length: 702.45
               Metrics/speed_ratio: 1.0364
       Metrics/drift_when_standing: 0.2207
          Metrics/upright_fraction: 0.9176
               Metrics/alternation: 0.9897
            Metrics/single_support: 0.9946
                    Metrics/facing: 0.9924
     Metrics/planted_when_standing: 0.8370
            Metrics/foot_clearance: 0.2107
                    Metrics/height: 0.7877
                 Metrics/fall_rate: 0.2048
   Metrics/standing_world_fraction: 0.4312
        Metrics/fall_rate_standing: 0.4749
          Metrics/fall_rate_moving: 0.0000
                  Metrics/tilt_deg: 15.0739
        Metrics/actuator_force_abs: 21.5368
        Metrics/actuator_force_max: 128.6537
               Metrics/action_cost: 0.9831
               Metrics/action_rate: 0.2862
           Metrics/joint_accel_abs: 42.5752
           Metrics/hinge_speed_max: 10.8734
       Metrics/over_speed_fraction: 0.0624
            Metrics/track_err_frac: 0.1300
        Metrics/track_within_10pct: 0.5579
           Metrics/overlift_factor: 0.2690
      Metrics/getup_world_fraction: 0.2380
        Metrics/getup_success_rate: 0.0641
          Metrics/getup_risen_rate: 0.1246
           Metrics/getup_time_mean: 2.0868
            Metrics/getup_progress: 0.5197
       Metrics/getup_milestone_sit: 0.7453
    Metrics/getup_milestone_crouch: 0.2536
--------------------------------------------------------------------------------
                   Total timesteps: 4620288
                    Iteration time: 2.15s
                      Time elapsed: 00:01:35
                               ETA: 08:25:19

################################################################################
                    [1m Learning iteration 30046/45000 [0m                    

                       Computation: 47751 steps/s (collection: 1.502s, learning 0.557s)
             Mean action noise std: 28.25
          Mean value_function loss: 0.0104
               Mean surrogate loss: -0.0017
                 Mean entropy loss: 138.5244
                       Mean reward: 51.03
               Mean episode length: 659.03
               Metrics/speed_ratio: 1.0398
       Metrics/drift_when_standing: 0.2170
          Metrics/upright_fraction: 0.9191
               Metrics/alternation: 0.9887
            Metrics/single_support: 0.9939
                    Metrics/facing: 0.9924
     Metrics/planted_when_standing: 0.8402
            Metrics/foot_clearance: 0.2105
                    Metrics/height: 0.7865
                 Metrics/fall_rate: 0.2080
   Metrics/standing_world_fraction: 0.4321
        Metrics/fall_rate_standing: 0.4813
          Metrics/fall_rate_moving: 0.0000
                  Metrics/tilt_deg: 15.0513
        Metrics/actuator_force_abs: 21.4715
        Metrics/actuator_force_max: 128.2265
               Metrics/action_cost: 0.9829
               Metrics/action_rate: 0.2828
           Metrics/joint_accel_abs: 42.3146
           Metrics/hinge_speed_max: 10.7731
       Metrics/over_speed_fraction: 0.0616
            Metrics/track_err_frac: 0.1308
        Metrics/track_within_10pct: 0.5584
           Metrics/overlift_factor: 0.2658
      Metrics/getup_world_fraction: 0.2384
        Metrics/getup_success_rate: 0.0693
          Metrics/getup_risen_rate: 0.1147
           Metrics/getup_time_mean: 2.0841
            Metrics/getup_progress: 0.5178
       Metrics/getup_milestone_sit: 0.7515
    Metrics/getup_milestone_crouch: 0.2414
--------------------------------------------------------------------------------
                   Total timesteps: 4718592
                    Iteration time: 2.06s
                      Time elapsed: 00:01:37
                               ETA: 08:25:27
NICK_WATCH 9 | BALANCE | cmd=0.00 measured=0.158 m/s distance=1.564 m alternation=0.140 switches=2 clearance=0.015 m down=0/500 steps falls=0
NICK_PHYSICS {"mode": "BALANCE", "actuators": ["a_Torso_pitch_62", "a_Torso_roll_63", "a_Torso_yaw_64", "a_Head_pitch_65", "a_Head_roll_66", "a_Head_yaw_67", "a_ThighL_pitch_68", "a_ThighL_roll_69", "a_ThighL_yaw_70", "a_ShinL_pitch_71", "a_FootL_pitch_72", "a_FootL_roll_73", "a_ThighR_pitch_74", "a_ThighR_roll_75", "a_ThighR_yaw_76", "a_ShinR_pitch_77", "a_FootR_pitch_78", "a_FootR_roll_79", "a_UpperArmL_pitch_80", "a_UpperArmL_roll_81", "a_UpperArmL_yaw_82", "a_ForearmL_pitch_83", "a_GloveL_pitch_84", "a_GloveL_yaw_85", "a_UpperArmR_pitch_86", "a_UpperArmR_roll_87", "a_UpperArmR_yaw_88", "a_ForearmR_pitch_89", "a_GloveR_pitch_90", "a_GloveR_yaw_91"], "max_torque_nm": [150.0, 100.0, 60.0, 15.0, 10.0, 8.0, 200.0, 80.0, 40.0, 200.0, 120.0, 20.0, 200.0, 80.0, 40.0, 200.0, 120.0, 20.0, 60.0, 60.0, 25.0, 0.261487130125982, 10.0, 5.0, 60.0, 35.83780390020632, 25.0, 60.0, 10.0, 5.0], "max_joint_speed_rad_s": [2.4358566104603394, 3.1718050476368385, 5.8961798918910615, 4.810662478864977, 3.0748999236544616, 3.377953694811287, 4.3663422179825835, 5.317618051458529, 7.418981036536999, 12.694737608727145, 18.228506378618633, 7.087129349739896, 5.6103610524531575, 4.984707270961158, 8.42815884480097, 9.586116444424603, 18.291601291003502, 4.788521022130707, 10.682306472147282, 7.992975807371245, 5.595222377125629, 0.07992772662623232, 4.516137629811709, 2.056836528283988, 10.034002892090268, 2.8176690430671036, 4.055105810051759, 5.274352734192222, 3.8396168509941275, 1.708107746048829]}

################################################################################
                    [1m Learning iteration 30047/45000 [0m                    

                       Computation: 45478 steps/s (collection: 1.611s, learning 0.550s)
             Mean action noise std: 28.26
          Mean value_function loss: 0.0114
               Mean surrogate loss: -0.0052
                 Mean entropy loss: 138.5250
                       Mean reward: 53.97
               Mean episode length: 745.80
               Metrics/speed_ratio: 1.0372
       Metrics/drift_when_standing: 0.2091
          Metrics/upright_fraction: 0.9188
               Metrics/alternation: 0.9893
            Metrics/single_support: 0.9941
                    Metrics/facing: 0.9924
     Metrics/planted_when_standing: 0.8489
            Metrics/foot_clearance: 0.2089
                    Metrics/height: 0.7864
                 Metrics/fall_rate: 0.2089
   Metrics/standing_world_fraction: 0.4324
        Metrics/fall_rate_standing: 0.4832
          Metrics/fall_rate_moving: 0.0000
                  Metrics/tilt_deg: 15.0105
        Metrics/actuator_force_abs: 21.4566
        Metrics/actuator_force_max: 128.3669
               Metrics/action_cost: 0.9829
               Metrics/action_rate: 0.2826
           Metrics/joint_accel_abs: 42.2881
           Metrics/hinge_speed_max: 10.7979
       Metrics/over_speed_fraction: 0.0616
            Metrics/track_err_frac: 0.1298
        Metrics/track_within_10pct: 0.5591
           Metrics/overlift_factor: 0.2647
      Metrics/getup_world_fraction: 0.2389
        Metrics/getup_success_rate: 0.0713
          Metrics/getup_risen_rate: 0.1114
           Metrics/getup_time_mean: 2.0822
            Metrics/getup_progress: 0.5195
       Metrics/getup_milestone_sit: 0.7594
    Metrics/getup_milestone_crouch: 0.2365
--------------------------------------------------------------------------------
                   Total timesteps: 4816896
                    Iteration time: 2.16s
                      Time elapsed: 00:01:39
                               ETA: 08:26:06

################################################################################
                    [1m Learning iteration 30048/45000 [0m                    

                       Computation: 47413 steps/s (collection: 1.516s, learning 0.557s)
             Mean action noise std: 28.26
          Mean value_function loss: 0.0135
               Mean surrogate loss: -0.0024
                 Mean entropy loss: 138.5249
                       Mean reward: 50.25
               Mean episode length: 703.01
               Metrics/speed_ratio: 1.0319
       Metrics/drift_when_standing: 0.1996
          Metrics/upright_fraction: 0.9247
               Metrics/alternation: 0.9884
            Metrics/single_support: 0.9938
                    Metrics/facing: 0.9922
     Metrics/planted_when_standing: 0.8635
            Metrics/foot_clearance: 0.2073
                    Metrics/height: 0.7881
                 Metrics/fall_rate: 0.2074
   Metrics/standing_world_fraction: 0.4299
        Metrics/fall_rate_standing: 0.4823
          Metrics/fall_rate_moving: 0.0000
                  Metrics/tilt_deg: 14.7712
        Metrics/actuator_force_abs: 21.4098
        Metrics/actuator_force_max: 128.2653
               Metrics/action_cost: 0.9828
               Metrics/action_rate: 0.2813
           Metrics/joint_accel_abs: 42.1647
           Metrics/hinge_speed_max: 10.7938
       Metrics/over_speed_fraction: 0.0615
            Metrics/track_err_frac: 0.1289
        Metrics/track_within_10pct: 0.5620
           Metrics/overlift_factor: 0.2655
      Metrics/getup_world_fraction: 0.2356
        Metrics/getup_success_rate: 0.0722
          Metrics/getup_risen_rate: 0.1074
           Metrics/getup_time_mean: 2.0839
            Metrics/getup_progress: 0.5178
       Metrics/getup_milestone_sit: 0.7651
    Metrics/getup_milestone_crouch: 0.2354
--------------------------------------------------------------------------------
                   Total timesteps: 4915200
                    Iteration time: 2.07s
                      Time elapsed: 00:01:41
                               ETA: 08:26:16

################################################################################
                    [1m Learning iteration 30049/45000 [0m                    

                       Computation: 48818 steps/s (collection: 1.458s, learning 0.556s)
             Mean action noise std: 28.26
          Mean value_function loss: 0.0127
               Mean surrogate loss: -0.0042
                 Mean entropy loss: 138.5238
                       Mean reward: 50.10
               Mean episode length: 758.31
               Metrics/speed_ratio: 1.0277
       Metrics/drift_when_standing: 0.1978
          Metrics/upright_fraction: 0.9295
               Metrics/alternation: 0.9881
            Metrics/single_support: 0.9941
                    Metrics/facing: 0.9918
     Metrics/planted_when_standing: 0.8640
            Metrics/foot_clearance: 0.2090
                    Metrics/height: 0.7948
                 Metrics/fall_rate: 0.1967
   Metrics/standing_world_fraction: 0.4252
        Metrics/fall_rate_standing: 0.4625
          Metrics/fall_rate_moving: 0.0000
                  Metrics/tilt_deg: 14.4146
        Metrics/actuator_force_abs: 21.4864
        Metrics/actuator_force_max: 128.5376
               Metrics/action_cost: 0.9825
               Metrics/action_rate: 0.2826
           Metrics/joint_accel_abs: 42.4612
           Metrics/hinge_speed_max: 10.8789
       Metrics/over_speed_fraction: 0.0623
            Metrics/track_err_frac: 0.1266
        Metrics/track_within_10pct: 0.5715
           Metrics/overlift_factor: 0.2688
      Metrics/getup_world_fraction: 0.2283
        Metrics/getup_success_rate: 0.0718
          Metrics/getup_risen_rate: 0.1196
           Metrics/getup_time_mean: 2.0840
            Metrics/getup_progress: 0.5302
       Metrics/getup_milestone_sit: 0.7738
    Metrics/getup_milestone_crouch: 0.2475
--------------------------------------------------------------------------------
                   Total timesteps: 5013504
                    Iteration time: 2.01s
                      Time elapsed: 00:01:43
                               ETA: 08:26:09

################################################################################
                    [1m Learning iteration 30050/45000 [0m                    

                       Computation: 48206 steps/s (collection: 1.492s, learning 0.547s)
             Mean action noise std: 28.26
          Mean value_function loss: 0.0119
               Mean surrogate loss: -0.0049
                 Mean entropy loss: 138.5214
                       Mean reward: 52.86
               Mean episode length: 736.48
               Metrics/speed_ratio: 1.0282
       Metrics/drift_when_standing: 0.2001
          Metrics/upright_fraction: 0.9330
               Metrics/alternation: 0.9869
            Metrics/single_support: 0.9931
                    Metrics/facing: 0.9921
     Metrics/planted_when_standing: 0.8664
            Metrics/foot_clearance: 0.2097
                    Metrics/height: 0.7975
                 Metrics/fall_rate: 0.1945
   Metrics/standing_world_fraction: 0.4238
        Metrics/fall_rate_standing: 0.4590
          Metrics/fall_rate_moving: 0.0000
                  Metrics/tilt_deg: 14.3017
        Metrics/actuator_force_abs: 21.5264
        Metrics/actuator_force_max: 128.6035
               Metrics/action_cost: 0.9823
               Metrics/action_rate: 0.2836
           Metrics/joint_accel_abs: 42.6293
           Metrics/hinge_speed_max: 10.8969
       Metrics/over_speed_fraction: 0.0625
            Metrics/track_err_frac: 0.1282
        Metrics/track_within_10pct: 0.5662
           Metrics/overlift_factor: 0.2687
      Metrics/getup_world_fraction: 0.2267
        Metrics/getup_success_rate: 0.0717
          Metrics/getup_risen_rate: 0.1272
           Metrics/getup_time_mean: 2.0832
            Metrics/getup_progress: 0.5389
       Metrics/getup_milestone_sit: 0.7815
    Metrics/getup_milestone_crouch: 0.2525
--------------------------------------------------------------------------------
                   Total timesteps: 5111808
                    Iteration time: 2.04s
                      Time elapsed: 00:01:45
                               ETA: 08:26:09

################################################################################
                    [1m Learning iteration 30051/45000 [0m                    

                       Computation: 47885 steps/s (collection: 1.504s, learning 0.549s)
             Mean action noise std: 28.26
          Mean value_function loss: 0.0122
               Mean surrogate loss: -0.0005
                 Mean entropy loss: 138.5195
                       Mean reward: 51.94
               Mean episode length: 713.37
               Metrics/speed_ratio: 1.0240
       Metrics/drift_when_standing: 0.2023
          Metrics/upright_fraction: 0.9330
               Metrics/alternation: 0.9884
            Metrics/single_support: 0.9943
                    Metrics/facing: 0.9922
     Metrics/planted_when_standing: 0.8663
            Metrics/foot_clearance: 0.2117
                    Metrics/height: 0.7979
                 Metrics/fall_rate: 0.1928
   Metrics/standing_world_fraction: 0.4211
        Metrics/fall_rate_standing: 0.4577
          Metrics/fall_rate_moving: 0.0000
                  Metrics/tilt_deg: 14.3608
        Metrics/actuator_force_abs: 21.4499
        Metrics/actuator_force_max: 128.5155
               Metrics/action_cost: 0.9822
               Metrics/action_rate: 0.2825
           Metrics/joint_accel_abs: 42.3243
           Metrics/hinge_speed_max: 10.8313
       Metrics/over_speed_fraction: 0.0616
            Metrics/track_err_frac: 0.1251
        Metrics/track_within_10pct: 0.5757
           Metrics/overlift_factor: 0.2621
      Metrics/getup_world_fraction: 0.2238
        Metrics/getup_success_rate: 0.0704
          Metrics/getup_risen_rate: 0.1224
           Metrics/getup_time_mean: 2.0799
            Metrics/getup_progress: 0.5363
       Metrics/getup_milestone_sit: 0.7787
    Metrics/getup_milestone_crouch: 0.2452
--------------------------------------------------------------------------------
                   Total timesteps: 5210112
                    Iteration time: 2.05s
                      Time elapsed: 00:01:47
                               ETA: 08:26:13

################################################################################
                    [1m Learning iteration 30052/45000 [0m                    

                       Computation: 45417 steps/s (collection: 1.600s, learning 0.564s)
             Mean action noise std: 28.26
          Mean value_function loss: 0.0089
               Mean surrogate loss: -0.0057
                 Mean entropy loss: 138.5170
                       Mean reward: 52.99
               Mean episode length: 704.02
               Metrics/speed_ratio: 1.0324
       Metrics/drift_when_standing: 0.2005
          Metrics/upright_fraction: 0.9314
               Metrics/alternation: 0.9891
            Metrics/single_support: 0.9949
                    Metrics/facing: 0.9921
     Metrics/planted_when_standing: 0.8680
            Metrics/foot_clearance: 0.2098
                    Metrics/height: 0.7970
                 Metrics/fall_rate: 0.1935
   Metrics/standing_world_fraction: 0.4216
        Metrics/fall_rate_standing: 0.4589
          Metrics/fall_rate_moving: 0.0000
                  Metrics/tilt_deg: 14.4514
        Metrics/actuator_force_abs: 21.4806
        Metrics/actuator_force_max: 128.4800
               Metrics/action_cost: 0.9822
               Metrics/action_rate: 0.2817
           Metrics/joint_accel_abs: 42.5762
           Metrics/hinge_speed_max: 10.9305
       Metrics/over_speed_fraction: 0.0625
            Metrics/track_err_frac: 0.1288
        Metrics/track_within_10pct: 0.5647
           Metrics/overlift_factor: 0.2670
      Metrics/getup_world_fraction: 0.2236
        Metrics/getup_success_rate: 0.0688
          Metrics/getup_risen_rate: 0.1179
           Metrics/getup_time_mean: 2.0785
            Metrics/getup_progress: 0.5325
       Metrics/getup_milestone_sit: 0.7720
    Metrics/getup_milestone_crouch: 0.2389
--------------------------------------------------------------------------------
                   Total timesteps: 5308416
                    Iteration time: 2.16s
                      Time elapsed: 00:01:49
                               ETA: 08:26:48

################################################################################
                    [1m Learning iteration 30053/45000 [0m                    

                       Computation: 46851 steps/s (collection: 1.548s, learning 0.550s)
             Mean action noise std: 28.26
          Mean value_function loss: 0.0107
               Mean surrogate loss: -0.0029
                 Mean entropy loss: 138.5175
                       Mean reward: 51.44
               Mean episode length: 709.63
               Metrics/speed_ratio: 1.0318
       Metrics/drift_when_standing: 0.1959
          Metrics/upright_fraction: 0.9312
               Metrics/alternation: 0.9910
            Metrics/single_support: 0.9948
                    Metrics/facing: 0.9928
     Metrics/planted_when_standing: 0.8664
            Metrics/foot_clearance: 0.2105
                    Metrics/height: 0.7964
                 Metrics/fall_rate: 0.1939
   Metrics/standing_world_fraction: 0.4232
        Metrics/fall_rate_standing: 0.4581
          Metrics/fall_rate_moving: 0.0000
                  Metrics/tilt_deg: 14.4114
        Metrics/actuator_force_abs: 21.3873
        Metrics/actuator_force_max: 128.4025
               Metrics/action_cost: 0.9823
               Metrics/action_rate: 0.2805
           Metrics/joint_accel_abs: 42.1108
           Metrics/hinge_speed_max: 10.8264
       Metrics/over_speed_fraction: 0.0613
            Metrics/track_err_frac: 0.1254
        Metrics/track_within_10pct: 0.5709
           Metrics/overlift_factor: 0.2616
      Metrics/getup_world_fraction: 0.2247
        Metrics/getup_success_rate: 0.0698
          Metrics/getup_risen_rate: 0.1176
           Metrics/getup_time_mean: 2.0781
            Metrics/getup_progress: 0.5298
       Metrics/getup_milestone_sit: 0.7709
    Metrics/getup_milestone_crouch: 0.2390
--------------------------------------------------------------------------------
                   Total timesteps: 5406720
                    Iteration time: 2.10s
                      Time elapsed: 00:01:51
                               ETA: 08:27:03

################################################################################
                    [1m Learning iteration 30054/45000 [0m                    

                       Computation: 48382 steps/s (collection: 1.481s, learning 0.551s)
             Mean action noise std: 28.26
          Mean value_function loss: 0.0111
               Mean surrogate loss: -0.0011
                 Mean entropy loss: 138.5181
                       Mean reward: 49.01
               Mean episode length: 698.47
               Metrics/speed_ratio: 1.0276
       Metrics/drift_when_standing: 0.1935
          Metrics/upright_fraction: 0.9317
               Metrics/alternation: 0.9875
            Metrics/single_support: 0.9942
                    Metrics/facing: 0.9928
     Metrics/planted_when_standing: 0.8753
            Metrics/foot_clearance: 0.2095
                    Metrics/height: 0.7973
                 Metrics/fall_rate: 0.1923
   Metrics/standing_world_fraction: 0.4185
        Metrics/fall_rate_standing: 0.4595
          Metrics/fall_rate_moving: 0.0000
                  Metrics/tilt_deg: 14.2122
        Metrics/actuator_force_abs: 21.4800
        Metrics/actuator_force_max: 128.4621
               Metrics/action_cost: 0.9826
               Metrics/action_rate: 0.2808
           Metrics/joint_accel_abs: 42.3231
           Metrics/hinge_speed_max: 10.8699
       Metrics/over_speed_fraction: 0.0619
            Metrics/track_err_frac: 0.1289
        Metrics/track_within_10pct: 0.5685
           Metrics/overlift_factor: 0.2646
      Metrics/getup_world_fraction: 0.2195
        Metrics/getup_success_rate: 0.0744
          Metrics/getup_risen_rate: 0.1084
           Metrics/getup_time_mean: 2.0800
            Metrics/getup_progress: 0.5249
       Metrics/getup_milestone_sit: 0.7678
    Metrics/getup_milestone_crouch: 0.2318
--------------------------------------------------------------------------------
                   Total timesteps: 5505024
                    Iteration time: 2.03s
                      Time elapsed: 00:01:53
                               ETA: 08:27:00
NICK_WATCH 10 | WALK | cmd=1.00 measured=0.997 m/s distance=9.971 m alternation=1.000 switches=30 clearance=0.328 m down=0/500 steps falls=0
NICK_PHYSICS {"mode": "WALK", "actuators": ["a_Torso_pitch_62", "a_Torso_roll_63", "a_Torso_yaw_64", "a_Head_pitch_65", "a_Head_roll_66", "a_Head_yaw_67", "a_ThighL_pitch_68", "a_ThighL_roll_69", "a_ThighL_yaw_70", "a_ShinL_pitch_71", "a_FootL_pitch_72", "a_FootL_roll_73", "a_ThighR_pitch_74", "a_ThighR_roll_75", "a_ThighR_yaw_76", "a_ShinR_pitch_77", "a_FootR_pitch_78", "a_FootR_roll_79", "a_UpperArmL_pitch_80", "a_UpperArmL_roll_81", "a_UpperArmL_yaw_82", "a_ForearmL_pitch_83", "a_GloveL_pitch_84", "a_GloveL_yaw_85", "a_UpperArmR_pitch_86", "a_UpperArmR_roll_87", "a_UpperArmR_yaw_88", "a_ForearmR_pitch_89", "a_GloveR_pitch_90", "a_GloveR_yaw_91"], "max_torque_nm": [150.0, 100.0, 60.0, 15.0, 10.0, 8.0, 200.0, 80.0, 40.0, 200.0, 120.0, 20.0, 200.0, 80.0, 40.0, 200.0, 120.0, 20.0, 60.0, 60.0, 25.0, 0.39527783106062125, 10.0, 5.0, 60.0, 35.18320235704411, 25.0, 60.0, 10.0, 5.0], "max_joint_speed_rad_s": [4.15536998071489, 3.2925163178293095, 6.089885692931954, 4.444631549560226, 4.335280420933413, 3.3311472257221224, 8.794413723694143, 5.842216389838273, 15.262673921631276, 26.066963415127546, 18.281649091782345, 12.048096347506895, 13.046917486769042, 6.06706947611968, 9.263105675361897, 25.780397864505684, 18.04205935809934, 9.610221739780577, 16.676001496964084, 6.941508206954288, 7.571249297679915, 0.07781116334039033, 4.775085846440715, 1.708677759069793, 9.794803500386118, 2.918419800689984, 4.281853438335662, 18.06210706624001, 3.84919413993852, 1.7142519340287776]}

################################################################################
                    [1m Learning iteration 30055/45000 [0m                    

                       Computation: 46874 steps/s (collection: 1.549s, learning 0.549s)
             Mean action noise std: 28.26
          Mean value_function loss: 0.0087
               Mean surrogate loss: -0.0039
                 Mean entropy loss: 138.5177
                       Mean reward: 62.74
               Mean episode length: 792.26
               Metrics/speed_ratio: 1.0344
       Metrics/drift_when_standing: 0.1898
          Metrics/upright_fraction: 0.9308
               Metrics/alternation: 0.9909
            Metrics/single_support: 0.9950
                    Metrics/facing: 0.9929
     Metrics/planted_when_standing: 0.8639
            Metrics/foot_clearance: 0.2096
                    Metrics/height: 0.7976
                 Metrics/fall_rate: 0.1900
   Metrics/standing_world_fraction: 0.4173
        Metrics/fall_rate_standing: 0.4553
          Metrics/fall_rate_moving: 0.0000
                  Metrics/tilt_deg: 14.1976
        Metrics/actuator_force_abs: 21.4869
        Metrics/actuator_force_max: 128.4206
               Metrics/action_cost: 0.9826
               Metrics/action_rate: 0.2807
           Metrics/joint_accel_abs: 42.3797
           Metrics/hinge_speed_max: 10.9098
       Metrics/over_speed_fraction: 0.0621
            Metrics/track_err_frac: 0.1271
        Metrics/track_within_10pct: 0.5630
           Metrics/overlift_factor: 0.2655
      Metrics/getup_world_fraction: 0.2180
        Metrics/getup_success_rate: 0.0743
          Metrics/getup_risen_rate: 0.1043
           Metrics/getup_time_mean: 2.0779
            Metrics/getup_progress: 0.5244
       Metrics/getup_milestone_sit: 0.7687
    Metrics/getup_milestone_crouch: 0.2263
--------------------------------------------------------------------------------
                   Total timesteps: 5603328
                    Iteration time: 2.10s
                      Time elapsed: 00:01:56
                               ETA: 08:27:14

################################################################################
                    [1m Learning iteration 30056/45000 [0m                    

                       Computation: 47805 steps/s (collection: 1.502s, learning 0.554s)
             Mean action noise std: 28.26
          Mean value_function loss: 0.0052
               Mean surrogate loss: -0.0059
                 Mean entropy loss: 138.5164
                       Mean reward: 53.17
               Mean episode length: 732.80
               Metrics/speed_ratio: 1.0268
       Metrics/drift_when_standing: 0.1874
          Metrics/upright_fraction: 0.9321
               Metrics/alternation: 0.9892
            Metrics/single_support: 0.9940
                    Metrics/facing: 0.9926
     Metrics/planted_when_standing: 0.8726
            Metrics/foot_clearance: 0.2089
                    Metrics/height: 0.7967
                 Metrics/fall_rate: 0.1932
   Metrics/standing_world_fraction: 0.4170
        Metrics/fall_rate_standing: 0.4634
          Metrics/fall_rate_moving: 0.0000
                  Metrics/tilt_deg: 14.2487
        Metrics/actuator_force_abs: 21.4941
        Metrics/actuator_force_max: 128.6920
               Metrics/action_cost: 0.9825
               Metrics/action_rate: 0.2810
           Metrics/joint_accel_abs: 42.5135
           Metrics/hinge_speed_max: 10.9111
       Metrics/over_speed_fraction: 0.0623
            Metrics/track_err_frac: 0.1273
        Metrics/track_within_10pct: 0.5685
           Metrics/overlift_factor: 0.2687
      Metrics/getup_world_fraction: 0.2191
        Metrics/getup_success_rate: 0.0711
          Metrics/getup_risen_rate: 0.1014
           Metrics/getup_time_mean: 2.0744
            Metrics/getup_progress: 0.5220
       Metrics/getup_milestone_sit: 0.7682
    Metrics/getup_milestone_crouch: 0.2201
--------------------------------------------------------------------------------
                   Total timesteps: 5701632
                    Iteration time: 2.06s
                      Time elapsed: 00:01:58
                               ETA: 08:27:18

################################################################################
                    [1m Learning iteration 30057/45000 [0m                    

                       Computation: 48156 steps/s (collection: 1.485s, learning 0.557s)
             Mean action noise std: 28.26
          Mean value_function loss: 0.0076
               Mean surrogate loss: -0.0025
                 Mean entropy loss: 138.5129
                       Mean reward: 62.40
               Mean episode length: 798.59
               Metrics/speed_ratio: 1.0286
       Metrics/drift_when_standing: 0.1875
          Metrics/upright_fraction: 0.9299
               Metrics/alternation: 0.9903
            Metrics/single_support: 0.9952
                    Metrics/facing: 0.9926
     Metrics/planted_when_standing: 0.8701
            Metrics/foot_clearance: 0.2108
                    Metrics/height: 0.7982
                 Metrics/fall_rate: 0.1913
   Metrics/standing_world_fraction: 0.4157
        Metrics/fall_rate_standing: 0.4601
          Metrics/fall_rate_moving: 0.0000
                  Metrics/tilt_deg: 14.2756
        Metrics/actuator_force_abs: 21.4001
        Metrics/actuator_force_max: 128.0849
               Metrics/action_cost: 0.9826
               Metrics/action_rate: 0.2786
           Metrics/joint_accel_abs: 42.0715
           Metrics/hinge_speed_max: 10.8491
       Metrics/over_speed_fraction: 0.0616
            Metrics/track_err_frac: 0.1259
        Metrics/track_within_10pct: 0.5730
           Metrics/overlift_factor: 0.2633
      Metrics/getup_world_fraction: 0.2172
        Metrics/getup_success_rate: 0.0693
          Metrics/getup_risen_rate: 0.1019
           Metrics/getup_time_mean: 2.0612
            Metrics/getup_progress: 0.5255
       Metrics/getup_milestone_sit: 0.7740
    Metrics/getup_milestone_crouch: 0.2181
--------------------------------------------------------------------------------
                   Total timesteps: 5799936
                    Iteration time: 2.04s
                      Time elapsed: 00:02:00
                               ETA: 08:27:17

################################################################################
                    [1m Learning iteration 30058/45000 [0m                    

                       Computation: 45973 steps/s (collection: 1.581s, learning 0.558s)
             Mean action noise std: 28.26
          Mean value_function loss: 0.0086
               Mean surrogate loss: -0.0040
                 Mean entropy loss: 138.5115
                       Mean reward: 61.40
               Mean episode length: 798.80
               Metrics/speed_ratio: 1.0306
       Metrics/drift_when_standing: 0.1913
          Metrics/upright_fraction: 0.9314
               Metrics/alternation: 0.9911
            Metrics/single_support: 0.9953
                    Metrics/facing: 0.9925
     Metrics/planted_when_standing: 0.8632
            Metrics/foot_clearance: 0.2109
                    Metrics/height: 0.7973
                 Metrics/fall_rate: 0.1926
   Metrics/standing_world_fraction: 0.4183
        Metrics/fall_rate_standing: 0.4604
          Metrics/fall_rate_moving: 0.0000
                  Metrics/tilt_deg: 14.3531
        Metrics/actuator_force_abs: 21.4484
        Metrics/actuator_force_max: 128.2639
               Metrics/action_cost: 0.9825
               Metrics/action_rate: 0.2803
           Metrics/joint_accel_abs: 42.4232
           Metrics/hinge_speed_max: 10.8801
       Metrics/over_speed_fraction: 0.0620
            Metrics/track_err_frac: 0.1264
        Metrics/track_within_10pct: 0.5674
           Metrics/overlift_factor: 0.2647
      Metrics/getup_world_fraction: 0.2200
        Metrics/getup_success_rate: 0.0665
          Metrics/getup_risen_rate: 0.1028
           Metrics/getup_time_mean: 2.0676
            Metrics/getup_progress: 0.5275
       Metrics/getup_milestone_sit: 0.7784
    Metrics/getup_milestone_crouch: 0.2204
--------------------------------------------------------------------------------
                   Total timesteps: 5898240
                    Iteration time: 2.14s
                      Time elapsed: 00:02:02
                               ETA: 08:27:40
Actor MLP: Sequential(
  (0): Linear(in_features=127, out_features=512, bias=True)
  (1): ELU(alpha=1.0)
  (2): Linear(in_features=512, out_features=256, bias=True)
  (3): ELU(alpha=1.0)
  (4): Linear(in_features=256, out_features=128, bias=True)
  (5): ELU(alpha=1.0)
  (6): Linear(in_features=128, out_features=30, bias=True)
)
Critic MLP: Sequential(
  (0): Linear(in_features=127, out_features=512, bias=True)
  (1): ELU(alpha=1.0)
  (2): Linear(in_features=512, out_features=256, bias=True)
  (3): ELU(alpha=1.0)
  (4): Linear(in_features=256, out_features=128, bias=True)
  (5): ELU(alpha=1.0)
  (6): Linear(in_features=128, out_features=1, bias=True)
)
policy: model_30050.pt (iteration 30050)
NICK_WATCH 11 | GETUP | cmd=0.00 measured=-0.006 m/s distance=0.788 m alternation=0.700 switches=10 clearance=0.028 m down=500/500 steps falls=39 got_up=False rise_at=-1.0 s up_fraction=0.00
NICK_PHYSICS {"mode": "GETUP", "actuators": ["a_Torso_pitch_62", "a_Torso_roll_63", "a_Torso_yaw_64", "a_Head_pitch_65", "a_Head_roll_66", "a_Head_yaw_67", "a_ThighL_pitch_68", "a_ThighL_roll_69", "a_ThighL_yaw_70", "a_ShinL_pitch_71", "a_FootL_pitch_72", "a_FootL_roll_73", "a_ThighR_pitch_74", "a_ThighR_roll_75", "a_ThighR_yaw_76", "a_ShinR_pitch_77", "a_FootR_pitch_78", "a_FootR_roll_79", "a_UpperArmL_pitch_80", "a_UpperArmL_roll_81", "a_UpperArmL_yaw_82", "a_ForearmL_pitch_83", "a_GloveL_pitch_84", "a_GloveL_yaw_85", "a_UpperArmR_pitch_86", "a_UpperArmR_roll_87", "a_UpperArmR_yaw_88", "a_ForearmR_pitch_89", "a_GloveR_pitch_90", "a_GloveR_yaw_91"], "max_torque_nm": [150.0, 100.0, 60.0, 15.0, 10.0, 8.0, 200.0, 80.0, 40.0, 200.0, 78.34737013805055, 20.0, 200.0, 80.0, 40.0, 47.09748351849025, 120.0, 20.0, 60.0, 60.0, 25.0, 5.183647172266945, 10.0, 5.0, 60.0, 60.0, 25.0, 60.0, 10.0, 5.0], "max_joint_speed_rad_s": [3.311195963292471, 2.6427615686288206, 7.402393523740086, 5.311113649783999, 6.946534762325414, 3.39195122223308, 12.536900206002922, 3.198089878032903, 9.510073866979846, 18.71489979659715, 6.15142862617209, 5.020860152885477, 12.077029434630944, 2.377583038966877, 12.478918240133446, 2.0067441490687354, 18.159382543645634, 6.362787592875646, 13.209252645872482, 9.331994011557379, 7.420915083278767, 0.8535485583016735, 3.972192494104551, 1.8628424119141707, 15.44347096880106, 13.436882310300852, 9.759778281102522, 17.919659376774955, 4.366518342823509, 4.8299861509097886]}

################################################################################
                    [1m Learning iteration 30059/45000 [0m                    

                       Computation: 46614 steps/s (collection: 1.552s, learning 0.556s)
             Mean action noise std: 28.26
          Mean value_function loss: 0.0106
               Mean surrogate loss: 0.0027
                 Mean entropy loss: 138.5115
                       Mean reward: 62.22
               Mean episode length: 794.77
               Metrics/speed_ratio: 1.0259
       Metrics/drift_when_standing: 0.1918
          Metrics/upright_fraction: 0.9347
               Metrics/alternation: 0.9891
            Metrics/single_support: 0.9940
                    Metrics/facing: 0.9928
     Metrics/planted_when_standing: 0.8677
            Metrics/foot_clearance: 0.2103
                    Metrics/height: 0.7976
                 Metrics/fall_rate: 0.1924
   Metrics/standing_world_fraction: 0.4197
        Metrics/fall_rate_standing: 0.4584
          Metrics/fall_rate_moving: 0.0000
                  Metrics/tilt_deg: 14.2827
        Metrics/actuator_force_abs: 21.4943
        Metrics/actuator_force_max: 128.5247
               Metrics/action_cost: 0.9826
               Metrics/action_rate: 0.2814
           Metrics/joint_accel_abs: 42.4518
           Metrics/hinge_speed_max: 10.9172
       Metrics/over_speed_fraction: 0.0625
            Metrics/track_err_frac: 0.1274
        Metrics/track_within_10pct: 0.5677
           Metrics/overlift_factor: 0.2678
      Metrics/getup_world_fraction: 0.2215
        Metrics/getup_success_rate: 0.0684
          Metrics/getup_risen_rate: 0.1136
           Metrics/getup_time_mean: 2.0654
            Metrics/getup_progress: 0.5320
       Metrics/getup_milestone_sit: 0.7850
    Metrics/getup_milestone_crouch: 0.2297
--------------------------------------------------------------------------------
                   Total timesteps: 5996544
                    Iteration time: 2.11s
                      Time elapsed: 00:02:04
                               ETA: 08:27:55

################################################################################
                    [1m Learning iteration 30060/45000 [0m                    

                       Computation: 47870 steps/s (collection: 1.481s, learning 0.573s)
             Mean action noise std: 28.26
          Mean value_function loss: 0.0082
               Mean surrogate loss: -0.0054
                 Mean entropy loss: 138.5112
                       Mean reward: 55.18
               Mean episode length: 716.81
               Metrics/speed_ratio: 1.0286
       Metrics/drift_when_standing: 0.1943
          Metrics/upright_fraction: 0.9337
               Metrics/alternation: 0.9893
            Metrics/single_support: 0.9940
                    Metrics/facing: 0.9927
     Metrics/planted_when_standing: 0.8671
            Metrics/foot_clearance: 0.2094
                    Metrics/height: 0.7970
                 Metrics/fall_rate: 0.1930
   Metrics/standing_world_fraction: 0.4209
        Metrics/fall_rate_standing: 0.4584
          Metrics/fall_rate_moving: 0.0000
                  Metrics/tilt_deg: 14.2648
        Metrics/actuator_force_abs: 21.4535
        Metrics/actuator_force_max: 128.3144
               Metrics/action_cost: 0.9824
               Metrics/action_rate: 0.2806
           Metrics/joint_accel_abs: 42.3830
           Metrics/hinge_speed_max: 10.8911
       Metrics/over_speed_fraction: 0.0619
            Metrics/track_err_frac: 0.1272
        Metrics/track_within_10pct: 0.5658
           Metrics/overlift_factor: 0.2651
      Metrics/getup_world_fraction: 0.2213
        Metrics/getup_success_rate: 0.0668
          Metrics/getup_risen_rate: 0.1150
           Metrics/getup_time_mean: 2.0655
            Metrics/getup_progress: 0.5285
       Metrics/getup_milestone_sit: 0.7814
    Metrics/getup_milestone_crouch: 0.2278
--------------------------------------------------------------------------------
                   Total timesteps: 6094848
                    Iteration time: 2.05s
                      Time elapsed: 00:02:06
                               ETA: 08:27:56

################################################################################
                    [1m Learning iteration 30061/45000 [0m                    

                       Computation: 48528 steps/s (collection: 1.477s, learning 0.548s)
             Mean action noise std: 28.26
          Mean value_function loss: 0.0086
               Mean surrogate loss: 0.0025
                 Mean entropy loss: 138.5115
                       Mean reward: 47.90
               Mean episode length: 684.23
               Metrics/speed_ratio: 1.0264
       Metrics/drift_when_standing: 0.1851
          Metrics/upright_fraction: 0.9366
               Metrics/alternation: 0.9888
            Metrics/single_support: 0.9943
                    Metrics/facing: 0.9929
     Metrics/planted_when_standing: 0.8727
            Metrics/foot_clearance: 0.2098
                    Metrics/height: 0.7983
                 Metrics/fall_rate: 0.1910
   Metrics/standing_world_fraction: 0.4186
        Metrics/fall_rate_standing: 0.4562
          Metrics/fall_rate_moving: 0.0000
                  Metrics/tilt_deg: 14.0640
        Metrics/actuator_force_abs: 21.3832
        Metrics/actuator_force_max: 127.9645
               Metrics/action_cost: 0.9822
               Metrics/action_rate: 0.2789
           Metrics/joint_accel_abs: 42.2263
           Metrics/hinge_speed_max: 10.8226
       Metrics/over_speed_fraction: 0.0616
            Metrics/track_err_frac: 0.1264
        Metrics/track_within_10pct: 0.5680
           Metrics/overlift_factor: 0.2645
      Metrics/getup_world_fraction: 0.2171
        Metrics/getup_success_rate: 0.0657
          Metrics/getup_risen_rate: 0.1069
           Metrics/getup_time_mean: 2.0645
            Metrics/getup_progress: 0.5228
       Metrics/getup_milestone_sit: 0.7732
    Metrics/getup_milestone_crouch: 0.2158
--------------------------------------------------------------------------------
                   Total timesteps: 6193152
                    Iteration time: 2.03s
                      Time elapsed: 00:02:08
                               ETA: 08:27:51

################################################################################
                    [1m Learning iteration 30062/45000 [0m                    

                       Computation: 46681 steps/s (collection: 1.547s, learning 0.558s)
             Mean action noise std: 28.26
          Mean value_function loss: 0.0114
               Mean surrogate loss: -0.0015
                 Mean entropy loss: 138.5115
                       Mean reward: 55.59
               Mean episode length: 744.79
               Metrics/speed_ratio: 1.0275
       Metrics/drift_when_standing: 0.1833
          Metrics/upright_fraction: 0.9365
               Metrics/alternation: 0.9907
            Metrics/single_support: 0.9948
                    Metrics/facing: 0.9927
     Metrics/planted_when_standing: 0.8815
            Metrics/foot_clearance: 0.2085
                    Metrics/height: 0.7993
                 Metrics/fall_rate: 0.1884
   Metrics/standing_world_fraction: 0.4164
        Metrics/fall_rate_standing: 0.4523
          Metrics/fall_rate_moving: 0.0000
                  Metrics/tilt_deg: 14.1042
        Metrics/actuator_force_abs: 21.4228
        Metrics/actuator_force_max: 128.2583
               Metrics/action_cost: 0.9821
               Metrics/action_rate: 0.2791
           Metrics/joint_accel_abs: 42.3567
           Metrics/hinge_speed_max: 10.9364
       Metrics/over_speed_fraction: 0.0622
            Metrics/track_err_frac: 0.1242
        Metrics/track_within_10pct: 0.5723
           Metrics/overlift_factor: 0.2672
      Metrics/getup_world_fraction: 0.2139
        Metrics/getup_success_rate: 0.0681
          Metrics/getup_risen_rate: 0.1013
           Metrics/getup_time_mean: 2.0637
            Metrics/getup_progress: 0.5235
       Metrics/getup_milestone_sit: 0.7757
    Metrics/getup_milestone_crouch: 0.2075
--------------------------------------------------------------------------------
                   Total timesteps: 6291456
                    Iteration time: 2.11s
                      Time elapsed: 00:02:10
                               ETA: 08:28:04
NICK_WATCH 12 | BALANCE | cmd=0.00 measured=0.083 m/s distance=0.808 m alternation=0.000 switches=0 clearance=0.011 m down=0/500 steps falls=0
NICK_PHYSICS {"mode": "BALANCE", "actuators": ["a_Torso_pitch_62", "a_Torso_roll_63", "a_Torso_yaw_64", "a_Head_pitch_65", "a_Head_roll_66", "a_Head_yaw_67", "a_ThighL_pitch_68", "a_ThighL_roll_69", "a_ThighL_yaw_70", "a_ShinL_pitch_71", "a_FootL_pitch_72", "a_FootL_roll_73", "a_ThighR_pitch_74", "a_ThighR_roll_75", "a_ThighR_yaw_76", "a_ShinR_pitch_77", "a_FootR_pitch_78", "a_FootR_roll_79", "a_UpperArmL_pitch_80", "a_UpperArmL_roll_81", "a_UpperArmL_yaw_82", "a_ForearmL_pitch_83", "a_GloveL_pitch_84", "a_GloveL_yaw_85", "a_UpperArmR_pitch_86", "a_UpperArmR_roll_87", "a_UpperArmR_yaw_88", "a_ForearmR_pitch_89", "a_GloveR_pitch_90", "a_GloveR_yaw_91"], "max_torque_nm": [150.0, 100.0, 60.0, 15.0, 10.0, 8.0, 200.0, 80.0, 40.0, 172.07700076932468, 120.0, 20.0, 200.0, 80.0, 40.0, 200.0, 120.0, 20.0, 60.0, 34.9066, 25.0, 0.28870152335219357, 10.0, 5.0, 60.0, 35.83780390020632, 25.0, 60.0, 10.0, 5.0], "max_joint_speed_rad_s": [2.408447579955112, 3.85226381277086, 6.295911479520333, 4.8997879499578785, 3.201984400187808, 3.3695249239955727, 6.2101883827696165, 4.976808203943459, 7.496579728688102, 6.394717976054414, 18.228860490194524, 7.045454057807886, 6.214662119364254, 4.841559076636861, 8.393020259153657, 8.884332045721967, 18.294022697107405, 4.771239774773936, 10.686507515499846, 2.651382372896717, 4.118363451262356, 0.08377427824742302, 4.496279125058131, 2.0111792759662204, 10.062117903990266, 2.818318599902646, 4.559110193467464, 9.6641015376914, 3.838570241043963, 1.7084179882918284]}

################################################################################
                    [1m Learning iteration 30063/45000 [0m                    

                       Computation: 47999 steps/s (collection: 1.480s, learning 0.568s)
             Mean action noise std: 28.26
          Mean value_function loss: 0.0086
               Mean surrogate loss: -0.0019
                 Mean entropy loss: 138.5110
                       Mean reward: 62.22
               Mean episode length: 790.58
               Metrics/speed_ratio: 1.0236
       Metrics/drift_when_standing: 0.1791
          Metrics/upright_fraction: 0.9367
               Metrics/alternation: 0.9915
            Metrics/single_support: 0.9950
                    Metrics/facing: 0.9927
     Metrics/planted_when_standing: 0.8794
            Metrics/foot_clearance: 0.2108
                    Metrics/height: 0.7992
                 Metrics/fall_rate: 0.1908
   Metrics/standing_world_fraction: 0.4173
        Metrics/fall_rate_standing: 0.4573
          Metrics/fall_rate_moving: 0.0000
                  Metrics/tilt_deg: 14.1844
        Metrics/actuator_force_abs: 21.3616
        Metrics/actuator_force_max: 128.2397
               Metrics/action_cost: 0.9821
               Metrics/action_rate: 0.2756
           Metrics/joint_accel_abs: 41.9801
           Metrics/hinge_speed_max: 10.8569
       Metrics/over_speed_fraction: 0.0616
            Metrics/track_err_frac: 0.1219
        Metrics/track_within_10pct: 0.5795
           Metrics/overlift_factor: 0.2611
      Metrics/getup_world_fraction: 0.2152
        Metrics/getup_success_rate: 0.0672
          Metrics/getup_risen_rate: 0.0957
           Metrics/getup_time_mean: 2.0647
            Metrics/getup_progress: 0.5227
       Metrics/getup_milestone_sit: 0.7783
    Metrics/getup_milestone_crouch: 0.2068
--------------------------------------------------------------------------------
                   Total timesteps: 6389760
                    Iteration time: 2.05s
                      Time elapsed: 00:02:12
                               ETA: 08:28:04

################################################################################
                    [1m Learning iteration 30064/45000 [0m                    

                       Computation: 46378 steps/s (collection: 1.568s, learning 0.552s)
             Mean action noise std: 28.26
          Mean value_function loss: 0.0071
               Mean surrogate loss: -0.0039
                 Mean entropy loss: 138.5113
                       Mean reward: 59.59
               Mean episode length: 772.24
               Metrics/speed_ratio: 1.0140
       Metrics/drift_when_standing: 0.1795
          Metrics/upright_fraction: 0.9348
               Metrics/alternation: 0.9899
            Metrics/single_support: 0.9947
                    Metrics/facing: 0.9925
     Metrics/planted_when_standing: 0.8758
            Metrics/foot_clearance: 0.2117
                    Metrics/height: 0.7994
                 Metrics/fall_rate: 0.1915
   Metrics/standing_world_fraction: 0.4155
        Metrics/fall_rate_standing: 0.4610
          Metrics/fall_rate_moving: 0.0000
                  Metrics/tilt_deg: 14.2231
        Metrics/actuator_force_abs: 21.2992
        Metrics/actuator_force_max: 128.0200
               Metrics/action_cost: 0.9820
               Metrics/action_rate: 0.2768
           Metrics/joint_accel_abs: 41.9563
           Metrics/hinge_speed_max: 10.8195
       Metrics/over_speed_fraction: 0.0610
            Metrics/track_err_frac: 0.1219
        Metrics/track_within_10pct: 0.5837
           Metrics/overlift_factor: 0.2610
      Metrics/getup_world_fraction: 0.2146
        Metrics/getup_success_rate: 0.0681
          Metrics/getup_risen_rate: 0.0892
           Metrics/getup_time_mean: 2.0636
            Metrics/getup_progress: 0.5226
       Metrics/getup_milestone_sit: 0.7859
    Metrics/getup_milestone_crouch: 0.2055
--------------------------------------------------------------------------------
                   Total timesteps: 6488064
                    Iteration time: 2.12s
                      Time elapsed: 00:02:14
                               ETA: 08:28:20

################################################################################
                    [1m Learning iteration 30065/45000 [0m                    

                       Computation: 46687 steps/s (collection: 1.552s, learning 0.554s)
             Mean action noise std: 28.26
          Mean value_function loss: 0.0085
               Mean surrogate loss: -0.0066
                 Mean entropy loss: 138.5101
                       Mean reward: 52.52
               Mean episode length: 790.20
               Metrics/speed_ratio: 1.0133
       Metrics/drift_when_standing: 0.1859
          Metrics/upright_fraction: 0.9340
               Metrics/alternation: 0.9824
            Metrics/single_support: 0.9904
                    Metrics/facing: 0.9925
     Metrics/planted_when_standing: 0.8726
            Metrics/foot_clearance: 0.2097
                    Metrics/height: 0.7994
                 Metrics/fall_rate: 0.1889
   Metrics/standing_world_fraction: 0.4156
        Metrics/fall_rate_standing: 0.4544
          Metrics/fall_rate_moving: 0.0000
                  Metrics/tilt_deg: 14.2321
        Metrics/actuator_force_abs: 21.5766
        Metrics/actuator_force_max: 128.3367
               Metrics/action_cost: 0.9822
               Metrics/action_rate: 0.2811
           Metrics/joint_accel_abs: 42.7244
           Metrics/hinge_speed_max: 10.9444
       Metrics/over_speed_fraction: 0.0635
            Metrics/track_err_frac: 0.1319
        Metrics/track_within_10pct: 0.5698
           Metrics/overlift_factor: 0.2709
      Metrics/getup_world_fraction: 0.2138
        Metrics/getup_success_rate: 0.0692
          Metrics/getup_risen_rate: 0.0956
           Metrics/getup_time_mean: 2.0651
            Metrics/getup_progress: 0.5196
       Metrics/getup_milestone_sit: 0.7651
    Metrics/getup_milestone_crouch: 0.2084
--------------------------------------------------------------------------------
                   Total timesteps: 6586368
                    Iteration time: 2.11s
                      Time elapsed: 00:02:16
                               ETA: 08:28:32

################################################################################
                    [1m Learning iteration 30066/45000 [0m                    

                       Computation: 47349 steps/s (collection: 1.523s, learning 0.554s)
             Mean action noise std: 28.26
          Mean value_function loss: 0.0138
               Mean surrogate loss: -0.0042
                 Mean entropy loss: 138.5101
                       Mean reward: 53.09
               Mean episode length: 724.71
               Metrics/speed_ratio: 1.0147
       Metrics/drift_when_standing: 0.1963
          Metrics/upright_fraction: 0.9286
               Metrics/alternation: 0.9793
            Metrics/single_support: 0.9924
                    Metrics/facing: 0.9927
     Metrics/planted_when_standing: 0.8454
            Metrics/foot_clearance: 0.2175
                    Metrics/height: 0.8046
                 Metrics/fall_rate: 0.1803
   Metrics/standing_world_fraction: 0.4140
        Metrics/fall_rate_standing: 0.4354
          Metrics/fall_rate_moving: 0.0000
                  Metrics/tilt_deg: 14.4220
        Metrics/actuator_force_abs: 21.6336
        Metrics/actuator_force_max: 128.5456
               Metrics/action_cost: 0.9823
               Metrics/action_rate: 0.2843
           Metrics/joint_accel_abs: 42.6346
           Metrics/hinge_speed_max: 10.8881
       Metrics/over_speed_fraction: 0.0624
            Metrics/track_err_frac: 0.1297
        Metrics/track_within_10pct: 0.5708
           Metrics/overlift_factor: 0.2693
      Metrics/getup_world_fraction: 0.2109
        Metrics/getup_success_rate: 0.0638
          Metrics/getup_risen_rate: 0.1275
           Metrics/getup_time_mean: 2.0671
            Metrics/getup_progress: 0.5316
       Metrics/getup_milestone_sit: 0.7386
    Metrics/getup_milestone_crouch: 0.2322
--------------------------------------------------------------------------------
                   Total timesteps: 6684672
                    Iteration time: 2.08s
                      Time elapsed: 00:02:18
                               ETA: 08:28:37
NICK_WATCH 13 | WALK | cmd=1.00 measured=0.953 m/s distance=9.535 m alternation=1.000 switches=29 clearance=0.329 m down=0/500 steps falls=0
NICK_PHYSICS {"mode": "WALK", "actuators": ["a_Torso_pitch_62", "a_Torso_roll_63", "a_Torso_yaw_64", "a_Head_pitch_65", "a_Head_roll_66", "a_Head_yaw_67", "a_ThighL_pitch_68", "a_ThighL_roll_69", "a_ThighL_yaw_70", "a_ShinL_pitch_71", "a_FootL_pitch_72", "a_FootL_roll_73", "a_ThighR_pitch_74", "a_ThighR_roll_75", "a_ThighR_yaw_76", "a_ShinR_pitch_77", "a_FootR_pitch_78", "a_FootR_roll_79", "a_UpperArmL_pitch_80", "a_UpperArmL_roll_81", "a_UpperArmL_yaw_82", "a_ForearmL_pitch_83", "a_GloveL_pitch_84", "a_GloveL_yaw_85", "a_UpperArmR_pitch_86", "a_UpperArmR_roll_87", "a_UpperArmR_yaw_88", "a_ForearmR_pitch_89", "a_GloveR_pitch_90", "a_GloveR_yaw_91"], "max_torque_nm": [150.0, 100.0, 60.0, 15.0, 10.0, 8.0, 200.0, 80.0, 40.0, 200.0, 120.0, 20.0, 200.0, 80.0, 40.0, 200.0, 120.0, 20.0, 60.0, 60.0, 25.0, 0.3946028200225118, 10.0, 5.0, 60.0, 35.18320235704411, 25.0, 60.0, 10.0, 5.0], "max_joint_speed_rad_s": [4.15536998071489, 3.7196357176508963, 6.047171341214152, 4.444631549560226, 3.994222803986763, 3.3311472257221224, 8.794413723694143, 5.91139948329546, 14.756303726047202, 25.591844233579177, 18.281649091782345, 10.906745038339082, 13.323840560070847, 6.151815906231646, 8.655354410558724, 26.224979068396905, 18.06305564720033, 12.318433502395653, 16.676001496964084, 6.941508206954288, 7.571249297679915, 0.07781116334039033, 4.784352114377254, 1.708677759069793, 9.794803500386118, 2.918419800689984, 4.281853438335662, 18.064454376050044, 3.84919413993852, 1.7142519340287776]}

################################################################################
                    [1m Learning iteration 30067/45000 [0m                    

                       Computation: 46131 steps/s (collection: 1.571s, learning 0.560s)
             Mean action noise std: 28.26
          Mean value_function loss: 0.0148
               Mean surrogate loss: -0.0066
                 Mean entropy loss: 138.5101
                       Mean reward: 54.27
               Mean episode length: 771.29
               Metrics/speed_ratio: 1.0162
       Metrics/drift_when_standing: 0.1963
          Metrics/upright_fraction: 0.9292
               Metrics/alternation: 0.9803
            Metrics/single_support: 0.9921
                    Metrics/facing: 0.9922
     Metrics/planted_when_standing: 0.8488
            Metrics/foot_clearance: 0.2143
                    Metrics/height: 0.8051
                 Metrics/fall_rate: 0.1757
   Metrics/standing_world_fraction: 0.4110
        Metrics/fall_rate_standing: 0.4276
          Metrics/fall_rate_moving: 0.0000
                  Metrics/tilt_deg: 14.3369
        Metrics/actuator_force_abs: 21.7527
        Metrics/actuator_force_max: 128.6597
               Metrics/action_cost: 0.9822
               Metrics/action_rate: 0.2880
           Metrics/joint_accel_abs: 43.1406
           Metrics/hinge_speed_max: 11.0180
       Metrics/over_speed_fraction: 0.0639
            Metrics/track_err_frac: 0.1317
        Metrics/track_within_10pct: 0.5655
           Metrics/overlift_factor: 0.2772
      Metrics/getup_world_fraction: 0.2073
        Metrics/getup_success_rate: 0.0601
          Metrics/getup_risen_rate: 0.1293
           Metrics/getup_time_mean: 2.0704
            Metrics/getup_progress: 0.5296
       Metrics/getup_milestone_sit: 0.7261
    Metrics/getup_milestone_crouch: 0.2338
--------------------------------------------------------------------------------
                   Total timesteps: 6782976
                    Iteration time: 2.13s
                      Time elapsed: 00:02:21
                               ETA: 08:28:54

################################################################################
                    [1m Learning iteration 30068/45000 [0m                    

                       Computation: 47728 steps/s (collection: 1.505s, learning 0.555s)
             Mean action noise std: 28.27
          Mean value_function loss: 0.0117
               Mean surrogate loss: -0.0033
                 Mean entropy loss: 138.5123
                       Mean reward: 55.72
               Mean episode length: 714.09
               Metrics/speed_ratio: 1.0174
       Metrics/drift_when_standing: 0.2016
          Metrics/upright_fraction: 0.9283
               Metrics/alternation: 0.9850
            Metrics/single_support: 0.9933
                    Metrics/facing: 0.9921
     Metrics/planted_when_standing: 0.8452
            Metrics/foot_clearance: 0.2175
                    Metrics/height: 0.8067
                 Metrics/fall_rate: 0.1745
   Metrics/standing_world_fraction: 0.4093
        Metrics/fall_rate_standing: 0.4264
          Metrics/fall_rate_moving: 0.0000
                  Metrics/tilt_deg: 14.3946
        Metrics/actuator_force_abs: 21.7001
        Metrics/actuator_force_max: 128.4655
               Metrics/action_cost: 0.9822
               Metrics/action_rate: 0.2850
           Metrics/joint_accel_abs: 42.6223
           Metrics/hinge_speed_max: 10.9645
       Metrics/over_speed_fraction: 0.0631
            Metrics/track_err_frac: 0.1281
        Metrics/track_within_10pct: 0.5680
           Metrics/overlift_factor: 0.2683
      Metrics/getup_world_fraction: 0.2052
        Metrics/getup_success_rate: 0.0578
          Metrics/getup_risen_rate: 0.1318
           Metrics/getup_time_mean: 2.0707
            Metrics/getup_progress: 0.5320
       Metrics/getup_milestone_sit: 0.7309
    Metrics/getup_milestone_crouch: 0.2356
--------------------------------------------------------------------------------
                   Total timesteps: 6881280
                    Iteration time: 2.06s
                      Time elapsed: 00:02:23
                               ETA: 08:28:55

################################################################################
                    [1m Learning iteration 30069/45000 [0m                    

                       Computation: 48834 steps/s (collection: 1.461s, learning 0.552s)
             Mean action noise std: 28.27
          Mean value_function loss: 0.0166
               Mean surrogate loss: -0.0054
                 Mean entropy loss: 138.5121
                       Mean reward: 57.44
               Mean episode length: 758.11
               Metrics/speed_ratio: 1.0185
       Metrics/drift_when_standing: 0.1921
          Metrics/upright_fraction: 0.9273
               Metrics/alternation: 0.9862
            Metrics/single_support: 0.9933
                    Metrics/facing: 0.9926
     Metrics/planted_when_standing: 0.8519
            Metrics/foot_clearance: 0.2178
                    Metrics/height: 0.8066
                 Metrics/fall_rate: 0.1745
   Metrics/standing_world_fraction: 0.4072
        Metrics/fall_rate_standing: 0.4285
          Metrics/fall_rate_moving: 0.0000
                  Metrics/tilt_deg: 14.3306
        Metrics/actuator_force_abs: 21.5853
        Metrics/actuator_force_max: 128.4224
               Metrics/action_cost: 0.9820
               Metrics/action_rate: 0.2832
           Metrics/joint_accel_abs: 42.4444
           Metrics/hinge_speed_max: 10.9521
       Metrics/over_speed_fraction: 0.0626
            Metrics/track_err_frac: 0.1292
        Metrics/track_within_10pct: 0.5621
           Metrics/overlift_factor: 0.2654
      Metrics/getup_world_fraction: 0.2040
        Metrics/getup_success_rate: 0.0601
          Metrics/getup_risen_rate: 0.1249
           Metrics/getup_time_mean: 2.0676
            Metrics/getup_progress: 0.5307
       Metrics/getup_milestone_sit: 0.7464
    Metrics/getup_milestone_crouch: 0.2390
--------------------------------------------------------------------------------
                   Total timesteps: 6979584
                    Iteration time: 2.01s
                      Time elapsed: 00:02:25
                               ETA: 08:28:46

################################################################################
                    [1m Learning iteration 30070/45000 [0m                    

                       Computation: 47418 steps/s (collection: 1.523s, learning 0.550s)
             Mean action noise std: 28.27
          Mean value_function loss: 0.0119
               Mean surrogate loss: -0.0055
                 Mean entropy loss: 138.5117
                       Mean reward: 50.66
               Mean episode length: 706.13
               Metrics/speed_ratio: 1.0219
       Metrics/drift_when_standing: 0.1926
          Metrics/upright_fraction: 0.9305
               Metrics/alternation: 0.9894
            Metrics/single_support: 0.9943
                    Metrics/facing: 0.9927
     Metrics/planted_when_standing: 0.8533
            Metrics/foot_clearance: 0.2170
                    Metrics/height: 0.8070
                 Metrics/fall_rate: 0.1738
   Metrics/standing_world_fraction: 0.4069
        Metrics/fall_rate_standing: 0.4270
          Metrics/fall_rate_moving: 0.0000
                  Metrics/tilt_deg: 14.1563
        Metrics/actuator_force_abs: 21.5772
        Metrics/actuator_force_max: 128.3124
               Metrics/action_cost: 0.9821
               Metrics/action_rate: 0.2822
           Metrics/joint_accel_abs: 42.4546
           Metrics/hinge_speed_max: 10.9270
       Metrics/over_speed_fraction: 0.0624
            Metrics/track_err_frac: 0.1270
        Metrics/track_within_10pct: 0.5668
           Metrics/overlift_factor: 0.2648
      Metrics/getup_world_fraction: 0.2041
        Metrics/getup_success_rate: 0.0709
          Metrics/getup_risen_rate: 0.1295
           Metrics/getup_time_mean: 2.0657
            Metrics/getup_progress: 0.5313
       Metrics/getup_milestone_sit: 0.7585
    Metrics/getup_milestone_crouch: 0.2464
--------------------------------------------------------------------------------
                   Total timesteps: 7077888
                    Iteration time: 2.07s
                      Time elapsed: 00:02:27
                               ETA: 08:28:50
NICK_WATCH 14 | GETUP | cmd=0.00 measured=-0.198 m/s distance=2.512 m alternation=0.770 switches=11 clearance=0.050 m down=443/500 steps falls=43 got_up=False rise_at=-1.0 s up_fraction=0.00
NICK_PHYSICS {"mode": "GETUP", "actuators": ["a_Torso_pitch_62", "a_Torso_roll_63", "a_Torso_yaw_64", "a_Head_pitch_65", "a_Head_roll_66", "a_Head_yaw_67", "a_ThighL_pitch_68", "a_ThighL_roll_69", "a_ThighL_yaw_70", "a_ShinL_pitch_71", "a_FootL_pitch_72", "a_FootL_roll_73", "a_ThighR_pitch_74", "a_ThighR_roll_75", "a_ThighR_yaw_76", "a_ShinR_pitch_77", "a_FootR_pitch_78", "a_FootR_roll_79", "a_UpperArmL_pitch_80", "a_UpperArmL_roll_81", "a_UpperArmL_yaw_82", "a_ForearmL_pitch_83", "a_GloveL_pitch_84", "a_GloveL_yaw_85", "a_UpperArmR_pitch_86", "a_UpperArmR_roll_87", "a_UpperArmR_yaw_88", "a_ForearmR_pitch_89", "a_GloveR_pitch_90", "a_GloveR_yaw_91"], "max_torque_nm": [150.0, 100.0, 60.0, 15.0, 10.0, 8.0, 200.0, 80.0, 40.0, 200.0, 120.0, 20.0, 200.0, 80.0, 40.0, 200.0, 120.0, 20.0, 60.0, 60.0, 25.0, 15.509988163615029, 10.0, 5.0, 60.0, 60.0, 25.0, 60.0, 10.0, 5.0], "max_joint_speed_rad_s": [3.101329234505398, 4.618549961701316, 6.8649000334061645, 7.537430809579485, 16.52523880413829, 3.9824191065039742, 13.520347581190514, 5.332507703907341, 9.735863445568517, 15.430751593932088, 16.60775378564162, 6.230213809568351, 11.691726557647698, 4.999708615844316, 12.958017708518042, 16.80023377174182, 18.331252344641733, 6.9172108715696625, 15.631922364726634, 9.32079865412751, 10.687339128382032, 4.90349755513187, 3.87217010383528, 2.0259595144592084, 16.472096909932144, 22.281890197023255, 33.303283612368915, 18.06585056872947, 4.844670001996988, 4.074997225425012]}

################################################################################
                    [1m Learning iteration 30071/45000 [0m                    

                       Computation: 47152 steps/s (collection: 1.537s, learning 0.547s)
             Mean action noise std: 28.27
          Mean value_function loss: 0.0125
               Mean surrogate loss: -0.0060
                 Mean entropy loss: 138.5130
                       Mean reward: 53.20
               Mean episode length: 717.11
               Metrics/speed_ratio: 1.0255
       Metrics/drift_when_standing: 0.1840
          Metrics/upright_fraction: 0.9334
               Metrics/alternation: 0.9889
            Metrics/single_support: 0.9942
                    Metrics/facing: 0.9926
     Metrics/planted_when_standing: 0.8511
            Metrics/foot_clearance: 0.2172
                    Metrics/height: 0.8084
                 Metrics/fall_rate: 0.1718
   Metrics/standing_world_fraction: 0.4041
        Metrics/fall_rate_standing: 0.4252
          Metrics/fall_rate_moving: 0.0000
                  Metrics/tilt_deg: 14.0676
        Metrics/actuator_force_abs: 21.5805
        Metrics/actuator_force_max: 128.1954
               Metrics/action_cost: 0.9820
               Metrics/action_rate: 0.2817
           Metrics/joint_accel_abs: 42.4748
           Metrics/hinge_speed_max: 10.9683
       Metrics/over_speed_fraction: 0.0627
            Metrics/track_err_frac: 0.1292
        Metrics/track_within_10pct: 0.5626
           Metrics/overlift_factor: 0.2653
      Metrics/getup_world_fraction: 0.2021
        Metrics/getup_success_rate: 0.0733
          Metrics/getup_risen_rate: 0.1314
           Metrics/getup_time_mean: 2.0703
            Metrics/getup_progress: 0.5299
       Metrics/getup_milestone_sit: 0.7606
    Metrics/getup_milestone_crouch: 0.2493
--------------------------------------------------------------------------------
                   Total timesteps: 7176192
                    Iteration time: 2.08s
                      Time elapsed: 00:02:29
                               ETA: 08:28:56

################################################################################
                    [1m Learning iteration 30072/45000 [0m                    

                       Computation: 46044 steps/s (collection: 1.550s, learning 0.585s)
             Mean action noise std: 28.27
          Mean value_function loss: 0.0146
               Mean surrogate loss: -0.0052
                 Mean entropy loss: 138.5154
                       Mean reward: 58.75
               Mean episode length: 736.79
               Metrics/speed_ratio: 1.0256
       Metrics/drift_when_standing: 0.1829
          Metrics/upright_fraction: 0.9338
               Metrics/alternation: 0.9903
            Metrics/single_support: 0.9941
                    Metrics/facing: 0.9924
     Metrics/planted_when_standing: 0.8616
            Metrics/foot_clearance: 0.2176
                    Metrics/height: 0.8071
                 Metrics/fall_rate: 0.1734
   Metrics/standing_world_fraction: 0.4040
        Metrics/fall_rate_standing: 0.4292
          Metrics/fall_rate_moving: 0.0000
                  Metrics/tilt_deg: 13.9502
        Metrics/actuator_force_abs: 21.5267
        Metrics/actuator_force_max: 128.3095
               Metrics/action_cost: 0.9821
               Metrics/action_rate: 0.2798
           Metrics/joint_accel_abs: 42.1838
           Metrics/hinge_speed_max: 10.9244
       Metrics/over_speed_fraction: 0.0622
            Metrics/track_err_frac: 0.1267
        Metrics/track_within_10pct: 0.5718
           Metrics/overlift_factor: 0.2609
      Metrics/getup_world_fraction: 0.2013
        Metrics/getup_success_rate: 0.0725
          Metrics/getup_risen_rate: 0.1242
           Metrics/getup_time_mean: 2.0708
            Metrics/getup_progress: 0.5215
       Metrics/getup_milestone_sit: 0.7491
    Metrics/getup_milestone_crouch: 0.2399
--------------------------------------------------------------------------------
                   Total timesteps: 7274496
                    Iteration time: 2.13s
                      Time elapsed: 00:02:31
                               ETA: 08:29:12

################################################################################
                    [1m Learning iteration 30073/45000 [0m                    

                       Computation: 48201 steps/s (collection: 1.465s, learning 0.574s)
             Mean action noise std: 28.27
          Mean value_function loss: 0.0133
               Mean surrogate loss: -0.0052
                 Mean entropy loss: 138.5191
                       Mean reward: 55.38
               Mean episode length: 723.55
               Metrics/speed_ratio: 1.0252
       Metrics/drift_when_standing: 0.1767
          Metrics/upright_fraction: 0.9358
               Metrics/alternation: 0.9899
            Metrics/single_support: 0.9942
                    Metrics/facing: 0.9927
     Metrics/planted_when_standing: 0.8582
            Metrics/foot_clearance: 0.2168
                    Metrics/height: 0.8070
                 Metrics/fall_rate: 0.1746
   Metrics/standing_world_fraction: 0.4045
        Metrics/fall_rate_standing: 0.4316
          Metrics/fall_rate_moving: 0.0000
                  Metrics/tilt_deg: 13.8645
        Metrics/actuator_force_abs: 21.4259
        Metrics/actuator_force_max: 127.9449
               Metrics/action_cost: 0.9820
               Metrics/action_rate: 0.2782
           Metrics/joint_accel_abs: 42.0818
           Metrics/hinge_speed_max: 10.8951
       Metrics/over_speed_fraction: 0.0619
            Metrics/track_err_frac: 0.1266
        Metrics/track_within_10pct: 0.5699
           Metrics/overlift_factor: 0.2624
      Metrics/getup_world_fraction: 0.2018
        Metrics/getup_success_rate: 0.0736
          Metrics/getup_risen_rate: 0.1181
           Metrics/getup_time_mean: 2.0714
            Metrics/getup_progress: 0.5235
       Metrics/getup_milestone_sit: 0.7538
    Metrics/getup_milestone_crouch: 0.2336
--------------------------------------------------------------------------------
                   Total timesteps: 7372800
                    Iteration time: 2.04s
                      Time elapsed: 00:02:33
                               ETA: 08:29:09

################################################################################
                    [1m Learning iteration 30074/45000 [0m                    

                       Computation: 47847 steps/s (collection: 1.503s, learning 0.552s)
             Mean action noise std: 28.27
          Mean value_function loss: 0.0108
               Mean surrogate loss: -0.0059
                 Mean entropy loss: 138.5221
                       Mean reward: 59.11
               Mean episode length: 753.07
               Metrics/speed_ratio: 1.0286
       Metrics/drift_when_standing: 0.1766
          Metrics/upright_fraction: 0.9355
               Metrics/alternation: 0.9897
            Metrics/single_support: 0.9945
                    Metrics/facing: 0.9929
     Metrics/planted_when_standing: 0.8642
            Metrics/foot_clearance: 0.2159
                    Metrics/height: 0.8064
                 Metrics/fall_rate: 0.1755
   Metrics/standing_world_fraction: 0.4032
        Metrics/fall_rate_standing: 0.4352
          Metrics/fall_rate_moving: 0.0000
                  Metrics/tilt_deg: 13.8745
        Metrics/actuator_force_abs: 21.5151
        Metrics/actuator_force_max: 128.1390
               Metrics/action_cost: 0.9821
               Metrics/action_rate: 0.2803
           Metrics/joint_accel_abs: 42.2541
           Metrics/hinge_speed_max: 10.9544
       Metrics/over_speed_fraction: 0.0624
            Metrics/track_err_frac: 0.1290
        Metrics/track_within_10pct: 0.5654
           Metrics/overlift_factor: 0.2645
      Metrics/getup_world_fraction: 0.2004
        Metrics/getup_success_rate: 0.0677
          Metrics/getup_risen_rate: 0.1043
           Metrics/getup_time_mean: 2.0713
            Metrics/getup_progress: 0.5212
       Metrics/getup_milestone_sit: 0.7541
    Metrics/getup_milestone_crouch: 0.2265
--------------------------------------------------------------------------------
                   Total timesteps: 7471104
                    Iteration time: 2.05s
                      Time elapsed: 00:02:35
                               ETA: 08:29:08
NICK_WATCH 15 | BALANCE | cmd=0.00 measured=0.075 m/s distance=0.775 m alternation=0.000 switches=0 clearance=0.015 m down=0/500 steps falls=0
NICK_PHYSICS {"mode": "BALANCE", "actuators": ["a_Torso_pitch_62", "a_Torso_roll_63", "a_Torso_yaw_64", "a_Head_pitch_65", "a_Head_roll_66", "a_Head_yaw_67", "a_ThighL_pitch_68", "a_ThighL_roll_69", "a_ThighL_yaw_70", "a_ShinL_pitch_71", "a_FootL_pitch_72", "a_FootL_roll_73", "a_ThighR_pitch_74", "a_ThighR_roll_75", "a_ThighR_yaw_76", "a_ShinR_pitch_77", "a_FootR_pitch_78", "a_FootR_roll_79", "a_UpperArmL_pitch_80", "a_UpperArmL_roll_81", "a_UpperArmL_yaw_82", "a_ForearmL_pitch_83", "a_GloveL_pitch_84", "a_GloveL_yaw_85", "a_UpperArmR_pitch_86", "a_UpperArmR_roll_87", "a_UpperArmR_yaw_88", "a_ForearmR_pitch_89", "a_GloveR_pitch_90", "a_GloveR_yaw_91"], "max_torque_nm": [150.0, 100.0, 60.0, 15.0, 10.0, 8.0, 200.0, 80.0, 40.0, 200.0, 120.0, 20.0, 200.0, 80.0, 40.0, 200.0, 120.0, 20.0, 60.0, 60.0, 25.0, 0.26855220450924877, 10.0, 5.0, 60.0, 35.83780390020632, 25.0, 0.5433900360731609, 10.0, 5.0], "max_joint_speed_rad_s": [2.377056104616414, 3.166018520817187, 5.903780301152032, 4.841586420436263, 3.201984400187808, 3.3695249239955727, 4.3082234626763976, 4.743046955089332, 7.496579728688102, 6.394717976054414, 18.170858004890544, 7.0143655493647525, 6.214662119364254, 4.716989327577505, 8.393020259153657, 12.62078807292449, 18.446278985115512, 4.771239774773936, 10.686507515499846, 5.545335108846632, 4.118363451262356, 0.08826685972728927, 4.582123576857364, 1.9832009742920704, 10.062117903990266, 2.818318599902646, 4.559110193467464, 0.13251415340916867, 3.838570241043963, 1.7084179882918284]}

################################################################################
                    [1m Learning iteration 30075/45000 [0m                    

                       Computation: 48284 steps/s (collection: 1.474s, learning 0.562s)
             Mean action noise std: 28.27
          Mean value_function loss: 0.0111
               Mean surrogate loss: -0.0029
                 Mean entropy loss: 138.5253
                       Mean reward: 56.58
               Mean episode length: 746.99
               Metrics/speed_ratio: 1.0226
       Metrics/drift_when_standing: 0.1815
          Metrics/upright_fraction: 0.9346
               Metrics/alternation: 0.9906
            Metrics/single_support: 0.9946
                    Metrics/facing: 0.9925
     Metrics/planted_when_standing: 0.8643
            Metrics/foot_clearance: 0.2166
                    Metrics/height: 0.8070
                 Metrics/fall_rate: 0.1760
   Metrics/standing_world_fraction: 0.4034
        Metrics/fall_rate_standing: 0.4363
          Metrics/fall_rate_moving: 0.0000
                  Metrics/tilt_deg: 13.9513
        Metrics/actuator_force_abs: 21.4803
        Metrics/actuator_force_max: 128.1026
               Metrics/action_cost: 0.9820
               Metrics/action_rate: 0.2786
           Metrics/joint_accel_abs: 42.1226
           Metrics/hinge_speed_max: 10.9346
       Metrics/over_speed_fraction: 0.0621
            Metrics/track_err_frac: 0.1257
        Metrics/track_within_10pct: 0.5746
           Metrics/overlift_factor: 0.2623
      Metrics/getup_world_fraction: 0.2009
        Metrics/getup_success_rate: 0.0644
          Metrics/getup_risen_rate: 0.1043
           Metrics/getup_time_mean: 2.0583
            Metrics/getup_progress: 0.5235
       Metrics/getup_milestone_sit: 0.7578
    Metrics/getup_milestone_crouch: 0.2311
--------------------------------------------------------------------------------
                   Total timesteps: 7569408
                    Iteration time: 2.04s
                      Time elapsed: 00:02:37
                               ETA: 08:29:04

################################################################################
                    [1m Learning iteration 30076/45000 [0m                    

                       Computation: 48740 steps/s (collection: 1.451s, learning 0.566s)
             Mean action noise std: 28.27
          Mean value_function loss: 0.0110
               Mean surrogate loss: -0.0044
                 Mean entropy loss: 138.5285
                       Mean reward: 58.91
               Mean episode length: 764.83
               Metrics/speed_ratio: 1.0242
       Metrics/drift_when_standing: 0.1800
          Metrics/upright_fraction: 0.9339
               Metrics/alternation: 0.9896
            Metrics/single_support: 0.9947
                    Metrics/facing: 0.9926
     Metrics/planted_when_standing: 0.8645
            Metrics/foot_clearance: 0.2187
                    Metrics/height: 0.8082
                 Metrics/fall_rate: 0.1748
   Metrics/standing_world_fraction: 0.4027
        Metrics/fall_rate_standing: 0.4342
          Metrics/fall_rate_moving: 0.0000
                  Metrics/tilt_deg: 14.0310
        Metrics/actuator_force_abs: 21.4516
        Metrics/actuator_force_max: 127.9882
               Metrics/action_cost: 0.9820
               Metrics/action_rate: 0.2781
           Metrics/joint_accel_abs: 42.2304
           Metrics/hinge_speed_max: 10.9390
       Metrics/over_speed_fraction: 0.0622
            Metrics/track_err_frac: 0.1262
        Metrics/track_within_10pct: 0.5756
           Metrics/overlift_factor: 0.2644
      Metrics/getup_world_fraction: 0.2006
        Metrics/getup_success_rate: 0.0636
          Metrics/getup_risen_rate: 0.1079
           Metrics/getup_time_mean: 2.0522
            Metrics/getup_progress: 0.5280
       Metrics/getup_milestone_sit: 0.7557
    Metrics/getup_milestone_crouch: 0.2341
--------------------------------------------------------------------------------
                   Total timesteps: 7667712
                    Iteration time: 2.02s
                      Time elapsed: 00:02:39
                               ETA: 08:28:56

################################################################################
                    [1m Learning iteration 30077/45000 [0m                    

                       Computation: 47358 steps/s (collection: 1.522s, learning 0.554s)
             Mean action noise std: 28.27
          Mean value_function loss: 0.0086
               Mean surrogate loss: -0.0067
                 Mean entropy loss: 138.5300
                       Mean reward: 47.06
               Mean episode length: 667.25
               Metrics/speed_ratio: 1.0141
       Metrics/drift_when_standing: 0.1807
          Metrics/upright_fraction: 0.9348
               Metrics/alternation: 0.9868
            Metrics/single_support: 0.9934
                    Metrics/facing: 0.9924
     Metrics/planted_when_standing: 0.8617
            Metrics/foot_clearance: 0.2178
                    Metrics/height: 0.8087
                 Metrics/fall_rate: 0.1738
   Metrics/standing_world_fraction: 0.4020
        Metrics/fall_rate_standing: 0.4323
          Metrics/fall_rate_moving: 0.0000
                  Metrics/tilt_deg: 13.9364
        Metrics/actuator_force_abs: 21.4913
        Metrics/actuator_force_max: 128.0689
               Metrics/action_cost: 0.9819
               Metrics/action_rate: 0.2791
           Metrics/joint_accel_abs: 42.2644
           Metrics/hinge_speed_max: 10.9493
       Metrics/over_speed_fraction: 0.0626
            Metrics/track_err_frac: 0.1272
        Metrics/track_within_10pct: 0.5719
           Metrics/overlift_factor: 0.2658
      Metrics/getup_world_fraction: 0.1998
        Metrics/getup_success_rate: 0.0651
          Metrics/getup_risen_rate: 0.1109
           Metrics/getup_time_mean: 2.0533
            Metrics/getup_progress: 0.5285
       Metrics/getup_milestone_sit: 0.7604
    Metrics/getup_milestone_crouch: 0.2408
--------------------------------------------------------------------------------
                   Total timesteps: 7766016
                    Iteration time: 2.08s
                      Time elapsed: 00:02:41
                               ETA: 08:29:00

################################################################################
                    [1m Learning iteration 30078/45000 [0m                    

                       Computation: 46373 steps/s (collection: 1.552s, learning 0.568s)
             Mean action noise std: 28.27
          Mean value_function loss: 0.0068
               Mean surrogate loss: -0.0028
                 Mean entropy loss: 138.5290
                       Mean reward: 57.45
               Mean episode length: 755.93
               Metrics/speed_ratio: 1.0163
       Metrics/drift_when_standing: 0.1765
          Metrics/upright_fraction: 0.9337
               Metrics/alternation: 0.9896
            Metrics/single_support: 0.9947
                    Metrics/facing: 0.9923
     Metrics/planted_when_standing: 0.8634
            Metrics/foot_clearance: 0.2185
                    Metrics/height: 0.8092
                 Metrics/fall_rate: 0.1719
   Metrics/standing_world_fraction: 0.3997
        Metrics/fall_rate_standing: 0.4301
          Metrics/fall_rate_moving: 0.0000
                  Metrics/tilt_deg: 13.9034
        Metrics/actuator_force_abs: 21.4332
        Metrics/actuator_force_max: 127.8819
               Metrics/action_cost: 0.9819
               Metrics/action_rate: 0.2771
           Metrics/joint_accel_abs: 41.9648
           Metrics/hinge_speed_max: 10.9174
       Metrics/over_speed_fraction: 0.0619
            Metrics/track_err_frac: 0.1253
        Metrics/track_within_10pct: 0.5778
           Metrics/overlift_factor: 0.2615
      Metrics/getup_world_fraction: 0.1974
        Metrics/getup_success_rate: 0.0647
          Metrics/getup_risen_rate: 0.1064
           Metrics/getup_time_mean: 2.0584
            Metrics/getup_progress: 0.5231
       Metrics/getup_milestone_sit: 0.7609
    Metrics/getup_milestone_crouch: 0.2377
--------------------------------------------------------------------------------
                   Total timesteps: 7864320
                    Iteration time: 2.12s
                      Time elapsed: 00:02:43
                               ETA: 08:29:12

################################################################################
                    [1m Learning iteration 30079/45000 [0m                    

                       Computation: 47592 steps/s (collection: 1.500s, learning 0.565s)
             Mean action noise std: 28.27
          Mean value_function loss: 0.0084
               Mean surrogate loss: -0.0015
                 Mean entropy loss: 138.5283
                       Mean reward: 60.59
               Mean episode length: 793.46
               Metrics/speed_ratio: 1.0194
       Metrics/drift_when_standing: 0.1779
          Metrics/upright_fraction: 0.9364
               Metrics/alternation: 0.9917
            Metrics/single_support: 0.9952
                    Metrics/facing: 0.9925
     Metrics/planted_when_standing: 0.8633
            Metrics/foot_clearance: 0.2193
                    Metrics/height: 0.8084
                 Metrics/fall_rate: 0.1727
   Metrics/standing_world_fraction: 0.3999
        Metrics/fall_rate_standing: 0.4320
          Metrics/fall_rate_moving: 0.0000
                  Metrics/tilt_deg: 13.8199
        Metrics/actuator_force_abs: 21.4287
        Metrics/actuator_force_max: 128.0011
               Metrics/action_cost: 0.9819
               Metrics/action_rate: 0.2756
           Metrics/joint_accel_abs: 41.8560
           Metrics/hinge_speed_max: 10.9159
       Metrics/over_speed_fraction: 0.0617
            Metrics/track_err_frac: 0.1237
        Metrics/track_within_10pct: 0.5765
           Metrics/overlift_factor: 0.2587
      Metrics/getup_world_fraction: 0.1989
        Metrics/getup_success_rate: 0.0630
          Metrics/getup_risen_rate: 0.1096
           Metrics/getup_time_mean: 2.0602
            Metrics/getup_progress: 0.5226
       Metrics/getup_milestone_sit: 0.7620
    Metrics/getup_milestone_crouch: 0.2422
--------------------------------------------------------------------------------
                   Total timesteps: 7962624
                    Iteration time: 2.07s
                      Time elapsed: 00:02:45
                               ETA: 08:29:13

################################################################################
                    [1m Learning iteration 30080/45000 [0m                    

                       Computation: 47992 steps/s (collection: 1.493s, learning 0.555s)
             Mean action noise std: 28.27
          Mean value_function loss: 0.0091
               Mean surrogate loss: -0.0055
                 Mean entropy loss: 138.5288
                       Mean reward: 59.70
               Mean episode length: 759.58
               Metrics/speed_ratio: 1.0190
       Metrics/drift_when_standing: 0.1756
          Metrics/upright_fraction: 0.9344
               Metrics/alternation: 0.9902
            Metrics/single_support: 0.9944
                    Metrics/facing: 0.9929
     Metrics/planted_when_standing: 0.8583
            Metrics/foot_clearance: 0.2201
                    Metrics/height: 0.8090
                 Metrics/fall_rate: 0.1726
   Metrics/standing_world_fraction: 0.3985
        Metrics/fall_rate_standing: 0.4331
          Metrics/fall_rate_moving: 0.0000
                  Metrics/tilt_deg: 13.8997
        Metrics/actuator_force_abs: 21.4511
        Metrics/actuator_force_max: 128.0459
               Metrics/action_cost: 0.9819
               Metrics/action_rate: 0.2771
           Metrics/joint_accel_abs: 42.0112
           Metrics/hinge_speed_max: 10.9119
       Metrics/over_speed_fraction: 0.0619
            Metrics/track_err_frac: 0.1254
        Metrics/track_within_10pct: 0.5763
           Metrics/overlift_factor: 0.2599
      Metrics/getup_world_fraction: 0.1993
        Metrics/getup_success_rate: 0.0642
          Metrics/getup_risen_rate: 0.1126
           Metrics/getup_time_mean: 2.0688
            Metrics/getup_progress: 0.5276
       Metrics/getup_milestone_sit: 0.7626
    Metrics/getup_milestone_crouch: 0.2515
--------------------------------------------------------------------------------
                   Total timesteps: 8060928
                    Iteration time: 2.05s
                      Time elapsed: 00:02:47
                               ETA: 08:29:11

################################################################################
                    [1m Learning iteration 30081/45000 [0m                    

                       Computation: 46512 steps/s (collection: 1.560s, learning 0.554s)
             Mean action noise std: 28.27
          Mean value_function loss: 0.0097
               Mean surrogate loss: -0.0037
                 Mean entropy loss: 138.5311
                       Mean reward: 64.17
               Mean episode length: 800.31
               Metrics/speed_ratio: 1.0190
       Metrics/drift_when_standing: 0.1799
          Metrics/upright_fraction: 0.9384
               Metrics/alternation: 0.9897
            Metrics/single_support: 0.9946
                    Metrics/facing: 0.9924
     Metrics/planted_when_standing: 0.8689
            Metrics/foot_clearance: 0.2183
                    Metrics/height: 0.8096
                 Metrics/fall_rate: 0.1718
   Metrics/standing_world_fraction: 0.3993
        Metrics/fall_rate_standing: 0.4303
          Metrics/fall_rate_moving: 0.0000
                  Metrics/tilt_deg: 13.6930
        Metrics/actuator_force_abs: 21.4441
        Metrics/actuator_force_max: 128.0586
               Metrics/action_cost: 0.9819
               Metrics/action_rate: 0.2775
           Metrics/joint_accel_abs: 41.8665
           Metrics/hinge_speed_max: 10.8913
       Metrics/over_speed_fraction: 0.0617
            Metrics/track_err_frac: 0.1249
        Metrics/track_within_10pct: 0.5793
           Metrics/overlift_factor: 0.2615
      Metrics/getup_world_fraction: 0.1997
        Metrics/getup_success_rate: 0.0702
          Metrics/getup_risen_rate: 0.1180
           Metrics/getup_time_mean: 2.0691
            Metrics/getup_progress: 0.5320
       Metrics/getup_milestone_sit: 0.7685
    Metrics/getup_milestone_crouch: 0.2619
--------------------------------------------------------------------------------
                   Total timesteps: 8159232
                    Iteration time: 2.11s
                      Time elapsed: 00:02:50
                               ETA: 08:29:21

################################################################################
                    [1m Learning iteration 30082/45000 [0m                    

                       Computation: 46931 steps/s (collection: 1.542s, learning 0.552s)
             Mean action noise std: 28.28
          Mean value_function loss: 0.0138
               Mean surrogate loss: -0.0056
                 Mean entropy loss: 138.5329
                       Mean reward: 70.76
               Mean episode length: 855.75
               Metrics/speed_ratio: 1.0023
       Metrics/drift_when_standing: 0.1993
          Metrics/upright_fraction: 0.9303
               Metrics/alternation: 0.9737
            Metrics/single_support: 0.9886
                    Metrics/facing: 0.9922
     Metrics/planted_when_standing: 0.8435
            Metrics/foot_clearance: 0.2131
                    Metrics/height: 0.8031
                 Metrics/fall_rate: 0.1808
   Metrics/standing_world_fraction: 0.4123
        Metrics/fall_rate_standing: 0.4384
          Metrics/fall_rate_moving: 0.0000
                  Metrics/tilt_deg: 14.3175
        Metrics/actuator_force_abs: 21.8172
        Metrics/actuator_force_max: 129.1887
               Metrics/action_cost: 0.9824
               Metrics/action_rate: 0.2874
           Metrics/joint_accel_abs: 43.2823
           Metrics/hinge_speed_max: 10.9864
       Metrics/over_speed_fraction: 0.0643
            Metrics/track_err_frac: 0.1391
        Metrics/track_within_10pct: 0.5570
           Metrics/overlift_factor: 0.2788
      Metrics/getup_world_fraction: 0.2148
        Metrics/getup_success_rate: 0.0681
          Metrics/getup_risen_rate: 0.1303
           Metrics/getup_time_mean: 2.0714
            Metrics/getup_progress: 0.5387
       Metrics/getup_milestone_sit: 0.7493
    Metrics/getup_milestone_crouch: 0.2691
--------------------------------------------------------------------------------
                   Total timesteps: 8257536
                    Iteration time: 2.09s
                      Time elapsed: 00:02:52
                               ETA: 08:29:27
NICK_WATCH 16 | WALK | cmd=1.00 measured=0.953 m/s distance=9.535 m alternation=1.000 switches=29 clearance=0.329 m down=0/500 steps falls=0
NICK_PHYSICS {"mode": "WALK", "actuators": ["a_Torso_pitch_62", "a_Torso_roll_63", "a_Torso_yaw_64", "a_Head_pitch_65", "a_Head_roll_66", "a_Head_yaw_67", "a_ThighL_pitch_68", "a_ThighL_roll_69", "a_ThighL_yaw_70", "a_ShinL_pitch_71", "a_FootL_pitch_72", "a_FootL_roll_73", "a_ThighR_pitch_74", "a_ThighR_roll_75", "a_ThighR_yaw_76", "a_ShinR_pitch_77", "a_FootR_pitch_78", "a_FootR_roll_79", "a_UpperArmL_pitch_80", "a_UpperArmL_roll_81", "a_UpperArmL_yaw_82", "a_ForearmL_pitch_83", "a_GloveL_pitch_84", "a_GloveL_yaw_85", "a_UpperArmR_pitch_86", "a_UpperArmR_roll_87", "a_UpperArmR_yaw_88", "a_ForearmR_pitch_89", "a_GloveR_pitch_90", "a_GloveR_yaw_91"], "max_torque_nm": [150.0, 100.0, 60.0, 15.0, 10.0, 8.0, 200.0, 80.0, 40.0, 200.0, 120.0, 20.0, 200.0, 80.0, 40.0, 200.0, 120.0, 20.0, 60.0, 60.0, 25.0, 0.3946028200225118, 10.0, 5.0, 60.0, 35.18320235704411, 25.0, 60.0, 10.0, 5.0], "max_joint_speed_rad_s": [4.15536998071489, 3.7196357176508963, 6.047171341214152, 4.444631549560226, 3.994222803986763, 3.3311472257221224, 8.794413723694143, 5.91139948329546, 14.756303726047202, 25.591844233579177, 18.281649091782345, 10.906745038339082, 13.323840560070847, 6.151815906231646, 8.655354410558724, 26.224979068396905, 18.06305564720033, 12.318433502395653, 16.676001496964084, 6.941508206954288, 7.571249297679915, 0.07781116334039033, 4.784352114377254, 1.708677759069793, 9.794803500386118, 2.918419800689984, 4.281853438335662, 18.064454376050044, 3.84919413993852, 1.7142519340287776]}

################################################################################
                    [1m Learning iteration 30083/45000 [0m                    

                       Computation: 46023 steps/s (collection: 1.565s, learning 0.571s)
             Mean action noise std: 28.28
          Mean value_function loss: 0.0144
               Mean surrogate loss: -0.0080
                 Mean entropy loss: 138.5313
                       Mean reward: 68.83
               Mean episode length: 809.34
               Metrics/speed_ratio: 1.0021
       Metrics/drift_when_standing: 0.2110
          Metrics/upright_fraction: 0.9248
               Metrics/alternation: 0.9782
            Metrics/single_support: 0.9906
                    Metrics/facing: 0.9920
     Metrics/planted_when_standing: 0.8241
            Metrics/foot_clearance: 0.2171
                    Metrics/height: 0.8011
                 Metrics/fall_rate: 0.1855
   Metrics/standing_world_fraction: 0.4202
        Metrics/fall_rate_standing: 0.4415
          Metrics/fall_rate_moving: 0.0000
                  Metrics/tilt_deg: 14.9081
        Metrics/actuator_force_abs: 21.6333
        Metrics/actuator_force_max: 128.3680
               Metrics/action_cost: 0.9822
               Metrics/action_rate: 0.2867
           Metrics/joint_accel_abs: 42.6251
           Metrics/hinge_speed_max: 10.8781
       Metrics/over_speed_fraction: 0.0628
            Metrics/track_err_frac: 0.1312
        Metrics/track_within_10pct: 0.5672
           Metrics/overlift_factor: 0.2729
      Metrics/getup_world_fraction: 0.2254
        Metrics/getup_success_rate: 0.0643
          Metrics/getup_risen_rate: 0.1493
           Metrics/getup_time_mean: 2.0733
            Metrics/getup_progress: 0.5511
       Metrics/getup_milestone_sit: 0.7529
    Metrics/getup_milestone_crouch: 0.2802
--------------------------------------------------------------------------------
                   Total timesteps: 8355840
                    Iteration time: 2.14s
                      Time elapsed: 00:02:54
                               ETA: 08:29:40

################################################################################
                    [1m Learning iteration 30084/45000 [0m                    

                       Computation: 46313 steps/s (collection: 1.542s, learning 0.580s)
             Mean action noise std: 28.28
          Mean value_function loss: 0.0154
               Mean surrogate loss: -0.0051
                 Mean entropy loss: 138.5307
                       Mean reward: 66.51
               Mean episode length: 796.85
               Metrics/speed_ratio: 1.0044
       Metrics/drift_when_standing: 0.2054
          Metrics/upright_fraction: 0.9205
               Metrics/alternation: 0.9791
            Metrics/single_support: 0.9913
                    Metrics/facing: 0.9920
     Metrics/planted_when_standing: 0.8272
            Metrics/foot_clearance: 0.2123
                    Metrics/height: 0.7943
                 Metrics/fall_rate: 0.1950
   Metrics/standing_world_fraction: 0.4253
        Metrics/fall_rate_standing: 0.4585
          Metrics/fall_rate_moving: 0.0000
                  Metrics/tilt_deg: 15.1413
        Metrics/actuator_force_abs: 21.6684
        Metrics/actuator_force_max: 129.0061
               Metrics/action_cost: 0.9822
               Metrics/action_rate: 0.2871
           Metrics/joint_accel_abs: 43.0443
           Metrics/hinge_speed_max: 10.9640
       Metrics/over_speed_fraction: 0.0633
            Metrics/track_err_frac: 0.1312
        Metrics/track_within_10pct: 0.5685
           Metrics/overlift_factor: 0.2764
      Metrics/getup_world_fraction: 0.2308
        Metrics/getup_success_rate: 0.0646
          Metrics/getup_risen_rate: 0.1364
           Metrics/getup_time_mean: 2.0712
            Metrics/getup_progress: 0.5349
       Metrics/getup_milestone_sit: 0.7403
    Metrics/getup_milestone_crouch: 0.2692
--------------------------------------------------------------------------------
                   Total timesteps: 8454144
                    Iteration time: 2.12s
                      Time elapsed: 00:02:56
                               ETA: 08:29:51

################################################################################
                    [1m Learning iteration 30085/45000 [0m                    

                       Computation: 45774 steps/s (collection: 1.592s, learning 0.556s)
             Mean action noise std: 28.28
          Mean value_function loss: 0.0125
               Mean surrogate loss: -0.0058
                 Mean entropy loss: 138.5331
                       Mean reward: 59.49
               Mean episode length: 738.86
               Metrics/speed_ratio: 1.0111
       Metrics/drift_when_standing: 0.2098
          Metrics/upright_fraction: 0.9188
               Metrics/alternation: 0.9853
            Metrics/single_support: 0.9930
                    Metrics/facing: 0.9922
     Metrics/planted_when_standing: 0.8293
            Metrics/foot_clearance: 0.2141
                    Metrics/height: 0.7917
                 Metrics/fall_rate: 0.1997
   Metrics/standing_world_fraction: 0.4286
        Metrics/fall_rate_standing: 0.4660
          Metrics/fall_rate_moving: 0.0000
                  Metrics/tilt_deg: 15.2846
        Metrics/actuator_force_abs: 21.5358
        Metrics/actuator_force_max: 128.8305
               Metrics/action_cost: 0.9822
               Metrics/action_rate: 0.2830
           Metrics/joint_accel_abs: 42.3238
           Metrics/hinge_speed_max: 10.8533
       Metrics/over_speed_fraction: 0.0620
            Metrics/track_err_frac: 0.1256
        Metrics/track_within_10pct: 0.5795
           Metrics/overlift_factor: 0.2637
      Metrics/getup_world_fraction: 0.2353
        Metrics/getup_success_rate: 0.0637
          Metrics/getup_risen_rate: 0.1288
           Metrics/getup_time_mean: 2.0695
            Metrics/getup_progress: 0.5318
       Metrics/getup_milestone_sit: 0.7512
    Metrics/getup_milestone_crouch: 0.2677
--------------------------------------------------------------------------------
                   Total timesteps: 8552448
                    Iteration time: 2.15s
                      Time elapsed: 00:02:58
                               ETA: 08:30:05

################################################################################
                    [1m Learning iteration 30086/45000 [0m                    

                       Computation: 45479 steps/s (collection: 1.592s, learning 0.570s)
             Mean action noise std: 28.28
          Mean value_function loss: 0.0129
               Mean surrogate loss: -0.0067
                 Mean entropy loss: 138.5355
                       Mean reward: 57.54
               Mean episode length: 733.47
               Metrics/speed_ratio: 1.0099
       Metrics/drift_when_standing: 0.1943
          Metrics/upright_fraction: 0.9202
               Metrics/alternation: 0.9861
            Metrics/single_support: 0.9933
                    Metrics/facing: 0.9919
     Metrics/planted_when_standing: 0.8347
            Metrics/foot_clearance: 0.2128
                    Metrics/height: 0.7908
                 Metrics/fall_rate: 0.2022
   Metrics/standing_world_fraction: 0.4283
        Metrics/fall_rate_standing: 0.4722
          Metrics/fall_rate_moving: 0.0000
                  Metrics/tilt_deg: 15.3144
        Metrics/actuator_force_abs: 21.3975
        Metrics/actuator_force_max: 128.2437
               Metrics/action_cost: 0.9820
               Metrics/action_rate: 0.2816
           Metrics/joint_accel_abs: 42.0757
           Metrics/hinge_speed_max: 10.8505
       Metrics/over_speed_fraction: 0.0615
            Metrics/track_err_frac: 0.1249
        Metrics/track_within_10pct: 0.5796
           Metrics/overlift_factor: 0.2672
      Metrics/getup_world_fraction: 0.2349
        Metrics/getup_success_rate: 0.0654
          Metrics/getup_risen_rate: 0.1172
           Metrics/getup_time_mean: 2.0667
            Metrics/getup_progress: 0.5296
       Metrics/getup_milestone_sit: 0.7589
    Metrics/getup_milestone_crouch: 0.2652
--------------------------------------------------------------------------------
                   Total timesteps: 8650752
                    Iteration time: 2.16s
                      Time elapsed: 00:03:00
                               ETA: 08:30:22
NICK_WATCH 17 | GETUP | cmd=0.00 measured=0.010 m/s distance=0.202 m alternation=0.070 switches=1 clearance=0.080 m down=500/500 steps falls=491 got_up=False rise_at=-1.0 s up_fraction=0.00
NICK_PHYSICS {"mode": "GETUP", "actuators": ["a_Torso_pitch_62", "a_Torso_roll_63", "a_Torso_yaw_64", "a_Head_pitch_65", "a_Head_roll_66", "a_Head_yaw_67", "a_ThighL_pitch_68", "a_ThighL_roll_69", "a_ThighL_yaw_70", "a_ShinL_pitch_71", "a_FootL_pitch_72", "a_FootL_roll_73", "a_ThighR_pitch_74", "a_ThighR_roll_75", "a_ThighR_yaw_76", "a_ShinR_pitch_77", "a_FootR_pitch_78", "a_FootR_roll_79", "a_UpperArmL_pitch_80", "a_UpperArmL_roll_81", "a_UpperArmL_yaw_82", "a_ForearmL_pitch_83", "a_GloveL_pitch_84", "a_GloveL_yaw_85", "a_UpperArmR_pitch_86", "a_UpperArmR_roll_87", "a_UpperArmR_yaw_88", "a_ForearmR_pitch_89", "a_GloveR_pitch_90", "a_GloveR_yaw_91"], "max_torque_nm": [150.0, 100.0, 60.0, 15.0, 10.0, 8.0, 200.0, 80.0, 40.0, 200.0, 120.0, 20.0, 200.0, 80.0, 40.0, 200.0, 45.0, 20.0, 60.0, 60.0, 25.0, 4.042661162305299, 10.0, 5.0, 60.0, 60.0, 25.0, 7.068365597356543, 10.0, 5.0], "max_joint_speed_rad_s": [2.589870762832703, 1.9218240189298705, 6.5968597737897205, 4.720395891646038, 2.8342371791662058, 4.011714082990124, 3.215297578972594, 6.781434273098205, 5.242812371047419, 16.17605123343374, 13.214740152154304, 1.8581117923471908, 9.306579617681123, 4.08396358948558, 12.827145098209552, 24.852332086829417, 6.379157011842235, 3.0315985694834597, 17.543312911889196, 8.345357441980147, 5.820895059013128, 1.2295269445588244, 6.226696454122928, 2.5428098605294456, 17.71932683363104, 8.480492162398344, 7.093288738097827, 0.9447469171952607, 3.9099010078080076, 1.437584666148282]}

################################################################################
                    [1m Learning iteration 30087/45000 [0m                    

                       Computation: 47257 steps/s (collection: 1.517s, learning 0.563s)
             Mean action noise std: 28.28
          Mean value_function loss: 0.0107
               Mean surrogate loss: -0.0046
                 Mean entropy loss: 138.5371
                       Mean reward: 52.69
               Mean episode length: 705.02
               Metrics/speed_ratio: 1.0137
       Metrics/drift_when_standing: 0.1877
          Metrics/upright_fraction: 0.9257
               Metrics/alternation: 0.9892
            Metrics/single_support: 0.9946
                    Metrics/facing: 0.9920
     Metrics/planted_when_standing: 0.8530
            Metrics/foot_clearance: 0.2116
                    Metrics/height: 0.7896
                 Metrics/fall_rate: 0.2044
   Metrics/standing_world_fraction: 0.4262
        Metrics/fall_rate_standing: 0.4796
          Metrics/fall_rate_moving: 0.0000
                  Metrics/tilt_deg: 14.9797
        Metrics/actuator_force_abs: 21.3329
        Metrics/actuator_force_max: 128.5380
               Metrics/action_cost: 0.9820
               Metrics/action_rate: 0.2785
           Metrics/joint_accel_abs: 41.7929
           Metrics/hinge_speed_max: 10.7547
       Metrics/over_speed_fraction: 0.0606
            Metrics/track_err_frac: 0.1220
        Metrics/track_within_10pct: 0.5899
           Metrics/overlift_factor: 0.2594
      Metrics/getup_world_fraction: 0.2344
        Metrics/getup_success_rate: 0.0727
          Metrics/getup_risen_rate: 0.1154
           Metrics/getup_time_mean: 2.0717
            Metrics/getup_progress: 0.5217
       Metrics/getup_milestone_sit: 0.7637
    Metrics/getup_milestone_crouch: 0.2622
--------------------------------------------------------------------------------
                   Total timesteps: 8749056
                    Iteration time: 2.08s
                      Time elapsed: 00:03:02
                               ETA: 08:30:24

################################################################################
                    [1m Learning iteration 30088/45000 [0m                    

                       Computation: 45977 steps/s (collection: 1.557s, learning 0.582s)
             Mean action noise std: 28.28
          Mean value_function loss: 0.0107
               Mean surrogate loss: -0.0040
                 Mean entropy loss: 138.5376
                       Mean reward: 62.43
               Mean episode length: 784.30
               Metrics/speed_ratio: 1.0109
       Metrics/drift_when_standing: 0.1820
          Metrics/upright_fraction: 0.9288
               Metrics/alternation: 0.9862
            Metrics/single_support: 0.9932
                    Metrics/facing: 0.9920
     Metrics/planted_when_standing: 0.8524
            Metrics/foot_clearance: 0.2110
                    Metrics/height: 0.7917
                 Metrics/fall_rate: 0.2017
   Metrics/standing_world_fraction: 0.4234
        Metrics/fall_rate_standing: 0.4763
          Metrics/fall_rate_moving: 0.0000
                  Metrics/tilt_deg: 14.7983
        Metrics/actuator_force_abs: 21.3514
        Metrics/actuator_force_max: 128.4608
               Metrics/action_cost: 0.9819
               Metrics/action_rate: 0.2794
           Metrics/joint_accel_abs: 41.9463
           Metrics/hinge_speed_max: 10.8042
       Metrics/over_speed_fraction: 0.0611
            Metrics/track_err_frac: 0.1234
        Metrics/track_within_10pct: 0.5900
           Metrics/overlift_factor: 0.2660
      Metrics/getup_world_fraction: 0.2324
        Metrics/getup_success_rate: 0.0784
          Metrics/getup_risen_rate: 0.1148
           Metrics/getup_time_mean: 2.0696
            Metrics/getup_progress: 0.5267
       Metrics/getup_milestone_sit: 0.7677
    Metrics/getup_milestone_crouch: 0.2614
--------------------------------------------------------------------------------
                   Total timesteps: 8847360
                    Iteration time: 2.14s
                      Time elapsed: 00:03:04
                               ETA: 08:30:36

################################################################################
                    [1m Learning iteration 30089/45000 [0m                    

                       Computation: 45753 steps/s (collection: 1.586s, learning 0.562s)
             Mean action noise std: 28.28
          Mean value_function loss: 0.0095
               Mean surrogate loss: -0.0053
                 Mean entropy loss: 138.5386
                       Mean reward: 59.53
               Mean episode length: 754.61
               Metrics/speed_ratio: 1.0070
       Metrics/drift_when_standing: 0.1839
          Metrics/upright_fraction: 0.9277
               Metrics/alternation: 0.9888
            Metrics/single_support: 0.9937
                    Metrics/facing: 0.9915
     Metrics/planted_when_standing: 0.8596
            Metrics/foot_clearance: 0.2107
                    Metrics/height: 0.7916
                 Metrics/fall_rate: 0.2025
   Metrics/standing_world_fraction: 0.4223
        Metrics/fall_rate_standing: 0.4794
          Metrics/fall_rate_moving: 0.0000
                  Metrics/tilt_deg: 14.7827
        Metrics/actuator_force_abs: 21.3837
        Metrics/actuator_force_max: 128.6074
               Metrics/action_cost: 0.9821
               Metrics/action_rate: 0.2797
           Metrics/joint_accel_abs: 41.9928
           Metrics/hinge_speed_max: 10.8544
       Metrics/over_speed_fraction: 0.0615
            Metrics/track_err_frac: 0.1223
        Metrics/track_within_10pct: 0.5878
           Metrics/overlift_factor: 0.2641
      Metrics/getup_world_fraction: 0.2334
        Metrics/getup_success_rate: 0.0808
          Metrics/getup_risen_rate: 0.1169
           Metrics/getup_time_mean: 2.0685
            Metrics/getup_progress: 0.5267
       Metrics/getup_milestone_sit: 0.7720
    Metrics/getup_milestone_crouch: 0.2626
--------------------------------------------------------------------------------
                   Total timesteps: 8945664
                    Iteration time: 2.15s
                      Time elapsed: 00:03:07
                               ETA: 08:30:49

################################################################################
                    [1m Learning iteration 30090/45000 [0m                    

                       Computation: 46395 steps/s (collection: 1.562s, learning 0.557s)
             Mean action noise std: 28.28
          Mean value_function loss: 0.0088
               Mean surrogate loss: -0.0045
                 Mean entropy loss: 138.5391
                       Mean reward: 44.82
               Mean episode length: 698.81
               Metrics/speed_ratio: 1.0049
       Metrics/drift_when_standing: 0.1835
          Metrics/upright_fraction: 0.9297
               Metrics/alternation: 0.9832
            Metrics/single_support: 0.9923
                    Metrics/facing: 0.9920
     Metrics/planted_when_standing: 0.8603
            Metrics/foot_clearance: 0.2118
                    Metrics/height: 0.7938
                 Metrics/fall_rate: 0.2000
   Metrics/standing_world_fraction: 0.4179
        Metrics/fall_rate_standing: 0.4785
          Metrics/fall_rate_moving: 0.0000
                  Metrics/tilt_deg: 14.6213
        Metrics/actuator_force_abs: 21.4424
        Metrics/actuator_force_max: 128.6299
               Metrics/action_cost: 0.9820
               Metrics/action_rate: 0.2789
           Metrics/joint_accel_abs: 42.1070
           Metrics/hinge_speed_max: 10.8248
       Metrics/over_speed_fraction: 0.0617
            Metrics/track_err_frac: 0.1238
        Metrics/track_within_10pct: 0.5888
           Metrics/overlift_factor: 0.2666
      Metrics/getup_world_fraction: 0.2294
        Metrics/getup_success_rate: 0.0768
          Metrics/getup_risen_rate: 0.1144
           Metrics/getup_time_mean: 2.0687
            Metrics/getup_progress: 0.5280
       Metrics/getup_milestone_sit: 0.7729
    Metrics/getup_milestone_crouch: 0.2621
--------------------------------------------------------------------------------
                   Total timesteps: 9043968
                    Iteration time: 2.12s
                      Time elapsed: 00:03:09
                               ETA: 08:30:58
NICK_WATCH 18 | BALANCE | cmd=0.00 measured=0.076 m/s distance=0.732 m alternation=0.000 switches=0 clearance=0.013 m down=0/500 steps falls=0
NICK_PHYSICS {"mode": "BALANCE", "actuators": ["a_Torso_pitch_62", "a_Torso_roll_63", "a_Torso_yaw_64", "a_Head_pitch_65", "a_Head_roll_66", "a_Head_yaw_67", "a_ThighL_pitch_68", "a_ThighL_roll_69", "a_ThighL_yaw_70", "a_ShinL_pitch_71", "a_FootL_pitch_72", "a_FootL_roll_73", "a_ThighR_pitch_74", "a_ThighR_roll_75", "a_ThighR_yaw_76", "a_ShinR_pitch_77", "a_FootR_pitch_78", "a_FootR_roll_79", "a_UpperArmL_pitch_80", "a_UpperArmL_roll_81", "a_UpperArmL_yaw_82", "a_ForearmL_pitch_83", "a_GloveL_pitch_84", "a_GloveL_yaw_85", "a_UpperArmR_pitch_86", "a_UpperArmR_roll_87", "a_UpperArmR_yaw_88", "a_ForearmR_pitch_89", "a_GloveR_pitch_90", "a_GloveR_yaw_91"], "max_torque_nm": [150.0, 100.0, 60.0, 15.0, 10.0, 8.0, 200.0, 80.0, 40.0, 166.5791717880588, 120.0, 20.0, 200.0, 80.0, 40.0, 200.0, 120.0, 20.0, 60.0, 34.9066, 25.0, 0.3226396111201568, 10.0, 5.0, 60.0, 35.83780390020632, 25.0, 0.6057829563215211, 10.0, 5.0], "max_joint_speed_rad_s": [2.9340817267248847, 3.484612447778045, 6.3465696647937655, 4.841586420436263, 3.201984400187808, 3.3695249239955727, 4.3082234626763976, 4.910939735033463, 9.806255661488372, 6.394717976054414, 18.31475879538535, 7.0143655493647525, 6.254228857776506, 4.723753604132238, 8.393020259153657, 14.045336552060585, 18.25280189374328, 4.771239774773936, 10.686507515499846, 2.651382372896717, 4.118363451262356, 0.09458834543778637, 4.419408888359251, 2.142325530369493, 10.062117903990266, 2.818318599902646, 4.559110193467464, 0.14005652501200117, 3.838570241043963, 1.7084179882918284]}

################################################################################
                    [1m Learning iteration 30091/45000 [0m                    

                       Computation: 47406 steps/s (collection: 1.513s, learning 0.560s)
             Mean action noise std: 28.28
          Mean value_function loss: 0.0107
               Mean surrogate loss: -0.0044
                 Mean entropy loss: 138.5379
                       Mean reward: 50.81
               Mean episode length: 728.21
               Metrics/speed_ratio: 1.0119
       Metrics/drift_when_standing: 0.1849
          Metrics/upright_fraction: 0.9306
               Metrics/alternation: 0.9867
            Metrics/single_support: 0.9948
                    Metrics/facing: 0.9921
     Metrics/planted_when_standing: 0.8483
            Metrics/foot_clearance: 0.2176
                    Metrics/height: 0.7994
                 Metrics/fall_rate: 0.1919
   Metrics/standing_world_fraction: 0.4128
        Metrics/fall_rate_standing: 0.4648
          Metrics/fall_rate_moving: 0.0000
                  Metrics/tilt_deg: 14.4955
        Metrics/actuator_force_abs: 21.4645
        Metrics/actuator_force_max: 128.9251
               Metrics/action_cost: 0.9819
               Metrics/action_rate: 0.2799
           Metrics/joint_accel_abs: 42.0947
           Metrics/hinge_speed_max: 10.8627
       Metrics/over_speed_fraction: 0.0615
            Metrics/track_err_frac: 0.1197
        Metrics/track_within_10pct: 0.5915
           Metrics/overlift_factor: 0.2616
      Metrics/getup_world_fraction: 0.2228
        Metrics/getup_success_rate: 0.0697
          Metrics/getup_risen_rate: 0.1205
           Metrics/getup_time_mean: 2.0792
            Metrics/getup_progress: 0.5348
       Metrics/getup_milestone_sit: 0.7733
    Metrics/getup_milestone_crouch: 0.2742
--------------------------------------------------------------------------------
                   Total timesteps: 9142272
                    Iteration time: 2.07s
                      Time elapsed: 00:03:11
                               ETA: 08:30:58

################################################################################
                    [1m Learning iteration 30092/45000 [0m                    

                       Computation: 44091 steps/s (collection: 1.658s, learning 0.572s)
             Mean action noise std: 28.28
          Mean value_function loss: 0.0127
               Mean surrogate loss: -0.0020
                 Mean entropy loss: 138.5356
                       Mean reward: 58.76
               Mean episode length: 761.44
               Metrics/speed_ratio: 1.0088
       Metrics/drift_when_standing: 0.1841
          Metrics/upright_fraction: 0.9269
               Metrics/alternation: 0.9877
            Metrics/single_support: 0.9937
                    Metrics/facing: 0.9921
     Metrics/planted_when_standing: 0.8466
            Metrics/foot_clearance: 0.2151
                    Metrics/height: 0.7980
                 Metrics/fall_rate: 0.1909
   Metrics/standing_world_fraction: 0.4135
        Metrics/fall_rate_standing: 0.4618
          Metrics/fall_rate_moving: 0.0000
                  Metrics/tilt_deg: 14.7010
        Metrics/actuator_force_abs: 21.5138
        Metrics/actuator_force_max: 128.6035
               Metrics/action_cost: 0.9816
               Metrics/action_rate: 0.2804
           Metrics/joint_accel_abs: 42.2663
           Metrics/hinge_speed_max: 10.8984
       Metrics/over_speed_fraction: 0.0624
            Metrics/track_err_frac: 0.1182
        Metrics/track_within_10pct: 0.6023
           Metrics/overlift_factor: 0.2659
      Metrics/getup_world_fraction: 0.2218
        Metrics/getup_success_rate: 0.0677
          Metrics/getup_risen_rate: 0.1192
           Metrics/getup_time_mean: 2.0870
            Metrics/getup_progress: 0.5284
       Metrics/getup_milestone_sit: 0.7601
    Metrics/getup_milestone_crouch: 0.2747
--------------------------------------------------------------------------------
                   Total timesteps: 9240576
                    Iteration time: 2.23s
                      Time elapsed: 00:03:13
                               ETA: 08:31:24

################################################################################
                    [1m Learning iteration 30093/45000 [0m                    

                       Computation: 45960 steps/s (collection: 1.558s, learning 0.581s)
             Mean action noise std: 28.28
          Mean value_function loss: 0.0136
               Mean surrogate loss: -0.0025
                 Mean entropy loss: 138.5344
                       Mean reward: 48.77
               Mean episode length: 663.13
               Metrics/speed_ratio: 1.0038
       Metrics/drift_when_standing: 0.1853
          Metrics/upright_fraction: 0.9266
               Metrics/alternation: 0.9864
            Metrics/single_support: 0.9933
                    Metrics/facing: 0.9924
     Metrics/planted_when_standing: 0.8532
            Metrics/foot_clearance: 0.2177
                    Metrics/height: 0.7980
                 Metrics/fall_rate: 0.1910
   Metrics/standing_world_fraction: 0.4116
        Metrics/fall_rate_standing: 0.4641
          Metrics/fall_rate_moving: 0.0000
                  Metrics/tilt_deg: 14.6466
        Metrics/actuator_force_abs: 21.4144
        Metrics/actuator_force_max: 128.3896
               Metrics/action_cost: 0.9816
               Metrics/action_rate: 0.2780
           Metrics/joint_accel_abs: 41.7341
           Metrics/hinge_speed_max: 10.7822
       Metrics/over_speed_fraction: 0.0612
            Metrics/track_err_frac: 0.1200
        Metrics/track_within_10pct: 0.5992
           Metrics/overlift_factor: 0.2584
      Metrics/getup_world_fraction: 0.2196
        Metrics/getup_success_rate: 0.0685
          Metrics/getup_risen_rate: 0.1160
           Metrics/getup_time_mean: 2.0861
            Metrics/getup_progress: 0.5210
       Metrics/getup_milestone_sit: 0.7480
    Metrics/getup_milestone_crouch: 0.2697
--------------------------------------------------------------------------------
                   Total timesteps: 9338880
                    Iteration time: 2.14s
                      Time elapsed: 00:03:15
                               ETA: 08:31:34

################################################################################
                    [1m Learning iteration 30094/45000 [0m                    

                       Computation: 45958 steps/s (collection: 1.557s, learning 0.582s)
             Mean action noise std: 28.28
          Mean value_function loss: 0.0167
               Mean surrogate loss: -0.0034
                 Mean entropy loss: 138.5341
                       Mean reward: 58.83
               Mean episode length: 743.18
               Metrics/speed_ratio: 1.0087
       Metrics/drift_when_standing: 0.1814
          Metrics/upright_fraction: 0.9273
               Metrics/alternation: 0.9894
            Metrics/single_support: 0.9945
                    Metrics/facing: 0.9921
     Metrics/planted_when_standing: 0.8574
            Metrics/foot_clearance: 0.2173
                    Metrics/height: 0.7987
                 Metrics/fall_rate: 0.1900
   Metrics/standing_world_fraction: 0.4095
        Metrics/fall_rate_standing: 0.4639
          Metrics/fall_rate_moving: 0.0000
                  Metrics/tilt_deg: 14.6359
        Metrics/actuator_force_abs: 21.3806
        Metrics/actuator_force_max: 128.4050
               Metrics/action_cost: 0.9816
               Metrics/action_rate: 0.2775
           Metrics/joint_accel_abs: 41.7210
           Metrics/hinge_speed_max: 10.8434
       Metrics/over_speed_fraction: 0.0611
            Metrics/track_err_frac: 0.1189
        Metrics/track_within_10pct: 0.5966
           Metrics/overlift_factor: 0.2601
      Metrics/getup_world_fraction: 0.2176
        Metrics/getup_success_rate: 0.0673
          Metrics/getup_risen_rate: 0.1102
           Metrics/getup_time_mean: 2.0885
            Metrics/getup_progress: 0.5210
       Metrics/getup_milestone_sit: 0.7538
    Metrics/getup_milestone_crouch: 0.2593
--------------------------------------------------------------------------------
                   Total timesteps: 9437184
                    Iteration time: 2.14s
                      Time elapsed: 00:03:17
                               ETA: 08:31:45
NICK_WATCH 19 | WALK | cmd=1.00 measured=0.953 m/s distance=9.535 m alternation=1.000 switches=29 clearance=0.329 m down=0/500 steps falls=0
NICK_PHYSICS {"mode": "WALK", "actuators": ["a_Torso_pitch_62", "a_Torso_roll_63", "a_Torso_yaw_64", "a_Head_pitch_65", "a_Head_roll_66", "a_Head_yaw_67", "a_ThighL_pitch_68", "a_ThighL_roll_69", "a_ThighL_yaw_70", "a_ShinL_pitch_71", "a_FootL_pitch_72", "a_FootL_roll_73", "a_ThighR_pitch_74", "a_ThighR_roll_75", "a_ThighR_yaw_76", "a_ShinR_pitch_77", "a_FootR_pitch_78", "a_FootR_roll_79", "a_UpperArmL_pitch_80", "a_UpperArmL_roll_81", "a_UpperArmL_yaw_82", "a_ForearmL_pitch_83", "a_GloveL_pitch_84", "a_GloveL_yaw_85", "a_UpperArmR_pitch_86", "a_UpperArmR_roll_87", "a_UpperArmR_yaw_88", "a_ForearmR_pitch_89", "a_GloveR_pitch_90", "a_GloveR_yaw_91"], "max_torque_nm": [150.0, 100.0, 60.0, 15.0, 10.0, 8.0, 200.0, 80.0, 40.0, 200.0, 120.0, 20.0, 200.0, 80.0, 40.0, 200.0, 120.0, 20.0, 60.0, 60.0, 25.0, 0.3946028200225118, 10.0, 5.0, 60.0, 35.18320235704411, 25.0, 60.0, 10.0, 5.0], "max_joint_speed_rad_s": [4.15536998071489, 3.7196357176508963, 6.047171341214152, 4.444631549560226, 3.994222803986763, 3.3311472257221224, 8.794413723694143, 5.91139948329546, 14.756303726047202, 25.591844233579177, 18.281649091782345, 10.906745038339082, 13.323840560070847, 6.151815906231646, 8.655354410558724, 26.224979068396905, 18.06305564720033, 12.318433502395653, 16.676001496964084, 6.941508206954288, 7.571249297679915, 0.07781116334039033, 4.784352114377254, 1.708677759069793, 9.794803500386118, 2.918419800689984, 4.281853438335662, 18.064454376050044, 3.84919413993852, 1.7142519340287776]}

################################################################################
                    [1m Learning iteration 30095/45000 [0m                    

                       Computation: 44717 steps/s (collection: 1.622s, learning 0.576s)
             Mean action noise std: 28.29
          Mean value_function loss: 0.0104
               Mean surrogate loss: -0.0029
                 Mean entropy loss: 138.5334
                       Mean reward: 61.89
               Mean episode length: 785.02
               Metrics/speed_ratio: 1.0096
       Metrics/drift_when_standing: 0.1786
          Metrics/upright_fraction: 0.9291
               Metrics/alternation: 0.9894
            Metrics/single_support: 0.9938
                    Metrics/facing: 0.9921
     Metrics/planted_when_standing: 0.8681
            Metrics/foot_clearance: 0.2160
                    Metrics/height: 0.7995
                 Metrics/fall_rate: 0.1894
   Metrics/standing_world_fraction: 0.4086
        Metrics/fall_rate_standing: 0.4635
          Metrics/fall_rate_moving: 0.0000
                  Metrics/tilt_deg: 14.4810
        Metrics/actuator_force_abs: 21.3946
        Metrics/actuator_force_max: 128.2727
               Metrics/action_cost: 0.9816
               Metrics/action_rate: 0.2776
           Metrics/joint_accel_abs: 41.7657
           Metrics/hinge_speed_max: 10.8411
       Metrics/over_speed_fraction: 0.0612
            Metrics/track_err_frac: 0.1214
        Metrics/track_within_10pct: 0.5975
           Metrics/overlift_factor: 0.2605
      Metrics/getup_world_fraction: 0.2171
        Metrics/getup_success_rate: 0.0725
          Metrics/getup_risen_rate: 0.1127
           Metrics/getup_time_mean: 2.0849
            Metrics/getup_progress: 0.5216
       Metrics/getup_milestone_sit: 0.7665
    Metrics/getup_milestone_crouch: 0.2603
--------------------------------------------------------------------------------
                   Total timesteps: 9535488
                    Iteration time: 2.20s
                      Time elapsed: 00:03:19
                               ETA: 08:32:04

################################################################################
                    [1m Learning iteration 30096/45000 [0m                    

                       Computation: 46350 steps/s (collection: 1.564s, learning 0.557s)
             Mean action noise std: 28.29
          Mean value_function loss: 0.0103
               Mean surrogate loss: -0.0045
                 Mean entropy loss: 138.5327
                       Mean reward: 52.33
               Mean episode length: 712.24
               Metrics/speed_ratio: 1.0072
       Metrics/drift_when_standing: 0.1773
          Metrics/upright_fraction: 0.9316
               Metrics/alternation: 0.9872
            Metrics/single_support: 0.9939
                    Metrics/facing: 0.9921
     Metrics/planted_when_standing: 0.8666
            Metrics/foot_clearance: 0.2165
                    Metrics/height: 0.8006
                 Metrics/fall_rate: 0.1883
   Metrics/standing_world_fraction: 0.4080
        Metrics/fall_rate_standing: 0.4616
          Metrics/fall_rate_moving: 0.0000
                  Metrics/tilt_deg: 14.4011
        Metrics/actuator_force_abs: 21.3330
        Metrics/actuator_force_max: 128.0907
               Metrics/action_cost: 0.9816
               Metrics/action_rate: 0.2758
           Metrics/joint_accel_abs: 41.6623
           Metrics/hinge_speed_max: 10.8119
       Metrics/over_speed_fraction: 0.0610
            Metrics/track_err_frac: 0.1197
        Metrics/track_within_10pct: 0.6009
           Metrics/overlift_factor: 0.2627
      Metrics/getup_world_fraction: 0.2161
        Metrics/getup_success_rate: 0.0719
          Metrics/getup_risen_rate: 0.1122
           Metrics/getup_time_mean: 2.0830
            Metrics/getup_progress: 0.5239
       Metrics/getup_milestone_sit: 0.7757
    Metrics/getup_milestone_crouch: 0.2633
--------------------------------------------------------------------------------
                   Total timesteps: 9633792
                    Iteration time: 2.12s
                      Time elapsed: 00:03:22
                               ETA: 08:32:11

################################################################################
                    [1m Learning iteration 30097/45000 [0m                    

                       Computation: 47277 steps/s (collection: 1.525s, learning 0.554s)
             Mean action noise std: 28.29
          Mean value_function loss: 0.0086
               Mean surrogate loss: -0.0047
                 Mean entropy loss: 138.5316
                       Mean reward: 56.89
               Mean episode length: 750.63
               Metrics/speed_ratio: 1.0102
       Metrics/drift_when_standing: 0.1731
          Metrics/upright_fraction: 0.9345
               Metrics/alternation: 0.9896
            Metrics/single_support: 0.9946
                    Metrics/facing: 0.9922
     Metrics/planted_when_standing: 0.8753
            Metrics/foot_clearance: 0.2171
                    Metrics/height: 0.8018
                 Metrics/fall_rate: 0.1863
   Metrics/standing_world_fraction: 0.4054
        Metrics/fall_rate_standing: 0.4596
          Metrics/fall_rate_moving: 0.0000
                  Metrics/tilt_deg: 14.2715
        Metrics/actuator_force_abs: 21.3594
        Metrics/actuator_force_max: 128.2805
               Metrics/action_cost: 0.9816
               Metrics/action_rate: 0.2759
           Metrics/joint_accel_abs: 41.7191
           Metrics/hinge_speed_max: 10.8743
       Metrics/over_speed_fraction: 0.0613
            Metrics/track_err_frac: 0.1185
        Metrics/track_within_10pct: 0.5965
           Metrics/overlift_factor: 0.2586
      Metrics/getup_world_fraction: 0.2133
        Metrics/getup_success_rate: 0.0713
          Metrics/getup_risen_rate: 0.1123
           Metrics/getup_time_mean: 2.0825
            Metrics/getup_progress: 0.5236
       Metrics/getup_milestone_sit: 0.7806
    Metrics/getup_milestone_crouch: 0.2661
--------------------------------------------------------------------------------
                   Total timesteps: 9732096
                    Iteration time: 2.08s
                      Time elapsed: 00:03:24
                               ETA: 08:32:11

################################################################################
                    [1m Learning iteration 30098/45000 [0m                    

                       Computation: 45687 steps/s (collection: 1.580s, learning 0.572s)
             Mean action noise std: 28.29
          Mean value_function loss: 0.0123
               Mean surrogate loss: -0.0006
                 Mean entropy loss: 138.5318
                       Mean reward: 58.32
               Mean episode length: 736.13
               Metrics/speed_ratio: 1.0146
       Metrics/drift_when_standing: 0.1761
          Metrics/upright_fraction: 0.9353
               Metrics/alternation: 0.9911
            Metrics/single_support: 0.9949
                    Metrics/facing: 0.9921
     Metrics/planted_when_standing: 0.8730
            Metrics/foot_clearance: 0.2168
                    Metrics/height: 0.8019
                 Metrics/fall_rate: 0.1866
   Metrics/standing_world_fraction: 0.4075
        Metrics/fall_rate_standing: 0.4578
          Metrics/fall_rate_moving: 0.0000
                  Metrics/tilt_deg: 14.2307
        Metrics/actuator_force_abs: 21.3161
        Metrics/actuator_force_max: 128.1664
               Metrics/action_cost: 0.9815
               Metrics/action_rate: 0.2755
           Metrics/joint_accel_abs: 41.6325
           Metrics/hinge_speed_max: 10.8024
       Metrics/over_speed_fraction: 0.0608
            Metrics/track_err_frac: 0.1195
        Metrics/track_within_10pct: 0.6028
           Metrics/overlift_factor: 0.2583
      Metrics/getup_world_fraction: 0.2142
        Metrics/getup_success_rate: 0.0722
          Metrics/getup_risen_rate: 0.1145
           Metrics/getup_time_mean: 2.0822
            Metrics/getup_progress: 0.5270
       Metrics/getup_milestone_sit: 0.7757
    Metrics/getup_milestone_crouch: 0.2640
--------------------------------------------------------------------------------
                   Total timesteps: 9830400
                    Iteration time: 2.15s
                      Time elapsed: 00:03:26
                               ETA: 08:32:23
NICK_WATCH 20 | GETUP | cmd=0.00 measured=-0.123 m/s distance=1.744 m alternation=0.840 switches=12 clearance=0.029 m down=481/500 steps falls=2 got_up=False rise_at=-1.0 s up_fraction=0.00
NICK_PHYSICS {"mode": "GETUP", "actuators": ["a_Torso_pitch_62", "a_Torso_roll_63", "a_Torso_yaw_64", "a_Head_pitch_65", "a_Head_roll_66", "a_Head_yaw_67", "a_ThighL_pitch_68", "a_ThighL_roll_69", "a_ThighL_yaw_70", "a_ShinL_pitch_71", "a_FootL_pitch_72", "a_FootL_roll_73", "a_ThighR_pitch_74", "a_ThighR_roll_75", "a_ThighR_yaw_76", "a_ShinR_pitch_77", "a_FootR_pitch_78", "a_FootR_roll_79", "a_UpperArmL_pitch_80", "a_UpperArmL_roll_81", "a_UpperArmL_yaw_82", "a_ForearmL_pitch_83", "a_GloveL_pitch_84", "a_GloveL_yaw_85", "a_UpperArmR_pitch_86", "a_UpperArmR_roll_87", "a_UpperArmR_yaw_88", "a_ForearmR_pitch_89", "a_GloveR_pitch_90", "a_GloveR_yaw_91"], "max_torque_nm": [150.0, 100.0, 60.0, 15.0, 10.0, 8.0, 200.0, 80.0, 40.0, 100.0, 120.0, 20.0, 200.0, 80.0, 40.0, 200.0, 120.0, 20.0, 60.0, 60.0, 25.0, 10.320768814770648, 10.0, 3.034592616654379, 60.0, 60.0, 25.0, 60.0, 10.0, 5.0], "max_joint_speed_rad_s": [2.4516705094764886, 5.361628578405599, 5.84566540901602, 4.55814226163124, 11.103371875477874, 2.9012721336838276, 13.043789054693292, 2.1942966022427797, 7.920680208568915, 15.963683314389579, 7.796011976780759, 4.0507123320548315, 10.515062824219683, 3.6690857936239576, 13.057233191721693, 10.3511954287844, 18.209832305364227, 5.935694064366429, 13.533274776620477, 9.567952622533944, 8.417899086629397, 3.2716504236906356, 3.955191756021423, 0.6232063076622305, 11.984764008645016, 24.302289866063546, 9.91906745100186, 19.7720795596217, 6.830711251563357, 10.14499380154695]}

################################################################################
                    [1m Learning iteration 30099/45000 [0m                    

                       Computation: 47067 steps/s (collection: 1.527s, learning 0.562s)
             Mean action noise std: 28.29
          Mean value_function loss: 0.0085
               Mean surrogate loss: -0.0028
                 Mean entropy loss: 138.5330
                       Mean reward: 56.81
               Mean episode length: 755.46
               Metrics/speed_ratio: 1.0063
       Metrics/drift_when_standing: 0.1749
          Metrics/upright_fraction: 0.9337
               Metrics/alternation: 0.9900
            Metrics/single_support: 0.9938
                    Metrics/facing: 0.9925
     Metrics/planted_when_standing: 0.8660
            Metrics/foot_clearance: 0.2177
                    Metrics/height: 0.8024
                 Metrics/fall_rate: 0.1876
   Metrics/standing_world_fraction: 0.4068
        Metrics/fall_rate_standing: 0.4612
          Metrics/fall_rate_moving: 0.0000
                  Metrics/tilt_deg: 14.3335
        Metrics/actuator_force_abs: 21.3673
        Metrics/actuator_force_max: 128.3309
               Metrics/action_cost: 0.9817
               Metrics/action_rate: 0.2764
           Metrics/joint_accel_abs: 41.7041
           Metrics/hinge_speed_max: 10.8711
       Metrics/over_speed_fraction: 0.0613
            Metrics/track_err_frac: 0.1184
        Metrics/track_within_10pct: 0.6001
           Metrics/overlift_factor: 0.2581
      Metrics/getup_world_fraction: 0.2148
        Metrics/getup_success_rate: 0.0747
          Metrics/getup_risen_rate: 0.1166
           Metrics/getup_time_mean: 2.0826
            Metrics/getup_progress: 0.5296
       Metrics/getup_milestone_sit: 0.7759
    Metrics/getup_milestone_crouch: 0.2649
--------------------------------------------------------------------------------
                   Total timesteps: 9928704
                    Iteration time: 2.09s
                      Time elapsed: 00:03:28
                               ETA: 08:32:24

################################################################################
                    [1m Learning iteration 30100/45000 [0m                    

                       Computation: 47220 steps/s (collection: 1.519s, learning 0.563s)
             Mean action noise std: 28.29
          Mean value_function loss: 0.0101
               Mean surrogate loss: -0.0028
                 Mean entropy loss: 138.5327
                       Mean reward: 57.81
               Mean episode length: 752.11
               Metrics/speed_ratio: 1.0025
       Metrics/drift_when_standing: 0.1672
          Metrics/upright_fraction: 0.9366
               Metrics/alternation: 0.9897
            Metrics/single_support: 0.9947
                    Metrics/facing: 0.9925
     Metrics/planted_when_standing: 0.8752
            Metrics/foot_clearance: 0.2162
                    Metrics/height: 0.8013
                 Metrics/fall_rate: 0.1882
   Metrics/standing_world_fraction: 0.4056
        Metrics/fall_rate_standing: 0.4639
          Metrics/fall_rate_moving: 0.0000
                  Metrics/tilt_deg: 14.1900
        Metrics/actuator_force_abs: 21.3274
        Metrics/actuator_force_max: 128.2373
               Metrics/action_cost: 0.9816
               Metrics/action_rate: 0.2751
           Metrics/joint_accel_abs: 41.6678
           Metrics/hinge_speed_max: 10.8404
       Metrics/over_speed_fraction: 0.0609
            Metrics/track_err_frac: 0.1159
        Metrics/track_within_10pct: 0.6086
           Metrics/overlift_factor: 0.2579
      Metrics/getup_world_fraction: 0.2138
        Metrics/getup_success_rate: 0.0735
          Metrics/getup_risen_rate: 0.1089
           Metrics/getup_time_mean: 2.0770
            Metrics/getup_progress: 0.5228
       Metrics/getup_milestone_sit: 0.7676
    Metrics/getup_milestone_crouch: 0.2544
--------------------------------------------------------------------------------
                   Total timesteps: 10027008
                    Iteration time: 2.08s
                      Time elapsed: 00:03:30
                               ETA: 08:32:25

################################################################################
                    [1m Learning iteration 30101/45000 [0m                    

                       Computation: 44915 steps/s (collection: 1.624s, learning 0.565s)
             Mean action noise std: 28.29
          Mean value_function loss: 0.0082
               Mean surrogate loss: -0.0055
                 Mean entropy loss: 138.5323
                       Mean reward: 57.37
               Mean episode length: 746.20
               Metrics/speed_ratio: 1.0037
       Metrics/drift_when_standing: 0.1679
          Metrics/upright_fraction: 0.9380
               Metrics/alternation: 0.9893
            Metrics/single_support: 0.9940
                    Metrics/facing: 0.9922
     Metrics/planted_when_standing: 0.8789
            Metrics/foot_clearance: 0.2161
                    Metrics/height: 0.8009
                 Metrics/fall_rate: 0.1888
   Metrics/standing_world_fraction: 0.4056
        Metrics/fall_rate_standing: 0.4656
          Metrics/fall_rate_moving: 0.0000
                  Metrics/tilt_deg: 14.1381
        Metrics/actuator_force_abs: 21.3310
        Metrics/actuator_force_max: 128.2334
               Metrics/action_cost: 0.9816
               Metrics/action_rate: 0.2744
           Metrics/joint_accel_abs: 41.5860
           Metrics/hinge_speed_max: 10.8252
       Metrics/over_speed_fraction: 0.0608
            Metrics/track_err_frac: 0.1156
        Metrics/track_within_10pct: 0.6116
           Metrics/overlift_factor: 0.2583
      Metrics/getup_world_fraction: 0.2138
        Metrics/getup_success_rate: 0.0708
          Metrics/getup_risen_rate: 0.1069
           Metrics/getup_time_mean: 2.0763
            Metrics/getup_progress: 0.5203
       Metrics/getup_milestone_sit: 0.7548
    Metrics/getup_milestone_crouch: 0.2448
--------------------------------------------------------------------------------
                   Total timesteps: 10125312
                    Iteration time: 2.19s
                      Time elapsed: 00:03:32
                               ETA: 08:32:41

################################################################################
                    [1m Learning iteration 30102/45000 [0m                    

                       Computation: 46846 steps/s (collection: 1.546s, learning 0.553s)
             Mean action noise std: 28.29
          Mean value_function loss: 0.0070
               Mean surrogate loss: -0.0035
                 Mean entropy loss: 138.5317
                       Mean reward: 64.25
               Mean episode length: 800.37
               Metrics/speed_ratio: 1.0008
       Metrics/drift_when_standing: 0.1692
          Metrics/upright_fraction: 0.9359
               Metrics/alternation: 0.9889
            Metrics/single_support: 0.9945
                    Metrics/facing: 0.9916
     Metrics/planted_when_standing: 0.8775
            Metrics/foot_clearance: 0.2158
                    Metrics/height: 0.8010
                 Metrics/fall_rate: 0.1874
   Metrics/standing_world_fraction: 0.4043
        Metrics/fall_rate_standing: 0.4635
          Metrics/fall_rate_moving: 0.0000
                  Metrics/tilt_deg: 14.1923
        Metrics/actuator_force_abs: 21.3192
        Metrics/actuator_force_max: 128.2030
               Metrics/action_cost: 0.9815
               Metrics/action_rate: 0.2749
           Metrics/joint_accel_abs: 41.7038
           Metrics/hinge_speed_max: 10.8293
       Metrics/over_speed_fraction: 0.0611
            Metrics/track_err_frac: 0.1163
        Metrics/track_within_10pct: 0.6134
           Metrics/overlift_factor: 0.2595
      Metrics/getup_world_fraction: 0.2120
        Metrics/getup_success_rate: 0.0669
          Metrics/getup_risen_rate: 0.0978
           Metrics/getup_time_mean: 2.0762
            Metrics/getup_progress: 0.5192
       Metrics/getup_milestone_sit: 0.7482
    Metrics/getup_milestone_crouch: 0.2346
--------------------------------------------------------------------------------
                   Total timesteps: 10223616
                    Iteration time: 2.10s
                      Time elapsed: 00:03:34
                               ETA: 08:32:44
Actor MLP: Sequential(
  (0): Linear(in_features=127, out_features=512, bias=True)
  (1): ELU(alpha=1.0)
  (2): Linear(in_features=512, out_features=256, bias=True)
  (3): ELU(alpha=1.0)
  (4): Linear(in_features=256, out_features=128, bias=True)
  (5): ELU(alpha=1.0)
  (6): Linear(in_features=128, out_features=30, bias=True)
)
Critic MLP: Sequential(
  (0): Linear(in_features=127, out_features=512, bias=True)
  (1): ELU(alpha=1.0)
  (2): Linear(in_features=512, out_features=256, bias=True)
  (3): ELU(alpha=1.0)
  (4): Linear(in_features=256, out_features=128, bias=True)
  (5): ELU(alpha=1.0)
  (6): Linear(in_features=128, out_features=1, bias=True)
)
policy: model_30100.pt (iteration 30100)
NICK_WATCH 21 | BALANCE | cmd=0.00 measured=0.014 m/s distance=0.109 m alternation=0.000 switches=0 clearance=0.008 m down=0/500 steps falls=0
NICK_PHYSICS {"mode": "BALANCE", "actuators": ["a_Torso_pitch_62", "a_Torso_roll_63", "a_Torso_yaw_64", "a_Head_pitch_65", "a_Head_roll_66", "a_Head_yaw_67", "a_ThighL_pitch_68", "a_ThighL_roll_69", "a_ThighL_yaw_70", "a_ShinL_pitch_71", "a_FootL_pitch_72", "a_FootL_roll_73", "a_ThighR_pitch_74", "a_ThighR_roll_75", "a_ThighR_yaw_76", "a_ShinR_pitch_77", "a_FootR_pitch_78", "a_FootR_roll_79", "a_UpperArmL_pitch_80", "a_UpperArmL_roll_81", "a_UpperArmL_yaw_82", "a_ForearmL_pitch_83", "a_GloveL_pitch_84", "a_GloveL_yaw_85", "a_UpperArmR_pitch_86", "a_UpperArmR_roll_87", "a_UpperArmR_yaw_88", "a_ForearmR_pitch_89", "a_GloveR_pitch_90", "a_GloveR_yaw_91"], "max_torque_nm": [150.0, 100.0, 60.0, 15.0, 10.0, 8.0, 200.0, 80.0, 40.0, 200.0, 120.0, 20.0, 200.0, 80.0, 40.0, 200.0, 120.0, 20.0, 60.0, 34.9066, 25.0, 0.28664805143094946, 10.0, 5.0, 60.0, 35.83780390020632, 25.0, 0.6595410339442452, 10.0, 5.0], "max_joint_speed_rad_s": [2.5704350420823787, 4.081177301133151, 5.862670466896699, 4.75526655197326, 3.310053142907242, 3.321127731425713, 5.3598712455227115, 5.230422757833502, 7.497440427749827, 6.229177061334261, 18.315305854138757, 6.010817653407874, 5.499342240556467, 4.948058450241837, 8.610780859604237, 9.804306321688982, 18.367858377276136, 4.822174715097343, 10.70186921921636, 2.5322544832503624, 4.294602286306852, 0.08640457574246718, 4.293681023062303, 2.1085362499124907, 10.068328287320023, 2.660359701812656, 5.800619247567378, 0.13640393164961254, 3.8386403322932003, 1.70836547933542]}

################################################################################
                    [1m Learning iteration 30103/45000 [0m                    

                       Computation: 46056 steps/s (collection: 1.539s, learning 0.595s)
             Mean action noise std: 28.29
          Mean value_function loss: 0.0112
               Mean surrogate loss: -0.0058
                 Mean entropy loss: 138.5317
                       Mean reward: 63.14
               Mean episode length: 796.34
               Metrics/speed_ratio: 1.0029
       Metrics/drift_when_standing: 0.1712
          Metrics/upright_fraction: 0.9350
               Metrics/alternation: 0.9907
            Metrics/single_support: 0.9948
                    Metrics/facing: 0.9918
     Metrics/planted_when_standing: 0.8693
            Metrics/foot_clearance: 0.2167
                    Metrics/height: 0.8007
                 Metrics/fall_rate: 0.1889
   Metrics/standing_world_fraction: 0.4059
        Metrics/fall_rate_standing: 0.4653
          Metrics/fall_rate_moving: 0.0000
                  Metrics/tilt_deg: 14.2901
        Metrics/actuator_force_abs: 21.2962
        Metrics/actuator_force_max: 128.2335
               Metrics/action_cost: 0.9815
               Metrics/action_rate: 0.2741
           Metrics/joint_accel_abs: 41.4635
           Metrics/hinge_speed_max: 10.7852
       Metrics/over_speed_fraction: 0.0605
            Metrics/track_err_frac: 0.1150
        Metrics/track_within_10pct: 0.6153
           Metrics/overlift_factor: 0.2553
      Metrics/getup_world_fraction: 0.2139
        Metrics/getup_success_rate: 0.0662
          Metrics/getup_risen_rate: 0.1009
           Metrics/getup_time_mean: 2.0774
            Metrics/getup_progress: 0.5207
       Metrics/getup_milestone_sit: 0.7539
    Metrics/getup_milestone_crouch: 0.2353
--------------------------------------------------------------------------------
                   Total timesteps: 10321920
                    Iteration time: 2.13s
                      Time elapsed: 00:03:36
                               ETA: 08:32:52

################################################################################
                    [1m Learning iteration 30104/45000 [0m                    

                       Computation: 47267 steps/s (collection: 1.516s, learning 0.564s)
             Mean action noise std: 28.29
          Mean value_function loss: 0.0115
               Mean surrogate loss: -0.0022
                 Mean entropy loss: 138.5314
                       Mean reward: 53.27
               Mean episode length: 731.53
               Metrics/speed_ratio: 1.0045
       Metrics/drift_when_standing: 0.1743
          Metrics/upright_fraction: 0.9339
               Metrics/alternation: 0.9904
            Metrics/single_support: 0.9948
                    Metrics/facing: 0.9919
     Metrics/planted_when_standing: 0.8662
            Metrics/foot_clearance: 0.2170
                    Metrics/height: 0.8006
                 Metrics/fall_rate: 0.1896
   Metrics/standing_world_fraction: 0.4061
        Metrics/fall_rate_standing: 0.4669
          Metrics/fall_rate_moving: 0.0000
                  Metrics/tilt_deg: 14.3175
        Metrics/actuator_force_abs: 21.2988
        Metrics/actuator_force_max: 128.3109
               Metrics/action_cost: 0.9815
               Metrics/action_rate: 0.2737
           Metrics/joint_accel_abs: 41.5227
           Metrics/hinge_speed_max: 10.7990
       Metrics/over_speed_fraction: 0.0607
            Metrics/track_err_frac: 0.1144
        Metrics/track_within_10pct: 0.6141
           Metrics/overlift_factor: 0.2576
      Metrics/getup_world_fraction: 0.2155
        Metrics/getup_success_rate: 0.0655
          Metrics/getup_risen_rate: 0.1062
           Metrics/getup_time_mean: 2.0777
            Metrics/getup_progress: 0.5220
       Metrics/getup_milestone_sit: 0.7559
    Metrics/getup_milestone_crouch: 0.2381
--------------------------------------------------------------------------------
                   Total timesteps: 10420224
                    Iteration time: 2.08s
                      Time elapsed: 00:03:38
                               ETA: 08:32:52

################################################################################
                    [1m Learning iteration 30105/45000 [0m                    

                       Computation: 47583 steps/s (collection: 1.508s, learning 0.558s)
             Mean action noise std: 28.29
          Mean value_function loss: 0.0094
               Mean surrogate loss: -0.0065
                 Mean entropy loss: 138.5329
                       Mean reward: 61.21
               Mean episode length: 755.05
               Metrics/speed_ratio: 1.0060
       Metrics/drift_when_standing: 0.1700
          Metrics/upright_fraction: 0.9351
               Metrics/alternation: 0.9907
            Metrics/single_support: 0.9949
                    Metrics/facing: 0.9919
     Metrics/planted_when_standing: 0.8731
            Metrics/foot_clearance: 0.2167
                    Metrics/height: 0.8014
                 Metrics/fall_rate: 0.1881
   Metrics/standing_world_fraction: 0.4054
        Metrics/fall_rate_standing: 0.4640
          Metrics/fall_rate_moving: 0.0000
                  Metrics/tilt_deg: 14.1808
        Metrics/actuator_force_abs: 21.2873
        Metrics/actuator_force_max: 127.9671
               Metrics/action_cost: 0.9815
               Metrics/action_rate: 0.2742
           Metrics/joint_accel_abs: 41.6282
           Metrics/hinge_speed_max: 10.8307
       Metrics/over_speed_fraction: 0.0609
            Metrics/track_err_frac: 0.1144
        Metrics/track_within_10pct: 0.6154
           Metrics/overlift_factor: 0.2567
      Metrics/getup_world_fraction: 0.2133
        Metrics/getup_success_rate: 0.0632
          Metrics/getup_risen_rate: 0.1048
           Metrics/getup_time_mean: 2.0800
            Metrics/getup_progress: 0.5224
       Metrics/getup_milestone_sit: 0.7612
    Metrics/getup_milestone_crouch: 0.2335
--------------------------------------------------------------------------------
                   Total timesteps: 10518528
                    Iteration time: 2.07s
                      Time elapsed: 00:03:41
                               ETA: 08:32:50

################################################################################
                    [1m Learning iteration 30106/45000 [0m                    

                       Computation: 46617 steps/s (collection: 1.541s, learning 0.567s)
             Mean action noise std: 28.29
          Mean value_function loss: 0.0085
               Mean surrogate loss: -0.0046
                 Mean entropy loss: 138.5340
                       Mean reward: 59.34
               Mean episode length: 748.78
               Metrics/speed_ratio: 1.0077
       Metrics/drift_when_standing: 0.1699
          Metrics/upright_fraction: 0.9372
               Metrics/alternation: 0.9901
            Metrics/single_support: 0.9944
                    Metrics/facing: 0.9921
     Metrics/planted_when_standing: 0.8788
            Metrics/foot_clearance: 0.2152
                    Metrics/height: 0.8010
                 Metrics/fall_rate: 0.1882
   Metrics/standing_world_fraction: 0.4058
        Metrics/fall_rate_standing: 0.4637
          Metrics/fall_rate_moving: 0.0000
                  Metrics/tilt_deg: 14.0839
        Metrics/actuator_force_abs: 21.2561
        Metrics/actuator_force_max: 128.0079
               Metrics/action_cost: 0.9814
               Metrics/action_rate: 0.2727
           Metrics/joint_accel_abs: 41.4570
           Metrics/hinge_speed_max: 10.7990
       Metrics/over_speed_fraction: 0.0605
            Metrics/track_err_frac: 0.1143
        Metrics/track_within_10pct: 0.6142
           Metrics/overlift_factor: 0.2572
      Metrics/getup_world_fraction: 0.2121
        Metrics/getup_success_rate: 0.0608
          Metrics/getup_risen_rate: 0.0982
           Metrics/getup_time_mean: 2.0823
            Metrics/getup_progress: 0.5179
       Metrics/getup_milestone_sit: 0.7611
    Metrics/getup_milestone_crouch: 0.2281
--------------------------------------------------------------------------------
                   Total timesteps: 10616832
                    Iteration time: 2.11s
                      Time elapsed: 00:03:43
                               ETA: 08:32:53

################################################################################
                    [1m Learning iteration 30107/45000 [0m                    

                       Computation: 47854 steps/s (collection: 1.495s, learning 0.559s)
             Mean action noise std: 28.29
          Mean value_function loss: 0.0129
               Mean surrogate loss: -0.0045
                 Mean entropy loss: 138.5340
                       Mean reward: 61.61
               Mean episode length: 795.56
               Metrics/speed_ratio: 1.0006
       Metrics/drift_when_standing: 0.1811
          Metrics/upright_fraction: 0.9314
               Metrics/alternation: 0.9802
            Metrics/single_support: 0.9914
                    Metrics/facing: 0.9920
     Metrics/planted_when_standing: 0.8548
            Metrics/foot_clearance: 0.2163
                    Metrics/height: 0.8004
                 Metrics/fall_rate: 0.1878
   Metrics/standing_world_fraction: 0.4086
        Metrics/fall_rate_standing: 0.4595
          Metrics/fall_rate_moving: 0.0000
                  Metrics/tilt_deg: 14.4265
        Metrics/actuator_force_abs: 21.5764
        Metrics/actuator_force_max: 128.8572
               Metrics/action_cost: 0.9816
               Metrics/action_rate: 0.2791
           Metrics/joint_accel_abs: 42.3455
           Metrics/hinge_speed_max: 10.8661
       Metrics/over_speed_fraction: 0.0626
            Metrics/track_err_frac: 0.1213
        Metrics/track_within_10pct: 0.6057
           Metrics/overlift_factor: 0.2676
      Metrics/getup_world_fraction: 0.2158
        Metrics/getup_success_rate: 0.0560
          Metrics/getup_risen_rate: 0.1099
           Metrics/getup_time_mean: 2.0763
            Metrics/getup_progress: 0.5229
       Metrics/getup_milestone_sit: 0.7406
    Metrics/getup_milestone_crouch: 0.2392
--------------------------------------------------------------------------------
                   Total timesteps: 10715136
                    Iteration time: 2.05s
                      Time elapsed: 00:03:45
                               ETA: 08:32:50

################################################################################
                    [1m Learning iteration 30108/45000 [0m                    

                       Computation: 46892 steps/s (collection: 1.508s, learning 0.589s)
             Mean action noise std: 28.29
          Mean value_function loss: 0.0124
               Mean surrogate loss: -0.0068
                 Mean entropy loss: 138.5378
                       Mean reward: 58.34
               Mean episode length: 764.87
               Metrics/speed_ratio: 0.9998
       Metrics/drift_when_standing: 0.1945
          Metrics/upright_fraction: 0.9247
               Metrics/alternation: 0.9840
            Metrics/single_support: 0.9928
                    Metrics/facing: 0.9919
     Metrics/planted_when_standing: 0.8353
            Metrics/foot_clearance: 0.2206
                    Metrics/height: 0.8000
                 Metrics/fall_rate: 0.1902
   Metrics/standing_world_fraction: 0.4124
        Metrics/fall_rate_standing: 0.4611
          Metrics/fall_rate_moving: 0.0000
                  Metrics/tilt_deg: 14.9440
        Metrics/actuator_force_abs: 21.5179
        Metrics/actuator_force_max: 128.3761
               Metrics/action_cost: 0.9817
               Metrics/action_rate: 0.2812
           Metrics/joint_accel_abs: 42.2888
           Metrics/hinge_speed_max: 10.8779
       Metrics/over_speed_fraction: 0.0622
            Metrics/track_err_frac: 0.1176
        Metrics/track_within_10pct: 0.6102
           Metrics/overlift_factor: 0.2658
      Metrics/getup_world_fraction: 0.2198
        Metrics/getup_success_rate: 0.0520
          Metrics/getup_risen_rate: 0.1223
           Metrics/getup_time_mean: 2.0750
            Metrics/getup_progress: 0.5258
       Metrics/getup_milestone_sit: 0.7230
    Metrics/getup_milestone_crouch: 0.2495
--------------------------------------------------------------------------------
                   Total timesteps: 10813440
                    Iteration time: 2.10s
                      Time elapsed: 00:03:47
                               ETA: 08:32:52

################################################################################
                    [1m Learning iteration 30109/45000 [0m                    

                       Computation: 47156 steps/s (collection: 1.517s, learning 0.568s)
             Mean action noise std: 28.30
          Mean value_function loss: 0.0113
               Mean surrogate loss: -0.0047
                 Mean entropy loss: 138.5407
                       Mean reward: 52.04
               Mean episode length: 692.34
               Metrics/speed_ratio: 1.0003
       Metrics/drift_when_standing: 0.1974
          Metrics/upright_fraction: 0.9246
               Metrics/alternation: 0.9841
            Metrics/single_support: 0.9933
                    Metrics/facing: 0.9916
     Metrics/planted_when_standing: 0.8378
            Metrics/foot_clearance: 0.2187
                    Metrics/height: 0.7973
                 Metrics/fall_rate: 0.1920
   Metrics/standing_world_fraction: 0.4136
        Metrics/fall_rate_standing: 0.4642
          Metrics/fall_rate_moving: 0.0000
                  Metrics/tilt_deg: 14.9080
        Metrics/actuator_force_abs: 21.5127
        Metrics/actuator_force_max: 128.2919
               Metrics/action_cost: 0.9817
               Metrics/action_rate: 0.2809
           Metrics/joint_accel_abs: 42.1682
           Metrics/hinge_speed_max: 10.8514
       Metrics/over_speed_fraction: 0.0620
            Metrics/track_err_frac: 0.1176
        Metrics/track_within_10pct: 0.6070
           Metrics/overlift_factor: 0.2674
      Metrics/getup_world_fraction: 0.2203
        Metrics/getup_success_rate: 0.0470
          Metrics/getup_risen_rate: 0.1150
           Metrics/getup_time_mean: 2.0781
            Metrics/getup_progress: 0.5154
       Metrics/getup_milestone_sit: 0.7061
    Metrics/getup_milestone_crouch: 0.2474
--------------------------------------------------------------------------------
                   Total timesteps: 10911744
                    Iteration time: 2.08s
                      Time elapsed: 00:03:49
                               ETA: 08:32:52

################################################################################
                    [1m Learning iteration 30110/45000 [0m                    

                       Computation: 45685 steps/s (collection: 1.566s, learning 0.586s)
             Mean action noise std: 28.30
          Mean value_function loss: 0.0120
               Mean surrogate loss: -0.0013
                 Mean entropy loss: 138.5410
                       Mean reward: 53.88
               Mean episode length: 710.26
               Metrics/speed_ratio: 1.0036
       Metrics/drift_when_standing: 0.1897
          Metrics/upright_fraction: 0.9237
               Metrics/alternation: 0.9871
            Metrics/single_support: 0.9932
                    Metrics/facing: 0.9918
     Metrics/planted_when_standing: 0.8459
            Metrics/foot_clearance: 0.2171
                    Metrics/height: 0.7971
                 Metrics/fall_rate: 0.1903
   Metrics/standing_world_fraction: 0.4151
        Metrics/fall_rate_standing: 0.4585
          Metrics/fall_rate_moving: 0.0000
                  Metrics/tilt_deg: 14.8462
        Metrics/actuator_force_abs: 21.4583
        Metrics/actuator_force_max: 128.2473
               Metrics/action_cost: 0.9815
               Metrics/action_rate: 0.2807
           Metrics/joint_accel_abs: 41.9069
           Metrics/hinge_speed_max: 10.8319
       Metrics/over_speed_fraction: 0.0614
            Metrics/track_err_frac: 0.1152
        Metrics/track_within_10pct: 0.6148
           Metrics/overlift_factor: 0.2624
      Metrics/getup_world_fraction: 0.2174
        Metrics/getup_success_rate: 0.0451
          Metrics/getup_risen_rate: 0.1092
           Metrics/getup_time_mean: 2.0581
            Metrics/getup_progress: 0.5076
       Metrics/getup_milestone_sit: 0.7022
    Metrics/getup_milestone_crouch: 0.2365
--------------------------------------------------------------------------------
                   Total timesteps: 11010048
                    Iteration time: 2.15s
                      Time elapsed: 00:03:51
                               ETA: 08:33:01
NICK_WATCH 22 | WALK | cmd=1.00 measured=0.949 m/s distance=9.517 m alternation=1.000 switches=29 clearance=0.333 m down=0/500 steps falls=0
NICK_PHYSICS {"mode": "WALK", "actuators": ["a_Torso_pitch_62", "a_Torso_roll_63", "a_Torso_yaw_64", "a_Head_pitch_65", "a_Head_roll_66", "a_Head_yaw_67", "a_ThighL_pitch_68", "a_ThighL_roll_69", "a_ThighL_yaw_70", "a_ShinL_pitch_71", "a_FootL_pitch_72", "a_FootL_roll_73", "a_ThighR_pitch_74", "a_ThighR_roll_75", "a_ThighR_yaw_76", "a_ShinR_pitch_77", "a_FootR_pitch_78", "a_FootR_roll_79", "a_UpperArmL_pitch_80", "a_UpperArmL_roll_81", "a_UpperArmL_yaw_82", "a_ForearmL_pitch_83", "a_GloveL_pitch_84", "a_GloveL_yaw_85", "a_UpperArmR_pitch_86", "a_UpperArmR_roll_87", "a_UpperArmR_yaw_88", "a_ForearmR_pitch_89", "a_GloveR_pitch_90", "a_GloveR_yaw_91"], "max_torque_nm": [150.0, 100.0, 60.0, 15.0, 10.0, 8.0, 200.0, 80.0, 40.0, 200.0, 120.0, 20.0, 200.0, 80.0, 40.0, 200.0, 120.0, 20.0, 60.0, 60.0, 25.0, 0.4098436158782326, 10.0, 5.0, 60.0, 34.9066, 25.0, 60.0, 10.0, 5.0], "max_joint_speed_rad_s": [4.15536998071489, 3.755337850375548, 6.208410394819351, 4.455177767849364, 4.234501145295417, 3.3381601500689304, 8.794413723694143, 5.693005077683424, 16.16023860471321, 25.36560331727255, 18.288934418831353, 11.650203646386721, 13.464928993496423, 6.466401745130846, 8.875319899446009, 26.286232083632743, 18.181882642498707, 11.202389783474164, 16.832974272518555, 6.9098858855753456, 7.570775893517189, 0.07590817999391039, 4.766324697553655, 1.7085167079574086, 9.794803500386118, 3.064085339798749, 4.036369691310899, 18.079620227177802, 3.8492758528371187, 1.7142110606303562]}

################################################################################
                    [1m Learning iteration 30111/45000 [0m                    

                       Computation: 47204 steps/s (collection: 1.519s, learning 0.563s)
             Mean action noise std: 28.30
          Mean value_function loss: 0.0142
               Mean surrogate loss: -0.0024
                 Mean entropy loss: 138.5404
                       Mean reward: 57.56
               Mean episode length: 741.48
               Metrics/speed_ratio: 1.0062
       Metrics/drift_when_standing: 0.1863
          Metrics/upright_fraction: 0.9248
               Metrics/alternation: 0.9883
            Metrics/single_support: 0.9937
                    Metrics/facing: 0.9920
     Metrics/planted_when_standing: 0.8535
            Metrics/foot_clearance: 0.2153
                    Metrics/height: 0.7971
                 Metrics/fall_rate: 0.1904
   Metrics/standing_world_fraction: 0.4168
        Metrics/fall_rate_standing: 0.4568
          Metrics/fall_rate_moving: 0.0000
                  Metrics/tilt_deg: 14.7563
        Metrics/actuator_force_abs: 21.3748
        Metrics/actuator_force_max: 127.8228
               Metrics/action_cost: 0.9815
               Metrics/action_rate: 0.2787
           Metrics/joint_accel_abs: 41.6064
           Metrics/hinge_speed_max: 10.7973
       Metrics/over_speed_fraction: 0.0611
            Metrics/track_err_frac: 0.1149
        Metrics/track_within_10pct: 0.6139
           Metrics/overlift_factor: 0.2625
      Metrics/getup_world_fraction: 0.2168
        Metrics/getup_success_rate: 0.0492
          Metrics/getup_risen_rate: 0.1058
           Metrics/getup_time_mean: 2.0570
            Metrics/getup_progress: 0.5070
       Metrics/getup_milestone_sit: 0.7152
    Metrics/getup_milestone_crouch: 0.2339
--------------------------------------------------------------------------------
                   Total timesteps: 11108352
                    Iteration time: 2.08s
                      Time elapsed: 00:03:53
                               ETA: 08:33:01

################################################################################
                    [1m Learning iteration 30112/45000 [0m                    

                       Computation: 47656 steps/s (collection: 1.500s, learning 0.563s)
             Mean action noise std: 28.30
          Mean value_function loss: 0.0137
               Mean surrogate loss: -0.0048
                 Mean entropy loss: 138.5398
                       Mean reward: 55.23
               Mean episode length: 708.12
               Metrics/speed_ratio: 1.0069
       Metrics/drift_when_standing: 0.1805
          Metrics/upright_fraction: 0.9260
               Metrics/alternation: 0.9888
            Metrics/single_support: 0.9943
                    Metrics/facing: 0.9921
     Metrics/planted_when_standing: 0.8617
            Metrics/foot_clearance: 0.2136
                    Metrics/height: 0.7951
                 Metrics/fall_rate: 0.1929
   Metrics/standing_world_fraction: 0.4157
        Metrics/fall_rate_standing: 0.4640
          Metrics/fall_rate_moving: 0.0000
                  Metrics/tilt_deg: 14.6533
        Metrics/actuator_force_abs: 21.2992
        Metrics/actuator_force_max: 127.6859
               Metrics/action_cost: 0.9815
               Metrics/action_rate: 0.2759
           Metrics/joint_accel_abs: 41.5916
           Metrics/hinge_speed_max: 10.7906
       Metrics/over_speed_fraction: 0.0606
            Metrics/track_err_frac: 0.1140
        Metrics/track_within_10pct: 0.6161
           Metrics/overlift_factor: 0.2609
      Metrics/getup_world_fraction: 0.2169
        Metrics/getup_success_rate: 0.0572
          Metrics/getup_risen_rate: 0.0963
           Metrics/getup_time_mean: 2.0631
            Metrics/getup_progress: 0.5003
       Metrics/getup_milestone_sit: 0.7270
    Metrics/getup_milestone_crouch: 0.2232
--------------------------------------------------------------------------------
                   Total timesteps: 11206656
                    Iteration time: 2.06s
                      Time elapsed: 00:03:55
                               ETA: 08:32:59

################################################################################
                    [1m Learning iteration 30113/45000 [0m                    

                       Computation: 47124 steps/s (collection: 1.530s, learning 0.556s)
             Mean action noise std: 28.30
          Mean value_function loss: 0.0093
               Mean surrogate loss: -0.0025
                 Mean entropy loss: 138.5398
                       Mean reward: 64.85
               Mean episode length: 810.06
               Metrics/speed_ratio: 1.0050
       Metrics/drift_when_standing: 0.1760
          Metrics/upright_fraction: 0.9281
               Metrics/alternation: 0.9895
            Metrics/single_support: 0.9942
                    Metrics/facing: 0.9921
     Metrics/planted_when_standing: 0.8664
            Metrics/foot_clearance: 0.2146
                    Metrics/height: 0.7960
                 Metrics/fall_rate: 0.1936
   Metrics/standing_world_fraction: 0.4164
        Metrics/fall_rate_standing: 0.4650
          Metrics/fall_rate_moving: 0.0000
                  Metrics/tilt_deg: 14.5460
        Metrics/actuator_force_abs: 21.2603
        Metrics/actuator_force_max: 128.0377
               Metrics/action_cost: 0.9815
               Metrics/action_rate: 0.2743
           Metrics/joint_accel_abs: 41.2169
           Metrics/hinge_speed_max: 10.7353
       Metrics/over_speed_fraction: 0.0600
            Metrics/track_err_frac: 0.1124
        Metrics/track_within_10pct: 0.6188
           Metrics/overlift_factor: 0.2563
      Metrics/getup_world_fraction: 0.2178
        Metrics/getup_success_rate: 0.0564
          Metrics/getup_risen_rate: 0.0959
           Metrics/getup_time_mean: 2.0672
            Metrics/getup_progress: 0.5062
       Metrics/getup_milestone_sit: 0.7332
    Metrics/getup_milestone_crouch: 0.2245
--------------------------------------------------------------------------------
                   Total timesteps: 11304960
                    Iteration time: 2.09s
                      Time elapsed: 00:03:57
                               ETA: 08:32:59

################################################################################
                    [1m Learning iteration 30114/45000 [0m                    

                       Computation: 46709 steps/s (collection: 1.537s, learning 0.567s)
             Mean action noise std: 28.30
          Mean value_function loss: 0.0100
               Mean surrogate loss: -0.0045
                 Mean entropy loss: 138.5391
                       Mean reward: 62.63
               Mean episode length: 793.73
               Metrics/speed_ratio: 1.0067
       Metrics/drift_when_standing: 0.1775
          Metrics/upright_fraction: 0.9290
               Metrics/alternation: 0.9900
            Metrics/single_support: 0.9950
                    Metrics/facing: 0.9920
     Metrics/planted_when_standing: 0.8671
            Metrics/foot_clearance: 0.2132
                    Metrics/height: 0.7958
                 Metrics/fall_rate: 0.1947
   Metrics/standing_world_fraction: 0.4162
        Metrics/fall_rate_standing: 0.4677
          Metrics/fall_rate_moving: 0.0000
                  Metrics/tilt_deg: 14.5692
        Metrics/actuator_force_abs: 21.3449
        Metrics/actuator_force_max: 128.1511
               Metrics/action_cost: 0.9816
               Metrics/action_rate: 0.2758
           Metrics/joint_accel_abs: 41.7179
           Metrics/hinge_speed_max: 10.8256
       Metrics/over_speed_fraction: 0.0611
            Metrics/track_err_frac: 0.1165
        Metrics/track_within_10pct: 0.6067
           Metrics/overlift_factor: 0.2619
      Metrics/getup_world_fraction: 0.2184
        Metrics/getup_success_rate: 0.0554
          Metrics/getup_risen_rate: 0.0957
           Metrics/getup_time_mean: 2.0719
            Metrics/getup_progress: 0.5079
       Metrics/getup_milestone_sit: 0.7366
    Metrics/getup_milestone_crouch: 0.2259
--------------------------------------------------------------------------------
                   Total timesteps: 11403264
                    Iteration time: 2.10s
                      Time elapsed: 00:03:59
                               ETA: 08:33:02
NICK_WATCH 23 | GETUP | cmd=0.00 measured=-0.078 m/s distance=0.865 m alternation=0.770 switches=11 clearance=0.174 m down=500/500 steps falls=208 got_up=False rise_at=-1.0 s up_fraction=0.00
NICK_PHYSICS {"mode": "GETUP", "actuators": ["a_Torso_pitch_62", "a_Torso_roll_63", "a_Torso_yaw_64", "a_Head_pitch_65", "a_Head_roll_66", "a_Head_yaw_67", "a_ThighL_pitch_68", "a_ThighL_roll_69", "a_ThighL_yaw_70", "a_ShinL_pitch_71", "a_FootL_pitch_72", "a_FootL_roll_73", "a_ThighR_pitch_74", "a_ThighR_roll_75", "a_ThighR_yaw_76", "a_ShinR_pitch_77", "a_FootR_pitch_78", "a_FootR_roll_79", "a_UpperArmL_pitch_80", "a_UpperArmL_roll_81", "a_UpperArmL_yaw_82", "a_ForearmL_pitch_83", "a_GloveL_pitch_84", "a_GloveL_yaw_85", "a_UpperArmR_pitch_86", "a_UpperArmR_roll_87", "a_UpperArmR_yaw_88", "a_ForearmR_pitch_89", "a_GloveR_pitch_90", "a_GloveR_yaw_91"], "max_torque_nm": [150.0, 100.0, 60.0, 15.0, 10.0, 8.0, 200.0, 80.0, 40.0, 200.0, 120.0, 20.0, 200.0, 80.0, 40.0, 100.0, 120.0, 20.0, 60.0, 60.0, 25.0, 5.912225377832325, 10.0, 5.0, 60.0, 60.0, 25.0, 60.0, 10.0, 5.0], "max_joint_speed_rad_s": [5.191610109922079, 9.643492359532715, 6.053229408548357, 6.033385196099406, 3.6197233298183153, 3.8167448214750492, 14.319076814060782, 8.970640088846022, 8.895683647678133, 17.70383126870861, 9.264723714774485, 5.861950115871803, 12.454182771564685, 9.228111430865646, 10.79093036145876, 3.830709693723448, 18.38102512599639, 6.674973138099431, 16.851199346730006, 9.23633086574766, 10.250931749575116, 1.533986721161391, 3.1290849444612223, 2.603171043864524, 21.035154242293803, 7.923105567835428, 7.590313439593321, 17.734070090979905, 3.4326831994014904, 3.139323413987512]}

################################################################################
                    [1m Learning iteration 30115/45000 [0m                    

                       Computation: 46348 steps/s (collection: 1.546s, learning 0.575s)
             Mean action noise std: 28.30
          Mean value_function loss: 0.0084
               Mean surrogate loss: -0.0067
                 Mean entropy loss: 138.5389
                       Mean reward: 54.40
               Mean episode length: 743.53
               Metrics/speed_ratio: 0.9997
       Metrics/drift_when_standing: 0.1765
          Metrics/upright_fraction: 0.9295
               Metrics/alternation: 0.9881
            Metrics/single_support: 0.9933
                    Metrics/facing: 0.9922
     Metrics/planted_when_standing: 0.8659
            Metrics/foot_clearance: 0.2133
                    Metrics/height: 0.7964
                 Metrics/fall_rate: 0.1932
   Metrics/standing_world_fraction: 0.4157
        Metrics/fall_rate_standing: 0.4648
          Metrics/fall_rate_moving: 0.0000
                  Metrics/tilt_deg: 14.5358
        Metrics/actuator_force_abs: 21.2920
        Metrics/actuator_force_max: 127.9236
               Metrics/action_cost: 0.9816
               Metrics/action_rate: 0.2757
           Metrics/joint_accel_abs: 41.5499
           Metrics/hinge_speed_max: 10.7603
       Metrics/over_speed_fraction: 0.0604
            Metrics/track_err_frac: 0.1151
        Metrics/track_within_10pct: 0.6155
           Metrics/overlift_factor: 0.2586
      Metrics/getup_world_fraction: 0.2182
        Metrics/getup_success_rate: 0.0541
          Metrics/getup_risen_rate: 0.0966
           Metrics/getup_time_mean: 2.0711
            Metrics/getup_progress: 0.5124
       Metrics/getup_milestone_sit: 0.7417
    Metrics/getup_milestone_crouch: 0.2244
--------------------------------------------------------------------------------
                   Total timesteps: 11501568
                    Iteration time: 2.12s
                      Time elapsed: 00:04:01
                               ETA: 08:33:06

################################################################################
                    [1m Learning iteration 30116/45000 [0m                    

                       Computation: 47060 steps/s (collection: 1.531s, learning 0.558s)
             Mean action noise std: 28.30
          Mean value_function loss: 0.0090
               Mean surrogate loss: -0.0036
                 Mean entropy loss: 138.5376
                       Mean reward: 56.30
               Mean episode length: 760.83
               Metrics/speed_ratio: 1.0043
       Metrics/drift_when_standing: 0.1755
          Metrics/upright_fraction: 0.9319
               Metrics/alternation: 0.9894
            Metrics/single_support: 0.9949
                    Metrics/facing: 0.9923
     Metrics/planted_when_standing: 0.8706
            Metrics/foot_clearance: 0.2141
                    Metrics/height: 0.7975
                 Metrics/fall_rate: 0.1931
   Metrics/standing_world_fraction: 0.4141
        Metrics/fall_rate_standing: 0.4662
          Metrics/fall_rate_moving: 0.0000
                  Metrics/tilt_deg: 14.5345
        Metrics/actuator_force_abs: 21.2959
        Metrics/actuator_force_max: 127.9943
               Metrics/action_cost: 0.9814
               Metrics/action_rate: 0.2765
           Metrics/joint_accel_abs: 41.6651
           Metrics/hinge_speed_max: 10.8137
       Metrics/over_speed_fraction: 0.0607
            Metrics/track_err_frac: 0.1139
        Metrics/track_within_10pct: 0.6134
           Metrics/overlift_factor: 0.2594
      Metrics/getup_world_fraction: 0.2162
        Metrics/getup_success_rate: 0.0525
          Metrics/getup_risen_rate: 0.0946
           Metrics/getup_time_mean: 2.0746
            Metrics/getup_progress: 0.5120
       Metrics/getup_milestone_sit: 0.7422
    Metrics/getup_milestone_crouch: 0.2199
--------------------------------------------------------------------------------
                   Total timesteps: 11599872
                    Iteration time: 2.09s
                      Time elapsed: 00:04:04
                               ETA: 08:33:07

################################################################################
                    [1m Learning iteration 30117/45000 [0m                    

                       Computation: 44474 steps/s (collection: 1.648s, learning 0.562s)
             Mean action noise std: 28.30
          Mean value_function loss: 0.0090
               Mean surrogate loss: -0.0053
                 Mean entropy loss: 138.5398
                       Mean reward: 58.02
               Mean episode length: 753.68
               Metrics/speed_ratio: 1.0001
       Metrics/drift_when_standing: 0.1745
          Metrics/upright_fraction: 0.9333
               Metrics/alternation: 0.9877
            Metrics/single_support: 0.9939
                    Metrics/facing: 0.9920
     Metrics/planted_when_standing: 0.8649
            Metrics/foot_clearance: 0.2160
                    Metrics/height: 0.7986
                 Metrics/fall_rate: 0.1918
   Metrics/standing_world_fraction: 0.4120
        Metrics/fall_rate_standing: 0.4655
          Metrics/fall_rate_moving: 0.0000
                  Metrics/tilt_deg: 14.4937
        Metrics/actuator_force_abs: 21.3286
        Metrics/actuator_force_max: 127.9456
               Metrics/action_cost: 0.9815
               Metrics/action_rate: 0.2758
           Metrics/joint_accel_abs: 41.6798
           Metrics/hinge_speed_max: 10.7770
       Metrics/over_speed_fraction: 0.0607
            Metrics/track_err_frac: 0.1146
        Metrics/track_within_10pct: 0.6172
           Metrics/overlift_factor: 0.2603
      Metrics/getup_world_fraction: 0.2155
        Metrics/getup_success_rate: 0.0562
          Metrics/getup_risen_rate: 0.0970
           Metrics/getup_time_mean: 2.0719
            Metrics/getup_progress: 0.5150
       Metrics/getup_milestone_sit: 0.7416
    Metrics/getup_milestone_crouch: 0.2184
--------------------------------------------------------------------------------
                   Total timesteps: 11698176
                    Iteration time: 2.21s
                      Time elapsed: 00:04:06
                               ETA: 08:33:23

################################################################################
                    [1m Learning iteration 30118/45000 [0m                    

                       Computation: 46799 steps/s (collection: 1.517s, learning 0.584s)
             Mean action noise std: 28.30
          Mean value_function loss: 0.0128
               Mean surrogate loss: -0.0029
                 Mean entropy loss: 138.5416
                       Mean reward: 54.63
               Mean episode length: 729.57
               Metrics/speed_ratio: 1.0110
       Metrics/drift_when_standing: 0.1796
          Metrics/upright_fraction: 0.9318
               Metrics/alternation: 0.9891
            Metrics/single_support: 0.9942
                    Metrics/facing: 0.9920
     Metrics/planted_when_standing: 0.8630
            Metrics/foot_clearance: 0.2158
                    Metrics/height: 0.8000
                 Metrics/fall_rate: 0.1894
   Metrics/standing_world_fraction: 0.4120
        Metrics/fall_rate_standing: 0.4595
          Metrics/fall_rate_moving: 0.0000
                  Metrics/tilt_deg: 14.4380
        Metrics/actuator_force_abs: 21.3944
        Metrics/actuator_force_max: 128.1881
               Metrics/action_cost: 0.9816
               Metrics/action_rate: 0.2755
           Metrics/joint_accel_abs: 41.7377
           Metrics/hinge_speed_max: 10.8189
       Metrics/over_speed_fraction: 0.0611
            Metrics/track_err_frac: 0.1158
        Metrics/track_within_10pct: 0.6117
           Metrics/overlift_factor: 0.2592
      Metrics/getup_world_fraction: 0.2149
        Metrics/getup_success_rate: 0.0581
          Metrics/getup_risen_rate: 0.1036
           Metrics/getup_time_mean: 2.0768
            Metrics/getup_progress: 0.5198
       Metrics/getup_milestone_sit: 0.7433
    Metrics/getup_milestone_crouch: 0.2260
--------------------------------------------------------------------------------
                   Total timesteps: 11796480
                    Iteration time: 2.10s
                      Time elapsed: 00:04:08
                               ETA: 08:33:24
NICK_WATCH 24 | BALANCE | cmd=0.00 measured=0.009 m/s distance=0.068 m alternation=0.000 switches=0 clearance=0.009 m down=0/500 steps falls=0
NICK_PHYSICS {"mode": "BALANCE", "actuators": ["a_Torso_pitch_62", "a_Torso_roll_63", "a_Torso_yaw_64", "a_Head_pitch_65", "a_Head_roll_66", "a_Head_yaw_67", "a_ThighL_pitch_68", "a_ThighL_roll_69", "a_ThighL_yaw_70", "a_ShinL_pitch_71", "a_FootL_pitch_72", "a_FootL_roll_73", "a_ThighR_pitch_74", "a_ThighR_roll_75", "a_ThighR_yaw_76", "a_ShinR_pitch_77", "a_FootR_pitch_78", "a_FootR_roll_79", "a_UpperArmL_pitch_80", "a_UpperArmL_roll_81", "a_UpperArmL_yaw_82", "a_ForearmL_pitch_83", "a_GloveL_pitch_84", "a_GloveL_yaw_85", "a_UpperArmR_pitch_86", "a_UpperArmR_roll_87", "a_UpperArmR_yaw_88", "a_ForearmR_pitch_89", "a_GloveR_pitch_90", "a_GloveR_yaw_91"], "max_torque_nm": [150.0, 100.0, 60.0, 15.0, 10.0, 8.0, 200.0, 80.0, 40.0, 150.79687184951354, 120.0, 20.0, 174.533, 80.0, 40.0, 162.20460469566964, 120.0, 20.0, 60.0, 34.9066, 25.0, 0.3093635395076549, 10.0, 5.0, 60.0, 35.83780390020632, 25.0, 60.0, 10.0, 5.0], "max_joint_speed_rad_s": [1.8967452710617765, 3.6359464255036302, 5.927878845103147, 4.75526655197326, 3.310053142907242, 3.321127731425713, 7.8813485766879054, 5.261970118143359, 7.497440427749827, 5.57370725689637, 18.315305854138757, 6.635092118218584, 2.188287137621682, 4.948058450241837, 8.610780859604237, 6.13647370164954, 18.143930375726086, 4.822174715097343, 10.70186921921636, 2.5322544832503624, 4.294602286306852, 0.07922741359755804, 4.293681023062303, 2.0087595033900127, 10.068328287320023, 2.660359701812656, 4.841790737073444, 5.319022506414973, 3.8386403322932003, 1.70836547933542]}

################################################################################
                    [1m Learning iteration 30119/45000 [0m                    

                       Computation: 46609 steps/s (collection: 1.533s, learning 0.576s)
             Mean action noise std: 28.30
          Mean value_function loss: 0.0077
               Mean surrogate loss: -0.0053
                 Mean entropy loss: 138.5425
                       Mean reward: 60.10
               Mean episode length: 757.76
               Metrics/speed_ratio: 1.0113
       Metrics/drift_when_standing: 0.1766
          Metrics/upright_fraction: 0.9312
               Metrics/alternation: 0.9892
            Metrics/single_support: 0.9942
                    Metrics/facing: 0.9923
     Metrics/planted_when_standing: 0.8684
            Metrics/foot_clearance: 0.2159
                    Metrics/height: 0.7998
                 Metrics/fall_rate: 0.1898
   Metrics/standing_world_fraction: 0.4144
        Metrics/fall_rate_standing: 0.4580
          Metrics/fall_rate_moving: 0.0000
                  Metrics/tilt_deg: 14.4165
        Metrics/actuator_force_abs: 21.3378
        Metrics/actuator_force_max: 127.9913
               Metrics/action_cost: 0.9815
               Metrics/action_rate: 0.2760
           Metrics/joint_accel_abs: 41.4848
           Metrics/hinge_speed_max: 10.7755
       Metrics/over_speed_fraction: 0.0604
            Metrics/track_err_frac: 0.1136
        Metrics/track_within_10pct: 0.6150
           Metrics/overlift_factor: 0.2571
      Metrics/getup_world_fraction: 0.2152
        Metrics/getup_success_rate: 0.0583
          Metrics/getup_risen_rate: 0.1027
           Metrics/getup_time_mean: 2.0772
            Metrics/getup_progress: 0.5181
       Metrics/getup_milestone_sit: 0.7451
    Metrics/getup_milestone_crouch: 0.2277
--------------------------------------------------------------------------------
                   Total timesteps: 11894784
                    Iteration time: 2.11s
                      Time elapsed: 00:04:10
                               ETA: 08:33:27

################################################################################
                    [1m Learning iteration 30120/45000 [0m                    

                       Computation: 45623 steps/s (collection: 1.594s, learning 0.561s)
             Mean action noise std: 28.30
          Mean value_function loss: 0.0057
               Mean surrogate loss: -0.0051
                 Mean entropy loss: 138.5397
                       Mean reward: 52.98
               Mean episode length: 699.19
               Metrics/speed_ratio: 1.0093
       Metrics/drift_when_standing: 0.1703
          Metrics/upright_fraction: 0.9322
               Metrics/alternation: 0.9909
            Metrics/single_support: 0.9954
                    Metrics/facing: 0.9925
     Metrics/planted_when_standing: 0.8718
            Metrics/foot_clearance: 0.2142
                    Metrics/height: 0.7999
                 Metrics/fall_rate: 0.1896
   Metrics/standing_world_fraction: 0.4144
        Metrics/fall_rate_standing: 0.4576
          Metrics/fall_rate_moving: 0.0000
                  Metrics/tilt_deg: 14.3725
        Metrics/actuator_force_abs: 21.3018
        Metrics/actuator_force_max: 127.9308
               Metrics/action_cost: 0.9815
               Metrics/action_rate: 0.2773
           Metrics/joint_accel_abs: 41.6033
           Metrics/hinge_speed_max: 10.8255
       Metrics/over_speed_fraction: 0.0607
            Metrics/track_err_frac: 0.1128
        Metrics/track_within_10pct: 0.6160
           Metrics/overlift_factor: 0.2584
      Metrics/getup_world_fraction: 0.2143
        Metrics/getup_success_rate: 0.0575
          Metrics/getup_risen_rate: 0.1034
           Metrics/getup_time_mean: 2.0779
            Metrics/getup_progress: 0.5178
       Metrics/getup_milestone_sit: 0.7492
    Metrics/getup_milestone_crouch: 0.2252
--------------------------------------------------------------------------------
                   Total timesteps: 11993088
                    Iteration time: 2.15s
                      Time elapsed: 00:04:12
                               ETA: 08:33:35

################################################################################
                    [1m Learning iteration 30121/45000 [0m                    

                       Computation: 46565 steps/s (collection: 1.549s, learning 0.562s)
             Mean action noise std: 28.30
          Mean value_function loss: 0.0127
               Mean surrogate loss: -0.0014
                 Mean entropy loss: 138.5368
                       Mean reward: 60.67
               Mean episode length: 773.78
               Metrics/speed_ratio: 1.0085
       Metrics/drift_when_standing: 0.1624
          Metrics/upright_fraction: 0.9325
               Metrics/alternation: 0.9907
            Metrics/single_support: 0.9950
                    Metrics/facing: 0.9923
     Metrics/planted_when_standing: 0.8749
            Metrics/foot_clearance: 0.2138
                    Metrics/height: 0.7996
                 Metrics/fall_rate: 0.1891
   Metrics/standing_world_fraction: 0.4137
        Metrics/fall_rate_standing: 0.4572
          Metrics/fall_rate_moving: 0.0000
                  Metrics/tilt_deg: 14.2767
        Metrics/actuator_force_abs: 21.2689
        Metrics/actuator_force_max: 127.7149
               Metrics/action_cost: 0.9815
               Metrics/action_rate: 0.2737
           Metrics/joint_accel_abs: 41.4947
           Metrics/hinge_speed_max: 10.8161
       Metrics/over_speed_fraction: 0.0607
            Metrics/track_err_frac: 0.1119
        Metrics/track_within_10pct: 0.6213
           Metrics/overlift_factor: 0.2583
      Metrics/getup_world_fraction: 0.2134
        Metrics/getup_success_rate: 0.0571
          Metrics/getup_risen_rate: 0.0998
           Metrics/getup_time_mean: 2.0782
            Metrics/getup_progress: 0.5116
       Metrics/getup_milestone_sit: 0.7457
    Metrics/getup_milestone_crouch: 0.2174
--------------------------------------------------------------------------------
                   Total timesteps: 12091392
                    Iteration time: 2.11s
                      Time elapsed: 00:04:14
                               ETA: 08:33:38

################################################################################
                    [1m Learning iteration 30122/45000 [0m                    

                       Computation: 47232 steps/s (collection: 1.517s, learning 0.565s)
             Mean action noise std: 28.30
          Mean value_function loss: 0.0105
               Mean surrogate loss: -0.0057
                 Mean entropy loss: 138.5370
                       Mean reward: 67.30
               Mean episode length: 827.29
               Metrics/speed_ratio: 1.0106
       Metrics/drift_when_standing: 0.1650
          Metrics/upright_fraction: 0.9332
               Metrics/alternation: 0.9905
            Metrics/single_support: 0.9947
                    Metrics/facing: 0.9923
     Metrics/planted_when_standing: 0.8791
            Metrics/foot_clearance: 0.2145
                    Metrics/height: 0.7989
                 Metrics/fall_rate: 0.1906
   Metrics/standing_world_fraction: 0.4150
        Metrics/fall_rate_standing: 0.4592
          Metrics/fall_rate_moving: 0.0000
                  Metrics/tilt_deg: 14.1241
        Metrics/actuator_force_abs: 21.2481
        Metrics/actuator_force_max: 127.6860
               Metrics/action_cost: 0.9815
               Metrics/action_rate: 0.2749
           Metrics/joint_accel_abs: 41.3421
           Metrics/hinge_speed_max: 10.7612
       Metrics/over_speed_fraction: 0.0600
            Metrics/track_err_frac: 0.1128
        Metrics/track_within_10pct: 0.6186
           Metrics/overlift_factor: 0.2535
      Metrics/getup_world_fraction: 0.2140
        Metrics/getup_success_rate: 0.0612
          Metrics/getup_risen_rate: 0.0981
           Metrics/getup_time_mean: 2.0734
            Metrics/getup_progress: 0.5124
       Metrics/getup_milestone_sit: 0.7480
    Metrics/getup_milestone_crouch: 0.2191
--------------------------------------------------------------------------------
                   Total timesteps: 12189696
                    Iteration time: 2.08s
                      Time elapsed: 00:04:16
                               ETA: 08:33:37
NICK_WATCH 25 | WALK | cmd=1.00 measured=0.949 m/s distance=9.517 m alternation=1.000 switches=29 clearance=0.333 m down=0/500 steps falls=0
NICK_PHYSICS {"mode": "WALK", "actuators": ["a_Torso_pitch_62", "a_Torso_roll_63", "a_Torso_yaw_64", "a_Head_pitch_65", "a_Head_roll_66", "a_Head_yaw_67", "a_ThighL_pitch_68", "a_ThighL_roll_69", "a_ThighL_yaw_70", "a_ShinL_pitch_71", "a_FootL_pitch_72", "a_FootL_roll_73", "a_ThighR_pitch_74", "a_ThighR_roll_75", "a_ThighR_yaw_76", "a_ShinR_pitch_77", "a_FootR_pitch_78", "a_FootR_roll_79", "a_UpperArmL_pitch_80", "a_UpperArmL_roll_81", "a_UpperArmL_yaw_82", "a_ForearmL_pitch_83", "a_GloveL_pitch_84", "a_GloveL_yaw_85", "a_UpperArmR_pitch_86", "a_UpperArmR_roll_87", "a_UpperArmR_yaw_88", "a_ForearmR_pitch_89", "a_GloveR_pitch_90", "a_GloveR_yaw_91"], "max_torque_nm": [150.0, 100.0, 60.0, 15.0, 10.0, 8.0, 200.0, 80.0, 40.0, 200.0, 120.0, 20.0, 200.0, 80.0, 40.0, 200.0, 120.0, 20.0, 60.0, 60.0, 25.0, 0.4098436158782326, 10.0, 5.0, 60.0, 34.9066, 25.0, 60.0, 10.0, 5.0], "max_joint_speed_rad_s": [4.15536998071489, 3.755337850375548, 6.208410394819351, 4.455177767849364, 4.234501145295417, 3.3381601500689304, 8.794413723694143, 5.693005077683424, 16.16023860471321, 25.36560331727255, 18.288934418831353, 11.650203646386721, 13.464928993496423, 6.466401745130846, 8.875319899446009, 26.286232083632743, 18.181882642498707, 11.202389783474164, 16.832974272518555, 6.9098858855753456, 7.570775893517189, 0.07590817999391039, 4.766324697553655, 1.7085167079574086, 9.794803500386118, 3.064085339798749, 4.036369691310899, 18.079620227177802, 3.8492758528371187, 1.7142110606303562]}

################################################################################
                    [1m Learning iteration 30123/45000 [0m                    

                       Computation: 45678 steps/s (collection: 1.585s, learning 0.567s)
             Mean action noise std: 28.30
          Mean value_function loss: 0.0075
               Mean surrogate loss: -0.0039
                 Mean entropy loss: 138.5383
                       Mean reward: 59.06
               Mean episode length: 766.47
               Metrics/speed_ratio: 1.0143
       Metrics/drift_when_standing: 0.1710
          Metrics/upright_fraction: 0.9334
               Metrics/alternation: 0.9909
            Metrics/single_support: 0.9945
                    Metrics/facing: 0.9924
     Metrics/planted_when_standing: 0.8740
            Metrics/foot_clearance: 0.2137
                    Metrics/height: 0.7985
                 Metrics/fall_rate: 0.1903
   Metrics/standing_world_fraction: 0.4149
        Metrics/fall_rate_standing: 0.4586
          Metrics/fall_rate_moving: 0.0000
                  Metrics/tilt_deg: 14.1646
        Metrics/actuator_force_abs: 21.2967
        Metrics/actuator_force_max: 127.9952
               Metrics/action_cost: 0.9816
               Metrics/action_rate: 0.2766
           Metrics/joint_accel_abs: 41.6469
           Metrics/hinge_speed_max: 10.8389
       Metrics/over_speed_fraction: 0.0608
            Metrics/track_err_frac: 0.1144
        Metrics/track_within_10pct: 0.6153
           Metrics/overlift_factor: 0.2592
      Metrics/getup_world_fraction: 0.2150
        Metrics/getup_success_rate: 0.0640
          Metrics/getup_risen_rate: 0.1033
           Metrics/getup_time_mean: 2.0691
            Metrics/getup_progress: 0.5131
       Metrics/getup_milestone_sit: 0.7470
    Metrics/getup_milestone_crouch: 0.2260
--------------------------------------------------------------------------------
                   Total timesteps: 12288000
                    Iteration time: 2.15s
                      Time elapsed: 00:04:19
                               ETA: 08:33:45

################################################################################
                    [1m Learning iteration 30124/45000 [0m                    

                       Computation: 46718 steps/s (collection: 1.542s, learning 0.562s)
             Mean action noise std: 28.30
          Mean value_function loss: 0.0144
               Mean surrogate loss: -0.0065
                 Mean entropy loss: 138.5403
                       Mean reward: 62.25
               Mean episode length: 775.92
               Metrics/speed_ratio: 1.0030
       Metrics/drift_when_standing: 0.1861
          Metrics/upright_fraction: 0.9282
               Metrics/alternation: 0.9790
            Metrics/single_support: 0.9913
                    Metrics/facing: 0.9923
     Metrics/planted_when_standing: 0.8520
            Metrics/foot_clearance: 0.2107
                    Metrics/height: 0.7953
                 Metrics/fall_rate: 0.1949
   Metrics/standing_world_fraction: 0.4252
        Metrics/fall_rate_standing: 0.4584
          Metrics/fall_rate_moving: 0.0000
                  Metrics/tilt_deg: 14.6298
        Metrics/actuator_force_abs: 21.5538
        Metrics/actuator_force_max: 128.4084
               Metrics/action_cost: 0.9819
               Metrics/action_rate: 0.2838
           Metrics/joint_accel_abs: 42.4352
           Metrics/hinge_speed_max: 10.8459
       Metrics/over_speed_fraction: 0.0624
            Metrics/track_err_frac: 0.1224
        Metrics/track_within_10pct: 0.6041
           Metrics/overlift_factor: 0.2721
      Metrics/getup_world_fraction: 0.2269
        Metrics/getup_success_rate: 0.0616
          Metrics/getup_risen_rate: 0.1263
           Metrics/getup_time_mean: 2.0716
            Metrics/getup_progress: 0.5248
       Metrics/getup_milestone_sit: 0.7352
    Metrics/getup_milestone_crouch: 0.2463
--------------------------------------------------------------------------------
                   Total timesteps: 12386304
                    Iteration time: 2.10s
                      Time elapsed: 00:04:21
                               ETA: 08:33:46

################################################################################
                    [1m Learning iteration 30125/45000 [0m                    

                       Computation: 46736 steps/s (collection: 1.531s, learning 0.573s)
             Mean action noise std: 28.31
          Mean value_function loss: 0.0140
               Mean surrogate loss: -0.0055
                 Mean entropy loss: 138.5428
                       Mean reward: 62.09
               Mean episode length: 757.01
               Metrics/speed_ratio: 1.0050
       Metrics/drift_when_standing: 0.1899
          Metrics/upright_fraction: 0.9236
               Metrics/alternation: 0.9815
            Metrics/single_support: 0.9919
                    Metrics/facing: 0.9921
     Metrics/planted_when_standing: 0.8540
            Metrics/foot_clearance: 0.2118
                    Metrics/height: 0.7923
                 Metrics/fall_rate: 0.2000
   Metrics/standing_world_fraction: 0.4306
        Metrics/fall_rate_standing: 0.4644
          Metrics/fall_rate_moving: 0.0000
                  Metrics/tilt_deg: 15.0354
        Metrics/actuator_force_abs: 21.3898
        Metrics/actuator_force_max: 127.9085
               Metrics/action_cost: 0.9818
               Metrics/action_rate: 0.2814
           Metrics/joint_accel_abs: 41.8105
           Metrics/hinge_speed_max: 10.7156
       Metrics/over_speed_fraction: 0.0611
            Metrics/track_err_frac: 0.1224
        Metrics/track_within_10pct: 0.6026
           Metrics/overlift_factor: 0.2641
      Metrics/getup_world_fraction: 0.2319
        Metrics/getup_success_rate: 0.0620
          Metrics/getup_risen_rate: 0.1237
           Metrics/getup_time_mean: 2.0701
            Metrics/getup_progress: 0.5217
       Metrics/getup_milestone_sit: 0.7234
    Metrics/getup_milestone_crouch: 0.2438
--------------------------------------------------------------------------------
                   Total timesteps: 12484608
                    Iteration time: 2.10s
                      Time elapsed: 00:04:23
                               ETA: 08:33:48

################################################################################
                    [1m Learning iteration 30126/45000 [0m                    

                       Computation: 45077 steps/s (collection: 1.617s, learning 0.563s)
             Mean action noise std: 28.31
          Mean value_function loss: 0.0124
               Mean surrogate loss: -0.0062
                 Mean entropy loss: 138.5442
                       Mean reward: 61.97
               Mean episode length: 757.46
               Metrics/speed_ratio: 1.0016
       Metrics/drift_when_standing: 0.1877
          Metrics/upright_fraction: 0.9244
               Metrics/alternation: 0.9830
            Metrics/single_support: 0.9929
                    Metrics/facing: 0.9921
     Metrics/planted_when_standing: 0.8553
            Metrics/foot_clearance: 0.2100
                    Metrics/height: 0.7900
                 Metrics/fall_rate: 0.2023
   Metrics/standing_world_fraction: 0.4315
        Metrics/fall_rate_standing: 0.4688
          Metrics/fall_rate_moving: 0.0000
                  Metrics/tilt_deg: 15.0994
        Metrics/actuator_force_abs: 21.3689
        Metrics/actuator_force_max: 127.9485
               Metrics/action_cost: 0.9819
               Metrics/action_rate: 0.2822
           Metrics/joint_accel_abs: 41.8702
           Metrics/hinge_speed_max: 10.7403
       Metrics/over_speed_fraction: 0.0609
            Metrics/track_err_frac: 0.1193
        Metrics/track_within_10pct: 0.6046
           Metrics/overlift_factor: 0.2658
      Metrics/getup_world_fraction: 0.2343
        Metrics/getup_success_rate: 0.0615
          Metrics/getup_risen_rate: 0.1193
           Metrics/getup_time_mean: 2.0701
            Metrics/getup_progress: 0.5196
       Metrics/getup_milestone_sit: 0.7183
    Metrics/getup_milestone_crouch: 0.2434
--------------------------------------------------------------------------------
                   Total timesteps: 12582912
                    Iteration time: 2.18s
                      Time elapsed: 00:04:25
                               ETA: 08:33:59
NICK_WATCH 26 | GETUP | cmd=0.00 measured=0.214 m/s distance=1.956 m alternation=0.770 switches=11 clearance=0.043 m down=500/500 steps falls=65 got_up=False rise_at=-1.0 s up_fraction=0.00
NICK_PHYSICS {"mode": "GETUP", "actuators": ["a_Torso_pitch_62", "a_Torso_roll_63", "a_Torso_yaw_64", "a_Head_pitch_65", "a_Head_roll_66", "a_Head_yaw_67", "a_ThighL_pitch_68", "a_ThighL_roll_69", "a_ThighL_yaw_70", "a_ShinL_pitch_71", "a_FootL_pitch_72", "a_FootL_roll_73", "a_ThighR_pitch_74", "a_ThighR_roll_75", "a_ThighR_yaw_76", "a_ShinR_pitch_77", "a_FootR_pitch_78", "a_FootR_roll_79", "a_UpperArmL_pitch_80", "a_UpperArmL_roll_81", "a_UpperArmL_yaw_82", "a_ForearmL_pitch_83", "a_GloveL_pitch_84", "a_GloveL_yaw_85", "a_UpperArmR_pitch_86", "a_UpperArmR_roll_87", "a_UpperArmR_yaw_88", "a_ForearmR_pitch_89", "a_GloveR_pitch_90", "a_GloveR_yaw_91"], "max_torque_nm": [150.0, 100.0, 60.0, 15.0, 10.0, 8.0, 200.0, 80.0, 40.0, 200.0, 96.8016639983882, 20.0, 200.0, 80.0, 40.0, 100.97430169308987, 120.0, 20.0, 60.0, 60.0, 25.0, 15.080349960432114, 10.0, 5.0, 60.0, 60.0, 25.0, 60.0, 10.0, 5.0], "max_joint_speed_rad_s": [6.3362917498053015, 6.994810083850258, 6.933533982293971, 8.52215007603385, 8.898712961837864, 3.7868255506870687, 13.474009196021234, 6.184309006722146, 11.973444123694584, 14.694509918897836, 8.548836307492758, 6.71168083953134, 10.449457646532128, 7.67749420536297, 11.224544466011325, 7.237337850756211, 18.275596606427683, 9.084742187813314, 16.40740594931362, 9.286009934271032, 10.61444359140262, 4.767880230499212, 3.6816608588810587, 1.2779525095062192, 15.988718492320181, 12.973181736296967, 13.536393357773076, 17.23964051620836, 4.622455488414112, 11.64901002409288]}

################################################################################
                    [1m Learning iteration 30127/45000 [0m                    

                       Computation: 46528 steps/s (collection: 1.551s, learning 0.562s)
             Mean action noise std: 28.31
          Mean value_function loss: 0.0099
               Mean surrogate loss: -0.0050
                 Mean entropy loss: 138.5461
                       Mean reward: 59.06
               Mean episode length: 771.30
               Metrics/speed_ratio: 1.0069
       Metrics/drift_when_standing: 0.1810
          Metrics/upright_fraction: 0.9228
               Metrics/alternation: 0.9852
            Metrics/single_support: 0.9930
                    Metrics/facing: 0.9920
     Metrics/planted_when_standing: 0.8565
            Metrics/foot_clearance: 0.2102
                    Metrics/height: 0.7892
                 Metrics/fall_rate: 0.2044
   Metrics/standing_world_fraction: 0.4316
        Metrics/fall_rate_standing: 0.4737
          Metrics/fall_rate_moving: 0.0000
                  Metrics/tilt_deg: 15.0483
        Metrics/actuator_force_abs: 21.3795
        Metrics/actuator_force_max: 128.3195
               Metrics/action_cost: 0.9818
               Metrics/action_rate: 0.2809
           Metrics/joint_accel_abs: 41.7621
           Metrics/hinge_speed_max: 10.7698
       Metrics/over_speed_fraction: 0.0607
            Metrics/track_err_frac: 0.1188
        Metrics/track_within_10pct: 0.5993
           Metrics/overlift_factor: 0.2621
      Metrics/getup_world_fraction: 0.2359
        Metrics/getup_success_rate: 0.0600
          Metrics/getup_risen_rate: 0.1171
           Metrics/getup_time_mean: 2.0709
            Metrics/getup_progress: 0.5178
       Metrics/getup_milestone_sit: 0.7215
    Metrics/getup_milestone_crouch: 0.2428
--------------------------------------------------------------------------------
                   Total timesteps: 12681216
                    Iteration time: 2.11s
                      Time elapsed: 00:04:27
                               ETA: 08:34:01

################################################################################
                    [1m Learning iteration 30128/45000 [0m                    

                       Computation: 47608 steps/s (collection: 1.497s, learning 0.568s)
             Mean action noise std: 28.31
          Mean value_function loss: 0.0148
               Mean surrogate loss: -0.0041
                 Mean entropy loss: 138.5468
                       Mean reward: 53.69
               Mean episode length: 710.67
               Metrics/speed_ratio: 1.0059
       Metrics/drift_when_standing: 0.1764
          Metrics/upright_fraction: 0.9246
               Metrics/alternation: 0.9863
            Metrics/single_support: 0.9937
                    Metrics/facing: 0.9921
     Metrics/planted_when_standing: 0.8598
            Metrics/foot_clearance: 0.2102
                    Metrics/height: 0.7893
                 Metrics/fall_rate: 0.2056
   Metrics/standing_world_fraction: 0.4304
        Metrics/fall_rate_standing: 0.4777
          Metrics/fall_rate_moving: 0.0000
                  Metrics/tilt_deg: 15.0050
        Metrics/actuator_force_abs: 21.2909
        Metrics/actuator_force_max: 128.1516
               Metrics/action_cost: 0.9818
               Metrics/action_rate: 0.2784
           Metrics/joint_accel_abs: 41.5874
           Metrics/hinge_speed_max: 10.7177
       Metrics/over_speed_fraction: 0.0600
            Metrics/track_err_frac: 0.1186
        Metrics/track_within_10pct: 0.6046
           Metrics/overlift_factor: 0.2587
      Metrics/getup_world_fraction: 0.2343
        Metrics/getup_success_rate: 0.0658
          Metrics/getup_risen_rate: 0.1122
           Metrics/getup_time_mean: 2.0674
            Metrics/getup_progress: 0.5130
       Metrics/getup_milestone_sit: 0.7292
    Metrics/getup_milestone_crouch: 0.2420
--------------------------------------------------------------------------------
                   Total timesteps: 12779520
                    Iteration time: 2.06s
                      Time elapsed: 00:04:29
                               ETA: 08:33:58

################################################################################
                    [1m Learning iteration 30129/45000 [0m                    

                       Computation: 45993 steps/s (collection: 1.567s, learning 0.570s)
             Mean action noise std: 28.31
          Mean value_function loss: 0.0114
               Mean surrogate loss: -0.0062
                 Mean entropy loss: 138.5464
                       Mean reward: 67.87
               Mean episode length: 824.34
               Metrics/speed_ratio: 1.0072
       Metrics/drift_when_standing: 0.1694
          Metrics/upright_fraction: 0.9295
               Metrics/alternation: 0.9883
            Metrics/single_support: 0.9946
                    Metrics/facing: 0.9923
     Metrics/planted_when_standing: 0.8741
            Metrics/foot_clearance: 0.2080
                    Metrics/height: 0.7897
                 Metrics/fall_rate: 0.2045
   Metrics/standing_world_fraction: 0.4296
        Metrics/fall_rate_standing: 0.4759
          Metrics/fall_rate_moving: 0.0000
                  Metrics/tilt_deg: 14.7130
        Metrics/actuator_force_abs: 21.2866
        Metrics/actuator_force_max: 128.2024
               Metrics/action_cost: 0.9818
               Metrics/action_rate: 0.2781
           Metrics/joint_accel_abs: 41.6878
           Metrics/hinge_speed_max: 10.7791
       Metrics/over_speed_fraction: 0.0605
            Metrics/track_err_frac: 0.1166
        Metrics/track_within_10pct: 0.6057
           Metrics/overlift_factor: 0.2631
      Metrics/getup_world_fraction: 0.2329
        Metrics/getup_success_rate: 0.0673
          Metrics/getup_risen_rate: 0.1100
           Metrics/getup_time_mean: 2.0670
            Metrics/getup_progress: 0.5148
       Metrics/getup_milestone_sit: 0.7355
    Metrics/getup_milestone_crouch: 0.2411
--------------------------------------------------------------------------------
                   Total timesteps: 12877824
                    Iteration time: 2.14s
                      Time elapsed: 00:04:31
                               ETA: 08:34:03

################################################################################
                    [1m Learning iteration 30130/45000 [0m                    

                       Computation: 45302 steps/s (collection: 1.579s, learning 0.591s)
             Mean action noise std: 28.31
          Mean value_function loss: 0.0085
               Mean surrogate loss: -0.0030
                 Mean entropy loss: 138.5464
                       Mean reward: 60.51
               Mean episode length: 738.80
               Metrics/speed_ratio: 1.0090
       Metrics/drift_when_standing: 0.1736
          Metrics/upright_fraction: 0.9264
               Metrics/alternation: 0.9894
            Metrics/single_support: 0.9944
                    Metrics/facing: 0.9924
     Metrics/planted_when_standing: 0.8690
            Metrics/foot_clearance: 0.2090
                    Metrics/height: 0.7895
                 Metrics/fall_rate: 0.2059
   Metrics/standing_world_fraction: 0.4324
        Metrics/fall_rate_standing: 0.4762
          Metrics/fall_rate_moving: 0.0000
                  Metrics/tilt_deg: 14.8391
        Metrics/actuator_force_abs: 21.2667
        Metrics/actuator_force_max: 128.0494
               Metrics/action_cost: 0.9818
               Metrics/action_rate: 0.2786
           Metrics/joint_accel_abs: 41.4889
           Metrics/hinge_speed_max: 10.7137
       Metrics/over_speed_fraction: 0.0600
            Metrics/track_err_frac: 0.1173
        Metrics/track_within_10pct: 0.5997
           Metrics/overlift_factor: 0.2565
      Metrics/getup_world_fraction: 0.2356
        Metrics/getup_success_rate: 0.0684
          Metrics/getup_risen_rate: 0.1125
           Metrics/getup_time_mean: 2.0653
            Metrics/getup_progress: 0.5211
       Metrics/getup_milestone_sit: 0.7457
    Metrics/getup_milestone_crouch: 0.2392
--------------------------------------------------------------------------------
                   Total timesteps: 12976128
                    Iteration time: 2.17s
                      Time elapsed: 00:04:33
                               ETA: 08:34:12
NICK_WATCH 27 | BALANCE | cmd=0.00 measured=0.009 m/s distance=0.066 m alternation=0.000 switches=0 clearance=0.010 m down=0/500 steps falls=0
NICK_PHYSICS {"mode": "BALANCE", "actuators": ["a_Torso_pitch_62", "a_Torso_roll_63", "a_Torso_yaw_64", "a_Head_pitch_65", "a_Head_roll_66", "a_Head_yaw_67", "a_ThighL_pitch_68", "a_ThighL_roll_69", "a_ThighL_yaw_70", "a_ShinL_pitch_71", "a_FootL_pitch_72", "a_FootL_roll_73", "a_ThighR_pitch_74", "a_ThighR_roll_75", "a_ThighR_yaw_76", "a_ShinR_pitch_77", "a_FootR_pitch_78", "a_FootR_roll_79", "a_UpperArmL_pitch_80", "a_UpperArmL_roll_81", "a_UpperArmL_yaw_82", "a_ForearmL_pitch_83", "a_GloveL_pitch_84", "a_GloveL_yaw_85", "a_UpperArmR_pitch_86", "a_UpperArmR_roll_87", "a_UpperArmR_yaw_88", "a_ForearmR_pitch_89", "a_GloveR_pitch_90", "a_GloveR_yaw_91"], "max_torque_nm": [150.0, 100.0, 60.0, 15.0, 10.0, 8.0, 200.0, 80.0, 40.0, 200.0, 120.0, 20.0, 200.0, 80.0, 40.0, 200.0, 120.0, 20.0, 60.0, 34.9066, 25.0, 0.2965023396863459, 10.0, 5.0, 60.0, 35.83780390020632, 25.0, 0.6483360512277141, 10.0, 5.0], "max_joint_speed_rad_s": [3.0888880615451395, 3.828783340690158, 5.907518409087979, 4.75526655197326, 3.310053142907242, 3.321127731425713, 3.750883013902559, 5.230422757833502, 9.503279014603478, 10.559682161002094, 18.364833192696686, 6.010817653407874, 5.216373043785672, 4.948058450241837, 8.610780859604237, 8.97666595677347, 18.214631447986804, 4.822174715097343, 10.70186921921636, 2.5322544832503624, 4.294602286306852, 0.09157887547696117, 4.293681023062303, 2.0087595033900127, 10.068328287320023, 2.660359701812656, 4.841790737073444, 0.1394864538822511, 3.8386403322932003, 1.70836547933542]}

################################################################################
                    [1m Learning iteration 30131/45000 [0m                    

                       Computation: 46574 steps/s (collection: 1.534s, learning 0.577s)
             Mean action noise std: 28.31
          Mean value_function loss: 0.0105
               Mean surrogate loss: -0.0069
                 Mean entropy loss: 138.5483
                       Mean reward: 62.66
               Mean episode length: 780.09
               Metrics/speed_ratio: 1.0038
       Metrics/drift_when_standing: 0.1682
          Metrics/upright_fraction: 0.9295
               Metrics/alternation: 0.9885
            Metrics/single_support: 0.9941
                    Metrics/facing: 0.9923
     Metrics/planted_when_standing: 0.8673
            Metrics/foot_clearance: 0.2071
                    Metrics/height: 0.7890
                 Metrics/fall_rate: 0.2070
   Metrics/standing_world_fraction: 0.4334
        Metrics/fall_rate_standing: 0.4776
          Metrics/fall_rate_moving: 0.0000
                  Metrics/tilt_deg: 14.7610
        Metrics/actuator_force_abs: 21.1775
        Metrics/actuator_force_max: 127.5656
               Metrics/action_cost: 0.9817
               Metrics/action_rate: 0.2763
           Metrics/joint_accel_abs: 41.3570
           Metrics/hinge_speed_max: 10.6756
       Metrics/over_speed_fraction: 0.0595
            Metrics/track_err_frac: 0.1163
        Metrics/track_within_10pct: 0.6097
           Metrics/overlift_factor: 0.2587
      Metrics/getup_world_fraction: 0.2357
        Metrics/getup_success_rate: 0.0706
          Metrics/getup_risen_rate: 0.1067
           Metrics/getup_time_mean: 2.0756
            Metrics/getup_progress: 0.5171
       Metrics/getup_milestone_sit: 0.7459
    Metrics/getup_milestone_crouch: 0.2322
--------------------------------------------------------------------------------
                   Total timesteps: 13074432
                    Iteration time: 2.11s
                      Time elapsed: 00:04:35
                               ETA: 08:34:14

################################################################################
                    [1m Learning iteration 30132/45000 [0m                    

                       Computation: 45534 steps/s (collection: 1.558s, learning 0.601s)
             Mean action noise std: 28.31
          Mean value_function loss: 0.0128
               Mean surrogate loss: -0.0040
                 Mean entropy loss: 138.5515
                       Mean reward: 54.42
               Mean episode length: 750.85
               Metrics/speed_ratio: 0.9989
       Metrics/drift_when_standing: 0.1788
          Metrics/upright_fraction: 0.9274
               Metrics/alternation: 0.9824
            Metrics/single_support: 0.9923
                    Metrics/facing: 0.9917
     Metrics/planted_when_standing: 0.8667
            Metrics/foot_clearance: 0.2070
                    Metrics/height: 0.7890
                 Metrics/fall_rate: 0.2057
   Metrics/standing_world_fraction: 0.4351
        Metrics/fall_rate_standing: 0.4728
          Metrics/fall_rate_moving: 0.0000
                  Metrics/tilt_deg: 14.8748
        Metrics/actuator_force_abs: 21.3536
        Metrics/actuator_force_max: 127.7469
               Metrics/action_cost: 0.9818
               Metrics/action_rate: 0.2813
           Metrics/joint_accel_abs: 41.8128
           Metrics/hinge_speed_max: 10.7229
       Metrics/over_speed_fraction: 0.0608
            Metrics/track_err_frac: 0.1213
        Metrics/track_within_10pct: 0.6010
           Metrics/overlift_factor: 0.2647
      Metrics/getup_world_fraction: 0.2363
        Metrics/getup_success_rate: 0.0685
          Metrics/getup_risen_rate: 0.1138
           Metrics/getup_time_mean: 2.0644
            Metrics/getup_progress: 0.5199
       Metrics/getup_milestone_sit: 0.7335
    Metrics/getup_milestone_crouch: 0.2348
--------------------------------------------------------------------------------
                   Total timesteps: 13172736
                    Iteration time: 2.16s
                      Time elapsed: 00:04:38
                               ETA: 08:34:21

################################################################################
                    [1m Learning iteration 30133/45000 [0m                    

                       Computation: 46083 steps/s (collection: 1.567s, learning 0.566s)
             Mean action noise std: 28.31
          Mean value_function loss: 0.0099
               Mean surrogate loss: -0.0031
                 Mean entropy loss: 138.5540
                       Mean reward: 60.08
               Mean episode length: 782.19
               Metrics/speed_ratio: 0.9998
       Metrics/drift_when_standing: 0.1841
          Metrics/upright_fraction: 0.9226
               Metrics/alternation: 0.9851
            Metrics/single_support: 0.9933
                    Metrics/facing: 0.9920
     Metrics/planted_when_standing: 0.8525
            Metrics/foot_clearance: 0.2107
                    Metrics/height: 0.7914
                 Metrics/fall_rate: 0.2023
   Metrics/standing_world_fraction: 0.4318
        Metrics/fall_rate_standing: 0.4686
          Metrics/fall_rate_moving: 0.0000
                  Metrics/tilt_deg: 15.0939
        Metrics/actuator_force_abs: 21.3993
        Metrics/actuator_force_max: 128.0279
               Metrics/action_cost: 0.9818
               Metrics/action_rate: 0.2814
           Metrics/joint_accel_abs: 41.8180
           Metrics/hinge_speed_max: 10.7801
       Metrics/over_speed_fraction: 0.0610
            Metrics/track_err_frac: 0.1182
        Metrics/track_within_10pct: 0.6056
           Metrics/overlift_factor: 0.2633
      Metrics/getup_world_fraction: 0.2331
        Metrics/getup_success_rate: 0.0668
          Metrics/getup_risen_rate: 0.1160
           Metrics/getup_time_mean: 2.0618
            Metrics/getup_progress: 0.5236
       Metrics/getup_milestone_sit: 0.7243
    Metrics/getup_milestone_crouch: 0.2380
--------------------------------------------------------------------------------
                   Total timesteps: 13271040
                    Iteration time: 2.13s
                      Time elapsed: 00:04:40
                               ETA: 08:34:25

################################################################################
                    [1m Learning iteration 30134/45000 [0m                    

                       Computation: 46870 steps/s (collection: 1.532s, learning 0.565s)
             Mean action noise std: 28.31
          Mean value_function loss: 0.0092
               Mean surrogate loss: -0.0073
                 Mean entropy loss: 138.5573
                       Mean reward: 51.49
               Mean episode length: 699.14
               Metrics/speed_ratio: 0.9971
       Metrics/drift_when_standing: 0.1893
          Metrics/upright_fraction: 0.9219
               Metrics/alternation: 0.9853
            Metrics/single_support: 0.9939
                    Metrics/facing: 0.9922
     Metrics/planted_when_standing: 0.8536
            Metrics/foot_clearance: 0.2139
                    Metrics/height: 0.7931
                 Metrics/fall_rate: 0.1997
   Metrics/standing_world_fraction: 0.4287
        Metrics/fall_rate_standing: 0.4659
          Metrics/fall_rate_moving: 0.0000
                  Metrics/tilt_deg: 15.2118
        Metrics/actuator_force_abs: 21.3907
        Metrics/actuator_force_max: 128.0826
               Metrics/action_cost: 0.9817
               Metrics/action_rate: 0.2816
           Metrics/joint_accel_abs: 41.7133
           Metrics/hinge_speed_max: 10.7420
       Metrics/over_speed_fraction: 0.0605
            Metrics/track_err_frac: 0.1187
        Metrics/track_within_10pct: 0.5970
           Metrics/overlift_factor: 0.2602
      Metrics/getup_world_fraction: 0.2309
        Metrics/getup_success_rate: 0.0673
          Metrics/getup_risen_rate: 0.1225
           Metrics/getup_time_mean: 2.0573
            Metrics/getup_progress: 0.5239
       Metrics/getup_milestone_sit: 0.7197
    Metrics/getup_milestone_crouch: 0.2432
--------------------------------------------------------------------------------
                   Total timesteps: 13369344
                    Iteration time: 2.10s
                      Time elapsed: 00:04:42
                               ETA: 08:34:26
NICK_WATCH 28 | WALK | cmd=1.00 measured=0.949 m/s distance=9.517 m alternation=1.000 switches=29 clearance=0.333 m down=0/500 steps falls=0
NICK_PHYSICS {"mode": "WALK", "actuators": ["a_Torso_pitch_62", "a_Torso_roll_63", "a_Torso_yaw_64", "a_Head_pitch_65", "a_Head_roll_66", "a_Head_yaw_67", "a_ThighL_pitch_68", "a_ThighL_roll_69", "a_ThighL_yaw_70", "a_ShinL_pitch_71", "a_FootL_pitch_72", "a_FootL_roll_73", "a_ThighR_pitch_74", "a_ThighR_roll_75", "a_ThighR_yaw_76", "a_ShinR_pitch_77", "a_FootR_pitch_78", "a_FootR_roll_79", "a_UpperArmL_pitch_80", "a_UpperArmL_roll_81", "a_UpperArmL_yaw_82", "a_ForearmL_pitch_83", "a_GloveL_pitch_84", "a_GloveL_yaw_85", "a_UpperArmR_pitch_86", "a_UpperArmR_roll_87", "a_UpperArmR_yaw_88", "a_ForearmR_pitch_89", "a_GloveR_pitch_90", "a_GloveR_yaw_91"], "max_torque_nm": [150.0, 100.0, 60.0, 15.0, 10.0, 8.0, 200.0, 80.0, 40.0, 200.0, 120.0, 20.0, 200.0, 80.0, 40.0, 200.0, 120.0, 20.0, 60.0, 60.0, 25.0, 0.4098436158782326, 10.0, 5.0, 60.0, 34.9066, 25.0, 60.0, 10.0, 5.0], "max_joint_speed_rad_s": [4.15536998071489, 3.755337850375548, 6.208410394819351, 4.455177767849364, 4.234501145295417, 3.3381601500689304, 8.794413723694143, 5.693005077683424, 16.16023860471321, 25.36560331727255, 18.288934418831353, 11.650203646386721, 13.464928993496423, 6.466401745130846, 8.875319899446009, 26.286232083632743, 18.181882642498707, 11.202389783474164, 16.832974272518555, 6.9098858855753456, 7.570775893517189, 0.07590817999391039, 4.766324697553655, 1.7085167079574086, 9.794803500386118, 3.064085339798749, 4.036369691310899, 18.079620227177802, 3.8492758528371187, 1.7142110606303562]}

################################################################################
                    [1m Learning iteration 30135/45000 [0m                    

                       Computation: 47132 steps/s (collection: 1.514s, learning 0.572s)
             Mean action noise std: 28.31
          Mean value_function loss: 0.0118
               Mean surrogate loss: -0.0041
                 Mean entropy loss: 138.5605
                       Mean reward: 55.26
               Mean episode length: 734.50
               Metrics/speed_ratio: 0.9999
       Metrics/drift_when_standing: 0.1829
          Metrics/upright_fraction: 0.9212
               Metrics/alternation: 0.9856
            Metrics/single_support: 0.9935
                    Metrics/facing: 0.9921
     Metrics/planted_when_standing: 0.8540
            Metrics/foot_clearance: 0.2112
                    Metrics/height: 0.7929
                 Metrics/fall_rate: 0.1987
   Metrics/standing_world_fraction: 0.4276
        Metrics/fall_rate_standing: 0.4647
          Metrics/fall_rate_moving: 0.0000
                  Metrics/tilt_deg: 15.0993
        Metrics/actuator_force_abs: 21.3844
        Metrics/actuator_force_max: 127.8641
               Metrics/action_cost: 0.9816
               Metrics/action_rate: 0.2806
           Metrics/joint_accel_abs: 41.9090
           Metrics/hinge_speed_max: 10.8078
       Metrics/over_speed_fraction: 0.0611
            Metrics/track_err_frac: 0.1188
        Metrics/track_within_10pct: 0.6013
           Metrics/overlift_factor: 0.2659
      Metrics/getup_world_fraction: 0.2290
        Metrics/getup_success_rate: 0.0694
          Metrics/getup_risen_rate: 0.1213
           Metrics/getup_time_mean: 2.0601
            Metrics/getup_progress: 0.5157
       Metrics/getup_milestone_sit: 0.7155
    Metrics/getup_milestone_crouch: 0.2478
--------------------------------------------------------------------------------
                   Total timesteps: 13467648
                    Iteration time: 2.09s
                      Time elapsed: 00:04:44
                               ETA: 08:34:24

################################################################################
                    [1m Learning iteration 30136/45000 [0m                    

                       Computation: 45679 steps/s (collection: 1.577s, learning 0.575s)
             Mean action noise std: 28.31
          Mean value_function loss: 0.0109
               Mean surrogate loss: -0.0060
                 Mean entropy loss: 138.5630
                       Mean reward: 52.60
               Mean episode length: 713.27
               Metrics/speed_ratio: 1.0012
       Metrics/drift_when_standing: 0.1781
          Metrics/upright_fraction: 0.9204
               Metrics/alternation: 0.9893
            Metrics/single_support: 0.9939
                    Metrics/facing: 0.9923
     Metrics/planted_when_standing: 0.8533
            Metrics/foot_clearance: 0.2131
                    Metrics/height: 0.7931
                 Metrics/fall_rate: 0.1974
   Metrics/standing_world_fraction: 0.4269
        Metrics/fall_rate_standing: 0.4625
          Metrics/fall_rate_moving: 0.0000
                  Metrics/tilt_deg: 15.0538
        Metrics/actuator_force_abs: 21.2808
        Metrics/actuator_force_max: 127.3887
               Metrics/action_cost: 0.9816
               Metrics/action_rate: 0.2791
           Metrics/joint_accel_abs: 41.2637
           Metrics/hinge_speed_max: 10.7315
       Metrics/over_speed_fraction: 0.0599
            Metrics/track_err_frac: 0.1168
        Metrics/track_within_10pct: 0.6040
           Metrics/overlift_factor: 0.2564
      Metrics/getup_world_fraction: 0.2269
        Metrics/getup_success_rate: 0.0711
          Metrics/getup_risen_rate: 0.1180
           Metrics/getup_time_mean: 2.0639
            Metrics/getup_progress: 0.5130
       Metrics/getup_milestone_sit: 0.7230
    Metrics/getup_milestone_crouch: 0.2445
--------------------------------------------------------------------------------
                   Total timesteps: 13565952
                    Iteration time: 2.15s
                      Time elapsed: 00:04:46
                               ETA: 08:34:31

################################################################################
                    [1m Learning iteration 30137/45000 [0m                    

                       Computation: 45141 steps/s (collection: 1.609s, learning 0.569s)
             Mean action noise std: 28.31
          Mean value_function loss: 0.0148
               Mean surrogate loss: -0.0025
                 Mean entropy loss: 138.5642
                       Mean reward: 61.83
               Mean episode length: 784.41
               Metrics/speed_ratio: 0.9939
       Metrics/drift_when_standing: 0.1747
          Metrics/upright_fraction: 0.9224
               Metrics/alternation: 0.9881
            Metrics/single_support: 0.9938
                    Metrics/facing: 0.9920
     Metrics/planted_when_standing: 0.8529
            Metrics/foot_clearance: 0.2123
                    Metrics/height: 0.7927
                 Metrics/fall_rate: 0.1971
   Metrics/standing_world_fraction: 0.4265
        Metrics/fall_rate_standing: 0.4621
          Metrics/fall_rate_moving: 0.0000
                  Metrics/tilt_deg: 14.8876
        Metrics/actuator_force_abs: 21.2642
        Metrics/actuator_force_max: 127.4982
               Metrics/action_cost: 0.9815
               Metrics/action_rate: 0.2793
           Metrics/joint_accel_abs: 41.4291
           Metrics/hinge_speed_max: 10.7021
       Metrics/over_speed_fraction: 0.0598
            Metrics/track_err_frac: 0.1164
        Metrics/track_within_10pct: 0.6047
           Metrics/overlift_factor: 0.2599
      Metrics/getup_world_fraction: 0.2269
        Metrics/getup_success_rate: 0.0716
          Metrics/getup_risen_rate: 0.1215
           Metrics/getup_time_mean: 2.0664
            Metrics/getup_progress: 0.5086
       Metrics/getup_milestone_sit: 0.7214
    Metrics/getup_milestone_crouch: 0.2459
--------------------------------------------------------------------------------
                   Total timesteps: 13664256
                    Iteration time: 2.18s
                      Time elapsed: 00:04:48
                               ETA: 08:34:39

################################################################################
                    [1m Learning iteration 30138/45000 [0m                    

                       Computation: 45628 steps/s (collection: 1.583s, learning 0.572s)
             Mean action noise std: 28.32
          Mean value_function loss: 0.0079
               Mean surrogate loss: -0.0052
                 Mean entropy loss: 138.5642
                       Mean reward: 55.11
               Mean episode length: 708.72
               Metrics/speed_ratio: 0.9956
       Metrics/drift_when_standing: 0.1678
          Metrics/upright_fraction: 0.9242
               Metrics/alternation: 0.9865
            Metrics/single_support: 0.9944
                    Metrics/facing: 0.9919
     Metrics/planted_when_standing: 0.8627
            Metrics/foot_clearance: 0.2100
                    Metrics/height: 0.7920
                 Metrics/fall_rate: 0.1978
   Metrics/standing_world_fraction: 0.4252
        Metrics/fall_rate_standing: 0.4652
          Metrics/fall_rate_moving: 0.0000
                  Metrics/tilt_deg: 14.7761
        Metrics/actuator_force_abs: 21.2777
        Metrics/actuator_force_max: 127.5797
               Metrics/action_cost: 0.9816
               Metrics/action_rate: 0.2787
           Metrics/joint_accel_abs: 41.5274
           Metrics/hinge_speed_max: 10.7498
       Metrics/over_speed_fraction: 0.0601
            Metrics/track_err_frac: 0.1182
        Metrics/track_within_10pct: 0.5997
           Metrics/overlift_factor: 0.2612
      Metrics/getup_world_fraction: 0.2250
        Metrics/getup_success_rate: 0.0709
          Metrics/getup_risen_rate: 0.1096
           Metrics/getup_time_mean: 2.0575
            Metrics/getup_progress: 0.5035
       Metrics/getup_milestone_sit: 0.7133
    Metrics/getup_milestone_crouch: 0.2318
--------------------------------------------------------------------------------
                   Total timesteps: 13762560
                    Iteration time: 2.15s
                      Time elapsed: 00:04:50
                               ETA: 08:34:45

################################################################################
                    [1m Learning iteration 30139/45000 [0m                    

                       Computation: 46918 steps/s (collection: 1.516s, learning 0.579s)
             Mean action noise std: 28.32
          Mean value_function loss: 0.0091
               Mean surrogate loss: -0.0044
                 Mean entropy loss: 138.5636
                       Mean reward: 56.25
               Mean episode length: 744.11
               Metrics/speed_ratio: 1.0007
       Metrics/drift_when_standing: 0.1673
          Metrics/upright_fraction: 0.9280
               Metrics/alternation: 0.9893
            Metrics/single_support: 0.9946
                    Metrics/facing: 0.9917
     Metrics/planted_when_standing: 0.8648
            Metrics/foot_clearance: 0.2104
                    Metrics/height: 0.7929
                 Metrics/fall_rate: 0.1983
   Metrics/standing_world_fraction: 0.4250
        Metrics/fall_rate_standing: 0.4666
          Metrics/fall_rate_moving: 0.0000
                  Metrics/tilt_deg: 14.6418
        Metrics/actuator_force_abs: 21.2294
        Metrics/actuator_force_max: 127.4206
               Metrics/action_cost: 0.9815
               Metrics/action_rate: 0.2784
           Metrics/joint_accel_abs: 41.3715
           Metrics/hinge_speed_max: 10.7388
       Metrics/over_speed_fraction: 0.0599
            Metrics/track_err_frac: 0.1167
        Metrics/track_within_10pct: 0.6026
           Metrics/overlift_factor: 0.2602
      Metrics/getup_world_fraction: 0.2247
        Metrics/getup_success_rate: 0.0723
          Metrics/getup_risen_rate: 0.1051
           Metrics/getup_time_mean: 2.0461
            Metrics/getup_progress: 0.5047
       Metrics/getup_milestone_sit: 0.7125
    Metrics/getup_milestone_crouch: 0.2285
--------------------------------------------------------------------------------
                   Total timesteps: 13860864
                    Iteration time: 2.10s
                      Time elapsed: 00:04:53
                               ETA: 08:34:45

################################################################################
                    [1m Learning iteration 30140/45000 [0m                    

                       Computation: 47588 steps/s (collection: 1.504s, learning 0.561s)
             Mean action noise std: 28.32
          Mean value_function loss: 0.0062
               Mean surrogate loss: -0.0017
                 Mean entropy loss: 138.5637
                       Mean reward: 56.50
               Mean episode length: 737.71
               Metrics/speed_ratio: 0.9998
       Metrics/drift_when_standing: 0.1681
          Metrics/upright_fraction: 0.9282
               Metrics/alternation: 0.9912
            Metrics/single_support: 0.9949
                    Metrics/facing: 0.9920
     Metrics/planted_when_standing: 0.8701
            Metrics/foot_clearance: 0.2113
                    Metrics/height: 0.7937
                 Metrics/fall_rate: 0.1968
   Metrics/standing_world_fraction: 0.4253
        Metrics/fall_rate_standing: 0.4627
          Metrics/fall_rate_moving: 0.0000
                  Metrics/tilt_deg: 14.5492
        Metrics/actuator_force_abs: 21.1802
        Metrics/actuator_force_max: 127.4227
               Metrics/action_cost: 0.9814
               Metrics/action_rate: 0.2771
           Metrics/joint_accel_abs: 41.2431
           Metrics/hinge_speed_max: 10.7108
       Metrics/over_speed_fraction: 0.0594
            Metrics/track_err_frac: 0.1139
        Metrics/track_within_10pct: 0.6049
           Metrics/overlift_factor: 0.2541
      Metrics/getup_world_fraction: 0.2241
        Metrics/getup_success_rate: 0.0705
          Metrics/getup_risen_rate: 0.1113
           Metrics/getup_time_mean: 2.0460
            Metrics/getup_progress: 0.5086
       Metrics/getup_milestone_sit: 0.7151
    Metrics/getup_milestone_crouch: 0.2318
--------------------------------------------------------------------------------
                   Total timesteps: 13959168
                    Iteration time: 2.07s
                      Time elapsed: 00:04:55
                               ETA: 08:34:42

################################################################################
                    [1m Learning iteration 30141/45000 [0m                    

                       Computation: 44933 steps/s (collection: 1.605s, learning 0.583s)
             Mean action noise std: 28.32
          Mean value_function loss: 0.0060
               Mean surrogate loss: -0.0052
                 Mean entropy loss: 138.5650
                       Mean reward: 56.78
               Mean episode length: 760.90
               Metrics/speed_ratio: 0.9973
       Metrics/drift_when_standing: 0.1625
          Metrics/upright_fraction: 0.9289
               Metrics/alternation: 0.9889
            Metrics/single_support: 0.9946
                    Metrics/facing: 0.9923
     Metrics/planted_when_standing: 0.8743
            Metrics/foot_clearance: 0.2100
                    Metrics/height: 0.7955
                 Metrics/fall_rate: 0.1946
   Metrics/standing_world_fraction: 0.4247
        Metrics/fall_rate_standing: 0.4582
          Metrics/fall_rate_moving: 0.0000
                  Metrics/tilt_deg: 14.5116
        Metrics/actuator_force_abs: 21.2210
        Metrics/actuator_force_max: 127.3678
               Metrics/action_cost: 0.9814
               Metrics/action_rate: 0.2776
           Metrics/joint_accel_abs: 41.3999
           Metrics/hinge_speed_max: 10.7394
       Metrics/over_speed_fraction: 0.0600
            Metrics/track_err_frac: 0.1165
        Metrics/track_within_10pct: 0.6008
           Metrics/overlift_factor: 0.2592
      Metrics/getup_world_fraction: 0.2224
        Metrics/getup_success_rate: 0.0709
          Metrics/getup_risen_rate: 0.1107
           Metrics/getup_time_mean: 2.0461
            Metrics/getup_progress: 0.5138
       Metrics/getup_milestone_sit: 0.7234
    Metrics/getup_milestone_crouch: 0.2331
--------------------------------------------------------------------------------
                   Total timesteps: 14057472
                    Iteration time: 2.19s
                      Time elapsed: 00:04:57
                               ETA: 08:34:51

################################################################################
                    [1m Learning iteration 30142/45000 [0m                    

                       Computation: 45000 steps/s (collection: 1.603s, learning 0.582s)
             Mean action noise std: 28.32
          Mean value_function loss: 0.0087
               Mean surrogate loss: -0.0062
                 Mean entropy loss: 138.5669
                       Mean reward: 60.39
               Mean episode length: 750.10
               Metrics/speed_ratio: 0.9998
       Metrics/drift_when_standing: 0.1621
          Metrics/upright_fraction: 0.9313
               Metrics/alternation: 0.9890
            Metrics/single_support: 0.9949
                    Metrics/facing: 0.9920
     Metrics/planted_when_standing: 0.8770
            Metrics/foot_clearance: 0.2118
                    Metrics/height: 0.7967
                 Metrics/fall_rate: 0.1946
   Metrics/standing_world_fraction: 0.4235
        Metrics/fall_rate_standing: 0.4596
          Metrics/fall_rate_moving: 0.0000
                  Metrics/tilt_deg: 14.4177
        Metrics/actuator_force_abs: 21.1628
        Metrics/actuator_force_max: 127.0260
               Metrics/action_cost: 0.9813
               Metrics/action_rate: 0.2765
           Metrics/joint_accel_abs: 41.2359
           Metrics/hinge_speed_max: 10.6920
       Metrics/over_speed_fraction: 0.0594
            Metrics/track_err_frac: 0.1147
        Metrics/track_within_10pct: 0.6042
           Metrics/overlift_factor: 0.2565
      Metrics/getup_world_fraction: 0.2217
        Metrics/getup_success_rate: 0.0721
          Metrics/getup_risen_rate: 0.1105
           Metrics/getup_time_mean: 2.0643
            Metrics/getup_progress: 0.5154
       Metrics/getup_milestone_sit: 0.7271
    Metrics/getup_milestone_crouch: 0.2316
--------------------------------------------------------------------------------
                   Total timesteps: 14155776
                    Iteration time: 2.18s
                      Time elapsed: 00:04:59
                               ETA: 08:35:00
NICK_WATCH 29 | GETUP | cmd=0.00 measured=-0.095 m/s distance=1.371 m alternation=0.490 switches=7 clearance=0.100 m down=466/500 steps falls=308 got_up=False rise_at=-1.0 s up_fraction=0.00
NICK_PHYSICS {"mode": "GETUP", "actuators": ["a_Torso_pitch_62", "a_Torso_roll_63", "a_Torso_yaw_64", "a_Head_pitch_65", "a_Head_roll_66", "a_Head_yaw_67", "a_ThighL_pitch_68", "a_ThighL_roll_69", "a_ThighL_yaw_70", "a_ShinL_pitch_71", "a_FootL_pitch_72", "a_FootL_roll_73", "a_ThighR_pitch_74", "a_ThighR_roll_75", "a_ThighR_yaw_76", "a_ShinR_pitch_77", "a_FootR_pitch_78", "a_FootR_roll_79", "a_UpperArmL_pitch_80", "a_UpperArmL_roll_81", "a_UpperArmL_yaw_82", "a_ForearmL_pitch_83", "a_GloveL_pitch_84", "a_GloveL_yaw_85", "a_UpperArmR_pitch_86", "a_UpperArmR_roll_87", "a_UpperArmR_yaw_88", "a_ForearmR_pitch_89", "a_GloveR_pitch_90", "a_GloveR_yaw_91"], "max_torque_nm": [150.0, 100.0, 60.0, 15.0, 10.0, 8.0, 200.0, 80.0, 40.0, 200.0, 120.0, 20.0, 200.0, 80.0, 40.0, 200.0, 120.0, 20.0, 60.0, 60.0, 25.0, 15.013697092152345, 10.0, 5.0, 60.0, 60.0, 25.0, 60.0, 10.0, 5.0], "max_joint_speed_rad_s": [7.55844509020584, 3.289805668145979, 6.96040068977723, 5.531610811180137, 14.538572514476094, 3.44480460327774, 13.265250311671366, 5.525322313896859, 11.113914015663697, 24.41799972376167, 15.488884437069427, 7.73660810086735, 10.342491075201414, 6.27774531918133, 13.358144858301783, 21.783230317963366, 17.946068400940298, 7.099005361914865, 15.500442016492624, 26.36304010004728, 13.843542140823464, 6.865379889777625, 9.247725878959589, 9.7412617835339, 20.15499933556236, 10.474247968582757, 6.916219943587508, 17.872485706669522, 4.865577737563611, 4.2052900448114094]}

################################################################################
                    [1m Learning iteration 30143/45000 [0m                    

                       Computation: 47458 steps/s (collection: 1.496s, learning 0.576s)
             Mean action noise std: 28.32
          Mean value_function loss: 0.0128
               Mean surrogate loss: -0.0024
                 Mean entropy loss: 138.5674
                       Mean reward: 63.88
               Mean episode length: 817.88
               Metrics/speed_ratio: 1.0022
       Metrics/drift_when_standing: 0.1632
          Metrics/upright_fraction: 0.9299
               Metrics/alternation: 0.9893
            Metrics/single_support: 0.9946
                    Metrics/facing: 0.9922
     Metrics/planted_when_standing: 0.8715
            Metrics/foot_clearance: 0.2102
                    Metrics/height: 0.7957
                 Metrics/fall_rate: 0.1942
   Metrics/standing_world_fraction: 0.4248
        Metrics/fall_rate_standing: 0.4571
          Metrics/fall_rate_moving: 0.0000
                  Metrics/tilt_deg: 14.4866
        Metrics/actuator_force_abs: 21.2630
        Metrics/actuator_force_max: 127.4923
               Metrics/action_cost: 0.9813
               Metrics/action_rate: 0.2789
           Metrics/joint_accel_abs: 41.5360
           Metrics/hinge_speed_max: 10.7813
       Metrics/over_speed_fraction: 0.0603
            Metrics/track_err_frac: 0.1159
        Metrics/track_within_10pct: 0.6073
           Metrics/overlift_factor: 0.2609
      Metrics/getup_world_fraction: 0.2217
        Metrics/getup_success_rate: 0.0690
          Metrics/getup_risen_rate: 0.1085
           Metrics/getup_time_mean: 2.0655
            Metrics/getup_progress: 0.5147
       Metrics/getup_milestone_sit: 0.7208
    Metrics/getup_milestone_crouch: 0.2268
--------------------------------------------------------------------------------
                   Total timesteps: 14254080
                    Iteration time: 2.07s
                      Time elapsed: 00:05:01
                               ETA: 08:34:57

################################################################################
                    [1m Learning iteration 30144/45000 [0m                    

                       Computation: 46225 steps/s (collection: 1.544s, learning 0.583s)
             Mean action noise std: 28.32
          Mean value_function loss: 0.0120
               Mean surrogate loss: -0.0061
                 Mean entropy loss: 138.5667
                       Mean reward: 61.06
               Mean episode length: 775.94
               Metrics/speed_ratio: 1.0043
       Metrics/drift_when_standing: 0.1728
          Metrics/upright_fraction: 0.9269
               Metrics/alternation: 0.9901
            Metrics/single_support: 0.9959
                    Metrics/facing: 0.9921
     Metrics/planted_when_standing: 0.8654
            Metrics/foot_clearance: 0.2130
                    Metrics/height: 0.7962
                 Metrics/fall_rate: 0.1940
   Metrics/standing_world_fraction: 0.4257
        Metrics/fall_rate_standing: 0.4558
          Metrics/fall_rate_moving: 0.0000
                  Metrics/tilt_deg: 14.6165
        Metrics/actuator_force_abs: 21.2205
        Metrics/actuator_force_max: 127.4004
               Metrics/action_cost: 0.9813
               Metrics/action_rate: 0.2780
           Metrics/joint_accel_abs: 41.3854
           Metrics/hinge_speed_max: 10.7097
       Metrics/over_speed_fraction: 0.0599
            Metrics/track_err_frac: 0.1144
        Metrics/track_within_10pct: 0.6075
           Metrics/overlift_factor: 0.2538
      Metrics/getup_world_fraction: 0.2244
        Metrics/getup_success_rate: 0.0696
          Metrics/getup_risen_rate: 0.1209
           Metrics/getup_time_mean: 2.0621
            Metrics/getup_progress: 0.5183
       Metrics/getup_milestone_sit: 0.7215
    Metrics/getup_milestone_crouch: 0.2347
--------------------------------------------------------------------------------
                   Total timesteps: 14352384
                    Iteration time: 2.13s
                      Time elapsed: 00:05:03
                               ETA: 08:35:00

################################################################################
                    [1m Learning iteration 30145/45000 [0m                    

                       Computation: 47247 steps/s (collection: 1.504s, learning 0.577s)
             Mean action noise std: 28.32
          Mean value_function loss: 0.0133
               Mean surrogate loss: -0.0035
                 Mean entropy loss: 138.5659
                       Mean reward: 52.81
               Mean episode length: 690.86
               Metrics/speed_ratio: 1.0026
       Metrics/drift_when_standing: 0.1763
          Metrics/upright_fraction: 0.9284
               Metrics/alternation: 0.9907
            Metrics/single_support: 0.9946
                    Metrics/facing: 0.9922
     Metrics/planted_when_standing: 0.8645
            Metrics/foot_clearance: 0.2124
                    Metrics/height: 0.7958
                 Metrics/fall_rate: 0.1947
   Metrics/standing_world_fraction: 0.4262
        Metrics/fall_rate_standing: 0.4568
          Metrics/fall_rate_moving: 0.0000
                  Metrics/tilt_deg: 14.5881
        Metrics/actuator_force_abs: 21.2323
        Metrics/actuator_force_max: 127.5885
               Metrics/action_cost: 0.9814
               Metrics/action_rate: 0.2782
           Metrics/joint_accel_abs: 41.3612
           Metrics/hinge_speed_max: 10.7446
       Metrics/over_speed_fraction: 0.0601
            Metrics/track_err_frac: 0.1140
        Metrics/track_within_10pct: 0.6115
           Metrics/overlift_factor: 0.2555
      Metrics/getup_world_fraction: 0.2254
        Metrics/getup_success_rate: 0.0678
          Metrics/getup_risen_rate: 0.1235
           Metrics/getup_time_mean: 2.0617
            Metrics/getup_progress: 0.5186
       Metrics/getup_milestone_sit: 0.7287
    Metrics/getup_milestone_crouch: 0.2380
--------------------------------------------------------------------------------
                   Total timesteps: 14450688
                    Iteration time: 2.08s
                      Time elapsed: 00:05:05
                               ETA: 08:34:57

################################################################################
                    [1m Learning iteration 30146/45000 [0m                    

                       Computation: 47304 steps/s (collection: 1.504s, learning 0.574s)
             Mean action noise std: 28.32
          Mean value_function loss: 0.0087
               Mean surrogate loss: -0.0057
                 Mean entropy loss: 138.5669
                       Mean reward: 55.44
               Mean episode length: 719.52
               Metrics/speed_ratio: 0.9998
       Metrics/drift_when_standing: 0.1701
          Metrics/upright_fraction: 0.9307
               Metrics/alternation: 0.9882
            Metrics/single_support: 0.9945
                    Metrics/facing: 0.9920
     Metrics/planted_when_standing: 0.8671
            Metrics/foot_clearance: 0.2114
                    Metrics/height: 0.7961
                 Metrics/fall_rate: 0.1945
   Metrics/standing_world_fraction: 0.4240
        Metrics/fall_rate_standing: 0.4586
          Metrics/fall_rate_moving: 0.0000
                  Metrics/tilt_deg: 14.5026
        Metrics/actuator_force_abs: 21.2504
        Metrics/actuator_force_max: 127.4734
               Metrics/action_cost: 0.9815
               Metrics/action_rate: 0.2783
           Metrics/joint_accel_abs: 41.4725
           Metrics/hinge_speed_max: 10.7531
       Metrics/over_speed_fraction: 0.0602
            Metrics/track_err_frac: 0.1159
        Metrics/track_within_10pct: 0.6043
           Metrics/overlift_factor: 0.2596
      Metrics/getup_world_fraction: 0.2240
        Metrics/getup_success_rate: 0.0676
          Metrics/getup_risen_rate: 0.1194
           Metrics/getup_time_mean: 2.0623
            Metrics/getup_progress: 0.5189
       Metrics/getup_milestone_sit: 0.7291
    Metrics/getup_milestone_crouch: 0.2324
--------------------------------------------------------------------------------
                   Total timesteps: 14548992
                    Iteration time: 2.08s
                      Time elapsed: 00:05:07
                               ETA: 08:34:55
NICK_WATCH 30 | BALANCE | cmd=0.00 measured=0.007 m/s distance=0.055 m alternation=0.000 switches=0 clearance=0.009 m down=0/500 steps falls=0
NICK_PHYSICS {"mode": "BALANCE", "actuators": ["a_Torso_pitch_62", "a_Torso_roll_63", "a_Torso_yaw_64", "a_Head_pitch_65", "a_Head_roll_66", "a_Head_yaw_67", "a_ThighL_pitch_68", "a_ThighL_roll_69", "a_ThighL_yaw_70", "a_ShinL_pitch_71", "a_FootL_pitch_72", "a_FootL_roll_73", "a_ThighR_pitch_74", "a_ThighR_roll_75", "a_ThighR_yaw_76", "a_ShinR_pitch_77", "a_FootR_pitch_78", "a_FootR_roll_79", "a_UpperArmL_pitch_80", "a_UpperArmL_roll_81", "a_UpperArmL_yaw_82", "a_ForearmL_pitch_83", "a_GloveL_pitch_84", "a_GloveL_yaw_85", "a_UpperArmR_pitch_86", "a_UpperArmR_roll_87", "a_UpperArmR_yaw_88", "a_ForearmR_pitch_89", "a_GloveR_pitch_90", "a_GloveR_yaw_91"], "max_torque_nm": [150.0, 100.0, 60.0, 15.0, 10.0, 8.0, 174.533, 80.0, 40.0, 200.0, 120.0, 20.0, 200.0, 80.0, 40.0, 200.0, 120.0, 20.0, 60.0, 34.9066, 25.0, 0.34110474723560913, 10.0, 5.0, 60.0, 35.83780390020632, 25.0, 0.612067030741889, 10.0, 5.0], "max_joint_speed_rad_s": [2.5968639919327274, 3.978037241633535, 5.935106964022125, 5.238128735882574, 3.310053142907242, 3.321127731425713, 2.3003122651251457, 5.338486794991354, 7.584852900235557, 10.657820798131194, 18.52824153395469, 6.010817653407874, 3.164803242259665, 4.948058450241837, 8.610780859604237, 9.46768119718241, 18.25429589622769, 4.822174715097343, 10.70186921921636, 2.5322544832503624, 4.294602286306852, 0.0889830496574901, 4.4641630306541416, 2.1075022060287694, 10.068328287320023, 2.660359701812656, 4.89597984683494, 0.14998778867334525, 3.8386403322932003, 1.70836547933542]}

################################################################################
                    [1m Learning iteration 30147/45000 [0m                    

                       Computation: 47099 steps/s (collection: 1.486s, learning 0.601s)
             Mean action noise std: 28.32
          Mean value_function loss: 0.0097
               Mean surrogate loss: -0.0035
                 Mean entropy loss: 138.5684
                       Mean reward: 59.54
               Mean episode length: 754.57
               Metrics/speed_ratio: 0.9972
       Metrics/drift_when_standing: 0.1716
          Metrics/upright_fraction: 0.9301
               Metrics/alternation: 0.9894
            Metrics/single_support: 0.9953
                    Metrics/facing: 0.9919
     Metrics/planted_when_standing: 0.8738
            Metrics/foot_clearance: 0.2123
                    Metrics/height: 0.7964
                 Metrics/fall_rate: 0.1943
   Metrics/standing_world_fraction: 0.4226
        Metrics/fall_rate_standing: 0.4597
          Metrics/fall_rate_moving: 0.0000
                  Metrics/tilt_deg: 14.5182
        Metrics/actuator_force_abs: 21.1898
        Metrics/actuator_force_max: 127.5052
               Metrics/action_cost: 0.9815
               Metrics/action_rate: 0.2770
           Metrics/joint_accel_abs: 41.2731
           Metrics/hinge_speed_max: 10.7064
       Metrics/over_speed_fraction: 0.0597
            Metrics/track_err_frac: 0.1147
        Metrics/track_within_10pct: 0.6103
           Metrics/overlift_factor: 0.2549
      Metrics/getup_world_fraction: 0.2242
        Metrics/getup_success_rate: 0.0682
          Metrics/getup_risen_rate: 0.1187
           Metrics/getup_time_mean: 2.0622
            Metrics/getup_progress: 0.5221
       Metrics/getup_milestone_sit: 0.7320
    Metrics/getup_milestone_crouch: 0.2326
--------------------------------------------------------------------------------
                   Total timesteps: 14647296
                    Iteration time: 2.09s
                      Time elapsed: 00:05:09
                               ETA: 08:34:54

################################################################################
                    [1m Learning iteration 30148/45000 [0m                    

                       Computation: 47555 steps/s (collection: 1.482s, learning 0.586s)
             Mean action noise std: 28.32
          Mean value_function loss: 0.0103
               Mean surrogate loss: -0.0036
                 Mean entropy loss: 138.5693
                       Mean reward: 55.37
               Mean episode length: 716.31
               Metrics/speed_ratio: 1.0031
       Metrics/drift_when_standing: 0.1680
          Metrics/upright_fraction: 0.9280
               Metrics/alternation: 0.9911
            Metrics/single_support: 0.9955
                    Metrics/facing: 0.9919
     Metrics/planted_when_standing: 0.8780
            Metrics/foot_clearance: 0.2123
                    Metrics/height: 0.7956
                 Metrics/fall_rate: 0.1959
   Metrics/standing_world_fraction: 0.4227
        Metrics/fall_rate_standing: 0.4634
          Metrics/fall_rate_moving: 0.0000
                  Metrics/tilt_deg: 14.5736
        Metrics/actuator_force_abs: 21.2194
        Metrics/actuator_force_max: 127.6197
               Metrics/action_cost: 0.9814
               Metrics/action_rate: 0.2765
           Metrics/joint_accel_abs: 41.1710
           Metrics/hinge_speed_max: 10.7015
       Metrics/over_speed_fraction: 0.0597
            Metrics/track_err_frac: 0.1137
        Metrics/track_within_10pct: 0.6094
           Metrics/overlift_factor: 0.2538
      Metrics/getup_world_fraction: 0.2240
        Metrics/getup_success_rate: 0.0734
          Metrics/getup_risen_rate: 0.1109
           Metrics/getup_time_mean: 2.0620
            Metrics/getup_progress: 0.5184
       Metrics/getup_milestone_sit: 0.7310
    Metrics/getup_milestone_crouch: 0.2253
--------------------------------------------------------------------------------
                   Total timesteps: 14745600
                    Iteration time: 2.07s
                      Time elapsed: 00:05:11
                               ETA: 08:34:51

################################################################################
                    [1m Learning iteration 30149/45000 [0m                    

                       Computation: 47369 steps/s (collection: 1.499s, learning 0.577s)
             Mean action noise std: 28.32
          Mean value_function loss: 0.0133
               Mean surrogate loss: -0.0065
                 Mean entropy loss: 138.5688
                       Mean reward: 56.75
               Mean episode length: 747.39
               Metrics/speed_ratio: 0.9934
       Metrics/drift_when_standing: 0.1826
          Metrics/upright_fraction: 0.9285
               Metrics/alternation: 0.9801
            Metrics/single_support: 0.9919
                    Metrics/facing: 0.9918
     Metrics/planted_when_standing: 0.8538
            Metrics/foot_clearance: 0.2125
                    Metrics/height: 0.7952
                 Metrics/fall_rate: 0.1966
   Metrics/standing_world_fraction: 0.4251
        Metrics/fall_rate_standing: 0.4624
          Metrics/fall_rate_moving: 0.0000
                  Metrics/tilt_deg: 14.7171
        Metrics/actuator_force_abs: 21.3716
        Metrics/actuator_force_max: 127.7343
               Metrics/action_cost: 0.9816
               Metrics/action_rate: 0.2804
           Metrics/joint_accel_abs: 41.8769
           Metrics/hinge_speed_max: 10.7462
       Metrics/over_speed_fraction: 0.0609
            Metrics/track_err_frac: 0.1214
        Metrics/track_within_10pct: 0.6052
           Metrics/overlift_factor: 0.2651
      Metrics/getup_world_fraction: 0.2286
        Metrics/getup_success_rate: 0.0702
          Metrics/getup_risen_rate: 0.1224
           Metrics/getup_time_mean: 2.0851
            Metrics/getup_progress: 0.5246
       Metrics/getup_milestone_sit: 0.7293
    Metrics/getup_milestone_crouch: 0.2362
--------------------------------------------------------------------------------
                   Total timesteps: 14843904
                    Iteration time: 2.08s
                      Time elapsed: 00:05:14
                               ETA: 08:34:48

################################################################################
                    [1m Learning iteration 30150/45000 [0m                    

                       Computation: 46135 steps/s (collection: 1.527s, learning 0.604s)
             Mean action noise std: 28.32
          Mean value_function loss: 0.0141
               Mean surrogate loss: -0.0032
                 Mean entropy loss: 138.5706
                       Mean reward: 56.85
               Mean episode length: 733.00
               Metrics/speed_ratio: 0.9902
       Metrics/drift_when_standing: 0.1908
          Metrics/upright_fraction: 0.9246
               Metrics/alternation: 0.9818
            Metrics/single_support: 0.9925
                    Metrics/facing: 0.9917
     Metrics/planted_when_standing: 0.8473
            Metrics/foot_clearance: 0.2134
                    Metrics/height: 0.7955
                 Metrics/fall_rate: 0.1940
   Metrics/standing_world_fraction: 0.4256
        Metrics/fall_rate_standing: 0.4559
          Metrics/fall_rate_moving: 0.0000
                  Metrics/tilt_deg: 14.9403
        Metrics/actuator_force_abs: 21.4920
        Metrics/actuator_force_max: 128.2814
               Metrics/action_cost: 0.9818
               Metrics/action_rate: 0.2848
           Metrics/joint_accel_abs: 42.0600
           Metrics/hinge_speed_max: 10.8148
       Metrics/over_speed_fraction: 0.0616
            Metrics/track_err_frac: 0.1214
        Metrics/track_within_10pct: 0.6008
           Metrics/overlift_factor: 0.2637
      Metrics/getup_world_fraction: 0.2304
        Metrics/getup_success_rate: 0.0716
          Metrics/getup_risen_rate: 0.1408
           Metrics/getup_time_mean: 2.0844
            Metrics/getup_progress: 0.5300
       Metrics/getup_milestone_sit: 0.7278
    Metrics/getup_milestone_crouch: 0.2483
--------------------------------------------------------------------------------
                   Total timesteps: 14942208
                    Iteration time: 2.13s
                      Time elapsed: 00:05:16
                               ETA: 08:34:51
NICK_WATCH 31 | WALK | cmd=1.00 measured=0.949 m/s distance=9.517 m alternation=1.000 switches=29 clearance=0.333 m down=0/500 steps falls=0
NICK_PHYSICS {"mode": "WALK", "actuators": ["a_Torso_pitch_62", "a_Torso_roll_63", "a_Torso_yaw_64", "a_Head_pitch_65", "a_Head_roll_66", "a_Head_yaw_67", "a_ThighL_pitch_68", "a_ThighL_roll_69", "a_ThighL_yaw_70", "a_ShinL_pitch_71", "a_FootL_pitch_72", "a_FootL_roll_73", "a_ThighR_pitch_74", "a_ThighR_roll_75", "a_ThighR_yaw_76", "a_ShinR_pitch_77", "a_FootR_pitch_78", "a_FootR_roll_79", "a_UpperArmL_pitch_80", "a_UpperArmL_roll_81", "a_UpperArmL_yaw_82", "a_ForearmL_pitch_83", "a_GloveL_pitch_84", "a_GloveL_yaw_85", "a_UpperArmR_pitch_86", "a_UpperArmR_roll_87", "a_UpperArmR_yaw_88", "a_ForearmR_pitch_89", "a_GloveR_pitch_90", "a_GloveR_yaw_91"], "max_torque_nm": [150.0, 100.0, 60.0, 15.0, 10.0, 8.0, 200.0, 80.0, 40.0, 200.0, 120.0, 20.0, 200.0, 80.0, 40.0, 200.0, 120.0, 20.0, 60.0, 60.0, 25.0, 0.4098436158782326, 10.0, 5.0, 60.0, 34.9066, 25.0, 60.0, 10.0, 5.0], "max_joint_speed_rad_s": [4.15536998071489, 3.755337850375548, 6.208410394819351, 4.455177767849364, 4.234501145295417, 3.3381601500689304, 8.794413723694143, 5.693005077683424, 16.16023860471321, 25.36560331727255, 18.288934418831353, 11.650203646386721, 13.464928993496423, 6.466401745130846, 8.875319899446009, 26.286232083632743, 18.181882642498707, 11.202389783474164, 16.832974272518555, 6.9098858855753456, 7.570775893517189, 0.07590817999391039, 4.766324697553655, 1.7085167079574086, 9.794803500386118, 3.064085339798749, 4.036369691310899, 18.079620227177802, 3.8492758528371187, 1.7142110606303562]}

################################################################################
                    [1m Learning iteration 30151/45000 [0m                    

                       Computation: 42083 steps/s (collection: 1.737s, learning 0.599s)
             Mean action noise std: 28.32
          Mean value_function loss: 0.0182
               Mean surrogate loss: -0.0070
                 Mean entropy loss: 138.5721
                       Mean reward: 58.23
               Mean episode length: 730.82
               Metrics/speed_ratio: 0.9915
       Metrics/drift_when_standing: 0.1896
          Metrics/upright_fraction: 0.9211
               Metrics/alternation: 0.9836
            Metrics/single_support: 0.9933
                    Metrics/facing: 0.9918
     Metrics/planted_when_standing: 0.8387
            Metrics/foot_clearance: 0.2167
                    Metrics/height: 0.7964
                 Metrics/fall_rate: 0.1933
   Metrics/standing_world_fraction: 0.4233
        Metrics/fall_rate_standing: 0.4567
          Metrics/fall_rate_moving: 0.0000
                  Metrics/tilt_deg: 15.0003
        Metrics/actuator_force_abs: 21.3777
        Metrics/actuator_force_max: 127.6446
               Metrics/action_cost: 0.9816
               Metrics/action_rate: 0.2824
           Metrics/joint_accel_abs: 41.7571
           Metrics/hinge_speed_max: 10.7267
       Metrics/over_speed_fraction: 0.0604
            Metrics/track_err_frac: 0.1165
        Metrics/track_within_10pct: 0.6050
           Metrics/overlift_factor: 0.2617
      Metrics/getup_world_fraction: 0.2304
        Metrics/getup_success_rate: 0.0701
          Metrics/getup_risen_rate: 0.1442
           Metrics/getup_time_mean: 2.0845
            Metrics/getup_progress: 0.5322
       Metrics/getup_milestone_sit: 0.7245
    Metrics/getup_milestone_crouch: 0.2488
--------------------------------------------------------------------------------
                   Total timesteps: 15040512
                    Iteration time: 2.34s
                      Time elapsed: 00:05:18
                               ETA: 08:35:14

################################################################################
                    [1m Learning iteration 30152/45000 [0m                    

                       Computation: 45165 steps/s (collection: 1.557s, learning 0.620s)
             Mean action noise std: 28.32
          Mean value_function loss: 0.0178
               Mean surrogate loss: -0.0052
                 Mean entropy loss: 138.5740
                       Mean reward: 55.22
               Mean episode length: 718.75
               Metrics/speed_ratio: 0.9933
       Metrics/drift_when_standing: 0.1950
          Metrics/upright_fraction: 0.9218
               Metrics/alternation: 0.9853
            Metrics/single_support: 0.9938
                    Metrics/facing: 0.9921
     Metrics/planted_when_standing: 0.8436
            Metrics/foot_clearance: 0.2167
                    Metrics/height: 0.7961
                 Metrics/fall_rate: 0.1926
   Metrics/standing_world_fraction: 0.4201
        Metrics/fall_rate_standing: 0.4586
          Metrics/fall_rate_moving: 0.0000
                  Metrics/tilt_deg: 15.0164
        Metrics/actuator_force_abs: 21.4156
        Metrics/actuator_force_max: 128.0319
               Metrics/action_cost: 0.9816
               Metrics/action_rate: 0.2836
           Metrics/joint_accel_abs: 41.8768
           Metrics/hinge_speed_max: 10.7677
       Metrics/over_speed_fraction: 0.0608
            Metrics/track_err_frac: 0.1169
        Metrics/track_within_10pct: 0.6056
           Metrics/overlift_factor: 0.2623
      Metrics/getup_world_fraction: 0.2295
        Metrics/getup_success_rate: 0.0695
          Metrics/getup_risen_rate: 0.1392
           Metrics/getup_time_mean: 2.0802
            Metrics/getup_progress: 0.5317
       Metrics/getup_milestone_sit: 0.7220
    Metrics/getup_milestone_crouch: 0.2501
--------------------------------------------------------------------------------
                   Total timesteps: 15138816
                    Iteration time: 2.18s
                      Time elapsed: 00:05:20
                               ETA: 08:35:21

################################################################################
                    [1m Learning iteration 30153/45000 [0m                    

                       Computation: 45509 steps/s (collection: 1.555s, learning 0.605s)
             Mean action noise std: 28.33
          Mean value_function loss: 0.0132
               Mean surrogate loss: -0.0055
                 Mean entropy loss: 138.5741
                       Mean reward: 60.31
               Mean episode length: 736.73
               Metrics/speed_ratio: 0.9952
       Metrics/drift_when_standing: 0.1856
          Metrics/upright_fraction: 0.9228
               Metrics/alternation: 0.9887
            Metrics/single_support: 0.9947
                    Metrics/facing: 0.9918
     Metrics/planted_when_standing: 0.8481
            Metrics/foot_clearance: 0.2172
                    Metrics/height: 0.7948
                 Metrics/fall_rate: 0.1949
   Metrics/standing_world_fraction: 0.4204
        Metrics/fall_rate_standing: 0.4637
          Metrics/fall_rate_moving: 0.0000
                  Metrics/tilt_deg: 14.9590
        Metrics/actuator_force_abs: 21.3636
        Metrics/actuator_force_max: 128.0115
               Metrics/action_cost: 0.9815
               Metrics/action_rate: 0.2806
           Metrics/joint_accel_abs: 41.3916
           Metrics/hinge_speed_max: 10.7209
       Metrics/over_speed_fraction: 0.0602
            Metrics/track_err_frac: 0.1146
        Metrics/track_within_10pct: 0.6084
           Metrics/overlift_factor: 0.2579
      Metrics/getup_world_fraction: 0.2290
        Metrics/getup_success_rate: 0.0699
          Metrics/getup_risen_rate: 0.1328
           Metrics/getup_time_mean: 2.0810
            Metrics/getup_progress: 0.5241
       Metrics/getup_milestone_sit: 0.7277
    Metrics/getup_milestone_crouch: 0.2458
--------------------------------------------------------------------------------
                   Total timesteps: 15237120
                    Iteration time: 2.16s
                      Time elapsed: 00:05:22
                               ETA: 08:35:26

################################################################################
                    [1m Learning iteration 30154/45000 [0m                    

                       Computation: 45567 steps/s (collection: 1.559s, learning 0.599s)
             Mean action noise std: 28.33
          Mean value_function loss: 0.0150
               Mean surrogate loss: -0.0029
                 Mean entropy loss: 138.5758
                       Mean reward: 56.35
               Mean episode length: 734.06
               Metrics/speed_ratio: 1.0005
       Metrics/drift_when_standing: 0.1768
          Metrics/upright_fraction: 0.9205
               Metrics/alternation: 0.9903
            Metrics/single_support: 0.9951
                    Metrics/facing: 0.9919
     Metrics/planted_when_standing: 0.8452
            Metrics/foot_clearance: 0.2160
                    Metrics/height: 0.7943
                 Metrics/fall_rate: 0.1960
   Metrics/standing_world_fraction: 0.4218
        Metrics/fall_rate_standing: 0.4646
          Metrics/fall_rate_moving: 0.0000
                  Metrics/tilt_deg: 15.0368
        Metrics/actuator_force_abs: 21.2463
        Metrics/actuator_force_max: 127.2161
               Metrics/action_cost: 0.9813
               Metrics/action_rate: 0.2787
           Metrics/joint_accel_abs: 41.3362
           Metrics/hinge_speed_max: 10.6886
       Metrics/over_speed_fraction: 0.0597
            Metrics/track_err_frac: 0.1129
        Metrics/track_within_10pct: 0.6130
           Metrics/overlift_factor: 0.2542
      Metrics/getup_world_fraction: 0.2294
        Metrics/getup_success_rate: 0.0747
          Metrics/getup_risen_rate: 0.1252
           Metrics/getup_time_mean: 2.0804
            Metrics/getup_progress: 0.5225
       Metrics/getup_milestone_sit: 0.7354
    Metrics/getup_milestone_crouch: 0.2457
--------------------------------------------------------------------------------
                   Total timesteps: 15335424
                    Iteration time: 2.16s
                      Time elapsed: 00:05:25
                               ETA: 08:35:31
Actor MLP: Sequential(
  (0): Linear(in_features=127, out_features=512, bias=True)
  (1): ELU(alpha=1.0)
  (2): Linear(in_features=512, out_features=256, bias=True)
  (3): ELU(alpha=1.0)
  (4): Linear(in_features=256, out_features=128, bias=True)
  (5): ELU(alpha=1.0)
  (6): Linear(in_features=128, out_features=30, bias=True)
)
Critic MLP: Sequential(
  (0): Linear(in_features=127, out_features=512, bias=True)
  (1): ELU(alpha=1.0)
  (2): Linear(in_features=512, out_features=256, bias=True)
  (3): ELU(alpha=1.0)
  (4): Linear(in_features=256, out_features=128, bias=True)
  (5): ELU(alpha=1.0)
  (6): Linear(in_features=128, out_features=1, bias=True)
)
policy: model_30150.pt (iteration 30150)
NICK_WATCH 32 | GETUP | cmd=0.00 measured=0.183 m/s distance=1.928 m alternation=1.000 switches=15 clearance=0.064 m down=500/500 steps falls=51 got_up=False rise_at=-1.0 s up_fraction=0.00
NICK_PHYSICS {"mode": "GETUP", "actuators": ["a_Torso_pitch_62", "a_Torso_roll_63", "a_Torso_yaw_64", "a_Head_pitch_65", "a_Head_roll_66", "a_Head_yaw_67", "a_ThighL_pitch_68", "a_ThighL_roll_69", "a_ThighL_yaw_70", "a_ShinL_pitch_71", "a_FootL_pitch_72", "a_FootL_roll_73", "a_ThighR_pitch_74", "a_ThighR_roll_75", "a_ThighR_yaw_76", "a_ShinR_pitch_77", "a_FootR_pitch_78", "a_FootR_roll_79", "a_UpperArmL_pitch_80", "a_UpperArmL_roll_81", "a_UpperArmL_yaw_82", "a_ForearmL_pitch_83", "a_GloveL_pitch_84", "a_GloveL_yaw_85", "a_UpperArmR_pitch_86", "a_UpperArmR_roll_87", "a_UpperArmR_yaw_88", "a_ForearmR_pitch_89", "a_GloveR_pitch_90", "a_GloveR_yaw_91"], "max_torque_nm": [150.0, 100.0, 60.0, 15.0, 10.0, 8.0, 200.0, 80.0, 40.0, 200.0, 71.79858731259596, 20.0, 200.0, 80.0, 40.0, 200.0, 120.0, 20.0, 60.0, 60.0, 25.0, 12.220602390530768, 10.0, 5.0, 60.0, 60.0, 25.0, 60.0, 10.0, 5.0], "max_joint_speed_rad_s": [4.288816646394579, 7.0231629009292345, 4.722121917354108, 7.468705921417936, 13.672609187682175, 3.9660579581394155, 13.527632984177913, 5.378122742653586, 10.747003951335342, 18.577774872249993, 5.480267136652567, 3.9284264132592943, 12.072054675830607, 6.26313761864407, 11.283550201728863, 19.12753306857949, 18.186096144074874, 6.707190952378202, 14.859417466393916, 9.220841300851452, 7.5186526841518635, 3.8644518568440147, 5.781584243456539, 2.222321224235797, 16.285431078851605, 20.52523526211649, 11.756630441083818, 18.8718474608014, 4.4989005921584555, 7.999463522712326]}

################################################################################
                    [1m Learning iteration 30155/45000 [0m                    

                       Computation: 43594 steps/s (collection: 1.655s, learning 0.600s)
             Mean action noise std: 28.33
          Mean value_function loss: 0.0104
               Mean surrogate loss: -0.0027
                 Mean entropy loss: 138.5764
                       Mean reward: 57.23
               Mean episode length: 727.91
               Metrics/speed_ratio: 0.9981
       Metrics/drift_when_standing: 0.1763
          Metrics/upright_fraction: 0.9205
               Metrics/alternation: 0.9907
            Metrics/single_support: 0.9948
                    Metrics/facing: 0.9917
     Metrics/planted_when_standing: 0.8512
            Metrics/foot_clearance: 0.2140
                    Metrics/height: 0.7929
                 Metrics/fall_rate: 0.1985
   Metrics/standing_world_fraction: 0.4229
        Metrics/fall_rate_standing: 0.4694
          Metrics/fall_rate_moving: 0.0000
                  Metrics/tilt_deg: 15.0702
        Metrics/actuator_force_abs: 21.2287
        Metrics/actuator_force_max: 127.3855
               Metrics/action_cost: 0.9815
               Metrics/action_rate: 0.2781
           Metrics/joint_accel_abs: 41.3061
           Metrics/hinge_speed_max: 10.7231
       Metrics/over_speed_fraction: 0.0598
            Metrics/track_err_frac: 0.1133
        Metrics/track_within_10pct: 0.6115
           Metrics/overlift_factor: 0.2560
      Metrics/getup_world_fraction: 0.2307
        Metrics/getup_success_rate: 0.0789
          Metrics/getup_risen_rate: 0.1204
           Metrics/getup_time_mean: 2.0803
            Metrics/getup_progress: 0.5193
       Metrics/getup_milestone_sit: 0.7358
    Metrics/getup_milestone_crouch: 0.2449
--------------------------------------------------------------------------------
                   Total timesteps: 15433728
                    Iteration time: 2.25s
                      Time elapsed: 00:05:27
                               ETA: 08:35:45

################################################################################
                    [1m Learning iteration 30156/45000 [0m                    

                       Computation: 42601 steps/s (collection: 1.695s, learning 0.612s)
             Mean action noise std: 28.33
          Mean value_function loss: 0.0182
               Mean surrogate loss: -0.0057
                 Mean entropy loss: 138.5765
                       Mean reward: 54.12
               Mean episode length: 721.14
               Metrics/speed_ratio: 0.9953
       Metrics/drift_when_standing: 0.1728
          Metrics/upright_fraction: 0.9233
               Metrics/alternation: 0.9900
            Metrics/single_support: 0.9948
                    Metrics/facing: 0.9915
     Metrics/planted_when_standing: 0.8552
            Metrics/foot_clearance: 0.2132
                    Metrics/height: 0.7930
                 Metrics/fall_rate: 0.1980
   Metrics/standing_world_fraction: 0.4226
        Metrics/fall_rate_standing: 0.4685
          Metrics/fall_rate_moving: 0.0000
                  Metrics/tilt_deg: 14.9124
        Metrics/actuator_force_abs: 21.2578
        Metrics/actuator_force_max: 127.5842
               Metrics/action_cost: 0.9815
               Metrics/action_rate: 0.2781
           Metrics/joint_accel_abs: 41.2692
           Metrics/hinge_speed_max: 10.7123
       Metrics/over_speed_fraction: 0.0597
            Metrics/track_err_frac: 0.1137
        Metrics/track_within_10pct: 0.6138
           Metrics/overlift_factor: 0.2563
      Metrics/getup_world_fraction: 0.2305
        Metrics/getup_success_rate: 0.0784
          Metrics/getup_risen_rate: 0.1205
           Metrics/getup_time_mean: 2.0773
            Metrics/getup_progress: 0.5200
       Metrics/getup_milestone_sit: 0.7450
    Metrics/getup_milestone_crouch: 0.2415
--------------------------------------------------------------------------------
                   Total timesteps: 15532032
                    Iteration time: 2.31s
                      Time elapsed: 00:05:29
                               ETA: 08:36:04

################################################################################
                    [1m Learning iteration 30157/45000 [0m                    

                       Computation: 43046 steps/s (collection: 1.689s, learning 0.594s)
             Mean action noise std: 28.33
          Mean value_function loss: 0.0111
               Mean surrogate loss: -0.0057
                 Mean entropy loss: 138.5767
                       Mean reward: 52.41
               Mean episode length: 755.78
               Metrics/speed_ratio: 0.9895
       Metrics/drift_when_standing: 0.1745
          Metrics/upright_fraction: 0.9263
               Metrics/alternation: 0.9870
            Metrics/single_support: 0.9942
                    Metrics/facing: 0.9914
     Metrics/planted_when_standing: 0.8555
            Metrics/foot_clearance: 0.2138
                    Metrics/height: 0.7951
                 Metrics/fall_rate: 0.1957
   Metrics/standing_world_fraction: 0.4226
        Metrics/fall_rate_standing: 0.4631
          Metrics/fall_rate_moving: 0.0000
                  Metrics/tilt_deg: 14.8006
        Metrics/actuator_force_abs: 21.2832
        Metrics/actuator_force_max: 127.6408
               Metrics/action_cost: 0.9814
               Metrics/action_rate: 0.2778
           Metrics/joint_accel_abs: 41.3850
           Metrics/hinge_speed_max: 10.6821
       Metrics/over_speed_fraction: 0.0597
            Metrics/track_err_frac: 0.1144
        Metrics/track_within_10pct: 0.6071
           Metrics/overlift_factor: 0.2573
      Metrics/getup_world_fraction: 0.2290
        Metrics/getup_success_rate: 0.0812
          Metrics/getup_risen_rate: 0.1290
           Metrics/getup_time_mean: 2.0772
            Metrics/getup_progress: 0.5239
       Metrics/getup_milestone_sit: 0.7488
    Metrics/getup_milestone_crouch: 0.2444
--------------------------------------------------------------------------------
                   Total timesteps: 15630336
                    Iteration time: 2.28s
                      Time elapsed: 00:05:31
                               ETA: 08:36:20

################################################################################
                    [1m Learning iteration 30158/45000 [0m                    

                       Computation: 45259 steps/s (collection: 1.566s, learning 0.606s)
             Mean action noise std: 28.33
          Mean value_function loss: 0.0107
               Mean surrogate loss: -0.0035
                 Mean entropy loss: 138.5776
                       Mean reward: 50.11
               Mean episode length: 689.02
               Metrics/speed_ratio: 0.9962
       Metrics/drift_when_standing: 0.1801
          Metrics/upright_fraction: 0.9237
               Metrics/alternation: 0.9886
            Metrics/single_support: 0.9942
                    Metrics/facing: 0.9916
     Metrics/planted_when_standing: 0.8496
            Metrics/foot_clearance: 0.2161
                    Metrics/height: 0.7980
                 Metrics/fall_rate: 0.1912
   Metrics/standing_world_fraction: 0.4216
        Metrics/fall_rate_standing: 0.4535
          Metrics/fall_rate_moving: 0.0000
                  Metrics/tilt_deg: 14.8543
        Metrics/actuator_force_abs: 21.2892
        Metrics/actuator_force_max: 127.5825
               Metrics/action_cost: 0.9813
               Metrics/action_rate: 0.2777
           Metrics/joint_accel_abs: 41.4034
           Metrics/hinge_speed_max: 10.7661
       Metrics/over_speed_fraction: 0.0603
            Metrics/track_err_frac: 0.1148
        Metrics/track_within_10pct: 0.6112
           Metrics/overlift_factor: 0.2580
      Metrics/getup_world_fraction: 0.2250
        Metrics/getup_success_rate: 0.0791
          Metrics/getup_risen_rate: 0.1329
           Metrics/getup_time_mean: 2.0819
            Metrics/getup_progress: 0.5286
       Metrics/getup_milestone_sit: 0.7505
    Metrics/getup_milestone_crouch: 0.2492
--------------------------------------------------------------------------------
                   Total timesteps: 15728640
                    Iteration time: 2.17s
                      Time elapsed: 00:05:34
                               ETA: 08:36:26
NICK_WATCH 33 | BALANCE | cmd=0.00 measured=-0.003 m/s distance=0.077 m alternation=0.000 switches=0 clearance=0.010 m down=0/500 steps falls=0
NICK_PHYSICS {"mode": "BALANCE", "actuators": ["a_Torso_pitch_62", "a_Torso_roll_63", "a_Torso_yaw_64", "a_Head_pitch_65", "a_Head_roll_66", "a_Head_yaw_67", "a_ThighL_pitch_68", "a_ThighL_roll_69", "a_ThighL_yaw_70", "a_ShinL_pitch_71", "a_FootL_pitch_72", "a_FootL_roll_73", "a_ThighR_pitch_74", "a_ThighR_roll_75", "a_ThighR_yaw_76", "a_ShinR_pitch_77", "a_FootR_pitch_78", "a_FootR_roll_79", "a_UpperArmL_pitch_80", "a_UpperArmL_roll_81", "a_UpperArmL_yaw_82", "a_ForearmL_pitch_83", "a_GloveL_pitch_84", "a_GloveL_yaw_85", "a_UpperArmR_pitch_86", "a_UpperArmR_roll_87", "a_UpperArmR_yaw_88", "a_ForearmR_pitch_89", "a_GloveR_pitch_90", "a_GloveR_yaw_91"], "max_torque_nm": [150.0, 100.0, 60.0, 15.0, 10.0, 8.0, 200.0, 80.0, 40.0, 200.0, 120.0, 20.0, 200.0, 80.0, 40.0, 200.0, 120.0, 20.0, 60.0, 34.9066, 25.0, 0.33197013842027767, 10.0, 5.0, 60.0, 35.67695413329098, 25.0, 60.0, 10.0, 5.0], "max_joint_speed_rad_s": [4.500739236171276, 3.9630372279560087, 6.5213540367176215, 5.197021555125737, 3.2223830007739864, 3.4225018509448186, 6.390720987350891, 5.085822424300579, 8.911599997254116, 13.801238351566907, 18.41848822864068, 6.133645043526786, 9.791607888126766, 4.550318131026858, 8.423019642758995, 20.389356974834357, 18.25406399898852, 4.8295386393811155, 10.678126506254351, 2.7531574614553196, 4.150631313035861, 0.08981053194449055, 4.294185043765504, 2.047900703723634, 10.082454954436091, 2.7745871592445175, 5.2128116696529885, 5.308235411353088, 3.839211844049592, 1.708325223733416]}
