iter,hours,steps,sps,kl,lr,std,value_loss,assist,ep_return,floored_share,height,power,reward_per_step,rt_act,rt_energy,rt_face,rt_feet,rt_head,rt_height,rt_limit,rt_pose,rt_qvel,rt_rate,rt_still,rt_stood,rt_upright,time_to_stand,time_to_stand_unaided,unaided_ends,up_ema,up_rate,up_rate_from_floor,up_rate_unaided,upright
0,0.0013,8192,1819,0.66664,5.79e-04,0.4993,937.2395,0.60400,0.00000,0.08333,0.90115,658.09720,0.56136,-0.01428,-0.06555,0.06935,-0.01190,0.52895,0.89859,-0.03172,0.10692,-0.00394,-0.05818,0.01576,0.08942,0.38149,0.00000,0.00000,0.00000,0.00110,0.00000,0.00000,0.00000,0.90743
1,0.0026,16384,1744,0.10734,3.35e-04,0.4991,481.6617,0.60400,58.93473,0.42857,0.54365,1503.95016,0.79512,-0.01750,-0.14778,0.08997,-0.01842,0.29468,0.53863,-0.03219,0.13789,-0.03099,-0.06208,0.01807,0.12018,0.29174,0.00000,0.00000,1.00000,0.00110,0.42857,0.00000,0.00000,0.45868
2,0.0038,24576,1826,0.01376,3.35e-04,0.4990,440.7367,0.60800,32.59142,0.78947,0.43592,1870.58474,0.67579,-0.01849,-0.18334,0.07246,-0.01690,0.25052,0.43144,-0.03578,0.12174,-0.04872,-0.06453,0.01577,0.10577,0.26943,0.00000,0.00000,2.00000,0.00099,0.15789,0.00000,0.00000,0.34713
3,0.0051,32768,1789,0.00517,5.79e-04,0.4989,400.7625,0.60800,56.77331,0.84211,0.43273,2557.87881,0.60076,-0.01955,-0.25061,0.05568,-0.01585,0.25537,0.42964,-0.04503,0.10606,-0.06430,-0.07264,0.01183,0.09363,0.26600,0.50000,0.00000,1.00000,0.00099,0.10526,0.00000,0.00000,0.33002
4,0.0064,40960,1771,0.00653,8.33e-04,0.4989,396.9991,0.61200,103.92658,0.75000,0.43079,2727.58201,0.57065,-0.01928,-0.26604,0.04726,-0.01218,0.26308,0.42797,-0.04955,0.09320,-0.07874,-0.07391,0.01223,0.08093,0.26458,1.20000,0.00000,0.00000,0.00089,0.12500,0.00000,0.00000,0.32292
5,0.0076,49152,1799,0.00939,1.00e-03,0.4989,317.3461,0.61200,106.09923,0.88889,0.40689,2714.51503,0.50802,-0.01950,-0.26640,0.04163,-0.01157,0.25310,0.40519,-0.05189,0.08098,-0.07437,-0.07664,0.01012,0.07019,0.26091,0.50000,0.50000,5.00000,0.00089,0.05556,0.00000,0.00000,0.30457
6,0.0090,57344,1746,0.00668,1.44e-03,0.4988,282.6024,0.61600,117.55604,0.90476,0.38592,2614.44989,0.46928,-0.01995,-0.25610,0.03965,-0.01065,0.24686,0.38391,-0.05399,0.07413,-0.07592,-0.07187,0.00865,0.06519,0.25888,0.50000,0.50000,3.00000,0.00080,0.09524,0.00000,0.00000,0.29440
7,0.0103,65536,1660,0.00829,2.07e-03,0.4988,392.2342,0.62000,42.96546,1.00000,0.38907,2534.49646,0.44312,-0.01901,-0.24808,0.03766,-0.00973,0.25221,0.38764,-0.05073,0.06707,-0.07467,-0.07276,0.00943,0.05939,0.26219,0.66667,0.50000,3.00000,0.00072,0.00000,0.00000,0.00000,0.31097
8,0.0116,73728,1757,0.00870,2.99e-03,0.4989,293.1699,0.62000,168.81967,0.87500,0.36871,2504.99920,0.42602,-0.01914,-0.24566,0.03527,-0.00757,0.23718,0.36746,-0.05204,0.06131,-0.05700,-0.07162,0.00830,0.05145,0.25559,0.50000,0.00000,1.00000,0.00072,0.06250,0.00000,0.00000,0.27793
9,0.0130,81920,1620,0.01950,2.07e-03,0.4989,308.5509,0.62400,-25.38865,1.00000,0.33561,2483.44235,0.37493,-0.01951,-0.24361,0.02935,-0.00858,0.22193,0.33436,-0.05287,0.05179,-0.06594,-0.07015,0.00715,0.04425,0.24879,0.00000,0.00000,0.00000,0.00065,0.00000,0.00000,0.00000,0.24394
10,0.0143,90112,1772,0.01326,2.49e-03,0.4990,203.8203,0.62400,186.53757,0.93750,0.33433,2635.92840,0.32859,-0.01938,-0.25778,0.02364,-0.00598,0.22001,0.33305,-0.05400,0.04110,-0.06184,-0.07205,0.00601,0.03644,0.24444,0.50000,0.00000,2.00000,0.00065,0.00000,0.00000,0.00000,0.22221
11,0.0156,98304,1766,0.01797,2.07e-03,0.4990,159.3657,0.62800,299.98638,1.00000,0.33715,2430.34538,0.35053,-0.01935,-0.23874,0.02441,-0.00626,0.22645,0.33605,-0.05675,0.04070,-0.04153,-0.06831,0.00468,0.03534,0.24763,0.50000,0.00000,2.00000,0.00058,0.00000,0.00000,0.00000,0.23813
12,0.0169,106496,1755,0.01045,2.49e-03,0.4990,139.2180,0.62800,202.32477,0.94444,0.30798,2429.79692,0.29694,-0.01945,-0.23895,0.02181,-0.00564,0.21368,0.30713,-0.05604,0.03908,-0.07080,-0.07034,0.00531,0.03271,0.24015,0.91143,0.50000,2.00000,0.00058,0.00000,0.00000,0.00000,0.20077
13,0.0182,114688,1718,0.01771,1.73e-03,0.4990,169.4263,0.63200,186.40450,1.00000,0.32804,2371.23257,0.34312,-0.01949,-0.23294,0.02298,-0.00542,0.22203,0.32698,-0.05539,0.04060,-0.03792,-0.06816,0.00543,0.03558,0.24160,0.50000,0.00000,0.00000,0.00053,0.00000,0.00000,0.00000,0.20800
14,0.0195,122880,1797,0.05075,1.73e-03,0.4990,158.5328,0.63200,203.59354,1.00000,0.31506,2336.80645,0.31979,-0.01904,-0.22928,0.01844,-0.00475,0.21632,0.31385,-0.05460,0.03365,-0.03724,-0.06766,0.00437,0.02954,0.23830,0.50000,0.00000,1.00000,0.00053,0.00000,0.00000,0.00000,0.19149
15,0.0208,131072,1802,0.03444,1.20e-03,0.4990,134.2681,0.63600,186.45076,1.00000,0.32432,2340.46053,0.38207,-0.01855,-0.22996,0.02385,-0.00596,0.22215,0.32263,-0.05348,0.04485,-0.03834,-0.06604,0.00531,0.03857,0.24091,0.50000,0.00000,1.00000,0.00047,0.00000,0.00000,0.00000,0.20457
16,0.0221,139264,1781,0.02392,8.33e-04,0.4991,122.4687,0.63600,187.66092,1.00000,0.33034,2359.77800,0.38462,-0.01886,-0.23223,0.02274,-0.00719,0.22318,0.32892,-0.05400,0.04477,-0.04080,-0.06726,0.00561,0.04059,0.24215,0.50000,0.00000,3.00000,0.00047,0.00000,0.00000,0.00000,0.21077
17,0.0233,147456,1848,0.01708,6.94e-04,0.4991,91.4668,0.64000,268.16819,0.91667,0.32283,2329.71205,0.38428,-0.01948,-0.22915,0.02172,-0.00554,0.22555,0.32186,-0.05660,0.04007,-0.03396,-0.06580,0.00457,0.03613,0.24120,0.58000,0.00000,0.00000,0.00043,0.08333,0.00000,0.00000,0.20598
18,0.0246,155648,1788,0.01045,8.33e-04,0.4991,156.0423,0.64400,132.46576,1.00000,0.32456,2293.02256,0.40711,-0.01915,-0.22589,0.02821,-0.00592,0.22855,0.32325,-0.05466,0.04496,-0.03392,-0.06581,0.00559,0.03925,0.24304,1.20333,0.50000,2.00000,0.00038,0.00000,0.00000,0.00000,0.21518
19,0.0258,163840,1870,0.01044,1.00e-03,0.4991,139.6523,0.64800,200.39232,0.95455,0.34430,2372.07544,0.42923,-0.01820,-0.23359,0.03291,-0.00595,0.23635,0.34258,-0.05201,0.05497,-0.04736,-0.06662,0.00720,0.04755,0.24545,0.50000,0.50000,1.00000,0.00034,0.00000,0.00000,0.00000,0.22725
20,0.0271,172032,1774,0.01174,1.00e-03,0.4991,114.6958,0.64800,193.36154,1.00000,0.34761,2316.69748,0.47238,-0.01840,-0.22811,0.03275,-0.00929,0.23952,0.34636,-0.05349,0.05961,-0.03201,-0.06481,0.00808,0.05261,0.24957,1.29333,0.00000,2.00000,0.00034,0.00000,0.00000,0.00000,0.24784
21,0.0283,180224,1856,0.01068,1.20e-03,0.4991,158.2195,0.65200,190.44496,1.00000,0.35485,2368.37742,0.45207,-0.01836,-0.23276,0.03054,-0.00883,0.24074,0.35373,-0.05273,0.05686,-0.04872,-0.06646,0.00756,0.04944,0.24814,0.59200,0.50000,4.00000,0.00031,0.00000,0.00000,0.00000,0.24071
22,0.0296,188416,1787,0.02272,6.94e-04,0.4991,137.4755,0.65600,161.32043,1.00000,0.36647,2430.24090,0.48555,-0.01827,-0.23906,0.03489,-0.00714,0.24874,0.36470,-0.05040,0.06043,-0.04499,-0.06727,0.00780,0.05334,0.25133,0.78000,0.50000,3.00000,0.00028,0.00000,0.00000,0.00000,0.25666
23,0.0309,196608,1806,0.00867,1.00e-03,0.4991,157.6129,0.66000,216.53603,1.00000,0.39731,2385.29521,0.47677,-0.01885,-0.23417,0.03230,-0.00811,0.26355,0.39569,-0.05221,0.05772,-0.04802,-0.06547,0.00791,0.05237,0.25901,0.68000,0.50000,2.00000,0.00025,0.00000,0.00000,0.00000,0.29507
24,0.0321,204800,1806,0.01315,1.00e-03,0.4991,131.0655,0.66000,198.93440,1.00000,0.36432,2317.44771,0.44637,-0.01901,-0.22839,0.02782,-0.00524,0.24382,0.36287,-0.05257,0.04988,-0.03434,-0.06608,0.00642,0.04352,0.25242,1.12800,0.00000,1.00000,0.00025,0.00000,0.00000,0.00000,0.26211
25,0.0334,212992,1750,0.03704,6.94e-04,0.4991,117.6249,0.66400,178.22712,1.00000,0.34167,2356.94961,0.43682,-0.01912,-0.23144,0.02773,-0.00691,0.23265,0.33994,-0.05293,0.05233,-0.05215,-0.06605,0.00762,0.04773,0.24726,0.50667,0.00000,1.00000,0.00023,0.00000,0.00000,0.00000,0.23631
26,0.0347,221184,1811,0.02035,4.82e-04,0.4991,103.1595,0.66800,125.82590,1.00000,0.35663,2338.11162,0.47733,-0.01936,-0.23004,0.02906,-0.00812,0.24485,0.35527,-0.05429,0.05230,-0.02990,-0.06524,0.00783,0.04742,0.25329,0.50000,0.50000,2.00000,0.00020,0.00000,0.00000,0.00000,0.26644
27,0.0360,229376,1773,0.01053,6.94e-04,0.4992,115.2959,0.66800,253.73484,1.00000,0.35598,2425.66687,0.42421,-0.01943,-0.23787,0.02441,-0.00583,0.24644,0.35492,-0.05485,0.04202,-0.04005,-0.06739,0.00546,0.03619,0.25392,0.50000,0.00000,1.00000,0.00020,0.00000,0.00000,0.00000,0.26960
28,0.0373,237568,1709,0.01488,5.79e-04,0.4992,107.0097,0.67200,147.73031,1.00000,0.35162,2396.31881,0.39658,-0.01916,-0.23522,0.02394,-0.00658,0.24341,0.35062,-0.05554,0.04026,-0.05099,-0.06745,0.00498,0.03448,0.25215,1.64500,0.00000,2.00000,0.00018,0.00000,0.00000,0.00000,0.26076
29,0.0386,245760,1754,0.01684,4.82e-04,0.4993,124.2982,0.67200,221.92474,1.00000,0.36735,2293.54609,0.48407,-0.01969,-0.22593,0.02713,-0.00643,0.25048,0.36568,-0.05678,0.04995,-0.02839,-0.06440,0.00675,0.04468,0.25712,1.38400,0.00000,0.00000,0.00018,0.00000,0.00000,0.00000,0.28558
30,0.0399,253952,1729,0.01644,4.02e-04,0.4993,112.9332,0.67600,272.34519,0.93333,0.36330,2277.21401,0.46161,-0.02058,-0.22354,0.02449,-0.00798,0.24885,0.36187,-0.05978,0.04687,-0.03916,-0.06425,0.00656,0.04321,0.25834,0.50000,0.00000,2.00000,0.00016,0.06667,0.00000,0.00000,0.29168
31,0.0413,262144,1744,0.02123,2.79e-04,0.4993,86.3478,0.67600,208.31913,1.00000,0.36957,2321.69393,0.47708,-0.02057,-0.22808,0.02301,-0.00593,0.24780,0.36817,-0.06232,0.04590,-0.02231,-0.06460,0.00644,0.04279,0.25684,0.70000,0.00000,0.00000,0.00016,0.00000,0.00000,0.00000,0.28418
32,0.0426,270336,1714,0.01864,1.94e-04,0.4994,109.8583,0.68000,144.06316,1.00000,0.37511,2335.53508,0.49776,-0.02108,-0.22956,0.02290,-0.00699,0.25439,0.37363,-0.06273,0.04514,-0.02900,-0.06456,0.00604,0.04169,0.26148,0.50000,0.50000,3.00000,0.00015,0.00000,0.00000,0.00000,0.30740
33,0.0439,278528,1706,0.01551,1.62e-04,0.4994,98.1558,0.68400,323.61799,1.00000,0.37552,2332.95450,0.49635,-0.02126,-0.22960,0.02074,-0.00564,0.25971,0.37406,-0.06246,0.04410,-0.02776,-0.06473,0.00675,0.04266,0.26412,0.72750,0.50000,2.00000,0.00013,0.00000,0.00000,0.00000,0.32058
34,0.0453,286720,1705,0.01124,1.94e-04,0.4995,97.5215,0.68800,286.44461,1.00000,0.37920,2287.89097,0.46502,-0.02185,-0.22469,0.02073,-0.00578,0.25937,0.37766,-0.06242,0.04062,-0.03499,-0.06476,0.00638,0.03784,0.26239,0.50000,0.00000,1.00000,0.00012,0.00000,0.00000,0.00000,0.31193
35,0.0466,294912,1714,0.00988,2.79e-04,0.4995,123.1998,0.69200,283.00458,0.94444,0.38881,2322.98171,0.45810,-0.02166,-0.22789,0.02071,-0.00569,0.26182,0.38681,-0.06119,0.04271,-0.04391,-0.06740,0.00586,0.03931,0.26432,1.15200,0.00000,0.00000,0.00011,0.00000,0.00000,0.00000,0.32160
36,0.0479,303104,1737,0.00650,4.02e-04,0.4996,120.5776,0.69200,333.12455,0.94118,0.38546,2280.51090,0.54689,-0.02191,-0.22418,0.03145,-0.00822,0.26293,0.38364,-0.06229,0.05903,-0.02923,-0.06669,0.00808,0.05463,0.26398,1.21714,0.50000,5.00000,0.00011,0.05882,0.09091,0.00000,0.31992
37,0.0492,311296,1702,0.00912,5.79e-04,0.4996,141.0166,0.69600,312.35997,1.00000,0.40392,2371.17654,0.55309,-0.02063,-0.23244,0.03207,-0.00895,0.27585,0.40236,-0.05848,0.05459,-0.03196,-0.06651,0.00726,0.04858,0.27106,0.73714,0.50000,1.00000,0.00843,0.07143,0.07692,0.00000,0.35528
38,0.0506,319488,1715,0.00953,6.94e-04,0.4997,167.3725,0.70000,188.53820,1.00000,0.43037,2340.75112,0.59247,-0.02105,-0.22973,0.03556,-0.00713,0.28776,0.42828,-0.05962,0.05867,-0.03844,-0.06537,0.00746,0.05133,0.27685,0.73750,0.50000,5.00000,0.00759,0.00000,0.00000,0.00000,0.38426
39,0.0519,327680,1718,0.01354,8.33e-04,0.4998,150.4850,0.70400,181.20878,1.00000,0.44228,2338.25315,0.63111,-0.02142,-0.22966,0.03842,-0.00888,0.29454,0.44061,-0.05840,0.06555,-0.04344,-0.06535,0.00996,0.05688,0.28123,1.18000,0.00000,1.00000,0.00683,0.00000,0.00000,0.00000,0.40613
40,0.0533,335872,1601,0.01189,8.33e-04,0.4999,120.4112,0.70400,297.33093,1.00000,0.43272,2416.66203,0.59900,-0.02115,-0.23636,0.03110,-0.00807,0.29136,0.43097,-0.05685,0.05839,-0.05612,-0.06634,0.00826,0.05426,0.28010,1.48000,0.00000,0.00000,0.00683,0.00000,0.00000,0.00000,0.40051
41,0.0547,344064,1634,0.01354,8.33e-04,0.5000,132.4777,0.70800,345.03711,1.00000,0.40432,2347.20077,0.57342,-0.02178,-0.23042,0.02389,-0.00641,0.27948,0.40294,-0.05881,0.04865,-0.03236,-0.06493,0.00630,0.04468,0.27523,2.04667,0.00000,1.00000,0.01484,0.13333,0.14286,0.00000,0.37617
42,0.0562,352256,1578,0.01536,8.33e-04,0.5000,121.3728,0.71200,175.09081,1.00000,0.42057,2336.52459,0.55705,-0.02151,-0.22931,0.02640,-0.00672,0.29095,0.41946,-0.05892,0.04929,-0.04610,-0.06626,0.00661,0.04486,0.28255,0.50000,0.00000,2.00000,0.01336,0.00000,0.00000,0.00000,0.41277
43,0.0575,360448,1665,0.01198,8.33e-04,0.5001,100.3016,0.71200,175.64848,1.00000,0.42172,2310.68939,0.60307,-0.02194,-0.22694,0.02465,-0.01059,0.29168,0.42053,-0.06058,0.05110,-0.04000,-0.06542,0.00688,0.04816,0.28250,0.50000,0.00000,3.00000,0.01336,0.00000,0.00000,0.00000,0.41252
44,0.0590,368640,1622,0.01132,1.00e-03,0.5001,146.5665,0.71600,336.18135,1.00000,0.44367,2276.50186,0.62555,-0.02156,-0.22405,0.02509,-0.00857,0.29997,0.44230,-0.05873,0.05259,-0.04032,-0.06559,0.00769,0.04926,0.28659,0.83750,0.00000,0.00000,0.01202,0.00000,0.00000,0.00000,0.43293
45,0.0603,376832,1651,0.01810,1.00e-03,0.5001,133.4977,0.71600,270.03030,1.00000,0.46240,2339.20761,0.69823,-0.02250,-0.22975,0.03695,-0.00929,0.31005,0.45997,-0.06339,0.06483,-0.02578,-0.06492,0.00792,0.05853,0.29105,1.20800,0.00000,1.00000,0.01202,0.00000,0.00000,0.00000,0.45526
46,0.0618,385024,1587,0.01014,1.44e-03,0.5001,159.1914,0.72000,345.10728,1.00000,0.47313,2348.04994,0.70827,-0.02249,-0.23017,0.03604,-0.00902,0.31325,0.47097,-0.06153,0.06537,-0.03827,-0.06587,0.00910,0.06134,0.29398,2.19600,0.00000,1.00000,0.01082,0.00000,0.00000,0.00000,0.46992
47,0.0631,393216,1710,0.01434,1.20e-03,0.5001,190.7209,0.72000,354.35108,0.91667,0.48231,2320.68959,0.79163,-0.02278,-0.22788,0.04605,-0.01181,0.31754,0.47873,-0.06300,0.08351,-0.03615,-0.06524,0.01143,0.07782,0.29436,1.01500,0.00000,2.00000,0.01082,0.00000,0.00000,0.00000,0.47178
48,0.0645,401408,1652,0.01674,8.33e-04,0.5000,182.7267,0.72400,284.54928,1.00000,0.48759,2236.63125,0.84661,-0.02241,-0.22053,0.05093,-0.01125,0.32688,0.48489,-0.06383,0.09195,-0.02555,-0.06497,0.01234,0.08228,0.29860,1.34000,0.00000,1.00000,0.00974,0.00000,0.00000,0.00000,0.49298
49,0.0659,409600,1662,0.01672,8.33e-04,0.5000,152.6794,0.72800,303.42834,1.00000,0.50198,2287.92004,0.80403,-0.02276,-0.22493,0.03933,-0.01134,0.33213,0.49911,-0.06434,0.08241,-0.03946,-0.06486,0.01219,0.07721,0.30144,1.27429,0.50000,2.00000,0.01432,0.05000,0.05556,0.00000,0.50718
50,0.0673,417792,1617,0.01537,6.94e-04,0.5001,180.3479,0.73200,307.37791,1.00000,0.51356,2345.74769,0.77484,-0.02254,-0.23035,0.03242,-0.00967,0.33623,0.51084,-0.06160,0.07161,-0.04032,-0.06663,0.01096,0.07031,0.30354,0.97455,0.00000,1.00000,0.01289,0.00000,0.00000,0.00000,0.51771
51,0.0687,425984,1632,0.00849,1.00e-03,0.5001,148.4529,0.73200,430.83154,1.00000,0.52667,2256.30995,0.79662,-0.02357,-0.22111,0.03392,-0.00987,0.34380,0.52387,-0.06397,0.07135,-0.03209,-0.06463,0.01032,0.07025,0.30832,2.30571,0.00000,0.00000,0.01289,0.15385,0.15385,0.00000,0.54162
52,0.0701,434176,1613,0.01246,8.33e-04,0.5002,189.3965,0.73600,208.13425,1.00000,0.53229,2251.38230,0.85958,-0.02337,-0.22076,0.04093,-0.01234,0.34261,0.52937,-0.06108,0.08522,-0.03245,-0.06579,0.01216,0.08105,0.30919,1.70400,0.50000,6.00000,0.01960,0.00000,0.00000,0.00000,0.54595
53,0.0715,442368,1638,0.01645,6.94e-04,0.5003,190.7476,0.74000,381.79136,0.95000,0.53376,2275.05345,0.84842,-0.02382,-0.22314,0.03947,-0.01175,0.34189,0.52974,-0.06334,0.08444,-0.04075,-0.06409,0.01120,0.08319,0.30859,1.08667,0.50000,2.00000,0.01764,0.00000,0.00000,0.00000,0.54296
54,0.0729,450560,1596,0.01403,6.94e-04,0.5003,204.5911,0.74400,398.05598,0.95455,0.54247,2184.01769,0.83415,-0.02321,-0.21421,0.04346,-0.01341,0.35027,0.53898,-0.06294,0.08696,-0.03662,-0.06456,0.01182,0.08228,0.30933,2.01556,0.50000,3.00000,0.02143,0.04545,0.05556,0.00000,0.54665
55,0.0743,458752,1628,0.00773,1.00e-03,0.5004,186.7037,0.74400,285.66723,1.00000,0.54001,2247.64106,0.90820,-0.02230,-0.22065,0.05105,-0.01289,0.34754,0.53648,-0.05855,0.10251,-0.03099,-0.06558,0.01350,0.09521,0.30789,2.96400,0.00000,1.00000,0.02143,0.07143,0.07692,0.00000,0.53947
56,0.0757,466944,1657,0.01501,8.33e-04,0.5005,210.0173,0.74800,409.79945,1.00000,0.55060,2422.32952,0.91749,-0.02201,-0.23811,0.04777,-0.01268,0.35205,0.54671,-0.05909,0.09811,-0.05163,-0.06865,0.01445,0.09344,0.30773,1.44000,0.00000,0.00000,0.02345,0.00000,0.00000,0.00000,0.53866
57,0.0772,475136,1566,0.01008,1.00e-03,0.5005,230.8060,0.74800,429.82636,1.00000,0.58352,2504.64587,0.96532,-0.02184,-0.24590,0.04822,-0.01292,0.36792,0.57816,-0.05759,0.10011,-0.04116,-0.06900,0.01346,0.09399,0.31382,2.10600,0.50000,3.00000,0.02345,0.05556,0.06667,0.00000,0.56911
58,0.0786,483328,1527,0.01331,1.00e-03,0.5006,255.4698,0.75000,401.59997,0.92857,0.61620,2492.24739,1.02464,-0.02162,-0.24381,0.05060,-0.01435,0.38385,0.61069,-0.05877,0.11166,-0.04550,-0.07000,0.01521,0.10687,0.32013,1.01200,0.00000,1.00000,0.02481,0.00000,0.00000,0.00000,0.60063
59,0.0011,8192,2012,0.00401,1.73e-03,0.5006,562.9088,0.75000,7.16782,0.11765,0.89999,714.06579,0.63018,-0.01608,-0.07109,0.07568,-0.00913,0.53256,0.89585,-0.03202,0.12492,-0.00549,-0.05950,0.01697,0.09888,0.38210,0.00000,0.00000,0.00000,0.02481,0.05882,0.00000,0.00000,0.91051
60,0.0023,16384,1912,0.01069,2.07e-03,0.5006,257.9936,0.75000,43.18893,0.52941,0.54851,1551.65372,0.83367,-0.01873,-0.15233,0.09585,-0.01301,0.30297,0.54332,-0.03304,0.15062,-0.03063,-0.06184,0.02253,0.12927,0.29546,0.00000,0.00000,2.00000,0.02481,0.29412,0.00000,0.00000,0.47728
61,0.0035,24576,1916,0.01308,2.07e-03,0.5006,235.1490,0.75000,60.92581,0.66667,0.49766,1890.79248,0.77687,-0.02134,-0.18489,0.07376,-0.01732,0.27923,0.49329,-0.04045,0.12217,-0.04103,-0.06374,0.01676,0.11243,0.28353,0.00000,0.00000,0.00000,0.02233,0.22222,0.00000,0.00000,0.41764
62,0.0047,32768,1906,0.01146,2.07e-03,0.5006,283.4921,0.75000,102.64653,0.72727,0.53912,2520.23070,0.87091,-0.02123,-0.24622,0.06627,-0.01734,0.31510,0.53448,-0.04931,0.11686,-0.05484,-0.06982,0.01519,0.10883,0.29588,0.00000,0.00000,1.00000,0.02233,0.27273,0.00000,0.00000,0.47940
63,0.0059,40960,1901,0.03838,1.73e-03,0.5006,344.4289,0.75000,119.16228,0.75000,0.62693,2748.95917,1.06809,-0.02118,-0.26943,0.05778,-0.01799,0.37210,0.62175,-0.05036,0.13936,-0.04944,-0.07156,0.01898,0.13153,0.31579,0.00000,0.00000,1.00000,0.02010,0.20000,0.00000,0.00000,0.57897
64,0.0070,49152,2024,0.02248,1.20e-03,0.5007,315.4359,0.75000,138.10540,0.83333,0.69226,2803.70628,1.24699,-0.02212,-0.27421,0.06535,-0.02116,0.40548,0.68571,-0.05597,0.17038,-0.04556,-0.07327,0.02377,0.16382,0.32925,1.94000,0.00000,0.00000,0.02010,0.16667,0.20000,0.00000,0.64623
65,0.0082,57344,1961,0.02638,8.33e-04,0.5007,328.6939,0.75000,254.69683,0.71429,0.71779,2814.24110,1.32294,-0.02151,-0.27493,0.07900,-0.02641,0.42010,0.71059,-0.05475,0.18194,-0.05097,-0.07353,0.02627,0.17456,0.33604,1.59000,0.50000,2.00000,0.03475,0.21429,0.12500,0.00000,0.68021
66,0.0094,65536,1965,0.01252,1.00e-03,0.5007,292.7603,0.75000,244.94342,0.82353,0.71391,2670.92840,1.29874,-0.02256,-0.26090,0.07399,-0.02110,0.42218,0.70650,-0.05454,0.17732,-0.05362,-0.07188,0.02515,0.17084,0.33678,2.32857,0.00000,1.00000,0.03475,0.41176,0.38462,0.00000,0.68388
67,0.0106,73728,1908,0.05632,5.79e-04,0.5008,318.4538,0.75000,308.10784,0.81250,0.69413,2662.92170,1.23616,-0.02160,-0.26036,0.07999,-0.02276,0.41268,0.68761,-0.05486,0.17062,-0.06347,-0.07198,0.02542,0.16248,0.33236,1.61143,0.00000,3.00000,0.06606,0.37500,0.30000,0.00000,0.66181
68,0.0118,81920,1870,0.00555,8.33e-04,0.5008,250.9660,0.75000,373.38422,0.83333,0.69086,2572.93192,1.27391,-0.02130,-0.25195,0.08796,-0.02169,0.40845,0.68342,-0.05601,0.17770,-0.05346,-0.06972,0.02585,0.16754,0.32867,1.61833,0.00000,1.00000,0.06606,0.33333,0.21429,0.00000,0.64333
69,0.0129,90112,1973,0.00902,1.20e-03,0.5009,299.0507,0.75000,364.85254,0.92857,0.67471,2597.84977,1.28486,-0.02136,-0.25398,0.08688,-0.01972,0.40339,0.66776,-0.05722,0.17128,-0.04540,-0.06903,0.02526,0.16016,0.32549,2.54750,0.00000,2.00000,0.08346,0.28571,0.27273,0.00000,0.62744
70,0.0141,98304,1970,0.00876,1.73e-03,0.5009,199.5772,0.75000,429.70485,0.88235,0.66759,2450.25753,1.25339,-0.02149,-0.24087,0.07737,-0.01843,0.40493,0.66127,-0.05931,0.15775,-0.04020,-0.06654,0.02347,0.14771,0.32794,1.84545,0.00000,2.00000,0.08346,0.11765,0.15385,0.00000,0.63972
71,0.0153,106496,1937,0.01571,1.20e-03,0.5010,269.5401,0.75000,441.30298,0.88235,0.66296,2495.68892,1.17804,-0.02190,-0.24473,0.07191,-0.02031,0.40281,0.65802,-0.05928,0.14833,-0.04007,-0.06779,0.02304,0.13647,0.32817,2.13400,0.00000,4.00000,0.10011,0.29412,0.36364,0.00000,0.64085
72,0.0164,114688,1960,0.01102,1.44e-03,0.5011,265.9619,0.75000,557.63701,0.84615,0.66563,2474.88694,1.20709,-0.02272,-0.24323,0.06956,-0.02058,0.40267,0.65992,-0.06044,0.14159,-0.04375,-0.06672,0.01966,0.13458,0.32717,1.11429,0.50000,2.00000,0.10011,0.07692,0.00000,0.00000,0.63586
73,0.0176,122880,1940,0.01541,1.20e-03,0.5011,232.7730,0.75000,590.11125,1.00000,0.65964,2495.50902,1.19994,-0.02252,-0.24502,0.07031,-0.01614,0.39995,0.65360,-0.06008,0.13918,-0.03728,-0.06728,0.01926,0.13452,0.32482,2.33167,0.00000,1.00000,0.09919,0.14286,0.15385,0.00000,0.62410
74,0.0188,131072,1950,0.00791,1.73e-03,0.5012,241.7525,0.75000,609.27940,1.00000,0.65750,2406.39785,1.12077,-0.02189,-0.23574,0.06354,-0.01571,0.39822,0.65335,-0.05990,0.12871,-0.04279,-0.06634,0.01825,0.11981,0.32297,1.72240,0.50000,2.00000,0.09696,0.07143,0.07692,0.00000,0.61483
75,0.0200,139264,1916,0.01003,2.49e-03,0.5013,237.1512,0.75000,468.52179,1.00000,0.64739,2378.58838,1.12391,-0.02221,-0.23357,0.06694,-0.01628,0.38762,0.64311,-0.05978,0.13373,-0.03415,-0.06652,0.02041,0.12518,0.32016,3.64200,0.00000,2.00000,0.09696,0.06667,0.07692,0.00000,0.60078
76,0.0212,147456,1850,0.06654,1.44e-03,0.5013,287.3624,0.75000,570.43245,0.95455,0.64036,2371.30206,1.07761,-0.02275,-0.23287,0.05340,-0.01662,0.38640,0.63492,-0.06182,0.12587,-0.05304,-0.06616,0.01873,0.12408,0.31863,2.02714,0.50000,2.00000,0.09977,0.13636,0.15789,0.00000,0.59317
77,0.0224,155648,1897,0.00700,2.07e-03,0.5013,242.7649,0.75000,711.89453,0.90909,0.63448,2423.25111,1.07856,-0.02214,-0.23858,0.05736,-0.01896,0.38267,0.62901,-0.05927,0.12695,-0.04216,-0.06697,0.01844,0.12347,0.31650,2.46444,0.00000,0.00000,0.09977,0.18182,0.20000,0.00000,0.58249
78,0.0236,163840,1929,0.01975,1.73e-03,0.5013,236.5658,0.75000,587.51605,1.00000,0.62882,2435.74300,1.13913,-0.02163,-0.23951,0.07036,-0.01822,0.38452,0.62387,-0.05948,0.13866,-0.04642,-0.06668,0.02046,0.13202,0.31847,2.52000,0.50000,2.00000,0.10646,0.12500,0.14286,0.00000,0.59233
79,0.0248,172032,1853,0.01402,1.44e-03,0.5013,288.9029,0.75000,529.28961,0.93333,0.66232,2516.32815,1.22425,-0.02173,-0.24759,0.07875,-0.02407,0.39819,0.65612,-0.05578,0.15719,-0.02908,-0.06744,0.02226,0.14954,0.32393,2.76444,0.00000,0.00000,0.10646,0.13333,0.07143,0.00000,0.61967
80,0.0260,180224,1938,0.00551,2.07e-03,0.5013,247.4713,0.75000,542.80047,1.00000,0.67116,2456.19187,1.26222,-0.02345,-0.24118,0.07173,-0.02162,0.40284,0.66475,-0.06265,0.16286,-0.03177,-0.06662,0.02522,0.16327,0.32509,2.00600,0.00000,1.00000,0.09952,0.00000,0.00000,0.00000,0.62546
81,0.0272,188416,1879,0.03275,1.73e-03,0.5013,233.8310,0.75000,473.43613,1.00000,0.67909,2506.87176,1.25844,-0.02216,-0.24616,0.07019,-0.02416,0.40791,0.67279,-0.05773,0.16958,-0.04391,-0.06740,0.02658,0.16675,0.32511,1.51000,0.00000,1.00000,0.09952,0.00000,0.00000,0.00000,0.62555
82,0.0284,196608,1900,0.01018,2.07e-03,0.5013,279.2702,0.75000,451.23342,1.00000,0.69483,2463.88494,1.26711,-0.02105,-0.24205,0.07086,-0.02194,0.41220,0.68867,-0.05633,0.16224,-0.03899,-0.06719,0.02679,0.16101,0.32460,1.90889,0.00000,2.00000,0.10028,0.18750,0.21429,0.00000,0.62302
83,0.0297,204800,1855,0.00952,2.49e-03,0.5013,306.4858,0.75000,474.50621,1.00000,0.69463,2496.01194,1.28802,-0.02144,-0.24475,0.06960,-0.02271,0.41247,0.68928,-0.05886,0.16618,-0.03853,-0.06716,0.02763,0.16711,0.32952,1.60923,0.50000,2.00000,0.09551,0.04762,0.05263,0.00000,0.64761
84,0.0309,212992,1890,0.01339,2.07e-03,0.5013,256.8943,0.75000,757.59499,0.92857,0.69682,2398.24488,1.35264,-0.02089,-0.23555,0.08473,-0.02181,0.41510,0.68998,-0.05462,0.18026,-0.03825,-0.06596,0.03070,0.17572,0.32849,1.36000,0.50000,2.00000,0.09551,0.07143,0.00000,0.00000,0.64245
85,0.0320,221184,1938,0.01082,2.07e-03,0.5013,278.2854,0.75000,706.11781,0.88235,0.67780,2457.79899,1.29006,-0.02064,-0.24063,0.08928,-0.02075,0.40563,0.67251,-0.05345,0.16893,-0.04496,-0.06754,0.02721,0.16193,0.32291,2.31667,0.50000,3.00000,0.09466,0.11765,0.16667,0.00000,0.61453
86,0.0333,229376,1884,0.01066,2.49e-03,0.5014,319.8911,0.75000,750.91783,0.87500,0.68213,2509.75186,1.30521,-0.02025,-0.24699,0.08537,-0.02179,0.40996,0.67654,-0.05085,0.16558,-0.04360,-0.06730,0.02820,0.16370,0.32404,1.92615,0.50000,1.00000,0.09466,0.12500,0.15385,0.00000,0.62018
87,0.0344,237568,1980,0.01433,1.73e-03,0.5015,258.1089,0.75000,490.64138,0.92857,0.68594,2471.68146,1.24132,-0.02033,-0.24204,0.07960,-0.01824,0.41305,0.68124,-0.05006,0.15423,-0.06326,-0.06768,0.02479,0.14911,0.32481,1.17000,0.00000,5.00000,0.09472,0.07143,0.00000,0.00000,0.62407
88,0.0356,245760,1956,0.01371,1.44e-03,0.5016,260.5304,0.75000,584.53541,1.00000,0.66735,2417.53992,1.26266,-0.01996,-0.23674,0.08414,-0.02034,0.40056,0.66229,-0.05049,0.16473,-0.06818,-0.06604,0.02602,0.15948,0.32088,2.35667,0.00000,1.00000,0.09472,0.21429,0.23077,0.00000,0.60441
89,0.0368,253952,1826,0.01137,2.07e-03,0.5016,278.8128,0.75000,711.95817,0.82609,0.67119,2405.33131,1.24177,-0.02064,-0.23604,0.07363,-0.02083,0.40110,0.66581,-0.05340,0.15314,-0.05185,-0.06560,0.02277,0.14801,0.32171,2.38933,0.00000,1.00000,0.10460,0.26087,0.16667,0.00000,0.60856
90,0.0380,262144,1896,0.01374,1.73e-03,0.5016,261.8526,0.75000,661.64117,0.93750,0.68247,2378.84139,1.22937,-0.02077,-0.23384,0.07384,-0.02537,0.40670,0.67730,-0.05089,0.16468,-0.04560,-0.06763,0.02566,0.16101,0.32582,2.81833,0.50000,2.00000,0.10460,0.25000,0.23077,0.00000,0.62908
91,0.0393,270336,1758,0.01462,1.73e-03,0.5017,220.7058,0.75000,612.34818,1.00000,0.66878,2316.22490,1.19413,-0.02111,-0.22716,0.07349,-0.02010,0.39488,0.66308,-0.05024,0.15107,-0.04451,-0.06532,0.02445,0.14630,0.32179,1.93867,0.50000,3.00000,0.10485,0.00000,0.00000,0.00000,0.60893
92,0.0406,278528,1837,0.01451,1.44e-03,0.5017,251.2814,0.75000,696.59106,0.90909,0.66314,2313.76079,1.18289,-0.02169,-0.22690,0.06987,-0.02043,0.38631,0.65845,-0.05035,0.15488,-0.04108,-0.06666,0.02568,0.15576,0.32157,1.80941,0.00000,0.00000,0.10437,0.13636,0.10000,0.00000,0.60786
93,0.0419,286720,1741,0.01357,1.44e-03,0.5018,296.7293,0.75000,613.32372,0.90000,0.64481,2437.34573,1.17554,-0.02198,-0.23824,0.07209,-0.02273,0.37937,0.63967,-0.05473,0.15734,-0.05154,-0.06617,0.02511,0.15503,0.31921,2.14250,0.00000,1.00000,0.10437,0.20000,0.25000,0.00000,0.59605
94,0.0431,294912,1806,0.01174,1.44e-03,0.5019,212.4106,0.75000,655.09896,0.94737,0.65624,2501.25215,1.20250,-0.02208,-0.24521,0.07164,-0.02105,0.38902,0.64988,-0.05463,0.16135,-0.05203,-0.06833,0.02563,0.15997,0.32272,1.63647,0.50000,1.00000,0.11793,0.21053,0.23529,0.00000,0.61358
95,0.0443,303104,1894,0.01241,1.73e-03,0.5019,256.3666,0.75000,609.40833,1.00000,0.67674,2454.16367,1.22499,-0.02118,-0.24042,0.06422,-0.02265,0.40062,0.67145,-0.05438,0.16133,-0.03731,-0.06807,0.02623,0.15833,0.32742,2.49846,0.00000,0.00000,0.11793,0.13333,0.13333,0.00000,0.63709
96,0.0456,311296,1830,0.00907,2.07e-03,0.5020,290.9016,0.75000,487.40778,1.00000,0.68584,2480.62054,1.28989,-0.02133,-0.24281,0.07495,-0.02302,0.39941,0.67946,-0.05393,0.17108,-0.03744,-0.06730,0.02836,0.16864,0.32493,2.23429,0.00000,1.00000,0.11864,0.10000,0.11111,0.00000,0.62466
97,0.0468,319488,1817,0.01313,2.07e-03,0.5020,305.9943,0.75000,599.96834,0.87500,0.69085,2477.41277,1.29371,-0.02206,-0.24285,0.07566,-0.02340,0.40421,0.68507,-0.05341,0.16837,-0.03775,-0.06718,0.02815,0.16949,0.32529,1.73333,0.00000,2.00000,0.11864,0.12500,0.08333,0.00000,0.62646
98,0.0480,327680,1967,0.01578,1.44e-03,0.5021,261.8483,0.75000,725.18913,0.84211,0.70765,2538.96098,1.36333,-0.02142,-0.24871,0.08560,-0.02889,0.41203,0.70137,-0.05197,0.18767,-0.04346,-0.06819,0.03063,0.18408,0.32958,2.46769,0.00000,2.00000,0.13370,0.47368,0.42857,0.00000,0.64791
99,0.0491,335872,2092,0.01206,1.73e-03,0.5022,354.1244,0.75000,609.65452,1.00000,0.71998,2534.61025,1.37864,-0.02151,-0.24751,0.08757,-0.02484,0.42051,0.71515,-0.05189,0.19289,-0.05515,-0.06777,0.03128,0.18799,0.33388,1.99333,0.50000,2.00000,0.13908,0.16667,0.18750,0.00000,0.66942
100,0.0503,344064,1961,0.01130,2.07e-03,0.5023,277.9579,0.75000,650.92566,0.92308,0.71869,2523.39168,1.40438,-0.02090,-0.24721,0.10003,-0.02373,0.42297,0.71261,-0.05208,0.19170,-0.05004,-0.06762,0.03064,0.18365,0.33556,1.91818,0.00000,1.00000,0.13908,0.15385,0.18182,0.00000,0.67778
101,0.0514,352256,1972,0.01324,2.07e-03,0.5024,339.5136,0.75000,741.34696,0.83333,0.71652,2587.21219,1.34917,-0.02050,-0.25327,0.09079,-0.02856,0.41995,0.71171,-0.04977,0.18386,-0.05408,-0.06986,0.03040,0.17944,0.33454,1.49077,0.50000,3.00000,0.14256,0.27778,0.16667,0.00000,0.67270
102,0.0526,360448,1979,0.01005,2.99e-03,0.5025,269.5442,0.75000,545.80858,0.94737,0.70975,2501.32695,1.33331,-0.02151,-0.24505,0.08775,-0.02293,0.41333,0.70457,-0.05180,0.17824,-0.04095,-0.06824,0.02757,0.17401,0.33258,2.14714,0.00000,3.00000,0.14256,0.05263,0.06667,0.00000,0.66290
103,0.0537,368640,2032,0.01245,2.99e-03,0.5026,283.6840,0.75000,605.33632,1.00000,0.71308,2558.12185,1.32252,-0.02166,-0.25078,0.08508,-0.02356,0.41357,0.70732,-0.05165,0.17373,-0.05728,-0.06822,0.02751,0.17230,0.33325,1.66667,0.50000,3.00000,0.14135,0.18182,0.25000,0.00000,0.66625
104,0.0549,376832,1969,0.01219,2.99e-03,0.5027,299.2561,0.75000,818.22491,0.78571,0.70932,2556.73661,1.38311,-0.02166,-0.25040,0.09561,-0.02675,0.41256,0.70242,-0.05107,0.18577,-0.03858,-0.06759,0.03097,0.18420,0.33145,1.71800,0.00000,1.00000,0.14135,0.14286,0.10000,0.00000,0.65726
105,0.0560,385024,2003,0.01524,2.49e-03,0.5027,235.1416,0.75000,744.84850,0.88000,0.70568,2453.01699,1.31849,-0.02279,-0.24014,0.08890,-0.02606,0.40876,0.70036,-0.05451,0.17669,-0.04069,-0.06711,0.02865,0.17755,0.32972,2.26211,0.00000,1.00000,0.15302,0.32000,0.33333,0.00000,0.64859
106,0.0571,393216,2003,0.05335,1.44e-03,0.5028,288.5533,0.75000,569.60534,1.00000,0.68091,2445.94223,1.18999,-0.02345,-0.23929,0.07153,-0.02038,0.39718,0.67646,-0.05800,0.14803,-0.04471,-0.06668,0.02561,0.14984,0.32722,2.32429,0.00000,2.00000,0.16272,0.22222,0.25000,0.00000,0.63608
107,0.0583,401408,1908,0.01175,1.73e-03,0.5028,302.5471,0.75000,591.98823,0.88889,0.66896,2398.47470,1.19537,-0.02328,-0.23492,0.06960,-0.02126,0.38739,0.66439,-0.05703,0.14659,-0.03549,-0.06615,0.02408,0.14630,0.32402,2.86667,0.50000,3.00000,0.16272,0.33333,0.30769,0.00000,0.62008
108,0.0595,409600,2009,0.01091,2.07e-03,0.5029,253.7142,0.75000,756.26321,0.81250,0.67171,2321.33215,1.25105,-0.02315,-0.22757,0.07583,-0.02271,0.39250,0.66583,-0.05741,0.16125,-0.03070,-0.06550,0.02704,0.16400,0.32607,2.41455,0.00000,0.00000,0.16568,0.12500,0.07692,0.00000,0.63034
109,0.0606,417792,1980,0.01480,2.07e-03,0.5029,252.1413,0.75000,604.76043,1.00000,0.68291,2466.67667,1.30659,-0.02232,-0.24210,0.07954,-0.02389,0.39618,0.67801,-0.05505,0.17031,-0.04127,-0.06643,0.02956,0.17133,0.32671,1.85000,0.50000,2.00000,0.16568,0.18182,0.22222,0.00000,0.63355
110,0.0618,425984,2002,0.01430,1.73e-03,0.5030,234.6331,0.75000,691.80530,1.00000,0.70000,2463.26917,1.33378,-0.02280,-0.24091,0.08815,-0.02615,0.40804,0.69587,-0.05683,0.17907,-0.04472,-0.06605,0.03128,0.17920,0.33140,2.30000,0.00000,0.00000,0.16578,0.14286,0.14286,0.00000,0.65700
111,0.0629,434176,2073,0.01200,2.07e-03,0.5030,269.8459,0.75000,745.56180,0.90909,0.71353,2538.29520,1.36670,-0.02197,-0.24837,0.08444,-0.02244,0.41298,0.70791,-0.05654,0.18038,-0.03845,-0.06787,0.03302,0.18390,0.33202,2.06800,0.00000,0.00000,0.16578,0.27273,0.20000,0.00000,0.66009
112,0.0639,442368,2094,0.01306,2.07e-03,0.5030,304.2494,0.75000,619.66355,0.93750,0.71755,2495.71053,1.41519,-0.02249,-0.24506,0.09021,-0.02966,0.41602,0.71155,-0.05732,0.19081,-0.03964,-0.06727,0.03383,0.19745,0.33295,1.80600,0.00000,2.00000,0.18398,0.43750,0.46154,0.00000,0.66475
113,0.0651,450560,2054,0.01004,2.49e-03,0.5030,258.8623,0.75000,572.71154,1.00000,0.72585,2523.73084,1.41883,-0.02190,-0.24731,0.09308,-0.03315,0.41705,0.71970,-0.05444,0.19666,-0.04104,-0.06824,0.03370,0.20068,0.33473,2.34500,0.00000,1.00000,0.18398,0.25000,0.26667,0.00000,0.67363
114,0.0661,458752,2122,0.02780,1.73e-03,0.5031,241.0187,0.75000,621.59415,1.00000,0.72367,2511.76581,1.41063,-0.02241,-0.24546,0.09090,-0.02955,0.41858,0.71763,-0.05575,0.19893,-0.05508,-0.06822,0.03439,0.20337,0.33651,1.79538,0.50000,3.00000,0.18781,0.13333,0.16667,0.00000,0.68255
115,0.0672,466944,2072,0.02569,1.00e-03,0.5032,231.7938,0.75000,729.42932,0.84211,0.71825,2322.04900,1.42436,-0.02283,-0.22844,0.10663,-0.02850,0.41660,0.71301,-0.05520,0.20151,-0.03020,-0.06661,0.03390,0.19958,0.33743,2.03692,0.00000,1.00000,0.18781,0.26316,0.26667,0.00000,0.68713
116,0.0683,475136,2057,0.02025,6.94e-04,0.5033,222.5014,0.75000,497.06028,0.93333,0.71098,2335.56575,1.39989,-0.02331,-0.22887,0.10669,-0.02454,0.40756,0.70527,-0.05606,0.19810,-0.04495,-0.06615,0.03213,0.19403,0.33580,3.00200,0.00000,3.00000,0.18826,0.13333,0.09091,0.00000,0.67898
117,0.0694,483328,2127,0.01088,1.00e-03,0.5033,282.8857,0.75000,815.93717,0.81250,0.71215,2504.42128,1.41753,-0.02219,-0.24566,0.10941,-0.02720,0.40892,0.70650,-0.05412,0.20069,-0.04055,-0.06805,0.03147,0.19238,0.33637,2.14909,0.00000,1.00000,0.18826,0.37500,0.33333,0.00000,0.68184
118,0.0705,491520,2089,0.00969,1.20e-03,0.5034,250.8273,0.75000,599.79763,0.93750,0.72352,2422.61498,1.45966,-0.02233,-0.23791,0.11265,-0.02575,0.42040,0.71585,-0.05341,0.20848,-0.04421,-0.06678,0.03399,0.20734,0.33854,2.25273,0.50000,4.00000,0.19986,0.18750,0.27273,0.00000,0.69270
119,0.0716,499712,2043,0.00926,1.73e-03,0.5035,313.5723,0.75000,744.46482,1.00000,0.72267,2474.89839,1.43113,-0.02258,-0.24185,0.09589,-0.02672,0.41484,0.71648,-0.05361,0.20006,-0.04545,-0.06726,0.03354,0.20099,0.33848,2.47833,0.00000,2.00000,0.19986,0.57143,0.66667,0.00000,0.69240
120,0.0727,507904,2056,0.02368,1.20e-03,0.5036,309.8034,0.75000,857.10594,0.80000,0.72871,2521.51442,1.49551,-0.02275,-0.24641,0.11118,-0.02852,0.42110,0.72104,-0.05412,0.21202,-0.04233,-0.06742,0.03455,0.20892,0.34000,2.75333,0.50000,1.00000,0.22336,0.26667,0.18182,0.00000,0.70001
121,0.0738,516096,2041,0.00996,1.73e-03,0.5037,255.5756,0.75000,638.99340,1.00000,0.74873,2485.30819,1.48575,-0.02164,-0.24397,0.11608,-0.02745,0.43254,0.74011,-0.04999,0.21535,-0.04683,-0.06828,0.03485,0.21222,0.34300,1.84818,0.00000,3.00000,0.24450,0.38462,0.43478,0.00000,0.71498
122,0.0750,524288,2036,0.01907,1.20e-03,0.5037,293.6202,0.75000,638.82120,1.00000,0.73103,2477.94669,1.45776,-0.02088,-0.24305,0.10997,-0.02797,0.42309,0.72384,-0.04740,0.20857,-0.03639,-0.06856,0.03441,0.20575,0.33941,1.75833,0.00000,2.00000,0.25755,0.33333,0.37500,0.00000,0.69704
123,0.0761,532480,2081,0.01050,1.44e-03,0.5038,265.2124,0.75000,764.93752,0.84211,0.73173,2546.70931,1.44176,-0.02053,-0.24953,0.11380,-0.02758,0.41601,0.72443,-0.04429,0.21474,-0.04731,-0.07040,0.03384,0.20941,0.33710,1.62364,0.00000,1.00000,0.25755,0.31579,0.33333,0.00000,0.68548
124,0.0772,540672,2065,0.01221,1.73e-03,0.5038,290.9550,0.75000,884.70170,0.81818,0.71308,2582.83446,1.39754,-0.02131,-0.25252,0.11218,-0.02662,0.40590,0.70577,-0.04678,0.20630,-0.05733,-0.07005,0.03143,0.20251,0.33329,2.13500,0.00000,0.00000,0.27346,0.45455,0.55556,0.00000,0.66646
125,0.0782,548864,2122,0.00919,2.07e-03,0.5038,274.7043,0.75000,696.93704,1.00000,0.71194,2660.48728,1.44900,-0.02092,-0.26030,0.11458,-0.03009,0.41000,0.70403,-0.04538,0.21780,-0.04979,-0.07178,0.03475,0.21307,0.33205,2.06308,0.00000,2.00000,0.27346,0.25000,0.28571,0.00000,0.66024
126,0.0794,557056,1994,0.01060,2.49e-03,0.5038,291.9308,0.75000,770.45627,0.93333,0.72358,2590.86324,1.49457,-0.02135,-0.25357,0.11748,-0.03047,0.41769,0.71509,-0.04874,0.22572,-0.04522,-0.06965,0.03776,0.22375,0.33576,2.23692,0.00000,0.00000,0.27826,0.40000,0.35714,0.00000,0.67881
127,0.0805,565248,2095,0.02764,2.49e-03,0.5039,278.1849,0.75000,694.55794,0.92857,0.73203,2692.17092,1.53435,-0.02091,-0.26307,0.12366,-0.03089,0.41808,0.72344,-0.05177,0.23347,-0.04796,-0.07017,0.03855,0.23181,0.33613,2.65167,0.00000,1.00000,0.27826,0.35714,0.33333,0.00000,0.68063
128,0.0816,573440,2073,0.01689,2.07e-03,0.5040,297.4235,0.75000,815.56420,0.75000,0.74369,2665.83389,1.57862,-0.02057,-0.26133,0.12811,-0.02987,0.42907,0.73593,-0.04939,0.23706,-0.04093,-0.07010,0.04076,0.23267,0.33912,2.03333,0.50000,1.00000,0.28521,0.43750,0.36364,0.00000,0.69562
129,0.0827,581632,2107,0.01308,1.73e-03,0.5040,262.0756,0.75000,650.14184,0.87500,0.76429,2575.09776,1.60146,-0.02173,-0.25249,0.12052,-0.02786,0.43894,0.75579,-0.05103,0.23384,-0.03919,-0.06943,0.04081,0.23724,0.34332,2.31500,0.00000,2.00000,0.28521,0.31250,0.33333,0.00000,0.71662
130,0.0837,589824,2126,0.01181,2.07e-03,0.5041,249.2429,0.75000,629.55166,0.95238,0.76101,2554.48634,1.56985,-0.02131,-0.25081,0.11019,-0.03043,0.43641,0.75294,-0.05003,0.23261,-0.03376,-0.06999,0.04143,0.23773,0.34299,2.24000,0.00000,3.00000,0.29462,0.38095,0.41176,0.00000,0.71497
131,0.0848,598016,2075,0.01125,2.49e-03,0.5041,305.7537,0.75000,798.61613,0.92308,0.74853,2523.25295,1.53541,-0.02141,-0.24728,0.12297,-0.03532,0.43084,0.74013,-0.05013,0.22903,-0.04631,-0.06928,0.04146,0.23175,0.34170,3.07636,0.00000,1.00000,0.29462,0.46154,0.54545,0.00000,0.70850
132,0.0859,606208,2132,0.01770,2.07e-03,0.5042,270.9396,0.75000,822.91081,0.76471,0.73802,2548.80377,1.56221,-0.02074,-0.24966,0.12877,-0.03062,0.42632,0.72939,-0.05068,0.23446,-0.04657,-0.06912,0.04123,0.23315,0.34044,1.98727,0.50000,3.00000,0.33183,0.64706,0.80000,0.00000,0.70222
133,0.0870,614400,2010,0.02302,1.20e-03,0.5042,257.5090,0.75000,698.87986,0.88889,0.74832,2664.02708,1.52287,-0.02121,-0.26118,0.12045,-0.02521,0.42875,0.74022,-0.05158,0.22245,-0.05043,-0.06939,0.03880,0.22284,0.34103,2.58000,0.00000,2.00000,0.33183,0.38889,0.35714,0.00000,0.70517
134,0.0882,622592,2039,0.02713,6.94e-04,0.5042,299.2453,0.75000,615.92297,0.85714,0.75887,2498.78381,1.58512,-0.02139,-0.24523,0.12071,-0.02723,0.43708,0.75147,-0.05293,0.23144,-0.04381,-0.06858,0.04219,0.23462,0.34426,1.95000,0.50000,4.00000,0.33046,0.21429,0.25000,0.00000,0.72129
135,0.0893,630784,2089,0.00963,8.33e-04,0.5043,224.5076,0.75000,735.89240,0.91667,0.75277,2343.37145,1.60874,-0.02228,-0.23013,0.12240,-0.03000,0.42952,0.74546,-0.05636,0.23218,-0.03065,-0.06553,0.04146,0.23810,0.34201,1.24444,0.00000,1.00000,0.33046,0.16667,0.20000,0.00000,0.71005
136,0.0904,638976,2049,0.00876,1.20e-03,0.5043,270.5724,0.75000,815.70089,0.76000,0.74721,2438.42959,1.52052,-0.02155,-0.23872,0.11360,-0.02566,0.42955,0.74116,-0.05623,0.21134,-0.04456,-0.06711,0.04013,0.21667,0.34296,2.40000,0.00000,1.00000,0.33670,0.60000,0.50000,0.00000,0.71482
137,0.0915,647168,2039,0.00833,1.73e-03,0.5044,330.3335,0.75000,800.34884,0.87500,0.75551,2419.69394,1.52405,-0.02128,-0.23781,0.12154,-0.02902,0.43271,0.74972,-0.05549,0.21806,-0.02699,-0.06744,0.03962,0.22192,0.34292,2.68154,0.50000,2.00000,0.33670,0.18750,0.25000,0.00000,0.71458
138,0.0926,655360,2025,0.01380,1.73e-03,0.5044,235.5651,0.75000,681.43803,0.83333,0.73348,2325.77550,1.51573,-0.02128,-0.22829,0.13053,-0.02690,0.41807,0.72649,-0.05424,0.22151,-0.04182,-0.06778,0.03938,0.22247,0.33723,1.95667,0.50000,3.00000,0.33220,0.27778,0.33333,0.00000,0.68613
139,0.0937,663552,2090,0.01023,2.49e-03,0.5045,297.9014,0.75000,850.17741,0.84211,0.72360,2323.43036,1.49174,-0.02155,-0.22805,0.12769,-0.02819,0.41554,0.71802,-0.05491,0.21543,-0.03259,-0.06625,0.03924,0.21844,0.33545,2.67000,0.00000,0.00000,0.33648,0.36842,0.37500,0.00000,0.67727
140,0.0948,671744,2034,0.02681,1.73e-03,0.5046,275.0001,0.75000,768.31606,0.83333,0.72178,2395.29008,1.51333,-0.02225,-0.23513,0.12482,-0.02806,0.41296,0.71545,-0.05559,0.21758,-0.04648,-0.06652,0.04019,0.22284,0.33675,2.99111,0.00000,1.00000,0.33648,0.33333,0.44444,0.00000,0.68373
141,0.0959,679936,2058,0.01016,2.07e-03,0.5047,282.8755,0.75000,940.15995,0.68421,0.74399,2552.86564,1.54028,-0.02210,-0.24998,0.12777,-0.03177,0.42635,0.73789,-0.05688,0.22484,-0.05288,-0.06867,0.04120,0.22955,0.34107,2.48333,0.00000,1.00000,0.34093,0.42105,0.33333,0.00000,0.70537
142,0.0970,688128,2079,0.01173,2.07e-03,0.5048,287.2017,0.75000,772.03340,0.92308,0.76358,2382.04494,1.62765,-0.02245,-0.23407,0.13743,-0.03105,0.43584,0.75553,-0.05809,0.24118,-0.04089,-0.06585,0.04581,0.24615,0.34575,2.15400,0.00000,0.00000,0.34093,0.61538,0.66667,0.00000,0.72875
143,0.0981,696320,2118,0.01271,1.73e-03,0.5049,279.6193,0.75000,841.10133,0.72727,0.75961,2437.33994,1.68236,-0.02215,-0.23961,0.14548,-0.03330,0.43398,0.75177,-0.05778,0.25266,-0.03678,-0.06666,0.04828,0.25867,0.34320,2.69714,0.00000,1.00000,0.35947,0.45455,0.28571,0.00000,0.71601
144,0.0992,704512,2100,0.01088,2.07e-03,0.5050,286.3393,0.75000,898.98267,0.70000,0.76345,2429.06580,1.64088,-0.02185,-0.23866,0.13797,-0.03465,0.43674,0.75754,-0.05838,0.24216,-0.03638,-0.06797,0.04481,0.24719,0.34465,2.76000,0.00000,2.00000,0.35947,0.65000,0.66667,0.00000,0.72327
145,0.1003,712704,2114,0.01351,2.49e-03,0.5051,293.9113,0.75000,799.69083,0.85714,0.77348,2412.78361,1.66688,-0.02119,-0.23726,0.14400,-0.03179,0.43911,0.76668,-0.05763,0.24464,-0.02866,-0.06748,0.04392,0.24957,0.34511,2.44000,0.00000,2.00000,0.38261,0.35714,0.50000,0.00000,0.72555
146,0.1014,720896,2068,0.01261,2.49e-03,0.5052,255.8199,0.75000,761.69836,0.88889,0.76102,2443.20203,1.61015,-0.02167,-0.23976,0.13651,-0.03311,0.43305,0.75509,-0.05677,0.23850,-0.03776,-0.06733,0.04464,0.24359,0.34417,2.14462,0.00000,2.00000,0.38261,0.50000,0.57143,0.00000,0.72084
147,0.1025,729088,2125,0.01824,1.73e-03,0.5053,272.7163,0.75000,832.75988,0.73333,0.74989,2426.19163,1.61746,-0.02148,-0.23862,0.13999,-0.03269,0.42541,0.74446,-0.05708,0.23676,-0.03856,-0.06735,0.04378,0.24042,0.34261,2.55111,0.00000,2.00000,0.39218,0.26667,0.33333,0.00000,0.71304
148,0.1036,737280,2058,0.01130,2.07e-03,0.5054,290.8881,0.75000,799.39734,0.81250,0.75684,2388.09156,1.67327,-0.02154,-0.23469,0.15288,-0.03377,0.43158,0.75074,-0.05656,0.24595,-0.03585,-0.06706,0.04723,0.24878,0.34535,2.43000,0.00000,2.00000,0.39218,0.56250,0.63636,0.00000,0.72673
149,0.1047,745472,2041,0.01385,2.07e-03,0.5054,353.5992,0.75000,649.07719,0.90000,0.77099,2415.34032,1.69631,-0.02135,-0.23703,0.15236,-0.03278,0.43901,0.76472,-0.05556,0.25375,-0.04220,-0.06634,0.04760,0.25677,0.34699,1.94400,0.50000,4.00000,0.40096,0.30000,0.35714,0.00000,0.73493
150,0.1058,753664,2117,0.01062,2.49e-03,0.5055,295.6511,0.75000,764.27778,0.76923,0.77934,2439.92391,1.77295,-0.02078,-0.23965,0.15767,-0.03463,0.44770,0.77232,-0.05515,0.26206,-0.02386,-0.06822,0.04980,0.26483,0.35060,3.53750,0.00000,2.00000,0.40096,0.46154,0.62500,0.00000,0.75302
151,0.1069,761856,2082,0.02038,1.73e-03,0.5056,340.2989,0.75000,778.20114,0.92308,0.78517,2478.44840,1.78444,-0.02103,-0.24335,0.15863,-0.03922,0.44582,0.77862,-0.05536,0.27273,-0.03974,-0.06693,0.05144,0.27588,0.34900,2.33818,0.00000,1.00000,0.41349,0.38462,0.45455,0.00000,0.74500
152,0.1080,770048,2027,0.01206,1.73e-03,0.5056,281.1241,0.75000,868.28002,0.84000,0.80112,2478.56146,1.77160,-0.02046,-0.24239,0.15929,-0.03046,0.45783,0.79257,-0.05377,0.26440,-0.04270,-0.06726,0.05074,0.26923,0.35285,2.36842,0.00000,1.00000,0.42214,0.52000,0.50000,0.00000,0.76425
153,0.1090,778240,2175,0.01309,1.73e-03,0.5057,296.3346,0.75000,771.84393,0.83333,0.79632,2487.12788,1.73640,-0.02067,-0.24374,0.15892,-0.03355,0.45218,0.78787,-0.05333,0.26398,-0.04518,-0.06766,0.05007,0.26849,0.34928,2.94667,0.50000,3.00000,0.42214,0.55556,0.66667,0.00000,0.74639
154,0.1101,786432,2176,0.01153,2.07e-03,0.5058,329.5998,0.75000,709.25892,0.90000,0.79076,2405.84329,1.76986,-0.02122,-0.23639,0.16512,-0.03482,0.44820,0.78322,-0.05376,0.27391,-0.03982,-0.06742,0.05271,0.27930,0.34729,2.65143,0.00000,2.00000,0.43707,0.45000,0.50000,0.00000,0.73647
155,0.1112,794624,2064,0.01232,2.07e-03,0.5059,316.5095,0.75000,979.78307,0.76923,0.78363,2401.95900,1.73608,-0.02171,-0.23637,0.15640,-0.03669,0.44299,0.77673,-0.05596,0.26703,-0.03471,-0.06693,0.04922,0.27374,0.34745,2.54000,0.00000,0.00000,0.43707,0.46154,0.40000,0.00000,0.73725
156,0.1123,802816,2094,0.01446,2.07e-03,0.5058,256.2755,0.75000,803.73007,0.85714,0.78546,2486.47460,1.79116,-0.02236,-0.24383,0.15595,-0.03863,0.44127,0.77799,-0.05721,0.27341,-0.03138,-0.06748,0.05100,0.28046,0.34613,2.78600,0.00000,2.00000,0.44337,0.42857,0.60000,0.00000,0.73067
157,0.1133,811008,2124,0.01178,2.07e-03,0.5058,281.0849,0.75000,869.60664,0.88235,0.79772,2351.46776,1.77727,-0.02317,-0.23097,0.15474,-0.03468,0.45123,0.78999,-0.05800,0.26631,-0.03809,-0.06648,0.05238,0.27991,0.35090,1.93143,0.00000,0.00000,0.44337,0.70588,0.66667,0.00000,0.75449
158,0.1145,819200,1969,0.01669,1.73e-03,0.5058,340.7463,0.75000,949.96395,0.83333,0.78357,2341.79336,1.79180,-0.02287,-0.23060,0.15948,-0.03400,0.44269,0.77534,-0.05771,0.27205,-0.03528,-0.06670,0.05243,0.28369,0.34744,2.58600,0.00000,0.00000,0.46703,0.75000,0.70000,0.00000,0.73720
159,0.1156,827392,2038,0.01163,2.07e-03,0.5059,259.1213,0.75000,781.54238,0.94118,0.77677,2334.80622,1.78486,-0.02244,-0.22983,0.16458,-0.03626,0.43918,0.76911,-0.05845,0.26891,-0.02870,-0.06589,0.05024,0.27673,0.34653,2.29600,0.50000,2.00000,0.46703,0.41176,0.42857,0.00000,0.73264
160,0.1167,835584,2130,0.01230,2.07e-03,0.5060,252.4132,0.75000,806.64871,0.87500,0.78899,2323.07433,1.77343,-0.02171,-0.22802,0.16271,-0.03389,0.44514,0.78080,-0.05490,0.26406,-0.02756,-0.06580,0.05109,0.27460,0.34774,2.61167,0.00000,2.00000,0.45879,0.37500,0.33333,0.00000,0.73870
161,0.1178,843776,2024,0.01238,2.07e-03,0.5061,360.9124,0.75000,834.59250,0.89474,0.77784,2421.76501,1.72541,-0.02176,-0.23841,0.15856,-0.03661,0.44091,0.77104,-0.05554,0.25580,-0.03000,-0.06697,0.04888,0.26758,0.34807,1.97000,0.50000,2.00000,0.45879,0.26316,0.26667,0.00000,0.74037
162,0.1190,851968,1997,0.01103,2.99e-03,0.5062,348.2555,0.75000,840.95673,0.68750,0.77227,2325.96813,1.69474,-0.02162,-0.22890,0.15253,-0.03417,0.43465,0.76634,-0.05725,0.25185,-0.03432,-0.06603,0.04909,0.26239,0.34583,2.91714,0.00000,2.00000,0.43791,0.31250,0.22222,0.00000,0.72914
163,0.1201,860160,2105,0.01308,2.99e-03,0.5063,324.9446,0.75000,875.30250,0.80000,0.76604,2387.47834,1.71508,-0.02083,-0.23450,0.16017,-0.03339,0.43480,0.75878,-0.05620,0.25366,-0.03722,-0.06705,0.04943,0.26410,0.34374,2.79600,0.00000,2.00000,0.43791,0.66667,0.70000,0.00000,0.71868
164,0.1212,868352,2024,0.01113,3.58e-03,0.5064,306.4809,0.75000,930.48167,0.60000,0.76666,2378.11638,1.69856,-0.02109,-0.23367,0.15415,-0.03062,0.43658,0.75982,-0.05414,0.24897,-0.03379,-0.06718,0.04516,0.25824,0.34648,2.31000,0.00000,1.00000,0.45523,0.53333,0.50000,0.00000,0.73238
165,0.1224,876544,1934,0.01766,2.99e-03,0.5065,331.4880,0.75000,737.56310,0.72222,0.76394,2362.59282,1.62205,-0.02142,-0.23129,0.14326,-0.03221,0.43059,0.75802,-0.05628,0.23605,-0.05595,-0.06722,0.04768,0.24915,0.34634,2.60500,0.50000,6.00000,0.45523,0.38889,0.42857,0.00000,0.73169
166,0.1235,884736,1934,0.01328,2.99e-03,0.5066,284.2055,0.75000,1006.36324,0.66667,0.76737,2405.21811,1.68810,-0.02135,-0.23601,0.15040,-0.03398,0.43433,0.76022,-0.05544,0.23992,-0.03752,-0.06595,0.05091,0.25830,0.34751,2.01500,0.00000,0.00000,0.45523,0.50000,0.37500,0.00000,0.73756
167,0.1247,892928,2028,0.01490,2.99e-03,0.5068,349.2747,0.75000,1039.69135,0.58824,0.78016,2394.80799,1.70593,-0.02127,-0.23579,0.15284,-0.03467,0.43962,0.77275,-0.05711,0.24586,-0.04268,-0.06682,0.05064,0.26532,0.34979,2.27556,0.00000,1.00000,0.45971,0.70588,0.66667,0.00000,0.74896
168,0.1258,901120,1999,0.01909,2.49e-03,0.5069,409.0475,0.75000,871.53681,0.78261,0.78198,2353.42046,1.61301,-0.02192,-0.23084,0.13514,-0.03534,0.44132,0.77413,-0.05646,0.23210,-0.03975,-0.06635,0.04702,0.25055,0.35008,2.01250,0.50000,3.00000,0.45971,0.56522,0.60000,0.00000,0.75042
169,0.1269,909312,2003,0.01272,2.49e-03,0.5069,316.6051,0.75000,750.07974,0.84211,0.76508,2442.04261,1.59314,-0.02208,-0.23929,0.14179,-0.03465,0.42532,0.75843,-0.05751,0.22754,-0.04677,-0.06887,0.04717,0.24707,0.34507,1.85000,0.00000,3.00000,0.46731,0.47368,0.46154,0.00000,0.72535
170,0.1281,917504,1998,0.01213,2.99e-03,0.5070,303.4717,0.75000,967.92021,0.68421,0.75132,2343.03372,1.58917,-0.02165,-0.23016,0.14737,-0.03942,0.41979,0.74559,-0.05660,0.23417,-0.03338,-0.06656,0.04515,0.24982,0.34435,2.67385,0.00000,0.00000,0.46731,0.57895,0.69231,0.00000,0.72176
171,0.1292,925696,1998,0.01445,2.99e-03,0.5070,337.9517,0.75000,961.68157,0.54545,0.73316,2371.56367,1.62312,-0.02155,-0.23269,0.15462,-0.03175,0.41225,0.72721,-0.05692,0.23725,-0.03945,-0.06582,0.04823,0.25409,0.34258,2.82333,0.00000,0.00000,0.47847,0.54545,0.33333,0.00000,0.71292
172,0.1304,933888,1961,0.01727,2.07e-03,0.5071,304.5675,0.75000,850.37933,0.76471,0.74407,2424.90687,1.62690,-0.02076,-0.23742,0.14972,-0.03097,0.41667,0.73702,-0.05560,0.23307,-0.04027,-0.06748,0.04654,0.24847,0.34256,2.44167,0.50000,2.00000,0.47847,0.52941,0.72727,0.00000,0.71278
173,0.1315,942080,2004,0.01193,2.49e-03,0.5071,369.8127,0.75000,1015.21948,0.66667,0.75309,2347.63098,1.63081,-0.02136,-0.23094,0.14496,-0.03344,0.42460,0.74768,-0.05874,0.23086,-0.03472,-0.06626,0.05038,0.25122,0.34855,2.18667,0.00000,0.00000,0.48777,0.46667,0.40000,0.00000,0.74277
174,0.1327,950272,1998,0.01990,1.73e-03,0.5072,291.9124,0.75000,792.48633,0.83333,0.75003,2369.92854,1.66823,-0.02133,-0.23302,0.15292,-0.03090,0.42252,0.74354,-0.06014,0.23485,-0.03018,-0.06638,0.04813,0.25403,0.34629,3.42000,0.00000,1.00000,0.48777,0.50000,0.44444,0.00000,0.73145
175,0.1338,958464,2036,0.01331,1.73e-03,0.5072,312.2128,0.75000,810.16103,0.70588,0.76939,2365.75321,1.68794,-0.02134,-0.23146,0.16001,-0.03450,0.43098,0.76356,-0.05976,0.23841,-0.04735,-0.06648,0.04910,0.25787,0.34706,2.37250,0.00000,1.00000,0.47399,0.17647,0.27273,0.00000,0.73530
176,0.1349,966656,2028,0.01505,1.44e-03,0.5072,329.0169,0.75000,771.46729,0.86667,0.78003,2246.34246,1.77195,-0.02083,-0.22125,0.16982,-0.03247,0.43980,0.77421,-0.05760,0.25188,-0.03375,-0.06536,0.05424,0.27289,0.35294,2.56200,0.00000,3.00000,0.47399,0.60000,0.70000,0.00000,0.76469
177,0.1360,974848,2041,0.01393,1.44e-03,0.5071,271.5838,0.75000,786.84033,0.77273,0.77266,2287.69521,1.76945,-0.02129,-0.22456,0.16809,-0.03277,0.44098,0.76598,-0.05616,0.24831,-0.02428,-0.06426,0.05499,0.27313,0.35261,2.27200,0.50000,2.00000,0.49059,0.50000,0.60000,0.00000,0.76306
178,0.1372,983040,1962,0.01722,1.44e-03,0.5071,329.5563,0.75000,985.53242,0.69231,0.76778,2292.74711,1.71642,-0.02206,-0.22538,0.16262,-0.03038,0.43687,0.76058,-0.05783,0.24215,-0.04273,-0.06537,0.05375,0.26788,0.35074,2.59750,0.00000,1.00000,0.49059,0.61538,0.62500,0.00000,0.75369
179,0.1383,991232,2048,0.00990,2.07e-03,0.5072,374.0772,0.75000,784.44432,0.88889,0.78065,2370.69195,1.73833,-0.02125,-0.23316,0.16534,-0.03497,0.44290,0.77538,-0.05750,0.24054,-0.02991,-0.06672,0.05204,0.26416,0.35490,2.66143,0.50000,3.00000,0.51296,0.66667,0.76923,0.00000,0.77452
180,0.1394,999424,2053,0.01115,2.07e-03,0.5072,317.7488,0.75000,875.97879,0.77778,0.79394,2351.89185,1.81379,-0.02092,-0.23140,0.17814,-0.03924,0.45340,0.78712,-0.05590,0.26238,-0.03039,-0.06598,0.05369,0.28479,0.35769,2.36500,0.00000,2.00000,0.51296,0.55556,0.50000,0.00000,0.78846
181,0.1405,1007616,2075,0.01251,2.07e-03,0.5072,316.4170,0.75000,617.42618,0.91667,0.79669,2236.86691,1.84802,-0.02154,-0.22063,0.18661,-0.03506,0.45372,0.78955,-0.05757,0.26152,-0.02957,-0.06554,0.05464,0.28265,0.35541,2.48000,0.50000,4.00000,0.51956,0.50000,0.71429,0.00000,0.77704
182,0.1416,1015808,2102,0.01347,1.73e-03,0.5072,291.3998,0.75000,903.43173,0.71429,0.80253,2288.07589,1.93255,-0.02065,-0.22546,0.20144,-0.03920,0.45464,0.79602,-0.05713,0.28194,-0.03261,-0.06602,0.06077,0.30444,0.35647,2.70000,0.00000,1.00000,0.51956,0.64286,0.55556,0.00000,0.78237
183,0.1427,1024000,2018,0.01028,2.07e-03,0.5072,222.7153,0.75000,929.47805,0.72000,0.81388,2271.95970,1.89127,-0.02060,-0.22410,0.18733,-0.03729,0.45967,0.80659,-0.05554,0.27789,-0.02669,-0.06679,0.05955,0.30060,0.35876,3.06471,0.00000,1.00000,0.52145,0.64000,0.52941,0.00000,0.79380
184,0.1439,1032192,2012,0.01801,1.44e-03,0.5072,310.4828,0.75000,780.16927,0.82353,0.79026,2259.44271,1.78347,-0.02073,-0.22223,0.16840,-0.03362,0.45014,0.78362,-0.05622,0.26240,-0.03584,-0.06660,0.05743,0.28485,0.35788,3.02923,0.50000,2.00000,0.52145,0.47059,0.50000,0.00000,0.78940
185,0.1450,1040384,2081,0.01075,1.73e-03,0.5072,287.4768,0.75000,727.03250,0.88235,0.76701,2266.49547,1.73090,-0.02111,-0.22286,0.16793,-0.03573,0.43617,0.76060,-0.05641,0.25207,-0.03856,-0.06649,0.05198,0.26941,0.35332,2.62545,0.00000,3.00000,0.52764,0.58824,0.66667,0.00000,0.76659
186,0.1461,1048576,2042,0.01330,1.73e-03,0.5072,396.7751,0.75000,991.62808,0.61111,0.75849,2351.80735,1.64496,-0.02089,-0.23092,0.15913,-0.03418,0.42647,0.75286,-0.05449,0.23612,-0.04405,-0.06737,0.04725,0.25244,0.35086,2.18600,0.00000,0.00000,0.52764,0.61111,0.63636,0.00000,0.75430
187,0.1472,1056768,2027,0.01707,1.20e-03,0.5073,267.7058,0.75000,802.95875,0.90909,0.76695,2374.78226,1.71760,-0.02159,-0.23287,0.16179,-0.03634,0.42620,0.75839,-0.05806,0.24726,-0.03081,-0.06660,0.04980,0.26569,0.35144,3.29000,0.00000,1.00000,0.54487,0.72727,0.77778,0.00000,0.75719
188,0.1483,1064960,2028,0.01092,1.44e-03,0.5073,293.4501,0.75000,908.91469,0.75000,0.76022,2460.07187,1.67543,-0.02146,-0.24161,0.15615,-0.03334,0.42871,0.75353,-0.05838,0.24718,-0.04149,-0.06756,0.04973,0.26160,0.35137,2.84462,0.00000,1.00000,0.54487,0.60000,0.57143,0.00000,0.75685
189,0.1494,1073152,2091,0.01197,1.44e-03,0.5074,323.8812,0.75000,1072.06060,0.58333,0.75267,2380.79983,1.67274,-0.02104,-0.23378,0.15963,-0.03319,0.42633,0.74456,-0.05575,0.24009,-0.03130,-0.06702,0.04639,0.24963,0.34928,2.33714,0.00000,0.00000,0.54753,0.66667,0.57143,0.00000,0.74640
190,0.1505,1081344,2115,0.01311,1.44e-03,0.5074,274.4938,0.75000,771.90564,0.78571,0.76466,2436.40836,1.75223,-0.02102,-0.23942,0.17136,-0.03268,0.43309,0.75661,-0.05806,0.25462,-0.03608,-0.06786,0.04964,0.26453,0.35324,2.72667,0.00000,2.00000,0.54753,0.50000,0.55556,0.00000,0.76619
191,0.1516,1089536,2094,0.01929,1.00e-03,0.5074,343.8027,0.75000,903.06530,0.88235,0.79333,2376.72459,1.80543,-0.02153,-0.23387,0.17520,-0.03634,0.44818,0.78493,-0.05797,0.26333,-0.02805,-0.06684,0.05277,0.27960,0.35635,2.25867,0.50000,1.00000,0.55799,0.70588,0.71429,0.00000,0.78176
192,0.1527,1097728,2100,0.01388,8.33e-04,0.5075,390.9819,0.75000,830.71685,0.68750,0.78962,2393.71669,1.78333,-0.02222,-0.23481,0.17161,-0.03722,0.44647,0.78243,-0.05898,0.26045,-0.03878,-0.06555,0.05423,0.27814,0.35721,2.91333,0.50000,3.00000,0.55799,0.50000,0.50000,0.00000,0.78603
193,0.1538,1105920,2013,0.00943,1.00e-03,0.5075,346.7114,0.75000,999.89552,0.61111,0.79750,2362.86179,1.79396,-0.02216,-0.23193,0.17183,-0.03198,0.45048,0.78952,-0.05979,0.25978,-0.03326,-0.06520,0.05183,0.27472,0.35683,1.86000,0.00000,1.00000,0.55219,0.38889,0.50000,0.00000,0.78417
194,0.1549,1114112,2054,0.01589,6.94e-04,0.5075,251.0581,0.75000,744.14861,0.78571,0.78932,2325.57500,1.80882,-0.02218,-0.22832,0.17901,-0.03475,0.44814,0.78052,-0.05842,0.26631,-0.03611,-0.06571,0.05178,0.28278,0.35552,2.46000,0.00000,2.00000,0.55219,0.64286,0.77778,0.00000,0.77760
195,0.1561,1122304,2034,0.01200,6.94e-04,0.5075,299.8244,0.75000,862.41400,0.70588,0.79164,2323.66156,1.79394,-0.02238,-0.22853,0.17609,-0.03296,0.44749,0.78239,-0.05899,0.26040,-0.03767,-0.06512,0.05211,0.27606,0.35470,2.31091,0.86000,2.00000,0.57066,0.52941,0.70000,0.00000,0.77349
196,0.1571,1130496,2104,0.01220,6.94e-04,0.5075,278.6657,0.75000,758.48687,0.70588,0.79394,2421.50715,1.76618,-0.02300,-0.23764,0.17103,-0.03657,0.44783,0.78594,-0.05973,0.25830,-0.04720,-0.06548,0.05237,0.27759,0.35495,2.80750,0.00000,4.00000,0.57066,0.41176,0.62500,0.00000,0.77474
197,0.1583,1138688,2038,0.00982,1.00e-03,0.5076,344.4764,0.75000,811.18927,0.84615,0.81096,2474.20301,1.80611,-0.02196,-0.24307,0.17238,-0.03810,0.44850,0.80355,-0.05821,0.26218,-0.03352,-0.06728,0.05233,0.27814,0.35473,2.14000,0.00000,2.00000,0.57242,0.53846,0.55556,0.00000,0.77363
198,0.1594,1146880,2081,0.01189,1.00e-03,0.5076,291.4532,0.75000,861.61587,0.85714,0.80815,2404.38315,1.81727,-0.02221,-0.23571,0.17389,-0.04039,0.44978,0.80002,-0.05757,0.26226,-0.03825,-0.06618,0.05227,0.27777,0.35373,3.00000,0.00000,1.00000,0.57242,0.57143,0.72727,0.00000,0.76863
199,0.1604,1155072,2126,0.01345,1.00e-03,0.5076,297.9268,0.75000,925.09577,0.64286,0.81247,2377.76868,1.81957,-0.02153,-0.23354,0.18097,-0.03364,0.45346,0.80314,-0.05630,0.27082,-0.04078,-0.06669,0.05269,0.28229,0.35304,2.75857,0.00000,2.00000,0.57814,0.57143,0.56250,0.00000,0.76519
200,0.1615,1163264,2068,0.01654,6.94e-04,0.5076,295.9954,0.75000,810.70769,0.86667,0.79661,2349.96480,1.82369,-0.02127,-0.23118,0.18619,-0.03497,0.44564,0.78864,-0.05520,0.27504,-0.02996,-0.06747,0.05354,0.28479,0.35217,2.04923,0.50000,2.00000,0.57814,0.33333,0.27273,0.00000,0.76086
201,0.1627,1171456,2005,0.00893,1.00e-03,0.5077,326.8072,0.75000,928.25551,0.68182,0.78325,2350.29675,1.77452,-0.02122,-0.23086,0.18410,-0.03572,0.43832,0.77637,-0.05534,0.27375,-0.04692,-0.06749,0.05321,0.28418,0.35123,3.56462,0.00000,2.00000,0.56199,0.59091,0.53846,0.00000,0.75615
202,0.1638,1179648,2096,0.01114,1.20e-03,0.5078,301.8750,0.75000,855.84458,0.81818,0.77921,2427.58182,1.70775,-0.02114,-0.23840,0.16896,-0.03487,0.43343,0.77155,-0.05720,0.24976,-0.03782,-0.06651,0.04629,0.26007,0.34901,3.47500,0.00000,0.00000,0.56199,0.54545,0.55556,0.00000,0.74507
203,0.1649,1187840,2058,0.01067,1.73e-03,0.5078,217.6685,0.75000,896.76133,0.68750,0.78975,2373.89916,1.79122,-0.02196,-0.23355,0.17571,-0.02888,0.43821,0.78111,-0.05917,0.25638,-0.03130,-0.06604,0.05041,0.26935,0.34913,2.03800,0.50000,2.00000,0.55579,0.43750,0.44444,0.00000,0.74566
204,0.1660,1196032,2016,0.01857,1.20e-03,0.5079,335.6151,0.75000,1031.78554,0.66667,0.79120,2362.49319,1.74619,-0.02226,-0.23205,0.16990,-0.03390,0.44207,0.78341,-0.06019,0.25438,-0.03473,-0.06663,0.05331,0.27100,0.35082,2.54200,0.00000,0.00000,0.55579,0.73333,0.80000,0.00000,0.75408
205,0.1671,1204224,2018,0.00763,1.73e-03,0.5079,291.4571,0.75000,1051.27541,0.57143,0.78584,2300.79288,1.78069,-0.02247,-0.22568,0.17145,-0.03298,0.44000,0.77810,-0.06209,0.25650,-0.03079,-0.06588,0.05350,0.27917,0.35177,2.14857,0.50000,1.00000,0.57668,0.57143,0.71429,0.00000,0.75883
206,0.1682,1212416,2091,0.01363,1.73e-03,0.5080,260.5671,0.75000,873.31358,0.66667,0.79064,2296.98409,1.80997,-0.02257,-0.22550,0.17888,-0.03574,0.43822,0.78222,-0.05981,0.26123,-0.02277,-0.06532,0.05266,0.28290,0.34957,2.36500,0.00000,1.00000,0.57668,0.33333,0.44444,0.00000,0.74787
207,0.1694,1220608,2010,0.02509,1.20e-03,0.5080,253.3813,0.75000,803.83455,0.75000,0.78239,2307.64708,1.73009,-0.02227,-0.22720,0.16824,-0.03177,0.43547,0.77371,-0.05983,0.24646,-0.02734,-0.06588,0.04999,0.26215,0.35050,2.70000,0.00000,2.00000,0.57691,0.68750,0.70000,0.00000,0.75249
208,0.1705,1228800,2037,0.01084,1.44e-03,0.5081,301.1896,0.75000,894.04628,0.71429,0.76885,2340.74420,1.68369,-0.02282,-0.22876,0.16118,-0.03271,0.43450,0.76167,-0.06128,0.24068,-0.04343,-0.06634,0.05064,0.26282,0.35235,2.20000,0.00000,2.00000,0.57691,0.61905,0.69231,0.00000,0.76177
209,0.1716,1236992,2091,0.01833,1.00e-03,0.5081,344.5973,0.75000,996.77523,0.57143,0.76682,2261.29073,1.71055,-0.02260,-0.22267,0.16559,-0.03076,0.42965,0.75869,-0.06139,0.24506,-0.03324,-0.06616,0.05449,0.26605,0.35115,2.12667,0.00000,2.00000,0.59290,0.71429,0.83333,0.00000,0.75574
210,0.1727,1245184,2044,0.01140,1.44e-03,0.5082,237.3132,0.75000,733.88656,0.76471,0.76269,2355.87260,1.73150,-0.02207,-0.23171,0.16978,-0.03507,0.43106,0.75585,-0.05813,0.25005,-0.02633,-0.06634,0.05205,0.26837,0.35056,1.99800,0.50000,3.00000,0.59290,0.35294,0.50000,0.00000,0.75278
211,0.1738,1253376,2072,0.02153,1.00e-03,0.5083,291.2603,0.75000,963.31584,0.62500,0.77587,2357.94833,1.72681,-0.02206,-0.23216,0.17141,-0.03213,0.43854,0.76896,-0.05911,0.24907,-0.03213,-0.06678,0.05322,0.26459,0.35161,2.30000,0.50000,1.00000,0.58624,0.68750,0.55556,0.00000,0.75806
212,0.1749,1261568,2014,0.01251,1.00e-03,0.5083,348.7339,0.75000,610.06731,0.92857,0.79211,2450.55931,1.73583,-0.02316,-0.24030,0.16724,-0.03695,0.44326,0.78304,-0.06417,0.25268,-0.05070,-0.06705,0.05164,0.26947,0.35248,1.88667,0.50000,5.00000,0.58624,0.42857,0.62500,0.00000,0.76239
213,0.1760,1269760,2095,0.01553,8.33e-04,0.5084,358.9786,0.75000,931.90342,0.57143,0.79874,2473.83185,1.77074,-0.02292,-0.24296,0.16911,-0.03813,0.44914,0.79135,-0.06359,0.25810,-0.04476,-0.06869,0.05020,0.27411,0.35669,2.35429,0.50000,1.00000,0.58624,0.42857,0.42857,0.00000,0.78344
214,0.1771,1277952,2064,0.01537,6.94e-04,0.5085,304.5592,0.75000,1011.32870,0.65217,0.81140,2445.29068,1.81547,-0.02273,-0.24014,0.17398,-0.03884,0.45649,0.80345,-0.06402,0.26553,-0.03570,-0.06784,0.05309,0.28467,0.36005,2.40667,0.50000,1.00000,0.59314,0.78261,0.78571,0.00000,0.80023
215,0.1783,1286144,1963,0.01486,6.94e-04,0.5085,288.5572,0.75000,893.73616,0.81250,0.80137,2371.74196,1.66064,-0.02283,-0.23186,0.15364,-0.03246,0.45071,0.79450,-0.06254,0.24226,-0.05354,-0.06756,0.04863,0.25940,0.35685,2.62833,0.50000,2.00000,0.59314,0.68750,0.81818,0.00000,0.78424
216,0.1794,1294336,2023,0.00867,1.00e-03,0.5087,306.9646,0.74600,951.00290,0.55556,0.76774,2297.51502,1.67847,-0.02292,-0.22576,0.15546,-0.03003,0.43421,0.76018,-0.06086,0.24375,-0.03898,-0.06572,0.04931,0.25946,0.34896,2.59250,0.50000,3.00000,0.60049,0.50000,0.42857,0.00000,0.74478
217,0.1805,1302528,2080,0.01469,8.33e-04,0.5088,269.4024,0.74600,922.50784,0.72727,0.77512,2326.03669,1.65460,-0.02303,-0.22851,0.15778,-0.03546,0.43073,0.76830,-0.05931,0.24271,-0.04137,-0.06615,0.04720,0.25458,0.34938,2.43571,0.00000,0.00000,0.59669,0.63636,0.56250,0.00000,0.74691
218,0.1816,1310720,2085,0.01164,8.33e-04,0.5089,241.6633,0.74600,782.97432,0.80000,0.76286,2314.62906,1.64369,-0.02357,-0.22705,0.15358,-0.03040,0.42366,0.75571,-0.06339,0.23046,-0.03398,-0.06521,0.04661,0.24542,0.34772,3.57667,0.00000,1.00000,0.59669,0.60000,0.71429,0.00000,0.73858
219,0.1827,1318912,2012,0.01296,1.00e-03,0.5089,273.7360,0.74200,732.18749,0.84211,0.76077,2431.30471,1.64096,-0.02391,-0.23832,0.15331,-0.03044,0.42288,0.75468,-0.06257,0.23494,-0.04448,-0.06633,0.04696,0.24670,0.34814,2.77857,0.00000,1.00000,0.60520,0.63158,0.66667,0.00000,0.74069
220,0.1839,1327104,1998,0.01622,1.00e-03,0.5090,322.5086,0.74200,1084.80309,0.60000,0.76176,2349.28112,1.59823,-0.02343,-0.23016,0.14856,-0.03227,0.42256,0.75483,-0.06290,0.22985,-0.05657,-0.06581,0.04606,0.24188,0.34806,2.32222,0.00000,0.00000,0.60520,0.73333,0.66667,0.00000,0.74031
221,0.1850,1335296,2036,0.01023,1.20e-03,0.5090,297.8613,0.73800,874.03665,0.90000,0.74675,2361.49921,1.60462,-0.02335,-0.23170,0.14615,-0.03185,0.41284,0.73929,-0.06227,0.22973,-0.04400,-0.06628,0.04602,0.24475,0.34488,2.22889,0.50000,1.00000,0.60939,0.60000,0.62500,0.00000,0.72439
222,0.1861,1343488,2007,0.01505,1.00e-03,0.5091,283.8655,0.73800,826.39465,0.87500,0.74209,2348.80106,1.58100,-0.02355,-0.23068,0.13898,-0.03233,0.41298,0.73555,-0.06377,0.21883,-0.02897,-0.06616,0.04368,0.23102,0.34828,2.17538,0.50000,2.00000,0.60939,0.37500,0.41667,0.00000,0.74139
223,0.1872,1351680,2060,0.01075,1.20e-03,0.5091,293.1910,0.73400,798.27455,0.84211,0.74153,2385.41548,1.58971,-0.02285,-0.23431,0.14804,-0.03421,0.41225,0.73560,-0.06247,0.22697,-0.03236,-0.06782,0.04534,0.23865,0.34806,2.47692,0.00000,2.00000,0.60230,0.63158,0.64286,0.00000,0.74032
224,0.1884,1359872,2027,0.01707,8.33e-04,0.5091,266.1736,0.73400,883.76156,0.77778,0.74133,2314.26372,1.59445,-0.02283,-0.22709,0.14990,-0.03088,0.41061,0.73534,-0.06180,0.22760,-0.02852,-0.06631,0.04609,0.24127,0.34723,1.83818,0.00000,2.00000,0.60230,0.55556,0.58333,0.00000,0.73615
225,0.1895,1368064,2014,0.01357,6.94e-04,0.5092,213.5108,0.73000,764.64915,0.84615,0.72011,2295.68872,1.52502,-0.02297,-0.22575,0.13763,-0.03167,0.40118,0.71345,-0.06081,0.21391,-0.02602,-0.06611,0.04290,0.22601,0.34475,3.42200,0.00000,1.00000,0.61025,0.69231,0.80000,0.00000,0.72376
226,0.1906,1376256,2061,0.01140,8.33e-04,0.5092,279.9114,0.73000,689.11390,0.83333,0.71026,2282.44487,1.49914,-0.02321,-0.22407,0.14110,-0.02742,0.39418,0.70420,-0.06076,0.21027,-0.03277,-0.06578,0.04149,0.22156,0.34192,2.23538,0.50000,3.00000,0.61025,0.16667,0.16667,0.00000,0.70958
227,0.1918,1384448,1997,0.02787,5.79e-04,0.5092,243.8463,0.73000,963.91651,0.52632,0.69902,2266.69241,1.43093,-0.02311,-0.22235,0.13268,-0.03032,0.38734,0.69251,-0.06292,0.20205,-0.03696,-0.06563,0.04112,0.21307,0.34159,2.18750,0.50000,3.00000,0.58080,0.63158,0.57143,0.00000,0.70794
228,0.1930,1392640,1885,0.01370,5.79e-04,0.5093,276.2689,0.73000,692.47293,0.81818,0.69344,2353.83035,1.41733,-0.02294,-0.23067,0.12267,-0.02899,0.38288,0.68761,-0.06161,0.19473,-0.03792,-0.06562,0.03816,0.20892,0.34083,1.73429,0.50000,3.00000,0.58080,0.36364,0.33333,0.00000,0.70415
229,0.1942,1400832,1902,0.01033,8.33e-04,0.5093,274.5549,0.73000,621.98846,0.85714,0.69600,2293.95473,1.43908,-0.02315,-0.22562,0.12198,-0.02621,0.37857,0.68997,-0.06326,0.19233,-0.03188,-0.06513,0.03877,0.20917,0.34030,2.73750,0.00000,1.00000,0.54625,0.28571,0.18182,0.00000,0.70151
230,0.1954,1409024,1800,0.02216,5.79e-04,0.5094,376.7954,0.73000,792.72095,0.92000,0.69727,2361.49228,1.43350,-0.02281,-0.23131,0.13261,-0.03051,0.38070,0.69081,-0.06281,0.19961,-0.03124,-0.06589,0.03920,0.21051,0.34097,2.14800,0.00000,1.00000,0.53254,0.44000,0.40909,0.00000,0.70483
231,0.1967,1417216,1848,0.01759,4.02e-04,0.5094,264.5865,0.73000,848.52706,0.66667,0.69530,2314.37483,1.42747,-0.02282,-0.22656,0.13142,-0.02671,0.37830,0.68847,-0.06100,0.20355,-0.03332,-0.06562,0.03837,0.21027,0.34066,2.92000,0.00000,2.00000,0.53254,0.55556,0.50000,0.00000,0.70329
232,0.1980,1425408,1744,0.01441,3.35e-04,0.5094,264.6267,0.73000,692.37639,0.83333,0.68701,2292.54457,1.34688,-0.02304,-0.22460,0.11241,-0.02777,0.36750,0.68109,-0.05902,0.18276,-0.02961,-0.06553,0.03721,0.19366,0.33722,2.80000,0.50000,3.00000,0.52474,0.44444,0.41667,0.00000,0.68608
233,0.1993,1433600,1731,0.00821,4.82e-04,0.5094,293.8636,0.73000,657.26805,0.93750,0.68602,2313.26335,1.35269,-0.02355,-0.22703,0.12805,-0.02892,0.36848,0.68033,-0.06235,0.18730,-0.03807,-0.06556,0.03676,0.19928,0.33592,2.66769,0.00000,0.00000,0.52474,0.43750,0.40000,0.00000,0.67959
234,0.2006,1441792,1759,0.01679,3.35e-04,0.5095,257.6395,0.73000,674.35149,0.90909,0.68165,2279.19549,1.39436,-0.02409,-0.22351,0.13325,-0.02586,0.36359,0.67672,-0.06753,0.19283,-0.03112,-0.06394,0.03906,0.20294,0.33417,2.87778,0.50000,2.00000,0.51574,0.45455,0.50000,0.00000,0.67084
235,0.2019,1449984,1757,0.01282,3.35e-04,0.5096,294.6206,0.73000,771.43114,0.80952,0.69872,2298.85401,1.42068,-0.02367,-0.22522,0.13202,-0.02618,0.37608,0.69311,-0.06378,0.19922,-0.03859,-0.06497,0.04253,0.21210,0.33746,2.22000,0.00000,0.00000,0.51123,0.52381,0.47059,0.00000,0.68728
236,0.2032,1458176,1772,0.00471,5.79e-04,0.5096,306.0859,0.73000,643.25044,0.81818,0.69441,2376.87484,1.40138,-0.02460,-0.23271,0.13143,-0.02786,0.37534,0.68861,-0.06659,0.19834,-0.05724,-0.06576,0.04177,0.21375,0.33843,2.94000,0.00000,0.00000,0.51123,0.36364,0.22222,0.00000,0.69217
237,0.2045,1466368,1742,0.00956,8.33e-04,0.5096,267.7052,0.73000,823.32706,0.62500,0.70349,2421.13866,1.48044,-0.02393,-0.23652,0.13761,-0.03134,0.38093,0.69729,-0.06490,0.20783,-0.03790,-0.06542,0.04308,0.22504,0.34062,2.17143,0.50000,2.00000,0.48952,0.37500,0.37500,0.00000,0.70310
238,0.2057,1474560,1800,0.01305,8.33e-04,0.5096,232.0119,0.73000,791.75601,0.68750,0.70796,2331.60839,1.50295,-0.02397,-0.22864,0.14559,-0.02897,0.38204,0.70029,-0.06476,0.21782,-0.03577,-0.06512,0.04283,0.22943,0.34035,2.79143,0.00000,1.00000,0.48952,0.50000,0.60000,0.00000,0.70173
239,0.2070,1482752,1813,0.01232,8.33e-04,0.5096,272.6028,0.73000,548.74610,0.86667,0.70418,2358.87708,1.47036,-0.02389,-0.23152,0.13506,-0.02782,0.37972,0.69721,-0.06250,0.20697,-0.02813,-0.06565,0.04145,0.21893,0.34083,2.50400,0.00000,3.00000,0.49056,0.40000,0.40000,0.00000,0.70414
240,0.2082,1490944,1958,0.01178,8.33e-04,0.5097,217.8842,0.73000,633.55711,0.84211,0.71416,2273.25658,1.45458,-0.02437,-0.22360,0.13756,-0.03141,0.38615,0.70906,-0.06313,0.20529,-0.02942,-0.06491,0.04208,0.21655,0.34083,1.89111,0.00000,1.00000,0.49056,0.31579,0.26667,0.00000,0.70414
241,0.2094,1499136,1882,0.01429,6.94e-04,0.5097,273.9489,0.73000,678.09997,0.86667,0.70262,2239.00645,1.46113,-0.02427,-0.22007,0.14153,-0.03065,0.38247,0.69686,-0.06421,0.20649,-0.03664,-0.06453,0.04265,0.22119,0.33927,3.35778,0.00000,3.00000,0.48951,0.66667,0.80000,0.00000,0.69635
242,0.2105,1507328,2083,0.01412,5.79e-04,0.5097,243.9856,0.73000,782.30291,0.75000,0.70254,2315.11335,1.41571,-0.02391,-0.22657,0.14022,-0.02825,0.38143,0.69658,-0.06324,0.19786,-0.04493,-0.06558,0.03981,0.21246,0.33869,3.13333,0.00000,1.00000,0.48951,0.43750,0.54545,0.00000,0.69345
243,0.2116,1515520,2030,0.01351,5.79e-04,0.5097,343.9586,0.73000,665.30648,0.87500,0.70226,2311.65224,1.43545,-0.02464,-0.22668,0.13781,-0.03161,0.37931,0.69706,-0.06417,0.20211,-0.03401,-0.06516,0.03843,0.21173,0.33886,2.37818,0.50000,4.00000,0.50722,0.56250,0.80000,0.00000,0.69432
244,0.2127,1523712,2074,0.01095,8.33e-04,0.5098,312.3198,0.73000,646.06057,0.78571,0.71177,2394.78546,1.46749,-0.02406,-0.23525,0.14417,-0.03169,0.38354,0.70556,-0.06372,0.20706,-0.04545,-0.06573,0.03694,0.21741,0.33976,2.00000,0.50000,2.00000,0.50722,0.35714,0.33333,0.00000,0.69878
245,0.2138,1531904,2041,0.01120,1.00e-03,0.5098,324.0154,0.73000,946.15266,0.53333,0.71964,2406.93472,1.50335,-0.02379,-0.23580,0.14768,-0.02800,0.38646,0.71316,-0.06634,0.20833,-0.04746,-0.06562,0.04114,0.22198,0.34119,2.93429,0.00000,1.00000,0.51275,0.80000,0.85714,0.00000,0.70596
246,0.2149,1540096,2062,0.01239,1.00e-03,0.5099,283.7738,0.73000,731.58705,0.80769,0.73341,2313.34811,1.46919,-0.02390,-0.22731,0.14469,-0.02974,0.39189,0.72695,-0.06693,0.20544,-0.04755,-0.06644,0.04103,0.21790,0.34015,2.47467,0.50000,3.00000,0.50592,0.50000,0.44444,0.00000,0.70074
247,0.2160,1548288,2075,0.01473,6.94e-04,0.5100,286.2144,0.73000,669.85361,0.83333,0.71957,2284.78894,1.48871,-0.02424,-0.22360,0.14541,-0.02837,0.39139,0.71311,-0.06806,0.20785,-0.04016,-0.06526,0.04173,0.22070,0.34278,2.37800,0.50000,2.00000,0.50592,0.44444,0.38462,0.00000,0.71392
248,0.2171,1556480,2039,0.01610,6.94e-04,0.5100,267.5513,0.73000,758.82911,0.84211,0.71876,2268.52380,1.46577,-0.02432,-0.22264,0.14911,-0.02681,0.38532,0.71288,-0.06567,0.20475,-0.03656,-0.06599,0.04074,0.21863,0.33938,2.42667,0.00000,1.00000,0.49819,0.52632,0.46667,0.00000,0.69690
249,0.2183,1564672,2003,0.00980,1.00e-03,0.5101,318.6871,0.73000,856.53450,0.63636,0.70707,2302.14159,1.45200,-0.02464,-0.22534,0.14366,-0.02656,0.38123,0.69965,-0.06549,0.20219,-0.03735,-0.06552,0.04058,0.21948,0.33860,3.79667,0.00000,0.00000,0.49819,0.81818,0.71429,0.00000,0.69298
250,0.2194,1572864,1995,0.01095,1.20e-03,0.5101,271.3855,0.73000,586.19297,0.81250,0.71960,2350.08400,1.53772,-0.02400,-0.22991,0.15506,-0.02972,0.38857,0.71219,-0.06725,0.21573,-0.03457,-0.06502,0.04286,0.23260,0.34038,2.67333,0.50000,2.00000,0.48726,0.31250,0.18182,0.00000,0.70188
251,0.2206,1581056,2007,0.01806,1.20e-03,0.5102,354.0794,0.73000,729.23609,0.80000,0.73352,2298.98936,1.56712,-0.02295,-0.22577,0.16021,-0.02921,0.39757,0.72667,-0.06339,0.22305,-0.03747,-0.06593,0.04429,0.23639,0.34311,2.74444,0.00000,0.00000,0.48726,0.46667,0.33333,0.00000,0.71556
252,0.2217,1589248,2044,0.01998,8.33e-04,0.5103,231.5925,0.73000,794.30078,0.71429,0.73131,2302.99673,1.57772,-0.02311,-0.22665,0.15925,-0.03063,0.39503,0.72480,-0.06324,0.22603,-0.03466,-0.06611,0.04678,0.23853,0.34138,2.24750,0.00000,1.00000,0.48139,0.57143,0.55556,0.00000,0.70690
253,0.2228,1597440,2047,0.02462,5.79e-04,0.5104,241.5460,0.73000,776.74387,0.75000,0.73289,2418.41414,1.55180,-0.02379,-0.23644,0.15634,-0.03320,0.39020,0.72695,-0.06490,0.22635,-0.05547,-0.06675,0.04564,0.23804,0.33985,2.81500,0.00000,1.00000,0.48139,0.56250,0.54545,0.00000,0.69927
254,0.2239,1605632,2031,0.00906,8.33e-04,0.5104,216.3236,0.73000,809.50895,0.75000,0.73200,2329.82439,1.54618,-0.02374,-0.22844,0.14895,-0.02886,0.39379,0.72531,-0.06471,0.21698,-0.03773,-0.06560,0.04401,0.22931,0.34283,2.43333,0.00000,2.00000,0.48087,0.43750,0.40000,0.00000,0.71416
255,0.2251,1613824,2018,0.01303,6.94e-04,0.5104,233.5475,0.73000,747.32320,0.80952,0.73565,2335.98859,1.56397,-0.02341,-0.22898,0.15361,-0.03268,0.40067,0.72999,-0.06225,0.22153,-0.02891,-0.06577,0.04423,0.23279,0.34467,2.21167,0.00000,3.00000,0.48087,0.52381,0.57143,0.00000,0.72337
256,0.2262,1622016,2006,0.01253,6.94e-04,0.5104,304.1956,0.73000,726.37972,0.84615,0.73800,2293.59728,1.56421,-0.02377,-0.22498,0.15321,-0.03044,0.40613,0.73198,-0.06054,0.21984,-0.03059,-0.06544,0.04389,0.23401,0.34522,3.29400,0.00000,1.00000,0.48695,0.46154,0.50000,0.00000,0.72610
257,0.2273,1630208,2085,0.01400,6.94e-04,0.5105,313.2607,0.73000,521.69892,0.94118,0.73619,2390.76164,1.57517,-0.02353,-0.23382,0.15648,-0.02883,0.39965,0.72968,-0.06133,0.22730,-0.03929,-0.06578,0.04493,0.23975,0.34275,3.20909,0.50000,3.00000,0.48695,0.47059,0.53846,0.00000,0.71377
258,0.2284,1638400,1981,0.01164,6.94e-04,0.5106,268.0706,0.73000,789.42575,0.72222,0.74342,2395.98358,1.53474,-0.02385,-0.23497,0.14710,-0.02773,0.39965,0.73754,-0.06308,0.21752,-0.04391,-0.06655,0.04540,0.23047,0.34326,3.48000,0.50000,2.00000,0.48409,0.44444,0.36364,0.00000,0.71629
259,0.2295,1646592,2058,0.01144,6.94e-04,0.5107,259.9394,0.73000,733.35740,0.71429,0.75026,2259.27104,1.55301,-0.02413,-0.22191,0.14720,-0.02904,0.40170,0.74362,-0.06325,0.21775,-0.03523,-0.06510,0.04233,0.22772,0.34513,2.65143,0.50000,4.00000,0.48409,0.57143,0.83333,0.00000,0.72567
260,0.2307,1654784,2028,0.01710,4.82e-04,0.5108,271.8991,0.73000,743.05483,0.91667,0.74305,2349.86118,1.59858,-0.02418,-0.23047,0.15586,-0.03181,0.40099,0.73618,-0.06326,0.22916,-0.04509,-0.06589,0.04497,0.24280,0.34577,2.10000,0.50000,1.00000,0.49818,0.50000,0.50000,0.00000,0.72883
261,0.2318,1662976,2028,0.01120,5.79e-04,0.5108,388.0072,0.73000,960.37350,0.64000,0.75310,2462.17190,1.60164,-0.02354,-0.24128,0.15603,-0.02929,0.40524,0.74677,-0.06268,0.22875,-0.03858,-0.06716,0.04589,0.24298,0.34358,2.12154,0.00000,1.00000,0.49818,0.60000,0.60000,0.00000,0.71789
262,0.2329,1671168,2072,0.01158,6.94e-04,0.5109,309.3711,0.73000,855.32816,0.81250,0.76898,2291.81814,1.59142,-0.02375,-0.22499,0.15607,-0.03296,0.41660,0.76153,-0.06341,0.22789,-0.03756,-0.06583,0.04365,0.24005,0.34529,2.41000,0.00000,2.00000,0.52144,0.81250,0.90909,0.00000,0.72644
263,0.2340,1679360,2050,0.01626,5.79e-04,0.5109,310.9334,0.73000,486.16816,0.94444,0.75900,2316.44193,1.59939,-0.02447,-0.22734,0.15456,-0.03359,0.41584,0.75134,-0.06402,0.22410,-0.03325,-0.06590,0.04578,0.24139,0.34609,2.70000,0.00000,3.00000,0.52144,0.27778,0.28571,0.00000,0.73045
264,0.2351,1687552,2024,0.01264,5.79e-04,0.5110,387.4671,0.73000,886.25177,0.63158,0.75746,2314.27816,1.58179,-0.02453,-0.22663,0.15397,-0.03498,0.41511,0.75022,-0.06333,0.22406,-0.03332,-0.06634,0.04327,0.23730,0.34521,2.20889,0.00000,0.00000,0.50006,0.42105,0.33333,0.00000,0.72605
265,0.2362,1695744,2047,0.00951,8.33e-04,0.5110,297.1365,0.73000,811.42019,0.75000,0.75067,2312.23096,1.61512,-0.02435,-0.22738,0.15576,-0.03262,0.40615,0.74327,-0.06333,0.22769,-0.03333,-0.06669,0.04568,0.24005,0.34209,4.16000,0.00000,1.00000,0.50006,0.66667,0.62500,0.00000,0.71043
266,0.2374,1703936,2009,0.01434,6.94e-04,0.5111,259.2826,0.73000,806.78432,0.73684,0.76927,2358.08321,1.64274,-0.02440,-0.23179,0.15689,-0.03158,0.41774,0.76164,-0.06383,0.23580,-0.03649,-0.06758,0.04689,0.24719,0.34755,3.17385,0.50000,1.00000,0.50244,0.52632,0.46154,0.00000,0.73773
267,0.2385,1712128,1975,0.03132,4.02e-04,0.5112,228.3645,0.73000,849.89157,0.84615,0.75480,2291.21275,1.61683,-0.02436,-0.22540,0.16007,-0.03010,0.40921,0.74754,-0.06556,0.22988,-0.03967,-0.06650,0.04789,0.24347,0.34408,2.14909,0.00000,0.00000,0.50244,0.53846,0.63636,0.00000,0.72039
268,0.2397,1720320,1965,0.01179,4.82e-04,0.5113,249.8850,0.73000,864.15138,0.81818,0.74602,2350.24281,1.63947,-0.02433,-0.23043,0.16862,-0.03541,0.40091,0.73997,-0.06594,0.23928,-0.03989,-0.06594,0.04609,0.25049,0.34183,2.05429,0.00000,1.00000,0.51009,0.54545,0.50000,0.00000,0.70915
269,0.2409,1728512,1977,0.01684,3.35e-04,0.5113,276.8220,0.73000,766.94364,0.80000,0.76925,2317.67705,1.64761,-0.02482,-0.22754,0.16406,-0.02993,0.41131,0.76231,-0.06840,0.23529,-0.04247,-0.06596,0.04777,0.24768,0.34508,2.68462,0.50000,2.00000,0.51009,0.60000,0.57143,0.00000,0.72539
270,0.2420,1736704,1931,0.01477,2.79e-04,0.5113,241.2701,0.73000,831.99788,0.71429,0.77245,2363.17840,1.64107,-0.02438,-0.23228,0.15996,-0.03432,0.41987,0.76492,-0.06619,0.23371,-0.03744,-0.06557,0.04935,0.25122,0.34634,3.41750,0.50000,2.00000,0.51817,0.50000,0.62500,0.00000,0.73169
271,0.2432,1744896,1881,0.02932,1.94e-04,0.5113,272.8640,0.73000,715.71364,0.88889,0.77292,2226.36988,1.58240,-0.02514,-0.21837,0.14548,-0.02912,0.42125,0.76626,-0.06521,0.21526,-0.03372,-0.06610,0.04444,0.23517,0.34598,2.42143,0.50000,2.00000,0.51817,0.38889,0.42857,0.00000,0.72991
272,0.2446,1753088,1702,0.00711,2.33e-04,0.5113,263.5273,0.73000,904.77108,0.80000,0.74727,2351.38819,1.54118,-0.02562,-0.22994,0.14477,-0.03073,0.40667,0.74131,-0.06512,0.21684,-0.04451,-0.06729,0.04547,0.23480,0.34119,2.42800,0.00000,2.00000,0.52469,0.66667,0.80000,0.00000,0.70595
273,0.2459,1761280,1761,0.00603,3.35e-04,0.5114,276.9690,0.73000,886.22622,0.75000,0.72513,2251.52393,1.51940,-0.02502,-0.22067,0.14279,-0.02914,0.39624,0.71939,-0.06647,0.21186,-0.04168,-0.06597,0.04456,0.22852,0.34029,2.34200,0.00000,2.00000,0.52469,0.43750,0.50000,0.00000,0.70143
274,0.2471,1769472,1799,0.00919,4.82e-04,0.5114,292.9423,0.73000,592.62703,0.90000,0.72927,2290.91270,1.51755,-0.02447,-0.22517,0.14432,-0.02909,0.39886,0.72383,-0.06536,0.21030,-0.04147,-0.06676,0.04416,0.22217,0.34085,2.27385,0.50000,4.00000,0.50555,0.25000,0.21429,0.00000,0.70426
275,0.2484,1777664,1802,0.01175,5.79e-04,0.5114,274.0897,0.73000,772.69125,0.76923,0.74710,2304.33930,1.59429,-0.02435,-0.22503,0.15475,-0.02912,0.40888,0.73993,-0.06309,0.22659,-0.04571,-0.06548,0.04558,0.24036,0.34406,2.20222,0.50000,2.00000,0.50555,0.53846,0.50000,0.00000,0.72031
276,0.2497,1785856,1808,0.01098,6.94e-04,0.5115,297.5850,0.73000,953.86324,0.69231,0.73307,2397.52040,1.53619,-0.02560,-0.23506,0.14240,-0.03184,0.39779,0.72684,-0.06586,0.21355,-0.03575,-0.06633,0.04438,0.23004,0.34039,1.42250,0.50000,1.00000,0.51125,0.69231,0.62500,0.00000,0.70194
277,0.2509,1794048,1816,0.01025,8.33e-04,0.5115,348.7296,0.73000,819.23582,0.80000,0.75533,2420.45287,1.50472,-0.02480,-0.23713,0.14281,-0.02912,0.40896,0.74755,-0.06565,0.20700,-0.04410,-0.06729,0.04200,0.21881,0.34608,2.58556,0.00000,1.00000,0.51802,0.64000,0.57895,0.00000,0.73042
278,0.2522,1802240,1811,0.01109,8.33e-04,0.5116,343.9196,0.73000,874.79733,0.66667,0.76607,2365.60637,1.57373,-0.02549,-0.23176,0.15127,-0.03296,0.41509,0.75784,-0.06602,0.22426,-0.03863,-0.06700,0.04608,0.23987,0.34585,3.35111,0.00000,3.00000,0.51802,0.66667,0.66667,0.00000,0.72923
279,0.2534,1810432,1855,0.01209,8.33e-04,0.5117,327.5272,0.73000,606.10835,0.80000,0.76642,2393.13010,1.58577,-0.02539,-0.23369,0.15447,-0.03121,0.41232,0.75826,-0.06395,0.22841,-0.05205,-0.06637,0.04775,0.24707,0.34582,3.43833,0.00000,2.00000,0.51839,0.45000,0.42857,0.00000,0.72908
280,0.2547,1818624,1859,0.01235,1.00e-03,0.5118,307.9988,0.73000,1019.16467,0.53846,0.75320,2385.77377,1.54824,-0.02487,-0.23327,0.15260,-0.03019,0.40560,0.74549,-0.06355,0.22117,-0.04836,-0.06659,0.04469,0.23505,0.34294,2.24000,0.00000,0.00000,0.51839,0.53846,0.42857,0.00000,0.71470
281,0.2559,1826816,1858,0.01528,8.33e-04,0.5119,330.8491,0.73000,730.07290,0.92857,0.74800,2349.11079,1.60603,-0.02433,-0.23045,0.15617,-0.03367,0.40380,0.74084,-0.06395,0.23090,-0.04450,-0.06645,0.04562,0.24542,0.34225,2.54364,0.00000,2.00000,0.50544,0.35714,0.36364,0.00000,0.71127
282,0.2571,1835008,1825,0.01212,1.00e-03,0.5119,298.5452,0.73000,779.96345,0.88235,0.78194,2427.76920,1.64484,-0.02426,-0.23845,0.16336,-0.03300,0.42223,0.77333,-0.06274,0.23623,-0.05125,-0.06842,0.04831,0.25482,0.34522,2.44615,0.00000,0.00000,0.50544,0.52941,0.46667,0.00000,0.72610
283,0.2584,1843200,1821,0.01521,8.33e-04,0.5120,233.6768,0.73000,1001.34601,0.66667,0.77661,2378.69593,1.63534,-0.02558,-0.23217,0.15412,-0.03227,0.41686,0.76981,-0.06516,0.22887,-0.05441,-0.06759,0.04993,0.24988,0.34700,3.21750,0.00000,0.00000,0.51142,0.75000,0.75000,0.00000,0.73502
284,0.2596,1851392,1833,0.01408,6.94e-04,0.5121,261.4703,0.73000,852.86425,0.70588,0.76285,2347.99042,1.59049,-0.02497,-0.22990,0.15140,-0.03183,0.40946,0.75629,-0.06681,0.21975,-0.04128,-0.06687,0.04504,0.23792,0.34556,2.28000,0.00000,2.00000,0.51142,0.52941,0.60000,0.00000,0.72782
285,0.2609,1859584,1830,0.01229,6.94e-04,0.5121,321.7228,0.73000,714.12557,0.87500,0.76702,2291.37455,1.58760,-0.02596,-0.22475,0.15215,-0.03322,0.40969,0.75932,-0.06847,0.22356,-0.04306,-0.06558,0.04651,0.24091,0.34270,2.57200,0.00000,2.00000,0.51027,0.37500,0.41667,0.00000,0.71348
286,0.2621,1867776,1812,0.02485,4.82e-04,0.5121,312.9352,0.73000,588.92362,0.94737,0.77610,2415.30423,1.67794,-0.02536,-0.23665,0.16767,-0.03596,0.41726,0.76828,-0.06689,0.24477,-0.04825,-0.06797,0.05000,0.26208,0.34479,3.40333,0.00000,2.00000,0.50300,0.42105,0.43750,0.00000,0.72395
287,0.2634,1875968,1842,0.01261,4.82e-04,0.5121,306.0056,0.73000,862.13305,0.75000,0.79126,2367.17791,1.70459,-0.02579,-0.23257,0.16132,-0.03593,0.42514,0.78298,-0.06842,0.24135,-0.03399,-0.06618,0.05142,0.26270,0.34682,2.67200,0.00000,2.00000,0.50300,0.50000,0.50000,0.00000,0.73408
288,0.2646,1884160,1797,0.01443,3.35e-04,0.5121,236.0811,0.73000,745.58562,0.80000,0.79279,2326.63674,1.72134,-0.02524,-0.22778,0.16798,-0.03570,0.43272,0.78376,-0.06784,0.24478,-0.03887,-0.06659,0.05097,0.26807,0.34968,2.24500,0.00000,2.00000,0.49770,0.46667,0.40000,0.00000,0.74838
289,0.2659,1892352,1843,0.00948,4.82e-04,0.5122,268.6964,0.73000,931.58298,0.66667,0.77599,2186.29861,1.68548,-0.02507,-0.21484,0.17014,-0.03480,0.42688,0.76848,-0.06673,0.23682,-0.03908,-0.06628,0.05103,0.25909,0.34632,2.91111,0.00000,1.00000,0.49770,0.60000,0.44444,0.00000,0.73158
290,0.2671,1900544,1814,0.01558,4.02e-04,0.5122,360.1113,0.73000,625.07024,0.83333,0.76909,2269.42888,1.65161,-0.02529,-0.22200,0.16038,-0.03338,0.42079,0.76267,-0.06694,0.23256,-0.03816,-0.06622,0.05204,0.25519,0.34534,3.36444,0.00000,6.00000,0.49793,0.38889,0.55556,0.00000,0.72672
291,0.2684,1908736,1782,0.00863,5.79e-04,0.5122,280.4467,0.73000,935.12314,0.75000,0.77368,2345.29123,1.69339,-0.02593,-0.22986,0.16123,-0.03637,0.42130,0.76724,-0.06808,0.24000,-0.04125,-0.06707,0.05268,0.26611,0.34733,1.96000,0.00000,0.00000,0.49793,0.50000,0.44444,0.00000,0.73664
292,0.2696,1916928,1884,0.01597,4.82e-04,0.5123,271.5818,0.73000,809.19722,0.94118,0.77476,2316.73839,1.71468,-0.02559,-0.22757,0.16879,-0.03336,0.42313,0.76762,-0.06885,0.24676,-0.04864,-0.06588,0.05574,0.27118,0.34668,3.01875,0.50000,1.00000,0.50230,0.58824,0.60000,0.00000,0.73342
293,0.2709,1925120,1807,0.01143,5.79e-04,0.5122,343.6265,0.73000,855.27592,0.69565,0.77631,2344.64471,1.54544,-0.02586,-0.22927,0.15469,-0.03041,0.41784,0.76946,-0.07069,0.21592,-0.05600,-0.06713,0.04614,0.23254,0.34667,2.32364,0.00000,3.00000,0.50230,0.56522,0.53846,0.00000,0.73337
294,0.2721,1933312,1856,0.01053,8.33e-04,0.5122,282.2715,0.73000,745.72347,0.94737,0.75973,2226.09867,1.57711,-0.02480,-0.21784,0.15458,-0.02922,0.41305,0.75370,-0.06623,0.21807,-0.04571,-0.06561,0.04790,0.23529,0.34558,2.56154,0.00000,3.00000,0.50921,0.52632,0.60000,0.00000,0.72791
295,0.2734,1941504,1829,0.02725,5.79e-04,0.5123,270.7248,0.73000,965.07635,0.73684,0.75875,2199.16819,1.57739,-0.02572,-0.21558,0.15469,-0.03265,0.40824,0.75226,-0.06630,0.21964,-0.03954,-0.06497,0.04841,0.23560,0.34244,3.11538,0.00000,0.00000,0.50921,0.57895,0.50000,0.00000,0.71221
296,0.2746,1949696,1798,0.02147,4.02e-04,0.5123,272.8367,0.73000,893.11742,0.63636,0.73315,2325.50258,1.53640,-0.02611,-0.22792,0.15424,-0.02927,0.39542,0.72755,-0.06914,0.21081,-0.03891,-0.06500,0.04697,0.22595,0.33941,1.78800,0.00000,0.00000,0.50591,0.63636,0.42857,0.00000,0.69704
297,0.2759,1957888,1820,0.01060,5.79e-04,0.5123,254.7802,0.73000,796.44416,0.76471,0.73686,2329.40458,1.54529,-0.02578,-0.22871,0.15357,-0.02728,0.39755,0.73014,-0.06544,0.21130,-0.05060,-0.06667,0.04685,0.22699,0.33923,2.02000,0.00000,2.00000,0.50591,0.35294,0.27273,0.00000,0.69615
298,0.2772,1966080,1795,0.02320,4.02e-04,0.5123,279.1280,0.73000,788.55445,0.93333,0.75339,2282.78705,1.56161,-0.02598,-0.22366,0.15988,-0.03295,0.40554,0.74611,-0.06929,0.21570,-0.05193,-0.06529,0.04572,0.23389,0.34423,1.99385,0.00000,0.00000,0.49932,0.60000,0.57143,0.00000,0.72116
299,0.2784,1974272,1832,0.01380,3.35e-04,0.5123,267.8107,0.73000,690.69771,1.00000,0.74836,2295.93755,1.57405,-0.02588,-0.22420,0.15625,-0.03201,0.40466,0.74146,-0.06767,0.21863,-0.05506,-0.06565,0.04740,0.23676,0.34119,3.12364,0.00000,1.00000,0.49932,0.50000,0.54545,0.00000,0.70595
300,0.2797,1982464,1803,0.01437,2.79e-04,0.5124,287.5896,0.73000,801.12121,0.82353,0.75417,2196.05881,1.61041,-0.02536,-0.21540,0.15527,-0.03021,0.41524,0.74812,-0.06749,0.22076,-0.03469,-0.06569,0.04930,0.23779,0.34712,2.77818,0.00000,1.00000,0.50356,0.58824,0.53846,0.00000,0.73561
301,0.2810,1990656,1764,0.01074,4.02e-04,0.5124,300.0809,0.73000,837.11245,0.60000,0.76297,2321.61469,1.62267,-0.02501,-0.22762,0.15901,-0.03072,0.41552,0.75698,-0.06507,0.22348,-0.04047,-0.06678,0.04859,0.24042,0.34660,3.06333,0.00000,3.00000,0.50356,0.46667,0.50000,0.00000,0.73301
302,0.2823,1998848,1771,0.00826,5.79e-04,0.5124,283.5511,0.73000,942.84729,0.68182,0.75992,2394.19906,1.59698,-0.02467,-0.23476,0.15858,-0.03419,0.41469,0.75376,-0.06418,0.22094,-0.04203,-0.06818,0.04826,0.23822,0.34830,2.65143,0.50000,2.00000,0.51636,0.63636,0.69231,0.00000,0.74150
303,0.2836,2007040,1749,0.01013,8.33e-04,0.5124,272.5154,0.73000,728.13830,0.92308,0.76297,2278.88781,1.56838,-0.02557,-0.22330,0.15255,-0.03450,0.41207,0.75777,-0.06652,0.21767,-0.03621,-0.06604,0.04706,0.23480,0.34797,2.68800,0.00000,1.00000,0.51636,0.53846,0.54545,0.00000,0.73986
304,0.2849,2015232,1725,0.01559,5.79e-04,0.5124,295.6692,0.73000,697.50147,0.88889,0.74646,2254.94548,1.59915,-0.02496,-0.22091,0.16221,-0.03715,0.40516,0.74082,-0.06395,0.22754,-0.03759,-0.06614,0.05076,0.24292,0.34337,2.54364,0.50000,3.00000,0.51889,0.50000,0.53846,0.00000,0.71683
305,0.2862,2023424,1795,0.01023,6.94e-04,0.5125,314.2056,0.73000,813.17352,0.77778,0.74218,2197.62400,1.58117,-0.02481,-0.21572,0.15843,-0.02980,0.40060,0.73618,-0.06201,0.21920,-0.03247,-0.06518,0.04737,0.23181,0.34056,2.80364,0.00000,2.00000,0.51889,0.44444,0.50000,0.00000,0.70281
306,0.2875,2031616,1729,0.01181,6.94e-04,0.5126,333.7598,0.73000,581.78990,0.83333,0.75497,2328.66350,1.57393,-0.02511,-0.22742,0.15670,-0.03206,0.41307,0.74891,-0.06174,0.22167,-0.06439,-0.06785,0.04759,0.23730,0.34239,2.32571,0.80000,4.00000,0.51144,0.16667,0.33333,0.00000,0.71193
307,0.2888,2039808,1750,0.00922,1.00e-03,0.5126,273.1338,0.73000,965.70252,0.71429,0.77493,2364.24989,1.71067,-0.02494,-0.23104,0.17585,-0.03397,0.42245,0.76748,-0.06404,0.24215,-0.04618,-0.06648,0.05262,0.26379,0.34601,2.26444,0.00000,1.00000,0.51144,0.57143,0.66667,0.00000,0.73005
308,0.2901,2048000,1804,0.01770,6.94e-04,0.5127,267.4446,0.73000,907.26479,0.72000,0.78303,2312.16250,1.64962,-0.02560,-0.22639,0.16380,-0.03192,0.42481,0.77621,-0.06557,0.23144,-0.04510,-0.06656,0.05066,0.24902,0.34703,2.70824,0.00000,1.00000,0.52184,0.64000,0.58824,0.00000,0.73517
309,0.2913,2056192,1827,0.01405,5.79e-04,0.5127,323.2815,0.73000,695.92216,0.94118,0.78061,2231.41527,1.64130,-0.02564,-0.21859,0.16210,-0.03215,0.42435,0.77330,-0.06685,0.23112,-0.03735,-0.06563,0.05048,0.24969,0.34717,2.73286,0.00000,2.00000,0.52184,0.47059,0.50000,0.00000,0.73584
310,0.2926,2064384,1783,0.01209,6.94e-04,0.5128,274.1074,0.73000,787.79537,0.82353,0.76357,2302.82401,1.57041,-0.02559,-0.22568,0.15634,-0.02710,0.41291,0.75649,-0.06405,0.21503,-0.04613,-0.06750,0.04718,0.23163,0.34440,2.58167,0.50000,3.00000,0.52565,0.52941,0.63636,0.00000,0.72200
311,0.2939,2072576,1777,0.01646,4.82e-04,0.5128,318.3059,0.73000,964.57219,0.72222,0.75837,2303.56951,1.55625,-0.02516,-0.22596,0.15642,-0.02860,0.41038,0.75215,-0.06460,0.21574,-0.04082,-0.06779,0.04459,0.23450,0.34331,2.82769,0.00000,0.00000,0.52565,0.66667,0.69231,0.00000,0.71653
312,0.2951,2080768,1843,0.00873,6.94e-04,0.5128,235.6660,0.73000,829.26066,1.00000,0.74940,2256.20928,1.60577,-0.02542,-0.22166,0.16635,-0.03283,0.39878,0.74362,-0.06636,0.22261,-0.03869,-0.06693,0.04636,0.23993,0.34165,2.34600,0.00000,1.00000,0.54265,0.63636,0.70000,0.00000,0.70825
313,0.2964,2088960,1807,0.01171,8.33e-04,0.5129,320.8699,0.73000,829.46666,0.85000,0.76681,2218.51922,1.60024,-0.02572,-0.21756,0.16129,-0.02851,0.40807,0.76088,-0.06898,0.21690,-0.04199,-0.06610,0.04945,0.23627,0.34391,2.46286,0.00000,1.00000,0.55714,0.70000,0.68750,0.00000,0.71955
314,0.2976,2097152,1824,0.01231,8.33e-04,0.5129,307.2077,0.73000,868.77253,0.75000,0.76926,2205.86710,1.60771,-0.02562,-0.21599,0.15846,-0.03260,0.41429,0.76299,-0.06733,0.21417,-0.03330,-0.06500,0.04718,0.23383,0.34672,3.88889,0.00000,0.00000,0.55714,0.58333,0.44444,0.00000,0.73361
315,0.2989,2105344,1789,0.01318,6.94e-04,0.5130,259.6267,0.73000,751.99109,0.78571,0.76945,2237.60593,1.68633,-0.02674,-0.21978,0.16616,-0.02899,0.41757,0.76251,-0.06940,0.22537,-0.03104,-0.06519,0.05019,0.25146,0.34714,2.16222,0.50000,2.00000,0.55142,0.42857,0.55556,0.00000,0.73568
316,0.3002,2113536,1766,0.01448,5.79e-04,0.5130,273.1818,0.73000,825.82456,0.88235,0.77015,2286.30267,1.60209,-0.02638,-0.22375,0.15757,-0.02935,0.41796,0.76424,-0.06776,0.21199,-0.03591,-0.06617,0.04807,0.23462,0.34734,2.64667,0.00000,1.00000,0.55142,0.70588,0.78571,0.00000,0.73668
317,0.3015,2121728,1766,0.00810,8.33e-04,0.5130,388.6775,0.73000,777.41894,0.81250,0.76641,2289.04371,1.61310,-0.02607,-0.22456,0.15998,-0.02809,0.41092,0.75949,-0.06838,0.21649,-0.03988,-0.06605,0.04874,0.23834,0.34446,2.13636,0.50000,3.00000,0.55878,0.43750,0.40000,0.00000,0.72230
318,0.3027,2129920,1802,0.01266,8.33e-04,0.5131,224.7712,0.73000,790.90940,1.00000,0.76685,2277.65607,1.61951,-0.02593,-0.22305,0.16141,-0.03139,0.41407,0.76115,-0.06898,0.22179,-0.04144,-0.06575,0.04904,0.24268,0.34718,2.55765,0.00000,1.00000,0.57937,0.72222,0.76471,0.00000,0.73591
319,0.3040,2138112,1836,0.01391,8.33e-04,0.5132,290.7335,0.73000,781.14169,0.85714,0.76858,2335.87659,1.64463,-0.02587,-0.22815,0.16669,-0.03039,0.41516,0.76159,-0.06878,0.22579,-0.04341,-0.06620,0.04855,0.24762,0.34827,2.08200,0.50000,2.00000,0.57937,0.57143,0.70000,0.00000,0.74137
320,0.3052,2146304,1810,0.01378,6.94e-04,0.5133,261.3406,0.73000,734.66979,0.82353,0.77334,2341.69380,1.63263,-0.02595,-0.22870,0.16839,-0.02945,0.41540,0.76669,-0.06780,0.22648,-0.05619,-0.06655,0.05047,0.24823,0.34541,2.92000,0.00000,2.00000,0.58053,0.52941,0.50000,0.00000,0.72705
321,0.3065,2154496,1803,0.01434,6.94e-04,0.5134,350.3015,0.73000,722.32691,0.76471,0.77265,2246.07814,1.63590,-0.02619,-0.22025,0.16393,-0.03202,0.41471,0.76624,-0.06784,0.22065,-0.03463,-0.06563,0.04831,0.24438,0.34561,2.54000,0.00000,4.00000,0.58053,0.35294,0.33333,0.00000,0.72806
322,0.3079,2162688,1674,0.01027,8.33e-04,0.5135,252.0160,0.73000,777.89863,0.76923,0.77253,2290.66737,1.66572,-0.02604,-0.22403,0.16879,-0.03516,0.41740,0.76649,-0.06816,0.23215,-0.05345,-0.06692,0.05253,0.25757,0.34724,3.08571,0.00000,2.00000,0.56365,0.53846,0.50000,0.00000,0.73619
323,0.3092,2170880,1790,0.01239,8.33e-04,0.5136,296.0215,0.73000,830.73749,0.78571,0.77313,2260.59450,1.72103,-0.02556,-0.22223,0.17963,-0.03533,0.41609,0.76705,-0.06786,0.24377,-0.04234,-0.06638,0.05549,0.26831,0.34845,3.31333,0.00000,1.00000,0.56365,0.57143,0.50000,0.00000,0.74227
324,0.3104,2179072,1777,0.01353,6.94e-04,0.5138,250.5827,0.73000,863.39554,0.71429,0.78433,2267.68257,1.68720,-0.02528,-0.22237,0.17946,-0.03585,0.42311,0.77726,-0.06435,0.23765,-0.04428,-0.06794,0.05407,0.25836,0.34793,2.85176,0.00000,2.00000,0.56086,0.57143,0.55556,0.00000,0.73964
325,0.3118,2187264,1735,0.01111,8.33e-04,0.5139,308.5727,0.73000,704.37428,0.86667,0.79391,2203.14680,1.73209,-0.02516,-0.21634,0.18353,-0.03328,0.42639,0.78624,-0.06356,0.24654,-0.03724,-0.06699,0.05483,0.26825,0.34814,2.53556,0.00000,2.00000,0.56086,0.46667,0.54545,0.00000,0.74072
326,0.3129,2195456,1976,0.01571,6.94e-04,0.5140,341.6118,0.73000,803.05990,0.90909,0.80077,2209.19011,1.75959,-0.02518,-0.21682,0.19127,-0.03410,0.42717,0.79288,-0.06483,0.25472,-0.04609,-0.06654,0.05764,0.27588,0.34660,2.73778,0.00000,2.00000,0.55994,0.54545,0.55556,0.00000,0.73298
327,0.3141,2203648,1972,0.01126,8.33e-04,0.5141,414.0099,0.73000,913.89481,0.72727,0.79850,2301.22121,1.70878,-0.02622,-0.22514,0.17685,-0.03498,0.42606,0.79094,-0.06968,0.24400,-0.04509,-0.06720,0.05388,0.26984,0.34595,3.20500,0.00000,0.00000,0.55994,0.81818,0.87500,0.00000,0.72973
328,0.3152,2211840,1994,0.01269,8.33e-04,0.5142,338.2217,0.73000,709.46637,0.93750,0.78978,2391.90657,1.73230,-0.02713,-0.23349,0.17113,-0.03458,0.42429,0.78210,-0.07236,0.24559,-0.04814,-0.06729,0.05343,0.27441,0.34682,2.78923,0.00000,2.00000,0.58490,0.68750,0.76923,0.00000,0.73410
329,0.3164,2220032,1991,0.02479,5.79e-04,0.5143,268.1547,0.73000,917.12286,0.86667,0.79423,2252.97696,1.68328,-0.02686,-0.22018,0.16934,-0.03387,0.42934,0.78560,-0.07115,0.23376,-0.04702,-0.06526,0.05183,0.26141,0.34865,2.27538,0.00000,0.00000,0.58490,0.66667,0.69231,0.00000,0.74325
330,0.3175,2228224,1956,0.01546,4.82e-04,0.5144,286.1403,0.72600,930.89508,0.71429,0.77972,2294.68205,1.66715,-0.02679,-0.22471,0.16861,-0.03114,0.41332,0.77172,-0.06926,0.22829,-0.03903,-0.06547,0.05170,0.25275,0.34517,3.24667,0.00000,1.00000,0.60369,0.71429,0.88889,0.00000,0.72586
331,0.3187,2236416,1974,0.01240,4.82e-04,0.5145,241.2134,0.72600,764.50831,0.86667,0.77820,2215.91217,1.67784,-0.02709,-0.21771,0.16433,-0.03262,0.41684,0.77093,-0.07049,0.22794,-0.02987,-0.06484,0.05027,0.25061,0.34602,3.29455,0.00000,1.00000,0.60369,0.53333,0.50000,0.00000,0.73011
332,0.3199,2244608,1890,0.01123,5.79e-04,0.5145,302.9898,0.72600,963.58785,0.68750,0.77281,2310.45550,1.64771,-0.02761,-0.22635,0.16061,-0.02851,0.41726,0.76656,-0.07274,0.22818,-0.04100,-0.06553,0.05056,0.24731,0.34792,2.33778,0.00000,2.00000,0.59570,0.56250,0.55556,0.00000,0.73962
333,0.3211,2252800,1930,0.01680,5.79e-04,0.5146,281.4728,0.72600,918.08128,0.71429,0.77461,2195.74558,1.69283,-0.02729,-0.21563,0.17113,-0.03069,0.41910,0.76847,-0.07265,0.23514,-0.03526,-0.06608,0.05356,0.25586,0.35087,1.94182,0.00000,2.00000,0.59570,0.61905,0.53846,0.00000,0.75435
334,0.3223,2260992,1949,0.01500,4.82e-04,0.5147,273.3593,0.72600,752.78518,0.85714,0.77409,2272.50739,1.67178,-0.02674,-0.22201,0.17770,-0.03392,0.42048,0.76838,-0.06987,0.23473,-0.04886,-0.06598,0.05371,0.26105,0.35044,2.67778,0.00000,2.00000,0.58830,0.50000,0.50000,0.00000,0.75219
335,0.3234,2269184,1919,0.01317,4.82e-04,0.5147,230.3702,0.72600,791.10860,0.76471,0.77393,2163.20982,1.67955,-0.02684,-0.21205,0.17305,-0.03359,0.42217,0.76728,-0.07035,0.22811,-0.03235,-0.06442,0.05362,0.25348,0.34766,2.63111,0.00000,3.00000,0.58830,0.47059,0.50000,0.00000,0.73828
336,0.3246,2277376,1934,0.01420,4.82e-04,0.5147,283.9048,0.72600,805.09978,0.93750,0.77791,2231.19435,1.64951,-0.02657,-0.21912,0.16743,-0.03100,0.42045,0.77195,-0.07032,0.22077,-0.03418,-0.06568,0.05280,0.24884,0.34593,2.99857,0.00000,1.00000,0.58780,0.62500,0.64286,0.00000,0.72965
337,0.3258,2285568,2013,0.01435,4.02e-04,0.5148,273.8517,0.72600,604.18397,0.85714,0.77667,2247.14501,1.62839,-0.02673,-0.21978,0.17224,-0.02961,0.42101,0.77051,-0.07062,0.22360,-0.06329,-0.06698,0.05389,0.24841,0.34772,1.79250,0.50000,5.00000,0.58780,0.50000,0.71429,0.00000,0.73859
338,0.3269,2293760,1929,0.01216,4.02e-04,0.5148,294.8231,0.72200,846.26639,0.92857,0.76602,2272.85075,1.66977,-0.02583,-0.22284,0.17577,-0.03068,0.41404,0.75973,-0.06805,0.23179,-0.04423,-0.06657,0.05332,0.25653,0.34550,2.17667,0.00000,1.00000,0.60271,0.71429,0.75000,0.00000,0.72748
339,0.3281,2301952,1909,0.01886,2.79e-04,0.5149,288.1435,0.72200,1051.73503,0.60870,0.76257,2275.87850,1.61936,-0.02631,-0.22247,0.16881,-0.03108,0.40758,0.75679,-0.06971,0.22433,-0.04644,-0.06646,0.05005,0.24347,0.34469,2.03571,0.50000,1.00000,0.60271,0.82609,0.76923,0.00000,0.72344
340,0.3293,2310144,1942,0.00729,4.02e-04,0.5150,223.5111,0.71800,747.94217,0.93750,0.73713,2115.63730,1.51195,-0.02737,-0.20668,0.16197,-0.02727,0.39733,0.73231,-0.07170,0.20934,-0.04030,-0.06478,0.04858,0.22766,0.34150,3.19714,1.06000,2.00000,0.61936,0.62500,0.76923,0.00000,0.70750
341,0.3305,2318336,1895,0.01136,4.82e-04,0.5151,316.0099,0.71800,839.54108,0.83333,0.72446,2206.70854,1.47580,-0.02705,-0.21600,0.15488,-0.02618,0.38481,0.71955,-0.06947,0.20286,-0.04692,-0.06592,0.04640,0.21851,0.33638,2.64308,0.50000,3.00000,0.61936,0.66667,0.75000,0.00000,0.68188
342,0.3317,2326528,1941,0.01999,3.35e-04,0.5152,264.4900,0.71400,933.84609,0.68182,0.74308,2267.25175,1.50337,-0.02641,-0.22135,0.15925,-0.02772,0.39352,0.73752,-0.06801,0.21169,-0.06819,-0.06707,0.04616,0.22980,0.33865,2.64615,0.00000,0.00000,0.61668,0.59091,0.46667,0.00000,0.69323
343,0.3329,2334720,1857,0.00751,4.82e-04,0.5153,354.4922,0.71400,1054.20315,0.50000,0.73198,2330.73646,1.50240,-0.02626,-0.22830,0.15411,-0.02711,0.38626,0.72642,-0.06766,0.20240,-0.05017,-0.06696,0.04587,0.22144,0.33563,1.86500,0.00000,1.00000,0.61668,0.80000,1.00000,0.00000,0.67816
344,0.3341,2342912,1912,0.01468,4.02e-04,0.5154,301.0104,0.71000,757.93782,0.84211,0.75611,2343.70158,1.53297,-0.02602,-0.22881,0.15868,-0.02806,0.39690,0.74929,-0.06840,0.20875,-0.06902,-0.06765,0.04569,0.22766,0.33843,2.54364,0.00000,1.00000,0.61291,0.47368,0.46667,0.00000,0.69217
345,0.3353,2351104,1931,0.01808,2.79e-04,0.5155,302.1514,0.71000,792.27480,0.86667,0.76037,2365.26619,1.52905,-0.02668,-0.23094,0.16054,-0.03188,0.39872,0.75511,-0.06977,0.21543,-0.06675,-0.06699,0.04676,0.23541,0.34130,2.99455,0.00000,0.00000,0.61291,0.60000,0.53846,0.00000,0.70651
346,0.3365,2359296,1927,0.01312,2.79e-04,0.5155,299.5145,0.70600,769.44262,0.90000,0.74674,2356.90146,1.56716,-0.02562,-0.23037,0.16458,-0.02636,0.38960,0.74010,-0.06685,0.21947,-0.05271,-0.06644,0.04750,0.23572,0.33897,3.22889,0.50000,1.00000,0.61352,0.70000,0.75000,0.00000,0.69483
347,0.3377,2367488,1872,0.00608,4.82e-04,0.5155,248.3002,0.70600,847.66301,0.75000,0.75188,2321.68678,1.60267,-0.02574,-0.22756,0.17076,-0.03306,0.39595,0.74574,-0.06589,0.22741,-0.04849,-0.06682,0.04786,0.24451,0.34063,3.15600,0.50000,2.00000,0.61352,0.68750,0.70000,0.00000,0.70314
348,0.3388,2375680,1985,0.01053,5.79e-04,0.5156,246.5395,0.70200,863.95945,0.78947,0.75191,2279.96930,1.61656,-0.02641,-0.22327,0.17339,-0.03533,0.39442,0.74645,-0.06740,0.22930,-0.03499,-0.06577,0.05081,0.24811,0.34073,1.90000,0.00000,2.00000,0.60869,0.52632,0.46154,0.00000,0.70367
349,0.3400,2383872,1960,0.01204,6.94e-04,0.5158,300.6155,0.70200,711.70532,0.83333,0.74927,2315.36252,1.53787,-0.02632,-0.22621,0.15879,-0.02989,0.39285,0.74473,-0.06477,0.20999,-0.04282,-0.06658,0.04660,0.22711,0.34111,2.79556,0.00000,2.00000,0.60869,0.44444,0.38462,0.00000,0.70556
350,0.3412,2392064,1937,0.01347,8.33e-04,0.5159,216.0642,0.70200,488.96329,1.00000,0.73798,2332.60733,1.50715,-0.02620,-0.22767,0.16136,-0.02844,0.38590,0.73185,-0.06498,0.21112,-0.05713,-0.06744,0.04513,0.22205,0.33768,3.18889,0.00000,1.00000,0.59182,0.46154,0.50000,0.00000,0.68840
351,0.3424,2400256,1817,0.01429,8.33e-04,0.5160,311.1124,0.70200,711.76403,0.77778,0.72736,2365.56469,1.49925,-0.02563,-0.23063,0.15813,-0.02621,0.38219,0.72226,-0.06487,0.21448,-0.06092,-0.06853,0.04625,0.22449,0.33731,2.48500,0.00000,3.00000,0.59182,0.50000,0.45455,0.00000,0.68657
352,0.3437,2408448,1854,0.01156,1.00e-03,0.5161,333.1932,0.70200,666.70123,0.89474,0.73562,2441.56475,1.52414,-0.02528,-0.23889,0.16338,-0.02687,0.38293,0.72938,-0.06340,0.22097,-0.05717,-0.06983,0.04510,0.22882,0.33709,3.30923,0.00000,3.00000,0.57664,0.36842,0.42857,0.00000,0.68547
353,0.3449,2416640,1813,0.01375,8.33e-04,0.5163,282.6339,0.70200,507.35978,0.90909,0.75156,2377.93201,1.49856,-0.02506,-0.23244,0.15762,-0.03116,0.39091,0.74666,-0.06349,0.21408,-0.07802,-0.06944,0.04412,0.22559,0.34071,2.08800,0.00000,3.00000,0.57664,0.18182,0.14286,0.00000,0.70357
354,0.3462,2424832,1822,0.01444,8.33e-04,0.5164,277.7822,0.70200,731.83453,0.85714,0.74418,2327.79610,1.54416,-0.02606,-0.22812,0.16178,-0.03092,0.38640,0.73966,-0.06672,0.21579,-0.04319,-0.06704,0.04530,0.22797,0.34022,2.46889,0.00000,1.00000,0.55231,0.50000,0.45455,0.00000,0.70109
355,0.3474,2433024,1826,0.01237,8.33e-04,0.5165,242.6835,0.70200,829.77488,0.76000,0.72591,2302.77732,1.48107,-0.02667,-0.22479,0.15905,-0.03098,0.37508,0.72199,-0.06744,0.21310,-0.04629,-0.06743,0.04513,0.22253,0.33631,2.40857,0.00000,1.00000,0.54708,0.60000,0.50000,0.00000,0.68155
356,0.3487,2441216,1830,0.03625,5.79e-04,0.5166,242.1848,0.70200,771.60952,0.83333,0.71114,2206.60783,1.38983,-0.02738,-0.21607,0.14344,-0.02512,0.36660,0.70631,-0.06763,0.19429,-0.04685,-0.06583,0.04075,0.20447,0.33349,2.24714,0.50000,2.00000,0.54708,0.55556,0.53846,0.00000,0.66744
357,0.3499,2449408,1811,0.01218,6.94e-04,0.5167,342.1085,0.70200,782.44816,0.77778,0.70043,2229.66335,1.36115,-0.02731,-0.21756,0.13108,-0.02439,0.35678,0.69613,-0.06687,0.18395,-0.03108,-0.06518,0.04097,0.19550,0.33267,1.96400,0.50000,3.00000,0.54654,0.50000,0.54545,0.00000,0.66333
358,0.3512,2457600,1816,0.01424,5.79e-04,0.5168,349.9858,0.70200,799.32584,0.81250,0.69676,2249.81287,1.29744,-0.02826,-0.21963,0.12717,-0.02785,0.35389,0.69243,-0.07037,0.17786,-0.04773,-0.06577,0.03761,0.18982,0.33025,2.18545,0.00000,0.00000,0.54654,0.50000,0.38462,0.00000,0.65124
359,0.3525,2465792,1767,0.01460,4.82e-04,0.5168,257.0766,0.70200,598.71814,0.81818,0.68916,2350.77828,1.32369,-0.02877,-0.22975,0.13188,-0.02702,0.34798,0.68491,-0.07323,0.18078,-0.05500,-0.06735,0.03747,0.19110,0.32903,2.25500,0.00000,2.00000,0.52688,0.36364,0.28571,0.00000,0.64517
360,0.3538,2473984,1786,0.02298,3.35e-04,0.5168,242.2001,0.70200,803.09104,0.85714,0.70327,2310.26894,1.35031,-0.02905,-0.22563,0.13091,-0.02255,0.35554,0.69916,-0.07412,0.17811,-0.04019,-0.06553,0.03564,0.18835,0.33111,2.46933,0.00000,0.00000,0.52975,0.61905,0.55556,0.00000,0.65557
361,0.3551,2482176,1760,0.01466,2.79e-04,0.5169,235.1763,0.70200,908.44558,0.63636,0.70191,2342.76166,1.32354,-0.02930,-0.22865,0.12922,-0.02345,0.35668,0.69756,-0.07470,0.17025,-0.05958,-0.06595,0.03522,0.18121,0.33221,2.43333,0.00000,0.00000,0.52975,0.45455,0.42857,0.00000,0.66107
362,0.3564,2490368,1746,0.01027,4.02e-04,0.5169,248.4047,0.70200,727.05169,0.75000,0.70915,2256.82857,1.39099,-0.02932,-0.22095,0.13646,-0.02443,0.35999,0.70535,-0.07630,0.18009,-0.03824,-0.06522,0.03971,0.19440,0.33354,2.94000,0.00000,2.00000,0.51795,0.43750,0.40000,0.00000,0.66770
363,0.3576,2498560,1820,0.01388,3.35e-04,0.5169,285.8275,0.70200,650.53946,0.87500,0.71500,2289.36730,1.36389,-0.02897,-0.22353,0.13733,-0.02507,0.35941,0.71069,-0.07560,0.17985,-0.05483,-0.06530,0.03949,0.19464,0.33311,2.94800,0.00000,1.00000,0.51795,0.50000,0.46154,0.00000,0.66557
364,0.3589,2506752,1757,0.00884,4.82e-04,0.5170,244.6720,0.70200,614.34476,0.80000,0.71642,2269.95855,1.39492,-0.02853,-0.22173,0.14158,-0.02580,0.36086,0.71082,-0.07233,0.18351,-0.04361,-0.06515,0.04022,0.19812,0.33277,3.55714,0.00000,3.00000,0.49798,0.26667,0.11111,0.00000,0.66384
365,0.3601,2514944,1909,0.01708,3.35e-04,0.5170,299.9175,0.70200,665.90721,0.84211,0.71687,2225.54223,1.35561,-0.02888,-0.21826,0.13824,-0.02335,0.35941,0.71196,-0.07332,0.18107,-0.05474,-0.06439,0.03854,0.19476,0.33127,2.51846,0.00000,1.00000,0.49798,0.26316,0.26667,0.00000,0.65633
366,0.3613,2523136,1878,0.01366,3.35e-04,0.5171,295.9493,0.70200,679.53929,0.73333,0.71372,2291.74702,1.41799,-0.02829,-0.22396,0.14787,-0.02900,0.35349,0.70897,-0.07359,0.19618,-0.04372,-0.06527,0.04223,0.20782,0.33106,2.66400,0.00000,3.00000,0.47861,0.33333,0.37500,0.00000,0.65529
367,0.3626,2531328,1830,0.01296,3.35e-04,0.5171,275.6976,0.70200,845.55916,0.56250,0.72793,2300.64934,1.41760,-0.02837,-0.22540,0.14419,-0.02361,0.36134,0.72295,-0.07158,0.18971,-0.05515,-0.06643,0.04220,0.20447,0.33114,3.14800,0.00000,1.00000,0.47861,0.62500,0.37500,0.00000,0.65570
368,0.3639,2539520,1708,0.01089,4.82e-04,0.5172,312.7676,0.70200,534.77585,0.87500,0.72977,2327.23567,1.40155,-0.02912,-0.22691,0.14697,-0.02654,0.36782,0.72488,-0.07474,0.19008,-0.07156,-0.06556,0.04284,0.20258,0.33531,2.91750,0.50000,4.00000,0.45853,0.25000,0.20000,0.00000,0.67656
369,0.3652,2547712,1709,0.01258,4.82e-04,0.5172,359.8444,0.70200,609.23994,0.85714,0.74234,2360.27668,1.50245,-0.02812,-0.23073,0.15705,-0.03005,0.38046,0.73740,-0.07237,0.20276,-0.05870,-0.06637,0.04543,0.21649,0.33950,2.20333,0.00000,2.00000,0.45853,0.42857,0.50000,0.00000,0.69752
370,0.3666,2555904,1660,0.01391,4.82e-04,0.5172,271.6565,0.70200,519.47844,0.93333,0.75379,2289.57977,1.54970,-0.02717,-0.22427,0.16478,-0.03132,0.38804,0.74815,-0.07230,0.21596,-0.06576,-0.06622,0.04651,0.23553,0.33895,3.76400,0.00000,1.00000,0.45615,0.33333,0.38462,0.00000,0.69475
371,0.3680,2564096,1717,0.01634,4.82e-04,0.5172,252.5685,0.70200,677.43770,0.80769,0.74955,2154.35785,1.51087,-0.02694,-0.21085,0.15959,-0.03184,0.39240,0.74438,-0.06811,0.21227,-0.04827,-0.06603,0.04631,0.23035,0.33953,2.87846,0.00000,3.00000,0.46054,0.53846,0.50000,0.00000,0.69765
372,0.3693,2572288,1711,0.01406,4.02e-04,0.5172,237.9245,0.70200,720.28377,0.77778,0.71678,2170.40367,1.44387,-0.02738,-0.21304,0.15028,-0.02781,0.37487,0.71258,-0.06898,0.19981,-0.04986,-0.06642,0.04498,0.21643,0.33210,2.07778,0.50000,2.00000,0.46054,0.38889,0.25000,0.00000,0.66048
373,0.3706,2580480,1700,0.00996,5.79e-04,0.5172,350.6932,0.70200,818.28048,0.73684,0.70690,2203.95351,1.40184,-0.02675,-0.21556,0.14523,-0.02579,0.36485,0.70353,-0.06758,0.19071,-0.04973,-0.06613,0.04259,0.20392,0.32848,3.45500,0.00000,1.00000,0.45049,0.52632,0.46154,0.00000,0.64238
374,0.3720,2588672,1703,0.01223,5.79e-04,0.5173,297.6116,0.70200,773.90642,0.72727,0.71238,2315.44360,1.44072,-0.02649,-0.22711,0.14893,-0.02502,0.36631,0.70784,-0.06731,0.19386,-0.04992,-0.06591,0.04311,0.20563,0.32937,3.61000,0.00000,0.00000,0.45049,0.27273,0.12500,0.00000,0.64686
375,0.3733,2596864,1698,0.01365,5.79e-04,0.5174,327.4372,0.70200,542.61335,0.81250,0.74692,2328.20230,1.57125,-0.02675,-0.22855,0.16115,-0.03165,0.38628,0.74183,-0.06879,0.21279,-0.03632,-0.06658,0.04768,0.22961,0.33661,1.97667,0.00000,2.00000,0.41596,0.25000,0.09091,0.00000,0.68304
376,0.3746,2605056,1762,0.01320,5.79e-04,0.5175,300.0198,0.70200,850.58205,0.66667,0.76742,2332.60140,1.57800,-0.02628,-0.22913,0.16162,-0.02959,0.40110,0.76173,-0.06809,0.21193,-0.03473,-0.06666,0.04537,0.23010,0.33748,3.68000,0.00000,0.00000,0.41596,0.73333,0.60000,0.00000,0.68738
377,0.3760,2613248,1695,0.01251,6.94e-04,0.5175,376.8875,0.70200,738.19351,0.71429,0.74846,2415.15250,1.55423,-0.02631,-0.23583,0.16651,-0.02649,0.39016,0.74151,-0.06759,0.21581,-0.06303,-0.06768,0.04584,0.23419,0.33491,3.46667,0.00000,1.00000,0.41647,0.42857,0.22222,0.00000,0.67453
378,0.3773,2621440,1731,0.03038,4.82e-04,0.5176,244.8272,0.70200,692.95947,0.81250,0.74493,2364.88981,1.55753,-0.02653,-0.23091,0.16199,-0.02979,0.39272,0.73944,-0.06866,0.21043,-0.04831,-0.06614,0.04744,0.22839,0.33787,2.90364,0.00000,1.00000,0.41647,0.37500,0.33333,0.00000,0.68935
379,0.3786,2629632,1725,0.01681,4.02e-04,0.5177,216.8961,0.70200,740.05344,1.00000,0.74861,2312.63456,1.58768,-0.02612,-0.22641,0.16804,-0.02895,0.39391,0.74422,-0.06638,0.21849,-0.04524,-0.06595,0.04999,0.23737,0.33977,2.28615,0.50000,2.00000,0.41329,0.37500,0.42857,0.00000,0.69887
380,0.3799,2637824,1734,0.01166,4.82e-04,0.5178,259.9819,0.70200,787.08201,0.71429,0.73997,2293.68114,1.54591,-0.02645,-0.22519,0.16141,-0.02940,0.39213,0.73545,-0.06483,0.20885,-0.04243,-0.06855,0.04677,0.22461,0.33928,2.23500,0.00000,3.00000,0.41329,0.38095,0.16667,0.00000,0.69642
381,0.3813,2646016,1708,0.02188,3.35e-04,0.5178,340.1005,0.70200,814.68806,0.69231,0.73622,2306.40605,1.54333,-0.02589,-0.22634,0.15946,-0.03155,0.38834,0.73132,-0.06469,0.21038,-0.04097,-0.06792,0.04500,0.22650,0.33813,3.49714,0.00000,1.00000,0.39196,0.38462,0.25000,0.00000,0.69066
382,0.3826,2654208,1714,0.00812,4.82e-04,0.5179,329.3732,0.70200,874.39275,0.64706,0.74442,2303.91996,1.56568,-0.02581,-0.22640,0.16079,-0.02820,0.38584,0.73967,-0.06430,0.21043,-0.03664,-0.06706,0.04627,0.22504,0.33697,2.32667,0.00000,3.00000,0.39196,0.64706,0.62500,0.00000,0.68483
383,0.3839,2662400,1714,0.01931,3.35e-04,0.5179,259.9200,0.70200,826.20179,0.66667,0.75590,2288.39059,1.55595,-0.02567,-0.22411,0.16235,-0.03044,0.39204,0.75057,-0.06450,0.20994,-0.04623,-0.06775,0.04575,0.22357,0.33851,2.25778,0.00000,2.00000,0.40276,0.55556,0.40000,0.00000,0.69253
384,0.3852,2670592,1741,0.01435,2.79e-04,0.5179,308.5565,0.70200,560.31549,0.78571,0.76248,2271.91878,1.61659,-0.02548,-0.22267,0.17354,-0.03054,0.39852,0.75630,-0.06333,0.22798,-0.04645,-0.06728,0.05051,0.24176,0.34039,3.17200,0.00000,4.00000,0.40276,0.42857,0.42857,0.00000,0.70197
385,0.3866,2678784,1666,0.00945,4.02e-04,0.5179,234.8511,0.70200,761.29061,0.83333,0.75276,2287.57540,1.62876,-0.02573,-0.22405,0.17719,-0.03206,0.39428,0.74702,-0.06531,0.22993,-0.04164,-0.06786,0.05055,0.24213,0.33885,2.76000,0.00000,1.00000,0.41874,0.66667,0.66667,0.00000,0.69424
386,0.3880,2686976,1651,0.01273,3.35e-04,0.5179,318.7936,0.70200,703.44826,0.92000,0.75225,2280.44616,1.59579,-0.02678,-0.22338,0.16858,-0.02845,0.39760,0.74709,-0.06684,0.22902,-0.04945,-0.06702,0.05147,0.24091,0.33931,2.35000,0.00000,1.00000,0.41323,0.40000,0.36364,0.00000,0.69655
387,0.3893,2695168,1762,0.01244,3.35e-04,0.5179,261.3840,0.70200,707.46570,0.81250,0.74833,2260.95838,1.52809,-0.02751,-0.22172,0.16730,-0.03049,0.39525,0.74339,-0.06929,0.22003,-0.04646,-0.06726,0.04700,0.22949,0.33967,3.78667,0.50000,2.00000,0.41323,0.62500,0.63636,0.00000,0.69836
388,0.3906,2703360,1736,0.01262,4.02e-04,0.5179,235.4348,0.70200,658.41065,0.83333,0.74348,2189.72671,1.55419,-0.02698,-0.21463,0.16439,-0.02859,0.39249,0.73851,-0.06677,0.22140,-0.04750,-0.06667,0.04783,0.23224,0.34007,1.77200,0.50000,3.00000,0.42408,0.38889,0.41667,0.00000,0.70035
389,0.3919,2711552,1751,0.01230,3.35e-04,0.5180,320.5817,0.70200,1041.86757,0.63158,0.74559,2246.52980,1.56573,-0.02680,-0.22007,0.16186,-0.02998,0.39025,0.74091,-0.06768,0.22155,-0.04302,-0.06651,0.04854,0.23364,0.33814,1.45000,0.00000,0.00000,0.42408,0.57895,0.41667,0.00000,0.69072
390,0.3932,2719744,1723,0.01184,4.02e-04,0.5180,250.1745,0.70200,745.54704,0.75000,0.75781,2289.21121,1.67364,-0.02672,-0.22460,0.17285,-0.03352,0.39988,0.75306,-0.07014,0.23901,-0.04209,-0.06618,0.05325,0.25494,0.34112,2.16800,0.00000,1.00000,0.41667,0.25000,0.25000,0.00000,0.70558
391,0.3946,2727936,1682,0.01436,4.02e-04,0.5181,274.8019,0.70200,774.55263,0.84211,0.77755,2287.77131,1.69541,-0.02560,-0.22461,0.17958,-0.03202,0.41405,0.77293,-0.06496,0.23924,-0.03827,-0.06863,0.05436,0.25562,0.34407,2.84933,0.50000,1.00000,0.41667,0.57895,0.53333,0.00000,0.72036
392,0.3959,2736128,1675,0.01679,4.02e-04,0.5182,307.0378,0.70200,875.28468,0.76923,0.76923,2243.08949,1.68516,-0.02632,-0.22024,0.18290,-0.03175,0.40544,0.76416,-0.06732,0.24001,-0.03713,-0.06689,0.05359,0.25690,0.34074,2.42250,0.00000,0.00000,0.43100,0.69231,0.60000,0.00000,0.70369
393,0.3973,2744320,1716,0.01471,3.35e-04,0.5183,241.5778,0.70200,818.78099,0.81818,0.75101,2264.79108,1.64638,-0.02639,-0.22200,0.17877,-0.03161,0.39372,0.74599,-0.06841,0.23588,-0.04449,-0.06873,0.05259,0.25110,0.33782,3.01333,0.00000,1.00000,0.43100,0.72727,0.75000,0.00000,0.68911
394,0.3986,2752512,1660,0.01423,2.79e-04,0.5183,263.9631,0.70200,881.54596,0.80000,0.73895,2223.31046,1.57281,-0.02641,-0.21799,0.16840,-0.02758,0.38888,0.73396,-0.06801,0.22229,-0.04977,-0.06828,0.05150,0.23889,0.33489,2.03000,0.50000,2.00000,0.46063,0.70000,0.71429,0.00000,0.67444
395,0.4000,2760704,1670,0.01076,4.02e-04,0.5184,239.1443,0.70200,628.43189,0.85714,0.74363,2254.99755,1.57969,-0.02682,-0.22073,0.16705,-0.03076,0.39220,0.73904,-0.06848,0.21968,-0.04396,-0.06690,0.05120,0.23517,0.33760,3.14500,0.50000,2.00000,0.46063,0.42857,0.40000,0.00000,0.68802
396,0.4014,2768896,1693,0.01453,3.35e-04,0.5184,227.1256,0.70200,967.48297,0.55556,0.75615,2160.71031,1.63159,-0.02707,-0.21193,0.17266,-0.03101,0.40358,0.75096,-0.06891,0.22649,-0.03371,-0.06546,0.05125,0.24713,0.34212,2.45429,0.00000,2.00000,0.46457,0.66667,0.62500,0.00000,0.71062
397,0.4027,2777088,1668,0.01260,3.35e-04,0.5185,210.3816,0.70200,892.15715,0.66667,0.74815,2194.81309,1.61040,-0.02647,-0.21516,0.17616,-0.03214,0.39856,0.74267,-0.06749,0.22787,-0.04234,-0.06585,0.05055,0.24536,0.33923,3.35778,0.50000,2.00000,0.46457,0.80000,0.87500,0.00000,0.69616
398,0.4041,2785280,1685,0.00799,4.82e-04,0.5185,303.7786,0.70200,870.21063,0.75000,0.75357,2287.15449,1.57541,-0.02661,-0.22412,0.16601,-0.03199,0.39829,0.74743,-0.06630,0.22193,-0.05200,-0.06665,0.04801,0.23688,0.33772,2.46400,0.00000,2.00000,0.49033,0.62500,0.60000,0.00000,0.68861
399,0.4054,2793472,1760,0.01040,5.79e-04,0.5186,307.5111,0.70200,734.69375,0.75000,0.77098,2273.41714,1.59111,-0.02709,-0.22263,0.16270,-0.03066,0.40610,0.76492,-0.06690,0.21738,-0.03661,-0.06698,0.04817,0.23071,0.34150,2.62000,0.50000,4.00000,0.49033,0.50000,0.45455,0.00000,0.70750
400,0.4067,2801664,1742,0.01373,4.82e-04,0.5187,199.8806,0.70200,717.97423,0.76923,0.76686,2255.51895,1.63648,-0.02651,-0.22082,0.16697,-0.02891,0.40728,0.75984,-0.06438,0.22677,-0.03992,-0.06740,0.04936,0.23914,0.34241,1.77000,0.50000,2.00000,0.48340,0.46154,0.37500,0.00000,0.71207
401,0.4081,2809856,1692,0.01270,4.02e-04,0.5188,315.8490,0.70200,830.83892,0.69231,0.75964,2255.73066,1.62891,-0.02696,-0.22087,0.16898,-0.03100,0.40643,0.75322,-0.06529,0.22829,-0.04102,-0.06729,0.04959,0.24231,0.34039,3.34857,0.00000,1.00000,0.48340,0.30769,0.25000,0.00000,0.70197
402,0.4094,2818048,1741,0.01058,5.79e-04,0.5189,248.7610,0.70200,798.20805,0.80000,0.74869,2278.40121,1.50104,-0.02662,-0.22377,0.15945,-0.02847,0.39635,0.74435,-0.06532,0.20916,-0.04494,-0.06819,0.04556,0.22229,0.33720,3.19059,0.00000,1.00000,0.49062,0.68000,0.68421,0.00000,0.68599
403,0.4107,2826240,1701,0.01387,5.79e-04,0.5190,336.9257,0.70200,589.70655,0.83333,0.74632,2301.34135,1.49183,-0.02664,-0.22492,0.15938,-0.02995,0.38861,0.74121,-0.06453,0.21054,-0.05444,-0.06722,0.04666,0.22632,0.33728,3.43556,0.50000,3.00000,0.49062,0.33333,0.25000,0.00000,0.68642
404,0.4121,2834432,1688,0.01279,5.79e-04,0.5191,310.3685,0.70200,945.92041,0.60000,0.74730,2282.60683,1.52547,-0.02632,-0.22378,0.16103,-0.03058,0.38705,0.74200,-0.06290,0.21240,-0.04003,-0.06823,0.04636,0.22833,0.33700,2.17000,0.00000,2.00000,0.48247,0.55000,0.60000,0.00000,0.68500
405,0.4134,2842624,1696,0.01316,5.79e-04,0.5192,322.9323,0.70200,976.38130,0.46154,0.72856,2259.54505,1.47240,-0.02689,-0.22149,0.15556,-0.02700,0.38057,0.72369,-0.06358,0.20162,-0.04967,-0.06759,0.04508,0.21484,0.33552,1.50500,0.00000,0.00000,0.48247,0.53846,0.16667,0.00000,0.67761
406,0.4147,2850816,1722,0.01310,5.79e-04,0.5193,255.4657,0.70200,493.87447,0.92857,0.73212,2344.28769,1.52688,-0.02617,-0.22878,0.16147,-0.02805,0.37772,0.72696,-0.06419,0.21317,-0.05451,-0.06736,0.04776,0.22791,0.33403,4.36286,0.00000,2.00000,0.45775,0.28571,0.27273,0.00000,0.67017
407,0.4161,2859008,1719,0.01456,4.82e-04,0.5193,282.5948,0.70200,992.16854,0.76471,0.75195,2232.38452,1.56084,-0.02634,-0.21839,0.16076,-0.02799,0.39397,0.74638,-0.06677,0.20812,-0.03315,-0.06651,0.04561,0.22302,0.34074,2.15833,0.00000,0.00000,0.45775,0.64706,0.61538,0.00000,0.70372
408,0.4174,2867200,1718,0.01566,4.02e-04,0.5194,296.1819,0.70200,927.31103,0.66667,0.75623,2314.13434,1.60923,-0.02633,-0.22629,0.17002,-0.03127,0.39676,0.75000,-0.06843,0.21463,-0.04783,-0.06652,0.05108,0.23627,0.34188,2.94571,0.00000,0.00000,0.45959,0.41667,0.25000,0.00000,0.70942
409,0.4187,2875392,1690,0.01669,2.79e-04,0.5194,258.8726,0.70200,818.07342,0.82353,0.75848,2388.13780,1.62882,-0.02624,-0.23319,0.17673,-0.03034,0.40090,0.75359,-0.06870,0.22436,-0.04865,-0.06826,0.05179,0.24567,0.34352,2.60727,0.50000,2.00000,0.45959,0.52941,0.58333,0.00000,0.71760
410,0.4201,2883584,1658,0.01331,2.79e-04,0.5194,264.6381,0.70200,1017.73175,0.62500,0.76167,2355.81770,1.58199,-0.02667,-0.22957,0.17169,-0.03107,0.40382,0.75655,-0.06966,0.22140,-0.06256,-0.06792,0.05156,0.24084,0.34209,1.80444,0.50000,2.00000,0.48863,0.81250,1.00000,0.00000,0.71045
411,0.4215,2891776,1689,0.00933,4.02e-04,0.5194,417.4180,0.70200,627.61096,0.78947,0.76190,2299.42572,1.61523,-0.02715,-0.22523,0.17114,-0.03176,0.40521,0.75647,-0.06905,0.22195,-0.04121,-0.06777,0.05007,0.24176,0.34085,2.66444,0.00000,2.00000,0.48863,0.36842,0.30769,0.00000,0.70427
412,0.4228,2899968,1714,0.01237,4.02e-04,0.5195,264.4277,0.70200,706.99024,0.87500,0.77095,2367.98572,1.62081,-0.02725,-0.23174,0.17242,-0.03351,0.41252,0.76483,-0.06953,0.22813,-0.05467,-0.06874,0.05132,0.24634,0.34259,2.69400,0.00000,2.00000,0.48377,0.56250,0.58333,0.00000,0.71295
413,0.4241,2908160,1744,0.01111,5.79e-04,0.5195,303.6372,0.70200,721.06362,0.73333,0.77339,2317.44675,1.70415,-0.02676,-0.22748,0.17746,-0.02882,0.41480,0.76774,-0.07111,0.23221,-0.03076,-0.06594,0.05392,0.25415,0.34373,3.88000,0.00000,2.00000,0.48377,0.53333,0.55556,0.00000,0.71864
414,0.4254,2916352,1739,0.01240,5.79e-04,0.5196,339.4330,0.70200,796.99497,0.86667,0.78296,2340.06145,1.64605,-0.02728,-0.22892,0.17618,-0.03034,0.41867,0.77756,-0.07187,0.23041,-0.06498,-0.06723,0.05128,0.24939,0.34495,2.57000,0.50000,1.00000,0.48777,0.53333,0.50000,0.00000,0.72475
415,0.4267,2924544,1747,0.01412,5.79e-04,0.5196,310.6226,0.70200,600.43156,0.77778,0.77431,2237.18972,1.64156,-0.02736,-0.21887,0.17216,-0.03043,0.41505,0.76927,-0.07208,0.22307,-0.04600,-0.06557,0.05156,0.24280,0.34397,2.55000,0.00000,6.00000,0.48777,0.38889,0.50000,0.00000,0.71985
416,0.4280,2932736,1784,0.01228,6.94e-04,0.5197,239.1672,0.70200,742.63517,0.83333,0.77204,2338.03053,1.68345,-0.02749,-0.22879,0.17689,-0.02911,0.40958,0.76615,-0.07082,0.22785,-0.03917,-0.06711,0.05110,0.24744,0.34455,2.37556,0.00000,0.00000,0.48344,0.50000,0.40000,0.00000,0.72275
417,0.4293,2940928,1735,0.01175,8.33e-04,0.5197,311.9619,0.70200,745.66496,0.82353,0.77126,2238.54367,1.68490,-0.02812,-0.21912,0.18120,-0.02943,0.40938,0.76579,-0.07615,0.23395,-0.05183,-0.06601,0.05412,0.25140,0.34495,3.16182,0.00000,1.00000,0.48344,0.47059,0.38462,0.00000,0.72476
418,0.4306,2949120,1732,0.01254,6.94e-04,0.5197,289.9339,0.70200,834.69856,0.73913,0.77415,2142.52968,1.56418,-0.02840,-0.20993,0.16325,-0.02788,0.41151,0.76864,-0.07357,0.21344,-0.04847,-0.06512,0.05013,0.23022,0.34528,2.64308,0.00000,3.00000,0.48325,0.56522,0.57143,0.00000,0.72640
419,0.4319,2957312,1738,0.01631,6.94e-04,0.5197,353.0899,0.70200,662.57465,0.84211,0.75216,2298.72770,1.52667,-0.02813,-0.22449,0.15849,-0.02601,0.39641,0.74609,-0.06945,0.21130,-0.05739,-0.06728,0.04673,0.22845,0.33791,1.79333,0.00000,3.00000,0.48325,0.47368,0.46154,0.00000,0.68954
420,0.4332,2965504,1752,0.01606,4.82e-04,0.5197,468.0134,0.70200,871.44933,0.78947,0.74611,2191.52428,1.54720,-0.02799,-0.21486,0.16274,-0.02666,0.39479,0.74010,-0.07052,0.20849,-0.03855,-0.06475,0.04476,0.22455,0.34017,3.06182,0.00000,0.00000,0.48849,0.68421,0.60000,0.00000,0.70086
421,0.4346,2973696,1692,0.01257,4.82e-04,0.5197,335.5885,0.70200,993.85904,0.63636,0.74324,2242.44756,1.56860,-0.02820,-0.21919,0.16509,-0.02813,0.38885,0.73711,-0.07192,0.21111,-0.05236,-0.06468,0.04660,0.22888,0.33806,2.77143,0.00000,0.00000,0.48849,0.63636,0.57143,0.00000,0.69031
422,0.4359,2981888,1727,0.00791,6.94e-04,0.5198,252.4601,0.70200,747.02988,0.88235,0.75137,2221.86423,1.61510,-0.02822,-0.21788,0.16754,-0.02996,0.39756,0.74560,-0.07301,0.21355,-0.03449,-0.06419,0.04762,0.23407,0.34298,2.51167,0.00000,2.00000,0.48464,0.41176,0.38462,0.00000,0.71491
423,0.4373,2990080,1685,0.01498,5.79e-04,0.5198,266.5542,0.70200,879.24338,0.60000,0.75507,2283.99851,1.51997,-0.02739,-0.22267,0.16071,-0.02912,0.39669,0.74936,-0.07108,0.20516,-0.07074,-0.06737,0.04614,0.22406,0.33944,3.23000,0.00000,0.00000,0.48464,0.46667,0.33333,0.00000,0.69720
424,0.4386,2998272,1700,0.02046,4.02e-04,0.5199,240.6308,0.70200,871.48147,0.66667,0.73563,2252.29168,1.47923,-0.02761,-0.22002,0.15275,-0.02500,0.38382,0.72953,-0.06974,0.19820,-0.05461,-0.06638,0.04649,0.21741,0.33567,2.00286,0.00000,1.00000,0.46743,0.33333,0.28571,0.00000,0.67834
425,0.4400,3006464,1677,0.01296,3.35e-04,0.5199,332.4875,0.70200,657.42430,0.94118,0.72345,2217.55068,1.50289,-0.02741,-0.21702,0.15955,-0.02729,0.38053,0.71760,-0.07016,0.20459,-0.03968,-0.06579,0.04639,0.22229,0.33415,3.39833,0.50000,1.00000,0.46743,0.35294,0.33333,0.00000,0.67075
426,0.4414,3014656,1640,0.00801,4.82e-04,0.5199,352.4373,0.70200,661.52700,0.80000,0.73636,2322.48919,1.47493,-0.02721,-0.22726,0.15344,-0.02706,0.38165,0.73118,-0.06769,0.19379,-0.03950,-0.06635,0.04140,0.20984,0.33423,1.52500,0.50000,3.00000,0.44985,0.20000,0.22222,0.00000,0.67116
427,0.4427,3022848,1695,0.01160,4.82e-04,0.5200,348.0416,0.70200,803.85925,0.81818,0.75608,2208.89510,1.60582,-0.02665,-0.21667,0.17162,-0.02739,0.39764,0.75042,-0.06960,0.21732,-0.03724,-0.06582,0.04893,0.23462,0.34191,2.16000,0.00000,2.00000,0.44237,0.40909,0.37500,0.00000,0.70955
428,0.4440,3031040,1745,0.01212,4.82e-04,0.5200,287.0656,0.70200,961.14270,0.61538,0.76386,2174.97590,1.61377,-0.02684,-0.21314,0.17437,-0.03018,0.40261,0.75855,-0.07091,0.21877,-0.04628,-0.06553,0.04941,0.24054,0.34403,2.48857,0.00000,1.00000,0.44237,0.53846,0.42857,0.00000,0.72016
429,0.4453,3039232,1744,0.00711,6.94e-04,0.5200,270.0651,0.70200,597.08675,0.94444,0.75775,2174.47280,1.59574,-0.02676,-0.21308,0.16876,-0.02727,0.39556,0.75157,-0.07103,0.21200,-0.03824,-0.06552,0.04867,0.23474,0.34046,2.57091,0.50000,3.00000,0.43146,0.27778,0.28571,0.00000,0.70231
430,0.4467,3047424,1729,0.01287,6.94e-04,0.5201,324.8536,0.70200,807.61260,0.61111,0.74213,2208.51926,1.52930,-0.02694,-0.21587,0.15988,-0.02929,0.38943,0.73673,-0.06865,0.20515,-0.04079,-0.06596,0.04613,0.22437,0.34030,1.59200,0.00000,2.00000,0.43146,0.38889,0.22222,0.00000,0.70149
431,0.4480,3055616,1720,0.01333,6.94e-04,0.5201,260.4360,0.70200,648.57552,0.91667,0.74103,2206.63623,1.52937,-0.02729,-0.21594,0.16158,-0.02690,0.38517,0.73512,-0.06834,0.20555,-0.04393,-0.06558,0.04794,0.22650,0.33732,1.97778,0.50000,4.00000,0.43207,0.50000,0.71429,0.00000,0.68659
432,0.4493,3063808,1739,0.01383,5.79e-04,0.5202,399.9591,0.70200,957.73659,0.64286,0.72260,2273.17628,1.50198,-0.02773,-0.22183,0.15575,-0.03096,0.37703,0.71728,-0.06829,0.20684,-0.05315,-0.06566,0.04700,0.22607,0.33561,2.80000,0.00000,1.00000,0.43207,0.64286,0.50000,0.00000,0.67805
433,0.4506,3072000,1695,0.01718,4.02e-04,0.5202,358.5095,0.70200,900.08134,0.68000,0.72446,2271.07107,1.43057,-0.02793,-0.22220,0.13997,-0.02776,0.37650,0.71955,-0.06649,0.19044,-0.04542,-0.06568,0.04207,0.20837,0.33623,2.44429,0.00000,1.00000,0.44719,0.60000,0.62500,0.00000,0.68116
434,0.4520,3080192,1689,0.00990,4.82e-04,0.5203,300.2252,0.70200,749.96616,0.70588,0.73143,2203.38825,1.43675,-0.02813,-0.21590,0.14220,-0.02823,0.38078,0.72671,-0.07124,0.18900,-0.03608,-0.06576,0.04269,0.20905,0.33727,2.11143,0.00000,2.00000,0.44719,0.29412,0.10000,0.00000,0.68636
435,0.4534,3088384,1657,0.01348,4.82e-04,0.5203,300.3794,0.70200,771.12460,0.76471,0.72700,2151.86193,1.42119,-0.02788,-0.21036,0.14393,-0.02543,0.37578,0.72192,-0.06981,0.18999,-0.04950,-0.06627,0.04315,0.20880,0.33444,1.88200,0.50000,3.00000,0.43247,0.52941,0.50000,0.00000,0.67219
436,0.4547,3096576,1719,0.01568,4.82e-04,0.5204,317.1897,0.70200,855.64037,0.72222,0.71708,2182.10317,1.39911,-0.02839,-0.21314,0.14291,-0.02767,0.37191,0.71116,-0.06983,0.18819,-0.05047,-0.06543,0.04272,0.20544,0.33052,2.92000,0.00000,0.00000,0.43247,0.50000,0.30769,0.00000,0.65259
437,0.4560,3104768,1711,0.01464,3.35e-04,0.5205,260.0844,0.70200,688.47223,0.72727,0.70840,2279.66774,1.40456,-0.02865,-0.22309,0.14193,-0.02806,0.36877,0.70394,-0.07077,0.19013,-0.06506,-0.06493,0.04281,0.21252,0.32727,2.08000,0.00000,1.00000,0.41423,0.27273,0.14286,0.00000,0.63636
438,0.4574,3112960,1668,0.01132,4.02e-04,0.5205,294.4660,0.70200,765.90264,0.80000,0.74176,2274.29612,1.44389,-0.02863,-0.22239,0.15084,-0.03107,0.38010,0.73771,-0.07280,0.19316,-0.06937,-0.06534,0.04608,0.21326,0.33209,2.80727,0.00000,1.00000,0.41423,0.40000,0.40000,0.00000,0.66043
439,0.4588,3121152,1670,0.01380,3.35e-04,0.5205,277.5566,0.70200,744.80386,0.83333,0.74365,2250.65197,1.48885,-0.02875,-0.22029,0.15330,-0.02755,0.38343,0.73864,-0.07272,0.19574,-0.04185,-0.06501,0.04454,0.21930,0.33578,2.22000,0.00000,0.00000,0.41280,0.50000,0.40000,0.00000,0.67890
440,0.4601,3129344,1700,0.00772,4.82e-04,0.5205,235.7512,0.70200,612.01460,0.85714,0.73734,2237.05633,1.54077,-0.02844,-0.21926,0.16146,-0.02686,0.38339,0.73237,-0.07218,0.20445,-0.04624,-0.06468,0.04807,0.23016,0.33674,3.03250,0.00000,2.00000,0.41280,0.42857,0.50000,0.00000,0.68370
441,0.4614,3137536,1694,0.01737,4.02e-04,0.5205,233.8814,0.70200,812.82985,0.76471,0.73847,2213.95815,1.48783,-0.02773,-0.21713,0.15427,-0.02946,0.38562,0.73402,-0.06948,0.19879,-0.04389,-0.06527,0.04608,0.21869,0.33647,1.94889,0.00000,1.00000,0.41243,0.41176,0.33333,0.00000,0.68235
442,0.4628,3145728,1696,0.01290,4.02e-04,0.5206,268.3318,0.70200,714.88133,0.81250,0.73996,2252.51104,1.50452,-0.02715,-0.22069,0.15647,-0.02585,0.38108,0.73490,-0.06877,0.20033,-0.04239,-0.06572,0.04644,0.22028,0.33369,2.54400,0.50000,3.00000,0.41243,0.37500,0.40000,0.00000,0.66843
443,0.4641,3153920,1696,0.00856,5.79e-04,0.5207,436.9105,0.70200,866.38109,0.72222,0.75516,2354.29969,1.46783,-0.02786,-0.22988,0.15022,-0.02960,0.38601,0.75023,-0.07082,0.19787,-0.06051,-0.06704,0.04500,0.21698,0.33601,2.75200,0.00000,1.00000,0.41664,0.55556,0.50000,0.00000,0.68005
444,0.4654,3162112,1743,0.02097,4.02e-04,0.5208,352.4393,0.70200,829.15701,0.71429,0.76795,2295.62791,1.58685,-0.02742,-0.22491,0.16296,-0.03117,0.39820,0.76135,-0.06920,0.21051,-0.04349,-0.06614,0.04626,0.23279,0.34032,3.08000,0.00000,2.00000,0.41664,0.28571,0.25000,0.00000,0.70161
445,0.4668,3170304,1666,0.01049,5.79e-04,0.5209,384.9685,0.70200,694.82903,0.88235,0.75757,2252.34937,1.57698,-0.02796,-0.22001,0.16614,-0.02941,0.39777,0.75163,-0.06979,0.21422,-0.05301,-0.06643,0.05043,0.23944,0.34083,3.54600,0.00000,2.00000,0.42260,0.58824,0.61538,0.00000,0.70413
446,0.4682,3178496,1693,0.01425,4.82e-04,0.5209,222.8990,0.70200,653.61950,0.88235,0.74456,2229.47033,1.52643,-0.02792,-0.21820,0.15860,-0.02717,0.38917,0.73911,-0.07056,0.20571,-0.04258,-0.06575,0.04734,0.22308,0.33946,3.45818,0.00000,4.00000,0.42260,0.52941,0.72727,0.00000,0.69730
447,0.4695,3186688,1689,0.01142,5.79e-04,0.5209,274.2076,0.70200,820.56969,0.76923,0.74218,2267.89109,1.52974,-0.02773,-0.22130,0.15685,-0.02469,0.38458,0.73667,-0.07180,0.20261,-0.04016,-0.06522,0.04750,0.22015,0.33855,2.47429,0.00000,2.00000,0.44876,0.61538,0.62500,0.00000,0.69273
448,0.4709,3194880,1683,0.01499,4.82e-04,0.5210,311.0793,0.70200,831.29292,0.78571,0.74685,2379.58692,1.51739,-0.02690,-0.23236,0.15345,-0.02498,0.38437,0.74188,-0.06958,0.19909,-0.04779,-0.06790,0.04581,0.21423,0.33933,3.20222,0.00000,1.00000,0.44876,0.57143,0.70000,0.00000,0.69663
449,0.4723,3203072,1615,0.01065,5.79e-04,0.5210,242.6618,0.70200,712.55315,0.82143,0.75639,2243.33428,1.49092,-0.02707,-0.21922,0.15264,-0.02925,0.39217,0.75146,-0.06859,0.19620,-0.04413,-0.06667,0.04686,0.21490,0.34096,2.54000,0.00000,2.00000,0.44905,0.42857,0.33333,0.00000,0.70481
450,0.4736,3211264,1693,0.01379,5.79e-04,0.5210,230.3534,0.70200,785.40087,0.80000,0.72777,2142.87439,1.43979,-0.02732,-0.21003,0.14942,-0.02619,0.37968,0.72335,-0.06876,0.19120,-0.03989,-0.06572,0.04591,0.21228,0.33695,2.84750,0.00000,2.00000,0.44905,0.53333,0.50000,0.00000,0.68473
451,0.4750,3219456,1652,0.01631,4.82e-04,0.5211,292.6133,0.70200,722.05090,0.77273,0.72155,2190.97410,1.45615,-0.02754,-0.21499,0.15032,-0.02698,0.37132,0.71657,-0.06833,0.19564,-0.02618,-0.06618,0.04474,0.21393,0.33348,3.03200,0.50000,2.00000,0.43614,0.31818,0.20000,0.00000,0.66741
452,0.4764,3227648,1646,0.02992,3.35e-04,0.5211,352.8467,0.70200,838.51927,0.90909,0.73113,2223.56322,1.48493,-0.02801,-0.21741,0.15541,-0.02778,0.37273,0.72581,-0.07030,0.20095,-0.04076,-0.06569,0.04640,0.22131,0.33244,1.89000,0.00000,0.00000,0.43614,0.54545,0.50000,0.00000,0.66221
453,0.4777,3235840,1704,0.00901,4.82e-04,0.5211,254.5640,0.70200,628.42486,0.87500,0.74331,2299.50172,1.54880,-0.02752,-0.22509,0.15876,-0.02600,0.38297,0.73748,-0.06964,0.20648,-0.04817,-0.06627,0.04862,0.22418,0.33623,3.07333,0.00000,2.00000,0.43798,0.37500,0.41667,0.00000,0.68117
454,0.4791,3244032,1724,0.01180,4.82e-04,0.5212,250.7536,0.70200,528.19965,1.00000,0.76504,2257.94234,1.56881,-0.02743,-0.22075,0.16019,-0.02944,0.40403,0.75913,-0.06979,0.20983,-0.04386,-0.06704,0.04852,0.22894,0.34290,3.20769,0.00000,0.00000,0.43798,0.33333,0.33333,0.00000,0.71451
455,0.4804,3252224,1729,0.01616,4.02e-04,0.5212,316.7776,0.70200,763.01278,0.78571,0.76978,2292.10082,1.66260,-0.02677,-0.22472,0.17805,-0.03231,0.40672,0.76265,-0.07076,0.22986,-0.03528,-0.06673,0.05143,0.25110,0.34171,3.09750,0.00000,1.00000,0.43818,0.57143,0.60000,0.00000,0.70853
456,0.4817,3260416,1737,0.01211,4.82e-04,0.5213,258.2840,0.70200,814.51123,0.86667,0.76750,2216.65170,1.71520,-0.02705,-0.21820,0.18356,-0.03617,0.40678,0.76168,-0.06979,0.23841,-0.02651,-0.06690,0.05479,0.25916,0.34208,2.66200,1.18000,1.00000,0.43818,0.73333,0.75000,0.00000,0.71040
457,0.4830,3268608,1718,0.01754,3.35e-04,0.5213,312.7591,0.70200,772.91729,0.81250,0.77958,2311.50854,1.70173,-0.02730,-0.22679,0.18197,-0.03224,0.41445,0.77299,-0.07054,0.23588,-0.03958,-0.06703,0.05284,0.26172,0.34473,2.31500,0.00000,2.00000,0.45523,0.43750,0.45455,0.00000,0.72366
458,0.4844,3276800,1716,0.01135,4.02e-04,0.5213,278.6143,0.70200,867.05729,0.76190,0.78169,2211.09125,1.70118,-0.02705,-0.21642,0.18362,-0.03183,0.41031,0.77563,-0.07012,0.23161,-0.03413,-0.06597,0.05476,0.25592,0.34266,2.39667,0.00000,2.00000,0.45523,0.52381,0.50000,0.00000,0.71332
459,0.4857,3284992,1752,0.01026,5.79e-04,0.5213,379.0846,0.70200,951.51676,0.50000,0.77375,2276.62533,1.68736,-0.02672,-0.22326,0.18322,-0.03292,0.41004,0.76778,-0.06770,0.23064,-0.03235,-0.06648,0.05373,0.25555,0.34394,2.80000,0.00000,2.00000,0.45182,0.50000,0.20000,0.00000,0.71969
460,0.4870,3293184,1744,0.01476,4.02e-04,0.5214,251.2911,0.70200,831.69111,0.70588,0.77694,2297.81536,1.71084,-0.02691,-0.22459,0.18911,-0.02934,0.40988,0.77026,-0.06989,0.23873,-0.04483,-0.06797,0.05548,0.26324,0.34410,2.48667,0.00000,3.00000,0.45182,0.64706,0.66667,0.00000,0.72048
461,0.4883,3301376,1711,0.01116,4.82e-04,0.5214,218.6895,0.70200,814.85407,0.81250,0.77706,2286.36857,1.72065,-0.02657,-0.22413,0.19155,-0.03378,0.41170,0.77122,-0.06835,0.24144,-0.04157,-0.06858,0.05739,0.26367,0.34412,2.68000,0.00000,1.00000,0.45425,0.43750,0.33333,0.00000,0.72059
462,0.4896,3309568,1731,0.01095,5.79e-04,0.5215,231.8522,0.70200,567.47527,0.85714,0.78374,2212.64923,1.74219,-0.02661,-0.21754,0.19140,-0.03497,0.41701,0.77715,-0.06674,0.24610,-0.02599,-0.06801,0.05730,0.27234,0.34573,2.40000,0.50000,5.00000,0.45425,0.42857,0.71429,0.00000,0.72865
463,0.4910,3317760,1671,0.01803,4.02e-04,0.5216,194.8726,0.70200,647.51619,0.92857,0.77209,2278.20894,1.69182,-0.02695,-0.22356,0.18765,-0.03584,0.40716,0.76672,-0.06906,0.24219,-0.04701,-0.06765,0.05616,0.26642,0.34169,2.04667,0.50000,1.00000,0.46146,0.42857,0.41667,0.00000,0.70847
464,0.4924,3325952,1623,0.01764,3.35e-04,0.5217,240.4868,0.70200,851.25085,0.78261,0.77714,2280.49475,1.70811,-0.02660,-0.22412,0.19019,-0.03376,0.41060,0.77078,-0.06962,0.24589,-0.04444,-0.06917,0.05634,0.26788,0.34255,2.17692,0.00000,1.00000,0.47414,0.60870,0.58824,0.00000,0.71276
465,0.4937,3334144,1746,0.01269,4.02e-04,0.5217,315.1047,0.70200,723.59765,0.87500,0.78363,2301.59570,1.65935,-0.02622,-0.22513,0.19220,-0.03084,0.41486,0.77711,-0.06697,0.24316,-0.04832,-0.06914,0.05634,0.26404,0.34380,3.07000,0.00000,2.00000,0.47414,0.62500,0.66667,0.00000,0.71900
466,0.4951,3342336,1693,0.01653,2.79e-04,0.5217,254.7695,0.70200,716.17653,0.88889,0.76967,2234.08897,1.68245,-0.02610,-0.21907,0.19000,-0.03078,0.40220,0.76315,-0.06803,0.24059,-0.03413,-0.06793,0.05632,0.26227,0.34130,2.76923,0.00000,3.00000,0.49472,0.61111,0.69231,0.00000,0.70648
467,0.4964,3350528,1703,0.01719,2.79e-04,0.5218,240.5486,0.70200,1017.03520,0.54545,0.76577,2111.00466,1.62997,-0.02721,-0.20681,0.18237,-0.02958,0.39873,0.75996,-0.06855,0.22814,-0.04607,-0.06665,0.05500,0.25195,0.34070,2.20200,0.00000,0.00000,0.49472,0.72727,0.58333,0.00000,0.70352
468,0.4978,3358720,1666,0.01152,4.02e-04,0.5218,244.6277,0.70200,772.99089,0.80000,0.75149,2135.06425,1.64336,-0.02693,-0.20973,0.18467,-0.03054,0.39272,0.74540,-0.07104,0.22564,-0.03575,-0.06509,0.05697,0.25323,0.33720,2.68800,0.00000,1.00000,0.49788,0.50000,0.42857,0.00000,0.68599
469,0.4991,3366912,1727,0.01394,3.35e-04,0.5219,307.7419,0.70200,846.56121,0.78947,0.76857,2142.39860,1.67808,-0.02684,-0.21012,0.18312,-0.02908,0.40077,0.76207,-0.06947,0.22704,-0.03504,-0.06701,0.05754,0.25867,0.34080,2.70545,0.00000,1.00000,0.49788,0.68421,0.64286,0.00000,0.70402
470,0.5004,3375104,1691,0.01338,3.35e-04,0.5220,348.4800,0.70200,944.53255,0.73333,0.76430,2164.65083,1.57801,-0.02780,-0.21203,0.17104,-0.02868,0.39888,0.75863,-0.07337,0.21307,-0.05170,-0.06553,0.05095,0.24091,0.34109,2.73000,0.00000,0.00000,0.50809,0.53333,0.54545,0.00000,0.70547
471,0.5018,3383296,1665,0.00999,4.82e-04,0.5221,295.4945,0.70200,1073.27697,0.40000,0.76294,2263.92542,1.58487,-0.02828,-0.22150,0.16409,-0.02752,0.39285,0.75692,-0.07432,0.20827,-0.05053,-0.06641,0.05150,0.23389,0.33790,2.83000,0.00000,1.00000,0.50809,0.70000,0.33333,0.00000,0.68950
472,0.5032,3391488,1692,0.01543,4.82e-04,0.5222,308.5403,0.70200,907.81000,0.62500,0.76739,2223.58949,1.56975,-0.02789,-0.21771,0.16254,-0.02632,0.39560,0.76136,-0.07497,0.20211,-0.03611,-0.06607,0.04921,0.22699,0.34009,2.27500,0.50000,2.00000,0.50809,0.68750,0.75000,0.00000,0.70044
473,0.5045,3399680,1690,0.01704,4.02e-04,0.5223,261.3981,0.70200,794.25761,0.68421,0.76164,2253.07657,1.56970,-0.02778,-0.22058,0.16473,-0.02979,0.38963,0.75660,-0.07262,0.20570,-0.04088,-0.06663,0.04901,0.22949,0.33847,2.13778,0.00000,2.00000,0.51183,0.52632,0.45455,0.00000,0.69233
474,0.5059,3407872,1607,0.01635,4.02e-04,0.5224,284.8524,0.70200,969.03896,0.55556,0.76284,2229.04473,1.55615,-0.02815,-0.21795,0.16160,-0.02539,0.39941,0.75685,-0.07206,0.20262,-0.05077,-0.06679,0.04954,0.22766,0.34307,1.94750,0.00000,2.00000,0.51183,0.66667,0.50000,0.00000,0.71533
475,0.5073,3416064,1686,0.01537,3.35e-04,0.5225,249.2663,0.70200,846.31570,0.76923,0.76399,2180.61321,1.55880,-0.02861,-0.21271,0.16276,-0.03195,0.39516,0.75805,-0.07365,0.20423,-0.04173,-0.06539,0.04789,0.22931,0.34044,1.98857,0.00000,1.00000,0.50771,0.53846,0.44444,0.00000,0.70220
476,0.5087,3424256,1638,0.00982,4.82e-04,0.5225,305.8236,0.70200,919.38933,0.61111,0.75925,2240.51093,1.61412,-0.02810,-0.21910,0.17265,-0.03075,0.39126,0.75313,-0.07328,0.21455,-0.03522,-0.06518,0.05013,0.24017,0.33925,1.71667,0.00000,3.00000,0.50771,0.55556,0.50000,0.00000,0.69624
477,0.5100,3432448,1694,0.01421,4.02e-04,0.5226,324.1680,0.70200,743.63437,0.94737,0.76749,2277.48452,1.60657,-0.02898,-0.22260,0.17425,-0.03283,0.39611,0.76212,-0.07776,0.21783,-0.05021,-0.06494,0.05067,0.24689,0.34146,2.49714,0.00000,3.00000,0.52215,0.63158,0.73333,0.00000,0.70731
478,0.5114,3440640,1670,0.00915,5.79e-04,0.5227,261.7438,0.70200,580.74457,0.90909,0.76596,2211.81787,1.59695,-0.03003,-0.21663,0.16794,-0.03257,0.39800,0.76089,-0.07660,0.21154,-0.04725,-0.06513,0.04947,0.23767,0.34300,2.88800,0.00000,3.00000,0.52215,0.54545,0.71429,0.00000,0.71501
479,0.5127,3448832,1693,0.01184,5.79e-04,0.5227,256.1347,0.70200,680.93995,0.85714,0.76457,2181.14098,1.58119,-0.02957,-0.21327,0.16634,-0.02896,0.39563,0.75870,-0.07712,0.20660,-0.04761,-0.06466,0.04946,0.23126,0.34406,1.71778,0.76000,1.00000,0.51994,0.42857,0.36364,0.00000,0.72029
480,0.5141,3457024,1679,0.01638,4.82e-04,0.5227,387.6564,0.70200,935.04597,0.80000,0.76005,2134.54967,1.52881,-0.02901,-0.20909,0.15976,-0.03094,0.39269,0.75505,-0.07499,0.19899,-0.04589,-0.06434,0.04842,0.22192,0.34293,2.40105,0.00000,1.00000,0.53637,0.68000,0.68421,0.00000,0.71463
481,0.5154,3465216,1735,0.01553,4.82e-04,0.5228,292.0910,0.70200,778.32464,0.77778,0.74671,2149.48466,1.47764,-0.02937,-0.21053,0.14968,-0.02941,0.38623,0.74083,-0.07362,0.18952,-0.03445,-0.06527,0.04566,0.21283,0.33947,2.31400,0.00000,2.00000,0.53637,0.38889,0.33333,0.00000,0.69737
482,0.5168,3473408,1636,0.01857,3.35e-04,0.5228,297.3962,0.70200,613.55056,0.94444,0.73738,2169.02016,1.46653,-0.02898,-0.21195,0.15029,-0.02654,0.38237,0.73147,-0.07533,0.19158,-0.03860,-0.06508,0.04600,0.21344,0.33811,2.63333,0.50000,3.00000,0.52888,0.50000,0.57143,0.00000,0.69056
483,0.5182,3481600,1685,0.01025,4.82e-04,0.5229,304.0037,0.70200,824.54987,0.81250,0.73822,2169.56812,1.43317,-0.02974,-0.21198,0.14758,-0.02553,0.37414,0.73250,-0.07573,0.18692,-0.04545,-0.06529,0.04455,0.20538,0.33627,3.48833,0.00000,0.00000,0.52888,0.62500,0.53846,0.00000,0.68135
484,0.5195,3489792,1685,0.01487,3.35e-04,0.5229,229.2529,0.70200,573.17165,1.00000,0.73773,2262.31235,1.47502,-0.02960,-0.22040,0.15170,-0.02773,0.37288,0.73185,-0.07438,0.20052,-0.06316,-0.06627,0.04695,0.22491,0.33482,2.10000,0.00000,2.00000,0.52145,0.27273,0.33333,0.00000,0.67412
485,0.5209,3497984,1706,0.01375,3.35e-04,0.5229,283.5538,0.70200,786.24410,0.76190,0.75000,2198.28817,1.52770,-0.02881,-0.21534,0.15689,-0.03090,0.38222,0.74398,-0.07219,0.20800,-0.03802,-0.06587,0.04768,0.23016,0.33681,2.76909,0.00000,0.00000,0.50055,0.47619,0.31250,0.00000,0.68404
486,0.5222,3506176,1730,0.01198,4.02e-04,0.5228,259.0936,0.70200,901.50971,0.72727,0.74100,2196.63232,1.53431,-0.02909,-0.21542,0.15962,-0.02796,0.37752,0.73487,-0.07488,0.20815,-0.03873,-0.06479,0.04989,0.23145,0.33599,3.14000,0.00000,0.00000,0.50055,0.72727,0.62500,0.00000,0.67995
487,0.5235,3514368,1696,0.01642,3.35e-04,0.5229,320.5594,0.70200,646.21541,0.93750,0.74350,2234.13499,1.52146,-0.02906,-0.21874,0.16004,-0.02844,0.37940,0.73852,-0.07454,0.20478,-0.05089,-0.06589,0.04856,0.22766,0.33580,2.56750,0.00000,2.00000,0.50288,0.43750,0.46154,0.00000,0.67898
488,0.5249,3522560,1645,0.01390,3.35e-04,0.5229,297.4332,0.70200,910.50957,0.75000,0.75389,2193.60102,1.55648,-0.02923,-0.21479,0.16112,-0.02968,0.38395,0.74850,-0.07392,0.20696,-0.03438,-0.06590,0.04917,0.23297,0.33764,2.20545,0.00000,1.00000,0.50288,0.56250,0.45455,0.00000,0.68819
489,0.5263,3530752,1650,0.01037,4.82e-04,0.5230,277.1396,0.70200,607.23316,0.80000,0.75275,2157.83888,1.55775,-0.02866,-0.21099,0.16105,-0.02985,0.38727,0.74721,-0.07284,0.20855,-0.04254,-0.06588,0.05145,0.23657,0.33923,3.04857,0.00000,3.00000,0.49259,0.26667,0.33333,0.00000,0.69615
490,0.5276,3538944,1718,0.01534,4.02e-04,0.5230,239.5707,0.70200,704.43369,0.84211,0.74090,2149.95088,1.54278,-0.02828,-0.20970,0.16627,-0.03076,0.38996,0.73645,-0.07066,0.21336,-0.04284,-0.06685,0.05050,0.23975,0.34160,2.78769,0.00000,1.00000,0.49259,0.42105,0.33333,0.00000,0.70800
491,0.5290,3547136,1706,0.01019,4.82e-04,0.5230,382.7743,0.70200,868.18033,0.66667,0.74337,2210.26327,1.55624,-0.02814,-0.21656,0.16570,-0.02935,0.38896,0.73845,-0.07095,0.21121,-0.04848,-0.06691,0.05192,0.23914,0.33996,1.81429,0.00000,3.00000,0.47515,0.40000,0.28571,0.00000,0.69978
492,0.5305,3555328,1502,0.01442,4.82e-04,0.5230,281.5004,0.70200,813.74207,0.87500,0.76564,2203.11183,1.57615,-0.02845,-0.21582,0.16830,-0.03425,0.39804,0.75979,-0.07308,0.20977,-0.04821,-0.06636,0.05182,0.24127,0.34375,2.37818,0.50000,1.00000,0.47515,0.56250,0.53846,0.00000,0.71873
493,0.5321,3563520,1362,0.01684,4.82e-04,0.5230,324.4705,0.70200,789.26540,0.75000,0.76919,2174.72553,1.62084,-0.02892,-0.21332,0.17340,-0.03312,0.39996,0.76379,-0.07389,0.21389,-0.03265,-0.06582,0.05275,0.24780,0.34217,1.98889,0.50000,4.00000,0.48478,0.56250,0.62500,0.00000,0.71085
494,0.5338,3571712,1386,0.01129,5.79e-04,0.5231,381.9260,0.70200,769.34304,0.85714,0.75557,2214.01497,1.61512,-0.02885,-0.21636,0.17355,-0.02852,0.39477,0.75004,-0.07294,0.21284,-0.03814,-0.06569,0.05361,0.24603,0.34309,1.88250,0.00000,2.00000,0.48478,0.57143,0.60000,0.00000,0.71544
495,0.5354,3579904,1391,0.01482,4.82e-04,0.5231,248.3102,0.70200,885.16495,0.73333,0.76861,2226.15235,1.60619,-0.02900,-0.21811,0.16817,-0.03287,0.39604,0.76344,-0.07515,0.20693,-0.03581,-0.06572,0.05140,0.23712,0.34379,1.89111,0.50000,1.00000,0.49630,0.66667,0.60000,0.00000,0.71897
496,0.5371,3588096,1392,0.01144,5.79e-04,0.5232,318.1102,0.70200,709.16393,0.88462,0.77582,2183.17018,1.58403,-0.02895,-0.21249,0.16622,-0.03151,0.40283,0.76970,-0.07249,0.21431,-0.04674,-0.06637,0.05262,0.24585,0.34560,2.47444,0.00000,3.00000,0.48167,0.38462,0.35000,0.00000,0.72802
497,0.5387,3596288,1409,0.01092,6.94e-04,0.5232,371.6023,0.70200,813.72618,0.77778,0.76977,2238.54135,1.61556,-0.02855,-0.21936,0.16752,-0.03142,0.39962,0.76349,-0.07517,0.21644,-0.03680,-0.06697,0.05217,0.24127,0.34336,2.38833,0.00000,2.00000,0.48167,0.50000,0.58333,0.00000,0.71679
498,0.5404,3604480,1381,0.01596,6.94e-04,0.5233,287.3953,0.70200,860.48614,0.78947,0.77421,2176.89586,1.60548,-0.02856,-0.21273,0.16700,-0.02969,0.40565,0.76845,-0.07464,0.21238,-0.03497,-0.06645,0.05073,0.24060,0.34359,2.32667,0.00000,1.00000,0.49120,0.63158,0.57143,0.00000,0.71796
499,0.5420,3612672,1375,0.01696,5.79e-04,0.5233,289.9124,0.70200,729.93953,0.90909,0.74471,2208.60053,1.53842,-0.02891,-0.21556,0.16537,-0.02885,0.38904,0.73999,-0.07396,0.20616,-0.03090,-0.06694,0.04922,0.22974,0.33859,1.89000,0.00000,0.00000,0.49120,0.63636,0.60000,0.00000,0.69295
500,0.5437,3620864,1374,0.01575,5.79e-04,0.5234,346.0398,0.70200,876.55098,0.81250,0.74676,2249.86211,1.59236,-0.02819,-0.21988,0.16920,-0.02860,0.38752,0.74124,-0.07137,0.21498,-0.02840,-0.06691,0.05075,0.23535,0.33869,2.42909,0.00000,2.00000,0.49922,0.56250,0.54545,0.00000,0.69347
501,0.5454,3629056,1368,0.01224,5.79e-04,0.5234,331.9783,0.70200,892.87485,0.86667,0.77063,2282.91932,1.62102,-0.02870,-0.22310,0.17499,-0.03140,0.40137,0.76458,-0.07354,0.21985,-0.04267,-0.06673,0.05387,0.24420,0.34409,2.80545,0.00000,0.00000,0.49922,0.73333,0.69231,0.00000,0.72043
502,0.5470,3637248,1385,0.01373,4.82e-04,0.5235,259.8448,0.70200,644.25720,1.00000,0.77688,2272.40374,1.69793,-0.02866,-0.22180,0.18134,-0.03089,0.40430,0.77057,-0.07392,0.22809,-0.03470,-0.06576,0.05638,0.25818,0.34399,2.93385,0.00000,1.00000,0.51084,0.50000,0.53846,0.00000,0.71994
503,0.5487,3645440,1378,0.01338,4.02e-04,0.5236,243.8642,0.70200,796.48931,0.75000,0.78176,2280.88660,1.72036,-0.02861,-0.22272,0.18606,-0.03293,0.41256,0.77536,-0.07352,0.23321,-0.03908,-0.06713,0.05865,0.26520,0.34715,2.61333,0.00000,1.00000,0.51084,0.81250,0.81818,0.00000,0.73577
504,0.5503,3653632,1412,0.01240,4.02e-04,0.5236,299.2193,0.70200,827.42495,0.81250,0.78412,2236.35550,1.71235,-0.02877,-0.21948,0.18520,-0.03531,0.41537,0.77794,-0.07541,0.23294,-0.02860,-0.06785,0.05771,0.26587,0.34855,2.50545,0.50000,2.00000,0.53702,0.56250,0.72727,0.00000,0.74275
505,0.5520,3661824,1336,0.01587,2.79e-04,0.5237,264.9367,0.70200,637.67804,0.80952,0.78073,2244.48482,1.64151,-0.02860,-0.21981,0.17827,-0.03407,0.41034,0.77521,-0.07684,0.21929,-0.03929,-0.06723,0.05523,0.24860,0.34732,2.16167,0.00000,3.00000,0.53702,0.47619,0.50000,0.00000,0.73662
506,0.5537,3670016,1368,0.01074,4.02e-04,0.5238,197.7012,0.70200,714.72208,0.92308,0.77648,2115.43554,1.63885,-0.02805,-0.20694,0.17483,-0.03339,0.41247,0.77064,-0.07274,0.21925,-0.02938,-0.06591,0.05301,0.24530,0.34733,2.96600,0.50000,1.00000,0.53532,0.53846,0.54545,0.00000,0.73666
507,0.5553,3678208,1424,0.01829,2.79e-04,0.5238,226.5208,0.70200,738.95231,0.88235,0.76609,2122.99887,1.64906,-0.02851,-0.20723,0.17805,-0.02998,0.40555,0.75977,-0.07370,0.22111,-0.03592,-0.06508,0.05421,0.25104,0.34323,2.58600,0.00000,3.00000,0.53532,0.41176,0.41667,0.00000,0.71615
508,0.5569,3686400,1374,0.01222,3.35e-04,0.5239,285.4701,0.70200,905.89668,0.72222,0.76524,2215.77299,1.68194,-0.02811,-0.21658,0.18635,-0.03255,0.40240,0.75888,-0.07192,0.23342,-0.03928,-0.06603,0.05813,0.26428,0.34207,2.41600,0.00000,2.00000,0.52962,0.61111,0.54545,0.00000,0.71036
509,0.5587,3694592,1313,0.01806,2.33e-04,0.5239,235.8483,0.70200,847.12709,0.64286,0.78155,2266.25977,1.66287,-0.02867,-0.22163,0.18118,-0.03105,0.40721,0.77626,-0.07473,0.22505,-0.04157,-0.06655,0.05555,0.25488,0.34643,1.67600,0.00000,4.00000,0.52962,0.50000,0.80000,0.00000,0.73214
510,0.5604,3702784,1333,0.01660,1.62e-04,0.5239,286.7854,0.70200,938.15774,0.83333,0.77476,2290.16058,1.71080,-0.02852,-0.22421,0.18460,-0.03349,0.40807,0.76869,-0.07379,0.23182,-0.03907,-0.06642,0.05611,0.26367,0.34753,2.55400,0.98000,1.00000,0.52962,0.66667,0.88889,0.00000,0.73766
511,0.5621,3710976,1315,0.00775,2.33e-04,0.5239,225.8835,0.70200,795.40377,0.76000,0.78572,2269.10553,1.68859,-0.02856,-0.22224,0.18624,-0.03267,0.41385,0.77970,-0.07344,0.22448,-0.03621,-0.06571,0.05526,0.25989,0.34742,1.99467,0.00000,1.00000,0.53603,0.44000,0.38889,0.00000,0.73711
512,0.5638,3719168,1335,0.01308,2.33e-04,0.5240,298.6728,0.70200,846.02271,0.68750,0.78864,2234.29005,1.64225,-0.02824,-0.21828,0.17907,-0.03046,0.41878,0.78179,-0.07038,0.22197,-0.04864,-0.06698,0.05412,0.25897,0.34697,2.40000,0.50000,2.00000,0.53603,0.68750,0.66667,0.00000,0.73485
513,0.5655,3727360,1332,0.01541,2.33e-04,0.5241,276.4947,0.70200,753.75856,0.77778,0.76358,2231.51472,1.57304,-0.02829,-0.21758,0.16828,-0.03155,0.40005,0.75806,-0.06925,0.21502,-0.04912,-0.06697,0.05273,0.24609,0.34268,2.44400,0.00000,3.00000,0.55243,0.66667,0.72727,0.00000,0.71342
514,0.5672,3735552,1395,0.01297,2.33e-04,0.5242,290.2067,0.70200,861.25496,0.89474,0.74161,2089.21309,1.51042,-0.02893,-0.20448,0.16157,-0.02969,0.38624,0.73663,-0.07130,0.20015,-0.04026,-0.06440,0.04863,0.22797,0.33869,2.26235,0.00000,0.00000,0.55013,0.57895,0.52941,0.00000,0.69346
515,0.5689,3743744,1327,0.00724,3.35e-04,0.5242,247.1372,0.70200,889.50262,0.58333,0.72840,2201.11035,1.52512,-0.02878,-0.21530,0.16571,-0.02956,0.37888,0.72334,-0.07077,0.20422,-0.04111,-0.06497,0.04800,0.22803,0.33519,3.43600,0.00000,1.00000,0.55013,0.50000,0.33333,0.00000,0.67596
516,0.5706,3751936,1358,0.01556,2.33e-04,0.5243,276.7392,0.70200,969.57806,0.63158,0.75111,2227.94309,1.58244,-0.02881,-0.21807,0.16997,-0.03100,0.39341,0.74513,-0.07137,0.21090,-0.03727,-0.06546,0.04867,0.23889,0.34111,2.03800,0.00000,1.00000,0.54217,0.57895,0.54545,0.00000,0.70554
517,0.5722,3760128,1372,0.01303,1.94e-04,0.5243,230.7478,0.70200,865.55262,0.76923,0.76861,2296.77944,1.55743,-0.02909,-0.22486,0.16609,-0.02936,0.39921,0.76195,-0.07435,0.20928,-0.05228,-0.06711,0.04796,0.23230,0.34044,2.46000,0.00000,0.00000,0.54217,0.30769,0.30000,0.00000,0.70221
518,0.5739,3768320,1375,0.01138,2.33e-04,0.5243,240.1312,0.70200,873.68903,0.72727,0.75812,2292.77465,1.56767,-0.02908,-0.22367,0.16979,-0.03351,0.39503,0.75168,-0.07590,0.21487,-0.05237,-0.06616,0.04967,0.23523,0.34141,2.98800,0.00000,1.00000,0.52913,0.63636,0.57143,0.00000,0.70704
519,0.5755,3776512,1416,0.00694,3.35e-04,0.5243,299.0534,0.70200,846.57636,0.65000,0.76695,2283.69853,1.61837,-0.02856,-0.22387,0.17029,-0.02794,0.39887,0.76033,-0.07285,0.21973,-0.03976,-0.06710,0.05104,0.24231,0.34202,2.11250,0.50000,2.00000,0.52913,0.55000,0.45455,0.00000,0.71010
520,0.5772,3784704,1348,0.01215,4.02e-04,0.5244,301.2665,0.70200,673.34538,0.92857,0.78257,2265.53215,1.65234,-0.02818,-0.22183,0.17541,-0.03699,0.40960,0.77633,-0.07194,0.22793,-0.04310,-0.06619,0.05297,0.25098,0.34490,2.10000,0.00000,2.00000,0.53076,0.57143,0.63636,0.00000,0.72451
521,0.5788,3792896,1380,0.01445,3.35e-04,0.5244,245.2120,0.70200,644.44423,0.94444,0.78427,2312.55776,1.63447,-0.02797,-0.22589,0.16703,-0.03214,0.41782,0.77809,-0.06887,0.22335,-0.04154,-0.06791,0.05126,0.25012,0.34696,2.71833,0.00000,2.00000,0.53076,0.38889,0.40000,0.00000,0.73480
522,0.5805,3801088,1369,0.01168,4.02e-04,0.5244,272.2192,0.70200,821.39279,0.80000,0.76702,2264.62695,1.60344,-0.02817,-0.22098,0.16329,-0.02826,0.40282,0.76035,-0.07051,0.21877,-0.05152,-0.06723,0.05190,0.24255,0.34167,2.57200,0.00000,2.00000,0.52569,0.53333,0.60000,0.00000,0.70834
523,0.5822,3809280,1356,0.01570,4.02e-04,0.5244,276.2298,0.70200,916.49079,0.62500,0.75736,2168.09317,1.59483,-0.02783,-0.21258,0.16274,-0.03056,0.40011,0.75176,-0.07120,0.21635,-0.02862,-0.06721,0.05174,0.23651,0.34449,1.98667,0.50000,2.00000,0.52569,0.62500,0.62500,0.00000,0.72243
524,0.5839,3817472,1354,0.01369,4.02e-04,0.5245,292.9002,0.70200,745.76564,0.85000,0.74794,2131.66324,1.57304,-0.02804,-0.20860,0.16525,-0.02952,0.39552,0.74186,-0.07055,0.21719,-0.03770,-0.06691,0.05171,0.23688,0.33988,2.04000,0.50000,4.00000,0.52550,0.45000,0.46154,0.00000,0.69940
525,0.5856,3825664,1379,0.01346,4.02e-04,0.5246,197.2350,0.70200,1002.41137,0.61538,0.75305,2228.12869,1.61890,-0.02732,-0.21803,0.17206,-0.03213,0.39675,0.74740,-0.06852,0.22356,-0.03667,-0.06737,0.05374,0.24438,0.34033,1.68333,0.74000,2.00000,0.52550,0.69231,0.83333,0.00000,0.70164
526,0.5872,3833856,1411,0.01390,4.02e-04,0.5246,273.5913,0.70200,854.65136,0.69231,0.75811,2137.99904,1.63460,-0.02849,-0.20959,0.16921,-0.02997,0.39736,0.75156,-0.07362,0.22429,-0.03421,-0.06478,0.05411,0.24805,0.34028,2.19600,0.00000,1.00000,0.52550,0.61538,0.62500,0.00000,0.70138
527,0.5888,3842048,1377,0.01070,4.82e-04,0.5247,325.7461,0.70200,786.39851,0.80000,0.75537,2220.51239,1.54714,-0.02856,-0.21782,0.16292,-0.02790,0.40173,0.75001,-0.07323,0.21111,-0.04636,-0.06668,0.05066,0.23425,0.34158,3.05733,0.00000,1.00000,0.53659,0.64000,0.57895,0.00000,0.70790
528,0.5905,3850240,1389,0.01824,3.35e-04,0.5247,276.2509,0.70200,731.35336,0.88889,0.75391,2264.12821,1.49343,-0.02865,-0.22132,0.15909,-0.02578,0.39432,0.74838,-0.07331,0.20173,-0.04906,-0.06556,0.04764,0.22076,0.33960,2.72364,0.00000,3.00000,0.53659,0.61111,0.69231,0.00000,0.69802
529,0.5921,3858432,1388,0.01237,3.35e-04,0.5247,358.4058,0.70200,709.95906,0.85000,0.74252,2296.39193,1.49087,-0.02857,-0.22430,0.15625,-0.02876,0.38926,0.73636,-0.07174,0.20664,-0.04769,-0.06643,0.04624,0.22559,0.33818,2.60727,0.00000,2.00000,0.53650,0.35000,0.40000,0.00000,0.69088
530,0.5938,3866624,1369,0.01170,3.35e-04,0.5247,352.7018,0.70200,780.59760,0.76923,0.74977,2378.51796,1.47143,-0.02871,-0.23234,0.15447,-0.02886,0.39337,0.74409,-0.07086,0.20766,-0.06311,-0.06743,0.04572,0.22552,0.33809,2.22000,0.00000,0.00000,0.53650,0.61538,0.50000,0.00000,0.69045
531,0.5954,3874816,1383,0.01214,3.35e-04,0.5248,335.1677,0.70200,825.11172,0.78571,0.75587,2354.21364,1.56588,-0.02973,-0.23041,0.16043,-0.02979,0.39283,0.74964,-0.07578,0.21358,-0.04760,-0.06720,0.04808,0.23627,0.33719,2.14250,0.00000,2.00000,0.54074,0.64286,0.66667,0.00000,0.68594
532,0.5971,3883008,1377,0.01479,2.79e-04,0.5248,258.5742,0.70200,887.73884,0.70588,0.77162,2338.03766,1.57445,-0.02920,-0.22873,0.17097,-0.03206,0.40541,0.76547,-0.07556,0.22092,-0.05992,-0.06818,0.04984,0.24243,0.34193,2.58889,0.00000,0.00000,0.54074,0.64706,0.50000,0.00000,0.70966
533,0.5988,3891200,1364,0.01161,3.35e-04,0.5248,310.2680,0.70200,800.25443,0.91667,0.76578,2246.20116,1.60083,-0.02880,-0.22021,0.17232,-0.02942,0.39992,0.75863,-0.07485,0.21866,-0.04617,-0.06584,0.04893,0.24097,0.34284,2.61111,0.00000,0.00000,0.53884,0.58333,0.54545,0.00000,0.71420
534,0.6004,3899392,1358,0.01291,3.35e-04,0.5248,341.9295,0.70200,847.99840,0.76471,0.77394,2263.59972,1.65459,-0.02915,-0.22222,0.17676,-0.02900,0.40637,0.76776,-0.07698,0.22707,-0.04986,-0.06500,0.05288,0.25256,0.34585,2.47778,0.00000,2.00000,0.53884,0.64706,0.63636,0.00000,0.72927
535,0.6021,3907584,1396,0.01136,4.02e-04,0.5248,301.7431,0.70200,795.06314,0.75000,0.77993,2285.49022,1.68237,-0.02915,-0.22375,0.18189,-0.03012,0.41320,0.77261,-0.07996,0.23014,-0.04273,-0.06561,0.05489,0.25360,0.34593,2.70571,0.00000,2.00000,0.54686,0.62500,0.60000,0.00000,0.72963
536,0.6037,3915776,1372,0.01284,3.35e-04,0.5248,356.9042,0.70200,728.85827,0.78947,0.79560,2211.11914,1.72056,-0.02927,-0.21670,0.17967,-0.03061,0.42148,0.78756,-0.07832,0.23403,-0.03912,-0.06457,0.05388,0.25684,0.34649,2.89200,0.00000,2.00000,0.54686,0.68421,0.69231,0.00000,0.73246
537,0.6054,3923968,1363,0.01233,4.02e-04,0.5249,317.2807,0.70200,702.17434,0.81250,0.79330,2288.63052,1.69033,-0.02909,-0.22355,0.18265,-0.03308,0.42056,0.78533,-0.07824,0.23603,-0.05464,-0.06613,0.05295,0.25745,0.34676,3.49333,0.00000,2.00000,0.55051,0.50000,0.45455,0.00000,0.73381
538,0.6071,3932160,1382,0.02026,2.33e-04,0.5249,242.8617,0.70200,847.16545,0.73333,0.78449,2208.48701,1.72404,-0.02952,-0.21674,0.18625,-0.03249,0.41625,0.77805,-0.07959,0.23839,-0.03524,-0.06605,0.05458,0.26251,0.34716,2.62889,0.00000,2.00000,0.55051,0.66667,0.66667,0.00000,0.73581
539,0.6087,3940352,1392,0.01745,1.62e-04,0.5250,247.5138,0.70200,839.82614,0.86667,0.77678,2153.66064,1.71146,-0.02928,-0.21136,0.18683,-0.03155,0.41281,0.77134,-0.07922,0.23771,-0.03493,-0.06528,0.05644,0.25867,0.34786,2.68727,0.00000,1.00000,0.57165,0.73333,0.83333,0.00000,0.73932
540,0.6104,3948544,1324,0.01170,1.94e-04,0.5250,240.7695,0.70200,601.62017,0.77778,0.76996,2143.13405,1.65992,-0.02952,-0.20992,0.18154,-0.03060,0.41016,0.76452,-0.07919,0.22931,-0.03004,-0.06490,0.05441,0.24988,0.34793,3.65429,0.50000,6.00000,0.57165,0.44444,0.50000,0.00000,0.73965
541,0.6121,3956736,1367,0.01189,2.33e-04,0.5250,231.8500,0.70200,806.22998,0.83333,0.75769,2178.52255,1.64860,-0.02908,-0.21367,0.18055,-0.03073,0.40083,0.75311,-0.07826,0.22803,-0.03953,-0.06521,0.05504,0.25031,0.34392,2.34571,0.00000,0.00000,0.57004,0.66667,0.60000,0.00000,0.71961
542,0.6138,3964928,1361,0.01363,2.33e-04,0.5251,293.8684,0.70200,1018.06942,0.70588,0.76950,2212.00969,1.70206,-0.02853,-0.21672,0.18448,-0.02940,0.41153,0.76398,-0.07725,0.23722,-0.03436,-0.06568,0.05520,0.25885,0.34771,2.36182,0.00000,1.00000,0.57004,0.70588,0.81818,0.00000,0.73854
543,0.6155,3973120,1371,0.00879,2.79e-04,0.5252,279.9385,0.70200,732.29766,0.86957,0.78901,2110.75632,1.67398,-0.02867,-0.20739,0.18242,-0.02824,0.41985,0.78228,-0.07864,0.23138,-0.02613,-0.06524,0.05422,0.24908,0.34967,2.27857,0.00000,3.00000,0.58089,0.52174,0.58824,0.00000,0.74836
544,0.6170,3981312,1443,0.00856,4.02e-04,0.5253,274.8269,0.70200,742.69533,0.84211,0.77804,2231.40808,1.68925,-0.02842,-0.21843,0.18441,-0.02725,0.40636,0.77058,-0.07681,0.23726,-0.03560,-0.06835,0.05522,0.25574,0.34428,2.33091,0.00000,3.00000,0.58089,0.57895,0.61538,0.00000,0.72139
545,0.6186,3989504,1418,0.01317,3.35e-04,0.5254,184.6678,0.70200,812.97053,0.84211,0.76665,2141.42579,1.67576,-0.02803,-0.21047,0.18142,-0.03047,0.40661,0.76004,-0.07581,0.23639,-0.02335,-0.06686,0.05500,0.25696,0.34428,3.09231,0.00000,0.00000,0.57798,0.57895,0.50000,0.00000,0.72142
546,0.6203,3997696,1408,0.01135,3.35e-04,0.5255,243.0558,0.70200,727.50627,0.81818,0.74622,2142.96261,1.61748,-0.02888,-0.21001,0.18051,-0.03012,0.39310,0.74021,-0.07610,0.23349,-0.04179,-0.06516,0.05502,0.25183,0.34135,2.62667,0.00000,0.00000,0.57798,0.36364,0.22222,0.00000,0.70674
547,0.6219,4005888,1411,0.00767,4.82e-04,0.5256,327.4570,0.70200,737.43207,0.88235,0.75313,2238.68654,1.65967,-0.02807,-0.21934,0.18305,-0.03156,0.39302,0.74783,-0.07489,0.23714,-0.03298,-0.06592,0.05545,0.25427,0.34129,2.64400,0.00000,2.00000,0.56563,0.58824,0.61538,0.00000,0.70645
548,0.6235,4014080,1449,0.01448,4.02e-04,0.5257,254.3199,0.70200,699.55431,0.93333,0.77591,2211.88102,1.71578,-0.02803,-0.21679,0.19017,-0.03196,0.40964,0.76969,-0.07362,0.24084,-0.03482,-0.06640,0.05553,0.26007,0.34482,2.42200,0.00000,0.00000,0.56563,0.46667,0.42857,0.00000,0.72412
549,0.6251,4022272,1429,0.01826,2.79e-04,0.5258,256.9045,0.70200,964.48476,0.50000,0.78261,2203.81150,1.77224,-0.02838,-0.21641,0.19852,-0.03203,0.41123,0.77622,-0.07743,0.24967,-0.04043,-0.06565,0.05811,0.27490,0.34643,2.29000,0.00000,1.00000,0.55644,0.75000,0.60000,0.00000,0.73214
550,0.6267,4030464,1429,0.01071,3.35e-04,0.5259,185.8489,0.70200,1164.25828,0.41176,0.79103,2269.56082,1.83574,-0.02773,-0.22328,0.20624,-0.03714,0.41860,0.78494,-0.07692,0.26106,-0.02471,-0.06734,0.06172,0.28546,0.34995,3.10333,0.00000,1.00000,0.55644,0.82353,0.66667,0.00000,0.74975
551,0.6283,4038656,1359,0.01111,4.02e-04,0.5259,290.2600,0.70200,685.34937,0.73333,0.80020,2170.92821,1.82652,-0.02745,-0.21339,0.20655,-0.03509,0.42466,0.79443,-0.07539,0.25917,-0.03197,-0.06702,0.06170,0.28369,0.35164,2.83200,0.50000,3.00000,0.55644,0.40000,0.37500,0.00000,0.75822
552,0.6299,4046848,1426,0.01473,4.02e-04,0.5260,268.4035,0.70200,960.91642,0.68182,0.79909,2211.02884,1.78952,-0.02686,-0.21703,0.20220,-0.03880,0.42455,0.79258,-0.07129,0.25680,-0.03886,-0.06830,0.06018,0.28076,0.35056,3.28167,0.00000,2.00000,0.56376,0.77273,0.76923,0.00000,0.75280
553,0.6315,4055040,1442,0.01137,4.82e-04,0.5260,237.8758,0.70200,906.75745,0.69231,0.79775,2151.82208,1.78671,-0.02659,-0.21131,0.19709,-0.02932,0.42079,0.79069,-0.07080,0.25321,-0.02760,-0.06820,0.05905,0.27704,0.34803,2.51000,0.50000,1.00000,0.56376,0.61538,0.62500,0.00000,0.74013
554,0.6331,4063232,1419,0.01455,4.02e-04,0.5261,267.7753,0.70200,849.91149,0.72222,0.78491,2231.62584,1.74818,-0.02658,-0.21841,0.19420,-0.03289,0.41854,0.77835,-0.06904,0.24842,-0.03886,-0.06798,0.05527,0.27191,0.34854,2.05400,0.00000,3.00000,0.55738,0.50000,0.40000,0.00000,0.74271
555,0.6348,4071424,1383,0.01277,4.02e-04,0.5261,230.9795,0.70200,817.05403,0.88889,0.78383,2150.38591,1.74262,-0.02761,-0.21073,0.19237,-0.03325,0.41671,0.77809,-0.07167,0.24797,-0.04241,-0.06727,0.05991,0.27429,0.34852,2.56909,0.00000,2.00000,0.55738,0.66667,0.71429,0.00000,0.74260
556,0.6364,4079616,1445,0.01448,3.35e-04,0.5261,305.4669,0.70200,728.92917,0.66667,0.77848,2187.38285,1.74823,-0.02756,-0.21390,0.19364,-0.03134,0.41637,0.77320,-0.07220,0.24738,-0.04121,-0.06725,0.06080,0.27307,0.34849,3.32667,0.00000,4.00000,0.57387,0.50000,0.75000,0.00000,0.74246
557,0.6379,4087808,1473,0.01533,3.35e-04,0.5261,228.1607,0.70200,863.26943,0.71429,0.77611,2162.56420,1.75793,-0.02759,-0.21216,0.19792,-0.03112,0.40887,0.77066,-0.07433,0.24623,-0.02840,-0.06659,0.06029,0.27209,0.34568,2.23500,0.00000,1.00000,0.57387,0.64286,0.66667,0.00000,0.72841
558,0.6395,4096000,1442,0.01357,3.35e-04,0.5261,201.6867,0.70200,887.94835,0.60000,0.78141,2146.46695,1.73576,-0.02759,-0.21134,0.19802,-0.03164,0.41212,0.77557,-0.07455,0.24703,-0.02984,-0.06667,0.05970,0.26959,0.34612,3.89000,0.00000,1.00000,0.57300,0.68000,0.50000,0.00000,0.73061
559,0.6411,4104192,1454,0.01532,2.79e-04,0.5261,234.6894,0.70200,831.75992,0.76471,0.76817,2183.24518,1.61261,-0.02884,-0.21342,0.18027,-0.03113,0.40505,0.76361,-0.07347,0.22544,-0.03882,-0.06731,0.05450,0.24725,0.34445,3.06182,0.50000,2.00000,0.57300,0.70588,0.72727,0.00000,0.72225
560,0.6427,4112384,1402,0.00702,4.02e-04,0.5261,325.4106,0.70200,833.88640,0.82353,0.76724,2165.03517,1.65626,-0.02855,-0.21244,0.18183,-0.02553,0.40519,0.76104,-0.07368,0.23090,-0.04125,-0.06643,0.05528,0.25415,0.34403,2.06333,0.50000,3.00000,0.59297,0.70588,0.81818,0.00000,0.72014
561,0.6443,4120576,1415,0.01057,5.79e-04,0.5261,204.5418,0.70200,997.10997,0.77778,0.76514,2122.70127,1.60342,-0.02834,-0.20788,0.17555,-0.02758,0.40507,0.75877,-0.07145,0.22124,-0.03945,-0.06676,0.05288,0.24359,0.34267,2.53571,0.00000,0.00000,0.59297,0.72222,0.64286,0.00000,0.71333
562,0.6460,4128768,1354,0.02110,4.02e-04,0.5261,279.0615,0.69800,845.94303,0.72727,0.74307,2239.94265,1.57000,-0.02864,-0.21858,0.17120,-0.02731,0.38546,0.73787,-0.07534,0.21427,-0.03757,-0.06697,0.05271,0.23944,0.33693,2.85333,0.00000,1.00000,0.60034,0.72727,0.71429,0.00000,0.68465
563,0.6477,4136960,1361,0.01360,3.35e-04,0.5261,285.5666,0.69800,917.60589,0.60000,0.76310,2305.55685,1.59471,-0.02838,-0.22572,0.16480,-0.02810,0.38975,0.75701,-0.07350,0.21384,-0.03987,-0.06768,0.05015,0.23395,0.33873,2.42250,0.50000,1.00000,0.60034,0.60000,0.45455,0.00000,0.69363
564,0.6494,4145152,1354,0.01180,3.35e-04,0.5261,257.2314,0.69800,1010.47601,0.58333,0.77051,2237.77711,1.65786,-0.02891,-0.21871,0.17645,-0.03082,0.40304,0.76487,-0.07677,0.22515,-0.03508,-0.06580,0.05679,0.24799,0.34402,2.72286,0.00000,0.00000,0.59031,0.75000,0.57143,0.00000,0.72009
565,0.6510,4153344,1359,0.00980,4.82e-04,0.5261,305.1262,0.69800,973.09243,0.57143,0.77946,2293.86131,1.71704,-0.02874,-0.22351,0.18807,-0.03008,0.41311,0.77260,-0.07887,0.23745,-0.04990,-0.06598,0.05844,0.26196,0.34565,2.52667,0.50000,2.00000,0.59031,0.64286,0.50000,0.00000,0.72827
566,0.6527,4161536,1366,0.01462,4.82e-04,0.5261,334.8409,0.69800,882.44945,0.70588,0.79056,2255.39019,1.76057,-0.02861,-0.22105,0.19226,-0.03173,0.41831,0.78258,-0.07625,0.24720,-0.03589,-0.06676,0.05720,0.26959,0.34740,2.63000,0.00000,1.00000,0.58422,0.58824,0.54545,0.00000,0.73699
567,0.6543,4169728,1408,0.01359,4.82e-04,0.5261,314.0660,0.69800,891.90600,0.62500,0.78968,2183.03371,1.70047,-0.02821,-0.21352,0.18447,-0.03004,0.41619,0.78294,-0.07671,0.23446,-0.03713,-0.06667,0.05309,0.25397,0.34769,3.39333,0.00000,3.00000,0.58422,0.68750,0.71429,0.00000,0.73843
568,0.6560,4177920,1364,0.01435,4.02e-04,0.5261,322.8665,0.69800,844.14575,0.72222,0.77691,2212.95921,1.65614,-0.02811,-0.21609,0.18174,-0.03245,0.40651,0.77101,-0.07509,0.22949,-0.03580,-0.06626,0.05303,0.24994,0.34521,3.44000,0.00000,1.00000,0.59948,0.77778,0.75000,0.00000,0.72607
569,0.6577,4186112,1375,0.01236,4.82e-04,0.5261,253.3851,0.69800,761.93187,0.64286,0.76608,2168.37544,1.67088,-0.02826,-0.21242,0.18129,-0.03033,0.39806,0.76053,-0.07543,0.22978,-0.02551,-0.06572,0.05373,0.25122,0.34378,2.11000,0.00000,2.00000,0.59948,0.42857,0.57143,0.00000,0.71890
570,0.6593,4194304,1372,0.01251,4.82e-04,0.5262,287.2321,0.69400,693.65490,0.94118,0.77332,2123.34280,1.67037,-0.02883,-0.20858,0.18126,-0.02989,0.40673,0.76700,-0.07530,0.22829,-0.02499,-0.06615,0.05470,0.25006,0.34702,2.68769,0.00000,2.00000,0.60144,0.58824,0.64286,0.00000,0.73510
571,0.6610,4202496,1396,0.01314,4.82e-04,0.5262,261.9602,0.69400,908.92443,0.70588,0.75958,2238.95903,1.58385,-0.02929,-0.21948,0.16839,-0.02997,0.39736,0.75437,-0.07464,0.21629,-0.03686,-0.06562,0.04935,0.23358,0.34252,2.37333,0.50000,4.00000,0.60144,0.70588,0.87500,0.00000,0.71259
572,0.6626,4210688,1368,0.01105,6.94e-04,0.5263,267.4808,0.69000,808.34758,0.76923,0.74867,2178.92507,1.58028,-0.02937,-0.21362,0.16248,-0.02740,0.38877,0.74386,-0.07517,0.20771,-0.03069,-0.06548,0.04948,0.22534,0.34037,2.62000,0.00000,2.00000,0.61004,0.53846,0.50000,0.00000,0.70184
573,0.6642,4218880,1409,0.01734,4.82e-04,0.5264,288.8138,0.69000,725.58951,0.85714,0.74323,2256.80264,1.57512,-0.02912,-0.22007,0.16548,-0.02813,0.38873,0.73830,-0.07518,0.20907,-0.04497,-0.06596,0.05201,0.23376,0.34071,2.28571,0.00000,1.00000,0.61004,0.50000,0.45455,0.00000,0.70354
574,0.6659,4227072,1354,0.01238,4.82e-04,0.5264,210.9894,0.68600,667.20762,0.96429,0.75998,2163.99814,1.51667,-0.02957,-0.21140,0.15566,-0.02601,0.40012,0.75467,-0.07538,0.20139,-0.04274,-0.06558,0.05017,0.22382,0.34333,2.63333,0.50000,2.00000,0.60460,0.57143,0.60000,0.00000,0.71666
575,0.6676,4235264,1373,0.01404,4.02e-04,0.5265,285.6204,0.68600,942.29813,0.66667,0.74571,2208.18036,1.50398,-0.02958,-0.21623,0.15864,-0.02693,0.39277,0.74041,-0.07508,0.20134,-0.04491,-0.06629,0.04965,0.22467,0.34331,2.33143,0.00000,2.00000,0.60460,0.73333,0.75000,0.00000,0.71653
576,0.6693,4243456,1342,0.01316,4.02e-04,0.5265,329.3193,0.68200,779.46756,0.90909,0.74167,2278.33809,1.47967,-0.02871,-0.22253,0.15760,-0.02741,0.38151,0.73584,-0.07433,0.19877,-0.05268,-0.06656,0.04824,0.22217,0.33874,3.00941,0.00000,2.00000,0.61721,0.68182,0.72222,0.00000,0.69369
577,0.6710,4251648,1368,0.00875,5.79e-04,0.5265,394.5866,0.68200,866.92636,0.81818,0.73407,2282.65495,1.41419,-0.02907,-0.22286,0.14265,-0.02349,0.37428,0.72767,-0.07626,0.18132,-0.04445,-0.06570,0.04421,0.20227,0.33754,2.65143,0.00000,0.00000,0.61721,0.72727,0.66667,0.00000,0.68769
578,0.6726,4259840,1377,0.01756,4.02e-04,0.5266,258.6803,0.67800,841.32767,0.75000,0.73200,2316.03707,1.46881,-0.02925,-0.22611,0.14869,-0.02552,0.37037,0.72699,-0.07598,0.18969,-0.04720,-0.06646,0.04572,0.21271,0.33529,1.89000,0.50000,2.00000,0.60812,0.43750,0.40000,0.00000,0.67645
579,0.6743,4268032,1354,0.01048,5.79e-04,0.5267,357.9809,0.67800,806.15375,0.86667,0.74775,2267.29692,1.49593,-0.03027,-0.22176,0.14510,-0.02439,0.38260,0.74120,-0.07866,0.19413,-0.03852,-0.06505,0.04760,0.22235,0.33963,2.71091,0.00000,0.00000,0.60812,0.60000,0.53846,0.00000,0.69817
580,0.6760,4276224,1362,0.01248,6.94e-04,0.5269,368.3757,0.67800,973.14077,0.50000,0.74299,2426.12352,1.51212,-0.03043,-0.23640,0.15531,-0.02814,0.37856,0.73734,-0.07900,0.20163,-0.05486,-0.06709,0.05118,0.23071,0.33840,2.24000,0.50000,1.00000,0.59994,0.71429,0.50000,0.00000,0.69200
581,0.6776,4284416,1429,0.01400,6.94e-04,0.5270,319.2504,0.67800,814.12718,0.73333,0.75476,2417.24278,1.51451,-0.02994,-0.23611,0.15851,-0.03126,0.38109,0.74879,-0.07946,0.20412,-0.05639,-0.06691,0.04613,0.22626,0.33980,2.78000,0.50000,1.00000,0.59994,0.53333,0.40000,0.00000,0.69900
582,0.6793,4292608,1351,0.01070,6.94e-04,0.5271,279.9469,0.67800,688.32266,0.87500,0.76358,2407.01091,1.49612,-0.02975,-0.23474,0.15267,-0.02836,0.38568,0.75787,-0.07802,0.19745,-0.05664,-0.06658,0.04576,0.22137,0.34072,3.64727,0.00000,2.00000,0.58086,0.37500,0.41667,0.00000,0.70359
583,0.6809,4300800,1420,0.01318,5.79e-04,0.5272,320.4782,0.67800,745.59422,0.76190,0.74359,2308.03982,1.46208,-0.02980,-0.22546,0.15078,-0.02681,0.37682,0.73892,-0.07656,0.19309,-0.04759,-0.06580,0.04389,0.21417,0.33801,3.10182,0.00000,2.00000,0.58086,0.52381,0.42857,0.00000,0.69007
584,0.6826,4308992,1338,0.01331,5.79e-04,0.5273,270.7434,0.67800,688.32134,0.85714,0.72736,2247.34600,1.44402,-0.02951,-0.21891,0.15132,-0.02690,0.36984,0.72247,-0.07431,0.19110,-0.03787,-0.06549,0.04315,0.20569,0.33746,3.18750,0.50000,2.00000,0.56860,0.50000,0.50000,0.00000,0.68732
585,0.6842,4317184,1375,0.01352,5.79e-04,0.5273,270.2966,0.67800,666.04991,0.88235,0.71530,2237.78819,1.41589,-0.03020,-0.21845,0.14887,-0.02709,0.35540,0.71034,-0.07700,0.18647,-0.03355,-0.06472,0.04234,0.20581,0.33276,2.39333,0.82000,3.00000,0.56860,0.35294,0.41667,0.00000,0.66378
586,0.6863,4325376,1093,0.01555,4.82e-04,0.5274,292.1932,0.67800,709.02841,0.87500,0.71005,2229.83503,1.31429,-0.03047,-0.21731,0.13908,-0.02434,0.34445,0.70595,-0.07981,0.16787,-0.04789,-0.06587,0.04049,0.19159,0.32917,3.03333,0.00000,1.00000,0.55974,0.56250,0.53846,0.00000,0.64584
587,0.6880,4333568,1412,0.01776,3.35e-04,0.5274,334.4679,0.67800,544.04813,0.78571,0.70667,2267.87727,1.35668,-0.02976,-0.22150,0.14445,-0.02443,0.33806,0.70198,-0.07894,0.17363,-0.04186,-0.06572,0.04287,0.19684,0.32508,2.77200,0.50000,5.00000,0.55974,0.35714,0.33333,0.00000,0.62539
588,0.6896,4341760,1366,0.01265,3.35e-04,0.5275,267.9540,0.67800,709.17353,0.71429,0.71294,2325.79541,1.42301,-0.02918,-0.22735,0.15127,-0.02609,0.34187,0.70802,-0.07856,0.18581,-0.03758,-0.06655,0.04358,0.20648,0.32859,1.93000,0.00000,1.00000,0.55974,0.35714,0.11111,0.00000,0.64296
589,0.6913,4349952,1368,0.02483,2.33e-04,0.5276,291.6283,0.67800,651.56418,0.95652,0.72447,2273.24584,1.41340,-0.02910,-0.22301,0.14897,-0.02686,0.35014,0.72058,-0.07736,0.18319,-0.03782,-0.06740,0.04524,0.20514,0.32967,2.46706,0.00000,1.00000,0.52877,0.30435,0.28571,0.00000,0.64833
590,0.6929,4358144,1421,0.01368,2.33e-04,0.5276,281.7854,0.67800,621.68571,0.81250,0.73740,2249.32845,1.39174,-0.02970,-0.21973,0.14623,-0.02384,0.36134,0.73348,-0.07771,0.18242,-0.03917,-0.06611,0.04622,0.20343,0.33283,2.20889,0.00000,2.00000,0.52877,0.25000,0.18182,0.00000,0.66417
591,0.6945,4366336,1423,0.00818,3.35e-04,0.5277,278.4435,0.67800,667.20779,0.83333,0.72655,2224.28446,1.40526,-0.02999,-0.21755,0.14930,-0.02533,0.35543,0.72190,-0.07860,0.18261,-0.03741,-0.06553,0.04620,0.20520,0.33068,2.33250,0.00000,3.00000,0.50633,0.44444,0.41667,0.00000,0.65342
592,0.6961,4374528,1443,0.01355,2.79e-04,0.5278,273.7436,0.67800,661.20340,0.81818,0.73328,2172.51616,1.41156,-0.02980,-0.21240,0.14767,-0.02526,0.35955,0.72826,-0.07935,0.17773,-0.03190,-0.06398,0.04724,0.20349,0.33115,2.45636,0.00000,0.00000,0.48347,0.36364,0.27778,0.00000,0.65576
593,0.6977,4382720,1388,0.00890,4.02e-04,0.5279,289.5278,0.67800,811.94532,0.60000,0.72160,2222.54841,1.41607,-0.03023,-0.21675,0.15350,-0.02816,0.35387,0.71664,-0.07912,0.18725,-0.06119,-0.06507,0.04568,0.21246,0.32975,3.02000,0.00000,1.00000,0.48347,0.50000,0.20000,0.00000,0.64875
594,0.6994,4390912,1393,0.01824,2.79e-04,0.5280,258.1559,0.67800,870.90613,0.63158,0.72657,2240.67144,1.49152,-0.02939,-0.21906,0.15645,-0.02775,0.36102,0.72212,-0.07794,0.19350,-0.02538,-0.06523,0.04739,0.21680,0.33314,2.50667,0.00000,1.00000,0.47888,0.68421,0.54545,0.00000,0.66572
595,0.7010,4399104,1390,0.01126,3.35e-04,0.5280,231.6335,0.67800,891.29723,0.66667,0.73679,2297.40562,1.47025,-0.02875,-0.22416,0.15386,-0.02874,0.36752,0.73241,-0.07562,0.19239,-0.03499,-0.06623,0.04772,0.21759,0.33392,1.88000,0.00000,0.00000,0.47888,0.46667,0.20000,0.00000,0.66961
596,0.7026,4407296,1424,0.01054,4.82e-04,0.5280,249.3839,0.67800,689.58688,0.70000,0.73732,2313.54724,1.50485,-0.02837,-0.22645,0.16024,-0.02915,0.36791,0.73350,-0.07592,0.19880,-0.04375,-0.06653,0.05045,0.22571,0.33320,3.18500,0.00000,1.00000,0.45599,0.40000,0.33333,0.00000,0.66598
597,0.7042,4415488,1402,0.01401,4.02e-04,0.5281,299.5010,0.67800,736.94375,0.81250,0.74501,2341.14281,1.51451,-0.02821,-0.22842,0.16274,-0.03246,0.36797,0.74072,-0.07386,0.20628,-0.05549,-0.06756,0.05181,0.23291,0.33220,3.19400,0.00000,2.00000,0.45599,0.56250,0.54545,0.00000,0.66099
598,0.7058,4423680,1429,0.01521,3.35e-04,0.5282,226.3984,0.67800,797.10532,0.78947,0.74229,2274.73505,1.49714,-0.02862,-0.22231,0.15758,-0.02844,0.37359,0.73678,-0.07550,0.19690,-0.03369,-0.06716,0.05003,0.21991,0.33460,2.16364,0.00000,2.00000,0.46039,0.52632,0.46154,0.00000,0.67302
599,0.7074,4431872,1450,0.01127,4.02e-04,0.5283,377.2074,0.67800,660.40512,0.88889,0.74242,2254.73302,1.47798,-0.02850,-0.22079,0.15889,-0.03001,0.37414,0.73746,-0.07451,0.19772,-0.04909,-0.06639,0.05132,0.22272,0.33359,2.17333,1.00000,2.00000,0.46039,0.38889,0.35714,0.00000,0.66795
600,0.7091,4440064,1361,0.01143,4.82e-04,0.5284,236.4471,0.67800,622.17762,0.84615,0.73981,2325.36725,1.47175,-0.02852,-0.22690,0.16119,-0.02683,0.37364,0.73504,-0.07507,0.19769,-0.05423,-0.06767,0.05031,0.22351,0.33376,3.60000,0.50000,1.00000,0.45602,0.46154,0.50000,0.00000,0.66881
601,0.7107,4448256,1421,0.01058,5.79e-04,0.5285,278.9326,0.67800,683.47362,0.83333,0.74471,2351.44653,1.48906,-0.02910,-0.22971,0.15668,-0.02587,0.37263,0.73969,-0.07542,0.19644,-0.04373,-0.06740,0.05036,0.22192,0.33572,3.50400,0.00000,3.00000,0.45602,0.55556,0.58333,0.00000,0.67860
602,0.7123,4456448,1421,0.01168,5.79e-04,0.5287,279.1030,0.67800,844.97822,0.63158,0.74492,2351.06252,1.48380,-0.02916,-0.22972,0.15643,-0.02748,0.37678,0.73957,-0.07825,0.19521,-0.04725,-0.06578,0.04730,0.22180,0.33637,2.62200,0.50000,3.00000,0.47232,0.63158,0.66667,0.00000,0.68183
603,0.7139,4464640,1443,0.01163,5.79e-04,0.5289,299.4743,0.67800,564.78141,0.81818,0.74076,2318.96905,1.44572,-0.02934,-0.22635,0.15064,-0.02439,0.37297,0.73603,-0.07666,0.18766,-0.05197,-0.06617,0.04519,0.20959,0.33698,1.82571,0.50000,3.00000,0.47232,0.27273,0.33333,0.00000,0.68488
604,0.7155,4472832,1436,0.01225,6.94e-04,0.5290,187.7505,0.67800,675.65035,0.92857,0.73551,2333.97576,1.51212,-0.02971,-0.22758,0.15567,-0.02394,0.37332,0.73081,-0.07798,0.19718,-0.02908,-0.06674,0.04841,0.21912,0.33573,2.47636,0.50000,1.00000,0.44731,0.21429,0.16667,0.00000,0.67863
605,0.7170,4481024,1473,0.01557,5.79e-04,0.5292,277.7121,0.67800,869.10219,0.80000,0.73361,2270.02596,1.48490,-0.02948,-0.22180,0.15785,-0.02616,0.37805,0.72987,-0.07604,0.19720,-0.03958,-0.06731,0.04792,0.22211,0.33737,2.23375,0.00000,1.00000,0.45521,0.60000,0.52632,0.00000,0.68683
606,0.7186,4489216,1443,0.01490,5.79e-04,0.5292,330.6726,0.67800,773.80418,0.72222,0.73643,2246.79297,1.43726,-0.02911,-0.21968,0.15610,-0.02935,0.37563,0.73226,-0.07603,0.19392,-0.05250,-0.06700,0.04641,0.21704,0.33638,2.98800,0.00000,2.00000,0.45521,0.44444,0.36364,0.00000,0.68190
607,0.7202,4497408,1459,0.02076,4.02e-04,0.5292,340.8971,0.67800,652.89307,0.72222,0.72897,2267.61601,1.45956,-0.02882,-0.22112,0.16085,-0.03000,0.36918,0.72461,-0.07516,0.19913,-0.04559,-0.06677,0.04576,0.21820,0.33585,1.73714,0.50000,3.00000,0.44778,0.38889,0.40000,0.00000,0.67924
608,0.7218,4505600,1377,0.01137,4.82e-04,0.5292,301.9679,0.67800,656.62434,0.87500,0.72376,2335.58900,1.42980,-0.02814,-0.22786,0.15990,-0.02653,0.36985,0.71893,-0.07387,0.19628,-0.04894,-0.06736,0.04509,0.21631,0.33571,2.92000,0.00000,0.00000,0.44778,0.37500,0.28571,0.00000,0.67854
609,0.7235,4513792,1397,0.01348,4.82e-04,0.5292,224.4491,0.67800,969.89660,0.45455,0.72217,2352.44372,1.44307,-0.02869,-0.22926,0.15592,-0.02551,0.35700,0.71800,-0.07744,0.19256,-0.04611,-0.06697,0.04358,0.21191,0.33086,2.45000,0.00000,2.00000,0.43830,0.72727,0.66667,0.00000,0.65430
610,0.7250,4521984,1438,0.01442,3.35e-04,0.5292,239.1326,0.67800,750.79372,0.85714,0.73015,2309.46403,1.44453,-0.02927,-0.22527,0.15628,-0.02576,0.36253,0.72587,-0.07932,0.19379,-0.04021,-0.06573,0.04419,0.21326,0.33138,2.86333,0.00000,0.00000,0.44447,0.57143,0.50000,0.00000,0.65689
611,0.7267,4530176,1398,0.01375,3.35e-04,0.5293,342.2685,0.67800,614.16476,0.90909,0.73186,2340.19853,1.43608,-0.02872,-0.22761,0.15520,-0.02667,0.36345,0.72747,-0.07656,0.19122,-0.05063,-0.06647,0.04569,0.21155,0.33181,3.52800,0.00000,0.00000,0.44447,0.45455,0.40000,0.00000,0.65906
612,0.7283,4538368,1433,0.01072,4.02e-04,0.5294,315.3520,0.67800,742.19463,0.62500,0.73474,2304.25518,1.48065,-0.02899,-0.22521,0.15687,-0.02503,0.36203,0.73059,-0.07706,0.19401,-0.04021,-0.06605,0.04670,0.21478,0.33150,2.57000,0.50000,2.00000,0.42780,0.31250,0.12500,0.00000,0.65752
613,0.7299,4546560,1391,0.01454,3.35e-04,0.5295,259.2759,0.67800,781.17628,0.81250,0.73359,2281.42121,1.46060,-0.02958,-0.22310,0.15433,-0.02391,0.36628,0.72891,-0.08047,0.19159,-0.03860,-0.06665,0.04484,0.21124,0.33310,2.88800,0.00000,1.00000,0.42780,0.50000,0.41667,0.00000,0.66550
614,0.7315,4554752,1421,0.01128,4.02e-04,0.5296,244.9169,0.67800,499.42903,0.86667,0.73174,2204.19562,1.44255,-0.02970,-0.21546,0.15400,-0.02486,0.36667,0.72744,-0.08059,0.19042,-0.04407,-0.06516,0.04548,0.21021,0.33461,2.83000,0.00000,3.00000,0.42138,0.33333,0.30000,0.00000,0.67304
615,0.7331,4562944,1462,0.01718,2.79e-04,0.5296,291.5748,0.67800,778.78126,0.84211,0.73405,2145.44284,1.47488,-0.02930,-0.20988,0.15556,-0.02654,0.37158,0.73054,-0.07884,0.19599,-0.03215,-0.06525,0.04783,0.21497,0.33379,3.04000,0.00000,1.00000,0.42138,0.42105,0.40000,0.00000,0.66893
616,0.7346,4571136,1468,0.01542,2.79e-04,0.5296,196.4388,0.67800,539.50669,0.86667,0.73647,2267.92743,1.49861,-0.02879,-0.22205,0.16550,-0.02587,0.37110,0.73226,-0.07840,0.20583,-0.04994,-0.06658,0.05046,0.22760,0.33373,3.38400,0.50000,3.00000,0.41525,0.26667,0.30000,0.00000,0.66867
617,0.7363,4579328,1411,0.01232,2.79e-04,0.5296,268.2883,0.67800,953.78209,0.56250,0.73741,2224.45202,1.52187,-0.02943,-0.21767,0.16637,-0.02946,0.37368,0.73354,-0.07895,0.20796,-0.04007,-0.06674,0.05059,0.22992,0.33648,2.94800,0.00000,1.00000,0.41525,0.56250,0.37500,0.00000,0.68238
618,0.7379,4587520,1424,0.01110,4.02e-04,0.5296,268.0759,0.67800,624.90639,0.81250,0.72559,2173.59861,1.49273,-0.02974,-0.21310,0.15859,-0.02467,0.37341,0.72266,-0.07846,0.19680,-0.03357,-0.06638,0.05086,0.21655,0.33735,2.26571,0.00000,4.00000,0.41490,0.43750,0.44444,0.00000,0.68675
619,0.7394,4595712,1464,0.03025,2.79e-04,0.5297,248.4728,0.67800,621.41630,0.92857,0.73650,2258.70274,1.52274,-0.02876,-0.22089,0.16120,-0.02664,0.37976,0.73242,-0.07596,0.20385,-0.03693,-0.06768,0.04892,0.22382,0.33758,2.90000,0.50000,2.00000,0.41490,0.42857,0.45455,0.00000,0.68791
620,0.7410,4603904,1426,0.01176,3.35e-04,0.5297,303.3126,0.67800,714.37624,0.73333,0.75197,2269.18103,1.58314,-0.02849,-0.22258,0.17020,-0.02640,0.38944,0.74680,-0.07655,0.21352,-0.03394,-0.06704,0.04921,0.23309,0.34045,2.51143,0.00000,1.00000,0.41150,0.40000,0.30000,0.00000,0.70223
621,0.7426,4612096,1433,0.01258,3.35e-04,0.5298,268.4549,0.67800,675.96222,0.76923,0.76372,2234.70436,1.56438,-0.02924,-0.21899,0.16808,-0.02632,0.39458,0.75894,-0.07654,0.21211,-0.03559,-0.06681,0.05111,0.23401,0.34065,2.81273,0.00000,3.00000,0.40565,0.46154,0.35294,0.00000,0.70325
622,0.7442,4620288,1413,0.01532,2.33e-04,0.5298,263.0362,0.67800,805.48535,0.72222,0.75959,2242.03329,1.56456,-0.02841,-0.21982,0.17531,-0.03227,0.38865,0.75449,-0.07508,0.22120,-0.05095,-0.06863,0.05109,0.24042,0.34020,1.78500,0.00000,2.00000,0.40565,0.44444,0.27273,0.00000,0.70098
623,0.7458,4628480,1433,0.00853,3.35e-04,0.5299,319.7429,0.67800,868.92831,0.84211,0.75971,2233.30431,1.61726,-0.02783,-0.21883,0.17897,-0.02942,0.38957,0.75492,-0.07319,0.22522,-0.03406,-0.06670,0.05211,0.24445,0.34160,2.60286,0.00000,1.00000,0.42277,0.78947,0.80000,0.00000,0.70802
624,0.7473,4636672,1501,0.00939,4.02e-04,0.5300,295.9530,0.67800,748.44494,0.81818,0.74715,2229.72290,1.59216,-0.02850,-0.21830,0.17281,-0.03185,0.38112,0.74334,-0.07408,0.22056,-0.03188,-0.06718,0.05171,0.24384,0.33925,2.10333,0.00000,0.00000,0.42277,0.45455,0.33333,0.00000,0.69625
625,0.7490,4644864,1401,0.01027,4.82e-04,0.5301,295.0398,0.67800,907.81476,0.68750,0.74255,2203.00089,1.59179,-0.02853,-0.21573,0.17142,-0.02800,0.38063,0.73774,-0.07479,0.21349,-0.03232,-0.06664,0.05008,0.23486,0.33668,3.44500,0.00000,2.00000,0.43050,0.68750,0.66667,0.00000,0.68339
626,0.7505,4653056,1487,0.01425,4.02e-04,0.5301,171.6742,0.67800,730.63982,0.80000,0.73950,2205.87670,1.54912,-0.02868,-0.21632,0.17496,-0.02902,0.38395,0.73472,-0.07683,0.21391,-0.03737,-0.06593,0.05168,0.23438,0.33583,1.96000,0.00000,0.00000,0.43050,0.53333,0.41667,0.00000,0.67913
627,0.7521,4661248,1468,0.01955,2.79e-04,0.5302,212.9529,0.67800,942.35340,0.64286,0.72453,2253.20888,1.52946,-0.02893,-0.22007,0.17154,-0.02758,0.36927,0.72039,-0.07550,0.21096,-0.04329,-0.06679,0.05041,0.23181,0.33239,2.72500,0.00000,1.00000,0.43745,0.71429,0.62500,0.00000,0.66195
628,0.7537,4669440,1425,0.00796,4.02e-04,0.5303,186.4041,0.67800,751.70811,0.81250,0.72209,2241.37390,1.50589,-0.02868,-0.21916,0.16312,-0.02967,0.36873,0.71792,-0.07309,0.20626,-0.03606,-0.06682,0.05091,0.22968,0.33148,3.24400,0.00000,1.00000,0.43745,0.56250,0.58333,0.00000,0.65742
629,0.7552,4677632,1470,0.00994,4.82e-04,0.5303,217.9460,0.67800,830.25681,0.75000,0.71957,2276.72723,1.47684,-0.02859,-0.22201,0.16475,-0.02859,0.36730,0.71560,-0.07379,0.20621,-0.04199,-0.06784,0.04882,0.22778,0.33176,3.30667,0.00000,2.00000,0.45734,0.68750,0.70000,0.00000,0.65882
630,0.7568,4685824,1430,0.00978,5.79e-04,0.5304,280.8338,0.67800,766.93803,0.71429,0.73147,2216.95713,1.47049,-0.02873,-0.21637,0.16128,-0.02630,0.36976,0.72711,-0.07465,0.19799,-0.03448,-0.06625,0.04796,0.21539,0.33306,1.94000,0.50000,3.00000,0.45734,0.52381,0.50000,0.00000,0.66531
631,0.7584,4694016,1452,0.01618,5.79e-04,0.5305,334.3218,0.67800,620.77888,1.00000,0.73473,2183.36904,1.44914,-0.02842,-0.21358,0.15612,-0.02109,0.37295,0.73062,-0.07509,0.18860,-0.04497,-0.06588,0.04824,0.20990,0.33319,3.32400,0.00000,1.00000,0.46577,0.53846,0.58333,0.00000,0.66596
632,0.7600,4702208,1403,0.01639,5.79e-04,0.5306,278.6805,0.67800,759.95864,0.76471,0.73074,2282.44819,1.47770,-0.02884,-0.22288,0.16173,-0.02699,0.37295,0.72538,-0.07536,0.19687,-0.04395,-0.06610,0.04801,0.21820,0.33224,2.36500,0.00000,3.00000,0.46577,0.58824,0.70000,0.00000,0.66120
633,0.7617,4710400,1380,0.01631,4.82e-04,0.5307,317.9599,0.67800,821.04344,0.72222,0.72154,2273.50451,1.48405,-0.02829,-0.22218,0.16110,-0.02448,0.37372,0.71708,-0.07450,0.20164,-0.04500,-0.06700,0.04803,0.21997,0.33302,2.04800,0.00000,2.00000,0.47634,0.50000,0.45455,0.00000,0.66510
634,0.7633,4718592,1411,0.01368,4.02e-04,0.5307,210.4359,0.67800,663.10912,0.85714,0.72619,2183.07883,1.47360,-0.02871,-0.21352,0.15759,-0.02745,0.36946,0.72305,-0.07683,0.19567,-0.04364,-0.06670,0.04822,0.21375,0.33285,1.86571,0.50000,4.00000,0.47634,0.35714,0.37500,0.00000,0.66423
635,0.7649,4726784,1422,0.01183,4.82e-04,0.5308,174.2093,0.67800,706.08509,0.83333,0.72244,2237.22569,1.49203,-0.02874,-0.21816,0.16484,-0.02628,0.36582,0.71894,-0.07436,0.20205,-0.03460,-0.06770,0.04886,0.22186,0.33165,2.20000,0.00000,1.00000,0.46400,0.41667,0.33333,0.00000,0.65827
636,0.7665,4734976,1453,0.01811,4.02e-04,0.5309,197.1432,0.67800,875.82688,0.64000,0.72766,2163.27881,1.50577,-0.02826,-0.21161,0.16685,-0.02822,0.36948,0.72338,-0.07287,0.20826,-0.04265,-0.06673,0.04985,0.22485,0.33163,2.56000,0.00000,1.00000,0.46400,0.60000,0.40000,0.00000,0.65813
637,0.7680,4743168,1451,0.01437,3.35e-04,0.5310,240.3497,0.67800,676.47569,0.87500,0.73169,2106.86185,1.47779,-0.02826,-0.20642,0.16182,-0.02847,0.37203,0.72789,-0.07198,0.20206,-0.03364,-0.06601,0.04902,0.22168,0.33352,3.14667,0.94000,2.00000,0.46945,0.62500,0.66667,0.00000,0.66760
638,0.7696,4751360,1445,0.01168,4.02e-04,0.5312,245.0254,0.67800,749.93912,0.61111,0.72375,2199.79423,1.46423,-0.02833,-0.21523,0.16385,-0.02674,0.36580,0.71921,-0.06993,0.20125,-0.04205,-0.06807,0.04768,0.21942,0.32996,3.46000,0.50000,3.00000,0.46945,0.38889,0.12500,0.00000,0.64979
639,0.7712,4759552,1417,0.01697,2.79e-04,0.5313,245.2730,0.67800,903.21933,0.73684,0.72590,2138.96611,1.44786,-0.02822,-0.20911,0.15579,-0.02454,0.36759,0.72183,-0.06863,0.19342,-0.03325,-0.06717,0.04781,0.21301,0.33013,2.20000,0.00000,0.00000,0.46341,0.68421,0.57143,0.00000,0.65067
640,0.7729,4767744,1402,0.01244,3.35e-04,0.5315,292.6250,0.67800,831.48921,0.66667,0.72235,2237.83542,1.48542,-0.02915,-0.21895,0.16325,-0.02613,0.36432,0.71725,-0.07294,0.20167,-0.03944,-0.06553,0.04779,0.22601,0.33101,2.37200,0.00000,1.00000,0.46341,0.50000,0.28571,0.00000,0.65506
641,0.7744,4775936,1474,0.01439,3.35e-04,0.5316,215.8532,0.67800,725.07040,0.84211,0.72452,2288.97707,1.47730,-0.02882,-0.22338,0.16394,-0.02876,0.36463,0.71966,-0.07452,0.20440,-0.04446,-0.06741,0.04720,0.22437,0.33019,3.29200,0.00000,1.00000,0.46707,0.57895,0.60000,0.00000,0.65095
642,0.7759,4784128,1499,0.01893,2.33e-04,0.5317,215.0988,0.67800,690.28254,0.84615,0.71954,2310.82382,1.42486,-0.02877,-0.22617,0.15278,-0.02722,0.36635,0.71575,-0.07261,0.19319,-0.04324,-0.06789,0.04503,0.20862,0.33076,3.85429,0.00000,0.00000,0.46707,0.53846,0.45455,0.00000,0.65382
643,0.7775,4792320,1447,0.01355,2.33e-04,0.5318,262.7035,0.67800,629.82551,0.90909,0.71569,2261.84009,1.50103,-0.02897,-0.22151,0.16266,-0.02743,0.36783,0.71064,-0.07161,0.20430,-0.03625,-0.06732,0.04763,0.22504,0.33007,3.76333,0.00000,1.00000,0.46537,0.45455,0.44444,0.00000,0.65033
644,0.7791,4800512,1474,0.01192,2.79e-04,0.5319,225.5517,0.67800,773.26197,0.85000,0.73577,2293.44862,1.52081,-0.02829,-0.22452,0.16661,-0.02874,0.37603,0.73099,-0.07310,0.20686,-0.04109,-0.06776,0.04862,0.22913,0.33495,3.04833,0.00000,2.00000,0.46537,0.65000,0.66667,0.00000,0.67474
645,0.7807,4808704,1414,0.01441,2.33e-04,0.5320,343.1443,0.67800,629.90589,0.85714,0.74265,2214.63327,1.52213,-0.02860,-0.21693,0.16484,-0.02787,0.37761,0.73830,-0.07179,0.20538,-0.02853,-0.06750,0.05021,0.22546,0.33395,3.23143,0.50000,2.00000,0.48283,0.57143,0.60000,0.00000,0.66973
646,0.7823,4816896,1412,0.01235,2.33e-04,0.5321,214.9828,0.67800,858.10928,0.77778,0.72941,2230.26637,1.41971,-0.02929,-0.21721,0.15778,-0.02462,0.37013,0.72581,-0.07228,0.18997,-0.06199,-0.06603,0.04626,0.21246,0.33239,2.61455,0.50000,2.00000,0.48283,0.66667,0.66667,0.00000,0.66196
647,0.7839,4825088,1406,0.01344,2.33e-04,0.5322,264.3468,0.67800,768.58590,0.66667,0.71920,2279.54764,1.45389,-0.02925,-0.22278,0.15616,-0.02483,0.36307,0.71467,-0.07369,0.19091,-0.03127,-0.06546,0.04642,0.21124,0.32892,2.46800,0.00000,2.00000,0.48455,0.46667,0.25000,0.00000,0.64458
648,0.7855,4833280,1408,0.01725,1.62e-04,0.5323,259.2925,0.67800,804.59903,0.62500,0.72946,2267.33055,1.45796,-0.02867,-0.22210,0.15728,-0.02323,0.37095,0.72498,-0.07180,0.19341,-0.04940,-0.06646,0.04661,0.21161,0.33019,2.22400,0.00000,2.00000,0.48455,0.50000,0.37500,0.00000,0.65097
649,0.7872,4841472,1376,0.01059,1.94e-04,0.5323,223.9521,0.67800,672.16924,0.85000,0.73498,2180.05281,1.50889,-0.02842,-0.21372,0.16195,-0.02505,0.37513,0.73031,-0.07069,0.19900,-0.02575,-0.06606,0.04948,0.22131,0.33233,2.25556,0.00000,4.00000,0.48371,0.45000,0.53846,0.00000,0.66163
650,0.7888,4849664,1416,0.01208,2.33e-04,0.5322,346.0278,0.67800,590.34815,1.00000,0.73862,2279.90133,1.53231,-0.02837,-0.22329,0.16957,-0.02602,0.37733,0.73348,-0.07388,0.20743,-0.04874,-0.06718,0.05025,0.23108,0.33491,3.75778,0.00000,2.00000,0.48371,0.61538,0.72727,0.00000,0.67453
651,0.7904,4857856,1424,0.01234,2.33e-04,0.5323,220.0406,0.67800,825.41404,0.69231,0.73941,2286.66502,1.57479,-0.02858,-0.22380,0.17021,-0.02664,0.37880,0.73422,-0.07444,0.20967,-0.03346,-0.06661,0.05168,0.23615,0.33445,2.56000,0.00000,1.00000,0.49323,0.53846,0.37500,0.00000,0.67226
652,0.7921,4866048,1399,0.01415,2.33e-04,0.5324,281.7625,0.67800,713.44128,0.80000,0.75118,2253.07425,1.55410,-0.02845,-0.22052,0.16961,-0.02743,0.38929,0.74658,-0.07393,0.20990,-0.03998,-0.06702,0.05273,0.23578,0.33844,2.54000,0.50000,1.00000,0.48602,0.52000,0.42105,0.00000,0.69220
653,0.7937,4874240,1407,0.01189,2.79e-04,0.5325,329.1507,0.67800,739.73043,0.83333,0.75317,2239.16086,1.55261,-0.02920,-0.21887,0.16856,-0.02988,0.38904,0.74853,-0.07535,0.20861,-0.03345,-0.06566,0.04994,0.23413,0.33794,2.08000,0.50000,3.00000,0.48602,0.55556,0.58333,0.00000,0.68969
654,0.7953,4882432,1412,0.01216,2.79e-04,0.5326,334.8019,0.67800,703.00286,0.80000,0.73948,2207.22478,1.56554,-0.02884,-0.21622,0.17303,-0.02681,0.38604,0.73473,-0.07421,0.20851,-0.02883,-0.06644,0.05205,0.23560,0.33684,2.50000,0.50000,2.00000,0.49126,0.55000,0.50000,0.00000,0.68421
655,0.7969,4890624,1446,0.01355,2.79e-04,0.5327,275.6882,0.67800,870.02776,0.76923,0.73207,2183.71570,1.50479,-0.02874,-0.21324,0.16776,-0.02906,0.37618,0.72819,-0.07500,0.20243,-0.03211,-0.06520,0.04862,0.22656,0.33465,3.15778,0.00000,0.00000,0.49126,0.69231,0.60000,0.00000,0.67324
656,0.7985,4898816,1421,0.01248,2.79e-04,0.5327,272.8260,0.67800,602.79180,0.78571,0.72039,2239.23313,1.50883,-0.02863,-0.21950,0.16614,-0.02835,0.37038,0.71750,-0.07606,0.20378,-0.03835,-0.06677,0.04783,0.22327,0.33216,2.90000,0.00000,2.00000,0.48950,0.42857,0.33333,0.00000,0.66079
657,0.8001,4907008,1391,0.01333,2.79e-04,0.5328,280.6347,0.67800,607.11775,0.94118,0.74553,2338.80689,1.55339,-0.02832,-0.22875,0.17496,-0.02882,0.38528,0.74142,-0.07573,0.21484,-0.04465,-0.06767,0.05116,0.23541,0.33524,2.80200,0.00000,0.00000,0.48430,0.41176,0.43750,0.00000,0.67619
658,0.8017,4915200,1432,0.01354,2.79e-04,0.5329,185.0100,0.67800,986.06621,0.58333,0.75095,2286.21176,1.57979,-0.02785,-0.22362,0.17559,-0.02767,0.38476,0.74631,-0.07259,0.21742,-0.04238,-0.06633,0.05048,0.23840,0.33505,2.41600,0.00000,0.00000,0.48430,0.66667,0.42857,0.00000,0.67526
659,0.8033,4923392,1412,0.01034,3.35e-04,0.5330,253.2050,0.67800,756.73155,0.82353,0.73982,2271.63977,1.57726,-0.02886,-0.22214,0.17537,-0.02683,0.38086,0.73541,-0.07456,0.21358,-0.03317,-0.06649,0.05204,0.23560,0.33329,2.86600,0.00000,2.00000,0.48850,0.58824,0.58333,0.00000,0.66647
660,0.8049,4931584,1408,0.01402,2.79e-04,0.5331,218.8007,0.67800,734.68135,0.68750,0.75221,2244.59928,1.58236,-0.02870,-0.21899,0.17325,-0.02960,0.39009,0.74729,-0.07358,0.21353,-0.04130,-0.06643,0.05329,0.23755,0.33611,2.16000,0.00000,2.00000,0.48850,0.56250,0.44444,0.00000,0.68057
661,0.8065,4939776,1446,0.01157,3.35e-04,0.5331,224.3274,0.67800,676.82035,0.94737,0.76254,2237.53710,1.59908,-0.02818,-0.21898,0.17342,-0.03010,0.39537,0.75685,-0.07391,0.21643,-0.03586,-0.06742,0.05164,0.23956,0.33865,2.25500,0.00000,2.00000,0.49565,0.57895,0.62500,0.00000,0.69324
662,0.8081,4947968,1412,0.01738,2.33e-04,0.5331,288.8267,0.67800,817.70948,0.68750,0.76866,2290.09052,1.59272,-0.02842,-0.22316,0.17615,-0.02974,0.39670,0.76425,-0.07545,0.21789,-0.04336,-0.06710,0.05176,0.24048,0.33978,2.09250,0.00000,2.00000,0.49565,0.50000,0.44444,0.00000,0.69892
663,0.8098,4956160,1378,0.01228,2.79e-04,0.5332,326.9108,0.67800,769.59121,0.80000,0.76644,2319.88801,1.63239,-0.02804,-0.22624,0.18312,-0.03118,0.39658,0.76183,-0.07586,0.22521,-0.03664,-0.06874,0.05528,0.24835,0.34012,2.39556,0.50000,2.00000,0.49346,0.53333,0.50000,0.00000,0.70059
664,0.8114,4964352,1414,0.01482,2.33e-04,0.5333,263.2323,0.67800,826.58535,0.73333,0.75817,2271.81166,1.62508,-0.02827,-0.22186,0.18157,-0.02702,0.38977,0.75305,-0.07678,0.22472,-0.03762,-0.06634,0.05606,0.24939,0.33800,2.30222,0.00000,1.00000,0.49346,0.66667,0.60000,0.00000,0.69000
665,0.8131,4972544,1388,0.01293,1.94e-04,0.5334,282.2794,0.67800,643.82409,0.72222,0.76308,2168.54900,1.61466,-0.02915,-0.21282,0.18238,-0.03018,0.39211,0.75883,-0.07791,0.22186,-0.03709,-0.06547,0.05599,0.24756,0.33735,2.76400,0.00000,6.00000,0.50293,0.44444,0.57143,0.00000,0.68674
666,0.8147,4980736,1359,0.01084,2.79e-04,0.5335,227.0404,0.67800,733.26303,0.83333,0.75736,2222.13035,1.64692,-0.02866,-0.21806,0.18602,-0.02946,0.39303,0.75351,-0.07785,0.22595,-0.03861,-0.06641,0.05647,0.25391,0.33885,3.92571,0.00000,0.00000,0.50293,0.66667,0.60000,0.00000,0.69426
667,0.8164,4988928,1409,0.01593,2.33e-04,0.5335,267.1584,0.67800,767.86257,0.76471,0.76843,2216.06915,1.68881,-0.02856,-0.21640,0.18795,-0.02932,0.39873,0.76388,-0.07724,0.22852,-0.03358,-0.06586,0.05923,0.25873,0.33894,2.64667,0.00000,1.00000,0.50264,0.52941,0.41667,0.00000,0.69471
668,0.8180,4997120,1388,0.00812,3.35e-04,0.5336,252.2281,0.67800,942.20574,0.60870,0.76756,2148.12670,1.64370,-0.02819,-0.21051,0.18236,-0.02991,0.40324,0.76289,-0.07433,0.22426,-0.03097,-0.06711,0.05754,0.25250,0.33980,3.20364,0.50000,3.00000,0.50264,0.69565,0.72727,0.00000,0.69902
669,0.8197,5005312,1378,0.01746,2.79e-04,0.5337,253.7867,0.67800,919.19995,0.63158,0.74168,2082.96731,1.57832,-0.02870,-0.20435,0.17566,-0.02831,0.38969,0.73711,-0.07503,0.21537,-0.03246,-0.06572,0.05607,0.24347,0.33481,2.65333,0.50000,3.00000,0.52738,0.68421,0.77778,0.00000,0.67403
670,0.8213,5013504,1384,0.01322,2.79e-04,0.5339,187.0274,0.67800,978.90762,0.84211,0.72970,2068.91795,1.52936,-0.02878,-0.20263,0.16802,-0.02543,0.38033,0.72503,-0.07518,0.20768,-0.02616,-0.06549,0.05259,0.23419,0.33184,2.62000,0.00000,0.00000,0.54964,0.78947,0.75000,0.00000,0.65920
671,0.8229,5021696,1412,0.01162,2.79e-04,0.5340,292.9552,0.67800,958.39880,0.54545,0.70651,2190.30439,1.41617,-0.02970,-0.21424,0.15514,-0.02599,0.36022,0.70255,-0.07589,0.18774,-0.03481,-0.06575,0.04947,0.21185,0.32526,3.88400,0.00000,0.00000,0.54964,0.72727,0.50000,0.00000,0.62628
672,0.8246,5029888,1398,0.01091,3.35e-04,0.5340,259.1875,0.67800,820.61256,0.64706,0.70330,2260.09083,1.43706,-0.02964,-0.22150,0.15361,-0.02409,0.35663,0.69927,-0.07730,0.19084,-0.03843,-0.06483,0.04860,0.20886,0.32498,3.06857,0.00000,2.00000,0.54964,0.47059,0.22222,0.00000,0.62488
673,0.8262,5038080,1429,0.01109,4.02e-04,0.5341,204.7909,0.67800,786.32183,0.86667,0.70675,2148.47612,1.38725,-0.02983,-0.21030,0.14467,-0.02431,0.35969,0.70301,-0.07744,0.18023,-0.03732,-0.06441,0.04603,0.19867,0.32853,2.74889,0.00000,0.00000,0.54110,0.66667,0.61538,0.00000,0.64263
674,0.8277,5046272,1439,0.01367,4.02e-04,0.5340,304.2000,0.67800,734.98746,0.75000,0.70225,2213.93102,1.38977,-0.02994,-0.21642,0.14266,-0.02374,0.35724,0.69754,-0.07837,0.18203,-0.03935,-0.06535,0.04476,0.20239,0.32830,3.31200,0.00000,1.00000,0.54110,0.41667,0.37500,0.00000,0.64152
675,0.8293,5054464,1450,0.01612,4.02e-04,0.5341,256.9393,0.67800,745.68759,0.82353,0.70785,2183.54518,1.42832,-0.02941,-0.21381,0.14855,-0.02444,0.35992,0.70326,-0.07736,0.18502,-0.02438,-0.06580,0.04594,0.20618,0.32902,3.29556,0.00000,1.00000,0.53461,0.58824,0.53846,0.00000,0.64510
676,0.8309,5062656,1412,0.01270,4.02e-04,0.5342,277.9794,0.67800,660.24138,0.66667,0.72066,2304.93023,1.41848,-0.02944,-0.22518,0.15035,-0.02725,0.36107,0.71648,-0.07800,0.18483,-0.03940,-0.06545,0.04577,0.20844,0.32893,2.12667,0.00000,3.00000,0.53461,0.46667,0.28571,0.00000,0.64463
677,0.8325,5070848,1434,0.01526,2.79e-04,0.5344,214.4915,0.67800,772.98635,0.81818,0.72887,2157.79862,1.42941,-0.02956,-0.21077,0.14838,-0.02325,0.36626,0.72466,-0.07808,0.18254,-0.03597,-0.06535,0.04715,0.20587,0.33113,2.73846,0.50000,2.00000,0.52028,0.50000,0.43750,0.00000,0.65563
678,0.8342,5079040,1407,0.01554,1.94e-04,0.5345,234.7629,0.67800,681.43050,0.92308,0.71890,2115.31672,1.45531,-0.02890,-0.20728,0.15353,-0.02804,0.36210,0.71547,-0.07731,0.18877,-0.02570,-0.06585,0.04978,0.21509,0.33085,2.58400,1.16000,1.00000,0.52028,0.61538,0.63636,0.00000,0.65423
679,0.8359,5087232,1323,0.01143,2.33e-04,0.5345,255.8717,0.67800,735.50537,0.77778,0.71921,2173.94396,1.44787,-0.02889,-0.21277,0.15279,-0.02363,0.36285,0.71395,-0.07577,0.19015,-0.03086,-0.06533,0.04761,0.20978,0.33049,3.02600,0.00000,3.00000,0.52734,0.55556,0.54545,0.00000,0.65245
680,0.8376,5095424,1349,0.01230,2.33e-04,0.5346,240.4772,0.67800,661.91460,0.77778,0.72822,2207.93388,1.47020,-0.02811,-0.21596,0.15645,-0.02677,0.36994,0.72369,-0.07408,0.19476,-0.03091,-0.06674,0.04726,0.21484,0.33272,3.82750,0.00000,2.00000,0.52734,0.50000,0.41667,0.00000,0.66359
681,0.8392,5103616,1371,0.01018,2.79e-04,0.5347,316.2331,0.67800,563.95074,0.83333,0.74568,2231.64681,1.50817,-0.02805,-0.21820,0.16252,-0.02861,0.37715,0.74082,-0.07591,0.20341,-0.04649,-0.06659,0.05127,0.22479,0.33429,2.85333,0.50000,4.00000,0.52461,0.50000,0.66667,0.00000,0.67144
682,0.8409,5111808,1362,0.01013,3.35e-04,0.5348,248.0559,0.67800,938.34155,0.64286,0.74534,2222.99989,1.55921,-0.02798,-0.21788,0.16794,-0.02958,0.38066,0.74067,-0.07373,0.21019,-0.03972,-0.06683,0.05105,0.23126,0.33504,2.61714,0.00000,1.00000,0.52461,0.64286,0.50000,0.00000,0.67519
683,0.8425,5120000,1456,0.00954,4.82e-04,0.5349,209.9205,0.67800,830.81965,0.76000,0.74501,2242.56961,1.50299,-0.02804,-0.21920,0.16135,-0.02705,0.37935,0.74071,-0.07493,0.19878,-0.03505,-0.06661,0.04962,0.22131,0.33489,2.54133,0.00000,1.00000,0.52600,0.60000,0.55556,0.00000,0.67445
684,0.8441,5128192,1383,0.01531,3.35e-04,0.5349,258.0046,0.67800,597.47166,0.94118,0.74300,2209.36613,1.44900,-0.02875,-0.21630,0.15318,-0.02594,0.37895,0.73821,-0.07444,0.18707,-0.02736,-0.06777,0.04565,0.21313,0.33446,2.10000,0.00000,2.00000,0.52600,0.41176,0.42857,0.00000,0.67232
685,0.8457,5136384,1433,0.01275,3.35e-04,0.5350,276.5566,0.67800,689.90042,0.70588,0.72685,2278.07277,1.46317,-0.02853,-0.22318,0.15976,-0.02890,0.37070,0.72248,-0.07277,0.19468,-0.03788,-0.06793,0.04702,0.21942,0.33006,2.05600,0.50000,3.00000,0.50818,0.41176,0.22222,0.00000,0.65028
686,0.8473,5144576,1402,0.01389,2.79e-04,0.5351,326.6565,0.67800,829.90709,0.94444,0.73548,2284.74722,1.47975,-0.02827,-0.22306,0.16132,-0.03113,0.37260,0.73033,-0.07365,0.20211,-0.04229,-0.06765,0.04978,0.22577,0.33052,2.91867,0.00000,0.00000,0.52795,0.72222,0.70588,0.00000,0.65262
687,0.8489,5152768,1435,0.00777,4.02e-04,0.5351,266.3703,0.67800,585.57833,1.00000,0.73209,2299.98563,1.51694,-0.02868,-0.22541,0.16378,-0.02762,0.37038,0.72687,-0.07672,0.20488,-0.03846,-0.06845,0.05021,0.22980,0.33011,2.03143,0.00000,1.00000,0.52795,0.36364,0.40000,0.00000,0.65055
688,0.8506,5160960,1406,0.01341,3.35e-04,0.5351,296.3090,0.67800,749.14423,0.85000,0.74777,2195.70201,1.53294,-0.02884,-0.21533,0.16430,-0.02992,0.38143,0.74315,-0.07834,0.20578,-0.03824,-0.06561,0.05019,0.22949,0.33430,2.73000,0.00000,1.00000,0.52515,0.60000,0.56250,0.00000,0.67149
689,0.8522,5169152,1361,0.01423,3.35e-04,0.5351,253.9554,0.67800,929.80190,0.83333,0.73972,2275.45025,1.50124,-0.02984,-0.22229,0.15971,-0.02721,0.37336,0.73544,-0.08050,0.19899,-0.03719,-0.06568,0.04908,0.22412,0.33157,3.35778,0.00000,0.00000,0.52515,0.91667,0.90000,0.00000,0.65784
690,0.8539,5177344,1411,0.01316,3.35e-04,0.5352,243.8005,0.67800,628.00108,0.85714,0.74250,2342.23573,1.58764,-0.02928,-0.22865,0.17087,-0.02920,0.37261,0.73683,-0.08052,0.21355,-0.03707,-0.06688,0.05246,0.23840,0.33074,2.08500,0.50000,2.00000,0.53764,0.42857,0.40000,0.00000,0.65372
691,0.8555,5185536,1415,0.01269,4.02e-04,0.5353,284.3136,0.67800,729.52229,0.94118,0.76027,2269.16492,1.62079,-0.02886,-0.22203,0.17956,-0.03083,0.38619,0.75490,-0.08025,0.22228,-0.03732,-0.06680,0.05509,0.24799,0.33687,2.30615,0.00000,1.00000,0.53764,0.47059,0.46667,0.00000,0.68435
692,0.8571,5193728,1417,0.01487,3.35e-04,0.5354,241.2698,0.67800,760.76196,0.81250,0.76527,2210.39528,1.63404,-0.02881,-0.21632,0.18535,-0.03108,0.39066,0.76098,-0.07941,0.22531,-0.03467,-0.06566,0.05576,0.25287,0.33717,2.49111,0.00000,3.00000,0.53987,0.62500,0.70000,0.00000,0.68583
693,0.8587,5201920,1415,0.01355,3.35e-04,0.5354,310.7360,0.67800,745.30726,0.77778,0.77225,2159.79109,1.65902,-0.02819,-0.21161,0.18666,-0.03530,0.39559,0.76764,-0.07607,0.22891,-0.03231,-0.06540,0.05867,0.25507,0.34084,2.32000,0.00000,1.00000,0.53987,0.50000,0.38462,0.00000,0.70422
694,0.8603,5210112,1413,0.01581,2.33e-04,0.5354,243.2927,0.67800,609.38194,1.00000,0.77232,2150.96311,1.73009,-0.02809,-0.21105,0.19374,-0.03393,0.39868,0.76729,-0.07547,0.23922,-0.02521,-0.06563,0.06072,0.26965,0.34082,3.18200,0.00000,2.00000,0.53789,0.57143,0.66667,0.00000,0.70411
695,0.8619,5218304,1423,0.00938,3.35e-04,0.5354,192.7946,0.67800,802.85001,0.76471,0.77994,2119.72695,1.71724,-0.02798,-0.20761,0.19308,-0.03200,0.40504,0.77421,-0.07523,0.23768,-0.03087,-0.06753,0.06060,0.26526,0.34242,2.56200,0.00000,2.00000,0.53789,0.52941,0.45455,0.00000,0.71211
696,0.8635,5226496,1407,0.01603,3.35e-04,0.5355,286.4299,0.67800,711.03109,0.88235,0.77944,2128.22948,1.73254,-0.02738,-0.20826,0.19873,-0.03275,0.40977,0.77472,-0.07505,0.24262,-0.03278,-0.06671,0.06301,0.27222,0.34373,2.07400,0.50000,4.00000,0.53864,0.52941,0.63636,0.00000,0.71865
697,0.8651,5234688,1470,0.01482,3.35e-04,0.5355,204.7717,0.67800,722.26987,0.84615,0.78843,2249.18424,1.77834,-0.02746,-0.22041,0.20063,-0.03164,0.41216,0.78268,-0.07418,0.24840,-0.03455,-0.06830,0.06475,0.28003,0.34429,2.67143,0.00000,2.00000,0.53864,0.53846,0.55556,0.00000,0.72144
698,0.8666,5242880,1465,0.01217,4.02e-04,0.5355,202.9286,0.67800,802.81305,0.85714,0.77824,2271.13486,1.74078,-0.02774,-0.22272,0.20034,-0.03442,0.40698,0.77293,-0.07467,0.24535,-0.04256,-0.06846,0.06292,0.27478,0.34179,2.60000,0.00000,1.00000,0.54978,0.71429,0.72727,0.00000,0.70897
699,0.8683,5251072,1409,0.01508,2.79e-04,0.5357,271.3812,0.67800,741.59872,0.85714,0.77292,2174.69156,1.64672,-0.02759,-0.21288,0.18684,-0.02999,0.40668,0.76788,-0.06991,0.22919,-0.03120,-0.06811,0.05809,0.25598,0.34216,2.16750,0.00000,2.00000,0.55389,0.60714,0.59091,0.00000,0.71079
700,0.8699,5259264,1453,0.01187,3.35e-04,0.5357,224.3474,0.67800,897.54618,0.73333,0.74686,2083.38321,1.61095,-0.02789,-0.20452,0.18320,-0.03072,0.38787,0.74196,-0.07205,0.22380,-0.02406,-0.06770,0.05642,0.24829,0.33588,2.20667,0.00000,2.00000,0.55389,0.66667,0.66667,0.00000,0.67941
701,0.8715,5267456,1414,0.01487,2.33e-04,0.5357,348.4700,0.67800,773.86001,0.86364,0.74419,2168.94065,1.57213,-0.02798,-0.21241,0.17529,-0.02510,0.38357,0.73895,-0.07289,0.21635,-0.02619,-0.06781,0.05332,0.23859,0.33496,3.07294,0.50000,2.00000,0.56389,0.63636,0.64706,0.00000,0.67482
702,0.8731,5275648,1424,0.01463,2.33e-04,0.5358,288.2149,0.67800,1119.63906,0.54545,0.74077,2282.37776,1.49850,-0.02875,-0.22254,0.16674,-0.02648,0.37131,0.73571,-0.07655,0.20606,-0.04822,-0.06734,0.05172,0.22736,0.33167,2.08000,0.00000,0.00000,0.56389,0.54545,0.50000,0.00000,0.65836
703,0.8747,5283840,1374,0.01747,1.62e-04,0.5359,281.6518,0.67800,805.53154,0.81250,0.74591,2273.49156,1.56025,-0.02934,-0.22210,0.17113,-0.02848,0.37362,0.74046,-0.08065,0.21116,-0.04153,-0.06709,0.05333,0.23529,0.33422,2.72444,0.00000,2.00000,0.57220,0.68750,0.72727,0.00000,0.67110
704,0.8763,5292032,1410,0.01038,1.94e-04,0.5360,194.1528,0.67800,992.21039,0.66667,0.75150,2147.14641,1.57748,-0.02933,-0.21018,0.16671,-0.02593,0.38650,0.74642,-0.07822,0.21088,-0.03057,-0.06596,0.05360,0.23438,0.33821,1.72750,0.00000,0.00000,0.57220,0.80000,0.70000,0.00000,0.69103
705,0.8780,5300224,1342,0.01327,1.94e-04,0.5361,183.0661,0.67800,1184.97224,0.42857,0.72894,2155.16079,1.53443,-0.02955,-0.21166,0.16676,-0.02738,0.37592,0.72393,-0.07861,0.20818,-0.03275,-0.06649,0.05465,0.23492,0.33089,2.07667,0.50000,1.00000,0.57220,0.78571,0.60000,0.00000,0.65445
706,0.8797,5308416,1405,0.01036,2.33e-04,0.5362,248.1092,0.67800,902.89419,0.80000,0.71800,2229.73496,1.52760,-0.02983,-0.21861,0.16608,-0.02657,0.36421,0.71357,-0.07851,0.20669,-0.02598,-0.06647,0.05334,0.23425,0.32730,2.27400,0.50000,1.00000,0.58422,0.73333,0.72727,0.00000,0.63652
707,0.8814,5316608,1355,0.01135,2.79e-04,0.5364,234.7351,0.67800,683.28249,0.87500,0.73427,2209.64837,1.52567,-0.03021,-0.21604,0.16832,-0.02672,0.37068,0.73065,-0.07824,0.20558,-0.03732,-0.06652,0.05329,0.23083,0.33197,2.87333,0.50000,2.00000,0.58422,0.50000,0.50000,0.00000,0.65985
708,0.8830,5324800,1422,0.01986,1.94e-04,0.5365,222.4864,0.67800,794.36628,0.76190,0.72878,2216.99156,1.51862,-0.02972,-0.21676,0.16752,-0.02968,0.37362,0.72560,-0.07506,0.20720,-0.03314,-0.06765,0.05348,0.23151,0.33172,2.24167,0.54000,2.00000,0.57964,0.57143,0.57143,0.00000,0.65861
709,0.8845,5332992,1463,0.01352,1.94e-04,0.5366,265.4404,0.67800,728.75274,0.71429,0.73247,2148.20728,1.53715,-0.02916,-0.21063,0.16835,-0.02661,0.37545,0.72823,-0.07485,0.20729,-0.02678,-0.06649,0.05339,0.23364,0.33230,2.12667,0.54000,2.00000,0.57964,0.57143,0.50000,0.00000,0.66151
710,0.8862,5341184,1398,0.01415,1.62e-04,0.5367,382.5386,0.67800,779.58920,0.76471,0.73509,2259.86803,1.53558,-0.02848,-0.22138,0.16742,-0.02589,0.37734,0.73030,-0.07344,0.21010,-0.03464,-0.06898,0.05242,0.23254,0.33172,3.59778,0.00000,3.00000,0.58279,0.52941,0.70000,0.00000,0.65861
711,0.8878,5349376,1381,0.01013,2.33e-04,0.5368,359.0480,0.67800,845.01423,0.68750,0.74603,2335.50832,1.54797,-0.02906,-0.22848,0.16293,-0.02732,0.37720,0.74182,-0.07690,0.21284,-0.03415,-0.06880,0.04978,0.23193,0.33330,2.19714,0.00000,1.00000,0.58279,0.62500,0.50000,0.00000,0.66649
712,0.8894,5357568,1402,0.01137,2.79e-04,0.5369,246.6755,0.67800,521.53369,0.78571,0.76203,2255.24853,1.61706,-0.02934,-0.22083,0.17294,-0.02743,0.38874,0.75793,-0.07885,0.22138,-0.02866,-0.06882,0.05340,0.24200,0.33772,2.02667,0.00000,5.00000,0.56826,0.35714,0.33333,0.00000,0.68860
713,0.8910,5365760,1428,0.01142,3.35e-04,0.5370,288.8895,0.67800,619.83376,0.78571,0.76877,2265.59627,1.69201,-0.02859,-0.22192,0.18826,-0.02991,0.39730,0.76434,-0.07696,0.23402,-0.03282,-0.06822,0.05779,0.25470,0.34055,4.04500,0.00000,1.00000,0.56826,0.35714,0.20000,0.00000,0.70275
714,0.8926,5373952,1446,0.01592,3.35e-04,0.5372,292.2587,0.67800,712.94009,0.91304,0.76893,2250.92721,1.71061,-0.02810,-0.22010,0.19349,-0.03155,0.40119,0.76442,-0.07586,0.24222,-0.04707,-0.06836,0.05811,0.26337,0.34241,2.11467,0.00000,1.00000,0.55477,0.56522,0.55000,0.00000,0.71205
715,0.8942,5382144,1422,0.01473,2.33e-04,0.5374,328.8411,0.67800,684.52683,0.87500,0.77116,2141.62092,1.62974,-0.02811,-0.20970,0.18529,-0.03205,0.40337,0.76706,-0.07597,0.23170,-0.02844,-0.06908,0.05547,0.25269,0.34290,2.37091,0.50000,2.00000,0.55477,0.50000,0.50000,0.00000,0.71448
716,0.8959,5390336,1389,0.01124,2.79e-04,0.5376,236.5480,0.67800,807.03622,0.77778,0.74955,2162.88765,1.60843,-0.02840,-0.21150,0.18442,-0.02752,0.38736,0.74517,-0.07620,0.22529,-0.04371,-0.06772,0.05668,0.24908,0.33747,2.26889,0.50000,3.00000,0.55581,0.61111,0.63636,0.00000,0.68734
717,0.8975,5398528,1422,0.01238,2.79e-04,0.5378,243.5370,0.67800,960.60623,0.63636,0.76033,2116.33384,1.63163,-0.02821,-0.20773,0.18255,-0.02925,0.39407,0.75573,-0.07454,0.22351,-0.03039,-0.06758,0.05866,0.25104,0.33959,2.94800,0.00000,0.00000,0.55581,0.72727,0.57143,0.00000,0.69796
718,0.8990,5406720,1447,0.01751,1.94e-04,0.5380,353.3684,0.67800,723.49773,0.70000,0.75685,2188.05213,1.66531,-0.02865,-0.21427,0.18653,-0.03108,0.39147,0.75193,-0.07668,0.22866,-0.03244,-0.06817,0.05794,0.25684,0.33778,2.42667,0.00000,1.00000,0.55523,0.60000,0.50000,0.00000,0.68889
719,0.9007,5414912,1383,0.01182,2.33e-04,0.5380,186.0937,0.67800,830.68888,0.78947,0.76447,2233.87482,1.67420,-0.02769,-0.21885,0.18671,-0.03159,0.39432,0.76027,-0.07514,0.23263,-0.02743,-0.06941,0.05757,0.25690,0.34128,3.15091,0.00000,1.00000,0.55523,0.68421,0.64286,0.00000,0.70642
720,0.9023,5423104,1390,0.01255,2.79e-04,0.5381,181.8492,0.67800,833.08568,0.80000,0.76058,2153.16853,1.65631,-0.02814,-0.21069,0.18620,-0.03330,0.39087,0.75675,-0.07750,0.23462,-0.03989,-0.06776,0.06128,0.25934,0.33871,2.49778,0.00000,0.00000,0.56509,0.73333,0.66667,0.00000,0.69354
721,0.9039,5431296,1426,0.01796,2.79e-04,0.5382,282.6009,0.67800,733.70099,0.70000,0.75795,2249.27590,1.64352,-0.02878,-0.21982,0.18107,-0.02934,0.38990,0.75412,-0.07874,0.22780,-0.03603,-0.06883,0.05875,0.25348,0.33751,2.80667,0.00000,1.00000,0.56509,0.40000,0.16667,0.00000,0.68755
722,0.9056,5439488,1378,0.02273,1.94e-04,0.5383,236.6962,0.67800,913.02076,0.68750,0.76945,2278.71773,1.65298,-0.02913,-0.22299,0.18350,-0.03219,0.39942,0.76507,-0.07872,0.23194,-0.05245,-0.06810,0.06043,0.25952,0.33937,2.18000,0.00000,2.00000,0.56509,0.68750,0.66667,0.00000,0.69686
723,0.9072,5447680,1410,0.01664,1.35e-04,0.5384,332.1921,0.67800,725.10935,0.94737,0.77268,2291.36607,1.59630,-0.02893,-0.22462,0.17188,-0.02932,0.40189,0.76929,-0.07765,0.21907,-0.04110,-0.06880,0.05511,0.24133,0.34069,2.38857,0.50000,2.00000,0.56665,0.63158,0.68750,0.00000,0.70346
724,0.9089,5455872,1347,0.00715,1.94e-04,0.5384,236.2796,0.67800,936.98984,0.72222,0.76647,2211.81727,1.60209,-0.02913,-0.21671,0.17424,-0.02994,0.39657,0.76242,-0.07841,0.21987,-0.04091,-0.06760,0.05514,0.24390,0.33958,2.97091,0.50000,2.00000,0.56665,0.72222,0.72727,0.00000,0.69789
725,0.9106,5464064,1344,0.00892,2.79e-04,0.5385,284.6823,0.67800,762.13689,0.84615,0.76244,2132.01935,1.62458,-0.02935,-0.20881,0.17906,-0.02768,0.39497,0.75820,-0.08128,0.21862,-0.03254,-0.06634,0.05600,0.24579,0.34064,2.63714,0.00000,1.00000,0.58141,0.69231,0.70000,0.00000,0.70318
726,0.9122,5472256,1440,0.01317,2.79e-04,0.5387,325.8987,0.67800,768.31816,0.66667,0.76381,2234.70812,1.61916,-0.02875,-0.21880,0.17568,-0.02882,0.40085,0.75942,-0.07726,0.21752,-0.03626,-0.06782,0.05575,0.24207,0.34225,2.14571,0.50000,3.00000,0.58141,0.55556,0.44444,0.00000,0.71125
727,0.9138,5480448,1422,0.01230,3.35e-04,0.5387,268.0172,0.67800,896.92316,0.73684,0.76629,2280.55699,1.64229,-0.02901,-0.22301,0.18316,-0.02895,0.39760,0.76201,-0.07750,0.22232,-0.03755,-0.06663,0.05691,0.24829,0.34131,2.14000,0.50000,3.00000,0.57827,0.63158,0.63636,0.00000,0.70657
728,0.9154,5488640,1405,0.01296,3.35e-04,0.5387,332.6314,0.67800,819.48137,0.90909,0.77189,2271.17061,1.66155,-0.02883,-0.22220,0.18419,-0.02910,0.39822,0.76690,-0.07890,0.22457,-0.03539,-0.06820,0.05686,0.25092,0.34107,2.01556,0.50000,3.00000,0.57827,0.72727,1.00000,0.00000,0.70536
729,0.9170,5496832,1420,0.01239,3.35e-04,0.5388,332.1635,0.67400,907.01530,0.71429,0.77153,2310.70456,1.70855,-0.02901,-0.22467,0.18779,-0.03035,0.40263,0.76695,-0.07820,0.23588,-0.03504,-0.06775,0.05848,0.26001,0.34295,2.63500,0.00000,1.00000,0.60169,0.71429,0.66667,0.00000,0.71474
730,0.9186,5505024,1469,0.01834,2.33e-04,0.5388,240.1053,0.67400,779.87763,0.84000,0.77565,2258.28944,1.67194,-0.02857,-0.22124,0.18123,-0.03000,0.40655,0.77175,-0.07624,0.22964,-0.02927,-0.06748,0.05786,0.24945,0.34486,2.36286,0.00000,1.00000,0.59152,0.52000,0.50000,0.00000,0.72428
731,0.9201,5513216,1470,0.01572,2.33e-04,0.5389,303.0333,0.67400,810.63857,0.72222,0.77568,2244.55681,1.68043,-0.02814,-0.22018,0.18683,-0.03131,0.40830,0.77185,-0.07597,0.23588,-0.03265,-0.06845,0.05859,0.25757,0.34561,2.18222,0.50000,2.00000,0.59152,0.61111,0.63636,0.00000,0.72804
732,0.9217,5521408,1452,0.01280,2.33e-04,0.5390,214.0297,0.67400,686.94168,0.77778,0.77093,2224.87391,1.69959,-0.02785,-0.21849,0.18914,-0.02938,0.40663,0.76743,-0.07554,0.23672,-0.02503,-0.06801,0.05989,0.25842,0.34376,2.58500,0.00000,3.00000,0.59146,0.50000,0.54545,0.00000,0.71880
733,0.9233,5529600,1454,0.01326,2.33e-04,0.5390,224.0434,0.67400,1084.86835,0.56250,0.77180,2239.04061,1.66893,-0.02758,-0.21935,0.18301,-0.02922,0.40427,0.76727,-0.07192,0.23143,-0.02175,-0.06751,0.05986,0.25452,0.34219,1.60000,0.00000,0.00000,0.59146,0.75000,0.66667,0.00000,0.71097
734,0.9250,5537792,1350,0.01137,2.33e-04,0.5390,225.9636,0.67400,715.28953,0.90909,0.75287,2230.67314,1.67122,-0.02843,-0.21927,0.18290,-0.03058,0.39130,0.74848,-0.07474,0.23167,-0.02643,-0.06791,0.05898,0.25836,0.33912,1.84571,0.00000,2.00000,0.59702,0.54545,0.62500,0.00000,0.69561
735,0.9266,5545984,1435,0.01122,2.33e-04,0.5391,266.8678,0.67000,850.44650,0.85714,0.75950,2276.81065,1.62812,-0.02798,-0.22296,0.17792,-0.03065,0.39337,0.75531,-0.07350,0.22106,-0.02278,-0.06898,0.05674,0.24438,0.34100,3.40625,0.00000,0.00000,0.60954,0.76190,0.72222,0.00000,0.70500
736,0.9282,5554176,1381,0.01371,1.94e-04,0.5391,204.0467,0.67000,965.08104,0.63636,0.74917,2247.68659,1.62088,-0.02882,-0.21999,0.17954,-0.03286,0.38556,0.74496,-0.07483,0.22162,-0.02715,-0.06648,0.05616,0.24585,0.33603,2.67600,0.00000,0.00000,0.60954,0.81818,0.71429,0.00000,0.68015
737,0.9298,5562368,1435,0.01380,1.94e-04,0.5391,218.1911,0.66600,746.89122,0.81250,0.74875,2270.71012,1.66991,-0.02827,-0.22227,0.18607,-0.02923,0.38758,0.74383,-0.07650,0.22763,-0.02030,-0.06732,0.05874,0.25262,0.33387,2.18250,0.00000,2.00000,0.60970,0.56250,0.54545,0.00000,0.66934
738,0.9315,5570560,1370,0.01058,2.33e-04,0.5391,252.1320,0.66600,737.77450,0.87500,0.75452,2360.20940,1.62375,-0.02870,-0.23038,0.18698,-0.02952,0.39249,0.75067,-0.07632,0.22600,-0.04149,-0.06922,0.05962,0.25146,0.33642,2.58600,0.00000,1.00000,0.60970,0.62500,0.61538,0.00000,0.68209
739,0.9331,5578752,1438,0.01039,2.79e-04,0.5391,278.6294,0.66200,763.68890,0.80000,0.76772,2297.64260,1.69184,-0.02828,-0.22550,0.19404,-0.03331,0.39772,0.76314,-0.07350,0.23551,-0.02591,-0.06938,0.05984,0.26324,0.33838,2.95111,0.00000,3.00000,0.61237,0.60000,0.66667,0.00000,0.69190
740,0.9347,5586944,1426,0.01057,3.35e-04,0.5392,308.8946,0.66200,813.48205,0.73684,0.76887,2305.17510,1.64451,-0.02882,-0.22617,0.18621,-0.03008,0.39724,0.76374,-0.07311,0.22715,-0.03187,-0.06946,0.05720,0.25281,0.33868,2.53556,0.00000,1.00000,0.61237,0.57895,0.46154,0.00000,0.69338
741,0.9362,5595136,1462,0.01209,3.35e-04,0.5393,253.4707,0.66200,647.12197,0.73333,0.75135,2243.72896,1.61041,-0.02864,-0.21952,0.18098,-0.03166,0.38416,0.74707,-0.07365,0.21967,-0.03339,-0.06783,0.05714,0.24603,0.33489,1.95333,0.50000,3.00000,0.59399,0.46667,0.37500,0.00000,0.67447
742,0.9378,5603328,1396,0.01108,4.02e-04,0.5394,279.8205,0.66200,1012.85337,0.56250,0.75727,2217.96360,1.60361,-0.02854,-0.21749,0.18231,-0.02959,0.38420,0.75389,-0.07570,0.21850,-0.03279,-0.06759,0.05692,0.24677,0.33597,3.01000,0.00000,1.00000,0.59399,0.81250,0.75000,0.00000,0.67983
743,0.9395,5611520,1421,0.01349,4.82e-04,0.5396,350.4374,0.66200,645.38407,0.81250,0.75725,2300.64322,1.57049,-0.02843,-0.22537,0.17768,-0.02918,0.38553,0.75408,-0.07672,0.21237,-0.04116,-0.06794,0.05416,0.23840,0.33743,1.95111,0.50000,4.00000,0.59341,0.43750,0.44444,0.00000,0.68713
744,0.9410,5619712,1435,0.01412,4.02e-04,0.5398,294.6297,0.66200,852.98311,0.71429,0.76105,2379.19571,1.61493,-0.02899,-0.23299,0.17897,-0.03072,0.38194,0.75719,-0.07927,0.21544,-0.02860,-0.06849,0.05495,0.24432,0.33430,1.55333,0.00000,2.00000,0.59341,0.64286,0.62500,0.00000,0.67152
745,0.9426,5627904,1422,0.01351,4.02e-04,0.5399,329.3053,0.66200,797.21959,0.80000,0.76289,2374.83307,1.59352,-0.02921,-0.23233,0.17704,-0.03340,0.38049,0.75897,-0.08085,0.21181,-0.03670,-0.06869,0.05318,0.24152,0.33484,2.22667,0.00000,1.00000,0.58670,0.53333,0.45455,0.00000,0.67422
746,0.9443,5636096,1399,0.01132,4.82e-04,0.5401,357.4275,0.66200,912.66071,0.61538,0.76685,2205.28100,1.53319,-0.02898,-0.21619,0.17201,-0.02960,0.38797,0.76286,-0.07867,0.20637,-0.03671,-0.06940,0.05317,0.23572,0.33604,2.36308,0.50000,3.00000,0.58670,0.57692,0.61538,0.00000,0.68021
747,0.9459,5644288,1392,0.01346,4.82e-04,0.5402,259.2968,0.66200,866.60618,0.83333,0.74243,2276.20337,1.47758,-0.02928,-0.22294,0.16655,-0.02919,0.37151,0.73850,-0.07703,0.19840,-0.03873,-0.06904,0.05055,0.22687,0.33015,2.46333,0.00000,2.00000,0.58572,0.55556,0.53846,0.00000,0.65075
748,0.9476,5652480,1394,0.01393,4.82e-04,0.5404,325.1369,0.66200,776.47627,0.84211,0.73640,2244.98992,1.45428,-0.02939,-0.21942,0.16391,-0.03165,0.36098,0.73224,-0.07964,0.19312,-0.03596,-0.06819,0.04907,0.22321,0.32864,2.42857,0.50000,1.00000,0.58572,0.57895,0.53333,0.00000,0.64322
749,0.9492,5660672,1396,0.01730,3.35e-04,0.5406,253.5919,0.66200,891.80754,0.81818,0.72634,2256.41055,1.46843,-0.03019,-0.21994,0.16400,-0.02978,0.36247,0.72230,-0.08019,0.19351,-0.03326,-0.06738,0.05095,0.22772,0.32878,1.81500,0.00000,0.00000,0.57298,0.45455,0.33333,0.00000,0.64391
750,0.9508,5668864,1445,0.01068,4.02e-04,0.5407,279.4004,0.66200,688.06740,0.75000,0.71893,2298.36071,1.47829,-0.02967,-0.22449,0.16441,-0.03009,0.35713,0.71526,-0.07946,0.19732,-0.03800,-0.06909,0.05229,0.22723,0.32812,3.41200,0.00000,2.00000,0.57298,0.50000,0.40000,0.00000,0.64059
751,0.9524,5677056,1413,0.01257,4.02e-04,0.5408,261.9344,0.66200,873.79683,0.66667,0.73408,2282.94331,1.43134,-0.03036,-0.22339,0.15535,-0.02801,0.36186,0.73088,-0.08396,0.18670,-0.04634,-0.06858,0.05062,0.21906,0.33002,2.92571,0.00000,0.00000,0.56069,0.60000,0.50000,0.00000,0.65008
752,0.9540,5685248,1431,0.01397,3.35e-04,0.5409,236.5035,0.66200,805.51054,0.78571,0.71687,2235.83625,1.42129,-0.03038,-0.21892,0.15373,-0.02498,0.34787,0.71414,-0.08337,0.18133,-0.04344,-0.06756,0.04779,0.20844,0.32441,2.81250,0.00000,1.00000,0.56069,0.57143,0.50000,0.00000,0.62207
753,0.9556,5693440,1401,0.01365,3.35e-04,0.5410,229.1245,0.66200,738.01356,0.75000,0.72409,2195.13704,1.43863,-0.02948,-0.21516,0.15560,-0.02807,0.35508,0.72055,-0.08169,0.18659,-0.03552,-0.06803,0.04993,0.21198,0.32748,2.71250,0.50000,1.00000,0.54747,0.43750,0.36364,0.00000,0.63740
754,0.9572,5701632,1418,0.01102,4.82e-04,0.5411,309.2817,0.66200,759.81995,0.81250,0.72693,2270.05045,1.40764,-0.02965,-0.22132,0.14997,-0.02384,0.35801,0.72361,-0.08017,0.18395,-0.04163,-0.06836,0.04865,0.21021,0.32766,2.45333,0.50000,2.00000,0.54747,0.62500,0.63636,0.00000,0.63830
755,0.9588,5709824,1467,0.01879,3.35e-04,0.5412,204.6360,0.66200,623.66718,0.85714,0.71373,2220.72135,1.37688,-0.03013,-0.21658,0.14817,-0.02457,0.35520,0.71083,-0.07967,0.17837,-0.04654,-0.06659,0.04760,0.20294,0.32628,2.13667,0.00000,3.00000,0.54273,0.42857,0.40000,0.00000,0.63141
756,0.9605,5718016,1372,0.01238,4.02e-04,0.5413,266.8909,0.66200,686.44702,0.84615,0.70728,2164.72864,1.40437,-0.03025,-0.21153,0.15048,-0.02423,0.35423,0.70412,-0.08140,0.18301,-0.02599,-0.06689,0.04811,0.20868,0.32639,2.90000,0.00000,1.00000,0.54273,0.46154,0.40000,0.00000,0.63193
757,0.9621,5726208,1422,0.02372,2.33e-04,0.5414,177.6440,0.66200,670.58862,0.82353,0.70052,2216.48464,1.39846,-0.02977,-0.21683,0.14711,-0.02465,0.35109,0.69794,-0.07787,0.17989,-0.02690,-0.06775,0.04661,0.20398,0.32668,1.41250,0.00000,3.00000,0.52655,0.41176,0.36364,0.00000,0.63338
758,0.9637,5734400,1370,0.01651,2.33e-04,0.5415,226.5051,0.66200,825.95567,0.66667,0.70424,2212.12417,1.45181,-0.02988,-0.21705,0.15517,-0.02384,0.35769,0.70109,-0.07909,0.18904,-0.02352,-0.06788,0.04996,0.21637,0.32757,2.20667,0.00000,2.00000,0.52655,0.50000,0.30000,0.00000,0.63783
759,0.9654,5742592,1366,0.00889,3.35e-04,0.5416,262.5232,0.66200,537.84099,0.78571,0.72333,2237.94083,1.49346,-0.02925,-0.21940,0.16253,-0.02955,0.37004,0.71971,-0.07961,0.19826,-0.02732,-0.06861,0.05231,0.22473,0.33355,1.53750,0.50000,4.00000,0.49154,0.21429,0.00000,0.00000,0.66777
760,0.9670,5750784,1395,0.00963,4.82e-04,0.5416,346.5794,0.66200,837.72970,0.58333,0.72926,2304.74765,1.51550,-0.02878,-0.22511,0.16508,-0.02970,0.37312,0.72592,-0.07954,0.20109,-0.04124,-0.06877,0.05036,0.22827,0.33446,1.61333,0.00000,1.00000,0.49154,0.50000,0.16667,0.00000,0.67231
761,0.9687,5758976,1395,0.01526,4.02e-04,0.5418,244.7389,0.66200,698.14427,0.80000,0.73262,2309.40362,1.48570,-0.02911,-0.22577,0.16174,-0.02840,0.37421,0.72948,-0.07663,0.19697,-0.03746,-0.07039,0.05125,0.22406,0.33452,2.73467,0.00000,1.00000,0.46639,0.36000,0.26316,0.00000,0.67261
762,0.9702,5767168,1448,0.00855,5.79e-04,0.5418,318.0287,0.66200,607.83207,0.81250,0.72656,2233.09750,1.43870,-0.02903,-0.21835,0.15961,-0.02756,0.36921,0.72451,-0.07501,0.19056,-0.03305,-0.06882,0.05064,0.21820,0.33302,2.25143,0.00000,2.00000,0.46639,0.31250,0.18182,0.00000,0.66511
763,0.9719,5775360,1400,0.02084,4.02e-04,0.5418,270.6791,0.66200,687.91371,0.83333,0.71042,2183.51422,1.43344,-0.02880,-0.21408,0.16038,-0.02715,0.36095,0.70768,-0.07783,0.19088,-0.03768,-0.06848,0.05025,0.21979,0.33016,1.53200,0.00000,3.00000,0.44584,0.38889,0.33333,0.00000,0.65082
764,0.9735,5783552,1390,0.01286,4.02e-04,0.5418,324.6343,0.66200,850.25937,0.84211,0.71005,2234.12600,1.42257,-0.02905,-0.21788,0.16061,-0.02484,0.36566,0.70657,-0.07806,0.19075,-0.03853,-0.06864,0.05182,0.22070,0.33055,2.25429,0.00000,0.00000,0.45125,0.57895,0.50000,0.00000,0.65275
765,0.9752,5791744,1390,0.01383,3.35e-04,0.5418,319.9240,0.66200,928.57669,0.66667,0.69825,2300.35176,1.43196,-0.02930,-0.22503,0.15598,-0.02489,0.35380,0.69498,-0.08027,0.18956,-0.02724,-0.06824,0.05119,0.21948,0.32728,3.21714,0.00000,1.00000,0.45125,0.66667,0.57143,0.00000,0.63642
766,0.9768,5799936,1373,0.01684,2.33e-04,0.5418,285.0455,0.66200,656.07493,1.00000,0.71340,2300.58269,1.39758,-0.02988,-0.22579,0.15180,-0.02548,0.35722,0.71011,-0.08347,0.17911,-0.04487,-0.06828,0.04940,0.21155,0.32777,2.63077,0.00000,1.00000,0.46213,0.52632,0.55556,0.00000,0.63884
767,0.9785,5808128,1399,0.01231,2.79e-04,0.5418,309.6667,0.66200,947.71313,0.61538,0.72279,2331.35801,1.38393,-0.03005,-0.22777,0.14452,-0.02442,0.36215,0.71979,-0.08093,0.17146,-0.04023,-0.06872,0.04633,0.19910,0.33057,2.14667,0.00000,0.00000,0.46213,0.61538,0.37500,0.00000,0.65286
768,0.9801,5816320,1344,0.01242,2.79e-04,0.5419,276.8407,0.66200,563.07863,1.00000,0.71794,2304.55070,1.44621,-0.03005,-0.22557,0.15073,-0.02534,0.35861,0.71407,-0.08318,0.18160,-0.03094,-0.06750,0.04944,0.21356,0.32926,2.42250,0.00000,1.00000,0.46036,0.45455,0.50000,0.00000,0.64630
769,0.9818,5824512,1363,0.01560,2.33e-04,0.5420,380.9953,0.66200,727.20470,0.75000,0.71214,2255.21254,1.40599,-0.02956,-0.21993,0.15187,-0.02585,0.35507,0.70920,-0.08186,0.17952,-0.04000,-0.06854,0.05010,0.20978,0.33058,2.88444,0.00000,2.00000,0.46036,0.50000,0.38462,0.00000,0.65291
770,0.9835,5832704,1366,0.01394,2.33e-04,0.5421,244.9887,0.66200,765.41646,0.85714,0.71002,2272.06547,1.40126,-0.02941,-0.22162,0.15410,-0.02747,0.35170,0.70652,-0.07897,0.18287,-0.04016,-0.06877,0.04756,0.20959,0.32497,2.23778,0.00000,2.00000,0.45780,0.50000,0.50000,0.00000,0.62484
771,0.9851,5840896,1436,0.01465,2.33e-04,0.5422,321.0877,0.66200,717.62845,0.88889,0.71984,2266.50222,1.42762,-0.02953,-0.22203,0.15235,-0.02700,0.35383,0.71598,-0.08148,0.18484,-0.03169,-0.06923,0.04889,0.21344,0.32492,3.07333,0.00000,2.00000,0.45780,0.55556,0.57143,0.00000,0.62460
772,0.9867,5849088,1428,0.01182,2.79e-04,0.5423,370.8923,0.66200,719.63515,0.80000,0.71518,2339.70248,1.36867,-0.03011,-0.22848,0.14571,-0.02615,0.34749,0.71249,-0.08028,0.17682,-0.04635,-0.06883,0.04576,0.20056,0.32502,1.90500,0.00000,2.00000,0.46202,0.40000,0.40000,0.00000,0.62511
773,0.9883,5857280,1369,0.02083,1.94e-04,0.5424,276.5485,0.66200,865.50084,0.75000,0.71395,2331.44307,1.31907,-0.03042,-0.22770,0.13858,-0.02539,0.34936,0.71098,-0.07953,0.16911,-0.04565,-0.06919,0.04412,0.19122,0.32474,1.40000,0.50000,2.00000,0.46202,0.56250,0.50000,0.00000,0.62368
774,0.9900,5865472,1415,0.01810,1.35e-04,0.5424,326.5954,0.66200,534.68166,0.85000,0.71741,2313.27795,1.34038,-0.03035,-0.22678,0.13953,-0.02489,0.35079,0.71429,-0.07993,0.16950,-0.04256,-0.06938,0.04332,0.19293,0.32412,3.79818,0.50000,4.00000,0.44625,0.25000,0.15385,0.00000,0.62062
775,0.9917,5873664,1334,0.00865,1.94e-04,0.5425,280.4693,0.66200,773.25229,0.76923,0.72431,2243.31867,1.44050,-0.03058,-0.21952,0.15376,-0.02528,0.35903,0.72060,-0.08132,0.18354,-0.03929,-0.06753,0.04886,0.21167,0.32675,1.83000,0.50000,2.00000,0.44625,0.46154,0.37500,0.00000,0.63373
776,0.9933,5881856,1402,0.01212,1.94e-04,0.5425,318.4489,0.66200,569.15560,1.00000,0.73190,2315.76445,1.48470,-0.02948,-0.22693,0.16181,-0.02931,0.36542,0.72838,-0.08036,0.18978,-0.03375,-0.06872,0.04964,0.21967,0.32957,2.81400,0.00000,1.00000,0.44663,0.46154,0.50000,0.00000,0.64784
777,0.9950,5890048,1326,0.00885,2.79e-04,0.5426,323.1293,0.66200,662.82642,0.88000,0.74912,2228.34972,1.43733,-0.02925,-0.21842,0.15447,-0.02549,0.37614,0.74529,-0.08058,0.18201,-0.03677,-0.06795,0.04740,0.20691,0.33119,2.03571,0.00000,1.00000,0.43530,0.40000,0.33333,0.00000,0.65593
778,0.9967,5898240,1364,0.01530,2.79e-04,0.5426,300.3062,0.66200,668.33621,0.77778,0.73203,2210.11070,1.41671,-0.02921,-0.21680,0.15366,-0.02742,0.36746,0.72886,-0.07940,0.18365,-0.03576,-0.06891,0.04965,0.20844,0.33215,3.09600,0.50000,3.00000,0.43530,0.27778,0.09091,0.00000,0.66077
779,0.9984,5906432,1351,0.01003,3.35e-04,0.5427,320.3423,0.66200,614.57524,0.85000,0.71601,2265.86308,1.39951,-0.02874,-0.22173,0.15621,-0.02893,0.35792,0.71274,-0.07520,0.18596,-0.04427,-0.06923,0.04762,0.21271,0.32647,2.88182,0.00000,2.00000,0.40715,0.25000,0.20000,0.00000,0.63233
780,1.0000,5914624,1410,0.01384,3.35e-04,0.5428,338.2435,0.66200,735.36712,0.84615,0.70383,2363.01398,1.34470,-0.02918,-0.23084,0.14830,-0.02393,0.35166,0.70027,-0.07445,0.17888,-0.05328,-0.07036,0.04654,0.20233,0.32593,2.05000,0.00000,0.00000,0.40715,0.53846,0.45455,0.00000,0.62965
781,1.0017,5922816,1368,0.01162,4.02e-04,0.5428,201.0504,0.66200,668.87166,0.78571,0.71120,2343.29757,1.44883,-0.02968,-0.22958,0.15883,-0.02620,0.35284,0.70805,-0.07823,0.18943,-0.04253,-0.07020,0.05040,0.21771,0.32785,2.49250,0.00000,2.00000,0.40644,0.35714,0.33333,0.00000,0.63924
782,1.0033,5931008,1412,0.01366,4.02e-04,0.5429,346.1825,0.66200,758.19622,0.88235,0.71397,2231.33826,1.40559,-0.03017,-0.21817,0.15170,-0.02522,0.35806,0.71144,-0.07923,0.17947,-0.03287,-0.06806,0.04734,0.20441,0.32926,2.55600,0.00000,0.00000,0.40644,0.58824,0.53333,0.00000,0.64631
783,1.0049,5939200,1444,0.01323,4.02e-04,0.5429,220.6348,0.66200,750.94397,0.66667,0.69954,2212.25497,1.37532,-0.03071,-0.21694,0.14688,-0.02677,0.34735,0.69610,-0.08127,0.17308,-0.03002,-0.06804,0.04631,0.19867,0.32772,2.36500,0.00000,0.00000,0.41797,0.58333,0.50000,0.00000,0.63860
784,1.0065,5947392,1388,0.01361,4.02e-04,0.5430,239.9172,0.66200,724.23284,0.76471,0.69728,2200.47763,1.35625,-0.03078,-0.21558,0.14241,-0.02407,0.34264,0.69497,-0.07999,0.17116,-0.03297,-0.06718,0.04598,0.19855,0.32483,1.95200,0.50000,2.00000,0.41797,0.52941,0.45455,0.00000,0.62416
785,1.0082,5955584,1373,0.01479,2.79e-04,0.5430,279.9631,0.66200,903.49090,0.62500,0.69047,2327.25068,1.28304,-0.03073,-0.22773,0.13584,-0.02142,0.33979,0.68770,-0.07897,0.16090,-0.05101,-0.06902,0.04106,0.18341,0.32340,2.26333,0.00000,2.00000,0.42880,0.68750,0.62500,0.00000,0.61698
786,1.0098,5963776,1432,0.00846,4.02e-04,0.5430,235.1046,0.66200,715.08134,0.78947,0.69597,2298.49667,1.32672,-0.03046,-0.22436,0.14046,-0.02566,0.34111,0.69280,-0.07836,0.16815,-0.04628,-0.06807,0.04292,0.19391,0.32323,1.58600,0.50000,2.00000,0.42880,0.31579,0.15385,0.00000,0.61615
787,1.0114,5971968,1395,0.01469,4.02e-04,0.5431,352.7673,0.66200,533.95930,0.93750,0.71473,2307.91602,1.35283,-0.03039,-0.22598,0.14473,-0.02673,0.35042,0.71103,-0.07822,0.17207,-0.04596,-0.06878,0.04625,0.19830,0.32718,2.59091,0.00000,2.00000,0.40515,0.25000,0.23077,0.00000,0.63590
788,1.0130,5980160,1434,0.01610,3.35e-04,0.5432,290.5576,0.66200,617.97583,0.86667,0.72212,2194.98615,1.40448,-0.03050,-0.21510,0.15075,-0.02804,0.35005,0.71836,-0.08265,0.18077,-0.03821,-0.06843,0.04525,0.20514,0.32749,2.09111,0.00000,2.00000,0.40515,0.26667,0.18182,0.00000,0.63743
789,1.0147,5988352,1332,0.01358,2.79e-04,0.5434,253.6173,0.66200,787.23797,0.80000,0.71561,2237.89706,1.40252,-0.03072,-0.21872,0.14929,-0.02598,0.35647,0.71265,-0.08247,0.18018,-0.04066,-0.06816,0.04663,0.20856,0.33013,2.08000,0.00000,1.00000,0.39646,0.53333,0.45455,0.00000,0.65067
790,1.0164,5996544,1382,0.01497,2.79e-04,0.5436,340.6318,0.66200,608.64706,0.72222,0.71867,2252.06430,1.40905,-0.02986,-0.21938,0.15397,-0.02723,0.35546,0.71489,-0.08154,0.18520,-0.04259,-0.07063,0.05000,0.21423,0.33061,2.43200,0.50000,6.00000,0.39646,0.33333,0.42857,0.00000,0.65304
791,1.0180,6004736,1396,0.01421,2.79e-04,0.5438,239.2489,0.66200,771.66669,0.75000,0.72151,2293.34268,1.47914,-0.02952,-0.22408,0.16061,-0.02843,0.35504,0.71797,-0.08386,0.19302,-0.03034,-0.06951,0.05306,0.22748,0.32813,2.05429,0.00000,0.00000,0.38806,0.41667,0.22222,0.00000,0.64065
792,0.0016,8192,1423,0.01026,3.35e-04,0.5439,1165.7229,0.66200,6.63814,0.11765,0.90824,767.59808,0.59761,-0.02427,-0.07615,0.07664,-0.01151,0.52701,0.90311,-0.03530,0.10462,-0.00371,-0.06991,0.01911,0.09930,0.38098,0.00000,0.00000,0.00000,0.38806,0.05882,0.00000,0.00000,0.90491
793,0.0033,16384,1329,0.01008,4.02e-04,0.5441,416.2750,0.66200,37.82513,0.47059,0.56964,1435.98300,0.79400,-0.02740,-0.14091,0.09560,-0.01158,0.28960,0.56428,-0.04731,0.11898,-0.03496,-0.06699,0.02690,0.12506,0.29643,0.00000,0.00000,2.00000,0.38806,0.23529,0.00000,0.00000,0.48215
