iter,hours,steps,sps,kl,lr,std,value_loss,assist,ep_return,floored_share,height,power,reward_per_step,rt_act,rt_energy,rt_face,rt_feet,rt_head,rt_height,rt_limit,rt_pose,rt_qvel,rt_rate,rt_still,rt_stood,rt_upright,time_to_stand,time_to_stand_unaided,unaided_ends,up_ema,up_rate,up_rate_from_floor,up_rate_unaided,upright
0,0.0009,8192,2436,0.07637,5.79e-04,0.4995,278.7852,0.60400,0.00000,0.08333,0.89670,664.34394,0.52864,-0.02148,-0.06586,0.06834,-0.01328,0.53322,0.89242,-0.03410,0.08381,-0.01031,-0.05606,0.01423,0.08960,0.38127,0.00000,0.00000,0.00000,0.00105,0.00000,0.00000,0.00000,0.90635
1,0.0019,16384,2355,0.13961,4.02e-04,0.4994,192.1256,0.60400,55.22022,0.42857,0.50834,1347.23129,0.75385,-0.02445,-0.13235,0.08875,-0.01725,0.30076,0.50254,-0.03030,0.09936,-0.03595,-0.05410,0.01719,0.12238,0.29650,0.00000,0.00000,1.00000,0.00105,0.35714,0.00000,0.00000,0.48248
2,0.0029,24576,2195,1.22484,2.33e-04,0.4994,170.4583,0.60800,29.10664,0.84211,0.42500,1627.89582,0.71812,-0.02359,-0.15976,0.07284,-0.01579,0.27128,0.41995,-0.03479,0.08700,-0.03261,-0.05334,0.01654,0.10675,0.28774,0.00000,0.00000,2.00000,0.00095,0.15789,0.00000,0.00000,0.43869
3,0.0039,32768,2282,0.04863,1.35e-04,0.4994,173.0027,0.60800,61.56301,0.84211,0.44881,2140.46265,0.75423,-0.02343,-0.21000,0.06320,-0.01662,0.28859,0.44397,-0.04429,0.08274,-0.03713,-0.05543,0.01500,0.10120,0.29102,1.04000,0.00000,1.00000,0.00095,0.10526,0.00000,0.00000,0.45511
4,0.0049,40960,2414,0.03327,9.35e-05,0.4994,190.8412,0.61200,84.85773,0.87500,0.48214,2297.54080,0.81370,-0.02366,-0.22541,0.05381,-0.01514,0.31102,0.47735,-0.04769,0.08604,-0.04588,-0.05771,0.01595,0.10406,0.29853,0.00000,0.00000,0.00000,0.00085,0.12500,0.00000,0.00000,0.49264
5,0.0058,49152,2400,0.03980,6.49e-05,0.4994,198.8908,0.61200,125.50846,1.00000,0.47171,2287.57595,0.82211,-0.02369,-0.22351,0.05503,-0.01476,0.31252,0.46645,-0.04841,0.09097,-0.04857,-0.05711,0.01627,0.11041,0.29730,0.85714,0.50000,5.00000,0.00085,0.05556,0.07692,0.00000,0.48649
6,0.0068,57344,2293,0.00708,1.12e-04,0.4994,185.2481,0.61600,128.37851,0.90476,0.46344,2286.41800,0.81847,-0.02360,-0.22361,0.05889,-0.01615,0.31054,0.45838,-0.04995,0.09443,-0.04307,-0.05663,0.01711,0.11487,0.29468,0.70800,0.50000,3.00000,0.00766,0.14286,0.06250,0.00000,0.47340
7,0.0077,65536,2607,0.01762,9.35e-05,0.4994,170.0853,0.62000,86.98701,0.95455,0.48017,2134.75672,0.84099,-0.02356,-0.20972,0.06306,-0.01536,0.31748,0.47440,-0.04762,0.09612,-0.03220,-0.05620,0.01639,0.11542,0.29802,0.71333,0.50000,3.00000,0.00690,0.00000,0.00000,0.00000,0.49009
8,0.0085,73728,2771,0.03321,6.49e-05,0.4994,189.1241,0.62000,273.80356,0.75000,0.47834,2182.91551,0.83547,-0.02374,-0.21347,0.06247,-0.01858,0.31079,0.47279,-0.04707,0.09453,-0.03676,-0.05613,0.01751,0.11469,0.29640,0.50000,0.00000,1.00000,0.00690,0.18750,0.00000,0.00000,0.48200
9,0.0094,81920,2584,0.05453,4.51e-05,0.4994,168.4768,0.62400,162.98586,1.00000,0.45297,2246.41825,0.79785,-0.02364,-0.21989,0.05551,-0.01741,0.29247,0.44812,-0.04670,0.09223,-0.04125,-0.05632,0.01560,0.11102,0.28862,1.42000,0.00000,0.00000,0.01097,0.10000,0.10000,0.00000,0.44309
10,0.0103,90112,2734,0.01238,5.41e-05,0.4994,172.2797,0.62400,268.86674,0.81250,0.44104,2296.89421,0.76252,-0.02347,-0.22461,0.05364,-0.01515,0.28826,0.43637,-0.04988,0.08478,-0.03132,-0.05635,0.01488,0.10345,0.28446,0.80000,0.00000,2.00000,0.01097,0.12500,0.00000,0.00000,0.42229
11,0.0112,98304,2555,0.01281,5.41e-05,0.4994,176.5770,0.62800,363.10330,0.80000,0.45510,2246.00367,0.75049,-0.02350,-0.22083,0.05328,-0.01497,0.29282,0.45080,-0.04783,0.08064,-0.03205,-0.05626,0.01284,0.09796,0.28616,0.64000,0.00000,2.00000,0.00987,0.13333,0.00000,0.00000,0.43082
12,0.0120,106496,2626,0.00724,7.79e-05,0.4995,137.0215,0.62800,316.95562,0.83333,0.42870,2235.65061,0.70875,-0.02346,-0.21873,0.04764,-0.01498,0.28184,0.42423,-0.04795,0.07585,-0.04521,-0.05647,0.01252,0.09229,0.28138,2.38000,0.00000,2.00000,0.00987,0.16667,0.00000,0.00000,0.40692
13,0.0129,114688,2663,0.00976,1.12e-04,0.4995,139.6800,0.63200,406.52635,0.76471,0.42806,2179.91248,0.66289,-0.02381,-0.21355,0.04004,-0.01219,0.28449,0.42458,-0.05026,0.06800,-0.04387,-0.05564,0.01087,0.08203,0.28269,1.48000,0.00000,0.00000,0.01273,0.23529,0.07692,0.00000,0.41346
14,0.0137,122880,2647,0.02184,7.79e-05,0.4995,141.7016,0.63200,351.88927,0.85714,0.40604,2141.63031,0.62298,-0.02400,-0.20968,0.03805,-0.01175,0.26940,0.40283,-0.04976,0.05815,-0.03196,-0.05517,0.01034,0.07050,0.27752,1.08000,0.00000,1.00000,0.01273,0.14286,0.00000,0.00000,0.38760
15,0.0146,131072,2591,0.04455,5.41e-05,0.4995,132.0352,0.63600,471.42856,0.76923,0.41124,2257.84566,0.63884,-0.02391,-0.22131,0.04174,-0.01260,0.27171,0.40779,-0.04966,0.06026,-0.03914,-0.05565,0.00952,0.07269,0.27839,0.50000,0.00000,1.00000,0.01146,0.23077,0.00000,0.00000,0.39197
16,0.0155,139264,2517,0.03806,3.76e-05,0.4995,122.3559,0.63600,358.62623,0.86667,0.40959,2239.84702,0.65406,-0.02383,-0.21966,0.03944,-0.01061,0.27079,0.40661,-0.04988,0.05733,-0.02056,-0.05484,0.01097,0.06976,0.27817,1.05000,0.00000,3.00000,0.01146,0.20000,0.10000,0.00000,0.39086
17,0.0165,147456,2455,0.01662,3.76e-05,0.4995,106.3102,0.64000,500.26767,0.91667,0.40262,2261.72606,0.61897,-0.02405,-0.22142,0.03975,-0.00909,0.27310,0.39932,-0.05139,0.05621,-0.04726,-0.05601,0.00920,0.06793,0.27861,0.78500,0.00000,0.00000,0.01984,0.16667,0.09091,0.00000,0.39305
18,0.0174,155648,2343,0.00962,5.41e-05,0.4995,119.9600,0.64400,302.42845,1.00000,0.40753,2242.77387,0.62935,-0.02360,-0.22020,0.03752,-0.01003,0.26704,0.40413,-0.04915,0.05699,-0.03294,-0.05520,0.00959,0.06750,0.27692,0.81429,0.50000,2.00000,0.02374,0.05263,0.05882,0.00000,0.38460
19,0.0183,163840,2557,0.00852,7.79e-05,0.4996,135.8024,0.64800,394.55551,1.00000,0.42388,2235.91392,0.67515,-0.02373,-0.21929,0.05032,-0.01335,0.28045,0.42023,-0.04907,0.06908,-0.04689,-0.05635,0.01194,0.08337,0.28162,1.52800,0.50000,1.00000,0.02612,0.04545,0.04762,0.00000,0.40811
20,0.0192,172032,2555,0.01259,6.49e-05,0.4996,142.2222,0.64800,382.01539,0.84615,0.42450,2277.61907,0.70437,-0.02363,-0.22286,0.05445,-0.01189,0.28558,0.42093,-0.04781,0.06888,-0.03338,-0.05538,0.01270,0.08411,0.28137,0.66800,0.00000,2.00000,0.02612,0.15385,0.00000,0.00000,0.40685
21,0.0202,180224,2458,0.03164,4.51e-05,0.4996,145.6764,0.65200,294.76966,1.00000,0.43997,2244.66587,0.73700,-0.02343,-0.22008,0.05052,-0.01226,0.29122,0.43529,-0.04727,0.07518,-0.03879,-0.05648,0.01368,0.09088,0.28427,0.67250,0.50000,4.00000,0.02786,0.05556,0.07143,0.00000,0.42134
22,0.0210,188416,2606,0.01752,3.13e-05,0.4996,160.1264,0.65600,216.24589,0.96154,0.46479,2278.49604,0.80365,-0.02328,-0.22324,0.05303,-0.01429,0.30612,0.45935,-0.04632,0.08289,-0.03221,-0.05604,0.01378,0.09937,0.29223,0.65429,0.50000,3.00000,0.02507,0.00000,0.00000,0.00000,0.46113
23,0.0219,196608,2530,0.00655,4.51e-05,0.4996,155.9559,0.65600,350.31476,0.94444,0.49970,2237.84258,0.81153,-0.02347,-0.21904,0.05470,-0.01403,0.32402,0.49420,-0.04777,0.08842,-0.04933,-0.05672,0.01539,0.10663,0.30017,2.14667,0.50000,2.00000,0.02507,0.11111,0.06667,0.00000,0.50084
24,0.0228,204800,2591,0.00257,1.12e-04,0.4996,172.3755,0.66000,365.16494,0.92308,0.47178,2225.92896,0.80699,-0.02320,-0.21787,0.05352,-0.01306,0.30900,0.46655,-0.04524,0.08554,-0.03045,-0.05642,0.01473,0.10419,0.29225,0.99333,0.00000,1.00000,0.03026,0.15385,0.09091,0.00000,0.46124
25,0.0237,212992,2561,0.00802,1.62e-04,0.4997,174.1722,0.66000,373.44247,0.83333,0.47346,2298.92703,0.82259,-0.02251,-0.22505,0.05518,-0.01929,0.30553,0.46781,-0.04383,0.08895,-0.05438,-0.05612,0.01597,0.10773,0.29063,4.71000,0.00000,1.00000,0.03026,0.25000,0.11111,0.00000,0.45313
26,0.0246,221184,2550,0.01003,1.94e-04,0.4997,180.9652,0.66400,275.29528,0.95455,0.49064,2314.45410,0.85972,-0.02250,-0.22615,0.05928,-0.01500,0.31713,0.48554,-0.04423,0.08916,-0.04244,-0.05638,0.01616,0.10852,0.29437,1.96400,0.50000,2.00000,0.03795,0.13636,0.10526,0.00000,0.47186
27,0.0255,229376,2530,0.01293,1.94e-04,0.4997,164.6318,0.66400,511.01839,0.81818,0.49407,2250.97449,0.87030,-0.02294,-0.22105,0.06612,-0.01788,0.31817,0.48956,-0.04563,0.08893,-0.03870,-0.05628,0.01646,0.11041,0.29427,2.10500,0.00000,1.00000,0.03795,0.36364,0.25000,0.00000,0.47137
28,0.0264,237568,2508,0.01686,1.94e-04,0.4997,136.1865,0.66800,181.26788,1.00000,0.47881,2264.14544,0.82223,-0.02275,-0.22206,0.06040,-0.01379,0.31051,0.47421,-0.04610,0.08176,-0.03475,-0.05647,0.01507,0.10120,0.29158,0.70000,0.00000,2.00000,0.04249,0.00000,0.00000,0.00000,0.45791
29,0.0274,245760,2470,0.02399,1.35e-04,0.4997,166.9874,0.66800,317.15925,0.92857,0.49224,2266.39353,0.84225,-0.02248,-0.22229,0.05865,-0.01327,0.31444,0.48679,-0.04285,0.08797,-0.04647,-0.05628,0.01591,0.10504,0.29248,1.72667,0.00000,0.00000,0.04249,0.07143,0.00000,0.00000,0.46238
30,0.0282,253952,2549,0.02495,9.35e-05,0.4998,176.4744,0.67200,415.33053,0.93333,0.51097,2249.71867,0.91088,-0.02251,-0.22132,0.06412,-0.01607,0.32180,0.50501,-0.04419,0.09704,-0.03688,-0.05655,0.01668,0.11859,0.29596,1.29714,0.00000,2.00000,0.04224,0.13333,0.08333,0.00000,0.47978
31,0.0293,262144,2252,0.04018,6.49e-05,0.4998,162.9569,0.67200,403.86901,0.91667,0.51348,2269.74771,0.89778,-0.02277,-0.22267,0.05937,-0.01764,0.32604,0.50814,-0.04563,0.09698,-0.05129,-0.05679,0.01745,0.11761,0.29695,2.46500,0.00000,0.00000,0.04224,0.16667,0.09091,0.00000,0.48475
32,0.0302,270336,2352,0.01505,5.41e-05,0.4998,186.1477,0.67600,370.69753,0.93333,0.50767,2366.85186,0.88383,-0.02290,-0.23202,0.05422,-0.01528,0.32671,0.50192,-0.04630,0.09011,-0.04327,-0.05751,0.01600,0.10956,0.29538,2.23600,0.50000,3.00000,0.05165,0.20000,0.18182,0.00000,0.47690
33,0.0312,278528,2375,0.01672,4.51e-05,0.4998,186.6112,0.67600,394.73263,0.94444,0.50700,2283.77446,0.92230,-0.02278,-0.22408,0.05545,-0.01732,0.32794,0.50104,-0.04581,0.09789,-0.02457,-0.05665,0.01793,0.11902,0.29727,1.12000,0.50000,2.00000,0.05165,0.11111,0.06667,0.00000,0.48633
34,0.0322,286720,2314,0.01075,5.41e-05,0.4998,147.6295,0.68000,480.40015,0.94444,0.51395,2262.86588,0.90999,-0.02277,-0.22192,0.05859,-0.01652,0.32663,0.50779,-0.04343,0.09774,-0.03442,-0.05591,0.01784,0.11920,0.29809,1.00667,0.00000,1.00000,0.05294,0.11111,0.06250,0.00000,0.49045
35,0.0331,294912,2387,0.00810,7.79e-05,0.4998,171.8884,0.68000,561.09877,0.83333,0.51068,2313.46772,0.85171,-0.02276,-0.22634,0.05103,-0.01602,0.32686,0.50496,-0.04317,0.09536,-0.05891,-0.05764,0.01803,0.11572,0.29892,1.21600,0.00000,0.00000,0.05294,0.27778,0.13333,0.00000,0.49459
36,0.0341,303104,2445,0.01222,6.49e-05,0.4999,168.2615,0.68400,421.73066,0.94118,0.50672,2307.40062,0.90435,-0.02266,-0.22644,0.05801,-0.01885,0.32028,0.50149,-0.04159,0.09883,-0.04167,-0.05631,0.01765,0.12061,0.29567,0.86750,0.50000,5.00000,0.05918,0.11765,0.09091,0.00000,0.47833
37,0.0350,311296,2381,0.01771,4.51e-05,0.4999,175.2892,0.68400,552.48279,0.85714,0.52084,2309.66156,0.90483,-0.02250,-0.22602,0.05821,-0.01581,0.33159,0.51521,-0.04200,0.09641,-0.04718,-0.05725,0.01778,0.11700,0.30042,1.70667,0.50000,1.00000,0.05918,0.14286,0.00000,0.00000,0.50212
38,0.0360,319488,2377,0.00645,6.49e-05,0.4999,164.4093,0.68800,488.07093,0.89286,0.53162,2262.03798,0.92162,-0.02308,-0.22181,0.05854,-0.01681,0.33944,0.52597,-0.04534,0.09907,-0.04917,-0.05703,0.01887,0.12036,0.30341,1.13000,0.00000,5.00000,0.06294,0.17857,0.15000,0.00000,0.51704
39,0.0369,327680,2444,0.01037,9.35e-05,0.4998,174.6423,0.69200,330.98180,1.00000,0.54163,2315.32727,0.93999,-0.02327,-0.22709,0.06454,-0.01657,0.34074,0.53668,-0.04421,0.09589,-0.04734,-0.05653,0.01864,0.11951,0.30482,1.04571,0.00000,1.00000,0.06841,0.11111,0.11765,0.00000,0.52409
40,0.0379,335872,2395,0.01462,7.79e-05,0.4998,147.8548,0.69200,555.15844,0.77778,0.52652,2267.61881,0.94741,-0.02368,-0.22252,0.06483,-0.01759,0.33559,0.52079,-0.04548,0.09748,-0.04223,-0.05682,0.01837,0.12146,0.30265,1.30000,0.00000,0.00000,0.06841,0.22222,0.00000,0.00000,0.51323
41,0.0388,344064,2481,0.02337,5.41e-05,0.4999,149.0740,0.69600,556.44125,0.80000,0.51441,2287.41881,0.90485,-0.02376,-0.22366,0.05738,-0.01367,0.32824,0.50940,-0.04710,0.08729,-0.04542,-0.05702,0.01624,0.10724,0.30142,0.75000,0.00000,1.00000,0.06713,0.26667,0.09091,0.00000,0.50709
42,0.0397,352256,2490,0.01403,6.49e-05,0.4999,178.4255,0.69600,348.15112,0.94444,0.53890,2309.63177,0.91491,-0.02341,-0.22583,0.06207,-0.01773,0.34258,0.53306,-0.04602,0.09619,-0.05789,-0.05716,0.01783,0.11743,0.30704,1.34000,0.00000,2.00000,0.06713,0.11111,0.06667,0.00000,0.53521
43,0.0407,360448,2255,0.01833,4.51e-05,0.4999,175.5719,0.70000,448.68982,0.84615,0.54805,2312.50856,1.01205,-0.02327,-0.22658,0.07290,-0.01477,0.34856,0.54078,-0.04426,0.10336,-0.04521,-0.05717,0.01893,0.12598,0.30671,1.27000,0.00000,3.00000,0.06476,0.07692,0.00000,0.00000,0.53356
44,0.0417,368640,2411,0.00476,7.79e-05,0.4999,206.2184,0.70400,452.63171,0.90909,0.58084,2292.72399,1.08161,-0.02231,-0.22512,0.07704,-0.01638,0.36207,0.57277,-0.04149,0.11837,-0.04321,-0.05671,0.02152,0.14288,0.31013,1.34545,0.00000,0.00000,0.06328,0.09091,0.05000,0.00000,0.55064
45,0.0426,376832,2494,0.00611,1.12e-04,0.4999,213.3388,0.70400,541.95675,0.86667,0.59856,2292.22788,1.12283,-0.02280,-0.22502,0.07677,-0.01883,0.37087,0.58962,-0.04503,0.12315,-0.04291,-0.05684,0.02197,0.14886,0.31507,1.55000,0.00000,1.00000,0.06328,0.26667,0.16667,0.00000,0.57535
46,0.0435,385024,2408,0.01215,1.12e-04,0.4999,199.8350,0.70800,464.57741,1.00000,0.59851,2361.15224,1.10422,-0.02275,-0.23135,0.07131,-0.02088,0.36820,0.59079,-0.04391,0.12330,-0.04503,-0.05816,0.02069,0.14972,0.31366,1.28000,0.00000,1.00000,0.07362,0.15385,0.16667,0.00000,0.56831
47,0.0445,393216,2386,0.03307,7.79e-05,0.5000,218.4629,0.70800,580.95324,0.75000,0.58086,2288.63105,1.10318,-0.02256,-0.22471,0.07456,-0.01958,0.35955,0.57387,-0.04358,0.11935,-0.04287,-0.05689,0.02056,0.14563,0.31061,2.07000,0.00000,2.00000,0.07362,0.33333,0.14286,0.00000,0.55306
48,0.0455,401408,2366,0.01951,6.49e-05,0.5000,202.9083,0.71200,258.14996,1.00000,0.58349,2284.92277,1.11488,-0.02196,-0.22464,0.07521,-0.01819,0.36169,0.57660,-0.04171,0.11742,-0.03602,-0.05693,0.02174,0.14294,0.30951,2.52667,0.00000,1.00000,0.07182,0.00000,0.00000,0.00000,0.54755
49,0.0464,409600,2398,0.00586,1.12e-04,0.5000,218.2800,0.71600,333.22991,1.00000,0.60164,2297.12047,1.13669,-0.02236,-0.22516,0.07227,-0.02097,0.37335,0.59354,-0.04246,0.12912,-0.04877,-0.05752,0.02376,0.15820,0.31443,1.93556,0.50000,2.00000,0.07575,0.10000,0.11111,0.00000,0.57216
50,0.0474,417792,2421,0.01408,9.35e-05,0.5000,206.7876,0.72000,665.79618,0.82609,0.60300,2277.85679,1.13990,-0.02268,-0.22353,0.08302,-0.02227,0.37496,0.59535,-0.04279,0.12698,-0.03959,-0.05727,0.02405,0.15472,0.31648,1.32200,0.00000,1.00000,0.09039,0.30435,0.22222,0.00000,0.58240
51,0.0483,425984,2471,0.02292,6.49e-05,0.5000,191.0563,0.72000,694.78291,0.76923,0.59832,2212.90778,1.10159,-0.02258,-0.21758,0.07663,-0.01810,0.36867,0.59069,-0.04165,0.12302,-0.03934,-0.05664,0.02301,0.14850,0.31493,1.88571,0.00000,0.00000,0.09039,0.30769,0.10000,0.00000,0.57467
52,0.0493,434176,2367,0.03278,4.51e-05,0.5000,191.3830,0.72400,353.96589,1.00000,0.58690,2242.82849,1.06055,-0.02260,-0.21963,0.06634,-0.01769,0.36070,0.57932,-0.04057,0.11521,-0.04953,-0.05723,0.02151,0.13757,0.31080,1.61000,0.50000,6.00000,0.09499,0.11111,0.16667,0.00000,0.55401
53,0.0502,442368,2329,0.01722,3.13e-05,0.5001,223.2540,0.72400,633.19948,0.75000,0.59469,2252.84289,1.08451,-0.02269,-0.22075,0.06859,-0.01877,0.36693,0.58727,-0.04118,0.11837,-0.05107,-0.05767,0.02128,0.14172,0.31378,2.32000,0.50000,2.00000,0.09499,0.25000,0.15385,0.00000,0.56890
54,0.0512,450560,2446,0.01005,3.76e-05,0.5001,205.1466,0.72800,583.23218,0.81818,0.61907,2222.26367,1.11924,-0.02224,-0.21745,0.07691,-0.01989,0.38135,0.61130,-0.04008,0.12522,-0.04073,-0.05728,0.02293,0.15076,0.31853,1.79500,0.50000,3.00000,0.10335,0.31818,0.20000,0.00000,0.59266
55,0.0521,458752,2459,0.01415,3.76e-05,0.5001,259.4910,0.72800,483.36985,1.00000,0.62256,2243.88006,1.17416,-0.02260,-0.22009,0.07725,-0.02118,0.38335,0.61459,-0.03872,0.13419,-0.05005,-0.05682,0.02414,0.16486,0.31883,2.38750,0.00000,1.00000,0.10335,0.21429,0.23077,0.00000,0.59414
56,0.0530,466944,2515,0.01077,4.51e-05,0.5001,222.9401,0.73200,647.00604,0.90909,0.63268,2305.64491,1.23960,-0.02230,-0.22639,0.08184,-0.01925,0.38733,0.62340,-0.04035,0.13598,-0.04725,-0.05713,0.02591,0.16803,0.31932,1.95714,0.00000,0.00000,0.11040,0.18182,0.10000,0.00000,0.59658
57,0.0539,475136,2491,0.00093,1.12e-04,0.5001,277.5099,0.73200,521.43678,0.88889,0.66386,2352.46103,1.31802,-0.02203,-0.23064,0.08362,-0.02382,0.40439,0.65401,-0.04002,0.15022,-0.03780,-0.05776,0.02876,0.18390,0.32599,1.83556,0.50000,3.00000,0.11040,0.27778,0.30769,0.00000,0.62993
58,0.0548,483328,2545,0.00273,2.33e-04,0.5001,249.6760,0.73600,661.18690,0.78571,0.68732,2354.38303,1.34219,-0.02239,-0.23061,0.07790,-0.02445,0.41538,0.67618,-0.04079,0.16291,-0.05164,-0.05924,0.02894,0.19922,0.32999,1.79200,0.00000,1.00000,0.12110,0.28571,0.10000,0.00000,0.64993
59,0.0557,491520,2639,0.01405,1.94e-04,0.5001,254.2480,0.73600,618.80767,0.73684,0.67304,2369.64638,1.28779,-0.02254,-0.23158,0.07339,-0.02248,0.40943,0.66300,-0.04064,0.14785,-0.05081,-0.05962,0.02678,0.18201,0.32752,1.57111,0.50000,2.00000,0.12110,0.31579,0.08333,0.00000,0.63759
60,0.0566,499712,2538,0.06608,1.12e-04,0.5002,259.3828,0.74000,738.41013,0.86667,0.67181,2327.50522,1.30655,-0.02257,-0.22832,0.08007,-0.02083,0.41210,0.66075,-0.04152,0.14966,-0.04612,-0.05882,0.02835,0.18280,0.32885,2.03800,0.00000,0.00000,0.12899,0.40000,0.30769,0.00000,0.64425
61,0.0575,507904,2475,0.01948,9.35e-05,0.5002,246.3280,0.74000,499.31721,1.00000,0.66473,2357.31590,1.29253,-0.02217,-0.23068,0.08217,-0.02261,0.40330,0.65556,-0.03976,0.14925,-0.05617,-0.05860,0.02751,0.18201,0.32620,1.87091,0.00000,1.00000,0.12899,0.06667,0.07143,0.00000,0.63102
62,0.0584,516096,2533,0.04203,6.49e-05,0.5002,257.7995,0.74400,628.67207,0.78571,0.67101,2356.67031,1.37012,-0.02217,-0.23078,0.09020,-0.02491,0.40652,0.66075,-0.03890,0.16713,-0.05665,-0.05821,0.03097,0.20490,0.32872,2.38500,0.00000,1.00000,0.12443,0.21429,0.10000,0.00000,0.64360
63,0.0593,524288,2537,0.01806,5.41e-05,0.5002,261.5748,0.74400,787.25144,0.80000,0.68414,2310.98363,1.40030,-0.02240,-0.22749,0.07984,-0.02473,0.41384,0.67437,-0.04136,0.16506,-0.02909,-0.05757,0.03217,0.20490,0.33040,2.60400,0.50000,3.00000,0.12443,0.46667,0.44444,0.00000,0.65199
64,0.0602,532480,2598,0.00915,7.79e-05,0.5002,258.1954,0.74800,545.33891,0.92308,0.69088,2316.91182,1.39975,-0.02275,-0.22758,0.07678,-0.02550,0.42204,0.67990,-0.04351,0.16633,-0.03012,-0.05729,0.03175,0.20502,0.33260,1.94750,0.50000,1.00000,0.14698,0.30769,0.27273,0.00000,0.66299
65,0.0611,540672,2555,0.01065,9.35e-05,0.5002,253.2718,0.75000,507.59985,1.00000,0.69953,2320.17596,1.39160,-0.02281,-0.22731,0.08116,-0.02376,0.42320,0.68885,-0.04237,0.16387,-0.04465,-0.05779,0.03142,0.20251,0.33261,1.57636,0.00000,1.00000,0.14405,0.11111,0.11765,0.00000,0.66307
66,0.0620,548864,2633,0.02019,7.79e-05,0.5002,304.0183,0.75000,584.93425,0.95238,0.71069,2321.70169,1.44554,-0.02244,-0.22776,0.08972,-0.02752,0.42957,0.69890,-0.03886,0.17535,-0.03567,-0.05878,0.03399,0.21594,0.33413,2.46941,0.00000,1.00000,0.14544,0.19048,0.15789,0.00000,0.67063
67,0.0628,557056,2625,0.03562,5.41e-05,0.5002,284.2342,0.75000,737.00335,0.86667,0.71546,2311.98554,1.51996,-0.02264,-0.22669,0.09714,-0.02725,0.43155,0.70314,-0.03976,0.19063,-0.04436,-0.05777,0.03629,0.23395,0.33654,1.97636,0.50000,2.00000,0.14544,0.33333,0.36364,0.00000,0.68268
68,0.0637,565248,2524,0.00264,1.12e-04,0.5002,297.6074,0.75000,571.84561,0.86667,0.73020,2322.97525,1.53188,-0.02272,-0.22793,0.09802,-0.02456,0.44175,0.71842,-0.03968,0.18264,-0.03630,-0.05836,0.03621,0.22546,0.34019,1.67556,0.00000,4.00000,0.16589,0.26667,0.33333,0.00000,0.70095
69,0.0646,573440,2545,0.00547,1.94e-04,0.5002,296.2224,0.75000,631.33171,0.88462,0.72568,2260.12439,1.54131,-0.02268,-0.22199,0.10393,-0.03213,0.43911,0.71402,-0.03924,0.19333,-0.03167,-0.05799,0.03873,0.23810,0.34174,2.38333,0.00000,3.00000,0.17430,0.26923,0.25000,0.00000,0.70870
70,0.0655,581632,2533,0.01623,1.62e-04,0.5003,304.2776,0.75000,694.38258,0.90000,0.73190,2254.51763,1.51439,-0.02242,-0.22102,0.10831,-0.02809,0.44412,0.71927,-0.03818,0.19255,-0.03888,-0.05819,0.03790,0.23737,0.34373,1.46286,0.00000,2.00000,0.20062,0.45000,0.43750,0.00000,0.71865
71,0.0665,589824,2413,0.04276,9.35e-05,0.5003,285.0011,0.75000,693.07233,0.80000,0.72581,2223.57464,1.55589,-0.02228,-0.21857,0.10959,-0.02482,0.43603,0.71254,-0.03740,0.19605,-0.03261,-0.05701,0.03836,0.24237,0.33881,2.39000,0.00000,1.00000,0.20062,0.20000,0.28571,0.00000,0.69407
72,0.0674,598016,2349,0.02530,6.49e-05,0.5003,326.5975,0.75000,827.62553,0.85714,0.73465,2353.98835,1.58536,-0.02207,-0.23086,0.11099,-0.03150,0.43774,0.72048,-0.03812,0.20336,-0.04026,-0.05833,0.03712,0.25037,0.33886,2.10000,0.50000,1.00000,0.21945,0.42857,0.45455,0.00000,0.69432
73,0.0684,606208,2389,0.00127,1.62e-04,0.5003,293.7528,0.75000,881.54551,0.80000,0.74808,2322.09109,1.57342,-0.02232,-0.22822,0.09641,-0.02951,0.44740,0.73400,-0.04017,0.20264,-0.04177,-0.05945,0.03845,0.25000,0.34306,1.93231,0.00000,2.00000,0.21945,0.70000,0.78571,0.00000,0.71530
74,0.0694,614400,2385,0.00528,2.33e-04,0.5003,303.3451,0.75000,656.22373,0.90909,0.74648,2327.27313,1.56516,-0.02249,-0.22846,0.09706,-0.02624,0.44689,0.73315,-0.03998,0.19861,-0.05638,-0.05804,0.03771,0.24579,0.34378,1.88000,0.00000,1.00000,0.26707,0.54545,0.55556,0.00000,0.71889
75,0.0703,622592,2423,0.00541,3.35e-04,0.5004,293.0180,0.75000,778.85472,0.80000,0.74105,2316.54954,1.54200,-0.02246,-0.22732,0.09809,-0.02763,0.44418,0.72746,-0.04069,0.19118,-0.04285,-0.05782,0.03763,0.23730,0.34129,1.66933,0.50000,2.00000,0.26707,0.40000,0.28571,0.00000,0.70643
76,0.0712,630784,2440,0.00766,4.82e-04,0.5004,265.8737,0.75000,852.93541,0.86667,0.72692,2309.27411,1.50170,-0.02269,-0.22639,0.09716,-0.02418,0.43368,0.71388,-0.04140,0.18851,-0.04180,-0.05818,0.03540,0.23071,0.33945,2.14833,0.00000,0.00000,0.28110,0.53333,0.53846,0.00000,0.69725
77,0.0722,638976,2431,0.01536,4.82e-04,0.5005,281.2624,0.75000,646.27316,0.76923,0.71224,2336.42337,1.46191,-0.02240,-0.22920,0.10783,-0.02675,0.42859,0.70089,-0.03899,0.17617,-0.05055,-0.05789,0.03371,0.21570,0.33641,1.47333,0.50000,2.00000,0.28110,0.23077,0.12500,0.00000,0.68206
78,0.0731,647168,2430,0.01724,4.82e-04,0.5006,296.9933,0.75000,920.18303,0.76923,0.71855,2346.28846,1.51575,-0.02232,-0.22980,0.10978,-0.03013,0.43018,0.70582,-0.03818,0.18833,-0.04205,-0.05787,0.03651,0.22961,0.33652,1.89000,0.00000,0.00000,0.29188,0.61538,0.60000,0.00000,0.68261
79,0.0741,655360,2383,0.04780,3.35e-04,0.5006,318.1803,0.75000,677.54014,0.85714,0.72812,2371.16992,1.54401,-0.02198,-0.23262,0.10347,-0.02835,0.43689,0.71414,-0.03789,0.19333,-0.04616,-0.05748,0.03774,0.23547,0.33524,1.62000,0.00000,3.00000,0.29188,0.28571,0.22222,0.00000,0.67618
80,0.0750,663552,2391,0.04318,1.94e-04,0.5006,295.3050,0.75000,807.47965,0.84211,0.74913,2393.45018,1.59760,-0.02190,-0.23509,0.10779,-0.02928,0.44885,0.73466,-0.03705,0.20085,-0.04929,-0.05849,0.03886,0.24768,0.33970,2.01571,0.00000,2.00000,0.30182,0.52632,0.50000,0.00000,0.69849
81,0.0760,671744,2459,0.00911,2.33e-04,0.5007,265.2375,0.75000,795.79135,0.83333,0.75240,2339.98619,1.57626,-0.02213,-0.22992,0.10751,-0.02674,0.45094,0.73855,-0.03823,0.19320,-0.05055,-0.05830,0.03927,0.24023,0.34086,2.33385,0.50000,1.00000,0.30182,0.55556,0.50000,0.00000,0.70429
82,0.0770,679936,2321,0.01268,2.33e-04,0.5007,305.1419,0.75000,919.18664,0.70588,0.73416,2311.69584,1.49870,-0.02259,-0.22659,0.09955,-0.02737,0.43921,0.72180,-0.03834,0.18712,-0.04860,-0.05802,0.03654,0.23212,0.33753,2.39667,0.00000,0.00000,0.31780,0.58824,0.41667,0.00000,0.68766
83,0.0779,688128,2309,0.04148,1.35e-04,0.5007,286.2714,0.75000,713.32511,0.80000,0.72309,2250.56850,1.54189,-0.02222,-0.22123,0.10418,-0.02726,0.43242,0.71104,-0.03718,0.19210,-0.02860,-0.05817,0.03749,0.23621,0.33517,1.53333,0.50000,5.00000,0.31780,0.40000,0.36364,0.00000,0.67586
84,0.0789,696320,2442,0.07136,7.79e-05,0.5007,309.2588,0.75000,795.19825,0.83333,0.73551,2284.35018,1.54999,-0.02219,-0.22396,0.11056,-0.03081,0.43845,0.72308,-0.03686,0.19330,-0.04176,-0.05753,0.03790,0.23914,0.33706,1.63750,0.50000,2.00000,0.32812,0.50000,0.50000,0.00000,0.68530
85,0.0798,704512,2481,0.00252,1.94e-04,0.5007,264.6728,0.75000,753.49243,0.82759,0.74610,2204.06989,1.53865,-0.02180,-0.21644,0.11482,-0.03080,0.44258,0.73237,-0.03569,0.19374,-0.04538,-0.05653,0.03870,0.23828,0.34037,1.98000,0.00000,4.00000,0.34031,0.48276,0.45000,0.00000,0.70184
86,0.0807,712704,2440,0.00562,3.35e-04,0.5008,256.8136,0.75000,663.82633,0.93750,0.73653,2268.56999,1.51764,-0.02253,-0.22205,0.10525,-0.02322,0.44186,0.72222,-0.03772,0.19056,-0.04650,-0.05725,0.03755,0.23718,0.33969,1.69667,0.00000,1.00000,0.34031,0.31250,0.35714,0.00000,0.69843
87,0.0817,720896,2443,0.00543,5.79e-04,0.5008,275.9938,0.75000,895.71885,0.80000,0.71898,2351.46687,1.50540,-0.02222,-0.23055,0.09672,-0.02608,0.42929,0.70517,-0.03618,0.19016,-0.04729,-0.05805,0.03657,0.23364,0.33439,2.95143,0.00000,0.00000,0.35173,0.60000,0.62500,0.00000,0.67196
88,0.0826,729088,2352,0.00921,6.94e-04,0.5009,321.1359,0.75000,778.11429,0.88235,0.72957,2298.84157,1.55891,-0.02218,-0.22625,0.09450,-0.02762,0.43589,0.71600,-0.03701,0.19379,-0.03752,-0.05792,0.03799,0.23926,0.33771,2.46308,0.50000,2.00000,0.35173,0.52941,0.53846,0.00000,0.68856
89,0.0836,737280,2355,0.01089,1.00e-03,0.5011,316.8983,0.75000,730.09006,0.73333,0.75378,2290.13033,1.57949,-0.02222,-0.22480,0.09576,-0.02897,0.44888,0.74051,-0.03884,0.19982,-0.03957,-0.05772,0.03889,0.24683,0.34426,1.97000,0.00000,2.00000,0.36656,0.53333,0.44444,0.00000,0.72132
90,0.0846,745472,2389,0.00913,1.44e-03,0.5012,297.3191,0.75000,604.08025,0.92857,0.75786,2380.18146,1.59118,-0.02212,-0.23351,0.10452,-0.02965,0.45037,0.74485,-0.03663,0.19729,-0.05190,-0.05865,0.03767,0.24274,0.34401,2.42667,0.00000,2.00000,0.36656,0.35714,0.36364,0.00000,0.72003
91,0.0856,753664,2323,0.02108,1.00e-03,0.5012,277.4211,0.75000,872.74750,0.71429,0.76099,2348.79866,1.60320,-0.02223,-0.23075,0.10366,-0.02983,0.45389,0.74746,-0.03714,0.20222,-0.04944,-0.05969,0.03941,0.25104,0.34545,1.47333,0.00000,0.00000,0.36836,0.57143,0.40000,0.00000,0.72726
92,0.0865,761856,2304,0.06391,5.79e-04,0.5013,296.6644,0.75000,698.29049,1.00000,0.75572,2276.02366,1.57988,-0.02227,-0.22299,0.10684,-0.02788,0.44684,0.74195,-0.03842,0.19866,-0.04878,-0.05797,0.03883,0.24817,0.34335,2.15385,0.00000,1.00000,0.36836,0.57143,0.61538,0.00000,0.71675
93,0.0875,770048,2316,0.00710,6.94e-04,0.5013,258.3797,0.75000,831.39088,0.84615,0.73519,2292.61936,1.56954,-0.02255,-0.22486,0.11592,-0.02792,0.43899,0.72156,-0.03979,0.19251,-0.03935,-0.05727,0.03815,0.24091,0.33930,2.00800,0.00000,1.00000,0.37935,0.38462,0.30000,0.00000,0.69650
94,0.0885,778240,2293,0.00639,1.00e-03,0.5013,296.6072,0.75000,779.08135,0.76923,0.72974,2335.53292,1.58196,-0.02238,-0.22943,0.11229,-0.03013,0.43372,0.71642,-0.03866,0.19739,-0.03628,-0.05735,0.03980,0.24463,0.33709,1.46571,0.00000,2.00000,0.37935,0.46154,0.37500,0.00000,0.68544
95,0.0895,786432,2350,0.00704,1.44e-03,0.5014,292.9458,0.75000,751.47012,0.73333,0.75653,2365.29423,1.61402,-0.02193,-0.23191,0.10113,-0.02848,0.45117,0.74209,-0.03840,0.20512,-0.04379,-0.05788,0.04080,0.25464,0.34296,1.73400,0.00000,1.00000,0.36364,0.33333,0.10000,0.00000,0.71482
96,0.0905,794624,2329,0.00810,2.07e-03,0.5015,275.1578,0.75000,778.12866,0.68750,0.77049,2387.33936,1.63348,-0.02185,-0.23440,0.10611,-0.03228,0.45737,0.75601,-0.03747,0.20549,-0.03532,-0.05773,0.03941,0.25494,0.34636,2.65250,0.00000,2.00000,0.36364,0.50000,0.33333,0.00000,0.73178
97,0.0915,802816,2228,0.00622,2.99e-03,0.5015,301.3951,0.75000,840.37552,0.82609,0.76216,2288.47718,1.60297,-0.02224,-0.22475,0.10692,-0.03085,0.45327,0.74804,-0.03768,0.20376,-0.04007,-0.05748,0.04042,0.25354,0.34630,2.31444,0.00000,1.00000,0.36802,0.52174,0.44444,0.00000,0.73150
98,0.0925,811008,2287,0.00972,4.30e-03,0.5016,262.8473,0.75000,793.49407,0.85714,0.74129,2262.60690,1.53460,-0.02255,-0.22184,0.10258,-0.02431,0.43906,0.72726,-0.03806,0.19280,-0.04103,-0.05755,0.03843,0.23999,0.34039,2.70600,0.00000,1.00000,0.36802,0.50000,0.45455,0.00000,0.70195
99,0.0935,819200,2259,0.05171,2.49e-03,0.5016,366.5661,0.75000,708.20137,0.78947,0.73013,2274.53806,1.54551,-0.02247,-0.22335,0.09877,-0.03052,0.43433,0.71659,-0.03797,0.19359,-0.03143,-0.05736,0.03921,0.24158,0.33815,1.62000,0.50000,5.00000,0.38360,0.52632,0.60000,0.00000,0.69075
100,0.0945,827392,2307,0.03129,1.73e-03,0.5016,414.5555,0.75000,908.54675,0.80952,0.73929,2273.82052,1.57259,-0.02221,-0.22352,0.09974,-0.02974,0.44166,0.72616,-0.03685,0.19576,-0.02754,-0.05807,0.03852,0.24219,0.34134,1.48133,0.50000,2.00000,0.38360,0.42857,0.40000,0.00000,0.70670
101,0.0955,835584,2441,0.01609,1.44e-03,0.5016,401.8500,0.75000,715.38105,0.86364,0.75330,2244.75124,1.53716,-0.02231,-0.21995,0.10210,-0.03166,0.44892,0.73895,-0.03676,0.19843,-0.05090,-0.05798,0.03874,0.24609,0.34517,2.66000,0.50000,3.00000,0.39362,0.50000,0.56250,0.00000,0.72587
102,0.0964,843776,2322,0.00232,2.99e-03,0.5017,330.0903,0.75000,766.31431,0.76923,0.73667,2252.30632,1.55095,-0.02292,-0.22131,0.10905,-0.02971,0.43733,0.72296,-0.03642,0.19655,-0.04423,-0.05822,0.03802,0.24530,0.34209,2.14000,0.00000,1.00000,0.39362,0.61538,0.55556,0.00000,0.71045
103,0.0973,851968,2512,0.01001,4.30e-03,0.5017,382.4332,0.75000,896.46624,0.75000,0.74036,2387.22842,1.63513,-0.02273,-0.23425,0.10923,-0.02893,0.44055,0.72597,-0.03676,0.20570,-0.04044,-0.05799,0.04086,0.25922,0.34223,2.22500,0.00000,1.00000,0.41897,0.75000,0.75000,0.00000,0.71114
104,0.0982,860160,2539,0.02278,2.49e-03,0.5018,371.4178,0.75000,705.73470,0.85714,0.77981,2369.97370,1.70714,-0.02237,-0.23262,0.12319,-0.02953,0.45997,0.76394,-0.03731,0.21268,-0.03799,-0.05781,0.04310,0.26947,0.34809,1.92933,0.50000,2.00000,0.40832,0.33333,0.31250,0.00000,0.74045
105,0.0992,868352,2499,0.01678,2.07e-03,0.5019,436.5267,0.75000,913.16315,0.60000,0.78078,2386.88710,1.68616,-0.02246,-0.23400,0.12882,-0.03074,0.46197,0.76481,-0.03641,0.21492,-0.04901,-0.05866,0.04313,0.27216,0.34913,1.97600,0.00000,1.00000,0.40832,0.60000,0.60000,0.00000,0.74564
106,0.1001,876544,2473,0.00795,2.99e-03,0.5020,311.6185,0.75000,852.96154,0.61111,0.76899,2365.38722,1.68103,-0.02263,-0.23175,0.13080,-0.03135,0.45475,0.75423,-0.03534,0.21197,-0.04767,-0.05813,0.04267,0.26733,0.34644,1.97750,0.50000,2.00000,0.40832,0.50000,0.33333,0.00000,0.73219
107,0.1010,884736,2437,0.01532,2.49e-03,0.5020,348.2291,0.75000,842.77635,0.80000,0.77219,2309.60151,1.67881,-0.02284,-0.22653,0.12918,-0.03268,0.45724,0.75810,-0.03570,0.21187,-0.04132,-0.05740,0.04358,0.26801,0.34833,2.46333,0.00000,0.00000,0.41364,0.53333,0.50000,0.00000,0.74167
108,0.1020,892928,2444,0.01086,2.49e-03,0.5021,338.1713,0.75000,735.26218,0.87500,0.77776,2283.98903,1.72917,-0.02243,-0.22473,0.12194,-0.03709,0.46022,0.76243,-0.03512,0.22754,-0.03624,-0.05765,0.04640,0.28571,0.34910,2.27800,0.00000,2.00000,0.41364,0.68750,0.75000,0.00000,0.74549
109,0.1029,901120,2451,0.02834,2.07e-03,0.5022,298.3107,0.75000,975.44341,0.58333,0.76976,2277.63034,1.73806,-0.02276,-0.22463,0.12740,-0.03202,0.45625,0.75319,-0.03538,0.22627,-0.02831,-0.05762,0.04416,0.28290,0.34874,2.06667,0.00000,0.00000,0.44596,0.75000,0.71429,0.00000,0.74371
110,0.1038,909312,2416,0.07621,1.20e-03,0.5022,296.2207,0.75000,732.65863,1.00000,0.76883,2276.06175,1.72853,-0.02263,-0.22392,0.12990,-0.03215,0.45517,0.75258,-0.03662,0.22693,-0.04562,-0.05703,0.04576,0.28632,0.34895,1.45067,0.50000,3.00000,0.44596,0.43750,0.53846,0.00000,0.74475
111,0.1048,917504,2448,0.00728,1.73e-03,0.5023,298.7962,0.75000,754.27491,0.93333,0.77890,2308.16086,1.76837,-0.02217,-0.22699,0.13382,-0.03347,0.46086,0.76251,-0.03527,0.23056,-0.02886,-0.05672,0.04444,0.28802,0.35009,1.81167,0.50000,2.00000,0.44937,0.40000,0.41667,0.00000,0.75044
112,0.1057,925696,2421,0.01274,1.73e-03,0.5024,366.3254,0.75000,921.49831,0.84211,0.79127,2309.01658,1.74593,-0.02223,-0.22676,0.13051,-0.03470,0.46774,0.77510,-0.03459,0.22333,-0.04137,-0.05632,0.04554,0.28241,0.35102,1.82133,0.00000,0.00000,0.47318,0.73684,0.68750,0.00000,0.75509
113,0.1067,933888,2392,0.00948,2.07e-03,0.5024,285.6149,0.75000,721.73153,0.94118,0.78925,2301.42417,1.69460,-0.02256,-0.22588,0.10937,-0.03147,0.46626,0.77254,-0.03396,0.22259,-0.03831,-0.05718,0.04507,0.28033,0.35086,1.51429,0.00000,1.00000,0.47318,0.64706,0.66667,0.00000,0.75431
114,0.1076,942080,2408,0.00783,2.49e-03,0.5025,294.3937,0.75000,845.73032,0.70588,0.75753,2268.45219,1.62432,-0.02260,-0.22255,0.10267,-0.03167,0.44731,0.74201,-0.03670,0.21144,-0.03023,-0.05737,0.04155,0.26440,0.34549,2.31778,0.00000,3.00000,0.48003,0.47059,0.33333,0.00000,0.72744
115,0.1086,950272,2419,0.00703,3.58e-03,0.5025,332.4441,0.75000,808.60973,0.75000,0.76670,2283.61467,1.63161,-0.02243,-0.22374,0.10415,-0.03167,0.45270,0.75337,-0.03623,0.21130,-0.04358,-0.05759,0.04226,0.26147,0.34662,2.19250,0.00000,3.00000,0.48003,0.56250,0.55556,0.00000,0.73310
116,0.1095,958464,2430,0.00742,5.16e-03,0.5026,411.6856,0.75000,890.47302,0.77778,0.77894,2300.07788,1.60082,-0.02210,-0.22563,0.10161,-0.02927,0.45992,0.76368,-0.03516,0.20533,-0.04499,-0.05853,0.03881,0.25446,0.34872,1.91444,0.50000,4.00000,0.48587,0.51852,0.52941,0.00000,0.74358
117,0.1104,966656,2430,0.01177,5.16e-03,0.5026,389.9706,0.75000,894.27385,0.72222,0.77545,2280.47452,1.61213,-0.02233,-0.22322,0.10799,-0.03281,0.45809,0.76030,-0.03455,0.20799,-0.04132,-0.05765,0.04088,0.25873,0.34822,1.73833,0.00000,1.00000,0.48587,0.61111,0.58333,0.00000,0.74110
118,0.1113,974848,2560,0.00624,7.43e-03,0.5027,455.9787,0.75000,914.21815,0.60000,0.76709,2312.48054,1.61714,-0.02241,-0.22686,0.10226,-0.03190,0.44858,0.75221,-0.03582,0.20387,-0.03947,-0.05663,0.04134,0.25806,0.34518,1.24500,0.00000,1.00000,0.48434,0.40000,0.20000,0.00000,0.72592
119,0.1122,983040,2674,0.01884,6.94e-03,0.5027,449.6304,0.75000,896.21410,0.71429,0.76813,2383.50191,1.67832,-0.02206,-0.23373,0.10873,-0.03030,0.45513,0.75357,-0.03477,0.20843,-0.03717,-0.05787,0.04140,0.26270,0.34666,3.09000,0.00000,1.00000,0.48434,0.64286,0.55556,0.00000,0.73330
120,0.1130,991232,2678,0.00868,1.00e-02,0.5028,597.0298,0.75000,829.58875,0.77778,0.77945,2347.95947,1.70576,-0.02267,-0.23049,0.12234,-0.03585,0.46311,0.76398,-0.03407,0.21689,-0.03884,-0.05723,0.04429,0.27356,0.34978,1.85846,0.50000,2.00000,0.48829,0.44444,0.50000,0.00000,0.74890
121,0.1139,999424,2595,0.01850,5.79e-03,0.5028,504.8334,0.75000,879.05471,0.69231,0.77786,2381.75550,1.75750,-0.02239,-0.23335,0.13463,-0.03571,0.46103,0.76231,-0.03395,0.22283,-0.03826,-0.05759,0.04600,0.28107,0.34944,1.94571,0.00000,2.00000,0.48829,0.53846,0.57143,0.00000,0.74721
122,0.1147,1007616,2730,0.07636,3.35e-03,0.5028,598.2183,0.75000,800.43087,0.86364,0.79281,2359.34614,1.78293,-0.02199,-0.23135,0.14313,-0.03132,0.47141,0.77533,-0.03362,0.22855,-0.03866,-0.05751,0.04540,0.28668,0.35476,1.55059,0.00000,1.00000,0.49546,0.59091,0.55556,0.00000,0.77378
123,0.1156,1015808,2707,0.00526,4.82e-03,0.5028,363.3555,0.75000,783.25176,0.85714,0.79346,2346.20041,1.79566,-0.02175,-0.22990,0.13652,-0.03757,0.46872,0.77714,-0.03247,0.23374,-0.02863,-0.05663,0.04704,0.29498,0.35294,2.63636,0.00000,1.00000,0.49546,0.57143,0.54545,0.00000,0.76469
124,0.1164,1024000,2781,0.00924,6.94e-03,0.5029,358.5998,0.75000,851.03659,0.84615,0.79040,2372.11038,1.77133,-0.02216,-0.23256,0.12832,-0.03711,0.46493,0.77380,-0.03325,0.23151,-0.03288,-0.05706,0.04757,0.29443,0.35121,1.61500,0.00000,1.00000,0.50782,0.69231,0.70000,0.00000,0.75605
125,0.1172,1032192,2808,0.00920,1.00e-02,0.5029,324.9892,0.75000,906.68329,0.66667,0.77483,2265.41248,1.74683,-0.02267,-0.22270,0.12397,-0.03086,0.45838,0.75825,-0.03478,0.22733,-0.03707,-0.05574,0.04846,0.28998,0.34965,1.90286,0.00000,1.00000,0.50782,0.75000,0.71429,0.00000,0.74825
126,0.1181,1040384,2631,0.00569,1.00e-02,0.5029,470.0352,0.75000,875.63931,0.71429,0.78040,2332.67498,1.76825,-0.02252,-0.22907,0.13422,-0.03221,0.46050,0.76461,-0.03414,0.22830,-0.04643,-0.05655,0.04736,0.29089,0.35014,2.31429,0.00000,2.00000,0.50782,0.64286,0.75000,0.00000,0.75069
127,0.1190,1048576,2656,0.02515,5.79e-03,0.5029,346.1113,0.75000,876.54115,0.73684,0.79906,2336.62641,1.81517,-0.02229,-0.22945,0.14152,-0.03196,0.46959,0.78244,-0.03461,0.23151,-0.03781,-0.05733,0.05047,0.29852,0.35290,1.68727,0.50000,2.00000,0.53111,0.73684,0.75000,0.00000,0.76448
128,0.1198,1056768,2689,0.01733,4.82e-03,0.5029,299.0796,0.75000,864.70554,0.78947,0.80258,2289.32456,1.78392,-0.02197,-0.22439,0.14030,-0.03277,0.47072,0.78566,-0.03430,0.22760,-0.03584,-0.05637,0.04863,0.29028,0.35244,2.20429,0.00000,1.00000,0.53111,0.73684,0.78571,0.00000,0.76219
129,0.1207,1064960,2656,0.01127,5.79e-03,0.5030,293.0787,0.75000,928.68745,0.93750,0.78964,2288.25299,1.75581,-0.02217,-0.22448,0.14816,-0.02992,0.46178,0.77271,-0.03234,0.22098,-0.04328,-0.05625,0.04514,0.28088,0.34886,1.87467,0.00000,0.00000,0.55731,0.81250,0.80000,0.00000,0.74428
130,0.1215,1073152,2739,0.00746,8.33e-03,0.5030,268.8269,0.75000,743.78679,0.77778,0.79068,2321.56374,1.76818,-0.02212,-0.22797,0.14369,-0.03277,0.46312,0.77364,-0.03236,0.22128,-0.03358,-0.05673,0.04720,0.28345,0.34959,1.57111,0.00000,5.00000,0.55731,0.55556,0.77778,0.00000,0.74797
131,0.1223,1081344,2779,0.00688,1.00e-02,0.5031,277.8624,0.75000,800.71960,0.80952,0.80839,2325.67068,1.83437,-0.02233,-0.22867,0.14949,-0.03375,0.47453,0.79085,-0.03233,0.22983,-0.02789,-0.05605,0.04842,0.29468,0.35414,2.65231,0.00000,3.00000,0.57115,0.61905,0.64286,0.00000,0.77072
132,0.1232,1089536,2604,0.00836,1.00e-02,0.5031,302.8006,0.75000,854.32413,0.81818,0.81661,2254.46567,1.77661,-0.02210,-0.22159,0.14142,-0.03203,0.48331,0.79959,-0.03267,0.22470,-0.03608,-0.05699,0.04656,0.28809,0.35853,2.19867,0.50000,3.00000,0.57115,0.68182,0.73333,0.00000,0.79263
133,0.1241,1097728,2522,0.01676,6.94e-03,0.5031,271.6233,0.75000,991.05259,0.62500,0.80381,2245.79460,1.79676,-0.02204,-0.22103,0.13745,-0.03338,0.46993,0.78685,-0.03185,0.23220,-0.03599,-0.05639,0.04987,0.29712,0.35231,2.31556,0.00000,1.00000,0.58070,0.62500,0.55556,0.00000,0.76156
134,0.1250,1105920,2664,0.01118,8.33e-03,0.5032,301.1790,0.75000,1038.92834,0.60000,0.79766,2277.14625,1.81510,-0.02222,-0.22356,0.14461,-0.03379,0.46449,0.78096,-0.03229,0.23160,-0.03475,-0.05581,0.05144,0.29919,0.35032,1.77000,0.00000,0.00000,0.58070,0.70000,0.50000,0.00000,0.75162
135,0.1258,1114112,2614,0.01882,5.79e-03,0.5032,329.8517,0.75000,924.66673,0.75000,0.78536,2287.99927,1.80198,-0.02236,-0.22465,0.14826,-0.03341,0.45797,0.76792,-0.03226,0.23040,-0.03727,-0.05568,0.04859,0.29822,0.34850,1.76545,0.50000,2.00000,0.59763,0.81250,0.90000,0.00000,0.74249
136,0.1267,1122304,2708,0.00895,6.94e-03,0.5032,307.9785,0.75000,828.25738,0.73333,0.79335,2267.12063,1.78608,-0.02214,-0.22229,0.15073,-0.03121,0.46524,0.77678,-0.03241,0.22511,-0.03585,-0.05529,0.04890,0.29028,0.35114,2.49818,0.50000,2.00000,0.59763,0.53333,0.44444,0.00000,0.75570
137,0.1275,1130496,2669,0.01759,5.79e-03,0.5033,277.8783,0.75000,824.74870,0.83333,0.80537,2273.48512,1.87566,-0.02225,-0.22313,0.15800,-0.03427,0.47211,0.78809,-0.03137,0.23925,-0.03006,-0.05542,0.05152,0.30823,0.35423,2.00143,0.50000,2.00000,0.59241,0.61111,0.61538,0.00000,0.77115
138,0.1284,1138688,2774,0.02445,3.35e-03,0.5033,261.2223,0.75000,975.47174,0.70588,0.80116,2281.67701,1.78791,-0.02279,-0.22412,0.14165,-0.03219,0.47297,0.78388,-0.03493,0.22556,-0.02672,-0.05644,0.04981,0.29175,0.35435,2.47818,0.00000,0.00000,0.59241,0.76471,0.66667,0.00000,0.77177
139,0.1292,1146880,2723,0.00887,4.82e-03,0.5034,254.9423,0.74600,860.30231,0.85714,0.79116,2276.65421,1.79144,-0.02300,-0.22397,0.14188,-0.03174,0.46507,0.77385,-0.03508,0.22691,-0.02612,-0.05531,0.04860,0.29364,0.35297,2.30400,0.00000,1.00000,0.60273,0.71429,0.72727,0.00000,0.76486
140,0.1301,1155072,2697,0.01019,5.79e-03,0.5035,257.5585,0.74600,901.55136,0.92308,0.79341,2346.79085,1.80354,-0.02288,-0.22978,0.14306,-0.03060,0.46557,0.77523,-0.03383,0.22576,-0.02555,-0.05585,0.04742,0.29297,0.35211,2.03636,0.00000,1.00000,0.60273,0.76923,0.81818,0.00000,0.76057
141,0.1309,1163264,2676,0.01942,4.02e-03,0.5036,265.0482,0.74200,847.86212,0.73333,0.80626,2344.19692,1.84059,-0.02282,-0.22979,0.13665,-0.03366,0.47234,0.78676,-0.03379,0.23212,-0.02724,-0.05501,0.05131,0.30310,0.35451,1.56667,0.50000,3.00000,0.62141,0.66667,0.75000,0.00000,0.77255
142,0.1317,1171456,2711,0.01055,4.82e-03,0.5037,219.0974,0.74200,1072.91241,0.66667,0.81011,2406.54920,1.83687,-0.02255,-0.23512,0.15134,-0.03500,0.47535,0.79152,-0.03326,0.23298,-0.03720,-0.05588,0.05041,0.30328,0.35497,2.00750,0.00000,0.00000,0.62141,0.91667,0.87500,0.00000,0.77485
143,0.1326,1179648,2731,0.01259,4.82e-03,0.5037,263.1488,0.73800,865.52438,0.78947,0.80628,2334.98727,1.84751,-0.02264,-0.22964,0.15839,-0.03279,0.47479,0.78851,-0.03215,0.23453,-0.03232,-0.05554,0.05081,0.30481,0.35416,1.86769,0.00000,2.00000,0.63546,0.68421,0.69231,0.00000,0.77081
144,0.1334,1187840,2669,0.00916,5.79e-03,0.5038,261.6982,0.73800,1008.24822,0.68182,0.80344,2284.27501,1.84150,-0.02269,-0.22425,0.16133,-0.03255,0.47158,0.78507,-0.03121,0.23794,-0.02673,-0.05513,0.05060,0.30951,0.35374,1.50400,0.50000,1.00000,0.63546,0.81818,0.78571,0.00000,0.76870
145,0.1343,1196032,2531,0.05014,4.02e-03,0.5038,470.1441,0.73400,919.31639,0.61538,0.78118,2258.96353,1.80368,-0.02295,-0.22198,0.16366,-0.03224,0.45902,0.76332,-0.03297,0.22757,-0.02772,-0.05533,0.05084,0.29706,0.35049,2.03667,0.00000,2.00000,0.64691,0.69231,0.66667,0.00000,0.75246
146,0.1353,1204224,2462,0.00412,6.94e-03,0.5038,226.4856,0.73400,845.60007,0.72222,0.77792,2235.37739,1.79383,-0.02289,-0.21925,0.15806,-0.03406,0.46026,0.76099,-0.03324,0.22884,-0.02816,-0.05474,0.04983,0.29865,0.35163,1.99556,0.00000,4.00000,0.64691,0.72222,0.88889,0.00000,0.75813
147,0.1362,1212416,2533,0.05086,4.82e-03,0.5038,244.9268,0.73000,836.90736,0.76923,0.77533,2220.20988,1.75042,-0.02310,-0.21813,0.15562,-0.03427,0.46097,0.75844,-0.03381,0.22019,-0.02161,-0.05507,0.04858,0.28821,0.35128,1.83467,0.00000,3.00000,0.65530,0.65385,0.64706,0.00000,0.75642
148,0.1371,1220608,2451,0.01494,4.02e-03,0.5039,387.2400,0.73000,987.50725,0.61111,0.76322,2140.47632,1.68903,-0.02311,-0.21007,0.14564,-0.03104,0.45122,0.74702,-0.03388,0.21248,-0.02817,-0.05442,0.04672,0.27637,0.34685,2.06250,0.00000,2.00000,0.65530,0.72222,0.88889,0.00000,0.73425
149,0.1381,1228800,2371,0.02422,3.35e-03,0.5039,226.6078,0.72600,907.50473,0.92308,0.73837,2206.85420,1.62922,-0.02332,-0.21672,0.14132,-0.03085,0.43438,0.72334,-0.03317,0.20245,-0.03374,-0.05431,0.04211,0.26349,0.34092,2.14909,0.00000,1.00000,0.67977,0.84615,0.90909,0.00000,0.70461
150,0.1390,1236992,2372,0.11904,1.94e-03,0.5039,331.0052,0.72600,1030.12572,0.66667,0.72750,2208.71877,1.64371,-0.02356,-0.21646,0.14794,-0.03421,0.42813,0.71266,-0.03501,0.20347,-0.03827,-0.05517,0.04467,0.26575,0.34049,1.54286,0.00000,1.00000,0.67977,0.83333,0.85714,0.00000,0.70245
151,0.1400,1245184,2392,0.02184,1.35e-03,0.5039,290.3599,0.72200,931.45992,0.81818,0.72960,2229.58391,1.60111,-0.02362,-0.21900,0.13120,-0.03175,0.43031,0.71445,-0.03553,0.19510,-0.03121,-0.05527,0.04218,0.25348,0.34193,2.22235,0.50000,2.00000,0.69440,0.72727,0.81250,0.00000,0.70964
152,0.1409,1253376,2455,0.00584,1.94e-03,0.5040,284.5412,0.72200,874.16694,0.81818,0.74294,2299.09673,1.61764,-0.02358,-0.22511,0.13186,-0.03215,0.43902,0.72844,-0.03675,0.20077,-0.04475,-0.05561,0.04280,0.26263,0.34422,2.12000,0.00000,1.00000,0.69440,0.63636,0.62500,0.00000,0.72108
153,0.1419,1261568,2416,0.02031,1.35e-03,0.5040,262.7708,0.71800,806.72499,0.83333,0.75107,2226.39510,1.63597,-0.02408,-0.21847,0.13540,-0.03344,0.44693,0.73728,-0.03916,0.19880,-0.03830,-0.05504,0.04334,0.26123,0.34688,1.83000,0.50000,2.00000,0.67734,0.50000,0.46154,0.00000,0.73442
154,0.1428,1269760,2352,0.00640,1.94e-03,0.5040,278.8033,0.71800,776.43450,0.92857,0.74749,2195.71339,1.61286,-0.02421,-0.21567,0.12665,-0.03220,0.44306,0.73367,-0.04103,0.19719,-0.03747,-0.05545,0.04190,0.25922,0.34646,2.02500,0.00000,0.00000,0.67734,0.57143,0.61538,0.00000,0.73232
155,0.1438,1277952,2365,0.00874,2.33e-03,0.5041,253.1846,0.71400,725.05882,0.73333,0.74233,2236.61962,1.64585,-0.02404,-0.21928,0.13275,-0.02919,0.44153,0.72876,-0.03899,0.19970,-0.03431,-0.05498,0.04432,0.26239,0.34476,1.85143,0.00000,2.00000,0.66415,0.40000,0.44444,0.00000,0.72379
156,0.1448,1286144,2381,0.00784,3.35e-03,0.5041,327.3982,0.71400,1069.85940,0.50000,0.75103,2275.19144,1.67234,-0.02353,-0.22337,0.14207,-0.03515,0.44253,0.73643,-0.03682,0.20259,-0.02962,-0.05562,0.04291,0.26392,0.34435,1.48000,0.00000,0.00000,0.66415,0.83333,0.66667,0.00000,0.72176
157,0.1457,1294336,2424,0.01572,2.79e-03,0.5041,222.5426,0.71400,797.11954,0.73333,0.75460,2321.72635,1.72339,-0.02308,-0.22771,0.15369,-0.03692,0.44810,0.74073,-0.03490,0.20772,-0.02958,-0.05554,0.04506,0.27301,0.34658,2.05333,0.00000,3.00000,0.66415,0.60000,0.75000,0.00000,0.73288
158,0.1467,1302528,2419,0.00662,4.02e-03,0.5042,286.7848,0.71000,817.67595,0.77778,0.76856,2352.26868,1.72249,-0.02323,-0.23035,0.14526,-0.03264,0.45576,0.75334,-0.03599,0.20909,-0.03938,-0.05608,0.04637,0.27502,0.35015,1.98364,0.00000,2.00000,0.65928,0.55556,0.50000,0.00000,0.75076
159,0.1476,1310720,2435,0.00898,5.79e-03,0.5042,243.9419,0.71000,947.84407,0.72222,0.76668,2312.27654,1.70248,-0.02368,-0.22685,0.13711,-0.03483,0.45609,0.75134,-0.03741,0.20946,-0.02949,-0.05605,0.04616,0.27460,0.35127,2.38000,0.00000,1.00000,0.65928,0.72222,0.66667,0.00000,0.75637
160,0.1485,1318912,2393,0.01772,4.82e-03,0.5043,374.9840,0.70600,940.79122,0.72222,0.74087,2314.46888,1.61241,-0.02380,-0.22732,0.13205,-0.03452,0.44324,0.72816,-0.03689,0.19850,-0.03748,-0.05729,0.04421,0.26166,0.34624,1.74182,0.00000,0.00000,0.64535,0.55556,0.38462,0.00000,0.73121
161,0.1495,1327104,2405,0.01930,3.35e-03,0.5043,339.9395,0.70600,558.27602,0.94118,0.72797,2382.31670,1.57791,-0.02392,-0.23291,0.13162,-0.03486,0.43645,0.71644,-0.03795,0.19082,-0.04408,-0.05677,0.04295,0.25250,0.34454,1.90833,0.50000,5.00000,0.64535,0.35294,0.45455,0.00000,0.72270
162,0.1505,1335296,2330,0.01274,3.35e-03,0.5043,285.6263,0.70200,808.22043,0.92857,0.73694,2259.89482,1.60812,-0.02412,-0.22147,0.13123,-0.03280,0.44299,0.72386,-0.03970,0.19069,-0.02899,-0.05507,0.04496,0.25690,0.34767,1.72182,0.00000,1.00000,0.64168,0.71429,0.75000,0.00000,0.73837
163,0.1514,1343488,2348,0.01335,3.35e-03,0.5044,249.4590,0.69800,796.07615,0.82143,0.74197,2241.30786,1.61323,-0.02391,-0.22033,0.13822,-0.03139,0.44486,0.72840,-0.03807,0.19514,-0.02513,-0.05552,0.04458,0.25793,0.34850,1.67400,0.50000,5.00000,0.62751,0.50000,0.50000,0.00000,0.74248
164,0.1524,1351680,2375,0.02344,2.79e-03,0.5044,235.2602,0.69800,808.80602,0.83333,0.71810,2142.26711,1.54088,-0.02441,-0.21064,0.14148,-0.02973,0.43141,0.70553,-0.03803,0.18474,-0.03490,-0.05532,0.04096,0.24524,0.34315,2.48833,0.00000,1.00000,0.62751,0.66667,0.64286,0.00000,0.71576
165,0.1533,1359872,2418,0.01364,2.79e-03,0.5045,221.3543,0.69400,841.42924,0.66667,0.68260,2165.80533,1.50558,-0.02447,-0.21281,0.13836,-0.02932,0.40768,0.67081,-0.03748,0.17617,-0.03455,-0.05530,0.04002,0.23596,0.33365,2.91200,0.00000,0.00000,0.62476,0.55556,0.50000,0.00000,0.66826
166,0.1543,1368064,2506,0.04967,1.62e-03,0.5046,220.1576,0.69400,839.00714,0.86667,0.67047,2117.64947,1.46353,-0.02472,-0.20793,0.13187,-0.02762,0.40086,0.65833,-0.04032,0.16642,-0.02271,-0.05457,0.03834,0.22540,0.33369,2.60667,0.00000,1.00000,0.62476,0.60000,0.66667,0.00000,0.66847
167,0.1551,1376256,2638,0.02400,1.12e-03,0.5046,274.3385,0.69000,800.56598,0.77778,0.67561,2168.56130,1.43490,-0.02456,-0.21282,0.12703,-0.02761,0.40297,0.66471,-0.04229,0.16555,-0.03093,-0.05469,0.03924,0.22253,0.33454,1.96182,0.00000,2.00000,0.62062,0.50000,0.50000,0.00000,0.67268
168,0.1560,1384448,2514,0.01767,7.79e-04,0.5047,235.4270,0.69000,601.78773,0.84615,0.67797,2205.74058,1.46289,-0.02482,-0.21698,0.12014,-0.02795,0.40643,0.66679,-0.04249,0.16656,-0.02969,-0.05498,0.04012,0.22449,0.33482,1.87714,0.00000,3.00000,0.62062,0.38462,0.50000,0.00000,0.67409
169,0.1569,1392640,2518,0.01791,5.41e-04,0.5047,275.6213,0.68600,866.79281,0.81818,0.69496,2239.63569,1.47078,-0.02423,-0.22028,0.12009,-0.02730,0.41659,0.68324,-0.04152,0.16933,-0.02681,-0.05584,0.03929,0.22443,0.33687,1.72000,0.00000,0.00000,0.61240,0.63636,0.55556,0.00000,0.68435
170,0.1579,1400832,2355,0.00421,9.35e-04,0.5047,258.2852,0.68600,776.02977,0.80000,0.68323,2251.29039,1.46906,-0.02486,-0.22091,0.12239,-0.03060,0.40747,0.67302,-0.04228,0.17086,-0.02616,-0.05607,0.03917,0.22687,0.33447,1.79000,0.00000,1.00000,0.61240,0.33333,0.18182,0.00000,0.67233
171,0.1589,1409024,2341,0.01484,7.79e-04,0.5048,288.3204,0.68600,880.26849,0.69231,0.67059,2300.75035,1.44044,-0.02491,-0.22498,0.12107,-0.02699,0.39884,0.66022,-0.04132,0.16728,-0.04163,-0.05569,0.03892,0.22528,0.33249,1.56667,0.00000,1.00000,0.58801,0.69231,0.62500,0.00000,0.66247
172,0.1598,1417216,2378,0.00751,1.12e-03,0.5048,282.8680,0.68600,755.94042,0.83333,0.66348,2312.30772,1.39716,-0.02486,-0.22706,0.11519,-0.02716,0.39482,0.65365,-0.04502,0.15755,-0.03835,-0.05577,0.03576,0.21069,0.33167,1.58889,0.50000,2.00000,0.58801,0.41667,0.37500,0.00000,0.65837
173,0.1607,1425408,2551,0.00911,1.35e-03,0.5049,282.4657,0.68600,751.08743,0.75000,0.67323,2347.58421,1.43349,-0.02429,-0.22965,0.12044,-0.02924,0.40172,0.66235,-0.04297,0.16461,-0.04103,-0.05580,0.03520,0.21832,0.33261,2.52857,0.00000,1.00000,0.56671,0.50000,0.37500,0.00000,0.66303
174,0.1616,1433600,2587,0.01094,1.94e-03,0.5050,301.3611,0.68600,698.89768,0.85000,0.67847,2346.37002,1.41311,-0.02449,-0.22984,0.11917,-0.02700,0.40527,0.66748,-0.04375,0.16170,-0.04377,-0.05563,0.03569,0.21680,0.33287,1.82286,0.00000,2.00000,0.56671,0.30000,0.20000,0.00000,0.66434
175,0.1625,1441792,2510,0.01248,1.94e-03,0.5051,247.3635,0.68600,825.97130,0.69565,0.67509,2266.83294,1.39578,-0.02471,-0.22214,0.11883,-0.02693,0.40222,0.66419,-0.04643,0.16143,-0.04626,-0.05597,0.03652,0.21680,0.33215,2.44533,0.50000,1.00000,0.53337,0.47826,0.26667,0.00000,0.66073
176,0.1634,1449984,2597,0.00974,2.79e-03,0.5052,213.4831,0.68600,896.62785,0.69231,0.66571,2243.04720,1.37771,-0.02469,-0.22065,0.11802,-0.02901,0.39535,0.65601,-0.04382,0.15890,-0.03527,-0.05573,0.03592,0.21252,0.32959,2.44000,0.00000,0.00000,0.53337,0.53846,0.33333,0.00000,0.64793
177,0.1643,1458176,2634,0.01484,2.33e-03,0.5053,247.8080,0.68600,346.51424,1.00000,0.65489,2167.08850,1.39193,-0.02486,-0.21258,0.12819,-0.02650,0.39236,0.64538,-0.04445,0.15586,-0.02740,-0.05451,0.03617,0.20990,0.33006,2.50286,0.00000,6.00000,0.50860,0.16667,0.25000,0.00000,0.65032
178,0.1652,1466368,2561,0.00872,3.35e-03,0.5054,266.3389,0.68600,503.11337,0.85000,0.65566,2213.68056,1.42425,-0.02457,-0.21738,0.14049,-0.02706,0.39504,0.64552,-0.04147,0.16198,-0.02727,-0.05468,0.03609,0.21539,0.33087,1.73333,0.50000,2.00000,0.50860,0.25000,0.13333,0.00000,0.65434
179,0.1660,1474560,2681,0.01970,2.79e-03,0.5055,273.5089,0.68600,671.91227,0.95455,0.67148,2204.96998,1.36576,-0.02445,-0.21655,0.12422,-0.02518,0.40437,0.66139,-0.04084,0.15141,-0.02824,-0.05517,0.03402,0.20215,0.33439,1.73500,0.00000,3.00000,0.49108,0.45455,0.50000,0.00000,0.67196
180,0.1669,1482752,2630,0.02323,1.94e-03,0.5055,256.8743,0.68600,700.02563,0.78571,0.65253,2255.60708,1.36815,-0.02508,-0.22080,0.12016,-0.02334,0.39055,0.64146,-0.04353,0.15592,-0.03028,-0.05559,0.03583,0.20697,0.32923,1.54857,0.00000,1.00000,0.49108,0.28571,0.10000,0.00000,0.64613
181,0.1678,1490944,2583,0.01037,2.79e-03,0.5056,223.9957,0.68600,663.51163,0.90909,0.62844,2308.10894,1.35960,-0.02542,-0.22652,0.11072,-0.02503,0.37891,0.61830,-0.04514,0.15628,-0.02822,-0.05528,0.03717,0.20917,0.32572,1.96750,0.00000,0.00000,0.46697,0.45455,0.40000,0.00000,0.62861
182,0.1687,1499136,2565,0.01436,2.33e-03,0.5056,225.8975,0.68600,879.29381,0.66667,0.64944,2237.98154,1.40143,-0.02544,-0.21958,0.10877,-0.02657,0.39021,0.63895,-0.04566,0.16257,-0.02363,-0.05470,0.03933,0.22168,0.33070,1.75800,0.50000,3.00000,0.46697,0.50000,0.33333,0.00000,0.65349
183,0.1696,1507328,2523,0.04480,1.62e-03,0.5057,324.5089,0.68600,438.16652,1.00000,0.66021,2215.18199,1.36794,-0.02524,-0.21773,0.10931,-0.02612,0.39780,0.64891,-0.04571,0.15856,-0.03163,-0.05573,0.03725,0.21320,0.33328,1.48250,0.00000,1.00000,0.44754,0.21429,0.23077,0.00000,0.66642
184,0.1705,1515520,2563,0.00699,1.94e-03,0.5057,222.9401,0.68600,617.97014,0.84211,0.65808,2227.01024,1.38342,-0.02522,-0.21862,0.11640,-0.02646,0.39459,0.64724,-0.04437,0.15827,-0.03483,-0.05486,0.03731,0.21545,0.33200,1.64727,0.50000,2.00000,0.44754,0.36842,0.28571,0.00000,0.66000
185,0.1714,1523712,2551,0.01044,2.79e-03,0.5058,222.3437,0.68600,853.37962,0.73333,0.66731,2160.75307,1.38344,-0.02498,-0.21187,0.12287,-0.02892,0.39724,0.65721,-0.04475,0.15632,-0.03024,-0.05435,0.03724,0.21338,0.33313,1.59750,0.00000,0.00000,0.43479,0.46667,0.36364,0.00000,0.66564
186,0.1722,1531904,2639,0.02494,1.94e-03,0.5059,219.1873,0.68600,843.08460,0.66667,0.66016,2237.48878,1.35415,-0.02504,-0.21942,0.11754,-0.02376,0.39095,0.64952,-0.04291,0.15109,-0.03592,-0.05474,0.03492,0.20624,0.33068,1.42286,0.50000,1.00000,0.43479,0.46667,0.22222,0.00000,0.65342
187,0.1731,1540096,2586,0.02643,1.35e-03,0.5060,266.4390,0.68600,637.65289,0.78571,0.65904,2238.49662,1.33463,-0.02523,-0.21916,0.10910,-0.02723,0.38891,0.64892,-0.04370,0.14665,-0.03159,-0.05546,0.03449,0.19977,0.32909,1.53500,0.00000,1.00000,0.41763,0.35714,0.30000,0.00000,0.64543
188,0.1740,1548288,2595,0.00334,2.33e-03,0.5061,213.0536,0.68600,677.94181,0.73333,0.64625,2222.38931,1.35443,-0.02516,-0.21861,0.11898,-0.03136,0.38095,0.63695,-0.04342,0.14986,-0.03082,-0.05566,0.03475,0.20135,0.32702,1.66750,0.50000,3.00000,0.41763,0.33333,0.12500,0.00000,0.63509
189,0.1749,1556480,2481,0.00972,3.35e-03,0.5063,195.3593,0.68600,683.60355,0.84615,0.65157,2191.95467,1.36614,-0.02527,-0.21591,0.12138,-0.02683,0.38533,0.64163,-0.04577,0.14873,-0.03536,-0.05472,0.03595,0.20502,0.32964,1.43667,0.00000,1.00000,0.40364,0.46154,0.40000,0.00000,0.64820
190,0.1759,1564672,2398,0.01860,2.79e-03,0.5064,248.3614,0.68600,805.24097,0.72222,0.64560,2196.62094,1.32147,-0.02523,-0.21528,0.11802,-0.02493,0.38424,0.63629,-0.04417,0.14361,-0.03647,-0.05431,0.03541,0.19739,0.32881,1.09556,0.50000,1.00000,0.40364,0.38889,0.25000,0.00000,0.64405
191,0.1768,1572864,2354,0.02604,2.79e-03,0.5065,221.2789,0.68600,621.62633,0.80952,0.65645,2196.26059,1.29755,-0.02543,-0.21527,0.11454,-0.02418,0.38889,0.64639,-0.04353,0.14153,-0.03455,-0.05592,0.03284,0.19623,0.33052,1.47714,0.00000,1.00000,0.38113,0.28571,0.12500,0.00000,0.65259
192,0.1778,1581056,2318,0.02668,1.94e-03,0.5066,235.8364,0.68600,711.45945,0.80000,0.64139,2163.65381,1.33776,-0.02602,-0.21203,0.11812,-0.02608,0.38240,0.63082,-0.04524,0.14830,-0.02436,-0.05451,0.03558,0.20435,0.32936,2.35750,0.00000,2.00000,0.38113,0.53333,0.50000,0.00000,0.64680
193,0.1789,1589248,2196,0.01913,1.62e-03,0.5066,244.5604,0.68600,502.95725,0.86667,0.64513,2113.67416,1.33163,-0.02579,-0.20702,0.11838,-0.02782,0.38664,0.63463,-0.04458,0.14972,-0.03411,-0.05486,0.03635,0.20605,0.33183,1.11000,0.50000,4.00000,0.37986,0.26667,0.22222,0.00000,0.65917
194,0.1799,1597440,2243,0.01467,1.35e-03,0.5067,284.0963,0.68600,755.84813,0.69231,0.64703,2171.51978,1.30344,-0.02565,-0.21328,0.11364,-0.02722,0.38960,0.63741,-0.04485,0.14871,-0.03612,-0.05613,0.03332,0.20178,0.33280,1.51667,0.50000,3.00000,0.37986,0.38462,0.20000,0.00000,0.66400
195,0.1809,1605632,2207,0.00711,1.94e-03,0.5069,252.9150,0.68600,714.89587,0.75000,0.65703,2214.95994,1.29886,-0.02522,-0.21680,0.11664,-0.02340,0.39601,0.64727,-0.04400,0.14432,-0.03805,-0.05623,0.03358,0.19653,0.33399,1.84727,0.00000,2.00000,0.35616,0.30000,0.07692,0.00000,0.66996
196,0.1819,1613824,2367,0.01073,2.33e-03,0.5070,249.4391,0.68600,665.38958,0.70000,0.65890,2275.97895,1.36646,-0.02509,-0.22355,0.12018,-0.02659,0.39151,0.64874,-0.04132,0.15099,-0.03606,-0.05642,0.03479,0.20526,0.33011,1.27333,0.00000,1.00000,0.35616,0.40000,0.16667,0.00000,0.65055
197,0.1829,1622016,2322,0.01659,1.94e-03,0.5071,243.2782,0.68600,792.55647,0.78571,0.65579,2298.62941,1.40703,-0.02514,-0.22574,0.11921,-0.02656,0.39253,0.64519,-0.04539,0.15466,-0.02451,-0.05550,0.03531,0.20990,0.33181,1.85600,0.50000,1.00000,0.34555,0.42857,0.30000,0.00000,0.65904
198,0.1839,1630208,2305,0.01055,2.33e-03,0.5071,265.9500,0.68600,649.12881,0.90000,0.67789,2314.45552,1.39883,-0.02510,-0.22694,0.11615,-0.02869,0.40664,0.66736,-0.04362,0.15976,-0.03100,-0.05713,0.03750,0.21625,0.33704,1.38667,0.00000,2.00000,0.33599,0.30000,0.25000,0.00000,0.68522
199,0.1848,1638400,2412,0.01420,2.33e-03,0.5072,344.5227,0.68600,784.87189,0.72727,0.67914,2341.88841,1.42784,-0.02515,-0.22951,0.10887,-0.02618,0.40385,0.66764,-0.04288,0.16147,-0.03246,-0.05684,0.03733,0.21863,0.33540,1.99600,0.00000,1.00000,0.33599,0.54545,0.42857,0.00000,0.67701
200,0.1858,1646592,2315,0.01799,2.33e-03,0.5072,224.7394,0.68600,805.23305,0.75000,0.68757,2328.00455,1.42839,-0.02474,-0.22867,0.11342,-0.02647,0.40880,0.67685,-0.04045,0.15560,-0.02816,-0.05612,0.03609,0.21185,0.33717,1.92545,0.00000,2.00000,0.34739,0.50000,0.46154,0.00000,0.68583
201,0.1868,1654784,2321,0.01279,2.33e-03,0.5073,289.1499,0.68600,572.39307,1.00000,0.67503,2271.32178,1.36450,-0.02499,-0.22281,0.11259,-0.02500,0.40151,0.66475,-0.04370,0.14827,-0.03630,-0.05577,0.03522,0.20392,0.33472,1.63833,0.00000,0.00000,0.34739,0.13333,0.13333,0.00000,0.67361
202,0.1878,1662976,2282,0.02083,1.62e-03,0.5073,249.2555,0.68600,665.19815,0.92308,0.66523,2275.66659,1.36670,-0.02517,-0.22289,0.11695,-0.02584,0.39723,0.65446,-0.04321,0.15069,-0.04534,-0.05653,0.03586,0.20911,0.33361,2.32222,0.00000,2.00000,0.34065,0.46154,0.50000,0.00000,0.66803
203,0.1888,1671168,2299,0.01229,1.62e-03,0.5074,222.7134,0.68600,772.04370,0.76923,0.64894,2248.36670,1.35300,-0.02544,-0.22019,0.11981,-0.02456,0.38768,0.63746,-0.04424,0.14876,-0.04169,-0.05560,0.03668,0.20819,0.33042,1.94000,0.00000,0.00000,0.34065,0.46154,0.30000,0.00000,0.65211
204,0.1898,1679360,2275,0.00746,2.33e-03,0.5074,214.2773,0.68600,644.98390,0.78571,0.63952,2240.59960,1.36346,-0.02556,-0.21974,0.12554,-0.02664,0.38303,0.62962,-0.04491,0.14634,-0.03325,-0.05486,0.03857,0.20740,0.32960,2.80750,0.50000,3.00000,0.34548,0.50000,0.50000,0.00000,0.64802
205,0.1908,1687552,2346,0.01492,1.94e-03,0.5075,245.4068,0.68600,550.87545,0.89474,0.65093,2308.21788,1.37335,-0.02558,-0.22600,0.12493,-0.02615,0.39229,0.64133,-0.04414,0.14884,-0.03405,-0.05508,0.03778,0.20978,0.33260,1.65273,0.00000,2.00000,0.34548,0.10526,0.00000,0.00000,0.66299
206,0.1918,1695744,2290,0.00622,2.79e-03,0.5075,192.3966,0.68600,569.87151,1.00000,0.67722,2224.67326,1.40837,-0.02556,-0.21807,0.12411,-0.02463,0.40596,0.66621,-0.04312,0.14961,-0.03109,-0.05527,0.03862,0.21002,0.33653,1.75333,0.00000,1.00000,0.32655,0.27778,0.29412,0.00000,0.68266
207,0.1928,1703936,2247,0.00969,3.35e-03,0.5076,246.1907,0.68600,699.25800,0.82353,0.67166,2173.60012,1.40029,-0.02552,-0.21365,0.12427,-0.02807,0.40040,0.66108,-0.04305,0.15580,-0.02951,-0.05513,0.03990,0.21692,0.33416,1.55818,0.00000,0.00000,0.32655,0.47059,0.35714,0.00000,0.67078
208,0.1938,1712128,2301,0.01810,2.79e-03,0.5077,232.3009,0.68600,620.58005,0.80000,0.65775,2223.92850,1.41546,-0.02535,-0.21799,0.13069,-0.03016,0.39390,0.64732,-0.04120,0.15723,-0.03493,-0.05444,0.03996,0.22009,0.33081,1.74444,0.50000,5.00000,0.33390,0.40000,0.45455,0.00000,0.65405
209,0.1948,1720320,2165,0.01330,2.79e-03,0.5078,209.8383,0.68600,603.35228,0.83333,0.68286,2248.34549,1.47286,-0.02515,-0.22021,0.13873,-0.03082,0.40952,0.67087,-0.03935,0.16468,-0.03854,-0.05532,0.04241,0.23199,0.33742,1.54333,0.00000,2.00000,0.33390,0.41667,0.37500,0.00000,0.68709
210,0.1958,1728512,2320,0.03116,1.94e-03,0.5079,217.7970,0.68600,749.78384,0.75862,0.69643,2202.56163,1.42204,-0.02530,-0.21547,0.12993,-0.02769,0.41132,0.68532,-0.04080,0.15484,-0.02784,-0.05569,0.03928,0.21918,0.33678,2.06125,0.00000,4.00000,0.33512,0.41379,0.33333,0.00000,0.68392
211,0.1968,1736704,2299,0.01134,2.33e-03,0.5079,248.7937,0.68600,795.46065,0.87500,0.68922,2118.50877,1.43381,-0.02543,-0.20855,0.13182,-0.02659,0.40827,0.67890,-0.04108,0.15611,-0.02479,-0.05524,0.03705,0.21881,0.33494,1.99800,0.00000,1.00000,0.33512,0.37500,0.30769,0.00000,0.67469
212,0.1978,1744896,2313,0.02208,1.62e-03,0.5080,310.4800,0.68600,838.05341,0.60000,0.66843,2246.59067,1.41502,-0.02560,-0.22019,0.12577,-0.02659,0.39733,0.65794,-0.04095,0.15210,-0.02633,-0.05553,0.03747,0.21350,0.33305,3.31667,0.00000,0.00000,0.33845,0.60000,0.50000,0.00000,0.66524
213,0.1988,1753088,2299,0.00891,2.33e-03,0.5080,193.8234,0.68600,574.02522,0.82353,0.66347,2179.88957,1.40593,-0.02546,-0.21448,0.12234,-0.02746,0.39576,0.65261,-0.04155,0.15015,-0.02360,-0.05564,0.03786,0.21143,0.33351,3.76500,0.00000,2.00000,0.33845,0.35294,0.25000,0.00000,0.66755
214,0.1998,1761280,2309,0.01135,2.33e-03,0.5081,241.2477,0.68600,805.59805,0.66667,0.66213,2256.95655,1.35918,-0.02559,-0.22188,0.11801,-0.02630,0.39469,0.65157,-0.04304,0.14591,-0.02803,-0.05539,0.03531,0.20410,0.33092,1.94667,0.50000,2.00000,0.32961,0.46667,0.25000,0.00000,0.65460
215,0.2008,1769472,2327,0.06015,1.35e-03,0.5082,221.8978,0.68600,760.84261,0.64286,0.66167,2311.24487,1.37579,-0.02548,-0.22662,0.11835,-0.02747,0.39399,0.65146,-0.04420,0.14401,-0.02576,-0.05605,0.03495,0.20294,0.33070,2.58333,0.00000,2.00000,0.32961,0.42857,0.14286,0.00000,0.65351
216,0.2018,1777664,2254,0.01802,1.12e-03,0.5083,232.6806,0.68600,734.82913,0.80952,0.66948,2232.07582,1.37546,-0.02572,-0.21905,0.11164,-0.02814,0.39944,0.66001,-0.04540,0.15233,-0.02726,-0.05676,0.03720,0.21204,0.33303,2.09667,0.00000,0.00000,0.32165,0.38095,0.29412,0.00000,0.66513
217,0.2028,1785856,2170,0.02679,7.79e-04,0.5083,258.2685,0.68600,805.71643,0.78571,0.65399,2278.97933,1.34202,-0.02582,-0.22372,0.10262,-0.02453,0.39452,0.64385,-0.04626,0.14812,-0.03753,-0.05733,0.03701,0.20697,0.33276,2.10000,0.50000,1.00000,0.32165,0.50000,0.40000,0.00000,0.66379
218,0.2038,1794048,2283,0.00739,9.35e-04,0.5083,220.2528,0.68600,680.35655,0.84615,0.65106,2267.03817,1.34545,-0.02520,-0.22242,0.10411,-0.02651,0.39457,0.64231,-0.04497,0.14372,-0.02394,-0.05639,0.03686,0.20129,0.33237,1.68500,0.00000,1.00000,0.31948,0.30769,0.20000,0.00000,0.66183
219,0.2048,1802240,2276,0.00985,1.12e-03,0.5083,195.7031,0.68600,776.86675,0.69231,0.66441,2336.03111,1.38403,-0.02500,-0.22866,0.11530,-0.02466,0.39362,0.65363,-0.04335,0.15250,-0.03704,-0.05686,0.03797,0.21179,0.33107,1.64286,0.50000,2.00000,0.31948,0.53846,0.42857,0.00000,0.65535
220,0.2058,1810432,2269,0.01283,1.12e-03,0.5084,196.1206,0.68600,643.16628,0.93333,0.68090,2319.59602,1.43497,-0.02499,-0.22737,0.11735,-0.02893,0.40093,0.66996,-0.04121,0.15777,-0.02954,-0.05589,0.04236,0.22260,0.33329,1.57778,0.00000,1.00000,0.32753,0.40000,0.38462,0.00000,0.66646
221,0.2069,1818624,2233,0.01172,1.35e-03,0.5084,207.0371,0.68600,734.20930,0.81250,0.69679,2314.86008,1.47377,-0.02498,-0.22702,0.11947,-0.02857,0.41278,0.68612,-0.03959,0.16612,-0.02807,-0.05664,0.04079,0.23389,0.33732,1.46889,0.50000,2.00000,0.32753,0.43750,0.36364,0.00000,0.68659
222,0.2079,1826816,2205,0.02138,9.35e-04,0.5084,256.6213,0.68600,679.50888,0.86957,0.67579,2233.10649,1.39536,-0.02525,-0.21851,0.11575,-0.03090,0.40118,0.66605,-0.04112,0.15634,-0.03142,-0.05587,0.03956,0.21960,0.33399,2.41571,0.00000,1.00000,0.33478,0.47826,0.42105,0.00000,0.66995
223,0.2090,1835008,2127,0.01173,9.35e-04,0.5084,210.2940,0.68600,860.48217,0.57143,0.66673,2287.35634,1.37411,-0.02518,-0.22434,0.12280,-0.02949,0.39403,0.65752,-0.03978,0.14842,-0.03408,-0.05678,0.03689,0.20856,0.33196,1.31600,0.50000,1.00000,0.33478,0.42857,0.00000,0.00000,0.65980
224,0.2100,1843200,2118,0.01034,1.12e-03,0.5085,204.1470,0.68600,520.77921,0.89474,0.69075,2279.39346,1.43071,-0.02511,-0.22394,0.12908,-0.03132,0.40855,0.68051,-0.04097,0.15645,-0.02744,-0.05688,0.03847,0.22064,0.33711,2.12545,0.50000,5.00000,0.32236,0.31579,0.33333,0.00000,0.68556
225,0.2111,1851392,2113,0.01605,9.35e-04,0.5085,228.4747,0.68600,646.34984,0.95238,0.70126,2222.31471,1.46280,-0.02523,-0.21763,0.13040,-0.03110,0.41461,0.68967,-0.04232,0.16483,-0.03499,-0.05585,0.04114,0.23273,0.33942,1.79067,0.00000,2.00000,0.34012,0.47619,0.50000,0.00000,0.69710
226,0.2122,1859584,2090,0.01092,1.12e-03,0.5086,241.3396,0.68600,656.73173,0.86364,0.70748,2209.09794,1.42199,-0.02506,-0.21608,0.12065,-0.03029,0.42274,0.69712,-0.03990,0.16048,-0.03723,-0.05657,0.04095,0.22754,0.34022,1.69400,0.00000,3.00000,0.33736,0.36364,0.31250,0.00000,0.70111
227,0.2133,1867776,2096,0.01181,1.12e-03,0.5087,268.8318,0.68600,724.10855,1.00000,0.70315,2233.55003,1.42631,-0.02505,-0.21785,0.12409,-0.02810,0.41518,0.69262,-0.03961,0.15710,-0.04418,-0.05656,0.04044,0.22333,0.33689,1.90000,0.00000,1.00000,0.33736,0.53846,0.58333,0.00000,0.68445
228,0.2144,1875968,2032,0.01054,1.35e-03,0.5088,252.6504,0.68600,693.24533,0.83333,0.69146,2269.40127,1.47538,-0.02561,-0.22203,0.13617,-0.02722,0.40629,0.68074,-0.04275,0.16066,-0.03960,-0.05558,0.04079,0.23022,0.33571,2.16286,0.00000,1.00000,0.36077,0.58333,0.55556,0.00000,0.67854
229,0.2155,1884160,2106,0.01119,1.62e-03,0.5089,206.0625,0.68600,695.99379,0.85714,0.69720,2296.87048,1.45935,-0.02530,-0.22459,0.13357,-0.02685,0.41259,0.68717,-0.04118,0.15314,-0.03634,-0.05586,0.04080,0.21906,0.33773,1.72533,0.50000,2.00000,0.34344,0.28571,0.18750,0.00000,0.68866
230,0.2166,1892352,2110,0.00933,2.33e-03,0.5089,217.7256,0.68600,872.11157,0.70000,0.70420,2316.18170,1.46863,-0.02600,-0.22632,0.13031,-0.03064,0.41628,0.69382,-0.04269,0.15426,-0.04154,-0.05583,0.04229,0.22388,0.33912,2.52800,0.00000,1.00000,0.34344,0.60000,0.50000,0.00000,0.69562
231,0.2177,1900544,2050,0.01422,2.33e-03,0.5089,222.4855,0.68600,704.26710,0.83333,0.69566,2334.60697,1.49556,-0.02608,-0.22839,0.13403,-0.03030,0.41374,0.68469,-0.04161,0.16128,-0.03598,-0.05607,0.04293,0.23309,0.33940,1.91000,0.00000,2.00000,0.35646,0.50000,0.46154,0.00000,0.69699
232,0.2188,1908736,2095,0.02329,1.62e-03,0.5089,196.9583,0.68600,894.86978,0.73333,0.69114,2198.42835,1.44112,-0.02638,-0.21565,0.12782,-0.03149,0.40853,0.68005,-0.04389,0.15942,-0.04019,-0.05540,0.04218,0.22992,0.33820,2.38889,0.00000,0.00000,0.35646,0.53333,0.36364,0.00000,0.69100
233,0.2199,1916928,2078,0.01547,1.62e-03,0.5090,204.0634,0.68600,612.38800,0.87500,0.68095,2207.38692,1.44819,-0.02636,-0.21648,0.12417,-0.02619,0.39859,0.67050,-0.04332,0.15784,-0.02527,-0.05503,0.04203,0.22681,0.33504,2.03000,0.00000,2.00000,0.35995,0.37500,0.41667,0.00000,0.67521
234,0.2210,1925120,2022,0.01557,1.35e-03,0.5090,214.1632,0.68600,849.34364,0.66667,0.68294,2216.55323,1.46544,-0.02592,-0.21669,0.13171,-0.03102,0.40231,0.67292,-0.04155,0.16172,-0.03315,-0.05498,0.04210,0.23157,0.33605,2.18667,0.00000,0.00000,0.35995,0.41667,0.12500,0.00000,0.68025
235,0.2221,1933312,2110,0.01202,1.35e-03,0.5090,182.4500,0.68600,713.38012,0.93750,0.69396,2205.19954,1.51863,-0.02562,-0.21645,0.14399,-0.03080,0.40937,0.68322,-0.04115,0.16352,-0.02937,-0.05478,0.04402,0.23676,0.33794,2.27818,0.50000,3.00000,0.36395,0.50000,0.58333,0.00000,0.68971
236,0.2232,1941504,2113,0.01472,1.12e-03,0.5091,228.8595,0.68600,695.72825,0.86667,0.70328,2173.20392,1.54306,-0.02596,-0.21384,0.14416,-0.03093,0.41733,0.69149,-0.04597,0.16961,-0.02523,-0.05530,0.04683,0.24554,0.34199,1.80000,0.00000,2.00000,0.36395,0.53333,0.54545,0.00000,0.70995
237,0.2243,1949696,2117,0.01227,1.35e-03,0.5092,192.2130,0.68600,1011.81691,0.63158,0.70517,2215.71109,1.51883,-0.02582,-0.21729,0.14168,-0.03212,0.41729,0.69377,-0.04507,0.17174,-0.04520,-0.05541,0.04620,0.24652,0.34130,2.14200,0.00000,0.00000,0.38843,0.78947,0.66667,0.00000,0.70652
238,0.2254,1957888,2100,0.01445,9.35e-04,0.5092,319.3002,0.68600,791.24280,0.64706,0.70669,2136.28538,1.48995,-0.02631,-0.20979,0.13317,-0.02493,0.41299,0.69463,-0.04561,0.16032,-0.02248,-0.05503,0.04195,0.22968,0.34045,1.72000,0.00000,1.00000,0.38843,0.52941,0.30000,0.00000,0.70224
239,0.2265,1966080,2104,0.01303,9.35e-04,0.5093,286.2534,0.68600,688.88626,0.88235,0.69000,2191.65732,1.46083,-0.02589,-0.21509,0.13424,-0.02826,0.40258,0.68023,-0.04222,0.15378,-0.03134,-0.05508,0.04205,0.22015,0.33649,2.00800,0.00000,3.00000,0.39504,0.52941,0.58333,0.00000,0.68245
240,0.2276,1974272,2084,0.00613,1.62e-03,0.5093,235.8893,0.68600,789.51673,0.75000,0.70071,2194.80097,1.51835,-0.02582,-0.21549,0.13928,-0.02930,0.41047,0.69003,-0.04193,0.16710,-0.03015,-0.05426,0.04497,0.23932,0.33965,1.75333,0.00000,3.00000,0.39504,0.62500,0.66667,0.00000,0.69823
241,0.2286,1982464,2106,0.00812,2.33e-03,0.5094,233.2892,0.68600,736.99210,0.92593,0.70082,2160.04237,1.49443,-0.02636,-0.21194,0.12806,-0.02719,0.41377,0.68997,-0.04572,0.16387,-0.02750,-0.05537,0.04429,0.23651,0.34144,2.10842,0.50000,4.00000,0.42553,0.62963,0.71429,0.00000,0.70719
242,0.2297,1990656,2116,0.02515,1.62e-03,0.5094,217.2253,0.68600,595.17306,0.94444,0.70165,2080.38266,1.46221,-0.02660,-0.20384,0.12214,-0.02495,0.41358,0.69110,-0.04503,0.15617,-0.02869,-0.05400,0.04349,0.22675,0.34094,1.52000,0.00000,1.00000,0.42673,0.44444,0.43750,0.00000,0.70468
243,0.2308,1998848,2078,0.00968,1.62e-03,0.5095,237.3023,0.68600,662.17789,0.90000,0.67754,2152.93491,1.42712,-0.02626,-0.21166,0.12366,-0.02729,0.39988,0.66856,-0.04364,0.15018,-0.02625,-0.05559,0.04217,0.21851,0.33441,3.07000,0.00000,1.00000,0.42673,0.50000,0.50000,0.00000,0.67206
244,0.2319,2007040,2094,0.00837,2.33e-03,0.5095,218.6219,0.68600,723.37224,0.92857,0.67386,2262.13112,1.44930,-0.02591,-0.22156,0.13395,-0.02809,0.39917,0.66534,-0.04132,0.15530,-0.03981,-0.05747,0.04019,0.22388,0.33457,1.92222,0.00000,1.00000,0.43406,0.50000,0.50000,0.00000,0.67283
245,0.2330,2015232,2083,0.01164,2.79e-03,0.5096,201.4593,0.68600,737.52876,0.83333,0.69813,2186.78012,1.50566,-0.02582,-0.21457,0.14447,-0.02824,0.41136,0.68810,-0.04259,0.16664,-0.03394,-0.05549,0.04369,0.23950,0.33794,1.48500,0.50000,2.00000,0.43406,0.50000,0.46154,0.00000,0.68971
246,0.2341,2023424,2088,0.01214,3.35e-03,0.5098,270.0235,0.68600,819.03742,0.69231,0.69298,2208.83810,1.52745,-0.02569,-0.21722,0.14335,-0.02909,0.40581,0.68345,-0.04251,0.16671,-0.02238,-0.05565,0.04400,0.24091,0.33450,2.00800,0.00000,2.00000,0.44565,0.61538,0.71429,0.00000,0.67252
247,0.2352,2031616,2118,0.01970,2.79e-03,0.5099,254.6704,0.68600,593.70309,0.95455,0.71054,2191.92317,1.52190,-0.02544,-0.21508,0.13852,-0.02918,0.41839,0.70102,-0.04137,0.16260,-0.02686,-0.05616,0.04275,0.23499,0.33985,2.03333,0.00000,1.00000,0.43609,0.36364,0.35000,0.00000,0.69924
248,0.2363,2039808,2055,0.01327,2.79e-03,0.5100,338.0776,0.68600,607.33811,0.92857,0.70122,2212.59626,1.52094,-0.02601,-0.21699,0.14011,-0.03018,0.41597,0.69091,-0.04135,0.16845,-0.03443,-0.05594,0.04471,0.24176,0.33816,2.43400,0.00000,1.00000,0.43609,0.50000,0.50000,0.00000,0.69079
249,0.2374,2048000,1999,0.01533,2.33e-03,0.5101,204.5779,0.68600,816.17546,0.69231,0.69732,2140.39915,1.55100,-0.02626,-0.21026,0.13742,-0.03253,0.41147,0.68765,-0.04243,0.17384,-0.02425,-0.05439,0.04655,0.25073,0.33753,2.67333,0.00000,1.00000,0.44248,0.61538,0.50000,0.00000,0.68767
250,0.2385,2056192,2123,0.02472,1.62e-03,0.5102,252.3060,0.68600,701.62730,0.83333,0.70034,2189.87322,1.55327,-0.02614,-0.21493,0.14340,-0.03148,0.41078,0.69116,-0.04269,0.17233,-0.03203,-0.05557,0.04615,0.24896,0.33764,1.77429,0.00000,1.00000,0.44248,0.41667,0.33333,0.00000,0.68818
251,0.2396,2064384,2084,0.00948,1.94e-03,0.5103,167.7215,0.68600,705.68939,0.78571,0.69788,2196.59881,1.54476,-0.02613,-0.21607,0.14822,-0.03098,0.41279,0.68896,-0.04270,0.16620,-0.02849,-0.05523,0.04570,0.24200,0.33781,2.40000,0.00000,2.00000,0.44268,0.57143,0.55556,0.00000,0.68907
252,0.2407,2072576,2098,0.01130,1.94e-03,0.5104,254.0243,0.68600,713.34700,0.84211,0.70128,2228.01745,1.53840,-0.02559,-0.21869,0.15106,-0.03238,0.41653,0.69280,-0.04065,0.16687,-0.03191,-0.05554,0.04446,0.24310,0.33917,2.84333,0.00000,2.00000,0.44268,0.42105,0.42857,0.00000,0.69587
253,0.2418,2080768,2114,0.01162,1.94e-03,0.5105,272.9500,0.68600,859.47946,0.68421,0.72140,2156.42799,1.57326,-0.02545,-0.21200,0.15393,-0.03242,0.42392,0.71197,-0.04062,0.16922,-0.03149,-0.05597,0.04362,0.24652,0.34189,2.14000,0.00000,1.00000,0.44072,0.57895,0.41667,0.00000,0.70943
254,0.2429,2088960,2088,0.01701,1.62e-03,0.5105,256.8916,0.68600,849.99445,0.75000,0.72131,2157.12011,1.57860,-0.02569,-0.21269,0.14595,-0.02898,0.42797,0.71076,-0.04170,0.17075,-0.02224,-0.05530,0.04626,0.24988,0.34298,1.91400,0.00000,0.00000,0.44072,0.56250,0.41667,0.00000,0.71491
255,0.2439,2097152,2129,0.01361,1.35e-03,0.5105,223.7091,0.68600,717.52996,0.77778,0.72580,2198.98034,1.56192,-0.02556,-0.21575,0.14405,-0.02970,0.42752,0.71598,-0.04205,0.16902,-0.03761,-0.05493,0.04526,0.24841,0.34354,1.89800,1.00000,5.00000,0.43950,0.44444,0.44444,0.00000,0.71768
256,0.2450,2105344,2141,0.01230,1.35e-03,0.5106,289.3126,0.68600,815.94949,0.76190,0.73565,2236.17964,1.57674,-0.02535,-0.21949,0.14559,-0.03008,0.43460,0.72553,-0.04105,0.16698,-0.03410,-0.05571,0.04547,0.24622,0.34420,1.96000,0.00000,3.00000,0.43950,0.61905,0.61538,0.00000,0.72099
257,0.2461,2113536,2142,0.01660,9.35e-04,0.5107,281.4198,0.68600,860.00189,0.72727,0.73226,2230.35566,1.54684,-0.02501,-0.21843,0.15195,-0.03247,0.43421,0.72237,-0.03943,0.16277,-0.03388,-0.05555,0.04373,0.23761,0.34231,2.03455,0.50000,3.00000,0.45324,0.59091,0.53846,0.00000,0.71157
258,0.2471,2121728,2146,0.00939,1.12e-03,0.5107,253.0428,0.68600,691.98116,0.87500,0.72100,2190.86582,1.55131,-0.02518,-0.21506,0.15490,-0.03247,0.42887,0.71075,-0.03928,0.17038,-0.03938,-0.05604,0.04512,0.24866,0.34174,2.52800,0.00000,1.00000,0.45324,0.50000,0.46154,0.00000,0.70871
259,0.2482,2129920,2098,0.01311,9.35e-04,0.5108,219.7748,0.68600,1057.22115,0.80000,0.71776,2205.34185,1.59941,-0.02567,-0.21628,0.15830,-0.03404,0.42032,0.70723,-0.04046,0.17381,-0.02954,-0.05584,0.04597,0.25586,0.33920,1.90750,0.00000,0.00000,0.46982,0.90000,0.87500,0.00000,0.69600
260,0.2494,2138112,2041,0.00672,1.35e-03,0.5109,221.0268,0.68600,713.21751,0.81250,0.70908,2242.72125,1.56353,-0.02577,-0.22008,0.14573,-0.02822,0.41950,0.69935,-0.04242,0.16578,-0.03031,-0.05529,0.04588,0.24615,0.33853,3.49000,0.00000,2.00000,0.46982,0.50000,0.45455,0.00000,0.69265
261,0.2504,2146304,2110,0.01411,1.35e-03,0.5110,263.5872,0.68600,675.70721,0.80000,0.73746,2262.02913,1.60387,-0.02558,-0.22191,0.15381,-0.03226,0.43552,0.72635,-0.04168,0.17101,-0.02972,-0.05600,0.04579,0.25366,0.34366,2.89111,0.50000,2.00000,0.47046,0.53333,0.50000,0.00000,0.71828
262,0.2515,2154496,2074,0.01081,1.62e-03,0.5110,295.7873,0.68600,564.34464,0.83333,0.74783,2276.58692,1.65356,-0.02560,-0.22344,0.15510,-0.03413,0.43870,0.73748,-0.04087,0.17699,-0.03606,-0.05562,0.05020,0.26135,0.34458,2.15143,0.50000,2.00000,0.47046,0.33333,0.23077,0.00000,0.72289
263,0.2526,2162688,2075,0.02943,9.35e-04,0.5110,209.3529,0.68600,880.07258,0.70588,0.75324,2173.53783,1.64008,-0.02530,-0.21336,0.15730,-0.03464,0.44024,0.74332,-0.03896,0.17727,-0.03298,-0.05610,0.04909,0.26270,0.34544,1.79111,0.00000,0.00000,0.45941,0.64706,0.50000,0.00000,0.72721
264,0.2538,2170880,2039,0.01148,1.12e-03,0.5111,219.5584,0.68600,858.80624,0.71429,0.72579,2203.77411,1.60216,-0.02573,-0.21644,0.15067,-0.03399,0.42763,0.71621,-0.03890,0.17595,-0.02635,-0.05625,0.04810,0.25952,0.34045,1.84444,0.00000,1.00000,0.45941,0.64286,0.55556,0.00000,0.70225
265,0.2548,2179072,2133,0.01181,1.12e-03,0.5111,238.7023,0.68600,858.03234,0.69231,0.70768,2279.39753,1.59333,-0.02584,-0.22321,0.15914,-0.03321,0.42208,0.69771,-0.04128,0.17413,-0.03315,-0.05674,0.04664,0.25677,0.34011,2.35429,0.00000,1.00000,0.47230,0.69231,0.62500,0.00000,0.70057
266,0.2559,2187264,2124,0.01011,1.35e-03,0.5112,270.0750,0.68600,725.61799,0.86667,0.71611,2286.73916,1.63397,-0.02561,-0.22398,0.15731,-0.03448,0.42583,0.70596,-0.04184,0.17926,-0.03575,-0.05591,0.04973,0.26587,0.34306,1.80000,0.00000,3.00000,0.47230,0.53333,0.60000,0.00000,0.71531
267,0.2570,2195456,2126,0.00790,1.94e-03,0.5112,177.1764,0.68600,876.45566,0.66667,0.73640,2253.95136,1.66226,-0.02525,-0.22117,0.16221,-0.02979,0.43785,0.72556,-0.04191,0.17927,-0.03108,-0.05660,0.05135,0.26605,0.34571,1.80000,0.00000,0.00000,0.48062,0.66667,0.50000,0.00000,0.72857
268,0.2581,2203648,2124,0.01186,2.33e-03,0.5113,240.3526,0.68600,842.39495,0.57895,0.73699,2219.03060,1.61147,-0.02533,-0.21800,0.15551,-0.03143,0.43468,0.72691,-0.04112,0.16984,-0.03090,-0.05631,0.04786,0.25159,0.34425,3.82333,0.00000,2.00000,0.48062,0.63158,0.44444,0.00000,0.72124
269,0.2591,2211840,2153,0.01129,2.79e-03,0.5113,259.6347,0.68600,890.20102,0.77273,0.72651,2237.59662,1.53766,-0.02536,-0.21909,0.14043,-0.02821,0.42900,0.71554,-0.04145,0.16281,-0.03068,-0.05719,0.04501,0.24054,0.34298,1.95714,0.00000,1.00000,0.48056,0.54545,0.50000,0.00000,0.71488
270,0.2602,2220032,2087,0.02201,1.62e-03,0.5113,248.5522,0.68600,787.81889,0.84615,0.70699,2230.47527,1.54783,-0.02539,-0.21878,0.14326,-0.03141,0.42102,0.69664,-0.04032,0.16999,-0.03435,-0.05641,0.04786,0.24866,0.34062,2.31556,0.00000,2.00000,0.48056,0.69231,0.88889,0.00000,0.70312
271,0.2613,2228224,2118,0.01406,1.62e-03,0.5113,295.5631,0.68600,749.23002,0.61111,0.71698,2222.08948,1.56566,-0.02538,-0.21789,0.14601,-0.02899,0.42390,0.70768,-0.04106,0.16882,-0.02593,-0.05690,0.04766,0.25000,0.34229,1.94400,0.00000,4.00000,0.50125,0.55556,0.42857,0.00000,0.71147
272,0.2624,2236416,2096,0.01100,1.94e-03,0.5114,315.8760,0.68600,792.68153,0.76923,0.73242,2227.46798,1.55728,-0.02574,-0.21860,0.13444,-0.02995,0.43171,0.72313,-0.04387,0.16641,-0.03668,-0.05635,0.04547,0.24359,0.34450,2.10824,0.50000,3.00000,0.49819,0.53846,0.47059,0.00000,0.72249
273,0.2634,2244608,2144,0.01378,1.94e-03,0.5114,262.7494,0.68600,692.80282,0.77778,0.74653,2160.42179,1.55725,-0.02583,-0.21186,0.13635,-0.03293,0.43717,0.73684,-0.04394,0.16746,-0.02280,-0.05636,0.04394,0.24231,0.34591,2.90000,0.00000,2.00000,0.49819,0.44444,0.33333,0.00000,0.72956
274,0.2645,2252800,2115,0.01262,1.62e-03,0.5115,256.8366,0.68600,776.84556,0.76923,0.71276,2125.65201,1.53977,-0.02608,-0.20895,0.13430,-0.03072,0.41982,0.70326,-0.04433,0.16662,-0.02643,-0.05529,0.04555,0.24402,0.33938,1.73500,0.00000,1.00000,0.47694,0.38462,0.22222,0.00000,0.69692
275,0.2657,2260992,2037,0.00748,2.33e-03,0.5115,257.1312,0.68600,732.02266,0.91667,0.69754,2193.28181,1.57021,-0.02599,-0.21541,0.14504,-0.03325,0.41316,0.68846,-0.04525,0.17493,-0.03279,-0.05554,0.04667,0.25549,0.33801,1.42750,0.00000,1.00000,0.47694,0.33333,0.30000,0.00000,0.69006
276,0.2668,2269184,2027,0.01591,1.62e-03,0.5115,217.6124,0.68600,750.53493,0.72727,0.71291,2253.73217,1.54215,-0.02531,-0.22123,0.15310,-0.03227,0.42136,0.70447,-0.04355,0.16180,-0.03037,-0.05620,0.04342,0.23999,0.34040,2.10000,0.00000,2.00000,0.46675,0.54545,0.42857,0.00000,0.70200
277,0.2678,2277376,2162,0.01027,1.94e-03,0.5116,191.8288,0.68600,541.60019,0.90909,0.72865,2198.32168,1.63332,-0.02567,-0.21641,0.16833,-0.03420,0.42768,0.72010,-0.04176,0.17843,-0.02813,-0.05575,0.04892,0.26233,0.34281,3.14750,0.00000,1.00000,0.46675,0.27273,0.22222,0.00000,0.71405
278,0.2690,2285568,1948,0.01137,2.79e-03,0.5116,206.9119,0.68600,786.45353,0.83333,0.73154,2218.71750,1.65740,-0.02579,-0.21750,0.16845,-0.03297,0.43057,0.72241,-0.04261,0.17930,-0.02505,-0.05538,0.05056,0.26483,0.34247,1.94000,0.50000,2.00000,0.45644,0.50000,0.46154,0.00000,0.71233
279,0.2701,2293760,2107,0.02082,1.94e-03,0.5118,329.8345,0.68600,933.56604,0.85714,0.73785,2203.62322,1.66286,-0.02588,-0.21656,0.16289,-0.03161,0.43413,0.72733,-0.04238,0.18067,-0.02536,-0.05519,0.05157,0.26770,0.34380,1.72000,0.00000,0.00000,0.45644,0.78571,0.75000,0.00000,0.71899
280,0.2712,2301952,2050,0.01911,1.35e-03,0.5119,193.3389,0.68600,772.58539,0.80000,0.74298,2158.76817,1.70611,-0.02618,-0.21214,0.16840,-0.03057,0.43966,0.73278,-0.04385,0.18364,-0.02050,-0.05506,0.05271,0.27606,0.34710,1.78800,0.00000,2.00000,0.47443,0.53333,0.50000,0.00000,0.73548
281,0.2723,2310144,2055,0.01485,1.35e-03,0.5120,241.9475,0.68600,1216.00299,0.41667,0.72775,2199.66677,1.66054,-0.02616,-0.21623,0.15949,-0.03237,0.42987,0.71842,-0.04511,0.18181,-0.02588,-0.05539,0.05120,0.26984,0.34395,2.28400,0.00000,0.00000,0.47443,0.91667,0.80000,0.00000,0.71974
282,0.2734,2318336,2088,0.01496,1.35e-03,0.5121,164.9392,0.68600,649.76652,0.93333,0.73458,2193.51857,1.66492,-0.02617,-0.21540,0.15540,-0.02925,0.43257,0.72449,-0.04564,0.18029,-0.03193,-0.05541,0.05335,0.26813,0.34535,2.35636,0.50000,3.00000,0.49574,0.53333,0.63636,0.00000,0.72677
283,0.2745,2326528,2034,0.01862,9.35e-04,0.5122,251.3627,0.68600,725.88852,0.77778,0.74039,2211.78665,1.65265,-0.02609,-0.21689,0.15995,-0.02945,0.43473,0.73085,-0.04461,0.17838,-0.02715,-0.05578,0.05142,0.26556,0.34514,1.86000,0.50000,2.00000,0.49574,0.44444,0.33333,0.00000,0.72570
284,0.2756,2334720,2063,0.01044,9.35e-04,0.5123,194.3965,0.68600,816.34704,0.77778,0.75087,2179.68776,1.64955,-0.02556,-0.21448,0.15833,-0.03100,0.44090,0.74116,-0.04359,0.17525,-0.02357,-0.05543,0.04997,0.26093,0.34607,1.71500,0.00000,1.00000,0.49016,0.61111,0.53846,0.00000,0.73035
285,0.2767,2342912,2104,0.00979,1.12e-03,0.5124,236.8396,0.68600,1002.37240,0.55556,0.73831,2120.71933,1.59584,-0.02586,-0.20870,0.15512,-0.03085,0.43134,0.72913,-0.04476,0.17171,-0.02812,-0.05539,0.04884,0.25635,0.34367,1.86889,0.00000,0.00000,0.49016,0.72222,0.50000,0.00000,0.71837
286,0.2778,2351104,2079,0.01486,9.35e-04,0.5124,197.3460,0.68600,585.65749,0.88235,0.71425,2191.05661,1.52110,-0.02621,-0.21440,0.14020,-0.02932,0.41338,0.70388,-0.04410,0.16617,-0.03431,-0.05648,0.04690,0.25073,0.33831,2.16222,0.00000,5.00000,0.48615,0.35294,0.40000,0.00000,0.69153
287,0.2789,2359296,2146,0.01319,7.79e-04,0.5125,201.0091,0.68600,781.81556,0.71429,0.71629,2133.12573,1.54537,-0.02636,-0.20984,0.14957,-0.02822,0.41952,0.70656,-0.04490,0.16736,-0.03723,-0.05612,0.04712,0.25128,0.34069,2.35000,0.00000,1.00000,0.48615,0.50000,0.33333,0.00000,0.70346
288,0.2800,2367488,2125,0.01415,6.49e-04,0.5125,314.3309,0.68600,755.59688,0.78571,0.72536,2207.62326,1.59247,-0.02599,-0.21677,0.16707,-0.03363,0.42808,0.71567,-0.04460,0.17205,-0.03128,-0.05564,0.04748,0.25433,0.34244,1.92267,0.50000,5.00000,0.47984,0.50000,0.47059,0.00000,0.71219
289,0.2810,2375680,2154,0.02260,4.51e-04,0.5125,213.5277,0.68600,841.29735,0.72222,0.73634,2199.16327,1.62763,-0.02610,-0.21673,0.17320,-0.02957,0.43289,0.72659,-0.04136,0.16931,-0.02660,-0.05658,0.04749,0.25385,0.34570,2.40444,0.00000,1.00000,0.47984,0.66667,0.58333,0.00000,0.72848
290,0.2821,2383872,2142,0.01182,5.41e-04,0.5126,157.6974,0.68600,1145.38708,0.55556,0.72316,2305.52071,1.62033,-0.02610,-0.22573,0.17357,-0.02975,0.42462,0.71319,-0.04459,0.17051,-0.03672,-0.05594,0.04851,0.25775,0.34300,1.75600,0.00000,0.00000,0.50244,1.00000,1.00000,0.00000,0.71502
291,0.2832,2392064,2076,0.00733,6.49e-04,0.5126,198.9651,0.68600,777.50253,0.80000,0.71896,2278.21591,1.61056,-0.02582,-0.22395,0.16577,-0.03162,0.42520,0.71002,-0.04304,0.16838,-0.03893,-0.05567,0.04781,0.25262,0.34297,2.39818,0.00000,1.00000,0.50244,0.53333,0.45455,0.00000,0.71485
292,0.2843,2400256,2165,0.01221,6.49e-04,0.5126,274.9442,0.68600,883.94484,0.77778,0.73268,2232.63437,1.61689,-0.02615,-0.21919,0.16300,-0.03246,0.43495,0.72405,-0.04318,0.17020,-0.03074,-0.05570,0.04875,0.25513,0.34558,2.23455,0.00000,2.00000,0.51307,0.66667,0.75000,0.00000,0.72792
293,0.2853,2408448,2183,0.01177,7.79e-04,0.5126,202.0394,0.68600,767.09213,0.76923,0.71732,2251.34567,1.61279,-0.02633,-0.22029,0.16517,-0.03362,0.42408,0.70869,-0.04482,0.17252,-0.04466,-0.05547,0.04924,0.25867,0.34202,2.02286,0.50000,3.00000,0.51307,0.61538,0.71429,0.00000,0.71012
294,0.2864,2416640,2088,0.00744,9.35e-04,0.5126,205.4815,0.68600,925.62528,0.63636,0.71197,2225.87488,1.53869,-0.02646,-0.21860,0.15272,-0.03132,0.42125,0.70353,-0.04635,0.15979,-0.03230,-0.05578,0.04660,0.24091,0.34259,2.21846,0.00000,0.00000,0.51890,0.68182,0.50000,0.00000,0.71293
295,0.2875,2424832,2046,0.00846,1.35e-03,0.5126,209.4685,0.68600,745.86721,0.73333,0.70382,2166.45199,1.54546,-0.02683,-0.21253,0.14782,-0.02910,0.41570,0.69535,-0.04623,0.16329,-0.02094,-0.05481,0.04762,0.24658,0.34005,1.86571,0.00000,1.00000,0.51890,0.40000,0.20000,0.00000,0.70027
296,0.2886,2433024,2122,0.01623,9.35e-04,0.5126,151.2983,0.68600,819.52875,0.76923,0.70145,2164.15504,1.55246,-0.02697,-0.21216,0.15194,-0.02932,0.41558,0.69203,-0.04580,0.16615,-0.03168,-0.05473,0.04745,0.25189,0.34119,1.97500,0.00000,1.00000,0.50386,0.61538,0.55556,0.00000,0.70593
297,0.2897,2441216,2087,0.00871,1.35e-03,0.5127,224.7733,0.68600,836.09976,0.58333,0.69531,2173.23559,1.52231,-0.02695,-0.21289,0.15046,-0.02810,0.40800,0.68754,-0.04681,0.15600,-0.02918,-0.05545,0.04576,0.23761,0.33840,1.74500,0.00000,2.00000,0.50386,0.58333,0.40000,0.00000,0.69198
298,0.2908,2449408,2089,0.02767,9.35e-04,0.5128,226.5753,0.68600,682.26413,0.83333,0.69413,2274.92067,1.50806,-0.02646,-0.22295,0.14831,-0.02908,0.40878,0.68585,-0.04628,0.15719,-0.02983,-0.05576,0.04563,0.23822,0.33810,1.79667,0.00000,1.00000,0.50386,0.50000,0.44444,0.00000,0.69051
299,0.2919,2457600,1991,0.00960,1.35e-03,0.5128,156.7483,0.68600,717.94850,0.85000,0.69778,2192.49843,1.55910,-0.02645,-0.21539,0.15712,-0.03129,0.41247,0.68963,-0.04477,0.16505,-0.02590,-0.05590,0.04785,0.25006,0.33814,2.19385,0.00000,2.00000,0.51209,0.70000,0.73333,0.00000,0.69071
300,0.2929,2465792,2377,0.00915,1.94e-03,0.5129,242.3144,0.68600,833.95152,0.78261,0.72019,2209.24984,1.56026,-0.02643,-0.21689,0.14727,-0.03024,0.42300,0.71219,-0.04505,0.16437,-0.02822,-0.05614,0.04977,0.24841,0.34201,2.21375,0.50000,1.00000,0.51971,0.65217,0.58824,0.00000,0.71007
301,0.2939,2473984,2295,0.01292,1.62e-03,0.5130,196.3630,0.68600,790.71924,0.84615,0.71985,2218.49343,1.54590,-0.02634,-0.21705,0.14918,-0.02946,0.42363,0.71207,-0.04357,0.16277,-0.03333,-0.05607,0.04689,0.24713,0.34211,2.29500,0.00000,0.00000,0.51971,0.69231,0.63636,0.00000,0.71053
302,0.2949,2482176,2221,0.00939,1.94e-03,0.5131,225.1275,0.68600,604.53059,0.77778,0.69701,2114.10921,1.53188,-0.02633,-0.20717,0.15182,-0.02887,0.41412,0.68841,-0.04361,0.16410,-0.02751,-0.05553,0.04740,0.24860,0.33827,2.44667,0.00000,6.00000,0.53089,0.50000,0.62500,0.00000,0.69135
303,0.2959,2490368,2360,0.03945,1.12e-03,0.5131,234.5533,0.68600,776.77852,0.65000,0.69147,2133.98167,1.52715,-0.02633,-0.20991,0.15124,-0.02985,0.41006,0.68339,-0.04531,0.16302,-0.02214,-0.05522,0.04678,0.24780,0.33696,1.48857,0.00000,2.00000,0.53089,0.40000,0.09091,0.00000,0.68482
304,0.2968,2498560,2423,0.01827,7.79e-04,0.5131,274.0848,0.68600,833.11248,0.63636,0.71557,2093.25809,1.47656,-0.02614,-0.20525,0.14333,-0.03027,0.41923,0.70780,-0.04466,0.15509,-0.02679,-0.05601,0.04307,0.23315,0.33979,2.69200,0.50000,3.00000,0.50962,0.63636,0.54545,0.00000,0.69895
305,0.2978,2506752,2453,0.01097,9.35e-04,0.5132,181.9346,0.68600,756.35162,0.85714,0.71004,2170.56250,1.53027,-0.02647,-0.21232,0.14901,-0.03148,0.41996,0.70215,-0.04623,0.16524,-0.03760,-0.05579,0.04575,0.24939,0.33967,1.80222,0.00000,1.00000,0.50962,0.57143,0.54545,0.00000,0.69837
306,0.2987,2514944,2425,0.00923,1.35e-03,0.5132,321.2292,0.68600,782.13018,0.72727,0.70965,2271.02452,1.56951,-0.02680,-0.22307,0.14501,-0.03116,0.42147,0.70138,-0.04625,0.16676,-0.03717,-0.05605,0.04705,0.25275,0.34061,2.60000,0.00000,0.00000,0.51129,0.63636,0.50000,0.00000,0.70303
307,0.2996,2523136,2470,0.01068,1.35e-03,0.5132,276.1276,0.68600,814.19686,0.77778,0.73035,2234.88738,1.61571,-0.02665,-0.21888,0.14874,-0.03036,0.43036,0.72258,-0.04806,0.16868,-0.03274,-0.05708,0.05024,0.25616,0.34362,1.72800,0.50000,3.00000,0.51129,0.66667,0.72727,0.00000,0.71811
308,0.3006,2531328,2433,0.01005,1.62e-03,0.5133,211.9837,0.68600,982.25128,0.57143,0.72511,2141.58861,1.58695,-0.02702,-0.21017,0.14391,-0.02800,0.42853,0.71719,-0.04982,0.16480,-0.02595,-0.05572,0.04866,0.24982,0.34314,2.25333,0.00000,1.00000,0.53238,0.78571,0.71429,0.00000,0.71570
309,0.3015,2539520,2358,0.01388,1.62e-03,0.5133,208.4105,0.68600,772.51689,0.84211,0.70884,2164.01402,1.54407,-0.02697,-0.21193,0.13615,-0.03019,0.41800,0.70057,-0.04771,0.16214,-0.02816,-0.05538,0.04592,0.24518,0.34007,2.67077,0.50000,2.00000,0.53238,0.73684,0.78571,0.00000,0.70036
310,0.3025,2547712,2368,0.03224,1.12e-03,0.5134,267.8318,0.68600,969.46623,0.73333,0.69498,2155.62001,1.46835,-0.02704,-0.21152,0.13498,-0.02788,0.41205,0.68627,-0.04684,0.15343,-0.03186,-0.05557,0.04254,0.23303,0.33889,1.97200,0.00000,0.00000,0.55115,0.73333,0.63636,0.00000,0.69444
311,0.3034,2555904,2467,0.02023,9.35e-04,0.5134,287.1390,0.68600,738.23897,0.86667,0.68529,2182.48270,1.47014,-0.02703,-0.21430,0.14238,-0.02821,0.40693,0.67798,-0.04773,0.14819,-0.02537,-0.05542,0.04290,0.22723,0.33673,2.03667,0.50000,1.00000,0.55115,0.46667,0.41667,0.00000,0.68366
312,0.3043,2564096,2477,0.03122,5.41e-04,0.5135,219.4127,0.68600,803.17323,0.85714,0.70375,2223.03343,1.54878,-0.02700,-0.21771,0.15445,-0.02747,0.41533,0.69425,-0.04826,0.15902,-0.03327,-0.05507,0.04593,0.24506,0.33941,2.19200,0.00000,1.00000,0.54821,0.57143,0.63636,0.00000,0.69707
313,0.3053,2572288,2450,0.02123,3.76e-04,0.5135,252.9357,0.68600,579.47400,0.93333,0.71939,2258.58375,1.56230,-0.02669,-0.22102,0.15265,-0.03160,0.42074,0.71076,-0.04750,0.16091,-0.04390,-0.05644,0.04513,0.24609,0.34118,1.77600,0.50000,3.00000,0.54821,0.46667,0.54545,0.00000,0.70588
314,0.3062,2580480,2427,0.00442,6.49e-04,0.5135,184.2820,0.68600,934.36131,0.61538,0.72523,2266.00232,1.59363,-0.02660,-0.22227,0.15037,-0.03222,0.42765,0.71695,-0.04566,0.16852,-0.03118,-0.05738,0.04886,0.25751,0.34369,1.95143,0.50000,1.00000,0.54338,0.61538,0.42857,0.00000,0.71843
315,0.3072,2588672,2449,0.00986,7.79e-04,0.5136,255.6892,0.68600,655.16858,0.88889,0.73248,2247.97635,1.59912,-0.02644,-0.22046,0.15341,-0.03179,0.43308,0.72370,-0.04408,0.17143,-0.03039,-0.05750,0.04842,0.25970,0.34435,2.87231,0.50000,1.00000,0.54338,0.61111,0.60000,0.00000,0.72174
316,0.3081,2596864,2485,0.00878,1.12e-03,0.5136,253.9519,0.68600,839.09939,0.71429,0.72771,2241.38126,1.49836,-0.02633,-0.21925,0.14146,-0.03085,0.42848,0.72009,-0.04570,0.15512,-0.03783,-0.05669,0.04501,0.23578,0.34492,2.90167,0.00000,1.00000,0.54422,0.61905,0.50000,0.00000,0.72461
317,0.3090,2605056,2441,0.01477,1.12e-03,0.5137,250.0915,0.68600,747.51000,0.80000,0.70841,2213.99352,1.51090,-0.02685,-0.21713,0.14295,-0.02902,0.41431,0.70102,-0.04722,0.15640,-0.03707,-0.05652,0.04608,0.23718,0.34087,2.19500,0.00000,2.00000,0.54422,0.66667,0.70000,0.00000,0.70434
318,0.3100,2613248,2381,0.03041,7.79e-04,0.5137,231.7551,0.68600,575.55045,0.80000,0.71865,2202.19472,1.58074,-0.02702,-0.21606,0.15108,-0.03133,0.42705,0.70961,-0.04787,0.16501,-0.02984,-0.05624,0.04776,0.25317,0.34458,1.48400,0.00000,4.00000,0.54535,0.40000,0.37500,0.00000,0.72291
319,0.3109,2621440,2444,0.00867,9.35e-04,0.5138,217.7562,0.68600,679.98399,0.84615,0.73415,2241.67962,1.57555,-0.02687,-0.21978,0.15335,-0.02697,0.43286,0.72470,-0.04748,0.16291,-0.02638,-0.05626,0.04621,0.25061,0.34720,2.21600,0.50000,3.00000,0.53819,0.50000,0.47368,0.00000,0.73598
320,0.3118,2629632,2434,0.02569,6.49e-04,0.5138,270.9242,0.68600,850.14242,0.70000,0.73368,2178.63832,1.53672,-0.02682,-0.21298,0.15091,-0.03006,0.43311,0.72591,-0.04704,0.16233,-0.03744,-0.05605,0.04599,0.24805,0.34577,2.81385,0.50000,2.00000,0.53819,0.70000,0.75000,0.00000,0.72883
321,0.3128,2637824,2429,0.01111,7.79e-04,0.5139,291.4381,0.68600,873.79351,0.70000,0.71373,2118.08686,1.57988,-0.02669,-0.20855,0.16129,-0.03029,0.42058,0.70544,-0.04385,0.16483,-0.02547,-0.05546,0.04682,0.25177,0.34014,2.38333,0.00000,1.00000,0.56214,0.80000,0.83333,0.00000,0.70071
322,0.3137,2646016,2429,0.01039,9.35e-04,0.5140,173.3206,0.68600,845.76229,0.85714,0.71040,2259.69603,1.59079,-0.02671,-0.22155,0.16064,-0.03136,0.41915,0.70168,-0.04685,0.16774,-0.03581,-0.05653,0.04975,0.25635,0.34055,2.79273,0.00000,1.00000,0.56214,0.64286,0.72727,0.00000,0.70277
323,0.3147,2654208,2463,0.00990,9.35e-04,0.5140,182.4650,0.68600,740.94580,0.85000,0.72813,2182.35127,1.58314,-0.02659,-0.21445,0.15711,-0.03188,0.42736,0.71999,-0.04754,0.16510,-0.02794,-0.05593,0.04894,0.25500,0.34322,2.00308,0.00000,2.00000,0.56747,0.55000,0.53333,0.00000,0.71608
324,0.3156,2662400,2445,0.05670,5.41e-04,0.5141,175.8125,0.68600,944.21941,0.54545,0.71945,2166.63211,1.58142,-0.02728,-0.21293,0.15585,-0.03158,0.41998,0.71092,-0.04748,0.16402,-0.02886,-0.05566,0.04844,0.25378,0.34102,2.12000,0.00000,1.00000,0.56747,0.63636,0.40000,0.00000,0.70509
325,0.3165,2670592,2434,0.02447,3.76e-04,0.5142,193.4363,0.68600,724.25829,0.80000,0.69797,2159.87528,1.50633,-0.02697,-0.21202,0.14725,-0.03044,0.40970,0.69089,-0.04672,0.15411,-0.02702,-0.05537,0.04577,0.23798,0.33782,1.81571,0.50000,2.00000,0.55809,0.55000,0.50000,0.00000,0.68910
326,0.3175,2678784,2382,0.02096,2.61e-04,0.5142,190.1088,0.68600,798.59752,0.80000,0.69431,2138.40702,1.49434,-0.02692,-0.20968,0.15294,-0.02753,0.40556,0.68726,-0.04648,0.15387,-0.03079,-0.05604,0.04621,0.23859,0.33620,2.13750,0.00000,0.00000,0.55809,0.53333,0.41667,0.00000,0.68100
327,0.3184,2686976,2422,0.00747,3.13e-04,0.5142,251.8756,0.68600,727.44175,0.76923,0.70105,2245.55585,1.55883,-0.02694,-0.21989,0.15656,-0.03006,0.41108,0.69273,-0.04740,0.16375,-0.02429,-0.05664,0.04912,0.25220,0.33851,2.31000,0.00000,2.00000,0.54728,0.53846,0.50000,0.00000,0.69254
328,0.3194,2695168,2391,0.01810,2.17e-04,0.5142,190.0807,0.68600,893.74575,0.76923,0.70496,2198.87797,1.55826,-0.02726,-0.21541,0.15134,-0.03161,0.41877,0.69792,-0.04900,0.16013,-0.02756,-0.05598,0.04811,0.24927,0.34162,2.02889,0.00000,0.00000,0.54728,0.69231,0.60000,0.00000,0.70812
329,0.3203,2703360,2441,0.00908,3.13e-04,0.5142,242.7839,0.68600,664.73232,0.92857,0.71157,2205.95528,1.59995,-0.02722,-0.21614,0.16115,-0.02979,0.42083,0.70344,-0.04972,0.16755,-0.02542,-0.05525,0.05087,0.25970,0.34178,2.21333,0.00000,3.00000,0.55755,0.57143,0.70000,0.00000,0.70889
330,0.3213,2711552,2422,0.00735,4.51e-04,0.5142,239.2071,0.68600,888.75287,0.78947,0.71417,2232.73424,1.57765,-0.02687,-0.21914,0.15615,-0.03111,0.42162,0.70583,-0.04999,0.16428,-0.03099,-0.05670,0.04773,0.25232,0.34267,2.44308,0.00000,2.00000,0.55755,0.73684,0.84615,0.00000,0.71336
331,0.3222,2719744,2456,0.01632,3.76e-04,0.5142,236.7799,0.68600,588.49517,0.88889,0.73021,2214.09796,1.62130,-0.02664,-0.21745,0.16321,-0.03083,0.43145,0.72111,-0.04809,0.17050,-0.02594,-0.05733,0.04993,0.26190,0.34594,2.31111,0.00000,1.00000,0.55537,0.27778,0.26667,0.00000,0.72968
332,0.3231,2727936,2412,0.00324,6.49e-04,0.5142,208.2487,0.68600,920.97788,0.64706,0.73954,2196.03818,1.61874,-0.02699,-0.21556,0.15643,-0.03076,0.43354,0.72962,-0.04845,0.17209,-0.02899,-0.05578,0.05136,0.26465,0.34616,2.47778,0.00000,0.00000,0.55537,0.64706,0.45455,0.00000,0.73080
333,0.3241,2736128,2458,0.00570,9.35e-04,0.5142,172.8238,0.68600,666.76360,0.80000,0.74344,2263.02592,1.65788,-0.02665,-0.22217,0.17115,-0.03399,0.43510,0.73462,-0.04613,0.17500,-0.03753,-0.05653,0.05059,0.27063,0.34629,1.57778,0.50000,5.00000,0.54983,0.45000,0.54545,0.00000,0.73144
334,0.3250,2744320,2445,0.00825,1.35e-03,0.5142,204.7958,0.68600,795.34704,0.83333,0.76316,2172.52567,1.69973,-0.02682,-0.21312,0.17615,-0.03273,0.44483,0.75398,-0.04591,0.18015,-0.03637,-0.05621,0.05422,0.27905,0.34760,1.88286,0.00000,2.00000,0.54983,0.50000,0.50000,0.00000,0.73801
335,0.3260,2752512,2412,0.00729,1.94e-03,0.5142,270.4603,0.68600,748.28105,0.72414,0.76271,2193.50386,1.62344,-0.02655,-0.21460,0.16637,-0.02881,0.44382,0.75390,-0.04500,0.17107,-0.04038,-0.05569,0.05170,0.26495,0.34695,3.14533,0.00000,4.00000,0.53885,0.51724,0.41176,0.00000,0.73477
336,0.3269,2760704,2459,0.02491,1.35e-03,0.5142,280.8331,0.68600,950.70252,0.56250,0.74026,2127.71292,1.58336,-0.02708,-0.20847,0.16089,-0.02900,0.43329,0.73164,-0.04641,0.16673,-0.04069,-0.05613,0.04968,0.25775,0.34575,2.36286,0.00000,1.00000,0.53885,0.62500,0.50000,0.00000,0.72875
337,0.3278,2768896,2416,0.01546,1.12e-03,0.5142,213.4046,0.68600,876.64975,0.70000,0.70666,2197.94708,1.56683,-0.02742,-0.21547,0.16290,-0.02712,0.41797,0.69774,-0.04768,0.15984,-0.04141,-0.05513,0.04904,0.25018,0.34006,3.98667,0.00000,0.00000,0.53885,0.70000,0.57143,0.00000,0.70028
338,0.3288,2777088,2457,0.03158,7.79e-04,0.5143,180.6089,0.68600,697.86411,0.82353,0.70723,2213.56201,1.57265,-0.02697,-0.21696,0.16448,-0.02906,0.41628,0.69799,-0.04712,0.16113,-0.04120,-0.05609,0.04924,0.25092,0.34033,2.46250,0.00000,2.00000,0.53682,0.52941,0.50000,0.00000,0.70164
339,0.3297,2785280,2446,0.01093,9.35e-04,0.5143,246.1045,0.68600,620.96881,1.00000,0.72444,2148.56035,1.59300,-0.02696,-0.21122,0.16843,-0.03129,0.42540,0.71589,-0.04810,0.16407,-0.02874,-0.05510,0.05055,0.25427,0.34354,2.16909,0.00000,2.00000,0.53682,0.46667,0.53846,0.00000,0.71770
340,0.3306,2793472,2447,0.01148,1.12e-03,0.5143,193.8638,0.68600,626.61278,0.85714,0.73055,2194.14143,1.64490,-0.02714,-0.21577,0.17394,-0.02960,0.42721,0.72070,-0.04712,0.16837,-0.03405,-0.05536,0.05173,0.26410,0.34429,2.27714,0.00000,2.00000,0.53531,0.50000,0.50000,0.00000,0.72145
341,0.3315,2801664,2505,0.00921,1.35e-03,0.5144,262.4519,0.68600,948.26121,0.66667,0.74220,2182.94871,1.64333,-0.02693,-0.21463,0.17597,-0.03124,0.43235,0.73292,-0.04770,0.17177,-0.02840,-0.05546,0.05084,0.26599,0.34529,2.10000,0.00000,0.00000,0.53531,0.71429,0.57143,0.00000,0.72644
342,0.3325,2809856,2468,0.01768,9.35e-04,0.5144,213.1354,0.68600,970.94909,0.71429,0.72119,2222.22388,1.61756,-0.02749,-0.21846,0.17009,-0.02620,0.42594,0.71199,-0.04909,0.16497,-0.04074,-0.05551,0.05215,0.25903,0.34409,1.94444,0.00000,1.00000,0.54265,0.71429,0.66667,0.00000,0.72047
343,0.3334,2818048,2380,0.01520,7.79e-04,0.5145,140.8256,0.68600,878.98002,0.76923,0.71670,2241.38139,1.58140,-0.02754,-0.21960,0.16574,-0.02928,0.42111,0.70926,-0.05039,0.16317,-0.04119,-0.05725,0.05042,0.25592,0.34341,2.17750,0.00000,1.00000,0.54265,0.76923,0.77778,0.00000,0.71704
344,0.3344,2826240,2366,0.01286,7.79e-04,0.5145,157.4866,0.68600,726.27495,0.92308,0.70570,2223.11572,1.54076,-0.02748,-0.21720,0.16160,-0.03143,0.41670,0.69848,-0.05007,0.16094,-0.04661,-0.05598,0.04852,0.25177,0.34265,1.76750,0.00000,2.00000,0.56207,0.61538,0.70000,0.00000,0.71323
345,0.3353,2834432,2451,0.00937,1.12e-03,0.5145,219.2329,0.68600,856.35473,0.60000,0.71363,2273.04918,1.53192,-0.02727,-0.22171,0.16317,-0.02925,0.42087,0.70556,-0.04911,0.15931,-0.05407,-0.05680,0.04699,0.24738,0.34334,1.95667,0.00000,1.00000,0.56207,0.60000,0.37500,0.00000,0.71668
346,0.3363,2842624,2442,0.02867,6.49e-04,0.5146,170.8338,0.68600,852.92021,0.62500,0.71202,2177.05429,1.52266,-0.02710,-0.21337,0.15168,-0.02846,0.42088,0.70442,-0.04850,0.15212,-0.02117,-0.05602,0.04508,0.23547,0.34205,1.71333,0.50000,2.00000,0.54961,0.62500,0.50000,0.00000,0.71027
347,0.3372,2850816,2399,0.01917,4.51e-04,0.5147,286.2617,0.68600,895.00996,0.65217,0.69072,2157.12718,1.46914,-0.02719,-0.21117,0.14712,-0.02881,0.40995,0.68320,-0.04871,0.15013,-0.02860,-0.05541,0.04351,0.22937,0.33712,2.63167,0.00000,1.00000,0.54961,0.65217,0.64286,0.00000,0.68559
348,0.0010,8192,2254,0.01103,4.51e-04,0.5147,1065.7759,0.68600,6.48630,0.11765,0.90641,716.45078,0.58197,-0.02402,-0.07118,0.07410,-0.01203,0.53536,0.90076,-0.03248,0.08085,-0.00789,-0.05902,0.01916,0.09955,0.38126,0.00000,0.00000,0.00000,0.54961,0.05882,0.00000,0.00000,0.90628
349,0.0021,16384,2164,0.00693,6.49e-04,0.5147,393.8202,0.68600,37.66274,0.52941,0.53597,1321.25371,0.79024,-0.03017,-0.12971,0.09283,-0.01401,0.30547,0.52991,-0.03263,0.08516,-0.02722,-0.05469,0.02552,0.12958,0.30025,0.00000,0.00000,2.00000,0.54961,0.29412,0.00000,0.00000,0.50123
350,0.0031,24576,2259,0.00916,7.79e-04,0.5147,346.8806,0.68600,56.78279,0.72222,0.49110,1670.67969,0.81326,-0.02887,-0.16332,0.08549,-0.01521,0.28374,0.48566,-0.03882,0.08384,-0.03934,-0.05430,0.02524,0.12823,0.29747,0.00000,0.00000,0.00000,0.49465,0.22222,0.00000,0.00000,0.48735
351,0.0040,32768,2558,0.00851,9.35e-04,0.5147,315.1162,0.68600,115.60623,0.63636,0.55750,2184.47550,1.02046,-0.02802,-0.21347,0.09704,-0.01936,0.31684,0.55117,-0.04708,0.09856,-0.04870,-0.05611,0.02854,0.15045,0.31007,0.00000,0.00000,1.00000,0.49465,0.36364,0.00000,0.00000,0.55036
352,0.0049,40960,2626,0.00917,1.35e-03,0.5148,276.0386,0.68600,117.72268,0.75000,0.65705,2281.23930,1.29554,-0.02716,-0.22367,0.10726,-0.02292,0.37838,0.64866,-0.04817,0.12599,-0.03357,-0.05637,0.03520,0.19073,0.32851,0.00000,0.00000,1.00000,0.44518,0.25000,0.00000,0.00000,0.64253
353,0.0057,49152,2571,0.01515,1.12e-03,0.5148,280.3871,0.68600,177.28293,0.75000,0.71957,2305.74502,1.48464,-0.02713,-0.22626,0.11800,-0.02970,0.41606,0.71001,-0.05012,0.15320,-0.03505,-0.05693,0.04467,0.23303,0.34032,1.86667,0.00000,0.00000,0.44518,0.50000,0.33333,0.00000,0.70160
354,0.0066,57344,2643,0.02655,7.79e-04,0.5149,259.7340,0.68600,266.82150,0.71429,0.74329,2345.06249,1.55884,-0.02735,-0.22922,0.12808,-0.03299,0.42865,0.73349,-0.04935,0.16358,-0.03779,-0.05794,0.04881,0.25183,0.34536,1.52000,0.00000,2.00000,0.43596,0.50000,0.37500,0.00000,0.72681
355,0.0075,65536,2541,0.01543,6.49e-04,0.5150,235.8734,0.68600,255.35496,0.82353,0.74389,2241.98476,1.56773,-0.02700,-0.21973,0.13330,-0.02904,0.43001,0.73573,-0.04913,0.16075,-0.02368,-0.05726,0.04850,0.24744,0.34695,2.02400,0.00000,1.00000,0.43596,0.52941,0.46154,0.00000,0.73475
356,0.0084,73728,2626,0.00900,7.79e-04,0.5150,197.1861,0.68600,376.72237,0.62500,0.73709,2218.66604,1.56821,-0.02679,-0.21782,0.14923,-0.03268,0.43097,0.72857,-0.04862,0.16415,-0.02847,-0.05552,0.04702,0.25372,0.34559,2.27200,0.00000,3.00000,0.44236,0.62500,0.57143,0.00000,0.72793
357,0.0092,81920,2596,0.01136,9.35e-04,0.5151,234.4941,0.68600,441.68830,0.72222,0.73927,2283.58886,1.54841,-0.02668,-0.22346,0.14844,-0.03016,0.43249,0.73136,-0.04848,0.15575,-0.03276,-0.05569,0.04580,0.24158,0.34486,2.01455,0.00000,1.00000,0.44236,0.50000,0.41667,0.00000,0.72429
358,0.0101,90112,2581,0.00922,1.12e-03,0.5151,326.4783,0.68600,405.74961,0.85714,0.72633,2277.88794,1.61647,-0.02731,-0.22305,0.16656,-0.03003,0.42674,0.71773,-0.04802,0.16646,-0.03830,-0.05586,0.04926,0.25671,0.34392,2.54857,0.00000,2.00000,0.44813,0.57143,0.60000,0.00000,0.71960
359,0.0110,98304,2639,0.01485,1.12e-03,0.5151,227.6197,0.68600,594.33239,0.64706,0.73938,2285.82563,1.62905,-0.02690,-0.22421,0.16952,-0.03273,0.43234,0.73189,-0.04890,0.16699,-0.03386,-0.05741,0.04927,0.25769,0.34578,2.00500,0.00000,2.00000,0.44813,0.58824,0.44444,0.00000,0.72891
360,0.0119,106496,2610,0.01026,1.35e-03,0.5151,335.7999,0.68600,495.37145,0.76471,0.74560,2313.82184,1.58153,-0.02659,-0.22674,0.16191,-0.03390,0.43941,0.73851,-0.04734,0.16314,-0.04297,-0.05741,0.04892,0.25287,0.34911,2.17000,0.00000,4.00000,0.45331,0.52941,0.55556,0.00000,0.74553
361,0.0128,114688,2578,0.00832,1.94e-03,0.5152,350.1176,0.68600,873.23121,0.53846,0.74848,2335.86225,1.64819,-0.02629,-0.22872,0.16717,-0.03466,0.43871,0.74003,-0.04547,0.16840,-0.03679,-0.05745,0.04846,0.25873,0.34753,1.43429,0.50000,2.00000,0.45331,0.76923,0.80000,0.00000,0.73766
362,0.0136,122880,2575,0.02989,1.12e-03,0.5152,265.4147,0.68600,759.55896,0.78571,0.72954,2313.03970,1.58844,-0.02655,-0.22649,0.16085,-0.03368,0.43136,0.72231,-0.04776,0.16457,-0.04896,-0.05803,0.04663,0.25189,0.34542,3.02600,0.00000,1.00000,0.45331,0.71429,0.70000,0.00000,0.72711
363,0.0145,131072,2563,0.03635,6.49e-04,0.5152,276.0318,0.68600,841.62627,0.67857,0.73154,2218.82829,1.52629,-0.02691,-0.21772,0.15234,-0.03181,0.42692,0.72451,-0.04936,0.15548,-0.03668,-0.05711,0.04405,0.23877,0.34411,2.44353,0.50000,2.00000,0.46423,0.53571,0.41176,0.00000,0.72054
364,0.0154,139264,2585,0.01448,5.41e-04,0.5152,202.9405,0.68600,614.06362,0.93333,0.72684,2175.72591,1.52973,-0.02757,-0.21394,0.15006,-0.02702,0.42086,0.71826,-0.04985,0.15582,-0.02466,-0.05633,0.04425,0.23975,0.34198,3.29333,0.00000,2.00000,0.46423,0.40000,0.50000,0.00000,0.70988
365,0.0163,147456,2578,0.00911,6.49e-04,0.5152,258.0986,0.68600,775.65967,0.81818,0.70635,2206.08931,1.47174,-0.02728,-0.21612,0.14572,-0.03058,0.41163,0.69805,-0.04953,0.15202,-0.03969,-0.05530,0.04334,0.23358,0.33898,3.36533,0.50000,2.00000,0.47852,0.63636,0.68750,0.00000,0.69489
366,0.0172,155648,2548,0.00975,9.35e-04,0.5153,242.1146,0.68600,792.48430,0.90909,0.69075,2233.96389,1.45209,-0.02733,-0.21909,0.14743,-0.03061,0.40550,0.68262,-0.05031,0.14998,-0.03582,-0.05671,0.04227,0.23071,0.33730,1.87778,0.00000,0.00000,0.47852,0.63636,0.60000,0.00000,0.68649
367,0.0181,163840,2570,0.02800,5.41e-04,0.5153,203.6074,0.68600,649.78276,0.75000,0.69827,2226.91012,1.52430,-0.02753,-0.21879,0.15139,-0.02824,0.41012,0.69041,-0.05221,0.15431,-0.02833,-0.05588,0.04522,0.23950,0.33846,2.51250,0.50000,2.00000,0.47567,0.43750,0.30000,0.00000,0.69232
368,0.0190,172032,2573,0.01421,5.41e-04,0.5153,250.4157,0.68600,975.49032,0.66667,0.71379,2215.76621,1.52181,-0.02757,-0.21744,0.14856,-0.02930,0.41864,0.70606,-0.05187,0.14952,-0.02700,-0.05586,0.04674,0.23499,0.34078,2.26200,0.00000,0.00000,0.47567,0.86667,0.80000,0.00000,0.70391
369,0.0199,180224,2506,0.01439,4.51e-04,0.5153,225.9271,0.68600,767.63993,0.85714,0.71677,2163.94708,1.53537,-0.02778,-0.21204,0.14190,-0.03008,0.41689,0.70882,-0.05336,0.15359,-0.03099,-0.05521,0.04695,0.24078,0.34002,1.67000,0.00000,1.00000,0.49477,0.50000,0.54545,0.00000,0.70011
370,0.0208,188416,2620,0.02365,3.13e-04,0.5153,230.3520,0.68600,778.12409,0.80000,0.71329,2169.90880,1.51309,-0.02739,-0.21285,0.13822,-0.02797,0.41879,0.70578,-0.05240,0.14861,-0.02721,-0.05497,0.04667,0.23450,0.33972,2.06400,0.00000,1.00000,0.49477,0.53333,0.45455,0.00000,0.69862
371,0.0217,196608,2527,0.00261,6.49e-04,0.5154,243.9216,0.68600,516.88575,0.93750,0.71473,2168.86326,1.50472,-0.02741,-0.21312,0.14515,-0.02866,0.42083,0.70754,-0.05236,0.14705,-0.02690,-0.05623,0.04486,0.23071,0.34096,3.69500,0.00000,2.00000,0.48696,0.37500,0.38462,0.00000,0.70478
372,0.0226,204800,2506,0.01011,9.35e-04,0.5154,243.7810,0.68600,750.51937,0.80952,0.71785,2247.17481,1.50137,-0.02719,-0.22029,0.14402,-0.02863,0.42190,0.71075,-0.05150,0.14623,-0.03838,-0.05686,0.04848,0.23132,0.34016,1.81538,0.50000,2.00000,0.48696,0.47619,0.40000,0.00000,0.70078
373,0.0235,212992,2610,0.01413,7.79e-04,0.5155,176.8433,0.68600,914.50473,0.57143,0.71620,2200.52438,1.53938,-0.02737,-0.21554,0.14637,-0.02873,0.42119,0.70771,-0.04987,0.15684,-0.03398,-0.05667,0.04934,0.24579,0.34000,1.47714,0.50000,2.00000,0.48112,0.57143,0.50000,0.00000,0.70000
374,0.0244,221184,2464,0.01919,5.41e-04,0.5155,276.4230,0.68600,727.56256,0.70588,0.70252,2200.86077,1.50225,-0.02706,-0.21572,0.14396,-0.02672,0.41159,0.69518,-0.04956,0.14916,-0.02817,-0.05629,0.04740,0.23376,0.33602,2.10857,0.50000,3.00000,0.48112,0.47059,0.33333,0.00000,0.68008
375,0.0253,229376,2408,0.00819,7.79e-04,0.5156,314.4662,0.68600,655.65276,0.87500,0.71581,2249.83981,1.56771,-0.02725,-0.22115,0.15373,-0.03201,0.42080,0.70707,-0.04997,0.15986,-0.03010,-0.05572,0.04891,0.24951,0.33873,1.97600,0.00000,1.00000,0.46483,0.37500,0.30769,0.00000,0.69366
376,0.0262,237568,2574,0.00950,9.35e-04,0.5158,224.1669,0.68600,820.47270,0.57143,0.73060,2228.13692,1.57789,-0.02713,-0.21854,0.14931,-0.02860,0.43199,0.72190,-0.04921,0.16496,-0.03955,-0.05692,0.05103,0.25653,0.34341,1.32667,0.00000,5.00000,0.46483,0.50000,0.66667,0.00000,0.71707
377,0.0271,245760,2543,0.01246,9.35e-04,0.5158,216.0436,0.68600,589.43159,0.85714,0.72701,2191.91586,1.61124,-0.02734,-0.21533,0.15551,-0.02935,0.42556,0.71681,-0.04899,0.16205,-0.02531,-0.05523,0.04988,0.25476,0.34098,2.60286,0.00000,1.00000,0.46483,0.42857,0.36364,0.00000,0.70490
378,0.0280,253952,2638,0.01170,1.12e-03,0.5159,214.0394,0.68600,893.03226,0.73913,0.74041,2234.23310,1.64673,-0.02699,-0.21928,0.16191,-0.03124,0.43296,0.73057,-0.04768,0.16681,-0.02677,-0.05609,0.05189,0.26263,0.34333,2.52133,0.00000,1.00000,0.47168,0.69565,0.62500,0.00000,0.71664
379,0.0289,262144,2480,0.01237,1.35e-03,0.5160,209.1781,0.68600,645.99378,0.87500,0.74001,2108.08675,1.59281,-0.02749,-0.20712,0.15704,-0.02900,0.43807,0.72923,-0.04964,0.16498,-0.02136,-0.05608,0.05043,0.26019,0.34538,2.26250,0.00000,2.00000,0.47168,0.43750,0.41667,0.00000,0.72692
380,0.0298,270336,2476,0.01039,1.62e-03,0.5161,223.7152,0.68600,693.96663,0.83333,0.72393,2040.65494,1.57180,-0.02774,-0.20042,0.14941,-0.03023,0.42368,0.71325,-0.04955,0.16746,-0.02618,-0.05484,0.05113,0.26215,0.34157,1.66000,0.50000,3.00000,0.46618,0.44444,0.41667,0.00000,0.70783
381,0.0307,278528,2529,0.02511,9.35e-04,0.5162,207.5132,0.68600,965.49194,0.77273,0.71788,2038.13870,1.53699,-0.02725,-0.19971,0.14866,-0.03288,0.41850,0.70755,-0.04831,0.16355,-0.02508,-0.05478,0.04851,0.25726,0.33986,2.15600,0.00000,0.00000,0.48427,0.72727,0.64706,0.00000,0.69931
382,0.0316,286720,2620,0.01205,9.35e-04,0.5162,281.3522,0.68600,545.50267,0.90000,0.70571,2146.80936,1.56769,-0.02728,-0.21036,0.16240,-0.03197,0.41224,0.69579,-0.04887,0.16300,-0.02729,-0.05556,0.05206,0.25806,0.33909,1.51333,0.00000,1.00000,0.48427,0.50000,0.50000,0.00000,0.69547
383,0.0325,294912,2615,0.01228,1.12e-03,0.5163,209.9109,0.68600,886.37259,0.68421,0.71658,2185.64271,1.57871,-0.02728,-0.21473,0.16262,-0.03054,0.42147,0.70781,-0.04813,0.15962,-0.02908,-0.05547,0.04973,0.25537,0.34102,1.75167,0.50000,1.00000,0.49584,0.73684,0.66667,0.00000,0.70509
384,0.0334,303104,2545,0.02040,7.79e-04,0.5163,209.8652,0.68600,900.67675,0.80000,0.73065,2105.98364,1.58437,-0.02733,-0.20654,0.16084,-0.02998,0.42907,0.72015,-0.04703,0.15985,-0.02618,-0.05497,0.04943,0.25433,0.34335,1.74000,0.00000,0.00000,0.49584,0.73333,0.66667,0.00000,0.71677
385,0.0343,311296,2563,0.00820,1.12e-03,0.5164,237.4078,0.68600,800.71328,1.00000,0.72409,2237.72562,1.59104,-0.02725,-0.21976,0.16217,-0.03405,0.41936,0.71393,-0.04960,0.16616,-0.02957,-0.05524,0.05106,0.26215,0.34050,2.65778,0.00000,1.00000,0.51768,0.70000,0.77778,0.00000,0.70251
386,0.0352,319488,2422,0.01391,9.35e-04,0.5165,275.4640,0.68600,747.34734,0.87500,0.73778,2185.17082,1.61533,-0.02712,-0.21439,0.15266,-0.03553,0.42855,0.72722,-0.04847,0.16822,-0.02888,-0.05488,0.05196,0.26483,0.34396,2.11667,0.50000,2.00000,0.51768,0.68750,0.75000,0.00000,0.71979
387,0.0361,327680,2584,0.02297,6.49e-04,0.5166,208.4654,0.68600,794.56362,0.73684,0.75961,2230.33236,1.71602,-0.02680,-0.21852,0.16958,-0.03499,0.44594,0.74799,-0.04571,0.18032,-0.02870,-0.05521,0.05328,0.28375,0.34838,2.92200,0.00000,2.00000,0.52842,0.57895,0.50000,0.00000,0.74190
388,0.0370,335872,2469,0.01818,5.41e-04,0.5166,258.2207,0.68600,843.57657,0.72222,0.76344,2200.87954,1.71988,-0.02682,-0.21598,0.17798,-0.03316,0.45255,0.75255,-0.04649,0.17838,-0.02697,-0.05550,0.05351,0.28064,0.35125,3.18000,0.50000,2.00000,0.52842,0.66667,0.63636,0.00000,0.75627
389,0.0379,344064,2627,0.01406,5.41e-04,0.5166,192.2928,0.68600,871.30696,0.76923,0.75935,2233.07571,1.70168,-0.02672,-0.21974,0.17953,-0.03368,0.44580,0.74859,-0.04510,0.17322,-0.02758,-0.05549,0.05137,0.27362,0.34879,1.92400,0.50000,1.00000,0.54557,0.76923,0.77778,0.00000,0.74393
390,0.0388,352256,2546,0.00537,9.35e-04,0.5167,197.1073,0.68600,845.77347,0.66667,0.76049,2242.51688,1.67056,-0.02679,-0.22019,0.17704,-0.03263,0.44483,0.74855,-0.04600,0.16875,-0.03248,-0.05614,0.05062,0.26764,0.34841,1.50000,0.50000,3.00000,0.54557,0.61111,0.55556,0.00000,0.74204
391,0.0397,360448,2523,0.01066,1.12e-03,0.5167,240.1133,0.68600,706.97044,0.89474,0.75919,2161.70320,1.68470,-0.02677,-0.21196,0.18087,-0.03362,0.44151,0.74759,-0.04593,0.17389,-0.02949,-0.05501,0.05363,0.27423,0.34719,2.24545,0.00000,3.00000,0.54319,0.47368,0.50000,0.00000,0.73596
392,0.0406,368640,2590,0.10118,6.49e-04,0.5167,201.8944,0.68600,877.13629,0.63636,0.75967,2229.52618,1.69935,-0.02699,-0.21817,0.18210,-0.03291,0.44674,0.74698,-0.04717,0.17679,-0.03981,-0.05568,0.05500,0.28027,0.34882,1.65200,0.50000,3.00000,0.54319,0.63636,1.00000,0.00000,0.74412
393,0.0415,376832,2385,0.02538,4.51e-04,0.5168,226.4070,0.68600,992.02711,0.50000,0.74153,2163.32467,1.66265,-0.02727,-0.21286,0.17483,-0.03263,0.43308,0.73027,-0.04978,0.16857,-0.02798,-0.05446,0.05314,0.26685,0.34448,2.23600,0.00000,1.00000,0.54319,0.71429,0.66667,0.00000,0.72242
394,0.0425,385024,2481,0.00814,6.49e-04,0.5168,235.3543,0.68600,891.10304,0.80000,0.73137,2199.91903,1.58997,-0.02722,-0.21569,0.16874,-0.03414,0.43186,0.72199,-0.05065,0.16440,-0.03050,-0.05594,0.05068,0.25934,0.34599,1.85176,0.50000,1.00000,0.56128,0.60000,0.68421,0.00000,0.72994
395,0.0434,393216,2404,0.02902,4.51e-04,0.5168,229.9844,0.68600,781.99272,0.88889,0.72778,2180.33699,1.53857,-0.02767,-0.21398,0.15587,-0.03044,0.42659,0.71822,-0.05119,0.15630,-0.02941,-0.05564,0.05059,0.24670,0.34332,2.31286,0.00000,2.00000,0.56128,0.66667,0.71429,0.00000,0.71660
396,0.0443,401408,2505,0.00719,6.49e-04,0.5168,245.1823,0.68600,755.65039,0.88889,0.72872,2169.86385,1.56132,-0.02735,-0.21312,0.15186,-0.02808,0.42580,0.71861,-0.04788,0.15875,-0.03684,-0.05563,0.04959,0.24915,0.34117,1.79455,0.00000,3.00000,0.57923,0.66667,0.76923,0.00000,0.70583
397,0.0452,409600,2504,0.03231,4.51e-04,0.5168,249.0713,0.68600,965.81413,0.68750,0.71633,2147.23127,1.50601,-0.02761,-0.21040,0.13958,-0.03045,0.42270,0.70667,-0.04880,0.15187,-0.03248,-0.05655,0.04504,0.23846,0.34122,2.13400,0.00000,0.00000,0.57923,0.75000,0.72727,0.00000,0.70611
398,0.0461,417792,2532,0.01308,4.51e-04,0.5168,201.0130,0.68600,647.28656,0.90909,0.70392,2266.21664,1.51675,-0.02773,-0.22229,0.13915,-0.02963,0.41474,0.69484,-0.05328,0.15395,-0.02837,-0.05721,0.04525,0.24231,0.33890,1.91143,0.50000,2.00000,0.58973,0.54545,0.62500,0.00000,0.69450
399,0.0471,425984,2298,0.01690,3.76e-04,0.5168,205.8081,0.68600,876.24107,0.85714,0.71141,2214.07309,1.49422,-0.02749,-0.21723,0.13899,-0.02876,0.41700,0.70294,-0.05292,0.15376,-0.03852,-0.05637,0.04376,0.23944,0.33981,2.49882,0.00000,0.00000,0.59742,0.71429,0.66667,0.00000,0.69906
400,0.0480,434176,2695,0.00587,4.51e-04,0.5168,217.5604,0.68600,813.97047,0.81818,0.71338,2232.40793,1.51427,-0.02801,-0.21860,0.14124,-0.03132,0.42161,0.70394,-0.05357,0.15735,-0.04300,-0.05630,0.04653,0.24622,0.34192,3.02250,0.00000,0.00000,0.59742,0.63636,0.55556,0.00000,0.70961
401,0.0488,442368,2644,0.00901,5.41e-04,0.5168,243.3420,0.68200,892.38776,0.62500,0.71778,2249.44328,1.52643,-0.02768,-0.22083,0.14499,-0.03168,0.41762,0.70817,-0.05342,0.15303,-0.03504,-0.05724,0.04597,0.23920,0.33905,2.62000,0.00000,2.00000,0.60827,0.75000,0.87500,0.00000,0.69527
402,0.0497,450560,2665,0.01007,6.49e-04,0.5168,252.9109,0.68200,711.78707,0.87500,0.71987,2253.18720,1.51397,-0.02789,-0.22091,0.14971,-0.02886,0.41821,0.70954,-0.05258,0.15008,-0.03633,-0.05674,0.04491,0.23456,0.33972,2.63800,0.50000,1.00000,0.60827,0.56250,0.53846,0.00000,0.69862
403,0.0506,458752,2659,0.01155,7.79e-04,0.5169,230.4744,0.68200,726.08740,0.73333,0.71239,2212.19714,1.52313,-0.02789,-0.21728,0.14976,-0.02919,0.41787,0.70226,-0.05213,0.15374,-0.03182,-0.05586,0.04530,0.24042,0.33969,2.40333,0.50000,3.00000,0.59506,0.46667,0.37500,0.00000,0.69846
404,0.0514,466944,2810,0.01907,5.41e-04,0.5169,180.9883,0.68200,871.14434,0.63158,0.70901,2120.61154,1.46808,-0.02788,-0.20830,0.13900,-0.02783,0.41448,0.69991,-0.05012,0.14686,-0.02358,-0.05606,0.04352,0.23059,0.33977,2.63750,0.00000,1.00000,0.59506,0.57895,0.54545,0.00000,0.69885
405,0.0522,475136,2640,0.01211,5.41e-04,0.5169,177.8293,0.68200,607.97068,0.93333,0.69887,2115.37756,1.46772,-0.02793,-0.20803,0.14500,-0.02753,0.40504,0.68905,-0.05096,0.14988,-0.02750,-0.05544,0.04417,0.23273,0.33582,3.08889,0.00000,3.00000,0.59465,0.53333,0.63636,0.00000,0.67911
406,0.0531,483328,2773,0.01558,4.51e-04,0.5170,226.3603,0.68200,771.45622,0.81250,0.70308,2234.29039,1.53077,-0.02758,-0.21911,0.16069,-0.03168,0.40998,0.69280,-0.04901,0.15797,-0.02718,-0.05615,0.04524,0.24609,0.33835,1.94000,0.00000,1.00000,0.59465,0.62500,0.58333,0.00000,0.69175
407,0.0539,491520,2729,0.01798,3.76e-04,0.5170,230.4138,0.68200,575.80105,0.87500,0.72181,2239.70870,1.53778,-0.02776,-0.21953,0.16009,-0.02963,0.41737,0.71146,-0.04961,0.15797,-0.04008,-0.05694,0.04709,0.25116,0.34132,2.77250,0.50000,4.00000,0.58518,0.37500,0.40000,0.00000,0.70659
408,0.0548,499712,2629,0.00322,6.49e-04,0.5170,227.1628,0.68200,613.39921,0.92857,0.72645,2234.72038,1.59826,-0.02817,-0.21854,0.15913,-0.03219,0.42398,0.71576,-0.05131,0.16631,-0.03032,-0.05503,0.05019,0.26373,0.34352,2.82250,0.00000,2.00000,0.58518,0.50000,0.54545,0.00000,0.71762
409,0.0556,507904,2688,0.01187,7.79e-04,0.5171,301.5608,0.68200,765.11765,0.73333,0.73989,2275.20346,1.67047,-0.02808,-0.22264,0.16818,-0.03607,0.43220,0.72861,-0.05289,0.17641,-0.02926,-0.05505,0.05356,0.27802,0.34491,2.42750,0.50000,1.00000,0.57428,0.53333,0.40000,0.00000,0.72454
410,0.0565,516096,2723,0.02175,6.49e-04,0.5172,201.5867,0.68200,767.67233,0.88462,0.76386,2178.48206,1.61812,-0.02754,-0.21432,0.16223,-0.03311,0.43835,0.75343,-0.05219,0.16403,-0.02700,-0.05592,0.05172,0.25970,0.34699,2.38222,0.00000,3.00000,0.59685,0.73077,0.80000,0.00000,0.73495
411,0.0572,524288,2875,0.15037,3.76e-04,0.5172,213.0073,0.68200,665.18355,0.83333,0.75700,2188.01496,1.62738,-0.02760,-0.21490,0.17050,-0.03154,0.43649,0.74640,-0.04963,0.16560,-0.03142,-0.05584,0.05066,0.26410,0.34654,2.27167,0.00000,2.00000,0.59685,0.44444,0.38462,0.00000,0.73271
412,0.0581,532480,2752,0.01737,3.13e-04,0.5173,275.5018,0.68200,849.96181,0.68421,0.75827,2094.46972,1.63395,-0.02755,-0.20555,0.16494,-0.03277,0.43558,0.74735,-0.04929,0.16776,-0.02433,-0.05523,0.05031,0.26538,0.34540,1.87200,0.00000,1.00000,0.57717,0.52632,0.41667,0.00000,0.72699
413,0.0589,540672,2776,0.02699,2.17e-04,0.5173,228.9064,0.68200,1027.22887,0.81818,0.72050,2096.45004,1.55678,-0.02776,-0.20640,0.15538,-0.03245,0.41299,0.71094,-0.05195,0.15925,-0.02392,-0.05425,0.04874,0.25311,0.33879,1.83333,0.00000,0.00000,0.57717,0.90909,0.88889,0.00000,0.69393
414,0.0597,548864,2687,0.00716,3.13e-04,0.5173,163.1717,0.68200,654.90227,0.87500,0.72579,2167.81144,1.58503,-0.02749,-0.21306,0.16255,-0.03130,0.41428,0.71526,-0.05059,0.15816,-0.02866,-0.05481,0.04914,0.25201,0.33802,1.75429,0.00000,2.00000,0.58136,0.43750,0.41667,0.00000,0.69011
415,0.0606,557056,2752,0.00565,4.51e-04,0.5174,188.9529,0.68200,922.59497,0.73333,0.73462,2194.19642,1.61414,-0.02732,-0.21516,0.16998,-0.03270,0.42333,0.72345,-0.04954,0.16378,-0.03254,-0.05450,0.05091,0.26007,0.34016,2.72222,0.00000,0.00000,0.58136,0.73333,0.63636,0.00000,0.70079
416,0.0614,565248,2725,0.00615,6.49e-04,0.5174,203.1545,0.68200,917.12137,0.85714,0.73858,2342.85315,1.63503,-0.02734,-0.22973,0.17225,-0.03077,0.42277,0.72709,-0.05047,0.16612,-0.03214,-0.05509,0.05050,0.26459,0.34188,2.38727,0.00000,1.00000,0.59595,0.78571,0.81818,0.00000,0.70940
417,0.0622,573440,2842,0.00622,9.35e-04,0.5174,312.2587,0.68200,837.61400,0.68750,0.73953,2288.12295,1.58974,-0.02748,-0.22490,0.15639,-0.02983,0.42211,0.73037,-0.05160,0.15516,-0.03116,-0.05533,0.04750,0.24774,0.34187,1.90200,0.50000,1.00000,0.59595,0.62500,0.50000,0.00000,0.70933
418,0.0630,581632,2848,0.01488,7.79e-04,0.5174,232.2529,0.68200,727.85455,0.81250,0.75243,2290.32800,1.63113,-0.02751,-0.22500,0.16535,-0.03424,0.43194,0.74259,-0.05130,0.16677,-0.03704,-0.05567,0.05134,0.26532,0.34465,2.03200,0.00000,2.00000,0.58397,0.50000,0.45455,0.00000,0.72324
419,0.0638,589824,2789,0.01455,6.49e-04,0.5174,221.0230,0.68200,723.13687,0.85714,0.75512,2224.86583,1.63748,-0.02749,-0.21791,0.16680,-0.03264,0.43805,0.74511,-0.04930,0.16694,-0.03199,-0.05567,0.05158,0.26630,0.34500,1.93846,0.00000,3.00000,0.58397,0.61905,0.66667,0.00000,0.72501
420,0.0647,598016,2800,0.01343,7.79e-04,0.5174,226.5057,0.68200,785.20280,0.84615,0.75241,2148.02301,1.65130,-0.02731,-0.21112,0.16727,-0.03161,0.43682,0.74227,-0.04899,0.16831,-0.02028,-0.05528,0.05131,0.26538,0.34520,1.89000,0.00000,1.00000,0.59357,0.69231,0.70000,0.00000,0.72598
421,0.0655,606208,2867,0.02780,5.41e-04,0.5174,215.4518,0.68200,816.84887,0.70588,0.74094,2209.06553,1.62310,-0.02763,-0.21659,0.16819,-0.03320,0.42521,0.73059,-0.05070,0.16556,-0.03263,-0.05544,0.04884,0.26178,0.34192,1.70222,0.50000,3.00000,0.59357,0.64706,0.66667,0.00000,0.70961
422,0.0663,614400,2785,0.03193,3.76e-04,0.5174,182.0636,0.68200,749.85415,0.83333,0.75087,2293.54346,1.60606,-0.02734,-0.22507,0.16394,-0.03229,0.42888,0.74116,-0.05320,0.16088,-0.03284,-0.05658,0.04854,0.25562,0.34442,2.28667,0.00000,2.00000,0.59331,0.55556,0.53846,0.00000,0.72210
423,0.0671,622592,2735,0.00964,4.51e-04,0.5175,213.9015,0.68200,640.71343,0.78571,0.75706,2218.04259,1.66230,-0.02737,-0.21728,0.17258,-0.03193,0.43707,0.74662,-0.05108,0.16896,-0.03004,-0.05507,0.05234,0.26727,0.34570,2.74571,0.50000,4.00000,0.59331,0.50000,0.57143,0.00000,0.72849
424,0.0680,630784,2664,0.01563,3.76e-04,0.5176,186.8187,0.68200,908.06876,0.58333,0.74872,2166.76538,1.64912,-0.02778,-0.21248,0.17567,-0.03214,0.42901,0.73793,-0.05211,0.16627,-0.03518,-0.05510,0.05218,0.26526,0.34349,1.68500,0.00000,1.00000,0.59331,0.58333,0.33333,0.00000,0.71745
425,0.0688,638976,2815,0.00797,4.51e-04,0.5176,177.1180,0.68200,924.22100,0.72000,0.73033,2199.28025,1.57602,-0.02784,-0.21579,0.16477,-0.03286,0.42222,0.72055,-0.05350,0.16088,-0.03147,-0.05619,0.04763,0.25549,0.34247,2.45200,0.00000,1.00000,0.59731,0.80000,0.76471,0.00000,0.71237
426,0.0696,647168,2714,0.00766,6.49e-04,0.5177,241.6096,0.68200,713.69546,0.87500,0.73349,2153.07843,1.48442,-0.02778,-0.21097,0.15453,-0.02888,0.41880,0.72482,-0.05541,0.14934,-0.04252,-0.05616,0.04587,0.23737,0.34235,1.74000,0.50000,2.00000,0.59731,0.62500,0.66667,0.00000,0.71174
427,0.0704,655360,2777,0.01240,7.79e-04,0.5178,174.3014,0.68200,652.72008,0.83333,0.72052,2139.79031,1.51468,-0.02789,-0.20988,0.15890,-0.02919,0.41006,0.71219,-0.05344,0.15167,-0.02602,-0.05500,0.04589,0.24048,0.33744,1.82364,0.00000,3.00000,0.59175,0.38889,0.41667,0.00000,0.68719
428,0.0713,663552,2708,0.00905,9.35e-04,0.5179,234.0803,0.68200,774.94060,0.84211,0.72078,2118.03095,1.51560,-0.02800,-0.20820,0.15785,-0.02870,0.41502,0.71129,-0.05258,0.15281,-0.02627,-0.05463,0.04624,0.24158,0.33950,2.32286,0.00000,0.00000,0.57632,0.52632,0.43750,0.00000,0.69751
429,0.0721,671744,2859,0.01504,6.49e-04,0.5180,233.1388,0.68200,836.53702,0.83333,0.72628,2240.61053,1.57279,-0.02786,-0.21967,0.16568,-0.03081,0.41535,0.71592,-0.05195,0.15764,-0.02901,-0.05544,0.04722,0.25110,0.33888,2.40857,0.00000,1.00000,0.57632,0.75000,0.77778,0.00000,0.69441
430,0.0729,679936,2769,0.01269,6.49e-04,0.5181,229.3618,0.68200,1073.62985,0.42105,0.73230,2270.28889,1.56151,-0.02804,-0.22272,0.16045,-0.02940,0.41925,0.72155,-0.05522,0.15328,-0.03279,-0.05563,0.04665,0.24652,0.34170,2.37429,0.00000,1.00000,0.58744,0.78947,0.57143,0.00000,0.70852
431,0.0738,688128,2676,0.01675,5.41e-04,0.5182,303.1387,0.68200,528.15836,0.92308,0.74075,2237.16127,1.55670,-0.02786,-0.21911,0.15920,-0.03021,0.42036,0.73067,-0.05571,0.15304,-0.02742,-0.05515,0.04687,0.24585,0.34118,2.54286,0.00000,0.00000,0.58744,0.38462,0.33333,0.00000,0.70592
432,0.0746,696320,2753,0.00805,7.79e-04,0.5182,139.7175,0.68200,909.27055,0.63636,0.75130,2249.45395,1.64640,-0.02756,-0.22049,0.17099,-0.03559,0.42993,0.74097,-0.05365,0.16686,-0.03680,-0.05524,0.05187,0.26825,0.34126,2.43600,0.00000,1.00000,0.57314,0.54545,0.66667,0.00000,0.70629
433,0.0754,704512,2740,0.01006,9.35e-04,0.5182,229.0055,0.68200,891.65346,0.70000,0.76302,2224.09344,1.67333,-0.02723,-0.21797,0.17064,-0.03340,0.43984,0.75235,-0.05267,0.17257,-0.03657,-0.05573,0.05524,0.27527,0.34417,1.95636,0.00000,2.00000,0.57314,0.75000,0.75000,0.00000,0.72084
434,0.0762,712704,2901,0.01426,9.35e-04,0.5183,216.9356,0.68200,738.51930,0.85714,0.76958,2209.42022,1.67806,-0.02756,-0.21702,0.16960,-0.03562,0.44594,0.75898,-0.05518,0.17656,-0.03662,-0.05565,0.05338,0.27948,0.34705,2.02857,0.00000,2.00000,0.58401,0.57143,0.60000,0.00000,0.73524
435,0.0770,720896,2744,0.00920,1.12e-03,0.5183,187.7432,0.68200,796.56339,0.72222,0.76077,2248.13794,1.62527,-0.02761,-0.22020,0.16118,-0.03244,0.44044,0.75108,-0.05401,0.16719,-0.03536,-0.05612,0.05114,0.26538,0.34484,3.21778,0.00000,2.00000,0.58401,0.61111,0.54545,0.00000,0.72420
436,0.0779,729088,2701,0.33062,6.49e-04,0.5184,206.2638,0.68200,927.79502,0.60000,0.74134,2218.45202,1.62399,-0.02766,-0.21823,0.16503,-0.03253,0.42998,0.73069,-0.05315,0.16141,-0.02828,-0.05529,0.04959,0.25897,0.34210,3.10286,0.00000,2.00000,0.59227,0.73333,0.85714,0.00000,0.71050
437,0.0787,737280,2728,0.02683,4.51e-04,0.5185,191.8691,0.68200,827.82230,0.75000,0.74244,2255.63299,1.61856,-0.02728,-0.22079,0.16820,-0.02996,0.42891,0.73207,-0.05134,0.16138,-0.03400,-0.05539,0.04964,0.25647,0.34053,1.90600,0.00000,2.00000,0.59227,0.75000,0.80000,0.00000,0.70263
438,0.0796,745472,2723,0.01133,5.41e-04,0.5186,289.3917,0.68200,695.89573,0.90000,0.74506,2197.02715,1.62177,-0.02735,-0.21569,0.16689,-0.03100,0.43067,0.73443,-0.05257,0.16233,-0.03188,-0.05461,0.05006,0.25854,0.34205,1.96133,0.50000,4.00000,0.59971,0.50000,0.57143,0.00000,0.71023
439,0.0804,753664,2691,0.01109,6.49e-04,0.5187,250.8882,0.68200,557.40815,0.84615,0.76001,2232.37329,1.69629,-0.02739,-0.21884,0.17640,-0.03598,0.43432,0.74975,-0.05047,0.17015,-0.02683,-0.05576,0.05387,0.27209,0.34470,3.57429,0.00000,2.00000,0.59971,0.46154,0.44444,0.00000,0.72349
440,0.0813,761856,2713,0.00877,9.35e-04,0.5188,178.3977,0.68200,774.59925,0.84615,0.76191,2220.21355,1.72240,-0.02764,-0.21830,0.17894,-0.03344,0.43698,0.74982,-0.05512,0.17422,-0.02966,-0.05463,0.05475,0.28156,0.34540,2.28750,0.00000,1.00000,0.59237,0.61538,0.60000,0.00000,0.72698
441,0.0820,770048,2919,0.04690,6.49e-04,0.5188,234.6180,0.68200,836.31022,0.84000,0.77968,2186.73412,1.74272,-0.02728,-0.21510,0.18171,-0.03332,0.44986,0.76787,-0.05320,0.17732,-0.02583,-0.05435,0.05687,0.28485,0.34853,1.96750,0.00000,1.00000,0.59814,0.68000,0.65000,0.00000,0.74267
442,0.0829,778240,2814,0.00998,9.35e-04,0.5189,243.1738,0.68200,768.56174,0.83333,0.76715,2156.57649,1.70738,-0.02797,-0.21106,0.18664,-0.03583,0.44478,0.75643,-0.05437,0.17494,-0.02942,-0.05473,0.05631,0.28210,0.34690,1.78909,0.50000,3.00000,0.59814,0.66667,0.75000,0.00000,0.73451
443,0.0837,786432,2790,0.01774,6.49e-04,0.5189,223.5036,0.67800,809.89724,0.85000,0.75488,2191.16225,1.65348,-0.02774,-0.21541,0.17634,-0.03185,0.43947,0.74499,-0.05412,0.16532,-0.02888,-0.05535,0.05256,0.26648,0.34539,1.94308,0.00000,2.00000,0.60129,0.55000,0.53333,0.00000,0.72696
444,0.0845,794624,2718,0.01688,4.51e-04,0.5189,244.5411,0.67800,899.14100,0.69231,0.75377,2138.65928,1.65313,-0.02770,-0.21049,0.17890,-0.03371,0.43535,0.74486,-0.05551,0.16660,-0.03218,-0.05391,0.05374,0.26892,0.34313,1.87333,0.00000,0.00000,0.60129,0.61538,0.44444,0.00000,0.71567
445,0.0853,802816,2924,0.00687,6.49e-04,0.5190,215.6581,0.67400,863.95629,0.78571,0.75220,2217.61893,1.72392,-0.02793,-0.21817,0.18952,-0.03167,0.43172,0.74114,-0.05481,0.17242,-0.02776,-0.05377,0.05447,0.27795,0.34214,2.10500,0.00000,2.00000,0.60227,0.71429,0.77778,0.00000,0.71071
446,0.0861,811008,2746,0.01028,7.79e-04,0.5190,193.4413,0.67400,928.23254,0.76471,0.75396,2134.44562,1.67366,-0.02781,-0.21022,0.17955,-0.03155,0.43808,0.74352,-0.05412,0.16482,-0.02396,-0.05390,0.05280,0.26691,0.34422,1.91818,0.00000,0.00000,0.60227,0.76471,0.69231,0.00000,0.72110
447,0.0869,819200,2796,0.01219,9.35e-04,0.5190,248.8884,0.67000,980.22419,0.75000,0.74427,2156.39525,1.67015,-0.02778,-0.21222,0.17287,-0.02997,0.42962,0.73339,-0.05324,0.16460,-0.01764,-0.05409,0.05097,0.26520,0.34108,2.81778,0.00000,0.00000,0.61022,0.75000,0.66667,0.00000,0.70539
448,0.0878,827392,2680,0.01182,9.35e-04,0.5190,203.7177,0.67000,710.06295,0.88235,0.73642,2173.18953,1.64519,-0.02764,-0.21344,0.17783,-0.03338,0.42165,0.72567,-0.05387,0.16263,-0.02474,-0.05415,0.05206,0.26434,0.33740,2.38000,0.50000,2.00000,0.61022,0.64706,0.69231,0.00000,0.68698
449,0.0886,835584,2734,0.01536,9.35e-04,0.5190,195.4042,0.66600,680.07245,0.81250,0.73063,2153.82830,1.59203,-0.02743,-0.21160,0.17345,-0.03095,0.42052,0.72081,-0.05363,0.15652,-0.02772,-0.05409,0.05068,0.25568,0.33849,3.41250,0.00000,2.00000,0.60753,0.50000,0.45455,0.00000,0.69245
450,0.0895,843776,2763,0.02907,5.41e-04,0.5190,315.7091,0.66600,813.34162,0.84211,0.71912,2189.71406,1.54846,-0.02789,-0.21463,0.16675,-0.02901,0.41597,0.71054,-0.05587,0.15145,-0.03445,-0.05502,0.04764,0.24750,0.33886,2.31857,0.50000,2.00000,0.60753,0.57895,0.57143,0.00000,0.69429
451,0.0903,851968,2678,0.02479,3.76e-04,0.5191,263.0384,0.66200,882.99924,0.68750,0.72613,2169.96754,1.53433,-0.02798,-0.21265,0.16003,-0.02809,0.41701,0.71786,-0.05545,0.14746,-0.03019,-0.05464,0.04775,0.23871,0.33827,2.55500,0.00000,2.00000,0.60765,0.68750,0.66667,0.00000,0.69137
452,0.0912,860160,2687,0.02208,2.61e-04,0.5191,291.7756,0.66200,828.12031,0.73333,0.72215,2189.72533,1.57204,-0.02800,-0.21502,0.16512,-0.02988,0.41632,0.71441,-0.05529,0.15311,-0.02985,-0.05499,0.04797,0.24756,0.33819,1.77333,0.00000,2.00000,0.60765,0.66667,0.66667,0.00000,0.69097
453,0.0920,868352,2608,0.00343,4.51e-04,0.5191,208.1249,0.65800,969.38214,0.60000,0.72325,2167.99310,1.55612,-0.02810,-0.21271,0.15804,-0.03141,0.41993,0.71552,-0.05410,0.14974,-0.02644,-0.05537,0.04771,0.24365,0.33693,2.34286,0.00000,1.00000,0.61747,0.80000,0.75000,0.00000,0.68467
454,0.0928,876544,2846,0.01395,4.51e-04,0.5191,245.9814,0.65800,626.82877,0.72222,0.71968,2174.66966,1.50104,-0.02786,-0.21299,0.15029,-0.02741,0.41617,0.71186,-0.05249,0.14245,-0.03465,-0.05551,0.04609,0.23157,0.33700,2.62000,0.50000,6.00000,0.61747,0.38889,0.42857,0.00000,0.68501
455,0.0937,884736,2756,0.00704,6.49e-04,0.5191,253.1127,0.65800,807.31057,0.75000,0.71598,2240.42667,1.50673,-0.02810,-0.21908,0.15843,-0.02822,0.41184,0.70894,-0.05374,0.14080,-0.03760,-0.05529,0.04457,0.23059,0.33654,2.90857,0.00000,0.00000,0.58698,0.41667,0.22222,0.00000,0.68268
456,0.0945,892928,2635,0.02707,4.51e-04,0.5191,259.6320,0.65800,893.56457,0.64706,0.71884,2257.94173,1.49135,-0.02780,-0.22112,0.15749,-0.02964,0.41247,0.71173,-0.05414,0.14311,-0.04401,-0.05585,0.04350,0.23193,0.33729,2.47000,0.00000,1.00000,0.58698,0.47059,0.30000,0.00000,0.68646
457,0.0954,901120,2775,0.00511,6.49e-04,0.5191,283.4942,0.65800,863.40756,0.69565,0.71904,2173.35062,1.45333,-0.02779,-0.21295,0.15552,-0.03106,0.41578,0.71190,-0.05456,0.14009,-0.03397,-0.05534,0.04368,0.22687,0.33938,2.19167,0.50000,3.00000,0.55871,0.47826,0.30769,0.00000,0.69692
458,0.0962,909312,2766,0.01181,6.49e-04,0.5191,247.6645,0.65800,605.25608,0.89474,0.71165,2192.56723,1.46494,-0.02796,-0.21524,0.15349,-0.02973,0.40363,0.70428,-0.05487,0.14003,-0.02561,-0.05528,0.04038,0.22705,0.33533,1.88667,0.50000,3.00000,0.55871,0.36842,0.35714,0.00000,0.67663
459,0.0971,917504,2598,0.00693,9.35e-04,0.5192,295.7264,0.65800,846.30188,0.63158,0.70376,2137.92783,1.40173,-0.02805,-0.20958,0.14585,-0.02667,0.39852,0.69644,-0.05378,0.13157,-0.02995,-0.05501,0.03931,0.21167,0.33258,2.96286,0.00000,0.00000,0.53746,0.57895,0.33333,0.00000,0.66292
460,0.0979,925696,2674,0.01519,7.79e-04,0.5192,263.0068,0.65800,1039.93217,0.54545,0.68351,2217.53638,1.41528,-0.02795,-0.21756,0.14623,-0.03002,0.38639,0.67614,-0.05305,0.13735,-0.03089,-0.05467,0.03993,0.21820,0.32807,2.22400,0.00000,0.00000,0.53746,0.81818,0.66667,0.00000,0.64037
461,0.0987,933888,2784,0.01339,7.79e-04,0.5192,217.4807,0.65800,638.59795,0.82353,0.68309,2233.60457,1.39389,-0.02792,-0.21932,0.13871,-0.02505,0.38755,0.67559,-0.05530,0.12792,-0.03397,-0.05453,0.03705,0.20679,0.32950,2.22750,0.50000,2.00000,0.53371,0.47059,0.41667,0.00000,0.64750
462,0.0996,942080,2795,0.02495,5.41e-04,0.5192,260.5626,0.65800,812.46257,0.66667,0.68879,2211.70649,1.37327,-0.02811,-0.21696,0.13072,-0.02597,0.38941,0.68238,-0.05613,0.12594,-0.02298,-0.05531,0.03883,0.20142,0.33127,1.92800,0.00000,0.00000,0.53371,0.53333,0.40000,0.00000,0.65633
463,0.1004,950272,2744,0.01218,6.49e-04,0.5192,303.9844,0.65800,721.76602,0.83333,0.67450,2265.13294,1.38105,-0.02839,-0.22217,0.13928,-0.02923,0.38419,0.66803,-0.05847,0.12858,-0.03272,-0.05380,0.03971,0.20819,0.32940,2.48333,0.00000,1.00000,0.52245,0.50000,0.44444,0.00000,0.64702
464,0.1012,958464,2743,0.01127,7.79e-04,0.5192,228.0836,0.65800,788.22600,0.76471,0.69978,2266.67975,1.43401,-0.02789,-0.22232,0.14679,-0.02907,0.39751,0.69342,-0.05730,0.13145,-0.03226,-0.05464,0.03976,0.21375,0.33280,2.66400,0.00000,1.00000,0.52245,0.52941,0.41667,0.00000,0.66400
465,0.1020,966656,2762,0.02358,5.41e-04,0.5193,217.7192,0.65800,611.24499,0.86667,0.70306,2183.97614,1.47286,-0.02803,-0.21444,0.15272,-0.03323,0.40264,0.69596,-0.05649,0.14028,-0.02042,-0.05474,0.04138,0.22571,0.33395,1.57500,0.00000,3.00000,0.51111,0.40000,0.40000,0.00000,0.66974
466,0.1029,974848,2728,0.01080,6.49e-04,0.5193,215.8252,0.65800,855.19410,0.81818,0.70011,2179.19269,1.51051,-0.02814,-0.21428,0.16142,-0.02933,0.40342,0.69320,-0.05501,0.14665,-0.02243,-0.05420,0.04547,0.23730,0.33431,2.63647,0.50000,2.00000,0.53500,0.72727,0.75000,0.00000,0.67153
467,0.1037,983040,2752,0.02980,4.51e-04,0.5193,295.2268,0.65800,868.68315,0.69231,0.69190,2214.98232,1.46450,-0.02823,-0.21802,0.15835,-0.03281,0.39749,0.68557,-0.05543,0.14328,-0.03001,-0.05462,0.04459,0.23163,0.33406,1.82250,0.00000,1.00000,0.53500,0.53846,0.37500,0.00000,0.67030
468,0.1046,991232,2617,0.00763,5.41e-04,0.5193,234.9571,0.65800,436.26119,0.88889,0.70513,2232.96094,1.49568,-0.02804,-0.21893,0.16330,-0.03027,0.40435,0.69814,-0.05520,0.14391,-0.03008,-0.05448,0.04424,0.23389,0.33528,2.10000,0.50000,3.00000,0.51007,0.27778,0.23077,0.00000,0.67640
469,0.1054,999424,2766,0.01005,7.79e-04,0.5193,253.7512,0.65800,684.15312,0.83333,0.71965,2212.51375,1.50190,-0.02831,-0.21662,0.15976,-0.03038,0.40669,0.71299,-0.05293,0.14083,-0.03023,-0.05391,0.04467,0.23059,0.33337,1.67778,0.00000,2.00000,0.51007,0.44444,0.38462,0.00000,0.66685
470,0.1062,1007616,2839,0.01393,6.49e-04,0.5194,210.7091,0.65800,478.24070,0.91667,0.71764,2261.57860,1.54353,-0.02815,-0.22172,0.16734,-0.03080,0.40966,0.71148,-0.05174,0.14904,-0.03034,-0.05490,0.04790,0.24365,0.33629,1.92286,0.50000,4.00000,0.49406,0.25000,0.28571,0.00000,0.68144
471,0.1070,1015808,2764,0.01438,6.49e-04,0.5195,217.5014,0.65800,750.08256,0.78571,0.71986,2263.50587,1.58468,-0.02787,-0.22210,0.17731,-0.03016,0.41180,0.71253,-0.05269,0.15251,-0.03638,-0.05511,0.04915,0.25024,0.33794,2.35333,0.00000,1.00000,0.49406,0.57143,0.50000,0.00000,0.68968
472,0.1079,1024000,2679,0.01217,6.49e-04,0.5196,198.1630,0.65800,745.50778,0.80000,0.72502,2210.31653,1.54845,-0.02790,-0.21671,0.16985,-0.03047,0.41592,0.71833,-0.05380,0.15037,-0.03007,-0.05450,0.04988,0.24652,0.33819,3.38500,0.00000,1.00000,0.49638,0.56000,0.52632,0.00000,0.69096
473,0.1087,1032192,2810,0.00996,7.79e-04,0.5196,257.9324,0.65800,750.36087,0.82353,0.71667,2166.50773,1.51522,-0.02813,-0.21319,0.16815,-0.02757,0.40856,0.70920,-0.05275,0.15129,-0.03152,-0.05456,0.04733,0.24463,0.33692,2.65400,0.50000,2.00000,0.49638,0.64706,0.66667,0.00000,0.68459
474,0.1095,1040384,2835,0.02058,5.41e-04,0.5197,201.3151,0.65800,563.48523,0.88235,0.70676,2219.32963,1.50394,-0.02844,-0.21757,0.16686,-0.02848,0.40096,0.69955,-0.05391,0.14885,-0.03788,-0.05505,0.04733,0.24213,0.33441,3.37143,0.00000,3.00000,0.50924,0.52941,0.58333,0.00000,0.67205
475,0.1104,1048576,2661,0.01152,6.49e-04,0.5197,324.3266,0.65800,981.48692,0.61111,0.71712,2236.60464,1.46233,-0.02787,-0.21871,0.15388,-0.03011,0.40167,0.71085,-0.05208,0.14198,-0.04201,-0.05498,0.04308,0.22839,0.33469,3.32400,0.00000,0.00000,0.50924,0.77778,0.72727,0.00000,0.67344
476,0.1112,1056768,2671,0.00956,9.35e-04,0.5198,209.2255,0.65800,826.55970,0.90909,0.71089,2279.52703,1.49162,-0.02828,-0.22331,0.15529,-0.02929,0.39856,0.70264,-0.05456,0.14359,-0.03358,-0.05507,0.04345,0.23297,0.33390,2.02000,0.50000,1.00000,0.52832,0.63636,0.66667,0.00000,0.66949
477,0.1121,1064960,2691,0.03278,5.41e-04,0.5198,222.7251,0.65800,754.99892,0.75000,0.70353,2287.10624,1.45486,-0.02809,-0.22451,0.15294,-0.02894,0.39269,0.69574,-0.05438,0.13978,-0.02638,-0.05506,0.04317,0.22614,0.32912,2.24750,0.00000,1.00000,0.52832,0.60000,0.50000,0.00000,0.64558
478,0.1129,1073152,2736,0.01079,6.49e-04,0.5198,278.6905,0.65800,993.66059,0.50000,0.69730,2277.49572,1.45296,-0.02840,-0.22321,0.15171,-0.02885,0.39481,0.68942,-0.05434,0.14026,-0.03234,-0.05494,0.04238,0.22711,0.33026,2.52000,0.00000,0.00000,0.53049,0.83333,0.66667,0.00000,0.65132
479,0.1137,1081344,2770,0.01050,6.49e-04,0.5199,222.9641,0.65800,659.14900,0.78571,0.70694,2348.92698,1.53259,-0.02811,-0.23015,0.16970,-0.02950,0.40179,0.69923,-0.05390,0.15109,-0.03881,-0.05606,0.04423,0.24481,0.33354,3.02857,0.00000,2.00000,0.53049,0.28571,0.22222,0.00000,0.66769
480,0.1146,1089536,2653,0.00994,7.79e-04,0.5200,271.7343,0.65800,678.75784,0.88235,0.71932,2285.05384,1.54815,-0.02793,-0.22433,0.17572,-0.03323,0.41427,0.71184,-0.05252,0.15110,-0.02861,-0.05486,0.04632,0.24554,0.33591,2.99000,0.50000,1.00000,0.51657,0.52941,0.50000,0.00000,0.67957
481,0.1154,1097728,2704,0.01220,9.35e-04,0.5201,251.9415,0.65800,764.18774,0.68750,0.72307,2270.08127,1.54673,-0.02820,-0.22253,0.16772,-0.03276,0.41256,0.71516,-0.05399,0.15192,-0.02512,-0.05507,0.04648,0.24615,0.33614,1.94286,0.50000,3.00000,0.51657,0.50000,0.37500,0.00000,0.68070
482,0.1163,1105920,2779,0.00826,1.35e-03,0.5202,344.9217,0.65800,754.75256,0.66667,0.73030,2318.75912,1.53485,-0.02805,-0.22696,0.16254,-0.03225,0.41816,0.72221,-0.05225,0.15069,-0.03435,-0.05560,0.04616,0.24261,0.33816,2.34750,0.00000,1.00000,0.49649,0.50000,0.27273,0.00000,0.69078
483,0.1171,1114112,2780,0.01431,1.35e-03,0.5203,251.0154,0.65800,598.27049,0.85714,0.72624,2295.62514,1.52693,-0.02815,-0.22447,0.16715,-0.03540,0.41630,0.71904,-0.05141,0.14766,-0.04194,-0.05540,0.04382,0.24091,0.33799,3.27000,0.00000,2.00000,0.49649,0.42857,0.40000,0.00000,0.68993
484,0.1179,1122304,2772,0.05181,7.79e-04,0.5203,267.3342,0.65800,816.28951,0.70588,0.73148,2252.88802,1.58013,-0.02816,-0.22102,0.16839,-0.03311,0.41861,0.72343,-0.05403,0.15825,-0.03118,-0.05491,0.04704,0.25543,0.34056,2.10500,0.00000,2.00000,0.49684,0.64706,0.60000,0.00000,0.70278
485,0.1187,1130496,2721,0.00906,1.12e-03,0.5203,232.7261,0.65800,640.59981,0.76471,0.74416,2265.41731,1.60949,-0.02820,-0.22196,0.18007,-0.03613,0.42512,0.73615,-0.05227,0.16024,-0.03895,-0.05432,0.04779,0.26141,0.34229,1.59429,0.00000,4.00000,0.49684,0.41176,0.33333,0.00000,0.71143
486,0.1195,1138688,2894,0.01238,9.35e-04,0.5202,278.9256,0.65800,720.00802,0.69231,0.74537,2234.32758,1.64140,-0.02822,-0.21966,0.18408,-0.03388,0.42552,0.73691,-0.05465,0.16142,-0.03121,-0.05473,0.04914,0.26367,0.34374,2.19000,0.00000,2.00000,0.48466,0.53846,0.42857,0.00000,0.71871
487,0.1204,1146880,2750,0.01681,6.49e-04,0.5202,262.0758,0.65800,693.65315,0.78571,0.73028,2272.19793,1.60559,-0.02818,-0.22224,0.17561,-0.03209,0.41739,0.72180,-0.05227,0.15695,-0.03441,-0.05482,0.04844,0.25665,0.34045,2.76857,0.00000,1.00000,0.48466,0.50000,0.40000,0.00000,0.70224
488,0.1212,1155072,2733,0.00585,9.35e-04,0.5202,310.9916,0.65800,899.34620,0.71429,0.72547,2275.57448,1.54777,-0.02757,-0.22292,0.17039,-0.03247,0.41837,0.71815,-0.04939,0.15514,-0.04004,-0.05533,0.04677,0.24921,0.33973,3.08824,0.00000,2.00000,0.49691,0.67857,0.72222,0.00000,0.69867
489,0.1220,1163264,2717,0.03016,9.35e-04,0.5202,252.8452,0.65800,723.84996,0.86667,0.72304,2228.57606,1.54468,-0.02810,-0.21820,0.16890,-0.03089,0.41433,0.71533,-0.05126,0.15046,-0.02811,-0.05507,0.04623,0.24261,0.33899,2.29273,0.50000,2.00000,0.49691,0.60000,0.63636,0.00000,0.69496
490,0.1229,1171456,2738,0.01069,1.12e-03,0.5203,294.9260,0.65800,759.95118,0.63636,0.71758,2210.13618,1.53711,-0.02820,-0.21585,0.16807,-0.02969,0.40964,0.70882,-0.05176,0.15507,-0.03169,-0.05472,0.04718,0.25037,0.33771,3.42222,0.00000,2.00000,0.49939,0.59091,0.41667,0.00000,0.68853
491,0.1237,1179648,2738,0.01172,1.35e-03,0.5204,276.9254,0.65800,907.80811,0.72727,0.70687,2312.98060,1.48067,-0.02833,-0.22708,0.16048,-0.03223,0.40547,0.69970,-0.05303,0.14549,-0.03508,-0.05567,0.04446,0.23553,0.33499,2.92000,0.00000,0.00000,0.49939,0.63636,0.62500,0.00000,0.67494
492,0.1246,1187840,2699,0.01956,1.12e-03,0.5205,167.0617,0.65800,680.72805,0.75000,0.71982,2330.21649,1.53331,-0.02823,-0.22813,0.16239,-0.03059,0.40835,0.71145,-0.05225,0.14805,-0.03545,-0.05581,0.04457,0.24127,0.33574,2.32750,0.00000,2.00000,0.49389,0.43750,0.30000,0.00000,0.67870
493,0.1254,1196032,2687,0.01586,7.79e-04,0.5205,261.1096,0.65800,776.87111,0.73333,0.72528,2263.25297,1.50401,-0.02798,-0.22198,0.15712,-0.02943,0.41474,0.71664,-0.05128,0.14937,-0.03930,-0.05617,0.04456,0.24042,0.33762,2.54000,0.00000,0.00000,0.49389,0.66667,0.54545,0.00000,0.68810
494,0.1262,1204224,2793,0.01069,1.12e-03,0.5205,243.5422,0.65800,814.57381,0.64286,0.69866,2234.66420,1.49994,-0.02812,-0.21884,0.16159,-0.02871,0.40147,0.69099,-0.05193,0.14923,-0.03260,-0.05506,0.04440,0.23901,0.33576,1.73600,0.50000,1.00000,0.49187,0.50000,0.37500,0.00000,0.67880
495,0.1271,1212416,2700,0.01777,9.35e-04,0.5206,190.6216,0.65800,790.24781,0.60000,0.69890,2246.43816,1.51118,-0.02795,-0.22052,0.16577,-0.03118,0.39960,0.69155,-0.05013,0.14883,-0.02501,-0.05522,0.04369,0.23956,0.33341,2.55600,0.00000,1.00000,0.49187,0.46667,0.25000,0.00000,0.66706
496,0.1279,1220608,2647,0.01608,7.79e-04,0.5207,187.0248,0.65800,758.20336,0.75000,0.70243,2228.62189,1.49257,-0.02807,-0.21874,0.16390,-0.03370,0.40306,0.69564,-0.05198,0.14939,-0.02886,-0.05519,0.04177,0.24011,0.33540,1.82857,0.00000,2.00000,0.48713,0.62500,0.60000,0.00000,0.67700
497,0.1288,1228800,2715,0.01038,9.35e-04,0.5208,286.5553,0.65800,808.00167,0.71429,0.69934,2202.10794,1.46220,-0.02848,-0.21577,0.15487,-0.02872,0.40067,0.69270,-0.05126,0.14253,-0.03170,-0.05534,0.04241,0.22937,0.33433,2.42000,0.00000,2.00000,0.48713,0.52381,0.53846,0.00000,0.67166
498,0.1296,1236992,2804,0.01968,6.49e-04,0.5208,293.2380,0.65800,833.65118,0.64286,0.69716,2155.76177,1.46514,-0.02870,-0.21196,0.15216,-0.02892,0.39933,0.68987,-0.05325,0.14299,-0.02679,-0.05483,0.04255,0.22986,0.33368,2.34333,0.00000,2.00000,0.49842,0.64286,0.71429,0.00000,0.66841
499,0.1304,1245184,2742,0.00950,9.35e-04,0.5209,235.9031,0.65800,612.78982,0.82353,0.69880,2272.56057,1.47872,-0.02882,-0.22295,0.15927,-0.03073,0.39760,0.69124,-0.05182,0.14505,-0.03437,-0.05661,0.04414,0.23566,0.33368,2.57200,0.50000,3.00000,0.49842,0.47059,0.45455,0.00000,0.66840
500,0.1313,1253376,2687,0.17471,5.41e-04,0.5210,272.9649,0.65800,856.39553,0.81250,0.69833,2227.05801,1.42143,-0.02836,-0.21809,0.15325,-0.02857,0.39397,0.69106,-0.05367,0.13520,-0.04044,-0.05510,0.04146,0.22162,0.33331,1.59000,0.50000,1.00000,0.49640,0.56250,0.50000,0.00000,0.66655
501,0.1321,1261568,2799,0.01412,5.41e-04,0.5210,343.6462,0.65800,505.86830,0.92857,0.70895,2342.18433,1.47743,-0.02825,-0.22982,0.15651,-0.02881,0.40084,0.70148,-0.05344,0.14007,-0.03052,-0.05473,0.04159,0.22839,0.33386,2.07500,0.50000,5.00000,0.49640,0.42857,0.62500,0.00000,0.66928
502,0.1329,1269760,2731,0.01473,4.51e-04,0.5211,314.6554,0.65800,790.85100,0.57143,0.72435,2341.57145,1.52351,-0.02864,-0.22896,0.15408,-0.03114,0.41137,0.71682,-0.05512,0.15103,-0.04404,-0.05477,0.04525,0.24585,0.33782,1.49500,0.50000,1.00000,0.49640,0.50000,0.28571,0.00000,0.68909
503,0.1338,1277952,2705,0.00704,6.49e-04,0.5211,308.5495,0.65800,899.58715,0.60870,0.72940,2323.15276,1.50373,-0.02862,-0.22799,0.14654,-0.03234,0.41518,0.72139,-0.05649,0.14675,-0.02829,-0.05622,0.04145,0.23651,0.33865,1.92364,0.50000,1.00000,0.48962,0.47826,0.38462,0.00000,0.69324
504,0.1346,1286144,2691,0.01162,7.79e-04,0.5212,264.8372,0.65800,711.48423,0.81250,0.72224,2174.53811,1.40471,-0.02883,-0.21281,0.13635,-0.03161,0.41138,0.71505,-0.05566,0.13697,-0.03636,-0.05589,0.04002,0.22052,0.33825,1.81400,0.50000,2.00000,0.48962,0.50000,0.45455,0.00000,0.69127
505,0.1354,1294336,2742,0.01264,7.79e-04,0.5214,298.2010,0.65800,800.91658,0.61111,0.69552,2201.69218,1.41269,-0.02903,-0.21652,0.14058,-0.02916,0.39300,0.68829,-0.05463,0.13682,-0.02466,-0.05558,0.03942,0.21985,0.33234,2.42250,0.00000,3.00000,0.48276,0.50000,0.37500,0.00000,0.66170
506,0.1363,1302528,2662,0.00833,1.12e-03,0.5216,206.3924,0.65800,787.21213,0.77273,0.68253,2211.07890,1.33130,-0.02877,-0.21665,0.13702,-0.02627,0.38955,0.67501,-0.05431,0.12723,-0.04566,-0.05527,0.03719,0.20496,0.32976,2.31000,0.00000,0.00000,0.47566,0.54545,0.41176,0.00000,0.64878
507,0.1371,1310720,2713,0.01545,1.12e-03,0.5218,277.2192,0.65800,645.69000,0.80000,0.66777,2267.34248,1.32229,-0.02911,-0.22211,0.13135,-0.02630,0.37966,0.66155,-0.05582,0.12358,-0.03345,-0.05541,0.03827,0.20050,0.32741,2.14800,0.00000,1.00000,0.47566,0.30000,0.14286,0.00000,0.63707
508,0.1380,1318912,2681,0.02926,6.49e-04,0.5218,208.6560,0.65800,649.41583,0.89474,0.67335,2262.65791,1.36612,-0.02884,-0.22177,0.14229,-0.02514,0.38049,0.66614,-0.05563,0.12781,-0.03713,-0.05524,0.03751,0.20721,0.32819,2.91667,0.00000,1.00000,0.46288,0.42105,0.43750,0.00000,0.64097
509,0.1388,1327104,2719,0.01442,6.49e-04,0.5219,243.5129,0.65800,888.26875,0.73333,0.69164,2255.99719,1.40807,-0.02879,-0.22170,0.14980,-0.02897,0.39365,0.68439,-0.05416,0.13361,-0.03388,-0.05509,0.03953,0.21832,0.33227,1.80889,0.00000,0.00000,0.46288,0.60000,0.45455,0.00000,0.66137
510,0.1397,1335296,2738,0.01375,6.49e-04,0.5219,242.2053,0.65800,559.98733,0.90000,0.68339,2282.95988,1.41201,-0.02861,-0.22332,0.14754,-0.02786,0.39405,0.67494,-0.05251,0.13362,-0.04123,-0.05527,0.03808,0.21783,0.33067,2.03600,0.50000,1.00000,0.45870,0.40000,0.37500,0.00000,0.65334
511,0.1405,1343488,2787,0.01037,7.79e-04,0.5219,259.0054,0.65800,575.03515,0.93750,0.68614,2273.76173,1.43369,-0.02858,-0.22277,0.14708,-0.03044,0.39404,0.67897,-0.05574,0.13853,-0.03150,-0.05550,0.04044,0.22455,0.33177,2.15800,0.50000,2.00000,0.45870,0.37500,0.46154,0.00000,0.65885
512,0.1413,1351680,2670,0.01104,9.35e-04,0.5219,193.9172,0.65800,596.83412,0.89474,0.69885,2260.89586,1.45455,-0.02823,-0.22143,0.15134,-0.03052,0.40053,0.69078,-0.05358,0.13942,-0.03015,-0.05577,0.04103,0.22766,0.33375,2.19143,0.50000,2.00000,0.45211,0.36842,0.33333,0.00000,0.66876
513,0.1422,1359872,2772,0.01296,9.35e-04,0.5219,220.1740,0.65800,750.51314,0.72222,0.70075,2203.99381,1.45000,-0.02837,-0.21597,0.15278,-0.02793,0.40228,0.69175,-0.05197,0.14004,-0.03641,-0.05549,0.04083,0.22833,0.33501,2.20000,0.00000,2.00000,0.45211,0.50000,0.36364,0.00000,0.67505
514,0.1430,1368064,2776,0.01128,1.12e-03,0.5219,248.4533,0.65800,810.16953,0.76923,0.68576,2198.00768,1.40778,-0.02856,-0.21540,0.14437,-0.03039,0.39578,0.67743,-0.05243,0.13491,-0.03928,-0.05514,0.04014,0.22015,0.33388,2.00667,0.00000,1.00000,0.45190,0.61538,0.55556,0.00000,0.66942
515,0.1438,1376256,2660,0.01423,9.35e-04,0.5219,214.4022,0.65800,758.89632,0.77778,0.68236,2182.33167,1.42755,-0.02849,-0.21433,0.15077,-0.03033,0.39340,0.67456,-0.05261,0.13791,-0.02413,-0.05478,0.04056,0.22418,0.33305,1.90400,0.50000,3.00000,0.45190,0.50000,0.45455,0.00000,0.66524
516,0.1447,1384448,2612,0.01766,6.49e-04,0.5219,259.5133,0.65800,842.43235,0.57895,0.67524,2162.21439,1.35010,-0.02870,-0.21182,0.14394,-0.02870,0.38505,0.66838,-0.05454,0.12880,-0.03152,-0.05456,0.03634,0.20673,0.33154,1.68571,0.50000,3.00000,0.44882,0.57895,0.37500,0.00000,0.65771
517,0.1456,1392640,2713,0.01069,6.49e-04,0.5220,214.4917,0.65800,479.16362,0.90909,0.67676,2265.22140,1.38304,-0.02880,-0.22232,0.14694,-0.03083,0.38580,0.66945,-0.05325,0.12794,-0.02477,-0.05519,0.03784,0.20898,0.33119,2.39500,0.50000,3.00000,0.44882,0.36364,0.42857,0.00000,0.65594
518,0.1464,1400832,2654,0.01303,5.41e-04,0.5221,291.7800,0.65800,746.70471,0.92857,0.69306,2282.14353,1.43879,-0.02864,-0.22363,0.15189,-0.03067,0.39556,0.68572,-0.05292,0.13548,-0.03746,-0.05490,0.03988,0.22101,0.33389,2.24545,0.00000,1.00000,0.45130,0.50000,0.50000,0.00000,0.66947
519,0.1473,1409024,2719,0.00876,6.49e-04,0.5222,286.5824,0.65800,709.14646,0.88000,0.69289,2333.64852,1.41586,-0.02837,-0.22885,0.14793,-0.02793,0.39744,0.68515,-0.05257,0.13706,-0.03690,-0.05562,0.03849,0.22028,0.33418,2.54471,0.00000,1.00000,0.45379,0.52000,0.47619,0.00000,0.67090
520,0.1481,1417216,2595,0.01754,4.51e-04,0.5223,184.2955,0.65800,857.84448,0.66667,0.68023,2204.19292,1.40634,-0.02848,-0.21631,0.14887,-0.02922,0.39512,0.67203,-0.05312,0.13608,-0.02748,-0.05511,0.03936,0.21851,0.33187,2.54444,0.00000,2.00000,0.45379,0.61111,0.50000,0.00000,0.65935
521,0.1490,1425408,2732,0.02478,3.13e-04,0.5224,240.9839,0.65800,527.90164,0.88889,0.66917,2203.90087,1.34646,-0.02856,-0.21623,0.14310,-0.03014,0.38845,0.66143,-0.05152,0.12751,-0.03115,-0.05577,0.03697,0.20642,0.32835,2.00800,0.50000,3.00000,0.44754,0.33333,0.30769,0.00000,0.64175
522,0.1498,1433600,2669,0.01136,3.13e-04,0.5225,290.7591,0.65800,744.80064,0.87500,0.68001,2240.51848,1.33870,-0.02854,-0.22003,0.13766,-0.02681,0.39109,0.67284,-0.05065,0.12599,-0.04121,-0.05536,0.03791,0.20325,0.32961,2.67818,0.00000,0.00000,0.44754,0.50000,0.42857,0.00000,0.64804
523,0.1507,1441792,2715,0.00932,3.76e-04,0.5226,224.0834,0.65800,584.54517,0.90909,0.67987,2278.97648,1.36834,-0.02813,-0.22347,0.13802,-0.02486,0.38960,0.67264,-0.05208,0.12620,-0.03281,-0.05557,0.03827,0.20477,0.32976,2.25333,0.50000,2.00000,0.44824,0.45455,0.50000,0.00000,0.64878
524,0.1515,1449984,2676,0.00694,5.41e-04,0.5227,283.2619,0.65800,834.55286,0.76190,0.69515,2214.96553,1.41008,-0.02839,-0.21758,0.13942,-0.02602,0.39575,0.68668,-0.05166,0.13628,-0.03109,-0.05574,0.04078,0.22040,0.33014,1.81600,0.00000,0.00000,0.46592,0.66667,0.62500,0.00000,0.65070
525,0.1524,1458176,2728,0.00820,7.79e-04,0.5228,236.7529,0.65800,674.07126,0.90909,0.67434,2283.57498,1.38083,-0.02878,-0.22390,0.13759,-0.03009,0.39051,0.66782,-0.05335,0.13617,-0.03356,-0.05611,0.03764,0.21814,0.32925,3.30500,0.00000,0.00000,0.46592,0.54545,0.50000,0.00000,0.64625
526,0.1532,1466368,2816,0.01323,6.49e-04,0.5229,253.4733,0.65800,782.26595,0.68750,0.69001,2284.15452,1.44740,-0.02863,-0.22377,0.14418,-0.02875,0.39482,0.68192,-0.05485,0.14029,-0.03122,-0.05558,0.03998,0.22760,0.33274,2.72889,0.50000,2.00000,0.47196,0.56250,0.55556,0.00000,0.66369
527,0.1540,1474560,2694,0.00792,9.35e-04,0.5230,241.7412,0.65800,642.94044,0.75000,0.71941,2285.54553,1.49513,-0.02840,-0.22388,0.14836,-0.03380,0.40860,0.71145,-0.05454,0.14835,-0.03297,-0.05654,0.04240,0.23956,0.33669,3.30800,0.00000,1.00000,0.47196,0.43750,0.27273,0.00000,0.68346
528,0.1549,1482752,2662,0.00716,1.35e-03,0.5230,249.3183,0.65800,481.57408,0.93333,0.71802,2280.23368,1.51490,-0.02843,-0.22315,0.15973,-0.03382,0.41293,0.71040,-0.05239,0.14792,-0.03430,-0.05670,0.04424,0.24036,0.33785,1.88667,0.00000,3.00000,0.45204,0.26667,0.27273,0.00000,0.68923
529,0.1557,1490944,2693,0.02652,7.79e-04,0.5232,179.8181,0.65800,770.98096,0.78947,0.70552,2221.89946,1.43901,-0.02869,-0.21779,0.14909,-0.03027,0.40863,0.69779,-0.05358,0.14167,-0.03627,-0.05683,0.04368,0.23083,0.33625,2.55600,0.00000,1.00000,0.45204,0.57895,0.50000,0.00000,0.68123
530,0.1565,1499136,2810,0.01438,6.49e-04,0.5233,169.2163,0.65800,693.42253,0.80000,0.68059,2191.48219,1.39543,-0.02859,-0.21546,0.14210,-0.02851,0.38964,0.67354,-0.05269,0.13610,-0.03009,-0.05643,0.04147,0.22150,0.33080,3.30000,0.00000,3.00000,0.46770,0.66667,0.77778,0.00000,0.65398
531,0.1574,1507328,2745,0.12371,3.76e-04,0.5233,203.8771,0.65800,674.10713,0.87500,0.67521,2195.65519,1.37885,-0.02894,-0.21550,0.14299,-0.02928,0.38914,0.66842,-0.05291,0.13286,-0.02537,-0.05547,0.03928,0.21820,0.33243,1.88000,0.50000,1.00000,0.46770,0.43750,0.38462,0.00000,0.66216
532,0.1583,1515520,2587,0.03508,2.61e-04,0.5234,271.7488,0.65800,596.01886,0.87500,0.68110,2246.96303,1.36785,-0.02909,-0.22061,0.14186,-0.02881,0.38772,0.67374,-0.05411,0.13175,-0.03713,-0.05576,0.03810,0.21350,0.33201,3.14667,0.50000,4.00000,0.46876,0.50000,0.60000,0.00000,0.66005
533,0.1591,1523712,2655,0.00572,3.76e-04,0.5234,221.6030,0.65800,570.88497,0.78571,0.68441,2258.12135,1.42205,-0.02896,-0.22143,0.15139,-0.02969,0.39321,0.67727,-0.05277,0.13391,-0.03314,-0.05550,0.03817,0.21887,0.33309,2.16800,0.00000,2.00000,0.46876,0.35714,0.22222,0.00000,0.66545
534,0.1599,1531904,2777,0.00805,5.41e-04,0.5235,194.0768,0.65800,864.76212,0.60000,0.69115,2377.85630,1.45420,-0.02862,-0.23329,0.15764,-0.03156,0.39697,0.68415,-0.05296,0.13590,-0.02780,-0.05539,0.04134,0.22473,0.33346,2.45667,0.00000,1.00000,0.45129,0.60000,0.37500,0.00000,0.66729
535,0.1608,1540096,2711,0.01494,5.41e-04,0.5236,263.2308,0.65800,834.33853,0.76923,0.72154,2295.66256,1.45622,-0.02849,-0.22512,0.15448,-0.02801,0.41524,0.71388,-0.05304,0.13770,-0.04093,-0.05576,0.03965,0.22406,0.33958,2.22500,0.50000,3.00000,0.47087,0.65385,0.64706,0.00000,0.69790
536,0.1617,1548288,2642,0.00844,6.49e-04,0.5236,200.0064,0.65800,629.77657,0.88889,0.72018,2214.11687,1.52813,-0.02877,-0.21724,0.16259,-0.03185,0.41314,0.71158,-0.05431,0.15115,-0.02992,-0.05527,0.04544,0.24615,0.33884,2.20500,0.50000,2.00000,0.47087,0.50000,0.50000,0.00000,0.69420
537,0.1625,1556480,2604,0.00663,1.12e-03,0.5237,195.4834,0.65800,759.47865,0.84211,0.71502,2180.60506,1.46793,-0.02869,-0.21356,0.15187,-0.03140,0.41170,0.70738,-0.05432,0.14522,-0.03816,-0.05582,0.04462,0.23633,0.33628,1.72333,0.00000,1.00000,0.47206,0.52632,0.46667,0.00000,0.68140
538,0.1634,1564672,2695,0.01543,1.12e-03,0.5238,242.2868,0.65800,668.55509,0.72727,0.69997,2183.40763,1.47657,-0.02863,-0.21422,0.15357,-0.02785,0.40409,0.69105,-0.05432,0.14649,-0.02622,-0.05502,0.04406,0.23779,0.33443,2.09000,0.00000,0.00000,0.47206,0.36364,0.25000,0.00000,0.67214
539,0.1642,1572864,2788,0.01728,7.79e-04,0.5239,248.5358,0.65800,638.06385,0.81250,0.71710,2261.98427,1.54548,-0.02853,-0.22180,0.16500,-0.03063,0.40721,0.70875,-0.05480,0.15455,-0.03531,-0.05480,0.04586,0.25092,0.33526,2.05143,0.50000,2.00000,0.45117,0.37500,0.27273,0.00000,0.67631
540,0.1650,1581056,2789,0.03075,5.41e-04,0.5240,281.2468,0.65800,801.89640,0.86667,0.74296,2253.47475,1.58015,-0.02806,-0.22073,0.16714,-0.03217,0.42592,0.73441,-0.05227,0.15701,-0.03911,-0.05610,0.04787,0.25500,0.34173,2.21273,0.00000,0.00000,0.45117,0.66667,0.61538,0.00000,0.70863
541,0.1658,1589248,2774,0.01493,4.51e-04,0.5241,250.9065,0.65800,905.00662,0.64286,0.74141,2293.57047,1.59115,-0.02822,-0.22468,0.16719,-0.03022,0.42443,0.73348,-0.05240,0.15658,-0.03238,-0.05559,0.04675,0.25574,0.34048,1.92667,0.00000,1.00000,0.46796,0.71429,0.62500,0.00000,0.70242
542,0.1667,1597440,2708,0.01285,4.51e-04,0.5241,229.7103,0.65800,835.91505,0.75000,0.74225,2297.68460,1.62311,-0.02846,-0.22517,0.16442,-0.03370,0.42480,0.73344,-0.05374,0.16564,-0.03355,-0.05541,0.05081,0.26605,0.34003,1.69000,0.00000,1.00000,0.46796,0.62500,0.54545,0.00000,0.70016
543,0.1675,1605632,2733,0.00693,6.49e-04,0.5242,165.7426,0.65800,633.39279,0.81250,0.72842,2185.96714,1.60162,-0.02864,-0.21490,0.15877,-0.03535,0.42063,0.72012,-0.05356,0.16679,-0.02715,-0.05554,0.04997,0.26587,0.33836,2.57000,0.00000,2.00000,0.47116,0.43750,0.45455,0.00000,0.69178
544,0.1683,1613824,2749,0.01255,6.49e-04,0.5243,201.7519,0.65800,623.56630,0.90476,0.72414,2220.21520,1.54782,-0.02828,-0.21781,0.15778,-0.03143,0.41301,0.71635,-0.05239,0.15539,-0.02842,-0.05578,0.04930,0.25104,0.33699,2.36308,0.00000,3.00000,0.47404,0.47619,0.50000,0.00000,0.68495
545,0.1692,1622016,2754,0.01096,9.35e-04,0.5244,222.2750,0.65800,827.95359,0.84615,0.71980,2238.83665,1.51851,-0.02807,-0.21906,0.16161,-0.03301,0.41401,0.71374,-0.05058,0.15201,-0.03556,-0.05570,0.04676,0.24731,0.33850,2.70667,0.00000,1.00000,0.47404,0.69231,0.80000,0.00000,0.69252
546,0.1700,1630208,2670,0.01390,9.35e-04,0.5245,205.9823,0.65800,660.01260,1.00000,0.72144,2226.26536,1.53825,-0.02834,-0.21874,0.16013,-0.02878,0.41092,0.71485,-0.05306,0.15119,-0.03181,-0.05582,0.04730,0.24561,0.33639,1.95667,0.00000,3.00000,0.49747,0.52941,0.64286,0.00000,0.68194
547,0.1708,1638400,2816,0.01011,1.12e-03,0.5246,234.1507,0.65800,956.86614,0.66667,0.72861,2258.52172,1.51660,-0.02848,-0.22212,0.15440,-0.02767,0.41590,0.72146,-0.05251,0.14580,-0.02748,-0.05618,0.04496,0.23737,0.33779,2.37000,0.50000,2.00000,0.49747,0.77778,0.80000,0.00000,0.68896
548,0.1717,1646592,2736,0.01137,1.35e-03,0.5248,235.5102,0.65800,742.47257,0.78571,0.71726,2226.32669,1.46947,-0.02857,-0.21843,0.15309,-0.03031,0.41125,0.71086,-0.05177,0.14053,-0.03688,-0.05571,0.04193,0.22815,0.33623,2.14667,0.00000,4.00000,0.51831,0.50000,0.57143,0.00000,0.68113
549,0.1725,1654784,2768,0.03689,7.79e-04,0.5250,224.0557,0.65800,699.35677,0.83333,0.70105,2316.94059,1.49158,-0.02838,-0.22732,0.15743,-0.02678,0.39975,0.69514,-0.05150,0.14311,-0.02900,-0.05652,0.04309,0.23236,0.33363,2.77750,0.50000,1.00000,0.51831,0.66667,0.66667,0.00000,0.66814
550,0.1733,1662976,2752,0.03174,5.41e-04,0.5252,246.6234,0.65800,863.38746,0.68000,0.69193,2328.63423,1.45999,-0.02848,-0.22815,0.15529,-0.02939,0.40138,0.68459,-0.05316,0.14398,-0.03724,-0.05656,0.04338,0.23297,0.33284,2.46857,0.00000,1.00000,0.52648,0.68000,0.56250,0.00000,0.66420
551,0.1742,1671168,2642,0.01023,6.49e-04,0.5253,274.1334,0.65800,723.59544,0.75000,0.70169,2192.26499,1.39925,-0.02879,-0.21483,0.14340,-0.02385,0.40767,0.69437,-0.05518,0.13140,-0.03978,-0.05582,0.04114,0.21381,0.33529,2.80000,0.50000,2.00000,0.52648,0.62500,0.60000,0.00000,0.67647
552,0.1750,1679360,2734,0.00868,7.79e-04,0.5253,276.1173,0.65800,606.87693,0.88889,0.69835,2254.01046,1.40285,-0.02855,-0.22030,0.14289,-0.02577,0.39931,0.69070,-0.05074,0.12997,-0.03191,-0.05650,0.04019,0.21075,0.33309,1.73538,0.00000,3.00000,0.51731,0.33333,0.30769,0.00000,0.66544
553,0.1759,1687552,2689,0.01199,9.35e-04,0.5254,282.1459,0.65800,830.65406,0.68421,0.70097,2180.81974,1.41836,-0.02843,-0.21388,0.14327,-0.03111,0.40226,0.69333,-0.04973,0.13946,-0.03761,-0.05728,0.04018,0.22339,0.33480,2.32000,0.00000,0.00000,0.51731,0.73684,0.61538,0.00000,0.67398
554,0.1767,1695744,2806,0.01567,7.79e-04,0.5255,235.4835,0.65800,749.80621,0.83333,0.68991,2245.74028,1.45901,-0.02835,-0.22045,0.14501,-0.02635,0.39549,0.68103,-0.05094,0.14238,-0.03080,-0.05538,0.04350,0.23022,0.33273,2.27500,0.00000,1.00000,0.52467,0.58333,0.55556,0.00000,0.66363
555,0.1775,1703936,2701,0.01518,5.41e-04,0.5255,228.0497,0.65800,746.65547,0.73684,0.71280,2326.40017,1.46332,-0.02815,-0.22795,0.14072,-0.02915,0.40656,0.70465,-0.05240,0.14281,-0.03047,-0.05759,0.04301,0.23016,0.33450,2.47231,0.50000,1.00000,0.52467,0.63158,0.53846,0.00000,0.67252
556,0.1784,1712128,2579,0.01418,5.41e-04,0.5256,179.5869,0.65800,816.19628,0.84615,0.69627,2273.94207,1.46469,-0.02848,-0.22292,0.15218,-0.02908,0.40007,0.68857,-0.05162,0.14570,-0.03484,-0.05614,0.04458,0.23456,0.33258,2.40444,0.00000,0.00000,0.53471,0.76923,0.72727,0.00000,0.66289
557,0.1793,1720320,2734,0.01173,5.41e-04,0.5257,203.6574,0.65800,657.28924,0.72727,0.70511,2379.35580,1.51880,-0.02811,-0.23312,0.16165,-0.02856,0.39970,0.69722,-0.05101,0.14869,-0.02837,-0.05606,0.04574,0.24109,0.33295,1.62667,0.00000,1.00000,0.53471,0.45455,0.28571,0.00000,0.66473
558,0.1801,1728512,2747,0.01021,6.49e-04,0.5257,194.2338,0.65800,854.38307,0.70000,0.73425,2318.06958,1.57334,-0.02822,-0.22738,0.16908,-0.03146,0.42326,0.72579,-0.05078,0.15299,-0.03197,-0.05698,0.04738,0.24902,0.34014,2.43200,0.50000,2.00000,0.52860,0.65000,0.58333,0.00000,0.70071
559,0.1809,1736704,2755,0.01434,5.41e-04,0.5258,153.9313,0.65800,753.84015,0.78571,0.73809,2277.45346,1.58515,-0.02822,-0.22338,0.17366,-0.02910,0.42901,0.72884,-0.05047,0.15269,-0.02621,-0.05574,0.04692,0.25140,0.34063,2.28500,0.50000,2.00000,0.52860,0.64286,0.66667,0.00000,0.70314
560,0.1818,1744896,2751,0.01067,7.79e-04,0.5258,267.3960,0.65800,595.60838,0.88889,0.74658,2161.65672,1.56928,-0.02807,-0.21217,0.16639,-0.02983,0.42832,0.73846,-0.04936,0.15393,-0.02817,-0.05696,0.04907,0.25336,0.34107,2.90200,0.00000,2.00000,0.53226,0.50000,0.50000,0.00000,0.70534
561,0.1826,1753088,2782,0.01895,6.49e-04,0.5259,240.4596,0.65800,690.45471,0.80000,0.72566,2194.62899,1.57022,-0.02827,-0.21580,0.17179,-0.03281,0.41338,0.71781,-0.04819,0.15832,-0.02908,-0.05634,0.04793,0.26068,0.33676,3.05750,0.00000,2.00000,0.53226,0.46667,0.50000,0.00000,0.68379
562,0.1834,1761280,2699,0.01056,7.79e-04,0.5261,211.9823,0.65800,675.17085,0.81250,0.71994,2219.05928,1.56328,-0.02833,-0.21786,0.17353,-0.03268,0.41020,0.71304,-0.05033,0.15679,-0.03338,-0.05595,0.04949,0.25677,0.33602,1.86857,0.00000,2.00000,0.52666,0.50000,0.45455,0.00000,0.68011
563,0.1842,1769472,2885,0.01355,6.49e-04,0.5262,219.9268,0.65800,640.96069,0.95000,0.73830,2223.08776,1.60132,-0.02830,-0.21801,0.17310,-0.03082,0.42111,0.73103,-0.05157,0.15928,-0.03738,-0.05544,0.05019,0.26019,0.34115,2.26308,0.50000,4.00000,0.52666,0.40000,0.46667,0.00000,0.70576
564,0.1850,1777664,2860,0.00918,9.35e-04,0.5263,246.1044,0.65800,801.68700,0.76923,0.75963,2191.55804,1.66071,-0.02833,-0.21538,0.17967,-0.03212,0.43218,0.75159,-0.05183,0.16063,-0.02676,-0.05575,0.04984,0.26611,0.34404,2.08571,0.00000,2.00000,0.53486,0.76923,0.87500,0.00000,0.72020
565,0.1858,1785856,2799,0.01381,7.79e-04,0.5265,244.5197,0.65800,831.12423,0.69231,0.75605,2309.35723,1.63178,-0.02835,-0.22618,0.17480,-0.03279,0.43132,0.74878,-0.05226,0.15726,-0.04005,-0.05653,0.04965,0.26044,0.34358,2.51143,0.00000,1.00000,0.53486,0.53846,0.50000,0.00000,0.71788
566,0.1866,1794048,2887,0.01054,1.12e-03,0.5267,239.3348,0.65800,852.37517,0.76000,0.76289,2216.44825,1.61498,-0.02837,-0.21767,0.17225,-0.03159,0.43494,0.75533,-0.05374,0.15703,-0.03067,-0.05597,0.04790,0.25641,0.34582,2.65875,0.00000,1.00000,0.53907,0.64000,0.61111,0.00000,0.72908
567,0.1874,1802240,2901,0.02291,7.79e-04,0.5268,271.4157,0.65800,805.89942,0.77778,0.74359,2219.91510,1.55295,-0.02858,-0.21733,0.16451,-0.02779,0.42558,0.73642,-0.05506,0.15187,-0.03275,-0.05700,0.04902,0.24792,0.34179,2.55111,0.00000,3.00000,0.53907,0.66667,0.72727,0.00000,0.70897
568,0.1883,1810432,2683,0.00962,1.12e-03,0.5269,275.9964,0.65800,849.25512,0.75000,0.71955,2221.78960,1.50979,-0.02874,-0.21779,0.15824,-0.02840,0.41892,0.71229,-0.05469,0.14830,-0.03759,-0.05745,0.04739,0.24139,0.33981,2.17167,0.00000,2.00000,0.56016,0.75000,0.76923,0.00000,0.69903
569,0.1891,1818624,2857,0.01771,7.79e-04,0.5270,246.2399,0.65800,940.28109,0.53846,0.69626,2188.20592,1.44388,-0.02879,-0.21496,0.14311,-0.02705,0.40679,0.68956,-0.05483,0.14058,-0.03285,-0.05668,0.04415,0.22839,0.33544,3.03500,0.00000,0.00000,0.56016,0.76923,0.57143,0.00000,0.67718
570,0.1899,1826816,2730,0.01124,7.79e-04,0.5271,253.0618,0.65800,665.31177,0.85714,0.69011,2197.63187,1.49568,-0.02862,-0.21632,0.14985,-0.02960,0.40348,0.68305,-0.05474,0.14691,-0.02621,-0.05536,0.04541,0.23822,0.33320,2.47000,0.00000,2.00000,0.56885,0.64286,0.70000,0.00000,0.66602
571,0.1907,1835008,2842,0.01672,5.41e-04,0.5271,242.7014,0.65800,821.97503,0.82353,0.71438,2271.44113,1.50767,-0.02825,-0.22280,0.15672,-0.02829,0.41567,0.70782,-0.05361,0.14655,-0.03422,-0.05616,0.04531,0.23828,0.33921,1.96600,0.00000,0.00000,0.56885,0.70588,0.64286,0.00000,0.69606
572,0.1916,1843200,2632,0.01202,5.41e-04,0.5272,188.0928,0.65800,978.09054,0.75000,0.71077,2243.02534,1.52690,-0.02861,-0.22039,0.15752,-0.02958,0.41263,0.70467,-0.05450,0.14725,-0.03008,-0.05669,0.04760,0.23987,0.33763,1.88750,0.00000,0.00000,0.57718,0.75000,0.66667,0.00000,0.68814
573,0.1924,1851392,2668,0.00986,7.79e-04,0.5272,170.8867,0.65800,794.83667,0.70588,0.70302,2222.20424,1.52157,-0.02842,-0.21804,0.16271,-0.03047,0.40827,0.69613,-0.05336,0.14942,-0.02626,-0.05665,0.04728,0.24530,0.33564,2.30000,0.00000,2.00000,0.57718,0.64706,0.60000,0.00000,0.67820
574,0.1933,1859584,2667,0.02843,5.41e-04,0.5273,215.2688,0.65800,747.09135,0.87500,0.70685,2248.67117,1.48729,-0.02835,-0.22069,0.16054,-0.02651,0.41243,0.70026,-0.05249,0.14356,-0.03574,-0.05670,0.04487,0.23553,0.33892,2.85833,0.00000,2.00000,0.58765,0.68750,0.75000,0.00000,0.69458
575,0.1942,1867776,2615,0.01851,3.76e-04,0.5273,221.4050,0.65800,528.88196,0.94737,0.71291,2316.91730,1.52457,-0.02867,-0.22708,0.16821,-0.02955,0.41016,0.70586,-0.05289,0.14864,-0.04172,-0.05605,0.04563,0.24249,0.33801,1.70364,0.00000,2.00000,0.56638,0.36842,0.37500,0.00000,0.69007
576,0.1951,1875968,2481,0.01828,2.61e-04,0.5273,256.0043,0.65800,869.74709,0.68750,0.73103,2340.12021,1.57651,-0.02819,-0.22968,0.17301,-0.03087,0.42137,0.72326,-0.05367,0.15396,-0.03284,-0.05614,0.04683,0.25269,0.34045,1.94500,0.00000,2.00000,0.56638,0.56250,0.66667,0.00000,0.70225
577,0.1960,1884160,2414,0.00712,3.76e-04,0.5273,217.4226,0.65800,676.35290,0.86667,0.73569,2234.93557,1.59653,-0.02832,-0.21965,0.17134,-0.03098,0.42283,0.72889,-0.05208,0.15585,-0.03077,-0.05621,0.04914,0.25830,0.34063,1.89333,0.00000,2.00000,0.56974,0.46667,0.54545,0.00000,0.70313
578,0.1970,1892352,2434,0.00767,5.41e-04,0.5273,223.3326,0.65800,914.88631,0.66667,0.72909,2231.98154,1.53098,-0.02866,-0.21855,0.16413,-0.03245,0.41506,0.72206,-0.05183,0.15149,-0.04185,-0.05741,0.04768,0.24878,0.33866,3.20500,0.00000,1.00000,0.56974,0.73333,0.77778,0.00000,0.69330
579,0.1979,1900544,2406,0.01009,6.49e-04,0.5274,229.0803,0.65800,531.27867,0.83333,0.71731,2201.03251,1.53626,-0.02882,-0.21649,0.16612,-0.03012,0.41588,0.71059,-0.05305,0.14955,-0.03050,-0.05634,0.04597,0.24805,0.33766,3.33333,0.00000,6.00000,0.57388,0.38889,0.44444,0.00000,0.68831
580,0.1989,1908736,2430,0.00889,9.35e-04,0.5274,232.0357,0.65800,991.90780,0.58333,0.72605,2298.68511,1.61389,-0.02870,-0.22578,0.18086,-0.03180,0.41878,0.71965,-0.05257,0.15768,-0.02717,-0.05671,0.04823,0.26093,0.33936,2.51333,0.00000,0.00000,0.57388,0.66667,0.57143,0.00000,0.69680
581,0.1998,1916928,2477,0.01337,1.12e-03,0.5275,216.5520,0.65800,669.51274,0.88235,0.74821,2292.95569,1.64687,-0.02851,-0.22483,0.18262,-0.03096,0.42797,0.74135,-0.05400,0.15952,-0.03346,-0.05645,0.05016,0.26532,0.34252,2.31455,0.50000,1.00000,0.56887,0.52941,0.50000,0.00000,0.71261
582,0.2007,1925120,2449,0.01310,9.35e-04,0.5275,298.0297,0.65800,687.28614,0.73913,0.77295,2291.59448,1.61608,-0.02842,-0.22481,0.18218,-0.03473,0.44370,0.76585,-0.05363,0.16042,-0.03951,-0.05712,0.04757,0.26538,0.34747,3.50800,0.50000,3.00000,0.56887,0.43478,0.28571,0.00000,0.73733
583,0.2016,1933312,2468,0.01679,6.49e-04,0.5275,196.9392,0.65800,696.52782,0.94737,0.76511,2216.11249,1.65037,-0.02842,-0.21760,0.18843,-0.03459,0.43581,0.75752,-0.05249,0.16462,-0.03470,-0.05648,0.05120,0.27234,0.34453,2.66000,0.00000,3.00000,0.56026,0.57895,0.66667,0.00000,0.72265
584,0.2025,1941504,2520,0.01107,7.79e-04,0.5275,201.5548,0.65800,948.94833,0.73684,0.75434,2224.02671,1.62630,-0.02854,-0.21838,0.18209,-0.03502,0.43077,0.74795,-0.05333,0.16413,-0.03530,-0.05629,0.05158,0.27094,0.34262,1.99273,0.00000,0.00000,0.56026,0.73684,0.64286,0.00000,0.71312
585,0.2035,1949696,2424,0.01255,7.79e-04,0.5276,203.5500,0.65800,1082.67832,0.54545,0.73381,2229.29006,1.61234,-0.02874,-0.21881,0.17944,-0.03210,0.41894,0.72708,-0.05435,0.16012,-0.02949,-0.05565,0.05088,0.26453,0.33763,1.61333,0.00000,0.00000,0.57424,0.90909,0.83333,0.00000,0.68817
586,0.2044,1957888,2411,0.05458,4.51e-04,0.5276,196.4197,0.65800,729.68442,0.76471,0.74063,2262.08301,1.63223,-0.02841,-0.22218,0.18032,-0.03167,0.42298,0.73435,-0.05088,0.15937,-0.02999,-0.05658,0.04897,0.26276,0.33942,3.18444,0.00000,2.00000,0.57424,0.58824,0.54545,0.00000,0.69710
587,0.2053,1966080,2510,0.01011,6.49e-04,0.5277,189.1390,0.65800,847.00163,0.86667,0.75179,2232.48548,1.61953,-0.02826,-0.21978,0.17369,-0.03397,0.42746,0.74529,-0.05109,0.16073,-0.02980,-0.05671,0.04854,0.26361,0.34188,2.21800,0.00000,0.00000,0.57931,0.73333,0.69231,0.00000,0.70942
588,0.2063,1974272,2420,0.01231,6.49e-04,0.5278,181.2812,0.65800,855.76701,0.91667,0.73893,2251.35039,1.59778,-0.02812,-0.22110,0.16417,-0.03167,0.41907,0.73209,-0.05178,0.15937,-0.02892,-0.05715,0.04712,0.25909,0.33915,2.30200,0.00000,1.00000,0.57931,0.66667,0.70000,0.00000,0.69573
589,0.2072,1982464,2397,0.01047,9.35e-04,0.5280,212.1537,0.65800,663.15667,0.82353,0.74890,2246.86408,1.60160,-0.02832,-0.22005,0.16725,-0.03257,0.42545,0.74254,-0.05223,0.16095,-0.03132,-0.05659,0.04932,0.26263,0.34079,2.98889,0.00000,1.00000,0.57790,0.52941,0.46154,0.00000,0.70393
590,0.2081,1990656,2705,0.01063,1.12e-03,0.5282,284.2534,0.65800,796.43418,0.60000,0.74669,2248.79537,1.63074,-0.02841,-0.22126,0.17816,-0.03400,0.42785,0.73995,-0.05332,0.16294,-0.02771,-0.05710,0.04913,0.26660,0.34171,3.57500,0.00000,3.00000,0.57790,0.66667,0.66667,0.00000,0.70856
591,0.2089,1998848,2797,0.01250,1.12e-03,0.5283,273.9383,0.65800,928.66533,0.63636,0.75078,2329.77790,1.61251,-0.02854,-0.22839,0.18013,-0.03183,0.43110,0.74407,-0.05344,0.15886,-0.04502,-0.05713,0.04982,0.26385,0.34289,2.50545,0.50000,2.00000,0.59233,0.72727,0.75000,0.00000,0.71446
592,0.2097,2007040,2686,0.01554,9.35e-04,0.5284,270.9365,0.65800,763.92030,0.92308,0.74539,2181.80203,1.59679,-0.02893,-0.21390,0.17828,-0.03118,0.42927,0.73857,-0.05446,0.15736,-0.02989,-0.05602,0.04844,0.26196,0.34356,1.99111,0.00000,1.00000,0.59233,0.53846,0.54545,0.00000,0.71781
593,0.2106,2015232,2770,0.00848,1.35e-03,0.5285,242.3910,0.65800,739.83640,0.83333,0.71920,2201.10062,1.52240,-0.02893,-0.21562,0.16657,-0.03058,0.41150,0.71292,-0.05502,0.15003,-0.04067,-0.05566,0.04696,0.24811,0.33725,2.48800,0.00000,3.00000,0.59832,0.66667,0.75000,0.00000,0.68626
594,0.2114,2023424,2750,0.01742,9.35e-04,0.5286,252.6803,0.65800,896.21126,0.72222,0.71101,2224.85918,1.48101,-0.02910,-0.21855,0.15660,-0.02838,0.40788,0.70456,-0.05457,0.14262,-0.03441,-0.05666,0.04474,0.23590,0.33718,1.77818,0.00000,2.00000,0.59832,0.61111,0.54545,0.00000,0.68592
595,0.2122,2031616,2752,0.01426,9.35e-04,0.5286,283.4116,0.65800,661.54084,0.75000,0.71580,2206.58573,1.52307,-0.02900,-0.21686,0.16127,-0.03120,0.41391,0.70956,-0.05530,0.14484,-0.03037,-0.05560,0.04693,0.24109,0.33806,1.32400,0.50000,4.00000,0.59474,0.50000,0.60000,0.00000,0.69030
596,0.2130,2039808,2819,0.01739,6.49e-04,0.5287,176.4251,0.65800,821.36740,0.71429,0.71909,2246.58816,1.57222,-0.02916,-0.22048,0.17080,-0.03195,0.41060,0.71243,-0.05766,0.15501,-0.03766,-0.05624,0.04985,0.25867,0.33688,1.59667,0.00000,1.00000,0.59474,0.57143,0.44444,0.00000,0.68439
597,0.2139,2048000,2715,0.00674,9.35e-04,0.5288,164.0489,0.65800,950.59402,0.60000,0.73871,2194.28727,1.56254,-0.02872,-0.21539,0.16423,-0.03026,0.42572,0.73214,-0.05730,0.15221,-0.03889,-0.05627,0.04995,0.25378,0.34130,2.17231,0.00000,1.00000,0.59178,0.76000,0.64286,0.00000,0.70651
598,0.2147,2056192,2824,0.01663,7.79e-04,0.5288,241.1175,0.65800,644.37724,0.94118,0.74163,2170.00026,1.53789,-0.02889,-0.21312,0.15623,-0.02898,0.42335,0.73490,-0.05619,0.15153,-0.03409,-0.05665,0.04928,0.24982,0.34060,2.59667,0.00000,2.00000,0.59178,0.47059,0.50000,0.00000,0.70300
599,0.2155,2064384,2865,0.01239,7.79e-04,0.5289,253.2675,0.65800,632.49701,0.88235,0.73792,2185.79027,1.56047,-0.02923,-0.21434,0.16217,-0.02803,0.42449,0.73150,-0.05635,0.15345,-0.03344,-0.05733,0.05005,0.25330,0.34187,2.17333,0.50000,3.00000,0.57876,0.41176,0.41667,0.00000,0.70937
600,0.2163,2072576,2904,0.01583,6.49e-04,0.5290,239.8018,0.65800,830.92445,0.77778,0.74846,2166.25057,1.56746,-0.02912,-0.21281,0.16512,-0.03131,0.42569,0.74203,-0.05586,0.15480,-0.03149,-0.05681,0.04788,0.25659,0.34245,2.52667,0.00000,0.00000,0.57876,0.61111,0.50000,0.00000,0.71227
601,0.2171,2080768,2872,0.01360,6.49e-04,0.5291,241.5580,0.65800,733.39472,1.00000,0.73374,2196.09110,1.61077,-0.02936,-0.21584,0.17727,-0.03342,0.41912,0.72720,-0.05636,0.15780,-0.03565,-0.05630,0.05053,0.26416,0.34024,1.47333,0.50000,1.00000,0.57922,0.63636,0.70000,0.00000,0.70120
602,0.2179,2088960,2734,0.01178,6.49e-04,0.5293,255.9887,0.65800,823.10367,0.85000,0.74469,2233.97107,1.57681,-0.02916,-0.21947,0.16937,-0.03287,0.42060,0.73891,-0.05772,0.15294,-0.03435,-0.05642,0.04964,0.25812,0.34324,1.97538,0.00000,1.00000,0.58380,0.65000,0.62500,0.00000,0.71622
603,0.2187,2097152,2860,0.00862,9.35e-04,0.5294,258.7686,0.65800,917.47783,0.75000,0.75022,2160.72160,1.60775,-0.02919,-0.21258,0.16671,-0.03380,0.42532,0.74416,-0.05721,0.15850,-0.02917,-0.05598,0.04817,0.26495,0.34282,2.11778,0.00000,0.00000,0.58380,0.75000,0.66667,0.00000,0.71411
604,0.2195,2105344,2856,0.01642,7.79e-04,0.5296,276.5034,0.65800,756.94846,0.78571,0.74386,2245.56859,1.64385,-0.02914,-0.22068,0.17435,-0.03381,0.42354,0.73738,-0.05760,0.16311,-0.03279,-0.05650,0.05203,0.27106,0.34187,2.45000,0.50000,2.00000,0.59208,0.64286,0.66667,0.00000,0.70934
605,0.2203,2113536,2795,0.01053,9.35e-04,0.5297,203.2496,0.65800,868.86004,0.82353,0.75163,2221.30330,1.61270,-0.02867,-0.21856,0.17414,-0.03106,0.42888,0.74622,-0.05511,0.15718,-0.03400,-0.05722,0.05006,0.26129,0.34547,1.46833,0.00000,1.00000,0.59208,0.58824,0.53846,0.00000,0.72736
606,0.2211,2121728,2821,0.01256,9.35e-04,0.5298,336.2005,0.65800,763.45209,0.75000,0.74677,2241.86802,1.62394,-0.02888,-0.22022,0.17965,-0.03099,0.42304,0.74113,-0.05539,0.15540,-0.02700,-0.05572,0.04947,0.25873,0.34370,2.89800,0.50000,3.00000,0.59197,0.62500,0.66667,0.00000,0.71851
607,0.2219,2129920,2819,0.01060,1.12e-03,0.5298,215.3630,0.65400,753.98045,0.94444,0.75691,2198.15486,1.65479,-0.02863,-0.21588,0.18202,-0.03151,0.43302,0.75114,-0.05575,0.15992,-0.02780,-0.05587,0.05090,0.26562,0.34556,2.27867,0.00000,1.00000,0.60152,0.61111,0.68750,0.00000,0.72779
608,0.2227,2138112,2899,0.01294,1.35e-03,0.5298,190.6084,0.65400,833.36391,0.85714,0.76086,2188.68216,1.65908,-0.02864,-0.21559,0.17918,-0.03453,0.43279,0.75500,-0.05653,0.16094,-0.03179,-0.05639,0.05064,0.26721,0.34441,2.08400,0.50000,2.00000,0.60152,0.57143,0.60000,0.00000,0.72204
609,0.2236,2146304,2742,0.01496,1.12e-03,0.5299,226.9663,0.65000,725.80431,0.82353,0.75917,2216.18489,1.66672,-0.02903,-0.21809,0.17871,-0.03247,0.43368,0.75362,-0.05634,0.16551,-0.03031,-0.05643,0.05220,0.27527,0.34454,2.36889,0.00000,2.00000,0.60046,0.58824,0.58333,0.00000,0.72269
610,0.2244,2154496,2791,0.05197,1.12e-03,0.5300,279.5822,0.65000,672.61767,0.76471,0.74759,2208.26518,1.62636,-0.02875,-0.21715,0.17488,-0.03327,0.43078,0.74244,-0.05314,0.16182,-0.03586,-0.05739,0.05166,0.26581,0.34595,3.18250,0.00000,4.00000,0.60046,0.47059,0.44444,0.00000,0.72976
611,0.2252,2162688,2802,0.09179,6.49e-04,0.5302,245.3380,0.65000,887.44371,0.76923,0.74401,2211.51874,1.65416,-0.02910,-0.21725,0.18129,-0.03371,0.42621,0.73932,-0.05418,0.15959,-0.02229,-0.05595,0.05251,0.26508,0.34417,1.97250,0.00000,2.00000,0.59924,0.69231,0.75000,0.00000,0.72085
612,0.2260,2170880,2776,0.01673,5.41e-04,0.5303,236.4141,0.65000,879.84141,0.85714,0.72793,2266.83674,1.59399,-0.02916,-0.22239,0.17524,-0.03384,0.41755,0.72253,-0.05604,0.15887,-0.03895,-0.05634,0.05046,0.26367,0.34033,2.47200,0.00000,1.00000,0.59924,0.71429,0.72727,0.00000,0.70163
613,0.2269,2179072,2713,0.01141,6.49e-04,0.5303,188.0558,0.64600,874.43270,0.71429,0.72814,2216.98268,1.55549,-0.02911,-0.21759,0.17152,-0.03167,0.41957,0.72319,-0.05574,0.15556,-0.04246,-0.05718,0.05071,0.25708,0.34214,2.10133,0.00000,2.00000,0.60483,0.64286,0.61111,0.00000,0.71071
614,0.2277,2187264,2733,0.01061,7.79e-04,0.5305,279.7610,0.64600,671.39642,0.86667,0.72387,2235.61287,1.51098,-0.02933,-0.21907,0.16414,-0.02945,0.41760,0.71875,-0.05517,0.14915,-0.04487,-0.05723,0.04765,0.24658,0.34168,3.53778,0.00000,2.00000,0.60483,0.60000,0.63636,0.00000,0.70840
615,0.2285,2195456,2786,0.01878,9.35e-04,0.5306,268.2736,0.64200,846.39375,0.81818,0.71900,2194.21079,1.49480,-0.02948,-0.21565,0.15742,-0.03103,0.41098,0.71372,-0.05613,0.14473,-0.03244,-0.05619,0.04466,0.23883,0.33959,2.16143,0.00000,2.00000,0.61472,0.68182,0.75000,0.00000,0.69797
616,0.2293,2203648,2765,0.15449,5.41e-04,0.5308,382.2127,0.64200,882.95284,0.72727,0.71408,2323.92509,1.42360,-0.02943,-0.22758,0.14260,-0.02638,0.40434,0.70848,-0.05793,0.13511,-0.03797,-0.05686,0.04110,0.22278,0.33795,2.25143,0.00000,0.00000,0.61472,0.72727,0.62500,0.00000,0.68976
617,0.2302,2211840,2818,0.01243,5.41e-04,0.5309,266.2827,0.63800,633.18417,1.00000,0.70309,2354.06053,1.46710,-0.02927,-0.23075,0.15206,-0.02778,0.40088,0.69708,-0.05531,0.13879,-0.04529,-0.05806,0.04326,0.22894,0.33475,2.20462,0.00000,2.00000,0.60779,0.43750,0.50000,0.00000,0.67377
618,0.2310,2220032,2757,0.01357,5.41e-04,0.5311,204.4306,0.63800,722.80204,0.80000,0.71369,2244.61627,1.44187,-0.02903,-0.22039,0.14957,-0.02723,0.40760,0.70785,-0.05592,0.13768,-0.04292,-0.05702,0.04207,0.22723,0.33614,2.00222,0.00000,0.00000,0.60779,0.33333,0.16667,0.00000,0.68068
619,0.2318,2228224,2703,0.01392,5.41e-04,0.5312,266.3779,0.63800,833.33316,0.71429,0.70288,2294.45583,1.42838,-0.02963,-0.22523,0.14102,-0.02781,0.39700,0.69773,-0.05771,0.13566,-0.03676,-0.05658,0.04165,0.22357,0.33319,2.16222,0.00000,1.00000,0.57082,0.50000,0.33333,0.00000,0.66596
620,0.2327,2236416,2676,0.00768,6.49e-04,0.5313,256.8145,0.63800,538.05843,0.93333,0.70997,2309.15015,1.44362,-0.02954,-0.22587,0.14531,-0.03044,0.40512,0.70413,-0.05717,0.13859,-0.04632,-0.05668,0.04148,0.22858,0.33511,2.20571,0.00000,1.00000,0.57082,0.33333,0.30769,0.00000,0.67557
621,0.2335,2244608,2717,0.00853,9.35e-04,0.5314,295.0819,0.63800,926.87524,0.56250,0.70395,2257.08608,1.47645,-0.02943,-0.22128,0.15329,-0.03129,0.40510,0.69871,-0.05574,0.14231,-0.03608,-0.05610,0.04482,0.23663,0.33437,1.94400,0.00000,2.00000,0.55374,0.62500,0.57143,0.00000,0.67186
622,0.2343,2252800,2780,0.01183,1.12e-03,0.5315,250.6993,0.63800,735.70637,0.76190,0.70089,2260.39031,1.47025,-0.02968,-0.22192,0.15278,-0.03285,0.40536,0.69574,-0.05602,0.14161,-0.03065,-0.05655,0.04317,0.23584,0.33372,2.50444,0.00000,2.00000,0.55374,0.52381,0.42857,0.00000,0.66861
623,0.2352,2260992,2677,0.01463,1.12e-03,0.5316,314.1779,0.63800,791.57779,0.92857,0.68870,2197.12841,1.41347,-0.02975,-0.21588,0.14888,-0.02653,0.39539,0.68411,-0.05657,0.13237,-0.03066,-0.05632,0.03996,0.22278,0.33227,2.09200,0.00000,2.00000,0.55837,0.71429,0.81818,0.00000,0.66134
624,0.2360,2269184,2691,0.01203,1.12e-03,0.5318,228.7102,0.63800,749.89637,0.76471,0.67515,2258.23236,1.32495,-0.02963,-0.22161,0.13712,-0.02659,0.37762,0.67148,-0.05542,0.12170,-0.03620,-0.05698,0.03744,0.20398,0.32564,1.83333,0.00000,3.00000,0.55837,0.47059,0.40000,0.00000,0.62820
625,0.2369,2277376,2760,0.01194,1.35e-03,0.5320,230.7411,0.63800,756.87860,0.81250,0.67756,2295.50412,1.30415,-0.02936,-0.22542,0.13209,-0.02478,0.38372,0.67339,-0.05607,0.11981,-0.04457,-0.05706,0.03848,0.19940,0.32591,2.22727,0.00000,1.00000,0.54798,0.56250,0.50000,0.00000,0.62957
626,0.2377,2285568,2774,0.02116,9.35e-04,0.5321,282.1582,0.63800,497.73088,0.78571,0.70360,2272.42957,1.39260,-0.02975,-0.22273,0.14086,-0.03044,0.39846,0.69802,-0.05640,0.12817,-0.02992,-0.05689,0.03850,0.21295,0.33256,2.90857,0.50000,5.00000,0.54798,0.28571,0.33333,0.00000,0.66281
627,0.2385,2293760,2741,0.02805,5.41e-04,0.5322,249.3663,0.63800,791.82590,0.85714,0.69553,2226.29061,1.42960,-0.02994,-0.21885,0.14796,-0.02762,0.39275,0.69079,-0.05787,0.13183,-0.03039,-0.05630,0.04142,0.22058,0.33110,2.03750,0.00000,1.00000,0.54024,0.57143,0.54545,0.00000,0.65551
628,0.2394,2301952,2653,0.01707,3.76e-04,0.5324,223.4680,0.63800,894.43397,0.60870,0.70029,2299.50356,1.40036,-0.02964,-0.22526,0.13907,-0.02807,0.39510,0.69501,-0.05635,0.13108,-0.04027,-0.05711,0.03946,0.21741,0.33226,2.70200,0.50000,1.00000,0.54024,0.56522,0.38462,0.00000,0.66131
629,0.2403,2310144,2565,0.00753,5.41e-04,0.5325,212.7551,0.63800,509.26668,1.00000,0.68997,2209.48713,1.33346,-0.02991,-0.21611,0.13341,-0.02328,0.39401,0.68492,-0.05521,0.12701,-0.03614,-0.05656,0.03853,0.21088,0.33074,2.97000,0.50000,2.00000,0.52326,0.31250,0.35714,0.00000,0.65370
630,0.2411,2318336,2688,0.01170,6.49e-04,0.5326,370.8353,0.63800,664.34218,0.83333,0.67895,2248.90709,1.32704,-0.02969,-0.22071,0.13434,-0.02868,0.38603,0.67492,-0.05562,0.12563,-0.04230,-0.05787,0.03762,0.20892,0.32927,2.43333,0.00000,3.00000,0.52326,0.44444,0.41667,0.00000,0.64635
631,0.2420,2326528,2609,0.00809,9.35e-04,0.5328,256.7935,0.63800,847.16772,0.77273,0.67491,2280.18254,1.32805,-0.02936,-0.22393,0.13423,-0.02705,0.38330,0.67128,-0.05360,0.12433,-0.03582,-0.05702,0.03910,0.20679,0.33004,1.85500,0.00000,0.00000,0.52265,0.63636,0.58824,0.00000,0.65020
632,0.2429,2334720,2549,0.09661,5.41e-04,0.5329,288.9306,0.63800,627.55923,0.80000,0.66699,2342.67268,1.31954,-0.02946,-0.22971,0.13500,-0.02423,0.38034,0.66296,-0.05521,0.12506,-0.05570,-0.05789,0.03746,0.20685,0.32698,2.02000,0.00000,1.00000,0.52265,0.40000,0.28571,0.00000,0.63488
633,0.2438,2342912,2513,0.01998,3.76e-04,0.5330,247.2965,0.63800,597.97461,0.94737,0.68912,2305.02408,1.40270,-0.02940,-0.22640,0.14420,-0.02631,0.39188,0.68437,-0.05699,0.13156,-0.03890,-0.05752,0.03958,0.21753,0.33259,3.06143,0.00000,1.00000,0.51622,0.52632,0.52941,0.00000,0.66295
634,0.2448,2351104,2411,0.01064,4.51e-04,0.5330,240.8502,0.63800,686.96074,0.80000,0.70562,2361.29964,1.40047,-0.02943,-0.23127,0.14784,-0.02722,0.40142,0.70046,-0.05863,0.13429,-0.04686,-0.05761,0.04071,0.22089,0.33584,2.10500,0.00000,0.00000,0.51622,0.40000,0.25000,0.00000,0.67920
635,0.2457,2359296,2461,0.01526,3.76e-04,0.5331,267.4044,0.63800,750.64779,0.80000,0.71114,2376.59900,1.46235,-0.02909,-0.23322,0.15703,-0.02903,0.40362,0.70528,-0.05421,0.14131,-0.05326,-0.05832,0.04426,0.23315,0.33494,2.13714,0.50000,1.00000,0.50144,0.60000,0.57143,0.00000,0.67472
636,0.2466,2367488,2420,0.00725,5.41e-04,0.5331,270.7750,0.63800,784.59965,0.75000,0.71260,2365.90331,1.49125,-0.02930,-0.23209,0.15356,-0.02812,0.40643,0.70609,-0.05638,0.14627,-0.03620,-0.05772,0.04543,0.23993,0.33510,2.50889,0.00000,2.00000,0.50144,0.62500,0.60000,0.00000,0.67549
637,0.2475,2375680,2510,0.01133,5.41e-04,0.5332,226.3031,0.63800,840.33499,0.68421,0.71886,2311.51035,1.48746,-0.02950,-0.22702,0.15429,-0.02694,0.41314,0.71323,-0.05705,0.14028,-0.03787,-0.05770,0.04397,0.23358,0.33780,1.85750,0.00000,2.00000,0.51320,0.68421,0.63636,0.00000,0.68899
638,0.2485,2383872,2379,0.01522,4.51e-04,0.5332,282.4480,0.63800,773.79446,0.83333,0.71467,2231.54549,1.45159,-0.02961,-0.21882,0.14910,-0.02969,0.40669,0.71041,-0.05652,0.13757,-0.03831,-0.05750,0.04170,0.22461,0.33692,2.10462,0.00000,2.00000,0.51320,0.55556,0.53846,0.00000,0.68459
639,0.2495,2392064,2382,0.01181,5.41e-04,0.5332,211.1557,0.63800,720.82469,1.00000,0.69519,2251.71466,1.43241,-0.02952,-0.22173,0.15375,-0.02682,0.39207,0.69113,-0.05711,0.13565,-0.03275,-0.05828,0.04083,0.22443,0.33484,3.00833,0.00000,1.00000,0.51788,0.53846,0.58333,0.00000,0.67420
640,0.2504,2400256,2399,0.01041,6.49e-04,0.5333,251.5741,0.63800,479.44530,0.88889,0.70086,2252.47240,1.47667,-0.02925,-0.22113,0.16192,-0.03061,0.39523,0.69628,-0.05550,0.14387,-0.03619,-0.05730,0.04360,0.23749,0.33637,3.91400,0.00000,3.00000,0.51788,0.38889,0.38462,0.00000,0.68186
641,0.2513,2408448,2462,0.01045,6.49e-04,0.5333,281.5214,0.63800,732.60670,0.89474,0.72070,2281.97734,1.52087,-0.02936,-0.22386,0.15989,-0.02842,0.40532,0.71586,-0.05728,0.14560,-0.03650,-0.05770,0.04562,0.24170,0.34116,2.49714,0.00000,3.00000,0.52906,0.73684,0.85714,0.00000,0.70579
642,0.2523,2416640,2389,0.00786,9.35e-04,0.5333,229.0883,0.63800,515.11531,1.00000,0.72298,2279.29607,1.51195,-0.02908,-0.22372,0.16261,-0.03007,0.41145,0.71820,-0.05602,0.14411,-0.03652,-0.05758,0.04710,0.24139,0.34270,2.98667,0.00000,3.00000,0.52906,0.45455,0.62500,0.00000,0.71351
643,0.2532,2424832,2440,0.01726,6.49e-04,0.5334,253.9519,0.63800,690.34751,0.92857,0.72641,2307.75855,1.53041,-0.02921,-0.22664,0.16697,-0.03281,0.41540,0.72227,-0.05510,0.14824,-0.04475,-0.05767,0.04608,0.24677,0.34254,2.14889,0.00000,1.00000,0.53115,0.50000,0.50000,0.00000,0.71270
644,0.2542,2433024,2422,0.01160,7.79e-04,0.5335,246.5982,0.63800,736.23534,0.80000,0.73301,2272.91607,1.52470,-0.02957,-0.22300,0.16530,-0.02906,0.41584,0.72793,-0.05612,0.14619,-0.03952,-0.05764,0.04525,0.24402,0.34243,3.29733,0.00000,1.00000,0.53067,0.60000,0.52632,0.00000,0.71216
645,0.2551,2441216,2394,0.01519,7.79e-04,0.5335,256.0846,0.63800,699.41550,0.88889,0.71600,2191.78933,1.44284,-0.02923,-0.21533,0.15525,-0.02963,0.40772,0.71126,-0.05415,0.13595,-0.03776,-0.05812,0.04318,0.22583,0.33860,2.65500,0.50000,2.00000,0.53067,0.44444,0.42857,0.00000,0.69302
646,0.2561,2449408,2420,0.01340,9.35e-04,0.5336,262.6818,0.63800,636.91079,0.83333,0.68957,2240.11195,1.39085,-0.02913,-0.21925,0.15273,-0.02700,0.39353,0.68599,-0.05348,0.13365,-0.04332,-0.05772,0.04146,0.22241,0.33514,2.28667,0.50000,3.00000,0.52376,0.50000,0.50000,0.00000,0.67571
647,0.2570,2457600,2408,0.01228,7.79e-04,0.5337,231.6454,0.63800,824.58922,0.75000,0.69926,2194.07825,1.39226,-0.02895,-0.21568,0.15391,-0.02861,0.39395,0.69557,-0.05286,0.13017,-0.03506,-0.05725,0.04016,0.21558,0.33573,2.54500,0.00000,0.00000,0.52376,0.68750,0.58333,0.00000,0.67865
648,0.2579,2465792,2467,0.00934,1.12e-03,0.5338,277.4178,0.63800,664.78814,0.81818,0.69631,2374.17989,1.44203,-0.02912,-0.23305,0.15469,-0.02724,0.39307,0.69211,-0.05171,0.13259,-0.02990,-0.05758,0.04131,0.22070,0.33499,2.01333,0.50000,2.00000,0.52401,0.45455,0.42857,0.00000,0.67494
649,0.2589,2473984,2497,0.01562,9.35e-04,0.5340,241.1910,0.63800,764.61913,0.80952,0.72910,2364.89266,1.51381,-0.02899,-0.23208,0.15752,-0.02957,0.40951,0.72461,-0.05164,0.14273,-0.02842,-0.05752,0.04268,0.23633,0.33994,2.51846,0.00000,0.00000,0.51279,0.52381,0.41176,0.00000,0.69972
650,0.2598,2482176,2458,0.01389,9.35e-04,0.5341,247.2224,0.63800,888.29480,0.72727,0.72989,2353.52030,1.51383,-0.02948,-0.23074,0.15562,-0.03074,0.40820,0.72482,-0.05386,0.14628,-0.04705,-0.05861,0.04395,0.24243,0.33903,2.97750,0.00000,0.00000,0.51279,0.81818,0.75000,0.00000,0.69515
651,0.2607,2490368,2413,0.02064,6.49e-04,0.5342,276.7821,0.63800,824.20923,0.75000,0.72435,2273.86354,1.51784,-0.02966,-0.22375,0.15498,-0.03011,0.40824,0.71866,-0.05772,0.14650,-0.03675,-0.05706,0.04353,0.24316,0.34041,2.54222,0.00000,2.00000,0.53373,0.68750,0.70000,0.00000,0.70205
652,0.2617,2498560,2409,0.05190,3.76e-04,0.5342,245.6981,0.63800,780.73865,0.87500,0.73013,2397.97547,1.49410,-0.02957,-0.23488,0.15630,-0.03120,0.40985,0.72465,-0.05497,0.14903,-0.05067,-0.05886,0.04506,0.24506,0.33897,2.35273,0.00000,1.00000,0.53373,0.75000,0.76923,0.00000,0.69483
653,0.2626,2506752,2414,0.03888,2.61e-04,0.5343,280.8990,0.63800,645.72679,0.73333,0.73090,2295.50510,1.53388,-0.02947,-0.22539,0.16231,-0.03061,0.41661,0.72551,-0.05518,0.15019,-0.04022,-0.05745,0.04562,0.24799,0.34065,1.97667,0.00000,3.00000,0.54226,0.40000,0.37500,0.00000,0.70323
654,0.2636,2514944,2396,0.01306,2.17e-04,0.5343,270.4481,0.63800,771.43705,0.89474,0.72946,2251.57807,1.51207,-0.02974,-0.22087,0.16239,-0.02819,0.42032,0.72449,-0.05640,0.14466,-0.03478,-0.05715,0.04365,0.24103,0.34106,3.74375,0.00000,1.00000,0.55679,0.68421,0.68750,0.00000,0.70531
655,0.2646,2523136,2368,0.03612,1.51e-04,0.5344,258.4416,0.63800,658.07821,0.73333,0.73428,2297.02788,1.56510,-0.02954,-0.22582,0.17258,-0.02924,0.42021,0.72772,-0.05718,0.14834,-0.03101,-0.05628,0.04561,0.24689,0.33920,1.78333,0.00000,3.00000,0.55679,0.46667,0.37500,0.00000,0.69600
656,0.2655,2531328,2348,0.00438,2.17e-04,0.5344,231.5481,0.63800,935.23879,0.56250,0.73433,2339.30659,1.58101,-0.02913,-0.22940,0.17957,-0.03227,0.42140,0.72830,-0.05334,0.15406,-0.03507,-0.05797,0.04566,0.25604,0.34062,2.69667,0.00000,1.00000,0.55111,0.62500,0.62500,0.00000,0.70312
657,0.2665,2539520,2417,0.01362,2.17e-04,0.5344,272.4822,0.63800,654.39620,0.87500,0.73341,2302.37926,1.57134,-0.02917,-0.22652,0.17185,-0.02959,0.42247,0.72653,-0.05451,0.15155,-0.02979,-0.05739,0.04538,0.25177,0.34292,2.71778,0.50000,4.00000,0.55111,0.50000,0.60000,0.00000,0.71462
658,0.2674,2547712,2368,0.00834,3.13e-04,0.5344,316.9594,0.63800,675.11748,0.78571,0.73938,2336.38215,1.60456,-0.02913,-0.22968,0.17037,-0.03165,0.42463,0.73260,-0.05442,0.15467,-0.03068,-0.05710,0.04526,0.25769,0.34147,2.53750,0.00000,2.00000,0.54336,0.42857,0.33333,0.00000,0.70735
659,0.2684,2555904,2359,0.01770,2.61e-04,0.5344,219.5821,0.63800,839.44074,0.86667,0.73244,2303.49258,1.58877,-0.02910,-0.22602,0.17371,-0.03055,0.42075,0.72650,-0.05549,0.15433,-0.03462,-0.05735,0.04705,0.25854,0.34195,2.40000,0.00000,1.00000,0.54336,0.80000,0.83333,0.00000,0.70976
660,0.2694,2564096,2297,0.01525,2.61e-04,0.5344,191.8269,0.63800,574.25230,0.92308,0.71205,2183.99042,1.45790,-0.02894,-0.21486,0.16599,-0.03153,0.40869,0.70674,-0.05295,0.14126,-0.03510,-0.05761,0.04185,0.23517,0.33774,2.75125,0.00000,3.00000,0.54963,0.46154,0.47619,0.00000,0.68871
661,0.2704,2572288,2337,0.02330,1.81e-04,0.5344,174.5317,0.63800,723.94373,0.77778,0.69468,2223.81514,1.45896,-0.02913,-0.21845,0.16781,-0.03142,0.39610,0.68995,-0.05181,0.14146,-0.02825,-0.05677,0.04270,0.23553,0.33382,2.53400,0.50000,2.00000,0.54963,0.61111,0.58333,0.00000,0.66912
662,0.2713,2580480,2355,0.00670,2.61e-04,0.5345,339.9941,0.63800,753.22020,0.84211,0.71027,2226.91527,1.50320,-0.02912,-0.21892,0.17313,-0.03198,0.40629,0.70422,-0.05100,0.14672,-0.03452,-0.05686,0.04200,0.24304,0.33718,2.65800,0.00000,1.00000,0.55023,0.52632,0.53333,0.00000,0.68590
663,0.2723,2588672,2405,0.00970,3.13e-04,0.5345,297.4497,0.63800,787.85647,0.81818,0.72769,2299.68310,1.57938,-0.02902,-0.22593,0.17737,-0.03051,0.41510,0.72065,-0.05232,0.15023,-0.03044,-0.05705,0.04490,0.24976,0.33914,2.29750,0.00000,0.00000,0.55023,0.63636,0.55556,0.00000,0.69571
664,0.2732,2596864,2416,0.00772,4.51e-04,0.5346,282.6588,0.63800,788.75763,0.75000,0.74369,2336.82649,1.60392,-0.02908,-0.22989,0.17035,-0.03060,0.42096,0.73727,-0.05337,0.15228,-0.03399,-0.05791,0.04722,0.25537,0.34138,1.71500,0.00000,2.00000,0.55310,0.62500,0.60000,0.00000,0.70688
665,0.2742,2605056,2366,0.01286,4.51e-04,0.5346,240.0955,0.63800,996.11888,0.66667,0.74761,2298.17600,1.56662,-0.02926,-0.22582,0.16324,-0.03165,0.42470,0.74183,-0.05536,0.15056,-0.03467,-0.05729,0.04438,0.25104,0.34322,1.73250,0.00000,0.00000,0.55310,0.60000,0.60000,0.00000,0.71610
666,0.2751,2613248,2443,0.00710,6.49e-04,0.5347,304.2732,0.63800,844.67629,0.64286,0.72798,2329.32222,1.56024,-0.02941,-0.22875,0.16712,-0.03120,0.40919,0.72220,-0.05537,0.15023,-0.02802,-0.05713,0.04484,0.24750,0.33884,1.64400,0.00000,1.00000,0.54779,0.57143,0.37500,0.00000,0.69418
667,0.2761,2621440,2377,0.01182,6.49e-04,0.5348,212.3561,0.63800,724.89990,0.75000,0.72540,2328.55543,1.56823,-0.02929,-0.22873,0.17398,-0.03004,0.41324,0.71985,-0.05608,0.15221,-0.03544,-0.05751,0.04636,0.25342,0.33901,1.92500,0.00000,1.00000,0.54779,0.50000,0.45455,0.00000,0.69506
668,0.2771,2629632,2348,0.01018,7.79e-04,0.5348,159.9627,0.63800,710.60134,0.93750,0.72083,2282.15482,1.55513,-0.02897,-0.22425,0.17531,-0.02889,0.41438,0.71528,-0.05334,0.14932,-0.03405,-0.05628,0.04508,0.24701,0.33727,2.33167,0.50000,2.00000,0.55134,0.62500,0.69231,0.00000,0.68636
669,0.2781,2637824,2340,0.01305,7.79e-04,0.5348,225.2067,0.63800,635.76785,0.85714,0.71765,2265.66218,1.57063,-0.02960,-0.22253,0.17772,-0.03008,0.41576,0.71187,-0.05358,0.15264,-0.03156,-0.05733,0.04626,0.25262,0.33934,3.41667,0.00000,3.00000,0.55134,0.57143,0.60000,0.00000,0.69671
670,0.2790,2646016,2449,0.01511,7.79e-04,0.5349,219.7540,0.63800,819.59047,0.61538,0.71086,2213.23482,1.57291,-0.02979,-0.21782,0.17524,-0.02932,0.41335,0.70474,-0.05502,0.15076,-0.02159,-0.05653,0.04543,0.24988,0.33904,2.59000,0.00000,1.00000,0.54166,0.46154,0.14286,0.00000,0.69520
671,0.2799,2654208,2435,0.01013,1.12e-03,0.5349,271.8472,0.63800,792.96688,0.64706,0.71780,2288.15630,1.56879,-0.02943,-0.22458,0.17179,-0.03092,0.41407,0.71180,-0.05505,0.15433,-0.03326,-0.05650,0.04412,0.25299,0.34015,2.98000,0.00000,3.00000,0.54166,0.58824,0.50000,0.00000,0.70074
672,0.2809,2662400,2380,0.01578,1.12e-03,0.5350,179.0266,0.63800,734.72724,0.77778,0.72809,2211.70798,1.58472,-0.02956,-0.21762,0.17297,-0.03259,0.41711,0.72207,-0.05514,0.15622,-0.03283,-0.05646,0.04620,0.25977,0.34040,1.95600,0.00000,2.00000,0.53250,0.50000,0.41667,0.00000,0.70199
673,0.2818,2670592,2471,0.02594,6.49e-04,0.5351,270.3189,0.63800,764.11243,0.71429,0.72221,2168.06718,1.59315,-0.02950,-0.21332,0.18119,-0.03086,0.41984,0.71675,-0.05647,0.15732,-0.02787,-0.05657,0.04620,0.26001,0.34123,2.06667,0.00000,4.00000,0.53250,0.57143,0.83333,0.00000,0.70617
674,0.2828,2678784,2404,0.01629,5.41e-04,0.5352,238.9257,0.63800,723.70514,0.91667,0.71108,2238.12325,1.54939,-0.02945,-0.22022,0.17455,-0.02919,0.41319,0.70434,-0.05559,0.14894,-0.03709,-0.05756,0.04389,0.24756,0.33869,2.11500,0.00000,1.00000,0.54800,0.58333,0.60000,0.00000,0.69345
675,0.2837,2686976,2341,0.01106,6.49e-04,0.5353,274.3524,0.63800,760.45449,0.92000,0.71538,2276.02763,1.51254,-0.02937,-0.22406,0.16631,-0.02648,0.41339,0.71014,-0.05612,0.14366,-0.03106,-0.05760,0.04279,0.23792,0.33893,1.93600,0.00000,1.00000,0.54774,0.56000,0.54545,0.00000,0.69463
676,0.2847,2695168,2292,0.01182,7.79e-04,0.5353,229.2613,0.63800,779.95025,0.81250,0.72397,2217.71711,1.47175,-0.02979,-0.21750,0.15595,-0.02956,0.41608,0.71857,-0.05715,0.14097,-0.03196,-0.05897,0.04232,0.23456,0.34055,1.54444,0.50000,2.00000,0.54774,0.62500,0.63636,0.00000,0.70277
677,0.2857,2703360,2348,0.01880,5.41e-04,0.5353,283.9544,0.63800,665.48351,0.77778,0.70910,2202.89035,1.46462,-0.02979,-0.21555,0.15372,-0.02990,0.40669,0.70358,-0.05601,0.14522,-0.04601,-0.05703,0.04240,0.24072,0.33689,1.58000,0.50000,3.00000,0.54297,0.38889,0.36364,0.00000,0.68444
678,0.2867,2711552,2387,0.02234,3.76e-04,0.5353,294.8081,0.63800,1074.81417,0.47368,0.69944,2240.12400,1.47872,-0.02964,-0.22035,0.16096,-0.03027,0.40138,0.69433,-0.05492,0.14284,-0.03004,-0.05729,0.04242,0.23499,0.33623,2.21250,0.00000,0.00000,0.54297,0.78947,0.66667,0.00000,0.68117
679,0.2877,2719744,2203,0.02800,2.61e-04,0.5354,259.0968,0.63800,826.48148,0.83333,0.68655,2260.54109,1.50844,-0.02980,-0.22265,0.16375,-0.03031,0.39769,0.68151,-0.05780,0.14445,-0.02280,-0.05701,0.04217,0.23956,0.33527,2.51333,0.00000,1.00000,0.56089,0.75000,0.77778,0.00000,0.67637
680,0.2887,2727936,2260,0.00747,3.76e-04,0.5354,252.1479,0.63800,699.14630,0.78947,0.70210,2292.47245,1.46050,-0.02949,-0.22516,0.15621,-0.02774,0.40223,0.69731,-0.05502,0.13729,-0.03187,-0.05719,0.03917,0.22809,0.33538,2.36667,0.50000,1.00000,0.56089,0.52632,0.50000,0.00000,0.67689
681,0.2897,2736128,2301,0.00979,4.51e-04,0.5354,255.1859,0.63800,850.16098,0.61538,0.69590,2297.43059,1.44559,-0.02938,-0.22583,0.15586,-0.02911,0.39869,0.69032,-0.05587,0.13967,-0.03708,-0.05832,0.04107,0.23053,0.33389,4.22667,0.00000,0.00000,0.55026,0.53846,0.37500,0.00000,0.66946
682,0.2907,2744320,2308,0.01200,5.41e-04,0.5356,179.7045,0.63800,586.54797,0.90909,0.69280,2242.47539,1.50599,-0.02963,-0.22053,0.16131,-0.02905,0.39932,0.68764,-0.05638,0.14796,-0.02939,-0.05796,0.04262,0.24329,0.33356,1.96000,0.00000,1.00000,0.55026,0.36364,0.33333,0.00000,0.66778
683,0.2917,2752512,2359,0.01088,6.49e-04,0.5357,210.5851,0.63800,720.33902,0.80000,0.68020,2199.36613,1.46602,-0.02985,-0.21615,0.15370,-0.02724,0.39722,0.67586,-0.05892,0.14277,-0.02245,-0.05702,0.04410,0.23541,0.33425,1.49800,0.50000,2.00000,0.53871,0.55000,0.50000,0.00000,0.67125
684,0.2926,2760704,2410,0.01218,7.79e-04,0.5359,214.1288,0.63800,670.03220,0.85714,0.68977,2227.83288,1.48221,-0.02941,-0.21973,0.16014,-0.02756,0.39693,0.68600,-0.05550,0.14498,-0.02985,-0.05740,0.04296,0.23627,0.33443,1.37333,0.50000,2.00000,0.53871,0.50000,0.50000,0.00000,0.67217
685,0.2936,2768896,2359,0.01383,6.49e-04,0.5360,258.1648,0.63800,849.10129,0.66667,0.70193,2241.49626,1.48108,-0.02920,-0.22018,0.16538,-0.02870,0.40636,0.69681,-0.05254,0.14364,-0.03312,-0.05798,0.04188,0.23608,0.33545,1.44222,0.00000,2.00000,0.52484,0.50000,0.30000,0.00000,0.67723
686,0.2946,2777088,2332,0.01071,7.79e-04,0.5361,173.0796,0.63800,828.86195,0.80000,0.69252,2219.44187,1.46407,-0.02881,-0.21794,0.16268,-0.02784,0.40129,0.68784,-0.05214,0.14061,-0.03641,-0.05846,0.04248,0.23376,0.33372,2.23000,0.50000,2.00000,0.52484,0.66667,0.80000,0.00000,0.66859
687,0.2955,2785280,2441,0.01339,7.79e-04,0.5363,251.4181,0.63800,791.99784,0.68750,0.69148,2313.17806,1.45043,-0.02897,-0.22709,0.15540,-0.02444,0.40070,0.68654,-0.05296,0.13872,-0.03236,-0.05767,0.04167,0.23145,0.33401,2.71667,0.00000,2.00000,0.54604,0.68750,0.66667,0.00000,0.67004
688,0.2964,2793472,2392,0.03485,4.51e-04,0.5364,260.6922,0.63800,681.36019,0.75000,0.70163,2219.80648,1.45098,-0.02881,-0.21864,0.15260,-0.02950,0.40639,0.69633,-0.05339,0.13683,-0.02204,-0.05785,0.04165,0.22412,0.33476,3.06000,0.50000,4.00000,0.54604,0.60000,0.63636,0.00000,0.67381
689,0.2974,2801664,2344,0.00948,6.49e-04,0.5365,193.7886,0.63800,732.33884,0.76923,0.70388,2239.03552,1.50282,-0.02912,-0.21975,0.15469,-0.02777,0.40761,0.69762,-0.05279,0.14800,-0.03038,-0.05781,0.04171,0.24152,0.33515,1.58250,0.50000,2.00000,0.53880,0.38462,0.25000,0.00000,0.67575
690,0.2984,2809856,2441,0.01582,5.41e-04,0.5366,227.3978,0.63800,689.64354,0.92308,0.70609,2199.27225,1.52109,-0.02892,-0.21629,0.15606,-0.03128,0.40844,0.70060,-0.05394,0.15181,-0.02619,-0.05814,0.04406,0.24908,0.33422,2.22889,0.00000,1.00000,0.53880,0.53846,0.54545,0.00000,0.67110
691,0.2993,2818048,2387,0.00750,7.79e-04,0.5367,191.2829,0.63800,737.27352,0.88000,0.70932,2209.17286,1.48367,-0.02937,-0.21675,0.15834,-0.02679,0.41408,0.70414,-0.05475,0.14793,-0.02930,-0.05837,0.04461,0.24438,0.33756,2.83765,0.00000,1.00000,0.54430,0.64000,0.61905,0.00000,0.68781
692,0.3002,2826240,2461,0.01305,6.49e-04,0.5369,273.7585,0.63800,659.64010,0.88889,0.70515,2222.24037,1.45775,-0.02918,-0.21798,0.15427,-0.02505,0.40990,0.70010,-0.05305,0.14240,-0.03304,-0.05823,0.04331,0.23370,0.33811,2.80000,0.50000,3.00000,0.54430,0.55556,0.61538,0.00000,0.69057
693,0.3012,2834432,2380,0.01750,4.51e-04,0.5371,244.0920,0.63800,914.42390,0.60000,0.70911,2239.11857,1.46426,-0.02910,-0.22069,0.15760,-0.02721,0.40574,0.70486,-0.05224,0.14218,-0.03317,-0.05866,0.04175,0.23358,0.33572,1.62500,0.00000,2.00000,0.54639,0.65000,0.50000,0.00000,0.67860
694,0.3021,2842624,2422,0.03622,3.13e-04,0.5372,261.8145,0.63800,818.12371,0.61538,0.69167,2269.84141,1.42485,-0.02888,-0.22340,0.16034,-0.03234,0.39649,0.68778,-0.05124,0.13925,-0.03778,-0.05847,0.04137,0.22949,0.33220,2.45500,0.00000,0.00000,0.54639,0.61538,0.37500,0.00000,0.66098
695,0.3031,2850816,2507,0.02348,2.17e-04,0.5373,193.5981,0.63800,521.09634,0.92857,0.68732,2344.49953,1.45786,-0.02915,-0.23054,0.16090,-0.02729,0.39544,0.68299,-0.05266,0.13692,-0.03230,-0.05870,0.04256,0.22827,0.33213,3.59000,0.00000,2.00000,0.53912,0.50000,0.54545,0.00000,0.66065
696,0.3040,2859008,2332,0.02524,1.51e-04,0.5373,238.2513,0.63800,897.03144,0.70588,0.70294,2312.58270,1.43471,-0.02883,-0.22700,0.15461,-0.02883,0.40466,0.69847,-0.05420,0.13745,-0.04865,-0.05822,0.04109,0.22723,0.33361,1.98222,0.00000,0.00000,0.53912,0.76471,0.66667,0.00000,0.66805
697,0.3050,2867200,2393,0.00750,2.17e-04,0.5373,296.4464,0.63800,811.54539,0.75000,0.69580,2382.89373,1.49904,-0.02910,-0.23393,0.16246,-0.03134,0.40530,0.68987,-0.05565,0.14843,-0.03985,-0.05805,0.04258,0.24518,0.33543,1.83333,0.00000,0.00000,0.54235,0.58333,0.44444,0.00000,0.67717
698,0.3059,2875392,2450,0.01305,2.17e-04,0.5374,150.3771,0.63800,851.38582,0.82353,0.71487,2350.86200,1.54011,-0.02912,-0.23087,0.16548,-0.03120,0.41643,0.70984,-0.05491,0.14716,-0.03349,-0.05833,0.04482,0.24493,0.34073,2.32615,0.50000,2.00000,0.54235,0.70588,0.75000,0.00000,0.70366
699,0.3069,2883584,2374,0.01042,2.61e-04,0.5374,245.8763,0.63800,903.51238,0.68750,0.72020,2323.91446,1.51135,-0.02926,-0.22899,0.15892,-0.02832,0.41924,0.71515,-0.05451,0.14675,-0.03828,-0.06015,0.04406,0.24469,0.34159,1.51250,0.50000,2.00000,0.56431,0.75000,0.77778,0.00000,0.70795
700,0.3079,2891776,2192,0.00841,3.76e-04,0.5374,241.6311,0.63800,683.67626,0.78947,0.71422,2370.97456,1.50190,-0.02931,-0.23287,0.15718,-0.03048,0.41256,0.70989,-0.05491,0.14601,-0.03163,-0.05924,0.04459,0.24207,0.33986,1.90800,0.00000,2.00000,0.56431,0.42105,0.38462,0.00000,0.69930
701,0.3089,2899968,2310,0.01086,4.51e-04,0.5374,282.8908,0.63800,593.32519,0.87500,0.71360,2350.63026,1.47991,-0.02924,-0.23058,0.15664,-0.02679,0.40970,0.70887,-0.05510,0.14110,-0.03767,-0.05987,0.04140,0.23218,0.33927,2.61714,0.00000,2.00000,0.54788,0.43750,0.41667,0.00000,0.69636
702,0.3099,2908160,2453,0.01126,5.41e-04,0.5374,207.2844,0.63800,686.78043,0.86667,0.70954,2423.42507,1.50674,-0.02898,-0.23786,0.16430,-0.02839,0.41037,0.70552,-0.05365,0.14083,-0.03536,-0.05898,0.04242,0.23401,0.33859,2.06750,0.00000,2.00000,0.54788,0.53333,0.54545,0.00000,0.69295
703,0.3109,2916352,2272,0.01077,6.49e-04,0.5374,231.9857,0.63800,750.42804,0.80000,0.72801,2361.60625,1.53227,-0.02903,-0.23078,0.16679,-0.02876,0.42260,0.72388,-0.05370,0.14532,-0.04067,-0.05840,0.04402,0.24158,0.34132,2.88182,0.50000,1.00000,0.55672,0.73333,0.72727,0.00000,0.70658
704,0.3118,2924544,2352,0.02280,4.51e-04,0.5374,237.9592,0.63800,470.77723,0.88889,0.73536,2321.85311,1.56220,-0.02924,-0.22800,0.17079,-0.03036,0.42427,0.73086,-0.05577,0.15098,-0.03749,-0.05888,0.04472,0.24988,0.34330,2.29750,0.00000,6.00000,0.55672,0.16667,0.20000,0.00000,0.71651
705,0.3127,2932736,2596,0.01136,4.51e-04,0.5375,313.1828,0.63800,777.70655,0.91667,0.74768,2440.23364,1.62697,-0.02966,-0.23915,0.18090,-0.02829,0.42717,0.74184,-0.05533,0.15674,-0.04012,-0.05895,0.04585,0.26111,0.34236,3.36200,0.00000,0.00000,0.54867,0.75000,0.72727,0.00000,0.71179
706,0.3136,2940928,2627,0.00907,5.41e-04,0.5375,203.9525,0.63800,702.48148,0.88235,0.75102,2430.72742,1.61672,-0.02948,-0.23871,0.18054,-0.02990,0.43134,0.74609,-0.05550,0.15337,-0.04568,-0.05851,0.04759,0.25830,0.34422,2.89400,0.00000,1.00000,0.54867,0.58824,0.57143,0.00000,0.72109
707,0.3145,2949120,2621,0.01912,3.76e-04,0.5375,225.4497,0.63800,808.88770,0.78261,0.74041,2231.97661,1.52539,-0.02919,-0.21946,0.16914,-0.02895,0.43032,0.73592,-0.05461,0.14610,-0.02966,-0.05904,0.04240,0.24451,0.34281,2.65857,0.00000,3.00000,0.55242,0.60870,0.60000,0.00000,0.71405
708,0.3154,2957312,2457,0.01865,2.61e-04,0.5375,265.3445,0.63800,713.18254,0.78947,0.70830,2229.37344,1.49353,-0.02930,-0.21950,0.16987,-0.02943,0.40621,0.70400,-0.05328,0.14439,-0.03549,-0.05818,0.04441,0.24200,0.33518,1.95600,0.00000,3.00000,0.55242,0.52632,0.58333,0.00000,0.67592
709,0.3163,2965504,2562,0.02279,1.81e-04,0.5375,305.3706,0.63800,822.89701,0.84211,0.70584,2245.86712,1.49566,-0.02913,-0.22057,0.17331,-0.02719,0.40750,0.70168,-0.05077,0.14388,-0.04149,-0.05873,0.04257,0.24127,0.33712,2.45067,0.00000,0.00000,0.55433,0.57895,0.56250,0.00000,0.68558
710,0.3172,2973696,2523,0.01181,2.17e-04,0.5376,265.2574,0.63800,745.78150,0.81818,0.69764,2282.70435,1.52301,-0.02940,-0.22476,0.17338,-0.02834,0.40225,0.69312,-0.05362,0.14323,-0.03391,-0.05754,0.04310,0.24005,0.33714,2.81333,0.00000,0.00000,0.55433,0.63636,0.55556,0.00000,0.68570
711,0.3181,2981888,2579,0.00814,3.13e-04,0.5376,224.1044,0.63800,560.31274,0.82353,0.70099,2371.42556,1.49959,-0.02936,-0.23228,0.16966,-0.02680,0.40353,0.69644,-0.05421,0.14216,-0.04357,-0.05811,0.04356,0.23871,0.33598,3.86400,0.00000,2.00000,0.54175,0.41176,0.33333,0.00000,0.67991
712,0.3189,2990080,2616,0.00904,4.51e-04,0.5377,188.8985,0.63800,950.93517,0.60000,0.71161,2296.70547,1.52405,-0.02915,-0.22619,0.16677,-0.02750,0.41174,0.70671,-0.05303,0.14535,-0.02814,-0.05786,0.04334,0.24341,0.33991,2.90250,0.00000,0.00000,0.54175,0.73333,0.55556,0.00000,0.69953
713,0.3199,2998272,2452,0.01482,4.51e-04,0.5377,165.4349,0.63800,856.68357,0.66667,0.70606,2193.89834,1.51618,-0.02948,-0.21587,0.16886,-0.02847,0.41078,0.70147,-0.05505,0.14406,-0.03190,-0.05761,0.04442,0.24475,0.33811,3.22667,0.00000,1.00000,0.54382,0.66667,0.57143,0.00000,0.69053
714,0.3207,3006464,2656,0.01310,3.76e-04,0.5377,282.2483,0.63800,680.56922,0.94118,0.71095,2223.39420,1.52442,-0.02962,-0.21847,0.16796,-0.02694,0.41066,0.70669,-0.05584,0.14553,-0.03046,-0.05796,0.04482,0.24487,0.33908,2.32167,0.50000,1.00000,0.54382,0.52941,0.53333,0.00000,0.69542
715,0.3216,3014656,2609,0.01338,3.13e-04,0.5378,280.4620,0.63800,622.15084,0.80000,0.72644,2392.66243,1.49234,-0.02920,-0.23456,0.16356,-0.02595,0.41421,0.72240,-0.05448,0.14050,-0.04643,-0.05900,0.04251,0.23566,0.33974,3.22222,0.50000,3.00000,0.54361,0.53333,0.55556,0.00000,0.69872
716,0.3225,3022848,2621,0.02879,2.17e-04,0.5378,257.0888,0.63800,921.84390,0.68182,0.72819,2328.35297,1.52284,-0.02899,-0.22823,0.16284,-0.03014,0.42250,0.72351,-0.05407,0.14227,-0.03450,-0.05866,0.04260,0.23608,0.34058,2.76182,0.00000,2.00000,0.54361,0.68182,0.69231,0.00000,0.70289
717,0.3234,3031040,2586,0.00741,2.61e-04,0.5378,203.5028,0.63800,1001.80173,0.61538,0.71390,2266.37090,1.49460,-0.02911,-0.22238,0.15956,-0.02781,0.41317,0.70899,-0.05461,0.14041,-0.03130,-0.05819,0.04465,0.23553,0.33733,1.63714,1.42000,1.00000,0.55925,0.76923,0.71429,0.00000,0.68664
718,0.3243,3039232,2454,0.01385,2.61e-04,0.5379,236.4919,0.63800,583.90530,0.94444,0.70345,2242.00142,1.51189,-0.02910,-0.22016,0.16328,-0.02970,0.41117,0.69869,-0.05576,0.14629,-0.02482,-0.05785,0.04372,0.24341,0.33745,1.95455,0.50000,3.00000,0.55925,0.44444,0.50000,0.00000,0.68723
719,0.3252,3047424,2453,0.01064,3.76e-04,0.5379,241.2370,0.63800,788.71149,0.66667,0.69759,2195.02542,1.48930,-0.02903,-0.21582,0.16842,-0.02865,0.41115,0.69352,-0.05346,0.14329,-0.03362,-0.05797,0.04278,0.23859,0.33722,1.97667,0.00000,2.00000,0.54916,0.55556,0.40000,0.00000,0.68609
720,0.3261,3055616,2592,0.01206,3.76e-04,0.5380,188.4198,0.63800,515.58272,0.83333,0.70014,2244.39040,1.47888,-0.02888,-0.22093,0.16759,-0.02616,0.41127,0.69729,-0.05411,0.13588,-0.02958,-0.05900,0.04146,0.23016,0.33733,2.60000,0.50000,4.00000,0.54916,0.33333,0.33333,0.00000,0.68663
721,0.3270,3063808,2556,0.01125,3.76e-04,0.5381,227.1958,0.63800,705.78394,0.64286,0.69151,2258.32947,1.48778,-0.02891,-0.22165,0.16939,-0.02785,0.40518,0.68898,-0.05276,0.13998,-0.04368,-0.05903,0.04327,0.23639,0.33441,2.37500,0.00000,1.00000,0.54916,0.35714,0.12500,0.00000,0.67204
722,0.3279,3072000,2543,0.01405,3.76e-04,0.5381,229.5521,0.63800,805.38896,0.80000,0.70443,2260.10022,1.49166,-0.02889,-0.22164,0.17184,-0.02758,0.41282,0.70214,-0.05200,0.14046,-0.04222,-0.05785,0.04304,0.23969,0.33731,2.40667,0.00000,1.00000,0.53970,0.68000,0.63158,0.00000,0.68655
723,0.3288,3080192,2567,0.01601,3.13e-04,0.5382,199.9198,0.63800,851.20707,0.70588,0.70871,2185.11648,1.46979,-0.02911,-0.21517,0.16358,-0.02613,0.41242,0.70562,-0.05464,0.13581,-0.02830,-0.05844,0.04252,0.22906,0.33716,2.41250,0.00000,2.00000,0.53970,0.70588,0.70000,0.00000,0.68578
724,0.3297,3088384,2586,0.01330,3.13e-04,0.5382,167.9632,0.63800,714.16190,0.82353,0.70004,2128.06832,1.47255,-0.02918,-0.20962,0.16932,-0.03085,0.40449,0.69703,-0.05389,0.14144,-0.02919,-0.05834,0.04373,0.23663,0.33489,1.90182,0.50000,3.00000,0.55239,0.52941,0.63636,0.00000,0.67446
725,0.3306,3096576,2564,0.01389,3.13e-04,0.5383,248.9853,0.63800,724.04998,0.72222,0.68121,2165.97077,1.44253,-0.02926,-0.21238,0.16976,-0.02457,0.39654,0.67748,-0.05327,0.14205,-0.04273,-0.05892,0.04642,0.23682,0.33254,2.95600,0.00000,0.00000,0.55239,0.55556,0.38462,0.00000,0.66269
726,0.3315,3104768,2494,0.00890,4.51e-04,0.5383,263.1912,0.63800,804.86466,0.72727,0.67567,2319.36605,1.43187,-0.02932,-0.22702,0.16692,-0.02657,0.39285,0.67210,-0.05421,0.13734,-0.04638,-0.05784,0.04278,0.23102,0.33188,1.99333,0.00000,1.00000,0.54215,0.63636,0.57143,0.00000,0.65942
727,0.3324,3112960,2624,0.01428,4.51e-04,0.5384,206.7743,0.63800,817.28443,0.80000,0.71500,2276.01142,1.48989,-0.02919,-0.22386,0.16848,-0.02619,0.40822,0.71162,-0.05628,0.13620,-0.02976,-0.05937,0.04310,0.23059,0.33654,1.78667,0.00000,1.00000,0.54215,0.60000,0.60000,0.00000,0.68270
728,0.3332,3121152,2665,0.01005,6.49e-04,0.5384,198.4637,0.63800,907.15748,0.83333,0.71599,2241.49036,1.50379,-0.02943,-0.22057,0.16883,-0.02714,0.41332,0.71261,-0.05647,0.14050,-0.03441,-0.05878,0.04387,0.23853,0.33848,2.18000,0.00000,0.00000,0.55594,0.83333,0.80000,0.00000,0.69242
729,0.3341,3129344,2498,0.05641,3.76e-04,0.5385,179.6748,0.63800,669.88331,0.78571,0.69521,2195.25022,1.53683,-0.02991,-0.21639,0.17604,-0.02762,0.40872,0.69139,-0.05695,0.14759,-0.03285,-0.05773,0.04629,0.25073,0.33542,2.10571,0.00000,2.00000,0.55594,0.35714,0.22222,0.00000,0.67712
730,0.3350,3137536,2504,0.01738,3.76e-04,0.5386,201.8386,0.63800,949.43404,0.64706,0.70460,2184.10444,1.50024,-0.02967,-0.21468,0.16708,-0.02703,0.40997,0.70154,-0.05577,0.14274,-0.02588,-0.05773,0.04475,0.24164,0.33797,2.34400,0.50000,1.00000,0.54771,0.76471,0.70000,0.00000,0.68983
731,0.3359,3145728,2567,0.01846,2.17e-04,0.5387,196.2318,0.63800,688.86348,0.81250,0.69509,2214.05093,1.49165,-0.02942,-0.21777,0.16483,-0.02717,0.40604,0.69240,-0.05620,0.14083,-0.02537,-0.05823,0.04422,0.23767,0.33778,2.36222,0.50000,3.00000,0.54771,0.62500,0.70000,0.00000,0.68891
732,0.3368,3153920,2608,0.01850,1.51e-04,0.5388,270.2562,0.63800,748.72671,0.72222,0.70526,2315.14421,1.46415,-0.02925,-0.22700,0.16532,-0.02633,0.40849,0.70202,-0.05553,0.14240,-0.05021,-0.05940,0.04569,0.23804,0.33872,2.49111,0.00000,1.00000,0.54294,0.44444,0.33333,0.00000,0.69362
733,0.3377,3162112,2510,0.00606,2.17e-04,0.5388,255.2607,0.63800,776.42758,0.64286,0.71757,2247.89276,1.57166,-0.02959,-0.22123,0.17835,-0.02702,0.41705,0.71317,-0.05743,0.15061,-0.03778,-0.05810,0.04907,0.25421,0.34062,2.14500,0.00000,2.00000,0.54294,0.50000,0.28571,0.00000,0.70312
734,0.3386,3170304,2596,0.00821,2.61e-04,0.5389,236.4541,0.63800,620.00422,0.88235,0.73668,2300.31349,1.56365,-0.02933,-0.22590,0.17785,-0.02891,0.42664,0.73173,-0.05452,0.14963,-0.04819,-0.05960,0.04680,0.25079,0.34399,3.11000,0.00000,2.00000,0.52865,0.41176,0.46154,0.00000,0.71997
735,0.3394,3178496,2680,0.00884,3.76e-04,0.5390,227.9460,0.63800,558.11442,0.88235,0.74453,2252.40065,1.61675,-0.02942,-0.22136,0.18689,-0.02948,0.42929,0.74028,-0.05265,0.15539,-0.03689,-0.05889,0.05040,0.26031,0.34547,2.77400,0.00000,4.00000,0.52865,0.35294,0.45455,0.00000,0.72735
736,0.3403,3186688,2652,0.01272,3.76e-04,0.5391,212.4195,0.63800,990.98235,0.61538,0.73156,2338.77763,1.59905,-0.02954,-0.22990,0.18583,-0.02945,0.42503,0.72753,-0.05354,0.15201,-0.03334,-0.05884,0.04811,0.25641,0.34379,1.84000,0.00000,2.00000,0.54049,0.84615,1.00000,0.00000,0.71894
737,0.3412,3194880,2588,0.02448,2.61e-04,0.5391,231.8426,0.63800,674.94471,0.92857,0.73001,2372.96682,1.59826,-0.02951,-0.23345,0.18382,-0.03052,0.42370,0.72527,-0.05484,0.15274,-0.04031,-0.05864,0.04848,0.25830,0.34184,1.96222,0.00000,1.00000,0.54049,0.57143,0.58333,0.00000,0.70918
738,0.3422,3203072,2366,0.01615,1.81e-04,0.5391,221.9091,0.63800,841.86091,0.78571,0.72214,2287.80244,1.51059,-0.02960,-0.22386,0.17405,-0.02816,0.41957,0.71764,-0.05568,0.14559,-0.03923,-0.05830,0.04692,0.24670,0.34166,2.29333,0.00000,2.00000,0.55519,0.75000,0.75000,0.00000,0.70831
739,0.3432,3211264,2281,0.00623,2.17e-04,0.5392,172.3545,0.63800,715.64237,0.80000,0.68169,2174.31621,1.39078,-0.02936,-0.21368,0.15437,-0.02481,0.39941,0.67848,-0.05321,0.13016,-0.03342,-0.05865,0.04229,0.22083,0.33400,2.38000,0.00000,2.00000,0.55519,0.60000,0.60000,0.00000,0.67000
740,0.3441,3219456,2394,0.00697,3.13e-04,0.5392,242.6370,0.63800,781.44141,0.77273,0.66669,2267.26603,1.38261,-0.02915,-0.22289,0.15722,-0.02647,0.39358,0.66361,-0.05167,0.13074,-0.02963,-0.05835,0.03993,0.22021,0.33299,1.87286,0.50000,2.00000,0.56367,0.68182,0.66667,0.00000,0.66495
741,0.3451,3227648,2354,0.01114,3.76e-04,0.5392,318.1421,0.63800,836.32043,0.81818,0.67272,2345.59827,1.37067,-0.02915,-0.22975,0.15760,-0.02377,0.38986,0.66840,-0.05053,0.12446,-0.03860,-0.05935,0.03809,0.21130,0.33089,2.18750,0.00000,0.00000,0.56367,0.72727,0.66667,0.00000,0.65443
742,0.3460,3235840,2371,0.00997,4.51e-04,0.5393,240.0770,0.63800,756.77367,0.81250,0.69440,2407.78113,1.50772,-0.02933,-0.23603,0.17404,-0.02508,0.40245,0.68886,-0.05447,0.14004,-0.03069,-0.05853,0.04367,0.23816,0.33570,2.94667,0.00000,2.00000,0.57730,0.68750,0.72727,0.00000,0.67852
743,0.3470,3244032,2392,0.00953,6.49e-04,0.5393,187.0092,0.63800,636.49131,0.93333,0.71285,2333.17802,1.46458,-0.02935,-0.22910,0.16030,-0.02408,0.41466,0.70744,-0.05611,0.13273,-0.03748,-0.05934,0.04369,0.22607,0.33842,2.79200,0.00000,0.00000,0.57730,0.53333,0.50000,0.00000,0.69209
744,0.3479,3252224,2444,0.01248,6.49e-04,0.5395,188.1735,0.63800,720.45852,0.78571,0.70891,2320.75232,1.51635,-0.02981,-0.22831,0.16562,-0.02795,0.41257,0.70321,-0.05718,0.14350,-0.03255,-0.05840,0.04630,0.24219,0.33896,2.07429,0.00000,1.00000,0.56541,0.50000,0.40000,0.00000,0.69482
745,0.3489,3260416,2412,0.01013,7.79e-04,0.5396,199.2835,0.63800,676.46737,0.80000,0.71114,2341.82283,1.56754,-0.02949,-0.23013,0.16984,-0.02852,0.41421,0.70578,-0.05609,0.15316,-0.02842,-0.05894,0.04840,0.25537,0.33902,2.22333,0.00000,1.00000,0.56541,0.53333,0.45455,0.00000,0.69509
746,0.3498,3268608,2471,0.02765,5.41e-04,0.5398,185.0238,0.63800,741.95240,0.81250,0.72971,2356.53322,1.58647,-0.02954,-0.23148,0.17736,-0.02961,0.42478,0.72388,-0.05714,0.15518,-0.03767,-0.05924,0.04833,0.25916,0.34314,1.92000,0.00000,2.00000,0.55887,0.56250,0.54545,0.00000,0.71569
747,0.3507,3276800,2415,0.01340,4.51e-04,0.5399,194.6741,0.63800,731.57323,0.71429,0.73703,2306.79816,1.60097,-0.02966,-0.22733,0.18079,-0.03085,0.42799,0.73133,-0.05643,0.15412,-0.03065,-0.05844,0.04706,0.25751,0.34131,3.28400,0.00000,2.00000,0.55887,0.66667,0.69231,0.00000,0.70654
748,0.3517,3284992,2455,0.01354,4.51e-04,0.5400,327.5402,0.63800,926.54714,0.50000,0.74336,2278.12975,1.63311,-0.02987,-0.22457,0.18221,-0.03121,0.43210,0.73665,-0.05561,0.15914,-0.02855,-0.05794,0.04795,0.26587,0.34266,2.54000,0.00000,2.00000,0.56965,0.71429,0.60000,0.00000,0.71329
749,0.3526,3293184,2396,0.01272,4.51e-04,0.5401,192.9515,0.63800,699.79774,0.82353,0.74243,2340.89100,1.61754,-0.02966,-0.23006,0.18014,-0.02895,0.42878,0.73646,-0.05392,0.15598,-0.03886,-0.05831,0.04740,0.26074,0.34392,2.50800,0.00000,3.00000,0.56965,0.58824,0.72727,0.00000,0.71959
750,0.3536,3301376,2446,0.01655,3.13e-04,0.5402,195.3438,0.63800,836.24263,0.68750,0.74702,2333.92185,1.65150,-0.02968,-0.22996,0.19017,-0.03501,0.42734,0.74126,-0.05341,0.16165,-0.02906,-0.05850,0.04979,0.27051,0.34351,3.42750,0.00000,1.00000,0.58411,0.75000,0.70000,0.00000,0.71755
751,0.3545,3309568,2414,0.01416,3.13e-04,0.5403,141.4600,0.63800,574.88905,0.85714,0.74864,2325.30198,1.61787,-0.02962,-0.22852,0.19071,-0.03337,0.43030,0.74328,-0.05155,0.15869,-0.03831,-0.05883,0.04943,0.26843,0.34458,2.36667,0.50000,5.00000,0.58411,0.35714,0.42857,0.00000,0.72289
752,0.3555,3317760,2369,0.00838,4.51e-04,0.5403,169.6217,0.63800,699.67212,0.92857,0.74465,2293.24411,1.64943,-0.02957,-0.22566,0.19515,-0.03236,0.42533,0.73922,-0.05383,0.16188,-0.02792,-0.05840,0.04886,0.27246,0.34312,2.10833,0.50000,1.00000,0.58359,0.64286,0.66667,0.00000,0.71559
753,0.3564,3325952,2470,0.01290,3.76e-04,0.5404,202.9465,0.63800,771.05662,0.78261,0.75556,2350.69125,1.66348,-0.02979,-0.23130,0.19225,-0.03268,0.43243,0.74885,-0.05402,0.16305,-0.02453,-0.05847,0.05061,0.27368,0.34497,2.82909,0.00000,1.00000,0.58994,0.65217,0.64706,0.00000,0.72487
754,0.3574,3334144,2395,0.01433,3.76e-04,0.5405,284.1541,0.63800,702.38333,0.87500,0.77609,2185.50848,1.64573,-0.02999,-0.21509,0.18784,-0.03137,0.43868,0.76932,-0.05567,0.16242,-0.02766,-0.05853,0.04985,0.27429,0.34768,3.24200,0.00000,2.00000,0.58994,0.68750,0.75000,0.00000,0.73842
755,0.3583,3342336,2321,0.01223,4.51e-04,0.5406,190.4969,0.63800,610.50600,0.83333,0.75383,2228.59535,1.62784,-0.02989,-0.21891,0.18502,-0.03339,0.43088,0.74783,-0.05266,0.16181,-0.03870,-0.05836,0.05039,0.27100,0.34287,2.96250,0.00000,3.00000,0.59345,0.50000,0.50000,0.00000,0.71433
756,0.3593,3350528,2482,0.03828,3.13e-04,0.5406,219.6199,0.63800,953.11563,0.68182,0.74600,2156.93326,1.60151,-0.02990,-0.21209,0.18325,-0.02996,0.42681,0.74021,-0.05510,0.15861,-0.03543,-0.05736,0.04951,0.26776,0.34257,2.10714,0.00000,0.00000,0.59345,0.81818,0.73333,0.00000,0.71286
757,0.3601,3358720,2646,0.01650,2.17e-04,0.5407,204.5684,0.63400,905.10817,0.70000,0.71865,2251.93865,1.53733,-0.02962,-0.22109,0.17087,-0.03042,0.40975,0.71374,-0.05460,0.15019,-0.03567,-0.05762,0.04613,0.25299,0.33589,2.56333,0.00000,1.00000,0.61029,0.80000,0.83333,0.00000,0.67947
758,0.3610,3366912,2591,0.00913,2.61e-04,0.5407,242.7801,0.63400,877.68004,0.78947,0.72353,2345.21287,1.48100,-0.02937,-0.22939,0.15991,-0.02562,0.40853,0.71914,-0.05355,0.13689,-0.04295,-0.05942,0.04252,0.23096,0.33567,1.74000,0.00000,1.00000,0.61029,0.68421,0.64286,0.00000,0.67836
759,0.3619,3375104,2522,0.02511,2.17e-04,0.5407,246.6046,0.63000,865.55811,0.66667,0.71185,2298.51978,1.45477,-0.02927,-0.22617,0.15822,-0.02663,0.40285,0.70725,-0.05605,0.13879,-0.03001,-0.05887,0.04338,0.23334,0.33405,3.39500,0.00000,0.00000,0.60760,0.60000,0.50000,0.00000,0.67025
760,0.3629,3383296,2202,0.01837,2.17e-04,0.5408,176.5794,0.63000,1011.34198,0.40000,0.71268,2378.66195,1.51334,-0.02920,-0.23313,0.17019,-0.02792,0.40341,0.70712,-0.05569,0.14793,-0.04556,-0.05877,0.04394,0.24701,0.33615,4.10000,0.00000,1.00000,0.60760,0.70000,0.33333,0.00000,0.68076
761,0.3639,3391488,2288,0.00666,3.13e-04,0.5409,235.9727,0.63000,838.34890,0.75000,0.72990,2319.98131,1.51468,-0.02943,-0.22813,0.16566,-0.02846,0.41103,0.72462,-0.05614,0.14376,-0.03042,-0.05865,0.04345,0.24078,0.33829,1.88600,0.50000,2.00000,0.60760,0.75000,0.90000,0.00000,0.69143
762,0.3650,3399680,2224,0.00958,3.76e-04,0.5410,258.8808,0.62600,832.00642,0.78947,0.70635,2396.05422,1.46065,-0.02971,-0.23489,0.15969,-0.02989,0.40354,0.70095,-0.05543,0.13816,-0.03301,-0.05907,0.04067,0.23016,0.33615,2.11667,0.00000,2.00000,0.62376,0.68421,0.76923,0.00000,0.68077
763,0.3660,3407872,2254,0.00860,5.41e-04,0.5412,250.4286,0.62600,845.64356,0.55556,0.69229,2372.56273,1.41309,-0.02939,-0.23259,0.15707,-0.02566,0.39627,0.68726,-0.05482,0.13324,-0.03265,-0.05920,0.04041,0.22272,0.33472,2.18000,0.00000,2.00000,0.62376,0.55556,0.37500,0.00000,0.67360
764,0.3670,3416064,2216,0.01105,5.41e-04,0.5413,169.4157,0.62200,866.53391,0.69231,0.68516,2327.10483,1.40034,-0.02951,-0.22891,0.15885,-0.02704,0.39188,0.68040,-0.05495,0.13229,-0.03837,-0.05892,0.04055,0.22278,0.33451,1.92857,0.00000,1.00000,0.61138,0.69231,0.62500,0.00000,0.67256
765,0.3680,3424256,2242,0.01003,6.49e-04,0.5414,249.4638,0.62200,860.10841,0.61111,0.69113,2335.49088,1.44446,-0.02985,-0.22952,0.16432,-0.02739,0.39310,0.68560,-0.05579,0.13469,-0.04003,-0.05745,0.04171,0.22607,0.33443,2.87143,0.00000,3.00000,0.61138,0.61111,0.50000,0.00000,0.67215
766,0.3690,3432448,2273,0.01217,6.49e-04,0.5416,256.3256,0.62200,532.80126,0.94737,0.70974,2357.83459,1.46016,-0.02959,-0.23162,0.16122,-0.02638,0.39985,0.70485,-0.05559,0.13335,-0.03521,-0.05912,0.04087,0.22430,0.33786,1.92800,0.00000,3.00000,0.58938,0.31579,0.33333,0.00000,0.68929
767,0.3700,3440640,2300,0.01369,6.49e-04,0.5417,180.4091,0.62200,550.66752,1.00000,0.71182,2313.68838,1.51285,-0.02979,-0.22811,0.17164,-0.02792,0.40296,0.70617,-0.05519,0.14306,-0.03280,-0.05847,0.04441,0.24091,0.33873,2.24000,0.00000,3.00000,0.58938,0.54545,0.75000,0.00000,0.69364
768,0.3711,3448832,2200,0.01484,6.49e-04,0.5418,261.3736,0.62200,720.02783,0.85714,0.71101,2339.90745,1.49598,-0.03010,-0.22990,0.17342,-0.02914,0.39894,0.70606,-0.05641,0.14298,-0.03649,-0.05861,0.04380,0.24225,0.33959,2.58400,0.50000,1.00000,0.59886,0.64286,0.63636,0.00000,0.69795
769,0.3721,3457024,2203,0.02657,3.76e-04,0.5419,250.6594,0.61800,856.49258,0.76000,0.71639,2302.19718,1.46770,-0.02969,-0.22614,0.16974,-0.02675,0.40703,0.71054,-0.05428,0.13848,-0.03600,-0.05880,0.04197,0.23096,0.33875,2.41765,0.00000,1.00000,0.60564,0.72000,0.66667,0.00000,0.69377
770,0.3731,3465216,2206,0.01206,3.76e-04,0.5420,267.0032,0.61800,762.30682,0.77778,0.70715,2266.26117,1.45432,-0.02990,-0.22209,0.17178,-0.02922,0.40156,0.70150,-0.05586,0.14296,-0.04108,-0.05888,0.04401,0.23907,0.33564,3.25333,0.00000,2.00000,0.60564,0.61111,0.66667,0.00000,0.67819
771,0.3742,3473408,2210,0.01259,3.76e-04,0.5420,265.0971,0.61800,440.94802,0.94444,0.69277,2219.76471,1.40717,-0.02963,-0.21811,0.16016,-0.02518,0.39611,0.68883,-0.05516,0.13476,-0.04741,-0.05848,0.04068,0.22443,0.33552,2.41778,0.50000,3.00000,0.59123,0.27778,0.28571,0.00000,0.67759
772,0.3752,3481600,2206,0.01248,3.76e-04,0.5421,224.1023,0.61800,688.94668,0.75000,0.68548,2351.64556,1.34702,-0.02941,-0.23066,0.14838,-0.02446,0.39221,0.68139,-0.05387,0.12248,-0.03706,-0.05891,0.03824,0.20532,0.33339,5.34000,0.00000,0.00000,0.59123,0.56250,0.50000,0.00000,0.66694
773,0.3763,3489792,2202,0.01302,3.76e-04,0.5423,192.3332,0.61800,793.97971,0.81818,0.67300,2356.55779,1.37380,-0.02943,-0.23113,0.15077,-0.02626,0.38542,0.66836,-0.05448,0.12669,-0.03331,-0.05872,0.03878,0.21320,0.33120,2.38857,0.00000,2.00000,0.59526,0.72727,0.85714,0.00000,0.65599
774,0.3773,3497984,2243,0.01152,4.51e-04,0.5424,227.4811,0.61800,811.89247,0.71429,0.68167,2368.68116,1.34887,-0.02933,-0.23161,0.15097,-0.02500,0.39217,0.67720,-0.05410,0.12463,-0.04768,-0.05958,0.03848,0.20972,0.33247,2.81636,0.00000,0.00000,0.59526,0.71429,0.66667,0.00000,0.66233
775,0.3784,3506176,2128,0.00803,6.49e-04,0.5426,208.1569,0.61400,761.34145,0.81818,0.65193,2369.19498,1.30483,-0.02926,-0.23213,0.14341,-0.02242,0.37947,0.64811,-0.05310,0.11676,-0.03879,-0.05930,0.03654,0.19757,0.33044,3.29500,0.00000,0.00000,0.60240,0.72727,0.66667,0.00000,0.65221
776,0.3794,3514368,2237,0.01593,6.49e-04,0.5428,248.1542,0.61400,702.17988,0.75000,0.64221,2384.63452,1.27569,-0.02957,-0.23408,0.14032,-0.02028,0.37052,0.63854,-0.05339,0.11281,-0.03768,-0.05975,0.03582,0.19055,0.32812,3.73556,0.00000,2.00000,0.60240,0.68750,0.70000,0.00000,0.64058
777,0.3804,3522560,2194,0.03289,3.76e-04,0.5430,207.9524,0.61000,907.28025,0.62500,0.63129,2411.18109,1.22107,-0.02932,-0.23642,0.13557,-0.02039,0.37026,0.62747,-0.05526,0.10871,-0.04778,-0.06016,0.03270,0.18268,0.32638,2.26444,0.00000,1.00000,0.61585,0.81250,0.77778,0.00000,0.63188
778,0.3815,3530752,2134,0.02178,2.61e-04,0.5431,190.0990,0.61000,574.46465,0.86667,0.62456,2356.62227,1.24030,-0.02908,-0.23106,0.14025,-0.02115,0.37141,0.62057,-0.05421,0.11363,-0.04411,-0.05934,0.03606,0.19055,0.32700,1.60333,0.00000,3.00000,0.61585,0.40000,0.40000,0.00000,0.63502
779,0.3825,3538944,2218,0.03308,1.81e-04,0.5432,251.9290,0.61000,688.57321,0.78947,0.64406,2306.45491,1.25600,-0.02943,-0.22571,0.14588,-0.02246,0.37816,0.63952,-0.05469,0.11628,-0.04878,-0.05903,0.03532,0.19604,0.32966,1.77429,0.00000,1.00000,0.59593,0.52632,0.42857,0.00000,0.64832
780,0.3836,3547136,2104,0.00518,2.61e-04,0.5432,296.0736,0.61000,739.64359,0.60000,0.64798,2346.36131,1.27231,-0.02948,-0.23049,0.14229,-0.02280,0.37433,0.64371,-0.05499,0.11406,-0.03793,-0.05924,0.03215,0.19067,0.32665,3.23000,0.00000,3.00000,0.59593,0.60000,0.50000,0.00000,0.63327
781,0.3847,3555328,2148,0.00821,3.76e-04,0.5433,220.7189,0.61000,798.09225,0.81250,0.64997,2401.45350,1.24706,-0.02947,-0.23615,0.13894,-0.02106,0.37684,0.64617,-0.05654,0.11173,-0.04579,-0.05970,0.03379,0.18677,0.32893,2.39636,0.50000,1.00000,0.58634,0.56250,0.50000,0.00000,0.64467
782,0.3857,3563520,2102,0.00969,5.41e-04,0.5434,239.5320,0.61000,518.86731,0.75000,0.66218,2386.16286,1.30801,-0.02956,-0.23417,0.14843,-0.02631,0.38625,0.65773,-0.05634,0.12191,-0.05040,-0.06041,0.03738,0.20605,0.33144,1.56500,0.50000,4.00000,0.58634,0.31250,0.12500,0.00000,0.65718
783,0.3868,3571712,2206,0.01150,6.49e-04,0.5435,316.4435,0.61000,658.34059,0.78571,0.67539,2441.84492,1.33954,-0.02995,-0.23966,0.14265,-0.02512,0.38650,0.67193,-0.05655,0.12231,-0.04194,-0.06050,0.03670,0.20636,0.33207,3.12333,0.00000,2.00000,0.55123,0.42857,0.33333,0.00000,0.66036
784,0.3879,3579904,2082,0.01350,5.41e-04,0.5437,271.9257,0.61000,688.59297,0.86667,0.67801,2437.50960,1.34447,-0.02961,-0.23965,0.14355,-0.02254,0.39028,0.67391,-0.05781,0.12027,-0.03958,-0.06128,0.03607,0.20251,0.33420,2.44400,0.00000,1.00000,0.55123,0.60000,0.58333,0.00000,0.67099
785,0.3889,3588096,2206,0.01216,5.41e-04,0.5437,276.0357,0.61000,564.69352,0.92308,0.66945,2364.61576,1.23925,-0.02970,-0.23231,0.13338,-0.02191,0.38824,0.66535,-0.05774,0.11172,-0.05213,-0.06081,0.03211,0.18683,0.33052,3.11077,0.00000,3.00000,0.55369,0.53846,0.57143,0.00000,0.65260
786,0.3899,3596288,2322,0.03748,3.13e-04,0.5438,286.5821,0.61000,652.78209,0.83333,0.67245,2447.62005,1.32688,-0.03000,-0.24026,0.14554,-0.02755,0.39088,0.66802,-0.05853,0.12505,-0.04940,-0.06047,0.03518,0.20795,0.33350,2.38750,0.00000,2.00000,0.55369,0.44444,0.38462,0.00000,0.66751
787,0.3909,3604480,2274,0.02349,2.17e-04,0.5439,300.6570,0.61000,724.91844,0.78947,0.67243,2376.11036,1.29280,-0.02991,-0.23323,0.13777,-0.02209,0.38719,0.66762,-0.05724,0.11695,-0.03760,-0.06035,0.03264,0.19537,0.33231,3.34727,0.00000,1.00000,0.54647,0.63158,0.57143,0.00000,0.66154
788,0.3920,3612672,2149,0.00930,2.61e-04,0.5440,205.2974,0.61000,506.03674,0.90909,0.65279,2395.84847,1.21679,-0.02993,-0.23547,0.13177,-0.02090,0.37432,0.64946,-0.05704,0.10869,-0.05607,-0.06054,0.03260,0.18304,0.32829,2.57333,0.00000,0.00000,0.54647,0.27273,0.20000,0.00000,0.64147
789,0.3930,3620864,2244,0.01712,2.17e-04,0.5441,294.4067,0.61000,647.31306,0.87500,0.67124,2380.50559,1.36229,-0.02972,-0.23429,0.15345,-0.02626,0.38063,0.66600,-0.05549,0.12668,-0.03956,-0.05946,0.03816,0.21210,0.33064,2.69455,0.00000,2.00000,0.52364,0.43750,0.41667,0.00000,0.65318
790,0.3940,3629056,2229,0.00543,3.13e-04,0.5441,236.5510,0.61000,657.55953,1.00000,0.69090,2471.20664,1.36806,-0.02984,-0.24230,0.15863,-0.02609,0.39271,0.68588,-0.05782,0.13036,-0.06266,-0.06084,0.04089,0.21753,0.33730,3.04500,0.00000,0.00000,0.52364,0.73333,0.73333,0.00000,0.68652
791,0.3950,3637248,2214,0.00944,3.76e-04,0.5442,202.3032,0.61000,503.44141,1.00000,0.70152,2418.95006,1.47325,-0.02913,-0.23764,0.17034,-0.02848,0.40023,0.69701,-0.05461,0.13711,-0.03711,-0.06031,0.04297,0.22809,0.33755,3.29556,0.00000,1.00000,0.53199,0.42857,0.46154,0.00000,0.68773
792,0.3960,3645440,2268,0.01157,3.76e-04,0.5442,173.2491,0.61000,585.14069,0.87500,0.71813,2396.72738,1.54627,-0.02937,-0.23524,0.17967,-0.02918,0.41662,0.71252,-0.05463,0.14468,-0.03685,-0.06055,0.04648,0.24335,0.34320,2.24545,0.00000,1.00000,0.53199,0.50000,0.46154,0.00000,0.71601
793,0.3971,3653632,2242,0.02010,2.61e-04,0.5443,207.2802,0.61000,616.41733,0.81250,0.72380,2325.04534,1.55510,-0.02954,-0.22869,0.18125,-0.03202,0.42243,0.71868,-0.05793,0.14938,-0.03577,-0.05995,0.04832,0.25177,0.34461,2.31750,0.50000,2.00000,0.52046,0.43750,0.36364,0.00000,0.72304
794,0.3981,3661824,2223,0.01062,3.76e-04,0.5443,197.7911,0.61000,631.40206,0.76190,0.72065,2335.60811,1.52448,-0.02963,-0.22941,0.17898,-0.02899,0.41710,0.71570,-0.05700,0.14584,-0.04056,-0.05978,0.04786,0.24695,0.34340,3.09800,0.00000,3.00000,0.52046,0.57143,0.53846,0.00000,0.71702
795,0.3991,3670016,2254,0.02185,2.61e-04,0.5444,151.3352,0.61000,804.65926,0.84615,0.70533,2251.39488,1.46761,-0.02967,-0.22130,0.16917,-0.02632,0.40573,0.69998,-0.05485,0.14109,-0.03312,-0.05904,0.04574,0.23944,0.33778,1.68222,0.50000,1.00000,0.53363,0.76923,0.80000,0.00000,0.68891
796,0.4001,3678208,2233,0.02594,1.81e-04,0.5445,177.2091,0.61000,441.02469,1.00000,0.70229,2216.58795,1.49462,-0.02982,-0.21772,0.17247,-0.02656,0.40402,0.69746,-0.05471,0.14199,-0.03724,-0.05971,0.04648,0.24042,0.33707,2.09091,0.00000,3.00000,0.53363,0.35294,0.42857,0.00000,0.68536
797,0.4012,3686400,2172,0.00659,2.61e-04,0.5445,229.0256,0.61000,780.16468,0.77778,0.70834,2336.99550,1.49100,-0.02955,-0.22966,0.17182,-0.02794,0.40457,0.70378,-0.05458,0.14208,-0.04442,-0.06015,0.04534,0.23834,0.33773,2.39636,0.00000,2.00000,0.53026,0.61111,0.58333,0.00000,0.68863
798,0.4022,3694592,2178,0.00886,3.76e-04,0.5446,251.7120,0.61000,710.66591,0.64286,0.72602,2368.15357,1.50112,-0.02977,-0.23250,0.17141,-0.03031,0.41150,0.72136,-0.05668,0.14340,-0.04980,-0.06016,0.04625,0.24115,0.34006,2.36667,0.00000,4.00000,0.53026,0.57143,0.60000,0.00000,0.70028
799,0.4032,3702784,2299,0.00819,5.41e-04,0.5446,254.1819,0.61000,710.58325,0.83333,0.72650,2422.01510,1.56493,-0.02952,-0.23769,0.17846,-0.02985,0.41485,0.72189,-0.05476,0.14876,-0.04704,-0.05962,0.04964,0.24939,0.34011,2.55400,0.50000,1.00000,0.53026,0.58333,0.55556,0.00000,0.70057
800,0.4042,3710976,2306,0.01267,5.41e-04,0.5448,204.6695,0.61000,850.10168,0.80000,0.73900,2357.64469,1.56082,-0.02933,-0.23099,0.17922,-0.03401,0.42078,0.73453,-0.05458,0.15120,-0.04362,-0.05997,0.04982,0.25330,0.34358,2.25867,0.00000,1.00000,0.54390,0.76000,0.73684,0.00000,0.71789
801,0.4052,3719168,2249,0.01109,5.41e-04,0.5449,212.1590,0.61000,996.56248,0.56250,0.71251,2272.09884,1.46111,-0.02942,-0.22394,0.16257,-0.02665,0.40868,0.70812,-0.05328,0.14012,-0.02791,-0.05971,0.04519,0.23297,0.33809,2.11250,0.50000,2.00000,0.54390,0.75000,0.71429,0.00000,0.69046
802,0.4062,3727360,2284,0.01192,5.41e-04,0.5450,220.2883,0.61000,708.00518,0.77778,0.69666,2247.05996,1.42139,-0.02942,-0.22049,0.16405,-0.02880,0.39784,0.69206,-0.05371,0.13744,-0.04468,-0.06033,0.04521,0.23047,0.33549,3.83273,0.00000,3.00000,0.55063,0.50000,0.54545,0.00000,0.67744
803,0.4073,3735552,2252,0.00977,6.49e-04,0.5452,179.6822,0.61000,792.11623,0.84211,0.68284,2156.31683,1.40281,-0.02938,-0.21262,0.16514,-0.02494,0.38625,0.67829,-0.05281,0.13156,-0.02859,-0.05925,0.04376,0.22113,0.33317,2.53467,0.00000,0.00000,0.55181,0.63158,0.56250,0.00000,0.66584
804,0.4083,3743744,2203,0.02106,4.51e-04,0.5453,196.0586,0.61000,852.37497,0.58333,0.66753,2249.26865,1.38948,-0.02952,-0.22188,0.16270,-0.02582,0.37607,0.66356,-0.05312,0.12881,-0.03742,-0.05927,0.04325,0.21661,0.33026,3.24000,0.00000,1.00000,0.55181,0.75000,0.66667,0.00000,0.65129
805,0.4093,3751936,2249,0.01461,3.76e-04,0.5454,240.7336,0.61000,786.42666,0.84211,0.68974,2321.54061,1.44552,-0.02934,-0.22831,0.17214,-0.02651,0.39058,0.68542,-0.05246,0.13605,-0.03788,-0.05975,0.04311,0.22986,0.33466,2.27667,0.00000,1.00000,0.55854,0.63158,0.60000,0.00000,0.67332
806,0.4104,3760128,2183,0.00918,4.51e-04,0.5455,183.7322,0.61000,754.02225,0.76923,0.70694,2327.68035,1.44845,-0.02977,-0.22866,0.16758,-0.02860,0.40066,0.70214,-0.05455,0.13534,-0.04730,-0.06004,0.04400,0.22882,0.33862,2.69143,0.00000,0.00000,0.55854,0.53846,0.40000,0.00000,0.69310
807,0.4113,3768320,2317,0.01590,3.13e-04,0.5456,202.3453,0.61000,764.10495,0.90909,0.69874,2310.52563,1.44928,-0.02992,-0.22722,0.16661,-0.02506,0.39704,0.69371,-0.05669,0.13350,-0.04304,-0.05959,0.04430,0.22601,0.33679,3.31000,0.00000,1.00000,0.56584,0.81818,0.88889,0.00000,0.68397
808,0.4124,3776512,2225,0.01337,2.61e-04,0.5457,180.5900,0.61000,773.10551,0.75000,0.70605,2271.57481,1.49764,-0.02941,-0.22329,0.17100,-0.02854,0.40030,0.70054,-0.05472,0.14218,-0.03616,-0.05964,0.04569,0.23688,0.33774,2.24364,0.50000,2.00000,0.56584,0.65000,0.61538,0.00000,0.68869
809,0.4133,3784704,2349,0.01400,2.61e-04,0.5458,153.3613,0.61000,537.96361,1.00000,0.71389,2271.22083,1.52651,-0.02936,-0.22304,0.17955,-0.02716,0.40637,0.70759,-0.05519,0.14776,-0.03889,-0.05983,0.04860,0.24634,0.33975,2.41636,0.00000,2.00000,0.56926,0.50000,0.58333,0.00000,0.69877
810,0.4144,3792896,2261,0.00782,3.76e-04,0.5459,220.8725,0.61000,469.80796,1.00000,0.72205,2221.14289,1.53508,-0.02936,-0.21892,0.18216,-0.02752,0.41357,0.71623,-0.05413,0.14768,-0.03621,-0.05964,0.04934,0.24603,0.34049,2.80000,0.00000,2.00000,0.55608,0.38889,0.43750,0.00000,0.70244
811,0.4153,3801088,2299,0.01180,4.51e-04,0.5460,203.4029,0.61000,815.82116,0.80000,0.71695,2279.76268,1.54886,-0.02937,-0.22382,0.18357,-0.02855,0.40884,0.71096,-0.05299,0.14857,-0.03455,-0.06003,0.04955,0.24762,0.33867,2.65800,0.00000,2.00000,0.55608,0.73333,0.80000,0.00000,0.69334
812,0.4164,3809280,2237,0.00958,6.49e-04,0.5460,204.8945,0.61000,885.83768,0.68750,0.72108,2249.67789,1.51771,-0.02943,-0.22131,0.18022,-0.02961,0.40972,0.71584,-0.05277,0.14508,-0.04075,-0.06042,0.04864,0.24298,0.34008,3.25556,0.50000,2.00000,0.58468,0.81250,0.88889,0.00000,0.70040
813,0.4174,3817472,2215,0.01310,6.49e-04,0.5461,222.8089,0.61000,733.36976,0.90000,0.70690,2190.84578,1.49412,-0.02957,-0.21592,0.17767,-0.02684,0.40209,0.70177,-0.05193,0.14295,-0.03785,-0.06001,0.04758,0.23956,0.33741,2.34933,0.50000,4.00000,0.58468,0.60000,0.71429,0.00000,0.68703
814,0.4184,3825664,2291,0.01258,5.41e-04,0.5462,183.9544,0.61000,832.50582,0.61538,0.71355,2318.56721,1.50632,-0.02945,-0.22800,0.17262,-0.02932,0.40316,0.70864,-0.05121,0.14089,-0.03310,-0.06030,0.04576,0.23602,0.33716,2.03600,0.50000,2.00000,0.59621,0.69231,0.66667,0.00000,0.68579
815,0.4194,3833856,2298,0.01121,6.49e-04,0.5463,255.2117,0.61000,853.04793,0.76923,0.71417,2271.23740,1.49981,-0.02967,-0.22323,0.17025,-0.02762,0.40478,0.70902,-0.05437,0.14243,-0.04290,-0.05990,0.04473,0.23816,0.33753,2.77500,0.00000,1.00000,0.59621,0.76923,0.77778,0.00000,0.68765
816,0.4204,3842048,2287,0.01282,6.49e-04,0.5464,215.6664,0.60600,754.60573,0.84000,0.71743,2233.22541,1.45441,-0.02941,-0.21953,0.16440,-0.02727,0.40432,0.71163,-0.05543,0.13971,-0.04532,-0.06047,0.04487,0.23346,0.33882,2.77176,0.00000,1.00000,0.60901,0.72000,0.70000,0.00000,0.69410
817,0.4214,3850240,2214,0.01221,7.79e-04,0.5464,239.6917,0.60600,618.06816,0.88889,0.70738,2244.21688,1.43373,-0.03016,-0.22105,0.16508,-0.02724,0.40062,0.70214,-0.05477,0.13613,-0.03366,-0.06009,0.04342,0.22791,0.33691,3.52182,0.00000,3.00000,0.60901,0.55556,0.61538,0.00000,0.68457
818,0.4224,3858432,2255,0.02254,5.41e-04,0.5464,180.3496,0.60200,745.45420,0.90000,0.69611,2199.64558,1.42759,-0.02998,-0.21679,0.16628,-0.02741,0.39607,0.69043,-0.05479,0.13492,-0.03754,-0.05957,0.04293,0.22693,0.33552,3.09000,0.00000,2.00000,0.62052,0.75000,0.81250,0.00000,0.67759
819,0.4234,3866624,2262,0.01340,5.41e-04,0.5465,261.5483,0.60200,821.90391,0.76923,0.68829,2247.09444,1.36804,-0.03020,-0.22097,0.14982,-0.02304,0.39293,0.68312,-0.05811,0.12705,-0.03650,-0.05954,0.04076,0.21381,0.33542,2.89250,0.00000,0.00000,0.62052,0.76923,0.70000,0.00000,0.67710
820,0.4245,3874816,2243,0.01248,5.41e-04,0.5466,277.4398,0.59800,656.95408,0.85714,0.68945,2353.64774,1.43120,-0.03032,-0.23152,0.15349,-0.02665,0.39594,0.68460,-0.05812,0.13228,-0.03388,-0.05984,0.04153,0.21960,0.33571,2.17250,0.00000,2.00000,0.61347,0.42857,0.40000,0.00000,0.67857
821,0.4255,3883008,2232,0.02917,3.76e-04,0.5467,218.2462,0.59800,725.72321,0.82353,0.69805,2280.51436,1.43237,-0.02975,-0.22488,0.15948,-0.02766,0.40153,0.69264,-0.05665,0.13352,-0.03031,-0.06046,0.04007,0.22327,0.33759,2.92800,0.00000,0.00000,0.61347,0.58824,0.50000,0.00000,0.68793
822,0.4265,3891200,2253,0.00846,5.41e-04,0.5468,189.4390,0.59400,731.82309,0.91667,0.67972,2368.40065,1.38248,-0.02951,-0.23324,0.15685,-0.02597,0.38477,0.67497,-0.05595,0.12897,-0.03385,-0.06057,0.03885,0.21716,0.33442,2.79500,0.00000,0.00000,0.61212,0.75000,0.72727,0.00000,0.67212
823,0.4275,3899392,2172,0.01149,6.49e-04,0.5470,243.5965,0.59400,806.28692,0.70588,0.68890,2371.17721,1.42053,-0.02940,-0.23381,0.16096,-0.02752,0.39213,0.68370,-0.05592,0.13230,-0.03645,-0.06045,0.03888,0.22131,0.33597,3.11600,0.00000,2.00000,0.61212,0.70588,0.70000,0.00000,0.67983
824,0.4285,3907584,2339,0.01385,5.41e-04,0.5472,262.9251,0.59400,628.99760,0.75000,0.70369,2393.76477,1.47676,-0.02951,-0.23474,0.16488,-0.02801,0.40415,0.69825,-0.05729,0.13964,-0.03467,-0.06016,0.04370,0.23279,0.33841,2.13714,0.00000,2.00000,0.59091,0.31250,0.10000,0.00000,0.69203
825,0.4295,3915776,2317,0.01611,3.76e-04,0.5473,232.7588,0.59400,833.26503,0.84211,0.71852,2367.28659,1.52332,-0.02951,-0.23273,0.17296,-0.02946,0.41266,0.71397,-0.05666,0.14450,-0.03869,-0.05995,0.04577,0.24103,0.34138,2.34571,0.00000,2.00000,0.59091,0.68421,0.71429,0.00000,0.70691
826,0.4305,3923968,2291,0.00982,5.41e-04,0.5474,266.2731,0.59400,763.95645,0.75000,0.70597,2400.38062,1.47513,-0.02993,-0.23620,0.16591,-0.02622,0.40578,0.70090,-0.05918,0.13795,-0.03136,-0.06123,0.04276,0.23090,0.34125,2.16857,0.00000,2.00000,0.59849,0.62500,0.60000,0.00000,0.70624
827,0.4315,3932160,2232,0.01272,5.41e-04,0.5475,213.2662,0.59400,741.61447,0.73333,0.69952,2406.33137,1.48163,-0.02959,-0.23661,0.16797,-0.02971,0.40384,0.69596,-0.05642,0.14439,-0.04177,-0.06170,0.04434,0.24036,0.33905,2.37429,0.00000,2.00000,0.59849,0.53333,0.44444,0.00000,0.69526
828,0.4325,3940352,2299,0.01803,3.76e-04,0.5476,252.5980,0.59400,544.39875,0.93333,0.71313,2296.32783,1.53558,-0.02933,-0.22605,0.17648,-0.03357,0.41034,0.70850,-0.05373,0.14982,-0.03461,-0.06057,0.04660,0.25000,0.33902,3.08000,0.00000,1.00000,0.57955,0.40000,0.38462,0.00000,0.69509
829,0.4335,3948544,2285,0.01038,4.51e-04,0.5477,192.0768,0.59400,568.26359,0.83333,0.71171,2288.35373,1.48604,-0.02942,-0.22523,0.17307,-0.02635,0.40870,0.70806,-0.05665,0.14057,-0.03496,-0.06050,0.04655,0.23602,0.33979,3.16200,0.50000,6.00000,0.57955,0.50000,0.66667,0.00000,0.69895
830,0.4345,3956736,2298,0.00888,6.49e-04,0.5478,194.4946,0.59400,707.05190,0.83333,0.69993,2303.69693,1.51172,-0.02946,-0.22675,0.17653,-0.03114,0.40318,0.69676,-0.05381,0.14496,-0.03109,-0.05947,0.04761,0.24237,0.33690,2.56889,0.00000,0.00000,0.57949,0.58333,0.50000,0.00000,0.68452
831,0.4356,3964928,2155,0.00762,9.35e-04,0.5480,256.8380,0.59400,729.95423,0.76471,0.69856,2293.06830,1.52502,-0.02925,-0.22578,0.18163,-0.02930,0.40734,0.69501,-0.05419,0.14732,-0.03854,-0.06030,0.04891,0.24597,0.34089,4.15333,0.00000,1.00000,0.57949,0.52941,0.41667,0.00000,0.70445
832,0.4366,3973120,2317,0.01069,1.12e-03,0.5482,237.2041,0.59400,720.97508,0.86957,0.71504,2248.39535,1.48643,-0.02955,-0.22188,0.18013,-0.02648,0.41450,0.71126,-0.05542,0.14348,-0.03736,-0.06053,0.04848,0.23779,0.34287,2.42625,0.00000,3.00000,0.57671,0.60870,0.64706,0.00000,0.71434
833,0.4376,3981312,2244,0.04975,6.49e-04,0.5485,193.4012,0.59400,589.57342,0.84211,0.69037,2346.60605,1.46635,-0.02974,-0.23038,0.17608,-0.02941,0.39844,0.68671,-0.05395,0.14300,-0.04744,-0.06047,0.04674,0.23657,0.33944,2.95500,0.00000,3.00000,0.57671,0.47368,0.46154,0.00000,0.69720
834,0.4386,3989504,2260,0.01327,5.41e-04,0.5488,219.3042,0.59400,745.64349,0.84211,0.68623,2300.44361,1.44180,-0.02959,-0.22612,0.17044,-0.02613,0.39759,0.68269,-0.05444,0.13642,-0.03230,-0.06068,0.04560,0.22821,0.33855,2.60000,0.00000,0.00000,0.56731,0.57895,0.50000,0.00000,0.69273
835,0.4397,3997696,2174,0.02143,3.76e-04,0.5491,201.4813,0.59400,879.88790,0.63636,0.67473,2243.82971,1.41159,-0.02969,-0.22149,0.16494,-0.02630,0.38846,0.67148,-0.05522,0.13314,-0.03444,-0.06109,0.04444,0.22284,0.33593,2.30000,0.00000,0.00000,0.56731,0.72727,0.57143,0.00000,0.67966
836,0.4407,4005888,2253,0.01401,3.13e-04,0.5493,269.1424,0.59400,712.15146,0.88235,0.68630,2315.06329,1.44984,-0.02933,-0.22755,0.16778,-0.02438,0.38986,0.68248,-0.05564,0.13449,-0.03929,-0.06063,0.04713,0.22540,0.33557,2.80364,0.00000,2.00000,0.57558,0.64706,0.69231,0.00000,0.67785
837,0.4417,4014080,2249,0.01032,3.76e-04,0.5495,227.7075,0.59400,787.57675,0.86667,0.69637,2379.39007,1.46108,-0.02954,-0.23389,0.16632,-0.02681,0.39960,0.69251,-0.05654,0.13811,-0.03934,-0.06137,0.04672,0.22864,0.34034,2.75000,0.00000,0.00000,0.57558,0.73333,0.69231,0.00000,0.70170
838,0.4427,4022272,2293,0.01015,4.51e-04,0.5496,249.2465,0.59400,861.80025,0.66667,0.70141,2422.48653,1.50174,-0.02945,-0.23738,0.17269,-0.03171,0.40321,0.69749,-0.05673,0.14352,-0.03678,-0.06232,0.04697,0.23688,0.34055,3.28000,0.00000,1.00000,0.58802,0.75000,0.71429,0.00000,0.70273
839,0.4437,4030464,2241,0.01054,6.49e-04,0.5497,206.9855,0.59400,1007.49826,0.47059,0.70216,2421.77161,1.52264,-0.02966,-0.23790,0.17311,-0.02856,0.40588,0.69756,-0.05767,0.14886,-0.04365,-0.06232,0.04851,0.24414,0.33981,1.95333,0.00000,1.00000,0.58802,0.76471,0.57143,0.00000,0.69907
840,0.4447,4038656,2219,0.01291,5.41e-04,0.5499,167.1348,0.59400,535.91185,0.86667,0.68477,2311.75763,1.45426,-0.02970,-0.22807,0.16547,-0.02768,0.39848,0.68060,-0.05788,0.14078,-0.03436,-0.06131,0.04445,0.23077,0.33625,3.00000,0.50000,3.00000,0.57628,0.33333,0.40000,0.00000,0.68125
841,0.4457,4046848,2267,0.01332,5.41e-04,0.5500,263.5198,0.59400,702.00256,0.77273,0.69330,2326.63075,1.44282,-0.02953,-0.22939,0.16763,-0.02627,0.40117,0.68929,-0.05863,0.13897,-0.04317,-0.06164,0.04494,0.22876,0.33768,1.64222,0.00000,2.00000,0.57628,0.50000,0.40000,0.00000,0.68841
842,0.4468,4055040,2218,0.01355,4.51e-04,0.5502,162.3449,0.59400,647.92431,0.76923,0.69966,2237.21915,1.44974,-0.02964,-0.22045,0.16137,-0.02629,0.40418,0.69518,-0.05850,0.13749,-0.03695,-0.06104,0.04513,0.22656,0.33833,3.75714,0.50000,1.00000,0.55615,0.46154,0.33333,0.00000,0.69164
843,0.4478,4063232,2218,0.00920,6.49e-04,0.5503,221.2684,0.59400,743.13876,0.72222,0.69608,2257.40039,1.48602,-0.02950,-0.22251,0.16971,-0.02801,0.40592,0.69126,-0.05634,0.14100,-0.03123,-0.06000,0.04607,0.23260,0.33809,2.10500,0.00000,3.00000,0.55615,0.55556,0.50000,0.00000,0.69044
844,0.4488,4071424,2277,0.01624,5.41e-04,0.5504,174.0525,0.59400,647.10856,0.88889,0.68950,2282.89438,1.44642,-0.02952,-0.22504,0.16056,-0.02751,0.40372,0.68550,-0.05516,0.13413,-0.02312,-0.06071,0.04408,0.22333,0.33721,3.30600,0.00000,2.00000,0.55470,0.55556,0.57143,0.00000,0.68603
845,0.4498,4079616,2255,0.01148,6.49e-04,0.5506,210.5994,0.59400,689.67351,0.66667,0.68657,2283.15976,1.46536,-0.02941,-0.22491,0.16568,-0.02903,0.40063,0.68233,-0.05587,0.13882,-0.02888,-0.06051,0.04609,0.23120,0.33857,4.16000,0.00000,4.00000,0.55470,0.50000,0.50000,0.00000,0.69284
846,0.4508,4087808,2217,0.02578,4.51e-04,0.5507,235.3430,0.59400,633.50086,0.78571,0.68956,2250.48885,1.47605,-0.02941,-0.22192,0.16818,-0.02369,0.39889,0.68476,-0.05446,0.13615,-0.03103,-0.06058,0.04599,0.23035,0.33686,2.20571,0.00000,1.00000,0.55470,0.50000,0.40000,0.00000,0.68431
847,0.4519,4096000,2188,0.02002,3.13e-04,0.5508,206.2607,0.59400,810.25586,0.72000,0.69895,2312.21859,1.45234,-0.02963,-0.22804,0.17078,-0.02932,0.39995,0.69405,-0.05586,0.13898,-0.03263,-0.06100,0.04494,0.23480,0.33891,2.28533,0.00000,1.00000,0.54440,0.60000,0.47059,0.00000,0.69454
848,0.4529,4104192,2241,0.01530,2.61e-04,0.5508,243.2768,0.59400,648.08725,0.88235,0.70614,2296.30307,1.41641,-0.02997,-0.22577,0.16240,-0.02684,0.40403,0.70098,-0.05427,0.13237,-0.03901,-0.06122,0.04478,0.22394,0.33959,2.42333,0.50000,2.00000,0.54440,0.52941,0.53846,0.00000,0.69797
849,0.4540,4112384,2166,0.00518,4.51e-04,0.5508,263.9031,0.59400,659.97863,0.88235,0.69912,2235.50001,1.45453,-0.02986,-0.21968,0.16487,-0.02791,0.40247,0.69307,-0.05530,0.13515,-0.03078,-0.06136,0.04576,0.22815,0.33728,1.28000,0.50000,3.00000,0.54196,0.47059,0.50000,0.00000,0.68639
850,0.4550,4120576,2228,0.01209,5.41e-04,0.5508,185.7795,0.59400,740.29925,0.77778,0.68049,2237.89974,1.36845,-0.02985,-0.21992,0.15317,-0.02798,0.39552,0.67539,-0.05468,0.13001,-0.03277,-0.06075,0.04255,0.21930,0.33417,3.53800,0.00000,0.00000,0.54196,0.66667,0.57143,0.00000,0.67084
851,0.4560,4128768,2211,0.01184,6.49e-04,0.5509,194.6824,0.59400,704.15274,0.81818,0.66943,2302.71968,1.37024,-0.02985,-0.22690,0.15491,-0.02723,0.38518,0.66491,-0.05720,0.12718,-0.03495,-0.06103,0.04075,0.21503,0.33371,3.03000,0.00000,1.00000,0.55140,0.72727,0.75000,0.00000,0.66854
852,0.4570,4136960,2248,0.01119,7.79e-04,0.5509,280.3648,0.59400,899.24933,0.60000,0.68319,2441.32916,1.43330,-0.02962,-0.23977,0.16376,-0.02812,0.39690,0.67815,-0.05672,0.13351,-0.03700,-0.06121,0.04229,0.22321,0.33748,3.19000,0.50000,1.00000,0.55140,0.65000,0.45455,0.00000,0.68742
853,0.4580,4145152,2314,0.01441,6.49e-04,0.5509,243.0398,0.59400,917.11892,0.50000,0.70723,2357.52566,1.47958,-0.02973,-0.23200,0.17170,-0.02683,0.40622,0.70167,-0.05694,0.13668,-0.04226,-0.06077,0.04474,0.23096,0.34140,3.71000,0.00000,0.00000,0.54332,0.75000,0.50000,0.00000,0.70700
854,0.4590,4153344,2336,0.01368,6.49e-04,0.5510,268.5107,0.59400,831.10638,0.64286,0.70671,2361.34000,1.50627,-0.02992,-0.23292,0.17298,-0.02860,0.40155,0.70125,-0.05949,0.14116,-0.03570,-0.06103,0.04572,0.23566,0.33948,2.39429,0.50000,2.00000,0.54332,0.57143,0.42857,0.00000,0.69740
855,0.4600,4161536,2264,0.01162,7.79e-04,0.5510,206.1995,0.59400,719.20768,0.82353,0.72316,2413.67664,1.53894,-0.02950,-0.23745,0.18029,-0.02992,0.41505,0.71676,-0.05614,0.14451,-0.03723,-0.06115,0.04430,0.24005,0.34243,3.31846,0.00000,1.00000,0.54898,0.70588,0.69231,0.00000,0.71214
856,0.4610,4169728,2357,0.01429,6.49e-04,0.5511,271.1128,0.59400,819.52303,0.62500,0.73546,2341.60992,1.55372,-0.02944,-0.23056,0.18120,-0.02952,0.42173,0.73085,-0.05701,0.14602,-0.03207,-0.06165,0.04475,0.24420,0.34540,3.67714,0.00000,3.00000,0.54898,0.62500,0.57143,0.00000,0.72698
857,0.4620,4177920,2320,0.01189,7.79e-04,0.5513,254.0888,0.59400,701.95342,0.77778,0.72177,2334.15900,1.51671,-0.03002,-0.22954,0.17350,-0.02986,0.41663,0.71741,-0.05757,0.14518,-0.03504,-0.06116,0.04633,0.24255,0.34426,3.65000,0.00000,1.00000,0.54409,0.55556,0.46154,0.00000,0.72129
858,0.4630,4186112,2240,0.01145,9.35e-04,0.5514,244.1601,0.59400,814.76780,0.71429,0.70390,2293.57969,1.50532,-0.03030,-0.22571,0.18024,-0.02894,0.40316,0.69928,-0.05859,0.14856,-0.04897,-0.06061,0.04758,0.24792,0.34147,2.39429,0.00000,2.00000,0.54409,0.57143,0.50000,0.00000,0.70735
859,0.4640,4194304,2295,0.01179,1.12e-03,0.5517,200.4636,0.59400,714.97040,0.88235,0.70340,2282.35688,1.45743,-0.02952,-0.22429,0.17591,-0.02745,0.40212,0.69910,-0.05680,0.13807,-0.04613,-0.06043,0.04672,0.23267,0.33912,2.38000,0.00000,2.00000,0.56111,0.64706,0.84615,0.00000,0.69562
860,0.4650,4202496,2302,0.01468,1.12e-03,0.5518,242.8025,0.59400,648.35502,0.76471,0.69159,2314.55473,1.43141,-0.03010,-0.22760,0.17236,-0.02616,0.39467,0.68698,-0.05647,0.13438,-0.04086,-0.06095,0.04370,0.22736,0.33573,1.68333,0.50000,4.00000,0.56111,0.47059,0.44444,0.00000,0.67865
861,0.4660,4210688,2262,0.02094,7.79e-04,0.5520,188.6041,0.59400,557.99668,0.92308,0.68406,2293.98129,1.47338,-0.02996,-0.22610,0.17280,-0.02733,0.39682,0.68001,-0.05617,0.13863,-0.03978,-0.06041,0.04723,0.23419,0.33736,3.03500,0.00000,2.00000,0.55236,0.46154,0.50000,0.00000,0.68678
862,0.4670,4218880,2247,0.01110,9.35e-04,0.5522,261.5432,0.59400,682.84397,0.85714,0.69088,2282.59464,1.51312,-0.02982,-0.22508,0.17761,-0.02568,0.40080,0.68665,-0.05615,0.14260,-0.03905,-0.06054,0.04905,0.24121,0.33928,3.39778,0.00000,1.00000,0.55236,0.57143,0.54545,0.00000,0.69642
863,0.4680,4227072,2278,0.01434,9.35e-04,0.5525,177.6526,0.59400,639.64266,0.96429,0.69786,2266.70507,1.42280,-0.02999,-0.22284,0.16676,-0.02644,0.40599,0.69384,-0.05540,0.13565,-0.04117,-0.06133,0.04673,0.22961,0.34202,2.74364,0.50000,2.00000,0.55824,0.60714,0.64000,0.00000,0.71012
864,0.4690,4235264,2224,0.02414,6.49e-04,0.5526,268.6422,0.59400,852.14107,0.66667,0.68365,2281.88008,1.38560,-0.03040,-0.22453,0.15603,-0.02270,0.39673,0.67845,-0.05792,0.13075,-0.03811,-0.06173,0.04531,0.22174,0.34048,2.71000,0.00000,2.00000,0.55824,0.73333,0.75000,0.00000,0.70240
865,0.4700,4243456,2286,0.01187,6.49e-04,0.5527,306.5767,0.59400,692.15311,0.90909,0.69717,2336.83201,1.39897,-0.03013,-0.22978,0.15186,-0.02492,0.40021,0.69259,-0.05617,0.13005,-0.04250,-0.06183,0.04276,0.21680,0.33994,2.67000,0.00000,2.00000,0.56780,0.59091,0.61111,0.00000,0.69968
866,0.4711,4251648,2252,0.01322,5.41e-04,0.5528,214.5160,0.59400,849.04958,0.81818,0.69097,2323.48235,1.39236,-0.03042,-0.22858,0.15806,-0.02620,0.39473,0.68640,-0.05854,0.13299,-0.04652,-0.06067,0.04088,0.22211,0.34031,2.07750,0.00000,0.00000,0.56780,0.72727,0.66667,0.00000,0.70156
867,0.4721,4259840,2228,0.01879,3.76e-04,0.5530,217.1604,0.59400,961.81684,0.62500,0.70198,2451.96865,1.43948,-0.02976,-0.24123,0.15987,-0.02653,0.39664,0.69618,-0.05843,0.13546,-0.04962,-0.06121,0.04336,0.22620,0.33916,2.66667,0.50000,2.00000,0.58161,0.75000,0.75000,0.00000,0.69578
868,0.4731,4268032,2315,0.02261,2.61e-04,0.5531,265.8821,0.59400,713.21333,0.80000,0.70321,2372.75095,1.46866,-0.03015,-0.23315,0.16900,-0.02785,0.40429,0.69654,-0.06089,0.14280,-0.03918,-0.06059,0.04544,0.23785,0.34256,2.84750,0.00000,0.00000,0.58161,0.53333,0.41667,0.00000,0.71279
869,0.4741,4276224,2258,0.01051,3.13e-04,0.5532,260.9691,0.59400,714.16319,0.64286,0.70785,2385.83567,1.51586,-0.02995,-0.23503,0.17397,-0.03044,0.40747,0.70105,-0.05977,0.14575,-0.04045,-0.06177,0.04691,0.24390,0.34124,1.73667,0.50000,1.00000,0.55845,0.50000,0.25000,0.00000,0.70621
870,0.4751,4284416,2268,0.01199,3.13e-04,0.5534,255.4939,0.59400,780.18621,0.80000,0.72386,2443.97599,1.55315,-0.02988,-0.24039,0.17707,-0.02839,0.41611,0.71685,-0.05855,0.14975,-0.04035,-0.06167,0.04739,0.25012,0.34531,3.37400,0.50000,1.00000,0.55845,0.73333,0.72727,0.00000,0.72655
871,0.4761,4292608,2242,0.00684,4.51e-04,0.5536,217.1802,0.59400,655.60549,0.75000,0.72123,2416.00241,1.52883,-0.03006,-0.23750,0.17271,-0.02925,0.41879,0.71606,-0.06020,0.14834,-0.04210,-0.06102,0.04951,0.24658,0.34718,1.96250,0.00000,2.00000,0.55498,0.43750,0.30000,0.00000,0.73591
872,0.4771,4300800,2195,0.01075,5.41e-04,0.5538,261.4523,0.59400,686.19644,0.76190,0.71257,2323.51264,1.48533,-0.03026,-0.22851,0.16723,-0.02841,0.40932,0.70814,-0.06170,0.14337,-0.04328,-0.06055,0.04744,0.23883,0.34379,2.20000,0.00000,2.00000,0.55498,0.57143,0.50000,0.00000,0.71897
873,0.4782,4308992,2217,0.01124,6.49e-04,0.5540,218.3267,0.59400,621.00893,0.78571,0.70026,2280.11210,1.47208,-0.03041,-0.22472,0.17036,-0.02728,0.40161,0.69582,-0.05803,0.14219,-0.03710,-0.06109,0.04689,0.23700,0.33999,2.68000,0.50000,2.00000,0.54731,0.50000,0.44444,0.00000,0.69995
874,0.4792,4317184,2227,0.01122,7.79e-04,0.5541,255.6209,0.59400,814.95034,0.82353,0.68931,2223.14747,1.43446,-0.03022,-0.21941,0.16301,-0.02720,0.39485,0.68542,-0.05922,0.13224,-0.03418,-0.06024,0.04424,0.22406,0.33843,2.97167,0.50000,3.00000,0.54731,0.82353,1.00000,0.00000,0.69213
875,0.4802,4325376,2240,0.09627,4.51e-04,0.5542,291.5324,0.59400,540.77133,0.93750,0.69667,2291.37150,1.39825,-0.03032,-0.22522,0.15829,-0.02258,0.39610,0.69175,-0.06018,0.12861,-0.03896,-0.06096,0.04351,0.21790,0.33974,3.59818,0.00000,1.00000,0.55658,0.37500,0.35714,0.00000,0.69870
876,0.4812,4333568,2256,0.08804,2.61e-04,0.5543,325.5984,0.59400,600.35251,0.78571,0.69533,2361.34253,1.44768,-0.03035,-0.23217,0.16590,-0.02715,0.39338,0.69080,-0.05986,0.13797,-0.04252,-0.06112,0.04691,0.23071,0.33829,3.28000,0.00000,5.00000,0.55658,0.50000,0.66667,0.00000,0.69143
877,0.4823,4341760,2244,0.01757,1.81e-04,0.5544,273.1638,0.59400,897.01727,0.71429,0.70934,2337.61544,1.52933,-0.03048,-0.23032,0.17637,-0.02741,0.39973,0.70385,-0.06211,0.14394,-0.04236,-0.06022,0.05046,0.24261,0.34006,2.85778,0.00000,1.00000,0.55658,0.71429,0.66667,0.00000,0.70028
878,0.4833,4349952,2237,0.00852,2.61e-04,0.5545,236.4195,0.59400,686.80052,0.86957,0.71893,2307.76734,1.51364,-0.03060,-0.22683,0.17200,-0.02958,0.41097,0.71383,-0.06123,0.14399,-0.04786,-0.06153,0.04948,0.24329,0.34291,2.40000,0.00000,1.00000,0.55386,0.47826,0.42105,0.00000,0.71453
879,0.4843,4358144,2196,0.01544,2.17e-04,0.5546,305.3077,0.59400,837.96447,0.68750,0.72256,2270.66197,1.44332,-0.03049,-0.22334,0.16493,-0.02615,0.41027,0.71740,-0.06023,0.13515,-0.04482,-0.06127,0.04737,0.22845,0.34251,2.42500,0.00000,2.00000,0.55386,0.56250,0.44444,0.00000,0.71256
880,0.4854,4366336,2192,0.01509,1.81e-04,0.5547,272.0375,0.59400,606.25392,0.88889,0.71123,2267.88165,1.46700,-0.03041,-0.22387,0.16901,-0.02780,0.40244,0.70671,-0.05948,0.13915,-0.03735,-0.06242,0.04712,0.23450,0.34148,1.70000,0.00000,3.00000,0.53939,0.38889,0.38462,0.00000,0.70740
881,0.4864,4374528,2209,0.01575,1.26e-04,0.5547,285.4414,0.59400,801.53066,0.81818,0.70794,2235.86369,1.46357,-0.03056,-0.21980,0.16947,-0.02780,0.40449,0.70293,-0.06061,0.14543,-0.05605,-0.06099,0.04878,0.24438,0.34366,2.75333,0.00000,0.00000,0.55767,0.77273,0.72222,0.00000,0.71830
882,0.4874,4382720,2176,0.00582,1.81e-04,0.5548,263.2385,0.59400,816.66344,0.60000,0.68290,2329.43007,1.44313,-0.03060,-0.22892,0.16947,-0.02913,0.39173,0.67760,-0.05974,0.13965,-0.04132,-0.06102,0.04512,0.23370,0.33779,3.30667,0.00000,1.00000,0.55767,0.50000,0.20000,0.00000,0.68893
883,0.4885,4390912,2225,0.00798,2.61e-04,0.5548,236.5351,0.59400,876.83446,0.73684,0.69736,2303.28409,1.48644,-0.03074,-0.22674,0.17303,-0.02876,0.39484,0.69229,-0.06448,0.14388,-0.04486,-0.06090,0.05070,0.24188,0.33911,3.60615,0.00000,1.00000,0.55746,0.73684,0.69231,0.00000,0.69555
884,0.4895,4399104,2159,0.00746,3.76e-04,0.5548,222.6819,0.59400,881.20865,0.66667,0.70647,2267.58766,1.48105,-0.03107,-0.22314,0.17083,-0.02964,0.39791,0.70156,-0.06471,0.14347,-0.04119,-0.06071,0.05036,0.24219,0.34095,3.12000,0.00000,0.00000,0.55746,0.73333,0.60000,0.00000,0.70476
885,0.4906,4407296,2094,0.00761,5.41e-04,0.5549,281.9306,0.59400,713.28316,0.70000,0.69507,2372.33702,1.45905,-0.03082,-0.23251,0.17252,-0.02620,0.39326,0.69019,-0.06300,0.14313,-0.05919,-0.06112,0.04774,0.24286,0.33967,4.29500,0.00000,1.00000,0.55171,0.50000,0.33333,0.00000,0.69834
886,0.4918,4415488,1984,0.01674,4.51e-04,0.5550,287.9457,0.59400,619.11720,0.87500,0.69546,2388.91849,1.47973,-0.03063,-0.23480,0.17282,-0.03065,0.39613,0.69102,-0.06183,0.14580,-0.04355,-0.06139,0.04730,0.24316,0.34142,3.28400,0.00000,2.00000,0.55171,0.56250,0.58333,0.00000,0.70711
887,0.4928,4423680,2227,0.01002,5.41e-04,0.5551,233.6955,0.59400,650.35564,0.89474,0.69866,2358.31237,1.43015,-0.03106,-0.23210,0.16132,-0.02720,0.39476,0.69419,-0.06362,0.13540,-0.03956,-0.06173,0.04663,0.22809,0.34251,2.70615,0.00000,2.00000,0.55580,0.57895,0.60000,0.00000,0.71255
888,0.4938,4431872,2183,0.01202,6.49e-04,0.5552,384.5498,0.59400,715.34411,0.77778,0.67904,2374.16171,1.34261,-0.03061,-0.23337,0.15197,-0.02171,0.38423,0.67388,-0.06266,0.12331,-0.04035,-0.06103,0.04232,0.20819,0.33834,1.98182,0.50000,2.00000,0.55580,0.61111,0.58333,0.00000,0.69170
889,0.4949,4440064,2255,0.01375,5.41e-04,0.5552,288.7587,0.59400,663.21166,0.84615,0.68778,2412.29802,1.36083,-0.03065,-0.23661,0.15864,-0.02589,0.38998,0.68319,-0.06134,0.12655,-0.05240,-0.06174,0.04184,0.21472,0.33975,2.23333,0.50000,1.00000,0.55022,0.46154,0.40000,0.00000,0.69876
890,0.4959,4448256,2275,0.01116,6.49e-04,0.5553,256.8641,0.59400,703.39456,0.83333,0.70215,2429.89463,1.41735,-0.03040,-0.23853,0.16003,-0.02634,0.39520,0.69777,-0.06158,0.13126,-0.04462,-0.06208,0.04415,0.22180,0.34163,2.89333,0.00000,3.00000,0.55022,0.55556,0.58333,0.00000,0.70815
891,0.4969,4456448,2292,0.01165,7.79e-04,0.5553,367.6854,0.59400,668.27094,0.73684,0.71693,2379.54145,1.47536,-0.03074,-0.23399,0.16794,-0.02914,0.40598,0.71202,-0.06481,0.13999,-0.04890,-0.06056,0.04571,0.23846,0.34599,2.04000,0.50000,3.00000,0.53433,0.36842,0.18182,0.00000,0.72996
892,0.4978,4464640,2365,0.01383,7.79e-04,0.5554,246.8710,0.59400,617.37706,0.81818,0.72755,2374.89402,1.51755,-0.03080,-0.23342,0.17442,-0.02787,0.41997,0.72322,-0.06373,0.14406,-0.05057,-0.06104,0.04847,0.24506,0.34877,2.33429,0.50000,3.00000,0.53433,0.45455,0.50000,0.00000,0.74383
893,0.4988,4472832,2379,0.01145,9.35e-04,0.5554,331.3492,0.59400,703.09685,0.85714,0.71832,2291.81754,1.53840,-0.03094,-0.22524,0.17415,-0.02783,0.40739,0.71355,-0.06420,0.14268,-0.03458,-0.06128,0.05213,0.24225,0.34362,2.15333,0.50000,1.00000,0.52795,0.50000,0.45455,0.00000,0.71808
894,0.4998,4481024,2240,0.01520,7.79e-04,0.5556,229.9587,0.59400,856.21543,0.68000,0.70941,2368.81557,1.45286,-0.03096,-0.23255,0.16791,-0.03020,0.40719,0.70580,-0.06166,0.13837,-0.05041,-0.06164,0.04714,0.23419,0.34431,2.50875,0.00000,1.00000,0.53141,0.64000,0.56250,0.00000,0.72153
895,0.5008,4489216,2359,0.01852,5.41e-04,0.5557,342.3392,0.59400,764.12776,0.77778,0.71781,2221.95067,1.47533,-0.03104,-0.21857,0.16837,-0.02846,0.41169,0.71349,-0.06435,0.14251,-0.04479,-0.06094,0.04912,0.23956,0.34714,2.73200,0.00000,2.00000,0.53141,0.50000,0.41667,0.00000,0.73568
896,0.5018,4497408,2276,0.01151,6.49e-04,0.5557,271.6384,0.59400,693.33467,0.88889,0.71807,2268.75762,1.50877,-0.03088,-0.22303,0.17676,-0.02786,0.40966,0.71317,-0.06368,0.14897,-0.05408,-0.06139,0.05135,0.25092,0.34462,2.64429,0.50000,3.00000,0.53827,0.66667,0.76923,0.00000,0.72308
897,0.5028,4505600,2239,0.01603,5.41e-04,0.5557,275.5455,0.59400,813.73948,0.87500,0.70920,2249.46045,1.47976,-0.03128,-0.22160,0.16745,-0.02815,0.40684,0.70419,-0.06603,0.14450,-0.03452,-0.06080,0.04915,0.24371,0.34552,3.12429,0.00000,0.00000,0.53827,0.75000,0.71429,0.00000,0.72762
898,0.5038,4513792,2284,0.00989,6.49e-04,0.5557,343.6018,0.59400,861.23243,0.45455,0.70826,2392.63909,1.44628,-0.03170,-0.23489,0.16336,-0.02688,0.39970,0.70361,-0.06854,0.13676,-0.06519,-0.06031,0.04703,0.23199,0.34453,3.34000,0.00000,2.00000,0.54915,0.54545,0.33333,0.00000,0.72263
899,0.5048,4521984,2271,0.01377,6.49e-04,0.5558,281.2230,0.59400,732.08686,0.85714,0.72517,2348.65080,1.50089,-0.03098,-0.23131,0.17107,-0.02641,0.40749,0.72046,-0.06331,0.14127,-0.04326,-0.06062,0.04867,0.24054,0.34476,2.76118,0.00000,0.00000,0.54979,0.61905,0.55556,0.00000,0.72380
900,0.5059,4530176,2124,0.01224,6.49e-04,0.5559,244.2836,0.59400,455.65746,1.00000,0.71040,2334.11630,1.48433,-0.03123,-0.22946,0.17065,-0.02801,0.40386,0.70616,-0.06571,0.14507,-0.05093,-0.06201,0.04956,0.24451,0.34690,2.89333,0.00000,0.00000,0.54979,0.27273,0.27273,0.00000,0.73449
901,0.5069,4538368,2192,0.01178,6.49e-04,0.5561,352.1846,0.59400,868.59296,0.62500,0.71500,2383.63693,1.50261,-0.03098,-0.23428,0.16730,-0.03008,0.40341,0.71129,-0.06415,0.14509,-0.05142,-0.06159,0.05090,0.24371,0.34627,2.52250,0.00000,2.00000,0.53691,0.68750,0.62500,0.00000,0.73135
902,0.5080,4546560,2233,0.01250,7.79e-04,0.5563,275.6084,0.59400,708.41386,0.87500,0.72848,2369.95502,1.52375,-0.03095,-0.23276,0.17283,-0.03258,0.41163,0.72438,-0.06312,0.15023,-0.05776,-0.06135,0.04959,0.25195,0.34773,2.96833,0.00000,1.00000,0.53691,0.43750,0.38462,0.00000,0.73865
903,0.5090,4554752,2278,0.02214,5.41e-04,0.5564,266.9476,0.59400,800.83225,0.73333,0.74118,2293.08002,1.55534,-0.03101,-0.22529,0.17857,-0.03083,0.41970,0.73656,-0.06543,0.15243,-0.04594,-0.06152,0.05075,0.25732,0.34933,2.37750,0.00000,3.00000,0.53084,0.60000,0.62500,0.00000,0.74667
904,0.5100,4562944,2288,0.01600,4.51e-04,0.5565,252.5839,0.59400,859.66625,0.89474,0.74593,2206.22107,1.57553,-0.03101,-0.21689,0.17801,-0.03301,0.42434,0.74147,-0.06468,0.15640,-0.04470,-0.06138,0.05285,0.26129,0.35003,3.09176,0.50000,1.00000,0.56526,0.84211,0.87500,0.00000,0.75013
905,0.5109,4571136,2355,0.01111,5.41e-04,0.5565,228.9729,0.59400,571.46476,0.93333,0.73321,2320.05856,1.58292,-0.03116,-0.22829,0.18573,-0.03064,0.41854,0.72922,-0.06565,0.15624,-0.03811,-0.06146,0.05206,0.26428,0.34863,3.00889,0.50000,3.00000,0.56526,0.53333,0.63636,0.00000,0.74314
906,0.5119,4579328,2314,0.01152,6.49e-04,0.5566,223.3516,0.59400,834.33656,0.75000,0.72471,2258.88171,1.57119,-0.03100,-0.22236,0.18626,-0.03219,0.41381,0.72141,-0.06472,0.15519,-0.04118,-0.06097,0.05188,0.26025,0.34944,3.41778,0.00000,1.00000,0.57691,0.75000,0.72727,0.00000,0.74722
907,0.5129,4587520,2312,0.01642,5.41e-04,0.5566,264.6503,0.59400,596.44303,0.87500,0.73390,2158.88728,1.63970,-0.03069,-0.21324,0.19529,-0.03163,0.42358,0.73034,-0.06277,0.16129,-0.03109,-0.06007,0.05497,0.27136,0.35098,3.15111,0.00000,4.00000,0.57691,0.43750,0.50000,0.00000,0.75491
908,0.5139,4595712,2248,0.01820,5.41e-04,0.5566,284.7131,0.59400,649.77929,0.85714,0.74726,2209.53677,1.68523,-0.03063,-0.21739,0.19805,-0.03098,0.43236,0.74365,-0.06234,0.16398,-0.02587,-0.06120,0.05576,0.27612,0.35142,2.25778,0.50000,2.00000,0.56922,0.50000,0.50000,0.00000,0.75712
909,0.5149,4603904,2292,0.00856,7.79e-04,0.5567,250.4649,0.59400,921.55365,0.66667,0.75966,2226.68886,1.72295,-0.03067,-0.21898,0.20560,-0.03230,0.43762,0.75525,-0.06198,0.16868,-0.03108,-0.06016,0.05786,0.28381,0.35417,1.83778,0.00000,1.00000,0.56922,0.66667,0.55556,0.00000,0.77086
910,0.5159,4612096,2295,0.01915,5.41e-04,0.5569,255.2108,0.59400,694.82691,0.84615,0.75713,2259.68691,1.63821,-0.03090,-0.22141,0.20215,-0.03282,0.43099,0.75341,-0.06258,0.16607,-0.05419,-0.06138,0.05734,0.27710,0.35435,2.50625,0.00000,3.00000,0.56587,0.53846,0.52632,0.00000,0.77177
911,0.5169,4620288,2261,0.01359,5.41e-04,0.5569,209.9752,0.59400,821.81042,0.66667,0.74109,2273.93336,1.65254,-0.03053,-0.22333,0.20564,-0.03467,0.42657,0.73708,-0.06215,0.16623,-0.03405,-0.06115,0.05807,0.27887,0.35214,3.50444,0.00000,2.00000,0.56587,0.77778,0.80000,0.00000,0.76068
912,0.5179,4628480,2265,0.01367,5.41e-04,0.5570,297.3460,0.59400,732.17335,0.84211,0.74533,2230.47854,1.66700,-0.03032,-0.21942,0.19992,-0.02850,0.42764,0.74113,-0.05972,0.16354,-0.03187,-0.06142,0.05745,0.27386,0.35070,2.62308,0.00000,1.00000,0.57728,0.63158,0.60000,0.00000,0.75351
913,0.5189,4636672,2287,0.01140,5.41e-04,0.5572,247.5676,0.59400,938.80009,0.81818,0.73278,2156.41429,1.65168,-0.03049,-0.21267,0.19425,-0.03018,0.41979,0.72953,-0.06279,0.16210,-0.02535,-0.06027,0.05763,0.27216,0.34757,2.33556,0.00000,0.00000,0.57728,0.81818,0.77778,0.00000,0.73787
914,0.5199,4644864,2255,0.01238,5.41e-04,0.5574,204.7462,0.59000,911.85243,0.75000,0.71327,2260.36038,1.60260,-0.03031,-0.22181,0.19301,-0.03119,0.41123,0.71024,-0.06066,0.15955,-0.04413,-0.06112,0.05656,0.26575,0.34433,1.70667,0.00000,2.00000,0.60377,0.81250,0.90000,0.00000,0.72166
915,0.5210,4653056,2230,0.01500,4.51e-04,0.5574,219.1196,0.59000,831.36362,0.80000,0.71660,2199.86568,1.55675,-0.03072,-0.21641,0.18616,-0.02553,0.41289,0.71347,-0.06230,0.15117,-0.03739,-0.06049,0.05232,0.25421,0.34551,2.65636,0.00000,0.00000,0.60377,0.73333,0.66667,0.00000,0.72755
916,0.5220,4661248,2267,0.01097,6.49e-04,0.5574,243.8589,0.58600,902.53241,0.64286,0.70406,2215.28975,1.53390,-0.03095,-0.21849,0.17936,-0.03128,0.39778,0.70062,-0.06417,0.15168,-0.04226,-0.06072,0.05110,0.25446,0.34193,2.40250,0.00000,1.00000,0.60839,0.71429,0.62500,0.00000,0.70967
917,0.5230,4669440,2310,0.01224,6.49e-04,0.5575,228.7635,0.58600,793.18972,0.87500,0.71585,2213.21399,1.54549,-0.03052,-0.21758,0.18160,-0.03248,0.40588,0.71306,-0.06295,0.14937,-0.03865,-0.06169,0.04958,0.25293,0.34540,2.09000,0.00000,1.00000,0.60839,0.62500,0.61538,0.00000,0.72700
918,0.5240,4677632,2292,0.01170,7.79e-04,0.5576,195.9580,0.58200,843.25114,0.68750,0.72882,2175.79710,1.58367,-0.03072,-0.21405,0.18129,-0.02938,0.41903,0.72505,-0.06313,0.15212,-0.03116,-0.06117,0.05124,0.25836,0.34749,2.69000,0.00000,2.00000,0.60664,0.62500,0.55556,0.00000,0.73746
919,0.5250,4685824,2249,0.01401,6.49e-04,0.5578,223.8700,0.58200,776.31658,0.76190,0.72908,2141.26527,1.56212,-0.03058,-0.21078,0.17794,-0.02878,0.41660,0.72548,-0.06304,0.15089,-0.03395,-0.06168,0.05224,0.25494,0.34865,2.69538,0.50000,3.00000,0.60664,0.52381,0.46154,0.00000,0.74325
920,0.5260,4694016,2281,0.01530,6.49e-04,0.5579,323.1120,0.57800,765.90966,1.00000,0.72082,2192.40450,1.53209,-0.03028,-0.21531,0.17989,-0.03319,0.41095,0.71833,-0.06274,0.15052,-0.03169,-0.06251,0.04887,0.25232,0.34669,2.89333,0.00000,1.00000,0.60598,0.69231,0.75000,0.00000,0.73344
921,0.5270,4702208,2224,0.01156,6.49e-04,0.5580,247.2516,0.57800,741.88603,0.76471,0.70860,2294.09756,1.50093,-0.03043,-0.22550,0.17392,-0.02809,0.40509,0.70612,-0.06351,0.14313,-0.04212,-0.06205,0.04887,0.24139,0.34566,2.80222,0.00000,3.00000,0.60598,0.64706,0.70000,0.00000,0.72828
922,0.5280,4710400,2246,0.01158,6.49e-04,0.5580,251.0899,0.57400,836.51385,0.72222,0.70860,2273.40547,1.52311,-0.03014,-0.22423,0.17595,-0.02878,0.40397,0.70638,-0.06160,0.14456,-0.03273,-0.06129,0.04945,0.24365,0.34379,2.20400,1.02000,2.00000,0.61205,0.66667,0.63636,0.00000,0.71894
923,0.5290,4718592,2339,0.01421,5.41e-04,0.5580,175.6572,0.57400,551.57615,0.78571,0.72310,2237.95007,1.56327,-0.03022,-0.22010,0.18092,-0.02719,0.41100,0.72009,-0.06238,0.14869,-0.03576,-0.06214,0.05297,0.25159,0.34710,1.41000,0.50000,4.00000,0.61205,0.28571,0.14286,0.00000,0.73552
924,0.5302,4726784,1930,0.01429,5.41e-04,0.5581,221.3310,0.57400,818.82034,0.91667,0.71251,2216.81769,1.54692,-0.03032,-0.21800,0.18018,-0.02947,0.40472,0.71050,-0.06277,0.14735,-0.02865,-0.06174,0.05199,0.24915,0.34549,2.12444,0.00000,1.00000,0.58614,0.50000,0.50000,0.00000,0.72746
925,0.5315,4734976,1747,0.04570,4.51e-04,0.5581,231.0262,0.57000,937.21360,0.68000,0.69346,2238.63974,1.48956,-0.03030,-0.22022,0.17950,-0.03019,0.39602,0.69167,-0.06301,0.14493,-0.03592,-0.06282,0.04852,0.24432,0.34249,2.52000,0.00000,1.00000,0.60877,0.84000,0.81250,0.00000,0.71245
926,0.5328,4743168,1782,0.05769,2.61e-04,0.5582,220.1989,0.57000,683.36559,0.87500,0.70220,2160.46399,1.45117,-0.03017,-0.21229,0.17252,-0.02561,0.40276,0.70042,-0.06069,0.13900,-0.03950,-0.06177,0.04694,0.23383,0.34386,2.91167,0.50000,2.00000,0.60877,0.37500,0.33333,0.00000,0.71931
927,0.5341,4751360,1729,0.02569,1.51e-04,0.5583,275.3211,0.57000,811.77720,0.72222,0.69220,2197.61231,1.44870,-0.03046,-0.21623,0.17071,-0.02824,0.39483,0.69015,-0.06226,0.13629,-0.02817,-0.06271,0.04516,0.22931,0.34201,1.50400,0.00000,3.00000,0.59335,0.61111,0.60000,0.00000,0.71005
928,0.5354,4759552,1716,0.01234,1.81e-04,0.5583,290.7053,0.57000,886.25405,0.78947,0.68689,2160.42806,1.39726,-0.03028,-0.21233,0.16180,-0.02472,0.38724,0.68504,-0.06305,0.13216,-0.03359,-0.06194,0.04456,0.22253,0.34023,2.54429,0.00000,0.00000,0.59335,0.73684,0.66667,0.00000,0.70117
929,0.5368,4767744,1695,0.00651,2.61e-04,0.5584,244.3470,0.56600,1024.32814,0.58333,0.66069,2281.05114,1.36842,-0.03068,-0.22404,0.15870,-0.02623,0.36827,0.65918,-0.06468,0.13220,-0.03780,-0.06225,0.04524,0.22382,0.33561,2.83333,0.00000,1.00000,0.60544,0.83333,0.83333,0.00000,0.67803
930,0.5381,4775936,1794,0.00765,3.76e-04,0.5584,174.2707,0.56200,723.54968,0.94737,0.66727,2282.97326,1.36890,-0.03010,-0.22436,0.15687,-0.02644,0.37717,0.66544,-0.06405,0.12935,-0.04599,-0.06239,0.04353,0.22040,0.33705,2.36800,0.00000,1.00000,0.60960,0.63158,0.64706,0.00000,0.68526
931,0.5394,4784128,1752,0.01203,4.51e-04,0.5585,252.3709,0.56200,704.96042,0.92308,0.65789,2229.66105,1.36498,-0.03042,-0.21996,0.15947,-0.02769,0.37356,0.65658,-0.06407,0.12843,-0.02919,-0.06201,0.04512,0.21893,0.33760,2.44250,0.00000,0.00000,0.60960,0.69231,0.66667,0.00000,0.68798
932,0.5407,4792320,1755,0.00913,5.41e-04,0.5585,308.6013,0.55800,701.16442,0.90909,0.65607,2299.86595,1.38072,-0.03006,-0.22643,0.15971,-0.02399,0.37072,0.65438,-0.06262,0.12887,-0.03473,-0.06218,0.04414,0.22003,0.33650,2.53333,0.00000,1.00000,0.60103,0.36364,0.33333,0.00000,0.68252
933,0.5420,4800512,1741,0.00730,7.79e-04,0.5586,231.3872,0.55400,658.05257,0.95000,0.66707,2310.48724,1.36785,-0.02997,-0.22768,0.15634,-0.02575,0.37880,0.66517,-0.06512,0.12427,-0.03138,-0.06203,0.04220,0.21252,0.33824,2.68533,0.00000,2.00000,0.61151,0.65000,0.70588,0.00000,0.69120
934,0.5433,4808704,1753,0.01167,9.35e-04,0.5588,342.0485,0.55400,616.31848,0.78571,0.66738,2245.97311,1.35912,-0.03007,-0.22063,0.15908,-0.02321,0.38158,0.66573,-0.06160,0.12809,-0.04474,-0.06205,0.04283,0.21643,0.33775,2.82500,0.50000,2.00000,0.61151,0.35714,0.22222,0.00000,0.68876
935,0.5446,4816896,1735,0.01280,9.35e-04,0.5589,224.5815,0.55400,711.19372,0.83333,0.66106,2199.27801,1.32799,-0.03021,-0.21629,0.14748,-0.02337,0.37951,0.65949,-0.06337,0.12193,-0.03146,-0.06173,0.04305,0.20721,0.33728,2.00600,0.50000,2.00000,0.58218,0.44444,0.38462,0.00000,0.68639
936,0.5459,4825088,1738,0.01097,1.12e-03,0.5590,327.6037,0.55400,775.68001,0.73333,0.64915,2326.00466,1.29402,-0.03020,-0.22893,0.14123,-0.02383,0.36800,0.64767,-0.06292,0.11879,-0.03890,-0.06178,0.03968,0.20050,0.33363,2.91000,0.00000,2.00000,0.58218,0.53333,0.44444,0.00000,0.66817
937,0.5472,4833280,1708,0.01657,9.35e-04,0.5589,200.5078,0.55400,684.75526,0.75000,0.65862,2239.70076,1.34602,-0.03001,-0.22060,0.15092,-0.02589,0.37515,0.65684,-0.06302,0.12310,-0.03094,-0.06175,0.03988,0.20789,0.33636,3.20500,0.00000,2.00000,0.56080,0.37500,0.30000,0.00000,0.68179
938,0.5486,4841472,1712,0.01279,7.79e-04,0.5589,264.2486,0.55400,653.10149,0.85000,0.65188,2212.67802,1.31819,-0.03015,-0.21846,0.15074,-0.02294,0.37222,0.65053,-0.06598,0.12134,-0.03272,-0.06235,0.04119,0.20575,0.33646,2.96333,0.00000,4.00000,0.56080,0.40000,0.38462,0.00000,0.68230
939,0.5499,4849664,1756,0.01438,9.35e-04,0.5589,376.5556,0.55400,513.10830,1.00000,0.66027,2384.05258,1.33064,-0.03057,-0.23357,0.15215,-0.02388,0.37746,0.65864,-0.06679,0.12382,-0.05037,-0.06195,0.04188,0.20868,0.33783,3.63000,0.00000,2.00000,0.55472,0.53846,0.63636,0.00000,0.68915
940,0.5512,4857856,1766,0.01192,9.35e-04,0.5590,237.6816,0.55400,873.45711,0.69231,0.64962,2355.90829,1.33223,-0.03034,-0.23151,0.14965,-0.02290,0.37303,0.64811,-0.06514,0.11868,-0.03864,-0.06222,0.03983,0.20154,0.33552,2.34250,0.00000,1.00000,0.55472,0.53846,0.50000,0.00000,0.67761
941,0.5525,4866048,1724,0.01851,6.49e-04,0.5591,303.3710,0.55400,780.47833,0.84000,0.66223,2340.93534,1.28747,-0.03045,-0.23014,0.14587,-0.02213,0.37386,0.66017,-0.06563,0.11591,-0.04098,-0.06236,0.03919,0.19751,0.33574,2.09412,0.50000,1.00000,0.55282,0.60000,0.55000,0.00000,0.67870
942,0.5538,4874240,1770,0.01216,6.49e-04,0.5594,359.3905,0.55400,663.88241,0.83333,0.65862,2356.37572,1.27371,-0.03018,-0.23134,0.14448,-0.02014,0.37206,0.65663,-0.06389,0.11463,-0.04403,-0.06212,0.03871,0.19360,0.33532,2.56667,0.50000,3.00000,0.55282,0.50000,0.50000,0.00000,0.67658
943,0.5551,4882432,1781,0.01312,6.49e-04,0.5597,351.8581,0.55400,547.36157,0.90000,0.65488,2291.06963,1.32754,-0.03041,-0.22539,0.15415,-0.02597,0.37275,0.65281,-0.06271,0.12478,-0.03542,-0.06197,0.04079,0.21136,0.33421,2.49400,0.50000,2.00000,0.53325,0.25000,0.25000,0.00000,0.67106
944,0.5564,4890624,1722,0.01243,7.79e-04,0.5599,278.0260,0.55400,555.31723,1.00000,0.66126,2214.48357,1.32576,-0.03055,-0.21760,0.14876,-0.02419,0.37957,0.66000,-0.06485,0.12147,-0.03366,-0.06193,0.04072,0.20636,0.33737,2.91333,0.00000,0.00000,0.53325,0.38462,0.38462,0.00000,0.68687
945,0.5577,4898816,1762,0.01114,9.35e-04,0.5601,280.7244,0.55400,472.08430,0.92857,0.67007,2274.38976,1.40412,-0.03047,-0.22383,0.15925,-0.02516,0.37975,0.66817,-0.06464,0.13009,-0.03403,-0.06189,0.04198,0.22107,0.33605,1.85333,0.00000,2.00000,0.51326,0.21429,0.27273,0.00000,0.68026
946,0.5590,4907008,1728,0.01237,9.35e-04,0.5604,282.3836,0.55400,529.35101,1.00000,0.68539,2392.50728,1.39302,-0.03074,-0.23457,0.15820,-0.02564,0.38885,0.68312,-0.06617,0.13172,-0.04614,-0.06277,0.04355,0.22308,0.34134,3.99167,0.00000,0.00000,0.52076,0.58824,0.58824,0.00000,0.70671
947,0.5603,4915200,1774,0.01324,7.79e-04,0.5606,239.3907,0.55400,1007.71934,0.58333,0.68420,2373.31760,1.40721,-0.03061,-0.23329,0.15816,-0.02522,0.39057,0.68205,-0.06534,0.13101,-0.03791,-0.06231,0.04228,0.22247,0.34293,3.41143,0.00000,0.00000,0.52076,0.83333,0.71429,0.00000,0.71467
948,0.5616,4923392,1778,0.01483,7.79e-04,0.5606,266.6359,0.55400,677.31826,0.82353,0.66972,2353.80254,1.39180,-0.03051,-0.23153,0.16178,-0.02663,0.37623,0.66765,-0.06566,0.13125,-0.03388,-0.06260,0.04175,0.22430,0.33692,3.37111,0.00000,2.00000,0.53710,0.64706,0.66667,0.00000,0.68459
949,0.5629,4931584,1812,0.01706,6.49e-04,0.5607,240.3707,0.55400,657.46415,0.75000,0.67909,2306.75035,1.38236,-0.03052,-0.22670,0.16009,-0.02673,0.38260,0.67695,-0.06600,0.12993,-0.04765,-0.06278,0.04276,0.22168,0.33903,2.46286,0.00000,2.00000,0.53710,0.37500,0.20000,0.00000,0.69517
950,0.5642,4939776,1747,0.02007,4.51e-04,0.5607,318.5505,0.55400,594.58122,1.00000,0.69434,2373.45572,1.39942,-0.03079,-0.23281,0.15725,-0.02567,0.39200,0.69254,-0.06578,0.12898,-0.03609,-0.06263,0.04198,0.21954,0.34190,2.98462,0.00000,2.00000,0.52784,0.52632,0.58824,0.00000,0.70952
951,0.5655,4947968,1742,0.01160,4.51e-04,0.5608,322.7012,0.55400,706.06981,0.75000,0.68572,2327.92212,1.36160,-0.03061,-0.22888,0.15345,-0.02594,0.38727,0.68389,-0.06477,0.12485,-0.04096,-0.06252,0.04092,0.21265,0.33953,3.14500,0.00000,2.00000,0.52784,0.31250,0.30000,0.00000,0.69763
952,0.5668,4956160,1748,0.01450,4.51e-04,0.5608,303.5856,0.55400,615.33696,0.93333,0.68940,2308.95810,1.41499,-0.03099,-0.22736,0.16237,-0.02631,0.38938,0.68683,-0.06760,0.12864,-0.03365,-0.06210,0.04369,0.22229,0.34171,3.61167,0.50000,2.00000,0.51596,0.46667,0.50000,0.00000,0.70855
953,0.5681,4964352,1787,0.01718,4.51e-04,0.5609,388.0024,0.55400,667.93005,0.80000,0.70078,2329.68017,1.44320,-0.03097,-0.22925,0.16858,-0.02809,0.39280,0.69846,-0.06492,0.13299,-0.03897,-0.06190,0.04426,0.22894,0.34144,2.89600,0.00000,1.00000,0.51596,0.46667,0.36364,0.00000,0.70718
954,0.5694,4972544,1742,0.01256,5.41e-04,0.5609,313.9830,0.55400,511.08475,0.83333,0.69809,2344.24451,1.39143,-0.03067,-0.23037,0.16007,-0.02533,0.39286,0.69629,-0.06607,0.12770,-0.04542,-0.06262,0.04268,0.21826,0.34242,4.12750,0.00000,6.00000,0.50937,0.44444,0.55556,0.00000,0.71208
955,0.5707,4980736,1764,0.01159,6.49e-04,0.5609,297.4761,0.55400,670.85843,0.91667,0.68557,2370.33170,1.41018,-0.03096,-0.23239,0.16191,-0.02522,0.38563,0.68325,-0.06743,0.13240,-0.04294,-0.06277,0.04221,0.22559,0.34010,2.20857,0.00000,0.00000,0.50937,0.41667,0.36364,0.00000,0.70050
956,0.5720,4988928,1723,0.01806,4.51e-04,0.5610,273.8413,0.55400,752.42851,0.82353,0.67786,2398.13208,1.38954,-0.03109,-0.23551,0.15810,-0.02729,0.38239,0.67487,-0.06797,0.13236,-0.04912,-0.06209,0.04232,0.22626,0.34107,2.57800,0.00000,1.00000,0.50843,0.64706,0.61538,0.00000,0.70536
957,0.5733,4997120,1717,0.00783,6.49e-04,0.5610,343.5899,0.55400,769.21894,0.73913,0.69725,2379.71271,1.35672,-0.03118,-0.23335,0.14990,-0.02352,0.39001,0.69379,-0.06514,0.12630,-0.04448,-0.06341,0.04033,0.21356,0.34205,1.70200,0.50000,3.00000,0.50843,0.34783,0.21429,0.00000,0.71027
958,0.5746,5005312,1761,0.01580,5.41e-04,0.5612,310.3210,0.55400,829.89550,0.68421,0.66894,2260.88994,1.32004,-0.03147,-0.22166,0.15164,-0.02459,0.37468,0.66639,-0.06571,0.12477,-0.04107,-0.06222,0.04107,0.21289,0.33618,3.12182,0.50000,3.00000,0.49925,0.68421,0.70000,0.00000,0.68089
959,0.5759,5013504,1768,0.01053,6.49e-04,0.5613,289.3202,0.55400,685.35135,0.94737,0.65506,2300.02851,1.26377,-0.03133,-0.22535,0.14604,-0.02333,0.36803,0.65228,-0.06583,0.12038,-0.05235,-0.06248,0.04000,0.20551,0.33563,2.47857,0.00000,0.00000,0.50488,0.57895,0.55556,0.00000,0.67815
960,0.5773,5021696,1710,0.01258,6.49e-04,0.5614,260.7497,0.55400,804.66078,0.63636,0.64166,2336.98594,1.21073,-0.03157,-0.22981,0.13492,-0.02268,0.35420,0.63962,-0.06649,0.11164,-0.04770,-0.06271,0.03572,0.19080,0.33224,3.34000,0.00000,0.00000,0.50488,0.54545,0.28571,0.00000,0.66118
961,0.5786,5029888,1741,0.01301,6.49e-04,0.5615,273.1485,0.55400,666.12448,0.76471,0.65406,2518.23993,1.28078,-0.03153,-0.24679,0.14052,-0.02411,0.36408,0.65201,-0.06677,0.11985,-0.04915,-0.06334,0.03749,0.20294,0.33519,4.29800,0.00000,2.00000,0.47662,0.35294,0.18182,0.00000,0.67597
962,0.5799,5038080,1761,0.01650,5.41e-04,0.5616,276.7176,0.55400,643.05392,0.93333,0.67813,2351.62694,1.33831,-0.03157,-0.23076,0.14899,-0.02281,0.37877,0.67499,-0.06787,0.12588,-0.04012,-0.06192,0.04072,0.21564,0.33840,3.23231,0.00000,0.00000,0.47662,0.60000,0.57143,0.00000,0.69199
963,0.5812,5046272,1689,0.02546,3.76e-04,0.5616,328.8665,0.55400,617.02542,1.00000,0.67041,2414.27766,1.32110,-0.03138,-0.23608,0.14516,-0.02442,0.37744,0.66726,-0.06652,0.12311,-0.04669,-0.06244,0.03988,0.20898,0.33623,1.95800,0.00000,1.00000,0.46896,0.16667,0.18182,0.00000,0.68116
964,0.5825,5054464,1733,0.01584,3.76e-04,0.5617,253.9670,0.55400,582.87222,0.88235,0.67543,2308.99589,1.38349,-0.03121,-0.22660,0.15738,-0.02598,0.38090,0.67272,-0.06620,0.13185,-0.03739,-0.06256,0.04244,0.22321,0.33883,3.04222,0.00000,1.00000,0.46896,0.29412,0.28571,0.00000,0.69417
965,0.5839,5062656,1714,0.01148,4.51e-04,0.5617,173.6250,0.55400,631.74508,0.80000,0.69042,2329.38667,1.43605,-0.03147,-0.22896,0.16727,-0.02646,0.39229,0.68702,-0.06555,0.13618,-0.04189,-0.06172,0.04507,0.23236,0.34253,2.08000,0.00000,3.00000,0.45684,0.46667,0.44444,0.00000,0.71264
966,0.5852,5070848,1702,0.01145,5.41e-04,0.5619,363.5951,0.55400,828.78953,0.86364,0.68848,2248.40753,1.41667,-0.03156,-0.22141,0.15815,-0.02723,0.39325,0.68546,-0.06686,0.13501,-0.02983,-0.06179,0.04665,0.22931,0.34249,2.87333,0.50000,2.00000,0.48763,0.72727,0.76471,0.00000,0.71245
967,0.5865,5079040,1783,0.01310,5.41e-04,0.5620,263.2051,0.55400,720.57492,0.84615,0.68254,2299.54021,1.37476,-0.03159,-0.22604,0.15427,-0.02528,0.38602,0.67939,-0.06718,0.13015,-0.03542,-0.06249,0.04207,0.22125,0.33939,3.08889,0.00000,1.00000,0.48763,0.46154,0.50000,0.00000,0.69694
968,0.5878,5087232,1809,0.01214,5.41e-04,0.5621,269.6145,0.55400,668.71849,0.77778,0.67734,2300.76409,1.36644,-0.03146,-0.22644,0.15640,-0.02589,0.38335,0.67423,-0.06585,0.12598,-0.03624,-0.06209,0.04185,0.21515,0.33891,3.27556,0.00000,3.00000,0.49601,0.61111,0.63636,0.00000,0.69454
969,0.5891,5095424,1722,0.01141,6.49e-04,0.5622,239.4025,0.55400,592.85207,0.94444,0.66848,2355.30236,1.33222,-0.03144,-0.23105,0.15332,-0.02290,0.37766,0.66528,-0.06381,0.12359,-0.04066,-0.06284,0.04134,0.21136,0.33749,1.63000,0.00000,2.00000,0.49601,0.50000,0.53333,0.00000,0.68744
970,0.5904,5103616,1721,0.01557,6.49e-04,0.5621,303.9001,0.55400,531.56067,0.91667,0.67849,2344.07628,1.36681,-0.03157,-0.23032,0.15613,-0.02474,0.38023,0.67555,-0.06656,0.12817,-0.03610,-0.06158,0.04311,0.21985,0.33745,1.68500,0.50000,4.00000,0.49641,0.33333,0.42857,0.00000,0.68723
971,0.5917,5111808,1806,0.01535,5.41e-04,0.5622,301.4867,0.55400,689.44333,0.71429,0.67267,2348.25671,1.35525,-0.03159,-0.23045,0.15470,-0.02448,0.37529,0.66955,-0.06845,0.12356,-0.03943,-0.06182,0.04318,0.21167,0.33730,3.38286,0.00000,1.00000,0.49641,0.50000,0.33333,0.00000,0.68648
972,0.5930,5120000,1782,0.01326,5.41e-04,0.5623,231.2768,0.55400,847.07999,0.84000,0.68211,2335.11072,1.36480,-0.03109,-0.22913,0.15317,-0.02427,0.38626,0.67899,-0.06473,0.12644,-0.03159,-0.06225,0.04213,0.21515,0.33938,2.18333,0.00000,1.00000,0.50194,0.68000,0.65000,0.00000,0.69691
973,0.5943,5128192,1749,0.00840,7.79e-04,0.5624,290.2808,0.55400,671.00901,0.94118,0.69306,2284.99577,1.34900,-0.03158,-0.22459,0.15060,-0.02335,0.39024,0.68882,-0.06605,0.12910,-0.04124,-0.06278,0.04218,0.21948,0.34070,3.22500,0.00000,2.00000,0.50194,0.64706,0.71429,0.00000,0.70349
974,0.5956,5136384,1741,0.01833,5.41e-04,0.5626,307.6529,0.55400,705.78694,0.82353,0.66512,2312.94394,1.32725,-0.03218,-0.22697,0.14136,-0.02637,0.37392,0.66156,-0.06729,0.13078,-0.04202,-0.06258,0.04030,0.21887,0.33684,2.61333,0.00000,3.00000,0.51975,0.58824,0.63636,0.00000,0.68422
975,0.5969,5144576,1723,0.01551,4.51e-04,0.5628,356.5900,0.55400,650.15683,0.94444,0.67454,2376.60665,1.31330,-0.03246,-0.23296,0.14340,-0.02670,0.37608,0.67098,-0.06906,0.12705,-0.04693,-0.06246,0.03961,0.21252,0.33915,2.96308,0.00000,0.00000,0.52659,0.61111,0.58824,0.00000,0.69577
976,0.5983,5152768,1699,0.01193,4.51e-04,0.5628,341.9137,0.55400,770.26457,0.81818,0.66269,2392.89279,1.31976,-0.03225,-0.23462,0.13955,-0.02568,0.37296,0.65845,-0.06928,0.12409,-0.04134,-0.06269,0.03749,0.20819,0.33720,2.44000,0.00000,1.00000,0.52659,0.36364,0.37500,0.00000,0.68598
977,0.5996,5160960,1745,0.01325,5.41e-04,0.5629,276.6266,0.55400,569.32769,0.95000,0.68371,2418.50560,1.36476,-0.03216,-0.23713,0.14448,-0.02579,0.38788,0.68001,-0.06981,0.13374,-0.03634,-0.06276,0.03838,0.22223,0.34010,2.85333,0.00000,1.00000,0.51240,0.40000,0.38889,0.00000,0.70051
978,0.6009,5169152,1704,0.02090,3.76e-04,0.5629,262.1688,0.55400,844.92617,0.83333,0.67617,2440.70004,1.34800,-0.03221,-0.23887,0.15182,-0.02917,0.38011,0.67227,-0.06875,0.13146,-0.04380,-0.06292,0.03799,0.22119,0.33705,3.58800,0.00000,0.00000,0.51240,0.66667,0.60000,0.00000,0.68525
979,0.6022,5177344,1708,0.01374,3.76e-04,0.5629,190.3034,0.55400,613.28959,0.85714,0.66306,2484.41093,1.39954,-0.03163,-0.24426,0.16090,-0.02772,0.36915,0.65930,-0.06788,0.13606,-0.03558,-0.06263,0.04180,0.22546,0.33286,2.69111,0.50000,2.00000,0.51616,0.50000,0.50000,0.00000,0.66432
980,0.6036,5185536,1706,0.01295,3.76e-04,0.5629,250.2338,0.55400,632.51037,0.94118,0.69254,2419.39370,1.46723,-0.03095,-0.23716,0.17404,-0.03065,0.39038,0.68824,-0.06466,0.14517,-0.03586,-0.06315,0.04672,0.24164,0.33961,2.27385,0.50000,1.00000,0.51616,0.41176,0.40000,0.00000,0.69803
981,0.6049,5193728,1713,0.01320,3.76e-04,0.5630,233.8096,0.55400,525.70675,0.87500,0.71234,2393.06567,1.50609,-0.03150,-0.23484,0.17128,-0.02821,0.40950,0.70709,-0.06633,0.15101,-0.04056,-0.06282,0.04731,0.25500,0.34546,2.42286,0.00000,3.00000,0.50300,0.37500,0.36364,0.00000,0.72728
982,0.6062,5201920,1740,0.01301,3.76e-04,0.5630,268.6873,0.55400,686.16386,0.83333,0.71821,2395.86984,1.49188,-0.03188,-0.23484,0.16668,-0.02966,0.41223,0.71360,-0.06453,0.14695,-0.04032,-0.06330,0.04908,0.24768,0.34528,3.55455,0.00000,1.00000,0.50300,0.44444,0.35714,0.00000,0.72639
983,0.6075,5210112,1736,0.01117,5.41e-04,0.5631,261.8686,0.55400,522.96809,1.00000,0.70171,2356.80195,1.50500,-0.03172,-0.23029,0.17651,-0.02561,0.40196,0.69747,-0.06576,0.14695,-0.04592,-0.06149,0.04975,0.25043,0.34153,2.82500,0.00000,2.00000,0.49886,0.50000,0.58333,0.00000,0.70766
984,0.6089,5218304,1717,0.01464,4.51e-04,0.5632,220.8765,0.55400,728.17136,0.76471,0.70015,2312.96769,1.47517,-0.03146,-0.22679,0.18067,-0.02890,0.39856,0.69724,-0.06271,0.14317,-0.04545,-0.06272,0.04747,0.24414,0.34289,2.42000,0.00000,2.00000,0.49886,0.58824,0.54545,0.00000,0.71445
985,0.6102,5226496,1704,0.01262,4.51e-04,0.5633,318.4169,0.55400,586.52804,0.94118,0.68453,2301.28648,1.42768,-0.03179,-0.22518,0.17513,-0.02623,0.39025,0.68069,-0.06389,0.13988,-0.04709,-0.06199,0.04767,0.23914,0.34076,2.95538,0.50000,4.00000,0.50984,0.52941,0.66667,0.00000,0.70379
986,0.6115,5234688,1743,0.01315,5.41e-04,0.5634,189.4382,0.55400,732.02294,0.84615,0.69630,2376.83254,1.48234,-0.03170,-0.23344,0.17836,-0.02880,0.39146,0.69224,-0.06505,0.14480,-0.04113,-0.06179,0.04846,0.24591,0.34134,2.24750,0.00000,2.00000,0.50984,0.61538,0.66667,0.00000,0.70672
987,0.6128,5242880,1779,0.01228,5.41e-04,0.5635,217.3725,0.55400,728.82438,0.85714,0.70805,2341.89273,1.51460,-0.03146,-0.23062,0.17629,-0.02515,0.39588,0.70353,-0.06622,0.14389,-0.03295,-0.06203,0.04935,0.24622,0.34169,3.67800,0.00000,1.00000,0.51886,0.50000,0.54545,0.00000,0.70847
988,0.6141,5251072,1753,0.01424,4.51e-04,0.5636,328.8114,0.55400,699.30317,0.82143,0.72640,2239.79990,1.48695,-0.03156,-0.21994,0.16959,-0.02615,0.41287,0.72249,-0.06302,0.14205,-0.03246,-0.06273,0.04653,0.24109,0.34725,2.48125,0.00000,2.00000,0.50983,0.50000,0.42857,0.00000,0.73625
989,0.6154,5259264,1746,0.01358,5.41e-04,0.5638,225.2953,0.55400,781.59236,0.73333,0.70553,2228.74543,1.45554,-0.03214,-0.21870,0.16540,-0.02551,0.40068,0.70111,-0.06306,0.13982,-0.03784,-0.06212,0.04534,0.23755,0.34242,2.32500,0.00000,2.00000,0.50983,0.66667,0.66667,0.00000,0.71208
990,0.6167,5267456,1772,0.01442,6.49e-04,0.5638,296.9880,0.55400,755.68209,0.86364,0.70933,2240.84077,1.44870,-0.03211,-0.22049,0.16164,-0.02373,0.39684,0.70532,-0.06495,0.13713,-0.03271,-0.06219,0.04657,0.23315,0.34213,2.25875,0.50000,2.00000,0.52808,0.68182,0.70588,0.00000,0.71063
991,0.6180,5275648,1771,0.01260,6.49e-04,0.5639,277.4659,0.55400,953.57276,0.63636,0.70718,2284.25282,1.42489,-0.03230,-0.22397,0.15957,-0.02838,0.39244,0.70321,-0.06739,0.13359,-0.04296,-0.06111,0.04478,0.22925,0.34063,3.16333,0.00000,0.00000,0.52808,0.72727,0.57143,0.00000,0.70314
992,0.6193,5283840,1764,0.01035,7.79e-04,0.5640,314.5995,0.55400,729.29387,0.81250,0.70575,2398.23044,1.47098,-0.03246,-0.23634,0.16495,-0.02617,0.39049,0.70098,-0.07024,0.14224,-0.04471,-0.06175,0.04725,0.24377,0.34098,3.02364,0.00000,2.00000,0.53082,0.56250,0.54545,0.00000,0.70491
993,0.6206,5292032,1746,0.01271,9.35e-04,0.5642,248.6358,0.55400,832.45591,0.73333,0.73071,2297.81266,1.51456,-0.03197,-0.22540,0.17074,-0.02617,0.41036,0.72544,-0.06649,0.14467,-0.04610,-0.06192,0.04842,0.24866,0.34441,2.77636,0.00000,0.00000,0.53082,0.73333,0.63636,0.00000,0.72205
994,0.6219,5300224,1736,0.01224,7.79e-04,0.5643,245.0300,0.55400,985.94400,0.50000,0.71056,2276.21605,1.47164,-0.03235,-0.22399,0.16446,-0.02583,0.39852,0.70668,-0.06913,0.14085,-0.04022,-0.06212,0.04705,0.24194,0.34146,1.25200,0.50000,1.00000,0.53657,0.64286,0.50000,0.00000,0.70731
995,0.6232,5308416,1740,0.01276,7.79e-04,0.5645,299.6404,0.55400,788.36355,0.80000,0.69497,2396.28412,1.44949,-0.03223,-0.23554,0.16463,-0.02817,0.38854,0.69164,-0.06952,0.14289,-0.04848,-0.06214,0.04623,0.24359,0.33991,3.22600,0.50000,1.00000,0.53657,0.66667,0.63636,0.00000,0.69956
996,0.6245,5316608,1784,0.01407,7.79e-04,0.5647,246.8716,0.55400,621.07407,0.93750,0.70066,2352.57144,1.44013,-0.03221,-0.23104,0.16742,-0.02767,0.39486,0.69675,-0.06868,0.13718,-0.05033,-0.06148,0.04624,0.23755,0.34248,3.41833,0.50000,2.00000,0.54541,0.56250,0.61538,0.00000,0.71238
997,0.6258,5324800,1787,0.01274,6.49e-04,0.5649,215.2410,0.55400,644.41173,0.76190,0.70395,2236.56850,1.46049,-0.03247,-0.22006,0.16481,-0.02866,0.39327,0.70022,-0.06833,0.14030,-0.03566,-0.06247,0.04698,0.24249,0.34071,3.23000,0.00000,2.00000,0.54541,0.47619,0.35714,0.00000,0.70357
998,0.6271,5332992,1770,0.02463,4.51e-04,0.5650,316.0375,0.55400,734.15420,0.85714,0.71294,2268.29155,1.47091,-0.03194,-0.22263,0.16619,-0.02866,0.40287,0.71006,-0.06744,0.14376,-0.05051,-0.06220,0.04702,0.24481,0.34396,2.73750,0.00000,2.00000,0.52837,0.42857,0.40000,0.00000,0.71979
999,0.6284,5341184,1696,0.01131,5.41e-04,0.5650,307.0109,0.55400,709.28446,0.76471,0.71502,2301.91767,1.52469,-0.03212,-0.22640,0.17335,-0.03015,0.40858,0.71104,-0.06745,0.14906,-0.03654,-0.06254,0.05088,0.25464,0.34573,3.36400,0.00000,3.00000,0.52837,0.58824,0.70000,0.00000,0.72867
1000,0.6297,5349376,1765,0.01650,3.76e-04,0.5651,337.5778,0.55400,938.69513,0.68750,0.72049,2387.98463,1.53102,-0.03237,-0.23420,0.17310,-0.02913,0.40948,0.71659,-0.06987,0.15266,-0.04832,-0.06237,0.05036,0.25830,0.34521,2.70200,0.00000,1.00000,0.55553,0.87500,0.90000,0.00000,0.72604
1001,0.6310,5357568,1748,0.01388,3.76e-04,0.5651,312.5248,0.55400,536.41284,0.71429,0.72525,2384.30540,1.51053,-0.03261,-0.23394,0.16896,-0.02821,0.41028,0.72115,-0.07141,0.14516,-0.04604,-0.06284,0.04963,0.24823,0.34610,4.47000,0.00000,5.00000,0.55553,0.50000,0.60000,0.00000,0.73050
1002,0.6323,5365760,1809,0.01637,3.13e-04,0.5652,253.4955,0.55400,715.44729,0.78571,0.71744,2356.98895,1.55161,-0.03237,-0.23106,0.17740,-0.03036,0.40897,0.71336,-0.07059,0.15081,-0.04066,-0.06241,0.05044,0.25671,0.34573,2.54500,0.00000,1.00000,0.55553,0.50000,0.40000,0.00000,0.72863
1003,0.6336,5373952,1817,0.00707,4.51e-04,0.5653,257.5591,0.55400,770.94869,0.95652,0.70257,2322.02354,1.53855,-0.03203,-0.22790,0.18403,-0.02568,0.40009,0.69795,-0.06808,0.14914,-0.04197,-0.06177,0.05121,0.25519,0.34239,2.67900,0.00000,1.00000,0.55831,0.65217,0.66667,0.00000,0.71193
1004,0.6348,5382144,1805,0.03253,2.61e-04,0.5654,298.8945,0.55400,743.49683,0.93750,0.70067,2287.31026,1.39065,-0.03175,-0.22442,0.16978,-0.02614,0.40001,0.69797,-0.06820,0.13635,-0.05381,-0.06286,0.04597,0.23230,0.34122,2.43077,0.50000,2.00000,0.55831,0.75000,0.84615,0.00000,0.70609
1005,0.6361,5390336,1829,0.01362,2.61e-04,0.5655,279.3343,0.55400,651.99103,0.83333,0.69537,2283.73424,1.43438,-0.03168,-0.22387,0.16869,-0.02456,0.39456,0.69248,-0.06463,0.13550,-0.04641,-0.06176,0.04511,0.23218,0.33929,2.85818,0.00000,3.00000,0.57448,0.55556,0.58333,0.00000,0.69644
1006,0.6373,5398528,1830,0.00894,3.76e-04,0.5655,270.7269,0.55400,722.83206,0.77273,0.70966,2227.58748,1.44918,-0.03178,-0.21852,0.16905,-0.02925,0.40050,0.70590,-0.06625,0.14037,-0.05084,-0.06250,0.04764,0.23962,0.33996,2.41000,0.00000,0.00000,0.55233,0.45455,0.35294,0.00000,0.69979
1007,0.6386,5406720,1849,0.01364,3.13e-04,0.5656,242.9017,0.55400,674.95155,0.80000,0.69671,2250.63704,1.50788,-0.03165,-0.22153,0.16982,-0.02712,0.39786,0.69251,-0.06762,0.14450,-0.02903,-0.06157,0.04962,0.24725,0.33859,3.18333,0.00000,1.00000,0.55233,0.50000,0.42857,0.00000,0.69293
1008,0.6398,5414912,1811,0.01236,3.13e-04,0.5655,180.3123,0.55400,773.60382,0.78947,0.69886,2224.59812,1.51378,-0.03209,-0.21882,0.17434,-0.02582,0.40193,0.69464,-0.06768,0.14645,-0.03513,-0.06177,0.05043,0.25043,0.34216,2.72167,0.00000,1.00000,0.54947,0.63158,0.57143,0.00000,0.71079
1009,0.6411,5423104,1819,0.01500,2.61e-04,0.5655,192.3812,0.55400,699.98706,0.86667,0.69895,2212.08883,1.50287,-0.03205,-0.21792,0.17604,-0.02638,0.39875,0.69569,-0.06929,0.14675,-0.03418,-0.06204,0.05140,0.25098,0.33908,2.07333,0.00000,0.00000,0.54947,0.60000,0.53846,0.00000,0.69541
1010,0.6424,5431296,1778,0.00942,3.76e-04,0.5655,283.2118,0.55400,818.58609,0.70000,0.69697,2239.61757,1.50868,-0.03219,-0.21979,0.17744,-0.02971,0.39964,0.69405,-0.07097,0.14960,-0.04681,-0.06176,0.05248,0.25531,0.33955,2.98333,0.00000,1.00000,0.55242,0.70000,0.66667,0.00000,0.69776
1011,0.6436,5439488,1781,0.01381,3.76e-04,0.5655,228.0994,0.55400,725.88830,0.75000,0.70609,2225.84142,1.53452,-0.03198,-0.21864,0.18198,-0.02691,0.40117,0.70268,-0.06964,0.14918,-0.03929,-0.06174,0.05270,0.25580,0.34190,1.69750,0.00000,2.00000,0.55242,0.50000,0.50000,0.00000,0.70950
1012,0.6450,5447680,1704,0.01266,3.76e-04,0.5656,318.9525,0.55400,644.06192,0.94737,0.71167,2285.87211,1.48499,-0.03217,-0.22401,0.17624,-0.02821,0.40433,0.70884,-0.07002,0.14304,-0.04113,-0.06257,0.04882,0.24640,0.34388,2.28286,0.50000,2.00000,0.55487,0.57895,0.62500,0.00000,0.71939
1013,0.6463,5455872,1732,0.01120,5.41e-04,0.5657,286.1425,0.55400,822.05332,0.72222,0.70305,2239.47117,1.46092,-0.03252,-0.21979,0.17527,-0.02714,0.39553,0.69903,-0.06981,0.14297,-0.05259,-0.06283,0.04829,0.24567,0.34368,2.90400,0.50000,2.00000,0.55487,0.72222,0.81818,0.00000,0.71841
1014,0.6476,5464064,1739,0.01672,3.76e-04,0.5658,302.3923,0.55400,742.01395,0.84615,0.69135,2292.95937,1.42311,-0.03239,-0.22505,0.16941,-0.02352,0.38884,0.68795,-0.07069,0.13549,-0.04673,-0.06288,0.04888,0.23145,0.34291,2.99250,0.00000,1.00000,0.57081,0.61538,0.60000,0.00000,0.71457
1015,0.6489,5472256,1746,0.01421,3.13e-04,0.5658,352.4336,0.55400,787.62727,0.61111,0.69178,2310.29698,1.42924,-0.03215,-0.22629,0.16676,-0.02659,0.39315,0.68801,-0.06924,0.13912,-0.05040,-0.06224,0.04593,0.23553,0.34275,2.47556,0.50000,3.00000,0.57081,0.55556,0.50000,0.00000,0.71376
1016,0.6502,5480448,1752,0.00626,5.41e-04,0.5658,322.3783,0.55400,758.98801,0.68421,0.71551,2355.00245,1.50051,-0.03195,-0.23079,0.16931,-0.02667,0.40257,0.71057,-0.07180,0.14870,-0.04520,-0.06270,0.04870,0.24835,0.34536,2.08222,0.50000,3.00000,0.55818,0.52632,0.40000,0.00000,0.72678
1017,0.6515,5488640,1782,0.01082,6.49e-04,0.5658,314.4939,0.55400,488.20705,0.90909,0.72717,2366.69169,1.51063,-0.03222,-0.23241,0.17019,-0.02993,0.40465,0.72338,-0.07112,0.15013,-0.05503,-0.06314,0.04781,0.25055,0.34445,3.90500,0.50000,3.00000,0.55818,0.45455,0.57143,0.00000,0.72226
1018,0.6528,5496832,1738,0.01142,7.79e-04,0.5658,316.1109,0.55400,913.87681,0.71429,0.72304,2332.87396,1.53313,-0.03214,-0.22941,0.17016,-0.03022,0.40285,0.71950,-0.07164,0.15042,-0.04463,-0.06329,0.04868,0.25079,0.34568,2.22857,0.00000,1.00000,0.55861,0.64286,0.55556,0.00000,0.72841
1019,0.6541,5505024,1752,0.01845,5.41e-04,0.5658,297.5685,0.55400,814.31663,0.88000,0.72690,2403.23967,1.47875,-0.03182,-0.23566,0.17336,-0.03074,0.40501,0.72273,-0.06931,0.14710,-0.05694,-0.06420,0.04701,0.24463,0.34560,2.60444,0.00000,1.00000,0.55989,0.56000,0.57143,0.00000,0.72802
1020,0.6554,5513216,1757,0.01538,3.76e-04,0.5659,292.4957,0.55400,748.07163,0.72222,0.71900,2270.86891,1.52207,-0.03184,-0.22342,0.18009,-0.02940,0.40750,0.71489,-0.06942,0.15301,-0.03857,-0.06289,0.04800,0.25525,0.34501,2.20200,0.50000,2.00000,0.55989,0.61111,0.54545,0.00000,0.72504
1021,0.6568,5521408,1710,0.01030,5.41e-04,0.5659,270.5448,0.55400,641.66623,0.83333,0.71584,2217.38906,1.52995,-0.03207,-0.21848,0.18147,-0.02906,0.40794,0.71266,-0.07154,0.15007,-0.03807,-0.06252,0.04938,0.25244,0.34633,1.69000,0.00000,3.00000,0.55608,0.44444,0.50000,0.00000,0.73166
1022,0.6580,5529600,1779,0.01246,5.41e-04,0.5659,247.1344,0.55400,928.07589,0.62500,0.71638,2246.74676,1.46500,-0.03199,-0.22059,0.17550,-0.02278,0.39640,0.71309,-0.06872,0.13914,-0.04641,-0.06230,0.05036,0.23700,0.34245,2.18250,0.00000,0.00000,0.55608,0.68750,0.60000,0.00000,0.71223
1023,0.6594,5537792,1718,0.01408,4.51e-04,0.5660,236.0262,0.55400,551.88637,0.90909,0.69512,2286.89318,1.48226,-0.03189,-0.22539,0.17910,-0.02571,0.38895,0.69130,-0.06805,0.14168,-0.04586,-0.06227,0.04967,0.24207,0.33936,2.78333,0.00000,2.00000,0.55602,0.45455,0.50000,0.00000,0.69681
1024,0.6607,5545984,1777,0.01679,3.13e-04,0.5660,220.2870,0.55400,732.92548,0.85714,0.71208,2285.63558,1.49265,-0.03182,-0.22477,0.17791,-0.02851,0.40175,0.70889,-0.06921,0.14453,-0.04608,-0.06254,0.04949,0.24548,0.34375,3.18875,0.00000,0.00000,0.57264,0.76190,0.72222,0.00000,0.71873
1025,0.6620,5554176,1771,0.01440,2.61e-04,0.5660,198.0518,0.55400,940.01199,0.63636,0.70338,2304.01616,1.50602,-0.03172,-0.22676,0.18094,-0.02533,0.39729,0.69973,-0.06675,0.14585,-0.04845,-0.06260,0.05264,0.24957,0.34132,2.48857,0.00000,0.00000,0.57264,0.90909,0.85714,0.00000,0.70661
1026,0.6632,5562368,1829,0.00725,3.76e-04,0.5661,193.4484,0.55400,582.29788,0.93750,0.70054,2317.62398,1.52468,-0.03201,-0.22835,0.18155,-0.02547,0.39209,0.69580,-0.07174,0.14859,-0.04541,-0.06151,0.05136,0.25391,0.34054,2.47800,0.00000,2.00000,0.57538,0.43750,0.46154,0.00000,0.70268
1027,0.6645,5570560,1837,0.01303,3.13e-04,0.5661,212.9596,0.55400,696.13489,0.87500,0.72645,2364.38405,1.54000,-0.03171,-0.23275,0.18060,-0.02820,0.40837,0.72299,-0.06916,0.15139,-0.05087,-0.06248,0.05098,0.25830,0.34504,2.69333,0.00000,1.00000,0.57538,0.56250,0.53846,0.00000,0.72518
1028,0.6657,5578752,1797,0.00856,4.51e-04,0.5662,251.7159,0.55400,546.10391,0.86667,0.73740,2295.08397,1.59694,-0.03157,-0.22579,0.19314,-0.02747,0.42101,0.73419,-0.06930,0.15502,-0.04971,-0.06247,0.05259,0.26404,0.34769,2.74000,0.00000,3.00000,0.57002,0.46667,0.50000,0.00000,0.73843
1029,0.6670,5586944,1787,0.01017,5.41e-04,0.5663,227.4483,0.55400,839.77872,0.68421,0.72803,2257.67514,1.55801,-0.03213,-0.22154,0.19265,-0.02990,0.41204,0.72390,-0.06894,0.15061,-0.04115,-0.06209,0.05220,0.25958,0.34336,2.27000,0.00000,1.00000,0.57002,0.68421,0.66667,0.00000,0.71681
1030,0.6683,5595136,1754,0.01152,5.41e-04,0.5664,196.0166,0.55400,778.42812,0.80000,0.70725,2245.75858,1.51320,-0.03203,-0.22031,0.18215,-0.02472,0.40214,0.70430,-0.06936,0.14264,-0.04549,-0.06163,0.05197,0.24750,0.34034,2.54444,0.50000,3.00000,0.58444,0.60000,0.77778,0.00000,0.70169
1031,0.6696,5603328,1788,0.01198,6.49e-04,0.5665,299.5107,0.55400,885.12581,0.68750,0.72416,2295.73739,1.49918,-0.03149,-0.22509,0.17816,-0.02594,0.40707,0.72148,-0.06841,0.14479,-0.05598,-0.06225,0.04915,0.24872,0.34153,1.64600,0.00000,1.00000,0.58444,0.75000,0.70000,0.00000,0.70767
1032,0.6709,5611520,1760,0.01318,6.49e-04,0.5666,284.9920,0.55000,715.90941,0.93750,0.72833,2262.92253,1.53697,-0.03209,-0.22258,0.18124,-0.02750,0.41006,0.72511,-0.07158,0.14779,-0.03925,-0.06184,0.05014,0.25348,0.34370,1.73667,0.50000,4.00000,0.60219,0.62500,0.81818,0.00000,0.71850
1033,0.6721,5619712,1829,0.01422,5.41e-04,0.5666,227.2908,0.55000,819.69421,0.85714,0.73037,2344.97673,1.59835,-0.03192,-0.23005,0.19178,-0.02916,0.41339,0.72675,-0.07187,0.15793,-0.04748,-0.06237,0.05314,0.26715,0.34415,1.97091,0.50000,2.00000,0.60219,0.57143,0.60000,0.00000,0.72074
1034,0.6734,5627904,1829,0.01568,5.41e-04,0.5664,200.5988,0.55000,659.37069,0.80000,0.74986,2232.92413,1.67367,-0.03174,-0.21965,0.20044,-0.02702,0.42455,0.74662,-0.07272,0.16407,-0.04955,-0.06209,0.05651,0.27942,0.34813,2.04000,0.00000,1.00000,0.58959,0.46667,0.36364,0.00000,0.74064
1035,0.6747,5636096,1801,0.01469,4.51e-04,0.5663,251.3809,0.55000,738.33679,0.73077,0.75993,2149.03593,1.63172,-0.03220,-0.21120,0.19898,-0.02874,0.43001,0.75573,-0.07388,0.16401,-0.03713,-0.06255,0.05914,0.27942,0.35072,1.92571,0.50000,3.00000,0.58063,0.53846,0.50000,0.00000,0.75358
1036,0.6760,5644288,1741,0.01474,3.76e-04,0.5663,201.6990,0.55000,888.21552,0.72222,0.74495,2115.65102,1.64339,-0.03243,-0.20806,0.20006,-0.02858,0.42528,0.74160,-0.07061,0.16319,-0.03228,-0.06185,0.05621,0.27869,0.34959,3.05333,0.50000,2.00000,0.58063,0.72222,0.90909,0.00000,0.74797
1037,0.6772,5652480,1796,0.01128,3.76e-04,0.5664,246.4698,0.55000,705.69860,0.84211,0.74356,2115.41766,1.64856,-0.03241,-0.20841,0.19678,-0.02840,0.42275,0.73943,-0.07042,0.16406,-0.03050,-0.06201,0.05772,0.28137,0.34988,2.66462,0.50000,1.00000,0.59180,0.52632,0.53333,0.00000,0.74941
1038,0.6785,5660672,1767,0.01256,3.76e-04,0.5665,199.6416,0.55000,786.78177,0.72727,0.73167,2128.07847,1.60853,-0.03252,-0.20935,0.19177,-0.02640,0.41280,0.72819,-0.07232,0.15744,-0.03427,-0.06116,0.05514,0.26978,0.34631,3.75000,0.00000,0.00000,0.59180,0.72727,0.62500,0.00000,0.73153
1039,0.6798,5668864,1743,0.01082,5.41e-04,0.5666,233.2790,0.54600,898.26630,0.62500,0.72102,2147.36114,1.63105,-0.03245,-0.21165,0.20200,-0.03070,0.41029,0.71722,-0.07128,0.16043,-0.03618,-0.06162,0.05486,0.27588,0.34521,2.81250,0.00000,2.00000,0.61387,0.81250,1.00000,0.00000,0.72607
1040,0.6812,5677056,1744,0.01697,3.76e-04,0.5666,181.3136,0.54600,804.90534,0.66667,0.73990,2215.71783,1.61926,-0.03239,-0.21777,0.20365,-0.02668,0.41522,0.73603,-0.07262,0.15807,-0.03463,-0.06216,0.05450,0.27405,0.34731,3.51500,0.00000,0.00000,0.61387,0.53333,0.30000,0.00000,0.73657
1041,0.6825,5685248,1703,0.01424,3.13e-04,0.5667,252.8538,0.54200,875.58575,0.78571,0.73071,2185.23959,1.66327,-0.03248,-0.21561,0.20203,-0.02708,0.41318,0.72636,-0.07309,0.16170,-0.02375,-0.06222,0.05649,0.27844,0.34483,2.96222,0.00000,1.00000,0.60748,0.78571,0.80000,0.00000,0.72413
1042,0.6838,5693440,1713,0.01256,3.76e-04,0.5667,190.0373,0.54200,816.12879,0.75000,0.73080,2177.35237,1.61198,-0.03227,-0.21434,0.19698,-0.02607,0.41294,0.72637,-0.07081,0.15677,-0.03743,-0.06232,0.05475,0.26953,0.34446,2.69091,0.50000,1.00000,0.60748,0.68750,0.63636,0.00000,0.72232
1043,0.6857,5701632,1233,0.01723,3.13e-04,0.5668,187.0859,0.53800,770.44432,0.75000,0.71788,2184.07841,1.53012,-0.03281,-0.21470,0.18849,-0.02343,0.39916,0.71488,-0.07257,0.14729,-0.03992,-0.06157,0.05393,0.25464,0.34313,2.64600,0.50000,2.00000,0.60864,0.62500,0.60000,0.00000,0.71567
1044,0.6870,5709824,1776,0.01375,3.13e-04,0.5668,184.5743,0.53800,876.21776,0.80952,0.71398,2153.05906,1.53209,-0.03240,-0.21236,0.18809,-0.02507,0.40058,0.70992,-0.07117,0.14846,-0.03910,-0.06146,0.05314,0.25616,0.34319,2.05857,0.00000,3.00000,0.60864,0.71429,0.85714,0.00000,0.71597
1045,0.6883,5718016,1755,0.01009,3.76e-04,0.5668,208.0718,0.53400,661.98806,0.84615,0.72700,2108.12973,1.55323,-0.03240,-0.20760,0.18997,-0.02566,0.40450,0.72329,-0.07373,0.14928,-0.03986,-0.06111,0.05322,0.25879,0.34384,3.00333,0.00000,1.00000,0.61861,0.53846,0.50000,0.00000,0.71920
1046,0.6896,5726208,1727,0.01671,3.76e-04,0.5667,190.1956,0.53400,930.88457,0.64706,0.73242,2118.19707,1.61381,-0.03216,-0.20863,0.19421,-0.02876,0.41343,0.72874,-0.07188,0.15439,-0.03141,-0.06257,0.05444,0.26624,0.34582,2.36000,0.00000,3.00000,0.61861,0.70588,0.75000,0.00000,0.72912
1047,0.6909,5734400,1696,0.01438,3.13e-04,0.5668,259.7868,0.53000,771.64816,0.72222,0.73383,2193.05287,1.60101,-0.03238,-0.21634,0.19118,-0.02605,0.41173,0.72940,-0.07422,0.15490,-0.04041,-0.06208,0.05574,0.26740,0.34393,2.34200,0.00000,2.00000,0.61990,0.55556,0.54545,0.00000,0.71966
1048,0.6922,5742592,1844,0.01257,3.76e-04,0.5669,216.5335,0.53000,675.06578,0.71429,0.74632,2233.34882,1.62086,-0.03265,-0.21972,0.19792,-0.02776,0.42101,0.74177,-0.07479,0.15716,-0.04061,-0.06243,0.05584,0.27063,0.34803,2.00250,0.75000,4.00000,0.61990,0.57143,0.66667,0.00000,0.74014
1049,0.6934,5750784,1945,0.01954,2.61e-04,0.5670,234.4189,0.53000,990.57087,0.58333,0.74522,2215.11365,1.65759,-0.03232,-0.21813,0.20374,-0.02759,0.42276,0.74091,-0.07394,0.16008,-0.04618,-0.06144,0.05707,0.27588,0.34760,2.12667,0.50000,1.00000,0.61990,0.83333,0.83333,0.00000,0.73799
1050,0.6946,5758976,1854,0.01170,3.13e-04,0.5671,172.8150,0.52600,838.44794,0.76000,0.74643,2172.43248,1.63237,-0.03245,-0.21377,0.19429,-0.02842,0.41785,0.74161,-0.07265,0.15841,-0.02949,-0.06196,0.05500,0.27271,0.34779,2.70000,0.00000,1.00000,0.63125,0.76000,0.72222,0.00000,0.73897
1051,0.6958,5767168,1885,0.01300,3.13e-04,0.5673,233.7720,0.52600,703.06021,0.87500,0.71769,2167.57434,1.49643,-0.03248,-0.21339,0.17671,-0.02517,0.40460,0.71418,-0.07133,0.14413,-0.02622,-0.06261,0.04931,0.24640,0.34427,3.33818,0.00000,2.00000,0.63125,0.75000,0.83333,0.00000,0.72137
1052,0.6971,5775360,1793,0.01681,2.17e-04,0.5673,287.3388,0.52200,801.69377,0.72222,0.70278,2246.41067,1.44716,-0.03221,-0.22021,0.17810,-0.02850,0.39425,0.69924,-0.06920,0.14235,-0.04938,-0.06374,0.04376,0.24426,0.34266,2.73333,0.00000,3.00000,0.64540,0.66667,0.70000,0.00000,0.71332
1053,0.6984,5783552,1771,0.01336,2.17e-04,0.5673,378.1810,0.52200,773.33666,0.73684,0.71229,2239.90584,1.44280,-0.03247,-0.21947,0.17995,-0.02666,0.39748,0.70860,-0.06845,0.14106,-0.05635,-0.06392,0.04586,0.24268,0.34212,2.67111,0.00000,0.00000,0.64540,0.52632,0.35714,0.00000,0.71059
1054,0.6996,5791744,1788,0.00770,3.13e-04,0.5673,244.5481,0.51800,963.48650,0.75000,0.69600,2308.00004,1.43481,-0.03277,-0.22683,0.16940,-0.02459,0.38965,0.69212,-0.07205,0.13526,-0.04947,-0.06296,0.04657,0.23462,0.34039,2.22250,0.00000,1.00000,0.63086,0.75000,0.75000,0.00000,0.70194
1055,0.7009,5799936,1787,0.01244,3.13e-04,0.5673,237.3250,0.51400,803.29302,0.94737,0.71366,2347.51609,1.44673,-0.03237,-0.23010,0.16557,-0.02540,0.39623,0.70980,-0.07365,0.13746,-0.05187,-0.06267,0.04637,0.23816,0.34102,2.03200,0.00000,1.00000,0.62071,0.52632,0.52941,0.00000,0.70511
1056,0.7022,5808128,1818,0.01194,3.13e-04,0.5673,172.9731,0.51400,1059.29401,0.61538,0.71399,2324.60826,1.46389,-0.03292,-0.22798,0.17229,-0.02689,0.39715,0.71041,-0.07448,0.14011,-0.04994,-0.06277,0.04699,0.24359,0.34317,1.78750,0.00000,0.00000,0.62071,0.84615,0.75000,0.00000,0.71587
1057,0.7034,5816320,1807,0.01490,2.61e-04,0.5673,192.8806,0.51000,593.71078,1.00000,0.69526,2260.95895,1.48757,-0.03242,-0.22282,0.17970,-0.02455,0.38324,0.69119,-0.07416,0.14348,-0.04083,-0.06240,0.04863,0.24811,0.33863,3.54500,0.00000,1.00000,0.62531,0.54545,0.60000,0.00000,0.69316
1058,0.7047,5824512,1851,0.01016,3.76e-04,0.5674,222.0651,0.51000,727.60944,0.80000,0.69769,2188.62391,1.48140,-0.03204,-0.21562,0.17964,-0.02355,0.39164,0.69397,-0.07196,0.13722,-0.03232,-0.06180,0.04837,0.23840,0.33942,3.58000,0.00000,2.00000,0.62531,0.70000,0.71429,0.00000,0.69712
1059,0.7059,5832704,1834,0.01932,3.13e-04,0.5674,203.5685,0.50600,749.14339,0.92857,0.70967,2246.90202,1.52443,-0.03208,-0.22121,0.18951,-0.02662,0.40078,0.70515,-0.07101,0.14364,-0.03100,-0.06221,0.04649,0.25018,0.34020,1.99778,0.00000,2.00000,0.63478,0.64286,0.72727,0.00000,0.70099
1060,0.7071,5840896,1949,0.01200,3.13e-04,0.5675,222.6270,0.50600,657.56901,0.88889,0.71977,2300.72902,1.54970,-0.03245,-0.22643,0.19285,-0.02955,0.40490,0.71578,-0.07291,0.15119,-0.03883,-0.06223,0.04763,0.26013,0.34439,2.61556,0.00000,2.00000,0.63478,0.50000,0.57143,0.00000,0.72195
1061,0.7083,5849088,1837,0.01819,2.17e-04,0.5676,263.6774,0.50200,632.45902,0.80000,0.73005,2246.16485,1.56918,-0.03264,-0.22112,0.19352,-0.02859,0.40730,0.72547,-0.07413,0.15010,-0.03555,-0.06211,0.04756,0.25977,0.34632,3.23333,0.00000,2.00000,0.62547,0.53333,0.50000,0.00000,0.73161
1062,0.7096,5857280,1820,0.00994,3.13e-04,0.5677,273.4576,0.50200,953.04499,0.62500,0.72525,2219.29954,1.49172,-0.03272,-0.21831,0.18297,-0.02604,0.40364,0.72109,-0.07469,0.14270,-0.05029,-0.06175,0.04693,0.24841,0.34497,2.68000,0.50000,2.00000,0.62547,0.81250,0.87500,0.00000,0.72484
1063,0.7108,5865472,1836,0.01069,3.76e-04,0.5677,210.2006,0.49800,636.40495,0.85000,0.70650,2279.47960,1.44621,-0.03282,-0.22413,0.17507,-0.02685,0.38942,0.70291,-0.07337,0.13917,-0.04228,-0.06274,0.04361,0.23962,0.34091,2.34400,0.50000,4.00000,0.62959,0.45000,0.53846,0.00000,0.70456
1064,0.7121,5873664,1823,0.01293,4.51e-04,0.5678,243.8242,0.49800,617.57306,1.00000,0.71516,2250.18232,1.53308,-0.03290,-0.22131,0.18884,-0.02816,0.39757,0.71105,-0.07321,0.14606,-0.03482,-0.06132,0.04588,0.25342,0.34262,1.96364,0.50000,2.00000,0.62959,0.46154,0.54545,0.00000,0.71309
1065,0.7133,5881856,1822,0.00875,6.49e-04,0.5679,256.2249,0.49400,701.80765,1.00000,0.72114,2293.32678,1.56790,-0.03306,-0.22517,0.19269,-0.02837,0.40888,0.71598,-0.07420,0.15113,-0.04300,-0.06199,0.04768,0.26276,0.34613,3.15000,0.00000,1.00000,0.63619,0.76923,0.83333,0.00000,0.73065
1066,0.7146,5890048,1763,0.01379,6.49e-04,0.5680,272.3323,0.49000,716.93265,0.88000,0.73377,2267.16817,1.48547,-0.03314,-0.22217,0.17964,-0.03014,0.41495,0.72885,-0.07510,0.14329,-0.04861,-0.06220,0.04450,0.24640,0.34700,2.16706,0.00000,1.00000,0.61543,0.44000,0.42857,0.00000,0.73499
1067,0.7159,5898240,1768,0.01456,5.41e-04,0.5681,224.0440,0.49000,712.73428,0.83333,0.72369,2244.32736,1.48848,-0.03344,-0.22009,0.18067,-0.02859,0.40918,0.71856,-0.07256,0.14599,-0.04348,-0.06239,0.04604,0.25183,0.34712,2.37833,0.50000,3.00000,0.61543,0.50000,0.50000,0.00000,0.73561
1068,0.7171,5906432,1895,0.01777,3.76e-04,0.5681,255.2246,0.48600,733.70786,0.85000,0.71066,2260.01321,1.46775,-0.03307,-0.22211,0.18182,-0.02574,0.39839,0.70583,-0.07219,0.13969,-0.04204,-0.06264,0.04564,0.24304,0.34343,2.59385,0.00000,2.00000,0.60944,0.55000,0.60000,0.00000,0.71713
1069,0.7184,5914624,1830,0.02582,2.61e-04,0.5681,218.9942,0.48600,789.94948,1.00000,0.70628,2239.27928,1.47946,-0.03270,-0.21999,0.18327,-0.02548,0.39462,0.70124,-0.07050,0.14202,-0.03477,-0.06241,0.04393,0.24518,0.34076,3.10167,0.00000,0.00000,0.60944,0.84615,0.84615,0.00000,0.70382
1070,0.7196,5922816,1817,0.00961,3.76e-04,0.5681,198.5836,0.48200,736.35396,0.78571,0.70830,2297.12538,1.55047,-0.03297,-0.22579,0.19587,-0.03114,0.39588,0.70306,-0.07354,0.15117,-0.03867,-0.06200,0.04638,0.25983,0.34100,3.02857,0.00000,2.00000,0.61668,0.50000,0.44444,0.00000,0.70501
1071,0.7208,5931008,1875,0.01320,3.76e-04,0.5680,216.8278,0.48200,787.37268,0.88235,0.70900,2299.44927,1.48778,-0.03275,-0.22577,0.18798,-0.02931,0.40337,0.70495,-0.07230,0.14677,-0.05241,-0.06238,0.04495,0.25079,0.34461,2.39000,0.00000,0.00000,0.61668,0.58824,0.53333,0.00000,0.72304
1072,0.7221,5939200,1758,0.01199,3.76e-04,0.5680,246.6714,0.47800,871.79457,0.66667,0.72214,2356.69713,1.51392,-0.03311,-0.23096,0.19071,-0.03175,0.40061,0.71776,-0.07195,0.14851,-0.05086,-0.06298,0.04217,0.25513,0.34471,2.93333,0.00000,0.00000,0.60719,0.58333,0.50000,0.00000,0.72357
1073,0.7234,5947392,1781,0.01112,3.76e-04,0.5680,250.5481,0.47800,730.86989,0.76471,0.71381,2299.95394,1.49580,-0.03338,-0.22534,0.18622,-0.02956,0.39690,0.70989,-0.07270,0.14656,-0.04555,-0.06271,0.04173,0.25238,0.34525,2.66222,0.50000,2.00000,0.60719,0.64706,0.72727,0.00000,0.72627
1074,0.7247,5955584,1763,0.01683,3.13e-04,0.5680,262.6270,0.47400,871.93023,0.68750,0.70906,2352.55536,1.44034,-0.03358,-0.23118,0.17499,-0.02703,0.39292,0.70430,-0.07256,0.13891,-0.05857,-0.06324,0.04159,0.23914,0.34428,3.13250,0.00000,2.00000,0.62147,0.68750,0.77778,0.00000,0.72140
1075,0.7260,5963776,1833,0.01479,3.13e-04,0.5681,266.1903,0.47400,814.26262,0.78947,0.70356,2301.95128,1.47595,-0.03337,-0.22608,0.18285,-0.02591,0.38988,0.69857,-0.07311,0.13954,-0.04263,-0.06190,0.04241,0.24280,0.34358,2.32154,0.50000,2.00000,0.62147,0.42105,0.30769,0.00000,0.71791
1076,0.7272,5971968,1876,0.01846,2.17e-04,0.5681,285.6962,0.47400,737.80496,0.93750,0.70511,2283.96861,1.45533,-0.03341,-0.22428,0.18105,-0.02683,0.38513,0.70093,-0.07575,0.13792,-0.03305,-0.06129,0.04273,0.24017,0.34354,2.39385,0.00000,2.00000,0.59778,0.43750,0.46154,0.00000,0.71770
1077,0.7285,5980160,1795,0.00711,3.13e-04,0.5681,251.6195,0.47400,690.16606,0.93333,0.70167,2258.62787,1.46436,-0.03303,-0.22244,0.18241,-0.02813,0.38554,0.69793,-0.07348,0.13935,-0.04034,-0.06164,0.04484,0.24213,0.34358,3.12000,0.00000,2.00000,0.59778,0.60000,0.66667,0.00000,0.71792
1078,0.7297,5988352,1799,0.01164,3.13e-04,0.5682,182.8793,0.47000,743.01371,0.93333,0.71335,2276.31010,1.48035,-0.03285,-0.22305,0.18492,-0.02614,0.39698,0.70919,-0.06993,0.14092,-0.05745,-0.06187,0.04435,0.24487,0.34552,2.15273,0.00000,1.00000,0.60600,0.66667,0.69231,0.00000,0.72759
1079,0.7310,5996544,1838,0.01246,3.13e-04,0.5682,314.6091,0.47000,732.66495,0.77778,0.72047,2233.69321,1.51323,-0.03338,-0.21970,0.18706,-0.02860,0.40117,0.71521,-0.07063,0.14552,-0.03746,-0.06213,0.04375,0.25085,0.34577,2.16000,0.50000,6.00000,0.60600,0.38889,0.50000,0.00000,0.72885
1080,0.7323,6004736,1795,0.01301,3.13e-04,0.5683,255.0693,0.46600,827.85325,0.83333,0.71926,2290.78079,1.55760,-0.03329,-0.22531,0.19221,-0.02762,0.40025,0.71334,-0.07469,0.14920,-0.03385,-0.06206,0.04506,0.25854,0.34441,1.94250,0.00000,0.00000,0.60651,0.75000,0.70000,0.00000,0.72204
1081,0.7335,6012928,1813,0.00727,4.51e-04,0.5683,217.4747,0.46600,653.60048,0.88235,0.70757,2395.18852,1.44841,-0.03328,-0.23553,0.17863,-0.02823,0.38627,0.70275,-0.07248,0.13778,-0.04273,-0.06301,0.04075,0.23993,0.34005,4.38727,0.00000,1.00000,0.60651,0.70588,0.71429,0.00000,0.70026
1082,0.7348,6021120,1776,0.00809,6.49e-04,0.5684,212.0617,0.46200,631.36868,0.95652,0.70919,2275.91082,1.38229,-0.03305,-0.22351,0.17427,-0.03049,0.38849,0.70408,-0.07069,0.13366,-0.04068,-0.06255,0.03881,0.23120,0.34131,2.09067,0.50000,3.00000,0.60647,0.43478,0.52632,0.00000,0.70655
1083,0.7361,6029312,1796,0.01409,5.41e-04,0.5685,342.4058,0.46200,742.44472,0.84211,0.68352,2303.09525,1.33040,-0.03335,-0.22624,0.16493,-0.02669,0.37364,0.67868,-0.06935,0.12837,-0.03817,-0.06279,0.03721,0.22205,0.33547,3.07167,0.00000,3.00000,0.60647,0.57895,0.61538,0.00000,0.67733
1084,0.7373,6037504,1801,0.01051,7.79e-04,0.5685,321.6791,0.46200,797.06774,0.78947,0.67271,2297.98346,1.28997,-0.03325,-0.22572,0.15599,-0.02574,0.36576,0.66753,-0.06898,0.12280,-0.03142,-0.06264,0.03490,0.21198,0.33373,2.67667,0.00000,0.00000,0.59939,0.57895,0.46667,0.00000,0.66863
1085,0.7386,6045696,1791,0.01898,5.41e-04,0.5685,223.2770,0.46200,705.10228,0.72727,0.65959,2359.14880,1.26315,-0.03390,-0.23168,0.15449,-0.02520,0.35073,0.65431,-0.07318,0.12050,-0.04344,-0.06215,0.03385,0.20825,0.32852,2.72857,0.00000,0.00000,0.59939,0.27273,0.00000,0.00000,0.64259
1086,0.7399,6053888,1834,0.01509,4.51e-04,0.5685,331.1054,0.46200,680.31644,0.82353,0.67855,2545.27081,1.30601,-0.03345,-0.24962,0.15874,-0.02557,0.36359,0.67343,-0.07235,0.12275,-0.05834,-0.06314,0.03547,0.21332,0.33154,3.31000,0.00000,2.00000,0.55945,0.41176,0.33333,0.00000,0.65769
1087,0.7411,6062080,1810,0.01228,4.51e-04,0.5686,326.9114,0.46200,754.76129,0.86667,0.69650,2446.11949,1.32681,-0.03343,-0.23948,0.15730,-0.02551,0.37627,0.69086,-0.07157,0.11921,-0.05170,-0.06253,0.03387,0.20703,0.33518,2.32182,0.00000,0.00000,0.55945,0.60000,0.53846,0.00000,0.67592
1088,0.7424,6070272,1740,0.00951,5.41e-04,0.5685,250.8202,0.46200,684.07865,1.00000,0.67846,2482.03324,1.38289,-0.03342,-0.24354,0.17351,-0.02836,0.36660,0.67247,-0.07237,0.13144,-0.05048,-0.06253,0.03721,0.22894,0.33435,1.97800,0.00000,1.00000,0.55351,0.41667,0.45455,0.00000,0.67176
1089,0.7438,6078464,1729,0.02070,5.41e-04,0.5685,249.5249,0.46200,819.82466,0.70588,0.68816,2456.50901,1.34967,-0.03326,-0.24028,0.17022,-0.02597,0.37255,0.68194,-0.07216,0.12770,-0.06478,-0.06294,0.03663,0.22223,0.33703,3.38222,0.00000,1.00000,0.55351,0.47059,0.45455,0.00000,0.68513
1090,0.7450,6086656,1789,0.02919,3.13e-04,0.5685,302.8407,0.46200,728.74478,0.80000,0.67452,2370.25839,1.30118,-0.03365,-0.23254,0.16400,-0.02704,0.36605,0.66979,-0.07221,0.12393,-0.05303,-0.06210,0.03471,0.21619,0.33344,2.65429,0.00000,3.00000,0.54816,0.46667,0.55556,0.00000,0.66722
1091,0.7463,6094848,1785,0.01167,3.13e-04,0.5685,218.0811,0.46200,757.66622,0.77273,0.67116,2380.67190,1.27170,-0.03349,-0.23364,0.15707,-0.02413,0.36181,0.66563,-0.06907,0.12025,-0.05615,-0.06226,0.03341,0.20978,0.33301,2.70000,0.00000,2.00000,0.54816,0.50000,0.40000,0.00000,0.66503
1092,0.7476,6103040,1729,0.01311,3.76e-04,0.5685,242.0853,0.46200,540.45179,1.00000,0.66761,2334.79547,1.30183,-0.03336,-0.22961,0.16199,-0.02712,0.36201,0.66323,-0.07050,0.12289,-0.03353,-0.06154,0.03371,0.21405,0.33362,1.58667,0.50000,1.00000,0.53779,0.46154,0.50000,0.00000,0.66808
1093,0.7489,6111232,1771,0.01065,5.41e-04,0.5687,224.6472,0.46200,694.58802,0.88889,0.66701,2379.08512,1.32135,-0.03323,-0.23395,0.16435,-0.02738,0.36036,0.66157,-0.07075,0.12572,-0.04488,-0.06174,0.03602,0.21747,0.33268,2.79455,0.00000,3.00000,0.53779,0.55556,0.61538,0.00000,0.66338
1094,0.7502,6119424,1825,0.01325,5.41e-04,0.5689,227.9259,0.46200,633.09599,0.77778,0.66682,2393.92882,1.28065,-0.03340,-0.23529,0.15474,-0.02603,0.36494,0.66180,-0.07129,0.12104,-0.04660,-0.06329,0.03607,0.20874,0.33408,3.29500,0.00000,2.00000,0.53601,0.50000,0.41667,0.00000,0.67040
1095,0.7514,6127616,1837,0.01298,6.49e-04,0.5690,256.1621,0.46200,517.36621,0.91667,0.65343,2427.07359,1.25759,-0.03369,-0.23823,0.15381,-0.02342,0.35901,0.64871,-0.07190,0.11933,-0.04965,-0.06356,0.03385,0.20563,0.33243,2.31143,0.50000,4.00000,0.53601,0.41667,0.57143,0.00000,0.66215
1096,0.7527,6135808,1787,0.01283,7.79e-04,0.5691,248.6753,0.46200,570.78411,1.00000,0.67156,2452.32676,1.27334,-0.03347,-0.23980,0.15698,-0.02566,0.36382,0.66762,-0.07305,0.11896,-0.06296,-0.06360,0.03320,0.20905,0.33395,2.36182,0.00000,1.00000,0.53241,0.42857,0.46154,0.00000,0.66975
1097,0.7540,6144000,1817,0.01576,6.49e-04,0.5692,299.1964,0.46200,636.57520,0.92000,0.67734,2324.37962,1.26112,-0.03379,-0.22833,0.15269,-0.02701,0.36919,0.67309,-0.07213,0.11595,-0.05421,-0.06374,0.03390,0.20453,0.33607,2.55765,0.50000,1.00000,0.52462,0.40000,0.45455,0.00000,0.68036
1098,0.7552,6152192,1796,0.02520,3.76e-04,0.5693,264.9315,0.46200,684.31085,0.94118,0.67804,2387.64118,1.28987,-0.03407,-0.23422,0.15691,-0.02447,0.36767,0.67309,-0.07410,0.12039,-0.04163,-0.06320,0.03543,0.20892,0.33582,2.51333,0.00000,2.00000,0.52462,0.35294,0.35714,0.00000,0.67909
1099,0.7565,6160384,1797,0.07980,2.17e-04,0.5693,325.3628,0.46200,556.17475,0.94118,0.67985,2413.77172,1.27175,-0.03355,-0.23719,0.15216,-0.02403,0.37132,0.67585,-0.07357,0.11868,-0.05329,-0.06343,0.03411,0.20544,0.33662,2.34500,0.50000,3.00000,0.51660,0.47059,0.53846,0.00000,0.68309
1100,0.7578,6168576,1737,0.03462,1.26e-04,0.5693,309.1728,0.46200,758.99644,0.88889,0.69972,2523.43719,1.29091,-0.03401,-0.24645,0.15911,-0.02643,0.37971,0.69440,-0.07099,0.12364,-0.07288,-0.06385,0.03197,0.21436,0.34001,3.26923,0.00000,0.00000,0.52119,0.61111,0.56250,0.00000,0.70005
1101,0.7591,6176768,1830,0.01150,1.26e-04,0.5693,273.8240,0.46200,762.23066,0.90909,0.69034,2461.62023,1.36588,-0.03387,-0.24151,0.16673,-0.02902,0.37221,0.68454,-0.07253,0.13005,-0.05150,-0.06369,0.03505,0.22449,0.33835,1.46857,0.00000,1.00000,0.52119,0.27273,0.22222,0.00000,0.69174
1102,0.7603,6184960,1813,0.01186,1.26e-04,0.5693,297.9225,0.46200,740.48866,0.80000,0.70828,2380.25131,1.40180,-0.03354,-0.23404,0.16959,-0.02965,0.39005,0.70265,-0.07473,0.13313,-0.04298,-0.06317,0.03652,0.23199,0.34479,3.46154,0.00000,1.00000,0.51491,0.60000,0.60000,0.00000,0.72397
1103,0.7616,6193152,1775,0.00712,1.81e-04,0.5693,211.3177,0.46200,805.17208,0.75000,0.70553,2417.70465,1.35237,-0.03397,-0.23731,0.16462,-0.02941,0.38434,0.70091,-0.07384,0.12742,-0.05967,-0.06297,0.03649,0.22223,0.34134,1.65143,0.00000,0.00000,0.51491,0.50000,0.33333,0.00000,0.70668
1104,0.7629,6201344,1771,0.00704,2.61e-04,0.5693,222.5947,0.46200,436.00053,0.92857,0.69613,2473.40603,1.35574,-0.03390,-0.24216,0.16877,-0.02787,0.37751,0.69176,-0.07268,0.12972,-0.06254,-0.06310,0.03560,0.22687,0.33753,2.62000,0.00000,2.00000,0.49342,0.28571,0.27273,0.00000,0.68763
1105,0.7642,6209536,1760,0.01369,2.17e-04,0.5693,251.8939,0.46200,648.81411,0.88235,0.69731,2369.27155,1.39641,-0.03416,-0.23264,0.17638,-0.02739,0.37869,0.69254,-0.07311,0.13567,-0.04841,-0.06288,0.03821,0.23615,0.33961,2.42444,0.00000,1.00000,0.49342,0.41176,0.35714,0.00000,0.69807
1106,0.7655,6217728,1712,0.01386,2.17e-04,0.5693,256.4927,0.46200,489.81449,0.87500,0.69087,2346.36428,1.36816,-0.03364,-0.23029,0.17089,-0.02716,0.37862,0.68638,-0.07552,0.12913,-0.05288,-0.06285,0.03925,0.22687,0.33786,4.20500,0.50000,3.00000,0.48807,0.43750,0.54545,0.00000,0.68930
1107,0.7668,6225920,1799,0.00953,2.61e-04,0.5693,192.6033,0.46200,580.78746,0.94444,0.71500,2369.10356,1.40880,-0.03333,-0.23277,0.18031,-0.03106,0.39623,0.70966,-0.07156,0.13699,-0.06170,-0.06344,0.03776,0.23846,0.34165,3.18923,0.00000,1.00000,0.48302,0.44444,0.43750,0.00000,0.70827
1108,0.7681,6234112,1787,0.00871,3.76e-04,0.5692,199.5928,0.46200,810.09432,0.78571,0.71356,2321.51019,1.46023,-0.03402,-0.22716,0.18479,-0.02771,0.39695,0.70922,-0.07411,0.14214,-0.05081,-0.06274,0.04156,0.24756,0.34060,1.64889,0.00000,2.00000,0.48302,0.50000,0.44444,0.00000,0.70299
1109,0.7694,6242304,1810,0.01624,2.61e-04,0.5692,242.7422,0.46200,765.10372,1.00000,0.69950,2418.57252,1.41804,-0.03441,-0.23687,0.17830,-0.02568,0.39167,0.69489,-0.07461,0.13788,-0.05437,-0.06269,0.03915,0.23920,0.34040,2.57733,0.50000,2.00000,0.50555,0.76471,0.86667,0.00000,0.70198
1110,0.7706,6250496,1836,0.01091,3.13e-04,0.5692,224.3939,0.46200,615.49668,0.88235,0.71158,2424.42825,1.44898,-0.03412,-0.23827,0.18141,-0.02590,0.39604,0.70751,-0.07288,0.13737,-0.04746,-0.06322,0.03815,0.23779,0.34214,2.30800,0.00000,4.00000,0.50555,0.41176,0.45455,0.00000,0.71068
1111,0.7719,6258688,1825,0.01669,2.61e-04,0.5692,287.3375,0.46200,644.26807,0.92308,0.71743,2389.49356,1.50073,-0.03404,-0.23476,0.18624,-0.02807,0.40122,0.71247,-0.07641,0.14295,-0.04907,-0.06229,0.04214,0.24951,0.34175,3.29778,0.00000,2.00000,0.51690,0.69231,0.80000,0.00000,0.70876
1112,0.7731,6266880,1824,0.01305,2.61e-04,0.5692,191.0321,0.46200,820.55633,0.85714,0.71622,2306.21559,1.52567,-0.03377,-0.22602,0.19271,-0.02648,0.40171,0.71169,-0.07507,0.14646,-0.04957,-0.06229,0.04369,0.25610,0.34251,2.38889,0.00000,1.00000,0.51690,0.57143,0.54545,0.00000,0.71254
1113,0.7744,6275072,1820,0.00873,3.76e-04,0.5692,263.1765,0.46200,800.27443,0.75000,0.72515,2216.74358,1.44667,-0.03380,-0.21767,0.18331,-0.02699,0.40329,0.72092,-0.07321,0.13905,-0.05231,-0.06267,0.04228,0.24353,0.34163,2.87222,0.50000,2.00000,0.52188,0.60714,0.57895,0.00000,0.70815
1114,0.7756,6283264,1844,0.01768,2.61e-04,0.5692,275.7061,0.46200,665.91024,0.86667,0.72030,2290.30766,1.48072,-0.03398,-0.22412,0.19120,-0.02643,0.40317,0.71415,-0.07209,0.14511,-0.06600,-0.06245,0.04630,0.25293,0.34145,2.86000,0.00000,2.00000,0.52188,0.33333,0.45455,0.00000,0.70725
1115,0.7768,6291456,1867,0.01306,2.61e-04,0.5691,189.0184,0.46200,700.09489,0.86364,0.70710,2274.63989,1.49921,-0.03406,-0.22342,0.19269,-0.02977,0.39547,0.70212,-0.07304,0.14941,-0.04164,-0.06238,0.04609,0.25720,0.34019,2.37250,0.00000,2.00000,0.52326,0.59091,0.58824,0.00000,0.70093
1116,0.7781,6299648,1815,0.01390,2.61e-04,0.5691,324.8970,0.46200,952.27216,0.63636,0.69631,2291.87385,1.43726,-0.03410,-0.22482,0.18585,-0.02653,0.38908,0.69189,-0.07358,0.14054,-0.04949,-0.06212,0.04349,0.24500,0.34062,3.37714,0.00000,0.00000,0.52326,0.90909,0.85714,0.00000,0.70309
1117,0.7793,6307840,1809,0.01636,1.81e-04,0.5691,219.0837,0.46200,679.90250,1.00000,0.68994,2372.74304,1.44605,-0.03378,-0.23286,0.18204,-0.02587,0.38342,0.68443,-0.07424,0.13750,-0.04454,-0.06236,0.04309,0.23981,0.33778,3.34857,0.50000,2.00000,0.55189,0.68750,0.78571,0.00000,0.68891
1118,0.7806,6316032,1817,0.01320,2.17e-04,0.5691,162.6052,0.46200,756.88405,0.86667,0.69943,2417.84051,1.41993,-0.03350,-0.23678,0.17932,-0.02672,0.38569,0.69507,-0.07257,0.13719,-0.05047,-0.06365,0.04291,0.23596,0.33984,3.48500,0.00000,0.00000,0.55189,0.53333,0.53846,0.00000,0.69919
1119,0.7818,6324224,1848,0.00947,2.61e-04,0.5691,210.9576,0.46200,605.62586,0.92857,0.69544,2362.99575,1.43874,-0.03366,-0.23164,0.18237,-0.02659,0.38257,0.69074,-0.07354,0.14002,-0.05486,-0.06183,0.04150,0.24103,0.33742,2.93111,0.00000,1.00000,0.55270,0.57143,0.58333,0.00000,0.68712
1120,0.7831,6332416,1780,0.01764,1.81e-04,0.5691,202.7901,0.46200,726.11658,0.93333,0.70337,2358.40064,1.47906,-0.03349,-0.23095,0.18468,-0.02770,0.38782,0.69952,-0.07400,0.14494,-0.04746,-0.06295,0.04313,0.24835,0.34081,2.76000,0.50000,1.00000,0.55270,0.46667,0.53846,0.00000,0.70405
1121,0.7843,6340608,1880,0.01277,1.51e-04,0.5691,238.9685,0.46200,909.65237,0.75000,0.71979,2357.51146,1.46918,-0.03413,-0.23106,0.18421,-0.02650,0.39799,0.71611,-0.07710,0.14235,-0.05584,-0.06303,0.04356,0.24585,0.34498,1.98400,0.00000,2.00000,0.55830,0.68750,0.70000,0.00000,0.72492
1122,0.7856,6348800,1827,0.01038,2.17e-04,0.5691,260.1377,0.46200,684.23744,0.95238,0.71613,2424.73539,1.44740,-0.03417,-0.23714,0.18477,-0.02697,0.39801,0.71249,-0.07606,0.14212,-0.06719,-0.06344,0.04016,0.24530,0.34345,2.77600,0.00000,2.00000,0.55802,0.52381,0.55556,0.00000,0.71724
1123,0.7868,6356992,1830,0.00950,3.13e-04,0.5691,271.0220,0.46200,621.42618,0.78571,0.73280,2297.36515,1.50484,-0.03405,-0.22527,0.18876,-0.02793,0.40418,0.72881,-0.07630,0.14686,-0.05870,-0.06268,0.04315,0.25354,0.34482,2.52333,0.50000,2.00000,0.55802,0.42857,0.44444,0.00000,0.72411
1124,0.7881,6365184,1805,0.01179,3.13e-04,0.5692,279.7513,0.46200,723.67065,0.88235,0.72719,2345.01840,1.52742,-0.03415,-0.22917,0.19313,-0.02991,0.40066,0.72270,-0.07547,0.15062,-0.04913,-0.06245,0.04303,0.25958,0.34428,3.10167,0.00000,3.00000,0.56413,0.64706,0.75000,0.00000,0.72142
1125,0.7894,6373376,1826,0.01546,2.61e-04,0.5693,226.1635,0.46200,801.16354,1.00000,0.71247,2256.00049,1.46862,-0.03426,-0.22151,0.18353,-0.02876,0.39491,0.70900,-0.07860,0.14317,-0.04310,-0.06269,0.04311,0.24664,0.34440,2.24267,0.00000,1.00000,0.56413,0.37500,0.40000,0.00000,0.72199
1126,0.7906,6381568,1813,0.00654,3.76e-04,0.5694,218.8388,0.46200,425.88119,0.92857,0.71246,2325.32544,1.46538,-0.03401,-0.22818,0.18687,-0.02664,0.39439,0.70855,-0.07751,0.14259,-0.04443,-0.06190,0.04512,0.24524,0.34326,3.80333,0.00000,5.00000,0.55554,0.42857,0.62500,0.00000,0.71628
1127,0.7919,6389760,1849,0.01471,3.13e-04,0.5694,295.4171,0.46200,625.58417,0.85714,0.72861,2364.70625,1.55091,-0.03370,-0.23244,0.19894,-0.03135,0.40295,0.72462,-0.07503,0.15262,-0.05619,-0.06264,0.04628,0.26306,0.34610,1.91750,0.00000,1.00000,0.55554,0.28571,0.18182,0.00000,0.73051
1128,0.7931,6397952,1853,0.01132,3.76e-04,0.5696,200.6892,0.46200,728.16522,0.91304,0.73344,2288.46988,1.59413,-0.03352,-0.22450,0.20585,-0.03133,0.40976,0.72940,-0.07539,0.15824,-0.05206,-0.06221,0.04784,0.27399,0.34923,2.80211,0.00000,1.00000,0.54192,0.56522,0.55000,0.00000,0.74615
1129,0.7944,6406144,1821,0.01789,3.13e-04,0.5697,242.2350,0.46200,728.23477,0.81250,0.73112,2223.52124,1.54149,-0.03384,-0.21846,0.19924,-0.02896,0.40944,0.72698,-0.07552,0.15169,-0.04643,-0.06232,0.04774,0.26019,0.34823,2.30500,0.00000,2.00000,0.54192,0.56250,0.54545,0.00000,0.74115
1130,0.7956,6414336,1791,0.01165,3.76e-04,0.5698,266.8988,0.46200,741.06707,0.77778,0.70418,2303.24472,1.42809,-0.03381,-0.22541,0.18190,-0.02716,0.39277,0.70083,-0.07433,0.14028,-0.05414,-0.06256,0.04304,0.24030,0.34292,3.08167,0.50000,3.00000,0.54227,0.55556,0.54545,0.00000,0.71460
1131,0.7969,6422528,1801,0.01265,3.76e-04,0.5698,280.4216,0.46200,838.00750,0.77273,0.70123,2330.79311,1.35579,-0.03403,-0.22770,0.17332,-0.02769,0.38681,0.69801,-0.07446,0.13729,-0.06682,-0.06392,0.03860,0.23212,0.34006,2.99467,0.00000,0.00000,0.53511,0.59091,0.47059,0.00000,0.70031
1132,0.7982,6430720,1782,0.01201,4.51e-04,0.5698,268.4204,0.46200,449.73764,1.00000,0.69221,2391.04523,1.35885,-0.03382,-0.23374,0.17093,-0.02682,0.38097,0.68866,-0.07584,0.13266,-0.06900,-0.06334,0.03824,0.22687,0.33711,2.40857,0.50000,1.00000,0.53511,0.50000,0.55556,0.00000,0.68555
1133,0.7995,6438912,1782,0.01136,5.41e-04,0.5698,258.1240,0.46200,955.43302,0.73684,0.69322,2466.05753,1.39068,-0.03418,-0.24157,0.17702,-0.03039,0.38749,0.68979,-0.07753,0.13517,-0.06060,-0.06416,0.03888,0.23364,0.34125,1.75167,0.00000,1.00000,0.54069,0.63158,0.61538,0.00000,0.70623
1134,0.8007,6447104,1786,0.01316,6.49e-04,0.5698,287.4282,0.46200,808.37380,0.93333,0.68430,2372.90453,1.36321,-0.03425,-0.23266,0.17285,-0.02652,0.37852,0.68037,-0.07731,0.13222,-0.05791,-0.06331,0.03839,0.22906,0.33807,2.96000,0.00000,0.00000,0.54069,0.66667,0.64286,0.00000,0.69036
1135,0.8020,6455296,1749,0.01358,5.41e-04,0.5697,264.8546,0.46200,707.08974,1.00000,0.67499,2312.51317,1.38519,-0.03387,-0.22758,0.17452,-0.02655,0.37073,0.67166,-0.07662,0.13427,-0.05189,-0.06233,0.03945,0.23126,0.33550,2.69600,0.50000,1.00000,0.55183,0.60000,0.66667,0.00000,0.67752
1136,0.8033,6463488,1786,0.01005,7.79e-04,0.5697,275.9791,0.46200,720.00340,0.93750,0.69182,2408.20142,1.37600,-0.03425,-0.23505,0.17018,-0.02622,0.38270,0.68868,-0.07812,0.13232,-0.05915,-0.06373,0.03899,0.22729,0.34295,2.08308,0.00000,2.00000,0.55183,0.37500,0.38462,0.00000,0.71473
1137,0.8046,6471680,1810,0.01932,5.41e-04,0.5696,201.1607,0.46200,667.41992,0.89474,0.69467,2363.59986,1.37307,-0.03455,-0.23146,0.17176,-0.03045,0.38639,0.69126,-0.07909,0.13200,-0.06133,-0.06381,0.03868,0.22705,0.34447,2.44143,0.50000,2.00000,0.54308,0.52632,0.53333,0.00000,0.72236
1138,0.8058,6479872,1826,0.01491,4.51e-04,0.5695,261.3633,0.46200,798.32097,0.83333,0.68614,2295.60090,1.35928,-0.03436,-0.22441,0.17118,-0.02455,0.38434,0.68242,-0.07660,0.13006,-0.05648,-0.06312,0.03803,0.22467,0.34317,2.33333,0.00000,2.00000,0.54308,0.55556,0.53846,0.00000,0.71585
1139,0.8071,6488064,1781,0.01143,5.41e-04,0.5694,256.0017,0.46200,940.12192,0.76923,0.68935,2305.42150,1.41344,-0.03428,-0.22623,0.17987,-0.02901,0.38196,0.68540,-0.07650,0.13768,-0.04789,-0.06276,0.03971,0.23639,0.34274,1.80750,0.00000,1.00000,0.55241,0.76923,0.77778,0.00000,0.71370
1140,0.8085,6496256,1685,0.02081,4.51e-04,0.5692,229.3114,0.46200,462.15345,0.88889,0.69055,2295.39128,1.41928,-0.03445,-0.22569,0.17700,-0.02639,0.38547,0.68723,-0.07869,0.13380,-0.04465,-0.06235,0.04139,0.23212,0.34421,2.71429,0.00000,3.00000,0.55241,0.38889,0.38462,0.00000,0.72107
1141,0.8098,6504448,1775,0.01566,3.76e-04,0.5690,245.4632,0.46200,663.75969,0.84211,0.69871,2346.18638,1.43702,-0.03452,-0.22977,0.17760,-0.02754,0.38899,0.69555,-0.07908,0.13696,-0.05085,-0.06315,0.04156,0.23596,0.34465,4.05333,0.00000,3.00000,0.55101,0.63158,0.69231,0.00000,0.72324
1142,0.8110,6512640,1828,0.00993,5.41e-04,0.5690,238.7806,0.46200,729.62250,0.72727,0.70155,2276.56119,1.43964,-0.03446,-0.22315,0.17820,-0.02698,0.38856,0.69816,-0.07890,0.13891,-0.05494,-0.06250,0.04206,0.24097,0.34531,2.35500,0.00000,3.00000,0.55101,0.63636,0.80000,0.00000,0.72657
1143,0.8123,6520832,1825,0.01074,6.49e-04,0.5689,279.9716,0.46200,672.50955,0.85714,0.71407,2298.89366,1.49567,-0.03466,-0.22488,0.18669,-0.02641,0.39952,0.71102,-0.08041,0.14367,-0.05381,-0.06210,0.04415,0.24963,0.34712,2.42000,0.00000,1.00000,0.55841,0.50000,0.54545,0.00000,0.73561
1144,0.8135,6529024,1835,0.01543,4.51e-04,0.5688,248.8538,0.46200,788.46423,0.80000,0.72939,2225.31083,1.47923,-0.03449,-0.21870,0.18749,-0.02748,0.40543,0.72583,-0.08082,0.14320,-0.05139,-0.06187,0.04406,0.24799,0.34805,2.61750,0.00000,1.00000,0.57099,0.72000,0.68421,0.00000,0.74024
1145,0.8148,6537216,1827,0.01461,3.76e-04,0.5688,299.8544,0.46200,647.13059,0.94444,0.72225,2306.15824,1.47758,-0.03446,-0.22588,0.18723,-0.02686,0.40068,0.71843,-0.07992,0.14374,-0.05475,-0.06203,0.04372,0.24792,0.34547,1.93385,0.00000,2.00000,0.57099,0.33333,0.33333,0.00000,0.72734
1146,0.8160,6545408,1828,0.01091,4.51e-04,0.5689,248.9623,0.46200,540.88604,1.00000,0.72887,2250.32152,1.49751,-0.03410,-0.22100,0.18397,-0.02604,0.40550,0.72553,-0.07727,0.14385,-0.05179,-0.06164,0.04386,0.24963,0.34679,4.03385,0.00000,3.00000,0.56389,0.55556,0.66667,0.00000,0.73395
1147,0.8173,6553600,1842,0.01264,4.51e-04,0.5689,309.7922,0.46200,830.02165,0.87500,0.73272,2240.22747,1.48564,-0.03382,-0.22018,0.18688,-0.02494,0.40869,0.72921,-0.07618,0.14135,-0.04947,-0.06240,0.04293,0.24561,0.34636,2.25077,0.00000,0.00000,0.56389,0.56250,0.50000,0.00000,0.73179
1148,0.8185,6561792,1781,0.01194,5.41e-04,0.5689,207.3127,0.46200,599.62825,0.90909,0.72125,2315.99317,1.54647,-0.03406,-0.22800,0.19352,-0.02558,0.40069,0.71721,-0.07949,0.14652,-0.04016,-0.06192,0.04602,0.25366,0.34242,3.40000,0.00000,2.00000,0.56205,0.45455,0.62500,0.00000,0.71212
1149,0.8197,6569984,1888,0.01673,3.76e-04,0.5689,196.4057,0.46200,780.41362,0.85714,0.72837,2284.78171,1.54625,-0.03400,-0.22411,0.20008,-0.02829,0.40301,0.72428,-0.07680,0.14865,-0.04546,-0.06215,0.04652,0.25958,0.34419,2.33500,0.00000,0.00000,0.56696,0.66667,0.61111,0.00000,0.72094
1150,0.8210,6578176,1796,0.01593,3.13e-04,0.5690,168.2390,0.46200,791.33145,0.81818,0.71288,2185.23250,1.52915,-0.03409,-0.21502,0.19831,-0.03146,0.40063,0.70923,-0.07915,0.14939,-0.03868,-0.06142,0.04810,0.26123,0.34593,3.62444,0.00000,0.00000,0.56696,0.72727,0.66667,0.00000,0.72965
1151,0.8223,6586368,1845,0.01616,2.17e-04,0.5690,186.5646,0.46200,689.98659,0.81250,0.72061,2340.11822,1.54151,-0.03450,-0.22929,0.19528,-0.02831,0.40595,0.71587,-0.08115,0.15144,-0.05547,-0.06199,0.04679,0.26343,0.34765,2.68000,0.00000,2.00000,0.58026,0.62500,0.72727,0.00000,0.73823
1152,0.8235,6594560,1867,0.01904,1.51e-04,0.5690,248.3851,0.46200,822.35603,0.81250,0.74052,2195.66861,1.60149,-0.03404,-0.21560,0.19927,-0.02917,0.41395,0.73641,-0.08006,0.15525,-0.04292,-0.06076,0.04853,0.26831,0.34657,2.94182,0.00000,1.00000,0.58026,0.68750,0.66667,0.00000,0.73283
1153,0.8247,6602752,1858,0.01031,2.17e-04,0.5690,246.0306,0.46200,737.80898,0.80000,0.74562,2261.12427,1.58677,-0.03435,-0.22190,0.20310,-0.03065,0.41789,0.74181,-0.08181,0.15646,-0.04181,-0.06256,0.04797,0.27008,0.34989,2.46444,0.50000,3.00000,0.58414,0.53333,0.55556,0.00000,0.74945
1154,0.8260,6610944,1788,0.01309,2.17e-04,0.5690,209.0855,0.46200,877.50718,0.73684,0.74191,2205.37782,1.56360,-0.03436,-0.21665,0.19832,-0.03192,0.41661,0.73804,-0.08034,0.15480,-0.04976,-0.06211,0.04747,0.26733,0.35111,3.05333,0.00000,1.00000,0.58414,0.68421,0.69231,0.00000,0.75556
1155,0.8273,6619136,1819,0.00835,3.13e-04,0.5690,219.7955,0.46200,703.94230,0.80000,0.75391,2310.98918,1.60525,-0.03443,-0.22642,0.20180,-0.03189,0.42086,0.74915,-0.08102,0.15789,-0.04820,-0.06226,0.04694,0.27350,0.35001,3.19500,0.00000,3.00000,0.58936,0.53333,0.55556,0.00000,0.75004
1156,0.8285,6627328,1833,0.01123,3.76e-04,0.5690,261.7477,0.46200,880.57208,0.68750,0.75380,2332.85631,1.60128,-0.03420,-0.22844,0.20641,-0.03348,0.42529,0.74995,-0.07924,0.15882,-0.05401,-0.06277,0.04723,0.27515,0.35062,3.28200,0.00000,1.00000,0.58936,0.68750,0.60000,0.00000,0.75308
1157,0.8297,6635520,1868,0.02930,2.17e-04,0.5689,226.3284,0.46200,695.98215,0.93750,0.73368,2248.95777,1.56129,-0.03419,-0.22058,0.20017,-0.02936,0.41650,0.72916,-0.07764,0.15279,-0.05753,-0.06266,0.04887,0.26416,0.34625,3.01818,0.00000,4.00000,0.59709,0.56250,0.72727,0.00000,0.73123
1158,0.8310,6643712,1841,0.01723,1.51e-04,0.5689,203.8336,0.46200,644.00643,0.85714,0.72371,2220.78224,1.56167,-0.03437,-0.21792,0.19918,-0.02867,0.40702,0.72088,-0.07720,0.15139,-0.05191,-0.06185,0.05027,0.26471,0.34496,1.72857,0.00000,2.00000,0.59709,0.14286,0.00000,0.00000,0.72478
1159,0.8322,6651904,1847,0.01965,1.05e-04,0.5689,250.6616,0.46200,811.83081,0.86667,0.72040,2256.80470,1.55781,-0.03431,-0.22100,0.20276,-0.02855,0.40300,0.71637,-0.07610,0.15378,-0.06216,-0.06161,0.04938,0.26691,0.34411,3.35000,0.00000,1.00000,0.57829,0.73333,0.75000,0.00000,0.72056
1160,0.8335,6660096,1779,0.00615,1.51e-04,0.5689,334.7708,0.46200,796.91020,0.80769,0.72710,2266.66895,1.48547,-0.03468,-0.22208,0.19114,-0.02847,0.40757,0.72218,-0.07814,0.14624,-0.04665,-0.06216,0.04647,0.25311,0.34739,2.66211,0.50000,3.00000,0.58157,0.61538,0.61111,0.00000,0.73693
1161,0.8347,6668288,1825,0.01199,1.81e-04,0.5688,230.7750,0.46200,812.63451,0.83333,0.72928,2302.02159,1.47410,-0.03404,-0.22549,0.18644,-0.02656,0.40602,0.72539,-0.07729,0.14378,-0.05875,-0.06197,0.04579,0.24731,0.34464,3.18154,0.00000,2.00000,0.58157,0.77778,0.84615,0.00000,0.72319
1162,0.8360,6676480,1818,0.00727,2.61e-04,0.5688,229.3991,0.45800,770.37570,0.94737,0.74213,2208.60991,1.52210,-0.03401,-0.21706,0.18974,-0.02734,0.41126,0.73805,-0.07463,0.14636,-0.04597,-0.06201,0.04711,0.25214,0.34510,2.82400,0.00000,1.00000,0.60342,0.73684,0.76471,0.00000,0.72551
1163,0.8373,6684672,1781,0.01294,2.61e-04,0.5687,234.6902,0.45800,969.61201,0.81818,0.70601,2196.79300,1.48497,-0.03455,-0.21597,0.18835,-0.02815,0.39307,0.70178,-0.07723,0.14599,-0.04409,-0.06151,0.04906,0.25360,0.34143,2.38444,0.00000,0.00000,0.60342,0.81818,0.77778,0.00000,0.70715
1164,0.8386,6692864,1806,0.01079,3.13e-04,0.5687,252.0432,0.45400,708.55892,0.81250,0.70590,2227.30645,1.52732,-0.03418,-0.21926,0.19226,-0.02615,0.39339,0.70124,-0.07671,0.14814,-0.04442,-0.06207,0.04852,0.25702,0.33999,3.01400,0.00000,2.00000,0.60307,0.50000,0.45455,0.00000,0.69995
1165,0.8398,6701056,1869,0.01357,2.61e-04,0.5687,241.6197,0.45400,775.02537,0.86667,0.72804,2199.96528,1.53222,-0.03443,-0.21594,0.19054,-0.02747,0.40831,0.72403,-0.07803,0.14689,-0.04404,-0.06198,0.04910,0.25470,0.34679,2.81818,0.00000,0.00000,0.60307,0.73333,0.69231,0.00000,0.73397
1166,0.8410,6709248,1834,0.01149,3.76e-04,0.5687,196.1660,0.45000,879.05265,0.85714,0.72665,2275.94520,1.56032,-0.03473,-0.22395,0.19339,-0.02631,0.40434,0.72161,-0.07786,0.14825,-0.03621,-0.06170,0.04593,0.25769,0.34683,2.20400,0.00000,1.00000,0.60943,0.57143,0.63636,0.00000,0.73414
1167,0.8422,6717440,1873,0.02922,2.61e-04,0.5687,222.9865,0.45000,919.06284,0.56250,0.73636,2232.62272,1.60042,-0.03473,-0.21880,0.19908,-0.02932,0.41083,0.73170,-0.08036,0.15627,-0.04635,-0.06125,0.05063,0.27014,0.34874,3.11000,0.00000,1.00000,0.60943,0.75000,0.62500,0.00000,0.74371
1168,0.8435,6725632,1818,0.01264,2.61e-04,0.5687,179.0328,0.44600,671.37347,0.93750,0.74707,2238.93213,1.60230,-0.03460,-0.21987,0.20019,-0.02900,0.41874,0.74236,-0.07931,0.15714,-0.03853,-0.06208,0.04832,0.27026,0.34981,2.68400,0.00000,2.00000,0.61992,0.68750,0.76923,0.00000,0.74907
1169,0.8448,6733824,1811,0.01703,1.81e-04,0.5688,270.3885,0.44200,636.86759,0.90476,0.74443,2249.09305,1.56976,-0.03458,-0.22004,0.19753,-0.02920,0.41418,0.73969,-0.07939,0.15486,-0.04054,-0.06160,0.04864,0.26538,0.34721,3.83143,0.00000,3.00000,0.61418,0.52381,0.56250,0.00000,0.73607
1170,0.8460,6742016,1833,0.00673,2.61e-04,0.5688,295.4580,0.44200,933.76388,0.69231,0.73819,2245.45067,1.60015,-0.03482,-0.22016,0.20584,-0.03091,0.41481,0.73386,-0.08128,0.15993,-0.04439,-0.06157,0.05024,0.27277,0.34836,2.62857,0.00000,1.00000,0.61418,0.76923,0.75000,0.00000,0.74180
1171,0.8473,6750208,1805,0.00836,3.76e-04,0.5688,248.9270,0.43800,591.54663,1.00000,0.73439,2276.47284,1.59522,-0.03517,-0.22377,0.20073,-0.02890,0.41454,0.73048,-0.08320,0.15325,-0.03752,-0.06218,0.04678,0.26483,0.34924,3.46833,0.00000,3.00000,0.63458,0.70588,0.85714,0.00000,0.74622
1172,0.8485,6758400,1848,0.01407,3.76e-04,0.5689,272.1888,0.43800,811.66708,0.77778,0.73105,2247.71943,1.58681,-0.03464,-0.22062,0.20067,-0.03004,0.41922,0.72751,-0.07985,0.15428,-0.03766,-0.06193,0.04781,0.26605,0.34971,2.86667,0.50000,2.00000,0.63458,0.61111,0.58333,0.00000,0.74853
1173,0.8497,6766592,1894,0.01203,4.51e-04,0.5690,245.1156,0.43400,694.26737,0.92857,0.74471,2231.53317,1.59945,-0.03457,-0.21890,0.20351,-0.02752,0.41657,0.74059,-0.07952,0.15323,-0.04301,-0.06196,0.04969,0.26611,0.34789,2.52222,0.00000,4.00000,0.63779,0.50000,0.77778,0.00000,0.73944
1174,0.8510,6774784,1733,0.01524,3.76e-04,0.5690,174.2502,0.43400,890.49340,0.58333,0.72670,2221.63194,1.59287,-0.03457,-0.21834,0.20398,-0.03003,0.40948,0.72272,-0.08070,0.15496,-0.04397,-0.06152,0.04975,0.27045,0.34574,3.43000,0.50000,1.00000,0.63779,0.66667,0.66667,0.00000,0.72868
1175,0.8523,6782976,1763,0.01280,4.51e-04,0.5691,250.4966,0.43000,705.95282,0.84000,0.72783,2262.78110,1.53462,-0.03471,-0.22202,0.19475,-0.03041,0.40942,0.72425,-0.07829,0.15210,-0.04878,-0.06272,0.04717,0.26318,0.34430,3.24000,0.00000,1.00000,0.62401,0.52000,0.45000,0.00000,0.72149
1176,0.8536,6791168,1826,0.01122,5.41e-04,0.5691,308.7752,0.43000,764.26769,0.81250,0.73915,2297.03512,1.49925,-0.03505,-0.22513,0.19034,-0.02805,0.41364,0.73544,-0.07779,0.14358,-0.04379,-0.06318,0.04568,0.24829,0.34785,3.00800,0.00000,2.00000,0.62401,0.68750,0.72727,0.00000,0.73924
1177,0.8549,6799360,1788,0.01239,5.41e-04,0.5691,279.7149,0.42600,750.12306,0.88889,0.70262,2319.89374,1.42301,-0.03513,-0.22788,0.17935,-0.02511,0.39138,0.69838,-0.07881,0.13615,-0.04851,-0.06178,0.04292,0.23541,0.34098,2.29636,0.00000,3.00000,0.64077,0.72222,0.84615,0.00000,0.70490
1178,0.8562,6807552,1786,0.01246,5.41e-04,0.5691,291.4447,0.42200,854.59109,0.89474,0.68770,2319.97822,1.34080,-0.03502,-0.22784,0.16580,-0.02280,0.38293,0.68222,-0.07846,0.12790,-0.05630,-0.06234,0.04189,0.22003,0.33708,2.95882,0.00000,0.00000,0.64140,0.68421,0.64706,0.00000,0.68542
1179,0.8575,6815744,1741,0.01472,5.41e-04,0.5691,186.2687,0.42200,888.41458,0.66667,0.67057,2342.16671,1.34247,-0.03500,-0.22971,0.16241,-0.02330,0.37223,0.66544,-0.07996,0.12885,-0.05163,-0.06166,0.03938,0.22162,0.33392,1.43714,0.50000,1.00000,0.64140,0.66667,0.71429,0.00000,0.66962
1180,0.8587,6823936,1842,0.01574,5.41e-04,0.5691,266.2432,0.41800,825.42440,0.78947,0.68553,2425.01798,1.38504,-0.03510,-0.23782,0.16955,-0.02589,0.38113,0.68058,-0.08098,0.13402,-0.05017,-0.06276,0.03940,0.23029,0.33899,2.26308,0.00000,1.00000,0.63917,0.63158,0.57143,0.00000,0.69497
1181,0.8600,6832128,1788,0.01511,5.41e-04,0.5692,233.8142,0.41800,665.73537,0.92308,0.69830,2398.46182,1.40577,-0.03516,-0.23514,0.17628,-0.02651,0.38811,0.69366,-0.07977,0.13473,-0.05209,-0.06252,0.04145,0.23212,0.33983,2.90222,0.00000,0.00000,0.63917,0.38462,0.33333,0.00000,0.69916
1182,0.8613,6840320,1803,0.01400,5.41e-04,0.5693,289.2876,0.41400,689.49711,0.90909,0.69588,2359.31441,1.42959,-0.03553,-0.23211,0.17558,-0.02550,0.38911,0.69138,-0.08051,0.13374,-0.04662,-0.06149,0.03974,0.23175,0.34025,2.17000,0.00000,1.00000,0.60858,0.36364,0.33333,0.00000,0.70126
1183,0.8625,6848512,1812,0.01219,5.41e-04,0.5694,243.4505,0.41000,831.67704,0.95000,0.69736,2370.00040,1.39684,-0.03545,-0.23228,0.17518,-0.02821,0.38439,0.69309,-0.07983,0.13409,-0.05140,-0.06294,0.03880,0.23383,0.34166,2.12588,0.50000,2.00000,0.62420,0.65000,0.76471,0.00000,0.70832
1184,0.8638,6856704,1828,0.01445,5.41e-04,0.5695,270.0825,0.41000,684.07551,0.71429,0.69769,2355.00069,1.38208,-0.03560,-0.23101,0.17169,-0.02512,0.38485,0.69177,-0.08116,0.13214,-0.05541,-0.06194,0.03985,0.22876,0.34197,3.58857,0.50000,2.00000,0.62420,0.64286,0.62500,0.00000,0.70983
1185,0.8650,6864896,1804,0.01489,5.41e-04,0.5696,311.8201,0.40600,687.78731,0.83333,0.70737,2318.40565,1.40245,-0.03544,-0.22778,0.17380,-0.02899,0.39171,0.70249,-0.07821,0.13579,-0.05762,-0.06242,0.04011,0.23309,0.34326,2.11091,0.50000,2.00000,0.60940,0.44444,0.38462,0.00000,0.71631
1186,0.8663,6873088,1815,0.02756,3.13e-04,0.5696,220.6531,0.40600,667.79442,0.80000,0.70009,2420.54049,1.38850,-0.03528,-0.23686,0.17457,-0.02806,0.38393,0.69512,-0.07823,0.13708,-0.06109,-0.06285,0.03784,0.23511,0.33992,3.54500,0.00000,2.00000,0.60940,0.60000,0.60000,0.00000,0.69959
1187,0.8676,6881280,1734,0.02397,2.17e-04,0.5696,274.6411,0.40200,655.65017,0.87500,0.70559,2389.39257,1.46042,-0.03496,-0.23438,0.18913,-0.02802,0.38883,0.69971,-0.07683,0.14585,-0.05587,-0.06241,0.04103,0.25031,0.34015,2.75846,0.50000,2.00000,0.60755,0.56250,0.58333,0.00000,0.70073
1188,0.8688,6889472,1849,0.01091,2.61e-04,0.5697,259.7957,0.40200,692.40467,0.85000,0.71077,2467.24673,1.45129,-0.03507,-0.24216,0.18502,-0.02794,0.39172,0.70613,-0.07940,0.14435,-0.05462,-0.06401,0.04059,0.24646,0.34542,2.80615,0.50000,4.00000,0.60755,0.60000,0.69231,0.00000,0.72709
1189,0.8701,6897664,1777,0.01055,3.13e-04,0.5697,263.3421,0.39800,630.75811,0.92308,0.72671,2460.33222,1.47222,-0.03538,-0.24142,0.18479,-0.02798,0.39403,0.72232,-0.08240,0.14202,-0.05301,-0.06309,0.04154,0.24561,0.34552,3.60000,0.00000,2.00000,0.61201,0.53846,0.60000,0.00000,0.72762
1190,0.8714,6905856,1830,0.02220,1.81e-04,0.5698,223.2722,0.39800,769.55503,0.84615,0.71966,2407.41369,1.48268,-0.03503,-0.23649,0.18681,-0.02904,0.39153,0.71579,-0.08117,0.14280,-0.04970,-0.06275,0.04205,0.24817,0.34485,2.49000,0.00000,1.00000,0.61201,0.61538,0.70000,0.00000,0.72427
1191,0.8727,6914048,1782,0.01259,1.51e-04,0.5697,274.1998,0.39400,799.66568,0.80000,0.72897,2310.50529,1.43312,-0.03520,-0.22671,0.18090,-0.02670,0.40210,0.72457,-0.07965,0.13835,-0.06082,-0.06248,0.04022,0.24017,0.34785,3.30625,0.00000,1.00000,0.62322,0.76000,0.73684,0.00000,0.73924
1192,0.8740,6922240,1756,0.00932,2.17e-04,0.5697,293.8729,0.39400,607.04076,0.88889,0.70151,2260.08397,1.39192,-0.03520,-0.22194,0.17517,-0.02536,0.38324,0.69838,-0.07868,0.13321,-0.04704,-0.06274,0.04014,0.23059,0.34067,2.64889,0.00000,3.00000,0.62322,0.38889,0.46154,0.00000,0.70337
1193,0.8752,6930432,1770,0.01184,2.61e-04,0.5697,247.2885,0.39000,587.08930,0.95000,0.69157,2238.24374,1.39064,-0.03534,-0.21951,0.17867,-0.02636,0.38065,0.68823,-0.08016,0.13780,-0.05526,-0.06191,0.04030,0.23572,0.34083,2.81231,0.00000,2.00000,0.60757,0.45000,0.47059,0.00000,0.70417
1194,0.8765,6938624,1760,0.01014,3.13e-04,0.5698,258.7340,0.39000,869.50857,0.69231,0.68907,2186.75369,1.38389,-0.03533,-0.21514,0.17681,-0.02586,0.38146,0.68489,-0.08078,0.13686,-0.05488,-0.06249,0.03966,0.23334,0.34003,2.41250,0.00000,0.00000,0.60757,0.76923,0.66667,0.00000,0.70016
1195,0.8778,6946816,1780,0.02565,2.17e-04,0.5698,299.9453,0.38600,761.22109,0.64286,0.68346,2336.42731,1.41185,-0.03527,-0.22892,0.17983,-0.02644,0.37532,0.67972,-0.08539,0.13758,-0.06143,-0.06186,0.04179,0.23749,0.33913,2.51200,0.00000,2.00000,0.60306,0.57143,0.42857,0.00000,0.69564
1196,0.8791,6955008,1812,0.01837,1.51e-04,0.5699,275.0086,0.38600,780.24279,0.82353,0.70109,2318.71105,1.38037,-0.03538,-0.22756,0.17143,-0.02691,0.38079,0.69808,-0.08254,0.13138,-0.04961,-0.06230,0.03901,0.22577,0.34053,3.06500,0.00000,0.00000,0.60306,0.76471,0.71429,0.00000,0.70265
1197,0.8803,6963200,1818,0.01349,1.26e-04,0.5699,249.6418,0.38200,852.16325,0.75000,0.67595,2397.74512,1.31113,-0.03555,-0.23536,0.16506,-0.02556,0.36587,0.67269,-0.08456,0.12531,-0.05700,-0.06248,0.03533,0.21545,0.33875,3.96000,0.00000,0.00000,0.62536,1.00000,1.00000,0.00000,0.69374
1198,0.8816,6971392,1790,0.01354,1.05e-04,0.5699,248.3251,0.38200,512.00426,1.00000,0.66837,2444.69088,1.29250,-0.03541,-0.23881,0.16481,-0.02679,0.36434,0.66502,-0.08271,0.12361,-0.06961,-0.06279,0.03579,0.21393,0.33801,2.94727,0.00000,2.00000,0.62536,0.35294,0.40000,0.00000,0.69003
1199,0.8829,6979584,1769,0.00838,1.51e-04,0.5699,215.8232,0.37800,662.20118,0.81250,0.66922,2310.66888,1.31227,-0.03566,-0.22681,0.16557,-0.02215,0.36739,0.66629,-0.08428,0.12366,-0.05080,-0.06223,0.03707,0.21417,0.34066,3.52222,0.50000,2.00000,0.60898,0.56250,0.54545,0.00000,0.70329
1200,0.8842,6987776,1805,0.01450,1.51e-04,0.5700,291.3319,0.37800,706.95071,0.84211,0.68229,2320.46582,1.34001,-0.03559,-0.22815,0.16939,-0.02512,0.37259,0.67930,-0.08321,0.12727,-0.04503,-0.06303,0.03688,0.22211,0.34039,2.44364,0.00000,2.00000,0.60898,0.47368,0.42857,0.00000,0.70197
1201,0.8855,6995968,1785,0.00785,2.17e-04,0.5700,281.3790,0.37800,789.78858,0.87500,0.68337,2288.55377,1.35104,-0.03566,-0.22510,0.17104,-0.02365,0.37463,0.68005,-0.08379,0.13063,-0.05818,-0.06239,0.03865,0.22589,0.34094,2.22182,0.00000,2.00000,0.59808,0.56250,0.58333,0.00000,0.70472
1202,0.8867,7004160,1802,0.00985,2.61e-04,0.5700,243.5764,0.37800,700.81291,0.80000,0.67899,2328.64983,1.35470,-0.03581,-0.22891,0.16978,-0.02406,0.37340,0.67539,-0.08406,0.12861,-0.05452,-0.06279,0.03800,0.22235,0.34065,2.88750,0.00000,2.00000,0.59808,0.53333,0.50000,0.00000,0.70326
1203,0.8880,7012352,1852,0.01052,3.76e-04,0.5701,306.5023,0.37800,642.43506,0.80000,0.70384,2430.74682,1.41278,-0.03596,-0.23827,0.17243,-0.02473,0.38506,0.70002,-0.08854,0.13228,-0.05099,-0.06252,0.03973,0.22925,0.34458,2.96857,0.00000,1.00000,0.57637,0.40000,0.27273,0.00000,0.72289
1204,0.8893,7020544,1737,0.02073,3.13e-04,0.5702,194.3834,0.37800,589.40208,0.83333,0.69499,2295.01425,1.37211,-0.03604,-0.22587,0.16626,-0.02453,0.37652,0.69199,-0.08647,0.12781,-0.04373,-0.06236,0.04090,0.22473,0.34197,2.78800,0.50000,6.00000,0.57637,0.44444,0.66667,0.00000,0.70985
1205,0.8906,7028736,1753,0.01664,3.13e-04,0.5702,251.0065,0.37800,594.06100,0.91667,0.67749,2340.16259,1.34607,-0.03617,-0.22979,0.16870,-0.02327,0.36852,0.67441,-0.08731,0.12605,-0.05510,-0.06238,0.03954,0.22290,0.34083,3.25111,0.00000,0.00000,0.57873,0.58333,0.54545,0.00000,0.70417
1206,0.8919,7036928,1786,0.01252,3.13e-04,0.5702,279.8665,0.37800,710.47067,0.82353,0.67657,2351.79701,1.36740,-0.03576,-0.23142,0.17255,-0.02349,0.36683,0.67365,-0.08269,0.12718,-0.04015,-0.06162,0.03799,0.22424,0.33969,3.69600,0.00000,1.00000,0.57873,0.64706,0.61538,0.00000,0.69843
1207,0.8931,7045120,1818,0.01461,2.61e-04,0.5703,236.8510,0.37800,708.90645,0.73913,0.67547,2259.30686,1.30225,-0.03620,-0.22186,0.16434,-0.02245,0.37130,0.67294,-0.08238,0.12292,-0.04606,-0.06189,0.03906,0.21423,0.34047,3.78600,0.00000,3.00000,0.58012,0.60870,0.57143,0.00000,0.70236
1208,0.8944,7053312,1768,0.01172,3.13e-04,0.5704,256.2525,0.37800,718.44969,0.73684,0.68185,2278.26672,1.34711,-0.03587,-0.22336,0.16961,-0.02523,0.37252,0.67872,-0.08252,0.12924,-0.04838,-0.06213,0.03985,0.22375,0.33931,1.91556,0.50000,3.00000,0.58012,0.52632,0.45455,0.00000,0.69655
1209,0.8957,7061504,1766,0.01485,2.61e-04,0.5704,238.6587,0.37800,758.28946,0.84211,0.69297,2241.39601,1.38685,-0.03582,-0.22021,0.17393,-0.02645,0.37720,0.68873,-0.08307,0.13063,-0.03810,-0.06155,0.03838,0.22949,0.34184,3.38400,0.00000,0.00000,0.58507,0.78947,0.75000,0.00000,0.70920
1210,0.8970,7069696,1720,0.00885,3.76e-04,0.5704,249.8166,0.37800,802.45375,0.90909,0.67389,2279.84022,1.34872,-0.03538,-0.22412,0.17139,-0.02488,0.36506,0.66993,-0.08054,0.12811,-0.04669,-0.06185,0.03845,0.22614,0.33806,2.22222,0.00000,0.00000,0.58507,0.45455,0.50000,0.00000,0.69028
1211,0.8983,7077888,1830,0.01246,4.51e-04,0.5705,246.9125,0.37800,547.96825,1.00000,0.68342,2327.86219,1.36975,-0.03551,-0.22892,0.17304,-0.02709,0.37172,0.67996,-0.08193,0.12856,-0.05875,-0.06302,0.03879,0.22711,0.33920,3.56308,0.00000,2.00000,0.57056,0.35294,0.40000,0.00000,0.69599
1212,0.8996,7086080,1788,0.01703,3.76e-04,0.5705,254.7538,0.37800,875.34045,0.73333,0.66752,2368.94158,1.31804,-0.03573,-0.23224,0.16580,-0.02559,0.36544,0.66361,-0.07970,0.12559,-0.04574,-0.06212,0.03786,0.22034,0.33619,3.47600,0.00000,0.00000,0.57056,0.73333,0.72727,0.00000,0.68097
1213,0.9008,7094272,1877,0.01289,3.76e-04,0.5706,232.6438,0.37800,657.49884,0.83333,0.66319,2407.84835,1.31971,-0.03562,-0.23632,0.16435,-0.02472,0.35810,0.65909,-0.08376,0.12419,-0.04792,-0.06153,0.03717,0.21600,0.33469,3.90857,0.00000,1.00000,0.57351,0.50000,0.44444,0.00000,0.67346
1214,0.9021,7102464,1728,0.01476,3.76e-04,0.5706,263.7979,0.37800,726.86638,0.88235,0.66465,2407.76681,1.30508,-0.03564,-0.23650,0.16187,-0.02448,0.35671,0.66069,-0.08387,0.12249,-0.04512,-0.06220,0.03586,0.21210,0.33434,3.13500,0.00000,1.00000,0.57351,0.58824,0.57143,0.00000,0.67170
1215,0.9033,7110656,1835,0.00941,5.41e-04,0.5706,222.9345,0.37800,519.78526,0.93333,0.67606,2431.89290,1.33612,-0.03537,-0.23896,0.16802,-0.02601,0.36736,0.67160,-0.08135,0.12700,-0.05255,-0.06246,0.03684,0.22137,0.33658,2.72286,0.00000,3.00000,0.57216,0.46667,0.54545,0.00000,0.68292
1216,0.9046,7118848,1791,0.01335,5.41e-04,0.5706,266.1056,0.37800,597.93046,0.86364,0.68491,2399.54498,1.34271,-0.03574,-0.23482,0.16924,-0.02358,0.37094,0.68061,-0.08267,0.12771,-0.04638,-0.06213,0.03654,0.22168,0.33686,2.69273,0.00000,2.00000,0.55023,0.40909,0.35294,0.00000,0.68432
1217,0.9059,7127040,1775,0.01602,3.76e-04,0.5706,220.0055,0.37800,672.72511,0.92308,0.69044,2428.09330,1.33948,-0.03558,-0.23819,0.16691,-0.02625,0.37305,0.68637,-0.08287,0.12574,-0.04669,-0.06199,0.03679,0.21771,0.33835,3.19600,0.50000,1.00000,0.55023,0.46154,0.45455,0.00000,0.69175
1218,0.9072,7135232,1801,0.01268,4.51e-04,0.5706,216.5130,0.37800,586.37540,0.94444,0.69869,2395.94396,1.39887,-0.03560,-0.23522,0.17584,-0.02763,0.38324,0.69426,-0.08232,0.13346,-0.04924,-0.06281,0.03877,0.23279,0.34101,2.49000,0.50000,3.00000,0.53921,0.38889,0.42857,0.00000,0.70506
1219,0.9084,7143424,1858,0.01452,3.76e-04,0.5707,199.2586,0.37800,695.13584,0.77778,0.69485,2275.88660,1.40948,-0.03566,-0.22384,0.17926,-0.02840,0.38382,0.68944,-0.08109,0.13636,-0.05227,-0.06274,0.04078,0.23621,0.33783,2.73111,0.00000,2.00000,0.53921,0.66667,0.66667,0.00000,0.68915
1220,0.9097,7151616,1820,0.04326,2.17e-04,0.5707,229.6223,0.37800,578.96140,0.83333,0.70255,2283.75740,1.43153,-0.03527,-0.22386,0.18324,-0.02611,0.38568,0.69667,-0.07722,0.13648,-0.04391,-0.06183,0.03953,0.23956,0.33875,3.18000,0.00000,4.00000,0.55196,0.41667,0.66667,0.00000,0.69374
1221,0.9109,7159808,1776,0.02471,1.26e-04,0.5707,265.4139,0.37800,730.62845,0.92857,0.68916,2276.11776,1.40447,-0.03557,-0.22389,0.17892,-0.02844,0.37440,0.68450,-0.07906,0.13278,-0.03842,-0.06189,0.03685,0.23505,0.33786,2.40167,0.50000,1.00000,0.55196,0.57143,0.58333,0.00000,0.68932
1222,0.9122,7168000,1781,0.01015,1.51e-04,0.5707,295.5975,0.37800,584.00934,0.88000,0.68529,2332.27400,1.33836,-0.03585,-0.22933,0.16776,-0.02932,0.37358,0.68089,-0.08198,0.12877,-0.05371,-0.06193,0.03580,0.22485,0.34142,3.76714,0.50000,1.00000,0.55131,0.52000,0.52381,0.00000,0.70711
1223,0.9135,7176192,1735,0.00961,1.81e-04,0.5708,219.8814,0.37800,663.01737,0.82353,0.68624,2293.97631,1.30482,-0.03578,-0.22518,0.16472,-0.02656,0.37720,0.68118,-0.07884,0.12389,-0.04639,-0.06164,0.03488,0.21698,0.33980,2.39333,0.00000,2.00000,0.55131,0.35294,0.25000,0.00000,0.69900
1224,0.9148,7184384,1796,0.01019,2.61e-04,0.5708,211.1212,0.37800,691.60251,0.82353,0.67256,2209.35769,1.31262,-0.03528,-0.21627,0.16590,-0.02303,0.37092,0.66800,-0.07649,0.12440,-0.04398,-0.06222,0.03616,0.21820,0.33644,3.09400,0.50000,3.00000,0.53531,0.52941,0.54545,0.00000,0.68221
1225,0.9161,7192576,1764,0.01162,3.13e-04,0.5708,282.0040,0.37800,667.72080,0.88889,0.67985,2304.39775,1.29464,-0.03544,-0.22627,0.16497,-0.02932,0.37068,0.67551,-0.07721,0.12624,-0.05581,-0.06282,0.03562,0.21814,0.33621,3.29091,0.00000,0.00000,0.53803,0.61111,0.56250,0.00000,0.68106
1226,0.9174,7200768,1775,0.01578,2.17e-04,0.5708,291.9024,0.37800,827.53064,0.72727,0.66573,2372.88595,1.31268,-0.03510,-0.23322,0.16013,-0.02273,0.35622,0.66127,-0.07807,0.12078,-0.04069,-0.06248,0.03563,0.20898,0.33354,2.81600,0.00000,1.00000,0.53803,0.63636,0.57143,0.00000,0.66770
1227,0.9187,7208960,1756,0.01268,2.17e-04,0.5708,225.1016,0.37800,708.12330,0.85000,0.66683,2350.56233,1.29250,-0.03538,-0.23100,0.16043,-0.02401,0.35503,0.66222,-0.08000,0.12202,-0.03602,-0.06185,0.03388,0.20996,0.33307,3.22308,0.00000,1.00000,0.53640,0.55000,0.50000,0.00000,0.66536
1228,0.9200,7217152,1743,0.03115,1.26e-04,0.5708,252.7171,0.37800,676.51502,0.75000,0.67343,2347.77970,1.32406,-0.03523,-0.23109,0.16221,-0.02691,0.36973,0.66843,-0.08230,0.12765,-0.04887,-0.06149,0.03629,0.21704,0.33763,4.62800,0.00000,0.00000,0.53640,0.50000,0.33333,0.00000,0.68817
1229,0.9213,7225344,1759,0.01773,8.74e-05,0.5708,234.7982,0.37800,721.54519,0.71429,0.69686,2412.91089,1.41911,-0.03530,-0.23679,0.17483,-0.02656,0.37273,0.69203,-0.07898,0.13586,-0.04002,-0.06245,0.03930,0.23413,0.33837,3.07714,0.00000,2.00000,0.52393,0.50000,0.50000,0.00000,0.69186
1230,0.9226,7233536,1768,0.01216,8.74e-05,0.5709,315.3339,0.37800,844.90777,0.76471,0.69181,2399.82747,1.38457,-0.03544,-0.23535,0.17351,-0.02688,0.37443,0.68702,-0.08311,0.13347,-0.04309,-0.06268,0.03835,0.22900,0.33986,2.82833,0.00000,1.00000,0.52393,0.52941,0.41667,0.00000,0.69928
1231,0.9239,7241728,1772,0.00634,1.26e-04,0.5709,233.3122,0.37800,588.71359,0.87500,0.69262,2415.39270,1.37275,-0.03504,-0.23617,0.17625,-0.02736,0.37283,0.68833,-0.07880,0.13615,-0.05743,-0.06358,0.03828,0.23193,0.33838,3.91333,0.00000,3.00000,0.51502,0.43750,0.45455,0.00000,0.69188
1232,0.9252,7249920,1715,0.00541,1.81e-04,0.5709,226.4890,0.37800,679.33973,0.83333,0.69901,2369.51041,1.33091,-0.03516,-0.23273,0.16848,-0.02786,0.37495,0.69513,-0.08066,0.12832,-0.05430,-0.06314,0.03654,0.22107,0.33828,3.01600,0.00000,1.00000,0.51502,0.55556,0.50000,0.00000,0.69141
1233,0.9265,7258112,1829,0.01097,2.17e-04,0.5710,206.0438,0.37800,498.31862,0.85714,0.70452,2431.82423,1.42038,-0.03514,-0.23830,0.18013,-0.02871,0.37921,0.70032,-0.07906,0.13750,-0.04721,-0.06277,0.04064,0.23712,0.33867,3.23500,0.00000,2.00000,0.50935,0.42857,0.40000,0.00000,0.69334
1234,0.9278,7266304,1785,0.01063,2.61e-04,0.5710,210.4589,0.37800,650.90342,0.82353,0.70672,2452.54256,1.41930,-0.03551,-0.24047,0.18305,-0.02959,0.37983,0.70177,-0.08145,0.13889,-0.05942,-0.06256,0.04084,0.24084,0.33969,3.00400,0.50000,2.00000,0.50935,0.41176,0.33333,0.00000,0.69843
1235,0.9291,7274496,1742,0.01254,2.61e-04,0.5710,229.0908,0.37800,566.17173,0.88235,0.71310,2383.82395,1.42565,-0.03509,-0.23370,0.18107,-0.03031,0.38335,0.70884,-0.07866,0.13817,-0.04183,-0.06283,0.03926,0.23883,0.34157,3.33778,0.00000,4.00000,0.49755,0.41176,0.45455,0.00000,0.70784
1236,0.9303,7282688,1824,0.00652,3.76e-04,0.5710,258.3799,0.37800,512.69118,0.84615,0.71971,2437.93041,1.47560,-0.03514,-0.23922,0.19129,-0.02841,0.39340,0.71498,-0.07701,0.14376,-0.06156,-0.06318,0.04124,0.25067,0.34498,2.80000,0.00000,2.00000,0.49755,0.30769,0.33333,0.00000,0.72490
1237,0.9316,7290880,1763,0.01016,5.41e-04,0.5711,208.9559,0.37800,817.67205,0.78571,0.71958,2384.02638,1.50343,-0.03501,-0.23436,0.19087,-0.02937,0.38717,0.71532,-0.08030,0.14385,-0.04174,-0.06222,0.04268,0.25049,0.34293,2.03333,0.00000,1.00000,0.48990,0.50000,0.50000,0.00000,0.71464
1238,0.9329,7299072,1786,0.01051,6.49e-04,0.5711,257.5323,0.37800,745.37120,0.89286,0.70535,2332.65778,1.39209,-0.03583,-0.22868,0.18042,-0.02471,0.38211,0.70166,-0.08098,0.13349,-0.04167,-0.06322,0.04075,0.23438,0.34396,2.97100,0.00000,2.00000,0.49308,0.53571,0.52174,0.00000,0.71978
1239,0.9341,7307264,1847,0.01648,5.41e-04,0.5712,218.5342,0.37800,522.41875,0.93333,0.69606,2336.58612,1.37049,-0.03569,-0.22940,0.17522,-0.02588,0.37832,0.69216,-0.08102,0.13259,-0.05261,-0.06260,0.03975,0.22955,0.34293,3.82400,0.00000,2.00000,0.49308,0.60000,0.66667,0.00000,0.71465
1240,0.9354,7315456,1784,0.01458,4.51e-04,0.5712,178.8641,0.37800,769.95541,0.77273,0.68435,2259.03141,1.36857,-0.03552,-0.22224,0.17174,-0.02632,0.37046,0.68020,-0.07932,0.13214,-0.03419,-0.06200,0.03934,0.22803,0.33949,2.61455,0.00000,2.00000,0.51044,0.63636,0.66667,0.00000,0.69743
1241,0.9367,7323648,1789,0.01787,3.76e-04,0.5713,270.4162,0.37800,849.60476,1.00000,0.67918,2317.19294,1.37264,-0.03499,-0.22754,0.17498,-0.02648,0.37255,0.67558,-0.07698,0.13338,-0.04941,-0.06195,0.04071,0.23053,0.34083,1.65273,0.00000,0.00000,0.51044,0.45455,0.45455,0.00000,0.70415
1242,0.9380,7331840,1794,0.03150,2.61e-04,0.5712,214.6601,0.37800,620.17665,0.87500,0.69127,2470.84792,1.39126,-0.03525,-0.24241,0.17364,-0.02566,0.37208,0.68766,-0.08147,0.13160,-0.04606,-0.06275,0.03889,0.22845,0.34169,3.54000,0.00000,2.00000,0.51592,0.62500,0.66667,0.00000,0.70844
1243,0.9393,7340032,1765,0.00989,3.76e-04,0.5712,248.8765,0.37800,901.92932,0.73333,0.69440,2443.32634,1.34150,-0.03523,-0.23966,0.16345,-0.02548,0.37656,0.69100,-0.08139,0.12468,-0.04738,-0.06296,0.03747,0.21686,0.34155,2.56800,0.00000,0.00000,0.51592,0.80000,0.72727,0.00000,0.70773
1244,0.9405,7348224,1788,0.01362,3.13e-04,0.5712,192.9566,0.37800,855.85139,0.71429,0.68330,2372.20918,1.36453,-0.03503,-0.23280,0.16795,-0.02498,0.36811,0.67959,-0.07911,0.12661,-0.04044,-0.06245,0.03718,0.22119,0.33656,3.27111,0.50000,1.00000,0.53433,0.71429,0.66667,0.00000,0.68280
1245,0.9418,7356416,1812,0.00763,4.51e-04,0.5712,289.5154,0.37800,753.38604,0.80000,0.69019,2336.32645,1.40194,-0.03510,-0.22973,0.17439,-0.02609,0.37518,0.68652,-0.07994,0.13179,-0.04078,-0.06309,0.03859,0.22894,0.33811,2.88200,0.00000,1.00000,0.53433,0.53333,0.45455,0.00000,0.69053
1246,0.9431,7364608,1769,0.01830,3.76e-04,0.5713,191.6624,0.37800,661.93068,0.87500,0.68790,2292.54015,1.41540,-0.03568,-0.22514,0.17879,-0.02846,0.37768,0.68387,-0.08160,0.13849,-0.04291,-0.06243,0.03988,0.23938,0.34176,2.68889,0.00000,2.00000,0.54176,0.68750,0.75000,0.00000,0.70880
1247,0.9444,7372800,1740,0.02026,2.61e-04,0.5714,282.6336,0.37800,762.47008,0.76190,0.69423,2386.85754,1.39379,-0.03580,-0.23424,0.17038,-0.02486,0.37803,0.69010,-0.08293,0.13129,-0.03673,-0.06253,0.03914,0.22620,0.34357,3.16167,0.00000,2.00000,0.54176,0.66667,0.64286,0.00000,0.71784
1248,0.9457,7380992,1790,0.01241,2.61e-04,0.5714,292.7693,0.37800,625.51601,0.78571,0.69720,2380.35293,1.36883,-0.03588,-0.23405,0.16663,-0.02827,0.37884,0.69363,-0.08376,0.12747,-0.04237,-0.06237,0.03717,0.21967,0.34303,4.89714,0.00000,2.00000,0.55280,0.64286,0.66667,0.00000,0.71514
1249,0.9469,7389184,1798,0.01286,2.61e-04,0.5714,322.1586,0.37800,650.93907,0.82353,0.69789,2397.74981,1.37946,-0.03592,-0.23503,0.17107,-0.02633,0.38243,0.69386,-0.08466,0.12836,-0.05584,-0.06253,0.03878,0.22412,0.34396,3.14600,0.00000,3.00000,0.55280,0.35294,0.36364,0.00000,0.71980
1250,0.9483,7397376,1735,0.01464,2.61e-04,0.5715,225.1945,0.37800,643.00829,0.81250,0.70010,2323.09850,1.35306,-0.03584,-0.22825,0.16217,-0.02487,0.37924,0.69623,-0.08332,0.12266,-0.03578,-0.06210,0.03656,0.21326,0.34299,4.48800,0.00000,1.00000,0.54100,0.56250,0.50000,0.00000,0.71494
1251,0.9496,7405568,1777,0.01225,2.61e-04,0.5717,264.7702,0.37800,400.37152,1.00000,0.69262,2395.95202,1.30336,-0.03602,-0.23468,0.16202,-0.02571,0.38006,0.68946,-0.08351,0.12472,-0.06160,-0.06323,0.03456,0.21576,0.34182,2.49500,0.50000,5.00000,0.54100,0.35714,0.55556,0.00000,0.70911
1252,0.9509,7413760,1763,0.01007,3.13e-04,0.5718,241.1166,0.37800,815.54348,0.78571,0.68384,2407.63801,1.34284,-0.03622,-0.23623,0.16427,-0.02430,0.37426,0.67998,-0.08530,0.12279,-0.04624,-0.06263,0.03682,0.21472,0.34082,2.75455,0.50000,1.00000,0.53953,0.50000,0.50000,0.00000,0.70412
1253,0.9521,7421952,1819,0.01502,3.13e-04,0.5719,247.8654,0.37800,611.48309,0.91304,0.68390,2429.52333,1.37408,-0.03574,-0.23869,0.17216,-0.02445,0.37127,0.68010,-0.08505,0.12937,-0.04310,-0.06271,0.03809,0.22437,0.33884,2.44308,0.00000,1.00000,0.51558,0.30435,0.30000,0.00000,0.69420
1254,0.9534,7430144,1833,0.01065,3.76e-04,0.5720,252.0734,0.37800,641.98883,0.87500,0.71726,2360.96715,1.39073,-0.03574,-0.23105,0.17323,-0.02466,0.39278,0.71270,-0.08332,0.13009,-0.04101,-0.06311,0.04131,0.22540,0.34406,2.93273,0.50000,2.00000,0.51558,0.50000,0.50000,0.00000,0.72028
1255,0.9546,7438336,1813,0.00979,4.51e-04,0.5720,277.9504,0.37800,621.55465,0.94444,0.70962,2298.19546,1.41463,-0.03559,-0.22516,0.17948,-0.02755,0.38808,0.70581,-0.08143,0.13625,-0.04709,-0.06266,0.04024,0.23590,0.34290,2.58571,0.94000,3.00000,0.51018,0.38889,0.42857,0.00000,0.71452
1256,0.9559,7446528,1826,0.01539,4.51e-04,0.5721,274.3521,0.37800,823.79117,0.81818,0.70257,2321.89808,1.37476,-0.03576,-0.22812,0.17234,-0.02568,0.38485,0.69936,-0.08251,0.13198,-0.04478,-0.06268,0.04057,0.22925,0.34252,3.00625,0.00000,0.00000,0.51471,0.63636,0.55556,0.00000,0.71262
1257,0.9571,7454720,1779,0.01358,3.76e-04,0.5721,276.1386,0.37800,447.29585,1.00000,0.69270,2399.06577,1.40039,-0.03536,-0.23537,0.17810,-0.02875,0.38391,0.68899,-0.08129,0.13479,-0.05136,-0.06370,0.03945,0.23389,0.33951,3.37000,0.00000,1.00000,0.51471,0.20000,0.22222,0.00000,0.69754
1258,0.9584,7462912,1805,0.01356,3.76e-04,0.5721,221.7615,0.37800,816.53735,0.73684,0.68677,2377.47333,1.44751,-0.03558,-0.23366,0.18505,-0.02647,0.38339,0.68309,-0.08284,0.14141,-0.03625,-0.06309,0.04254,0.24445,0.34098,3.22154,0.50000,1.00000,0.51324,0.73684,0.69231,0.00000,0.70492
1259,0.9597,7471104,1823,0.01425,3.76e-04,0.5722,197.2517,0.37800,861.33690,0.73333,0.70075,2357.47466,1.44221,-0.03525,-0.23153,0.18502,-0.02586,0.38803,0.69752,-0.08145,0.13989,-0.04879,-0.06301,0.04246,0.24231,0.34282,3.59200,0.00000,0.00000,0.51324,0.80000,0.81818,0.00000,0.71409
1260,0.9609,7479296,1884,0.01549,3.13e-04,0.5721,175.3898,0.37800,789.08974,0.80000,0.69194,2295.80994,1.46081,-0.03508,-0.22598,0.18544,-0.02679,0.38186,0.68915,-0.08186,0.13993,-0.03579,-0.06231,0.04323,0.24304,0.34121,3.30000,0.00000,1.00000,0.53970,0.70000,0.71429,0.00000,0.70606
1261,0.9622,7487488,1753,0.01305,3.13e-04,0.5721,175.9950,0.37800,778.43696,0.81250,0.69854,2296.72832,1.46913,-0.03494,-0.22568,0.18826,-0.02645,0.38878,0.69582,-0.08151,0.14283,-0.03904,-0.06315,0.04416,0.24609,0.34374,4.00000,0.00000,2.00000,0.53970,0.68750,0.72727,0.00000,0.71869
1262,0.9634,7495680,1835,0.01325,2.61e-04,0.5721,179.3761,0.37800,719.23778,0.89474,0.69925,2382.62250,1.45674,-0.03485,-0.23377,0.18732,-0.02645,0.38730,0.69630,-0.08025,0.14156,-0.04490,-0.06390,0.04433,0.24561,0.34413,2.72286,0.50000,2.00000,0.55111,0.57895,0.60000,0.00000,0.72066
1263,0.9647,7503872,1806,0.01122,3.13e-04,0.5721,151.0052,0.37800,763.08753,0.77778,0.70321,2315.93261,1.46821,-0.03491,-0.22769,0.19011,-0.02742,0.38725,0.70003,-0.07862,0.14422,-0.04236,-0.06348,0.04481,0.24933,0.34427,3.45000,0.74000,2.00000,0.55111,0.50000,0.50000,0.00000,0.72136
1264,0.9660,7512064,1774,0.02010,2.17e-04,0.5721,170.9637,0.37800,592.86474,1.00000,0.70359,2278.37245,1.49602,-0.03464,-0.22370,0.19054,-0.02762,0.39063,0.70021,-0.07873,0.14531,-0.04012,-0.06241,0.04604,0.25073,0.34497,3.56000,0.00000,1.00000,0.55017,0.53846,0.58333,0.00000,0.72487
1265,0.9672,7520256,1800,0.01906,1.51e-04,0.5721,212.6084,0.37800,663.05437,0.94444,0.71048,2314.05446,1.54060,-0.03470,-0.22686,0.19325,-0.02656,0.39254,0.70726,-0.08103,0.14928,-0.03312,-0.06283,0.04980,0.25623,0.34536,3.47231,0.00000,3.00000,0.55017,0.66667,0.78571,0.00000,0.72682
1266,0.9685,7528448,1805,0.01252,1.51e-04,0.5721,225.2649,0.37800,588.63253,0.84211,0.72093,2322.14042,1.52254,-0.03499,-0.22802,0.19158,-0.02682,0.40074,0.71757,-0.07838,0.14757,-0.04245,-0.06348,0.04511,0.25433,0.34720,3.40000,0.00000,3.00000,0.56182,0.52632,0.53846,0.00000,0.73599
1267,0.9698,7536640,1819,0.00750,2.17e-04,0.5722,250.3220,0.37800,607.60997,0.81818,0.72842,2221.23264,1.57585,-0.03513,-0.21904,0.20182,-0.02970,0.40681,0.72563,-0.08049,0.15172,-0.04240,-0.06216,0.04701,0.26508,0.35094,3.68667,0.00000,3.00000,0.56182,0.36364,0.50000,0.00000,0.75468
1268,0.9710,7544832,1849,0.01379,2.17e-04,0.5722,272.4037,0.37800,843.05878,0.78571,0.73203,2342.20483,1.57200,-0.03527,-0.23003,0.20214,-0.02983,0.40527,0.72817,-0.08063,0.15238,-0.04132,-0.06259,0.04600,0.26440,0.34918,2.72000,1.02000,1.00000,0.55563,0.57143,0.50000,0.00000,0.74592
1269,0.9723,7553024,1783,0.00592,3.13e-04,0.5722,164.1885,0.37800,715.04259,0.84000,0.71192,2325.15394,1.44412,-0.03506,-0.22795,0.18573,-0.02540,0.38999,0.70833,-0.07958,0.13900,-0.05004,-0.06307,0.04492,0.24268,0.34290,3.68316,0.00000,1.00000,0.57007,0.68000,0.70000,0.00000,0.71448
1270,0.9735,7561216,1802,0.01415,2.61e-04,0.5722,247.7277,0.37800,582.84176,0.88889,0.70390,2250.70820,1.40873,-0.03470,-0.22164,0.18477,-0.02577,0.38724,0.70063,-0.07794,0.13840,-0.04426,-0.06275,0.04320,0.23914,0.34280,2.32500,0.50000,2.00000,0.57007,0.33333,0.28571,0.00000,0.71402
1271,0.9748,7569408,1793,0.01660,2.17e-04,0.5722,253.1223,0.37800,756.59604,0.77778,0.70814,2219.53409,1.49680,-0.03493,-0.21857,0.19413,-0.03011,0.39205,0.70416,-0.07807,0.14749,-0.03825,-0.06253,0.04542,0.25360,0.34412,3.39167,0.50000,3.00000,0.55306,0.44444,0.54545,0.00000,0.72062
1272,0.9761,7577600,1762,0.00972,3.13e-04,0.5722,204.7459,0.37800,934.61077,0.75000,0.69596,2211.08573,1.42247,-0.03536,-0.21739,0.18101,-0.02529,0.38160,0.69229,-0.07817,0.13732,-0.04316,-0.06183,0.04244,0.23755,0.34075,2.81455,0.00000,0.00000,0.55306,0.87500,0.83333,0.00000,0.70377
1273,0.9774,7585792,1852,0.01239,3.13e-04,0.5723,241.8525,0.37800,777.81400,0.81818,0.67624,2349.33021,1.39154,-0.03525,-0.23049,0.17864,-0.02740,0.36977,0.67365,-0.07820,0.13691,-0.04471,-0.06290,0.04219,0.23645,0.33952,2.92000,0.00000,2.00000,0.57144,0.54545,0.57143,0.00000,0.69760
1274,0.9786,7593984,1814,0.01072,3.76e-04,0.5722,280.2368,0.37800,777.63904,0.80952,0.70106,2453.72006,1.38499,-0.03492,-0.24033,0.17299,-0.02737,0.37666,0.69716,-0.07929,0.13452,-0.04700,-0.06383,0.04122,0.23254,0.34068,3.32857,0.00000,0.00000,0.57900,0.71429,0.64706,0.00000,0.70341
1275,0.9799,7602176,1760,0.01723,2.61e-04,0.5722,282.6041,0.37800,892.25141,0.72727,0.69414,2455.32685,1.36542,-0.03512,-0.24088,0.16979,-0.02583,0.37538,0.69013,-0.07890,0.13042,-0.04463,-0.06382,0.03688,0.22467,0.34018,2.64286,0.00000,0.00000,0.57900,0.63636,0.50000,0.00000,0.70089
1276,0.9812,7610368,1766,0.02088,1.81e-04,0.5722,240.2163,0.37800,777.11869,0.87500,0.67864,2486.09425,1.35074,-0.03490,-0.24394,0.17030,-0.02696,0.36592,0.67500,-0.07752,0.13333,-0.04968,-0.06434,0.03840,0.22693,0.33709,2.91385,0.50000,2.00000,0.58610,0.68750,0.75000,0.00000,0.68547
1277,0.9825,7618560,1813,0.01139,2.17e-04,0.5722,208.5179,0.37800,788.95523,0.81250,0.68285,2380.40320,1.35784,-0.03500,-0.23366,0.16957,-0.02422,0.36978,0.67867,-0.07806,0.13169,-0.04509,-0.06347,0.03988,0.22546,0.33635,3.59818,0.00000,1.00000,0.58610,0.81250,0.83333,0.00000,0.68175
1278,0.9838,7626752,1764,0.01925,1.81e-04,0.5722,194.5066,0.37400,772.57173,0.86667,0.68499,2447.35040,1.37415,-0.03469,-0.23964,0.17582,-0.02668,0.37101,0.68070,-0.07841,0.13721,-0.04592,-0.06275,0.04318,0.23486,0.33733,2.64545,0.50000,3.00000,0.60931,0.66667,0.80000,0.00000,0.68667
1279,0.9850,7634944,1812,0.01356,1.81e-04,0.5723,239.6166,0.37400,528.61282,0.94737,0.70478,2378.65569,1.37567,-0.03460,-0.23341,0.17180,-0.02539,0.38451,0.70076,-0.07672,0.13190,-0.05766,-0.06385,0.04180,0.22748,0.34095,3.96923,0.00000,1.00000,0.59544,0.47368,0.47059,0.00000,0.70473
1280,0.9863,7643136,1805,0.01809,1.26e-04,0.5723,233.6639,0.37400,746.66481,0.73333,0.68743,2344.17737,1.42610,-0.03515,-0.23043,0.17922,-0.02774,0.37584,0.68399,-0.07901,0.13948,-0.03419,-0.06273,0.04324,0.23993,0.33988,1.60571,0.50000,3.00000,0.59544,0.60000,0.62500,0.00000,0.69941
1281,0.9876,7651328,1795,0.01108,1.51e-04,0.5723,151.7378,0.37000,815.43341,0.81250,0.69460,2444.51199,1.40406,-0.03546,-0.23962,0.18029,-0.02660,0.37589,0.69105,-0.08067,0.13916,-0.05395,-0.06374,0.04601,0.23907,0.34156,2.80000,0.00000,1.00000,0.60589,0.68750,0.75000,0.00000,0.70780
1282,0.9888,7659520,1792,0.01653,1.05e-04,0.5723,253.3368,0.37000,592.98234,0.81250,0.70646,2408.16851,1.40288,-0.03535,-0.23595,0.17925,-0.02729,0.38247,0.70237,-0.08019,0.13443,-0.04291,-0.06263,0.04225,0.23395,0.34169,3.14222,0.50000,4.00000,0.60589,0.50000,0.55556,0.00000,0.70845
1283,0.9901,7667712,1766,0.00998,1.51e-04,0.5723,249.0859,0.36600,582.53691,0.92857,0.71656,2429.45947,1.46986,-0.03508,-0.23790,0.19048,-0.02634,0.39289,0.71245,-0.07925,0.14416,-0.05870,-0.06337,0.04500,0.24976,0.34175,2.55000,0.00000,2.00000,0.60031,0.42857,0.54545,0.00000,0.70873
1284,0.9914,7675904,1763,0.00883,2.17e-04,0.5723,276.2833,0.36600,598.67095,0.86667,0.71711,2450.82726,1.49970,-0.03536,-0.24034,0.19295,-0.03046,0.38653,0.71320,-0.08077,0.14791,-0.05067,-0.06262,0.04624,0.25720,0.34229,2.60250,0.00000,1.00000,0.60031,0.46667,0.41667,0.00000,0.71147
1285,0.9927,7684096,1796,0.01371,2.17e-04,0.5725,325.2243,0.36600,719.39629,0.76923,0.73113,2366.37034,1.46014,-0.03563,-0.23230,0.18624,-0.03003,0.39943,0.72729,-0.08351,0.14385,-0.05297,-0.06280,0.04670,0.24634,0.34741,3.15429,0.50000,3.00000,0.59545,0.61538,0.64706,0.00000,0.73705
1286,0.9939,7692288,1847,0.00817,3.13e-04,0.5726,316.7295,0.36600,632.66327,0.94444,0.72336,2322.89659,1.47198,-0.03542,-0.22773,0.18847,-0.02991,0.39591,0.71993,-0.08033,0.14314,-0.04266,-0.06216,0.04421,0.24579,0.34567,2.25667,0.00000,2.00000,0.59545,0.55556,0.60000,0.00000,0.72834
1287,0.9952,7700480,1761,0.01209,3.13e-04,0.5728,261.1518,0.36200,647.42469,0.89474,0.72534,2313.62765,1.47748,-0.03518,-0.22708,0.19119,-0.02960,0.39843,0.72250,-0.07876,0.14620,-0.04732,-0.06250,0.04469,0.25049,0.34544,3.11000,0.00000,1.00000,0.60364,0.73684,0.75000,0.00000,0.72719
1288,0.9965,7708672,1743,0.01091,3.76e-04,0.5729,236.4412,0.36200,833.79139,0.81818,0.71378,2378.58623,1.44166,-0.03504,-0.23269,0.19123,-0.03040,0.38770,0.71021,-0.07974,0.14654,-0.06469,-0.06254,0.04379,0.25085,0.34160,3.29250,0.00000,0.00000,0.60364,0.81818,0.77778,0.00000,0.70799
1289,0.9978,7716864,1818,0.01151,3.76e-04,0.5729,201.7002,0.35800,888.33395,0.75000,0.69498,2326.04754,1.47319,-0.03502,-0.22848,0.19232,-0.02938,0.37490,0.69221,-0.07742,0.14662,-0.04715,-0.06223,0.04622,0.25153,0.33713,2.83636,0.00000,1.00000,0.62328,0.75000,0.81818,0.00000,0.68563
1290,0.9991,7725056,1791,0.01066,5.41e-04,0.5729,225.0985,0.35800,816.52935,0.80000,0.68751,2295.57570,1.40656,-0.03526,-0.22580,0.17847,-0.02733,0.36869,0.68459,-0.07711,0.13681,-0.03639,-0.06198,0.04542,0.23511,0.33442,2.72400,0.00000,0.00000,0.62328,0.60000,0.58333,0.00000,0.67212
1291,1.0003,7733248,1828,0.01883,3.76e-04,0.5729,229.8496,0.35400,666.16851,0.78571,0.67303,2352.44573,1.35747,-0.03515,-0.23089,0.17300,-0.02351,0.35986,0.67007,-0.07919,0.12975,-0.04679,-0.06287,0.04462,0.22479,0.33155,2.56000,0.00000,1.00000,0.61550,0.57143,0.50000,0.00000,0.65775
1292,1.0016,7741440,1753,0.01186,3.76e-04,0.5729,275.4480,0.35400,722.64942,0.75000,0.68160,2343.72416,1.34848,-0.03517,-0.23014,0.17178,-0.02703,0.36177,0.67901,-0.07896,0.12765,-0.04730,-0.06181,0.04410,0.22278,0.33268,3.57000,0.00000,1.00000,0.61550,0.50000,0.36364,0.00000,0.66338
1293,1.0029,7749632,1786,0.01351,3.13e-04,0.5729,250.3129,0.35000,745.11630,0.81250,0.68159,2419.10653,1.34044,-0.03542,-0.23686,0.17265,-0.02492,0.36472,0.67836,-0.07929,0.12850,-0.05480,-0.06196,0.04309,0.22272,0.33436,4.04364,0.00000,2.00000,0.60849,0.68750,0.72727,0.00000,0.67178
1294,1.0042,7757824,1780,0.01366,3.13e-04,0.5729,248.5625,0.35000,636.27068,0.85714,0.68140,2390.68109,1.33572,-0.03552,-0.23514,0.17157,-0.02546,0.35908,0.67812,-0.07869,0.12801,-0.04100,-0.06189,0.04032,0.22235,0.33257,2.33273,0.00000,3.00000,0.60849,0.52381,0.53333,0.00000,0.66285
1295,1.0055,7766016,1752,0.01300,3.13e-04,0.5730,283.1450,0.34600,816.22801,0.84615,0.67329,2442.32967,1.25569,-0.03552,-0.23892,0.16250,-0.02766,0.35327,0.67113,-0.07808,0.12238,-0.05498,-0.06257,0.03641,0.21191,0.33150,2.42889,0.00000,1.00000,0.61164,0.76923,0.80000,0.00000,0.65748
1296,1.0068,7774208,1786,0.00927,4.51e-04,0.5730,237.1963,0.34600,578.05165,0.82353,0.66420,2473.97541,1.23562,-0.03576,-0.24227,0.15715,-0.02535,0.34816,0.66176,-0.07904,0.11911,-0.06334,-0.06270,0.03504,0.20526,0.32997,2.49143,0.50000,3.00000,0.61164,0.41176,0.45455,0.00000,0.64986
1297,1.0080,7782400,1825,0.01298,3.76e-04,0.5730,220.0293,0.34200,707.63018,0.88889,0.65167,2477.04886,1.19898,-0.03558,-0.24274,0.15375,-0.02480,0.34183,0.64911,-0.07933,0.11474,-0.05101,-0.06300,0.03622,0.20026,0.32952,2.84667,0.00000,2.00000,0.60648,0.55556,0.64286,0.00000,0.64758
1298,1.0093,7790592,1761,0.01410,3.13e-04,0.5730,290.7726,0.34200,673.24915,0.85714,0.64502,2434.62642,1.17377,-0.03579,-0.23862,0.14899,-0.02110,0.34010,0.64309,-0.07905,0.11113,-0.05546,-0.06237,0.03576,0.19238,0.32830,2.32444,0.50000,4.00000,0.60648,0.50000,0.62500,0.00000,0.64150
1299,1.0106,7798784,1777,0.01010,3.13e-04,0.5730,272.2332,0.34200,708.38649,0.58333,0.63736,2424.59213,1.19102,-0.03557,-0.23810,0.14925,-0.02413,0.33338,0.63526,-0.07914,0.11166,-0.04466,-0.06182,0.03590,0.19238,0.32662,1.78667,0.00000,1.00000,0.60648,0.41667,0.16667,0.00000,0.63308
1300,1.0120,7806976,1714,0.01311,3.76e-04,0.5729,212.9519,0.34200,654.61460,0.84000,0.63915,2438.35601,1.19551,-0.03538,-0.23981,0.15153,-0.02521,0.33883,0.63667,-0.07516,0.11559,-0.04991,-0.06260,0.03517,0.19641,0.32984,2.34267,0.50000,1.00000,0.59289,0.56000,0.50000,0.00000,0.64921
1301,1.0133,7815168,1772,0.01265,4.51e-04,0.5728,228.7968,0.34200,544.32197,0.93750,0.66359,2396.62822,1.21166,-0.03519,-0.23460,0.15537,-0.02664,0.35349,0.66099,-0.07824,0.11815,-0.05288,-0.06247,0.03661,0.20233,0.33257,2.42600,0.50000,2.00000,0.59289,0.50000,0.53846,0.00000,0.66284
1302,1.0146,7823360,1700,0.01172,4.51e-04,0.5728,213.2217,0.34200,617.71555,0.72222,0.65379,2384.58401,1.20044,-0.03574,-0.23380,0.15085,-0.02402,0.34703,0.65086,-0.07716,0.11485,-0.05500,-0.06175,0.03732,0.19586,0.32986,4.87750,0.50000,3.00000,0.59447,0.66667,0.70000,0.00000,0.64931
1303,1.0159,7831552,1733,0.01753,3.13e-04,0.5728,286.7848,0.34200,727.36361,0.89474,0.65100,2454.89394,1.17707,-0.03586,-0.24067,0.14901,-0.02439,0.34249,0.64832,-0.07711,0.11509,-0.05653,-0.06291,0.03449,0.19501,0.33005,3.52500,0.00000,0.00000,0.59973,0.68421,0.64706,0.00000,0.65023
1304,1.0172,7839744,1773,0.01163,3.13e-04,0.5728,290.7737,0.34200,784.48481,0.75000,0.63768,2582.91094,1.14250,-0.03625,-0.25311,0.14087,-0.02701,0.33137,0.63448,-0.08113,0.11110,-0.05628,-0.06336,0.03153,0.18817,0.32879,2.44286,0.50000,1.00000,0.59973,0.50000,0.50000,0.00000,0.64397
1305,0.0012,8192,1846,0.01167,3.76e-04,0.5728,694.4609,0.34200,6.32539,0.11765,0.90567,754.90321,0.54466,-0.03639,-0.07481,0.07200,-0.01182,0.53650,0.89994,-0.03802,0.07341,-0.01040,-0.06922,0.01744,0.09473,0.38016,0.00000,0.00000,0.00000,0.59973,0.05882,0.00000,0.00000,0.90082
1306,0.0027,16384,1553,0.01855,2.61e-04,0.5729,216.3826,0.34200,33.70593,0.52941,0.52929,1393.58350,0.69727,-0.03642,-0.13629,0.08832,-0.01622,0.29320,0.52589,-0.04200,0.07875,-0.04334,-0.06062,0.01961,0.11633,0.30396,0.00000,0.00000,2.00000,0.59973,0.17647,0.00000,0.00000,0.51981
1307,0.0040,24576,1761,0.02044,1.81e-04,0.5729,238.5300,0.34200,47.02123,0.77778,0.47860,1874.66083,0.67606,-0.03562,-0.18405,0.08066,-0.01621,0.24510,0.47750,-0.05834,0.07190,-0.03659,-0.06099,0.01953,0.10944,0.30086,0.00000,0.00000,0.00000,0.53976,0.16667,0.00000,0.00000,0.50432
