iter,hours,steps,fps,kl,lr,std,value_loss,blocks_per_s,ep_return,fall_rate,falls,head_share,hit_speed,hits_per_s,knockdowns_per_min,legs_gone_per_min,reward_per_step,their_falls,their_head_share,their_hits_per_s,matt:blocks_per_s,matt:ep_return,matt:fall_rate,matt:falls,matt:head_share,matt:hit_speed,matt:hits_per_s,matt:knockdowns_per_min,matt:legs_gone_per_min,matt:reward_per_step,matt:their_falls,matt:their_head_share,matt:their_hits_per_s,nick:blocks_per_s,nick:ep_return,nick:fall_rate,nick:falls,nick:head_share,nick:hit_speed,nick:hits_per_s,nick:knockdowns_per_min,nick:legs_gone_per_min,nick:reward_per_step,nick:their_falls,nick:their_head_share,nick:their_hits_per_s,lilmatt:blocks_per_s,lilmatt:ep_return,lilmatt:fall_rate,lilmatt:falls,lilmatt:head_share,lilmatt:hit_speed,lilmatt:hits_per_s,lilmatt:knockdowns_per_min,lilmatt:legs_gone_per_min,lilmatt:reward_per_step,lilmatt:their_falls,lilmatt:their_head_share,lilmatt:their_hits_per_s,trump:blocks_per_s,trump:ep_return,trump:fall_rate,trump:falls,trump:head_share,trump:hit_speed,trump:hits_per_s,trump:knockdowns_per_min,trump:legs_gone_per_min,trump:reward_per_step,trump:their_falls,trump:their_head_share,trump:their_hits_per_s,grandma:blocks_per_s,grandma:ep_return,grandma:fall_rate,grandma:falls,grandma:head_share,grandma:hit_speed,grandma:hits_per_s,grandma:knockdowns_per_min,grandma:legs_gone_per_min,grandma:reward_per_step,grandma:their_falls,grandma:their_head_share,grandma:their_hits_per_s,grandpa:blocks_per_s,grandpa:ep_return,grandpa:fall_rate,grandpa:falls,grandpa:head_share,grandpa:hit_speed,grandpa:hits_per_s,grandpa:knockdowns_per_min,grandpa:legs_gone_per_min,grandpa:reward_per_step,grandpa:their_falls,grandpa:their_head_share,grandpa:their_hits_per_s
0,0.0021,55296,7193,0.64326,6.98e-05,0.2998,2366.2671,0.12207,4.71140,0.00000,0.00000,0.79428,6.19600,0.07053,0.00000,0.00000,0.13236,0.00000,0.02222,0.03617,0.05425,3.43346,0.00000,0.00000,0.86667,8.67062,0.08138,0.00000,0.00000,0.14777,0.00000,0.00000,0.05425,0.27669,5.31720,0.00000,0.00000,1.00000,7.16224,0.08681,0.00000,0.00000,0.12511,0.00000,0.13333,0.08138,0.14648,5.16123,0.00000,0.00000,0.95455,7.72779,0.11936,0.00000,0.00000,0.12518,0.00000,0.00000,0.01628,0.00543,6.12285,0.00000,0.00000,0.94444,7.68402,0.09766,0.00000,0.00000,0.13790,0.00000,0.00000,0.00000,0.00543,3.32324,0.00000,0.00000,1.00000,5.93130,0.03798,0.00000,0.00000,0.13788,0.00000,0.00000,0.00000,0.24414,4.91043,0.00000,0.00000,0.00000,0.00000,0.00000,0.00000,0.00000,0.12032,0.00000,0.00000,0.06510
1,0.0038,110592,9219,0.00973,1.00e-04,0.2998,3031.4768,0.57690,12.98342,0.04559,0.04559,0.98470,7.46029,0.66551,0.00000,0.00000,0.12441,0.00000,0.01235,0.24233,0.48286,15.63317,0.05000,0.05000,0.95455,8.42901,0.47743,0.00000,0.00000,0.12393,0.00000,0.01163,0.46658,1.51367,12.32126,0.08000,0.08000,0.96386,6.71596,0.90061,0.00000,0.00000,0.09577,0.00000,0.03922,0.27669,0.77040,14.18370,0.00000,0.00000,1.00000,7.82006,0.92231,0.00000,0.00000,0.16455,0.00000,0.00000,0.36350,0.01085,12.91420,0.09091,0.09091,0.98980,7.77600,1.06337,0.00000,0.00000,0.18133,0.00000,0.00000,0.02170,0.13563,10.22466,0.05263,0.05263,1.00000,6.97128,0.55339,0.00000,0.00000,0.11651,0.00000,0.00000,0.09223,0.54796,12.62354,0.00000,0.00000,1.00000,7.04944,0.07595,0.00000,0.00000,0.06439,0.00000,0.02326,0.23329
2,0.0055,165888,9414,0.00295,4.32e-04,0.2998,1353.5878,0.78848,10.06785,0.27704,0.23689,0.97053,6.87561,0.94220,0.10851,0.00000,-0.05300,0.04015,0.03280,0.46839,1.35091,18.42884,0.15000,0.00000,0.94416,7.91352,1.06879,0.32552,0.00000,0.12462,0.15000,0.00000,1.13932,1.11220,0.59542,0.59091,0.50000,0.94872,6.03882,0.42318,0.32552,0.00000,-0.51921,0.09091,0.14286,0.41775,0.92773,8.21461,0.22222,0.22222,0.98522,7.16264,1.10135,0.00000,0.00000,-0.00214,0.00000,0.00000,0.55339,0.09766,12.38149,0.25000,0.25000,0.98592,7.29843,1.92600,0.00000,0.00000,0.05858,0.00000,0.00000,0.05425,0.29839,0.33012,0.31579,0.31579,0.98857,6.47565,0.94944,0.00000,0.00000,0.06953,0.00000,0.03922,0.27669,0.94401,20.45664,0.13333,0.13333,0.97059,6.36456,0.18446,0.00000,0.00000,-0.04937,0.00000,0.01471,0.36892
3,0.0071,221184,9223,0.00322,5.00e-04,0.2997,1154.7301,0.72067,9.48932,0.50583,0.38308,0.95267,6.11830,0.66370,1.19358,0.00000,-0.16933,0.12275,0.03625,0.42860,1.50282,23.85284,0.24000,0.24000,0.95169,7.95234,1.12305,0.00000,0.00000,0.13316,0.00000,0.00000,1.22070,0.69987,-11.24527,0.92473,0.74194,0.84783,5.19539,0.24957,3.58073,0.00000,-0.79892,0.18280,0.12821,0.21159,0.99826,8.36652,0.63636,0.48485,0.94340,5.65490,0.57509,0.97656,0.00000,-0.20246,0.15152,0.01136,0.47743,0.16819,23.76109,0.21875,0.15625,1.00000,6.26557,1.06879,0.32552,0.00000,-0.11037,0.06250,0.00000,0.04340,0.37435,7.13585,0.50000,0.34211,0.99200,5.78068,0.67817,0.97656,0.00000,0.01893,0.15789,0.05128,0.21159,0.58051,5.06487,0.51515,0.33333,0.98113,5.86094,0.28754,1.30208,0.00000,-0.05631,0.18182,0.02667,0.40690
4,0.0088,276480,9429,0.00189,5.00e-04,0.2997,1296.5074,0.60583,9.68075,0.62313,0.47674,0.95664,6.34891,0.53711,1.79036,0.00000,-0.17943,0.14812,0.02624,0.37164,1.27496,24.50296,0.39286,0.28571,0.93122,7.91584,1.02539,0.65104,0.00000,0.14426,0.10714,0.00000,1.18273,0.68902,-15.09050,0.95833,0.71875,0.89189,5.47204,0.20074,5.20833,0.00000,-0.65739,0.25000,0.06667,0.16276,0.68359,8.91176,0.69643,0.51786,1.00000,6.63414,0.34722,2.60417,0.00000,-0.29360,0.17857,0.01724,0.31467,0.09766,12.77587,0.72973,0.64865,0.99351,6.47945,0.83550,0.32552,0.00000,-0.16846,0.08108,0.00000,0.01628,0.43403,17.88901,0.39474,0.28947,0.93750,5.68421,0.43403,1.30208,0.00000,-0.03841,0.10526,0.00000,0.18446,0.45573,9.09543,0.56667,0.40000,0.98571,5.90777,0.37977,0.65104,0.00000,-0.06295,0.16667,0.07353,0.36892
5,0.0104,331776,9329,0.00173,5.00e-04,0.2997,1306.9723,0.65285,10.81211,0.70378,0.55418,0.97772,6.53055,0.49732,0.81380,0.00000,-0.16046,0.14961,0.02337,0.38249,1.24783,15.18614,0.52941,0.47059,0.94578,7.83051,0.90061,0.00000,0.00000,0.17034,0.05882,0.00495,1.09592,0.88976,-13.02513,0.90000,0.78333,0.93443,5.72503,0.33095,0.32552,0.00000,-0.50849,0.11667,0.09091,0.23872,0.74327,15.33227,0.71186,0.64407,1.00000,6.66436,0.34180,0.65104,0.00000,-0.33018,0.06780,0.00000,0.37435,0.07595,16.74041,0.87273,0.67273,0.98611,6.62658,0.78125,1.62760,0.00000,-0.20271,0.20000,0.00000,0.02170,0.46115,21.11550,0.60000,0.45000,1.00000,6.00001,0.36892,1.30208,0.00000,-0.06319,0.15000,0.03030,0.17904,0.49913,9.52345,0.60870,0.30435,1.00000,6.33682,0.26042,0.97656,0.00000,-0.02855,0.30435,0.01408,0.38520
6,0.0121,387072,9288,0.00185,5.00e-04,0.2997,1248.1937,0.68540,15.64663,0.72902,0.60513,0.96493,6.46946,0.58865,0.70530,0.00000,-0.14818,0.13585,0.07325,0.43312,1.40516,39.11901,0.45000,0.45000,0.93427,7.59725,1.15560,0.00000,0.00000,0.20389,0.00000,0.00000,1.31836,1.00911,-7.20435,0.96364,0.78182,0.97468,5.59639,0.42860,1.95313,0.00000,-0.56348,0.18182,0.30909,0.29839,0.71615,7.72199,0.79167,0.60417,0.96296,6.70688,0.43945,0.65104,0.00000,-0.27446,0.18750,0.01724,0.31467,0.06510,23.28025,0.95349,0.81395,0.98101,6.60070,0.85720,0.65104,0.00000,-0.12457,0.13953,0.00000,0.03798,0.48286,19.69976,0.57895,0.52632,0.95588,6.12554,0.36892,0.32552,0.00000,-0.08216,0.07895,0.07317,0.22244,0.43403,11.26311,0.63636,0.45455,0.98077,6.18999,0.28212,0.65104,0.00000,-0.04828,0.22727,0.04000,0.40690
7,0.0138,442368,9292,0.00209,5.00e-04,0.2996,1171.0983,0.69897,25.85263,0.68585,0.54086,0.95497,6.48705,0.57328,0.75955,0.00000,-0.15286,0.14499,0.04220,0.44397,1.45399,49.60240,0.33333,0.33333,0.92857,7.83668,1.13932,0.00000,0.00000,0.25844,0.00000,0.00000,1.29123,0.93316,-12.78996,0.93443,0.77049,0.89655,5.35734,0.31467,1.30208,0.00000,-0.62723,0.16393,0.18182,0.29839,0.83550,11.10991,0.87755,0.73469,0.96000,6.52938,0.54253,0.00000,0.00000,-0.28647,0.14286,0.00000,0.36892,0.05968,38.26019,0.76190,0.54762,0.97959,6.82534,0.79753,0.97656,0.00000,-0.14638,0.21429,0.00000,0.02713,0.39062,27.89016,0.79412,0.61765,0.98592,6.40823,0.38520,0.97656,0.00000,-0.06973,0.17647,0.05769,0.28212,0.52083,41.04307,0.41379,0.24138,0.97917,5.96533,0.26042,1.30208,0.00000,-0.04578,0.17241,0.01370,0.39605
8,0.0154,497664,9516,0.00244,5.00e-04,0.2996,1152.0909,0.69535,29.93243,0.71064,0.56539,0.97848,6.38049,0.56876,0.81380,0.00000,-0.13602,0.14827,0.03191,0.43674,1.43772,72.81589,0.25000,0.25000,0.94500,7.79278,1.08507,0.00000,0.00000,0.28155,0.00000,0.00000,1.28581,0.84635,-21.23877,0.96364,0.72727,0.96154,5.69055,0.28212,0.97656,0.00000,-0.62600,0.25455,0.19149,0.25499,0.83008,20.53065,0.80435,0.69565,0.97753,6.21297,0.48286,0.65104,0.00000,-0.23592,0.10870,0.00000,0.42860,0.10308,44.86353,0.89583,0.79167,1.00000,6.83585,0.90603,0.97656,0.00000,-0.14202,0.10417,0.00000,0.02713,0.47201,31.39095,0.75000,0.52778,0.98684,5.91875,0.41233,1.62760,0.00000,-0.07650,0.22222,0.00000,0.26584,0.48286,31.23234,0.60000,0.40000,1.00000,5.83207,0.24414,0.65104,0.00000,-0.01719,0.20000,0.00000,0.35807
9,0.0170,552960,9538,0.00185,5.00e-04,0.2996,1035.4126,0.70349,37.00323,0.67204,0.46477,0.95175,6.19736,0.58684,1.41059,0.00000,-0.09959,0.21613,0.02747,0.48014,1.35634,103.65189,0.14286,0.14286,0.93301,7.74105,1.13390,0.00000,0.00000,0.27870,0.00000,0.00000,1.33464,0.99826,-19.00626,0.97059,0.70588,0.89362,5.20383,0.25499,2.92969,0.00000,-0.57496,0.27941,0.13462,0.28212,0.78668,14.55922,0.81081,0.51351,0.96512,6.24095,0.46658,1.95313,0.00000,-0.22520,0.29730,0.01099,0.49371,0.09223,40.84776,0.82500,0.55000,0.97253,6.63434,0.98741,1.62760,0.00000,-0.09036,0.27500,0.00000,0.05425,0.41775,36.72151,0.82143,0.60714,0.94624,5.82143,0.50456,1.62760,0.00000,-0.03953,0.21429,0.01923,0.28212,0.56966,45.24523,0.46154,0.26923,1.00000,5.54255,0.17361,0.32552,0.00000,0.05383,0.23077,0.00000,0.43403
10,0.0187,608256,9494,0.00192,5.00e-04,0.2996,1027.2316,0.70168,48.84648,0.66828,0.47240,0.95132,6.18207,0.60221,0.97656,0.00000,-0.08831,0.19588,0.02299,0.48738,1.50282,115.69840,0.12000,0.08000,0.93333,7.67429,1.13932,0.00000,0.00000,0.30336,0.04000,0.00000,1.31836,0.91688,-16.87438,0.97959,0.69388,0.85938,4.98958,0.34722,1.30208,0.00000,-0.53593,0.28571,0.12727,0.29839,0.76497,23.84488,0.95000,0.65000,0.95789,5.95372,0.51541,2.27865,0.00000,-0.17926,0.30000,0.01064,0.50998,0.06510,49.03748,0.80000,0.53333,0.99435,6.77617,0.96029,1.62760,0.00000,-0.11429,0.26667,0.00000,0.05425,0.43403,37.49742,0.79167,0.66667,0.96296,5.90887,0.43945,0.00000,0.00000,-0.08542,0.12500,0.00000,0.33095,0.52626,83.87507,0.36842,0.21053,1.00000,5.78978,0.21159,0.65104,0.00000,0.08170,0.15789,0.00000,0.41233
11,0.0203,663552,9472,0.00229,5.00e-04,0.2996,979.8728,0.70530,51.15668,0.64589,0.47506,0.95583,6.36079,0.65466,0.86806,0.00000,-0.06880,0.17454,0.02980,0.46025,1.31293,142.15499,0.00000,0.00000,0.94762,7.82703,1.13932,0.00000,0.00000,0.32494,0.00000,0.00000,1.19900,0.96029,-13.48065,0.95556,0.77778,0.87302,5.25968,0.34180,0.97656,0.00000,-0.53178,0.20000,0.05769,0.28212,0.91146,11.65945,0.92308,0.65385,0.98291,6.14049,0.63477,1.30208,0.00000,-0.20089,0.26923,0.01000,0.54253,0.07053,33.37918,0.86207,0.51724,0.99502,6.92605,1.09049,1.95313,0.00000,-0.03779,0.34483,0.11111,0.04883,0.43945,26.55692,0.89655,0.75862,0.97561,5.93731,0.44488,0.65104,0.00000,-0.05754,0.13793,0.00000,0.23872,0.53711,106.67021,0.23810,0.14286,0.96078,6.07416,0.27669,0.32552,0.00000,0.09027,0.09524,0.00000,0.45030
12,0.0219,718848,9461,0.00216,5.00e-04,0.2995,823.0102,0.70077,51.11230,0.70373,0.50405,0.96508,6.26132,0.60764,1.30208,0.00000,-0.07656,0.21138,0.01529,0.46025,1.34006,148.92528,0.06667,0.06667,0.94737,7.81029,1.03082,0.00000,0.00000,0.30405,0.00000,0.00000,1.24240,1.00911,-17.02020,0.98246,0.75439,0.91228,5.34961,0.30924,2.60417,0.00000,-0.57133,0.24561,0.08163,0.26584,0.79210,3.92410,0.95000,0.65000,0.96907,5.99792,0.52626,1.62760,0.00000,-0.20426,0.30000,0.01010,0.53711,0.08681,52.16123,0.88571,0.68571,0.99474,6.85490,1.03082,1.62760,0.00000,-0.08116,0.20000,0.00000,0.01628,0.43945,47.47320,0.75862,0.55172,0.98925,5.99286,0.50456,0.97656,0.00000,0.00307,0.20690,0.00000,0.28212,0.53711,71.21018,0.57895,0.31579,0.97778,5.56233,0.24414,0.97656,0.00000,0.09027,0.31579,0.00000,0.41775
13,0.0236,774144,9396,0.00228,5.00e-04,0.2995,854.7422,0.72609,40.46762,0.75013,0.48662,0.94333,6.31678,0.60945,1.35634,0.00000,-0.05214,0.26842,0.01757,0.48466,1.37804,118.06293,0.22727,0.22727,0.93035,7.82617,1.09049,0.00000,0.00000,0.31104,0.00000,0.00000,1.28581,0.97656,-11.36271,0.98333,0.75000,0.83333,5.02159,0.39062,1.62760,0.00000,-0.53235,0.23333,0.08621,0.31467,0.84635,9.88667,1.00000,0.60714,0.92941,5.98402,0.46115,1.95313,0.00000,-0.15221,0.39286,0.00000,0.49371,0.08138,21.79241,0.96667,0.60000,0.98990,6.58957,1.07422,1.30208,0.00000,-0.04416,0.36667,0.00000,0.04340,0.50456,34.22153,0.85294,0.44118,0.97701,5.85169,0.47201,2.60417,0.00000,-0.00859,0.44118,0.01923,0.28212,0.56966,70.20486,0.47059,0.29412,1.00000,6.62763,0.16819,0.65104,0.00000,0.11345,0.17647,0.00000,0.48828
14,0.0252,829440,9446,0.00185,5.00e-04,0.2995,805.3033,0.73061,62.29163,0.69849,0.46348,0.95203,6.35192,0.63657,1.35634,0.00000,-0.02266,0.23502,0.02650,0.50365,1.34006,155.48539,0.10000,0.10000,0.91707,7.77005,1.11220,0.00000,0.00000,0.32210,0.00000,0.00000,1.26411,0.90061,-9.68274,0.96078,0.70588,0.84615,5.81998,0.35265,2.60417,0.00000,-0.46379,0.25490,0.15000,0.32552,0.92231,22.67703,0.96429,0.71429,0.96117,6.21533,0.55881,1.62760,0.00000,-0.15731,0.25000,0.00901,0.60221,0.10851,51.08241,0.94872,0.53846,1.00000,6.65260,1.17188,2.60417,0.00000,-0.02249,0.41026,0.00000,0.03255,0.48828,68.73750,0.77273,0.50000,0.98780,5.65004,0.44488,0.97656,0.00000,0.00689,0.27273,0.00000,0.29297,0.62391,85.45018,0.44444,0.22222,1.00000,6.00354,0.17904,0.32552,0.00000,0.17863,0.22222,0.00000,0.50456
15,0.0269,884736,9427,0.00261,5.00e-04,0.2995,820.9533,0.76407,69.55062,0.66459,0.37599,0.95002,6.31396,0.63657,1.30208,0.00000,-0.02491,0.28860,0.02682,0.49642,1.34549,153.08264,0.18182,0.09091,0.94787,7.95113,1.14475,0.00000,0.00000,0.34042,0.09091,0.00000,1.22070,1.05794,-19.16236,1.00000,0.78261,0.84507,5.27717,0.38520,1.95313,0.00000,-0.49216,0.21739,0.15094,0.28754,0.89518,27.86902,0.92308,0.48718,0.95506,6.14670,0.48286,1.95313,0.00000,-0.18280,0.43590,0.01000,0.54253,0.07053,51.24600,0.96667,0.46667,0.97512,6.85337,1.09049,1.95313,0.00000,0.03031,0.50000,0.00000,0.02713,0.50998,35.34624,0.85714,0.42857,0.97701,5.72701,0.47201,1.62760,0.00000,0.01226,0.42857,0.00000,0.34722,0.70530,168.92216,0.05882,0.00000,1.00000,5.92839,0.24414,0.32552,0.00000,0.14250,0.05882,0.00000,0.55339
16,0.0285,940032,9478,0.00242,5.00e-04,0.2994,720.6341,0.74689,76.60405,0.70606,0.40422,0.96215,6.23511,0.64110,1.46484,0.00000,0.00324,0.30909,0.01365,0.51902,1.39974,192.94106,0.14286,0.14286,0.95928,7.89026,1.19900,0.00000,0.00000,0.37086,0.00000,0.00000,1.25868,1.05794,-16.63173,0.97872,0.72340,0.90196,5.45253,0.27669,1.95313,0.00000,-0.50260,0.25532,0.05455,0.29839,0.86806,25.03134,0.93548,0.54839,0.96552,5.88738,0.47201,0.97656,0.00000,-0.15449,0.38710,0.00885,0.61306,0.08681,68.28427,0.90323,0.41935,0.99515,6.78341,1.11762,3.90625,0.00000,0.06342,0.48387,0.00000,0.01628,0.41775,66.55884,0.82609,0.39130,0.95098,5.92601,0.55339,1.62760,0.00000,0.06502,0.47826,0.01852,0.29297,0.65104,123.44054,0.45000,0.20000,1.00000,5.47107,0.22786,0.32552,0.00000,0.17727,0.25000,0.00000,0.63477
17,0.0303,995328,8672,0.00216,5.00e-04,0.2994,732.8690,0.77402,77.52935,0.66771,0.28415,0.95921,6.20657,0.63838,1.79036,0.00000,0.01858,0.38877,0.00806,0.53259,1.42687,212.98033,0.05556,0.05556,0.96585,7.80441,1.11220,0.00000,0.00000,0.36912,0.00000,0.00000,1.27496,1.04167,-25.11100,1.00000,0.60976,0.86364,4.72804,0.35807,3.25521,0.00000,-0.50595,0.39024,0.04839,0.33637,0.84635,23.97951,0.90625,0.40625,0.97872,6.23580,0.50998,2.92969,0.00000,-0.12235,0.53125,0.00000,0.47743,0.10308,73.61905,0.88889,0.16667,0.97674,6.67249,1.16645,2.92969,0.00000,0.08720,0.72222,0.00000,0.05425,0.52083,20.71764,0.88889,0.33333,0.97030,5.93624,0.54796,0.97656,0.00000,0.08367,0.55556,0.00000,0.34722,0.70530,158.99058,0.26667,0.13333,1.00000,5.86242,0.13563,0.65104,0.00000,0.19980,0.13333,0.00000,0.70530
18,0.0319,1050624,9383,0.00244,5.00e-04,0.2994,673.9957,0.78848,85.24330,0.70325,0.41306,0.93914,6.08665,0.63567,1.13932,0.00000,0.03203,0.29019,0.01927,0.52355,1.32378,230.27767,0.08333,0.08333,0.93401,7.87667,1.06879,0.00000,0.00000,0.36522,0.00000,0.00000,1.18815,0.99284,-18.35714,1.00000,0.68421,0.81944,4.87192,0.39062,1.95313,0.00000,-0.45417,0.31579,0.10000,0.27127,0.89518,26.82644,1.00000,0.67857,0.97895,6.10343,0.51541,1.30208,0.00000,-0.07273,0.32143,0.00000,0.60764,0.15734,67.00133,0.96875,0.62500,0.96698,6.67089,1.15017,3.25521,0.00000,0.04523,0.34375,0.00000,0.04883,0.52626,80.00093,0.70588,0.17647,0.93548,5.53492,0.50456,0.32552,0.00000,0.09147,0.52941,0.01562,0.34722,0.83550,125.71054,0.46154,0.23077,1.00000,5.46208,0.18446,0.00000,0.00000,0.21714,0.23077,0.00000,0.67817
19,0.0336,1105920,9424,0.00230,5.00e-04,0.2994,686.5560,0.78035,92.25116,0.65963,0.33859,0.95872,6.29491,0.66551,1.08507,0.00000,0.02965,0.33274,0.01926,0.55791,1.38346,212.42406,0.11111,0.11111,0.94144,7.71724,1.20443,0.00000,0.00000,0.38074,0.00000,0.00000,1.35634,1.04709,-11.39375,0.94286,0.80000,0.86076,5.18228,0.42860,0.97656,0.00000,-0.49990,0.17143,0.09859,0.38520,0.88433,51.77849,0.95833,0.37500,0.96875,6.23384,0.52083,1.95313,0.00000,-0.08340,0.62500,0.00000,0.55881,0.09223,74.17547,0.81818,0.22727,0.98140,6.77576,1.16645,2.60417,0.00000,0.04261,0.59091,0.00000,0.07053,0.50456,71.08504,0.72727,0.31818,1.00000,5.99020,0.51541,0.97656,0.00000,0.08014,0.40909,0.01695,0.32010,0.77040,155.43765,0.40000,0.20000,1.00000,5.87014,0.15734,0.00000,0.00000,0.25770,0.20000,0.00000,0.65647
20,0.0352,1161216,9631,0.00213,5.00e-04,0.2993,697.4454,0.73966,99.65487,0.69504,0.35754,0.95312,6.22781,0.62120,1.84462,0.00000,0.03298,0.34201,0.02894,0.52897,1.21528,270.71165,0.00000,0.00000,0.96316,7.83457,1.03082,0.00000,0.00000,0.36918,0.00000,0.00000,1.12305,1.02539,-26.52063,1.00000,0.67568,0.84416,4.69104,0.41775,1.62760,0.00000,-0.47727,0.35135,0.15873,0.34180,0.87891,29.49625,1.00000,0.48148,0.97000,5.90819,0.54253,1.95313,0.00000,-0.08772,0.51852,0.00000,0.57509,0.13021,80.47771,0.97368,0.36842,0.97512,6.70238,1.09049,5.20833,0.00000,0.04911,0.60526,0.00000,0.07053,0.48286,55.79223,0.88889,0.38889,0.96629,5.85710,0.48286,2.27865,0.00000,0.09742,0.50000,0.01493,0.36350,0.70530,187.97200,0.30769,0.23077,1.00000,6.37355,0.16276,0.00000,0.00000,0.24718,0.07692,0.00000,0.69987
21,0.0364,1216512,12300,0.00211,5.00e-04,0.2993,639.6822,0.78758,115.71764,0.64399,0.27963,0.94951,6.14248,0.66280,1.68186,0.00000,0.05663,0.37825,0.02686,0.53892,1.36176,271.07129,0.06667,0.06667,0.96117,7.85653,1.11762,0.00000,0.00000,0.37333,0.00000,0.00000,1.22613,1.01454,-9.12743,1.00000,0.63889,0.82759,5.09293,0.31467,2.27865,0.00000,-0.46810,0.38889,0.15254,0.32010,0.89518,30.95565,0.92857,0.25000,0.94595,5.70480,0.60221,2.92969,0.00000,-0.04164,0.67857,0.00862,0.62934,0.13021,70.16742,1.00000,0.33333,0.98122,6.65568,1.15560,3.25521,0.00000,0.08533,0.66667,0.00000,0.03255,0.54796,103.62507,0.77778,0.38889,0.98113,5.63847,0.57509,1.30208,0.00000,0.12415,0.44444,0.00000,0.29297,0.77582,227.61386,0.09091,0.00000,1.00000,5.90650,0.21159,0.32552,0.00000,0.26672,0.09091,0.00000,0.73242
22,0.0377,1271808,12140,0.00292,5.00e-04,0.2993,609.5088,0.78396,107.67213,0.69655,0.26157,0.95127,6.13065,0.69444,2.17014,0.00000,0.05282,0.43499,0.02685,0.55610,1.41059,295.26523,0.00000,0.00000,0.94643,7.78407,1.21528,0.00000,0.00000,0.39274,0.00000,0.00000,1.26411,0.93859,-26.14090,0.97727,0.47727,0.89744,5.26948,0.42318,3.58073,0.00000,-0.46496,0.50000,0.13793,0.31467,0.99826,24.34835,1.00000,0.28571,0.97059,5.81815,0.55339,2.92969,0.00000,-0.05763,0.71429,0.00909,0.59679,0.13021,79.82375,1.00000,0.30769,0.98712,6.68484,1.26411,4.23177,0.00000,0.09715,0.69231,0.00000,0.03798,0.49371,63.06420,0.94118,0.41176,0.94175,5.82266,0.55881,1.62760,0.00000,0.12149,0.52941,0.01408,0.38520,0.73242,209.67215,0.26087,0.08696,0.96429,5.40467,0.15191,0.65104,0.00000,0.22810,0.17391,0.00000,0.73785
23,0.0390,1327104,12459,0.00290,5.00e-04,0.2993,592.5170,0.74418,116.44357,0.66839,0.32697,0.94755,6.13819,0.66099,1.35634,0.00000,0.06649,0.34569,0.01257,0.51631,1.17188,299.61311,0.07143,0.07143,0.94054,7.97592,1.00369,0.00000,0.00000,0.37914,0.00000,0.00000,1.12847,1.05252,-18.96762,1.00000,0.51282,0.82857,5.12470,0.37977,2.60417,0.00000,-0.40603,0.51282,0.04839,0.33637,0.85720,28.06578,1.00000,0.47619,0.97222,5.72702,0.58594,2.27865,0.00000,-0.08979,0.52381,0.00980,0.55339,0.11936,89.61910,0.88889,0.38889,0.99582,6.73517,1.29666,2.27865,0.00000,0.10098,0.50000,0.00000,0.06510,0.54796,106.58215,0.75000,0.31250,0.97938,5.95799,0.52626,0.97656,0.00000,0.14835,0.43750,0.01724,0.31467,0.71615,193.74889,0.30000,0.20000,0.96875,5.30832,0.17361,0.00000,0.00000,0.26627,0.10000,0.00000,0.69987
24,0.0402,1382400,12323,0.00215,5.00e-04,0.2992,611.3010,0.83731,124.75602,0.67120,0.32284,0.94558,6.07619,0.70349,1.35634,0.00000,0.07334,0.35326,0.01802,0.56333,1.35634,325.02741,0.00000,0.00000,0.96667,7.89778,1.13932,0.00000,0.00000,0.39391,0.00000,0.00000,1.22613,1.24783,-7.79266,1.00000,0.67647,0.81013,4.90322,0.42860,1.30208,0.00000,-0.40333,0.35294,0.10811,0.40148,0.88433,46.73248,1.00000,0.50000,0.92727,5.45873,0.59679,1.95313,0.00000,-0.07540,0.50000,0.00000,0.60221,0.11936,77.24383,0.96875,0.31250,0.98008,6.73389,1.36176,3.25521,0.00000,0.09725,0.65625,0.00000,0.07053,0.58051,68.87580,0.78571,0.35714,0.98936,5.57103,0.50998,1.30208,0.00000,0.14959,0.42857,0.00000,0.35265,0.83550,238.44926,0.27273,0.09091,1.00000,5.89251,0.18446,0.32552,0.00000,0.27799,0.18182,0.00000,0.72700
25,0.0415,1437696,12545,0.00177,5.00e-04,0.2992,562.2643,0.79843,133.00086,0.64610,0.22631,0.95402,6.22870,0.70077,2.38715,0.00000,0.09126,0.42342,0.01514,0.57961,1.42687,328.19241,0.00000,0.00000,0.95588,7.91791,1.10677,0.00000,0.00000,0.39575,0.00000,0.00000,1.23698,1.00369,-17.54182,1.00000,0.56522,0.88095,5.03160,0.45573,2.27865,0.00000,-0.36242,0.45652,0.07937,0.34180,0.94944,27.78697,0.96667,0.20000,0.98077,6.08240,0.56424,5.20833,0.00000,-0.02958,0.76667,0.00000,0.56424,0.16276,95.46511,1.00000,0.27586,0.99156,6.58012,1.28581,4.88281,0.00000,0.10904,0.72414,0.00000,0.07053,0.50456,108.79501,0.69565,0.17391,0.94828,5.55584,0.62934,1.62760,0.00000,0.14257,0.52174,0.01149,0.47201,0.74327,255.30744,0.21429,0.14286,0.96667,6.20435,0.16276,0.32552,0.00000,0.29222,0.07143,0.00000,0.79210
26,0.0427,1492992,12447,0.00198,5.00e-04,0.2992,575.0472,0.80386,138.42417,0.65735,0.24685,0.94040,6.19178,0.70801,2.49566,0.00000,0.11259,0.41051,0.01449,0.59679,1.31836,322.42046,0.05556,0.05556,0.96190,7.93731,1.13932,0.00000,0.00000,0.40820,0.00000,0.00000,1.20985,1.01997,-16.46087,1.00000,0.34483,0.83529,5.51352,0.46115,3.58073,0.00000,-0.28772,0.65517,0.08696,0.37435,0.91146,40.30290,1.00000,0.21212,0.91667,5.38865,0.58594,5.85938,0.00000,-0.02551,0.78788,0.00000,0.62934,0.08138,80.52785,0.96000,0.44000,0.97119,6.52834,1.31836,3.58073,0.00000,0.13078,0.52000,0.00000,0.05968,0.56966,103.69771,0.85714,0.42857,0.99065,5.90470,0.58051,1.62760,0.00000,0.15123,0.42857,0.00000,0.42318,0.92231,300.05695,0.07143,0.00000,0.96667,5.87817,0.16276,0.32552,0.00000,0.29859,0.07143,0.00000,0.88433
27,0.0440,1548288,11898,0.00326,5.00e-04,0.2991,569.1941,0.76317,144.86799,0.61279,0.19660,0.93289,6.16072,0.69987,2.11589,0.00000,0.10661,0.41619,0.01687,0.55519,1.25868,332.67182,0.00000,0.00000,0.95385,8.11756,1.05794,0.00000,0.00000,0.41064,0.00000,0.00000,1.13390,1.00911,2.69116,0.96970,0.51515,0.76087,4.78673,0.49913,3.25521,0.00000,-0.37897,0.45455,0.09231,0.35265,0.86806,46.87610,0.96154,0.23077,0.96000,5.89182,0.54253,3.58073,0.00000,0.00005,0.73077,0.00893,0.60764,0.14106,75.00999,0.96774,0.32258,0.97458,6.60074,1.28038,3.90625,0.00000,0.16049,0.64516,0.00000,0.05968,0.49371,96.62991,0.77778,0.11111,0.98374,5.88108,0.66732,1.95313,0.00000,0.15645,0.66667,0.00000,0.39605,0.80838,315.32895,0.00000,0.00000,0.96429,5.68636,0.15191,0.00000,0.00000,0.29101,0.00000,0.00000,0.78125
28,0.0453,1603584,11818,0.00240,5.00e-04,0.2991,580.4543,0.77944,144.14379,0.63068,0.20181,0.95675,6.12808,0.73423,2.44141,0.00000,0.10412,0.43504,0.02611,0.53982,1.30751,320.38869,0.04545,0.04545,0.95215,7.82890,1.13390,0.00000,0.00000,0.38685,0.00000,0.00000,1.15017,0.90061,-3.93204,1.00000,0.41935,0.86170,4.80383,0.50998,4.23177,0.00000,-0.38226,0.58065,0.10345,0.31467,0.98741,45.03915,1.00000,0.24000,0.96094,5.87631,0.69444,3.90625,0.00000,0.02474,0.76000,0.00909,0.59679,0.09766,122.15343,0.91304,0.17391,0.97590,6.66074,1.35091,4.88281,0.00000,0.15877,0.73913,0.00000,0.04340,0.52083,116.79613,0.67742,0.25806,0.98980,6.04934,0.53168,1.62760,0.00000,0.15292,0.41935,0.04412,0.36892,0.86263,264.41741,0.14815,0.07407,1.00000,5.54939,0.18446,0.00000,0.00000,0.28368,0.11111,0.00000,0.76497
29,0.0467,1658880,11319,0.00242,5.00e-04,0.2991,612.8072,0.76497,163.73152,0.55051,0.19384,0.95510,6.26062,0.70620,2.54991,0.00000,0.09071,0.36748,0.02859,0.54886,1.34549,344.14464,0.00000,0.00000,0.94660,8.05657,1.11762,0.00000,0.00000,0.37541,0.00000,0.00000,1.18815,0.92773,-5.66382,0.98276,0.53448,0.84615,5.20666,0.42318,3.90625,0.00000,-0.41649,0.46552,0.15152,0.35807,1.01454,90.01637,0.76190,0.14286,0.97170,5.72320,0.57509,3.25521,0.00000,-0.03260,0.66667,0.00000,0.64562,0.10851,99.43786,0.97143,0.28571,0.97490,6.60827,1.29666,6.83594,0.00000,0.11948,0.68571,0.00000,0.07595,0.42318,172.60200,0.50000,0.20000,0.99123,6.05368,0.61849,1.30208,0.00000,0.19539,0.30000,0.02000,0.27127,0.77040,281.85205,0.08696,0.00000,1.00000,5.91532,0.20616,0.00000,0.00000,0.30305,0.08696,0.00000,0.75412
30,0.0479,1714176,12841,0.00190,5.00e-04,0.2990,511.5980,0.73694,150.12642,0.58800,0.17893,0.96478,6.34379,0.69897,2.54991,0.00000,0.12119,0.40907,0.03070,0.52445,1.17730,317.65402,0.06250,0.06250,0.94271,8.03749,1.04167,0.00000,0.00000,0.37625,0.00000,0.00000,1.01454,0.97656,1.34277,0.97368,0.39474,0.89873,5.48737,0.42860,4.88281,0.00000,-0.29394,0.57895,0.16667,0.35807,0.87348,63.13369,0.80000,0.20000,0.95960,5.78689,0.53711,3.90625,0.00000,-0.02841,0.60000,0.00000,0.60764,0.11393,107.00477,0.96000,0.28000,0.98765,6.73037,1.31836,4.23177,0.00000,0.15252,0.68000,0.00000,0.07053,0.45573,122.05916,0.68182,0.13636,1.00000,5.94141,0.68359,2.27865,0.00000,0.21630,0.54545,0.01754,0.30924,0.82465,289.56409,0.05000,0.00000,1.00000,6.07918,0.18446,0.00000,0.00000,0.30439,0.05000,0.00000,0.78668
31,0.0491,1769472,12973,0.00195,5.00e-04,0.2990,512.5546,0.79753,163.71160,0.54037,0.18867,0.95413,6.36100,0.74689,1.73611,0.00000,0.12714,0.36287,0.02838,0.55700,1.24783,324.07193,0.06250,0.00000,0.95327,7.98999,1.16102,0.00000,0.00000,0.38406,0.06250,0.00000,1.19900,0.99826,-4.27777,0.94595,0.45946,0.82979,5.19268,0.50998,3.25521,0.00000,-0.34104,0.51351,0.14286,0.34180,1.04709,53.21627,0.84000,0.32000,0.95868,6.06852,0.65647,1.30208,0.00000,0.01289,0.56000,0.00000,0.62934,0.13563,134.89331,0.84615,0.26923,0.99216,6.72524,1.38346,4.55729,0.00000,0.17104,0.57692,0.00000,0.07053,0.58051,164.95824,0.50000,0.08333,0.99091,5.98886,0.59679,1.30208,0.00000,0.23054,0.41667,0.02740,0.39605,0.77582,309.40760,0.04762,0.00000,1.00000,6.20072,0.17361,0.00000,0.00000,0.30534,0.04762,0.00000,0.70530
32,0.0503,1824768,12858,0.00147,5.00e-04,0.2990,466.1849,0.78125,160.88499,0.53823,0.18256,0.95570,6.41078,0.76317,2.27865,0.00000,0.13287,0.35964,0.01508,0.57057,1.24783,329.22772,0.00000,0.00000,0.95833,8.09281,1.17188,0.00000,0.00000,0.39157,0.00000,0.00000,1.15017,0.97656,-0.31764,0.97619,0.59524,0.86957,5.43787,0.49913,2.60417,0.00000,-0.35021,0.40476,0.07576,0.35807,1.04709,66.98198,0.78261,0.17391,0.91971,5.80984,0.74327,3.58073,0.00000,0.05805,0.60870,0.00000,0.54796,0.08138,78.55457,0.97059,0.23529,0.98661,6.75555,1.21528,6.18490,0.00000,0.16376,0.73529,0.00000,0.04883,0.45573,168.06693,0.50000,0.09091,1.00000,6.23521,0.76497,1.30208,0.00000,0.24744,0.40909,0.01471,0.36892,0.87891,322.79639,0.00000,0.00000,1.00000,6.13337,0.18446,0.00000,0.00000,0.28658,0.00000,0.00000,0.94944
33,0.0515,1880064,12674,0.00219,5.00e-04,0.2989,505.4262,0.79572,155.11308,0.56073,0.18922,0.94935,6.31852,0.76317,2.44141,0.00000,0.12912,0.37548,0.01905,0.58142,1.27496,290.59796,0.15385,0.07692,0.96861,8.12648,1.20985,0.32552,0.00000,0.39755,0.07692,0.00000,1.20985,1.09592,2.42852,0.95238,0.50000,0.83333,5.24984,0.52083,3.90625,0.00000,-0.32763,0.47619,0.11429,0.37977,0.96571,82.04162,0.73913,0.08696,0.96825,5.74462,0.68359,3.58073,0.00000,-0.00329,0.65217,0.00000,0.64019,0.10308,109.43444,0.90000,0.23333,0.97590,6.64145,1.35091,5.53385,0.00000,0.18777,0.66667,0.00000,0.07595,0.49913,150.23525,0.52381,0.19048,1.00000,6.16944,0.70530,0.97656,0.00000,0.24101,0.33333,0.00000,0.37977,0.83550,295.94071,0.09524,0.04762,0.95000,5.97929,0.10851,0.32552,0.00000,0.27929,0.04762,0.00000,0.80295
34,0.0527,1935360,12645,0.00156,5.00e-04,0.2989,499.7908,0.74418,150.14453,0.58376,0.16712,0.95508,6.35036,0.74508,2.27865,0.00000,0.13652,0.42115,0.02113,0.56514,1.15017,325.62620,0.06667,0.06667,0.95775,8.04393,1.15560,0.00000,0.00000,0.41349,0.00000,0.00000,1.16645,0.92773,4.32959,0.94595,0.40541,0.84000,5.25379,0.40690,4.23177,0.00000,-0.34387,0.56757,0.11268,0.38520,0.96571,44.88559,0.84615,0.11538,0.96721,5.93524,0.66189,3.90625,0.00000,0.00522,0.73077,0.00000,0.56966,0.17361,85.03412,0.96000,0.24000,0.98069,6.66937,1.40516,4.23177,0.00000,0.20056,0.72000,0.00000,0.08681,0.47201,148.44920,0.52381,0.09524,0.98485,6.04847,0.71615,1.30208,0.00000,0.27285,0.42857,0.01408,0.38520,0.77582,292.54246,0.16000,0.08000,1.00000,6.15133,0.12478,0.00000,0.00000,0.27086,0.08000,0.00000,0.79753
35,0.0540,1990656,12349,0.00199,5.00e-04,0.2988,477.1768,0.79029,168.31526,0.50875,0.13537,0.96847,6.21227,0.73061,2.54991,0.00000,0.12970,0.37685,0.02042,0.57057,1.22613,341.77118,0.00000,0.00000,0.97525,8.05714,1.09592,0.00000,0.00000,0.39980,0.00000,0.00000,1.16102,1.00911,-6.74904,1.00000,0.52083,0.92500,5.36427,0.43403,4.23177,0.00000,-0.36357,0.50000,0.11667,0.32552,0.99826,78.30802,0.70968,0.12903,0.95833,5.92043,0.65104,4.23177,0.00000,0.02336,0.58065,0.00000,0.60221,0.09223,138.59613,0.82143,0.07143,0.97701,6.69682,1.41602,4.88281,0.00000,0.18218,0.75000,0.00000,0.04883,0.60221,195.78975,0.29412,0.00000,0.97521,5.81101,0.65647,1.62760,0.00000,0.26190,0.29412,0.00000,0.35807,0.81380,262.17549,0.22727,0.09091,1.00000,5.42396,0.13021,0.32552,0.00000,0.27453,0.13636,0.00585,0.92773
36,0.0552,2045952,12459,0.00197,5.00e-04,0.2988,517.5208,0.77311,153.85122,0.60258,0.18282,0.95800,6.26252,0.74779,2.22439,0.00000,0.13509,0.42617,0.02088,0.61487,1.13932,333.87462,0.15385,0.07692,0.97283,7.92569,0.99826,0.32552,0.00000,0.38220,0.07692,0.00000,1.11762,1.02539,-7.66924,1.00000,0.35897,0.87952,5.30153,0.45030,2.92969,0.00000,-0.31166,0.64103,0.10714,0.45573,0.90061,70.34475,0.88462,0.23077,0.95588,5.70779,0.73785,2.92969,0.00000,0.03600,0.69231,0.00000,0.67817,0.12478,104.57238,0.88462,0.26923,0.99242,6.77471,1.43229,3.90625,0.00000,0.18982,0.61538,0.00000,0.03798,0.52083,165.12475,0.51852,0.07407,1.00000,6.01827,0.76497,2.60417,0.00000,0.25468,0.44444,0.01250,0.43403,0.92773,256.86008,0.17391,0.08696,0.94737,5.84715,0.10308,0.65104,0.00000,0.25948,0.08696,0.00562,0.96571
37,0.0565,2101248,12082,0.00296,5.00e-04,0.2988,512.8273,0.73604,175.01733,0.48144,0.15414,0.96363,6.24280,0.70530,1.62760,0.00000,0.13855,0.32729,0.01157,0.54434,1.09049,339.49629,0.00000,0.00000,0.97753,8.05877,0.96571,0.00000,0.00000,0.39463,0.00000,0.00000,1.06337,0.97656,-5.27236,0.91892,0.43243,0.88608,5.06165,0.42860,3.58073,0.00000,-0.31448,0.48649,0.06944,0.39062,0.96571,83.48639,0.63636,0.24242,0.97391,6.10661,0.62391,1.95313,0.00000,0.03312,0.39394,0.00000,0.64019,0.08681,133.95641,0.85000,0.20000,0.98872,6.89288,1.44314,2.92969,0.00000,0.17796,0.65000,0.00000,0.06510,0.50998,215.90690,0.33333,0.00000,0.99123,5.71108,0.61849,0.97656,0.00000,0.25845,0.33333,0.00000,0.34722,0.78668,282.53035,0.15000,0.05000,0.96429,5.62583,0.15191,0.32552,0.00000,0.28163,0.10000,0.00000,0.75955
38,0.0578,2156544,11892,0.00259,5.00e-04,0.2987,440.0577,0.78215,158.63707,0.55871,0.19237,0.96224,6.34650,0.75231,2.11589,0.00000,0.14796,0.37695,0.02458,0.56243,1.14475,345.53278,0.00000,0.00000,0.94898,8.02354,1.06337,0.00000,0.00000,0.38266,0.00000,0.00000,1.11762,1.15560,1.48908,0.93939,0.54545,0.86735,5.46282,0.53168,1.95313,0.00000,-0.27504,0.42424,0.13433,0.36350,0.98199,57.03998,0.90476,0.23810,0.99167,5.73438,0.65104,1.62760,0.00000,0.06065,0.66667,0.00000,0.54253,0.10308,116.58408,0.86047,0.23256,0.98106,6.70337,1.43229,7.16146,0.00000,0.17644,0.62791,0.00000,0.05968,0.49371,175.78994,0.43333,0.06667,0.98438,6.01649,0.69444,1.95313,0.00000,0.25682,0.40000,0.01316,0.41233,0.81380,255.38653,0.21429,0.07143,1.00000,6.13838,0.14106,0.00000,0.00000,0.28621,0.14286,0.00000,0.87891
39,0.0591,2211840,11825,0.00276,5.00e-04,0.2987,476.1277,0.75774,161.15065,0.54444,0.18979,0.95755,6.30903,0.77221,2.44141,0.00000,0.16134,0.35465,0.01932,0.58322,0.99826,280.42135,0.23077,0.15385,0.98936,8.03255,1.01997,0.32552,0.00000,0.39823,0.07692,0.00000,1.07422,1.06879,-11.02058,0.96296,0.40741,0.81522,5.40829,0.49913,2.92969,0.00000,-0.28752,0.55556,0.11594,0.37435,1.10677,63.94478,0.85185,0.29630,0.96689,5.99589,0.81923,3.25521,0.00000,0.09188,0.55556,0.00000,0.69987,0.10851,116.98731,0.80000,0.22857,0.98120,6.63994,1.44314,6.51042,0.00000,0.19791,0.57143,0.00000,0.05968,0.45030,190.33751,0.42105,0.05263,0.99265,5.96792,0.73785,1.62760,0.00000,0.26819,0.36842,0.00000,0.37435,0.81380,326.23354,0.00000,0.00000,1.00000,5.80961,0.11393,0.00000,0.00000,0.29933,0.00000,0.00000,0.91688
40,0.0604,2267136,12258,0.00356,5.00e-04,0.2987,524.1118,0.77402,156.31289,0.55453,0.19787,0.95607,6.29059,0.75322,2.17014,0.00000,0.15648,0.35666,0.01859,0.56785,1.16102,311.62213,0.08333,0.08333,0.95812,7.96984,1.03624,0.00000,0.00000,0.39089,0.00000,0.00485,1.11762,1.07964,-6.71803,0.97619,0.45238,0.82105,5.10608,0.51541,3.90625,0.00000,-0.31707,0.52381,0.10667,0.40690,0.93316,85.81445,0.69697,0.18182,0.98425,5.98592,0.68902,3.58073,0.00000,0.07940,0.51515,0.00000,0.56966,0.09223,115.05086,0.84848,0.30303,0.98016,6.71434,1.36719,4.88281,0.00000,0.21678,0.54545,0.00000,0.02713,0.53168,182.45953,0.50000,0.05556,0.99286,5.87519,0.75955,0.65104,0.00000,0.26779,0.44444,0.00000,0.36350,0.84635,249.64838,0.22222,0.11111,1.00000,6.09216,0.15191,0.00000,0.00000,0.30108,0.11111,0.00000,0.92231
41,0.0616,2322432,12925,0.00243,5.00e-04,0.2986,451.5230,0.78758,156.11369,0.57100,0.11459,0.95725,6.24905,0.76588,3.09245,0.00000,0.17276,0.45642,0.02413,0.58322,1.13390,300.81456,0.14286,0.00000,0.95833,8.02410,1.04167,0.00000,0.00000,0.39463,0.14286,0.00000,1.13932,1.07422,5.76518,0.90698,0.30233,0.87755,5.05527,0.53168,6.51042,0.00000,-0.27625,0.60465,0.12162,0.40148,1.07964,75.62451,0.77778,0.07407,0.98425,5.93097,0.68902,5.20833,0.00000,0.09537,0.70370,0.00885,0.61306,0.10308,106.92752,0.90000,0.20000,0.98496,6.86370,1.44314,5.53385,0.00000,0.24180,0.70000,0.00000,0.03255,0.50998,150.44537,0.55556,0.11111,0.98601,5.93693,0.77582,1.30208,0.00000,0.27347,0.44444,0.01429,0.37977,0.82465,297.10500,0.14286,0.00000,0.95238,5.68333,0.11393,0.00000,0.00000,0.30754,0.14286,0.00000,0.93316
42,0.0628,2377728,12696,0.00221,5.00e-04,0.2986,404.8027,0.76588,151.87948,0.62023,0.15350,0.95443,6.32418,0.75051,2.22439,0.00000,0.18302,0.46673,0.02381,0.55519,1.12847,318.57602,0.10526,0.05263,0.95455,7.80188,1.07422,0.32552,0.00000,0.40865,0.05263,0.00000,1.07964,1.05794,6.53909,0.97222,0.36111,0.88421,5.39019,0.51541,4.23177,0.00000,-0.27060,0.61111,0.14286,0.37977,1.00369,58.49915,0.73913,0.17391,0.95798,6.15119,0.64562,3.25521,0.00000,0.09774,0.56522,0.00000,0.56966,0.13563,125.78364,1.00000,0.21429,0.98062,6.80566,1.39974,3.58073,0.00000,0.26830,0.78571,0.00000,0.04340,0.52626,104.19356,0.76190,0.04762,0.99270,5.98822,0.74327,1.95313,0.00000,0.27662,0.71429,0.00000,0.35807,0.74327,297.68544,0.14286,0.07143,0.95652,5.80796,0.12478,0.00000,0.00000,0.31741,0.07143,0.00000,0.90061
43,0.0641,2433024,12270,0.00192,5.00e-04,0.2986,431.9783,0.75684,157.83818,0.60913,0.14963,0.94756,6.32312,0.74056,2.38715,0.00000,0.18218,0.45950,0.01032,0.51812,1.09049,324.67047,0.08333,0.08333,0.95349,7.98560,0.93316,0.00000,0.00000,0.38411,0.00000,0.00000,0.98741,1.04709,0.89547,0.96875,0.34375,0.83168,5.38597,0.54796,4.23177,0.00000,-0.23583,0.62500,0.04839,0.33637,0.98741,75.04790,0.81481,0.22222,0.97656,5.82980,0.69444,3.58073,0.00000,0.10458,0.59259,0.00000,0.56424,0.11393,109.41129,0.95455,0.18182,0.98134,6.71351,1.45399,4.88281,0.00000,0.24927,0.77273,0.00000,0.04340,0.52626,130.47415,0.70000,0.00000,0.99231,6.06767,0.70530,1.62760,0.00000,0.27394,0.70000,0.01351,0.40148,0.77582,306.52982,0.13333,0.06667,0.95000,5.95617,0.10851,0.00000,0.00000,0.31698,0.06667,0.00000,0.77582
44,0.0653,2488320,12330,0.00211,5.00e-04,0.2985,425.8931,0.79391,183.04035,0.47534,0.14916,0.95829,6.30103,0.77763,1.89887,0.00000,0.18796,0.32618,0.01795,0.58051,1.08507,352.87099,0.00000,0.00000,0.93478,7.97045,0.99826,0.00000,0.00000,0.39296,0.00000,0.00000,1.13390,1.09592,0.29091,0.84848,0.45455,0.88350,5.43707,0.55881,2.92969,0.00000,-0.24087,0.39394,0.10769,0.35265,1.00369,120.25212,0.56250,0.06250,1.00000,5.95569,0.72700,1.62760,0.00000,0.11916,0.50000,0.00000,0.65104,0.14648,120.92049,0.92000,0.12000,0.95985,6.57996,1.48655,5.53385,0.00000,0.28259,0.80000,0.00000,0.05425,0.59679,199.60540,0.42105,0.15789,0.97163,5.88328,0.76497,1.30208,0.00000,0.27383,0.26316,0.00000,0.37977,0.83550,304.30217,0.10000,0.10000,1.00000,5.97972,0.13021,0.00000,0.00000,0.30012,0.00000,0.00000,0.91146
45,0.0666,2543616,12692,0.00230,5.00e-04,0.2985,427.9790,0.76588,161.43241,0.56593,0.11759,0.95273,6.33825,0.74056,2.92969,0.00000,0.17504,0.44834,0.03697,0.54977,0.97656,352.14573,0.00000,0.00000,0.97110,7.95268,0.93859,0.00000,0.00000,0.39354,0.00000,0.00000,0.95486,1.10677,3.19966,0.93182,0.29545,0.83000,5.48131,0.54253,5.85938,0.00000,-0.28306,0.63636,0.09756,0.44488,0.98741,69.06007,0.81250,0.15625,0.95862,5.81405,0.78668,5.20833,0.00000,0.12203,0.65625,0.00000,0.54796,0.14106,119.32047,0.88462,0.15385,0.97318,6.76473,1.41602,4.55729,0.00000,0.25676,0.73077,0.11111,0.04883,0.61306,176.78822,0.50000,0.10000,0.98347,5.79975,0.65647,1.30208,0.00000,0.26343,0.40000,0.01316,0.41233,0.77040,248.08032,0.26667,0.00000,1.00000,6.21696,0.10308,0.65104,0.00000,0.29755,0.26667,0.00000,0.88976
46,0.0678,2598912,12740,0.00192,5.00e-04,0.2985,411.6874,0.75684,170.80857,0.53962,0.11471,0.95641,6.27807,0.77492,2.22439,0.00000,0.18222,0.42908,0.00834,0.56604,1.05794,342.73838,0.00000,0.00000,0.97714,8.00137,0.94944,0.00000,0.00000,0.39701,0.00000,0.00000,1.02539,0.99826,-8.19289,0.97500,0.35000,0.88119,5.13268,0.54796,2.92969,0.00000,-0.26870,0.65000,0.03704,0.29297,1.00911,87.64952,0.79310,0.10345,0.95556,5.68754,0.73242,4.88281,0.00000,0.11689,0.68966,0.00000,0.68902,0.11936,152.15603,0.78947,0.10526,0.98828,6.72465,1.38889,3.90625,0.00000,0.26184,0.68421,0.00000,0.02713,0.55881,166.53504,0.52632,0.05263,0.96855,5.93287,0.86263,1.62760,0.00000,0.28487,0.47368,0.01299,0.41775,0.79753,283.96533,0.15385,0.07692,0.96774,6.18933,0.16819,0.00000,0.00000,0.30138,0.07692,0.00000,0.94401
47,0.0690,2654208,12506,0.00206,5.00e-04,0.2985,456.6135,0.75503,183.89439,0.49861,0.10999,0.94793,6.14230,0.76226,2.54991,0.00000,0.17693,0.39695,0.01547,0.55067,0.96571,354.48712,0.00000,0.00000,0.97093,7.87835,0.93316,0.00000,0.00000,0.37063,0.00000,0.00000,0.93859,1.09592,13.54614,0.82927,0.36585,0.82353,4.89272,0.55339,4.23177,0.00000,-0.23725,0.46341,0.07895,0.41233,1.01997,100.99067,0.68000,0.12000,0.94805,5.77256,0.83550,3.58073,0.00000,0.13318,0.56000,0.00000,0.62391,0.14106,155.26123,0.88889,0.07407,0.97154,6.49660,1.33464,5.85938,0.00000,0.24233,0.81481,0.00000,0.07595,0.55881,148.08607,0.55000,0.10000,0.97351,5.73488,0.81923,1.62760,0.00000,0.26070,0.50000,0.01389,0.39062,0.74870,330.99512,0.04348,0.00000,1.00000,6.07869,0.09766,0.00000,0.00000,0.29202,0.04348,0.00000,0.86263
48,0.0703,2709504,11866,0.00216,5.00e-04,0.2984,418.3747,0.71434,161.09964,0.62778,0.14566,0.95693,6.39151,0.73875,3.36372,0.00000,0.16887,0.48750,0.02312,0.54615,0.99284,337.46056,0.07692,0.07692,0.98125,7.91851,0.86806,0.00000,0.00000,0.35918,0.00000,0.00000,0.96029,0.94944,-4.82689,0.94595,0.35135,0.87000,5.43304,0.54253,4.88281,0.00000,-0.23408,0.59459,0.10345,0.31467,1.05794,101.87817,0.70833,0.08333,0.94161,6.06886,0.74327,4.23177,0.00000,0.09451,0.62500,0.00826,0.65647,0.12478,112.01193,0.93548,0.12903,0.97541,6.78604,1.32378,6.51042,0.00000,0.25930,0.83871,0.00000,0.04340,0.43403,173.06416,0.70000,0.13333,0.97333,6.05081,0.81380,4.23177,0.00000,0.25816,0.56667,0.02703,0.40148,0.72700,247.00989,0.40000,0.10000,1.00000,6.09177,0.14106,0.32552,0.00000,0.27612,0.30000,0.00000,0.90061
49,0.0716,2764800,11918,0.00278,5.00e-04,0.2984,375.2415,0.75503,164.54344,0.58570,0.14686,0.95524,6.34548,0.74508,2.71267,0.00000,0.16773,0.44459,0.01375,0.54253,1.00911,351.38521,0.00000,0.00000,0.96296,8.05273,0.87891,0.00000,0.00000,0.37319,0.00000,0.00000,0.97114,1.12305,12.22587,0.93103,0.31034,0.81651,5.33230,0.59136,3.90625,0.00000,-0.25070,0.65517,0.06780,0.32010,1.01454,58.35961,0.88000,0.12000,0.97037,5.80684,0.73242,5.85938,0.00000,0.06953,0.76000,0.00000,0.62934,0.08681,163.31744,0.71429,0.09524,0.99600,6.78629,1.35634,3.90625,0.00000,0.29113,0.61905,0.00000,0.05425,0.53168,129.48444,0.72222,0.22222,0.98561,5.94826,0.75412,1.95313,0.00000,0.23130,0.50000,0.01471,0.36892,0.76497,272.48805,0.26667,0.13333,1.00000,6.14647,0.15734,0.65104,0.00000,0.29195,0.13333,0.00000,0.91146
50,0.0730,2820096,11978,0.00267,5.00e-04,0.2984,407.7786,0.69354,167.94516,0.53589,0.09410,0.96062,6.36311,0.72790,2.49566,0.00000,0.15853,0.44180,0.00501,0.54163,0.88976,324.07858,0.05882,0.05882,0.95455,8.10678,0.83550,0.00000,0.00000,0.36407,0.00000,0.00000,0.91146,1.11762,4.62933,0.91667,0.27778,0.86000,5.29024,0.54253,4.23177,0.00000,-0.25252,0.63889,0.01724,0.31467,0.85720,50.55365,0.82759,0.17241,0.95312,6.06937,0.69444,4.88281,0.00000,0.03029,0.65517,0.00000,0.55339,0.10851,129.87246,0.83333,0.05556,0.99608,7.00862,1.38346,2.60417,0.00000,0.27689,0.77778,0.00000,0.09223,0.48286,168.55294,0.57895,0.00000,1.00000,6.10895,0.76497,3.25521,0.00000,0.23895,0.57895,0.01282,0.42318,0.70530,329.98398,0.00000,0.00000,1.00000,5.59467,0.14648,0.00000,0.00000,0.29348,0.00000,0.00000,0.95486
51,0.0742,2875392,12477,0.00241,5.00e-04,0.2983,368.4186,0.73604,176.95687,0.58713,0.11562,0.95248,6.15831,0.75231,3.25521,0.00000,0.17153,0.47985,0.03658,0.53892,1.03082,345.08172,0.00000,0.00000,0.95376,7.79595,0.93859,0.00000,0.00000,0.35056,0.00000,0.00000,0.94944,0.99826,15.20919,1.00000,0.30000,0.91753,5.23631,0.52626,5.85938,0.00000,-0.22914,0.75000,0.10390,0.41775,0.92773,100.85730,0.78947,0.18421,0.96899,5.74308,0.69987,5.53385,0.00000,0.08589,0.60526,0.00000,0.48828,0.10851,144.31638,1.00000,0.14286,0.96838,6.77961,1.37261,4.88281,0.00000,0.26824,0.85714,0.09091,0.05968,0.57509,166.85006,0.60000,0.00000,1.00000,6.15578,0.80295,3.25521,0.00000,0.25729,0.60000,0.02469,0.43945,0.77582,289.42660,0.13333,0.06667,0.90625,5.23914,0.17361,0.00000,0.00000,0.29633,0.06667,0.00000,0.87891
52,0.0757,2930688,10384,0.00237,5.00e-04,0.2983,407.7917,0.72519,162.78192,0.55630,0.14660,0.94340,6.32228,0.73333,1.73611,0.00000,0.18806,0.40970,0.01370,0.53801,1.04167,322.41761,0.05263,0.00000,0.95266,8.06836,0.91688,0.00000,0.00000,0.36620,0.05263,0.00000,0.89518,0.98741,2.85776,0.94444,0.33333,0.79130,5.28456,0.62391,3.25521,0.00000,-0.16386,0.61111,0.08219,0.39605,0.90603,123.07841,0.50000,0.11111,0.99107,6.21150,0.60764,1.30208,0.00000,0.08707,0.38889,0.00000,0.60221,0.14648,135.59974,0.80000,0.15000,0.96813,6.68562,1.36176,2.92969,0.00000,0.27892,0.65000,0.00000,0.05425,0.52083,106.47779,0.74074,0.18519,0.98425,5.90199,0.68902,2.60417,0.00000,0.24513,0.55556,0.00000,0.43403,0.74870,286.26023,0.30000,0.10000,0.97297,5.78165,0.20074,0.32552,0.00000,0.31491,0.20000,0.00000,0.84635
53,0.0775,2985984,8853,0.00303,5.00e-04,0.2983,427.4702,0.67365,174.09409,0.54014,0.07716,0.95639,6.49725,0.69716,2.38715,0.00000,0.17823,0.46298,0.02113,0.47291,0.75955,323.33445,0.04348,0.04348,0.94815,7.93123,0.73242,0.00000,0.00000,0.33274,0.00000,0.00000,0.80295,1.01454,6.77488,0.92105,0.21053,0.85981,5.63244,0.58051,4.88281,0.00000,-0.19165,0.71053,0.10714,0.30382,0.99826,111.06374,0.68966,0.06897,0.96429,5.88223,0.60764,4.55729,0.00000,0.07822,0.62069,0.00000,0.60221,0.11393,120.86844,0.91667,0.00000,0.98833,6.87928,1.39431,2.92969,0.00000,0.29832,0.91667,0.00000,0.04883,0.48286,166.38589,0.55000,0.10000,0.97778,6.26310,0.73242,1.62760,0.00000,0.25175,0.45000,0.01961,0.27669,0.67274,316.13717,0.12000,0.04000,1.00000,6.39520,0.13563,0.32552,0.00000,0.30000,0.08000,0.00000,0.80295
54,0.0794,3041280,8218,0.00274,5.00e-04,0.2982,439.2332,0.70530,173.64171,0.57802,0.07892,0.94828,6.40904,0.72609,3.36372,0.00000,0.17609,0.50400,0.00560,0.51812,0.97114,326.86200,0.06897,0.00000,0.93252,7.92367,0.88433,0.65104,0.00000,0.34025,0.06897,0.00000,0.93316,1.06337,18.06085,0.89189,0.24324,0.84466,5.47900,0.55881,5.53385,0.00000,-0.20410,0.64865,0.02128,0.25499,0.93859,71.20246,0.83871,0.06452,0.98473,5.77366,0.71072,4.88281,0.00000,0.07933,0.77419,0.00000,0.48286,0.11936,174.89080,0.81818,0.13636,0.99197,6.94922,1.35091,4.23177,0.00000,0.28616,0.68182,0.00000,0.07595,0.52083,144.83117,0.67647,0.02941,0.97744,6.31749,0.72157,4.55729,0.00000,0.25656,0.67647,0.01235,0.43945,0.61849,306.00297,0.17391,0.00000,0.95833,6.01117,0.13021,0.32552,0.00000,0.29832,0.17391,0.00000,0.92231
55,0.0811,3096576,8739,0.00255,5.00e-04,0.2982,392.8753,0.73061,174.79353,0.53511,0.11709,0.95487,6.45492,0.70710,2.76693,0.00000,0.17394,0.42783,0.00456,0.51360,0.88976,294.83720,0.17647,0.17647,0.93464,8.06701,0.83008,0.00000,0.00000,0.35227,0.00000,0.00000,0.88976,1.05252,7.12050,0.97368,0.10526,0.87387,5.61872,0.60221,7.81250,0.00000,-0.17566,0.86842,0.01695,0.32010,0.92231,98.20558,0.73684,0.15789,0.95798,5.92574,0.64562,4.55729,0.00000,0.07389,0.57895,0.01042,0.52083,0.16276,168.39043,0.76190,0.09524,0.98122,6.82470,1.15560,2.92969,0.00000,0.24555,0.66667,0.00000,0.07053,0.62934,190.47732,0.41176,0.11765,0.98148,6.21782,0.87891,1.30208,0.00000,0.26138,0.35294,0.00000,0.40690,0.72700,289.73015,0.15000,0.05000,1.00000,6.07556,0.13021,0.00000,0.00000,0.28624,0.10000,0.00000,0.87348
56,0.0826,3151872,10785,0.00256,5.00e-04,0.2981,374.0365,0.69444,176.29582,0.53739,0.15287,0.95603,6.43830,0.73513,2.71267,0.00000,0.16954,0.38452,0.01634,0.51270,0.95486,348.58533,0.00000,0.00000,0.91124,7.87412,0.91688,0.00000,0.00000,0.35895,0.00000,0.00000,0.95486,0.97656,15.52227,0.93750,0.29167,0.88991,5.61644,0.59136,6.51042,0.00000,-0.22183,0.64583,0.08451,0.38520,0.89518,67.79250,0.88462,0.15385,0.96460,5.68710,0.61306,4.55729,0.00000,0.08019,0.73077,0.00000,0.44488,0.13563,141.62131,0.80000,0.20000,0.98276,6.87609,1.25868,3.90625,0.00000,0.26560,0.60000,0.00000,0.06510,0.48828,201.42001,0.41176,0.17647,0.98765,6.06114,0.87891,0.97656,0.00000,0.25907,0.23529,0.01351,0.40148,0.71615,282.83350,0.19048,0.09524,1.00000,6.51491,0.15191,0.32552,0.00000,0.27524,0.09524,0.00000,0.82465
57,0.0841,3207168,10507,0.00272,5.00e-04,0.2981,413.2354,0.72428,184.18711,0.50896,0.06023,0.94359,6.32203,0.73242,2.38715,0.00000,0.17920,0.44873,0.00952,0.52988,0.97114,349.69181,0.00000,0.00000,0.94444,8.01320,0.87891,0.00000,0.00000,0.35657,0.00000,0.00000,0.92773,0.99284,0.30292,0.96970,0.15152,0.83333,5.54304,0.58594,5.53385,0.00000,-0.14292,0.81818,0.05714,0.37977,1.01997,106.46075,0.68182,0.09091,0.96479,6.21029,0.77040,2.92969,0.00000,0.07239,0.59091,0.00000,0.55881,0.12478,167.74643,0.63158,0.00000,0.97934,6.81394,1.31293,2.60417,0.00000,0.26473,0.63158,0.00000,0.05968,0.60764,159.26825,0.62069,0.06897,0.98507,5.95881,0.72700,3.25521,0.00000,0.24960,0.55172,0.00000,0.39062,0.62934,321.65254,0.15000,0.05000,0.95455,5.39293,0.11936,0.00000,0.00000,0.27485,0.10000,0.00000,0.86263
58,0.0855,3262464,10901,0.00319,5.00e-04,0.2980,417.6047,0.70077,168.43262,0.56205,0.11745,0.95997,6.15465,0.72519,2.71267,0.00000,0.16816,0.44461,0.00966,0.52445,0.84635,334.75578,0.00000,0.00000,0.96774,7.87294,0.84093,0.00000,0.00000,0.36313,0.00000,0.00000,0.85720,1.01997,-7.65959,0.97222,0.33333,0.85366,5.27259,0.66732,5.53385,0.00000,-0.17408,0.63889,0.05797,0.37435,0.94944,85.51569,0.82143,0.21429,0.96324,5.82126,0.73785,3.25521,0.00000,0.04340,0.60714,0.00000,0.55339,0.12478,167.53142,0.69231,0.11538,0.98198,6.70395,1.20443,3.58073,0.00000,0.22657,0.57692,0.00000,0.11393,0.54796,154.36162,0.63636,0.00000,0.99320,5.88224,0.79753,3.25521,0.00000,0.26680,0.63636,0.00000,0.40148,0.71615,276.09082,0.25000,0.04167,1.00000,5.37494,0.10308,0.65104,0.00000,0.28316,0.20833,0.00000,0.84635
59,0.0869,3317760,11072,0.00256,5.00e-04,0.2980,404.3947,0.70439,166.92557,0.54160,0.14165,0.95554,6.41473,0.74056,2.87543,0.00000,0.17258,0.40828,0.00000,0.51360,0.98199,297.99196,0.07692,0.07692,0.94536,7.99448,0.99284,0.00000,0.00000,0.36142,0.00000,0.00000,1.00369,0.94944,26.10271,0.90000,0.20000,0.86275,5.40773,0.55339,8.13802,0.00000,-0.17511,0.70000,0.00000,0.27669,0.90603,58.35687,0.86486,0.18919,0.96296,6.04086,0.73242,5.53385,0.00000,0.05525,0.67568,0.00000,0.53168,0.13563,155.97623,0.70000,0.15000,0.98190,6.76305,1.19900,2.60417,0.00000,0.25908,0.60000,0.00000,0.05968,0.60764,155.82654,0.57143,0.14286,0.98026,6.15219,0.82465,0.65104,0.00000,0.24688,0.42857,0.00000,0.37435,0.64562,307.29907,0.13636,0.09091,1.00000,6.13009,0.14106,0.32552,0.00000,0.28795,0.04545,0.00000,0.83550
60,0.0883,3373056,11158,0.00223,5.00e-04,0.2980,408.7012,0.69987,176.86042,0.55611,0.10790,0.95273,6.38964,0.73061,2.98394,0.00000,0.17198,0.45259,0.00711,0.51270,0.84635,324.29634,0.04545,0.04545,0.94304,8.07666,0.85720,0.00000,0.00000,0.36285,0.00000,0.00000,0.90061,1.03624,18.05124,0.97368,0.26316,0.85950,5.60164,0.65647,6.83594,0.00000,-0.19779,0.73684,0.02899,0.37435,0.96029,67.14138,0.90323,0.19355,0.97203,5.74956,0.77582,5.20833,0.00000,0.05769,0.70968,0.00000,0.50998,0.18446,186.52758,0.71429,0.09524,0.97608,6.78957,1.13390,3.25521,0.00000,0.27206,0.61905,0.00000,0.06510,0.49371,155.20979,0.60000,0.05000,0.96575,5.93705,0.79210,2.60417,0.00000,0.23167,0.55000,0.01370,0.39605,0.67817,309.93621,0.10000,0.00000,1.00000,6.18334,0.16819,0.00000,0.00000,0.30540,0.10000,0.00000,0.83008
61,0.0897,3428352,11145,0.00206,5.00e-04,0.2979,416.1324,0.68811,169.46304,0.56071,0.11616,0.94647,6.36498,0.70530,3.79774,0.00000,0.18537,0.44931,0.01620,0.52445,0.99826,304.65520,0.07143,0.07143,0.91925,7.85956,0.87348,0.00000,0.00000,0.36203,0.00000,0.00000,0.93859,0.93859,18.02416,0.97778,0.17778,0.82353,5.65720,0.55339,10.41667,0.00000,-0.16279,0.80000,0.06494,0.41775,0.87348,74.70188,0.82857,0.28571,0.96825,5.98112,0.68359,4.88281,0.00000,0.08286,0.57143,0.00000,0.52083,0.12478,159.19523,0.81818,0.04545,0.98283,6.80995,1.26411,3.58073,0.00000,0.28859,0.77273,0.00000,0.05425,0.53711,129.94280,0.62069,0.06897,0.98496,5.93753,0.72157,3.90625,0.00000,0.24086,0.55172,0.03226,0.33637,0.65647,330.25893,0.04762,0.04762,1.00000,5.94453,0.13563,0.00000,0.00000,0.30068,0.00000,0.00000,0.87891
62,0.0910,3483648,11278,0.00247,5.00e-04,0.2979,356.5637,0.72519,164.71234,0.55998,0.10005,0.94939,6.43728,0.74870,3.41797,0.00000,0.19879,0.46399,0.02200,0.52083,0.98199,347.65670,0.00000,0.00000,0.93889,8.00987,0.97656,0.00000,0.00000,0.38151,0.00000,0.00000,0.94944,0.93316,14.74702,0.92683,0.14634,0.86087,5.59538,0.62391,6.51042,0.00000,-0.14542,0.80488,0.10606,0.35807,0.99826,95.43782,0.72414,0.10345,0.94304,5.97979,0.85720,3.58073,0.00000,0.14116,0.62069,0.01031,0.52626,0.17904,136.19436,0.86842,0.10526,0.98020,6.76793,1.09592,7.81250,0.00000,0.25077,0.76316,0.00000,0.05968,0.56424,113.74182,0.65000,0.15000,0.97333,6.12757,0.81380,2.60417,0.00000,0.26698,0.50000,0.01562,0.34722,0.69444,280.49630,0.19048,0.09524,1.00000,6.14317,0.12478,0.00000,0.00000,0.29773,0.09524,0.00000,0.88433
63,0.0924,3538944,11072,0.00348,5.00e-04,0.2978,406.5848,0.67455,161.64500,0.58280,0.14615,0.94756,6.47446,0.73785,2.60417,0.00000,0.18299,0.43664,0.01886,0.49461,0.81380,309.61961,0.09524,0.04762,0.92806,7.91012,0.75412,0.00000,0.00000,0.35955,0.04762,0.00000,0.78668,0.93859,6.51610,0.88889,0.29630,0.85039,5.52332,0.68902,4.88281,0.00000,-0.22404,0.59259,0.10000,0.32552,0.95486,19.18355,1.00000,0.19048,0.97959,6.41637,0.79753,3.58073,0.00000,0.11980,0.80952,0.00000,0.59679,0.13563,181.89456,0.72414,0.17241,0.97414,6.76746,1.25868,4.23177,0.00000,0.26266,0.55172,0.00000,0.08138,0.58594,155.27127,0.65517,0.10345,0.99315,5.94900,0.79210,2.92969,0.00000,0.28563,0.55172,0.01316,0.41233,0.61849,297.38493,0.13333,0.06667,0.96000,6.28048,0.13563,0.00000,0.00000,0.29435,0.06667,0.00000,0.76497
64,0.0938,3594240,11412,0.00260,5.00e-04,0.2978,388.7472,0.71434,168.48542,0.55797,0.11084,0.94547,6.47288,0.69354,3.47222,0.00000,0.18872,0.45488,0.01282,0.52355,0.91688,322.82586,0.07143,0.00000,0.94558,8.07916,0.79753,0.32552,0.00000,0.37109,0.07143,0.00000,0.88976,0.96571,5.87082,0.97674,0.37209,0.85321,5.46131,0.59136,5.20833,0.00000,-0.24103,0.65116,0.07692,0.35265,1.00911,85.60408,0.70270,0.10811,0.94444,6.11517,0.78125,6.18490,0.00000,0.13134,0.59459,0.00000,0.53711,0.17361,176.02370,0.69697,0.15152,0.98446,7.02842,1.04709,4.88281,0.00000,0.26778,0.54545,0.00000,0.09223,0.54796,125.50943,0.73333,0.03333,0.97015,6.10747,0.72700,3.90625,0.00000,0.27958,0.70000,0.00000,0.33637,0.67274,295.07863,0.16667,0.00000,0.97500,6.04574,0.21701,0.32552,0.00000,0.32352,0.16667,0.00000,0.93316
65,0.0952,3649536,11320,0.00306,5.00e-04,0.2977,424.2526,0.69264,180.12125,0.52022,0.07160,0.94759,6.50665,0.69987,3.36372,0.00000,0.20670,0.45249,0.02750,0.48738,0.91688,292.18285,0.20000,0.13333,0.93548,8.14106,0.84093,0.32552,0.00000,0.37633,0.06667,0.00000,0.86806,0.94944,32.66066,0.83721,0.20930,0.85088,5.71150,0.61849,6.51042,0.00000,-0.15680,0.65116,0.07407,0.29297,1.00369,94.00280,0.73913,0.04348,0.94776,5.90167,0.72700,4.55729,0.00000,0.13133,0.69565,0.00000,0.54253,0.14648,192.19243,0.69565,0.04348,0.96744,7.00056,1.16645,3.90625,0.00000,0.29755,0.65217,0.09091,0.05968,0.60764,141.38956,0.59375,0.00000,0.98400,6.29192,0.67817,4.88281,0.00000,0.27822,0.59375,0.00000,0.35265,0.53168,328.29921,0.05556,0.00000,1.00000,5.99318,0.16819,0.00000,0.00000,0.31357,0.05556,0.00000,0.80838
66,0.0966,3704832,10800,0.00288,5.00e-04,0.2976,357.3911,0.71162,169.68959,0.56180,0.07703,0.94067,6.36657,0.69354,3.36372,0.00000,0.20409,0.48477,0.01691,0.48286,0.83008,320.54220,0.07143,0.07143,0.92568,7.64540,0.80295,0.00000,0.00000,0.34934,0.00000,0.00000,0.79753,1.12847,10.91364,0.94595,0.16216,0.80952,5.68285,0.56966,7.48698,0.00000,-0.13706,0.78378,0.10145,0.37435,0.95486,82.89675,0.80769,0.03846,0.94776,6.05999,0.72700,5.85938,0.00000,0.12017,0.76923,0.00000,0.54796,0.18446,151.83572,0.78947,0.15789,0.97748,6.84905,1.20443,2.92969,0.00000,0.29093,0.63158,0.00000,0.09223,0.57509,142.27107,0.64516,0.03226,0.98361,6.26396,0.66189,3.58073,0.00000,0.28087,0.61290,0.00000,0.28212,0.59679,309.67817,0.11111,0.00000,1.00000,5.69817,0.19531,0.32552,0.00000,0.32030,0.11111,0.00000,0.80295
67,0.0980,3760128,10937,0.00310,5.00e-04,0.2976,345.7399,0.71072,173.93934,0.53606,0.05646,0.95067,6.45573,0.67907,2.22439,0.00000,0.19988,0.47961,0.00934,0.51631,0.83550,335.01237,0.00000,0.00000,0.96479,7.80289,0.77040,0.00000,0.00000,0.34419,0.00000,0.00000,0.81380,1.07964,11.54141,0.90625,0.09375,0.82609,5.45743,0.62391,5.20833,0.00000,-0.15758,0.81250,0.04110,0.39605,0.92773,70.16745,0.88000,0.12000,0.95455,6.21296,0.71615,3.90625,0.00000,0.12663,0.76000,0.00000,0.56424,0.20074,164.12089,0.70833,0.12500,0.98421,6.87895,1.03082,2.60417,0.00000,0.28590,0.58333,0.00000,0.11936,0.61849,162.67797,0.57895,0.00000,1.00000,6.22131,0.72157,1.62760,0.00000,0.28488,0.57895,0.01493,0.36350,0.60221,300.11597,0.14286,0.00000,0.97436,6.16084,0.21159,0.00000,0.00000,0.31522,0.14286,0.00000,0.84093
68,0.0994,3815424,10922,0.00312,5.00e-04,0.2976,385.0256,0.66370,161.55840,0.56938,0.13295,0.93403,6.33629,0.68631,2.33290,0.00000,0.18702,0.44284,0.01697,0.50456,0.75412,280.76946,0.14286,0.14286,0.91200,7.94589,0.67817,0.00000,0.00000,0.33989,0.00000,0.00725,0.74870,0.99826,6.76423,0.94737,0.28947,0.81739,5.58329,0.62391,4.23177,0.00000,-0.19496,0.65789,0.09459,0.40148,0.94944,78.72927,0.76923,0.11538,0.96000,5.65447,0.67817,3.25521,0.00000,0.08312,0.69231,0.00000,0.55339,0.16819,157.24973,0.75000,0.25000,0.95946,6.79916,1.20443,2.92969,0.00000,0.30618,0.50000,0.00000,0.09223,0.56966,143.92265,0.68182,0.00000,0.98561,6.00141,0.75412,3.25521,0.00000,0.28113,0.68182,0.00000,0.41775,0.54253,301.91504,0.12500,0.00000,0.96970,6.03350,0.17904,0.32552,0.00000,0.30674,0.12500,0.00000,0.81380
69,0.1009,3870720,10861,0.00314,5.00e-04,0.2975,422.3755,0.69987,173.34663,0.55010,0.08061,0.94249,6.28817,0.62934,2.65842,0.00000,0.18745,0.47388,0.01538,0.47833,0.82465,342.59018,0.00000,0.00000,0.90076,7.86401,0.71072,0.00000,0.00000,0.33852,0.00000,0.00000,0.74870,0.96029,-0.34458,0.97368,0.18421,0.83784,5.12046,0.60221,6.18490,0.00000,-0.19624,0.81579,0.09231,0.35265,0.87891,44.29212,0.94118,0.11765,0.94355,5.76988,0.67274,5.85938,0.00000,0.11552,0.82353,0.00000,0.50998,0.13563,208.79803,0.57895,0.00000,0.98876,6.84981,0.96571,2.60417,0.00000,0.28523,0.57895,0.00000,0.08681,0.73785,160.22285,0.62500,0.00000,0.98400,6.07293,0.67817,1.30208,0.00000,0.26985,0.62500,0.00000,0.39062,0.66189,284.52117,0.18182,0.18182,1.00000,6.05193,0.14648,0.00000,0.00000,0.31180,0.00000,0.00000,0.78125
70,0.1024,3926016,9973,0.00229,5.00e-04,0.2974,388.5758,0.70620,158.09228,0.59426,0.11942,0.93996,6.41415,0.64110,3.68924,0.00000,0.19403,0.47871,0.01358,0.49009,0.91688,300.89873,0.10000,0.10000,0.90977,7.91904,0.72157,0.00000,0.00000,0.34078,0.00000,0.00000,0.79210,1.11220,11.33810,0.97674,0.25581,0.79612,5.16613,0.55881,7.16146,0.00000,-0.12321,0.74419,0.06780,0.32010,0.88433,77.08431,0.82857,0.17143,0.97458,6.06865,0.64019,4.88281,0.00000,0.08941,0.65714,0.00000,0.58594,0.13563,160.16113,0.65517,0.10345,0.99474,6.84548,1.03082,4.55729,0.00000,0.26188,0.55172,0.00000,0.09766,0.70530,113.80436,0.72727,0.03030,0.96454,6.17962,0.76497,5.20833,0.00000,0.28471,0.69697,0.01370,0.39605,0.48286,285.26706,0.27778,0.05556,1.00000,6.30595,0.13021,0.32552,0.00000,0.31060,0.22222,0.00000,0.74870
71,0.1038,3981312,10944,0.00264,5.00e-04,0.2974,362.5893,0.72338,172.89700,0.55675,0.05486,0.95041,6.42786,0.66370,3.09245,0.00000,0.20307,0.50189,0.00704,0.47743,0.84093,299.81235,0.12500,0.00000,0.92969,7.94621,0.69444,0.00000,0.00000,0.34024,0.12500,0.00000,0.73785,1.00911,14.29287,0.97143,0.20000,0.88073,5.90983,0.59136,6.18490,0.00000,-0.14588,0.77143,0.04225,0.38520,1.01454,107.73012,0.68750,0.06250,0.93478,5.91291,0.74870,5.20833,0.00000,0.12078,0.62500,0.00000,0.59679,0.15734,157.08221,0.76667,0.06667,0.98913,6.81230,0.99826,5.20833,0.00000,0.27815,0.70000,0.00000,0.10851,0.67817,144.32955,0.64706,0.00000,0.99254,6.08029,0.72700,1.95313,0.00000,0.30142,0.64706,0.00000,0.32552,0.64019,314.13491,0.14286,0.00000,0.97561,5.90564,0.22244,0.00000,0.00000,0.32371,0.14286,0.00000,0.71072
72,0.1053,4036608,10257,0.00322,5.00e-04,0.2973,335.5873,0.69625,168.21602,0.55557,0.05635,0.93595,6.36807,0.68359,3.25521,0.00000,0.20549,0.49922,0.00806,0.47833,0.89518,326.68573,0.00000,0.00000,0.87586,7.92145,0.78668,0.00000,0.00000,0.35773,0.00000,0.00000,0.86263,1.04167,9.98208,0.97143,0.17143,0.84112,5.47671,0.58051,7.16146,0.00000,-0.12127,0.80000,0.04839,0.33637,0.90603,67.40317,0.83333,0.00000,0.96124,6.01809,0.69987,4.55729,0.00000,0.13100,0.83333,0.00000,0.49371,0.13563,161.80664,0.70000,0.16667,0.98485,6.87513,1.07422,2.92969,0.00000,0.26926,0.53333,0.00000,0.08681,0.64019,135.60807,0.69231,0.00000,0.97826,6.04724,0.74870,4.55729,0.00000,0.28150,0.69231,0.00000,0.40690,0.55881,307.81044,0.13636,0.00000,0.97436,5.86977,0.21159,0.32552,0.00000,0.31473,0.13636,0.00000,0.68359
73,0.1068,4091904,10658,0.00347,5.00e-04,0.2973,359.7177,0.69625,169.41920,0.58038,0.07951,0.93871,6.44990,0.71434,2.65842,0.00000,0.21089,0.50086,0.01716,0.48105,0.84635,299.41872,0.07692,0.00000,0.90511,7.78221,0.74327,0.00000,0.00000,0.34755,0.07692,0.00000,0.82465,0.99826,16.45059,0.97436,0.15385,0.84348,5.98968,0.62391,5.85938,0.00000,-0.11921,0.82051,0.10294,0.36892,0.98199,58.62269,0.92593,0.11111,0.95455,5.96811,0.83550,5.20833,0.00000,0.14433,0.81481,0.00000,0.50998,0.17361,150.76861,0.77778,0.16667,0.97129,6.92350,1.13390,2.60417,0.00000,0.28959,0.61111,0.00000,0.09223,0.56424,180.19557,0.54545,0.04545,0.98561,6.31327,0.75412,1.95313,0.00000,0.28740,0.50000,0.00000,0.33095,0.61306,311.05904,0.18182,0.00000,0.97222,5.72262,0.19531,0.32552,0.00000,0.31569,0.18182,0.00000,0.75955
74,0.1082,4147200,10773,0.00328,5.00e-04,0.2972,350.9042,0.70891,167.63877,0.55566,0.06175,0.93645,6.32565,0.67274,2.82118,0.00000,0.20946,0.49391,0.01149,0.47562,0.85178,334.06830,0.00000,0.00000,0.92517,7.85536,0.79753,0.00000,0.00000,0.35228,0.00000,0.00000,0.79210,1.04709,5.87141,0.96774,0.19355,0.82727,5.44514,0.59679,5.53385,0.00000,-0.11158,0.77419,0.06897,0.31467,0.92231,56.40439,0.88462,0.07692,0.94444,5.95198,0.68359,5.53385,0.00000,0.11870,0.80769,0.00000,0.52083,0.16276,136.94926,0.75000,0.10000,0.94681,6.77462,1.01997,3.25521,0.00000,0.29974,0.65000,0.00000,0.10308,0.66189,146.46577,0.63158,0.00000,1.00000,6.31159,0.72157,2.27865,0.00000,0.28300,0.63158,0.00000,0.36350,0.60764,326.07351,0.10000,0.00000,0.97500,5.61518,0.21701,0.32552,0.00000,0.31464,0.10000,0.00000,0.75955
75,0.1096,4202496,11030,0.00346,5.00e-04,0.2971,448.2454,0.72067,151.39395,0.60703,0.17569,0.94190,6.39413,0.68450,2.22439,0.00000,0.19664,0.43708,0.01523,0.46115,0.80295,316.68398,0.00000,0.00000,0.84733,7.75871,0.71072,0.00000,0.00000,0.33737,0.00000,0.00000,0.71615,1.06879,3.20737,0.97222,0.33333,0.82171,5.45227,0.69987,4.88281,0.00000,-0.15061,0.63889,0.06154,0.35265,0.99284,101.30024,0.75000,0.07143,0.99231,6.05068,0.70530,2.92969,0.00000,0.10882,0.67857,0.00000,0.50998,0.15191,92.70479,0.92308,0.30769,0.99005,6.93084,1.09049,1.30208,0.00000,0.29586,0.61538,0.00000,0.05968,0.69987,140.14977,0.72414,0.06897,1.00000,6.15592,0.69444,4.23177,0.00000,0.27668,0.68966,0.02985,0.36350,0.60764,254.31756,0.27273,0.27273,1.00000,6.01633,0.20616,0.00000,0.00000,0.31174,0.00000,0.00000,0.76497
76,0.1111,4257792,10648,0.00271,5.00e-04,0.2971,423.1691,0.71705,166.44987,0.57073,0.04603,0.91898,6.38230,0.67546,3.03819,0.00000,0.20120,0.52470,0.00769,0.47201,0.89518,316.34348,0.06250,0.00000,0.85816,7.75419,0.76497,0.00000,0.00000,0.34250,0.06250,0.00000,0.79753,0.99826,9.24432,0.91429,0.11429,0.78632,5.24997,0.63477,5.20833,0.00000,-0.15855,0.80000,0.04615,0.35265,0.91146,93.67585,0.73810,0.04762,0.93478,5.99858,0.74870,5.85938,0.00000,0.15751,0.69048,0.00000,0.51541,0.21159,167.95336,0.80952,0.04762,0.97368,6.86737,1.03082,4.23177,0.00000,0.28960,0.76190,0.00000,0.06510,0.67817,121.82546,0.70000,0.00000,0.96094,6.07303,0.69444,2.60417,0.00000,0.27017,0.70000,0.00000,0.32010,0.60764,289.65677,0.20000,0.06667,1.00000,6.35064,0.17904,0.32552,0.00000,0.30595,0.13333,0.00000,0.78125
77,0.1125,4313088,11297,0.00312,5.00e-04,0.2970,351.2885,0.64652,171.85224,0.59403,0.08785,0.94298,6.38868,0.64742,3.47222,0.00000,0.19674,0.51641,0.01398,0.42408,0.80295,307.43828,0.05000,0.05000,0.89844,7.91592,0.69444,0.00000,0.00000,0.33114,0.00000,0.00000,0.71072,0.90061,20.84448,0.97436,0.17949,0.81513,5.22012,0.64562,7.16146,0.00000,-0.15069,0.82051,0.06667,0.32552,0.97656,94.31430,0.85714,0.07143,0.98182,6.45702,0.59679,5.53385,0.00000,0.11480,0.78571,0.00000,0.46658,0.11393,187.53587,0.62500,0.08333,0.97688,6.74686,0.93859,3.25521,0.00000,0.28538,0.54167,0.00000,0.06510,0.59679,135.50606,0.75000,0.14286,0.98561,6.35143,0.75412,3.90625,0.00000,0.28193,0.64286,0.01724,0.31467,0.48828,285.47446,0.30769,0.00000,1.00000,5.64071,0.25499,0.97656,0.00000,0.31787,0.30769,0.00000,0.66189
78,0.1138,4368384,11136,0.00314,5.00e-04,0.2969,342.7429,0.65466,159.34363,0.56832,0.04028,0.94493,6.47780,0.61939,3.03819,0.00000,0.20388,0.53484,0.01055,0.43945,0.71072,313.64128,0.08333,0.00000,0.89831,7.87066,0.64019,0.65104,0.00000,0.33046,0.08333,0.00000,0.62934,0.99826,15.04727,0.93878,0.14286,0.88073,5.70341,0.59136,8.13802,0.00000,-0.11340,0.83673,0.04478,0.36350,0.99284,45.18571,0.92000,0.04000,0.98361,6.25688,0.66189,4.88281,0.00000,0.14912,0.88000,0.00000,0.51541,0.16276,153.84603,0.66667,0.00000,0.97740,7.00794,0.96029,1.62760,0.00000,0.28206,0.66667,0.00000,0.08138,0.59136,118.01517,0.70588,0.05882,0.98361,6.18792,0.66189,2.27865,0.00000,0.26194,0.64706,0.01852,0.29297,0.47201,310.32633,0.09524,0.00000,0.94595,5.83999,0.20074,0.65104,0.00000,0.31310,0.09524,0.00000,0.75412
79,0.1152,4423680,11138,0.00370,5.00e-04,0.2969,327.4439,0.67817,183.49648,0.50922,0.05957,0.93792,6.52489,0.63748,2.92969,0.00000,0.19935,0.44965,0.02079,0.45121,0.72700,326.14181,0.03571,0.00000,0.84545,8.01288,0.59679,0.32552,0.00000,0.30567,0.03571,0.00000,0.68902,1.10677,26.21648,0.92683,0.09756,0.83478,5.70920,0.62391,6.83594,0.00000,-0.11471,0.82927,0.08451,0.38520,0.83550,72.94080,0.80000,0.08000,0.97561,6.27848,0.66732,3.58073,0.00000,0.14220,0.72000,0.00990,0.54796,0.15191,180.44862,0.59091,0.13636,0.97906,6.90695,1.03624,2.60417,0.00000,0.26926,0.45455,0.00000,0.09766,0.67817,182.68059,0.57143,0.00000,0.99259,6.34569,0.73242,3.90625,0.00000,0.27689,0.57143,0.03030,0.35807,0.56966,312.55057,0.13043,0.04348,1.00000,5.89611,0.16819,0.32552,0.00000,0.31682,0.08696,0.00000,0.62934
80,0.1167,4478976,10988,0.00287,5.00e-04,0.2968,397.8411,0.69987,167.52271,0.59785,0.08635,0.92918,6.48166,0.67365,2.82118,0.00000,0.20192,0.51150,0.02880,0.44217,0.73785,315.17505,0.05556,0.05556,0.85593,7.90331,0.64019,0.00000,0.00000,0.30635,0.00000,0.00000,0.64019,1.04709,19.36922,0.93548,0.19355,0.81250,5.70654,0.69444,4.55729,0.00000,-0.12624,0.74194,0.15789,0.41233,1.04167,89.31090,0.72222,0.05556,0.97101,6.19306,0.74870,6.18490,0.00000,0.15363,0.66667,0.00000,0.50998,0.17361,142.21991,0.84211,0.15789,0.97849,6.92807,1.00911,3.25521,0.00000,0.28434,0.68421,0.00000,0.08681,0.68902,114.97799,0.88889,0.05556,0.98571,5.98152,0.75955,2.60417,0.00000,0.27405,0.83333,0.01493,0.36350,0.50998,324.08319,0.14286,0.00000,0.97143,6.17747,0.18989,0.32552,0.00000,0.31938,0.14286,0.00000,0.64019
81,0.1180,4534272,11109,0.00233,5.00e-04,0.2967,385.4772,0.66732,166.24399,0.58035,0.05807,0.91828,6.49594,0.66280,3.58073,0.00000,0.18227,0.52229,0.01413,0.42860,0.77582,286.79411,0.06667,0.06667,0.82308,7.88135,0.70530,0.00000,0.00000,0.30391,0.00000,0.00000,0.69987,1.06879,17.10374,0.93617,0.12766,0.85950,5.59170,0.65647,9.11458,0.00000,-0.16219,0.80851,0.04839,0.33637,0.98199,76.59840,0.88000,0.08000,0.96350,6.08990,0.74327,4.55729,0.00000,0.13949,0.80000,0.00000,0.55339,0.15734,187.58245,0.66667,0.07407,0.94706,6.82569,0.92231,3.58073,0.00000,0.23899,0.59259,0.00000,0.10851,0.57509,128.22755,0.78261,0.00000,0.98473,6.24792,0.71072,4.23177,0.00000,0.26886,0.78261,0.03636,0.29839,0.44488,301.15767,0.15000,0.00000,0.93182,6.33911,0.23872,0.00000,0.00000,0.30457,0.15000,0.00000,0.57509
82,0.1195,4589568,10738,0.00284,5.00e-04,0.2967,401.4788,0.72700,161.48580,0.57976,0.11657,0.94701,6.40579,0.66641,2.98394,0.00000,0.19321,0.46318,0.01826,0.43674,0.88976,250.14371,0.21429,0.14286,0.91429,7.91427,0.75955,0.00000,0.00000,0.32168,0.07143,0.00000,0.75412,1.11220,18.36483,0.91176,0.32353,0.82857,5.62091,0.56966,4.88281,0.00000,-0.16131,0.58824,0.10959,0.39605,0.98199,52.95286,0.92308,0.07692,0.97122,5.81208,0.75412,4.55729,0.00000,0.15496,0.84615,0.00000,0.45030,0.17361,217.97170,0.57692,0.07692,0.98225,6.95120,0.91688,3.90625,0.00000,0.26285,0.50000,0.00000,0.08138,0.70530,135.12781,0.67857,0.03571,0.98571,6.22156,0.75955,3.90625,0.00000,0.28161,0.64286,0.00000,0.37977,0.49913,294.35392,0.17391,0.04348,1.00000,5.91473,0.23872,0.65104,0.00000,0.29947,0.13043,0.00000,0.55881
83,0.1209,4644864,10932,0.00366,5.00e-04,0.2966,355.7806,0.64833,161.68105,0.56537,0.10585,0.93698,6.47832,0.66913,2.76693,0.00000,0.19238,0.45952,0.01820,0.41233,0.73242,309.59694,0.08333,0.00000,0.88696,7.84526,0.62391,0.32552,0.00000,0.29533,0.08333,0.00000,0.67817,0.96571,29.37151,0.92308,0.15385,0.82353,5.41716,0.55339,6.83594,0.00000,-0.14656,0.76923,0.07843,0.27669,0.96029,92.23959,0.68966,0.10345,0.96000,6.16944,0.81380,4.23177,0.00000,0.17907,0.58621,0.00000,0.45030,0.17361,144.50837,0.72222,0.27778,0.97861,6.95068,1.01454,2.27865,0.00000,0.25391,0.44444,0.00000,0.10308,0.59679,83.64813,0.80000,0.10000,0.97279,6.18353,0.79753,2.27865,0.00000,0.27498,0.70000,0.03077,0.35265,0.46115,310.72174,0.17391,0.00000,1.00000,6.30386,0.21159,0.65104,0.00000,0.29757,0.17391,0.00000,0.61306
84,0.1223,4700160,11136,0.00347,5.00e-04,0.2966,387.7108,0.67998,161.65940,0.59941,0.08813,0.93277,6.57948,0.66822,3.30946,0.00000,0.19776,0.51128,0.01877,0.43493,0.75412,259.69663,0.23529,0.17647,0.85938,7.85492,0.69444,0.00000,0.00000,0.29921,0.05882,0.00000,0.73242,0.99284,3.24721,0.97143,0.14286,0.87069,5.91903,0.62934,7.16146,0.00000,-0.13340,0.82857,0.09722,0.39062,0.91688,104.91426,0.75000,0.06250,0.95968,6.30198,0.67274,5.85938,0.00000,0.15488,0.68750,0.00000,0.43403,0.23329,148.07377,0.84211,0.10526,0.95429,7.16026,0.94944,2.92969,0.00000,0.27451,0.73684,0.00000,0.10851,0.69444,122.44993,0.75000,0.04167,0.97260,6.11275,0.79210,3.90625,0.00000,0.28173,0.70833,0.01538,0.35265,0.48828,331.57459,0.04762,0.00000,0.98000,6.12794,0.27127,0.00000,0.00000,0.30964,0.04762,0.00000,0.59136
85,0.1237,4755456,11151,0.00241,5.00e-04,0.2965,371.9456,0.66822,166.49455,0.58640,0.09622,0.93681,6.61484,0.67726,3.25521,0.00000,0.19380,0.49018,0.01551,0.41956,0.65647,322.21790,0.04348,0.04348,0.80189,7.91215,0.57509,0.00000,0.00000,0.29322,0.00000,0.00000,0.55339,1.00911,15.02831,0.96000,0.26000,0.88793,5.74755,0.62934,6.51042,0.00000,-0.14836,0.70000,0.04762,0.45573,0.97656,83.95336,0.80000,0.12000,0.98658,6.35137,0.80838,4.55729,0.00000,0.16513,0.68000,0.00000,0.47201,0.19531,152.38647,0.76923,0.07692,0.97368,7.01351,1.03082,4.88281,0.00000,0.27470,0.69231,0.00000,0.05968,0.71072,130.35474,0.76923,0.07692,0.97080,6.30686,0.74327,3.25521,0.00000,0.29031,0.69231,0.04545,0.35807,0.46115,295.02654,0.17647,0.00000,1.00000,6.35761,0.27669,0.32552,0.00000,0.28782,0.17647,0.00000,0.61849
86,0.1251,4810752,11183,0.00338,5.00e-04,0.2965,339.6839,0.64200,160.69362,0.59483,0.11955,0.92869,6.58744,0.66461,2.87543,0.00000,0.20440,0.47991,0.01831,0.40057,0.72700,264.31325,0.23529,0.05882,0.80800,7.80847,0.67817,0.00000,0.00000,0.30411,0.17647,0.00000,0.62391,1.01997,10.05346,1.00000,0.13889,0.86792,5.76681,0.57509,6.51042,0.00000,-0.06804,0.88889,0.09231,0.35265,0.88976,76.61552,0.78261,0.13043,0.94737,6.30884,0.72157,4.23177,0.00000,0.17162,0.65217,0.00000,0.49371,0.16819,150.26136,0.72727,0.22727,0.95580,6.87330,0.98199,2.27865,0.00000,0.27156,0.50000,0.00000,0.08138,0.69444,149.53532,0.63333,0.06667,0.99306,6.29249,0.78125,3.90625,0.00000,0.28940,0.56667,0.01754,0.30924,0.35265,313.38284,0.19048,0.09524,1.00000,6.47475,0.24957,0.32552,0.00000,0.25776,0.09524,0.00000,0.54253
87,0.1264,4866048,11541,0.00386,5.00e-04,0.2965,378.6828,0.70620,173.09938,0.57371,0.06880,0.93343,6.54703,0.69535,3.41797,0.00000,0.20488,0.50491,0.01111,0.42499,0.82465,302.55947,0.08333,0.08333,0.87500,7.84475,0.65104,0.00000,0.00000,0.30013,0.00000,0.00000,0.68359,1.16102,27.40390,0.93939,0.15152,0.84028,5.82443,0.78125,5.53385,0.00000,-0.07224,0.78788,0.06667,0.32552,0.98741,99.71045,0.79310,0.03448,0.92913,6.01852,0.68902,5.20833,0.00000,0.15653,0.75862,0.00000,0.49913,0.15191,176.27056,0.73077,0.00000,0.97537,7.10001,1.10135,5.20833,0.00000,0.29958,0.73077,0.00000,0.09766,0.66189,143.30302,0.69565,0.04348,1.00000,6.38928,0.66732,4.23177,0.00000,0.28206,0.65217,0.00000,0.29839,0.45030,289.34885,0.20000,0.10000,0.98077,6.10519,0.28212,0.32552,0.00000,0.26318,0.10000,0.00000,0.64562
88,0.1278,4921344,11419,0.00343,5.00e-04,0.2964,352.9149,0.67636,171.38160,0.53632,0.07392,0.92896,6.44592,0.66099,2.76693,0.00000,0.19089,0.46814,0.01691,0.42408,0.81380,305.31093,0.05556,0.00000,0.82677,7.72558,0.68902,0.00000,0.00000,0.28554,0.05556,0.00000,0.71615,1.02539,27.47896,0.89189,0.10811,0.82787,5.43267,0.66189,6.83594,0.00000,-0.09011,0.78378,0.08108,0.40148,0.86263,100.53322,0.86207,0.10345,0.97959,6.18412,0.79753,4.23177,0.00000,0.13392,0.79310,0.00000,0.55339,0.22786,162.18524,0.59259,0.07407,0.98750,7.08543,0.86806,2.92969,0.00000,0.27688,0.51852,0.00000,0.08681,0.71072,168.93214,0.50000,0.00000,0.99200,6.06604,0.67817,2.27865,0.00000,0.25973,0.50000,0.02041,0.26584,0.41775,263.84910,0.31579,0.15789,0.96000,6.18166,0.27127,0.32552,0.00000,0.27941,0.15789,0.00000,0.52083
89,0.1291,4976640,11347,0.00260,5.00e-04,0.2964,374.7864,0.64652,160.95240,0.58125,0.07030,0.92317,6.53213,0.65918,2.87543,0.00000,0.19594,0.51633,0.02022,0.38158,0.75412,261.48135,0.20000,0.13333,0.77344,7.87666,0.69444,0.00000,0.00000,0.30383,0.06667,0.00000,0.62391,1.00369,13.85642,1.00000,0.09677,0.84034,5.67700,0.64562,6.51042,0.00000,-0.08224,0.93548,0.07018,0.30924,0.92773,95.02197,0.76667,0.03333,0.94444,6.12376,0.68359,3.90625,0.00000,0.12269,0.73333,0.01190,0.45573,0.14106,185.78459,0.63333,0.03333,0.98857,7.00110,0.94944,2.92969,0.00000,0.30959,0.60000,0.00000,0.05968,0.65647,127.33157,0.68750,0.12500,0.99225,6.22688,0.69987,3.58073,0.00000,0.23679,0.56250,0.03922,0.27669,0.39605,282.23848,0.20000,0.00000,1.00000,6.28742,0.28212,0.32552,0.00000,0.28497,0.20000,0.00000,0.56424
90,0.1305,5031936,11461,0.00291,5.00e-04,0.2963,385.8402,0.64381,177.55933,0.53250,0.04769,0.91501,6.51847,0.62753,3.74349,0.00000,0.18811,0.48481,0.02375,0.40600,0.74870,316.41819,0.00000,0.00000,0.82114,7.91541,0.66732,0.00000,0.00000,0.30309,0.00000,0.00000,0.64019,1.02539,15.53213,0.91111,0.11111,0.81452,5.89715,0.67274,8.13802,0.00000,-0.10126,0.80000,0.12329,0.39605,0.91688,100.58526,0.76667,0.00000,0.93846,6.04743,0.70530,5.20833,0.00000,0.11051,0.76667,0.00000,0.47201,0.18446,212.98498,0.51724,0.06897,0.97484,7.07281,0.86263,3.58073,0.00000,0.29168,0.44828,0.00000,0.13021,0.65104,146.79942,0.72727,0.06061,0.96610,6.25637,0.64019,5.20833,0.00000,0.24275,0.66667,0.01923,0.28212,0.33637,273.03598,0.27273,0.04545,0.97500,5.92169,0.21701,0.32552,0.00000,0.28188,0.22727,0.00000,0.51541
91,0.1318,5087232,11531,0.00391,5.00e-04,0.2963,344.4991,0.63115,157.42249,0.60806,0.07614,0.93253,6.56720,0.64471,3.52648,0.00000,0.20259,0.53193,0.02931,0.41685,0.77582,304.49163,0.00000,0.00000,0.84000,7.75830,0.67817,0.00000,0.00000,0.30812,0.00000,0.00000,0.66189,0.89518,17.18431,0.95000,0.05000,0.84426,5.63193,0.66189,8.78906,0.00000,-0.06119,0.90000,0.12500,0.34722,0.94401,60.87822,0.91304,0.00000,0.99107,6.37269,0.60764,5.85938,0.00000,0.14210,0.91304,0.00000,0.46115,0.16276,149.08318,0.76471,0.29412,0.98429,7.16312,1.03624,1.95313,0.00000,0.31169,0.47059,0.00000,0.09766,0.62934,130.37436,0.74286,0.05714,0.95726,6.21069,0.63477,4.23177,0.00000,0.22940,0.68571,0.05085,0.32010,0.37977,282.52327,0.27778,0.05556,0.97826,6.26646,0.24957,0.32552,0.00000,0.28543,0.22222,0.00000,0.61306
92,0.1332,5142528,11503,0.00240,5.00e-04,0.2963,324.5065,0.63386,153.83783,0.63151,0.05925,0.91692,6.59411,0.67003,4.17752,0.00000,0.19081,0.57226,0.01246,0.39153,0.78668,274.52016,0.14286,0.00000,0.76744,7.84237,0.69987,0.00000,0.00000,0.29411,0.14286,0.00000,0.70530,0.91146,24.59740,0.98113,0.05660,0.81250,5.75179,0.69444,11.06771,0.00000,-0.08566,0.92453,0.05556,0.39062,0.92773,81.83993,0.86207,0.10345,0.95122,6.28173,0.66732,4.55729,0.00000,0.13501,0.75862,0.00000,0.40148,0.17361,191.41124,0.63636,0.04545,0.97802,7.03222,0.98741,1.95313,0.00000,0.28707,0.59091,0.00000,0.05425,0.61849,99.08019,0.83333,0.08333,0.99231,6.21560,0.70530,6.83594,0.00000,0.22866,0.75000,0.01923,0.28212,0.38520,251.57808,0.33333,0.06667,1.00000,6.44096,0.26584,0.65104,0.00000,0.28569,0.26667,0.00000,0.51541
93,0.1346,5197824,11372,0.00339,5.00e-04,0.2962,390.1690,0.62934,161.74786,0.56329,0.09482,0.93139,6.57087,0.64110,2.82118,0.00000,0.19050,0.47226,0.02383,0.36712,0.61306,274.03403,0.12500,0.00000,0.81000,7.88811,0.54253,0.32552,0.00000,0.27836,0.12500,0.00000,0.53711,1.05252,22.78916,0.93182,0.11364,0.83582,5.45143,0.72700,9.11458,0.00000,-0.07880,0.84091,0.10526,0.30924,0.91688,87.02699,0.88000,0.04000,0.96552,5.96905,0.78668,3.90625,0.00000,0.14231,0.84000,0.00000,0.44488,0.08681,221.18120,0.35714,0.21429,0.99412,7.06791,0.92231,0.65104,0.00000,0.29323,0.14286,0.00000,0.07595,0.70530,120.10062,0.79167,0.08333,0.98291,6.34380,0.63477,2.60417,0.00000,0.22419,0.70833,0.03774,0.28754,0.40148,245.35518,0.29412,0.11765,1.00000,6.70490,0.23329,0.32552,0.00000,0.28370,0.17647,0.00000,0.54796
94,0.1359,5253120,11434,0.00346,5.00e-04,0.2962,372.5842,0.61487,161.25375,0.60484,0.06148,0.92390,6.59703,0.69625,3.90625,0.00000,0.20296,0.54336,0.01164,0.36531,0.67817,292.03263,0.11765,0.00000,0.80672,7.73447,0.64562,0.32552,0.00000,0.28511,0.11765,0.00926,0.58594,0.94401,20.63583,0.97436,0.12821,0.80147,5.59296,0.73785,8.13802,0.00000,-0.08254,0.84615,0.06061,0.35807,0.91688,84.21285,0.84211,0.05263,0.96575,6.52026,0.79210,7.81250,0.00000,0.14425,0.78947,0.00000,0.38520,0.16819,158.83624,0.72222,0.11111,0.98333,7.09661,0.97656,2.60417,0.00000,0.29432,0.61111,0.00000,0.09223,0.60764,137.19270,0.74194,0.00000,0.98611,6.41851,0.78125,4.55729,0.00000,0.27230,0.74194,0.00000,0.27669,0.37435,274.61225,0.23077,0.07692,1.00000,6.21936,0.24414,0.00000,0.00000,0.30434,0.15385,0.00000,0.49371
95,0.1373,5308416,11166,0.00382,5.00e-04,0.2961,394.9815,0.62572,158.64590,0.58461,0.05588,0.92440,6.50012,0.65466,4.23177,0.00000,0.18354,0.52874,0.02460,0.41685,0.74870,248.03800,0.27273,0.00000,0.80328,7.59854,0.66189,0.00000,0.00000,0.27267,0.27273,0.00000,0.71615,0.93859,32.36503,0.90196,0.07843,0.89344,5.98793,0.66189,10.41667,0.00000,-0.10883,0.82353,0.07353,0.36892,0.92773,80.16578,0.86667,0.06667,0.95683,6.22846,0.75412,6.51042,0.00000,0.12751,0.80000,0.00000,0.49913,0.11936,223.53981,0.46154,0.07692,0.97191,6.82577,0.96571,2.92969,0.00000,0.26805,0.38462,0.00000,0.06510,0.65647,129.79542,0.63636,0.06061,0.96639,6.34783,0.64562,4.55729,0.00000,0.24391,0.57576,0.07407,0.29297,0.36350,237.97135,0.36842,0.05263,0.95455,6.01219,0.23872,0.97656,0.00000,0.29794,0.31579,0.00000,0.55881
96,0.1387,5363712,11186,0.00292,5.00e-04,0.2960,381.2295,0.59227,152.05035,0.60689,0.05685,0.92605,6.51919,0.64652,3.58073,0.00000,0.17954,0.55003,0.01778,0.39334,0.71615,313.13332,0.00000,0.00000,0.79200,7.62450,0.67817,0.00000,0.00000,0.26625,0.00000,0.00000,0.60221,0.91146,11.65777,0.97368,0.10526,0.84800,5.65533,0.67817,7.48698,0.00000,-0.08992,0.86842,0.10667,0.40690,0.84635,86.57998,0.77143,0.05714,0.96992,6.07435,0.72157,5.20833,0.00000,0.10783,0.71429,0.00000,0.45573,0.08681,151.17305,0.63636,0.09091,0.98734,7.19626,0.85720,1.95313,0.00000,0.27625,0.54545,0.00000,0.06510,0.61306,92.35893,0.87097,0.03226,0.95902,6.27340,0.66189,5.85938,0.00000,0.23379,0.83871,0.00000,0.23872,0.37977,257.39903,0.38889,0.05556,1.00000,6.29128,0.28212,0.97656,0.00000,0.28303,0.33333,0.00000,0.59136
97,0.1401,5419008,11257,0.00395,5.00e-04,0.2959,364.2769,0.61759,161.24668,0.61131,0.09706,0.92649,6.60827,0.66641,3.74349,0.00000,0.17872,0.51426,0.03389,0.38882,0.67274,292.36058,0.08333,0.08333,0.78302,7.66140,0.57509,0.00000,0.00000,0.25821,0.00000,0.00000,0.59679,0.96029,13.21378,1.00000,0.13158,0.85000,5.66387,0.65104,8.46354,0.00000,-0.12889,0.86842,0.08333,0.39062,0.98199,59.02793,0.89744,0.15385,0.95745,6.12465,0.76497,7.16146,0.00000,0.11359,0.74359,0.00000,0.45030,0.10851,221.77948,0.47619,0.14286,0.98235,7.13395,0.92231,1.62760,0.00000,0.28319,0.33333,0.00000,0.05425,0.56966,91.50391,0.90323,0.03226,0.98611,6.62123,0.78125,4.88281,0.00000,0.25930,0.87097,0.12000,0.27127,0.41233,289.59441,0.30769,0.03846,1.00000,6.44451,0.30382,0.32552,0.00000,0.28690,0.26923,0.00000,0.56966
98,0.1414,5474304,11183,0.00420,5.00e-04,0.2959,353.7622,0.63929,145.13709,0.66770,0.07280,0.91386,6.57852,0.67274,3.25521,0.00000,0.18199,0.59489,0.01852,0.37344,0.80838,249.61740,0.27778,0.05556,0.73504,7.54517,0.63477,0.97656,0.00000,0.25529,0.22222,0.00000,0.60221,0.90603,24.05734,1.00000,0.15686,0.84375,5.78365,0.69444,10.09115,0.00000,-0.13400,0.84314,0.11111,0.39062,0.93859,97.71679,0.80952,0.09524,0.94631,6.36269,0.80838,2.92969,0.00000,0.14333,0.71429,0.00000,0.42318,0.16276,159.59688,0.68750,0.06250,0.98225,7.13524,0.91688,1.95313,0.00000,0.28839,0.62500,0.00000,0.06510,0.68359,88.79652,0.76471,0.00000,0.97581,6.25167,0.67274,2.92969,0.00000,0.23275,0.76471,0.00000,0.27669,0.33637,251.03760,0.46667,0.06667,1.00000,6.39271,0.30924,0.65104,0.00000,0.30620,0.40000,0.00000,0.48286
99,0.1428,5529600,11076,0.00371,5.00e-04,0.2958,342.7087,0.60673,146.26235,0.65263,0.11649,0.90826,6.62301,0.63296,3.96050,0.00000,0.17492,0.53614,0.02980,0.38882,0.61306,284.63489,0.16667,0.16667,0.72000,7.77679,0.54253,0.00000,0.00000,0.25608,0.00000,0.00000,0.56424,0.88976,9.00615,1.00000,0.16667,0.83065,5.71551,0.67274,8.13802,0.00000,-0.13038,0.83333,0.10606,0.35807,0.87348,85.36554,0.84375,0.06250,0.91603,6.06018,0.71072,5.85938,0.00000,0.11592,0.78125,0.00000,0.47201,0.20074,149.32657,0.66667,0.07407,0.98286,7.03949,0.94944,4.23177,0.00000,0.28035,0.59259,0.00000,0.09223,0.61306,99.78528,0.83871,0.12903,1.00000,6.63886,0.62391,5.20833,0.00000,0.22996,0.70968,0.07273,0.29839,0.45030,249.45564,0.40000,0.10000,1.00000,6.50720,0.29839,0.32552,0.00000,0.29758,0.30000,0.00000,0.54796
100,0.1443,5584896,10941,0.00296,5.00e-04,0.2958,341.7566,0.59860,132.35701,0.66759,0.07288,0.90361,6.65107,0.63024,3.41797,0.00000,0.17503,0.59749,0.01770,0.38610,0.61849,253.80802,0.22222,0.11111,0.70297,7.84712,0.54796,0.00000,0.00000,0.26122,0.11111,0.00000,0.54253,0.97656,11.17740,0.98333,0.13333,0.84211,6.03717,0.61849,9.76563,0.00000,-0.09215,0.86667,0.09302,0.46658,0.90061,62.22633,0.85714,0.07143,0.96032,6.40847,0.68359,5.53385,0.00000,0.10665,0.78571,0.01316,0.41233,0.18446,156.58709,0.71429,0.07143,0.96491,6.95432,0.92773,1.62760,0.00000,0.26726,0.64286,0.00000,0.10308,0.59136,87.46992,0.80000,0.05000,0.96748,6.28209,0.66732,2.92969,0.00000,0.23108,0.75000,0.00000,0.22244,0.32010,222.87331,0.42857,0.00000,0.98387,6.37728,0.33637,0.65104,0.00000,0.27614,0.42857,0.00000,0.56966
101,0.1457,5640192,10927,0.00309,5.00e-04,0.2958,342.4637,0.64471,139.24545,0.68988,0.06601,0.91374,6.58117,0.65375,3.63498,0.00000,0.18458,0.62388,0.01780,0.36350,0.78668,224.99128,0.35000,0.15000,0.65625,7.65534,0.69444,0.00000,0.00000,0.28861,0.20000,0.00000,0.63477,1.01997,6.44118,1.00000,0.07143,0.87692,5.70195,0.70530,7.16146,0.00000,-0.05961,0.92857,0.08929,0.30382,0.89518,70.80843,0.85714,0.11905,0.98347,6.32361,0.65647,5.85938,0.00000,0.10568,0.73810,0.00000,0.37977,0.16276,168.71646,0.81250,0.00000,0.98204,7.13702,0.90603,3.90625,0.00000,0.27782,0.81250,0.00000,0.08138,0.65104,118.65050,0.73077,0.00000,0.98374,6.46447,0.66732,3.58073,0.00000,0.22791,0.73077,0.01754,0.30924,0.35265,245.86485,0.38889,0.05556,1.00000,6.20467,0.29297,1.30208,0.00000,0.26704,0.33333,0.00000,0.47201
102,0.1471,5695488,10967,0.00287,5.00e-04,0.2957,395.6457,0.64652,151.05502,0.62407,0.06229,0.90121,6.62314,0.66913,3.79774,0.00000,0.18441,0.56177,0.02915,0.36079,0.83008,270.10761,0.16667,0.05556,0.70492,7.77137,0.66189,0.00000,0.00000,0.29199,0.11111,0.00000,0.62391,0.86806,11.28026,1.00000,0.08824,0.80741,5.66418,0.73242,7.16146,0.00000,-0.09165,0.91176,0.15493,0.38520,0.94401,66.80022,0.89474,0.05263,0.98052,6.16718,0.83550,8.46354,0.00000,0.16458,0.84211,0.00000,0.35265,0.18989,176.37043,0.57143,0.14286,0.94937,6.94644,0.85720,2.27865,0.00000,0.24225,0.42857,0.00000,0.08138,0.69987,115.69989,0.75862,0.03448,0.98230,6.51051,0.61306,4.55729,0.00000,0.22633,0.72414,0.02000,0.27127,0.34722,266.07169,0.35294,0.00000,0.98276,6.67915,0.31467,0.32552,0.00000,0.27297,0.35294,0.00000,0.45030
103,0.1485,5750784,11360,0.00253,5.00e-04,0.2957,360.8896,0.61035,153.70050,0.61075,0.09550,0.87670,6.61320,0.68992,4.93707,0.00000,0.17966,0.51822,0.02648,0.36259,0.74870,315.03481,0.00000,0.00000,0.63636,7.59257,0.59679,0.00000,0.00000,0.28875,0.00000,0.00000,0.59679,0.85720,10.80189,1.00000,0.16071,0.72581,5.70994,0.67274,13.34635,0.00000,-0.14216,0.85714,0.13846,0.35265,0.88433,92.48793,0.83333,0.08333,0.93878,6.31990,0.79753,6.51042,0.00000,0.14594,0.75000,0.00000,0.40148,0.20616,128.95486,0.81481,0.18519,0.98844,7.07758,0.93859,4.23177,0.00000,0.28368,0.62963,0.00000,0.09766,0.61849,79.67995,0.79412,0.08824,0.97080,6.27818,0.74327,4.55729,0.00000,0.23758,0.70588,0.02041,0.26584,0.34722,295.24357,0.22222,0.05556,1.00000,6.70106,0.39062,0.97656,0.00000,0.26420,0.16667,0.00000,0.46115
104,0.1499,5806080,11100,0.00298,5.00e-04,0.2957,340.5633,0.62753,150.91715,0.62763,0.07947,0.88626,6.58153,0.68811,4.12326,0.00000,0.18896,0.55411,0.01307,0.35084,0.74327,270.05367,0.14815,0.11111,0.66165,7.71513,0.72157,0.00000,0.00000,0.28691,0.03704,0.00000,0.67817,0.96571,10.18359,1.00000,0.17857,0.77391,5.85070,0.62391,11.06771,0.00000,-0.10614,0.85714,0.07843,0.27669,0.84093,72.79265,0.89286,0.10714,0.93893,6.27472,0.71072,5.85938,0.00000,0.12699,0.78571,0.00000,0.44488,0.19531,207.85416,0.58824,0.00000,0.99438,7.02916,0.96571,2.27865,0.00000,0.29298,0.58824,0.00000,0.09223,0.71072,77.29118,0.89655,0.00000,0.96454,6.21869,0.76497,4.88281,0.00000,0.24387,0.89655,0.00000,0.24414,0.30924,267.32766,0.24000,0.08000,0.98413,6.40077,0.34180,0.65104,0.00000,0.28913,0.16000,0.00000,0.36892
105,0.1513,5861376,11006,0.00271,5.00e-04,0.2957,333.2726,0.63386,156.73974,0.59940,0.05272,0.90118,6.64732,0.65014,4.12326,0.00000,0.18648,0.54668,0.03267,0.34722,0.61849,302.60590,0.05556,0.05556,0.71134,7.37499,0.52626,0.00000,0.00000,0.27313,0.00000,0.00000,0.54253,1.05252,16.27103,0.98077,0.07692,0.81818,5.93661,0.65647,11.39323,0.00000,-0.04589,0.90385,0.10169,0.32010,0.89518,75.23600,0.77778,0.11111,0.94958,6.42838,0.64562,4.23177,0.00000,0.11001,0.66667,0.00000,0.35265,0.17361,197.42662,0.64286,0.03571,0.97143,7.18226,0.94944,3.90625,0.00000,0.26597,0.60714,0.00000,0.08138,0.71072,60.22550,0.96296,0.03704,0.98551,6.53316,0.74870,4.88281,0.00000,0.22936,0.92593,0.09434,0.28754,0.35265,288.67337,0.17647,0.00000,0.97101,6.42855,0.37435,0.32552,0.00000,0.28631,0.17647,0.00000,0.49913
106,0.1526,5916672,11402,0.00387,5.00e-04,0.2956,327.6160,0.63838,162.42982,0.56936,0.06493,0.89719,6.67740,0.68088,4.28602,0.00000,0.18348,0.50443,0.03647,0.38972,0.78668,304.86797,0.06667,0.00000,0.68067,7.97181,0.64562,0.32552,0.00000,0.29130,0.06667,0.00000,0.67274,0.98199,33.44969,0.95918,0.14286,0.80147,5.78941,0.73785,11.39323,0.00000,-0.05857,0.81633,0.15278,0.39062,0.96029,57.51556,0.80769,0.15385,0.96528,6.19935,0.78125,3.25521,0.00000,0.12505,0.65385,0.01250,0.43403,0.15191,194.18495,0.61290,0.03226,0.99315,7.15983,0.79210,5.20833,0.00000,0.22935,0.58065,0.00000,0.08138,0.58594,96.62597,0.78788,0.06061,0.95775,6.53403,0.77040,4.88281,0.00000,0.23650,0.72727,0.05357,0.30382,0.36350,287.93479,0.18182,0.00000,0.98485,6.40997,0.35807,0.65104,0.00000,0.27726,0.18182,0.00000,0.45573
107,0.1540,5971968,11365,0.00357,5.00e-04,0.2956,319.2770,0.61306,145.81350,0.62313,0.02942,0.90879,6.68693,0.68631,4.93707,0.00000,0.19650,0.59371,0.01207,0.33547,0.68902,264.64575,0.15385,0.00000,0.74038,7.79899,0.56424,0.32552,0.00000,0.28098,0.15385,0.00000,0.52626,1.00369,3.89780,1.00000,0.05000,0.84173,6.32488,0.75412,10.09115,0.00000,-0.04026,0.95000,0.03077,0.35265,0.85178,61.33736,0.89189,0.08108,0.93750,6.15352,0.86806,6.83594,0.00000,0.13293,0.81081,0.00000,0.35807,0.13563,166.11104,0.65000,0.00000,0.97203,7.02902,0.77582,3.58073,0.00000,0.26226,0.65000,0.00000,0.06510,0.64019,96.99961,0.81579,0.00000,0.99338,6.39246,0.81923,7.48698,0.00000,0.26610,0.81579,0.04167,0.26042,0.35807,281.88947,0.22727,0.04545,0.96774,6.42269,0.33637,1.30208,0.00000,0.27701,0.18182,0.00000,0.45030
108,0.1554,6027264,11416,0.00427,5.00e-04,0.2955,347.2216,0.62482,148.52877,0.63153,0.07126,0.90760,6.67920,0.66280,3.52648,0.00000,0.19128,0.56027,0.01132,0.33818,0.76497,282.24514,0.08333,0.00000,0.68750,7.75486,0.60764,0.00000,0.00000,0.27889,0.08333,0.00000,0.59136,1.02539,23.41095,0.97143,0.17143,0.83846,5.93378,0.70530,6.18490,0.00000,-0.05706,0.80000,0.04615,0.35265,0.87348,61.23810,0.87500,0.06250,0.94161,6.01917,0.74327,6.18490,0.00000,0.12390,0.81250,0.00000,0.36350,0.15191,181.62126,0.66667,0.14815,0.99379,7.23167,0.87348,3.25521,0.00000,0.28706,0.51852,0.00000,0.09223,0.58594,77.40791,0.92000,0.00000,0.98425,6.43228,0.68902,4.55729,0.00000,0.24949,0.92000,0.02174,0.24957,0.34722,265.24925,0.27273,0.04545,1.00000,6.70346,0.35807,0.97656,0.00000,0.26537,0.22727,0.00000,0.37977
109,0.1567,6082560,11372,0.00374,5.00e-04,0.2955,345.4147,0.65014,150.64035,0.60322,0.05131,0.88862,6.59244,0.69264,4.44878,0.00000,0.18828,0.55190,0.01657,0.36169,0.79753,266.12936,0.06667,0.06667,0.63559,7.54269,0.64019,0.00000,0.00000,0.29565,0.00000,0.00833,0.65104,0.98199,24.02453,0.92857,0.04762,0.84800,5.87906,0.67817,9.44010,0.00000,-0.05740,0.88095,0.06667,0.32552,0.86263,56.43385,0.95455,0.06818,0.96154,6.28650,0.70530,9.76563,0.00000,0.09225,0.88636,0.00000,0.41233,0.24414,179.46120,0.56250,0.00000,0.93855,6.99689,0.97114,1.95313,0.00000,0.28892,0.56250,0.00000,0.10851,0.67817,83.51183,0.84615,0.03846,0.94805,6.34552,0.83550,4.23177,0.00000,0.25782,0.80769,0.02439,0.22244,0.33637,294.28131,0.26087,0.08696,1.00000,6.50397,0.32552,1.30208,0.00000,0.25247,0.17391,0.00000,0.45030
110,0.1581,6137856,11275,0.00402,5.00e-04,0.2955,356.6569,0.62120,133.07236,0.62882,0.08994,0.88941,6.70256,0.66461,4.06901,0.00000,0.19133,0.54208,0.02237,0.32100,0.61306,276.02745,0.08696,0.00000,0.70588,7.65392,0.55339,0.00000,0.00000,0.28443,0.08696,0.01087,0.49913,1.01454,13.47791,0.94231,0.15385,0.76667,6.04942,0.65104,11.06771,0.00000,-0.04866,0.80769,0.07576,0.35807,0.92231,49.57167,0.96154,0.15385,0.95588,6.65001,0.73785,5.53385,0.00000,0.12343,0.80769,0.00000,0.36350,0.18446,134.99873,0.68421,0.15789,0.96319,7.01108,0.88433,2.27865,0.00000,0.27084,0.52632,0.00000,0.09223,0.67817,92.46473,0.74074,0.07407,0.94483,6.38390,0.78668,4.55729,0.00000,0.24488,0.66667,0.04762,0.22786,0.31467,231.89366,0.35714,0.00000,1.00000,6.46702,0.37435,0.97656,0.00000,0.27307,0.35714,0.00000,0.38520
111,0.1595,6193152,11355,0.00298,5.00e-04,0.2954,336.3660,0.62934,143.77289,0.66495,0.10492,0.89135,6.68930,0.72248,4.23177,0.00000,0.18405,0.56003,0.01707,0.34089,0.79210,273.10488,0.15789,0.15789,0.70833,7.70965,0.65104,0.00000,0.00000,0.28892,0.00000,0.00000,0.62934,0.95486,31.10220,1.00000,0.06383,0.77419,5.87407,0.84093,9.11458,0.00000,-0.04524,0.93617,0.05797,0.37435,0.85178,38.28440,0.96667,0.20000,0.95425,6.37501,0.83008,5.85938,0.00000,0.10753,0.76667,0.00000,0.30924,0.21159,173.45332,0.64000,0.08000,0.96933,7.18439,0.88433,3.58073,0.00000,0.26827,0.56000,0.00000,0.07595,0.60764,74.32584,0.93103,0.06897,0.95588,6.37685,0.73785,5.85938,0.00000,0.19762,0.86207,0.04444,0.24414,0.35807,272.36673,0.29412,0.05882,0.98611,6.61582,0.39062,0.97656,0.00000,0.28723,0.23529,0.00000,0.41233
112,0.1608,6248448,11334,0.00371,5.00e-04,0.2954,296.8623,0.63929,143.56854,0.62198,0.07863,0.89488,6.76820,0.68992,4.72005,0.00000,0.19463,0.54826,0.01860,0.37525,0.84093,247.13110,0.23077,0.07692,0.68293,7.85915,0.66732,0.00000,0.00000,0.28460,0.15385,0.00000,0.69987,0.90603,18.75054,1.00000,0.14286,0.79200,5.89174,0.67817,10.74219,0.00000,-0.02915,0.85714,0.09434,0.28754,0.91146,36.02408,0.94118,0.08824,0.98758,6.48258,0.87348,6.83594,0.00000,0.14408,0.88235,0.00000,0.40690,0.16276,215.47727,0.42105,0.05263,0.96795,7.06452,0.84635,1.95313,0.00000,0.27434,0.36842,0.00000,0.09223,0.68359,90.13361,0.86111,0.05556,0.95312,6.73526,0.69444,7.48698,0.00000,0.23214,0.80556,0.01724,0.31467,0.33095,253.89464,0.27778,0.05556,0.98571,6.57592,0.37977,1.30208,0.00000,0.26176,0.22222,0.00000,0.45030
113,0.1622,6303744,11203,0.00304,5.00e-04,0.2954,288.7238,0.61216,150.93154,0.61095,0.09254,0.88510,6.79658,0.67365,4.17752,0.00000,0.19510,0.51841,0.02652,0.35898,0.70530,306.08796,0.00000,0.00000,0.65487,7.90270,0.61306,0.00000,0.00000,0.28198,0.00000,0.00000,0.58594,0.87891,12.97002,1.00000,0.12195,0.77953,5.96826,0.68902,9.76563,0.00000,-0.03462,0.87805,0.08772,0.30924,0.95486,84.42333,0.77143,0.11429,0.94074,6.27440,0.73242,6.18490,0.00000,0.14517,0.65714,0.00000,0.48286,0.14106,175.08802,0.66667,0.11111,0.96364,7.21547,0.89518,3.58073,0.00000,0.26182,0.55556,0.00000,0.09223,0.66732,92.78771,0.83871,0.09677,0.97183,6.48671,0.77040,4.88281,0.00000,0.23727,0.74194,0.07143,0.22786,0.32552,234.23223,0.38889,0.11111,1.00000,6.93192,0.34180,0.65104,0.00000,0.27896,0.27778,0.00000,0.45573
114,0.1636,6359040,11377,0.00286,5.00e-04,0.2953,301.4068,0.63748,135.38349,0.66662,0.07286,0.91710,6.84414,0.70258,4.50304,0.00000,0.18974,0.59375,0.02812,0.35717,0.75412,298.88281,0.13333,0.00000,0.74603,7.69635,0.68359,0.00000,0.00000,0.29402,0.13333,0.00000,0.60221,0.99826,14.76370,1.00000,0.09615,0.85816,5.82324,0.76497,11.71875,0.00000,-0.05407,0.90385,0.14493,0.37435,0.99826,71.45936,0.82759,0.06897,0.94483,6.82494,0.78668,5.53385,0.00000,0.14396,0.75862,0.00000,0.35807,0.18446,197.62037,0.56522,0.08696,0.97500,7.35991,0.86806,2.92969,0.00000,0.25089,0.47826,0.00000,0.10308,0.54796,93.28408,0.78125,0.03125,0.97857,6.68737,0.75955,5.85938,0.00000,0.23301,0.75000,0.02381,0.22786,0.34180,136.29060,0.69231,0.15385,1.00000,6.67301,0.35265,0.97656,0.00000,0.27062,0.53846,0.00000,0.47743
115,0.1649,6414336,11401,0.00419,5.00e-04,0.2952,312.7560,0.60583,147.88328,0.60926,0.07728,0.89913,6.75144,0.68992,4.39453,0.00000,0.19227,0.53198,0.01663,0.37797,0.69987,257.69915,0.20000,0.13333,0.68033,7.85602,0.66189,0.00000,0.00000,0.30676,0.06667,0.00000,0.64562,0.87891,29.68881,0.91837,0.04082,0.79137,5.85575,0.75412,11.06771,0.00000,-0.02692,0.87755,0.07895,0.41233,0.93316,73.83261,0.80000,0.12000,0.97279,6.36573,0.79753,4.55729,0.00000,0.12556,0.68000,0.00000,0.40690,0.18446,172.85519,0.65385,0.07692,0.98039,7.33151,0.83008,4.23177,0.00000,0.26008,0.57692,0.00000,0.05968,0.59136,109.87183,0.75000,0.05556,0.96992,6.54953,0.72157,5.20833,0.00000,0.21529,0.69444,0.02083,0.26042,0.34722,243.35212,0.33333,0.03704,1.00000,6.55011,0.37435,1.30208,0.00000,0.27283,0.29630,0.00000,0.48286
116,0.1663,6469632,11327,0.00354,5.00e-04,0.2952,292.6911,0.64471,151.94384,0.63441,0.05585,0.89819,6.63072,0.71434,4.01476,0.00000,0.20553,0.57857,0.02257,0.37887,0.77582,261.03185,0.13333,0.00000,0.67692,7.88131,0.70530,0.32552,0.00000,0.31209,0.13333,0.00752,0.72157,1.04167,14.75514,0.97297,0.08108,0.78676,5.47162,0.73785,9.11458,0.00000,-0.02992,0.89189,0.08621,0.31467,0.91688,78.86663,0.82857,0.00000,0.95172,6.08716,0.78668,5.20833,0.00000,0.13973,0.82857,0.00000,0.38520,0.20616,181.36015,0.78947,0.21053,0.98824,7.32603,0.92231,3.25521,0.00000,0.27377,0.57895,0.00000,0.11393,0.61306,108.16857,0.77778,0.00000,0.98551,6.73716,0.74870,6.18490,0.00000,0.25324,0.77778,0.04167,0.26042,0.31467,267.48072,0.30435,0.04348,1.00000,6.28104,0.38520,0.00000,0.00000,0.28426,0.26087,0.00000,0.47743
117,0.1677,6524928,11109,0.00327,5.00e-04,0.2951,300.1668,0.65737,150.70085,0.62187,0.07633,0.90543,6.65264,0.71886,4.34028,0.00000,0.19263,0.54554,0.01351,0.38249,0.80838,276.12240,0.09091,0.04545,0.74265,8.02047,0.73785,0.32552,0.00000,0.30724,0.04545,0.00000,0.64562,0.98199,28.64015,0.95238,0.14286,0.78400,5.68484,0.67817,8.46354,0.00000,-0.09604,0.80952,0.08108,0.40148,0.84635,66.08851,0.86842,0.02632,0.97183,6.31136,0.77040,7.81250,0.00000,0.14621,0.84211,0.00000,0.42860,0.20074,171.02812,0.64000,0.16000,0.98305,7.14063,0.96029,2.27865,0.00000,0.27461,0.48000,0.00000,0.09223,0.69444,102.61462,0.84615,0.00000,0.96454,6.29944,0.76497,6.51042,0.00000,0.25475,0.84615,0.00000,0.21159,0.41233,259.71130,0.33333,0.08333,0.98649,6.45909,0.40148,0.65104,0.00000,0.26899,0.25000,0.00000,0.51541
118,0.1691,6580224,11128,0.00318,5.00e-04,0.2950,309.8824,0.58865,142.91776,0.62714,0.04585,0.88813,6.61200,0.65737,3.79774,0.00000,0.17558,0.58129,0.02407,0.35626,0.67817,265.84916,0.14286,0.00000,0.72477,7.80885,0.59136,0.65104,0.00000,0.31482,0.14286,0.00000,0.61306,0.83008,14.37667,1.00000,0.11429,0.74797,5.46744,0.66732,7.16146,0.00000,-0.12474,0.88571,0.11940,0.36350,0.80838,76.07702,0.88462,0.00000,0.93798,6.02060,0.69987,5.20833,0.00000,0.08141,0.88462,0.00000,0.37977,0.21159,142.69972,0.72222,0.05556,0.96528,7.13285,0.78125,2.60417,0.00000,0.27913,0.66667,0.00000,0.07595,0.66189,108.69644,0.75000,0.00000,0.96667,6.39014,0.81380,6.51042,0.00000,0.23640,0.75000,0.02500,0.21701,0.34180,249.80757,0.26316,0.10526,0.98611,6.85213,0.39062,0.65104,0.00000,0.26644,0.15789,0.00000,0.48828
119,0.1705,6635520,11184,0.00383,5.00e-04,0.2950,255.1554,0.60402,153.05905,0.60216,0.06110,0.89695,6.73437,0.66099,4.66580,0.00000,0.18754,0.54107,0.03569,0.35084,0.65104,298.99501,0.00000,0.00000,0.68571,7.94341,0.56966,0.00000,0.00000,0.30232,0.00000,0.00000,0.53168,1.03082,20.16235,0.98413,0.06349,0.82258,5.95760,0.67274,13.99740,0.00000,-0.05349,0.92063,0.13559,0.32010,0.81380,53.44745,0.91892,0.10811,0.92617,6.15692,0.80838,6.83594,0.00000,0.10127,0.81081,0.00000,0.43945,0.14648,197.42150,0.66667,0.05556,0.95513,7.16267,0.84635,2.92969,0.00000,0.25844,0.61111,0.00000,0.11393,0.63477,87.35645,0.73077,0.07692,0.99213,6.55588,0.68902,3.58073,0.00000,0.22770,0.65385,0.06667,0.24414,0.34722,260.97153,0.31250,0.06250,1.00000,6.62972,0.37977,0.65104,0.00000,0.28900,0.25000,0.01190,0.45573
120,0.1719,6690816,11321,0.00470,5.00e-04,0.2949,273.5725,0.63929,144.32443,0.61600,0.05729,0.90459,6.88937,0.70168,4.06901,0.00000,0.20515,0.55871,0.01053,0.36440,0.69987,293.88123,0.00000,0.00000,0.68696,7.68875,0.62391,0.00000,0.00000,0.31555,0.00000,0.00000,0.61849,1.04709,21.89023,0.97727,0.06818,0.86957,6.30690,0.74870,10.09115,0.00000,0.01634,0.90909,0.06316,0.51541,0.91688,66.45606,0.90625,0.06250,0.93464,6.31568,0.83008,6.83594,0.00000,0.10035,0.84375,0.00000,0.37435,0.16819,142.54013,0.72727,0.18182,0.98295,7.64686,0.95486,2.92969,0.00000,0.27520,0.54545,0.00000,0.05425,0.61849,88.13898,0.81250,0.03125,0.97037,6.58464,0.73242,3.90625,0.00000,0.24016,0.78125,0.00000,0.21701,0.38520,253.03995,0.27273,0.00000,0.98305,6.79340,0.32010,0.65104,0.00000,0.28329,0.27273,0.00000,0.40690
121,0.1732,6746112,11359,0.00462,5.00e-04,0.2948,297.6128,0.64200,157.82166,0.59710,0.06004,0.90948,6.78395,0.71524,3.79774,0.00000,0.20681,0.53706,0.01959,0.37525,0.74870,295.98541,0.00000,0.00000,0.67460,7.90934,0.68359,0.00000,0.00000,0.32083,0.00000,0.00000,0.63477,1.00911,25.03052,0.96774,0.12903,0.87857,6.06171,0.75955,6.18490,0.00000,-0.01553,0.83871,0.07500,0.43403,0.80295,61.67643,0.86486,0.02703,0.95105,6.16607,0.77582,8.46354,0.00000,0.11482,0.83784,0.00000,0.39605,0.18446,155.33245,0.75000,0.10000,0.95906,7.31625,0.92773,3.25521,0.00000,0.28037,0.65000,0.00000,0.09223,0.72700,128.19096,0.75000,0.04167,0.99359,6.52089,0.84635,4.23177,0.00000,0.25793,0.70833,0.04255,0.25499,0.37977,280.71420,0.25000,0.06250,1.00000,6.72942,0.29839,0.65104,0.00000,0.28246,0.18750,0.00000,0.43945
122,0.1747,6801408,10636,0.00431,5.00e-04,0.2948,313.4100,0.63567,143.41924,0.64821,0.04799,0.88056,6.73459,0.69444,4.50304,0.00000,0.20237,0.60022,0.01740,0.39786,0.73785,279.25513,0.16667,0.16667,0.65873,7.99564,0.68359,0.00000,0.00000,0.31972,0.00000,0.00000,0.68902,0.96029,17.00627,1.00000,0.02778,0.73288,5.77191,0.79210,9.76563,0.00000,-0.04973,0.97222,0.04286,0.37977,0.90061,54.71260,0.97500,0.05000,0.97727,6.56525,0.71615,9.44010,0.00000,0.14842,0.92500,0.00000,0.41775,0.14106,170.99253,0.60870,0.04348,0.95152,6.97357,0.89518,3.25521,0.00000,0.27550,0.56522,0.00000,0.04883,0.65647,59.10394,0.88889,0.00000,0.96296,6.26718,0.73242,3.58073,0.00000,0.23236,0.88889,0.06154,0.35265,0.41775,279.44500,0.25000,0.00000,1.00000,6.83401,0.34722,0.97656,0.00000,0.28796,0.25000,0.00000,0.49913
123,0.1761,6856704,11054,0.00757,5.00e-04,0.2947,301.5551,0.59860,152.11161,0.61479,0.03852,0.90296,6.75690,0.68179,5.09983,0.00000,0.19687,0.57626,0.01709,0.35536,0.71072,298.45025,0.00000,0.00000,0.73643,8.06305,0.69987,0.00000,0.00000,0.32744,0.00000,0.00000,0.63477,0.84635,28.97154,0.98113,0.03774,0.77311,5.64773,0.64562,13.99740,0.00000,-0.09380,0.94340,0.07812,0.34722,0.88976,58.37624,0.92000,0.04000,0.96403,6.43509,0.75412,6.51042,0.00000,0.15267,0.88000,0.00000,0.34180,0.21159,173.11084,0.68182,0.09091,0.98639,7.28545,0.79753,3.58073,0.00000,0.27811,0.59091,0.00000,0.09223,0.54796,94.86256,0.87500,0.06250,0.98675,6.47396,0.81923,6.51042,0.00000,0.23192,0.81250,0.02439,0.22244,0.38520,258.89823,0.23077,0.00000,0.97101,6.63612,0.37435,0.00000,0.00000,0.28490,0.23077,0.00000,0.49371
124,0.1775,6912000,10839,0.00558,5.00e-04,0.2946,291.6322,0.63296,143.16637,0.61280,0.03190,0.91359,6.69320,0.68088,4.34028,0.00000,0.19715,0.58090,0.03081,0.36983,0.78125,293.10536,0.07692,0.00000,0.75000,7.83980,0.65104,0.00000,0.00000,0.32309,0.07692,0.00806,0.67274,0.87348,14.56505,0.95652,0.04348,0.83465,5.78518,0.68902,10.09115,0.00000,-0.07297,0.91304,0.09091,0.29839,0.91688,62.98587,0.81579,0.07895,0.94964,6.03420,0.75412,7.48698,0.00000,0.12433,0.73684,0.03030,0.35807,0.18446,196.30484,0.50000,0.00000,0.98101,7.24893,0.85720,1.95313,0.00000,0.28097,0.50000,0.00000,0.08681,0.69987,75.11059,0.82759,0.06897,0.96622,6.55403,0.80295,4.55729,0.00000,0.24852,0.75862,0.05556,0.29297,0.34180,216.92654,0.50000,0.00000,1.00000,6.69708,0.33095,1.95313,0.00000,0.27897,0.50000,0.00000,0.50998
125,0.1789,6967296,11134,0.00567,5.00e-04,0.2945,287.8666,0.60402,145.79967,0.63303,0.04160,0.90891,6.67528,0.68631,5.31684,0.00000,0.19781,0.59143,0.01190,0.35174,0.66732,309.57158,0.00000,0.00000,0.76378,7.79409,0.68902,0.00000,0.00000,0.31834,0.00000,0.00000,0.59679,0.98741,21.53190,0.98246,0.07018,0.84800,6.01105,0.67817,14.32292,0.00000,-0.06387,0.91228,0.04762,0.34180,0.82465,77.98312,0.85714,0.08571,0.91429,6.08484,0.75955,7.48698,0.00000,0.10369,0.77143,0.00000,0.36350,0.11393,135.36556,0.80000,0.00000,0.96045,7.15089,0.96029,1.95313,0.00000,0.29182,0.80000,0.00000,0.08681,0.68359,75.40067,0.89189,0.02703,0.96694,6.35552,0.65647,7.81250,0.00000,0.25003,0.86486,0.02381,0.22786,0.34722,254.94521,0.26667,0.06667,1.00000,6.65527,0.37435,0.32552,0.00000,0.28685,0.20000,0.00000,0.49371
126,0.1803,7022592,11049,0.00533,5.00e-04,0.2944,282.3504,0.60945,153.95668,0.61718,0.07244,0.91773,6.82044,0.65104,4.06901,0.00000,0.20194,0.54474,0.02928,0.39243,0.69987,312.32784,0.00000,0.00000,0.71028,7.92531,0.58051,0.00000,0.00000,0.30689,0.00000,0.00000,0.54796,0.98741,25.93735,0.95122,0.09756,0.87786,6.13617,0.71072,9.11458,0.00000,-0.01658,0.85366,0.10526,0.41233,0.88433,86.61671,0.78947,0.13158,0.97581,6.23444,0.67274,6.51042,0.00000,0.09813,0.65789,0.00000,0.43945,0.15191,140.14610,0.85714,0.04762,0.95706,7.09832,0.88433,3.90625,0.00000,0.27389,0.80952,0.00000,0.08681,0.62391,98.48717,0.84211,0.05263,0.98540,6.84862,0.74327,4.23177,0.00000,0.27363,0.78947,0.07042,0.38520,0.30924,260.22489,0.26316,0.10526,1.00000,6.67977,0.31467,0.65104,0.00000,0.27566,0.15789,0.00000,0.48286
127,0.1817,7077888,11125,0.00419,5.00e-04,0.2944,287.1012,0.64019,148.86206,0.62487,0.04766,0.89486,6.86558,0.72700,4.28602,0.00000,0.21002,0.58118,0.01169,0.36712,0.69444,276.85303,0.06667,0.00000,0.68217,7.83334,0.69987,0.00000,0.00000,0.30960,0.06667,0.00000,0.63477,1.00911,17.75672,0.95238,0.04762,0.80892,6.10810,0.85178,11.06771,0.00000,0.00278,0.92857,0.04839,0.33637,0.87891,52.13382,0.93333,0.06667,0.95082,6.39057,0.66189,5.53385,0.00000,0.11890,0.86667,0.00000,0.39062,0.17904,187.85936,0.61538,0.07692,0.97576,7.30803,0.89518,3.25521,0.00000,0.24286,0.53846,0.00000,0.10851,0.68359,112.17149,0.80645,0.03226,0.98182,6.71722,0.89518,5.20833,0.00000,0.30307,0.77419,0.02174,0.24957,0.39605,246.39792,0.37500,0.06250,0.96970,6.83622,0.35807,0.65104,0.00000,0.28289,0.31250,0.00000,0.48286
128,0.1831,7133184,11058,0.00354,5.00e-04,0.2943,305.7810,0.64200,144.76492,0.62082,0.06200,0.88668,6.69498,0.72428,3.79774,0.00000,0.20584,0.55881,0.02048,0.38068,0.74870,311.78438,0.00000,0.00000,0.70149,7.82984,0.72700,0.00000,0.00000,0.30052,0.00000,0.00000,0.66732,0.95486,23.59529,0.95918,0.12245,0.77444,5.77559,0.72157,9.44010,0.00000,-0.05006,0.83673,0.04286,0.37977,0.90061,57.40760,0.88462,0.03846,0.93233,6.43940,0.72157,5.85938,0.00000,0.14348,0.84615,0.00000,0.36892,0.20616,166.94560,0.61111,0.11111,0.96471,7.06616,0.92231,2.27865,0.00000,0.26884,0.50000,0.00000,0.08681,0.68359,69.38317,0.92000,0.00000,0.95890,6.25561,0.79210,4.88281,0.00000,0.28977,0.92000,0.08000,0.27127,0.35807,239.47349,0.35000,0.10000,0.98824,6.80327,0.46115,0.32552,0.00000,0.28250,0.25000,0.00000,0.50998
129,0.1845,7188480,10998,0.00408,5.00e-04,0.2942,329.2907,0.58232,152.59134,0.62344,0.04977,0.90581,6.73175,0.68540,4.23177,0.00000,0.19602,0.57367,0.01190,0.34270,0.67274,298.73793,0.04000,0.00000,0.70833,7.67958,0.65104,0.00000,0.00000,0.28788,0.04000,0.00000,0.50998,0.84093,28.15292,0.97297,0.05405,0.78862,5.97114,0.66732,8.46354,0.00000,-0.06644,0.91892,0.07143,0.30382,0.83008,60.61931,0.88571,0.08571,0.97761,6.54893,0.72700,6.51042,0.00000,0.14553,0.80000,0.00000,0.39605,0.18989,181.65392,0.68182,0.09091,0.98758,7.14476,0.87348,2.27865,0.00000,0.24566,0.59091,0.00000,0.09766,0.68359,83.86256,0.83871,0.03226,0.98639,6.61153,0.79753,6.18490,0.00000,0.27523,0.80645,0.00000,0.28212,0.27669,262.52140,0.32143,0.03571,0.98630,6.43460,0.39605,1.95313,0.00000,0.28825,0.28571,0.00000,0.46658
130,0.1859,7243776,11240,0.00377,5.00e-04,0.2942,283.8315,0.60854,143.75610,0.65933,0.03593,0.90217,6.88984,0.71343,4.77431,0.00000,0.20603,0.62339,0.01942,0.33095,0.67274,297.88021,0.05556,0.00000,0.70492,7.99827,0.66189,0.00000,0.00000,0.29308,0.05556,0.00980,0.55339,0.91146,4.16106,1.00000,0.08333,0.79167,5.89130,0.78125,11.06771,0.00000,-0.05563,0.91667,0.06897,0.31467,0.89518,78.24847,0.92593,0.03704,0.96479,6.53954,0.77040,5.85938,0.00000,0.14891,0.88889,0.00000,0.36350,0.16819,168.19565,0.66667,0.09524,0.97191,7.21310,0.96571,2.92969,0.00000,0.28801,0.57143,0.00000,0.08681,0.63477,82.45418,0.93939,0.00000,0.97973,6.53005,0.80295,7.48698,0.00000,0.27761,0.93939,0.03774,0.28754,0.36892,231.59701,0.36842,0.00000,1.00000,7.16679,0.29839,1.30208,0.00000,0.28421,0.36842,0.00000,0.37977
131,0.1873,7299072,11168,0.00549,5.00e-04,0.2941,292.4857,0.58142,162.29964,0.56466,0.06249,0.90444,6.78686,0.70710,4.39453,0.00000,0.20606,0.50217,0.03340,0.36169,0.65647,287.42275,0.06667,0.00000,0.73684,8.17998,0.61849,0.32552,0.00000,0.30970,0.06667,0.00000,0.55339,0.87348,15.18652,0.95161,0.09677,0.80153,5.82663,0.71072,13.34635,0.00000,-0.02620,0.85484,0.16667,0.39062,0.93316,54.90152,0.88889,0.11111,0.96241,6.40653,0.72157,5.53385,0.00000,0.13086,0.77778,0.00000,0.44488,0.14106,243.62389,0.41379,0.06897,0.96685,7.06552,0.98199,2.27865,0.00000,0.28705,0.34483,0.00000,0.10851,0.54796,79.96464,0.90909,0.04545,0.97516,6.52106,0.87348,4.88281,0.00000,0.26017,0.86364,0.02041,0.26584,0.33637,292.69855,0.15789,0.05263,0.98387,6.72148,0.33637,0.00000,0.00000,0.27476,0.10526,0.01333,0.40690
132,0.1886,7354368,11265,0.00576,5.00e-04,0.2941,291.0020,0.63024,149.19105,0.63432,0.04173,0.89803,6.82011,0.71072,5.26259,0.00000,0.21888,0.59259,0.01858,0.34632,0.72157,322.68004,0.00000,0.00000,0.68182,7.78691,0.71615,0.00000,0.00000,0.32514,0.00000,0.00000,0.55881,0.80838,19.84985,0.96296,0.05556,0.82639,5.97683,0.78125,12.04427,0.00000,-0.01128,0.90741,0.08929,0.30382,0.95486,45.04524,0.93103,0.06897,0.95588,6.53574,0.73785,7.16146,0.00000,0.14069,0.86207,0.00000,0.41233,0.21159,170.39844,0.72000,0.04000,0.95808,7.13421,0.90603,3.90625,0.00000,0.28930,0.68000,0.00000,0.10308,0.69987,83.99688,0.96970,0.03030,0.96599,6.48625,0.79753,8.13802,0.00000,0.27102,0.93939,0.02222,0.24414,0.38520,253.17584,0.22222,0.05556,1.00000,7.00075,0.32552,0.32552,0.00000,0.29841,0.16667,0.00000,0.45573
133,0.1900,7409664,11251,0.00387,5.00e-04,0.2940,351.2163,0.61759,160.24993,0.59302,0.03494,0.88243,6.75551,0.72428,4.23177,0.00000,0.21466,0.55807,0.01863,0.36892,0.74870,286.69439,0.07692,0.00000,0.63710,7.76058,0.67274,0.00000,0.00000,0.30506,0.07692,0.00862,0.62934,0.96029,28.55888,0.95652,0.04348,0.81884,6.11559,0.74870,10.41667,0.00000,-0.00628,0.91304,0.06061,0.35807,0.88433,71.47596,0.90323,0.03226,0.95333,6.46431,0.81380,6.51042,0.00000,0.14701,0.87097,0.00000,0.46115,0.16819,198.19052,0.57143,0.07143,0.94857,6.85171,0.94944,3.25521,0.00000,0.28068,0.50000,0.00000,0.10308,0.54253,104.58373,0.80000,0.00000,0.97902,6.54340,0.77582,4.88281,0.00000,0.26525,0.80000,0.04255,0.25499,0.40148,271.99612,0.25000,0.06250,0.95775,6.79748,0.38520,0.32552,0.00000,0.29623,0.18750,0.00000,0.40690
134,0.1914,7464960,11294,0.00487,5.00e-04,0.2939,315.9393,0.62391,153.15199,0.61462,0.04857,0.88493,6.82064,0.71434,4.17752,0.00000,0.21419,0.56605,0.04598,0.34180,0.74327,316.69050,0.00000,0.00000,0.67164,7.96657,0.72700,0.00000,0.00000,0.32111,0.00000,0.00000,0.61306,0.98199,18.59563,0.97727,0.06818,0.82222,6.12073,0.73242,10.41667,0.00000,-0.02831,0.90909,0.16949,0.32010,0.89518,63.77852,0.85714,0.08571,0.91971,6.20668,0.74327,6.18490,0.00000,0.13899,0.77143,0.00000,0.37435,0.20074,148.62739,0.73684,0.10526,0.95152,7.15362,0.89518,3.25521,0.00000,0.29518,0.63158,0.00000,0.09766,0.60764,97.65036,0.83871,0.03226,0.95714,6.45901,0.75955,4.88281,0.00000,0.25059,0.80645,0.10638,0.25499,0.31467,273.56955,0.27778,0.00000,0.98734,7.01722,0.42860,0.32552,0.00000,0.30760,0.27778,0.00000,0.39062
135,0.1928,7520256,11321,0.00494,5.00e-04,0.2939,334.3496,0.60041,143.20981,0.65054,0.05942,0.89117,6.89649,0.74689,5.31684,0.00000,0.21555,0.59113,0.03037,0.38068,0.84093,283.40807,0.11538,0.00000,0.66667,7.81198,0.78125,0.32552,0.00000,0.31878,0.11538,0.00000,0.69444,0.84093,20.06336,1.00000,0.12963,0.79355,5.94881,0.84093,11.71875,0.00000,-0.03684,0.87037,0.07143,0.37977,0.81923,66.93270,0.87879,0.15152,0.94531,6.74994,0.69444,5.85938,0.00000,0.13677,0.72727,0.00000,0.37435,0.16819,195.02569,0.57895,0.00000,0.96216,7.26591,1.00369,3.25521,0.00000,0.31516,0.57895,0.07692,0.07053,0.58051,71.89033,0.90909,0.02273,0.97931,6.63243,0.78668,9.44010,0.00000,0.26800,0.88636,0.03390,0.32010,0.35265,221.93873,0.42105,0.05263,1.00000,6.96984,0.37435,1.30208,0.00000,0.29146,0.36842,0.00000,0.44488
136,0.1941,7575552,11297,0.00551,5.00e-04,0.2938,272.4588,0.60673,152.48300,0.61262,0.04146,0.89063,6.77800,0.75051,4.50304,0.00000,0.22434,0.57116,0.02912,0.34270,0.64562,300.34641,0.00000,0.00000,0.62698,7.59975,0.68359,0.00000,0.00000,0.30925,0.00000,0.00962,0.56424,0.87891,25.25221,0.98182,0.10909,0.81159,6.03216,0.74870,11.39323,0.00000,-0.01552,0.87273,0.12069,0.31467,0.85178,61.71803,0.86207,0.06897,0.96471,6.25522,0.92231,5.53385,0.00000,0.15126,0.79310,0.00000,0.41775,0.26584,156.40078,0.70968,0.03226,0.97895,7.20247,1.03082,4.23177,0.00000,0.31390,0.67742,0.00000,0.09766,0.64562,127.99392,0.76923,0.03846,0.96154,6.68846,0.70530,4.88281,0.00000,0.27817,0.73077,0.04444,0.24414,0.35265,243.18667,0.35294,0.00000,1.00000,6.88991,0.41233,0.97656,0.00000,0.30899,0.35294,0.00000,0.41775
137,0.1955,7630848,11361,0.00569,5.00e-04,0.2937,322.4687,0.61035,160.69108,0.60114,0.07888,0.88594,6.81879,0.74960,4.61155,0.00000,0.22915,0.52664,0.02305,0.36531,0.73785,248.81566,0.20000,0.20000,0.70312,7.86237,0.69444,0.00000,0.00000,0.31874,0.00000,0.00000,0.61306,0.99284,29.17904,0.97297,0.08108,0.75887,6.08528,0.76497,9.11458,0.00000,0.02619,0.89189,0.08475,0.32010,0.79753,63.96543,0.97368,0.10526,0.90196,6.43272,0.83008,8.78906,0.00000,0.14395,0.89474,0.00000,0.40690,0.18989,209.72900,0.56522,0.08696,0.98125,7.22372,0.86806,3.25521,0.00000,0.29119,0.47826,0.00000,0.06510,0.53711,108.01074,0.82353,0.00000,0.97041,6.58267,0.91688,6.51042,0.00000,0.28818,0.82353,0.05357,0.30382,0.40690,304.44660,0.07143,0.00000,1.00000,6.72596,0.42318,0.00000,0.00000,0.30668,0.07143,0.00000,0.48286
138,0.1969,7686144,11400,0.00460,5.00e-04,0.2937,281.9690,0.64652,154.48823,0.63733,0.07536,0.90465,6.84560,0.72700,5.37109,0.00000,0.22817,0.56196,0.03359,0.34270,0.75955,307.47409,0.00000,0.00000,0.64348,7.61298,0.62391,0.00000,0.00000,0.31078,0.00000,0.00000,0.61306,1.01454,17.97889,1.00000,0.08889,0.88591,6.26713,0.80838,11.06771,0.00000,0.01219,0.91111,0.16071,0.30382,0.90603,68.46307,0.90476,0.04762,0.94245,6.49539,0.75412,8.78906,0.00000,0.15587,0.85714,0.00000,0.41233,0.14106,157.28430,0.69697,0.12121,0.98266,7.09398,0.93859,5.53385,0.00000,0.31171,0.57576,0.00000,0.04340,0.66732,85.75547,1.00000,0.08333,0.98710,6.73416,0.84093,6.51042,0.00000,0.27611,0.91667,0.04082,0.26584,0.39062,289.97358,0.22222,0.11111,0.98630,6.86996,0.39605,0.32552,0.00000,0.30238,0.11111,0.00000,0.41775
139,0.1982,7741440,11449,0.00443,5.00e-04,0.2936,263.5695,0.62482,154.36970,0.60688,0.04347,0.89179,6.73577,0.73604,4.39453,0.00000,0.23045,0.56643,0.02849,0.36621,0.74870,303.14639,0.06667,0.06667,0.65714,7.84705,0.75955,0.00000,0.00000,0.31532,0.00000,0.00000,0.66732,0.97656,23.02191,1.00000,0.01818,0.77099,5.93710,0.71072,12.69531,0.00000,0.03712,1.00000,0.11538,0.28212,0.81380,54.91784,0.92308,0.11538,0.97183,6.37600,0.77040,6.18490,0.00000,0.15749,0.80769,0.00000,0.39605,0.21701,192.59663,0.50000,0.00000,0.97727,7.23094,0.95486,0.97656,0.00000,0.31311,0.50000,0.00000,0.08138,0.61849,94.39942,0.81818,0.06061,0.98649,6.48550,0.80295,5.85938,0.00000,0.26547,0.75758,0.05556,0.29297,0.37435,258.13599,0.33333,0.00000,0.98701,6.53805,0.41775,0.65104,0.00000,0.29418,0.33333,0.00000,0.47743
140,0.1996,7796736,11482,0.00468,5.00e-04,0.2936,276.8547,0.67093,153.97227,0.62499,0.03336,0.88285,6.75513,0.74056,4.66580,0.00000,0.22963,0.59163,0.02071,0.35898,0.81380,289.52051,0.06250,0.06250,0.63077,7.55860,0.70530,0.00000,0.00000,0.29957,0.00000,0.00000,0.58594,1.06337,23.92154,0.94444,0.05556,0.81757,6.14820,0.80295,8.46354,0.00000,0.02374,0.88889,0.10606,0.35807,0.91688,48.07989,1.00000,0.00000,0.93525,6.44658,0.75412,8.46354,0.00000,0.17799,1.00000,0.00000,0.37977,0.21701,174.48442,0.71429,0.04762,0.97778,7.19224,0.97656,4.55729,0.00000,0.31880,0.66667,0.00000,0.11393,0.69987,82.74365,0.86207,0.03448,0.97059,6.52751,0.73785,5.85938,0.00000,0.26237,0.82759,0.01818,0.29839,0.31467,305.08362,0.16667,0.00000,0.96512,6.65768,0.46658,0.65104,0.00000,0.29529,0.16667,0.00000,0.41775
141,0.2009,7852032,11395,0.00532,5.00e-04,0.2935,253.6916,0.63567,152.95781,0.60477,0.03740,0.89020,6.79289,0.71886,4.93707,0.00000,0.22953,0.56738,0.01260,0.35084,0.65647,313.22838,0.00000,0.00000,0.59836,7.72126,0.66189,0.00000,0.00000,0.30083,0.00000,0.00000,0.58594,1.06879,19.31697,0.97826,0.04348,0.84967,6.31747,0.83008,12.36979,0.00000,0.03197,0.93478,0.05479,0.39605,0.79753,82.11824,0.84615,0.05128,0.96875,6.48249,0.86806,7.81250,0.00000,0.21111,0.79487,0.00000,0.42318,0.22786,146.27710,0.72222,0.05556,0.96951,6.92786,0.88976,3.25521,0.00000,0.30979,0.66667,0.00000,0.07595,0.74870,99.29985,0.78571,0.00000,0.95489,6.49283,0.72157,5.53385,0.00000,0.26434,0.78571,0.02083,0.26042,0.31467,257.50633,0.29630,0.07407,1.00000,6.81545,0.34180,0.65104,0.00000,0.25916,0.22222,0.00000,0.36350
142,0.2023,7907328,11320,0.00488,5.00e-04,0.2934,278.4999,0.62482,167.48964,0.58968,0.02218,0.89857,6.85686,0.72519,4.61155,0.00000,0.23564,0.56750,0.03011,0.36259,0.74327,305.99314,0.00000,0.00000,0.66412,7.78649,0.71072,0.00000,0.00000,0.33075,0.00000,0.00000,0.60764,0.93316,28.76372,1.00000,0.10811,0.80769,6.17327,0.84635,9.76563,0.00000,0.04115,0.89189,0.05263,0.30924,0.88976,74.29722,0.90000,0.02500,0.94326,6.52422,0.76497,8.78906,0.00000,0.17644,0.87500,0.00000,0.40148,0.19531,191.13776,0.53333,0.00000,0.98404,7.23925,1.01997,2.27865,0.00000,0.31904,0.53333,0.06667,0.08138,0.64019,122.07578,0.77143,0.00000,0.99231,6.60984,0.70530,5.85938,0.00000,0.27705,0.77143,0.04918,0.33095,0.34722,282.67025,0.33333,0.00000,1.00000,6.80810,0.30382,0.97656,0.00000,0.26943,0.33333,0.01220,0.44488
143,0.2036,7962624,11414,0.00483,5.00e-04,0.2933,308.8711,0.67003,150.98733,0.63447,0.02222,0.88624,6.88199,0.69987,4.55729,0.00000,0.23309,0.61225,0.04565,0.31377,0.74870,279.69801,0.17647,0.00000,0.66667,7.89268,0.68359,0.32552,0.00000,0.32092,0.17647,0.00000,0.55339,1.07964,17.02977,1.00000,0.05000,0.77305,6.11709,0.76497,10.41667,0.00000,0.03647,0.95000,0.15625,0.34722,0.90603,52.10776,0.91667,0.00000,0.97794,6.60550,0.73785,7.16146,0.00000,0.18113,0.91667,0.00000,0.33637,0.18989,131.37264,0.79167,0.08333,0.95906,7.06961,0.92773,3.90625,0.00000,0.30836,0.70833,0.11765,0.09223,0.73785,102.41312,0.83871,0.00000,0.94074,6.75926,0.73242,5.20833,0.00000,0.28112,0.83871,0.00000,0.20616,0.35807,323.30269,0.08333,0.00000,1.00000,6.84778,0.35265,0.32552,0.00000,0.27053,0.08333,0.00000,0.34722
144,0.2050,8017920,11484,0.00373,5.00e-04,0.2933,282.6836,0.64652,149.04527,0.62384,0.03793,0.89851,6.85321,0.70710,4.06901,0.00000,0.23096,0.58591,0.03930,0.33999,0.71615,288.36527,0.06667,0.00000,0.66667,7.82493,0.66732,0.00000,0.00000,0.32852,0.06667,0.00000,0.53168,0.97656,25.96044,0.93182,0.02273,0.82222,5.89284,0.73242,11.39323,0.00000,0.02810,0.90909,0.13636,0.35807,0.90603,67.92314,0.87500,0.09375,0.96429,6.59969,0.75955,5.20833,0.00000,0.16707,0.78125,0.00000,0.34180,0.17361,200.57411,0.55556,0.05556,0.96951,7.21521,0.88976,2.27865,0.00000,0.31255,0.50000,0.08333,0.06510,0.70530,93.93185,0.86957,0.00000,0.96835,6.48659,0.85720,4.55729,0.00000,0.28891,0.86957,0.01613,0.33637,0.40148,217.51679,0.44444,0.05556,1.00000,7.10002,0.33637,0.97656,0.00000,0.26062,0.38889,0.00000,0.40690
145,0.2064,8073216,11047,0.00582,5.00e-04,0.2932,289.9717,0.63386,161.90427,0.61574,0.06734,0.88380,6.81678,0.74056,3.68924,0.00000,0.22430,0.54840,0.03311,0.35898,0.84093,317.84833,0.00000,0.00000,0.70000,7.94128,0.81380,0.00000,0.00000,0.33507,0.00000,0.00000,0.66732,0.98741,35.88540,0.94444,0.05556,0.76761,5.95990,0.77040,9.44010,0.00000,0.02345,0.88889,0.10606,0.35807,0.77582,47.52858,1.00000,0.06667,0.92958,6.38954,0.77040,5.85938,0.00000,0.15273,0.93333,0.00000,0.32552,0.20616,174.44148,0.68182,0.13636,0.98851,7.19119,0.94401,2.92969,0.00000,0.30856,0.54545,0.00000,0.05425,0.65104,107.22747,0.81818,0.04545,0.97959,6.67757,0.79753,3.58073,0.00000,0.25957,0.77273,0.09259,0.29297,0.34180,288.49434,0.25000,0.10000,0.93750,6.74123,0.34722,0.32552,0.00000,0.26640,0.15000,0.00000,0.45573
146,0.2078,8128512,10965,0.01308,4.17e-04,0.2932,294.4311,0.64381,140.49502,0.68648,0.04481,0.89445,6.80698,0.75322,5.20833,0.00000,0.23360,0.64167,0.01416,0.34903,0.72700,286.65960,0.14286,0.00000,0.66942,7.90335,0.65647,0.32552,0.00000,0.31872,0.14286,0.00000,0.56966,1.05794,30.36412,1.00000,0.04444,0.85333,6.10941,0.81380,12.36979,0.00000,0.03897,0.95556,0.06494,0.41775,0.79210,66.83898,0.85000,0.05000,0.94521,6.83309,0.79210,8.78906,0.00000,0.17111,0.80000,0.00000,0.36892,0.18989,184.13364,0.73913,0.04348,0.95722,6.99231,1.01454,4.23177,0.00000,0.32426,0.69565,0.00000,0.08138,0.68902,48.66269,0.95833,0.08333,0.96622,6.37371,0.80295,4.88281,0.00000,0.26385,0.87500,0.02000,0.27127,0.40690,226.31106,0.42857,0.04762,0.97531,6.63002,0.43945,0.65104,0.00000,0.28470,0.38095,0.00000,0.38520
147,0.2092,8183808,11100,0.00797,5.00e-04,0.2930,298.0390,0.64019,151.78741,0.64436,0.05862,0.90109,6.92757,0.74146,4.77431,0.00000,0.23493,0.58574,0.03056,0.32823,0.73242,270.29374,0.16667,0.00000,0.67442,8.07056,0.69987,0.00000,0.00000,0.33288,0.16667,0.00000,0.62934,0.96571,22.58920,1.00000,0.09091,0.87023,6.31374,0.71072,11.71875,0.00000,0.02791,0.90909,0.13793,0.31467,0.96571,90.78297,0.80000,0.13333,0.95890,6.70043,0.79210,4.88281,0.00000,0.17938,0.66667,0.00000,0.33637,0.26042,198.77359,0.63636,0.04545,0.96610,7.34367,0.96029,2.92969,0.00000,0.30907,0.59091,0.00000,0.07053,0.56424,71.03403,1.00000,0.02941,0.94969,6.46939,0.86263,8.46354,0.00000,0.26528,0.97059,0.04545,0.23872,0.35265,257.25090,0.26316,0.05263,0.98718,6.66765,0.42318,0.65104,0.00000,0.29506,0.21053,0.00000,0.37977
148,0.2106,8239104,10918,0.00609,5.00e-04,0.2930,276.1705,0.66461,149.32961,0.62022,0.04438,0.88460,6.90431,0.75864,4.55729,0.00000,0.24396,0.57584,0.04020,0.35265,0.79753,294.45148,0.10526,0.00000,0.65248,7.93422,0.76497,0.65104,0.00000,0.34094,0.10526,0.00000,0.62391,1.07422,37.81092,0.97297,0.08108,0.82222,6.17971,0.73242,8.13802,0.00000,0.04868,0.89189,0.13235,0.36892,0.87891,60.21232,0.92593,0.03704,0.92667,6.80084,0.81380,6.18490,0.00000,0.20451,0.88889,0.00000,0.34722,0.18446,135.77663,0.66667,0.14815,0.95322,7.19031,0.92773,4.23177,0.00000,0.31402,0.51852,0.05882,0.09223,0.63477,72.43515,0.93939,0.00000,0.95302,6.48352,0.80838,8.13802,0.00000,0.25903,0.93939,0.05000,0.21701,0.41775,295.29115,0.11111,0.00000,1.00000,6.83727,0.50456,0.00000,0.00000,0.29657,0.11111,0.00000,0.46658
149,0.2120,8294400,10958,0.00478,5.00e-04,0.2929,295.3120,0.62663,149.97982,0.65985,0.04470,0.88919,6.82341,0.78396,4.12326,0.00000,0.23636,0.61515,0.03028,0.36621,0.80295,274.25094,0.13333,0.13333,0.63636,7.68592,0.77582,0.00000,0.00000,0.31671,0.00000,0.00000,0.64562,0.88433,30.96767,0.95455,0.04545,0.82353,6.36389,0.83008,9.11458,0.00000,0.03208,0.90909,0.08333,0.32552,0.86806,75.95285,0.88571,0.05714,0.94815,6.28355,0.73242,5.20833,0.00000,0.17846,0.82857,0.00000,0.35265,0.21701,132.84905,0.80000,0.00000,0.96859,7.15342,1.03624,1.62760,0.00000,0.34376,0.80000,0.00000,0.04883,0.58594,99.57399,0.93548,0.03226,0.98052,6.40394,0.83550,8.13802,0.00000,0.24897,0.90323,0.09836,0.33095,0.40148,286.28444,0.25000,0.00000,0.97802,7.04974,0.49371,0.65104,0.00000,0.29818,0.25000,0.00000,0.49371
150,0.2135,8349696,11182,0.00503,5.00e-04,0.2929,261.4310,0.63567,155.98183,0.61562,0.05872,0.90262,6.87978,0.77311,5.47960,0.00000,0.22767,0.55689,0.02454,0.32552,0.79210,306.13043,0.00000,0.00000,0.69718,8.13328,0.77040,0.00000,0.00000,0.32695,0.00000,0.00000,0.59679,0.86806,36.48560,0.91935,0.04839,0.84328,5.99143,0.72700,13.99740,0.00000,-0.01359,0.87097,0.12500,0.26042,0.90603,53.36635,0.94286,0.17143,0.95035,6.62614,0.76497,6.51042,0.00000,0.16691,0.77143,0.00000,0.34180,0.25499,190.38015,0.68182,0.04545,0.96985,7.28231,1.07964,3.25521,0.00000,0.32098,0.63636,0.00000,0.11936,0.66732,93.01451,0.81633,0.02041,0.98171,6.52736,0.88976,8.78906,0.00000,0.27763,0.79592,0.02222,0.24414,0.32552,256.51393,0.33333,0.06667,0.97333,6.71814,0.40690,0.32552,0.00000,0.28712,0.26667,0.00000,0.39062
151,0.2148,8404992,11292,0.00375,5.00e-04,0.2928,276.3201,0.64110,157.76591,0.63320,0.05709,0.90813,6.67579,0.78035,4.39453,0.00000,0.22943,0.57611,0.02296,0.37164,0.80295,304.51660,0.00000,0.00000,0.71528,7.93616,0.78125,0.00000,0.00000,0.34286,0.00000,0.00000,0.61306,0.93316,31.53249,0.95349,0.04651,0.85821,5.84394,0.72700,10.41667,0.00000,-0.00202,0.90698,0.10000,0.32552,0.87348,66.87817,0.91667,0.16667,0.94012,6.19134,0.90603,6.51042,0.00000,0.15795,0.75000,0.00000,0.42318,0.22244,173.69085,0.68182,0.09091,0.98305,7.15379,0.96029,2.60417,0.00000,0.30899,0.59091,0.00000,0.09766,0.62391,99.73407,0.96154,0.03846,0.95210,6.36461,0.90603,5.85938,0.00000,0.28000,0.92308,0.03774,0.28754,0.39062,270.24326,0.28571,0.00000,1.00000,6.56490,0.40148,0.97656,0.00000,0.28881,0.28571,0.00000,0.48286
152,0.2162,8460288,11263,0.00385,5.00e-04,0.2927,275.6610,0.59769,149.56718,0.64531,0.05172,0.89838,6.99326,0.79572,5.09983,0.00000,0.24692,0.59359,0.02459,0.37706,0.75412,300.69163,0.06667,0.06667,0.73203,8.13446,0.83008,0.00000,0.00000,0.33747,0.00000,0.00000,0.64019,0.91146,33.73291,1.00000,0.07547,0.82000,6.77973,0.81380,13.02083,0.00000,0.05462,0.92453,0.09091,0.35807,0.79210,54.98810,0.96774,0.09677,0.93125,6.46201,0.86806,7.81250,0.00000,0.19388,0.87097,0.00000,0.45573,0.21701,199.15650,0.52000,0.00000,0.97765,7.05287,0.97114,3.58073,0.00000,0.32233,0.52000,0.00000,0.06510,0.58594,70.42867,0.92857,0.07143,0.96933,6.71429,0.88433,4.88281,0.00000,0.27736,0.85714,0.05660,0.28754,0.32552,238.40527,0.38889,0.00000,0.96000,6.81622,0.40690,1.30208,0.00000,0.29584,0.38889,0.00000,0.45573
153,0.2176,8515584,11233,0.00512,5.00e-04,0.2926,249.1391,0.67455,140.34256,0.64106,0.03921,0.92031,6.91297,0.76045,5.09983,0.00000,0.24711,0.60185,0.03090,0.37073,0.82465,286.03997,0.10000,0.00000,0.76596,7.97585,0.76497,0.32552,0.00000,0.33183,0.10000,0.00000,0.64019,0.90603,31.16340,1.00000,0.06250,0.83688,6.13861,0.76497,11.06771,0.00000,0.03391,0.93750,0.08197,0.33095,0.97114,35.44077,0.97059,0.02941,0.96855,6.73917,0.86263,8.78906,0.00000,0.19328,0.94118,0.00000,0.39605,0.16276,144.93300,0.70588,0.00000,0.97661,7.25428,0.92773,1.95313,0.00000,0.32995,0.70588,0.00000,0.08138,0.72700,56.70289,0.90323,0.03226,0.98684,6.56928,0.82465,8.13802,0.00000,0.28431,0.87097,0.10345,0.31467,0.45573,287.77534,0.16667,0.11111,0.98701,6.80062,0.41775,0.32552,0.00000,0.30939,0.05556,0.00000,0.46115
154,0.2190,8570880,11247,0.00460,5.00e-04,0.2926,273.6754,0.63386,170.07991,0.58132,0.03228,0.89597,6.76462,0.78668,4.06901,0.00000,0.25219,0.54904,0.02646,0.37706,0.75412,308.99878,0.00000,0.00000,0.66912,7.79735,0.73785,0.00000,0.00000,0.31941,0.00000,0.00000,0.68902,0.91688,31.14577,0.97959,0.10204,0.83230,6.13937,0.87348,11.39323,0.00000,0.06439,0.87755,0.12698,0.34180,0.96571,61.04009,0.95833,0.04167,0.95652,6.40041,0.87348,5.85938,0.00000,0.19472,0.91667,0.00000,0.36892,0.16819,191.81830,0.60000,0.05000,0.96552,7.07732,0.94401,1.95313,0.00000,0.33408,0.55000,0.00000,0.07053,0.65104,126.56156,0.75000,0.00000,0.95238,6.42774,0.91146,4.23177,0.00000,0.28948,0.75000,0.03175,0.34180,0.34722,300.91496,0.20000,0.00000,1.00000,6.74551,0.37977,0.97656,0.00000,0.31107,0.20000,0.00000,0.45030
155,0.2203,8626176,11247,0.00354,5.00e-04,0.2925,299.4747,0.66370,162.54175,0.59469,0.02598,0.89892,6.81512,0.81742,5.37109,0.00000,0.24429,0.56871,0.03288,0.37525,0.79753,307.77069,0.00000,0.00000,0.66418,8.09365,0.72700,0.00000,0.00000,0.32606,0.00000,0.00000,0.66732,0.97656,31.95107,1.00000,0.01923,0.83544,5.85449,0.85720,14.32292,0.00000,0.04141,0.98077,0.13208,0.28754,0.85720,73.06130,0.83784,0.08108,0.94904,6.57320,0.85178,8.46354,0.00000,0.16840,0.75676,0.00000,0.42318,0.22244,198.48332,0.50000,0.05556,0.97949,7.27190,1.05794,0.97656,0.00000,0.33064,0.44444,0.00000,0.10308,0.67817,102.17988,0.86667,0.00000,0.97688,6.61403,0.93859,6.51042,0.00000,0.29346,0.86667,0.06522,0.24957,0.45030,261.80422,0.36364,0.00000,0.98851,6.48343,0.47201,1.95313,0.00000,0.30576,0.36364,0.00000,0.52083
156,0.2217,8681472,11168,0.00624,5.00e-04,0.2924,266.7596,0.61306,167.07837,0.57306,0.04511,0.90956,6.81233,0.76317,6.02214,0.00000,0.24926,0.52796,0.02590,0.37797,0.71615,309.60777,0.00000,0.00000,0.71533,7.87343,0.74327,0.00000,0.00000,0.34279,0.00000,0.00000,0.58051,0.90603,23.54443,0.98113,0.00000,0.84277,6.04001,0.86263,16.27604,0.00000,0.09768,0.98113,0.08000,0.27127,0.83550,48.25121,0.95652,0.15217,0.95745,6.42530,0.76497,10.41667,0.00000,0.17004,0.80435,0.00000,0.41233,0.23872,229.55735,0.42308,0.03846,0.95480,7.24488,0.96029,2.60417,0.00000,0.31435,0.38462,0.04762,0.11393,0.56966,75.98047,0.96000,0.08000,0.98701,6.61675,0.83550,6.18490,0.00000,0.26624,0.88000,0.02778,0.39062,0.41233,315.52898,0.11765,0.00000,1.00000,6.67361,0.41233,0.65104,0.00000,0.30444,0.11765,0.00000,0.49913
157,0.2231,8736768,10917,0.00443,5.00e-04,0.2924,261.0717,0.69354,159.10383,0.61762,0.04409,0.91303,6.85377,0.77311,4.06901,0.00000,0.24623,0.57353,0.02363,0.40419,0.90061,314.65901,0.00000,0.00000,0.72848,8.07190,0.81923,0.00000,0.00000,0.34479,0.00000,0.00000,0.67274,1.01997,21.09942,0.97297,0.08108,0.85333,6.30162,0.81380,8.78906,0.00000,0.07106,0.89189,0.12048,0.45030,0.90603,61.30582,0.89655,0.06897,0.93902,6.55031,0.88976,6.18490,0.00000,0.16613,0.82759,0.00000,0.42860,0.23872,187.09072,0.68000,0.08000,0.97175,6.92375,0.96029,3.90625,0.00000,0.31542,0.60000,0.00000,0.10308,0.70530,86.45324,0.86207,0.03448,0.98561,6.41156,0.75412,5.20833,0.00000,0.28188,0.82759,0.02128,0.25499,0.39062,284.01479,0.29412,0.00000,1.00000,6.86350,0.40148,0.32552,0.00000,0.29811,0.29412,0.00000,0.51541
158,0.2246,8792064,10947,0.00502,5.00e-04,0.2923,280.0286,0.62030,165.64641,0.60307,0.04300,0.90506,6.85096,0.82465,4.82856,0.00000,0.25607,0.56007,0.04059,0.38610,0.86263,302.38912,0.00000,0.00000,0.76712,7.98802,0.79210,0.00000,0.00000,0.35052,0.00000,0.00000,0.68902,0.91146,28.11493,1.00000,0.06122,0.78289,6.27455,0.82465,12.04427,0.00000,0.05258,0.93878,0.19355,0.33637,0.80295,72.10284,0.93548,0.09677,0.93293,6.27939,0.88976,8.13802,0.00000,0.18736,0.83871,0.00000,0.34180,0.14648,221.67854,0.45000,0.10000,0.96939,7.13326,1.06337,1.95313,0.00000,0.33352,0.35000,0.05000,0.10851,0.67274,91.49963,0.88000,0.00000,0.97802,6.62253,0.98741,5.53385,0.00000,0.31135,0.88000,0.00000,0.31467,0.32552,278.09338,0.35294,0.00000,1.00000,6.80799,0.39062,1.30208,0.00000,0.30108,0.35294,0.00000,0.52626
159,0.2260,8847360,10894,0.00439,5.00e-04,0.2922,278.0911,0.64019,150.39379,0.63435,0.07895,0.90029,6.82944,0.79481,4.82856,0.00000,0.22957,0.55540,0.02488,0.40509,0.87891,283.13887,0.17647,0.11765,0.74194,7.95597,0.84093,0.32552,0.00000,0.34472,0.05882,0.00787,0.68902,0.86263,23.33345,1.00000,0.07273,0.77143,6.19241,0.75955,12.04427,0.00000,0.00112,0.92727,0.07246,0.37435,0.86263,86.93891,0.75758,0.00000,0.94079,6.26991,0.82465,7.16146,0.00000,0.17029,0.75758,0.00000,0.44488,0.20074,185.79130,0.70000,0.15000,0.96000,6.98322,1.08507,3.58073,0.00000,0.32040,0.55000,0.00000,0.12478,0.65104,93.00324,0.83871,0.00000,0.98758,6.58663,0.87348,5.53385,0.00000,0.26416,0.83871,0.06897,0.31467,0.38520,230.15697,0.33333,0.13333,1.00000,6.98849,0.38520,0.32552,0.00000,0.27674,0.20000,0.00000,0.48286
160,0.2274,8902656,10909,0.00443,5.00e-04,0.2921,286.3653,0.66913,149.32585,0.65613,0.04036,0.91254,6.98039,0.77854,5.64236,0.00000,0.24336,0.61577,0.02242,0.35988,0.97656,302.55617,0.03846,0.03846,0.78472,8.06559,0.78125,0.00000,0.00000,0.33514,0.00000,0.00000,0.61306,1.03624,28.26661,0.95652,0.06522,0.78947,6.43978,0.82465,10.74219,0.00000,0.07237,0.89130,0.08451,0.38520,0.81923,42.55136,0.97727,0.06818,0.95270,6.78608,0.80295,10.74219,0.00000,0.15546,0.90909,0.00000,0.35265,0.15191,180.74916,0.76000,0.04000,0.96721,7.15327,0.99284,4.88281,0.00000,0.33675,0.72000,0.00000,0.06510,0.65647,102.93102,0.78788,0.03030,0.98113,6.50861,0.86263,6.51042,0.00000,0.27021,0.75758,0.05000,0.32552,0.37435,238.90076,0.41667,0.00000,1.00000,6.92904,0.40690,0.97656,0.00000,0.29025,0.41667,0.00000,0.41775
161,0.2288,8957952,10855,0.00629,5.00e-04,0.2920,251.0423,0.64471,157.29863,0.59774,0.02963,0.93401,6.90448,0.76588,5.64236,0.00000,0.24252,0.56811,0.02181,0.37797,0.82465,303.77110,0.00000,0.00000,0.87413,8.18391,0.77582,0.00000,0.00000,0.33814,0.00000,0.00000,0.65104,1.05252,16.99873,0.97561,0.04878,0.83333,6.42314,0.78125,10.74219,0.00000,0.06777,0.92683,0.07812,0.34722,0.77582,77.76260,0.86047,0.04651,0.96296,6.57878,0.73242,9.44010,0.00000,0.17181,0.81395,0.01351,0.40148,0.17904,191.69737,0.59259,0.03704,0.98919,7.12815,1.00369,3.25521,0.00000,0.32476,0.55556,0.00000,0.07053,0.68359,93.52784,0.86364,0.04545,0.98101,6.38590,0.85720,9.76563,0.00000,0.26451,0.81818,0.03922,0.27669,0.35265,260.03412,0.29412,0.00000,0.96341,6.72702,0.44488,0.65104,0.00000,0.28813,0.29412,0.00000,0.52083
162,0.2302,9013248,11099,0.00579,5.00e-04,0.2919,260.5773,0.62120,158.18193,0.57973,0.06528,0.88921,7.02568,0.74056,3.68924,0.00000,0.23962,0.51445,0.02732,0.40238,0.75412,266.26385,0.18750,0.06250,0.72059,8.08664,0.73785,0.32552,0.00000,0.32685,0.12500,0.00000,0.62934,0.93859,24.84965,0.97561,0.09756,0.75862,6.24917,0.78668,10.41667,0.00000,0.06972,0.87805,0.11475,0.33095,0.84635,86.50020,0.81481,0.03704,0.91837,6.57991,0.79753,4.55729,0.00000,0.16811,0.77778,0.00000,0.35265,0.23329,200.99060,0.47826,0.04348,0.97268,7.32677,0.99284,2.92969,0.00000,0.33954,0.43478,0.00000,0.11936,0.58051,111.60475,0.80000,0.04000,0.96503,6.62064,0.77582,3.90625,0.00000,0.24895,0.76000,0.04918,0.33095,0.37435,258.88251,0.22222,0.11111,1.00000,7.29096,0.35265,0.00000,0.00000,0.28457,0.11111,0.00000,0.65104
163,0.2316,9068544,11024,0.00720,5.00e-04,0.2918,248.5032,0.64290,162.09430,0.58010,0.04640,0.89927,6.89168,0.81651,4.50304,0.00000,0.24479,0.53370,0.00407,0.38701,0.83550,308.92480,0.00000,0.00000,0.70440,7.87018,0.86263,0.00000,0.00000,0.33955,0.00000,0.00000,0.72700,0.92773,34.21938,1.00000,0.04082,0.84091,6.53337,0.71615,12.36979,0.00000,0.04399,0.95918,0.00000,0.30924,0.85720,58.92939,0.89474,0.05263,0.95035,6.44151,0.76497,7.48698,0.00000,0.14493,0.84211,0.00000,0.41233,0.19531,231.52364,0.36364,0.09091,0.95714,7.11328,1.13932,1.30208,0.00000,0.35887,0.27273,0.00000,0.09766,0.64019,62.63084,1.00000,0.03846,0.96407,6.67113,0.90603,5.20833,0.00000,0.27242,0.96154,0.02439,0.22244,0.40148,276.33773,0.22222,0.05556,0.97872,6.72062,0.50998,0.65104,0.00000,0.30896,0.16667,0.00000,0.55339
164,0.2330,9123840,11043,0.00469,5.00e-04,0.2917,239.0190,0.64200,148.46507,0.64027,0.05023,0.89954,6.80610,0.81109,4.66580,0.00000,0.25331,0.59004,0.02417,0.40509,0.75955,295.11703,0.06250,0.00000,0.70946,8.00600,0.80295,0.32552,0.00000,0.33479,0.06250,0.00000,0.65104,0.92773,34.31566,0.98039,0.07843,0.79487,6.06686,0.84635,11.71875,0.00000,0.06585,0.90196,0.12963,0.29297,0.78668,52.00337,0.96970,0.12121,0.91852,6.29695,0.73242,6.51042,0.00000,0.15533,0.84848,0.00000,0.40690,0.29297,161.81696,0.71429,0.00000,0.98529,7.01396,1.10677,2.92969,0.00000,0.36471,0.71429,0.00000,0.14648,0.67817,111.63542,0.75758,0.03030,0.98907,6.61360,0.99284,5.85938,0.00000,0.29786,0.72727,0.01538,0.35265,0.40690,235.90199,0.35714,0.07143,1.00000,6.83921,0.38520,0.65104,0.00000,0.30132,0.28571,0.00000,0.58051
165,0.2344,9179136,11053,0.00535,5.00e-04,0.2917,268.7749,0.68359,158.16167,0.63383,0.01969,0.90037,6.83125,0.80747,6.18490,0.00000,0.25392,0.61414,0.03574,0.38339,0.88976,325.33317,0.00000,0.00000,0.77333,8.20849,0.81380,0.00000,0.00000,0.33930,0.00000,0.00000,0.71072,1.05794,23.57659,1.00000,0.01754,0.80556,6.11407,0.78125,16.92708,0.00000,0.06310,0.98246,0.17188,0.34722,0.90603,74.62966,0.89474,0.00000,0.94161,6.55559,0.74327,7.48698,0.00000,0.18871,0.89474,0.00000,0.37435,0.21701,149.33220,0.78947,0.00000,0.95305,7.14450,1.15560,4.88281,0.00000,0.36785,0.78947,0.00000,0.10851,0.62934,95.63454,0.87879,0.06061,0.94152,6.32331,0.92773,6.51042,0.00000,0.27848,0.81818,0.04255,0.25499,0.40148,280.46387,0.24000,0.04000,0.98718,6.64154,0.42318,1.30208,0.00000,0.28610,0.20000,0.00000,0.50456
166,0.2358,9234432,11068,0.00489,5.00e-04,0.2916,257.6905,0.66551,149.22932,0.64536,0.02944,0.91530,6.82765,0.78306,5.15408,0.00000,0.25123,0.61592,0.02270,0.37977,0.79753,255.82886,0.18750,0.06250,0.75676,7.93978,0.80295,0.65104,0.00000,0.34962,0.12500,0.00000,0.64019,1.10677,31.34064,1.00000,0.00000,0.86806,6.26808,0.78125,9.44010,0.00000,0.08414,1.00000,0.08065,0.33637,0.87891,52.40135,0.91892,0.02703,0.95092,6.60150,0.88433,7.81250,0.00000,0.21126,0.89189,0.00000,0.36892,0.23329,181.11381,0.70833,0.04167,0.95480,6.87547,0.96029,4.23177,0.00000,0.31687,0.66667,0.00000,0.11393,0.59136,79.93938,0.92105,0.00000,0.98726,6.58723,0.85178,8.13802,0.00000,0.26780,0.92105,0.05556,0.29297,0.38520,294.75189,0.13636,0.04545,0.97403,6.69386,0.41775,0.65104,0.00000,0.27770,0.09091,0.00000,0.52626
167,0.2372,9289728,11053,0.00429,5.00e-04,0.2915,265.9471,0.66461,156.88551,0.59556,0.05862,0.91347,6.81123,0.79662,4.55729,0.00000,0.24736,0.53694,0.02653,0.40238,0.84635,281.13590,0.05263,0.00000,0.80769,8.10386,0.70530,0.32552,0.00000,0.33020,0.05263,0.00000,0.67817,1.10135,36.91570,0.97872,0.04255,0.81818,6.24901,0.83550,11.39323,0.00000,0.09165,0.93617,0.06061,0.35807,0.86806,62.37150,0.91667,0.11111,0.92763,6.46226,0.82465,6.51042,0.00000,0.18255,0.80556,0.00000,0.37435,0.21701,181.34589,0.65217,0.08696,0.96875,6.96356,1.04167,3.25521,0.00000,0.32607,0.56522,0.00000,0.08681,0.61849,98.35599,0.86207,0.00000,0.97093,6.51822,0.93316,5.85938,0.00000,0.27317,0.86207,0.09859,0.38520,0.33637,281.18807,0.11111,0.11111,0.98765,6.57047,0.43945,0.00000,0.00000,0.28051,0.00000,0.00000,0.53168
168,0.2386,9345024,11010,0.00552,5.00e-04,0.2914,267.8144,0.67274,148.31370,0.65560,0.03264,0.90883,6.84880,0.81832,5.47960,0.00000,0.24142,0.62296,0.01100,0.38610,0.90061,293.00738,0.10526,0.00000,0.80892,8.02127,0.85178,0.00000,0.00000,0.34600,0.10526,0.00000,0.68359,1.03082,23.49831,0.97619,0.07143,0.82581,6.14408,0.84093,10.41667,0.00000,0.08121,0.90476,0.05085,0.32010,0.79210,74.53742,0.89474,0.02632,0.89333,6.35225,0.81380,9.76563,0.00000,0.14789,0.86842,0.00000,0.35807,0.22786,195.49672,0.63636,0.04545,0.97087,7.25536,1.11762,3.25521,0.00000,0.35696,0.59091,0.00000,0.09766,0.64019,68.14695,0.92105,0.05263,0.98182,6.59376,0.89518,7.81250,0.00000,0.22815,0.86842,0.01515,0.35807,0.44488,235.19541,0.40000,0.00000,0.97222,6.72609,0.39062,1.62760,0.00000,0.28832,0.40000,0.00000,0.49913
169,0.2400,9400320,11088,0.00559,5.00e-04,0.2913,263.6237,0.66280,146.56492,0.65731,0.08894,0.90336,6.68853,0.84635,4.99132,0.00000,0.24576,0.57375,0.02179,0.39153,0.94944,308.34766,0.06667,0.06667,0.81065,7.83616,0.91688,0.00000,0.00000,0.36207,0.00000,0.00000,0.73785,0.98741,32.91733,1.00000,0.09756,0.81699,5.83354,0.83008,9.11458,0.00000,0.06936,0.90244,0.07812,0.34722,0.89518,52.63728,0.92105,0.13158,0.89506,6.43693,0.87891,9.11458,0.00000,0.18124,0.78947,0.00000,0.36350,0.20616,160.97994,0.70000,0.05000,0.96465,6.97746,1.07422,3.90625,0.00000,0.33682,0.65000,0.00000,0.08138,0.63477,59.05337,0.90323,0.12903,0.97175,6.36967,0.96029,6.83594,0.00000,0.24754,0.80645,0.05263,0.30924,0.30382,265.45396,0.35294,0.05882,0.96104,6.67743,0.41775,0.97656,0.00000,0.27751,0.29412,0.00000,0.50998
170,0.2415,9455616,10969,0.00564,5.00e-04,0.2912,257.9535,0.66099,149.95215,0.64767,0.05188,0.89874,6.91351,0.80295,5.64236,0.00000,0.24835,0.59579,0.01461,0.38339,0.88433,260.84941,0.18182,0.09091,0.64780,7.97755,0.86263,0.32552,0.00000,0.35562,0.09091,0.00000,0.67817,0.99826,24.94488,0.97778,0.06667,0.83019,6.37452,0.86263,10.74219,0.00000,0.07904,0.91111,0.07042,0.38520,0.85720,52.47674,0.97674,0.06977,0.95973,6.55338,0.80838,11.06771,0.00000,0.18336,0.90698,0.00000,0.36350,0.26042,208.27779,0.57692,0.03846,0.97959,7.13948,1.06337,3.90625,0.00000,0.33670,0.53846,0.00000,0.12478,0.57509,75.73984,0.90000,0.00000,0.97516,6.63987,0.87348,6.83594,0.00000,0.27031,0.90000,0.01724,0.31467,0.39062,277.42425,0.27273,0.04545,1.00000,6.79624,0.34722,0.97656,0.00000,0.26510,0.22727,0.00000,0.43403
171,0.2429,9510912,11124,0.00542,5.00e-04,0.2911,247.7981,0.67274,153.90174,0.61415,0.01720,0.90742,6.93135,0.81471,5.42535,0.00000,0.26066,0.59695,0.04167,0.37797,0.98199,292.55640,0.07143,0.00000,0.74675,8.14456,0.83550,0.00000,0.00000,0.37092,0.07143,0.00000,0.69444,1.04709,47.60700,0.90741,0.05556,0.80124,6.17735,0.87348,12.36979,0.00000,0.09807,0.85185,0.16071,0.30382,0.82465,45.69361,0.97059,0.00000,0.95105,6.70894,0.77582,9.11458,0.00000,0.21837,0.97059,0.00000,0.33637,0.22786,189.54165,0.66667,0.00000,0.96985,7.23349,1.07964,3.58073,0.00000,0.34517,0.66667,0.00000,0.06510,0.56966,64.43933,0.92593,0.00000,0.97561,6.55236,0.88976,7.16146,0.00000,0.25910,0.92593,0.08929,0.30382,0.38520,283.57243,0.14286,0.04762,1.00000,6.77141,0.43403,0.32552,0.00000,0.27234,0.09524,0.00000,0.56424
172,0.2442,9566208,11125,0.00449,5.00e-04,0.2910,250.8839,0.65195,153.39821,0.65531,0.02484,0.91040,6.82790,0.82104,5.26259,0.00000,0.25669,0.63536,0.02897,0.39605,0.89518,263.30322,0.25000,0.00000,0.76744,7.86064,0.93316,0.65104,0.00000,0.36693,0.25000,0.00000,0.78125,0.92231,35.66675,0.97872,0.02128,0.83333,6.19892,0.74870,12.36979,0.00000,0.09978,0.95745,0.06667,0.32552,0.90061,63.06781,0.94118,0.05882,0.95541,6.62560,0.85178,8.46354,0.00000,0.20505,0.91176,0.00000,0.40148,0.24414,196.34398,0.61538,0.00000,0.94924,6.91413,1.06879,3.90625,0.00000,0.34670,0.61538,0.00000,0.13021,0.59679,85.36880,0.89655,0.06897,0.97126,6.58506,0.94401,5.53385,0.00000,0.26017,0.82759,0.10714,0.30382,0.35265,276.63870,0.25000,0.00000,0.98571,6.78306,0.37977,0.65104,0.00000,0.26150,0.25000,0.00000,0.43403
173,0.2456,9621504,11107,0.00411,5.00e-04,0.2910,247.1228,0.68450,155.47582,0.61926,0.04132,0.90681,6.87927,0.85901,4.99132,0.00000,0.26554,0.57794,0.02662,0.43312,0.99826,330.02475,0.00000,0.00000,0.76506,8.03526,0.90061,0.00000,0.00000,0.36963,0.00000,0.00000,0.76497,1.03624,35.60548,0.98113,0.01887,0.80263,6.50895,0.82465,13.99740,0.00000,0.13729,0.96226,0.07463,0.36350,0.88433,37.99949,0.96774,0.03226,0.93789,6.62719,0.87348,7.16146,0.00000,0.20733,0.93548,0.00000,0.39062,0.17904,211.89704,0.46667,0.00000,0.95327,7.04467,1.16102,1.95313,0.00000,0.33587,0.46667,0.04762,0.11393,0.64562,56.09749,1.00000,0.09677,0.98204,6.37343,0.90603,6.51042,0.00000,0.27794,0.90323,0.03750,0.43403,0.36350,261.23066,0.30000,0.10000,1.00000,6.68610,0.48828,0.32552,0.00000,0.26517,0.20000,0.00000,0.53168
174,0.2470,9676800,11044,0.00420,5.00e-04,0.2909,281.1920,0.63929,143.19783,0.68088,0.05315,0.89898,6.79437,0.80838,6.34766,0.00000,0.25266,0.63065,0.03755,0.39786,0.82465,308.70267,0.00000,0.00000,0.77931,8.05680,0.78668,0.00000,0.00000,0.36055,0.00000,0.00000,0.67274,0.93316,40.05892,1.00000,0.03509,0.79333,6.05496,0.81380,15.95052,0.00000,0.08597,0.98246,0.15385,0.35265,0.90603,51.52324,0.96429,0.03571,0.92763,6.71051,0.82465,7.81250,0.00000,0.18133,0.92857,0.00000,0.47743,0.22786,155.03585,0.78947,0.10526,0.95745,7.00447,1.01997,3.90625,0.00000,0.32137,0.68421,0.00000,0.09766,0.58051,67.28913,0.97436,0.00000,0.96023,6.33083,0.95486,9.44010,0.00000,0.28368,0.97436,0.07143,0.30382,0.36350,236.57715,0.35714,0.14286,0.97590,6.60867,0.45030,0.97656,0.00000,0.28305,0.21429,0.00000,0.48286
175,0.2484,9732096,11095,0.00694,5.00e-04,0.2907,254.6951,0.63929,155.11931,0.67161,0.04552,0.92276,6.93331,0.83008,5.85938,0.00000,0.25694,0.62609,0.03883,0.40148,0.86806,317.79830,0.00000,0.00000,0.78571,8.06908,0.83550,0.00000,0.00000,0.36886,0.00000,0.00000,0.73242,0.90603,29.08192,1.00000,0.07547,0.84354,6.33235,0.79753,12.36979,0.00000,0.06286,0.92453,0.12698,0.34180,0.86263,64.16729,0.94286,0.05714,0.94872,6.82015,0.84635,9.11458,0.00000,0.18680,0.88571,0.00000,0.37977,0.24957,209.55379,0.76000,0.00000,0.98462,7.18087,1.05794,5.20833,0.00000,0.34836,0.76000,0.00000,0.10851,0.56966,90.42442,0.88235,0.02941,0.97396,6.21937,1.04167,8.13802,0.00000,0.28454,0.85294,0.09524,0.34180,0.37977,219.69010,0.44444,0.11111,1.00000,6.97806,0.40148,0.32552,0.00000,0.29021,0.33333,0.01075,0.50456
176,0.2498,9787392,11211,0.00593,5.00e-04,0.2906,218.5373,0.67003,162.26011,0.60088,0.04839,0.90760,6.82503,0.79120,5.42535,0.00000,0.25043,0.55249,0.01948,0.38882,0.90603,302.87588,0.06667,0.06667,0.80503,7.91537,0.86263,0.00000,0.00000,0.35285,0.00000,0.00000,0.73785,0.93859,32.14885,1.00000,0.06977,0.77852,6.17788,0.80838,10.09115,0.00000,0.06652,0.93023,0.07143,0.30382,0.88976,65.37634,0.88235,0.02941,0.93382,6.46011,0.73785,8.13802,0.00000,0.20322,0.85294,0.00000,0.36892,0.23872,163.38194,0.75862,0.06897,0.96552,7.11679,1.10135,5.20833,0.00000,0.34178,0.68966,0.00000,0.10851,0.66189,96.92623,0.84211,0.00000,0.96273,6.40624,0.87348,9.11458,0.00000,0.25453,0.84211,0.04545,0.35807,0.38520,312.85143,0.05556,0.05556,1.00000,6.87376,0.36350,0.00000,0.00000,0.28366,0.00000,0.00000,0.45573
177,0.2513,9842688,10729,0.00474,5.00e-04,0.2905,285.6875,0.66641,171.54402,0.57613,0.01515,0.91403,6.76406,0.80205,4.88281,0.00000,0.26366,0.56098,0.04073,0.40238,0.84635,326.32879,0.00000,0.00000,0.79245,8.02704,0.86263,0.00000,0.00000,0.35325,0.00000,0.00000,0.66189,1.02539,34.65408,0.95238,0.00000,0.80916,6.36710,0.71072,11.06771,0.00000,0.09125,0.95238,0.17544,0.30924,0.89518,51.72135,0.96970,0.09091,0.95541,6.39546,0.85178,7.81250,0.00000,0.21385,0.87879,0.00000,0.42318,0.23329,267.60876,0.31250,0.00000,0.96410,6.93349,1.05794,0.97656,0.00000,0.36225,0.31250,0.00000,0.15191,0.64562,70.15326,0.97222,0.00000,0.97674,6.39923,0.93316,8.46354,0.00000,0.27778,0.97222,0.06897,0.31467,0.35265,278.79790,0.25000,0.00000,0.98630,6.46202,0.39605,0.97656,0.00000,0.28360,0.25000,0.00000,0.55339
178,0.2527,9897984,10853,0.00401,5.00e-04,0.2904,252.8362,0.64562,156.72163,0.61481,0.03675,0.91347,6.80405,0.86715,5.64236,0.00000,0.26584,0.57806,0.02622,0.40781,0.83008,295.60101,0.09091,0.04545,0.79268,8.21760,0.88976,0.00000,0.00000,0.35272,0.04545,0.00000,0.71072,0.94944,25.93041,0.98113,0.05660,0.78824,6.09505,0.92231,13.34635,0.00000,0.10508,0.92453,0.13846,0.35265,0.81923,63.25193,0.92000,0.08000,0.95000,6.39972,0.75955,11.71875,0.00000,0.19049,0.84000,0.00000,0.43945,0.27127,233.45518,0.50000,0.00000,0.96804,7.15596,1.18815,1.95313,0.00000,0.37253,0.50000,0.00000,0.13021,0.59136,50.53255,0.96154,0.03846,0.99468,6.54246,1.01997,6.51042,0.00000,0.30694,0.92308,0.01887,0.28754,0.41233,271.55874,0.23529,0.00000,0.98718,6.41350,0.42318,0.32552,0.00000,0.26730,0.23529,0.00000,0.52626
179,0.2541,9953280,11029,0.00481,5.00e-04,0.2903,235.7186,0.66641,165.03840,0.60935,0.03649,0.89845,6.83949,0.78758,6.29340,0.00000,0.25549,0.57286,0.03046,0.40328,0.87891,320.40258,0.00000,0.00000,0.74000,8.07076,0.81380,0.00000,0.00000,0.34449,0.00000,0.00000,0.72157,0.92773,26.21663,1.00000,0.07143,0.77273,6.15277,0.83550,13.99740,0.00000,0.10064,0.92857,0.15000,0.32552,0.84635,92.17050,0.92105,0.07895,0.93960,6.56775,0.80838,9.76563,0.00000,0.17610,0.84211,0.00000,0.41775,0.23872,166.82248,0.72000,0.04000,0.99482,6.99005,1.04709,4.55729,0.00000,0.34050,0.68000,0.00000,0.11393,0.68902,90.12900,0.85714,0.02857,0.97531,6.45380,0.87891,8.46354,0.00000,0.29873,0.82857,0.03279,0.33095,0.41775,294.48921,0.15789,0.00000,0.96825,6.80180,0.34180,0.97656,0.00000,0.27247,0.15789,0.00000,0.50998
180,0.2555,10008576,11015,0.00603,5.00e-04,0.2903,225.9086,0.64562,174.24280,0.54912,0.02765,0.90010,6.74278,0.79753,4.99132,0.00000,0.25985,0.52146,0.01151,0.37344,0.73242,324.88613,0.00000,0.00000,0.77397,8.15958,0.79210,0.00000,0.00000,0.35618,0.00000,0.00000,0.56966,0.98199,20.18999,1.00000,0.00000,0.78788,6.16234,0.89518,13.67188,0.00000,0.11969,1.00000,0.03571,0.30382,0.82465,68.80038,0.95000,0.07500,0.93836,6.35887,0.79210,8.46354,0.00000,0.17283,0.87500,0.00000,0.44488,0.21159,232.21544,0.40909,0.04545,0.93478,6.84033,0.99826,2.27865,0.00000,0.33853,0.36364,0.00000,0.14648,0.74870,116.39194,0.70833,0.00000,0.99415,6.46881,0.92773,4.88281,0.00000,0.30078,0.70833,0.03333,0.32552,0.37435,282.97292,0.22727,0.04545,0.97143,6.46677,0.37977,0.65104,0.00000,0.27108,0.18182,0.00000,0.45030
181,0.2569,10063872,11134,0.00595,5.00e-04,0.2902,248.5782,0.65195,157.29222,0.60952,0.00427,0.88712,6.75789,0.84274,4.82856,0.00000,0.25954,0.60525,0.03580,0.41685,0.99284,325.73220,0.00000,0.00000,0.76667,8.01998,0.97656,0.00000,0.00000,0.36811,0.00000,0.00000,0.78125,0.91146,27.16304,0.97436,0.02564,0.75839,6.01320,0.80838,10.09115,0.00000,0.05183,0.94872,0.05556,0.29297,0.80838,62.88414,0.90000,0.00000,0.88462,6.42427,0.84635,9.11458,0.00000,0.19416,0.90000,0.00000,0.41233,0.17904,195.20746,0.56250,0.00000,0.94811,6.78929,1.15017,2.60417,0.00000,0.36477,0.56250,0.06250,0.08681,0.64562,90.01618,0.85185,0.00000,0.96491,6.47530,0.92773,5.53385,0.00000,0.28578,0.85185,0.09677,0.33637,0.37435,242.75028,0.36842,0.00000,1.00000,6.82530,0.34722,1.62760,0.00000,0.29257,0.36842,0.00000,0.59136
182,0.2583,10119168,11163,0.00578,5.00e-04,0.2901,248.8934,0.67636,166.12752,0.56420,0.02856,0.90493,6.79020,0.84093,5.47960,0.00000,0.25632,0.53565,0.02708,0.42679,0.93316,309.14144,0.00000,0.00000,0.83030,8.09730,0.89518,0.00000,0.00000,0.37313,0.00000,0.00000,0.74327,1.04709,43.06025,0.96000,0.06000,0.72353,6.20831,0.92231,12.04427,0.00000,0.09432,0.90000,0.10000,0.37977,0.80295,32.28296,0.94286,0.08571,0.93878,6.40145,0.79753,8.46354,0.00000,0.15846,0.85714,0.00000,0.43403,0.22786,238.09781,0.42308,0.00000,0.95567,6.84960,1.10135,2.92969,0.00000,0.35714,0.42308,0.00000,0.11936,0.63477,84.17175,0.87179,0.02564,0.99398,6.29964,0.90061,8.78906,0.00000,0.25604,0.84615,0.06250,0.34722,0.41233,290.01093,0.18750,0.00000,0.98734,6.88490,0.42860,0.65104,0.00000,0.29880,0.18750,0.00000,0.53711
183,0.2597,10174464,10907,0.00560,5.00e-04,0.2900,246.3258,0.63567,156.37808,0.62578,0.03504,0.91218,6.78731,0.81199,6.02214,0.00000,0.25422,0.59074,0.01459,0.40057,0.94944,300.95918,0.00000,0.00000,0.83230,8.14182,0.87348,0.00000,0.00000,0.38200,0.00000,0.00000,0.73785,0.89518,32.77692,0.97778,0.04444,0.79141,6.30587,0.88433,11.71875,0.00000,0.08893,0.93333,0.07143,0.30382,0.83008,53.03648,0.95833,0.06250,0.96711,6.40142,0.82465,12.04427,0.00000,0.18102,0.89583,0.00000,0.39605,0.22786,167.94250,0.69231,0.00000,0.93229,6.68308,1.04167,1.95313,0.00000,0.34473,0.69231,0.00000,0.12478,0.52083,89.36547,0.93878,0.04082,0.95000,6.33533,0.86806,10.09115,0.00000,0.26169,0.89796,0.01613,0.33637,0.39062,294.18796,0.18750,0.06250,1.00000,6.85637,0.37977,0.32552,0.00000,0.26695,0.12500,0.00000,0.50456
184,0.2612,10229760,10198,0.00525,5.00e-04,0.2899,264.0312,0.65285,143.30780,0.67030,0.05624,0.92117,6.74470,0.81109,6.45616,0.00000,0.24114,0.61406,0.01575,0.41323,0.99284,321.41632,0.00000,0.00000,0.80723,8.16390,0.90061,0.00000,0.00000,0.37008,0.00000,0.00000,0.73242,0.93859,35.57156,0.96774,0.04839,0.85517,6.16552,0.78668,16.92708,0.00000,0.08187,0.91935,0.08000,0.40690,0.81923,69.58566,0.94118,0.08824,0.91971,6.59717,0.74327,8.13802,0.00000,0.16235,0.85294,0.00000,0.32552,0.26042,148.09845,0.80000,0.04000,0.96507,6.84203,1.24240,4.55729,0.00000,0.34094,0.76000,0.00000,0.14106,0.58594,57.44255,0.94444,0.05556,0.97987,6.10251,0.80838,8.46354,0.00000,0.22598,0.88889,0.01449,0.37435,0.32010,227.73224,0.36842,0.10526,1.00000,6.59707,0.38520,0.65104,0.00000,0.26566,0.26316,0.00000,0.49913
185,0.2626,10285056,11141,0.00625,5.00e-04,0.2898,237.4459,0.67998,158.98277,0.62968,0.04996,0.90299,6.73436,0.80386,4.77431,0.00000,0.24204,0.57971,0.02239,0.45121,0.97656,318.26055,0.04000,0.04000,0.85143,8.09189,0.94944,0.00000,0.00000,0.36890,0.00000,0.00000,0.78668,0.97656,32.48356,1.00000,0.07895,0.78378,5.86257,0.80295,9.44010,0.00000,0.08975,0.92105,0.04478,0.36350,0.77040,68.58733,0.96429,0.07143,0.90000,6.40598,0.86806,6.18490,0.00000,0.16249,0.89286,0.00000,0.43945,0.28754,199.00591,0.57143,0.00000,0.94652,6.64400,1.01454,3.90625,0.00000,0.32173,0.57143,0.00000,0.17361,0.65104,90.05862,0.88235,0.02941,0.96795,6.47200,0.84635,8.13802,0.00000,0.23583,0.85294,0.08955,0.36350,0.41775,245.50066,0.32000,0.08000,0.96825,6.92971,0.34180,0.97656,0.00000,0.27353,0.24000,0.00000,0.58051
186,0.2640,10340352,10897,0.00554,5.00e-04,0.2897,238.8852,0.66551,155.94435,0.62538,0.06792,0.90692,6.63190,0.83460,5.80512,0.00000,0.24818,0.55746,0.03187,0.45663,0.87348,310.78662,0.06667,0.00000,0.81871,8.00531,0.92773,0.32552,0.00000,0.35307,0.06667,0.00649,0.83550,0.97656,16.28344,1.00000,0.11111,0.81176,6.01093,0.92231,12.69531,0.00000,0.10388,0.88889,0.10256,0.42318,0.83008,59.56013,0.95455,0.11364,0.91018,6.22678,0.90603,10.41667,0.00000,0.17685,0.84091,0.00000,0.36350,0.33637,183.05601,0.64286,0.03571,0.94924,6.76603,1.06879,3.90625,0.00000,0.34440,0.60714,0.00000,0.12478,0.54796,83.46843,0.85294,0.08824,0.96855,6.26522,0.86263,6.51042,0.00000,0.24676,0.76471,0.08219,0.39605,0.42860,282.51143,0.23529,0.05882,0.98305,6.51712,0.32010,0.97656,0.00000,0.26409,0.17647,0.00000,0.59679
187,0.2655,10395648,10824,0.00644,5.00e-04,0.2896,229.0184,0.65466,148.04504,0.66580,0.03357,0.92653,6.70178,0.82827,5.42535,0.00000,0.25426,0.63222,0.02833,0.43041,0.92231,321.39098,0.00000,0.00000,0.87117,7.93807,0.88433,0.00000,0.00000,0.34924,0.00000,0.00000,0.68902,0.96571,44.31280,0.97436,0.05128,0.82609,6.27369,0.87348,10.41667,0.00000,0.10376,0.92308,0.10843,0.45030,0.79210,42.77051,0.97826,0.04348,0.95804,6.34032,0.77582,10.74219,0.00000,0.18195,0.93478,0.00000,0.40148,0.25499,208.06523,0.64000,0.04000,0.96078,6.77533,1.10677,3.58073,0.00000,0.33025,0.60000,0.00000,0.14106,0.55881,53.09516,0.93548,0.00000,0.97126,6.19893,0.94401,6.51042,0.00000,0.27627,0.93548,0.06154,0.35265,0.43403,218.63553,0.46667,0.06667,0.97183,6.68434,0.38520,1.30208,0.00000,0.28407,0.40000,0.00000,0.54796
188,0.2667,10450944,12373,0.00684,5.00e-04,0.2895,244.3501,0.67907,163.77824,0.57869,0.01591,0.90889,6.67472,0.78939,6.51042,0.00000,0.25363,0.56278,0.02709,0.44940,0.92773,316.04773,0.00000,0.00000,0.81481,8.11090,0.87891,0.00000,0.00000,0.35546,0.00000,0.00000,0.79210,0.99826,35.51094,0.94828,0.00000,0.80795,6.23496,0.81923,15.29948,0.00000,0.10071,0.94828,0.09589,0.39605,0.78125,60.89542,0.93182,0.04545,0.93056,6.26666,0.78125,12.04427,0.00000,0.18946,0.88636,0.00000,0.39605,0.28754,200.66107,0.55000,0.05000,0.95337,6.60438,1.04709,2.92969,0.00000,0.32724,0.50000,0.03333,0.16276,0.61849,72.28799,0.97059,0.00000,0.96178,6.03962,0.85178,8.78906,0.00000,0.25432,0.97059,0.03333,0.32552,0.46115,297.26629,0.07143,0.00000,0.98485,6.79180,0.35807,0.00000,0.00000,0.29461,0.07143,0.00000,0.62391
189,0.2679,10506240,13501,0.00823,5.00e-04,0.2894,245.9031,0.67998,139.96672,0.70176,0.02898,0.91033,6.67324,0.82284,5.53385,0.00000,0.26587,0.67278,0.02741,0.41504,0.99826,326.26620,0.00000,0.00000,0.85030,8.07093,0.90603,0.00000,0.00000,0.37140,0.00000,0.00000,0.77040,0.99284,32.67471,1.00000,0.02222,0.87342,6.14028,0.85720,11.71875,0.00000,0.11433,0.97778,0.07353,0.36892,0.89518,66.30872,0.93478,0.04348,0.91946,6.41673,0.80838,10.41667,0.00000,0.21102,0.89130,0.00000,0.34722,0.24957,123.16888,0.83333,0.05556,0.93750,6.73410,1.12847,2.92969,0.00000,0.33351,0.77778,0.00000,0.09223,0.54253,65.64951,0.96875,0.00000,0.92357,6.14181,0.85178,7.16146,0.00000,0.26957,0.96875,0.09091,0.41775,0.40148,225.73229,0.47368,0.05263,0.95775,6.53562,0.38520,0.97656,0.00000,0.29537,0.42105,0.00000,0.49371
190,0.2692,10561536,11248,0.01482,2.41e-04,0.2894,221.3967,0.62934,151.84199,0.61475,0.04498,0.91444,6.81084,0.84364,5.96788,0.00000,0.26019,0.56977,0.04117,0.42137,0.99826,310.58975,0.00000,0.00000,0.81503,8.08148,0.93859,0.00000,0.00000,0.35072,0.00000,0.00000,0.75412,0.94401,29.52167,0.97959,0.08163,0.78846,6.44726,0.84635,12.04427,0.00000,0.09947,0.89796,0.11765,0.36892,0.73242,46.95102,0.97059,0.02941,0.95556,6.57545,0.73242,8.78906,0.00000,0.19148,0.94118,0.00000,0.43403,0.21701,158.89858,0.70000,0.10000,0.96209,6.75876,1.14475,2.92969,0.00000,0.34284,0.60000,0.00000,0.14648,0.53711,69.25062,0.90196,0.05882,0.96552,6.40760,0.94401,11.71875,0.00000,0.28365,0.84314,0.11864,0.32010,0.34722,295.84029,0.13636,0.00000,1.00000,6.59447,0.45573,0.32552,0.00000,0.29298,0.13636,0.01075,0.50456
191,0.2704,10616832,13558,0.00582,5.00e-04,0.2893,238.4270,0.70168,152.35466,0.60939,0.05569,0.91520,6.73870,0.80747,5.09983,0.00000,0.25733,0.55370,0.03193,0.45392,0.98741,279.33645,0.11111,0.11111,0.81595,8.09597,0.88433,0.00000,0.00000,0.35012,0.00000,0.00000,0.78125,0.97114,31.11733,1.00000,0.02128,0.85806,6.34838,0.84093,11.71875,0.00000,0.11512,0.97872,0.12308,0.35265,0.80295,42.36884,0.95122,0.02439,0.90210,6.51170,0.77582,9.76563,0.00000,0.19713,0.92683,0.00000,0.45030,0.33637,220.64002,0.53846,0.03846,0.95673,6.64941,1.12847,3.58073,0.00000,0.33958,0.50000,0.00000,0.16276,0.68359,83.28026,0.83333,0.08333,0.97619,6.38874,0.91146,5.20833,0.00000,0.27256,0.75000,0.06849,0.39605,0.42860,257.38506,0.22222,0.05556,0.98214,6.43804,0.30382,0.32552,0.00000,0.26946,0.16667,0.00000,0.58051
192,0.2715,10672128,13499,0.00538,5.00e-04,0.2893,198.2298,0.62301,156.92208,0.64601,0.02220,0.90664,6.80352,0.83460,5.37109,0.00000,0.26367,0.62381,0.02766,0.43493,0.96571,315.21115,0.05556,0.00000,0.80220,8.05343,0.98741,0.00000,0.00000,0.37373,0.05556,0.00000,0.78668,0.81923,43.24812,0.96078,0.00000,0.79375,6.33917,0.86806,13.67188,0.00000,0.09696,0.96078,0.06061,0.35807,0.80838,84.87107,0.88462,0.03846,0.92414,6.48779,0.78668,6.51042,0.00000,0.21883,0.84615,0.00000,0.38520,0.23329,214.53702,0.66667,0.00000,0.95631,6.67401,1.11762,4.23177,0.00000,0.33800,0.66667,0.03333,0.16276,0.50456,82.34364,0.87097,0.03226,0.96341,6.29916,0.88976,6.51042,0.00000,0.25432,0.83871,0.06250,0.34722,0.40690,201.32150,0.43750,0.06250,1.00000,6.96753,0.35807,1.30208,0.00000,0.30020,0.37500,0.00952,0.56966
193,0.2727,10727424,13517,0.00563,5.00e-04,0.2892,232.2548,0.67093,157.74965,0.63703,0.02463,0.90890,6.71549,0.84635,5.20833,0.00000,0.25421,0.61240,0.02420,0.46206,0.94401,305.58477,0.05000,0.00000,0.81325,8.10661,0.90061,0.32552,0.00000,0.35278,0.05000,0.00000,0.72700,0.93859,40.44359,0.97826,0.06522,0.76786,6.29396,0.91146,11.39323,0.00000,0.09572,0.91304,0.07059,0.46115,0.93316,66.46220,0.91892,0.02703,0.95783,6.24529,0.90061,8.46354,0.00000,0.19549,0.89189,0.00000,0.50456,0.26584,233.68332,0.50000,0.05556,0.94737,6.70873,1.13390,2.60417,0.00000,0.32946,0.44444,0.00000,0.12478,0.53711,40.58483,1.00000,0.00000,0.96711,6.59238,0.82465,7.48698,0.00000,0.25046,1.00000,0.07463,0.36350,0.40690,259.73920,0.37500,0.00000,1.00000,6.34595,0.40690,0.97656,0.00000,0.30132,0.37500,0.00000,0.59136
194,0.2738,10782720,13524,0.00608,5.00e-04,0.2891,221.7278,0.62844,149.31764,0.62074,0.03164,0.92411,6.75389,0.82646,6.23915,0.00000,0.26487,0.59272,0.01416,0.41413,0.91688,324.04025,0.00000,0.00000,0.85093,8.03684,0.87348,0.00000,0.00000,0.37600,0.00000,0.00000,0.73785,0.92231,26.85038,1.00000,0.01818,0.86093,6.25043,0.81923,14.64844,0.00000,0.10480,0.98182,0.05556,0.39062,0.73242,45.17379,0.93478,0.06522,0.95946,6.49635,0.80295,11.71875,0.00000,0.17239,0.89130,0.00000,0.33095,0.25499,161.30336,0.61905,0.04762,0.95261,6.79540,1.14475,2.60417,0.00000,0.34085,0.57143,0.00000,0.10308,0.57509,64.60946,0.97059,0.05882,0.95484,6.37824,0.84093,7.81250,0.00000,0.27419,0.91176,0.02941,0.36892,0.36892,273.92858,0.20000,0.00000,0.96591,6.56609,0.47743,0.65104,0.00000,0.32098,0.20000,0.00000,0.55339
195,0.2750,10838016,13601,0.00720,5.00e-04,0.2890,197.6337,0.70349,160.18955,0.60492,0.02459,0.92463,6.81520,0.88704,5.47960,0.00000,0.27608,0.58034,0.03356,0.43764,1.05794,294.26459,0.08333,0.00000,0.86154,8.06604,1.05794,0.00000,0.00000,0.37186,0.08333,0.00000,0.88976,0.94944,32.59975,0.98113,0.03774,0.84024,6.34077,0.91688,13.67188,0.00000,0.11295,0.94340,0.12676,0.38520,0.86263,58.77535,0.95000,0.00000,0.90728,6.45984,0.81923,10.09115,0.00000,0.21569,0.95000,0.00000,0.41775,0.28754,207.67253,0.55556,0.07407,0.96698,6.69048,1.15017,3.25521,0.00000,0.34086,0.48148,0.00000,0.07595,0.62934,98.97581,0.82143,0.03571,0.97175,6.41309,0.96029,4.88281,0.00000,0.29283,0.78571,0.07463,0.36350,0.43403,268.84928,0.23810,0.00000,1.00000,6.92097,0.41775,0.97656,0.00000,0.32228,0.23810,0.00000,0.49371
196,0.2761,10893312,13446,0.00449,5.00e-04,0.2889,240.9378,0.68902,162.28251,0.61454,0.03012,0.91514,6.68957,0.79933,4.72005,0.00000,0.25567,0.58442,0.03656,0.46387,0.94944,322.77204,0.00000,0.00000,0.80473,8.04805,0.91688,0.00000,0.00000,0.36345,0.00000,0.00000,0.81380,0.94401,28.41483,1.00000,0.11765,0.79221,6.44726,0.83550,11.71875,0.00000,0.08655,0.88235,0.11268,0.38520,0.88976,55.26382,0.97143,0.02857,0.94000,6.34944,0.81380,8.13802,0.00000,0.19470,0.94286,0.00000,0.45573,0.27669,193.41248,0.58824,0.00000,0.97861,6.83650,1.01454,1.95313,0.00000,0.31404,0.58824,0.00000,0.14648,0.55339,96.84413,0.82759,0.03448,0.97531,5.91354,0.87891,4.88281,0.00000,0.25926,0.79310,0.10667,0.40690,0.52083,276.98777,0.30000,0.00000,1.00000,6.54261,0.33637,1.62760,0.00000,0.31603,0.30000,0.00000,0.57509
197,0.2773,10948608,13161,0.00583,5.00e-04,0.2889,260.5097,0.66822,150.32490,0.67858,0.03144,0.90608,6.71119,0.83098,7.59549,0.00000,0.25975,0.64714,0.02081,0.42589,0.87348,307.51884,0.05882,0.00000,0.81928,8.08395,0.90061,0.00000,0.00000,0.36652,0.05882,0.00000,0.78668,0.86806,28.13259,0.98361,0.03279,0.76667,5.99304,0.81380,16.92708,0.00000,0.08436,0.95082,0.05556,0.29297,0.84093,46.88046,1.00000,0.07895,0.94012,6.29858,0.90603,10.41667,0.00000,0.18563,0.92105,0.00000,0.50456,0.28212,170.46931,0.74359,0.07692,0.95431,6.69141,1.06879,8.13802,0.00000,0.31750,0.66667,0.05263,0.10308,0.68359,84.03948,0.96970,0.00000,0.97059,6.23871,0.92231,8.46354,0.00000,0.29445,0.96970,0.01667,0.32552,0.46115,264.90869,0.31579,0.00000,0.98551,6.96141,0.37435,1.62760,0.00000,0.31006,0.31579,0.00000,0.54253
198,0.2785,11003904,13152,0.00432,5.00e-04,0.2888,205.7960,0.66189,142.99903,0.66636,0.00824,0.92874,6.79570,0.81471,6.45616,0.00000,0.26320,0.65812,0.02035,0.42589,0.90603,291.08305,0.09524,0.00000,0.88690,8.27119,0.91146,0.32552,0.00000,0.37936,0.09524,0.00000,0.74870,0.94401,34.54375,1.00000,0.02000,0.85417,6.54580,0.78125,12.36979,0.00000,0.09616,0.98000,0.03636,0.29839,0.81380,55.49060,0.95556,0.00000,0.92157,5.93578,0.83008,12.36979,0.00000,0.16337,0.95556,0.00000,0.46115,0.23872,136.99633,0.73077,0.00000,0.95238,6.80249,1.02539,5.53385,0.00000,0.32962,0.73077,0.00000,0.10308,0.64019,79.24593,0.85294,0.02941,0.97191,6.33724,0.96571,7.48698,0.00000,0.31219,0.82353,0.08571,0.37977,0.42860,260.63450,0.36364,0.00000,0.98551,6.88170,0.37435,0.65104,0.00000,0.29850,0.36364,0.00000,0.56424
199,0.2796,11059200,13345,0.00353,5.00e-04,0.2887,213.5987,0.67455,151.26811,0.66422,0.02109,0.93153,6.86791,0.85359,5.26259,0.00000,0.27357,0.64653,0.03250,0.45392,0.95486,324.87619,0.00000,0.00000,0.90710,8.29273,0.99284,0.00000,0.00000,0.37804,0.00000,0.00000,0.80295,0.96571,25.93515,0.95918,0.04082,0.85629,6.25594,0.90603,13.34635,0.00000,0.11352,0.93878,0.10169,0.32010,0.87891,36.33504,1.00000,0.08571,0.88966,6.46936,0.78668,8.13802,0.00000,0.17866,0.91429,0.00000,0.45030,0.20616,146.55701,0.76190,0.00000,0.98104,7.00421,1.14475,3.58073,0.00000,0.34920,0.76190,0.00000,0.13563,0.59679,92.58178,0.95652,0.00000,0.97207,6.32442,0.97114,5.53385,0.00000,0.31532,0.95652,0.09333,0.40690,0.44488,281.32347,0.30769,0.00000,0.98305,6.86083,0.32010,0.97656,0.00000,0.30668,0.30769,0.00000,0.60764
200,0.2808,11114496,13213,0.00680,5.00e-04,0.2886,190.9461,0.68359,159.54898,0.62928,0.03213,0.94151,6.76984,0.85449,5.91363,0.00000,0.27350,0.59715,0.02171,0.45754,0.99826,319.17816,0.08333,0.00000,0.89831,8.24563,0.96029,0.00000,0.00000,0.37705,0.08333,0.00000,0.85720,0.96029,25.58648,1.00000,0.03333,0.85443,6.30879,0.85720,13.34635,0.00000,0.09770,0.96667,0.07547,0.28754,0.82465,43.08038,0.97436,0.05128,0.94079,6.56604,0.82465,9.44010,0.00000,0.20903,0.92308,0.00000,0.48286,0.28212,200.50505,0.65385,0.07692,0.98086,6.70713,1.13390,4.23177,0.00000,0.34196,0.57692,0.00000,0.12478,0.58594,80.87478,0.90625,0.03125,0.98876,6.29921,0.96571,7.81250,0.00000,0.30072,0.87500,0.05479,0.39605,0.45030,288.06903,0.15789,0.00000,0.98592,6.49227,0.38520,0.65104,0.00000,0.31454,0.15789,0.00000,0.59679
201,0.2820,11169792,13318,0.00835,5.00e-04,0.2885,199.3597,0.70439,159.36243,0.60618,0.03886,0.93867,6.74848,0.84726,5.20833,0.00000,0.28199,0.56733,0.03115,0.48286,1.00369,297.87305,0.06250,0.06250,0.89888,8.27320,0.96571,0.00000,0.00000,0.39060,0.00000,0.00000,0.84635,0.85178,28.52956,0.97619,0.00000,0.83117,6.33390,0.83550,12.69531,0.00000,0.12151,0.97619,0.09231,0.35265,0.92231,42.98071,0.97143,0.14286,0.94340,6.19678,0.86263,8.46354,0.00000,0.19262,0.82857,0.00000,0.58594,0.21701,215.39321,0.52381,0.00000,0.97487,6.75780,1.07964,2.92969,0.00000,0.36071,0.52381,0.00000,0.11393,0.68359,88.04906,0.88889,0.02778,0.98370,6.19173,0.99826,6.83594,0.00000,0.31360,0.86111,0.09459,0.40148,0.54796,283.34898,0.21429,0.00000,1.00000,6.73749,0.34180,0.32552,0.00000,0.31287,0.21429,0.00000,0.59679
202,0.2832,11225088,13205,0.00743,5.00e-04,0.2884,208.1613,0.70258,151.46097,0.63004,0.01467,0.92151,6.83713,0.83189,5.37109,0.00000,0.28489,0.61537,0.02720,0.46387,1.03082,293.93577,0.06667,0.00000,0.91860,8.31601,0.93316,0.00000,0.00000,0.39292,0.06667,0.00000,0.86263,0.93859,19.01783,1.00000,0.04255,0.79870,6.17242,0.83550,11.71875,0.00000,0.10947,0.95745,0.09091,0.29839,0.83550,61.15984,0.88889,0.00000,0.90000,6.34332,0.86806,8.78906,0.00000,0.19339,0.88889,0.00000,0.47743,0.22786,135.47513,0.83333,0.00000,0.97653,6.84389,1.15560,6.18490,0.00000,0.37926,0.83333,0.00000,0.11936,0.66732,109.25577,0.80952,0.00000,0.97688,6.38181,0.93859,4.55729,0.00000,0.31309,0.80952,0.07229,0.45030,0.51541,289.92150,0.18182,0.04545,0.95833,6.96535,0.26042,0.97656,0.00000,0.32122,0.13636,0.00000,0.57509
203,0.2843,11280384,13267,0.01066,5.00e-04,0.2883,196.4490,0.67546,163.92767,0.62600,0.02440,0.94728,6.83036,0.85992,6.45616,0.00000,0.28839,0.60160,0.02555,0.48557,0.98199,315.09358,0.04348,0.04348,0.89266,8.25314,0.96029,0.00000,0.00000,0.40144,0.00000,0.00000,0.84093,0.91688,36.42865,0.98413,0.04762,0.85235,6.39346,0.80838,17.57812,0.00000,0.08940,0.93651,0.11290,0.33637,0.85178,66.52007,0.95000,0.02500,0.96875,6.49631,0.86806,9.76563,0.00000,0.21434,0.92500,0.00000,0.47743,0.22786,190.20453,0.64706,0.00000,0.98624,6.75779,1.18273,2.60417,0.00000,0.38728,0.64706,0.00000,0.10308,0.61306,85.28666,0.90909,0.03030,0.98370,6.28900,0.99826,7.81250,0.00000,0.31737,0.87879,0.04040,0.53711,0.46115,290.03252,0.22222,0.00000,1.00000,6.79246,0.34180,0.97656,0.00000,0.32051,0.22222,0.00000,0.61849
204,0.2855,11335680,13252,0.00591,5.00e-04,0.2882,202.2758,0.70439,161.54168,0.63364,0.00725,0.93702,6.82335,0.85630,4.77431,0.00000,0.29303,0.62640,0.02638,0.45482,1.08507,332.56587,0.00000,0.00000,0.89418,8.27064,1.02539,0.00000,0.00000,0.39929,0.00000,0.00000,0.94944,0.91146,21.73067,1.00000,0.04348,0.83648,6.09675,0.86263,12.04427,0.00000,0.11206,0.95652,0.08475,0.32010,0.91146,54.21949,0.96296,0.00000,0.94366,6.54469,0.77040,7.48698,0.00000,0.21747,0.96296,0.00000,0.43403,0.23872,215.77569,0.61111,0.00000,0.98148,6.86724,1.17188,3.25521,0.00000,0.39130,0.61111,0.00000,0.10308,0.69987,73.21893,0.95000,0.00000,0.96629,6.50589,0.96571,4.88281,0.00000,0.32367,0.95000,0.07353,0.36892,0.37977,271.73942,0.27778,0.00000,1.00000,6.65491,0.34180,0.97656,0.00000,0.31441,0.27778,0.00000,0.55339
205,0.2867,11390976,13214,0.00513,5.00e-04,0.2881,197.5377,0.65828,168.46477,0.61224,0.02083,0.93561,6.81590,0.80747,4.61155,0.00000,0.28413,0.59141,0.02661,0.45392,0.89518,339.72852,0.00000,0.00000,0.83529,8.31371,0.92231,0.00000,0.00000,0.38069,0.00000,0.00690,0.78668,0.95486,30.41396,0.94444,0.08333,0.86164,6.18054,0.86263,9.11458,0.00000,0.09343,0.86111,0.07463,0.36350,0.85178,63.17772,0.97143,0.00000,0.98026,6.44969,0.82465,8.78906,0.00000,0.22687,0.97143,0.00000,0.48828,0.27127,195.65601,0.75000,0.00000,0.97423,6.78318,1.05252,3.25521,0.00000,0.37340,0.75000,0.00000,0.09766,0.55339,77.99409,0.91667,0.04167,0.96226,6.30529,0.86263,5.85938,0.00000,0.30205,0.87500,0.07812,0.34722,0.42318,303.81831,0.09091,0.00000,1.00000,6.86299,0.32010,0.65104,0.00000,0.32837,0.09091,0.00000,0.64019
206,0.2878,11446272,13387,0.00634,5.00e-04,0.2880,208.3492,0.70982,165.69748,0.60948,0.03936,0.94363,6.90593,0.87710,5.31684,0.00000,0.29989,0.57012,0.01412,0.47653,0.92773,319.36084,0.13333,0.06667,0.89474,8.20524,1.03082,0.32552,0.00000,0.41048,0.06667,0.00000,0.85178,0.95486,20.18904,1.00000,0.04167,0.84524,6.43441,0.91146,12.69531,0.00000,0.12562,0.95833,0.07042,0.38520,0.88976,63.66365,1.00000,0.02439,0.93750,6.23715,0.95486,10.74219,0.00000,0.25130,0.97561,0.00000,0.50456,0.22786,194.64814,0.57143,0.00000,0.99043,7.13705,1.13390,3.25521,0.00000,0.37610,0.57143,0.00000,0.09766,0.71072,81.91479,0.89655,0.10345,0.99390,6.54748,0.88976,4.55729,0.00000,0.32116,0.79310,0.01429,0.37977,0.54796,314.40842,0.05556,0.00000,1.00000,6.87424,0.34180,0.32552,0.00000,0.31470,0.05556,0.00000,0.64019
207,0.2890,11501568,13374,0.00585,5.00e-04,0.2879,207.5756,0.67184,158.59115,0.64672,0.02590,0.94239,6.85175,0.86715,5.96788,0.00000,0.29408,0.62082,0.01011,0.47291,1.10135,283.76646,0.10000,0.00000,0.89899,8.23643,1.07422,0.00000,0.00000,0.41136,0.10000,0.00000,0.94401,0.84635,34.54979,1.00000,0.01695,0.83929,6.04592,0.91146,17.25260,0.00000,0.12083,0.98305,0.02941,0.36892,0.91688,66.08880,0.92593,0.00000,0.94969,6.49753,0.86263,6.18490,0.00000,0.24068,0.92593,0.00000,0.49371,0.15191,193.32627,0.69231,0.03846,0.99005,7.12096,1.09049,4.55729,0.00000,0.37237,0.65385,0.00000,0.07053,0.60221,119.32189,0.86207,0.00000,0.97633,6.31540,0.91688,7.16146,0.00000,0.31957,0.86207,0.03125,0.34722,0.41233,254.49370,0.30000,0.10000,1.00000,6.89423,0.34722,0.65104,0.00000,0.29968,0.20000,0.00000,0.61306
208,0.2901,11556864,13377,0.00677,5.00e-04,0.2878,198.3864,0.67546,164.83300,0.64307,0.01959,0.93494,6.87039,0.85178,5.75087,0.00000,0.29418,0.62349,0.01005,0.43493,1.04709,322.13385,0.08333,0.00000,0.87432,8.24096,0.99284,0.00000,0.00000,0.41136,0.08333,0.00000,0.86263,0.87891,38.69530,0.96610,0.05085,0.84000,6.08981,0.81380,15.95052,0.00000,0.09886,0.91525,0.01923,0.28212,0.94944,66.88206,0.93750,0.00000,0.94611,6.53572,0.90603,8.78906,0.00000,0.24910,0.93750,0.00000,0.50456,0.16276,179.95854,0.73333,0.06667,0.98537,7.00707,1.11220,1.95313,0.00000,0.38391,0.66667,0.00000,0.08138,0.52083,112.50799,0.87500,0.00000,0.99415,6.49969,0.92773,7.16146,0.00000,0.31221,0.87500,0.04110,0.39605,0.49371,268.82026,0.26316,0.00000,0.96970,6.84909,0.35807,0.65104,0.00000,0.30960,0.26316,0.00000,0.48286
209,0.2913,11612160,13201,0.00531,5.00e-04,0.2877,205.7929,0.64923,166.70771,0.58394,0.03739,0.93234,6.78199,0.87529,4.44878,0.00000,0.28665,0.54655,0.01168,0.46025,0.86806,330.96954,0.00000,0.00000,0.84302,8.00294,0.93316,0.00000,0.00000,0.39567,0.00000,0.00000,0.83550,0.98741,36.03381,0.93182,0.04545,0.86624,6.30888,0.85178,11.39323,0.00000,0.10707,0.88636,0.02899,0.37435,0.82465,34.75607,0.92593,0.00000,0.92697,6.24699,0.96571,7.48698,0.00000,0.22159,0.92593,0.00000,0.48828,0.26042,214.52582,0.52941,0.05882,0.96916,6.92913,1.23155,0.97656,0.00000,0.38754,0.47059,0.00000,0.08681,0.59136,109.77903,0.83871,0.06452,0.98864,6.65897,0.95486,5.53385,0.00000,0.29435,0.77419,0.04110,0.39605,0.36350,274.18197,0.27778,0.05556,1.00000,6.54502,0.31467,1.30208,0.00000,0.31371,0.22222,0.00000,0.58051
210,0.2925,11667456,13364,0.00581,5.00e-04,0.2875,193.2840,0.71162,163.87492,0.62458,0.00721,0.93265,6.75090,0.85449,5.58811,0.00000,0.28728,0.61737,0.02168,0.47653,1.05252,325.63275,0.00000,0.00000,0.89637,8.21926,1.04709,0.00000,0.00000,0.41241,0.00000,0.00000,0.88433,0.87891,30.67533,1.00000,0.02000,0.85000,6.22569,0.86806,12.36979,0.00000,0.10686,0.98000,0.07812,0.34722,0.80838,70.49674,0.97674,0.02326,0.91975,6.24787,0.87891,11.06771,0.00000,0.22311,0.95349,0.00000,0.47743,0.26042,182.25005,0.70000,0.00000,0.98140,7.00278,1.16645,3.58073,0.00000,0.37721,0.70000,0.00000,0.07595,0.69444,72.87048,0.88889,0.00000,0.94839,5.97610,0.84093,5.85938,0.00000,0.27618,0.88889,0.05195,0.41775,0.57509,301.32417,0.18182,0.00000,1.00000,6.83368,0.32552,0.65104,0.00000,0.32791,0.18182,0.00000,0.65647
211,0.2936,11722752,13272,0.00666,5.00e-04,0.2874,194.7352,0.70077,172.10558,0.60284,0.03401,0.92162,6.94279,0.83550,6.13064,0.00000,0.28854,0.56884,0.03176,0.47201,1.03624,337.72513,0.00000,0.00000,0.83598,8.20307,1.02539,0.00000,0.00000,0.40352,0.00000,0.00000,0.81923,1.00369,31.44097,0.98000,0.02000,0.81646,6.39492,0.85720,12.69531,0.00000,0.11155,0.96000,0.10169,0.32010,0.90061,66.56198,0.94737,0.02632,0.93571,6.65894,0.75955,10.41667,0.00000,0.20441,0.92105,0.00000,0.49913,0.18446,231.00669,0.53846,0.00000,0.97585,7.14888,1.12305,3.90625,0.00000,0.38037,0.53846,0.00000,0.10851,0.62391,94.21655,0.95122,0.02439,0.96571,6.58195,0.94944,9.76563,0.00000,0.31732,0.92683,0.08889,0.48828,0.45573,271.68218,0.20000,0.13333,1.00000,6.66896,0.29839,0.00000,0.00000,0.31405,0.06667,0.00000,0.59679
212,0.2948,11778048,13561,0.00686,5.00e-04,0.2873,185.8205,0.66551,156.94415,0.65003,0.02750,0.92927,6.86949,0.87710,6.51042,0.00000,0.29632,0.62253,0.01843,0.44217,1.00369,293.07706,0.12500,0.00000,0.85052,8.16634,1.05252,0.00000,0.00000,0.40836,0.12500,0.00000,0.85178,0.89518,22.22727,1.00000,0.09091,0.87975,6.49953,0.85720,14.32292,0.00000,0.12875,0.90909,0.06122,0.26584,0.88976,86.24988,0.90244,0.00000,0.91772,6.33022,0.85720,10.09115,0.00000,0.22975,0.90244,0.00000,0.42860,0.17904,168.82187,0.66667,0.07407,0.98544,7.03302,1.11762,4.88281,0.00000,0.37512,0.59259,0.00000,0.08138,0.51541,87.21071,0.93333,0.00000,0.95833,6.31163,1.04167,8.78906,0.00000,0.31703,0.93333,0.04938,0.43945,0.50998,284.07808,0.27273,0.00000,0.98387,6.87618,0.33637,0.97656,0.00000,0.31889,0.27273,0.00000,0.58594
213,0.2959,11833344,13678,0.00617,5.00e-04,0.2872,194.2217,0.67546,162.25712,0.64632,0.03365,0.93309,6.85877,0.89518,5.37109,0.00000,0.29754,0.61267,0.01940,0.45121,1.03624,311.88438,0.08333,0.08333,0.87432,8.16512,0.99284,0.00000,0.00000,0.41050,0.00000,0.00000,0.80295,0.90061,28.45742,0.98039,0.05882,0.85976,6.36695,0.88976,12.69531,0.00000,0.13614,0.92157,0.05063,0.42860,0.83008,80.52143,0.84848,0.03030,0.93125,6.44636,0.86806,6.83594,0.00000,0.20694,0.81818,0.00000,0.40690,0.17361,197.34327,0.75000,0.00000,0.97458,6.91241,1.28038,3.90625,0.00000,0.38558,0.75000,0.00000,0.07595,0.60221,100.19299,0.88235,0.02941,0.98895,6.45390,0.98199,8.13802,0.00000,0.32066,0.85294,0.06579,0.41233,0.50998,255.14323,0.33333,0.00000,0.96970,6.80787,0.35807,0.65104,0.00000,0.32545,0.33333,0.00000,0.58051
214,0.2971,11888640,13632,0.00745,5.00e-04,0.2870,213.7684,0.67003,163.28359,0.62654,0.01931,0.93029,6.81382,0.82827,5.75087,0.00000,0.29472,0.60723,0.02227,0.46206,0.98199,333.32201,0.00000,0.00000,0.88372,8.17838,0.93316,0.00000,0.00000,0.40435,0.00000,0.00000,0.85178,0.93859,42.24869,0.93023,0.02326,0.85535,6.13394,0.86263,10.74219,0.00000,0.11127,0.90698,0.05952,0.45573,0.73242,73.78192,0.88000,0.04000,0.92086,6.66942,0.75412,10.74219,0.00000,0.21732,0.84000,0.00000,0.37435,0.24957,177.02247,0.78947,0.00000,0.96907,6.86965,1.05252,3.90625,0.00000,0.36642,0.78947,0.00000,0.05968,0.64562,92.12983,0.84375,0.00000,0.96721,6.30526,0.99284,8.13802,0.00000,0.33149,0.84375,0.07407,0.43945,0.47201,261.19662,0.31579,0.05263,0.98551,6.72627,0.37435,0.97656,0.00000,0.33746,0.26316,0.00000,0.59136
215,0.2982,11943936,13630,0.00684,5.00e-04,0.2869,225.4713,0.67093,166.66744,0.61446,0.00889,0.94424,6.81890,0.85088,5.96788,0.00000,0.29912,0.60557,0.01874,0.43584,1.02539,340.53290,0.00000,0.00000,0.90608,8.10206,0.98199,0.00000,0.00000,0.40143,0.00000,0.00000,0.90061,0.96029,30.18097,0.98000,0.02000,0.88199,6.43196,0.87348,15.29948,0.00000,0.11813,0.96000,0.09836,0.33095,0.79210,54.59269,0.96970,0.00000,0.93038,6.36968,0.85720,9.44010,0.00000,0.23215,0.96970,0.00000,0.43945,0.22244,182.17495,0.70370,0.00000,0.97409,6.84085,1.04709,4.88281,0.00000,0.36242,0.70370,0.00000,0.07053,0.59679,107.19102,0.83333,0.03333,0.98930,6.43127,1.01454,5.53385,0.00000,0.33336,0.80000,0.01408,0.38520,0.42860,285.33208,0.20000,0.00000,0.98361,6.73759,0.33095,0.65104,0.00000,0.34723,0.20000,0.00000,0.48828
216,0.2993,11999232,13685,0.00636,5.00e-04,0.2868,195.7536,0.68721,163.31620,0.62100,0.02966,0.91690,6.79429,0.87167,5.53385,0.00000,0.29012,0.59134,0.03484,0.43312,1.01454,339.20480,0.00000,0.00000,0.88144,8.23493,1.05252,0.00000,0.00000,0.42142,0.00000,0.00000,0.88433,0.87891,26.89172,0.97872,0.04255,0.80282,6.25172,0.77040,12.36979,0.00000,0.10042,0.93617,0.10169,0.32010,0.88976,65.84952,0.91429,0.05714,0.89412,6.20540,0.92231,9.11458,0.00000,0.19281,0.85714,0.00000,0.39605,0.23872,168.21000,0.73684,0.05263,0.97209,6.93345,1.16645,2.60417,0.00000,0.37601,0.68421,0.00000,0.07053,0.64019,100.67744,0.84615,0.02564,0.96610,6.16660,0.96029,7.81250,0.00000,0.30536,0.82051,0.09722,0.39062,0.46115,279.06372,0.25000,0.00000,0.98485,6.97365,0.35807,1.30208,0.00000,0.34471,0.25000,0.01010,0.53711
217,0.3005,12054528,13618,0.00622,5.00e-04,0.2867,214.9842,0.67184,169.30627,0.59231,0.04093,0.92044,6.83750,0.84907,6.94444,0.00000,0.29154,0.55137,0.03417,0.43764,0.92773,343.17075,0.00000,0.00000,0.86243,8.20007,1.02539,0.00000,0.00000,0.40120,0.00000,0.00000,0.83550,1.05794,35.75216,1.00000,0.04478,0.86275,6.44768,0.83008,19.53125,0.00000,0.12718,0.95522,0.15094,0.28754,0.74327,54.67755,0.95745,0.10638,0.92517,6.47507,0.79753,10.41667,0.00000,0.19541,0.85106,0.00000,0.42860,0.21701,180.74241,0.65000,0.05000,0.95946,6.88498,1.20443,3.25521,0.00000,0.38012,0.60000,0.00000,0.08681,0.50456,114.66519,0.71111,0.04444,0.95570,6.35963,0.85720,7.16146,0.00000,0.31032,0.66667,0.05405,0.40148,0.58051,286.82956,0.23529,0.00000,0.95714,6.65758,0.37977,1.30208,0.00000,0.33503,0.23529,0.00000,0.58594
218,0.3016,12109824,13700,0.00520,5.00e-04,0.2867,202.2751,0.68269,166.36375,0.62095,0.02275,0.91332,6.79464,0.82917,5.31684,0.00000,0.29727,0.59820,0.02969,0.45663,0.96029,312.59826,0.09091,0.00000,0.83616,8.11306,0.96029,0.00000,0.00000,0.39727,0.09091,0.00000,0.85178,1.00911,31.38386,0.96364,0.05455,0.81935,6.26346,0.84093,12.69531,0.00000,0.14831,0.90909,0.11864,0.32010,0.83550,62.84462,0.93750,0.00000,0.91156,6.46714,0.79753,8.46354,0.00000,0.20531,0.93750,0.00000,0.38520,0.22244,186.09818,0.73077,0.03846,0.95500,6.81052,1.08507,5.20833,0.00000,0.37450,0.69231,0.00000,0.11393,0.55881,98.90859,0.86957,0.04348,0.95783,6.20971,0.90061,5.20833,0.00000,0.32086,0.82609,0.05952,0.45573,0.50998,306.34902,0.13333,0.00000,1.00000,6.90392,0.39062,0.32552,0.00000,0.33739,0.13333,0.00000,0.61306
219,0.3027,12165120,13785,0.00520,5.00e-04,0.2866,215.0174,0.67093,166.10775,0.58943,0.02361,0.92963,6.78335,0.82917,5.69661,0.00000,0.29485,0.56582,0.02494,0.44397,0.97114,337.07676,0.00000,0.00000,0.86154,8.05190,1.05794,0.00000,0.00000,0.41297,0.00000,0.00000,0.86263,1.05252,33.67863,1.00000,0.06667,0.81633,6.23774,0.79753,13.02083,0.00000,0.11030,0.93333,0.10909,0.29839,0.81380,49.05771,0.95000,0.07500,0.98485,6.51914,0.71615,9.44010,0.00000,0.20770,0.87500,0.00000,0.37977,0.21159,166.43137,0.72727,0.00000,0.98104,6.84817,1.14475,4.23177,0.00000,0.38130,0.72727,0.00000,0.09766,0.54796,97.22277,0.78788,0.00000,0.96341,6.38727,0.88976,7.48698,0.00000,0.31505,0.78788,0.04054,0.40148,0.42860,313.17923,0.07143,0.00000,0.97059,6.65587,0.36892,0.00000,0.00000,0.34179,0.07143,0.00000,0.62391
220,0.3038,12220416,13730,0.00645,5.00e-04,0.2864,191.0647,0.68811,164.74647,0.62793,0.04815,0.92457,6.78996,0.82465,5.64236,0.00000,0.29799,0.57978,0.01704,0.47833,1.07422,310.70688,0.07692,0.07692,0.88660,8.04538,1.05252,0.00000,0.00000,0.40277,0.00000,0.00000,0.91146,0.88433,27.19000,0.98113,0.09434,0.79618,6.24248,0.85178,12.69531,0.00000,0.13080,0.88679,0.08955,0.36350,0.85178,58.22696,1.00000,0.11765,0.94872,6.47984,0.84635,8.78906,0.00000,0.22801,0.88235,0.00000,0.40148,0.22786,195.65386,0.71429,0.00000,0.97368,6.93328,1.03082,4.55729,0.00000,0.37614,0.71429,0.00000,0.09223,0.65647,89.34233,0.90000,0.00000,0.97351,6.29682,0.81923,7.16146,0.00000,0.30373,0.90000,0.01266,0.42860,0.43403,307.35877,0.09524,0.00000,0.96875,6.74193,0.34722,0.65104,0.00000,0.34648,0.09524,0.00000,0.67274
221,0.3050,12275712,13606,0.00674,5.00e-04,0.2863,177.7749,0.63567,174.68698,0.56586,0.01747,0.93903,6.79783,0.83641,5.64236,0.00000,0.30688,0.54838,0.01087,0.48014,0.93859,342.39687,0.00000,0.00000,0.87097,8.20367,1.00911,0.00000,0.00000,0.41458,0.00000,0.00000,0.86263,0.84093,26.72019,1.00000,0.01852,0.84868,6.36978,0.82465,14.32292,0.00000,0.17372,0.98148,0.04054,0.40148,0.83008,66.43813,0.85714,0.02381,0.96622,6.48882,0.80295,9.44010,0.00000,0.21652,0.83333,0.00000,0.48286,0.20074,183.00331,0.56250,0.06250,0.97030,6.87477,1.09592,1.62760,0.00000,0.37833,0.50000,0.00000,0.11393,0.55881,94.24495,0.91667,0.00000,0.97802,6.35960,0.98741,8.13802,0.00000,0.32657,0.91667,0.02469,0.43945,0.44488,335.31845,0.05882,0.00000,1.00000,6.49034,0.29839,0.32552,0.00000,0.33159,0.05882,0.00000,0.58051
222,0.3061,12331008,13576,0.00621,5.00e-04,0.2861,175.8620,0.70168,178.16779,0.56939,0.01614,0.95000,6.86527,0.82194,5.31684,0.00000,0.31064,0.55881,0.02197,0.43312,1.08507,338.64030,0.00000,0.00000,0.89617,8.27320,0.99284,0.00000,0.00000,0.41937,0.00000,0.00000,0.83008,0.99284,29.72917,1.00000,0.00000,0.91216,6.56268,0.80295,13.67188,0.00000,0.17174,1.00000,0.08475,0.32010,0.78125,58.87847,0.96774,0.03226,0.93168,6.31493,0.87348,8.13802,0.00000,0.23041,0.93548,0.00000,0.39062,0.21159,261.72205,0.40000,0.03333,0.98942,6.94293,1.02539,2.92969,0.00000,0.36953,0.40000,0.00000,0.07053,0.59679,75.81189,0.93750,0.03125,0.97059,6.33741,0.92231,6.51042,0.00000,0.32458,0.90625,0.04706,0.46115,0.54253,304.22485,0.11111,0.00000,1.00000,6.76047,0.31467,0.65104,0.00000,0.34823,0.11111,0.00000,0.52626
223,0.3072,12386304,13821,0.00506,5.00e-04,0.2860,201.6980,0.68450,173.79244,0.59590,0.03036,0.92047,6.85222,0.85720,5.47960,0.00000,0.29986,0.56554,0.01817,0.46206,0.91688,343.04241,0.00000,0.00000,0.85556,8.25138,0.97656,0.00000,0.00000,0.41492,0.00000,0.00000,0.83008,1.02539,35.75012,0.97619,0.02381,0.78824,6.11589,0.92231,10.74219,0.00000,0.12043,0.95238,0.06250,0.34722,0.83550,76.40428,0.85000,0.07500,0.91946,6.43419,0.80838,9.11458,0.00000,0.23601,0.77500,0.00000,0.43945,0.27669,223.80104,0.57143,0.00000,0.97059,6.82910,1.10677,2.60417,0.00000,0.35967,0.57143,0.00000,0.09223,0.52626,105.68239,0.84444,0.00000,0.98895,6.52426,0.98199,9.76563,0.00000,0.32481,0.84444,0.04651,0.46658,0.52626,258.07438,0.33333,0.08333,1.00000,6.95852,0.34722,0.65104,0.00000,0.34331,0.25000,0.00000,0.59679
224,0.3084,12441600,13706,0.00502,5.00e-04,0.2859,180.0830,0.65828,157.31378,0.63951,0.03688,0.92705,6.85332,0.85811,6.07639,0.00000,0.30377,0.60263,0.02069,0.46115,0.90603,336.84525,0.00000,0.00000,0.89560,8.27982,0.98741,0.00000,0.00000,0.42034,0.00000,0.00000,0.80295,0.87348,30.85907,0.98039,0.07843,0.77698,6.14332,0.75412,13.02083,0.00000,0.08983,0.90196,0.07353,0.36892,0.85178,64.82469,0.86486,0.00000,0.93210,6.56683,0.87891,9.11458,0.00000,0.24003,0.86486,0.00000,0.43945,0.26042,175.63542,0.66667,0.14286,0.98558,6.88464,1.12847,3.25521,0.00000,0.39210,0.52381,0.00000,0.12478,0.52626,72.53510,0.97222,0.00000,0.97207,6.27123,0.97114,9.11458,0.00000,0.33092,0.97222,0.05063,0.42860,0.53168,263.18316,0.35294,0.00000,1.00000,6.97408,0.42860,1.95313,0.00000,0.34937,0.35294,0.00000,0.60221
225,0.3095,12496896,13615,0.00528,5.00e-04,0.2858,193.6762,0.72067,177.95146,0.57339,0.00901,0.92326,6.78409,0.89609,5.91363,0.00000,0.31132,0.56438,0.02474,0.50637,1.09049,341.99373,0.00000,0.00000,0.83575,8.09542,1.12305,0.00000,0.00000,0.41080,0.00000,0.00000,1.01997,0.89518,33.12430,1.00000,0.00000,0.83108,6.39703,0.80295,18.22917,0.00000,0.13899,1.00000,0.09524,0.34180,0.90603,78.51283,0.86486,0.05405,0.92814,6.33173,0.90603,8.46354,0.00000,0.23108,0.81081,0.00000,0.45573,0.26584,185.25544,0.60000,0.00000,0.98104,6.80799,1.14475,2.60417,0.00000,0.40154,0.60000,0.00000,0.11393,0.61306,100.24380,0.91667,0.00000,0.96354,6.27892,1.04167,6.18490,0.00000,0.33632,0.91667,0.05319,0.50998,0.55339,328.57867,0.05882,0.00000,1.00000,6.79342,0.35807,0.00000,0.00000,0.34922,0.05882,0.00000,0.59679
226,0.3106,12552192,13644,0.00541,5.00e-04,0.2857,212.0837,0.69264,177.90863,0.59215,0.04009,0.91632,6.82636,0.80566,5.15408,0.00000,0.31017,0.55206,0.01834,0.46929,1.05252,334.23805,0.05882,0.00000,0.84530,8.11298,0.98199,0.32552,0.00000,0.41767,0.05882,0.00645,0.84093,0.96029,41.48178,0.98246,0.03509,0.81879,6.56962,0.80838,14.97396,0.00000,0.14885,0.94737,0.06061,0.35807,0.80838,57.10582,0.96970,0.03030,0.91241,6.24630,0.74327,8.78906,0.00000,0.23799,0.93939,0.00000,0.45573,0.25499,244.58457,0.46154,0.07692,0.99479,7.02325,1.04167,1.30208,0.00000,0.38182,0.38462,0.00000,0.05425,0.60221,97.61701,0.89286,0.03571,0.98324,6.14264,0.97114,5.53385,0.00000,0.33560,0.85714,0.04301,0.50456,0.47743,292.42456,0.18750,0.06250,0.94340,6.86336,0.28754,0.00000,0.00000,0.33909,0.12500,0.00000,0.60221
227,0.3118,12607488,13719,0.00579,5.00e-04,0.2856,196.1681,0.74870,164.62136,0.63847,0.01427,0.94042,6.78145,0.90242,5.91363,0.00000,0.32389,0.62420,0.03778,0.48828,1.20443,349.63682,0.00000,0.00000,0.87963,8.20683,1.17188,0.00000,0.00000,0.44752,0.00000,0.00000,1.01454,1.05252,29.37988,0.97959,0.06122,0.86550,6.24300,0.92773,12.69531,0.00000,0.16601,0.91837,0.16418,0.36350,0.91688,59.14106,0.92683,0.02439,0.93452,6.44369,0.91146,9.44010,0.00000,0.25462,0.90244,0.00000,0.47201,0.23872,174.99640,0.69697,0.00000,0.98571,6.80498,1.13932,5.53385,0.00000,0.38759,0.69697,0.00000,0.09223,0.61306,88.86237,0.92308,0.00000,0.97714,6.20333,0.94944,5.85938,0.00000,0.33905,0.92308,0.06250,0.43403,0.46658,285.71162,0.30435,0.00000,1.00000,6.78685,0.31467,1.95313,0.00000,0.34857,0.30435,0.00000,0.55339
228,0.3129,12662784,13803,0.00631,5.00e-04,0.2854,174.8484,0.71795,166.18137,0.61873,0.02249,0.92001,6.80758,0.86715,5.04557,0.00000,0.31841,0.59623,0.00972,0.48738,1.07964,349.23695,0.00000,0.00000,0.87817,8.18110,1.06879,0.00000,0.00000,0.43367,0.00000,0.00000,0.91146,1.00369,13.07550,1.00000,0.06667,0.80723,6.14429,0.90061,12.04427,0.00000,0.15271,0.93333,0.03333,0.32552,0.78668,62.23716,0.90625,0.03125,0.91304,6.49933,0.87348,6.83594,0.00000,0.24317,0.87500,0.00000,0.50456,0.20074,186.50854,0.66667,0.00000,0.95545,6.84284,1.09592,4.23177,0.00000,0.38120,0.66667,0.00000,0.08138,0.69444,83.17282,0.96296,0.03704,0.98256,6.34872,0.93316,6.51042,0.00000,0.34135,0.92593,0.02500,0.43403,0.54253,302.85722,0.17647,0.00000,0.98361,6.82922,0.33095,0.65104,0.00000,0.35833,0.17647,0.00000,0.66732
229,0.3140,12718080,13740,0.00510,5.00e-04,0.2853,182.2317,0.69083,169.70658,0.62812,0.00273,0.92982,6.81203,0.88343,6.34766,0.00000,0.31747,0.62539,0.02067,0.47381,0.93859,337.05764,0.00000,0.00000,0.86932,8.19418,0.95486,0.00000,0.00000,0.43049,0.00000,0.00000,0.83550,0.86806,36.20700,1.00000,0.01639,0.82778,6.23734,0.97656,18.22917,0.00000,0.16625,0.98361,0.05660,0.28754,0.91146,60.34805,0.96875,0.00000,0.94578,6.51646,0.90061,9.11458,0.00000,0.24851,0.96875,0.00000,0.52083,0.24957,221.14644,0.60000,0.00000,0.99048,6.94926,1.13932,3.58073,0.00000,0.39219,0.60000,0.00000,0.07053,0.58594,67.48664,1.00000,0.00000,0.96196,6.14683,0.99826,6.83594,0.00000,0.32756,1.00000,0.06742,0.48286,0.59136,295.99372,0.20000,0.00000,0.98361,6.82810,0.33095,0.32552,0.00000,0.33983,0.20000,0.00000,0.64562
230,0.3151,12773376,13791,0.00563,5.00e-04,0.2852,175.4011,0.70891,169.88697,0.61225,0.03466,0.92473,6.74730,0.89880,6.40191,0.00000,0.31274,0.57759,0.02221,0.49280,1.07964,336.37221,0.00000,0.00000,0.88636,8.22206,1.19358,0.00000,0.00000,0.44493,0.00000,0.00000,1.01997,0.94401,27.81382,1.00000,0.05357,0.77707,6.07195,0.85178,15.95052,0.00000,0.12031,0.94643,0.10294,0.36892,0.88976,57.90757,1.00000,0.00000,0.93252,6.20561,0.88433,11.71875,0.00000,0.23078,1.00000,0.00000,0.45573,0.19531,168.67075,0.75000,0.12500,0.99519,6.76956,1.12847,3.25521,0.00000,0.39796,0.62500,0.00000,0.09766,0.53711,105.34376,0.82353,0.02941,0.97175,6.45293,0.96029,7.16146,0.00000,0.33093,0.79412,0.03030,0.35807,0.60764,323.21372,0.10000,0.00000,0.98551,6.76170,0.37435,0.32552,0.00000,0.35154,0.10000,0.00000,0.65647
231,0.3163,12828672,13704,0.00713,5.00e-04,0.2850,177.2110,0.70349,178.34448,0.58592,0.02185,0.93893,6.83295,0.81923,6.23915,0.00000,0.31502,0.56407,0.03019,0.46115,1.01997,328.13635,0.06250,0.00000,0.87166,8.13221,1.01454,0.00000,0.00000,0.42407,0.06250,0.00000,0.86263,0.97114,33.42941,0.98039,0.03922,0.88889,6.61326,0.78125,13.99740,0.00000,0.14937,0.94118,0.06667,0.32552,0.89518,66.77150,0.95455,0.00000,0.93377,6.19785,0.81923,12.69531,0.00000,0.22046,0.95455,0.00000,0.46115,0.24414,218.99229,0.50000,0.06250,0.98030,6.98882,1.10135,1.30208,0.00000,0.41797,0.43750,0.06250,0.08681,0.58594,94.02792,0.94118,0.02941,0.97436,6.12827,0.84635,9.11458,0.00000,0.32855,0.91176,0.05195,0.41775,0.50456,328.70940,0.07692,0.00000,0.98462,6.93730,0.35265,0.32552,0.00000,0.34971,0.07692,0.00000,0.61306
232,0.3174,12883968,13725,0.00648,5.00e-04,0.2849,198.8510,0.67003,157.88322,0.65016,0.03671,0.93618,6.89101,0.86534,6.23915,0.00000,0.31967,0.61344,0.01396,0.45302,1.10677,306.98136,0.09091,0.09091,0.88670,8.14729,1.10135,0.00000,0.00000,0.43531,0.00000,0.00000,0.93859,0.98741,23.09210,0.97778,0.02222,0.85065,6.49071,0.83550,12.69531,0.00000,0.16091,0.95556,0.06944,0.39062,0.70530,59.28520,0.97619,0.02381,0.93960,6.53025,0.80838,10.74219,0.00000,0.22565,0.95238,0.00000,0.35807,0.18989,202.11576,0.66667,0.00000,0.97630,6.85473,1.14475,4.55729,0.00000,0.41346,0.66667,0.00000,0.08138,0.56424,78.88192,0.93939,0.00000,0.96386,6.29749,0.90061,8.78906,0.00000,0.32605,0.93939,0.01429,0.37977,0.46658,276.94299,0.25000,0.08333,1.00000,7.02559,0.40148,0.65104,0.00000,0.35662,0.16667,0.00000,0.56966
233,0.3185,12939264,13862,0.00552,5.00e-04,0.2848,186.3018,0.64471,178.69700,0.60995,0.03161,0.94499,6.78679,0.83460,6.13064,0.00000,0.31506,0.57834,0.01872,0.46477,1.02539,318.54616,0.07692,0.07692,0.87709,8.13773,0.97114,0.00000,0.00000,0.42183,0.00000,0.00000,0.93859,0.82465,32.28410,1.00000,0.07018,0.86792,6.14843,0.86263,15.29948,0.00000,0.14591,0.92982,0.05263,0.30924,0.76497,76.08044,0.91489,0.04255,0.96129,6.31165,0.84093,12.36979,0.00000,0.20976,0.87234,0.00000,0.45573,0.20074,213.64171,0.64286,0.00000,0.98058,7.00167,1.11762,2.60417,0.00000,0.40710,0.64286,0.00000,0.06510,0.58051,94.86504,0.90000,0.00000,0.98305,6.18592,0.96029,6.18490,0.00000,0.34782,0.90000,0.05970,0.36350,0.47201,336.76453,0.12500,0.00000,1.00000,6.93535,0.25499,0.32552,0.00000,0.35794,0.12500,0.00000,0.65647
234,0.3196,12994560,13775,0.00687,5.00e-04,0.2847,192.5626,0.67636,170.34898,0.60471,0.00758,0.92927,6.84589,0.87167,5.53385,0.00000,0.32572,0.59714,0.03708,0.48828,1.07422,340.24832,0.00000,0.00000,0.87065,8.23345,1.09049,0.00000,0.00000,0.45559,0.00000,0.00000,0.89518,0.87348,41.05150,0.98039,0.00000,0.82390,6.30894,0.86263,14.97396,0.00000,0.14777,0.98039,0.11429,0.37977,0.80295,59.22864,0.95455,0.04545,0.92810,6.24304,0.83008,10.74219,0.00000,0.23556,0.90909,0.00000,0.49371,0.24414,177.52535,0.66667,0.00000,0.99020,7.03924,1.10677,2.60417,0.00000,0.40522,0.66667,0.05556,0.09766,0.58051,70.93145,0.96000,0.00000,0.96277,6.21175,1.01997,4.88281,0.00000,0.34735,0.96000,0.05263,0.41233,0.48286,333.10863,0.06667,0.00000,1.00000,7.03895,0.32010,0.00000,0.00000,0.36285,0.06667,0.00000,0.65104
235,0.3208,13049856,13714,0.00932,5.00e-04,0.2845,175.6021,0.68359,180.86906,0.57384,0.00794,0.93929,6.88051,0.84274,6.56467,0.00000,0.32470,0.56590,0.02339,0.49190,1.00911,341.96903,0.00000,0.00000,0.88205,8.27128,1.05794,0.00000,0.00000,0.44587,0.00000,0.00000,0.94944,0.92773,23.63019,1.00000,0.00000,0.85714,6.48749,0.87348,15.62500,0.00000,0.17635,1.00000,0.07937,0.34180,0.79753,63.28775,0.95556,0.00000,0.94074,6.58623,0.73242,11.71875,0.00000,0.24025,0.95556,0.00000,0.43945,0.24414,215.74965,0.57143,0.04762,0.98020,6.84324,1.09592,2.60417,0.00000,0.39800,0.52381,0.00000,0.11936,0.57509,109.45490,0.86842,0.00000,0.97561,6.21313,0.88976,9.11458,0.00000,0.32111,0.86842,0.06098,0.44488,0.54796,331.12286,0.04762,0.00000,1.00000,6.88166,0.40690,0.32552,0.00000,0.36664,0.04762,0.00000,0.65647
236,0.3219,13105152,13608,0.00705,5.00e-04,0.2843,180.6124,0.65647,173.26874,0.61181,0.02453,0.93966,6.86703,0.79662,5.53385,0.00000,0.31193,0.58729,0.01938,0.45121,0.83550,349.92693,0.00000,0.00000,0.91071,8.11904,0.91146,0.00000,0.00000,0.42623,0.00000,0.00000,0.71615,0.79753,34.46405,0.98438,0.06250,0.81013,6.31823,0.85720,17.57812,0.00000,0.15008,0.92188,0.05455,0.29839,0.86263,62.57499,0.88889,0.03704,0.93421,6.42731,0.82465,6.18490,0.00000,0.24383,0.85185,0.00000,0.49371,0.27669,218.19820,0.57143,0.04762,0.98953,6.80793,1.03624,2.27865,0.00000,0.39517,0.52381,0.00000,0.08681,0.63477,94.30309,0.89286,0.00000,0.99338,6.47521,0.81923,5.85938,0.00000,0.29806,0.89286,0.06173,0.43945,0.53168,280.14521,0.33333,0.00000,1.00000,7.05445,0.33095,1.30208,0.00000,0.35817,0.33333,0.00000,0.67274
237,0.3231,13160448,13545,0.00619,5.00e-04,0.2842,191.4060,0.67907,166.75195,0.62967,0.02736,0.92684,6.83444,0.82465,6.51042,0.00000,0.30931,0.60231,0.02190,0.45844,0.97656,341.02515,0.00000,0.00000,0.89840,8.25910,1.01454,0.00000,0.00000,0.43181,0.00000,0.00000,0.80838,0.88976,30.30166,1.00000,0.03636,0.80132,6.22142,0.81923,16.60156,0.00000,0.14528,0.96364,0.05085,0.32010,0.89518,62.36828,0.94444,0.02778,0.92405,6.33968,0.85720,9.11458,0.00000,0.22858,0.91667,0.01111,0.48828,0.19531,218.10670,0.58621,0.00000,0.97753,6.89087,0.96571,4.23177,0.00000,0.39464,0.58621,0.00000,0.08138,0.62934,89.61327,0.94737,0.00000,0.95977,6.35431,0.94401,8.78906,0.00000,0.30734,0.94737,0.06944,0.39062,0.48828,259.09663,0.30000,0.10000,1.00000,6.94123,0.34722,0.32552,0.00000,0.34822,0.20000,0.00000,0.66189
238,0.3242,13215744,13723,0.00846,5.00e-04,0.2840,192.3592,0.67184,163.79261,0.63503,0.02927,0.93139,6.71442,0.85720,5.85937,0.00000,0.30587,0.60576,0.01995,0.45573,0.91146,343.52995,0.00000,0.00000,0.89899,8.08251,1.07422,0.00000,0.00000,0.42230,0.00000,0.00000,0.85720,0.92231,40.27473,0.98077,0.05769,0.84615,6.21125,0.91688,13.99740,0.00000,0.12037,0.92308,0.06000,0.27127,0.93316,36.79941,1.00000,0.05128,0.92727,6.24594,0.89518,10.41667,0.00000,0.24366,0.94872,0.00000,0.49913,0.22244,187.38330,0.68182,0.00000,0.96023,6.83101,0.95486,2.92969,0.00000,0.38665,0.68182,0.00000,0.08138,0.64019,82.75125,0.93333,0.06667,0.97207,6.28270,0.97114,7.48698,0.00000,0.30963,0.86667,0.05970,0.36350,0.40148,292.01702,0.21429,0.00000,0.98361,6.63311,0.33095,0.32552,0.00000,0.35259,0.21429,0.00000,0.66189
239,0.3253,13271040,13620,0.01196,4.17e-04,0.2839,178.4960,0.66189,162.88378,0.66728,0.03625,0.92419,6.73810,0.83370,6.61892,0.00000,0.30400,0.63103,0.03398,0.47291,1.01997,305.34955,0.11765,0.05882,0.88601,8.20559,1.04709,0.00000,0.00000,0.43123,0.05882,0.00000,0.84093,0.88976,40.14062,0.98485,0.10606,0.84397,6.42235,0.76497,17.57812,0.00000,0.10582,0.87879,0.09722,0.39062,0.77040,63.18018,0.97368,0.05263,0.88514,6.20227,0.80295,9.76563,0.00000,0.22458,0.92105,0.00000,0.48828,0.28754,190.84872,0.77273,0.00000,0.97549,6.70889,1.10677,4.88281,0.00000,0.39197,0.77273,0.00000,0.10308,0.60764,95.01540,0.91667,0.00000,0.95455,6.00770,0.95486,5.85938,0.00000,0.31515,0.91667,0.10667,0.40690,0.39605,282.76823,0.23810,0.00000,1.00000,6.88179,0.32552,1.62760,0.00000,0.35526,0.23810,0.00000,0.60764
240,0.3265,13326336,13689,0.01502,2.89e-04,0.2839,195.2259,0.64562,169.45609,0.57449,0.02879,0.92299,6.73771,0.80295,6.78168,0.00000,0.31076,0.54570,0.00231,0.46296,1.00369,319.73291,0.07143,0.07143,0.88770,8.19255,1.01454,0.00000,0.00000,0.42802,0.00000,0.00000,0.83008,0.90603,24.75270,1.00000,0.07692,0.78767,6.24886,0.79210,14.97396,0.00000,0.16422,0.92308,0.00000,0.33095,0.73785,60.84962,0.95745,0.00000,0.92466,6.23749,0.79210,12.36979,0.00000,0.25098,0.95745,0.00000,0.45573,0.20074,235.64307,0.33333,0.00000,0.95789,6.77007,1.03082,1.95313,0.00000,0.36238,0.33333,0.00000,0.11936,0.54796,83.32725,0.92683,0.02439,0.98000,6.07048,0.81380,10.74219,0.00000,0.31090,0.90244,0.01389,0.39062,0.47743,292.43097,0.15789,0.00000,1.00000,6.90680,0.37435,0.65104,0.00000,0.34804,0.15789,0.00000,0.65104
241,0.3276,13381632,13612,0.00613,5.00e-04,0.2838,164.4351,0.66461,170.72840,0.63507,0.02888,0.93239,6.78078,0.78577,6.34766,0.00000,0.30898,0.60619,0.00685,0.44397,0.84635,336.13797,0.00000,0.00000,0.89222,8.14973,0.90603,0.00000,0.00000,0.41401,0.00000,0.00000,0.72700,1.00911,33.51260,0.98305,0.01695,0.86667,6.43263,0.81380,14.32292,0.00000,0.17396,0.96610,0.02500,0.43403,0.81380,71.44367,0.94737,0.02632,0.90066,6.43888,0.81923,10.09115,0.00000,0.23007,0.92105,0.00000,0.37435,0.26042,204.19900,0.68000,0.08000,0.98895,6.56226,0.98199,3.58073,0.00000,0.37061,0.60000,0.00000,0.09223,0.55881,89.48856,1.00000,0.00000,0.96053,6.09021,0.82465,9.11458,0.00000,0.33359,1.00000,0.01613,0.33637,0.49913,289.58857,0.20000,0.05000,0.98529,7.01099,0.36892,0.97656,0.00000,0.33165,0.15000,0.00000,0.69987
242,0.3287,13436928,13675,0.00902,5.00e-04,0.2837,192.6364,0.67093,170.30165,0.61192,0.01810,0.92865,6.75062,0.83008,5.15408,0.00000,0.30916,0.59383,0.01431,0.45663,0.99826,326.16851,0.05882,0.00000,0.87912,8.11440,0.98741,0.32552,0.00000,0.41666,0.05882,0.00000,0.77040,0.88976,26.24127,0.97727,0.02273,0.83974,6.33302,0.84635,10.41667,0.00000,0.16586,0.95455,0.04688,0.34722,0.84093,62.43485,0.91892,0.02703,0.94304,6.32692,0.85720,9.76563,0.00000,0.25272,0.89189,0.00000,0.45573,0.25499,193.80176,0.69565,0.00000,0.94819,6.61898,1.04709,4.23177,0.00000,0.37978,0.69565,0.00000,0.09223,0.59679,96.96802,0.90323,0.00000,0.96178,6.18574,0.85178,5.85938,0.00000,0.30532,0.90323,0.03896,0.41775,0.44488,316.19548,0.11765,0.05882,1.00000,6.92467,0.39062,0.32552,0.00000,0.33464,0.05882,0.00000,0.65647
243,0.3299,13492224,13727,0.00738,5.00e-04,0.2836,176.5969,0.61849,171.06425,0.64372,0.02009,0.93321,6.83728,0.78306,7.16146,0.00000,0.29975,0.62363,0.02382,0.48286,0.80295,350.61730,0.00000,0.00000,0.91257,8.12834,0.99284,0.00000,0.00000,0.41466,0.00000,0.00000,0.79210,0.84093,36.77932,0.97059,0.05882,0.86014,6.36091,0.77582,17.57812,0.00000,0.18466,0.91176,0.04167,0.39062,0.73242,55.46689,0.97674,0.02326,0.91613,6.32858,0.84093,12.36979,0.00000,0.20960,0.95349,0.00000,0.50456,0.26042,204.90689,0.73077,0.03846,0.98864,6.86166,0.95486,3.58073,0.00000,0.35981,0.69231,0.00000,0.09223,0.58051,78.07242,0.97368,0.00000,0.97351,6.29343,0.81923,8.78906,0.00000,0.29725,0.97368,0.10127,0.42860,0.49371,300.54271,0.21053,0.00000,0.94828,7.05074,0.31467,0.65104,0.00000,0.33252,0.21053,0.00000,0.68902
244,0.3310,13547520,13216,0.01406,5.00e-04,0.2835,192.7285,0.67546,169.43788,0.61410,0.04379,0.92944,6.66034,0.80747,5.37109,0.00000,0.29708,0.57031,0.02202,0.46839,0.94944,343.57007,0.00000,0.00000,0.88333,8.07296,0.97656,0.00000,0.00000,0.41538,0.00000,0.00000,0.84635,0.96571,28.18405,0.98000,0.04000,0.87261,6.18216,0.85178,11.71875,0.00000,0.16655,0.94000,0.08333,0.32552,0.77040,66.42090,0.97500,0.02500,0.92000,6.19410,0.81380,10.74219,0.00000,0.21618,0.95000,0.00000,0.50456,0.23329,198.60187,0.62500,0.08333,0.96532,6.54028,0.93859,2.27865,0.00000,0.34772,0.54167,0.00000,0.10851,0.61306,90.97706,0.88235,0.05882,0.98225,6.25519,0.91688,6.83594,0.00000,0.30030,0.82353,0.04878,0.44488,0.52083,288.87332,0.22222,0.05556,0.95312,6.71735,0.34722,0.65104,0.00000,0.33632,0.16667,0.00000,0.58051
245,0.3322,13602816,13424,0.01199,5.00e-04,0.2833,172.6937,0.64110,168.72146,0.60855,0.00694,0.93236,6.67082,0.82465,6.29340,0.00000,0.30202,0.60161,0.02342,0.45211,0.83550,346.83890,0.00000,0.00000,0.89730,8.16956,1.00369,0.00000,0.00000,0.40077,0.00000,0.00000,0.73242,1.06337,35.20015,1.00000,0.04167,0.83234,6.17447,0.90603,13.99740,0.00000,0.18014,0.95833,0.10000,0.37977,0.67274,48.85776,0.95349,0.00000,0.93706,6.12675,0.77582,11.39323,0.00000,0.22298,0.95349,0.00000,0.44488,0.29839,186.55591,0.54545,0.00000,0.97790,6.54705,0.98199,2.60417,0.00000,0.34565,0.54545,0.00000,0.09223,0.52083,87.05779,0.91429,0.00000,0.96450,5.94488,0.91688,8.46354,0.00000,0.31684,0.91429,0.04054,0.40148,0.45573,307.81824,0.23810,0.00000,0.98507,7.06218,0.36350,1.30208,0.00000,0.34574,0.23810,0.00000,0.66189
246,0.3334,13658112,13240,0.00977,5.00e-04,0.2832,189.6753,0.65466,149.20009,0.67083,0.02667,0.91143,6.72190,0.77763,6.34766,0.00000,0.28643,0.64416,0.04767,0.43945,0.91146,332.00081,0.06667,0.00000,0.87079,8.10897,0.96571,0.32552,0.00000,0.40122,0.06667,0.00000,0.76497,0.88433,30.29192,0.97727,0.00000,0.81529,6.17400,0.85178,13.34635,0.00000,0.15611,0.97727,0.09677,0.33637,0.79753,60.67042,0.95455,0.00000,0.88742,6.32823,0.81923,12.04427,0.00000,0.22257,0.95455,0.00000,0.42860,0.26584,163.92832,0.72000,0.16000,0.92982,6.47192,0.92773,4.23177,0.00000,0.31914,0.56000,0.06250,0.08681,0.54253,64.32584,0.94286,0.00000,0.96528,6.28731,0.78125,7.48698,0.00000,0.29323,0.94286,0.12676,0.38520,0.52626,243.98322,0.36364,0.00000,1.00000,6.96098,0.32010,0.65104,0.00000,0.32633,0.36364,0.00000,0.63477
247,0.3345,13713408,13290,0.01148,5.00e-04,0.2831,207.0160,0.58413,161.65019,0.65283,0.03079,0.91288,6.71425,0.80386,7.81250,0.00000,0.29954,0.62204,0.01522,0.44126,0.80838,322.11282,0.06250,0.06250,0.89011,8.21543,0.98741,0.00000,0.00000,0.41587,0.00000,0.00000,0.80838,0.79753,23.50730,1.00000,0.07576,0.81250,6.40758,0.86806,17.57812,0.00000,0.15224,0.92424,0.03333,0.32552,0.73242,69.16962,0.90476,0.00000,0.90411,6.19642,0.79210,10.74219,0.00000,0.23285,0.90476,0.00000,0.40690,0.24414,149.86982,0.78571,0.00000,0.96667,6.62406,0.97656,5.53385,0.00000,0.35064,0.78571,0.00000,0.15734,0.51541,92.53754,0.95349,0.04651,0.94737,6.05485,0.82465,11.71875,0.00000,0.30312,0.90698,0.05797,0.37435,0.40690,312.70402,0.21053,0.00000,0.95652,6.78715,0.37435,1.30208,0.00000,0.34254,0.21053,0.00000,0.57509
248,0.3357,13768704,13211,0.01913,2.01e-04,0.2830,178.2679,0.64200,157.00905,0.65598,0.01940,0.91505,6.73862,0.82556,6.94444,0.00000,0.29846,0.63658,0.02274,0.45302,0.96571,325.53441,0.04762,0.00000,0.86740,8.22961,0.98199,0.00000,0.00000,0.40879,0.04762,0.00000,0.84093,0.86263,29.52405,1.00000,0.09259,0.80128,6.24081,0.84635,14.97396,0.00000,0.13798,0.90741,0.04688,0.34722,0.78668,52.68938,0.93478,0.00000,0.87654,6.08065,0.87891,11.06771,0.00000,0.21235,0.93478,0.00000,0.45030,0.28754,180.98277,0.76000,0.00000,0.98305,6.53928,0.96029,5.85938,0.00000,0.34988,0.76000,0.00000,0.10308,0.56424,91.84180,0.88095,0.02381,0.97419,6.25210,0.84093,9.11458,0.00000,0.32539,0.85714,0.08955,0.36350,0.38520,261.48190,0.31250,0.00000,0.98780,7.08928,0.44488,0.65104,0.00000,0.35640,0.31250,0.00000,0.61306
249,0.3368,13824000,13599,0.00942,2.89e-04,0.2829,193.2291,0.63205,161.11572,0.62143,0.00895,0.92987,6.70958,0.81199,7.10720,0.00000,0.29178,0.61248,0.02290,0.45211,0.86263,335.14671,0.00000,0.00000,0.92771,8.33061,0.90061,0.00000,0.00000,0.41006,0.00000,0.00000,0.71072,0.90061,28.79961,1.00000,0.01923,0.80745,6.34319,0.87348,14.64844,0.00000,0.14304,0.98077,0.05405,0.40148,0.71615,49.37756,0.96226,0.00000,0.87755,6.14936,0.79753,15.95052,0.00000,0.20410,0.96226,0.00000,0.47743,0.31467,184.75369,0.60000,0.00000,0.99425,6.46295,0.94401,4.23177,0.00000,0.33558,0.60000,0.00000,0.10851,0.53168,73.59909,0.93103,0.03448,0.97222,6.23428,0.97656,6.83594,0.00000,0.31276,0.89655,0.08333,0.45573,0.46658,295.01764,0.23529,0.00000,1.00000,6.73706,0.37977,0.97656,0.00000,0.34517,0.23529,0.00000,0.55881
250,0.3380,13879296,13383,0.01084,3.47e-04,0.2829,177.9382,0.62391,153.86214,0.67233,0.02700,0.92411,6.70406,0.84093,6.83594,0.00000,0.29295,0.64533,0.02540,0.46568,0.88433,301.43206,0.20000,0.06667,0.89950,8.19777,1.07964,0.00000,0.00000,0.43667,0.13333,0.00000,0.80838,0.89518,46.04729,1.00000,0.01754,0.82353,6.25749,0.92231,15.62500,0.00000,0.14976,0.98246,0.08197,0.33095,0.71615,42.84585,0.97778,0.02222,0.90345,6.29999,0.78668,11.71875,0.00000,0.19341,0.95556,0.00000,0.46115,0.22786,178.20756,0.66667,0.00000,0.95263,6.28770,1.03082,3.90625,0.00000,0.32354,0.66667,0.00000,0.13563,0.54796,77.17368,0.91176,0.00000,0.98171,6.25011,0.88976,8.46354,0.00000,0.30828,0.91176,0.07042,0.38520,0.47201,277.46636,0.27778,0.05556,0.98387,6.93127,0.33637,1.30208,0.00000,0.34605,0.22222,0.00000,0.67274
251,0.3391,13934592,13613,0.01197,5.00e-04,0.2828,197.4849,0.62391,162.33838,0.62036,0.02144,0.93261,6.75778,0.80024,6.56467,0.00000,0.30068,0.59893,0.02192,0.46839,0.90603,329.30322,0.05882,0.00000,0.90404,8.25370,1.07422,0.00000,0.00000,0.43839,0.05882,0.00000,0.86263,0.84093,25.38606,0.98182,0.03636,0.83784,6.21207,0.80295,14.64844,0.00000,0.15721,0.94545,0.05556,0.29297,0.73785,45.22039,0.97917,0.02083,0.92000,6.39447,0.81380,12.04427,0.00000,0.23045,0.95833,0.00000,0.39605,0.24957,190.03175,0.71429,0.00000,0.98171,6.62225,0.88976,4.23177,0.00000,0.33219,0.71429,0.00000,0.13021,0.47743,64.88260,0.91667,0.00000,0.95210,5.95633,0.90603,8.46354,0.00000,0.30543,0.91667,0.07595,0.42860,0.53168,319.20626,0.07143,0.07143,1.00000,7.10786,0.31467,0.00000,0.00000,0.34037,0.00000,0.00000,0.69987
252,0.3403,13989888,13243,0.02921,2.01e-04,0.2827,187.7091,0.63567,165.45213,0.61561,0.01549,0.91199,6.70374,0.80114,7.43273,0.00000,0.29596,0.60737,0.01627,0.47562,0.88976,340.34978,0.00000,0.00000,0.84974,8.13731,1.04709,0.00000,0.00000,0.43921,0.00000,0.00000,0.79753,0.85720,34.62643,0.98333,0.00000,0.83108,6.15447,0.80295,17.57812,0.00000,0.14314,0.98333,0.04762,0.34180,0.78668,37.10027,1.00000,0.02381,0.87248,5.96817,0.80838,11.71875,0.00000,0.20126,0.97619,0.00000,0.44488,0.23329,181.52925,0.61538,0.02564,0.98148,6.75929,0.87891,5.20833,0.00000,0.34708,0.58974,0.00000,0.10308,0.60221,82.98502,0.92105,0.00000,0.95531,6.08440,0.97114,9.44010,0.00000,0.31245,0.92105,0.05000,0.43403,0.44488,316.12205,0.17391,0.04348,0.98182,7.11879,0.29839,0.65104,0.00000,0.33260,0.17391,0.00000,0.73242
253,0.3415,14045184,13492,0.01115,2.41e-04,0.2825,174.8829,0.58594,158.15994,0.60908,0.00649,0.93355,6.83256,0.79120,6.67318,0.00000,0.30332,0.60259,0.01470,0.41504,0.79210,338.98668,0.04545,0.00000,0.87500,8.00565,0.95486,0.00000,0.00000,0.43854,0.04545,0.00000,0.66732,0.90061,23.13005,0.98148,0.01852,0.87248,6.65779,0.80838,14.32292,0.00000,0.14406,0.96296,0.06061,0.35807,0.63477,47.92064,0.95918,0.02041,0.90000,6.16404,0.75955,13.34635,0.00000,0.20049,0.93878,0.01429,0.37977,0.22244,167.30620,0.60000,0.00000,0.97790,6.80176,0.98199,4.23177,0.00000,0.36400,0.60000,0.00000,0.10308,0.52083,71.67784,0.89189,0.00000,0.97590,6.40699,0.90061,7.81250,0.00000,0.31554,0.89189,0.01333,0.40690,0.44488,299.93822,0.17647,0.00000,1.00000,6.95913,0.34180,0.32552,0.00000,0.35731,0.17647,0.00000,0.57509
254,0.3426,14100480,13445,0.01474,1.67e-04,0.2824,177.1971,0.61487,156.59308,0.64192,0.02166,0.93282,6.80275,0.83460,6.13064,0.00000,0.31535,0.62026,0.02253,0.46839,0.91146,347.38345,0.00000,0.00000,0.90594,8.26474,1.09592,0.00000,0.00000,0.44592,0.00000,0.01227,0.88433,0.86806,23.62678,1.00000,0.01852,0.88112,6.21057,0.77582,14.32292,0.00000,0.15235,0.98148,0.09589,0.39605,0.65104,41.99429,0.98039,0.05882,0.87898,6.19421,0.85178,13.34635,0.00000,0.24205,0.92157,0.00000,0.46658,0.26584,156.22267,0.73684,0.05263,0.97110,6.78063,0.93859,2.60417,0.00000,0.37000,0.68421,0.00000,0.08681,0.53168,60.72742,0.92000,0.00000,0.95977,6.20996,0.94401,6.18490,0.00000,0.31938,0.92000,0.02703,0.40148,0.46115,309.60390,0.21429,0.00000,1.00000,7.15642,0.40148,0.32552,0.00000,0.36242,0.21429,0.00000,0.57509
255,0.3438,14155776,13355,0.01202,1.67e-04,0.2823,178.2311,0.65466,161.82720,0.62823,0.02152,0.92666,6.89993,0.81742,6.23915,0.00000,0.31803,0.60671,0.01816,0.46929,0.91688,353.36204,0.00000,0.00000,0.86387,8.11335,1.03624,0.00000,0.00000,0.44086,0.00000,0.00000,0.70530,0.86263,25.60253,1.00000,0.06000,0.80769,6.60026,0.84635,12.04427,0.00000,0.14897,0.94000,0.01754,0.30924,0.79210,40.40976,0.97436,0.02564,0.92593,6.40227,0.87891,11.06771,0.00000,0.26560,0.94872,0.00000,0.50998,0.31467,139.58088,0.78261,0.04348,0.98246,6.81596,0.92773,2.92969,0.00000,0.35756,0.73913,0.04545,0.11936,0.56424,84.20472,0.89474,0.00000,0.98000,6.19166,0.81380,10.74219,0.00000,0.31904,0.89474,0.04598,0.47201,0.47743,327.80325,0.11765,0.00000,1.00000,7.27605,0.40148,0.65104,0.00000,0.37616,0.11765,0.00000,0.69987
256,0.3449,14211072,13639,0.01499,1.16e-04,0.2823,204.6073,0.63567,152.04853,0.65258,0.00000,0.92992,6.98766,0.76407,6.67318,0.00000,0.31792,0.65258,0.02104,0.44217,0.81923,338.43434,0.00000,0.00000,0.89080,8.27079,0.94401,0.00000,0.00000,0.43068,0.00000,0.00000,0.74870,0.85720,36.49690,0.98214,0.00000,0.83648,6.43684,0.86263,15.62500,0.00000,0.16395,0.98214,0.05970,0.36350,0.85178,58.35134,0.97500,0.00000,0.92143,6.63699,0.75955,11.06771,0.00000,0.25946,0.97500,0.01176,0.46115,0.32552,135.70553,0.77273,0.00000,0.98795,6.74113,0.90061,3.25521,0.00000,0.36758,0.77273,0.00000,0.09223,0.58594,59.78541,0.91892,0.00000,0.94286,6.42415,0.75955,9.76563,0.00000,0.31088,0.91892,0.05479,0.39605,0.37435,283.51764,0.26667,0.00000,1.00000,7.41603,0.35807,0.32552,0.00000,0.37497,0.26667,0.00000,0.59136
257,0.3460,14266368,13632,0.00541,2.01e-04,0.2822,163.5724,0.60583,163.01546,0.65609,0.00984,0.92657,6.90359,0.78396,6.61892,0.00000,0.31925,0.64625,0.02842,0.47833,0.83550,319.11874,0.09091,0.00000,0.86517,8.24805,0.96571,0.32552,0.00000,0.43707,0.09091,0.00000,0.78125,0.88433,25.51159,1.00000,0.03125,0.81290,6.58891,0.84093,18.22917,0.00000,0.16370,0.96875,0.09459,0.40148,0.74870,67.62901,0.89744,0.00000,0.93103,6.65663,0.78668,9.44010,0.00000,0.25710,0.89744,0.00000,0.48828,0.24414,165.60528,0.69565,0.00000,0.97222,6.62423,0.97656,3.25521,0.00000,0.37151,0.69565,0.00000,0.15734,0.48828,86.93380,0.88889,0.02778,0.97810,6.29210,0.74327,7.48698,0.00000,0.31470,0.86111,0.07595,0.42860,0.43403,313.29437,0.36364,0.00000,1.00000,7.01161,0.39062,0.97656,0.00000,0.37142,0.36364,0.00000,0.61306
258,0.3473,14321664,12824,0.00645,3.47e-04,0.2821,172.2256,0.64923,158.91558,0.63042,0.02023,0.93715,6.82341,0.79481,5.96788,0.00000,0.31156,0.61019,0.01769,0.45844,0.82465,352.39510,0.00000,0.00000,0.95408,8.32763,1.06337,0.00000,0.00000,0.45138,0.00000,0.00000,0.76497,0.90603,20.96015,1.00000,0.01887,0.83750,6.55236,0.86806,14.64844,0.00000,0.17313,0.98113,0.04286,0.37977,0.75955,71.75737,0.88095,0.00000,0.92254,6.25571,0.77040,9.44010,0.00000,0.22635,0.88095,0.00000,0.46115,0.27669,97.17473,0.88000,0.04000,0.95625,6.65111,0.86806,4.23177,0.00000,0.35062,0.84000,0.00000,0.05968,0.63477,75.08271,0.89655,0.00000,0.96815,6.22851,0.85178,7.16146,0.00000,0.31231,0.89655,0.06329,0.42860,0.49371,336.12344,0.12500,0.06250,0.98438,6.92512,0.34722,0.32552,0.00000,0.35555,0.06250,0.00000,0.65647
259,0.3484,14376960,13670,0.00792,5.00e-04,0.2820,189.7199,0.63657,157.86023,0.64487,0.00783,0.93129,6.85743,0.76588,6.29340,0.00000,0.30301,0.63705,0.02257,0.44126,0.80295,340.54248,0.00000,0.00000,0.92771,8.31331,0.90061,0.00000,0.00000,0.42806,0.00000,0.00000,0.68359,0.94944,29.10250,0.98246,0.01754,0.82468,6.40492,0.83550,16.27604,0.00000,0.14828,0.96491,0.09836,0.33095,0.65647,43.26019,1.00000,0.02941,0.90226,6.24435,0.72157,9.76563,0.00000,0.21689,0.97059,0.00000,0.39605,0.22244,146.61940,0.84211,0.00000,0.98870,6.84664,0.96029,3.25521,0.00000,0.36724,0.84211,0.00000,0.11393,0.72700,64.55321,0.96774,0.00000,0.95775,6.11981,0.77040,8.46354,0.00000,0.29504,0.96774,0.03704,0.43945,0.46115,323.08361,0.07692,0.00000,0.98667,7.21557,0.40690,0.00000,0.00000,0.36256,0.07692,0.00000,0.68359
260,0.3495,14432256,13544,0.00706,5.00e-04,0.2819,199.1704,0.61035,151.75381,0.66065,0.01354,0.92027,6.82092,0.80024,7.43273,0.00000,0.30075,0.64711,0.01313,0.44850,0.88433,328.52067,0.04762,0.04762,0.87363,8.16320,0.98741,0.00000,0.00000,0.42297,0.00000,0.00000,0.74327,0.85178,25.71403,1.00000,0.01639,0.81022,6.38745,0.74327,17.57812,0.00000,0.15194,0.98361,0.05172,0.31467,0.71072,48.73782,0.96552,0.01724,0.87838,6.22642,0.80295,15.29948,0.00000,0.19374,0.94828,0.00000,0.46658,0.33095,137.59823,0.87500,0.00000,0.98266,6.87981,0.93859,4.88281,0.00000,0.36339,0.87500,0.00000,0.11936,0.52083,67.76096,0.90909,0.00000,0.97674,6.16595,0.93316,6.18490,0.00000,0.30913,0.90909,0.02703,0.40148,0.36350,302.19116,0.16667,0.00000,1.00000,7.10267,0.39605,0.65104,0.00000,0.36334,0.16667,0.00000,0.64562
261,0.3507,14487552,13522,0.00724,5.00e-04,0.2817,197.7139,0.63838,166.20747,0.62434,0.00932,0.92948,6.93721,0.78125,6.45616,0.00000,0.30103,0.61502,0.02360,0.43855,0.87891,352.93070,0.00000,0.00000,0.93548,8.27946,1.00911,0.00000,0.00000,0.43695,0.00000,0.00000,0.77040,0.91688,26.70868,0.98246,0.03509,0.83444,6.69459,0.81923,14.32292,0.00000,0.14172,0.94737,0.03636,0.29839,0.74870,49.12592,0.95833,0.02083,0.90071,6.33431,0.76497,10.74219,0.00000,0.21759,0.93750,0.00000,0.44488,0.23872,155.75245,0.73077,0.00000,0.95480,6.77777,0.96029,5.20833,0.00000,0.36988,0.73077,0.00000,0.05425,0.64562,95.74836,0.94118,0.00000,0.97710,6.29234,0.71072,8.46354,0.00000,0.27822,0.94118,0.10526,0.41233,0.40148,316.97871,0.13333,0.00000,0.97436,7.24481,0.42318,0.00000,0.00000,0.36184,0.13333,0.00000,0.65104
262,0.3520,14542848,12110,0.00813,5.00e-04,0.2815,194.8078,0.59227,167.45357,0.62107,0.00362,0.92578,6.89393,0.77582,6.99870,0.00000,0.28959,0.61745,0.02299,0.40961,0.65647,340.17654,0.00000,0.00000,0.93168,8.26758,0.87348,0.00000,0.00000,0.42066,0.00000,0.00000,0.61306,0.94944,32.58584,1.00000,0.02174,0.81046,6.45728,0.83008,13.34635,0.00000,0.12568,0.97826,0.08955,0.36350,0.69444,48.24689,1.00000,0.00000,0.91406,6.37657,0.69444,15.62500,0.00000,0.20467,1.00000,0.00000,0.40148,0.26042,198.27049,0.54167,0.00000,0.95808,6.92357,0.90603,2.60417,0.00000,0.35275,0.54167,0.00000,0.13021,0.52626,76.72768,0.93478,0.00000,0.95322,6.02185,0.92773,9.76563,0.00000,0.29551,0.93478,0.04839,0.33637,0.46658,308.71395,0.25000,0.00000,0.98718,7.31673,0.42318,0.65104,0.00000,0.33825,0.25000,0.00000,0.61306
263,0.3532,14598144,12264,0.01175,4.17e-04,0.2813,183.9927,0.60131,163.56236,0.64310,0.03610,0.94457,6.91924,0.80476,7.86675,0.00000,0.30027,0.60699,0.01968,0.44850,0.81380,331.52773,0.10000,0.10000,0.93143,8.34361,0.94944,0.00000,0.00000,0.42912,0.00000,0.00000,0.72157,0.95486,26.37407,0.97297,0.05405,0.85135,6.40204,0.80295,18.88021,0.00000,0.13981,0.91892,0.06250,0.34722,0.74870,54.46138,0.95652,0.02174,0.92073,6.24447,0.88976,12.36979,0.00000,0.21658,0.93478,0.00000,0.42318,0.13563,227.51953,0.53571,0.00000,0.97714,6.82730,0.94944,2.92969,0.00000,0.35055,0.53571,0.00000,0.10851,0.50456,70.46315,0.91837,0.04082,0.98675,6.29683,0.81923,12.04427,0.00000,0.31432,0.87755,0.05556,0.48828,0.45030,271.02829,0.37500,0.00000,1.00000,7.40119,0.41775,0.97656,0.00000,0.35126,0.37500,0.00000,0.60221
264,0.3543,14653440,13765,0.01020,5.00e-04,0.2811,181.2538,0.58775,150.17229,0.68300,0.01709,0.93175,6.97515,0.84274,6.34766,0.00000,0.30613,0.66591,0.01707,0.44759,0.79210,322.92624,0.05556,0.00000,0.92778,8.27994,0.97656,0.32552,0.00000,0.45534,0.05556,0.00719,0.75412,0.81380,35.51036,1.00000,0.03704,0.80745,6.54264,0.87348,13.99740,0.00000,0.14528,0.96296,0.09524,0.34180,0.69444,36.31213,1.00000,0.02703,0.91608,6.26056,0.77582,10.41667,0.00000,0.19082,0.97297,0.00000,0.43403,0.24957,149.34471,0.76923,0.00000,0.96774,6.85354,1.00911,5.20833,0.00000,0.36333,0.76923,0.00000,0.09766,0.53168,85.50085,0.96552,0.00000,0.98246,6.54756,0.92773,7.48698,0.00000,0.32851,0.96552,0.00000,0.41775,0.44488,271.43947,0.30769,0.03846,0.98901,7.36664,0.49371,0.65104,0.00000,0.35349,0.26923,0.00000,0.64019
265,0.3555,14708736,13655,0.00936,5.00e-04,0.2809,204.3647,0.58684,141.59256,0.69787,0.01474,0.93494,6.97205,0.84816,7.43273,0.00000,0.31053,0.68313,0.02241,0.42951,0.79753,326.20026,0.06667,0.00000,0.92021,8.39345,1.01997,0.32552,0.00000,0.44451,0.06667,0.00000,0.75955,0.88433,27.53803,1.00000,0.03509,0.81290,6.44391,0.84093,16.60156,0.00000,0.16718,0.96491,0.07812,0.34722,0.70530,37.79539,0.98113,0.01887,0.93750,6.22640,0.78125,13.67188,0.00000,0.20713,0.96226,0.00000,0.39605,0.20074,156.52622,0.82609,0.00000,0.97368,6.81932,1.03082,5.20833,0.00000,0.37203,0.82609,0.00000,0.10308,0.55339,38.51253,0.96552,0.03448,0.96532,6.47086,0.93859,7.81250,0.00000,0.31402,0.93103,0.05634,0.38520,0.37977,262.98291,0.34783,0.00000,1.00000,7.47838,0.47743,0.97656,0.00000,0.35834,0.34783,0.00000,0.58594
266,0.3566,14764032,13589,0.01467,2.89e-04,0.2808,208.8517,0.60131,147.48048,0.66537,0.00838,0.93148,6.89864,0.81832,7.21571,0.00000,0.30735,0.65699,0.02407,0.44397,0.76497,320.11935,0.07143,0.00000,0.90909,8.38719,0.89518,0.00000,0.00000,0.42370,0.07143,0.00000,0.69987,0.81380,28.98067,0.97015,0.02985,0.81761,6.49693,0.86263,18.55469,0.00000,0.16860,0.94030,0.09231,0.35265,0.77582,49.53177,0.97959,0.02041,0.90323,6.25296,0.84093,13.02083,0.00000,0.21896,0.95918,0.00000,0.44488,0.28212,138.77241,0.80000,0.00000,0.97222,6.65903,0.97656,2.27865,0.00000,0.36913,0.80000,0.00000,0.10851,0.59679,75.45567,0.92105,0.00000,0.98675,6.38694,0.81923,8.78906,0.00000,0.30764,0.92105,0.05208,0.52083,0.37435,272.02303,0.25000,0.00000,1.00000,7.20880,0.51541,0.65104,0.00000,0.35608,0.25000,0.00000,0.53711
267,0.3578,14819328,13561,0.00905,4.17e-04,0.2806,221.0969,0.57690,162.08260,0.64326,0.03070,0.92453,6.89874,0.79933,7.37847,0.00000,0.31051,0.61570,0.03135,0.43041,0.69987,313.86100,0.05556,0.05556,0.89222,8.33082,0.90603,0.00000,0.00000,0.42679,0.00000,0.00000,0.69987,0.84093,27.00357,0.98113,0.03774,0.82692,6.59761,0.84635,15.62500,0.00000,0.15256,0.96226,0.11864,0.32010,0.69444,49.75212,0.97778,0.00000,0.89855,6.43093,0.74870,13.02083,0.00000,0.22841,0.97778,0.00000,0.46658,0.20074,175.89432,0.77273,0.09091,0.97015,6.88300,1.09049,4.23177,0.00000,0.37896,0.68182,0.00000,0.13021,0.64019,78.40279,0.94737,0.00000,0.97183,5.91692,0.77040,10.74219,0.00000,0.31852,0.94737,0.06944,0.39062,0.38520,327.58182,0.12500,0.00000,0.98750,7.23315,0.43403,0.65104,0.00000,0.35784,0.12500,0.00000,0.57509
268,0.3589,14874624,13611,0.00881,5.00e-04,0.2805,197.5458,0.61306,153.75529,0.63751,0.02404,0.93798,7.00835,0.83189,7.10720,0.00000,0.31949,0.61346,0.02061,0.43132,0.80838,322.27430,0.04545,0.00000,0.91892,8.38462,1.00369,0.00000,0.00000,0.44222,0.04545,0.00000,0.75412,0.83008,17.31922,1.00000,0.06667,0.81935,6.54547,0.84093,16.27604,0.00000,0.14823,0.93333,0.04478,0.36350,0.77040,51.87258,0.95918,0.02041,0.92638,6.52262,0.88433,13.34635,0.00000,0.26925,0.93878,0.00000,0.41775,0.22786,162.99736,0.67647,0.02941,0.98837,6.70603,0.93316,4.88281,0.00000,0.34651,0.64706,0.04762,0.11393,0.58594,64.41568,0.91667,0.02778,0.97484,6.64470,0.86263,7.81250,0.00000,0.34320,0.88889,0.03125,0.34722,0.45573,303.65261,0.22727,0.00000,1.00000,7.24667,0.46658,0.32552,0.00000,0.36754,0.22727,0.00000,0.59136
269,0.3600,14929920,13707,0.00879,5.00e-04,0.2803,190.3538,0.61487,160.09026,0.63840,0.00298,0.94089,7.01312,0.82556,6.45616,0.00000,0.31830,0.63840,0.02477,0.43855,0.84093,318.80980,0.07692,0.00000,0.95055,8.45657,0.98741,0.32552,0.00000,0.45054,0.07692,0.00000,0.82465,0.90061,23.97771,1.00000,0.01786,0.83660,6.62484,0.83008,14.97396,0.00000,0.15859,1.00000,0.12121,0.35807,0.76497,63.84346,0.95000,0.00000,0.92414,6.29257,0.78668,11.06771,0.00000,0.22728,0.95000,0.00000,0.36892,0.19531,194.07650,0.67742,0.00000,0.96875,6.85055,0.86806,4.55729,0.00000,0.35367,0.67742,0.00000,0.13021,0.55339,65.53361,0.91176,0.00000,0.96532,6.40296,0.93859,7.48698,0.00000,0.34608,0.91176,0.02740,0.39605,0.43403,294.30047,0.21429,0.00000,1.00000,7.45123,0.54253,0.32552,0.00000,0.37364,0.21429,0.00000,0.55339
270,0.3612,14985216,13703,0.00938,5.00e-04,0.2802,195.2047,0.55700,162.14103,0.61569,0.00624,0.92711,6.94834,0.83912,6.78168,0.00000,0.31199,0.60944,0.02925,0.43584,0.77582,349.59968,0.00000,0.00000,0.89840,8.32442,1.01454,0.00000,0.00000,0.44457,0.00000,0.00000,0.73242,0.80295,30.22737,1.00000,0.01786,0.80667,6.42105,0.81380,16.27604,0.00000,0.13707,0.98214,0.07692,0.35265,0.67274,45.49658,0.96078,0.01961,0.90345,6.15113,0.78668,13.67188,0.00000,0.22093,0.94118,0.00000,0.47201,0.22244,155.29960,0.65000,0.00000,0.98925,6.76239,1.00911,2.92969,0.00000,0.37756,0.65000,0.00000,0.09766,0.49913,83.06661,0.93333,0.00000,0.97468,6.47156,0.85720,7.48698,0.00000,0.31551,0.93333,0.09859,0.38520,0.36892,309.15635,0.15000,0.00000,0.99020,7.55948,0.55339,0.32552,0.00000,0.37632,0.15000,0.00000,0.57509
271,0.3623,15040512,13622,0.00795,5.00e-04,0.2801,196.8507,0.58051,160.74046,0.65789,0.01199,0.94099,6.93976,0.79753,7.59549,0.00000,0.31632,0.64590,0.01213,0.41866,0.59679,334.96637,0.06250,0.00000,0.96407,8.39542,0.90603,0.00000,0.00000,0.42944,0.06250,0.00000,0.68359,0.81380,37.13003,0.96970,0.03030,0.82119,6.39904,0.81923,17.57812,0.00000,0.15112,0.93939,0.02083,0.26042,0.74327,53.45942,1.00000,0.00000,0.92105,6.43258,0.82465,13.02083,0.00000,0.23610,1.00000,0.00000,0.50456,0.23872,144.05294,0.83333,0.04167,0.97207,6.77345,0.97114,4.55729,0.00000,0.36550,0.79167,0.00000,0.10308,0.66189,91.88525,0.90000,0.00000,0.96753,6.34930,0.83550,9.76563,0.00000,0.33350,0.90000,0.05195,0.41775,0.42860,302.94877,0.18182,0.00000,1.00000,7.28878,0.42860,0.65104,0.00000,0.38226,0.18182,0.00000,0.54253
272,0.3634,15095808,13669,0.00813,5.00e-04,0.2799,189.8845,0.58232,146.72720,0.67311,0.03363,0.92495,6.94428,0.84907,7.43273,0.00000,0.32191,0.63949,0.01056,0.46387,0.73242,283.87858,0.16667,0.16667,0.91329,8.38137,0.93859,0.00000,0.00000,0.42183,0.00000,0.00704,0.77040,0.79210,25.05015,1.00000,0.03509,0.81818,6.67337,0.77582,15.62500,0.00000,0.16627,0.96491,0.05634,0.38520,0.75412,51.25422,0.97917,0.00000,0.90964,6.03882,0.90061,14.32292,0.00000,0.24571,0.97917,0.00000,0.47743,0.28212,139.08174,0.76000,0.00000,0.97838,6.84103,1.00369,4.88281,0.00000,0.37897,0.76000,0.00000,0.13563,0.53168,96.57810,0.89474,0.00000,0.93023,6.35008,0.93316,9.11458,0.00000,0.34196,0.89474,0.00000,0.38520,0.40148,284.52044,0.23810,0.00000,1.00000,7.38100,0.54253,0.65104,0.00000,0.37669,0.23810,0.00000,0.62934
273,0.3646,15151104,13246,0.00864,5.00e-04,0.2798,182.2380,0.56785,160.94779,0.63056,0.01627,0.93527,6.93191,0.82465,6.89019,0.00000,0.32815,0.61429,0.02312,0.41594,0.75412,333.34245,0.04762,0.04762,0.90058,8.33835,0.92773,0.00000,0.00000,0.44250,0.00000,0.00000,0.70530,0.77040,29.76511,1.00000,0.05000,0.83766,6.44705,0.83550,16.27604,0.00000,0.19207,0.95000,0.07812,0.34722,0.58051,42.17004,1.00000,0.00000,0.90667,6.24551,0.81380,12.04427,0.00000,0.23255,1.00000,0.00000,0.42860,0.31467,150.92311,0.71429,0.00000,0.98438,6.84322,1.04167,2.92969,0.00000,0.38134,0.71429,0.00000,0.12478,0.55881,72.72187,0.95000,0.00000,0.99359,6.35696,0.84635,10.09115,0.00000,0.33988,0.95000,0.06061,0.35807,0.42860,336.76416,0.07143,0.00000,0.98876,7.36035,0.48286,0.00000,0.00000,0.38057,0.07143,0.00000,0.53168
274,0.3657,15206400,13820,0.00709,5.00e-04,0.2796,227.5311,0.58684,154.82163,0.65382,0.00314,0.93498,7.01836,0.85901,7.05295,0.00000,0.32394,0.65067,0.01749,0.43312,0.80295,333.13899,0.07143,0.00000,0.93514,8.34361,1.00369,0.32552,0.00000,0.44997,0.07143,0.00000,0.70530,0.86806,28.02097,1.00000,0.01887,0.85542,6.68611,0.90061,14.64844,0.00000,0.18405,0.98113,0.08955,0.36350,0.76497,45.79815,0.95652,0.00000,0.90566,6.31379,0.86263,13.67188,0.00000,0.20798,0.95652,0.00000,0.47201,0.22244,159.07316,0.65000,0.00000,0.98352,6.75615,0.98741,3.58073,0.00000,0.38712,0.65000,0.00000,0.13563,0.47201,63.90936,0.97222,0.00000,0.95210,6.45694,0.90603,8.46354,0.00000,0.33114,0.97222,0.01538,0.35265,0.39062,298.98912,0.27273,0.00000,0.97802,7.55353,0.49371,1.62760,0.00000,0.38340,0.27273,0.00000,0.56966
275,0.3669,15261696,13580,0.00912,5.00e-04,0.2795,193.9064,0.56424,159.09883,0.65091,0.00000,0.93645,7.02964,0.81380,7.75825,0.00000,0.32507,0.65091,0.03395,0.41052,0.74870,324.10130,0.06667,0.00000,0.93605,8.48647,0.93316,0.32552,0.00000,0.44924,0.06667,0.00000,0.67817,0.81380,30.42251,1.00000,0.00000,0.81707,6.50040,0.88976,18.22917,0.00000,0.17936,1.00000,0.12963,0.29297,0.68902,46.28598,0.98039,0.00000,0.91176,6.32940,0.73785,13.67188,0.00000,0.23005,0.98039,0.00000,0.32010,0.21701,183.39230,0.67857,0.00000,0.97354,6.97168,1.02539,4.55729,0.00000,0.39555,0.67857,0.03704,0.14648,0.47201,79.64054,0.91667,0.00000,0.98026,6.37315,0.82465,8.78906,0.00000,0.32008,0.91667,0.03704,0.43945,0.44488,290.75033,0.26316,0.00000,1.00000,7.51671,0.47201,0.97656,0.00000,0.37617,0.26316,0.00000,0.58594
276,0.3680,15316992,13201,0.00750,5.00e-04,0.2794,208.9456,0.59860,157.29784,0.67079,0.00861,0.93958,6.92090,0.82104,7.37847,0.00000,0.31442,0.66218,0.02766,0.43403,0.80838,346.08450,0.00000,0.00000,0.92000,8.34341,0.94944,0.00000,0.00000,0.44552,0.00000,0.00000,0.73785,0.84093,28.59059,0.98438,0.03125,0.87179,6.37118,0.84635,17.57812,0.00000,0.15311,0.95312,0.01587,0.34180,0.72157,49.79371,0.97959,0.02041,0.90476,6.03129,0.79753,12.69531,0.00000,0.22531,0.95918,0.00000,0.41775,0.28212,129.32663,0.95238,0.00000,0.98235,6.96319,0.92231,4.23177,0.00000,0.36831,0.95238,0.07692,0.07053,0.55339,77.93093,0.95455,0.00000,0.96835,6.45196,0.85720,9.11458,0.00000,0.31916,0.95455,0.07317,0.44488,0.38520,312.06068,0.15385,0.00000,0.99020,7.36434,0.55339,0.65104,0.00000,0.37513,0.15385,0.00000,0.59136
277,0.3692,15372288,13545,0.00916,5.00e-04,0.2792,204.7579,0.57780,160.76090,0.62472,0.02268,0.94027,7.05059,0.87800,6.94444,0.00000,0.32238,0.60204,0.01931,0.44759,0.67817,326.61419,0.07143,0.00000,0.94054,8.49836,1.00369,0.00000,0.00000,0.46301,0.07143,0.00000,0.78125,0.92231,21.37893,0.98077,0.03846,0.86093,6.62825,0.81923,14.64844,0.00000,0.17191,0.94231,0.08772,0.30924,0.63477,43.25739,1.00000,0.00000,0.91447,6.32065,0.82465,12.69531,0.00000,0.22608,1.00000,0.00000,0.46115,0.30382,202.13410,0.58065,0.00000,0.97959,6.84850,1.06337,4.88281,0.00000,0.37557,0.58065,0.00000,0.10308,0.53711,68.34896,0.92500,0.05000,0.94611,6.61013,0.90603,8.46354,0.00000,0.32943,0.87500,0.02817,0.38520,0.39062,302.83182,0.19048,0.04762,1.00000,7.39768,0.65104,0.97656,0.00000,0.36827,0.14286,0.00000,0.64562
278,0.3703,15427584,13533,0.00720,5.00e-04,0.2790,186.8884,0.60041,156.24550,0.64105,0.01904,0.92719,7.00682,0.80928,7.10720,0.00000,0.31399,0.62201,0.02096,0.44126,0.74327,309.13570,0.08333,0.04167,0.92667,8.41128,0.81380,0.00000,0.00000,0.41416,0.04167,0.00000,0.71072,0.90061,37.99605,1.00000,0.03922,0.79769,6.59367,0.93859,13.34635,0.00000,0.18422,0.96078,0.05634,0.38520,0.69444,47.27688,0.96296,0.00000,0.90000,6.47129,0.75955,14.32292,0.00000,0.22023,0.96296,0.00000,0.49913,0.27127,190.58239,0.63333,0.03333,0.95906,6.64515,0.92773,5.20833,0.00000,0.35147,0.60000,0.00000,0.13021,0.60764,74.89861,0.93939,0.00000,0.97973,6.50569,0.80295,8.46354,0.00000,0.34602,0.93939,0.06944,0.39062,0.38520,277.58339,0.22727,0.00000,1.00000,7.41382,0.61306,1.30208,0.00000,0.36782,0.22727,0.00000,0.53168
279,0.3714,15482880,13794,0.00701,5.00e-04,0.2789,205.9366,0.57870,148.05424,0.68980,0.01435,0.93805,6.91604,0.85992,6.67318,0.00000,0.32306,0.67545,0.02014,0.43493,0.87891,339.27902,0.04762,0.04762,0.91935,8.39550,1.00911,0.00000,0.00000,0.44991,0.00000,0.00000,0.79210,0.85720,28.67204,1.00000,0.01923,0.82927,6.03299,0.88976,14.64844,0.00000,0.18292,0.98077,0.08333,0.32552,0.66189,38.98245,1.00000,0.01923,0.92857,6.25133,0.75955,14.64844,0.00000,0.20676,0.98077,0.00000,0.40148,0.23872,124.03570,0.88235,0.00000,0.98256,6.95522,0.93316,2.60417,0.00000,0.37847,0.88235,0.00000,0.10308,0.53711,76.30016,0.93103,0.00000,0.97765,6.46229,0.97114,7.81250,0.00000,0.35676,0.93103,0.03750,0.43403,0.29839,281.05610,0.27778,0.00000,0.99091,7.39888,0.59679,0.32552,0.00000,0.36352,0.27778,0.00000,0.55339
280,0.3726,15538176,13778,0.00719,5.00e-04,0.2788,200.3061,0.54796,147.69583,0.69845,0.03528,0.94252,6.96884,0.82104,8.30078,0.00000,0.31866,0.66317,0.02077,0.41413,0.65104,320.16396,0.13333,0.13333,0.95270,8.40364,0.80295,0.00000,0.00000,0.42954,0.00000,0.00000,0.60221,0.83008,30.88114,1.00000,0.01493,0.81761,6.20989,0.86263,20.18229,0.00000,0.17209,0.98507,0.07812,0.34722,0.69444,55.68483,0.95918,0.00000,0.93617,6.53822,0.76497,13.34635,0.00000,0.21991,0.95918,0.00000,0.42318,0.25499,142.05241,0.79167,0.04167,0.97487,6.78119,1.07964,4.23177,0.00000,0.38825,0.75000,0.00000,0.08138,0.54796,71.55647,0.95652,0.02174,0.99379,6.47431,0.87348,11.06771,0.00000,0.33654,0.93478,0.04651,0.46658,0.30924,265.83616,0.35000,0.00000,0.98000,7.40576,0.54253,0.97656,0.00000,0.36562,0.35000,0.00000,0.56424
281,0.3737,15593472,13517,0.00820,5.00e-04,0.2786,215.7672,0.59498,160.43185,0.64035,0.00000,0.93450,6.88082,0.88704,7.21571,0.00000,0.32576,0.64035,0.01028,0.42046,0.79753,356.38408,0.00000,0.00000,0.94595,8.41816,1.00369,0.00000,0.00000,0.44900,0.00000,0.00000,0.78125,0.94944,26.42611,1.00000,0.00000,0.81595,6.39244,0.88433,15.62500,0.00000,0.16747,1.00000,0.03226,0.33637,0.75955,43.61956,0.97959,0.00000,0.91875,6.32611,0.86806,13.02083,0.00000,0.23500,0.97959,0.00000,0.40690,0.27127,178.52256,0.70000,0.00000,0.96296,6.66067,1.02539,3.90625,0.00000,0.38215,0.70000,0.00000,0.09223,0.46658,74.07948,0.97500,0.00000,0.96341,6.17891,0.88976,10.09115,0.00000,0.32309,0.97500,0.02941,0.36892,0.32552,283.55930,0.18750,0.00000,1.00000,7.30864,0.65104,0.65104,0.00000,0.39788,0.18750,0.00000,0.53711
282,0.3748,15648768,13682,0.00922,5.00e-04,0.2785,176.1969,0.57961,156.30779,0.66677,0.01488,0.93859,6.96259,0.84455,7.10720,0.00000,0.32376,0.65189,0.02990,0.44488,0.80295,340.56237,0.00000,0.00000,0.92442,8.39660,0.93316,0.00000,0.00000,0.45728,0.00000,0.00000,0.74870,0.83550,27.60858,1.00000,0.05085,0.84768,6.35559,0.81923,15.62500,0.00000,0.15734,0.94915,0.11765,0.36892,0.69987,40.47242,0.97500,0.00000,0.91139,6.31013,0.85720,12.04427,0.00000,0.23928,0.97500,0.00000,0.36350,0.29839,161.18517,0.76923,0.03846,0.97436,6.86350,1.05794,4.23177,0.00000,0.39674,0.73077,0.00000,0.13563,0.45030,79.13497,0.94872,0.00000,0.97368,6.39975,0.82465,9.76563,0.00000,0.31362,0.94872,0.06173,0.43945,0.39062,288.88323,0.30769,0.00000,1.00000,7.44998,0.57509,0.97656,0.00000,0.37829,0.30769,0.00000,0.61306
283,0.3760,15704064,13500,0.00925,5.00e-04,0.2783,181.4919,0.58684,154.17426,0.67933,0.02103,0.93755,6.94315,0.85901,7.59549,0.00000,0.32386,0.65829,0.01778,0.40690,0.75412,354.60787,0.00000,0.00000,0.91477,8.22323,0.95486,0.00000,0.00000,0.45749,0.00000,0.00000,0.71615,0.68359,28.14448,1.00000,0.08621,0.85714,6.47982,0.79753,15.29948,0.00000,0.13793,0.91379,0.06122,0.26584,0.84093,51.02209,1.00000,0.00000,0.92903,6.64034,0.84093,13.67188,0.00000,0.26059,1.00000,0.00000,0.45030,0.27669,164.77996,0.72000,0.04000,0.97238,6.67841,0.98199,4.55729,0.00000,0.37893,0.68000,0.00000,0.12478,0.52626,82.50771,0.97500,0.00000,0.97576,6.38727,0.89518,9.76563,0.00000,0.32382,0.97500,0.04545,0.35807,0.43945,243.98344,0.38095,0.00000,0.97619,7.24984,0.68359,2.27865,0.00000,0.38440,0.38095,0.00000,0.52626
284,0.3772,15759360,12932,0.01249,5.00e-04,0.2781,204.1498,0.59498,153.29320,0.64621,0.02469,0.93042,6.89806,0.80838,7.43273,0.00000,0.32229,0.62151,0.01558,0.44488,0.81380,340.32770,0.00000,0.00000,0.91935,8.33502,1.00911,0.00000,0.00000,0.45601,0.00000,0.00000,0.73242,0.84093,20.61330,1.00000,0.00000,0.81208,6.43909,0.80838,18.22917,0.00000,0.17626,1.00000,0.04938,0.43945,0.72700,35.91281,1.00000,0.02500,0.90769,6.27453,0.70530,10.41667,0.00000,0.20917,0.97500,0.00000,0.51541,0.28212,157.22165,0.74194,0.03226,0.97740,6.66104,0.96029,5.53385,0.00000,0.38021,0.70968,0.00000,0.11936,0.53711,60.52468,0.95349,0.00000,0.96599,6.39090,0.79753,10.09115,0.00000,0.33715,0.95349,0.04412,0.36892,0.36892,305.15907,0.18182,0.09091,1.00000,7.28776,0.56966,0.32552,0.00000,0.37493,0.09091,0.00000,0.49371
285,0.3783,15814656,13772,0.00959,5.00e-04,0.2780,197.3749,0.53078,168.36402,0.62680,0.02361,0.92673,6.95841,0.83550,7.05295,0.00000,0.32758,0.60320,0.01643,0.43132,0.73242,332.48930,0.04762,0.04762,0.91713,8.35194,0.98199,0.00000,0.00000,0.44506,0.00000,0.00000,0.73785,0.74870,25.04801,0.98361,0.03279,0.76056,6.61756,0.77040,15.29948,0.00000,0.18932,0.95082,0.05263,0.30924,0.65647,39.72206,0.97959,0.06122,0.92308,6.10400,0.77582,13.99740,0.00000,0.22095,0.91837,0.00000,0.40148,0.15191,204.15383,0.66667,0.00000,0.98837,6.93432,0.93316,4.55729,0.00000,0.38599,0.66667,0.00000,0.13021,0.52083,85.14804,1.00000,0.00000,0.97126,6.29619,0.94401,8.13802,0.00000,0.33825,1.00000,0.04598,0.47201,0.37435,323.62288,0.08333,0.00000,1.00000,7.44647,0.60764,0.32552,0.00000,0.38591,0.08333,0.00000,0.53711
286,0.3794,15869952,13719,0.01302,3.47e-04,0.2778,176.1691,0.57509,166.15772,0.67403,0.00808,0.93653,6.92414,0.84545,7.86675,0.00000,0.32231,0.66595,0.02453,0.41866,0.80838,353.08716,0.00000,0.00000,0.95625,8.43289,0.86806,0.00000,0.00000,0.45055,0.00000,0.00000,0.68902,0.80295,32.67091,1.00000,0.03030,0.79290,6.26426,0.91688,18.55469,0.00000,0.15618,0.96970,0.09589,0.39605,0.68359,54.03088,0.96364,0.01818,0.94805,6.38617,0.83550,14.97396,0.00000,0.24864,0.94545,0.00000,0.37977,0.26042,224.47108,0.68182,0.00000,0.95858,6.90419,0.91688,3.58073,0.00000,0.38697,0.68182,0.00000,0.10308,0.58594,63.42393,0.94872,0.00000,0.96341,6.14718,0.88976,8.13802,0.00000,0.31975,0.94872,0.05128,0.42318,0.30924,269.26235,0.45000,0.00000,1.00000,7.41014,0.64562,1.95313,0.00000,0.37175,0.45000,0.00000,0.52083
287,0.3806,15925248,13537,0.01090,5.00e-04,0.2776,182.6611,0.61306,152.16014,0.67093,0.00671,0.90835,6.84028,0.85540,7.10720,0.00000,0.32383,0.66422,0.02100,0.41413,0.87891,348.93936,0.06250,0.00000,0.87006,8.20043,0.96029,0.32552,0.00000,0.45327,0.06250,0.00000,0.80838,0.96029,30.27536,1.00000,0.01587,0.80147,6.37497,0.73785,17.57812,0.00000,0.15851,0.98413,0.05455,0.29839,0.67274,42.71224,0.97561,0.02439,0.86228,6.31171,0.90603,11.71875,0.00000,0.24735,0.95122,0.00000,0.45030,0.30924,157.60115,0.68750,0.00000,0.97917,6.72550,1.04167,3.25521,0.00000,0.39450,0.68750,0.00000,0.12478,0.56966,48.88870,1.00000,0.00000,0.93711,6.12620,0.86263,9.44010,0.00000,0.30535,1.00000,0.07143,0.37977,0.28754,284.54402,0.30000,0.00000,1.00000,7.30289,0.62391,0.32552,0.00000,0.38397,0.30000,0.00000,0.42318
288,0.3817,15980544,13599,0.01063,5.00e-04,0.2775,176.3508,0.57509,160.25674,0.65406,0.02711,0.90883,6.87311,0.87710,8.24653,0.00000,0.32364,0.62695,0.01308,0.45030,0.84093,345.15072,0.00000,0.00000,0.92823,8.25317,1.13390,0.00000,0.00000,0.47300,0.00000,0.00000,0.80295,0.77582,23.23189,1.00000,0.01818,0.72109,6.40792,0.79753,15.95052,0.00000,0.17532,0.98182,0.02857,0.37977,0.63477,42.42599,1.00000,0.03922,0.90345,6.14840,0.78668,14.97396,0.00000,0.20842,0.96078,0.00000,0.43945,0.31467,174.01681,0.73684,0.10526,0.95074,6.71767,1.10135,3.90625,0.00000,0.37836,0.63158,0.00000,0.12478,0.53711,66.11437,1.00000,0.00000,0.95745,6.22504,0.76497,13.99740,0.00000,0.31856,1.00000,0.04000,0.40690,0.34722,310.60065,0.18750,0.00000,0.99200,7.48645,0.67817,0.65104,0.00000,0.38820,0.18750,0.00990,0.54796
289,0.3829,16035840,13733,0.01124,5.00e-04,0.2773,191.5271,0.58955,150.97067,0.66612,0.02082,0.92982,6.93939,0.85811,7.37847,0.00000,0.31896,0.64530,0.01014,0.41775,0.74870,353.84998,0.00000,0.00000,0.95808,8.50859,0.90603,0.00000,0.00000,0.44092,0.00000,0.00725,0.74870,0.86806,30.41342,1.00000,0.01562,0.78808,6.47672,0.81923,18.22917,0.00000,0.18565,0.98438,0.04167,0.26042,0.71615,39.91199,1.00000,0.02083,0.91503,6.39625,0.83008,13.67188,0.00000,0.23007,0.97917,0.00000,0.37435,0.36892,116.37288,0.90000,0.05000,0.97906,6.60723,1.03624,4.23177,0.00000,0.36132,0.85000,0.00000,0.17904,0.50456,65.87074,0.94286,0.00000,0.93865,6.34339,0.88433,7.48698,0.00000,0.30889,0.94286,0.01190,0.45573,0.33095,299.40501,0.15385,0.03846,1.00000,7.30418,0.67274,0.65104,0.00000,0.38695,0.11538,0.00000,0.48828
290,0.3840,16091136,13609,0.01050,5.00e-04,0.2770,187.5956,0.59408,150.92090,0.66273,0.02560,0.90790,6.87771,0.84274,7.54123,0.00000,0.31876,0.63713,0.03707,0.42318,0.72157,334.51364,0.06667,0.06667,0.82778,8.08595,0.97656,0.00000,0.00000,0.44775,0.00000,0.00000,0.73242,0.84635,24.98582,0.98507,0.01493,0.76812,6.58217,0.74870,17.57812,0.00000,0.16104,0.97015,0.15385,0.35265,0.74870,50.48708,0.95556,0.00000,0.92994,6.18774,0.85178,12.69531,0.00000,0.22737,0.95556,0.00000,0.46115,0.29839,114.00542,0.80952,0.04762,0.96154,6.83336,0.98741,3.90625,0.00000,0.38295,0.76190,0.04000,0.13563,0.55881,64.21243,0.95122,0.02439,0.96875,6.25011,0.86806,9.76563,0.00000,0.31524,0.92683,0.02857,0.37977,0.39062,317.32102,0.20833,0.00000,0.99130,7.32696,0.62391,1.30208,0.00000,0.37823,0.20833,0.00000,0.47743
291,0.3851,16146432,13634,0.00779,5.00e-04,0.2768,188.4988,0.58503,134.50013,0.75305,0.01382,0.91944,6.83587,0.86534,7.32422,0.00000,0.31598,0.73923,0.01850,0.41504,0.75955,299.73260,0.18750,0.06250,0.82812,8.06238,1.04167,0.32552,0.00000,0.45093,0.12500,0.00741,0.73242,0.96571,24.58091,0.97872,0.00000,0.83929,6.41020,0.91146,12.36979,0.00000,0.18445,0.97872,0.06250,0.34722,0.63477,46.05193,0.97959,0.02041,0.92617,6.08417,0.80838,13.99740,0.00000,0.20217,0.95918,0.00000,0.42860,0.25499,154.76422,0.84615,0.00000,0.96133,6.69657,0.98199,5.53385,0.00000,0.37762,0.84615,0.00000,0.13021,0.54796,44.74341,1.00000,0.00000,0.98611,6.56224,0.78125,9.11458,0.00000,0.30598,1.00000,0.04110,0.39605,0.34722,237.12772,0.52632,0.00000,0.97561,7.19964,0.66732,2.60417,0.00000,0.37475,0.52632,0.00000,0.45573
292,0.3863,16201728,13574,0.01060,5.00e-04,0.2767,212.2797,0.58413,156.30038,0.69387,0.02253,0.91977,6.86130,0.84816,6.45616,0.00000,0.31020,0.67134,0.02621,0.40781,0.69444,340.87454,0.00000,0.00000,0.90556,8.14175,0.97656,0.00000,0.00000,0.46000,0.00000,0.00000,0.71615,0.90061,32.11707,1.00000,0.02000,0.77564,6.33625,0.84635,12.69531,0.00000,0.17483,0.98000,0.10169,0.32010,0.68902,50.60175,1.00000,0.02564,0.90972,6.22417,0.78125,10.74219,0.00000,0.18353,0.97436,0.00000,0.43945,0.27669,172.25659,0.90476,0.00000,0.96450,6.59985,0.91688,4.55729,0.00000,0.35626,0.90476,0.00000,0.12478,0.55881,77.42168,0.94595,0.02703,0.96319,6.50205,0.88433,9.76563,0.00000,0.31044,0.91892,0.05556,0.39062,0.38520,264.53064,0.31250,0.06250,1.00000,7.36375,0.68359,0.97656,0.00000,0.37611,0.25000,0.00000,0.45573
293,0.3874,16257024,13624,0.01214,5.00e-04,0.2766,183.3386,0.61759,150.22905,0.66297,0.00841,0.93363,6.92431,0.81380,8.24653,0.00000,0.31355,0.65456,0.01356,0.40690,0.73785,335.85320,0.08696,0.00000,0.89474,8.37602,0.92773,0.65104,0.00000,0.44880,0.08696,0.00000,0.77040,0.91688,23.50649,1.00000,0.01538,0.83465,6.44783,0.68902,17.90365,0.00000,0.16343,0.98462,0.04082,0.26584,0.69444,46.55235,0.91228,0.03509,0.94231,6.27619,0.84635,14.97396,0.00000,0.21518,0.87719,0.00000,0.39062,0.30382,179.14410,0.71429,0.00000,0.96407,6.74464,0.90603,6.51042,0.00000,0.36108,0.71429,0.00000,0.09223,0.65647,66.01258,0.91429,0.00000,0.97403,6.31398,0.83550,7.81250,0.00000,0.31270,0.91429,0.04054,0.40148,0.39605,250.30557,0.35000,0.00000,0.99200,7.38721,0.67817,1.62760,0.00000,0.38011,0.35000,0.00000,0.52083
294,0.3885,16312320,13807,0.01045,5.00e-04,0.2764,210.8845,0.58051,154.99866,0.66038,0.00915,0.93019,6.90895,0.87439,8.02951,0.00000,0.32232,0.65123,0.02150,0.43945,0.75955,335.27024,0.00000,0.00000,0.87931,8.21796,0.94401,0.00000,0.00000,0.44383,0.00000,0.00662,0.81923,0.86806,26.99046,0.96429,0.00000,0.83688,6.34352,0.76497,14.97396,0.00000,0.17533,0.96429,0.05479,0.39605,0.65104,44.20656,0.96491,0.00000,0.94366,6.48818,0.77040,15.95052,0.00000,0.23100,0.96491,0.00000,0.41775,0.25499,190.38489,0.68571,0.02857,0.96059,6.79310,1.10135,5.53385,0.00000,0.36628,0.65714,0.00000,0.11936,0.64562,54.59000,0.94737,0.02632,0.96067,6.42860,0.96571,9.11458,0.00000,0.33274,0.92105,0.06757,0.40148,0.30382,278.54978,0.40000,0.00000,1.00000,7.18234,0.69987,2.60417,0.00000,0.38474,0.40000,0.00000,0.48286
295,0.3897,16367616,13685,0.01020,5.00e-04,0.2763,221.4274,0.56062,142.81914,0.71274,0.02172,0.93600,6.90210,0.91055,7.21571,0.00000,0.31746,0.69103,0.01699,0.41142,0.69444,324.11656,0.14286,0.07143,0.93750,8.28253,1.04167,0.00000,0.00000,0.45177,0.07143,0.00000,0.68359,0.87891,29.70245,1.00000,0.01887,0.79755,6.47743,0.88433,14.97396,0.00000,0.17787,0.98113,0.08929,0.30382,0.70530,41.74293,0.97619,0.00000,0.94578,6.39390,0.90061,12.36979,0.00000,0.24869,0.97619,0.00000,0.45573,0.27127,143.54798,0.80000,0.04000,0.97222,6.72969,0.97656,4.55729,0.00000,0.35686,0.76000,0.00000,0.11393,0.46658,61.09329,0.95000,0.00000,0.96296,6.08902,0.87891,9.11458,0.00000,0.28640,0.95000,0.01266,0.42860,0.34722,256.71164,0.40741,0.00000,1.00000,7.44003,0.78125,2.27865,0.00000,0.38316,0.40741,0.00000,0.48286
296,0.3908,16422912,13553,0.01155,5.00e-04,0.2761,209.8686,0.55610,160.84533,0.64959,0.01803,0.92469,6.96213,0.87529,8.24653,0.00000,0.31351,0.63156,0.02524,0.40148,0.69444,339.53009,0.00000,0.00000,0.92135,8.27772,0.96571,0.00000,0.00000,0.44443,0.00000,0.00000,0.73785,0.90061,30.92557,0.97368,0.05263,0.81333,6.62510,0.81380,18.55469,0.00000,0.16499,0.92105,0.09259,0.29297,0.64562,59.92506,0.97561,0.00000,0.88811,6.30594,0.77582,11.39323,0.00000,0.21698,0.97561,0.00000,0.40148,0.28754,177.98655,0.70968,0.00000,0.96354,6.74059,1.04167,6.18490,0.00000,0.38207,0.70968,0.00000,0.14648,0.50456,70.16395,0.96078,0.00000,0.96178,6.26884,0.85178,13.02083,0.00000,0.29667,0.96078,0.05882,0.36892,0.30382,286.54077,0.27778,0.05556,1.00000,7.55460,0.80295,0.32552,0.00000,0.37593,0.22222,0.00000,0.46115
297,0.3919,16478208,13583,0.02053,2.41e-04,0.2760,183.4033,0.57780,160.20933,0.66120,0.01611,0.92640,6.88712,0.84907,7.75825,0.00000,0.31257,0.64509,0.02033,0.43132,0.79753,347.99940,0.00000,0.00000,0.89950,8.29783,1.07964,0.00000,0.00000,0.45448,0.00000,0.00000,0.84635,0.85720,31.18068,1.00000,0.00000,0.81944,6.25409,0.78125,17.25260,0.00000,0.18779,1.00000,0.02985,0.36350,0.65104,42.33039,0.96667,0.01667,0.89510,6.19686,0.77582,16.60156,0.00000,0.21310,0.95000,0.00000,0.43945,0.28754,154.85954,0.72000,0.08000,0.97340,6.78740,1.01997,3.58073,0.00000,0.36762,0.64000,0.00000,0.09766,0.53711,66.67129,0.97619,0.00000,0.97931,6.42053,0.78668,7.48698,0.00000,0.28886,0.97619,0.09211,0.41233,0.33637,318.21465,0.30435,0.00000,0.99167,7.36598,0.65104,1.62760,0.00000,0.36359,0.30435,0.00000,0.42860
298,0.3931,16533504,13530,0.01258,2.89e-04,0.2759,189.5029,0.55791,149.37833,0.69610,0.03093,0.94080,7.04108,0.88071,7.32422,0.00000,0.32764,0.66517,0.01981,0.41142,0.64019,339.77665,0.04762,0.04762,0.90123,8.34393,0.87891,0.00000,0.00000,0.43119,0.00000,0.00000,0.65647,0.88433,30.89434,1.00000,0.04082,0.86335,6.70919,0.87348,13.67188,0.00000,0.18356,0.95918,0.06250,0.34722,0.64019,31.51849,1.00000,0.01887,0.92771,6.28219,0.90061,14.97396,0.00000,0.27128,0.98113,0.00000,0.41233,0.29839,147.74239,0.84211,0.05263,0.97753,6.82884,0.96571,4.23177,0.00000,0.37028,0.78947,0.00000,0.14648,0.50998,80.01116,0.97436,0.02564,0.98225,6.58909,0.91688,10.74219,0.00000,0.33132,0.94872,0.05634,0.38520,0.37435,266.32697,0.31250,0.00000,0.99275,7.49325,0.74870,0.32552,0.00000,0.37818,0.31250,0.00000,0.52083
299,0.3942,16588800,13770,0.00919,4.17e-04,0.2758,192.7759,0.56514,153.08577,0.69146,0.02723,0.91909,7.08719,0.88252,6.89019,0.00000,0.32736,0.66423,0.02220,0.43403,0.69987,329.40025,0.07143,0.07143,0.88950,8.32435,0.98199,0.00000,0.00000,0.42124,0.00000,0.00000,0.77582,0.78668,36.14172,1.00000,0.03846,0.77500,6.57490,0.86806,13.99740,0.00000,0.19305,0.96154,0.04110,0.39605,0.74870,61.89814,0.97778,0.02222,0.90667,6.48525,0.81380,12.69531,0.00000,0.23748,0.95556,0.00000,0.44488,0.30382,119.82255,0.92308,0.00000,0.97423,7.09199,1.05252,5.20833,0.00000,0.40273,0.92308,0.00000,0.12478,0.56966,57.61517,1.00000,0.03125,0.96914,6.63841,0.87891,8.78906,0.00000,0.33425,0.96875,0.09211,0.41233,0.28212,313.63680,0.17647,0.00000,1.00000,7.40825,0.69987,0.65104,0.00000,0.37543,0.17647,0.00000,0.45030
300,0.3954,16644096,13595,0.01056,5.00e-04,0.2757,196.4890,0.56152,152.04595,0.67785,0.02564,0.91631,7.00236,0.91508,7.43273,0.00000,0.32936,0.65221,0.01232,0.41775,0.70530,310.85533,0.16667,0.05556,0.86550,8.41797,0.92773,0.32552,0.00000,0.43294,0.11111,0.00000,0.75955,0.77582,22.09764,1.00000,0.03448,0.79012,6.38622,0.87891,15.95052,0.00000,0.19054,0.96552,0.04762,0.34180,0.67274,44.00577,0.97872,0.06383,0.90446,6.42778,0.85178,12.36979,0.00000,0.23987,0.91489,0.00000,0.39605,0.33637,198.30901,0.66667,0.00000,0.97423,6.83358,1.05252,3.25521,0.00000,0.38771,0.66667,0.00000,0.11393,0.55881,59.79179,0.97727,0.00000,0.96354,6.39323,1.04167,11.06771,0.00000,0.34390,0.97727,0.02632,0.41233,0.32010,277.21615,0.27778,0.00000,1.00000,7.55537,0.73785,1.62760,0.00000,0.38118,0.27778,0.00000,0.48286
301,0.3965,16699392,13616,0.01113,5.00e-04,0.2755,219.0321,0.54706,145.80545,0.71283,0.02356,0.90376,7.01346,0.87258,8.02951,0.00000,0.32881,0.68927,0.02292,0.43041,0.78668,318.17690,0.11765,0.05882,0.85326,8.35171,0.99826,0.00000,0.00000,0.45343,0.05882,0.00699,0.77582,0.79210,24.37685,1.00000,0.00000,0.76101,6.31872,0.86263,18.22917,0.00000,0.17636,1.00000,0.07792,0.41775,0.68902,45.06485,0.97872,0.02128,0.89542,6.48596,0.83008,13.02083,0.00000,0.25788,0.95745,0.00000,0.38520,0.23872,156.71178,0.80000,0.04000,0.96133,7.00357,0.98199,4.88281,0.00000,0.38993,0.76000,0.00000,0.13021,0.52083,64.22494,0.93617,0.02128,0.95152,6.37379,0.89518,10.41667,0.00000,0.32910,0.91489,0.05263,0.41233,0.25499,266.27740,0.44444,0.00000,1.00000,7.54701,0.66732,1.62760,0.00000,0.36613,0.44444,0.00000,0.46115
302,0.3977,16754688,13618,0.00856,5.00e-04,0.2753,236.4679,0.60673,151.09187,0.68433,0.03792,0.92005,6.92074,0.90965,7.86675,0.00000,0.33204,0.64640,0.01817,0.43945,0.81923,312.43961,0.12500,0.06250,0.83422,8.20305,1.01454,0.00000,0.00000,0.45759,0.06250,0.00000,0.78668,0.87891,25.28194,1.00000,0.05000,0.84810,6.22517,0.85720,15.29948,0.00000,0.19562,0.95000,0.04839,0.33637,0.70530,45.92241,1.00000,0.01923,0.92500,6.31852,0.86806,15.29948,0.00000,0.23640,0.98077,0.00000,0.48286,0.29839,184.17674,0.71429,0.07143,0.96635,6.79920,1.12847,4.55729,0.00000,0.41014,0.64286,0.00000,0.17904,0.54253,65.03206,1.00000,0.02439,0.95364,6.51065,0.81923,11.06771,0.00000,0.30937,0.97561,0.06061,0.35807,0.39605,273.69847,0.26667,0.00000,0.99296,7.46785,0.77040,0.97656,0.00000,0.38315,0.26667,0.00000,0.49371
303,0.3988,16809984,13706,0.00843,5.00e-04,0.2752,202.0950,0.55248,157.36291,0.64872,0.01727,0.92648,6.98417,0.86806,7.75825,0.00000,0.31863,0.63145,0.02831,0.44669,0.69987,331.72203,0.04000,0.00000,0.82873,8.27661,0.98199,0.32552,0.00000,0.45978,0.04000,0.00000,0.70530,0.81923,29.10138,0.98507,0.02985,0.82911,6.74184,0.85720,16.92708,0.00000,0.17256,0.95522,0.09091,0.35807,0.61849,44.48196,0.97917,0.00000,0.94118,6.35068,0.73785,12.69531,0.00000,0.21755,0.97917,0.00000,0.42860,0.31467,173.03764,0.69697,0.03030,0.97207,6.57786,0.97114,5.53385,0.00000,0.36260,0.66667,0.00000,0.18989,0.51541,80.52084,0.93023,0.00000,0.98780,6.41922,0.88976,9.76563,0.00000,0.32054,0.93023,0.07895,0.41233,0.34722,285.31360,0.26087,0.04348,1.00000,7.53882,0.77040,1.30208,0.00000,0.37876,0.21739,0.00000,0.58594
304,0.3999,16865280,13754,0.00924,5.00e-04,0.2750,206.4953,0.55429,150.09159,0.66746,0.01643,0.91113,7.07179,0.89428,7.75825,0.00000,0.32844,0.65104,0.02934,0.43493,0.68902,340.71772,0.00000,0.00000,0.85632,8.41170,0.94401,0.00000,0.00000,0.45605,0.00000,0.00000,0.74327,0.73242,33.34573,0.96923,0.06154,0.79167,6.75910,0.78125,18.88021,0.00000,0.18951,0.90769,0.11290,0.33637,0.69444,54.49637,0.98000,0.00000,0.88199,6.37544,0.87348,14.32292,0.00000,0.23326,0.98000,0.00000,0.44488,0.29297,144.64308,0.85185,0.00000,0.97740,6.83276,0.96029,4.88281,0.00000,0.37023,0.85185,0.00000,0.10851,0.59136,62.58401,0.92593,0.03704,0.96571,6.50311,0.94944,6.83594,0.00000,0.32599,0.88889,0.06316,0.51541,0.32552,264.76264,0.27778,0.00000,0.99367,7.54864,0.85720,1.62760,0.00000,0.39558,0.27778,0.00000,0.46115
305,0.4010,16920576,13607,0.00819,5.00e-04,0.2749,204.3355,0.59136,147.34206,0.66512,0.03613,0.92937,7.06335,0.87981,8.35503,0.00000,0.33078,0.62899,0.02518,0.41504,0.84635,307.33665,0.13333,0.06667,0.90270,8.42279,1.00369,0.00000,0.00000,0.45486,0.06667,0.00000,0.77040,0.92231,25.11907,1.00000,0.01389,0.83784,6.71031,0.80295,20.50781,0.00000,0.20679,0.98611,0.08163,0.26584,0.72157,35.96904,0.95833,0.02083,0.89865,6.45500,0.80295,12.69531,0.00000,0.26687,0.93750,0.00000,0.43945,0.28212,170.60761,0.73077,0.03846,0.94898,6.75165,1.06337,4.55729,0.00000,0.37028,0.69231,0.00000,0.15191,0.52083,63.17470,0.93750,0.00000,0.98802,6.48732,0.90603,12.04427,0.00000,0.32647,0.93750,0.06944,0.39062,0.25499,281.84531,0.23077,0.07692,1.00000,7.55301,0.69987,0.32552,0.00000,0.35940,0.15385,0.00000,0.47201
306,0.4022,16975872,13719,0.00762,5.00e-04,0.2748,241.1436,0.57599,140.30405,0.72745,0.00957,0.92236,7.09070,0.87439,7.54123,0.00000,0.32931,0.71787,0.00962,0.43312,0.76497,328.01846,0.06667,0.00000,0.84772,8.42530,1.06879,0.00000,0.00000,0.45599,0.06667,0.00000,0.85720,0.84093,27.49947,1.00000,0.00000,0.86364,6.58721,0.83550,12.36979,0.00000,0.19635,1.00000,0.03333,0.32552,0.74327,46.66965,0.97959,0.02041,0.89506,6.44945,0.87891,13.34635,0.00000,0.25844,0.95918,0.00000,0.39062,0.28754,134.40936,0.88889,0.03704,0.96571,6.90052,0.94944,6.18490,0.00000,0.36060,0.85185,0.00000,0.09223,0.49371,54.42853,0.97500,0.00000,0.96203,6.58937,0.85720,11.06771,0.00000,0.32861,0.97500,0.02439,0.44488,0.32552,250.79883,0.45455,0.00000,1.00000,7.59235,0.65647,2.27865,0.00000,0.37589,0.45455,0.00000,0.48828
307,0.4033,17031168,13646,0.00905,5.00e-04,0.2747,220.1123,0.56604,146.57530,0.71194,0.01629,0.92421,7.02451,0.90875,7.75825,0.00000,0.32850,0.69565,0.02501,0.42951,0.67274,315.54016,0.10000,0.00000,0.85870,8.31738,0.99826,0.32552,0.00000,0.45364,0.10000,0.00775,0.69987,0.93316,28.48854,0.98214,0.07143,0.83511,6.48680,1.01997,15.29948,0.00000,0.19924,0.91071,0.08824,0.36892,0.65104,46.08826,1.00000,0.00000,0.95570,6.36102,0.85720,14.32292,0.00000,0.25100,1.00000,0.00000,0.34722,0.26584,140.92205,0.78947,0.00000,0.95906,6.84367,0.92773,4.23177,0.00000,0.35291,0.78947,0.00000,0.17361,0.51541,55.69608,1.00000,0.02632,0.93671,6.42392,0.85720,11.06771,0.00000,0.32073,0.97368,0.05405,0.40148,0.35807,292.71673,0.40000,0.00000,1.00000,7.71427,0.79210,1.30208,0.00000,0.39347,0.40000,0.00000,0.58594
308,0.4044,17086464,14010,0.01120,5.00e-04,0.2746,173.8926,0.58232,136.02018,0.72167,0.06081,0.91980,7.08937,0.88524,9.00608,0.00000,0.33612,0.66087,0.01121,0.45030,0.70530,277.98813,0.23077,0.23077,0.82447,8.33589,1.01997,0.00000,0.00000,0.44539,0.00000,0.00000,0.74870,0.85178,30.03345,1.00000,0.01639,0.82143,6.67492,0.91146,18.22917,0.00000,0.20537,0.98361,0.04286,0.37977,0.69987,43.96630,0.98333,0.01667,0.93431,6.72581,0.74327,17.25260,0.00000,0.26803,0.96667,0.00000,0.50998,0.34722,159.76265,0.78261,0.00000,0.98485,6.96041,1.07422,5.20833,0.00000,0.38731,0.78261,0.00000,0.15734,0.55881,54.96373,1.00000,0.04545,0.96129,6.44984,0.84093,12.04427,0.00000,0.33449,0.95455,0.02439,0.44488,0.33095,249.40679,0.33333,0.05556,0.99248,7.38938,0.72157,1.30208,0.00000,0.37611,0.27778,0.00000,0.46115
309,0.4055,17141760,13969,0.01507,3.47e-04,0.2745,252.9239,0.57237,132.15495,0.74012,0.03134,0.92399,7.04946,0.88795,7.21571,0.00000,0.34175,0.70878,0.01320,0.43041,0.72157,293.58493,0.18750,0.12500,0.83889,8.42235,0.97656,0.32552,0.00000,0.46363,0.06250,0.00000,0.69444,0.79210,34.85993,1.00000,0.03448,0.85161,6.45848,0.84093,16.92708,0.00000,0.20121,0.96552,0.05479,0.39605,0.73242,52.28866,1.00000,0.02857,0.91667,6.46381,0.91146,10.41667,0.00000,0.26447,0.97143,0.00000,0.43403,0.28212,159.36834,0.68182,0.00000,0.94828,7.05104,0.94401,3.90625,0.00000,0.37326,0.68182,0.00000,0.15734,0.59679,52.81812,1.00000,0.00000,0.98851,6.25038,0.94401,10.41667,0.00000,0.35378,1.00000,0.02439,0.44488,0.30924,200.00973,0.57143,0.00000,1.00000,7.65068,0.71072,1.30208,0.00000,0.39416,0.57143,0.00000,0.45573
310,0.4066,17197056,13883,0.00951,5.00e-04,0.2743,252.8041,0.58684,156.29328,0.69296,0.01365,0.90792,7.00943,0.92050,7.16146,0.00000,0.34415,0.67932,0.02979,0.42499,0.78668,349.83801,0.00000,0.00000,0.83696,8.39608,0.99826,0.00000,0.00000,0.46980,0.00000,0.00000,0.69444,0.90603,34.35185,1.00000,0.01667,0.82993,6.57599,0.79753,17.57812,0.00000,0.20122,0.98333,0.12500,0.34722,0.66189,49.97421,0.97826,0.06522,0.86441,6.26173,0.96029,10.41667,0.00000,0.24840,0.91304,0.00000,0.40148,0.29839,153.46281,0.78125,0.00000,0.96000,6.73356,1.08507,5.20833,0.00000,0.38771,0.78125,0.00000,0.12478,0.56966,51.13530,0.96970,0.00000,0.95625,6.42891,0.86806,8.13802,0.00000,0.35386,0.96970,0.05376,0.50456,0.29839,298.99749,0.42857,0.00000,1.00000,7.66033,0.81380,1.62760,0.00000,0.40391,0.42857,0.00000,0.47743
311,0.4078,17252352,13787,0.01282,5.00e-04,0.2741,182.4272,0.56966,147.24000,0.71819,0.01172,0.93084,7.05178,0.89789,8.19227,0.00000,0.35389,0.70647,0.02095,0.42227,0.71615,301.40640,0.15385,0.00000,0.89362,8.41214,1.01997,0.32552,0.00000,0.48611,0.15385,0.00000,0.71072,0.77582,32.07890,1.00000,0.02273,0.84277,6.68883,0.86263,12.69531,0.00000,0.21629,0.97727,0.06897,0.31467,0.64562,45.43117,1.00000,0.00000,0.90714,6.57752,0.75955,15.29948,0.00000,0.25905,1.00000,0.01176,0.46115,0.32552,154.57786,0.80000,0.00000,0.96237,6.75998,1.00911,7.81250,0.00000,0.39217,0.80000,0.00000,0.11393,0.57509,73.58360,0.97436,0.00000,0.97917,6.50922,1.04167,11.06771,0.00000,0.36938,0.97436,0.04494,0.48286,0.37977,276.36205,0.38095,0.04762,1.00000,7.36301,0.69444,1.95313,0.00000,0.40032,0.33333,0.00000,0.45030
312,0.4089,17307648,13950,0.00889,5.00e-04,0.2740,218.2408,0.53892,155.25938,0.68796,0.01112,0.90646,6.99708,0.91779,7.86675,0.00000,0.34674,0.67684,0.02418,0.45302,0.68359,365.80133,0.00000,0.00000,0.87685,8.45154,1.10135,0.00000,0.00000,0.49536,0.00000,0.00000,0.75412,0.71072,29.21444,0.98592,0.01408,0.76048,6.41806,0.90603,19.53125,0.00000,0.20191,0.97183,0.05714,0.37977,0.72700,46.89384,1.00000,0.00000,0.89474,6.41536,0.82465,14.32292,0.00000,0.24252,1.00000,0.00000,0.48828,0.27669,149.75722,0.89474,0.05263,0.96316,6.73664,1.03082,4.23177,0.00000,0.39172,0.84211,0.00000,0.07595,0.55339,66.68225,0.93939,0.00000,0.95833,6.49484,0.91146,8.13802,0.00000,0.34524,0.93939,0.08791,0.49371,0.28212,273.20716,0.30769,0.00000,0.98519,7.46606,0.73242,0.97656,0.00000,0.40371,0.30769,0.00000,0.52626
313,0.4100,17362944,13858,0.01234,4.17e-04,0.2739,219.7266,0.55429,144.33597,0.74021,0.03152,0.91051,6.91155,0.92683,8.13802,0.00000,0.34373,0.70869,0.02148,0.38520,0.74327,322.04360,0.10000,0.10000,0.87192,8.40204,1.10135,0.00000,0.00000,0.49814,0.00000,0.00000,0.71072,0.75955,28.13862,1.00000,0.01587,0.76129,6.39398,0.84093,18.55469,0.00000,0.17414,0.98413,0.02439,0.22244,0.68359,52.39689,1.00000,0.05000,0.92466,6.35156,0.79210,11.39323,0.00000,0.23372,0.95000,0.00000,0.36350,0.27127,150.14339,0.95238,0.00000,0.95833,6.60807,1.04167,5.85938,0.00000,0.39478,0.95238,0.00000,0.14648,0.52083,64.14818,1.00000,0.02326,0.95322,6.22219,0.92773,11.71875,0.00000,0.33793,0.97674,0.10448,0.36350,0.34722,249.14516,0.38889,0.00000,0.99367,7.49149,0.85720,1.30208,0.00000,0.42367,0.38889,0.00000,0.50456
314,0.4111,17418240,14009,0.01015,5.00e-04,0.2737,207.7653,0.57147,156.34769,0.68754,0.00929,0.92272,7.08059,0.92502,8.02951,0.00000,0.35191,0.67824,0.01066,0.43493,0.71615,344.30203,0.05556,0.00000,0.88000,8.41260,1.08507,0.32552,0.00000,0.49694,0.05556,0.00000,0.75412,0.87891,34.24385,0.98462,0.03077,0.78528,6.64949,0.88433,18.55469,0.00000,0.19040,0.95385,0.02985,0.36350,0.68359,50.82973,1.00000,0.02500,0.91379,6.55215,0.94401,12.36979,0.00000,0.26821,0.97500,0.00000,0.41775,0.30924,145.31395,0.75000,0.00000,0.98315,6.85397,0.96571,4.88281,0.00000,0.39595,0.75000,0.00000,0.11936,0.53711,79.89166,0.97143,0.00000,0.99346,6.39230,0.83008,9.76563,0.00000,0.33181,0.97143,0.03409,0.47743,0.30382,283.50488,0.36364,0.00000,0.98065,7.62300,0.84093,2.27865,0.00000,0.42814,0.36364,0.00000,0.47743
315,0.4122,17473536,13921,0.01074,5.00e-04,0.2735,196.9458,0.56243,159.44802,0.66190,0.02955,0.92079,7.13019,0.88704,7.37847,0.00000,0.34829,0.63236,0.01462,0.42499,0.68902,355.07257,0.00000,0.00000,0.88108,8.50796,1.00369,0.00000,0.00000,0.49567,0.00000,0.00000,0.67817,0.71072,25.91439,1.00000,0.04839,0.80503,6.61076,0.86263,16.92708,0.00000,0.19504,0.95161,0.03509,0.30924,0.73242,43.61450,1.00000,0.06818,0.88489,6.55619,0.75412,13.02083,0.00000,0.24412,0.93182,0.00000,0.46115,0.36892,154.66464,0.82143,0.03571,0.98969,7.06870,1.05252,5.20833,0.00000,0.40443,0.78571,0.00000,0.11393,0.55881,58.86168,0.95000,0.02500,0.96407,6.45304,0.90603,8.13802,0.00000,0.33882,0.92500,0.05263,0.41233,0.31467,318.56035,0.20000,0.00000,1.00000,7.58449,0.74327,0.97656,0.00000,0.41169,0.20000,0.00000,0.57509
316,0.4133,17528832,13827,0.01126,3.47e-04,0.2733,239.8556,0.52535,155.23403,0.69011,0.00847,0.91435,7.04292,0.92502,7.59549,0.00000,0.35353,0.68163,0.03399,0.42046,0.49371,363.75793,0.00000,0.00000,0.88304,8.45715,0.92773,0.00000,0.00000,0.48979,0.00000,0.00000,0.66189,0.75955,26.93987,1.00000,0.05085,0.76571,6.51460,0.94944,16.60156,0.00000,0.21524,0.94915,0.12500,0.39062,0.73242,44.72311,0.97959,0.00000,0.92857,6.38033,0.91146,13.99740,0.00000,0.26742,0.97959,0.00000,0.42318,0.28754,143.82506,0.85714,0.00000,0.96237,6.70952,1.00911,4.23177,0.00000,0.40077,0.85714,0.00000,0.09766,0.56424,84.48128,0.97059,0.00000,0.94643,6.59702,0.91146,9.76563,0.00000,0.33366,0.97059,0.07895,0.41233,0.31467,267.67695,0.33333,0.00000,1.00000,7.59891,0.84093,0.97656,0.00000,0.41428,0.33333,0.00000,0.53711
317,0.4144,17584128,13929,0.01353,3.47e-04,0.2732,206.9612,0.55881,153.70841,0.66466,0.01232,0.92177,7.05084,0.90784,8.13802,0.00000,0.34986,0.65233,0.01904,0.42499,0.67817,351.08555,0.00000,0.00000,0.87302,8.52324,1.02539,0.00000,0.00000,0.48993,0.00000,0.00000,0.73242,0.84093,20.80953,1.00000,0.04762,0.78212,6.26657,0.97114,17.90365,0.00000,0.17692,0.95238,0.08955,0.36350,0.68902,46.11819,0.98148,0.00000,0.93151,6.51580,0.79210,14.97396,0.00000,0.26822,0.98148,0.00000,0.42318,0.32010,147.54194,0.80645,0.00000,0.97790,6.93806,0.98199,5.20833,0.00000,0.39516,0.80645,0.00000,0.09223,0.55339,58.78517,1.00000,0.02632,0.96610,6.40519,0.96029,10.41667,0.00000,0.35987,0.97368,0.02469,0.43945,0.27127,297.91009,0.20000,0.00000,1.00000,7.65618,0.71615,0.32552,0.00000,0.40904,0.20000,0.00000,0.49913
318,0.4156,17639424,14061,0.01069,5.00e-04,0.2730,200.7469,0.56424,164.66110,0.65221,0.01721,0.91135,7.00249,0.88976,6.94444,0.00000,0.35082,0.63501,0.04095,0.39786,0.64562,340.88910,0.08333,0.00000,0.89362,8.42770,1.01997,0.32552,0.00000,0.48210,0.08333,0.00000,0.71615,0.75412,24.10207,1.00000,0.03279,0.72353,6.13280,0.92231,17.25260,0.00000,0.18189,0.96721,0.13462,0.28212,0.74327,57.91424,1.00000,0.02500,0.89865,6.61535,0.80295,11.71875,0.00000,0.25744,0.97500,0.00000,0.39605,0.32552,195.08852,0.60000,0.00000,0.97701,6.97332,0.94401,4.23177,0.00000,0.40035,0.60000,0.00000,0.11393,0.60764,79.77194,0.91176,0.00000,0.97531,6.31782,0.87891,6.83594,0.00000,0.36177,0.91176,0.11111,0.43945,0.30924,290.20075,0.31818,0.04545,1.00000,7.54799,0.77040,1.30208,0.00000,0.42134,0.27273,0.00000,0.43945
319,0.4167,17694720,13686,0.00992,5.00e-04,0.2729,188.0439,0.57509,166.23407,0.63303,0.02687,0.92466,6.97749,0.90332,8.19227,0.00000,0.34239,0.60616,0.03440,0.42679,0.68359,352.72920,0.00000,0.00000,0.87895,8.44355,1.03082,0.00000,0.00000,0.48397,0.00000,0.00000,0.65647,0.96029,22.96776,1.00000,0.00000,0.83766,6.62347,0.83550,23.11198,0.00000,0.19635,1.00000,0.13043,0.37435,0.61306,48.24456,0.98000,0.04000,0.91411,6.30726,0.88433,13.67188,0.00000,0.24111,0.94000,0.00000,0.45030,0.35265,166.12882,0.68182,0.09091,0.94241,6.87142,1.03624,2.60417,0.00000,0.38235,0.59091,0.00000,0.16276,0.55339,91.36599,0.96970,0.03030,0.97484,6.16942,0.86263,9.11458,0.00000,0.33628,0.93939,0.07595,0.42860,0.28754,315.96810,0.16667,0.00000,1.00000,7.44984,0.77040,0.65104,0.00000,0.41430,0.16667,0.00000,0.48828
320,0.4178,17750016,13824,0.00753,5.00e-04,0.2727,217.2559,0.54525,163.33145,0.65368,0.00265,0.92434,6.93061,0.93316,8.46354,0.00000,0.34310,0.65104,0.03385,0.40509,0.64019,350.02300,0.00000,0.00000,0.90323,8.43010,1.00911,0.00000,0.00000,0.47880,0.00000,0.00000,0.67274,0.87348,26.00914,1.00000,0.01587,0.82166,6.65299,0.85178,18.55469,0.00000,0.22561,0.98413,0.08621,0.31467,0.64562,49.20954,1.00000,0.00000,0.90968,6.12575,0.84093,16.27604,0.00000,0.22199,1.00000,0.00000,0.41775,0.33637,158.09077,0.79167,0.00000,0.95455,6.61096,1.19358,4.23177,0.00000,0.38298,0.79167,0.00000,0.12478,0.48286,58.13671,1.00000,0.00000,0.96364,6.08909,0.89518,10.74219,0.00000,0.33621,1.00000,0.11688,0.41775,0.29297,338.51953,0.13043,0.00000,0.99329,7.67477,0.80838,0.97656,0.00000,0.41301,0.13043,0.00000,0.48286
321,0.4189,17805312,13861,0.01129,5.00e-04,0.2726,227.9240,0.56604,159.46989,0.63679,0.02263,0.91622,6.91242,0.86534,7.21571,0.00000,0.34314,0.61415,0.03315,0.39876,0.66189,345.12679,0.00000,0.00000,0.85246,8.28754,0.99284,0.00000,0.00000,0.48951,0.00000,0.00000,0.64562,0.99284,28.64536,1.00000,0.02128,0.81609,6.26435,0.94401,13.34635,0.00000,0.20595,0.97872,0.11290,0.33637,0.66189,44.89572,1.00000,0.01754,0.86014,6.13508,0.77582,15.95052,0.00000,0.24546,0.98246,0.00000,0.30924,0.30924,151.21572,0.72414,0.03448,0.98901,6.87134,0.98741,4.88281,0.00000,0.38692,0.68966,0.00000,0.16819,0.49913,65.43488,0.90909,0.00000,0.97959,6.30192,0.79753,8.78906,0.00000,0.33030,0.90909,0.08602,0.50456,0.27127,321.50089,0.18750,0.06250,1.00000,7.61426,0.69444,0.32552,0.00000,0.40070,0.12500,0.00000,0.42860
322,0.4200,17860608,13860,0.00815,5.00e-04,0.2725,222.3371,0.52445,155.93002,0.65451,0.01109,0.90939,6.91861,0.89157,8.62630,0.00000,0.34761,0.64342,0.00833,0.39786,0.59136,324.53665,0.05882,0.00000,0.87755,8.37196,1.06337,0.32552,0.00000,0.49373,0.05882,0.00000,0.68902,0.78125,25.40837,0.98462,0.04615,0.77397,6.26132,0.79210,18.22917,0.00000,0.19164,0.93846,0.00000,0.33095,0.67817,47.88434,1.00000,0.02041,0.89744,6.33626,0.84635,14.97396,0.00000,0.25799,0.97959,0.00000,0.44488,0.30924,141.84910,0.75862,0.00000,0.96471,6.60333,0.92231,5.85938,0.00000,0.38205,0.75862,0.00000,0.10851,0.49913,68.90553,1.00000,0.00000,0.94268,6.16783,0.85178,11.71875,0.00000,0.34786,1.00000,0.05000,0.43403,0.28754,326.99612,0.12500,0.00000,1.00000,7.77097,0.87348,0.65104,0.00000,0.41241,0.12500,0.00000,0.37977
323,0.4212,17915904,13773,0.00742,5.00e-04,0.2724,202.6369,0.57780,164.91447,0.68631,0.00725,0.91470,6.90725,0.91055,8.02951,0.00000,0.34711,0.67906,0.02887,0.42679,0.61306,349.44258,0.00000,0.00000,0.87222,8.46649,0.97656,0.00000,0.00000,0.49295,0.00000,0.00000,0.64562,0.88976,30.84485,1.00000,0.04348,0.82609,6.38916,0.87348,18.88021,0.00000,0.20753,0.95652,0.07463,0.36350,0.70530,49.87742,1.00000,0.00000,0.86076,6.04770,0.85720,12.69531,0.00000,0.23981,1.00000,0.00000,0.41775,0.30382,185.45869,0.87500,0.00000,0.97030,6.62197,1.09592,4.23177,0.00000,0.38344,0.87500,0.00000,0.20074,0.62934,72.65369,0.97619,0.00000,0.95882,6.37185,0.92231,11.39323,0.00000,0.35252,0.97619,0.09859,0.38520,0.32552,301.20960,0.26667,0.00000,1.00000,7.54633,0.73785,0.97656,0.00000,0.40642,0.26667,0.00000,0.54796
324,0.4223,17971200,13842,0.00667,5.00e-04,0.2722,194.6062,0.56966,134.13987,0.73143,0.01925,0.91114,6.95225,0.93949,8.46354,0.00000,0.34927,0.71218,0.01310,0.43674,0.73242,286.13116,0.18750,0.06250,0.88038,8.45001,1.13390,0.32552,0.00000,0.50264,0.12500,0.00000,0.73242,0.77582,28.35325,1.00000,0.01852,0.79882,6.77915,0.91688,16.92708,0.00000,0.23571,0.98148,0.04286,0.37977,0.72700,41.75578,0.96610,0.00000,0.87075,6.22402,0.79753,18.22917,0.00000,0.21987,0.96610,0.00000,0.39605,0.27669,142.74915,0.83333,0.00000,0.96237,6.61860,1.00911,5.53385,0.00000,0.37106,0.83333,0.00000,0.14106,0.62934,65.85674,0.93103,0.03448,0.95455,6.04221,0.95486,8.13802,0.00000,0.34364,0.89655,0.03571,0.45573,0.27669,239.99311,0.47059,0.00000,1.00000,7.59951,0.82465,1.62760,0.00000,0.42271,0.47059,0.00000,0.51541
325,0.4234,18026496,13752,0.00733,5.00e-04,0.2721,190.9438,0.52716,136.76903,0.70982,0.01056,0.90943,6.93452,0.92050,9.11458,0.00000,0.35402,0.69926,0.03576,0.39243,0.57509,314.55649,0.10000,0.05000,0.83163,8.37727,1.06337,0.32552,0.00000,0.49719,0.05000,0.00000,0.67274,0.78125,26.34423,1.00000,0.01333,0.77160,6.21818,0.87891,20.83333,0.00000,0.22703,0.98667,0.13235,0.36892,0.70530,38.79028,0.98039,0.00000,0.89437,6.27300,0.77040,14.97396,0.00000,0.24315,0.98039,0.00000,0.34722,0.29297,134.04283,0.89655,0.00000,0.98565,6.76766,1.13390,5.85938,0.00000,0.39764,0.89655,0.00000,0.14106,0.58051,62.49263,0.90698,0.00000,0.97333,6.28800,0.81380,11.39323,0.00000,0.33042,0.90698,0.08219,0.39605,0.22786,244.38770,0.37500,0.00000,1.00000,7.68300,0.86263,1.30208,0.00000,0.42867,0.37500,0.00000,0.42860
326,0.4245,18081792,13773,0.00792,5.00e-04,0.2720,194.0067,0.50004,155.00968,0.67562,0.00000,0.92423,6.92439,0.90422,8.19227,0.00000,0.35928,0.67562,0.02164,0.41142,0.60764,372.29904,0.00000,0.00000,0.86154,8.45991,1.05794,0.00000,0.00000,0.49662,0.00000,0.00000,0.72700,0.73785,29.82015,0.98361,0.00000,0.81548,6.58529,0.91146,17.57812,0.00000,0.25378,0.98361,0.04412,0.36892,0.66189,31.19197,1.00000,0.00000,0.93976,6.29201,0.90061,13.99740,0.00000,0.26862,1.00000,0.00000,0.40690,0.30924,163.37394,0.72414,0.00000,0.96175,6.65769,0.99284,5.85938,0.00000,0.38251,0.72414,0.00000,0.13563,0.44488,75.03766,0.94595,0.00000,0.96689,5.92358,0.81923,10.09115,0.00000,0.32699,0.94595,0.08571,0.37977,0.23872,258.33533,0.40000,0.00000,1.00000,7.62788,0.74327,1.62760,0.00000,0.42717,0.40000,0.00000,0.45030
327,0.4257,18137088,13306,0.01101,4.17e-04,0.2719,210.2995,0.54163,161.04634,0.66425,0.01416,0.93348,7.01867,0.92321,8.46354,0.00000,0.35285,0.65009,0.03185,0.43855,0.66189,354.51355,0.00000,0.00000,0.89474,8.44523,1.13390,0.00000,0.00000,0.50370,0.00000,0.00000,0.76497,0.86806,24.93444,1.00000,0.01923,0.82857,6.63881,0.94944,13.67188,0.00000,0.21892,0.98077,0.09231,0.35265,0.69987,41.44658,1.00000,0.03125,0.95683,6.30566,0.75412,18.88021,0.00000,0.24001,0.96875,0.00000,0.40148,0.35265,149.47059,0.75862,0.03448,0.96648,6.69595,0.97114,5.20833,0.00000,0.37733,0.72414,0.00000,0.15734,0.40148,75.85638,0.94118,0.00000,0.95425,6.28168,0.83008,12.69531,0.00000,0.33557,0.94118,0.09877,0.43945,0.26584,320.05650,0.28571,0.00000,1.00000,7.74471,0.90061,0.32552,0.00000,0.44155,0.28571,0.00000,0.51541
328,0.4269,18192384,13248,0.00804,5.00e-04,0.2718,229.1885,0.52174,166.01869,0.63336,0.01634,0.90952,6.87702,0.86263,8.19227,0.00000,0.34115,0.61702,0.01412,0.39695,0.60221,345.13188,0.04762,0.04762,0.87912,8.37785,0.98741,0.00000,0.00000,0.48567,0.00000,0.00806,0.67274,0.72157,35.48107,1.00000,0.01471,0.76000,6.43159,0.81380,19.85677,0.00000,0.18378,0.98529,0.01695,0.32010,0.69444,45.37163,0.98113,0.00000,0.90780,6.09869,0.76497,14.97396,0.00000,0.25876,0.98113,0.00000,0.37435,0.35807,198.25092,0.67857,0.03571,0.97765,6.62687,0.97114,3.90625,0.00000,0.37661,0.64286,0.00000,0.14106,0.48828,48.05517,0.95000,0.00000,0.93252,6.16302,0.88433,9.44010,0.00000,0.32562,0.95000,0.05970,0.36350,0.26584,323.82145,0.14286,0.00000,1.00000,7.56412,0.75412,0.97656,0.00000,0.41645,0.14286,0.00000,0.50998
329,0.4280,18247680,13669,0.00873,5.00e-04,0.2717,198.9517,0.52535,150.72498,0.68637,0.03660,0.91810,6.88602,0.83370,9.65712,0.00000,0.34315,0.64977,0.01786,0.40961,0.57509,356.24021,0.00000,0.00000,0.85795,8.41254,0.95486,0.00000,0.00000,0.48270,0.00000,0.00000,0.67817,0.75412,36.23957,1.00000,0.02410,0.82313,6.23667,0.79753,22.78646,0.00000,0.19247,0.97590,0.04545,0.23872,0.67274,37.00113,0.97959,0.02041,0.90076,6.58579,0.71072,13.67188,0.00000,0.25555,0.95918,0.00000,0.45030,0.35807,157.07143,0.78571,0.03571,0.96571,6.50839,0.94944,6.51042,0.00000,0.37308,0.75000,0.00000,0.15191,0.59679,52.57348,1.00000,0.02174,0.96104,5.92782,0.83550,13.99740,0.00000,0.33640,0.97826,0.06173,0.43945,0.19531,265.22406,0.35294,0.11765,1.00000,7.64490,0.75412,0.97656,0.00000,0.41868,0.23529,0.00000,0.49913
330,0.4292,18302976,12949,0.00795,5.00e-04,0.2715,214.3476,0.53440,156.56935,0.68752,0.01687,0.92483,6.90820,0.88976,6.40191,0.00000,0.35042,0.67065,0.02395,0.43584,0.59136,347.24577,0.06667,0.00000,0.86441,8.40604,0.96029,0.32552,0.00000,0.48844,0.06667,0.00000,0.68902,0.77582,35.85109,0.98077,0.03846,0.84615,6.58324,0.84635,13.34635,0.00000,0.21123,0.94231,0.07143,0.37977,0.70530,44.54347,0.97368,0.00000,0.90244,6.33842,0.88976,10.74219,0.00000,0.25578,0.97368,0.00000,0.46115,0.32552,131.87401,0.82143,0.03571,0.95506,6.39682,0.96571,4.55729,0.00000,0.38285,0.78571,0.00000,0.13021,0.54253,80.29689,0.91892,0.02703,0.98788,6.08217,0.89518,8.46354,0.00000,0.34207,0.89189,0.07229,0.45030,0.26584,299.60485,0.36364,0.00000,0.99306,7.64248,0.78125,0.97656,0.00000,0.42215,0.36364,0.00000,0.50456
331,0.4304,18358272,13318,0.00731,5.00e-04,0.2713,207.6093,0.53982,154.91565,0.67312,0.01944,0.89951,6.99977,0.89066,7.70399,0.00000,0.34188,0.65367,0.01917,0.42589,0.65104,304.82350,0.13333,0.06667,0.84746,8.34293,0.96029,0.00000,0.00000,0.46779,0.06667,0.00000,0.69444,0.71072,27.42127,1.00000,0.05000,0.75141,6.45211,0.96029,17.25260,0.00000,0.20104,0.95000,0.04444,0.24414,0.68902,49.14206,0.98077,0.00000,0.85897,6.30940,0.84635,13.99740,0.00000,0.22982,0.98077,0.00000,0.45573,0.28754,153.20374,0.76190,0.00000,0.96739,6.81683,0.99826,4.23177,0.00000,0.38010,0.76190,0.00000,0.18446,0.58594,70.44720,0.97222,0.00000,0.97183,6.38576,0.77040,9.44010,0.00000,0.34284,0.97222,0.07059,0.46115,0.31467,324.45610,0.19048,0.00000,1.00000,7.69161,0.80838,1.30208,0.00000,0.42972,0.19048,0.00000,0.51541
332,0.4315,18413568,13530,0.01038,5.00e-04,0.2712,207.4614,0.52897,150.03890,0.69525,0.00000,0.90213,6.93289,0.89337,9.71137,0.00000,0.34702,0.69525,0.03549,0.39153,0.59679,358.76824,0.09091,0.00000,0.86517,8.27903,0.96571,0.32552,0.00000,0.47731,0.09091,0.00000,0.70530,0.74870,15.64542,1.00000,0.00000,0.81579,6.66562,0.82465,23.76302,0.00000,0.21129,1.00000,0.08621,0.31467,0.63477,35.43830,1.00000,0.00000,0.82911,6.22724,0.85720,20.18229,0.00000,0.26742,1.00000,0.00000,0.39062,0.37977,124.16605,0.84615,0.00000,0.93956,6.65506,0.98741,4.55729,0.00000,0.37545,0.84615,0.00000,0.14648,0.55881,74.75688,0.96774,0.00000,0.97701,6.19661,0.94401,8.78906,0.00000,0.33804,0.96774,0.12676,0.38520,0.25499,291.45850,0.26667,0.00000,0.98611,7.57377,0.78125,0.65104,0.00000,0.41263,0.26667,0.00000,0.40690
333,0.4326,18468864,13790,0.00768,5.00e-04,0.2710,219.1907,0.51902,155.62639,0.67797,0.00641,0.89480,6.96734,0.86263,8.57205,0.00000,0.34029,0.67156,0.02845,0.42137,0.60764,364.38745,0.00000,0.00000,0.85427,8.42706,1.07964,0.00000,0.00000,0.50349,0.00000,0.00000,0.70530,0.79753,29.07133,1.00000,0.03846,0.81159,6.78713,0.74870,15.62500,0.00000,0.19690,0.96154,0.07692,0.35265,0.53168,41.08615,0.96875,0.00000,0.85714,6.48935,0.79753,18.88021,0.00000,0.24825,0.96875,0.00000,0.45030,0.37435,150.11681,0.78947,0.00000,0.94857,6.42452,0.94944,6.18490,0.00000,0.36986,0.78947,0.00000,0.18446,0.58051,61.35387,0.94595,0.00000,0.90446,6.05449,0.85178,8.78906,0.00000,0.31270,0.94595,0.09375,0.34722,0.22244,287.74272,0.36364,0.00000,0.99275,7.62151,0.74870,1.95313,0.00000,0.41056,0.36364,0.00000,0.48828
334,0.4338,18524160,13582,0.01253,5.00e-04,0.2707,200.3907,0.54525,146.62299,0.67853,0.01610,0.91290,6.96121,0.86896,8.02951,0.00000,0.33814,0.66243,0.03902,0.41142,0.59679,351.46387,0.00000,0.00000,0.86517,8.32382,0.96571,0.00000,0.00000,0.48002,0.00000,0.00000,0.70530,0.93859,18.76304,0.98485,0.07576,0.80000,6.40299,0.92231,16.92708,0.00000,0.21611,0.90909,0.10909,0.29839,0.60764,39.94152,1.00000,0.00000,0.90370,6.29924,0.73242,14.64844,0.00000,0.21587,1.00000,0.00000,0.41775,0.34180,118.90308,0.82143,0.00000,0.94253,6.84450,0.94401,3.90625,0.00000,0.39051,0.82143,0.00000,0.13021,0.52626,52.44409,0.97917,0.02083,0.96599,6.22575,0.79753,11.71875,0.00000,0.30651,0.95833,0.12500,0.43403,0.26042,298.22234,0.28571,0.00000,1.00000,7.67095,0.85178,0.97656,0.00000,0.41985,0.28571,0.00000,0.48286
335,0.4349,18579456,13341,0.01377,4.17e-04,0.2705,197.9589,0.50275,149.47772,0.69631,0.02252,0.89773,6.82015,0.88162,8.68056,0.00000,0.32974,0.67378,0.02668,0.39786,0.53711,298.60821,0.17391,0.08696,0.83060,8.34189,0.99284,0.00000,0.00000,0.47001,0.08696,0.00000,0.61849,0.66732,34.80769,1.00000,0.02778,0.76282,6.45661,0.84635,20.50781,0.00000,0.19651,0.97222,0.04412,0.36892,0.65104,27.72898,1.00000,0.02041,0.88953,6.13044,0.93316,15.62500,0.00000,0.22329,0.97959,0.00000,0.34722,0.32552,178.78832,0.76000,0.00000,0.95455,6.59968,0.95486,4.23177,0.00000,0.37651,0.76000,0.00000,0.14106,0.52626,53.56192,0.97727,0.00000,0.94891,6.00233,0.74327,11.06771,0.00000,0.29310,0.97727,0.11594,0.37435,0.30924,303.37122,0.26667,0.00000,1.00000,7.38995,0.81923,0.65104,0.00000,0.41900,0.26667,0.00000,0.53711
336,0.4361,18634752,13612,0.01725,2.89e-04,0.2703,194.0397,0.55429,159.72436,0.65949,0.00667,0.90634,6.89982,0.84274,9.00608,0.00000,0.34143,0.65282,0.02560,0.39876,0.66732,363.48591,0.00000,0.00000,0.88506,8.33962,0.94401,0.00000,0.00000,0.48116,0.00000,0.00000,0.71615,0.86263,33.70535,1.00000,0.00000,0.80892,6.34912,0.85178,23.11198,0.00000,0.22967,1.00000,0.05357,0.30382,0.68902,47.81426,1.00000,0.00000,0.82443,6.28573,0.71072,18.88021,0.00000,0.23685,1.00000,0.00000,0.39605,0.30382,148.38169,0.72000,0.04000,0.94798,6.60749,0.93859,2.92969,0.00000,0.35352,0.68000,0.00000,0.13563,0.56424,68.28679,0.95122,0.00000,0.97163,6.09369,0.76497,8.13802,0.00000,0.31069,0.95122,0.10000,0.32552,0.23872,296.67215,0.28571,0.00000,1.00000,7.72329,0.84635,0.97656,0.00000,0.43667,0.28571,0.00000,0.51541
337,0.4372,18690048,13397,0.01024,3.47e-04,0.2702,212.7798,0.51722,153.17923,0.66928,0.01048,0.90677,6.88496,0.86082,8.51780,0.00000,0.34993,0.65880,0.02518,0.39605,0.68359,357.58618,0.00000,0.00000,0.83429,8.23858,0.94944,0.00000,0.00000,0.49508,0.00000,0.00000,0.65104,0.79753,30.93500,1.00000,0.00000,0.81333,6.68629,0.81380,15.62500,0.00000,0.22731,1.00000,0.08065,0.33637,0.55339,33.63008,1.00000,0.01639,0.88406,6.08437,0.74870,18.55469,0.00000,0.24052,0.98361,0.00000,0.34722,0.31467,122.18714,0.85714,0.00000,0.96757,6.61798,1.00369,5.53385,0.00000,0.38074,0.85714,0.00000,0.13563,0.49371,60.87914,0.97674,0.04651,0.94805,6.13302,0.83550,11.06771,0.00000,0.32610,0.93023,0.07042,0.38520,0.26042,313.85787,0.18182,0.00000,0.99333,7.54950,0.81380,0.32552,0.00000,0.42984,0.18182,0.00000,0.52083
338,0.4384,18745344,12838,0.00817,5.00e-04,0.2701,235.7438,0.53621,155.38974,0.66467,0.02431,0.91836,6.80104,0.89157,8.19227,0.00000,0.34986,0.64036,0.03139,0.40961,0.67274,364.23101,0.00000,0.00000,0.89617,8.33183,0.99284,0.00000,0.00000,0.50095,0.00000,0.00000,0.67817,0.73785,18.02324,1.00000,0.03448,0.79096,6.20104,0.96029,15.62500,0.00000,0.19296,0.96552,0.09375,0.34722,0.69987,36.77970,1.00000,0.01613,0.93197,6.35227,0.79753,18.88021,0.00000,0.24396,0.98387,0.00000,0.36892,0.33095,117.00881,0.85714,0.09524,0.96023,6.33809,0.95486,3.90625,0.00000,0.36911,0.76190,0.00000,0.15191,0.51541,56.79501,0.97297,0.00000,0.93789,5.99708,0.87348,10.09115,0.00000,0.35827,0.97297,0.09459,0.40148,0.26042,339.50069,0.15789,0.00000,0.99296,7.58595,0.77040,0.65104,0.00000,0.43390,0.15789,0.00000,0.50998
339,0.4396,18800640,13471,0.00742,5.00e-04,0.2700,213.8336,0.52988,152.24423,0.68249,0.01164,0.91629,6.88603,0.89247,9.06033,0.00000,0.34801,0.67085,0.02756,0.40328,0.70530,348.51546,0.00000,0.00000,0.91489,8.34698,1.01997,0.00000,0.00000,0.50881,0.00000,0.00000,0.71615,0.79210,25.55584,1.00000,0.04762,0.75309,6.14196,0.87891,24.41406,0.00000,0.16605,0.95238,0.05000,0.32552,0.56966,34.50588,1.00000,0.02222,0.85430,6.21695,0.81923,13.67188,0.00000,0.24837,0.97778,0.00000,0.39062,0.30924,129.86343,0.82759,0.00000,0.98895,6.71651,0.98199,6.18490,0.00000,0.38036,0.82759,0.00000,0.13563,0.54796,74.20602,0.94737,0.00000,0.98649,6.09446,0.80295,8.46354,0.00000,0.33579,0.94737,0.11538,0.42318,0.25499,300.81877,0.32000,0.00000,1.00000,7.79931,0.85178,1.62760,0.00000,0.44867,0.32000,0.00000,0.42860
340,0.4407,18855936,13235,0.00763,5.00e-04,0.2699,206.9844,0.53621,153.47482,0.66533,0.00273,0.92009,6.93345,0.87619,8.89757,0.00000,0.33946,0.66259,0.02675,0.44578,0.71615,368.01534,0.00000,0.00000,0.89385,8.42803,0.97114,0.00000,0.00000,0.49444,0.00000,0.00735,0.73785,0.77040,26.00015,0.98361,0.01639,0.81481,6.30047,0.73242,16.92708,0.00000,0.17821,0.96721,0.07812,0.34722,0.61306,36.53160,0.96552,0.00000,0.87838,6.23695,0.80295,16.60156,0.00000,0.20946,0.96552,0.00000,0.47743,0.27669,131.90170,0.85294,0.00000,0.95833,6.57139,1.04167,6.83594,0.00000,0.37944,0.85294,0.00000,0.11936,0.56966,49.55971,0.97561,0.00000,0.97516,6.26482,0.87348,12.04427,0.00000,0.34128,0.97561,0.07500,0.43403,0.27127,308.84040,0.21429,0.00000,1.00000,7.79906,0.83550,0.97656,0.00000,0.43390,0.21429,0.00000,0.55881
341,0.4419,18911232,13343,0.00709,5.00e-04,0.2699,212.8148,0.48557,148.69949,0.68921,0.01671,0.90659,6.77376,0.85992,8.13802,0.00000,0.33748,0.67250,0.01811,0.36531,0.54796,352.35263,0.00000,0.00000,0.83246,8.19188,1.03624,0.00000,0.00000,0.51497,0.00000,0.00000,0.65104,0.78125,26.19080,1.00000,0.04762,0.81169,6.43727,0.83550,17.57812,0.00000,0.19997,0.95238,0.02041,0.26584,0.58594,29.37603,1.00000,0.05263,0.87162,5.87119,0.80295,14.32292,0.00000,0.18091,0.94737,0.00000,0.36892,0.27127,115.64332,0.87500,0.00000,0.96296,6.45708,0.87891,7.16146,0.00000,0.37219,0.87500,0.00000,0.08681,0.47743,55.79935,0.94444,0.00000,0.96078,5.99084,0.83008,8.13802,0.00000,0.32690,0.94444,0.08824,0.36892,0.24957,312.83483,0.31579,0.00000,1.00000,7.69433,0.77582,1.62760,0.00000,0.42991,0.31579,0.00000,0.45030
342,0.4431,18966528,12813,0.00736,5.00e-04,0.2698,243.9354,0.48376,158.63950,0.63023,0.00750,0.91997,6.92221,0.89428,9.11458,0.00000,0.34443,0.62272,0.03248,0.40328,0.64562,355.16882,0.00000,0.00000,0.88889,8.40933,1.12305,0.00000,0.00000,0.52279,0.00000,0.00000,0.73785,0.74870,24.71297,0.98611,0.02778,0.83750,6.57683,0.86806,20.18229,0.00000,0.21131,0.95833,0.06154,0.35265,0.58051,38.71977,0.98276,0.01724,0.86184,6.09550,0.82465,16.92708,0.00000,0.19877,0.96552,0.00000,0.33095,0.27669,137.88199,0.75862,0.00000,0.95954,6.66254,0.93859,4.55729,0.00000,0.36664,0.75862,0.00000,0.14648,0.43403,50.46370,0.96296,0.00000,0.97203,6.04955,0.77582,12.69531,0.00000,0.32805,0.96296,0.13333,0.40690,0.21701,344.88976,0.09091,0.00000,1.00000,7.73950,0.83550,0.32552,0.00000,0.43901,0.09091,0.00000,0.44488
343,0.4444,19021824,12136,0.00761,5.00e-04,0.2697,217.3329,0.50275,153.09867,0.65457,0.01474,0.90303,6.79061,0.86715,10.52517,0.00000,0.34089,0.63983,0.01534,0.38791,0.60221,362.23327,0.00000,0.00000,0.84884,8.38371,0.93316,0.00000,0.00000,0.49522,0.00000,0.00000,0.64562,0.75955,21.93069,1.00000,0.01205,0.76129,6.56444,0.84093,24.41406,0.00000,0.21560,0.98795,0.01852,0.29297,0.56424,39.89067,0.98611,0.01389,0.86232,5.73708,0.74870,21.15885,0.00000,0.20627,0.97222,0.00000,0.37435,0.34180,130.80597,0.78125,0.06250,0.98068,6.39532,1.12305,4.55729,0.00000,0.39084,0.71875,0.00000,0.14648,0.54796,50.48169,0.97826,0.00000,0.97203,6.09293,0.77582,12.36979,0.00000,0.32425,0.97826,0.07353,0.36892,0.20074,313.24973,0.18182,0.00000,0.99306,7.57020,0.78125,0.65104,0.00000,0.41315,0.18182,0.00000,0.49913
344,0.4456,19077120,12476,0.01194,5.00e-04,0.2696,187.8739,0.49009,143.88064,0.68774,0.03886,0.89706,6.87613,0.87710,8.02951,0.00000,0.33584,0.64888,0.02609,0.40961,0.54253,356.52014,0.00000,0.00000,0.87166,8.43135,1.01454,0.00000,0.00000,0.49830,0.00000,0.00000,0.75955,0.90061,25.65316,1.00000,0.00000,0.73377,6.30869,0.83550,18.22917,0.00000,0.20794,1.00000,0.05263,0.30924,0.52083,37.56121,1.00000,0.06250,0.86131,6.37116,0.74327,16.60156,0.00000,0.19857,0.93750,0.00000,0.39605,0.33095,108.55879,0.87500,0.06250,0.94767,6.64580,0.93316,3.58073,0.00000,0.38491,0.81250,0.00000,0.11393,0.41775,49.72646,0.97368,0.05263,0.96795,6.00638,0.84635,8.78906,0.00000,0.30771,0.92105,0.10390,0.41775,0.22786,285.26405,0.27778,0.05556,1.00000,7.49338,0.88976,0.97656,0.00000,0.41763,0.22222,0.00000,0.46115
345,0.4469,19132416,12513,0.01466,2.89e-04,0.2695,224.3090,0.54163,151.20466,0.68371,0.00757,0.90265,6.89900,0.89066,7.59549,0.00000,0.34708,0.67614,0.02143,0.40600,0.59136,361.72917,0.00000,0.00000,0.84536,8.27961,1.05252,0.00000,0.00000,0.50138,0.00000,0.00000,0.69987,0.88976,20.05756,1.00000,0.00000,0.79762,6.65883,0.91146,15.29948,0.00000,0.21392,1.00000,0.05714,0.37977,0.59136,29.56173,1.00000,0.02041,0.84211,6.13754,0.82465,14.64844,0.00000,0.22785,0.97959,0.00000,0.34180,0.34722,129.48823,0.90000,0.00000,0.97238,6.56300,0.98199,4.88281,0.00000,0.39947,0.90000,0.00000,0.17361,0.59679,47.00889,0.97500,0.02500,0.96528,6.04067,0.78125,10.09115,0.00000,0.33026,0.95000,0.07143,0.37977,0.23329,319.38237,0.22727,0.00000,0.99315,7.71433,0.79210,0.65104,0.00000,0.40960,0.22727,0.00000,0.46115
346,0.4481,19187712,12154,0.01728,1.67e-04,0.2694,194.7570,0.49913,148.10325,0.67340,0.02659,0.90006,6.91249,0.89157,9.11458,0.00000,0.33962,0.64681,0.03173,0.40238,0.47201,333.70212,0.06250,0.00000,0.88235,8.34878,1.01454,0.00000,0.00000,0.49560,0.06250,0.00840,0.64562,0.84635,27.13609,1.00000,0.03279,0.82803,6.34262,0.85178,17.57812,0.00000,0.18601,0.96721,0.08772,0.30924,0.61849,35.32843,1.00000,0.01587,0.80723,6.20119,0.90061,18.22917,0.00000,0.23285,0.98413,0.00000,0.39062,0.34180,142.22934,0.72727,0.03030,0.94083,6.59881,0.91688,5.53385,0.00000,0.37478,0.69697,0.03571,0.15191,0.52626,80.14118,0.95652,0.02174,0.94194,6.33783,0.84093,12.36979,0.00000,0.34157,0.93478,0.04651,0.46658,0.18989,270.08232,0.29412,0.05882,1.00000,7.64572,0.82465,0.97656,0.00000,0.40689,0.23529,0.01205,0.45030
347,0.4494,19243008,12381,0.00715,2.41e-04,0.2693,202.7933,0.48919,144.57725,0.70151,0.00490,0.90376,6.81650,0.90422,8.62630,0.00000,0.33903,0.69661,0.03026,0.43674,0.55339,347.92312,0.05556,0.00000,0.81967,8.02642,0.99284,0.00000,0.00000,0.48047,0.05556,0.00000,0.65647,0.78668,24.77416,1.00000,0.02941,0.81098,6.06741,0.88976,19.53125,0.00000,0.17381,0.97059,0.07042,0.38520,0.61849,20.84390,1.00000,0.00000,0.88742,6.34022,0.81923,14.64844,0.00000,0.24175,1.00000,0.00000,0.42318,0.29839,129.44355,0.86667,0.00000,0.97238,6.76445,0.98199,4.88281,0.00000,0.38876,0.86667,0.00000,0.15734,0.47743,63.40870,0.95349,0.00000,0.93210,6.04458,0.87891,11.39323,0.00000,0.33919,0.95349,0.11111,0.48828,0.20074,281.07005,0.33333,0.00000,1.00000,7.65593,0.86263,1.30208,0.00000,0.41019,0.33333,0.00000,0.50998
348,0.4506,19298304,12511,0.01174,2.41e-04,0.2692,219.3090,0.52716,139.83208,0.68369,0.02634,0.90499,6.89930,0.91688,9.33160,0.00000,0.34624,0.65735,0.02809,0.41323,0.65104,340.36084,0.05000,0.05000,0.88701,8.29699,0.96029,0.00000,0.00000,0.47869,0.00000,0.00000,0.70530,0.78125,25.97018,1.00000,0.05195,0.74074,6.43047,0.87891,21.80990,0.00000,0.19502,0.94805,0.06250,0.34722,0.70530,25.91084,0.98276,0.00000,0.88415,6.02425,0.88976,16.92708,0.00000,0.26496,0.98276,0.00000,0.39605,0.35265,101.89512,0.87097,0.03226,0.95028,6.52117,0.98199,7.16146,0.00000,0.38987,0.83871,0.00000,0.17904,0.53168,48.95178,0.97619,0.02381,0.96774,6.33523,0.84093,9.76563,0.00000,0.33427,0.95238,0.10606,0.35807,0.14106,295.90370,0.22222,0.00000,1.00000,7.78771,0.94944,0.32552,0.00000,0.41465,0.22222,0.00000,0.49371
349,0.4518,19353600,13488,0.00811,4.17e-04,0.2691,203.5944,0.51631,142.90571,0.71021,0.01810,0.91590,6.91996,0.90242,8.35503,0.00000,0.33686,0.69212,0.03212,0.40781,0.58594,357.88740,0.00000,0.00000,0.87958,8.24035,1.03624,0.00000,0.00000,0.46744,0.00000,0.00000,0.75412,0.80838,30.02444,1.00000,0.03030,0.77922,6.54336,0.83550,18.88021,0.00000,0.18886,0.96970,0.06452,0.33637,0.63477,40.98266,1.00000,0.00000,0.90345,6.29731,0.78668,14.32292,0.00000,0.22775,1.00000,0.00000,0.34180,0.33095,102.53787,0.89286,0.00000,0.95187,6.52220,1.01454,4.88281,0.00000,0.38283,0.89286,0.00000,0.11936,0.52626,40.80295,1.00000,0.02564,0.98742,6.07068,0.86263,10.74219,0.00000,0.33839,0.97436,0.12821,0.42318,0.21159,285.19894,0.36842,0.05263,0.99383,7.84587,0.87891,1.30208,0.00000,0.41590,0.31579,0.00000,0.47201
350,0.4530,19408896,12964,0.00859,5.00e-04,0.2689,208.9456,0.49642,155.40011,0.67796,0.01544,0.90680,6.82174,0.88433,8.68056,0.00000,0.32625,0.66252,0.02562,0.39334,0.56424,357.76152,0.00000,0.00000,0.85795,8.34819,0.95486,0.00000,0.00000,0.47776,0.00000,0.00000,0.58594,0.79210,20.87133,1.00000,0.01408,0.81714,6.45113,0.94944,20.83333,0.00000,0.18709,0.98592,0.11475,0.33095,0.55339,32.95407,1.00000,0.05357,0.86765,6.25909,0.73785,15.62500,0.00000,0.20014,0.94643,0.00000,0.43945,0.35807,174.89433,0.81481,0.00000,0.95213,6.27534,1.01997,5.53385,0.00000,0.37162,0.81481,0.00000,0.09223,0.49371,79.14520,0.90000,0.02500,0.94595,5.84911,0.80295,9.76563,0.00000,0.31032,0.87500,0.03896,0.41775,0.21701,266.77418,0.35294,0.00000,1.00000,7.74759,0.84093,0.32552,0.00000,0.41059,0.35294,0.00000,0.49371
351,0.4542,19464192,13378,0.01379,4.17e-04,0.2687,215.8180,0.53982,140.54808,0.70514,0.01975,0.89881,6.87172,0.88614,8.35503,0.00000,0.32835,0.68847,0.02731,0.40328,0.54796,293.76636,0.20000,0.10000,0.79275,8.20906,1.04709,0.32552,0.00000,0.49414,0.10000,0.00000,0.68359,0.91688,18.39097,1.00000,0.01852,0.84106,6.33641,0.81923,15.62500,0.00000,0.15556,1.00000,0.08889,0.24414,0.67274,38.72715,1.00000,0.00000,0.87578,6.38611,0.87348,15.29948,0.00000,0.21867,1.00000,0.00000,0.47201,0.35265,165.61604,0.74194,0.00000,0.94643,6.41895,0.91146,5.85938,0.00000,0.35587,0.74194,0.00000,0.18446,0.58594,63.83274,0.95556,0.00000,0.94286,6.11215,0.75955,11.06771,0.00000,0.31937,0.95556,0.07500,0.43403,0.16276,262.95524,0.33333,0.00000,0.99401,7.76763,0.90603,1.95313,0.00000,0.42648,0.33333,0.00000,0.40148
352,0.4553,19519488,13341,0.01223,4.17e-04,0.2686,212.6583,0.50275,147.59865,0.67469,0.00720,0.91307,6.83400,0.91779,9.71137,0.00000,0.33398,0.66749,0.02596,0.44126,0.61849,336.82788,0.06250,0.00000,0.87701,8.21802,1.01454,0.32552,0.00000,0.48759,0.06250,0.00000,0.74870,0.80295,20.94699,1.00000,0.02469,0.80447,6.37795,0.97114,21.80990,0.00000,0.20823,0.97531,0.01493,0.36350,0.62934,41.29312,1.00000,0.01852,0.89041,6.00420,0.79210,15.62500,0.00000,0.19147,0.98148,0.00000,0.47743,0.32552,136.36862,0.78788,0.00000,0.94475,6.41002,0.98199,5.85938,0.00000,0.36464,0.78788,0.00000,0.16819,0.41775,63.52396,0.92000,0.00000,0.96774,6.30263,0.84093,13.02083,0.00000,0.34334,0.92000,0.14085,0.38520,0.22244,286.63135,0.27778,0.00000,0.99401,7.69115,0.90603,1.62760,0.00000,0.40862,0.27778,0.00000,0.50456
353,0.4565,19574784,13363,0.00805,5.00e-04,0.2685,205.6928,0.50094,142.92229,0.69022,0.01379,0.91876,6.90446,0.86625,8.78906,0.00000,0.33411,0.67642,0.02729,0.39424,0.57509,363.87165,0.00000,0.00000,0.88485,8.34300,0.89518,0.00000,0.00000,0.47211,0.00000,0.00000,0.69987,0.71615,27.08412,0.98551,0.01449,0.83832,6.44047,0.90603,21.15885,0.00000,0.21658,0.97101,0.09231,0.35265,0.60221,29.39692,1.00000,0.01562,0.89404,5.91583,0.81923,18.55469,0.00000,0.19936,0.98438,0.00000,0.37977,0.27127,127.05081,0.84000,0.00000,0.93333,6.81374,0.89518,4.88281,0.00000,0.37006,0.84000,0.00000,0.10851,0.55339,31.92025,1.00000,0.00000,0.96203,6.15427,0.85720,6.83594,0.00000,0.33737,1.00000,0.07143,0.37977,0.28754,278.21001,0.31579,0.05263,1.00000,7.75942,0.82465,1.30208,0.00000,0.40918,0.26316,0.00000,0.44488
354,0.4576,19630080,13191,0.01008,5.00e-04,0.2684,207.2624,0.52355,153.16977,0.64376,0.00546,0.91022,6.91825,0.87981,9.06033,0.00000,0.34349,0.63830,0.02627,0.38882,0.61849,348.20775,0.00000,0.00000,0.89055,8.32496,1.09049,0.00000,0.00000,0.49576,0.00000,0.00000,0.69987,0.84635,26.71543,1.00000,0.00000,0.73377,6.18569,0.83550,24.08854,0.00000,0.20933,1.00000,0.10204,0.26584,0.59136,37.30237,0.98361,0.03279,0.91608,6.30937,0.77582,16.27604,0.00000,0.22221,0.95082,0.00000,0.42860,0.26584,139.70995,0.71875,0.00000,0.96667,6.73453,0.97656,3.90625,0.00000,0.38478,0.71875,0.00000,0.10851,0.52626,64.14956,0.94595,0.00000,0.95425,6.13550,0.83008,9.44010,0.00000,0.33523,0.94595,0.05556,0.39062,0.29297,302.93359,0.21429,0.00000,1.00000,7.81947,0.77040,0.65104,0.00000,0.41361,0.21429,0.00000,0.43945
355,0.4588,19685376,13453,0.00992,5.00e-04,0.2682,201.7295,0.53259,157.13183,0.67293,0.00214,0.91555,6.82496,0.88343,8.84332,0.00000,0.34660,0.67079,0.04305,0.40600,0.62391,357.96523,0.00000,0.00000,0.85799,8.30516,0.91688,0.00000,0.00000,0.46601,0.00000,0.00000,0.69444,0.71615,30.50235,1.00000,0.01282,0.82386,6.50645,0.95486,23.43750,0.00000,0.21670,0.98718,0.15385,0.35265,0.70530,31.47213,0.98000,0.00000,0.88125,6.11583,0.86806,13.99740,0.00000,0.25951,0.98000,0.00000,0.45573,0.34180,149.31979,0.75758,0.00000,0.96203,6.64018,0.85720,5.85938,0.00000,0.36691,0.75758,0.00000,0.13021,0.53711,51.35910,1.00000,0.00000,0.97452,5.76734,0.85178,9.44010,0.00000,0.32680,1.00000,0.10448,0.36350,0.27127,322.17236,0.30000,0.00000,0.99363,7.61479,0.85178,0.32552,0.00000,0.44369,0.30000,0.00000,0.43945
356,0.4600,19740672,13438,0.00902,5.00e-04,0.2681,226.8238,0.52535,157.74684,0.63182,0.02226,0.91168,6.91249,0.88795,8.30078,0.00000,0.33506,0.60956,0.03131,0.44488,0.59679,358.78444,0.00000,0.00000,0.86667,8.30312,0.97656,0.00000,0.00000,0.47259,0.00000,0.00000,0.69444,0.82465,20.05969,1.00000,0.05714,0.79630,6.33867,0.87891,19.85677,0.00000,0.19250,0.94286,0.05797,0.37435,0.64019,30.83920,1.00000,0.02083,0.90260,6.11757,0.83550,14.32292,0.00000,0.22462,0.97917,0.00000,0.46658,0.33095,138.51492,0.72222,0.05556,0.94444,6.77858,0.97656,2.27865,0.00000,0.37572,0.66667,0.00000,0.17904,0.56424,67.26159,0.97778,0.00000,0.97260,6.10417,0.79210,12.69531,0.00000,0.31765,0.97778,0.12987,0.41775,0.19531,331.02117,0.09091,0.00000,0.98750,7.83283,0.86806,0.65104,0.00000,0.42728,0.09091,0.00000,0.53711
357,0.4611,19795968,13561,0.01022,5.00e-04,0.2680,215.4230,0.54434,144.98495,0.69353,0.00000,0.92126,6.75091,0.89066,9.22309,0.00000,0.32992,0.69353,0.02967,0.40238,0.59136,363.06028,0.00000,0.00000,0.89080,8.33950,0.94401,0.00000,0.00000,0.46583,0.00000,0.00000,0.69987,0.83550,25.08861,1.00000,0.00000,0.82558,6.32493,0.93316,19.53125,0.00000,0.21408,1.00000,0.04688,0.34722,0.72157,36.20685,1.00000,0.00000,0.88000,5.83315,0.81380,17.90365,0.00000,0.19655,1.00000,0.00000,0.37435,0.34180,128.20792,0.78788,0.00000,0.97838,6.47407,1.00369,4.55729,0.00000,0.37220,0.78788,0.00000,0.15191,0.53168,45.31414,0.96154,0.00000,0.95918,5.87463,0.79753,12.69531,0.00000,0.30919,0.96154,0.13115,0.33095,0.24414,272.03191,0.41176,0.00000,0.99363,7.65915,0.85178,0.65104,0.00000,0.42170,0.41176,0.00000,0.50998
358,0.4622,19851264,13663,0.01179,3.47e-04,0.2678,196.4095,0.51450,138.70711,0.68976,0.04556,0.90554,6.80308,0.86986,8.89757,0.00000,0.32767,0.64420,0.02818,0.40871,0.59679,280.99334,0.21429,0.14286,0.88202,8.23695,0.96571,0.00000,0.00000,0.47192,0.07143,0.00000,0.75412,0.87891,26.24258,1.00000,0.02778,0.82716,6.53241,0.87891,21.15885,0.00000,0.19434,0.97222,0.05479,0.39605,0.59136,35.60417,0.98462,0.03077,0.85211,5.92860,0.77040,16.92708,0.00000,0.19422,0.95385,0.00000,0.35807,0.31467,165.65746,0.68966,0.00000,0.94578,6.49939,0.90061,5.20833,0.00000,0.38334,0.68966,0.00000,0.13021,0.47743,40.61590,1.00000,0.03030,0.92617,5.92798,0.80838,8.78906,0.00000,0.30149,0.96970,0.11429,0.37977,0.22786,283.12919,0.25000,0.04167,1.00000,7.69317,0.89518,1.30208,0.00000,0.42072,0.20833,0.00000,0.43403
359,0.4634,19906560,13761,0.00873,5.00e-04,0.2677,232.4646,0.52083,154.28570,0.66412,0.01155,0.91385,6.89739,0.87077,7.64974,0.00000,0.33091,0.65257,0.02251,0.43222,0.69987,362.18161,0.00000,0.00000,0.89637,8.50748,1.04709,0.00000,0.00000,0.49639,0.00000,0.00000,0.78125,0.82465,25.32198,1.00000,0.01667,0.79042,6.29116,0.90603,16.27604,0.00000,0.18175,0.98333,0.02899,0.37435,0.48286,34.54798,0.98246,0.05263,0.88811,6.22376,0.77582,15.29948,0.00000,0.23245,0.92982,0.00000,0.42860,0.30382,149.61229,0.75000,0.00000,0.95954,6.59160,0.93859,3.90625,0.00000,0.38156,0.75000,0.00000,0.11936,0.55881,83.74823,0.91892,0.00000,0.95522,6.17315,0.72700,8.78906,0.00000,0.29157,0.91892,0.10606,0.35807,0.25499,270.30212,0.33333,0.00000,0.99346,7.59721,0.83008,1.62760,0.00000,0.40178,0.33333,0.00000,0.53168
360,0.4645,19961856,13544,0.00800,5.00e-04,0.2676,207.9213,0.50184,146.23127,0.68185,0.01756,0.89899,6.92881,0.86715,9.54861,0.00000,0.34111,0.66429,0.01617,0.36983,0.54253,333.16516,0.08000,0.00000,0.87791,8.51184,0.93316,0.32552,0.00000,0.49475,0.08000,0.00000,0.61849,0.76497,24.46725,1.00000,0.01205,0.80000,6.47044,0.84093,25.06510,0.00000,0.24077,0.98795,0.01887,0.28754,0.59679,41.57116,1.00000,0.00000,0.84967,6.23422,0.83008,12.04427,0.00000,0.20339,1.00000,0.00000,0.36892,0.36892,121.45984,0.85185,0.00000,0.92697,6.59637,0.96571,4.55729,0.00000,0.38670,0.85185,0.00000,0.15734,0.52626,52.49929,0.98276,0.03448,0.94595,6.05729,0.80295,14.64844,0.00000,0.31026,0.94828,0.07812,0.34722,0.21159,304.22493,0.17647,0.05882,0.99346,7.70269,0.83008,0.65104,0.00000,0.41081,0.11765,0.00000,0.43945
361,0.4656,20017152,13725,0.00949,4.17e-04,0.2675,230.2806,0.51812,144.66533,0.68337,0.01111,0.90745,6.92477,0.86625,8.08377,0.00000,0.33861,0.67226,0.02696,0.41052,0.62934,333.20173,0.07143,0.00000,0.88827,8.49902,0.97114,0.00000,0.00000,0.49153,0.07143,0.00000,0.73242,0.87348,14.91420,1.00000,0.01667,0.80588,6.50487,0.92231,16.92708,0.00000,0.23593,0.98333,0.00000,0.32010,0.58051,34.40885,1.00000,0.00000,0.83439,6.05235,0.85178,15.29948,0.00000,0.20523,1.00000,0.00000,0.35265,0.30382,122.56070,0.82759,0.00000,0.95062,6.40332,0.87891,4.88281,0.00000,0.35364,0.82759,0.00000,0.16276,0.47743,69.98499,0.95122,0.00000,0.96552,6.23506,0.78668,10.41667,0.00000,0.33638,0.95122,0.16176,0.36892,0.24414,292.92148,0.25000,0.05000,1.00000,7.85401,0.78668,0.97656,0.00000,0.40893,0.20000,0.00000,0.52626
362,0.4668,20072448,13660,0.00781,5.00e-04,0.2675,212.3169,0.49099,135.50284,0.72394,0.00521,0.90271,6.81216,0.92231,9.38585,0.00000,0.33673,0.71873,0.03413,0.40328,0.51541,360.54860,0.00000,0.00000,0.84483,8.44742,0.94401,0.00000,0.00000,0.48439,0.00000,0.00000,0.71072,0.81380,25.85867,1.00000,0.03125,0.85561,6.35242,1.01454,18.88021,0.00000,0.22169,0.96875,0.05970,0.36350,0.50998,36.58023,0.98649,0.00000,0.83951,5.90294,0.87891,21.15885,0.00000,0.21583,0.98649,0.00000,0.36350,0.35265,125.18029,0.85714,0.00000,0.92857,6.37348,0.98741,4.55729,0.00000,0.35513,0.85714,0.03030,0.17904,0.49371,50.61957,1.00000,0.00000,0.94771,6.22040,0.83008,10.41667,0.00000,0.33254,1.00000,0.11475,0.33095,0.26042,214.22971,0.50000,0.00000,1.00000,7.57630,0.87891,1.30208,0.00000,0.41078,0.50000,0.00000,0.47201
363,0.4679,20127744,13769,0.00701,5.00e-04,0.2673,213.7986,0.56243,136.26471,0.72014,0.02273,0.90930,6.80947,0.88071,9.44010,0.00000,0.34607,0.69741,0.03044,0.41866,0.72700,285.22068,0.18182,0.09091,0.89785,8.41453,1.00911,0.00000,0.00000,0.50502,0.09091,0.00671,0.80838,0.91146,26.94072,1.00000,0.00000,0.80690,6.44578,0.78668,21.15885,0.00000,0.22602,1.00000,0.08772,0.30924,0.52626,34.62645,1.00000,0.04545,0.86364,5.88769,0.83550,19.20573,0.00000,0.21611,0.95455,0.00000,0.42318,0.44488,101.22656,0.96154,0.00000,0.94149,6.28187,1.01997,6.18490,0.00000,0.36315,0.96154,0.00000,0.16276,0.53711,52.44785,0.93939,0.00000,0.94595,6.05316,0.80295,8.78906,0.00000,0.34337,0.93939,0.08824,0.36892,0.22786,317.12600,0.23810,0.00000,1.00000,7.77381,0.83008,1.30208,0.00000,0.42273,0.23810,0.00000,0.43945
364,0.4690,20183040,13806,0.00822,5.00e-04,0.2672,259.9371,0.53982,142.55500,0.67872,0.02001,0.88976,6.90616,0.91146,9.11458,0.00000,0.34942,0.65871,0.03245,0.42227,0.55881,318.95927,0.10526,0.05263,0.87845,8.47390,0.98199,0.32552,0.00000,0.51612,0.05263,0.00000,0.71072,0.89518,19.42040,1.00000,0.02899,0.80982,6.42451,0.88433,19.85677,0.00000,0.22262,0.97101,0.03774,0.28754,0.65104,32.63065,1.00000,0.00000,0.81053,5.97168,1.03082,15.95052,0.00000,0.22889,1.00000,0.00000,0.43403,0.38520,107.46237,0.82353,0.00000,0.94156,6.61710,0.83550,5.85938,0.00000,0.36543,0.82353,0.00000,0.16819,0.49913,63.12123,0.95122,0.00000,0.89820,6.04136,0.90603,11.39323,0.00000,0.34283,0.95122,0.14667,0.40690,0.24957,313.73607,0.19231,0.03846,1.00000,7.90842,0.83008,1.30208,0.00000,0.42065,0.15385,0.01031,0.52626
365,0.4701,20238336,13649,0.01102,3.47e-04,0.2671,245.2024,0.49461,153.37034,0.66941,0.00769,0.92268,6.87792,0.83279,9.71137,0.00000,0.32994,0.66172,0.02956,0.39786,0.54796,354.76575,0.00000,0.00000,0.92000,8.52900,0.94944,0.00000,0.00000,0.50640,0.00000,0.00000,0.70530,0.79210,31.69926,1.00000,0.03077,0.85535,6.45832,0.86263,19.20573,0.00000,0.20508,0.96923,0.03030,0.35807,0.56424,36.61590,0.98462,0.01538,0.85612,6.06038,0.75412,19.85677,0.00000,0.19325,0.96923,0.00000,0.37977,0.34722,156.64620,0.72414,0.00000,0.94220,6.56872,0.93859,5.85938,0.00000,0.36032,0.72414,0.00000,0.13563,0.49371,59.88152,1.00000,0.00000,0.96241,6.19950,0.72157,12.36979,0.00000,0.30833,1.00000,0.14706,0.36892,0.22244,280.61339,0.30769,0.00000,1.00000,7.45162,0.77040,0.97656,0.00000,0.40622,0.30769,0.00000,0.43945
366,0.4713,20293632,13729,0.00987,5.00e-04,0.2670,215.8488,0.48738,133.29098,0.71933,0.00841,0.89496,6.83598,0.88614,8.62630,0.00000,0.33405,0.71092,0.02678,0.35174,0.59679,339.28007,0.05882,0.00000,0.86471,8.42034,0.92231,0.00000,0.00000,0.49939,0.05882,0.00000,0.66189,0.75955,15.90291,1.00000,0.03226,0.78313,6.27572,0.90061,17.25260,0.00000,0.18350,0.96774,0.04000,0.27127,0.62934,33.51706,1.00000,0.01818,0.83007,5.96290,0.83008,15.29948,0.00000,0.23646,0.98182,0.00000,0.29839,0.29839,102.34447,0.85714,0.00000,0.94382,6.51868,0.96571,5.20833,0.00000,0.35674,0.85714,0.00000,0.09223,0.43403,45.93263,1.00000,0.00000,0.94805,6.17180,0.83550,12.04427,0.00000,0.30661,1.00000,0.12069,0.31467,0.20616,262.76875,0.40000,0.00000,1.00000,7.66643,0.86263,1.95313,0.00000,0.42160,0.40000,0.00000,0.47201
367,0.4724,20348928,13759,0.01000,5.00e-04,0.2668,221.8427,0.53259,141.50839,0.68836,0.01202,0.89724,6.81095,0.90332,10.68793,0.00000,0.33855,0.67634,0.02221,0.41594,0.61849,368.33747,0.00000,0.00000,0.88780,8.40990,1.11220,0.00000,0.00000,0.50709,0.00000,0.00000,0.75412,0.74870,25.02409,1.00000,0.02062,0.77326,6.39711,0.93316,28.97135,0.00000,0.20945,0.97938,0.03030,0.35807,0.62934,24.09697,1.00000,0.01818,0.85455,6.07877,0.89518,16.92708,0.00000,0.22822,0.98182,0.00000,0.40690,0.30382,104.65594,0.90000,0.03333,0.94268,6.55430,0.85178,6.18490,0.00000,0.34941,0.86667,0.00000,0.11936,0.61306,58.25842,0.95745,0.00000,0.92517,5.85366,0.79753,11.71875,0.00000,0.31648,0.95745,0.10294,0.36892,0.28212,268.67747,0.27273,0.00000,1.00000,7.57195,0.83008,0.32552,0.00000,0.42065,0.27273,0.00000,0.48828
368,0.4735,20404224,13626,0.00945,5.00e-04,0.2666,217.6730,0.52626,146.39734,0.67228,0.01614,0.89227,6.86580,0.86353,9.38585,0.00000,0.33163,0.65614,0.02408,0.41685,0.65647,356.83747,0.00000,0.00000,0.83146,8.33953,0.96571,0.00000,0.00000,0.48866,0.00000,0.00000,0.73242,0.82465,23.44500,1.00000,0.01587,0.75000,6.43811,0.82465,18.22917,0.00000,0.22285,0.98413,0.08197,0.33095,0.60764,33.52741,1.00000,0.00000,0.87417,6.08039,0.81923,19.20573,0.00000,0.20371,1.00000,0.00000,0.41775,0.32552,112.40859,0.83333,0.03333,0.93023,6.51832,0.93316,4.55729,0.00000,0.34097,0.80000,0.00000,0.16276,0.45573,62.38190,0.96226,0.00000,0.96774,6.15425,0.84093,13.34635,0.00000,0.32578,0.96226,0.06250,0.34722,0.28754,289.78364,0.23810,0.04762,1.00000,7.66423,0.79753,0.97656,0.00000,0.40782,0.19048,0.00000,0.50998
369,0.4747,20459520,13674,0.00849,5.00e-04,0.2665,234.9159,0.50908,149.06559,0.66901,0.00641,0.88720,6.85107,0.93587,7.54123,0.00000,0.33999,0.66260,0.04049,0.39515,0.53168,358.55933,0.00000,0.00000,0.83938,8.27224,1.04709,0.00000,0.00000,0.49730,0.00000,0.00000,0.74870,0.85178,24.95571,1.00000,0.00000,0.79532,6.70829,0.92773,14.97396,0.00000,0.22885,1.00000,0.11594,0.37435,0.58594,24.03084,1.00000,0.00000,0.81325,5.94606,0.90061,16.27604,0.00000,0.20178,1.00000,0.00000,0.35265,0.28212,106.09943,0.88462,0.03846,0.93296,6.55966,0.97114,4.23177,0.00000,0.35823,0.84615,0.00000,0.12478,0.51541,62.55411,0.97561,0.00000,0.94231,6.00822,0.84635,9.44010,0.00000,0.32467,0.97561,0.12698,0.34180,0.28754,318.19411,0.15385,0.00000,1.00000,7.61196,0.92231,0.32552,0.00000,0.42909,0.15385,0.00000,0.42860
370,0.4758,20514816,13671,0.01488,2.89e-04,0.2664,232.0234,0.51631,142.04665,0.71635,0.00641,0.89309,6.82443,0.87348,10.25391,0.00000,0.33291,0.70994,0.02532,0.40690,0.59679,303.52600,0.25000,0.00000,0.86592,8.20953,0.97114,0.65104,0.00000,0.49067,0.25000,0.00000,0.71072,0.84093,31.78826,1.00000,0.00000,0.78736,6.55020,0.94401,25.39063,0.00000,0.22035,1.00000,0.00000,0.35807,0.54796,25.97148,1.00000,0.00000,0.86667,6.08975,0.73242,19.53125,0.00000,0.19423,1.00000,0.00000,0.35807,0.40148,136.82412,0.80769,0.03846,0.92442,6.42811,0.93316,4.55729,0.00000,0.35083,0.76923,0.00000,0.13021,0.47201,52.37343,0.94872,0.00000,0.93130,5.88981,0.71072,9.44010,0.00000,0.30620,0.94872,0.15190,0.42860,0.23872,301.79663,0.29167,0.00000,0.98286,7.77919,0.94944,1.95313,0.00000,0.43516,0.29167,0.00000,0.45573
371,0.4769,20570112,13662,0.01010,4.17e-04,0.2663,243.7295,0.53259,161.73902,0.63050,0.00798,0.89687,6.79991,0.90332,9.38585,0.00000,0.33351,0.62847,0.02237,0.43584,0.67817,368.73265,0.00000,0.00000,0.85052,8.37723,1.05252,0.00000,0.00000,0.49450,0.00000,0.00000,0.78125,0.80838,22.69265,1.00000,0.01220,0.78767,6.27132,0.79210,24.73958,0.00000,0.21508,0.98780,0.00000,0.35265,0.66732,24.73788,0.98039,0.00000,0.87500,6.28435,0.86806,14.64844,0.00000,0.21627,0.98039,0.00000,0.40148,0.37435,167.29243,0.71429,0.03571,0.92000,6.21330,0.94944,3.90625,0.00000,0.35659,0.71429,0.00000,0.13563,0.46658,57.38174,0.94545,0.00000,0.94805,5.95029,0.83550,12.36979,0.00000,0.29573,0.94545,0.12346,0.43945,0.20074,329.59678,0.14286,0.00000,1.00000,7.70298,0.92231,0.65104,0.00000,0.42289,0.14286,0.01075,0.50456
372,0.4781,20625408,13595,0.00915,5.00e-04,0.2662,214.2065,0.55158,137.56777,0.71319,0.02315,0.89226,6.89023,0.87529,8.89757,0.00000,0.32801,0.69004,0.03366,0.39876,0.57509,347.04454,0.05263,0.05263,0.82320,8.20926,0.98199,0.00000,0.00000,0.47630,0.00000,0.00752,0.72157,0.99284,22.20088,1.00000,0.00000,0.83333,6.52552,0.91146,15.95052,0.00000,0.20298,1.00000,0.11111,0.29297,0.64019,32.36041,0.98276,0.00000,0.85093,6.32123,0.87348,17.25260,0.00000,0.22086,0.98276,0.00000,0.41775,0.36892,115.44760,0.84375,0.00000,0.90323,6.43331,0.84093,5.20833,0.00000,0.34899,0.84375,0.00000,0.16819,0.50456,38.29518,1.00000,0.01961,0.94891,6.05401,0.74327,14.32292,0.00000,0.29724,0.98039,0.08333,0.32552,0.22786,270.05798,0.40000,0.06667,0.99398,7.79803,0.90061,0.65104,0.00000,0.42167,0.33333,0.00000,0.46658
373,0.4792,20680704,13767,0.00824,5.00e-04,0.2660,248.5062,0.52988,144.17386,0.69996,0.02628,0.89680,6.78774,0.90513,8.95182,0.00000,0.32880,0.67368,0.03716,0.39515,0.58594,362.33384,0.00000,0.00000,0.84571,8.23667,0.94944,0.00000,0.00000,0.48637,0.00000,0.00741,0.73242,0.87891,19.44539,1.00000,0.01351,0.81212,6.49079,0.89518,20.50781,0.00000,0.21878,0.98649,0.09615,0.28212,0.62934,38.79623,0.97959,0.04082,0.86111,5.77411,0.97656,13.34635,0.00000,0.18419,0.93878,0.00000,0.41775,0.33095,127.35028,0.87805,0.02439,0.91667,6.44069,0.91146,8.78906,0.00000,0.35501,0.85366,0.00000,0.09766,0.53168,43.74536,0.97368,0.02632,0.94521,6.02311,0.79210,9.76563,0.00000,0.30269,0.94737,0.11940,0.36350,0.22244,273.37204,0.36842,0.05263,1.00000,7.76107,0.90603,1.30208,0.00000,0.42578,0.31579,0.00000,0.47743
374,0.4803,20736000,13628,0.00926,5.00e-04,0.2659,251.7775,0.52535,142.96664,0.69530,0.00502,0.89964,6.73167,0.86715,9.81988,0.00000,0.32506,0.69028,0.01709,0.41233,0.71615,344.36016,0.06667,0.00000,0.88889,8.40240,0.92773,0.32552,0.00000,0.49267,0.06667,0.00000,0.75412,0.77582,23.25324,1.00000,0.01538,0.78363,6.32823,0.92773,19.85677,0.00000,0.18456,0.98462,0.00000,0.31467,0.56424,27.91198,1.00000,0.01471,0.86014,5.89753,0.77582,20.50781,0.00000,0.18380,0.98529,0.00000,0.45573,0.39062,114.47768,0.85366,0.00000,0.94872,6.46879,0.84635,7.81250,0.00000,0.34804,0.85366,0.00000,0.11393,0.44488,57.77556,0.97368,0.00000,0.92258,5.70468,0.84093,9.44010,0.00000,0.30950,0.97368,0.10256,0.42318,0.26042,290.02124,0.27778,0.00000,0.99387,7.58839,0.88433,0.97656,0.00000,0.43178,0.27778,0.00000,0.41233
375,0.4815,20791296,13663,0.01296,3.47e-04,0.2658,209.2109,0.51450,139.59925,0.68854,0.00838,0.88549,6.78810,0.87981,8.89757,0.00000,0.33233,0.68016,0.04030,0.41775,0.58051,356.28306,0.00000,0.00000,0.90608,8.37069,0.98199,0.00000,0.00000,0.50689,0.00000,0.00000,0.74327,0.91146,22.01896,1.00000,0.03030,0.74699,6.34703,0.90061,18.88021,0.00000,0.19615,0.96970,0.12329,0.39605,0.55881,28.33687,1.00000,0.02000,0.79592,6.02993,0.79753,14.97396,0.00000,0.20994,0.98000,0.00000,0.32010,0.33637,138.38853,0.78125,0.00000,0.95294,6.40762,0.92231,4.23177,0.00000,0.34956,0.78125,0.03030,0.17904,0.48286,36.21766,1.00000,0.00000,0.92308,5.91227,0.77582,13.02083,0.00000,0.31277,1.00000,0.08824,0.36892,0.21701,256.35044,0.35000,0.00000,0.98795,7.66105,0.90061,2.27865,0.00000,0.41866,0.35000,0.00000,0.49913
376,0.4826,20846592,13817,0.00919,5.00e-04,0.2656,234.7852,0.49823,146.26241,0.68313,0.01764,0.87904,6.85804,0.87348,10.09115,0.00000,0.33422,0.66549,0.02266,0.41323,0.63477,357.18833,0.00000,0.00000,0.83889,8.27486,0.97656,0.00000,0.00000,0.49523,0.00000,0.00000,0.71072,0.85178,23.74696,1.00000,0.01316,0.73203,6.52847,0.83008,22.13542,0.00000,0.21048,0.98684,0.06780,0.32010,0.56966,37.27424,1.00000,0.03226,0.86145,6.07228,0.90061,19.20573,0.00000,0.21228,0.96774,0.00000,0.36892,0.34722,124.07651,0.80000,0.00000,0.92442,6.57901,0.93316,6.18490,0.00000,0.36223,0.80000,0.00000,0.11936,0.40148,51.32340,0.93878,0.02041,0.92414,5.95533,0.78668,10.74219,0.00000,0.31387,0.91837,0.06818,0.47743,0.18446,283.96504,0.36000,0.04000,0.99333,7.73826,0.81380,2.27865,0.00000,0.41124,0.32000,0.00000,0.48286
377,0.4837,20901888,13740,0.00681,5.00e-04,0.2655,241.7697,0.51179,139.86988,0.71667,0.02085,0.89446,6.86278,0.85540,9.71137,0.00000,0.33246,0.69582,0.01984,0.39967,0.60221,363.58011,0.00000,0.00000,0.87861,8.31412,0.93859,0.00000,0.00000,0.50090,0.00000,0.00000,0.70530,0.75412,21.79377,1.00000,0.04412,0.75163,6.46667,0.83008,19.53125,0.00000,0.19950,0.95588,0.03571,0.30382,0.61849,29.47867,1.00000,0.00000,0.87333,6.41339,0.81380,19.85677,0.00000,0.21804,1.00000,0.00000,0.40148,0.39605,128.50082,0.80000,0.03333,0.92982,6.40976,0.92773,5.53385,0.00000,0.34857,0.76667,0.00000,0.16819,0.48828,34.74335,0.97619,0.00000,0.93333,5.69678,0.73242,10.41667,0.00000,0.30110,0.97619,0.08333,0.32552,0.21159,261.12258,0.52381,0.04762,1.00000,7.87594,0.88976,2.92969,0.00000,0.42666,0.47619,0.00000,0.49371
378,0.4848,20957184,13718,0.00919,5.00e-04,0.2654,244.7467,0.47653,153.79785,0.65473,0.01294,0.90000,6.86581,0.85178,9.27734,0.00000,0.33122,0.64179,0.02374,0.42318,0.56966,329.40625,0.05000,0.00000,0.85057,8.47990,0.94401,0.00000,0.00000,0.49289,0.05000,0.00000,0.67817,0.71615,26.54966,1.00000,0.02500,0.80000,6.64046,0.78668,23.43750,0.00000,0.20502,0.97500,0.06349,0.34180,0.57509,33.39592,1.00000,0.05263,0.88415,5.97769,0.88976,15.95052,0.00000,0.21868,0.94737,0.00000,0.43945,0.32552,147.78579,0.70833,0.00000,0.94048,6.55386,0.91146,3.90625,0.00000,0.35207,0.70833,0.00000,0.14106,0.44488,50.90046,0.97959,0.00000,0.93701,5.85751,0.68902,11.71875,0.00000,0.29392,0.97959,0.07895,0.41233,0.22786,334.74905,0.19048,0.00000,0.98780,7.68541,0.88976,0.65104,0.00000,0.42474,0.19048,0.00000,0.52626
379,0.4860,21012480,13734,0.00660,5.00e-04,0.2654,210.9538,0.49009,146.07675,0.70990,0.02275,0.89764,6.89291,0.86896,8.95182,0.00000,0.33240,0.68715,0.01902,0.41233,0.55881,344.89410,0.05882,0.05882,0.85789,8.35189,1.03082,0.00000,0.00000,0.48781,0.00000,0.00000,0.71615,0.82465,24.90924,1.00000,0.00000,0.79762,6.45768,0.91146,20.18229,0.00000,0.21239,1.00000,0.01786,0.30382,0.58594,36.79046,1.00000,0.00000,0.83544,6.15327,0.85720,14.64844,0.00000,0.20959,1.00000,0.01176,0.46115,0.33095,87.24175,0.91176,0.05882,0.93082,6.49639,0.86263,5.20833,0.00000,0.34645,0.85294,0.00000,0.16276,0.42860,63.57568,0.98113,0.01887,0.97080,6.00322,0.74327,12.69531,0.00000,0.31186,0.96226,0.08451,0.38520,0.21159,319.04924,0.30769,0.00000,0.99329,7.89503,0.80838,0.97656,0.00000,0.42632,0.30769,0.00000,0.44488
380,0.4871,21067776,13753,0.00809,5.00e-04,0.2653,216.1525,0.49461,136.82526,0.71625,0.01588,0.89524,6.79565,0.87439,10.30816,0.00000,0.33166,0.70037,0.02468,0.39062,0.61849,316.58899,0.12500,0.06250,0.86772,8.14406,1.02539,0.00000,0.00000,0.49096,0.06250,0.00000,0.66189,0.74870,21.38592,1.00000,0.00000,0.78065,6.67895,0.84093,27.99479,0.00000,0.20939,1.00000,0.08929,0.30382,0.53711,27.95003,1.00000,0.03279,0.82550,5.90578,0.80838,17.25260,0.00000,0.17654,0.96721,0.00000,0.42318,0.37435,110.88695,0.78788,0.00000,0.97500,6.42132,0.86806,5.53385,0.00000,0.35514,0.78788,0.00000,0.10851,0.46115,34.59621,1.00000,0.00000,0.93506,5.85396,0.83550,9.76563,0.00000,0.32099,1.00000,0.05882,0.36892,0.22786,309.54346,0.38462,0.00000,0.98750,7.76984,0.86806,1.30208,0.00000,0.43695,0.38462,0.00000,0.47743
381,0.4882,21123072,13815,0.01395,4.17e-04,0.2651,236.9737,0.48738,144.59177,0.70361,0.00439,0.89564,6.72146,0.88976,9.71137,0.00000,0.33709,0.69922,0.03546,0.39515,0.47201,345.90410,0.00000,0.00000,0.84884,8.11775,0.93316,0.00000,0.00000,0.48816,0.00000,0.00000,0.61306,0.84635,24.84278,1.00000,0.00000,0.80982,6.44548,0.88433,17.90365,0.00000,0.22501,1.00000,0.05085,0.32010,0.49913,30.46063,1.00000,0.02632,0.87179,5.87207,0.84635,22.13542,0.00000,0.20746,0.97368,0.00000,0.33637,0.40690,111.77067,0.92857,0.00000,0.90667,6.34155,0.81380,5.85938,0.00000,0.33213,0.92857,0.04762,0.22786,0.49371,47.27554,0.97727,0.00000,0.93671,5.78875,0.85720,10.41667,0.00000,0.31005,0.97727,0.11429,0.37977,0.20616,307.29688,0.31579,0.00000,1.00000,7.76316,1.00369,1.95313,0.00000,0.45975,0.31579,0.00000,0.49371
382,0.4894,21178368,13615,0.00868,5.00e-04,0.2650,259.1082,0.46296,145.25363,0.66286,0.00763,0.88022,6.82667,0.87529,9.44010,0.00000,0.32157,0.65524,0.02046,0.38972,0.50456,365.72976,0.00000,0.00000,0.85246,8.18714,0.99284,0.00000,0.00000,0.50141,0.00000,0.00000,0.64019,0.76497,21.99828,1.00000,0.01299,0.77647,6.74466,0.92231,21.15885,0.00000,0.17783,0.98701,0.01562,0.34722,0.52083,28.98915,1.00000,0.03279,0.84000,6.25274,0.81380,15.95052,0.00000,0.20422,0.96721,0.00000,0.39062,0.34180,96.65045,0.84375,0.00000,0.92025,6.33879,0.88433,6.51042,0.00000,0.33557,0.84375,0.00000,0.17361,0.46115,38.21204,0.97959,0.00000,0.89865,5.68474,0.80295,13.02083,0.00000,0.29234,0.97959,0.10714,0.30382,0.18446,319.94208,0.15385,0.00000,0.99351,7.75197,0.83550,0.00000,0.00000,0.41806,0.15385,0.00000,0.48286
383,0.4905,21233664,13803,0.00801,5.00e-04,0.2649,243.0541,0.45482,145.34473,0.69404,0.00208,0.88024,6.72283,0.84002,10.30816,0.00000,0.31178,0.69196,0.03300,0.40419,0.53711,365.24394,0.00000,0.00000,0.85057,8.22175,0.94401,0.00000,0.00000,0.48745,0.00000,0.00000,0.64562,0.75955,25.74268,0.98750,0.01250,0.75460,6.20255,0.88433,22.46094,0.00000,0.17976,0.97500,0.06977,0.23329,0.55339,31.79941,0.98246,0.00000,0.83226,5.76708,0.84093,17.25260,0.00000,0.19154,0.98246,0.00000,0.42318,0.27669,87.17651,0.94118,0.00000,0.91096,6.26246,0.79210,6.83594,0.00000,0.32917,0.94118,0.00000,0.17904,0.36892,47.53745,0.98039,0.00000,0.94531,5.97095,0.69444,14.32292,0.00000,0.28261,0.98039,0.12821,0.42318,0.23329,314.56840,0.27273,0.00000,0.98773,7.91221,0.88433,0.97656,0.00000,0.40018,0.27273,0.00000,0.52083
384,0.4916,21288960,13769,0.01100,5.00e-04,0.2648,242.1675,0.46387,136.43204,0.72520,0.01909,0.88690,6.73092,0.84635,10.19965,0.00000,0.30587,0.71149,0.03333,0.38882,0.57509,339.91788,0.05882,0.00000,0.86170,8.21008,1.01997,0.32552,0.00000,0.50744,0.05882,0.00000,0.69987,0.76497,15.71021,0.98592,0.00000,0.78621,6.62304,0.78668,19.53125,0.00000,0.17279,0.98592,0.11667,0.32552,0.53168,33.56404,0.98551,0.00000,0.84868,5.71229,0.82465,21.15885,0.00000,0.15995,0.98551,0.00000,0.43945,0.31467,106.42527,0.87097,0.06452,0.90419,6.22641,0.90603,4.88281,0.00000,0.32392,0.83871,0.00000,0.15734,0.42318,42.03765,1.00000,0.00000,0.92063,5.70252,0.68359,13.02083,0.00000,0.26713,1.00000,0.08333,0.32552,0.17361,280.93718,0.45000,0.05000,1.00000,7.91117,0.85720,2.27865,0.00000,0.40397,0.40000,0.00000,0.38520
385,0.4927,21344256,13746,0.00762,5.00e-04,0.2648,251.2825,0.47201,132.81338,0.72050,0.02132,0.86462,6.69844,0.88614,9.44010,0.00000,0.30715,0.69918,0.04223,0.39334,0.57509,362.84469,0.00000,0.00000,0.83133,8.26345,0.90061,0.00000,0.00000,0.49487,0.00000,0.00000,0.70530,0.71615,17.73678,0.98551,0.02899,0.71351,6.31515,1.00369,19.85677,0.00000,0.17660,0.95652,0.07692,0.28212,0.53711,22.06323,1.00000,0.03226,0.82468,5.90250,0.83550,17.90365,0.00000,0.16575,0.96774,0.00000,0.37977,0.38520,89.10002,0.93750,0.00000,0.90798,6.15621,0.88433,5.53385,0.00000,0.33651,0.93750,0.00000,0.16819,0.38520,53.29598,1.00000,0.00000,0.92308,5.83746,0.84635,12.69531,0.00000,0.26675,1.00000,0.17647,0.36892,0.23329,251.83957,0.40000,0.06667,0.98718,7.71585,0.84635,0.65104,0.00000,0.40242,0.33333,0.00000,0.45573
386,0.4938,21399552,13881,0.00742,5.00e-04,0.2647,241.7268,0.47020,131.61957,0.72488,0.01159,0.88239,6.65928,0.85720,10.41667,0.00000,0.32151,0.71530,0.02581,0.40600,0.55881,363.47904,0.00000,0.00000,0.84916,8.34270,0.97114,0.00000,0.00000,0.50826,0.00000,0.00000,0.76497,0.70530,21.71781,1.00000,0.02410,0.81065,6.24812,0.91688,24.73958,0.00000,0.20515,0.98795,0.01852,0.29297,0.59136,23.10782,1.00000,0.00000,0.82500,5.73675,0.86806,19.53125,0.00000,0.22677,1.00000,0.00000,0.40148,0.41233,87.70417,0.89474,0.00000,0.90411,6.22963,0.79210,3.58073,0.00000,0.32932,0.89474,0.00000,0.18446,0.36350,39.55860,1.00000,0.00000,0.91129,5.53737,0.67274,12.36979,0.00000,0.25618,1.00000,0.13636,0.35807,0.18989,254.14997,0.45455,0.04545,0.99412,7.86112,0.92231,2.27865,0.00000,0.40339,0.40909,0.00000,0.43403
387,0.4950,21454848,13780,0.00783,5.00e-04,0.2647,228.7020,0.47833,135.13561,0.72363,0.02568,0.86931,6.78742,0.87348,10.30816,0.00000,0.32147,0.69795,0.03283,0.39243,0.60764,368.24587,0.00000,0.00000,0.83871,8.28952,1.00911,0.00000,0.00000,0.50130,0.00000,0.00000,0.78668,0.77582,18.36849,1.00000,0.02439,0.78182,6.33016,0.89518,24.41406,0.00000,0.21873,0.97561,0.06061,0.35807,0.52083,28.97084,0.98462,0.01538,0.78182,6.03025,0.89518,19.20573,0.00000,0.21059,0.96923,0.00000,0.34180,0.33095,113.72271,0.83333,0.06667,0.87805,6.20954,0.88976,5.20833,0.00000,0.32784,0.76667,0.00000,0.15734,0.41775,41.54673,1.00000,0.00000,0.93548,5.99086,0.67274,10.74219,0.00000,0.26536,1.00000,0.13636,0.35807,0.21701,239.95903,0.52381,0.04762,1.00000,7.87419,0.87891,2.27865,0.00000,0.40503,0.47619,0.00000,0.35265
388,0.4961,21510144,13789,0.00909,5.00e-04,0.2646,232.4716,0.47653,131.23355,0.75000,0.00000,0.86552,6.70050,0.89247,10.74219,0.00000,0.33119,0.75000,0.05173,0.43403,0.59679,345.45379,0.09091,0.00000,0.84653,8.16150,1.09592,0.00000,0.00000,0.52393,0.09091,0.00000,0.73785,0.71615,28.66278,1.00000,0.00000,0.75449,6.41643,0.90603,21.80990,0.00000,0.22510,1.00000,0.12121,0.35807,0.56966,28.16786,1.00000,0.00000,0.85185,5.95817,0.87891,15.95052,0.00000,0.22875,1.00000,0.00000,0.48828,0.37435,106.43177,0.90909,0.00000,0.85093,6.25756,0.87348,7.16146,0.00000,0.33401,0.90909,0.00000,0.16819,0.36892,29.65615,1.00000,0.00000,0.89552,5.64448,0.72700,16.92708,0.00000,0.27488,1.00000,0.18919,0.40148,0.23329,249.02893,0.50000,0.00000,0.99379,7.76486,0.87348,2.60417,0.00000,0.40044,0.50000,0.00000,0.45030
389,0.4972,21565440,13730,0.00946,5.00e-04,0.2644,238.3391,0.47020,137.64667,0.68352,0.00265,0.88882,6.75382,0.82646,10.25391,0.00000,0.31549,0.68087,0.02794,0.38339,0.47743,359.94217,0.00000,0.00000,0.84324,8.20644,1.00369,0.00000,0.00000,0.50958,0.00000,0.00833,0.65104,0.69444,18.65753,1.00000,0.00000,0.79755,6.29295,0.88433,23.11198,0.00000,0.19777,1.00000,0.02817,0.38520,0.63477,30.44825,1.00000,0.01587,0.86503,6.07704,0.88433,19.53125,0.00000,0.20363,0.98413,0.00000,0.33095,0.35807,92.06488,0.86111,0.00000,0.91781,5.95156,0.79210,7.16146,0.00000,0.31176,0.86111,0.00000,0.16819,0.43945,30.44703,1.00000,0.00000,0.93043,6.00645,0.62391,10.41667,0.00000,0.28130,1.00000,0.13115,0.33095,0.21701,294.32018,0.24000,0.00000,0.97887,7.98851,0.77040,1.30208,0.00000,0.38888,0.24000,0.00000,0.43403
390,0.4983,21620736,13768,0.01204,5.00e-04,0.2643,235.2859,0.45121,133.23754,0.71699,0.01148,0.87984,6.69798,0.87529,9.27734,0.00000,0.31522,0.70551,0.03367,0.40238,0.47743,355.91565,0.00000,0.00000,0.89017,8.37659,0.93859,0.00000,0.00000,0.50550,0.00000,0.00000,0.63477,0.72700,17.58040,1.00000,0.01587,0.77914,6.30530,0.88433,18.55469,0.00000,0.17197,0.98413,0.10345,0.31467,0.52083,26.57094,1.00000,0.00000,0.79532,5.70448,0.92773,18.88021,0.00000,0.19930,1.00000,0.00000,0.41233,0.32552,144.14537,0.84848,0.03030,0.88079,6.18933,0.81923,5.20833,0.00000,0.33896,0.81818,0.00000,0.14106,0.44488,33.17569,0.97727,0.02273,0.94595,5.66230,0.80295,11.06771,0.00000,0.27674,0.95455,0.09859,0.38520,0.21159,222.03718,0.47619,0.00000,0.98765,7.94985,0.87891,1.95313,0.00000,0.39886,0.47619,0.00000,0.52626
391,0.4995,21676032,13884,0.00979,5.00e-04,0.2642,244.4585,0.45030,141.58948,0.68415,0.00680,0.88070,6.66567,0.87167,10.14540,0.00000,0.30919,0.67735,0.03817,0.35807,0.52083,364.05871,0.00000,0.00000,0.84699,8.24590,0.99284,0.00000,0.00000,0.50751,0.00000,0.00000,0.60764,0.74870,18.44541,1.00000,0.02632,0.77976,6.16601,0.91146,20.18229,0.00000,0.16286,0.97368,0.05714,0.37977,0.49913,25.37596,1.00000,0.01449,0.87919,6.02328,0.80838,20.83333,0.00000,0.16392,0.98551,0.00000,0.35807,0.33637,130.17825,0.81081,0.00000,0.89831,6.21197,0.96029,4.88281,0.00000,0.36112,0.81081,0.00000,0.07595,0.36892,41.23147,0.96078,0.00000,0.89362,5.56977,0.76497,13.34635,0.00000,0.26481,0.96078,0.17188,0.34722,0.22786,270.24712,0.33333,0.00000,0.98630,7.77709,0.79210,1.62760,0.00000,0.39494,0.33333,0.00000,0.37977
392,0.5006,21731328,13691,0.00986,5.00e-04,0.2641,225.9410,0.47924,131.48006,0.73716,0.01039,0.87729,6.71908,0.86986,10.85069,0.00000,0.31419,0.72677,0.03218,0.38610,0.54253,363.24160,0.00000,0.00000,0.84571,8.25593,0.94944,0.00000,0.00000,0.49182,0.00000,0.00806,0.67274,0.75412,22.92087,1.00000,0.01316,0.70455,6.13056,0.95486,23.11198,0.00000,0.19212,0.98684,0.02128,0.25499,0.53711,23.00804,1.00000,0.01471,0.84337,5.80131,0.90061,19.85677,0.00000,0.18592,0.98529,0.00000,0.36892,0.39062,115.09216,0.95238,0.00000,0.91391,6.21455,0.81923,4.88281,0.00000,0.33550,0.95238,0.02941,0.18446,0.42860,27.50531,1.00000,0.03448,0.95620,5.99798,0.74327,14.97396,0.00000,0.26499,0.96552,0.13433,0.36350,0.22244,237.11239,0.47059,0.00000,1.00000,7.91417,0.85178,2.27865,0.00000,0.41476,0.47059,0.00000,0.47201
393,0.5017,21786624,13788,0.00783,5.00e-04,0.2639,229.4046,0.48195,137.69861,0.71502,0.00529,0.90807,6.76160,0.87439,11.17622,0.00000,0.32123,0.70972,0.02785,0.41233,0.52626,341.06001,0.05000,0.00000,0.84783,8.36134,0.99826,0.32552,0.00000,0.49920,0.05000,0.00000,0.71615,0.79753,19.00138,1.00000,0.01176,0.85380,6.42252,0.92773,24.08854,0.00000,0.17798,0.98824,0.06849,0.39605,0.49913,28.03142,0.98571,0.00000,0.86842,5.86303,0.82465,20.83333,0.00000,0.22328,0.98571,0.00000,0.41233,0.34180,106.63507,0.92105,0.00000,0.91975,6.36004,0.87891,7.48698,0.00000,0.33827,0.92105,0.00000,0.09766,0.41233,27.68045,1.00000,0.02000,0.97122,5.66977,0.75412,12.36979,0.00000,0.26861,0.98000,0.09859,0.38520,0.31467,303.78331,0.33333,0.00000,0.98742,7.89289,0.86263,1.95313,0.00000,0.42001,0.33333,0.00000,0.46658
394,0.5028,21841920,13705,0.00786,5.00e-04,0.2638,223.6330,0.48557,131.30729,0.71814,0.00945,0.89323,6.83492,0.89609,9.38585,0.00000,0.32075,0.70868,0.03177,0.40690,0.60764,348.20657,0.00000,0.00000,0.88108,8.36534,1.00369,0.00000,0.00000,0.49669,0.00000,0.00752,0.72157,0.75412,16.27324,1.00000,0.00000,0.79762,6.55485,0.91146,21.15885,0.00000,0.16419,1.00000,0.08475,0.32010,0.60764,28.18310,1.00000,0.00000,0.83799,5.90361,0.97114,18.22917,0.00000,0.23567,1.00000,0.00000,0.46115,0.35807,90.24151,0.93103,0.03448,0.92857,6.26426,0.83550,4.55729,0.00000,0.32400,0.89655,0.00000,0.13563,0.35807,45.46185,0.97778,0.02222,0.91411,5.95864,0.88433,11.06771,0.00000,0.29630,0.95556,0.09836,0.33095,0.22786,259.47746,0.40000,0.00000,1.00000,7.96282,0.77040,1.30208,0.00000,0.40768,0.40000,0.00000,0.47201
395,0.5040,21897216,13822,0.00854,5.00e-04,0.2637,214.7555,0.49461,137.89352,0.70749,0.00933,0.88601,6.72293,0.89247,10.74219,0.00000,0.32242,0.69816,0.03942,0.41685,0.61849,363.60897,0.00000,0.00000,0.84211,8.24006,1.03082,0.00000,0.00000,0.49369,0.00000,0.00741,0.73242,0.73242,15.69509,1.00000,0.03846,0.77640,6.25352,0.87348,22.13542,0.00000,0.17342,0.96154,0.05455,0.29839,0.56966,26.46287,1.00000,0.00000,0.84076,6.04121,0.85178,19.53125,0.00000,0.23659,1.00000,0.00000,0.39062,0.39605,70.92065,0.97222,0.00000,0.89873,6.19595,0.85720,6.83594,0.00000,0.30611,0.97222,0.00000,0.15191,0.46115,29.87688,1.00000,0.01754,0.95804,5.82212,0.77582,13.99740,0.00000,0.29977,0.98246,0.16438,0.39605,0.18989,320.79665,0.27273,0.00000,1.00000,7.78472,0.96571,1.95313,0.00000,0.42492,0.27273,0.01020,0.53168
396,0.5051,21952512,13738,0.00856,5.00e-04,0.2636,231.0344,0.44488,124.70202,0.75350,0.00476,0.85983,6.74431,0.85540,9.49436,0.00000,0.32345,0.74873,0.04307,0.39967,0.49913,330.35201,0.07692,0.00000,0.89071,8.29769,0.99284,0.00000,0.00000,0.51037,0.07692,0.00000,0.61306,0.69444,16.43837,1.00000,0.00000,0.76510,6.44092,0.80838,21.48438,0.00000,0.19447,1.00000,0.06061,0.35807,0.50998,25.55852,1.00000,0.00000,0.77707,5.94029,0.85178,17.57812,0.00000,0.21354,1.00000,0.00000,0.37435,0.28754,75.71592,0.91429,0.02857,0.87162,6.29393,0.80295,3.90625,0.00000,0.30969,0.88571,0.00000,0.10308,0.40690,44.83810,0.95833,0.00000,0.87234,5.42995,0.76497,12.69531,0.00000,0.29112,0.95833,0.19780,0.49371,0.27127,255.30917,0.57143,0.00000,0.98214,8.06308,0.91146,1.30208,0.00000,0.42147,0.57143,0.00000,0.45573
397,0.5062,22007808,13785,0.00984,5.00e-04,0.2634,212.8202,0.48828,131.35628,0.74079,0.01993,0.88520,6.81017,0.92050,10.68793,0.00000,0.32021,0.72086,0.02457,0.41413,0.60221,359.14664,0.00000,0.00000,0.87234,8.30521,1.01997,0.00000,0.00000,0.50135,0.00000,0.00000,0.78125,0.71615,19.22607,1.00000,0.00000,0.81313,6.46144,1.07422,22.78646,0.00000,0.19457,1.00000,0.05063,0.42860,0.60764,28.88407,1.00000,0.01695,0.80357,6.20798,0.91146,18.88021,0.00000,0.21548,0.98305,0.00000,0.35265,0.37435,126.78552,0.89474,0.05263,0.90184,6.23976,0.88433,7.48698,0.00000,0.32134,0.84211,0.00000,0.13563,0.40148,30.26621,1.00000,0.00000,0.92029,5.95344,0.74870,13.02083,0.00000,0.28877,1.00000,0.09677,0.33637,0.22786,223.82915,0.55000,0.05000,1.00000,7.69320,0.88433,1.95313,0.00000,0.39976,0.50000,0.00000,0.45030
398,0.5073,22063104,13806,0.01077,5.00e-04,0.2633,239.8920,0.48014,138.14801,0.72082,0.00442,0.89352,6.71749,0.83098,11.23047,0.00000,0.30988,0.71859,0.03592,0.42951,0.49913,355.35059,0.05882,0.00000,0.86441,8.36500,0.96029,0.32552,0.00000,0.48141,0.05882,0.00000,0.74327,0.85720,13.56963,1.00000,0.01316,0.80864,6.08906,0.87891,22.78646,0.00000,0.18485,1.00000,0.06061,0.35807,0.54796,26.98663,1.00000,0.01333,0.88158,5.92026,0.82465,22.46094,0.00000,0.19946,0.98667,0.00000,0.42318,0.37435,128.48291,0.82857,0.00000,0.90728,6.17230,0.81923,5.85938,0.00000,0.30723,0.82857,0.00000,0.20616,0.42318,39.70689,1.00000,0.00000,0.91870,6.00529,0.66732,13.99740,0.00000,0.27952,1.00000,0.15493,0.38520,0.17904,264.79144,0.43750,0.00000,0.98052,7.75304,0.83550,1.95313,0.00000,0.40680,0.43750,0.00000,0.46115
399,0.5085,22118400,13608,0.01591,2.89e-04,0.2633,210.0470,0.45844,132.66982,0.69407,0.02625,0.90290,6.73061,0.87710,10.09115,0.00000,0.31551,0.66782,0.03523,0.40148,0.54253,319.89618,0.12500,0.06250,0.91667,8.38187,1.04167,0.32552,0.00000,0.49419,0.06250,0.00000,0.71615,0.75955,19.66981,1.00000,0.01429,0.81065,6.58965,0.91688,20.83333,0.00000,0.22241,0.98571,0.11765,0.36892,0.42860,24.17757,1.00000,0.03125,0.85065,5.78598,0.83550,17.90365,0.00000,0.17330,0.96875,0.00000,0.39605,0.40690,88.14338,0.83333,0.03333,0.90196,6.11383,0.83008,5.85938,0.00000,0.29911,0.80000,0.00000,0.13021,0.35807,37.94674,0.98387,0.01613,0.93750,5.69783,0.69444,14.64844,0.00000,0.28293,0.96774,0.09375,0.34722,0.25499,306.18522,0.22222,0.00000,1.00000,7.81450,0.94401,0.97656,0.00000,0.42110,0.22222,0.00000,0.45030
400,0.5096,22173696,13748,0.02043,2.01e-04,0.2632,225.0722,0.46748,138.16708,0.72222,0.00253,0.88672,6.75608,0.84455,10.03689,0.00000,0.32294,0.71970,0.04000,0.40238,0.54253,343.83933,0.04762,0.00000,0.86957,8.36735,0.99826,0.00000,0.00000,0.49952,0.04762,0.00000,0.73242,0.77582,22.56409,1.00000,0.01515,0.79096,6.23303,0.96029,18.88021,0.00000,0.20123,0.98485,0.04000,0.27127,0.46115,29.89409,1.00000,0.00000,0.84672,6.08596,0.74327,20.18229,0.00000,0.21070,1.00000,0.00000,0.36350,0.43403,89.50745,0.95238,0.00000,0.90580,6.24974,0.74870,9.11458,0.00000,0.31910,0.95238,0.00000,0.19531,0.40690,39.06822,1.00000,0.00000,0.91971,5.78309,0.74327,10.41667,0.00000,0.28183,1.00000,0.20000,0.40690,0.18446,304.12933,0.33333,0.00000,0.98758,7.81729,0.87348,1.62760,0.00000,0.42528,0.33333,0.00000,0.44488
401,0.5108,22228992,13670,0.01301,1.67e-04,0.2632,218.7836,0.48286,130.02590,0.72999,0.00434,0.88025,6.78897,0.85720,11.33898,0.00000,0.32446,0.72565,0.03659,0.40328,0.56424,351.93187,0.05882,0.00000,0.89017,8.39645,0.93859,0.32552,0.00000,0.50626,0.05882,0.00000,0.67274,0.75412,22.52054,0.99010,0.00990,0.84828,6.51605,0.78668,30.27344,0.00000,0.20295,0.98020,0.15625,0.34722,0.52083,30.67115,0.98387,0.01613,0.78261,6.04481,0.87348,16.92708,0.00000,0.19724,0.96774,0.00000,0.39605,0.42318,84.64952,0.87097,0.00000,0.85965,6.16789,0.92773,5.85938,0.00000,0.32647,0.87097,0.00000,0.10851,0.37977,36.69808,1.00000,0.00000,0.90714,5.85797,0.75955,12.04427,0.00000,0.28901,1.00000,0.06329,0.42860,0.25499,253.68424,0.47619,0.00000,0.99367,7.75068,0.85720,2.60417,0.00000,0.42482,0.47619,0.00000,0.46658
402,0.5119,22284288,13712,0.00976,2.41e-04,0.2631,238.7488,0.47020,131.96329,0.72325,0.00273,0.88489,6.72457,0.85540,10.79644,0.00000,0.33080,0.72052,0.03385,0.41052,0.62391,348.83193,0.00000,0.00000,0.90230,8.30301,0.94401,0.00000,0.00000,0.50622,0.00000,0.00000,0.69987,0.74327,21.81487,0.98361,0.01639,0.79870,6.46577,0.83550,17.57812,0.00000,0.21052,0.96721,0.06557,0.33095,0.48286,29.88134,0.98701,0.00000,0.81595,5.90945,0.88433,23.76302,0.00000,0.22008,0.98701,0.00000,0.37977,0.34180,84.39222,0.88889,0.00000,0.89024,6.08024,0.88976,6.18490,0.00000,0.34274,0.88889,0.00000,0.14106,0.44488,37.27697,0.98000,0.00000,0.90840,5.76484,0.71072,13.67188,0.00000,0.28517,0.98000,0.13750,0.43403,0.18446,269.58241,0.50000,0.00000,0.99375,7.82412,0.86806,3.58073,0.00000,0.42010,0.50000,0.00000,0.47743
403,0.5130,22339584,13778,0.01008,3.47e-04,0.2630,230.3180,0.45844,125.21149,0.72973,0.02399,0.89168,6.76734,0.85811,9.87413,0.00000,0.32022,0.70574,0.04922,0.39695,0.59136,330.97559,0.05000,0.05000,0.89944,8.41904,0.97114,0.00000,0.00000,0.50721,0.00000,0.00000,0.62934,0.79210,14.29049,1.00000,0.03030,0.83234,6.36014,0.90603,19.20573,0.00000,0.20562,0.96970,0.07792,0.41775,0.46658,23.81176,1.00000,0.00000,0.76647,5.74552,0.90603,17.25260,0.00000,0.19215,1.00000,0.00000,0.37435,0.33637,77.39076,0.93750,0.00000,0.93038,6.42165,0.85720,8.13802,0.00000,0.36166,0.93750,0.00000,0.14106,0.35807,33.02331,0.98182,0.01818,0.92143,5.72928,0.75955,12.04427,0.00000,0.26697,0.96364,0.21739,0.37435,0.20616,271.77706,0.40909,0.04545,1.00000,7.92838,0.74870,2.60417,0.00000,0.38773,0.36364,0.00000,0.44488
404,0.5141,22394880,13691,0.02418,1.67e-04,0.2629,238.6908,0.46839,134.04885,0.70767,0.00447,0.86562,6.64162,0.82646,10.63368,0.00000,0.31364,0.70320,0.02941,0.37616,0.57509,334.80160,0.05556,0.00000,0.88043,8.31266,0.99826,0.32552,0.00000,0.50719,0.05556,0.00000,0.70530,0.69987,22.07865,1.00000,0.01351,0.73620,6.23246,0.88433,21.48438,0.00000,0.20194,0.98649,0.04918,0.33095,0.54796,21.03180,1.00000,0.01333,0.77703,5.90436,0.80295,21.80990,0.00000,0.16168,0.98667,0.00000,0.35265,0.39605,99.86531,0.85714,0.00000,0.89172,5.80222,0.85178,4.55729,0.00000,0.33362,0.85714,0.00000,0.12478,0.36892,28.28429,1.00000,0.00000,0.90833,5.68824,0.65104,13.67188,0.00000,0.25968,1.00000,0.12727,0.29839,0.22244,298.23145,0.33333,0.00000,1.00000,7.90981,0.77040,1.95313,0.00000,0.41776,0.33333,0.00000,0.44488
405,0.5153,22450176,13845,0.00620,2.89e-04,0.2628,210.9086,0.47291,130.73458,0.72369,0.00208,0.88136,6.67583,0.83641,12.58681,0.00000,0.31762,0.72161,0.03953,0.37706,0.64019,341.81784,0.05882,0.00000,0.88462,8.34869,0.98741,0.32552,0.00000,0.50826,0.05882,0.00000,0.69987,0.71072,19.11443,1.00000,0.00000,0.78481,6.27326,0.85720,27.66927,0.00000,0.21436,1.00000,0.08333,0.32552,0.46115,21.50735,1.00000,0.01250,0.76875,5.67421,0.86806,24.41406,0.00000,0.16345,0.98750,0.00000,0.32010,0.41775,79.64094,0.95000,0.00000,0.87500,5.98594,0.91146,7.81250,0.00000,0.33052,0.95000,0.00000,0.15191,0.39062,27.50802,1.00000,0.00000,0.97500,5.84284,0.65104,14.32292,0.00000,0.27836,1.00000,0.15385,0.35265,0.21701,294.81891,0.33333,0.00000,1.00000,7.93004,0.74327,0.97656,0.00000,0.41075,0.33333,0.00000,0.41233
406,0.5164,22505472,13792,0.00831,5.00e-04,0.2627,231.9082,0.46387,130.78229,0.72272,0.00273,0.86224,6.70862,0.87348,8.84332,0.00000,0.32735,0.71999,0.03300,0.39967,0.53168,352.52026,0.06250,0.00000,0.85789,8.29377,1.03082,0.00000,0.00000,0.50628,0.06250,0.00000,0.66732,0.78668,27.02220,1.00000,0.01639,0.75904,6.32529,0.90061,17.25260,0.00000,0.21044,0.98361,0.06757,0.40148,0.52626,17.71844,0.98305,0.00000,0.78000,5.74050,0.81380,17.25260,0.00000,0.17749,0.98305,0.00000,0.35265,0.35265,116.89974,0.81250,0.00000,0.87931,6.27084,0.94401,5.20833,0.00000,0.34374,0.81250,0.00000,0.14106,0.36892,35.05350,0.97826,0.00000,0.91667,5.72471,0.71615,11.71875,0.00000,0.29431,0.97826,0.13043,0.37435,0.21701,235.47958,0.50000,0.00000,0.98052,7.89662,0.83550,1.62760,0.00000,0.43182,0.50000,0.00000,0.46115
407,0.5175,22560768,13352,0.00896,5.00e-04,0.2626,221.1595,0.48919,126.56001,0.77471,0.00943,0.89156,6.82554,0.90603,10.63368,0.00000,0.33409,0.76528,0.03490,0.40690,0.55881,356.26001,0.10000,0.00000,0.89011,8.32631,0.98741,0.32552,0.00000,0.51042,0.10000,0.00000,0.62391,0.83550,21.55640,1.00000,0.01449,0.83425,6.53314,0.98199,21.48438,0.00000,0.22793,0.98551,0.10000,0.37977,0.46658,24.78257,1.00000,0.01429,0.79882,5.95415,0.91688,20.83333,0.00000,0.20485,0.98571,0.00000,0.40148,0.37435,93.88569,0.91667,0.02778,0.92105,5.99314,0.82465,7.81250,0.00000,0.32667,0.88889,0.00000,0.14648,0.42318,27.22962,1.00000,0.00000,0.91096,6.15988,0.79210,11.39323,0.00000,0.29880,1.00000,0.10938,0.34722,0.27669,235.64579,0.63158,0.00000,0.99419,7.98664,0.93316,1.95313,0.00000,0.43586,0.63158,0.00000,0.54253
408,0.5187,22616064,13674,0.00914,5.00e-04,0.2624,212.7413,0.44217,134.17549,0.75339,0.00000,0.86724,6.74719,0.90332,11.39323,0.00000,0.33110,0.75339,0.02858,0.40781,0.57509,355.69275,0.00000,0.00000,0.82888,8.26684,1.01454,0.00000,0.00000,0.51742,0.00000,0.00000,0.67274,0.60221,21.41821,1.00000,0.00000,0.76023,6.20041,0.92773,25.06510,0.00000,0.19095,1.00000,0.06557,0.33095,0.51541,30.90570,0.98462,0.00000,0.83333,6.10089,0.84635,19.53125,0.00000,0.20909,0.98462,0.00000,0.43403,0.40148,92.86074,0.92857,0.00000,0.90446,6.40647,0.85178,5.53385,0.00000,0.33750,0.92857,0.00000,0.16819,0.37435,31.74874,1.00000,0.00000,0.87654,5.62012,0.87891,13.67188,0.00000,0.30324,1.00000,0.10588,0.46115,0.18446,272.42679,0.60714,0.00000,1.00000,7.88843,0.90061,4.55729,0.00000,0.42838,0.60714,0.00000,0.37977
409,0.5198,22671360,13616,0.01295,5.00e-04,0.2623,210.5125,0.44397,130.92053,0.72051,0.02956,0.89260,6.67563,0.86534,11.44748,0.00000,0.32832,0.69095,0.03322,0.42046,0.56966,342.31437,0.05882,0.05882,0.92529,8.45430,0.94401,0.00000,0.00000,0.51668,0.00000,0.00000,0.61849,0.64019,21.37458,1.00000,0.02273,0.80124,6.32980,0.87348,26.69271,0.00000,0.19201,0.97727,0.05263,0.30924,0.45573,25.08876,0.98507,0.00000,0.82249,5.95672,0.91688,20.83333,0.00000,0.21148,0.98507,0.00000,0.46115,0.42860,73.91516,0.96667,0.03333,0.87179,5.72976,0.84635,6.83594,0.00000,0.33175,0.93333,0.00000,0.17904,0.34180,41.10991,1.00000,0.00000,0.93478,5.71779,0.74870,13.02083,0.00000,0.29435,1.00000,0.14667,0.40690,0.22786,281.72040,0.31250,0.06250,1.00000,7.86538,0.86263,1.30208,0.00000,0.42367,0.25000,0.00000,0.54796
410,0.5209,22726656,13790,0.01353,4.17e-04,0.2622,196.0429,0.46929,131.53854,0.73246,0.00774,0.88939,6.76198,0.83822,10.47092,0.00000,0.32783,0.72471,0.02637,0.37525,0.60221,366.00920,0.00000,0.00000,0.88202,8.19813,0.96571,0.00000,0.00000,0.51315,0.00000,0.00000,0.66189,0.72700,26.29352,1.00000,0.01471,0.79661,6.31231,0.96029,19.53125,0.00000,0.20216,0.98529,0.05172,0.31467,0.49913,14.42803,1.00000,0.03175,0.81481,6.02076,0.73242,18.55469,0.00000,0.19200,0.96825,0.00000,0.30924,0.37977,114.66343,0.92105,0.00000,0.90845,6.49599,0.77040,8.13802,0.00000,0.32341,0.92105,0.00000,0.10851,0.32010,33.12381,1.00000,0.00000,0.93443,5.67487,0.66189,14.32292,0.00000,0.29582,1.00000,0.09459,0.40148,0.28754,234.71328,0.47368,0.00000,1.00000,7.86983,0.93859,2.27865,0.00000,0.44045,0.47368,0.01190,0.45573
411,0.5221,22781952,13708,0.00972,5.00e-04,0.2621,188.2431,0.45935,134.68892,0.70849,0.01282,0.89932,6.72236,0.85268,10.41667,0.00000,0.33123,0.69567,0.03210,0.37706,0.50998,328.69629,0.13333,0.00000,0.89773,8.37288,0.95486,0.65104,0.00000,0.51133,0.13333,0.00000,0.64562,0.70530,22.17965,1.00000,0.00000,0.77987,6.30068,0.86263,26.04167,0.00000,0.21115,1.00000,0.11321,0.28754,0.55881,25.57587,1.00000,0.00000,0.86310,5.84581,0.91146,17.25260,0.00000,0.22496,1.00000,0.00000,0.43945,0.40690,70.57563,0.96154,0.07692,0.92903,6.25336,0.84093,4.23177,0.00000,0.31111,0.88462,0.00000,0.09766,0.37435,46.75677,0.97959,0.00000,0.93284,5.66641,0.72700,13.34635,0.00000,0.29349,0.97959,0.07937,0.34180,0.20074,314.34932,0.17647,0.00000,0.99338,7.89503,0.81923,0.97656,0.00000,0.43535,0.17647,0.00000,0.45030
412,0.5232,22837248,13536,0.01031,5.00e-04,0.2620,223.1736,0.49009,139.12161,0.69676,0.00462,0.87048,6.77025,0.89789,10.25391,0.00000,0.33263,0.69214,0.04135,0.39876,0.58051,346.23116,0.08333,0.00000,0.89005,8.45004,1.03624,0.32552,0.00000,0.51460,0.08333,0.01562,0.69444,0.74870,18.54897,1.00000,0.01235,0.80571,6.34846,0.94944,22.46094,0.00000,0.21733,0.98765,0.07692,0.28212,0.52083,23.76013,1.00000,0.01538,0.76608,5.96321,0.92773,19.53125,0.00000,0.21325,0.98462,0.00000,0.41233,0.46658,86.90796,0.88571,0.00000,0.87135,6.01064,0.92773,5.20833,0.00000,0.32338,0.88571,0.03226,0.16819,0.39062,38.32619,0.98077,0.00000,0.88971,5.85922,0.73785,13.34635,0.00000,0.29620,0.98077,0.12329,0.39605,0.23329,320.95523,0.23077,0.00000,1.00000,7.98991,0.80838,0.65104,0.00000,0.43105,0.23077,0.00000,0.43945
413,0.5244,22892544,13531,0.01048,5.00e-04,0.2618,232.9339,0.46748,122.71546,0.75721,0.00754,0.88549,6.77410,0.84274,11.44748,0.00000,0.33176,0.74967,0.02788,0.38610,0.53168,317.57309,0.15385,0.00000,0.91667,8.35799,0.91146,0.00000,0.00000,0.50468,0.15385,0.00000,0.58051,0.78125,18.62352,1.00000,0.01493,0.79167,6.45560,0.91146,21.15885,0.00000,0.22768,0.98507,0.08621,0.31467,0.50998,25.92655,1.00000,0.00000,0.80625,5.79814,0.86806,23.76302,0.00000,0.20491,1.00000,0.00000,0.37977,0.36892,90.05313,0.93939,0.03030,0.88028,6.17213,0.77040,6.83594,0.00000,0.33378,0.90909,0.00000,0.15191,0.40148,44.10578,1.00000,0.00000,0.92424,5.89908,0.71615,14.32292,0.00000,0.28987,1.00000,0.08108,0.40148,0.21159,240.01069,0.45000,0.00000,0.99383,7.96164,0.87891,2.60417,0.00000,0.42967,0.45000,0.00000,0.48828
414,0.5255,22947840,13385,0.00880,5.00e-04,0.2617,217.7271,0.44126,140.19020,0.70356,0.00857,0.90138,6.81786,0.90965,11.17622,0.00000,0.32610,0.69498,0.04240,0.38701,0.61306,337.43975,0.05556,0.00000,0.91837,8.41506,1.06337,0.32552,0.00000,0.51188,0.05556,0.00000,0.72157,0.65647,15.44572,1.00000,0.01299,0.78395,6.09293,0.87891,23.43750,0.00000,0.18941,0.98701,0.08772,0.30924,0.49913,26.93088,1.00000,0.00000,0.87425,6.30151,0.90603,20.83333,0.00000,0.20965,1.00000,0.00000,0.32552,0.33095,111.39417,0.89655,0.00000,0.91279,6.53809,0.93316,6.83594,0.00000,0.34541,0.89655,0.00000,0.18446,0.33095,36.67294,1.00000,0.00000,0.91892,5.71121,0.80295,13.67188,0.00000,0.28028,1.00000,0.16667,0.35807,0.21701,313.25774,0.26923,0.03846,1.00000,7.84837,0.87348,1.95313,0.00000,0.41999,0.23077,0.00000,0.42318
415,0.5267,23003136,13529,0.01272,4.17e-04,0.2615,209.7412,0.48195,124.73618,0.71348,0.01980,0.88691,6.70894,0.85720,11.23047,0.00000,0.32968,0.69602,0.03741,0.40419,0.60221,314.63487,0.14286,0.07143,0.88947,8.25165,1.03082,0.32552,0.00000,0.51891,0.07143,0.00000,0.69444,0.74327,20.73262,0.98810,0.00000,0.80606,6.25762,0.89518,25.06510,0.00000,0.20984,0.98810,0.10606,0.35807,0.54253,16.08256,1.00000,0.02817,0.86184,6.03473,0.82465,21.15885,0.00000,0.22564,0.98592,0.00000,0.40690,0.40148,52.08117,0.93939,0.00000,0.84667,6.03111,0.81380,6.18490,0.00000,0.31480,0.93939,0.00000,0.13021,0.37435,27.91109,1.00000,0.01923,0.92366,5.77844,0.71072,13.34635,0.00000,0.29284,0.98077,0.11842,0.41233,0.22786,316.97479,0.21053,0.00000,0.99375,7.90006,0.86806,1.30208,0.00000,0.41604,0.21053,0.00000,0.42318
416,0.5278,23058432,13426,0.01964,2.01e-04,0.2614,210.5599,0.46839,133.43442,0.72186,0.00538,0.90455,6.84279,0.86534,9.22309,0.00000,0.32761,0.71648,0.04137,0.43132,0.62391,361.09879,0.00000,0.00000,0.93333,8.47329,0.97656,0.00000,0.00000,0.51658,0.00000,0.00000,0.74870,0.76497,27.07136,1.00000,0.03226,0.84416,6.47507,0.83550,18.22917,0.00000,0.19990,0.96774,0.11667,0.32552,0.49913,26.14145,1.00000,0.00000,0.81609,5.86274,0.94401,17.57812,0.00000,0.22011,1.00000,0.00000,0.40148,0.36892,82.36711,0.89744,0.00000,0.92105,6.51615,0.82465,6.51042,0.00000,0.34829,0.89744,0.00000,0.16819,0.34722,34.09291,0.97917,0.00000,0.92617,5.77897,0.80838,10.41667,0.00000,0.27976,0.97917,0.13158,0.41233,0.20616,269.83494,0.45455,0.00000,0.98649,7.95050,0.80295,2.60417,0.00000,0.40104,0.45455,0.00000,0.53168
417,0.5290,23113728,13380,0.00928,2.89e-04,0.2613,226.8863,0.46748,131.48479,0.70468,0.00505,0.89101,6.87947,0.85178,9.98264,0.00000,0.32089,0.69963,0.04448,0.38249,0.57509,333.34146,0.06250,0.00000,0.93529,8.41363,0.92231,0.32552,0.00000,0.50711,0.06250,0.00000,0.65104,0.65647,14.00452,1.00000,0.03030,0.76433,6.49025,0.85178,20.18229,0.00000,0.15432,0.96970,0.12766,0.25499,0.56966,20.44089,1.00000,0.00000,0.81250,6.09289,0.86806,20.50781,0.00000,0.22268,1.00000,0.00000,0.47201,0.35807,86.41088,0.89286,0.00000,0.91613,6.49977,0.84093,5.53385,0.00000,0.34894,0.89286,0.00000,0.14106,0.43945,38.06436,1.00000,0.00000,0.91781,5.75788,0.79210,12.69531,0.00000,0.27698,1.00000,0.13924,0.42860,0.20616,296.64662,0.27273,0.00000,1.00000,8.02237,0.83550,0.65104,0.00000,0.41531,0.27273,0.00000,0.34722
418,0.5301,23169024,13459,0.00803,4.17e-04,0.2611,226.7692,0.45211,123.07915,0.74554,0.01081,0.89483,6.75560,0.85720,11.93576,0.00000,0.31859,0.73473,0.04668,0.38972,0.59679,319.44351,0.09091,0.04545,0.94359,8.34960,1.05794,0.00000,0.00000,0.52148,0.04545,0.00000,0.65104,0.66732,17.15887,1.00000,0.01942,0.82581,6.48206,0.84093,29.94792,0.00000,0.17205,0.98058,0.10870,0.24957,0.42318,25.46205,1.00000,0.00000,0.80537,5.89261,0.80838,18.88021,0.00000,0.19059,1.00000,0.00000,0.35807,0.39605,79.24439,0.88235,0.00000,0.89024,6.13724,0.88976,6.83594,0.00000,0.34358,0.88235,0.00000,0.14106,0.43945,29.59846,1.00000,0.00000,0.90400,5.67623,0.67817,13.99740,0.00000,0.25467,1.00000,0.16049,0.43945,0.18989,267.56763,0.50000,0.00000,1.00000,7.99588,0.86806,1.95313,0.00000,0.42915,0.50000,0.01087,0.49913
419,0.5313,23224320,13640,0.01137,5.00e-04,0.2609,242.8341,0.48466,132.98821,0.75466,0.00750,0.87764,6.76579,0.87258,10.68793,0.00000,0.32848,0.74716,0.03704,0.37616,0.60221,366.82886,0.00000,0.00000,0.87692,8.43144,1.05794,0.00000,0.00000,0.53201,0.00000,0.00000,0.60221,0.80838,23.78865,1.00000,0.02778,0.81988,6.26255,0.87348,19.53125,0.00000,0.17766,0.97222,0.07407,0.29297,0.50998,27.26159,1.00000,0.00000,0.81507,5.97675,0.79210,22.13542,0.00000,0.19724,1.00000,0.00000,0.37435,0.38520,99.32399,0.95652,0.00000,0.86111,6.27641,0.78125,4.55729,0.00000,0.33831,0.95652,0.03704,0.14648,0.38520,22.98152,1.00000,0.01724,0.89286,5.80079,0.75955,15.62500,0.00000,0.28029,0.98276,0.11111,0.34180,0.21701,257.74465,0.57143,0.00000,1.00000,7.84683,0.97114,2.27865,0.00000,0.44538,0.57143,0.00000,0.49913
420,0.5324,23279616,13370,0.01003,5.00e-04,0.2607,218.5085,0.46477,137.31080,0.72246,0.00521,0.89294,6.89376,0.89699,11.01345,0.00000,0.33583,0.71725,0.03754,0.42499,0.57509,372.48495,0.00000,0.00000,0.90769,8.41586,1.05794,0.00000,0.00000,0.53229,0.00000,0.00000,0.74870,0.79753,18.47572,1.00000,0.03125,0.82955,6.68217,0.95486,18.88021,0.00000,0.20283,0.96875,0.07246,0.37435,0.51541,24.44149,1.00000,0.00000,0.80723,5.97693,0.90061,19.53125,0.00000,0.20684,1.00000,0.00000,0.32552,0.39062,103.58878,0.89474,0.00000,0.87898,6.40816,0.85178,9.11458,0.00000,0.34084,0.89474,0.00000,0.17904,0.35265,40.59792,1.00000,0.00000,0.94030,6.01915,0.72700,16.27604,0.00000,0.30012,1.00000,0.15278,0.39062,0.15734,264.27596,0.44000,0.00000,0.99390,7.86026,0.88976,2.27865,0.00000,0.43203,0.44000,0.00000,0.53168
421,0.5335,23334912,13797,0.01067,5.00e-04,0.2605,221.7292,0.42227,128.84821,0.72700,0.00189,0.90023,6.77423,0.85359,11.23047,0.00000,0.32831,0.72510,0.03928,0.38972,0.49913,324.53265,0.14286,0.00000,0.94972,8.41154,0.97114,0.65104,0.00000,0.52872,0.14286,0.00000,0.56966,0.68359,15.41562,1.00000,0.01136,0.80503,6.43600,0.86263,26.04167,0.00000,0.19319,0.98864,0.10909,0.29839,0.46658,26.94278,0.98649,0.00000,0.81579,5.91597,0.82465,21.80990,0.00000,0.21182,0.98649,0.00000,0.36892,0.37977,101.57820,0.84375,0.00000,0.90798,6.09349,0.88433,6.18490,0.00000,0.32116,0.84375,0.00000,0.17361,0.33637,36.62624,1.00000,0.00000,0.92958,5.60745,0.77040,11.06771,0.00000,0.28755,1.00000,0.12658,0.42860,0.16819,267.99376,0.38889,0.00000,0.99329,8.18090,0.80838,1.62760,0.00000,0.42743,0.38889,0.00000,0.49913
422,0.5347,23390208,13379,0.01057,5.00e-04,0.2604,230.7940,0.44940,140.20414,0.69614,0.00672,0.89302,6.81049,0.90061,11.66450,0.00000,0.33215,0.68941,0.04463,0.38791,0.61849,354.66981,0.00000,0.00000,0.92424,8.51228,1.07422,0.00000,0.00000,0.54277,0.00000,0.00000,0.70530,0.71615,24.88009,1.00000,0.01136,0.80892,6.56454,0.85178,26.04167,0.00000,0.19816,0.98864,0.06667,0.32552,0.48828,24.16485,1.00000,0.02899,0.81818,5.95994,0.95486,19.53125,0.00000,0.21031,0.97101,0.00000,0.37435,0.29297,100.99184,0.92683,0.00000,0.92157,6.22520,0.83008,8.78906,0.00000,0.32478,0.92683,0.04167,0.13021,0.39062,24.91784,1.00000,0.00000,0.89726,5.76639,0.79210,14.97396,0.00000,0.30105,1.00000,0.15942,0.37435,0.18989,311.60042,0.25000,0.00000,0.98795,7.83461,0.90061,0.65104,0.00000,0.41579,0.25000,0.00000,0.41775
423,0.5358,23445504,13415,0.01237,3.47e-04,0.2603,216.8962,0.44126,133.40513,0.73069,0.00225,0.87906,6.82357,0.89880,10.47092,0.00000,0.33392,0.72844,0.02834,0.36531,0.53711,365.62287,0.05882,0.00000,0.91160,8.41382,0.98199,0.32552,0.00000,0.53268,0.05882,0.00000,0.61849,0.74870,17.16449,1.00000,0.01351,0.77586,6.64768,0.94401,19.85677,0.00000,0.20976,0.98649,0.07547,0.28754,0.47743,28.25157,0.98571,0.00000,0.81928,5.84887,0.90061,22.13542,0.00000,0.20277,0.98571,0.00000,0.36892,0.35807,109.54997,0.81579,0.00000,0.89474,6.33037,0.82465,6.83594,0.00000,0.33167,0.81579,0.00000,0.12478,0.35807,26.42836,1.00000,0.00000,0.87898,5.67376,0.85178,10.74219,0.00000,0.29407,1.00000,0.09459,0.40148,0.16819,253.41353,0.52381,0.00000,0.99390,8.02689,0.88976,2.92969,0.00000,0.43261,0.52381,0.00000,0.39062
424,0.5370,23500800,13467,0.01410,2.89e-04,0.2602,202.8599,0.41594,134.54847,0.71078,0.00736,0.87159,6.85062,0.84183,11.50174,0.00000,0.32596,0.70342,0.02752,0.40600,0.47743,369.11401,0.00000,0.00000,0.89080,8.36201,0.94401,0.00000,0.00000,0.53150,0.00000,0.00000,0.59679,0.73242,22.63075,1.00000,0.01408,0.79882,6.40122,0.91688,22.13542,0.00000,0.20206,0.98592,0.04167,0.39062,0.39062,21.57407,1.00000,0.01370,0.75163,6.20615,0.83008,22.13542,0.00000,0.18973,0.98630,0.00000,0.32552,0.35807,78.52676,0.91176,0.00000,0.89855,6.42006,0.74870,6.18490,0.00000,0.32427,0.91176,0.00000,0.15191,0.37435,28.00354,1.00000,0.01639,0.88971,5.67777,0.73785,17.25260,0.00000,0.27539,0.98361,0.12346,0.43945,0.16276,287.44169,0.35294,0.00000,1.00000,8.03651,0.87348,1.30208,0.00000,0.43279,0.35294,0.00000,0.53168
425,0.5381,23556096,13882,0.01118,4.17e-04,0.2600,190.0518,0.44759,140.39249,0.69176,0.01028,0.88470,6.70923,0.84364,10.68793,0.00000,0.31755,0.68148,0.02231,0.35898,0.47743,365.33760,0.00000,0.00000,0.90000,8.31589,0.97656,0.00000,0.00000,0.52965,0.00000,0.00000,0.56966,0.82465,17.02871,1.00000,0.00000,0.88679,6.68979,0.86263,21.48438,0.00000,0.19663,1.00000,0.03774,0.28754,0.43945,34.73165,0.98387,0.01613,0.75460,5.52757,0.88433,19.20573,0.00000,0.16393,0.96774,0.00000,0.35807,0.30924,104.53681,0.83333,0.02381,0.85621,6.02126,0.83008,7.81250,0.00000,0.31281,0.80952,0.00000,0.19531,0.39062,38.12199,1.00000,0.02174,0.91057,5.68198,0.66732,13.67188,0.00000,0.27351,0.97826,0.09615,0.28212,0.24414,282.59820,0.33333,0.00000,1.00000,8.01888,0.84093,1.95313,0.00000,0.42876,0.33333,0.00000,0.46115
426,0.5393,23611392,13288,0.01389,4.17e-04,0.2599,193.0377,0.41775,141.37833,0.67882,0.00397,0.87533,6.70661,0.85720,11.28472,0.00000,0.32056,0.67485,0.03869,0.39515,0.61306,344.17630,0.05556,0.00000,0.89412,8.39877,0.92231,0.00000,0.00000,0.52206,0.05556,0.00000,0.60764,0.65104,17.64938,1.00000,0.00000,0.80240,6.14965,0.90603,22.78646,0.00000,0.19111,1.00000,0.07273,0.29839,0.38520,18.23560,1.00000,0.02381,0.82609,6.09306,0.87348,24.41406,0.00000,0.17904,0.97619,0.00000,0.39062,0.37435,103.04546,0.90625,0.00000,0.84049,5.97851,0.88433,5.53385,0.00000,0.33493,0.90625,0.00000,0.20074,0.33637,30.48182,1.00000,0.00000,0.88889,5.57304,0.73242,14.64844,0.00000,0.28029,1.00000,0.15942,0.37435,0.14648,334.68140,0.11111,0.00000,1.00000,8.04663,0.82465,0.32552,0.00000,0.41591,0.11111,0.00000,0.49913
427,0.5404,23666688,13336,0.01093,5.00e-04,0.2598,205.8510,0.43493,145.87860,0.66286,0.01042,0.86326,6.85408,0.85540,10.30816,0.00000,0.32511,0.65244,0.05415,0.35355,0.48828,355.49568,0.00000,0.00000,0.92353,8.36442,0.92231,0.00000,0.00000,0.51824,0.00000,0.00000,0.55881,0.78125,18.17235,0.98592,0.00000,0.74713,6.45397,0.94401,21.48438,0.00000,0.19346,0.98592,0.11364,0.23872,0.41233,23.66343,1.00000,0.00000,0.72121,5.83543,0.89518,23.76302,0.00000,0.18545,1.00000,0.00000,0.32552,0.40690,129.55936,0.83333,0.04167,0.84828,6.29230,0.78668,4.55729,0.00000,0.34755,0.79167,0.00000,0.20616,0.32552,34.33705,1.00000,0.02083,0.93939,6.14991,0.71615,11.39323,0.00000,0.28435,0.97917,0.21127,0.38520,0.19531,314.04374,0.15789,0.00000,1.00000,8.02843,0.86806,0.65104,0.00000,0.42163,0.15789,0.00000,0.40690
428,0.5416,23721984,13606,0.01246,3.47e-04,0.2596,209.8240,0.46387,132.22706,0.71717,0.00960,0.87655,6.69346,0.86173,11.28472,0.00000,0.32207,0.70757,0.04053,0.39786,0.64562,363.41108,0.00000,0.00000,0.91960,8.29654,1.07964,0.00000,0.00000,0.51663,0.00000,0.00735,0.73785,0.71615,16.71079,1.00000,0.01190,0.80606,6.46103,0.89518,25.71615,0.00000,0.20199,0.98810,0.10909,0.29839,0.39062,20.82702,1.00000,0.01538,0.80795,5.90735,0.81923,19.53125,0.00000,0.16573,0.98462,0.00000,0.36350,0.41775,80.71976,0.96970,0.03030,0.84733,6.19417,0.71072,5.53385,0.00000,0.33310,0.93939,0.00000,0.15191,0.40148,29.68618,1.00000,0.00000,0.87838,5.46058,0.80295,14.97396,0.00000,0.30654,1.00000,0.12676,0.38520,0.21159,282.00751,0.33333,0.00000,1.00000,7.84109,0.86263,1.95313,0.00000,0.40845,0.33333,0.00000,0.45030
429,0.5427,23777280,13414,0.01234,5.00e-04,0.2595,196.1109,0.40057,134.71451,0.73001,0.00245,0.88443,6.66517,0.80476,11.50174,0.00000,0.31248,0.72755,0.02889,0.35807,0.40690,369.69754,0.00000,0.00000,0.90741,8.36671,0.87891,0.00000,0.00000,0.50508,0.00000,0.00000,0.52083,0.71072,19.65595,0.98529,0.01471,0.82081,6.08489,0.93859,20.50781,0.00000,0.19524,0.97059,0.04000,0.27127,0.39605,19.89187,1.00000,0.00000,0.81646,5.83818,0.85720,23.76302,0.00000,0.16099,1.00000,0.00000,0.37435,0.36892,82.57807,0.89474,0.00000,0.87597,6.20166,0.69987,7.16146,0.00000,0.31479,0.89474,0.00000,0.14648,0.33637,38.34823,1.00000,0.00000,0.88596,5.44422,0.61849,13.99740,0.00000,0.29097,1.00000,0.13333,0.40690,0.18446,278.11543,0.50000,0.00000,1.00000,8.05535,0.83550,3.58073,0.00000,0.40778,0.50000,0.00000,0.42860
430,0.5439,23832576,13573,0.01632,2.41e-04,0.2594,199.9127,0.45754,117.94373,0.75193,0.01804,0.86714,6.73047,0.84635,11.44748,0.00000,0.32279,0.73390,0.02344,0.38430,0.56966,319.22580,0.11111,0.05556,0.91935,8.38187,1.00911,0.00000,0.00000,0.51148,0.05556,0.00000,0.64562,0.77582,25.10895,1.00000,0.02564,0.80503,6.31983,0.86263,22.46094,0.00000,0.19443,0.97436,0.06250,0.34722,0.35807,19.95487,1.00000,0.00000,0.71622,5.76471,0.80295,22.78646,0.00000,0.16062,1.00000,0.00000,0.36892,0.39062,86.60314,0.94595,0.02703,0.83916,5.94817,0.77582,6.83594,0.00000,0.33134,0.91892,0.00000,0.11936,0.42318,37.18784,1.00000,0.00000,0.92308,6.07463,0.77582,15.95052,0.00000,0.30881,1.00000,0.07812,0.34722,0.22786,219.58181,0.45455,0.00000,1.00000,7.89359,0.85178,0.65104,0.00000,0.43004,0.45455,0.00000,0.47743
431,0.5450,23887872,13831,0.00966,3.47e-04,0.2593,210.3251,0.41866,129.14078,0.73659,0.01303,0.88139,6.77205,0.88704,10.57943,0.00000,0.32758,0.72357,0.03209,0.40148,0.47743,354.01530,0.06667,0.06667,0.89840,8.37536,1.01454,0.00000,0.00000,0.52725,0.00000,0.00000,0.64562,0.71615,13.36818,1.00000,0.00000,0.76364,6.31905,0.89518,18.55469,0.00000,0.18260,1.00000,0.06250,0.34722,0.43945,15.80959,1.00000,0.01149,0.82000,5.94453,0.81380,24.73958,0.00000,0.19050,0.98851,0.01408,0.38520,0.33095,76.17112,0.94872,0.00000,0.89241,6.24524,0.85720,8.13802,0.00000,0.33849,0.94872,0.00000,0.18446,0.36892,33.42358,0.97561,0.00000,0.91391,5.83434,0.81923,9.76563,0.00000,0.29755,0.97561,0.11594,0.37435,0.17904,282.05690,0.42857,0.00000,1.00000,7.91381,0.92231,2.27865,0.00000,0.42905,0.42857,0.00000,0.47201
432,0.5461,23943168,13527,0.01181,5.00e-04,0.2591,193.8253,0.42951,129.91119,0.73571,0.01075,0.91230,6.64158,0.86625,10.90495,0.00000,0.32781,0.72496,0.02714,0.37797,0.44488,345.69387,0.10000,0.00000,0.93567,8.31426,0.92773,0.32552,0.00000,0.52506,0.10000,0.00000,0.55881,0.75955,16.66601,1.00000,0.00000,0.86441,6.28557,0.96029,24.73958,0.00000,0.21257,1.00000,0.05172,0.31467,0.50998,15.67162,1.00000,0.00000,0.85276,5.65328,0.88433,19.20573,0.00000,0.17777,1.00000,0.00000,0.43945,0.30924,114.20575,0.80645,0.06452,0.93125,6.17664,0.86806,4.55729,0.00000,0.34657,0.74194,0.00000,0.13021,0.37435,44.22758,0.98148,0.00000,0.90756,5.52175,0.64562,14.64844,0.00000,0.28102,0.98148,0.11111,0.39062,0.17904,243.00229,0.52632,0.00000,0.98214,7.89798,0.91146,1.95313,0.00000,0.42385,0.52632,0.00000,0.43403
433,0.5473,23998464,13500,0.01352,5.00e-04,0.2590,193.6586,0.44397,145.76261,0.69859,0.00575,0.86965,6.74585,0.83189,11.55599,0.00000,0.33425,0.69284,0.03046,0.38158,0.57509,364.16691,0.00000,0.00000,0.90860,8.37556,1.00911,0.00000,0.00000,0.54148,0.00000,0.00000,0.66732,0.75412,27.10827,0.98864,0.00000,0.80645,6.51520,0.84093,26.04167,0.00000,0.22751,0.98864,0.03571,0.30382,0.41233,21.23474,1.00000,0.00000,0.80380,5.97857,0.85720,20.83333,0.00000,0.20108,1.00000,0.00000,0.33637,0.34722,128.82819,0.86957,0.00000,0.82707,5.91245,0.72157,5.53385,0.00000,0.33479,0.86957,0.00000,0.18989,0.39062,31.92045,1.00000,0.03448,0.87200,5.62139,0.67817,14.64844,0.00000,0.28755,0.96552,0.14706,0.36892,0.18446,301.31709,0.33333,0.00000,1.00000,8.07191,0.88433,2.27865,0.00000,0.41311,0.33333,0.00000,0.42318
434,0.5484,24053760,13503,0.01798,2.01e-04,0.2589,182.0563,0.41052,119.97491,0.75283,0.01457,0.88753,6.75258,0.84093,11.44748,0.00000,0.32995,0.73826,0.03569,0.36892,0.50456,346.18822,0.05882,0.05882,0.86486,8.19941,1.00369,0.00000,0.00000,0.52266,0.00000,0.00000,0.65104,0.71072,18.23702,1.00000,0.02857,0.87791,6.46865,0.93316,21.48438,0.00000,0.22355,0.97143,0.07353,0.36892,0.39062,17.56711,1.00000,0.00000,0.78846,5.81226,0.84635,24.41406,0.00000,0.19974,1.00000,0.00000,0.30924,0.30924,68.78082,0.93182,0.00000,0.88194,6.35589,0.78125,7.81250,0.00000,0.34736,0.93182,0.00000,0.08681,0.34180,36.29530,1.00000,0.00000,0.91200,5.75250,0.67817,12.36979,0.00000,0.27689,1.00000,0.14062,0.34722,0.20616,232.78099,0.52632,0.00000,1.00000,7.92675,0.80295,2.60417,0.00000,0.40949,0.52632,0.00000,0.45030
435,0.5495,24109056,13970,0.01794,1.16e-04,0.2588,188.1260,0.44397,127.82037,0.74078,0.00930,0.88134,6.78824,0.85720,11.06771,0.00000,0.32683,0.73147,0.01618,0.34813,0.54253,342.45735,0.08696,0.04348,0.87634,8.31697,1.00911,0.32552,0.00000,0.52865,0.04348,0.00000,0.62934,0.64019,21.17226,0.98649,0.00000,0.74074,6.38976,0.87891,19.85677,0.00000,0.18398,0.98649,0.04255,0.25499,0.48286,23.40021,1.00000,0.01235,0.83660,5.85666,0.83008,23.76302,0.00000,0.20553,0.98765,0.00000,0.36350,0.38520,99.38651,0.91667,0.00000,0.91096,6.28441,0.79210,7.81250,0.00000,0.34660,0.91667,0.00000,0.11393,0.35807,26.09836,1.00000,0.00000,0.92913,5.92476,0.68902,11.71875,0.00000,0.26629,1.00000,0.05455,0.29839,0.25499,254.40754,0.45455,0.00000,0.99425,7.95686,0.94401,2.92969,0.00000,0.42995,0.45455,0.00000,0.42860
436,0.5507,24164352,13611,0.00574,2.01e-04,0.2587,183.9833,0.40238,122.61633,0.75000,0.01227,0.89897,6.78661,0.84274,10.52517,0.00000,0.32996,0.73773,0.02619,0.37977,0.60221,362.24683,0.00000,0.00000,0.91124,8.51551,0.91688,0.00000,0.00000,0.52238,0.00000,0.00000,0.67817,0.60221,18.30124,1.00000,0.03659,0.83230,6.27348,0.87348,22.78646,0.00000,0.21065,0.96341,0.02857,0.18989,0.43945,17.59842,1.00000,0.00000,0.80128,5.83072,0.84635,20.83333,0.00000,0.19223,1.00000,0.00000,0.38520,0.26042,57.97473,1.00000,0.03704,0.91617,6.31957,0.90603,5.85938,0.00000,0.36308,0.96296,0.00000,0.15191,0.30382,29.21783,1.00000,0.00000,0.93284,5.73828,0.72700,12.36979,0.00000,0.28422,1.00000,0.12857,0.37977,0.20616,250.35894,0.50000,0.00000,1.00000,8.04212,0.78668,1.30208,0.00000,0.40719,0.50000,0.00000,0.49371
437,0.5518,24219648,13425,0.00916,3.47e-04,0.2586,184.6460,0.44036,131.22192,0.72143,0.01619,0.87922,6.85557,0.87167,9.87413,0.00000,0.33226,0.70524,0.04892,0.37344,0.53168,358.73063,0.00000,0.00000,0.88333,8.54924,0.97656,0.00000,0.00000,0.52011,0.00000,0.00000,0.62934,0.71072,17.97593,1.00000,0.01299,0.84337,6.76385,0.90061,23.11198,0.00000,0.19606,0.98701,0.09677,0.33637,0.42860,20.63675,1.00000,0.00000,0.77966,5.72619,0.96029,20.83333,0.00000,0.20220,1.00000,0.00000,0.36892,0.36350,104.94934,0.82857,0.02857,0.88571,6.24944,0.75955,3.25521,0.00000,0.34729,0.80000,0.00000,0.15191,0.43403,32.61180,1.00000,0.00000,0.88321,5.71180,0.74327,10.41667,0.00000,0.30590,1.00000,0.19672,0.33095,0.17361,252.42706,0.50000,0.05556,1.00000,8.13292,0.88976,1.62760,0.00000,0.42201,0.44444,0.00000,0.42318
438,0.5530,24274944,13788,0.01494,2.89e-04,0.2584,180.6465,0.44126,128.60185,0.76806,0.01581,0.84247,6.62034,0.87167,11.28472,0.00000,0.33075,0.75225,0.03360,0.37435,0.52083,317.20394,0.13333,0.06667,0.87879,8.27138,1.07422,0.00000,0.00000,0.53670,0.06667,0.00000,0.68359,0.80295,21.07085,1.00000,0.02817,0.74150,6.07148,0.79753,20.18229,0.00000,0.17098,0.97183,0.06522,0.24957,0.41775,22.31904,1.00000,0.00000,0.74419,5.65277,0.93316,25.06510,0.00000,0.19023,1.00000,0.00000,0.39062,0.35265,100.69590,0.87500,0.00000,0.83636,6.16748,0.89518,4.55729,0.00000,0.36545,0.87500,0.00000,0.14106,0.37977,43.52387,1.00000,0.00000,0.85401,5.53681,0.74327,14.32292,0.00000,0.29939,1.00000,0.13636,0.35807,0.17361,266.79751,0.60000,0.00000,1.00000,8.02211,0.78668,3.58073,0.00000,0.42172,0.60000,0.00000,0.42318
439,0.5541,24330240,13657,0.01046,4.17e-04,0.2582,211.1148,0.46115,132.96921,0.69973,0.01609,0.87227,6.69918,0.83370,10.68793,0.00000,0.32260,0.68364,0.01865,0.37706,0.46658,364.98682,0.00000,0.00000,0.88827,8.48393,0.97114,0.00000,0.00000,0.53597,0.00000,0.00000,0.52083,0.80295,23.59969,0.98684,0.02632,0.79661,6.49264,0.96029,21.48438,0.00000,0.19664,0.96053,0.01333,0.40690,0.43403,18.49470,1.00000,0.01449,0.76642,5.59988,0.74327,21.48438,0.00000,0.16745,0.98551,0.00000,0.26584,0.39062,61.73229,0.96154,0.03846,0.88050,6.18029,0.86263,3.58073,0.00000,0.33406,0.92308,0.00000,0.22244,0.41233,29.06679,1.00000,0.01724,0.92105,5.44928,0.61849,16.27604,0.00000,0.28063,0.98276,0.09859,0.38520,0.26042,299.93498,0.25000,0.00000,0.98077,7.98909,0.84635,1.30208,0.00000,0.42083,0.25000,0.00000,0.46115
440,0.5552,24385536,13390,0.02454,1.16e-04,0.2581,195.2403,0.44397,129.67136,0.75710,0.00439,0.87086,6.53994,0.86263,12.42405,0.00000,0.32189,0.75272,0.03142,0.37164,0.54253,358.81825,0.07143,0.00000,0.88360,8.17162,1.02539,0.32552,0.00000,0.52812,0.07143,0.00000,0.61306,0.60221,18.94616,1.00000,0.00000,0.84663,6.26715,0.88433,23.11198,0.00000,0.18812,1.00000,0.01961,0.27669,0.46658,14.98935,1.00000,0.00000,0.75581,5.58689,0.93316,22.13542,0.00000,0.16858,1.00000,0.00000,0.36350,0.45573,88.06916,0.94737,0.02632,0.83212,5.82291,0.74327,9.44010,0.00000,0.31842,0.92105,0.02857,0.18989,0.37435,28.77546,1.00000,0.00000,0.90698,5.58132,0.69987,15.95052,0.00000,0.30671,1.00000,0.14035,0.30924,0.22244,268.42978,0.52381,0.00000,1.00000,7.80974,0.88976,3.58073,0.00000,0.42136,0.52381,0.00000,0.47743
441,0.5564,24440832,13558,0.00797,2.01e-04,0.2580,181.8212,0.44940,128.82103,0.73037,0.00397,0.87260,6.77650,0.80386,11.88151,0.00000,0.31888,0.72640,0.02753,0.37344,0.58594,367.09460,0.00000,0.00000,0.85311,8.24480,0.96029,0.00000,0.00000,0.52259,0.00000,0.00000,0.69444,0.67817,24.38972,1.00000,0.02381,0.82278,6.46846,0.85720,23.76302,0.00000,0.21842,0.97619,0.07692,0.28212,0.40690,15.37005,1.00000,0.00000,0.75625,5.80794,0.86806,22.46094,0.00000,0.15762,1.00000,0.00000,0.30924,0.37435,82.53700,0.86047,0.00000,0.85345,6.35041,0.62934,8.13802,0.00000,0.29805,0.86047,0.00000,0.17361,0.40148,38.76772,1.00000,0.00000,0.95000,5.99175,0.65104,13.34635,0.00000,0.29797,1.00000,0.08824,0.36892,0.24957,244.76707,0.52174,0.00000,1.00000,7.79565,0.85720,3.58073,0.00000,0.41863,0.52174,0.00000,0.41233
442,0.5575,24496128,13552,0.01053,2.89e-04,0.2579,180.9123,0.45482,138.81590,0.68648,0.01134,0.86732,6.65939,0.87258,11.61024,0.00000,0.33232,0.67514,0.03946,0.37254,0.64019,364.73050,0.00000,0.00000,0.85075,8.25868,1.09049,0.00000,0.00000,0.53251,0.00000,0.00000,0.73242,0.69444,23.35094,1.00000,0.01429,0.81366,6.38521,0.87348,20.18229,0.00000,0.22095,0.98571,0.07500,0.21701,0.41775,18.80887,1.00000,0.01087,0.78808,5.85415,0.81923,28.32031,0.00000,0.21951,0.98913,0.00000,0.35807,0.31467,88.33375,0.84615,0.02564,0.85417,5.99058,0.78125,5.20833,0.00000,0.32056,0.82051,0.00000,0.13021,0.40148,38.13309,1.00000,0.01724,0.89726,5.44646,0.79210,15.62500,0.00000,0.28351,0.98276,0.16176,0.36892,0.26042,299.53826,0.27273,0.00000,1.00000,8.02127,0.87891,0.32552,0.00000,0.41690,0.27273,0.00000,0.42860
443,0.5587,24551424,13667,0.01083,4.17e-04,0.2578,195.2080,0.45663,129.96226,0.72600,0.00358,0.86012,6.69019,0.85359,11.23047,0.00000,0.32311,0.72241,0.03555,0.40148,0.56966,348.83246,0.04348,0.00000,0.88950,8.33726,0.98199,0.00000,0.00000,0.51946,0.04348,0.00000,0.68359,0.77040,17.48288,1.00000,0.02151,0.74854,6.18944,0.92773,27.66927,0.00000,0.21665,0.97849,0.09091,0.29839,0.41233,17.35526,1.00000,0.00000,0.76220,5.94390,0.88976,21.15885,0.00000,0.20094,1.00000,0.00000,0.42318,0.40690,109.06378,0.93750,0.00000,0.86331,5.91953,0.75412,5.20833,0.00000,0.31301,0.93750,0.02564,0.21159,0.37435,25.94545,1.00000,0.00000,0.90323,5.79146,0.67274,12.36979,0.00000,0.27982,1.00000,0.09677,0.33637,0.20616,261.09375,0.37500,0.00000,0.99394,7.95957,0.89518,0.97656,0.00000,0.40875,0.37500,0.00000,0.45573
444,0.5598,24606720,13502,0.01460,3.47e-04,0.2577,204.1668,0.42046,130.67048,0.76572,0.00214,0.87627,6.64914,0.84364,11.06771,0.00000,0.31885,0.76359,0.03919,0.35807,0.45030,351.21387,0.11111,0.00000,0.90533,8.45742,0.91688,0.32552,0.00000,0.50302,0.11111,0.00000,0.52626,0.74327,18.65412,1.00000,0.01282,0.81481,6.43010,0.87891,23.76302,0.00000,0.22959,0.98718,0.04762,0.34180,0.48828,18.28746,1.00000,0.00000,0.81333,5.75639,0.81380,20.50781,0.00000,0.16622,1.00000,0.00000,0.32010,0.35807,119.85607,0.93103,0.00000,0.81507,5.95517,0.79210,4.23177,0.00000,0.32048,0.93103,0.00000,0.15734,0.34180,40.06008,0.98077,0.00000,0.90909,5.50689,0.77582,14.32292,0.00000,0.26933,0.98077,0.18750,0.34722,0.14106,235.95129,0.57143,0.00000,1.00000,7.78889,0.88433,3.25521,0.00000,0.42443,0.57143,0.00000,0.45573
445,0.5609,24662016,13887,0.01303,5.00e-04,0.2577,191.1054,0.42318,130.37217,0.75874,0.00912,0.88305,6.73222,0.85540,10.79644,0.00000,0.31695,0.74962,0.01855,0.38430,0.53168,351.15041,0.09091,0.00000,0.89674,8.36629,0.99826,0.00000,0.00000,0.52685,0.09091,0.00000,0.71072,0.78668,22.22821,1.00000,0.01471,0.79641,6.24951,0.90603,21.15885,0.00000,0.20033,0.98529,0.01754,0.30924,0.35265,16.68010,1.00000,0.00000,0.79870,5.89924,0.83550,22.46094,0.00000,0.15577,1.00000,0.00000,0.28754,0.41775,90.96006,1.00000,0.00000,0.87248,6.13189,0.80838,6.51042,0.00000,0.32958,1.00000,0.00000,0.21159,0.32552,27.07556,1.00000,0.04000,0.93966,5.77753,0.62934,11.39323,0.00000,0.25825,0.96000,0.09375,0.34722,0.12478,274.13867,0.46154,0.00000,0.99432,7.96885,0.95486,3.25521,0.00000,0.43089,0.46154,0.00000,0.43945
446,0.5621,24717312,13427,0.00961,5.00e-04,0.2576,191.4986,0.41413,136.81243,0.72041,0.00823,0.86279,6.51678,0.83641,11.44748,0.00000,0.31567,0.71218,0.02745,0.36712,0.50998,364.10720,0.00000,0.00000,0.86471,8.41992,0.92231,0.00000,0.00000,0.52526,0.00000,0.00000,0.60221,0.66189,17.89095,0.98765,0.03704,0.75000,6.00939,0.84635,22.46094,0.00000,0.17163,0.95062,0.03774,0.28754,0.45030,18.84657,1.00000,0.01235,0.83234,5.65570,0.90603,23.76302,0.00000,0.19126,0.98765,0.00000,0.36350,0.34180,100.84702,0.90625,0.00000,0.82639,5.60609,0.78125,5.53385,0.00000,0.29948,0.90625,0.00000,0.22244,0.39062,25.80424,1.00000,0.00000,0.91603,5.57710,0.71072,14.64844,0.00000,0.29606,1.00000,0.12698,0.34180,0.13021,293.37858,0.42857,0.00000,0.98726,7.83249,0.85178,2.27865,0.00000,0.41035,0.42857,0.00000,0.38520
447,0.5632,24772608,13511,0.01126,5.00e-04,0.2575,173.3871,0.40690,127.62781,0.74262,0.01281,0.86754,6.77928,0.83822,10.74219,0.00000,0.30837,0.72981,0.05352,0.37525,0.54796,348.96452,0.05556,0.05556,0.85876,8.34972,0.96029,0.00000,0.00000,0.52204,0.00000,0.00000,0.68359,0.71615,14.86461,1.00000,0.00000,0.75949,6.57138,0.85720,23.11198,0.00000,0.18204,1.00000,0.08511,0.25499,0.37435,19.45072,0.98611,0.00000,0.80473,5.66518,0.91688,21.15885,0.00000,0.16321,0.98611,0.00000,0.29839,0.35265,76.90713,0.94737,0.00000,0.86822,6.21030,0.69987,7.48698,0.00000,0.31068,0.94737,0.03333,0.16276,0.25499,35.63513,1.00000,0.02128,0.92562,5.93802,0.65647,10.74219,0.00000,0.27008,0.97872,0.20270,0.40148,0.19531,269.94473,0.46667,0.00000,0.98844,7.94105,0.93859,1.95313,0.00000,0.40217,0.46667,0.00000,0.45030
448,0.5643,24827904,13822,0.01539,4.17e-04,0.2574,177.9932,0.41775,133.72702,0.72652,0.01343,0.86749,6.82398,0.84816,12.36979,0.00000,0.31370,0.71308,0.02349,0.33999,0.46115,368.72266,0.00000,0.00000,0.89617,8.44369,0.99284,0.00000,0.00000,0.53281,0.00000,0.00000,0.61849,0.69444,20.90152,1.00000,0.04651,0.78235,6.56560,0.92231,24.41406,0.00000,0.19625,0.95349,0.04255,0.25499,0.42860,22.11189,1.00000,0.01136,0.77301,6.08293,0.88433,26.36719,0.00000,0.18684,0.98864,0.00000,0.26584,0.37977,96.90878,0.90909,0.02273,0.84507,5.98995,0.77040,7.48698,0.00000,0.30012,0.88636,0.00000,0.20074,0.31467,18.58120,1.00000,0.00000,0.90833,5.83053,0.65104,13.67188,0.00000,0.26335,1.00000,0.09836,0.33095,0.22786,275.13606,0.45000,0.00000,1.00000,8.03116,0.86806,2.27865,0.00000,0.40281,0.45000,0.00000,0.36892
449,0.5655,24883200,13588,0.01749,2.41e-04,0.2572,175.0714,0.44397,118.62623,0.76078,0.00652,0.86800,6.68743,0.86263,11.50174,0.00000,0.31056,0.75427,0.02707,0.40057,0.55339,374.35667,0.00000,0.00000,0.91710,8.44582,1.04709,0.00000,0.00000,0.53291,0.00000,0.00000,0.69987,0.71615,16.01987,1.00000,0.02439,0.79290,6.36341,0.91688,25.06510,0.00000,0.18938,0.97561,0.03125,0.34722,0.47201,20.78275,1.00000,0.01471,0.80702,5.64419,0.92773,21.48438,0.00000,0.18022,0.98529,0.00000,0.35807,0.35265,89.99054,0.87805,0.00000,0.78832,6.01891,0.74327,8.46354,0.00000,0.29406,0.87805,0.00000,0.17361,0.34722,32.75484,0.98077,0.00000,0.90265,5.77935,0.61306,11.71875,0.00000,0.26572,0.98077,0.13115,0.33095,0.22244,177.85273,0.70588,0.00000,1.00000,7.87293,0.92773,2.27865,0.00000,0.40108,0.70588,0.00000,0.49371
450,0.5666,24938496,13429,0.01570,1.67e-04,0.2571,173.2117,0.40238,130.59709,0.72608,0.01791,0.86772,6.80242,0.84093,11.88151,0.00000,0.30612,0.70817,0.03591,0.33185,0.42318,349.64316,0.05000,0.05000,0.85475,8.42633,0.97114,0.00000,0.00000,0.51977,0.00000,0.00000,0.58051,0.70530,23.58796,1.00000,0.01299,0.82036,6.42989,0.90603,22.78646,0.00000,0.18141,0.98701,0.07500,0.21701,0.42860,12.46571,1.00000,0.01220,0.73377,6.08236,0.83550,25.06510,0.00000,0.15581,0.98780,0.00000,0.30924,0.35807,106.04877,0.80645,0.03226,0.91667,6.28291,0.71615,4.55729,0.00000,0.29497,0.77419,0.03704,0.14648,0.35265,34.16339,1.00000,0.00000,0.89844,5.77812,0.69444,16.27604,0.00000,0.27553,1.00000,0.10345,0.31467,0.14648,257.67354,0.50000,0.00000,0.98235,7.81491,0.92231,2.60417,0.00000,0.40923,0.50000,0.00000,0.42318
451,0.5678,24993792,13551,0.01197,2.41e-04,0.2570,178.3474,0.45663,127.17629,0.75598,0.01617,0.87142,6.82298,0.82917,12.04427,0.00000,0.30373,0.73981,0.03747,0.35988,0.60221,347.92349,0.05263,0.00000,0.85083,8.45916,0.98199,0.00000,0.00000,0.52779,0.05263,0.00000,0.69987,0.71615,14.50299,1.00000,0.03191,0.79085,6.42898,0.83008,25.71615,0.00000,0.17262,0.96809,0.10204,0.26584,0.46658,19.13364,1.00000,0.01136,0.81013,5.77084,0.85720,27.01823,0.00000,0.16413,0.98864,0.00000,0.34722,0.46115,99.76312,0.93103,0.03448,0.87903,6.46022,0.67274,4.55729,0.00000,0.28476,0.89655,0.00000,0.13563,0.33095,38.96865,0.98077,0.01923,0.90370,5.66556,0.73242,11.71875,0.00000,0.26669,0.96154,0.12281,0.30924,0.16276,242.76581,0.57143,0.00000,0.99398,8.15311,0.90061,3.25521,0.00000,0.40643,0.57143,0.00000,0.40148
452,0.5690,25049088,12980,0.01435,2.41e-04,0.2569,177.5684,0.45030,127.26390,0.73091,0.00463,0.88729,6.68209,0.81832,10.52517,0.00000,0.31491,0.72628,0.05981,0.39062,0.54796,357.03848,0.06667,0.00000,0.86413,8.23732,0.99826,0.32552,0.00000,0.51372,0.06667,0.00000,0.65104,0.77040,18.26163,1.00000,0.00000,0.83108,6.35382,0.80295,21.48438,0.00000,0.18667,1.00000,0.10959,0.39605,0.49913,15.53190,1.00000,0.00000,0.82781,5.77735,0.81923,20.83333,0.00000,0.21043,1.00000,0.01695,0.32010,0.33095,94.56923,0.86111,0.02778,0.89552,6.11689,0.72700,5.20833,0.00000,0.28849,0.83333,0.04000,0.13563,0.38520,34.67430,0.98148,0.00000,0.91129,5.54137,0.67274,12.36979,0.00000,0.27660,0.98148,0.19231,0.42318,0.16819,243.50788,0.47619,0.00000,0.99390,8.06576,0.88976,2.92969,0.00000,0.41354,0.47619,0.00000,0.41775
453,0.5702,25104384,13011,0.01354,2.89e-04,0.2568,183.9733,0.44850,120.23185,0.76151,0.00417,0.87169,6.67627,0.85178,11.12196,0.00000,0.31847,0.75734,0.03543,0.38610,0.52626,360.59087,0.00000,0.00000,0.85340,8.36806,1.03624,0.00000,0.00000,0.52371,0.00000,0.00000,0.64562,0.76497,8.45788,1.00000,0.00000,0.86486,6.36484,1.00369,21.48438,0.00000,0.21505,1.00000,0.03448,0.31467,0.41233,15.58686,1.00000,0.00000,0.81325,5.88034,0.90061,20.50781,0.00000,0.20029,1.00000,0.00000,0.32552,0.39062,60.57828,0.95000,0.02500,0.81538,6.01858,0.70530,7.16146,0.00000,0.29432,0.92500,0.00000,0.20616,0.37977,27.96727,1.00000,0.00000,0.88983,5.38656,0.64019,14.32292,0.00000,0.26965,1.00000,0.17808,0.39605,0.21701,248.20996,0.61905,0.00000,0.99342,8.03923,0.82465,3.25521,0.00000,0.40780,0.61905,0.00000,0.42860
454,0.5713,25159680,13291,0.01314,2.89e-04,0.2567,196.3309,0.42679,129.49732,0.74048,0.00649,0.87354,6.63505,0.80838,12.47830,0.00000,0.31235,0.73399,0.03068,0.37435,0.52626,353.83028,0.05263,0.00000,0.85246,8.33233,0.99284,0.32552,0.00000,0.53077,0.05263,0.00820,0.66189,0.60764,18.52908,1.00000,0.00000,0.86957,6.15185,0.74870,28.97135,0.00000,0.20149,1.00000,0.03279,0.33095,0.44488,14.00691,1.00000,0.01515,0.79268,5.89811,0.88976,20.50781,0.00000,0.16872,0.98485,0.00000,0.30382,0.40690,69.27908,0.95238,0.02381,0.86364,5.92297,0.71615,6.83594,0.00000,0.30951,0.92857,0.04167,0.13021,0.36892,33.15280,0.98333,0.00000,0.86290,5.42156,0.67274,15.29948,0.00000,0.26212,0.98333,0.10145,0.37435,0.20616,288.18579,0.45455,0.00000,1.00000,8.08346,0.83008,2.92969,0.00000,0.40146,0.45455,0.00000,0.44488
455,0.5725,25214976,13310,0.01193,4.17e-04,0.2566,186.1543,0.39876,115.09246,0.78086,0.00520,0.86765,6.79610,0.80747,11.77300,0.00000,0.31816,0.77567,0.05106,0.36892,0.50998,341.88336,0.05556,0.00000,0.88701,8.46021,0.96029,0.32552,0.00000,0.51585,0.05556,0.00000,0.74327,0.71072,15.83412,1.00000,0.01266,0.80128,6.35568,0.84635,23.11198,0.00000,0.22139,0.98734,0.10638,0.25499,0.33637,11.70467,1.00000,0.00000,0.82432,5.78111,0.80295,24.73958,0.00000,0.16633,1.00000,0.00000,0.34180,0.34722,59.68392,0.96296,0.00000,0.77703,6.12343,0.80295,4.88281,0.00000,0.31945,0.96296,0.00000,0.18989,0.29297,27.60923,1.00000,0.01852,0.92308,5.93833,0.63477,13.34635,0.00000,0.29387,0.98148,0.20000,0.32552,0.19531,233.83945,0.66667,0.00000,0.99320,8.11786,0.79753,4.23177,0.00000,0.39204,0.66667,0.00000,0.35807
456,0.5736,25270272,13563,0.01458,4.17e-04,0.2564,180.7960,0.42770,128.70382,0.77029,0.00000,0.86225,6.68191,0.82375,11.82726,0.00000,0.32364,0.77029,0.03076,0.36531,0.48828,350.76331,0.06250,0.00000,0.88205,8.21687,1.05794,0.00000,0.00000,0.53576,0.06250,0.00000,0.66189,0.81923,19.08795,1.00000,0.00000,0.79412,6.45172,0.92231,21.15885,0.00000,0.21182,1.00000,0.03704,0.29297,0.34722,23.95233,1.00000,0.00000,0.81061,5.74977,0.71615,27.01823,0.00000,0.16912,1.00000,0.00000,0.23329,0.30382,120.53445,0.87500,0.00000,0.80741,5.99549,0.73242,5.85938,0.00000,0.31844,0.87500,0.00000,0.18446,0.42860,28.05496,1.00000,0.00000,0.87931,5.66217,0.62934,14.32292,0.00000,0.29747,1.00000,0.14754,0.33095,0.17904,229.82992,0.68421,0.00000,1.00000,8.01543,0.88433,2.60417,0.00000,0.40921,0.68421,0.00000,0.48828
457,0.5748,25325568,13230,0.01410,4.17e-04,0.2564,188.0522,0.43584,118.11193,0.75763,0.00321,0.84546,6.60673,0.85992,12.20703,0.00000,0.31179,0.75443,0.04635,0.39153,0.50456,366.44766,0.00000,0.00000,0.85946,8.32150,1.00369,0.00000,0.00000,0.52281,0.00000,0.00000,0.72157,0.69444,12.98261,1.00000,0.00000,0.75497,6.09655,0.81923,26.69271,0.00000,0.17565,1.00000,0.06383,0.25499,0.40148,16.61813,1.00000,0.00000,0.78947,5.47420,0.92773,22.46094,0.00000,0.13335,1.00000,0.00000,0.36892,0.37977,65.34120,0.97436,0.00000,0.79562,6.03354,0.74327,6.83594,0.00000,0.32397,0.97436,0.00000,0.17361,0.38520,22.96021,1.00000,0.01923,0.87324,5.64857,0.77040,13.99740,0.00000,0.29229,0.98077,0.21429,0.30382,0.24957,224.32175,0.57143,0.00000,1.00000,8.06602,0.89518,3.25521,0.00000,0.42265,0.57143,0.00000,0.52626
458,0.5760,25380864,13450,0.01678,2.41e-04,0.2563,194.6098,0.40781,123.16075,0.76610,0.00484,0.84126,6.65101,0.81380,12.85807,0.00000,0.31502,0.76126,0.03137,0.37073,0.53168,341.20440,0.15385,0.00000,0.83243,8.48463,1.00369,0.32552,0.00000,0.53448,0.15385,0.00000,0.74327,0.65104,21.07622,1.00000,0.01053,0.76687,6.32582,0.88433,27.99479,0.00000,0.18489,0.98947,0.02381,0.22786,0.37435,16.70546,1.00000,0.00000,0.76978,5.60567,0.75412,24.73958,0.00000,0.13997,1.00000,0.00000,0.29839,0.34722,78.61177,0.90244,0.00000,0.78740,6.15396,0.68902,6.83594,0.00000,0.32583,0.90244,0.00000,0.15734,0.38520,29.83087,0.98148,0.01852,0.90265,5.54720,0.61306,12.69531,0.00000,0.28160,0.96296,0.16438,0.39605,0.15734,251.53579,0.55882,0.00000,0.98844,7.78880,0.93859,4.55729,0.00000,0.42332,0.55882,0.00000,0.40148
459,0.5771,25436160,13449,0.01103,2.89e-04,0.2562,185.1166,0.40600,134.90299,0.72745,0.00000,0.85247,6.67200,0.80114,11.93576,0.00000,0.30972,0.72745,0.04367,0.34903,0.47743,372.18043,0.00000,0.00000,0.86559,8.18279,1.00911,0.00000,0.00000,0.52344,0.00000,0.00000,0.68902,0.58051,18.42890,0.98851,0.00000,0.76821,6.43059,0.81923,25.71615,0.00000,0.18365,0.98851,0.16279,0.23329,0.43945,13.72728,1.00000,0.00000,0.78125,5.66228,0.86806,23.43750,0.00000,0.15760,1.00000,0.00000,0.30382,0.36892,90.16166,0.89286,0.00000,0.81395,6.11473,0.69987,5.20833,0.00000,0.30482,0.89286,0.03571,0.15191,0.30382,35.07869,0.98333,0.00000,0.89908,5.67433,0.59136,14.64844,0.00000,0.28187,0.98333,0.06349,0.34180,0.26584,279.84097,0.50000,0.00000,0.98675,7.96729,0.81923,2.60417,0.00000,0.40692,0.50000,0.00000,0.37435
460,0.5783,25491456,13312,0.01138,3.47e-04,0.2561,182.4043,0.42227,123.79241,0.74016,0.01434,0.83533,6.70774,0.78577,12.64106,0.00000,0.29969,0.72582,0.04584,0.34722,0.46658,316.45678,0.16000,0.04000,0.86585,8.27778,0.88976,0.65104,0.00000,0.51348,0.12000,0.00877,0.61849,0.72157,21.68050,1.00000,0.02222,0.81875,6.56111,0.86806,25.39063,0.00000,0.17266,0.97778,0.08772,0.30924,0.41775,12.42352,1.00000,0.00000,0.68841,5.79029,0.74870,25.71615,0.00000,0.15402,1.00000,0.00000,0.27127,0.32552,87.49295,0.88095,0.02381,0.80137,5.93822,0.79210,7.81250,0.00000,0.29117,0.85714,0.00000,0.17904,0.40148,23.03472,1.00000,0.00000,0.83761,5.74316,0.63477,13.67188,0.00000,0.27977,1.00000,0.17857,0.30382,0.20074,281.66602,0.40000,0.00000,1.00000,7.93590,0.78125,2.60417,0.00000,0.38706,0.40000,0.00000,0.40148
461,0.5794,25546752,13827,0.01060,5.00e-04,0.2560,177.4181,0.41594,127.05595,0.75102,0.00893,0.85904,6.68474,0.80657,11.93576,0.00000,0.30926,0.74210,0.03187,0.33999,0.47743,349.60917,0.07143,0.00000,0.85417,8.29476,1.04167,0.32552,0.00000,0.51672,0.07143,0.00000,0.69987,0.62934,20.28982,1.00000,0.01163,0.81250,6.49011,0.86806,26.04167,0.00000,0.21120,0.98837,0.13462,0.28212,0.42860,15.68832,1.00000,0.02439,0.77551,5.88863,0.79753,23.11198,0.00000,0.17285,0.97561,0.00000,0.28212,0.37435,73.91399,0.91892,0.00000,0.88406,6.21606,0.74870,6.18490,0.00000,0.30383,0.91892,0.00000,0.13563,0.33095,35.94469,0.98246,0.01754,0.83486,5.45059,0.59136,13.34635,0.00000,0.27182,0.96491,0.05660,0.28754,0.25499,266.88970,0.53333,0.00000,0.99315,7.76829,0.79210,2.60417,0.00000,0.37917,0.53333,0.00000,0.35265
462,0.5806,25602048,13488,0.01534,3.47e-04,0.2558,177.1164,0.43493,125.04929,0.76965,0.00198,0.87013,6.72012,0.85811,12.47830,0.00000,0.31255,0.76766,0.03889,0.36712,0.48286,360.99800,0.00000,0.00000,0.92105,8.45449,1.03082,0.00000,0.00000,0.51791,0.00000,0.00000,0.67274,0.67817,13.80581,1.00000,0.01190,0.80952,6.37990,0.91146,25.71615,0.00000,0.21251,0.98810,0.10000,0.21701,0.45573,16.48608,1.00000,0.00000,0.80925,5.87931,0.93859,22.78646,0.00000,0.16177,1.00000,0.00000,0.35265,0.34180,72.60358,0.95122,0.00000,0.82963,6.03729,0.73242,8.46354,0.00000,0.31772,0.95122,0.00000,0.16276,0.39062,29.95643,1.00000,0.00000,0.86400,5.71050,0.67817,14.32292,0.00000,0.27794,1.00000,0.13333,0.32552,0.26042,256.44586,0.66667,0.00000,0.98734,7.85924,0.85720,3.58073,0.00000,0.38743,0.66667,0.00000,0.47201
463,0.5817,25657344,13306,0.01739,2.01e-04,0.2558,173.9869,0.43041,127.30085,0.77081,0.01255,0.86997,6.74497,0.80838,11.88151,0.00000,0.30678,0.75826,0.03856,0.37254,0.53711,345.15533,0.06250,0.06250,0.90816,8.41785,1.06337,0.00000,0.00000,0.52657,0.00000,0.00000,0.78125,0.79753,22.88305,1.00000,0.01282,0.80986,6.53433,0.77040,22.13542,0.00000,0.18062,0.98718,0.09804,0.27669,0.39605,15.69882,0.98611,0.00000,0.78571,5.73684,0.83550,21.48438,0.00000,0.12319,0.98611,0.00000,0.33095,0.30924,84.56337,0.92683,0.00000,0.82090,5.92992,0.72700,8.13802,0.00000,0.31694,0.92683,0.00000,0.10851,0.36350,40.49632,0.98276,0.00000,0.89516,5.89745,0.67274,14.97396,0.00000,0.29263,0.98276,0.13333,0.32552,0.17904,255.00820,0.66667,0.00000,1.00000,7.95344,0.78125,4.55729,0.00000,0.40072,0.66667,0.00000,0.41233
464,0.5829,25712640,13633,0.01809,1.40e-04,0.2557,189.1992,0.47201,112.71824,0.79630,0.00534,0.87084,6.67514,0.82375,12.91233,0.00000,0.30523,0.79273,0.02775,0.35355,0.55881,365.38637,0.00000,0.00000,0.84706,8.26712,0.92231,0.00000,0.00000,0.50228,0.00000,0.00000,0.69987,0.71072,13.75014,1.00000,0.01075,0.85430,6.25727,0.81923,27.34375,0.00000,0.16966,0.98925,0.03922,0.27669,0.47743,12.12208,1.00000,0.02128,0.76923,5.94236,0.84635,28.64583,0.00000,0.17179,0.98936,0.00000,0.22786,0.42318,57.40197,1.00000,0.00000,0.87162,6.07706,0.80295,4.55729,0.00000,0.32822,1.00000,0.00000,0.16276,0.39605,35.93886,1.00000,0.00000,0.88281,5.44157,0.69444,13.99740,0.00000,0.26669,1.00000,0.12727,0.29839,0.26584,191.71002,0.77778,0.00000,1.00000,8.06547,0.85720,2.92969,0.00000,0.39274,0.77778,0.00000,0.45573
465,0.5840,25767936,13460,0.01160,2.01e-04,0.2556,193.5670,0.40961,123.09632,0.74851,0.02103,0.87209,6.62492,0.79933,10.68793,0.00000,0.30286,0.72748,0.01677,0.39062,0.60221,339.73805,0.06667,0.00000,0.89349,8.35942,0.91688,0.32552,0.00000,0.50611,0.06667,0.00725,0.74870,0.60221,16.67908,1.00000,0.05952,0.82069,6.38719,0.78668,21.80990,0.00000,0.14564,0.94048,0.04167,0.26042,0.36350,16.38785,1.00000,0.00000,0.76190,5.55607,0.79753,18.88021,0.00000,0.19184,1.00000,0.00000,0.33095,0.40690,88.62396,0.84000,0.00000,0.87671,5.90069,0.79210,4.23177,0.00000,0.31966,0.84000,0.00000,0.16819,0.35265,31.72010,0.98438,0.00000,0.89256,5.57184,0.65647,16.92708,0.00000,0.25248,0.98438,0.05172,0.31467,0.13021,245.42884,0.60000,0.06667,0.98718,7.97429,0.84635,1.95313,0.00000,0.40146,0.53333,0.00000,0.52083
466,0.5851,25823232,13507,0.01321,2.89e-04,0.2555,182.2839,0.42679,115.60128,0.77636,0.01848,0.84165,6.65648,0.80928,12.26128,0.00000,0.30173,0.75787,0.02849,0.36169,0.52626,335.38471,0.05882,0.00000,0.88571,8.22833,0.94944,0.00000,0.00000,0.51737,0.05882,0.00000,0.64562,0.67274,16.36590,1.00000,0.07865,0.73611,6.50180,0.78125,23.76302,0.00000,0.14931,0.92135,0.09302,0.23329,0.43945,14.15743,1.00000,0.00000,0.77273,5.85981,0.83550,21.15885,0.00000,0.15632,1.00000,0.00000,0.33095,0.41775,75.19250,0.89130,0.00000,0.83582,6.05824,0.72700,9.11458,0.00000,0.32138,0.89130,0.00000,0.17361,0.26042,27.89532,0.98387,0.03226,0.81955,5.36141,0.72157,14.32292,0.00000,0.25703,0.95161,0.07792,0.41775,0.24414,224.61182,0.72414,0.00000,1.00000,7.92931,0.84093,5.20833,0.00000,0.40899,0.72414,0.00000,0.36892
467,0.5863,25878528,13519,0.03620,8.08e-05,0.2554,191.3853,0.45392,119.34268,0.77379,0.01029,0.86622,6.64794,0.80386,11.71875,0.00000,0.30411,0.76350,0.02278,0.37254,0.67817,369.94941,0.00000,0.00000,0.87958,8.42883,1.03624,0.00000,0.00000,0.52371,0.00000,0.00000,0.80838,0.69987,15.55568,1.00000,0.01235,0.82000,6.51664,0.81380,24.08854,0.00000,0.19692,0.98765,0.02128,0.25499,0.39062,12.15700,1.00000,0.02500,0.77439,5.43134,0.88976,22.78646,0.00000,0.12157,0.97500,0.00000,0.28212,0.36350,85.49616,0.87805,0.02439,0.77600,5.88575,0.67817,6.83594,0.00000,0.30792,0.85366,0.00000,0.15191,0.36892,17.17074,1.00000,0.00000,0.94737,5.73667,0.61849,13.02083,0.00000,0.25976,1.00000,0.11538,0.28212,0.22244,215.72711,0.76471,0.00000,1.00000,7.88841,0.78668,3.58073,0.00000,0.41478,0.76471,0.00000,0.45573
468,0.5875,25933824,13254,0.00923,1.16e-04,0.2553,157.8006,0.42408,105.12763,0.80521,0.00000,0.86017,6.65344,0.78758,14.21441,0.00000,0.31362,0.80521,0.04722,0.34270,0.45030,347.48996,0.04762,0.00000,0.90533,8.17513,0.91688,0.32552,0.00000,0.50521,0.04762,0.00000,0.58594,0.79210,13.88970,1.00000,0.00000,0.81871,6.55547,0.92773,26.04167,0.00000,0.22982,1.00000,0.08333,0.26042,0.43945,17.74762,1.00000,0.00000,0.74126,5.83029,0.77582,29.29688,0.00000,0.17745,1.00000,0.00000,0.26042,0.34180,80.34825,0.89474,0.00000,0.82014,5.81718,0.75412,6.51042,0.00000,0.29753,0.89474,0.00000,0.15191,0.30924,22.31991,1.00000,0.00000,0.88235,5.62857,0.55339,18.55469,0.00000,0.25811,1.00000,0.20000,0.32552,0.21159,148.97035,0.88889,0.00000,0.99320,7.91399,0.79753,4.55729,0.00000,0.41362,0.88889,0.00000,0.47201
469,0.5886,25989120,13392,0.01105,1.67e-04,0.2553,168.2830,0.40509,106.39981,0.78802,0.00238,0.84122,6.58441,0.81742,9.71137,0.00000,0.29717,0.78564,0.04717,0.36079,0.52083,290.54099,0.18182,0.00000,0.87640,8.33497,0.96571,0.00000,0.00000,0.50910,0.18182,0.00763,0.71072,0.67817,14.28455,1.00000,0.01429,0.77551,6.36972,0.79753,20.50781,0.00000,0.17312,0.98571,0.10638,0.25499,0.35265,16.85107,1.00000,0.00000,0.75839,5.71521,0.80838,21.80990,0.00000,0.14627,1.00000,0.00000,0.24957,0.34180,91.94003,0.86207,0.00000,0.79259,5.70766,0.73242,4.88281,0.00000,0.30397,0.86207,0.00000,0.15734,0.29297,19.21036,1.00000,0.00000,0.85039,5.48251,0.68902,8.46354,0.00000,0.24026,1.00000,0.16901,0.38520,0.24414,205.57184,0.68421,0.00000,0.99405,7.89639,0.91146,2.60417,0.00000,0.41028,0.68421,0.00000,0.40690
470,0.5897,26044416,13724,0.03293,9.69e-05,0.2552,171.9353,0.42589,130.89981,0.71453,0.00214,0.82766,6.61629,0.82917,12.36979,0.00000,0.29908,0.71240,0.02778,0.37887,0.48828,364.96684,0.00000,0.00000,0.90361,8.44608,0.90061,0.00000,0.00000,0.52328,0.00000,0.00000,0.64019,0.71072,16.33242,1.00000,0.00000,0.70199,6.10121,0.81923,25.71615,0.00000,0.17311,1.00000,0.06522,0.24957,0.43945,14.90669,1.00000,0.01282,0.67702,5.69349,0.87348,23.11198,0.00000,0.12470,0.98718,0.00000,0.34722,0.39062,90.50237,0.90625,0.00000,0.81022,5.79871,0.74327,7.16146,0.00000,0.29889,0.90625,0.00000,0.16819,0.30382,21.50795,1.00000,0.00000,0.87313,5.72419,0.72700,15.95052,0.00000,0.24656,1.00000,0.10145,0.37435,0.22244,277.18257,0.38095,0.00000,1.00000,7.93404,0.91146,2.27865,0.00000,0.42794,0.38095,0.00000,0.49371
471,0.5909,26099712,13416,0.00978,1.16e-04,0.2552,172.8182,0.40238,118.65813,0.74705,0.00691,0.82208,6.61211,0.79120,12.47830,0.00000,0.30894,0.74014,0.03101,0.38520,0.48286,365.11710,0.00000,0.00000,0.89024,8.24621,0.88976,0.00000,0.00000,0.51688,0.00000,0.00794,0.68359,0.62391,15.91866,0.98718,0.01282,0.70833,6.20861,0.78125,22.46094,0.00000,0.17216,0.97436,0.06522,0.24957,0.42318,11.17356,1.00000,0.01250,0.72028,5.93950,0.77582,24.73958,0.00000,0.15886,0.98750,0.00000,0.33637,0.40148,60.51932,0.91176,0.00000,0.77551,5.80917,0.79753,7.48698,0.00000,0.30869,0.91176,0.00000,0.17904,0.33637,27.58615,1.00000,0.01613,0.84404,5.45290,0.59136,16.60156,0.00000,0.26589,0.98387,0.11290,0.33637,0.14648,231.63397,0.58333,0.00000,0.99405,8.01624,0.91146,3.58073,0.00000,0.43118,0.58333,0.00000,0.52626
472,0.5920,26155008,13591,0.01077,1.67e-04,0.2551,172.0349,0.42408,111.99171,0.80573,0.01296,0.83025,6.53714,0.79481,12.20703,0.00000,0.32039,0.79277,0.04061,0.35446,0.49913,336.22009,0.10000,0.05000,0.86885,8.29015,0.99284,0.32552,0.00000,0.52072,0.05000,0.00000,0.64019,0.74327,18.26553,1.00000,0.00000,0.82237,6.52334,0.82465,26.36719,0.00000,0.23006,1.00000,0.06977,0.23329,0.40148,18.89234,1.00000,0.00000,0.75449,5.56420,0.90603,22.13542,0.00000,0.16605,1.00000,0.00000,0.30382,0.41233,68.67419,1.00000,0.02778,0.75424,5.48041,0.64019,6.51042,0.00000,0.30404,0.97222,0.00000,0.16819,0.29839,27.06129,0.98438,0.00000,0.80180,5.73835,0.60221,14.97396,0.00000,0.27868,0.98438,0.17391,0.24957,0.18989,202.83684,0.75000,0.00000,0.97973,7.62639,0.80295,2.92969,0.00000,0.42282,0.75000,0.00000,0.53168
473,0.5932,26210304,13583,0.01357,2.41e-04,0.2549,161.8249,0.41956,125.20109,0.74675,0.00000,0.81459,6.54947,0.78306,12.53255,0.00000,0.31671,0.74675,0.02083,0.35084,0.53168,356.23096,0.00000,0.00000,0.81548,8.00885,0.91146,0.00000,0.00000,0.52401,0.00000,0.00000,0.60764,0.71615,23.86107,0.98750,0.00000,0.75163,6.40379,0.83008,23.76302,0.00000,0.20459,0.98750,0.00000,0.29839,0.37977,13.41234,1.00000,0.00000,0.69677,5.69119,0.84093,25.39063,0.00000,0.15685,1.00000,0.00000,0.34722,0.33637,71.93870,0.90476,0.00000,0.76471,5.65941,0.64562,7.16146,0.00000,0.30170,0.90476,0.00000,0.15734,0.37977,27.39718,1.00000,0.00000,0.86555,5.51282,0.64562,16.27604,0.00000,0.28651,1.00000,0.12500,0.26042,0.17361,258.36627,0.58824,0.00000,0.99342,8.02079,0.82465,2.60417,0.00000,0.42658,0.58824,0.00000,0.43403
474,0.5943,26265600,13640,0.01221,2.41e-04,0.2547,173.1670,0.43312,115.95895,0.79074,0.01690,0.82910,6.62808,0.79572,12.15278,0.00000,0.31698,0.77384,0.03082,0.34632,0.52083,340.32610,0.07692,0.00000,0.88205,8.25370,1.05794,0.00000,0.00000,0.54353,0.07692,0.00000,0.65647,0.72157,17.43961,1.00000,0.00000,0.73856,6.27307,0.83008,24.08854,0.00000,0.20747,1.00000,0.09259,0.29297,0.41233,13.64070,1.00000,0.00000,0.68056,5.93107,0.78125,25.39063,0.00000,0.15878,1.00000,0.00000,0.26042,0.31467,81.06611,0.87805,0.04878,0.82707,5.71831,0.72157,8.46354,0.00000,0.31842,0.82927,0.00000,0.11936,0.35807,13.15615,1.00000,0.00000,0.85321,5.70440,0.59136,11.06771,0.00000,0.27535,1.00000,0.09231,0.35265,0.27127,230.12505,0.78947,0.05263,0.99315,7.88792,0.79210,3.90625,0.00000,0.39836,0.73684,0.00000,0.39605
475,0.5955,26320896,13309,0.01754,1.40e-04,0.2546,157.0882,0.44759,129.69266,0.72398,0.00216,0.84160,6.66598,0.83279,11.71875,0.00000,0.31910,0.72181,0.02830,0.37797,0.50998,372.88549,0.00000,0.00000,0.84699,8.22970,0.99284,0.00000,0.00000,0.52004,0.00000,0.00000,0.62934,0.78668,12.95105,1.00000,0.00000,0.76647,6.48121,0.90603,24.41406,0.00000,0.21135,1.00000,0.01724,0.31467,0.42860,11.20081,1.00000,0.01299,0.77301,5.70966,0.88433,22.78646,0.00000,0.17053,0.98701,0.00000,0.34722,0.36892,85.12111,0.90909,0.00000,0.80556,6.13346,0.78125,6.83594,0.00000,0.33432,0.90909,0.00000,0.19531,0.41233,24.51882,1.00000,0.00000,0.86441,5.51348,0.64019,13.99740,0.00000,0.26734,1.00000,0.15254,0.32010,0.17904,271.47869,0.43478,0.00000,0.99315,7.92836,0.79210,2.27865,0.00000,0.41103,0.43478,0.00000,0.46115
476,0.5966,26376192,13590,0.01303,1.40e-04,0.2546,172.2870,0.46839,129.36012,0.73681,0.01139,0.86558,6.65131,0.82827,11.28472,0.00000,0.32033,0.72542,0.04135,0.37977,0.50998,369.55626,0.00000,0.00000,0.88830,8.36738,1.01997,0.00000,0.00000,0.53499,0.00000,0.00000,0.66732,0.77582,15.06473,1.00000,0.02500,0.82759,6.49289,0.78668,22.46094,0.00000,0.18861,0.97500,0.11765,0.27669,0.47201,12.29814,1.00000,0.02667,0.78261,5.60225,0.87348,22.46094,0.00000,0.18347,0.97333,0.00000,0.27669,0.41775,80.77215,0.93750,0.00000,0.79137,6.01530,0.75412,6.18490,0.00000,0.33278,0.93750,0.00000,0.21701,0.41233,29.92653,0.98333,0.01667,0.90984,5.68961,0.66189,13.67188,0.00000,0.26925,0.96667,0.13043,0.37435,0.22244,268.54291,0.50000,0.00000,0.99379,7.74043,0.87348,2.92969,0.00000,0.41287,0.50000,0.00000,0.46658
477,0.5978,26431488,13424,0.01541,9.69e-05,0.2546,172.4843,0.42046,132.58703,0.72398,0.00897,0.84220,6.71664,0.78577,12.04427,0.00000,0.32116,0.71500,0.04069,0.39786,0.48286,370.12667,0.00000,0.00000,0.88757,8.34216,0.91688,0.00000,0.00000,0.52951,0.00000,0.00000,0.73242,0.68359,15.68807,1.00000,0.03797,0.75676,6.56926,0.80295,22.13542,0.00000,0.19997,0.96203,0.06557,0.33095,0.41775,15.83773,1.00000,0.00000,0.80132,5.95929,0.81923,21.15885,0.00000,0.17884,1.00000,0.00000,0.36892,0.36350,85.01224,0.93478,0.00000,0.80435,5.52044,0.74870,10.09115,0.00000,0.33047,0.93478,0.00000,0.17904,0.31467,23.16884,1.00000,0.01587,0.80952,5.71018,0.56966,15.95052,0.00000,0.25903,0.98413,0.17857,0.30382,0.26042,285.68861,0.40909,0.00000,0.99367,8.19847,0.85720,2.92969,0.00000,0.42910,0.40909,0.00000,0.47201
478,0.5989,26486784,13253,0.00949,1.40e-04,0.2545,180.9114,0.41504,125.64975,0.74762,0.00676,0.85006,6.65318,0.77311,12.42405,0.00000,0.32057,0.74086,0.02882,0.39515,0.47201,374.68793,0.00000,0.00000,0.85714,8.46031,0.91146,0.00000,0.00000,0.51352,0.00000,0.00000,0.72157,0.71615,22.55638,1.00000,0.02469,0.79503,6.51950,0.87348,23.76302,0.00000,0.21543,0.97531,0.04082,0.26584,0.36892,17.55502,1.00000,0.00000,0.78014,5.72957,0.76497,26.69271,0.00000,0.17466,1.00000,0.00000,0.36892,0.30382,93.97888,0.88571,0.00000,0.77600,5.73438,0.67817,5.20833,0.00000,0.32740,0.88571,0.00000,0.18446,0.38520,28.49590,1.00000,0.01587,0.89916,5.60044,0.64562,16.27604,0.00000,0.28252,0.98413,0.13208,0.28754,0.24414,216.62441,0.60000,0.00000,0.99291,7.87487,0.76497,2.60417,0.00000,0.40990,0.60000,0.00000,0.54253
479,0.6001,26542080,13310,0.01166,2.01e-04,0.2544,171.7449,0.41685,122.64809,0.74208,0.00593,0.85229,6.64972,0.79662,10.74219,0.00000,0.31826,0.73616,0.03212,0.37616,0.45573,345.97114,0.05000,0.00000,0.91765,8.53180,0.92231,0.32552,0.00000,0.52119,0.05000,0.00862,0.62934,0.65647,19.27192,1.00000,0.01176,0.78261,6.23414,0.87348,24.08854,0.00000,0.20882,0.98824,0.07143,0.30382,0.39062,14.86488,1.00000,0.00000,0.76510,5.75743,0.80838,20.83333,0.00000,0.15251,1.00000,0.00000,0.32552,0.36350,69.56293,0.90000,0.00000,0.77869,5.72324,0.66189,7.16146,0.00000,0.32202,0.90000,0.00000,0.20074,0.42860,26.66656,0.97619,0.02381,0.87603,5.77396,0.65647,9.11458,0.00000,0.26483,0.95238,0.11268,0.38520,0.20616,259.55109,0.52632,0.00000,0.99367,7.87778,0.85720,2.92969,0.00000,0.44019,0.52632,0.00000,0.41233
