iter,hours,steps,fps,kl,lr,std,value_loss,act_sat,assist,distance,ep_len_s,ep_return,fall_rate,floored_share,glove_speed,head_share,height,hit_speed,hit_speed_max,hits_per_s,knockdowns_per_min,matt_assist,matt_pose_err,matt_reward_per_step,matt_time_to_stand,matt_up_rate,matt_up_rate_from_floor,matt_up_rate_unaided,power,rt_act,rt_energy,rt_face,rt_feet,rt_head,rt_height,rt_limit,rt_pose,rt_qvel,rt_rate,rt_still,rt_stood,rt_upright,time_to_stand,time_to_stand_unaided,up_rate,up_rate_from_floor,up_rate_unaided,upright,zombie_assist,zombie_pose_err,zombie_reward_per_step,zombie_time_to_stand,zombie_up_rate,zombie_up_rate_from_floor,zombie_up_rate_unaided
0,0.0007,98304,42051,0.01499,1.92e-04,0.5683,780.1154,0.00000,0.12900,0.00000,10.00000,3.63807,0.00000,0.01248,0.00000,0.00000,0.95048,0.00000,0.00000,0.00000,0.00000,0.00000,0.41430,0.40449,0.00000,0.00000,0.00000,0.00000,708.26766,-0.03456,-0.06992,0.06185,-0.00928,0.56231,0.94656,-0.03182,0.01593,-0.01239,-0.07713,0.01678,0.08133,0.39011,0.00000,0.00000,0.00000,0.00000,0.00000,0.95057,0.25800,0.33187,0.38325,0.00000,0.00000,0.00000,0.00000
1,0.0012,196608,52663,0.00990,2.48e-04,0.5682,305.4766,0.00000,0.12900,0.00000,10.00000,16.69183,0.00000,0.43454,0.00000,0.00000,0.64256,0.00000,0.00000,0.00000,0.00000,0.00000,0.47110,0.61553,0.00000,0.16832,0.00000,0.00000,1314.52523,-0.03825,-0.12803,0.09620,-0.01739,0.36788,0.63987,-0.05346,-0.01055,-0.04169,-0.06375,0.02962,0.12520,0.33066,0.00000,0.00000,0.15347,0.00000,0.00000,0.65329,0.25800,0.38458,0.58105,0.00000,0.13861,0.00000,0.00000
2,0.0017,294912,52353,0.01243,2.85e-04,0.5683,204.0113,0.00000,0.12900,0.00000,10.00000,31.40355,0.00000,0.63704,0.00000,0.00000,0.47087,0.00000,0.00000,0.00000,0.00000,0.00000,0.48061,0.59833,0.00000,0.21333,0.00000,0.00000,1737.24984,-0.03812,-0.16839,0.09515,-0.01589,0.25067,0.46918,-0.05535,-0.01554,-0.04917,-0.06269,0.03331,0.12454,0.29453,0.00000,0.00000,0.23333,0.00000,0.00000,0.47266,0.25800,0.39605,0.58307,0.00000,0.25333,0.00000,0.00000
3,0.0022,393216,52126,0.01036,4.21e-04,0.5683,183.0467,0.00000,0.12900,0.00000,10.00000,38.87781,0.00000,0.78307,0.00000,0.00000,0.50198,0.00000,0.00000,0.00000,0.00000,0.00000,0.48409,0.70506,0.50000,0.26667,0.00000,0.00000,2180.35482,-0.03841,-0.21235,0.10297,-0.01842,0.25982,0.50074,-0.06970,-0.02058,-0.04951,-0.06296,0.03825,0.13396,0.30371,0.50000,0.00000,0.19048,0.00000,0.00000,0.51857,0.25800,0.39667,0.63846,0.50000,0.11429,0.00000,0.00000
4,0.0028,491520,54116,0.01343,4.64e-04,0.5684,202.8626,0.00000,0.12900,0.00000,10.00000,68.44831,0.00000,0.73260,0.00000,0.00000,0.59516,0.00000,0.00000,0.00000,0.00000,0.00000,0.48426,1.03515,1.40000,0.27473,0.00000,0.22222,2536.25130,-0.03793,-0.24716,0.13329,-0.02608,0.30752,0.59358,-0.08075,-0.03572,-0.05018,-0.06481,0.05083,0.17419,0.31822,1.10000,1.10000,0.25824,0.00000,0.13333,0.59112,0.25800,0.40003,0.74374,0.50000,0.24176,0.00000,0.00000
5,0.0033,589824,53947,0.01575,3.27e-04,0.5684,210.5299,0.00000,0.12900,0.00000,10.00000,101.06162,0.00000,0.73333,0.00000,0.00000,0.68744,0.00000,0.00000,0.00000,0.00000,0.00000,0.48817,1.37952,1.39867,0.39000,0.18571,0.20000,2706.96338,-0.03747,-0.26375,0.16479,-0.03056,0.35469,0.68542,-0.08824,-0.05311,-0.05714,-0.06629,0.06697,0.21705,0.33036,1.35800,1.40000,0.36000,0.12121,0.08333,0.65179,0.25800,0.40470,0.83984,1.23600,0.33000,0.04839,0.00000
6,0.0038,688128,53361,0.01711,3.24e-04,0.5684,199.3667,0.00000,0.12900,0.00000,10.00000,119.82790,0.00000,0.70658,0.00000,0.00000,0.74466,0.00000,0.00000,0.00000,0.00000,0.00000,0.49220,1.65627,1.36359,0.62136,0.54688,0.25000,2522.40479,-0.03653,-0.24583,0.19068,-0.03181,0.39268,0.74228,-0.08815,-0.06688,-0.04951,-0.06687,0.08167,0.25038,0.33909,1.38048,1.37333,0.44175,0.29008,0.12500,0.69545,0.25800,0.40653,0.92819,1.60000,0.26214,0.04478,0.00000
7,0.0043,786432,54674,0.01783,2.76e-04,0.5684,190.1678,0.00000,0.12900,0.00000,10.00000,170.97560,0.00000,0.70881,0.00000,0.00000,0.76909,0.00000,0.00000,0.00000,0.00000,0.00000,0.49507,1.83989,1.45054,0.73276,0.61333,0.77778,2353.01270,-0.03591,-0.22932,0.20982,-0.03256,0.41246,0.76666,-0.08675,-0.07558,-0.04827,-0.06668,0.09371,0.27480,0.34166,1.46757,1.37500,0.55172,0.39865,0.33333,0.70832,0.25800,0.40633,0.97095,1.51684,0.37069,0.17808,0.00000
8,0.0048,884736,54107,0.01314,1.89e-04,0.5684,202.3980,0.00000,0.12900,0.00000,10.00000,207.84158,0.00000,0.79976,0.00000,0.00000,0.77598,0.00000,0.00000,0.00000,0.00000,0.00000,0.49766,1.89559,1.55846,0.89011,0.87324,0.50000,2233.85889,-0.03576,-0.21804,0.22000,-0.03214,0.42157,0.77339,-0.08615,-0.07932,-0.04124,-0.06622,0.10035,0.28721,0.34346,1.63772,1.58000,0.67033,0.56489,0.33333,0.71728,0.25800,0.40659,1.03109,2.00571,0.45055,0.20000,0.00000
9,0.0053,983040,52878,0.01117,2.47e-04,0.5684,180.6785,0.00000,0.13100,0.00000,10.00000,261.60775,0.00000,0.68273,0.00000,0.00000,0.77996,0.00000,0.00000,0.00000,0.00000,0.00000,0.49868,1.92993,1.50333,0.90361,0.84906,1.00000,2185.35221,-0.03581,-0.21335,0.22668,-0.03206,0.42471,0.77730,-0.08681,-0.08079,-0.04010,-0.06588,0.10420,0.29433,0.34404,1.64400,1.46000,0.67470,0.54902,0.50000,0.72021,0.26200,0.40862,1.07879,2.11875,0.44578,0.22449,0.00000
10,0.0058,1081344,54745,0.01248,2.96e-04,0.5683,167.8555,0.00000,0.13300,0.00000,10.00000,298.65187,0.00000,0.74074,0.00000,0.00000,0.78262,0.00000,0.00000,0.00000,0.00000,0.00000,0.49996,1.94636,1.60000,0.98718,0.98113,1.00000,2208.81966,-0.03596,-0.21561,0.23215,-0.03226,0.42743,0.77995,-0.08878,-0.08158,-0.04104,-0.06566,0.10739,0.30054,0.34534,1.84649,1.58000,0.73077,0.65385,0.50000,0.72668,0.26600,0.40819,1.12016,2.59895,0.47436,0.31373,0.00000
11,0.0064,1179648,54428,0.02263,1.43e-04,0.5683,162.9032,0.00000,0.13300,0.00000,10.00000,324.61246,0.00000,0.79001,0.00000,0.00000,0.79491,0.00000,0.00000,0.00000,0.00000,0.00000,0.49998,1.97840,1.56819,0.95413,0.93750,1.00000,2163.97347,-0.03562,-0.21116,0.23910,-0.03298,0.43641,0.79201,-0.08925,-0.08297,-0.03781,-0.06550,0.10992,0.30866,0.34810,1.82942,1.50444,0.69725,0.63871,0.44444,0.74052,0.26600,0.40931,1.17976,2.40000,0.44037,0.32000,0.00000
12,0.0069,1277952,53903,0.01375,1.41e-04,0.5683,147.2830,0.00000,0.13300,0.00000,10.00000,384.73875,0.00000,0.76720,0.00000,0.00000,0.80249,0.00000,0.00000,0.00000,0.00000,0.00000,0.50074,1.97721,1.64945,0.98810,0.98113,1.00000,2127.04508,-0.03558,-0.20778,0.24230,-0.03279,0.44229,0.79950,-0.08958,-0.08270,-0.03797,-0.06540,0.11141,0.31195,0.34939,1.87932,0.95000,0.70833,0.62069,0.37500,0.74696,0.26600,0.40786,1.21015,2.26242,0.42857,0.31746,0.00000
13,0.0074,1376256,54044,0.01038,2.02e-04,0.5682,155.4591,0.00000,0.13300,0.00000,10.00000,413.60891,0.00000,0.75253,0.00000,0.00000,0.80361,0.00000,0.00000,0.00000,0.00000,0.00000,0.50114,1.95894,1.53563,0.96364,0.96053,0.92308,2118.12565,-0.03548,-0.20692,0.24295,-0.03223,0.44372,0.80052,-0.08908,-0.08114,-0.03705,-0.06550,0.11195,0.31319,0.34990,1.94214,1.40167,0.70909,0.67785,0.42857,0.74949,0.26600,0.40662,1.23301,2.74591,0.45455,0.38356,0.00000
14,0.0079,1474560,55183,0.01221,2.15e-04,0.5682,169.8704,0.00000,0.13300,0.00000,10.00000,470.26084,0.00000,0.81155,0.00000,0.00000,0.80385,0.00000,0.00000,0.00000,0.00000,0.00000,0.50127,1.94571,1.63519,0.98039,0.97333,1.00000,2098.42432,-0.03531,-0.20516,0.24317,-0.03326,0.44577,0.80085,-0.08898,-0.07977,-0.03672,-0.06577,0.11153,0.31367,0.35094,2.05275,1.74800,0.77451,0.75839,0.30769,0.75471,0.26600,0.40644,1.25524,2.74000,0.56863,0.54054,0.00000
15,0.0084,1572864,54835,0.01206,2.76e-04,0.5682,176.3472,0.00000,0.13300,0.00000,10.00000,524.20188,0.00000,0.79293,0.00000,0.00000,0.80639,0.00000,0.00000,0.00000,0.00000,0.00000,0.50013,1.94376,1.67976,0.97273,0.96250,1.00000,2132.26025,-0.03524,-0.20824,0.24429,-0.03301,0.44707,0.80343,-0.08847,-0.07866,-0.03478,-0.06593,0.11109,0.31679,0.35095,2.23338,2.39200,0.74545,0.68790,0.40000,0.75477,0.26600,0.40563,1.28080,3.27773,0.51818,0.40260,0.00000
16,0.0089,1671168,54816,0.01469,2.25e-04,0.5681,149.4607,0.00000,0.13300,0.00000,10.00000,602.90792,0.00000,0.67155,0.00000,0.00000,0.80536,0.00000,0.00000,0.00000,0.00000,0.00000,0.50007,1.93971,1.61304,0.98901,0.98276,1.00000,2115.52930,-0.03527,-0.20676,0.24510,-0.03308,0.44701,0.80251,-0.08942,-0.07780,-0.03532,-0.06595,0.11233,0.31650,0.35149,2.17698,1.82923,0.82418,0.81818,0.47826,0.75747,0.26600,0.40550,1.28721,3.22865,0.65934,0.63462,0.00000
17,0.0094,1769472,54725,0.01525,1.71e-04,0.5681,167.9126,0.00000,0.13300,0.00000,10.00000,634.02372,0.00000,0.71019,0.00000,0.00000,0.80797,0.00000,0.00000,0.00000,0.00000,0.00000,0.50010,1.94356,1.53437,1.00000,1.00000,1.00000,2094.32878,-0.03522,-0.20440,0.24670,-0.03324,0.44864,0.80496,-0.08938,-0.07745,-0.03611,-0.06583,0.11291,0.31845,0.35184,2.20487,1.84364,0.79381,0.76613,0.47619,0.75920,0.26600,0.40518,1.31171,3.28682,0.58763,0.53226,0.08333
18,0.0099,1867776,53480,0.01559,1.44e-04,0.5681,133.4840,0.00000,0.13300,0.00000,10.00000,664.52337,0.00000,0.79733,0.00000,0.00000,0.80706,0.00000,0.00000,0.00000,0.00000,0.00000,0.49908,1.95291,1.69860,1.00000,1.00000,1.00000,2062.10140,-0.03507,-0.20165,0.24893,-0.03399,0.44948,0.80412,-0.08884,-0.07683,-0.03363,-0.06588,0.11354,0.32134,0.35227,2.41876,2.31333,0.81481,0.78710,0.56250,0.76134,0.26600,0.40420,1.32584,3.46847,0.62963,0.57143,0.12500
19,0.0104,1966080,54666,0.01469,1.33e-04,0.5681,158.2657,0.00000,0.13300,0.00000,10.00000,756.27590,0.00000,0.76023,0.00000,0.00000,0.80784,0.00000,0.00000,0.00000,0.00000,0.00000,0.49910,1.93595,1.48313,0.96491,0.94872,1.00000,2081.95117,-0.03495,-0.20337,0.24755,-0.03295,0.45027,0.80495,-0.08764,-0.07471,-0.03475,-0.06603,0.11238,0.31954,0.35261,2.31013,1.81200,0.83333,0.79487,0.60000,0.76306,0.26600,0.40196,1.32078,3.36615,0.70175,0.64103,0.14286
20,0.0109,2064384,53651,0.01219,1.49e-04,0.5681,156.6116,0.00000,0.13300,0.00000,10.00000,808.89716,0.00000,0.71047,0.00000,0.00000,0.80939,0.00000,0.00000,0.00000,0.00000,0.00000,0.50024,1.91459,1.58667,0.99038,1.00000,0.87500,2073.90902,-0.03511,-0.20244,0.24526,-0.03308,0.45056,0.80658,-0.08742,-0.07488,-0.03404,-0.06593,0.11163,0.31711,0.35309,2.35575,1.41454,0.84615,0.84211,0.42105,0.76543,0.26600,0.40268,1.31812,3.58000,0.70192,0.66667,0.09091
21,0.0115,2162688,53290,0.01189,1.72e-04,0.5682,164.6141,0.00000,0.13300,0.00000,10.00000,841.68115,0.00000,0.79976,0.00000,0.00000,0.80342,0.00000,0.00000,0.00000,0.00000,0.00000,0.50046,1.91431,1.49139,1.00000,1.00000,1.00000,2079.43506,-0.03504,-0.20319,0.24543,-0.03325,0.44722,0.80059,-0.08797,-0.07587,-0.03875,-0.06572,0.11123,0.31717,0.35214,2.39016,2.28400,0.86264,0.83969,0.55556,0.76072,0.26600,0.40440,1.31254,3.63461,0.72527,0.66667,0.20000
22,0.0120,2260992,54832,0.01317,2.02e-04,0.5681,144.1409,0.00000,0.13300,0.00000,10.00000,821.41323,0.00000,0.76832,0.00000,0.00000,0.80134,0.00000,0.00000,0.00000,0.00000,0.00000,0.49961,1.92095,1.57881,0.97872,0.96970,1.00000,2096.81836,-0.03507,-0.20481,0.24541,-0.03317,0.44512,0.79841,-0.08814,-0.07584,-0.03527,-0.06578,0.11174,0.31638,0.35076,2.41583,1.82500,0.84043,0.81538,0.14286,0.75380,0.26600,0.40343,1.30192,3.47396,0.70213,0.65625,0.00000
23,0.0125,2359296,53481,0.01415,1.92e-04,0.5681,145.2679,0.00000,0.13300,0.00000,10.00000,803.65058,0.00000,0.70208,0.00000,0.00000,0.80131,0.00000,0.00000,0.00000,0.00000,0.00000,0.49972,1.95090,1.64537,0.98901,0.98246,1.00000,2119.63151,-0.03507,-0.20722,0.24775,-0.03338,0.44515,0.79839,-0.08851,-0.07603,-0.03611,-0.06579,0.11266,0.31971,0.35057,2.28070,1.39385,0.81319,0.80000,0.50000,0.75286,0.26600,0.40187,1.30397,3.18638,0.63736,0.62069,0.08333
24,0.0130,2457600,54446,0.01136,2.15e-04,0.5681,134.6892,0.00000,0.13300,0.00000,10.00000,817.62842,0.00000,0.73495,0.00000,0.00000,0.80677,0.00000,0.00000,0.00000,0.00000,0.00000,0.50035,1.96629,1.72937,0.98958,0.98611,1.00000,2093.57308,-0.03512,-0.20455,0.24862,-0.03368,0.44884,0.80396,-0.08836,-0.07826,-0.03376,-0.06578,0.11372,0.32127,0.35181,2.31000,2.26667,0.82812,0.83465,0.40000,0.75907,0.26600,0.40335,1.31131,3.32933,0.66667,0.63636,0.07692
25,0.0135,2555904,53672,0.01469,1.69e-04,0.5682,139.6966,0.00000,0.13300,0.00000,10.00000,799.56759,0.00000,0.71785,0.00000,0.00000,0.81354,0.00000,0.00000,0.00000,0.00000,0.00000,0.49893,1.98130,1.52730,0.97753,0.96491,1.00000,2109.46501,-0.03504,-0.20608,0.25132,-0.03383,0.45186,0.81052,-0.08793,-0.07787,-0.03654,-0.06593,0.11470,0.32471,0.35251,2.50590,1.25667,0.80337,0.76522,0.42857,0.76257,0.26600,0.40353,1.32196,3.97381,0.62921,0.56897,0.00000
26,0.0140,2654208,54108,0.01149,2.15e-04,0.5681,137.8946,0.00000,0.13300,0.00000,10.00000,822.89537,0.00000,0.73728,0.00000,0.00000,0.81312,0.00000,0.00000,0.00000,0.00000,0.00000,0.49962,1.97433,1.64080,0.99065,0.98529,1.00000,2084.80404,-0.03500,-0.20364,0.25024,-0.03416,0.45259,0.80998,-0.08793,-0.07716,-0.03586,-0.06600,0.11432,0.32407,0.35293,2.36614,1.51800,0.84112,0.83803,0.42105,0.76464,0.26600,0.40272,1.32214,3.20307,0.69159,0.70270,0.00000
27,0.0145,2752512,54613,0.01522,1.43e-04,0.5681,152.3969,0.00000,0.13300,0.00000,10.00000,806.26413,0.00000,0.71829,0.00000,0.00000,0.80973,0.00000,0.00000,0.00000,0.00000,0.00000,0.49970,1.95834,1.66820,0.97980,0.97015,1.00000,2103.90609,-0.03510,-0.20537,0.24913,-0.03368,0.45137,0.80671,-0.08722,-0.07602,-0.03554,-0.06615,0.11405,0.32223,0.35311,2.23725,1.18750,0.80303,0.79688,0.45833,0.76557,0.26600,0.40268,1.31275,3.07472,0.62626,0.60656,0.00000
28,0.0151,2850816,54222,0.01550,1.41e-04,0.5681,130.2298,0.00000,0.13300,0.00000,10.00000,776.88512,0.00000,0.74879,0.00000,0.00000,0.80853,0.00000,0.00000,0.00000,0.00000,0.00000,0.49891,1.94448,1.67934,0.98261,0.98734,0.92308,2089.83561,-0.03499,-0.20439,0.24857,-0.03364,0.45028,0.80536,-0.08631,-0.07473,-0.03521,-0.06612,0.11312,0.32055,0.35252,2.34054,2.10111,0.79565,0.78065,0.51852,0.76258,0.26600,0.40116,1.32190,3.41500,0.60870,0.56579,0.14286
29,0.0156,2949120,53460,0.01126,1.43e-04,0.5681,146.5262,0.00000,0.13300,0.00000,10.00000,824.74832,0.00000,0.82437,0.00000,0.00000,0.80541,0.00000,0.00000,0.00000,0.00000,0.00000,0.49926,1.94201,1.67055,0.98925,0.98551,1.00000,2078.77832,-0.03514,-0.20323,0.24833,-0.03432,0.44780,0.80238,-0.08727,-0.07473,-0.03437,-0.06572,0.11323,0.32039,0.35185,2.36354,1.48667,0.86559,0.83333,0.60000,0.75924,0.26600,0.40184,1.32018,3.22379,0.74194,0.68116,0.00000
30,0.0161,3047424,54203,0.01393,1.71e-04,0.5681,150.4197,0.00000,0.13300,0.00000,10.00000,861.19235,0.00000,0.66807,0.00000,0.00000,0.80100,0.00000,0.00000,0.00000,0.00000,0.00000,0.50002,1.94598,1.72915,1.00000,1.00000,1.00000,2100.66585,-0.03511,-0.20522,0.24752,-0.03361,0.44615,0.79807,-0.08712,-0.07535,-0.03712,-0.06578,0.11293,0.31995,0.35120,2.29000,1.52800,0.86076,0.86316,0.43750,0.75602,0.26600,0.40125,1.30623,3.13846,0.72152,0.69767,0.00000
31,0.0166,3145728,54146,0.01359,1.71e-04,0.5681,137.1422,0.00000,0.13300,0.00000,10.00000,853.08594,0.00000,0.78313,0.00000,0.00000,0.80442,0.00000,0.00000,0.00000,0.00000,0.00000,0.50039,1.96984,1.73486,0.98795,0.98462,1.00000,2095.29720,-0.03496,-0.20494,0.24947,-0.03340,0.44821,0.80165,-0.08796,-0.07460,-0.03653,-0.06579,0.11521,0.32185,0.35156,2.18407,1.89200,0.84337,0.82051,0.50000,0.75782,0.26600,0.39873,1.32497,2.91535,0.69880,0.61538,0.00000
32,0.0171,3244032,52405,0.02576,1.69e-04,0.5681,136.4315,0.00000,0.13300,0.00000,10.00000,832.93547,0.00000,0.80128,0.00000,0.00000,0.81019,0.00000,0.00000,0.00000,0.00000,0.00000,0.50112,1.97800,1.69586,0.99038,0.98718,1.00000,2107.49219,-0.03505,-0.20595,0.25047,-0.03339,0.45074,0.80727,-0.08832,-0.07459,-0.03470,-0.06598,0.11507,0.32362,0.35187,2.37096,1.85111,0.85096,0.85333,0.56250,0.75936,0.26600,0.39740,1.32707,3.36644,0.71154,0.70833,0.00000
33,0.0176,3342336,54360,0.01692,1.70e-04,0.5681,152.0154,0.00000,0.13100,0.00000,10.00000,805.08653,0.00000,0.77899,0.00000,0.00000,0.81473,0.00000,0.00000,0.00000,0.00000,0.00000,0.49933,1.99464,1.68904,0.98913,0.98507,1.00000,2097.39062,-0.03478,-0.20505,0.25274,-0.03436,0.45503,0.81166,-0.08731,-0.07481,-0.03410,-0.06607,0.11568,0.32716,0.35266,2.23669,1.68286,0.84239,0.83721,0.50000,0.76332,0.26200,0.39844,1.33313,3.06958,0.69565,0.67742,0.00000
34,0.0181,3440640,54147,0.01212,1.69e-04,0.5681,142.4736,0.00000,0.12900,0.00000,10.00000,821.38780,0.00000,0.73045,0.00000,0.00000,0.81625,0.00000,0.00000,0.00000,0.00000,0.00000,0.50018,1.99849,1.57302,0.99074,0.98684,1.00000,2087.97445,-0.03484,-0.20405,0.25231,-0.03549,0.45622,0.81307,-0.08678,-0.07489,-0.03576,-0.06641,0.11609,0.32647,0.35343,2.31609,2.15428,0.82870,0.81690,0.50000,0.76713,0.25800,0.39773,1.32685,3.54500,0.66667,0.62121,0.08333
35,0.0187,3538944,53837,0.01414,2.04e-04,0.5681,140.4939,0.00000,0.12700,0.00000,10.00000,858.86578,0.00000,0.72222,0.00000,0.00000,0.81330,0.00000,0.00000,0.00000,0.00000,0.00000,0.50028,1.96637,1.74667,0.97000,0.96970,0.90000,2098.92383,-0.03505,-0.20518,0.24986,-0.03410,0.45360,0.80996,-0.08652,-0.07394,-0.03461,-0.06616,0.11329,0.32350,0.35326,2.42628,1.67077,0.87500,0.88462,0.52632,0.76630,0.25400,0.39803,1.32371,3.24838,0.78000,0.79688,0.11111
36,0.0192,3637248,54089,0.01321,2.20e-04,0.5681,149.7614,0.00000,0.12500,0.00000,10.00000,785.14662,0.00000,0.85761,0.00000,0.00000,0.80980,0.00000,0.00000,0.00000,0.00000,0.00000,0.49894,1.95506,1.77341,0.97087,0.96471,1.00000,2103.64909,-0.03509,-0.20575,0.24940,-0.03444,0.45094,0.80644,-0.08645,-0.07317,-0.03595,-0.06611,0.11194,0.32266,0.35258,2.37957,1.09667,0.81553,0.79245,0.44444,0.76289,0.25000,0.39955,1.31644,3.38604,0.66019,0.59459,0.00000
37,0.0197,3735552,53913,0.01433,1.49e-04,0.5681,131.3479,0.00000,0.12300,0.00000,10.00000,814.21566,0.00000,0.74653,0.00000,0.00000,0.80570,0.00000,0.00000,0.00000,0.00000,0.00000,0.49789,1.96540,1.60297,1.00000,1.00000,1.00000,2103.07829,-0.03498,-0.20536,0.24933,-0.03425,0.44934,0.80265,-0.08673,-0.07235,-0.03461,-0.06621,0.11261,0.32326,0.35218,2.46000,1.30364,0.83333,0.81395,0.50000,0.76091,0.24600,0.39820,1.31594,3.65660,0.66667,0.61905,0.00000
38,0.0202,3833856,54646,0.01247,1.44e-04,0.5681,140.4796,0.00000,0.12100,0.00000,10.00000,861.04285,0.00000,0.67422,0.00000,0.00000,0.80429,0.00000,0.00000,0.00000,0.00000,0.00000,0.49756,1.95948,1.63079,0.99029,0.98462,1.00000,2080.25716,-0.03506,-0.20334,0.24720,-0.03388,0.44753,0.80141,-0.08610,-0.07239,-0.03400,-0.06619,0.11168,0.31953,0.35240,2.32840,1.88533,0.86893,0.86400,0.60870,0.76200,0.24200,0.39822,1.29848,3.29236,0.74757,0.73333,0.25000
39,0.0207,3932160,53801,0.01129,1.87e-04,0.5681,140.5751,0.00000,0.11900,0.00000,10.00000,825.86878,0.00000,0.83333,0.00000,0.00000,0.80292,0.00000,0.00000,0.00000,0.00000,0.00000,0.49755,1.94723,1.56690,0.98980,0.98734,1.00000,2117.37321,-0.03491,-0.20687,0.24535,-0.03333,0.44682,0.80013,-0.08571,-0.07185,-0.03426,-0.06626,0.11114,0.31603,0.35198,2.17830,1.61111,0.84694,0.83673,0.54545,0.75990,0.23800,0.39733,1.28069,3.07930,0.70408,0.66176,0.00000
40,0.0212,4030464,52713,0.01206,2.25e-04,0.5681,137.5276,0.00000,0.11700,0.00000,10.00000,825.66232,0.00000,0.78972,0.00000,0.00000,0.80450,0.00000,0.00000,0.00000,0.00000,0.00000,0.49702,1.93627,1.68110,0.99174,0.98837,1.00000,2107.23861,-0.03484,-0.20609,0.24402,-0.03327,0.44671,0.80150,-0.08579,-0.06985,-0.03367,-0.06640,0.11084,0.31443,0.35191,2.29055,1.77750,0.85950,0.84884,0.42857,0.75953,0.23400,0.39611,1.28691,3.06083,0.72727,0.70930,0.11111
41,0.0218,4128768,53742,0.01794,1.76e-04,0.5681,140.3790,0.00000,0.11500,0.00000,10.00000,797.93130,0.00000,0.78431,0.00000,0.00000,0.80089,0.00000,0.00000,0.00000,0.00000,0.00000,0.49694,1.93563,1.63762,0.98039,0.97403,1.00000,2104.90202,-0.03481,-0.20574,0.24367,-0.03354,0.44493,0.79803,-0.08493,-0.06995,-0.03490,-0.06620,0.11036,0.31354,0.35049,2.12604,1.87500,0.82353,0.81944,0.47368,0.75247,0.23000,0.39590,1.26327,2.87200,0.66667,0.64179,0.09091
42,0.0223,4227072,53432,0.01319,2.06e-04,0.5681,140.1349,0.00000,0.11300,0.00000,10.00000,832.48207,0.00000,0.81287,0.00000,0.00000,0.79880,0.00000,0.00000,0.00000,0.00000,0.00000,0.49790,1.94696,1.60453,0.98947,0.98611,1.00000,2103.89046,-0.03472,-0.20565,0.24515,-0.03382,0.44304,0.79600,-0.08477,-0.07074,-0.03490,-0.06617,0.11122,0.31562,0.35011,2.33094,1.19200,0.80526,0.76259,0.42857,0.75054,0.22600,0.39533,1.27593,3.35887,0.62105,0.52239,0.00000
43,0.0228,4325376,53709,0.01354,2.11e-04,0.5681,138.5468,0.00000,0.11100,0.00000,10.00000,845.27308,0.00000,0.71970,0.00000,0.00000,0.79675,0.00000,0.00000,0.00000,0.00000,0.00000,0.49778,1.94522,1.47667,1.00000,1.00000,1.00000,2119.00163,-0.03488,-0.20704,0.24417,-0.03367,0.44160,0.79411,-0.08505,-0.06979,-0.03644,-0.06624,0.11187,0.31437,0.34939,2.06911,1.56000,0.86364,0.85965,0.50000,0.74693,0.22200,0.39394,1.26730,2.91913,0.72727,0.71429,0.00000
44,0.0233,4423680,54209,0.01455,2.07e-04,0.5681,131.6664,0.00000,0.10900,0.00000,10.00000,779.13490,0.00000,0.76543,0.00000,0.00000,0.79749,0.00000,0.00000,0.00000,0.00000,0.00000,0.49667,1.97928,1.90575,1.00000,1.00000,1.00000,2138.98454,-0.03501,-0.20884,0.24616,-0.03329,0.44049,0.79491,-0.08592,-0.07165,-0.03632,-0.06617,0.11221,0.31757,0.34921,2.54144,2.63143,0.79444,0.79032,0.47619,0.74604,0.21800,0.39590,1.26575,3.43384,0.58889,0.56667,0.08333
45,0.0238,4521984,54786,0.01246,2.27e-04,0.5681,132.8883,0.00000,0.10700,0.00000,10.00000,777.72461,0.00000,0.76389,0.00000,0.00000,0.80192,0.00000,0.00000,0.00000,0.00000,0.00000,0.49617,1.99539,1.64571,1.00000,1.00000,1.00000,2131.55078,-0.03480,-0.20828,0.24675,-0.03377,0.44310,0.79918,-0.08561,-0.07177,-0.03614,-0.06629,0.11255,0.31834,0.35027,2.46244,1.68286,0.81771,0.82576,0.52000,0.75137,0.21400,0.39503,1.25677,3.62703,0.63542,0.65672,0.07692
46,0.0243,4620288,52803,0.01444,1.87e-04,0.5680,137.9805,0.00000,0.10500,0.00000,10.00000,815.85486,0.00000,0.80756,0.00000,0.00000,0.80376,0.00000,0.00000,0.00000,0.00000,0.00000,0.49572,2.00974,1.61139,1.00000,1.00000,1.00000,2128.86344,-0.03478,-0.20821,0.24761,-0.03365,0.44432,0.80146,-0.08601,-0.07188,-0.03660,-0.06643,0.11402,0.31942,0.35050,2.29766,2.53750,0.84021,0.82270,0.57143,0.75249,0.21000,0.39553,1.26032,3.23241,0.68041,0.63768,0.14286
47,0.0249,4718592,53189,0.01507,1.79e-04,0.5680,130.8241,0.00000,0.10300,0.00000,10.00000,770.96297,0.00000,0.73184,0.00000,0.00000,0.80508,0.00000,0.00000,0.00000,0.00000,0.00000,0.49553,2.00623,1.64775,1.00000,1.00000,1.00000,2102.41016,-0.03464,-0.20561,0.24613,-0.03257,0.44548,0.80260,-0.08488,-0.07054,-0.03403,-0.06626,0.11352,0.31772,0.35008,2.40610,1.66444,0.80769,0.81752,0.50000,0.75042,0.20600,0.39371,1.25651,3.40065,0.61538,0.64789,0.06250
48,0.0254,4816896,53392,0.01396,1.60e-04,0.5680,129.8020,0.00000,0.10100,0.00000,10.00000,868.91422,0.00000,0.72391,0.00000,0.00000,0.80039,0.00000,0.00000,0.00000,0.00000,0.00000,0.49535,1.99170,1.57757,1.00000,1.00000,1.00000,2086.21777,-0.03474,-0.20372,0.24491,-0.03282,0.44291,0.79813,-0.08512,-0.07008,-0.03578,-0.06657,0.11283,0.31576,0.34917,2.25786,1.94000,0.86364,0.84496,0.50000,0.74583,0.20200,0.39317,1.23590,3.14105,0.72727,0.67213,0.12500
49,0.0259,4915200,53348,0.01355,1.30e-04,0.5679,129.3435,0.00000,0.09900,0.00000,10.00000,812.49129,0.00000,0.77188,0.00000,0.00000,0.79094,0.00000,0.00000,0.00000,0.00000,0.00000,0.49498,1.95878,1.68581,0.99115,0.98780,1.00000,2104.49674,-0.03492,-0.20545,0.24037,-0.03152,0.43692,0.78875,-0.08478,-0.06799,-0.04014,-0.06611,0.10975,0.30903,0.34792,2.26761,1.53231,0.83186,0.82803,0.50000,0.73958,0.19800,0.39154,1.19821,3.14032,0.67257,0.65333,0.00000
50,0.0264,5013504,53628,0.01399,1.24e-04,0.5679,127.9725,0.00000,0.09700,0.00000,10.00000,833.81827,0.00000,0.79710,0.00000,0.00000,0.78699,0.00000,0.00000,0.00000,0.00000,0.00000,0.49614,1.94173,1.64794,1.00000,1.00000,1.00000,2112.25488,-0.03504,-0.20639,0.23806,-0.03241,0.43317,0.78493,-0.08559,-0.06843,-0.03724,-0.06590,0.10867,0.30707,0.34736,2.35902,1.56500,0.84783,0.82576,0.44444,0.73681,0.19400,0.39246,1.19573,3.23818,0.69565,0.66176,0.00000
51,0.0270,5111808,52551,0.01301,1.24e-04,0.5679,128.6607,0.00000,0.09500,0.00000,10.00000,833.95303,0.00000,0.75000,0.00000,0.00000,0.78293,0.00000,0.00000,0.00000,0.00000,0.00000,0.49540,1.96031,1.58516,1.00000,1.00000,1.00000,2140.50749,-0.03495,-0.20922,0.23955,-0.03241,0.43146,0.78070,-0.08485,-0.06837,-0.03543,-0.06577,0.10870,0.30820,0.34632,2.11759,1.91714,0.85000,0.87963,0.41176,0.73159,0.19000,0.39258,1.19573,2.83522,0.70000,0.75000,0.09091
52,0.0275,5210112,53643,0.01055,1.92e-04,0.5679,129.4891,0.00000,0.09300,0.00000,10.00000,792.64934,0.00000,0.88076,0.00000,0.00000,0.78816,0.00000,0.00000,0.00000,0.00000,0.00000,0.49356,1.98952,1.64760,1.00000,1.00000,1.00000,2149.86605,-0.03499,-0.20995,0.24185,-0.03302,0.43311,0.78592,-0.08564,-0.06931,-0.03527,-0.06595,0.10930,0.31188,0.34727,2.39496,1.23500,0.82927,0.80769,0.40000,0.73635,0.18600,0.39318,1.20459,3.50041,0.65854,0.59016,0.00000
53,0.0280,5308416,56215,0.01398,1.60e-04,0.5679,141.5584,0.00000,0.09100,0.00000,10.00000,807.83800,0.00000,0.74423,0.00000,0.00000,0.79264,0.00000,0.00000,0.00000,0.00000,0.00000,0.49224,1.99759,1.57927,1.00000,1.00000,1.00000,2136.80729,-0.03485,-0.20884,0.24201,-0.03283,0.43609,0.79036,-0.08538,-0.06848,-0.03367,-0.06615,0.10906,0.31185,0.34783,2.17779,1.86769,0.81132,0.78169,0.59091,0.73916,0.18200,0.39302,1.20539,3.08666,0.62264,0.56944,0.10000
54,0.0285,5406720,55514,0.01470,1.49e-04,0.5679,119.9681,0.00000,0.08900,0.00000,10.00000,772.58301,0.00000,0.78704,0.00000,0.00000,0.79197,0.00000,0.00000,0.00000,0.00000,0.00000,0.49002,1.99937,1.71811,1.00000,1.00000,1.00000,2135.21631,-0.03479,-0.20880,0.24207,-0.03283,0.43624,0.78997,-0.08537,-0.06699,-0.03569,-0.06620,0.10885,0.31127,0.34791,2.45468,1.73333,0.79167,0.77206,0.46667,0.73954,0.17800,0.39189,1.19209,3.54480,0.58333,0.55072,0.00000
55,0.0290,5505024,53576,0.01132,1.71e-04,0.5679,134.0827,0.00000,0.08700,0.00000,10.00000,801.75774,0.00000,0.75661,0.00000,0.00000,0.78983,0.00000,0.00000,0.00000,0.00000,0.00000,0.49152,1.98409,1.68626,1.00000,1.00000,1.00000,2150.01676,-0.03488,-0.21010,0.23984,-0.03312,0.43569,0.78775,-0.08482,-0.06691,-0.03857,-0.06620,0.10854,0.30829,0.34742,2.42533,1.98500,0.81429,0.79720,0.47368,0.73709,0.17400,0.39165,1.17047,3.60500,0.62857,0.57971,0.00000
56,0.0295,5603328,55809,0.01273,2.06e-04,0.5678,148.1400,0.00000,0.08500,0.00000,10.00000,797.43484,0.00000,0.77222,0.00000,0.00000,0.79303,0.00000,0.00000,0.00000,0.00000,0.00000,0.49134,1.97357,1.62137,1.00000,1.00000,1.00000,2133.77539,-0.03500,-0.20837,0.23863,-0.03233,0.43573,0.79083,-0.08501,-0.06673,-0.03765,-0.06609,0.10718,0.30750,0.34778,2.29661,1.71428,0.79000,0.76978,0.46667,0.73888,0.17000,0.39194,1.17852,3.26314,0.58000,0.56164,0.00000
57,0.0301,5701632,48471,0.01418,1.89e-04,0.5679,139.8331,0.00000,0.08300,0.00000,10.00000,830.86808,0.00000,0.74074,0.00000,0.00000,0.78873,0.00000,0.00000,0.00000,0.00000,0.00000,0.49031,1.96525,1.74526,0.97917,0.97183,1.00000,2120.45638,-0.03506,-0.20723,0.23773,-0.03303,0.43395,0.78631,-0.08481,-0.06676,-0.03513,-0.06611,0.10613,0.30723,0.34729,2.17414,1.73667,0.79167,0.75781,0.46154,0.73643,0.16600,0.39367,1.17853,2.98900,0.60417,0.49123,0.00000
58,0.0307,5799936,46286,0.01497,1.58e-04,0.5679,131.9197,0.00000,0.08300,0.00000,10.00000,774.87143,0.00000,0.74603,0.00000,0.00000,0.78282,0.00000,0.00000,0.00000,0.00000,0.00000,0.48860,1.96163,1.67277,1.00000,1.00000,1.00000,2120.74821,-0.03504,-0.20712,0.23577,-0.03237,0.43037,0.78065,-0.08512,-0.06523,-0.03909,-0.06582,0.10565,0.30451,0.34663,2.26722,1.33200,0.77143,0.74468,0.47826,0.73313,0.16600,0.39264,1.15015,3.25400,0.54286,0.47826,0.00000
59,0.0313,5898240,44257,0.01202,2.27e-04,0.5679,126.7981,0.00000,0.08300,0.00000,10.00000,735.81065,0.00000,0.81840,0.00000,0.00000,0.77990,0.00000,0.00000,0.00000,0.00000,0.00000,0.48861,1.95650,1.78169,0.97849,0.96923,1.00000,2128.12126,-0.03504,-0.20790,0.23429,-0.03169,0.42967,0.77769,-0.08476,-0.06445,-0.03833,-0.06571,0.10553,0.30319,0.34612,2.70315,2.27500,0.76344,0.74453,0.43750,0.73059,0.16600,0.39117,1.14470,3.87143,0.54839,0.54167,0.00000
60,0.0319,5996544,46279,0.01557,2.06e-04,0.5679,144.3681,0.00000,0.08300,0.00000,10.00000,786.64595,0.00000,0.81613,0.00000,0.00000,0.77899,0.00000,0.00000,0.00000,0.00000,0.00000,0.48704,1.96110,1.65425,1.00000,1.00000,1.00000,2152.19238,-0.03491,-0.21007,0.23409,-0.03245,0.42855,0.77691,-0.08415,-0.06359,-0.03978,-0.06612,0.10437,0.30215,0.34587,2.20027,2.43400,0.79646,0.77108,0.46667,0.72933,0.16600,0.39007,1.12835,3.13345,0.59292,0.51282,0.11111
61,0.0325,6094848,46783,0.01435,2.06e-04,0.5679,128.4687,0.00000,0.08300,0.00000,10.00000,795.61965,0.00000,0.75049,0.00000,0.00000,0.77793,0.00000,0.00000,0.00000,0.00000,0.00000,0.48785,1.94531,1.55517,0.99123,0.98718,1.00000,2122.06559,-0.03513,-0.20728,0.23026,-0.03157,0.42696,0.77587,-0.08476,-0.06343,-0.03978,-0.06582,0.10321,0.29743,0.34544,2.35292,1.79111,0.78947,0.72727,0.60000,0.72719,0.16600,0.38931,1.10348,3.96697,0.58772,0.46053,0.00000
62,0.0331,6193152,47820,0.01153,2.85e-04,0.5677,140.1286,0.00000,0.08300,0.00000,10.00000,804.13225,0.00000,0.75964,0.00000,0.00000,0.77308,0.00000,0.00000,0.00000,0.00000,0.00000,0.48759,1.92382,1.56553,1.00000,1.00000,1.00000,2117.31136,-0.03511,-0.20676,0.22830,-0.03085,0.42483,0.77100,-0.08414,-0.06258,-0.04037,-0.06569,0.10161,0.29438,0.34477,2.34294,2.04000,0.81122,0.79851,0.44444,0.72385,0.16600,0.38971,1.09434,3.45773,0.62245,0.59091,0.00000
63,0.0336,6291456,51728,0.01606,2.55e-04,0.5677,131.3875,0.00000,0.08300,0.00000,10.00000,812.97980,0.00000,0.81930,0.00000,0.00000,0.76812,0.00000,0.00000,0.00000,0.00000,0.00000,0.48639,1.92320,1.67367,1.00000,1.00000,1.00000,2155.38818,-0.03497,-0.21054,0.22764,-0.03127,0.42072,0.76619,-0.08434,-0.06194,-0.03795,-0.06593,0.10132,0.29399,0.34414,2.16016,1.60000,0.80808,0.75342,0.33333,0.72068,0.16600,0.38947,1.10115,3.03363,0.61616,0.47059,0.00000
64,0.0341,6389760,53152,0.01112,2.85e-04,0.5677,138.1046,0.00000,0.08300,0.00000,10.00000,760.44871,0.00000,0.77778,0.00000,0.00000,0.77011,0.00000,0.00000,0.00000,0.00000,0.00000,0.48645,1.92874,1.51869,0.98824,0.98148,1.00000,2164.57080,-0.03499,-0.21142,0.22735,-0.03146,0.42074,0.76797,-0.08500,-0.06211,-0.03870,-0.06603,0.10136,0.29355,0.34393,2.37685,1.43000,0.77647,0.76471,0.44444,0.71962,0.16600,0.38952,1.09898,3.49064,0.56471,0.58462,0.00000
65,0.0346,6488064,52133,0.01260,3.27e-04,0.5677,130.6865,0.00000,0.08300,0.00000,10.00000,785.62118,0.00000,0.70922,0.00000,0.00000,0.77252,0.00000,0.00000,0.00000,0.00000,0.00000,0.48803,1.95167,1.58820,0.98936,0.98077,1.00000,2187.75456,-0.03483,-0.21341,0.23114,-0.03252,0.42196,0.77044,-0.08409,-0.06469,-0.04104,-0.06609,0.10258,0.29868,0.34400,2.43172,2.20400,0.78191,0.74167,0.55556,0.71998,0.16600,0.39048,1.10482,3.36727,0.57447,0.55882,0.11111
66,0.0352,6586368,53557,0.01420,3.42e-04,0.5676,140.0103,0.00000,0.08300,0.00000,10.00000,773.56287,0.00000,0.75163,0.00000,0.00000,0.77857,0.00000,0.00000,0.00000,0.00000,0.00000,0.48855,1.95697,1.53846,1.00000,1.00000,1.00000,2179.35986,-0.03492,-0.21284,0.23141,-0.03230,0.42528,0.77638,-0.08475,-0.06461,-0.03791,-0.06623,0.10230,0.29973,0.34532,2.17321,1.38571,0.77647,0.75652,0.50000,0.72658,0.16600,0.38966,1.11737,3.05106,0.55294,0.52542,0.09091
67,0.0357,6684672,54066,0.01068,5.06e-04,0.5676,138.8496,0.00000,0.08300,0.00000,10.00000,739.13013,0.00000,0.86601,0.00000,0.00000,0.78181,0.00000,0.00000,0.00000,0.00000,0.00000,0.48758,1.97492,1.54704,1.00000,1.00000,1.00000,2190.97331,-0.03484,-0.21404,0.23311,-0.03402,0.42780,0.77954,-0.08477,-0.06465,-0.03827,-0.06602,0.10314,0.30239,0.34638,2.42477,1.30333,0.75490,0.72327,0.50000,0.73189,0.16600,0.38909,1.12295,4.10391,0.50980,0.42105,0.00000
68,0.0362,6782976,53506,0.01624,4.70e-04,0.5676,151.1548,0.00000,0.08300,0.00000,10.00000,776.20724,0.00000,0.69940,0.00000,0.00000,0.78760,0.00000,0.00000,0.00000,0.00000,0.00000,0.48796,1.96760,1.60907,0.98214,0.97143,1.00000,2177.91309,-0.03486,-0.21268,0.23280,-0.03359,0.43026,0.78507,-0.08427,-0.06447,-0.03948,-0.06640,0.10275,0.30174,0.34712,2.25579,1.54737,0.74107,0.69504,0.53333,0.73559,0.16600,0.38887,1.12600,3.43915,0.50000,0.42254,0.00000
69,0.0367,6881280,53015,0.01028,6.77e-04,0.5676,161.5739,0.00000,0.08300,0.00000,10.00000,783.10879,0.00000,0.75866,0.00000,0.00000,0.78536,0.00000,0.00000,0.00000,0.00000,0.00000,0.48750,1.96101,1.51257,0.98925,0.98413,1.00000,2161.04297,-0.03490,-0.21101,0.23400,-0.03353,0.43029,0.78281,-0.08449,-0.06321,-0.03496,-0.06618,0.10199,0.30296,0.34725,2.18198,1.68000,0.77957,0.72441,0.60000,0.73626,0.16600,0.38861,1.14274,3.32488,0.56989,0.46875,0.14286
70,0.0372,6979584,52995,0.01371,7.28e-04,0.5676,145.7299,0.00000,0.08300,0.00000,10.00000,801.69406,0.00000,0.79365,0.00000,0.00000,0.77908,0.00000,0.00000,0.00000,0.00000,0.00000,0.48669,1.94610,1.74463,0.98214,0.97674,1.00000,2118.32617,-0.03481,-0.20704,0.23127,-0.03342,0.42812,0.77678,-0.08313,-0.06216,-0.03562,-0.06644,0.10054,0.29911,0.34671,2.31211,2.28600,0.80357,0.77500,0.55556,0.73355,0.16600,0.38849,1.11791,3.34884,0.62500,0.54054,0.11111
71,0.0378,7077888,53407,0.01265,8.12e-04,0.5676,161.2856,0.00000,0.08300,0.00000,10.00000,786.56164,0.00000,0.79976,0.00000,0.00000,0.77274,0.00000,0.00000,0.00000,0.00000,0.00000,0.48676,1.93667,1.61628,0.98901,0.98485,1.00000,2140.49691,-0.03483,-0.20928,0.22905,-0.03267,0.42375,0.77049,-0.08290,-0.06156,-0.03627,-0.06641,0.10057,0.29668,0.34513,2.28017,1.52667,0.79121,0.77099,0.41667,0.72567,0.16600,0.38750,1.10568,3.24833,0.59341,0.55385,0.00000
72,0.0383,7176192,52577,0.01483,7.28e-04,0.5676,158.7039,0.00000,0.08300,0.00000,10.00000,775.05088,0.00000,0.75694,0.00000,0.00000,0.76751,0.00000,0.00000,0.00000,0.00000,0.00000,0.48800,1.94375,1.61827,0.98750,0.98113,1.00000,2181.14372,-0.03496,-0.21304,0.23044,-0.03316,0.42049,0.76543,-0.08359,-0.06336,-0.03809,-0.06622,0.10109,0.29773,0.34406,2.53041,1.70250,0.76250,0.72477,0.41667,0.72032,0.16600,0.38868,1.09405,3.92263,0.53750,0.48214,0.00000
73,0.0388,7274496,52758,0.02240,6.07e-04,0.5676,143.3175,0.00000,0.08300,0.00000,10.00000,809.03207,0.00000,0.82687,0.00000,0.00000,0.77081,0.00000,0.00000,0.00000,0.00000,0.00000,0.48924,1.96264,1.67500,1.00000,1.00000,1.00000,2190.90137,-0.03501,-0.21397,0.23139,-0.03265,0.41967,0.76877,-0.08517,-0.06482,-0.03617,-0.06615,0.10267,0.29894,0.34460,2.23549,2.67000,0.79651,0.75000,0.60000,0.72298,0.16600,0.38896,1.10512,3.27025,0.59302,0.44828,0.33333
74,0.0393,7372800,53104,0.02097,5.25e-04,0.5675,151.4094,0.00000,0.08300,0.00000,10.00000,735.53170,0.00000,0.79060,0.00000,0.00000,0.77757,0.00000,0.00000,0.00000,0.00000,0.00000,0.49003,1.96001,1.66500,1.00000,1.00000,1.00000,2196.05762,-0.03476,-0.21444,0.23165,-0.03234,0.42457,0.77542,-0.08427,-0.06490,-0.04054,-0.06673,0.10247,0.29873,0.34610,2.51298,2.54714,0.74519,0.70270,0.60000,0.73050,0.16600,0.38875,1.09602,3.76926,0.49038,0.43590,0.20000
75,0.0399,7471104,53795,0.01936,4.10e-04,0.5674,139.7306,0.00000,0.08300,0.00000,10.00000,759.24578,0.00000,0.78333,0.00000,0.00000,0.78231,0.00000,0.00000,0.00000,0.00000,0.00000,0.48948,1.95934,1.68512,0.97000,0.96000,1.00000,2209.58675,-0.03479,-0.21597,0.23035,-0.03300,0.42603,0.78016,-0.08408,-0.06435,-0.03842,-0.06661,0.10271,0.29833,0.34601,2.37984,1.92800,0.74500,0.70213,0.50000,0.73005,0.16600,0.38804,1.10562,3.70465,0.52000,0.40909,0.11111
76,0.0404,7569408,52325,0.01931,3.04e-04,0.5674,146.1452,0.00000,0.08300,0.00000,10.00000,739.30804,0.00000,0.75132,0.00000,0.00000,0.78123,0.00000,0.00000,0.00000,0.00000,0.00000,0.48946,1.95454,1.71645,0.97143,0.98592,0.77778,2182.84261,-0.03474,-0.21316,0.23160,-0.03346,0.42758,0.77885,-0.08410,-0.06367,-0.03847,-0.06663,0.10317,0.29987,0.34659,2.38606,1.93200,0.72857,0.70423,0.33333,0.73294,0.16600,0.38764,1.12369,3.61628,0.48571,0.42254,0.00000
77,0.0409,7667712,53157,0.01540,2.13e-04,0.5673,155.6778,0.00000,0.08300,0.00000,10.00000,791.97664,0.00000,0.75358,0.00000,0.00000,0.78053,0.00000,0.00000,0.00000,0.00000,0.00000,0.48844,1.95738,1.64427,0.99010,0.98529,1.00000,2185.95247,-0.03461,-0.21348,0.23275,-0.03371,0.42801,0.77829,-0.08303,-0.06194,-0.03968,-0.06660,0.10332,0.30146,0.34690,2.36992,1.99000,0.76238,0.71533,0.56250,0.73449,0.16600,0.38538,1.12380,3.55304,0.53465,0.44928,0.12500
78,0.0414,7766016,53433,0.01212,1.89e-04,0.5673,158.9472,0.00000,0.08300,0.00000,10.00000,726.48214,0.00000,0.81633,0.00000,0.00000,0.78305,0.00000,0.00000,0.00000,0.00000,0.00000,0.48743,1.95535,1.57342,1.00000,1.00000,1.00000,2147.22103,-0.03465,-0.20955,0.23325,-0.03355,0.42856,0.78076,-0.08343,-0.05990,-0.04113,-0.06652,0.10257,0.30154,0.34670,2.39462,1.80200,0.73469,0.70139,0.50000,0.73348,0.16600,0.38217,1.13230,3.84604,0.46939,0.42667,0.11111
79,0.0419,7864320,53453,0.01017,2.73e-04,0.5674,148.1682,0.00000,0.08300,0.00000,10.00000,735.21656,0.00000,0.77778,0.00000,0.00000,0.78124,0.00000,0.00000,0.00000,0.00000,0.00000,0.48643,1.94881,1.62278,1.00000,1.00000,1.00000,2187.73242,-0.03455,-0.21364,0.23387,-0.03318,0.42844,0.77887,-0.08338,-0.05747,-0.03903,-0.06653,0.10322,0.30252,0.34681,2.55774,2.25454,0.76500,0.74286,0.47368,0.73407,0.16600,0.38082,1.15880,4.19911,0.53000,0.47826,0.09091
80,0.0425,7962624,53388,0.01386,2.70e-04,0.5674,149.7422,0.00000,0.08300,0.00000,10.00000,798.67360,0.00000,0.75439,0.00000,0.00000,0.78473,0.00000,0.00000,0.00000,0.00000,0.00000,0.48542,1.95398,1.64171,0.98947,0.98413,1.00000,2206.89941,-0.03460,-0.21531,0.23439,-0.03372,0.43082,0.78236,-0.08391,-0.05696,-0.04042,-0.06680,0.10210,0.30293,0.34772,2.30667,1.85273,0.78947,0.78295,0.44444,0.73859,0.16600,0.38101,1.16121,3.23760,0.58947,0.59091,0.00000
81,0.0430,8060928,53100,0.01682,1.89e-04,0.5674,161.6245,0.00000,0.08300,0.00000,10.00000,744.86930,0.00000,0.85151,0.00000,0.00000,0.78467,0.00000,0.00000,0.00000,0.00000,0.00000,0.48514,1.95194,1.62711,0.99065,0.98765,1.00000,2189.99674,-0.03456,-0.21384,0.23413,-0.03504,0.43151,0.78232,-0.08302,-0.05771,-0.03953,-0.06687,0.10078,0.30249,0.34821,2.26939,1.74615,0.73832,0.70732,0.58824,0.74107,0.16600,0.38201,1.15197,3.24915,0.48598,0.43373,0.12500
82,0.0435,8159232,51466,0.01429,1.71e-04,0.5674,141.6375,0.00000,0.08300,0.00000,10.00000,800.63042,0.00000,0.83781,0.00000,0.00000,0.78408,0.00000,0.00000,0.00000,0.00000,0.00000,0.48435,1.94200,1.59792,0.99194,0.98990,1.00000,2184.18962,-0.03469,-0.21314,0.23165,-0.03411,0.43038,0.78158,-0.08269,-0.05732,-0.03856,-0.06711,0.10005,0.29981,0.34743,2.39264,1.37750,0.84677,0.82353,0.61538,0.73716,0.16600,0.38223,1.13096,3.63147,0.70161,0.63636,0.16667
83,0.0441,8257536,53067,0.01322,1.71e-04,0.5674,144.1532,0.00000,0.08300,0.00000,10.00000,720.74008,0.00000,0.81773,0.00000,0.00000,0.77887,0.00000,0.00000,0.00000,0.00000,0.00000,0.48490,1.92479,1.69304,1.00000,1.00000,1.00000,2163.39518,-0.03464,-0.21135,0.22832,-0.03331,0.42776,0.77637,-0.08202,-0.05653,-0.03900,-0.06653,0.09913,0.29544,0.34690,2.24945,2.02000,0.70225,0.66412,0.42857,0.73449,0.16600,0.38041,1.11247,3.18585,0.40449,0.35294,0.00000
84,0.0446,8355840,53730,0.01367,1.48e-04,0.5674,149.3380,0.00000,0.08300,0.00000,10.00000,823.04688,0.00000,0.75536,0.00000,0.00000,0.77684,0.00000,0.00000,0.00000,0.00000,0.00000,0.48522,1.92431,1.57725,0.96491,0.94872,1.00000,2203.16195,-0.03477,-0.21492,0.22940,-0.03364,0.42519,0.77446,-0.08259,-0.05727,-0.04311,-0.06677,0.09940,0.29636,0.34649,2.42950,2.40333,0.82895,0.78065,0.54545,0.73245,0.16600,0.38146,1.11166,3.54721,0.69298,0.61039,0.00000
85,0.0451,8454144,53154,0.01182,1.19e-04,0.5674,155.3762,0.00000,0.08300,0.00000,10.00000,765.06440,0.00000,0.72072,0.00000,0.00000,0.77711,0.00000,0.00000,0.00000,0.00000,0.00000,0.48426,1.94050,1.73552,0.95946,0.96078,0.85714,2234.66764,-0.03471,-0.21785,0.22966,-0.03258,0.42608,0.77469,-0.08244,-0.05742,-0.04361,-0.06671,0.09919,0.29742,0.34663,2.52753,1.97778,0.74324,0.71875,0.41176,0.73316,0.16600,0.38110,1.10969,3.84000,0.52703,0.44444,0.10000
86,0.0456,8552448,53581,0.01015,1.60e-04,0.5674,140.7742,0.00000,0.08300,0.00000,10.00000,776.94180,0.00000,0.79900,0.00000,0.00000,0.78295,0.00000,0.00000,0.00000,0.00000,0.00000,0.48453,1.97669,1.65567,1.00000,1.00000,1.00000,2223.44385,-0.03462,-0.21677,0.23346,-0.03482,0.42875,0.78070,-0.08345,-0.05936,-0.04401,-0.06650,0.10175,0.30224,0.34652,2.27457,1.44000,0.79213,0.75781,0.57143,0.73260,0.16600,0.38144,1.11858,3.31545,0.58427,0.50000,0.00000
87,0.0461,8650752,53758,0.01368,1.60e-04,0.5674,157.3595,0.00000,0.08300,0.00000,10.00000,735.36218,0.00000,0.74510,0.00000,0.00000,0.78703,0.00000,0.00000,0.00000,0.00000,0.00000,0.48537,1.99097,1.68567,1.00000,1.00000,1.00000,2200.42529,-0.03458,-0.21487,0.23592,-0.03450,0.43195,0.78463,-0.08346,-0.06113,-0.03693,-0.06644,0.10328,0.30558,0.34705,2.56291,1.54000,0.75294,0.74561,0.45833,0.73526,0.16600,0.38328,1.14182,3.92976,0.50588,0.50000,0.00000
88,0.0466,8749056,53328,0.01455,1.60e-04,0.5674,128.8199,0.00000,0.08300,0.00000,10.00000,772.04410,0.00000,0.84631,0.00000,0.00000,0.78953,0.00000,0.00000,0.00000,0.00000,0.00000,0.48537,1.99756,1.63476,0.99065,0.98765,1.00000,2199.45833,-0.03459,-0.21473,0.23558,-0.03363,0.43286,0.78706,-0.08355,-0.06158,-0.04021,-0.06673,0.10278,0.30573,0.34757,2.37271,2.40000,0.77103,0.73006,0.50000,0.73785,0.16600,0.38355,1.13281,3.47964,0.55140,0.47561,0.20000
89,0.0472,8847360,53335,0.01229,1.92e-04,0.5674,146.9767,0.00000,0.08300,0.00000,10.00000,779.62040,0.00000,0.71429,0.00000,0.00000,0.79120,0.00000,0.00000,0.00000,0.00000,0.00000,0.48490,1.98658,1.59190,0.98214,0.97222,1.00000,2201.80745,-0.03467,-0.21479,0.23391,-0.03363,0.43306,0.78866,-0.08349,-0.06071,-0.04080,-0.06692,0.10236,0.30416,0.34807,2.44198,1.36428,0.75893,0.76389,0.44828,0.74033,0.16600,0.38435,1.12804,3.69474,0.53571,0.55556,0.05882
90,0.0477,8945664,52552,0.01240,2.47e-04,0.5674,127.3978,0.00000,0.08300,0.00000,10.00000,757.48298,0.00000,0.83058,0.00000,0.00000,0.78861,0.00000,0.00000,0.00000,0.00000,0.00000,0.48497,1.97209,1.62819,1.00000,1.00000,1.00000,2170.23242,-0.03454,-0.21187,0.23290,-0.03392,0.43182,0.78609,-0.08384,-0.05974,-0.03742,-0.06664,0.10195,0.30290,0.34750,2.64643,1.81091,0.78218,0.76821,0.60000,0.73748,0.16600,0.38389,1.14269,4.12912,0.56436,0.53947,0.14286
91,0.0482,9043968,54142,0.01836,1.49e-04,0.5674,135.5773,0.00000,0.08300,0.00000,10.00000,763.18750,0.00000,0.80308,0.00000,0.00000,0.78523,0.00000,0.00000,0.00000,0.00000,0.00000,0.48449,1.94003,1.79063,0.99010,0.98630,1.00000,2162.55583,-0.03464,-0.21119,0.23117,-0.03409,0.43109,0.78261,-0.08370,-0.05702,-0.03830,-0.06665,0.10090,0.30034,0.34748,2.71878,2.10000,0.80693,0.77397,0.50000,0.73739,0.16600,0.38264,1.14041,4.12884,0.62376,0.56164,0.00000
92,0.0487,9142272,53713,0.01035,1.92e-04,0.5674,133.9522,0.00000,0.08300,0.00000,10.00000,769.49262,0.00000,0.82099,0.00000,0.00000,0.78090,0.00000,0.00000,0.00000,0.00000,0.00000,0.48536,1.95117,1.59305,0.96667,0.96970,0.85714,2183.17562,-0.03465,-0.21306,0.23190,-0.03361,0.42859,0.77849,-0.08400,-0.05775,-0.04063,-0.06654,0.10212,0.30072,0.34651,2.63212,2.62800,0.80556,0.78195,0.66667,0.73253,0.16600,0.38276,1.12788,3.99236,0.64444,0.59701,0.50000
93,0.0493,9240576,52434,0.01435,1.79e-04,0.5673,134.8132,0.00000,0.08300,0.00000,10.00000,784.58787,0.00000,0.74074,0.00000,0.00000,0.78123,0.00000,0.00000,0.00000,0.00000,0.00000,0.48611,1.97403,1.69298,1.00000,1.00000,1.00000,2180.45850,-0.03469,-0.21276,0.23329,-0.03443,0.42836,0.77886,-0.08476,-0.05990,-0.03913,-0.06635,0.10370,0.30366,0.34651,2.27010,1.20250,0.75926,0.71296,0.33333,0.73256,0.16600,0.38373,1.13544,3.13579,0.51852,0.43636,0.00000
94,0.0498,9338880,53431,0.01243,2.15e-04,0.5673,132.2424,0.00000,0.08300,0.00000,10.00000,751.07619,0.00000,0.81737,0.00000,0.00000,0.78484,0.00000,0.00000,0.00000,0.00000,0.00000,0.48693,1.99560,1.69457,0.98851,0.98438,1.00000,2179.22721,-0.03471,-0.21284,0.23564,-0.03427,0.43110,0.78238,-0.08545,-0.06125,-0.03618,-0.06631,0.10573,0.30641,0.34727,2.68466,2.56600,0.82184,0.80469,0.57143,0.73633,0.16600,0.38434,1.15424,4.07080,0.65517,0.62500,0.14286
95,0.0503,9437184,52820,0.01470,2.11e-04,0.5674,145.9476,0.00000,0.08300,0.00000,10.00000,755.86935,0.00000,0.82508,0.00000,0.00000,0.78804,0.00000,0.00000,0.00000,0.00000,0.00000,0.48841,1.98640,1.70747,0.99010,0.98718,1.00000,2159.97380,-0.03474,-0.21093,0.23438,-0.03427,0.43260,0.78546,-0.08524,-0.06027,-0.03566,-0.06601,0.10603,0.30451,0.34771,2.41708,2.76857,0.77228,0.76667,0.46154,0.73857,0.16600,0.38174,1.15182,3.67021,0.55446,0.52778,0.00000
96,0.0508,9535488,52386,0.01311,1.79e-04,0.5674,141.6215,0.00000,0.08300,0.00000,10.00000,806.10547,0.00000,0.75397,0.00000,0.00000,0.78895,0.00000,0.00000,0.00000,0.00000,0.00000,0.48841,1.98920,1.55744,0.98980,0.98571,1.00000,2199.02214,-0.03484,-0.21450,0.23558,-0.03329,0.43307,0.78623,-0.08512,-0.06107,-0.03863,-0.06623,0.10604,0.30612,0.34800,2.32146,2.19600,0.80102,0.76692,0.62500,0.73998,0.16600,0.38377,1.15545,3.64578,0.61224,0.52381,0.25000
97,0.0513,9633792,53250,0.01148,2.30e-04,0.5675,137.1863,0.00000,0.08300,0.00000,10.00000,782.48796,0.00000,0.71356,0.00000,0.00000,0.79061,0.00000,0.00000,0.00000,0.00000,0.00000,0.48812,1.97532,1.44395,1.00000,1.00000,1.00000,2171.56771,-0.03477,-0.21179,0.23415,-0.03388,0.43393,0.78796,-0.08508,-0.05867,-0.04059,-0.06665,0.10541,0.30445,0.34810,2.56507,2.52143,0.79817,0.77143,0.54167,0.74049,0.16600,0.38122,1.16046,4.03414,0.59633,0.57333,0.15385
98,0.0519,9732096,53042,0.01204,2.70e-04,0.5675,142.7813,0.00000,0.08300,0.00000,10.00000,806.04483,0.00000,0.74973,0.00000,0.00000,0.78903,0.00000,0.00000,0.00000,0.00000,0.00000,0.48669,1.97038,1.60329,0.99029,0.98611,1.00000,2169.81771,-0.03481,-0.21160,0.23352,-0.03377,0.43401,0.78616,-0.08437,-0.05823,-0.03614,-0.06642,0.10373,0.30438,0.34823,2.31492,1.29250,0.80097,0.76978,0.46667,0.74116,0.16600,0.38224,1.16006,3.51106,0.61165,0.53731,0.00000
99,0.0524,9830400,53057,0.01938,1.92e-04,0.5675,142.0641,0.00000,0.08300,0.00000,10.00000,762.90266,0.00000,0.78798,0.00000,0.00000,0.78590,0.00000,0.00000,0.00000,0.00000,0.00000,0.48566,1.96053,1.70725,1.00000,1.00000,1.00000,2143.70329,-0.03479,-0.20922,0.23185,-0.03376,0.43235,0.78313,-0.08401,-0.05655,-0.03662,-0.06613,0.10299,0.30249,0.34764,2.42384,2.22667,0.78571,0.76259,0.55556,0.73822,0.16600,0.38078,1.15306,3.57040,0.57143,0.51471,0.11111
100,0.0530,9928704,51951,0.01124,2.48e-04,0.5675,125.4897,0.00000,0.08300,0.00000,10.00000,789.80114,0.00000,0.74074,0.00000,0.00000,0.78187,0.00000,0.00000,0.00000,0.00000,0.00000,0.48591,1.95273,1.51408,1.00000,1.00000,1.00000,2137.15658,-0.03480,-0.20869,0.23154,-0.03375,0.43018,0.77918,-0.08417,-0.05622,-0.03828,-0.06630,0.10333,0.30149,0.34713,2.25246,1.70200,0.78283,0.74242,0.50000,0.73562,0.16600,0.38078,1.14897,3.28039,0.56566,0.50725,0.10000
101,0.0535,10027008,52094,0.01368,2.48e-04,0.5675,121.9468,0.00000,0.08300,0.00000,10.00000,787.23804,0.00000,0.78125,0.00000,0.00000,0.77638,0.00000,0.00000,0.00000,0.00000,0.00000,0.48532,1.92747,1.72084,0.98958,0.98507,1.00000,2148.26774,-0.03484,-0.20988,0.23026,-0.03325,0.42735,0.77376,-0.08468,-0.05461,-0.03625,-0.06594,0.10211,0.29976,0.34705,2.59725,2.67750,0.79688,0.77037,0.50000,0.73527,0.16600,0.37997,1.15461,3.63433,0.60417,0.55882,0.22222
102,0.0540,10125312,52460,0.01254,2.96e-04,0.5675,125.0202,0.00000,0.08300,0.00000,10.00000,783.30970,0.00000,0.76520,0.00000,0.00000,0.77528,0.00000,0.00000,0.00000,0.00000,0.00000,0.48372,1.91547,1.65035,0.97170,0.96053,1.00000,2194.89193,-0.03481,-0.21424,0.22919,-0.03304,0.42571,0.77254,-0.08379,-0.05505,-0.03785,-0.06624,0.10110,0.29716,0.34669,2.28326,1.96500,0.76887,0.73973,0.52381,0.73347,0.16600,0.38277,1.13560,3.24393,0.56604,0.50000,0.16667
103,0.0545,10223616,53523,0.01496,2.27e-04,0.5674,138.9658,0.00000,0.08300,0.00000,10.00000,765.03279,0.00000,0.84864,0.00000,0.00000,0.78172,0.00000,0.00000,0.00000,0.00000,0.00000,0.48287,1.89952,1.62118,0.99213,0.98947,1.00000,2194.81380,-0.03467,-0.21429,0.22738,-0.03306,0.42863,0.77900,-0.08292,-0.05359,-0.03949,-0.06673,0.09992,0.29486,0.34740,2.68478,1.36000,0.81496,0.80928,0.43750,0.73702,0.16600,0.38151,1.13380,4.07564,0.63780,0.63636,0.00000
104,0.0551,10321920,53834,0.01740,1.71e-04,0.5675,126.8620,0.00000,0.08300,0.00000,10.00000,746.12741,0.00000,0.83333,0.00000,0.00000,0.77965,0.00000,0.00000,0.00000,0.00000,0.00000,0.48163,1.91105,1.48123,0.94186,0.92188,1.00000,2174.34115,-0.03473,-0.21192,0.22788,-0.03391,0.42790,0.77684,-0.08329,-0.05327,-0.04097,-0.06633,0.10013,0.29625,0.34664,2.49115,1.34800,0.76744,0.72093,0.50000,0.73321,0.16600,0.38130,1.13117,3.85875,0.59302,0.52308,0.00000
105,0.0556,10420224,52833,0.01481,1.30e-04,0.5675,132.2981,0.00000,0.08300,0.00000,10.00000,796.71665,0.00000,0.81197,0.00000,0.00000,0.77519,0.00000,0.00000,0.00000,0.00000,0.00000,0.48213,1.91675,1.79325,0.96154,0.94521,1.00000,2165.28564,-0.03463,-0.21139,0.22992,-0.03439,0.42681,0.77251,-0.08252,-0.05440,-0.03649,-0.06609,0.10076,0.29963,0.34612,2.63676,2.50000,0.77404,0.72368,0.44444,0.73060,0.16600,0.38255,1.15369,3.73762,0.58654,0.51899,0.00000
106,0.0561,10518528,53064,0.01229,1.43e-04,0.5675,142.1448,0.00000,0.08300,0.00000,10.00000,779.45348,0.00000,0.71937,0.00000,0.00000,0.78083,0.00000,0.00000,0.00000,0.00000,0.00000,0.48224,1.92160,1.59226,0.98718,0.98000,1.00000,2197.59896,-0.03458,-0.21445,0.23214,-0.03501,0.42964,0.77801,-0.08392,-0.05430,-0.03892,-0.06622,0.10196,0.30199,0.34779,2.26235,1.81467,0.76282,0.74257,0.54545,0.73893,0.16600,0.38349,1.18440,3.30100,0.53846,0.50980,0.00000
107,0.0566,10616832,54606,0.01152,1.89e-04,0.5675,125.0197,0.00000,0.08300,0.00000,10.00000,742.23051,0.00000,0.78658,0.00000,0.00000,0.78765,0.00000,0.00000,0.00000,0.00000,0.00000,0.48038,1.95670,1.64675,0.99010,0.98507,1.00000,2223.98421,-0.03438,-0.21697,0.23640,-0.03528,0.43285,0.78474,-0.08407,-0.05511,-0.04135,-0.06670,0.10262,0.30721,0.34919,2.49313,2.40667,0.75743,0.72727,0.55000,0.74594,0.16600,0.38493,1.19515,3.63649,0.52475,0.50000,0.10000
108,0.0571,10715136,54188,0.01517,1.58e-04,0.5674,131.5166,0.00000,0.08300,0.00000,10.00000,764.36375,0.00000,0.77381,0.00000,0.00000,0.79361,0.00000,0.00000,0.00000,0.00000,0.00000,0.48112,1.97883,1.76406,0.98810,0.98361,1.00000,2214.15251,-0.03442,-0.21601,0.23763,-0.03527,0.43689,0.79084,-0.08410,-0.05604,-0.03858,-0.06685,0.10337,0.30930,0.35005,2.42654,1.81833,0.77381,0.77778,0.42857,0.75024,0.16600,0.38505,1.19575,3.54146,0.55952,0.55357,0.00000
109,0.0577,10813440,53035,0.01193,2.27e-04,0.5674,138.8455,0.00000,0.08300,0.00000,10.00000,791.22231,0.00000,0.76591,0.00000,0.00000,0.79745,0.00000,0.00000,0.00000,0.00000,0.00000,0.48181,1.98477,1.57747,0.99029,0.98630,1.00000,2194.08089,-0.03440,-0.21391,0.23882,-0.03540,0.43924,0.79470,-0.08416,-0.05553,-0.04038,-0.06677,0.10439,0.31005,0.35045,2.45500,2.49000,0.77670,0.73239,0.46667,0.75223,0.16600,0.38210,1.20143,3.76302,0.56311,0.46377,0.00000
110,0.0582,10911744,53029,0.01374,2.06e-04,0.5674,131.0915,0.00000,0.08300,0.00000,10.00000,775.83847,0.00000,0.69312,0.00000,0.00000,0.79822,0.00000,0.00000,0.00000,0.00000,0.00000,0.48190,1.97274,1.51513,0.97143,0.96774,0.91667,2177.66829,-0.03426,-0.21264,0.23921,-0.03510,0.44111,0.79544,-0.08391,-0.05420,-0.03707,-0.06702,0.10374,0.31019,0.35076,2.41562,1.95529,0.75714,0.73282,0.46429,0.75378,0.16600,0.38198,1.21731,3.64963,0.54286,0.52174,0.12500
111,0.0587,11010048,53355,0.01659,1.37e-04,0.5674,131.2028,0.00000,0.08300,0.00000,10.00000,795.85163,0.00000,0.82104,0.00000,0.00000,0.79734,0.00000,0.00000,0.00000,0.00000,0.00000,0.48152,1.97662,1.55216,1.00000,1.00000,1.00000,2190.14518,-0.03412,-0.21379,0.24136,-0.03663,0.44087,0.79439,-0.08280,-0.05440,-0.03975,-0.06721,0.10384,0.31332,0.35010,2.41064,2.43231,0.82743,0.79641,0.72222,0.75051,0.16600,0.38159,1.22120,3.82203,0.65487,0.57500,0.37500
112,0.0592,11108352,53191,0.01302,1.33e-04,0.5674,130.6148,0.00000,0.08300,0.00000,10.00000,810.26647,0.00000,0.82126,0.00000,0.00000,0.79743,0.00000,0.00000,0.00000,0.00000,0.00000,0.48098,1.96665,1.58338,0.98913,0.98529,1.00000,2170.94336,-0.03419,-0.21169,0.23957,-0.03530,0.44132,0.79462,-0.08191,-0.05264,-0.04165,-0.06679,0.10284,0.31131,0.35028,2.18887,1.90571,0.80978,0.79412,0.50000,0.75141,0.16600,0.38004,1.22027,3.00000,0.63043,0.60294,0.16667
113,0.0597,11206656,52714,0.01136,1.87e-04,0.5674,135.4445,0.00000,0.08300,0.00000,10.00000,783.95534,0.00000,0.80177,0.00000,0.00000,0.79391,0.00000,0.00000,0.00000,0.00000,0.00000,0.48025,1.96349,1.54031,0.97727,0.96552,1.00000,2175.71745,-0.03440,-0.21219,0.23990,-0.03546,0.43720,0.79122,-0.08353,-0.05410,-0.03897,-0.06640,0.10320,0.31148,0.34961,2.62112,2.27778,0.80682,0.78740,0.57143,0.74805,0.16600,0.38391,1.22318,3.79200,0.63636,0.63768,0.14286
114,0.0603,11304960,54247,0.01416,1.58e-04,0.5675,116.6350,0.00000,0.08300,0.00000,10.00000,763.74995,0.00000,0.84362,0.00000,0.00000,0.79203,0.00000,0.00000,0.00000,0.00000,0.00000,0.48115,1.96894,1.51138,0.98765,0.98333,1.00000,2188.01318,-0.03438,-0.21378,0.24088,-0.03573,0.43576,0.78926,-0.08464,-0.05340,-0.04015,-0.06668,0.10433,0.31276,0.34964,2.28090,1.32286,0.77160,0.73984,0.54545,0.74820,0.16600,0.38220,1.23149,3.36826,0.55556,0.50794,0.16667
115,0.0608,11403264,54180,0.01276,1.87e-04,0.5674,121.4749,0.00000,0.08300,0.00000,10.00000,795.55034,0.00000,0.77892,0.00000,0.00000,0.79576,0.00000,0.00000,0.00000,0.00000,0.00000,0.48099,1.98919,1.54838,0.98969,0.98485,1.00000,2190.91357,-0.03426,-0.21424,0.24071,-0.03637,0.43753,0.79298,-0.08472,-0.05303,-0.03682,-0.06651,0.10462,0.31308,0.34975,2.54548,1.52167,0.80928,0.79412,0.47059,0.74875,0.16600,0.37969,1.23027,3.75508,0.62887,0.61429,0.00000
116,0.0613,11501568,53836,0.01465,1.55e-04,0.5674,124.4759,0.00000,0.08300,0.00000,10.00000,829.18229,0.00000,0.84229,0.00000,0.00000,0.79737,0.00000,0.00000,0.00000,0.00000,0.00000,0.48141,1.98592,1.52359,1.00000,1.00000,1.00000,2211.21631,-0.03421,-0.21576,0.23834,-0.03576,0.43966,0.79474,-0.08330,-0.05318,-0.04111,-0.06692,0.10429,0.30943,0.34970,2.28681,1.48000,0.83333,0.80851,0.66667,0.74850,0.16600,0.37882,1.19138,3.27900,0.66667,0.60294,0.25000
117,0.0618,11599872,53929,0.01076,1.98e-04,0.5673,120.3471,0.00000,0.08300,0.00000,10.00000,825.56153,0.00000,0.70370,0.00000,0.00000,0.79793,0.00000,0.00000,0.00000,0.00000,0.00000,0.48056,1.99185,1.64622,0.97143,0.96970,0.88889,2207.95833,-0.03414,-0.21533,0.24014,-0.03598,0.43908,0.79514,-0.08326,-0.05300,-0.04166,-0.06691,0.10475,0.31098,0.34963,2.65814,1.81000,0.83810,0.82707,0.47368,0.74815,0.16600,0.37966,1.19751,4.01963,0.70476,0.68657,0.10000
118,0.0623,11698176,53316,0.01226,2.27e-04,0.5673,127.1581,0.00000,0.08300,0.00000,10.00000,785.36086,0.00000,0.80556,0.00000,0.00000,0.79699,0.00000,0.00000,0.00000,0.00000,0.00000,0.47991,1.97800,1.52974,0.98000,0.97143,1.00000,2158.99561,-0.03412,-0.21068,0.23932,-0.03592,0.43966,0.79411,-0.08273,-0.05133,-0.03924,-0.06658,0.10445,0.30982,0.34988,2.67296,2.62000,0.82500,0.80000,0.62500,0.74939,0.16600,0.37831,1.20788,4.06625,0.67000,0.64000,0.25000
119,0.0628,11796480,52891,0.01541,2.07e-04,0.5673,128.2285,0.00000,0.08300,0.00000,10.00000,796.70312,0.00000,0.79861,0.00000,0.00000,0.79443,0.00000,0.00000,0.00000,0.00000,0.00000,0.47939,1.97211,1.61444,0.99107,0.98780,1.00000,2147.36377,-0.03393,-0.20978,0.23998,-0.03599,0.43912,0.79164,-0.08178,-0.05061,-0.03476,-0.06679,0.10370,0.31004,0.34931,2.35934,1.86545,0.79911,0.77019,0.50000,0.74657,0.16600,0.37867,1.22404,3.44064,0.60714,0.54430,0.00000
120,0.0634,11894784,54071,0.01538,2.11e-04,0.5673,117.4033,0.00000,0.08300,0.00000,10.00000,762.04110,0.00000,0.80918,0.00000,0.00000,0.79274,0.00000,0.00000,0.00000,0.00000,0.00000,0.47880,1.95728,1.56911,0.96739,0.97101,0.90000,2177.19059,-0.03407,-0.21243,0.23871,-0.03572,0.43742,0.79006,-0.08221,-0.04935,-0.03873,-0.06655,0.10345,0.30830,0.34969,2.50569,2.75466,0.77717,0.76866,0.50000,0.74846,0.16600,0.37821,1.21555,3.95647,0.58696,0.55385,0.10000
121,0.0639,11993088,53158,0.01325,2.69e-04,0.5673,138.2942,0.00000,0.08300,0.00000,10.00000,775.32557,0.00000,0.84708,0.00000,0.00000,0.79268,0.00000,0.00000,0.00000,0.00000,0.00000,0.47888,1.94896,1.71114,0.99010,0.98750,1.00000,2218.79183,-0.03415,-0.21637,0.23812,-0.03661,0.43688,0.78984,-0.08285,-0.04876,-0.04323,-0.06665,0.10259,0.30784,0.34996,2.59516,1.72286,0.81683,0.82468,0.47368,0.74982,0.16600,0.37838,1.21153,3.72261,0.64356,0.64865,0.09091
122,0.0644,12091392,52847,0.01264,3.04e-04,0.5673,137.4377,0.00000,0.08300,0.00000,10.00000,804.55761,0.00000,0.79125,0.00000,0.00000,0.79789,0.00000,0.00000,0.00000,0.00000,0.00000,0.47868,1.96102,1.65067,1.00000,1.00000,1.00000,2183.98389,-0.03415,-0.21323,0.23768,-0.03583,0.43844,0.79512,-0.08352,-0.04906,-0.03954,-0.06652,0.10372,0.30935,0.35008,2.39956,2.20000,0.82828,0.79433,0.64286,0.75039,0.16600,0.37965,1.22753,3.32033,0.65657,0.60274,0.28571
123,0.0649,12189696,53149,0.01606,2.07e-04,0.5673,141.5194,0.00000,0.08300,0.00000,10.00000,778.47220,0.00000,0.83584,0.00000,0.00000,0.79864,0.00000,0.00000,0.00000,0.00000,0.00000,0.47766,1.96646,1.59527,1.00000,1.00000,1.00000,2178.84928,-0.03419,-0.21256,0.23714,-0.03654,0.43828,0.79587,-0.08352,-0.04975,-0.03837,-0.06652,0.10260,0.30871,0.34956,2.64469,1.72769,0.81532,0.80838,0.57895,0.74781,0.16600,0.38088,1.20938,4.05913,0.63063,0.61905,0.11111
124,0.0654,12288000,53016,0.01254,2.07e-04,0.5673,154.1045,0.00000,0.08300,0.00000,10.00000,785.79115,0.00000,0.82375,0.00000,0.00000,0.79628,0.00000,0.00000,0.00000,0.00000,0.00000,0.47645,1.95350,1.56337,1.00000,1.00000,1.00000,2176.12695,-0.03423,-0.21210,0.23483,-0.03502,0.43881,0.79356,-0.08270,-0.04927,-0.03965,-0.06671,0.10102,0.30524,0.35013,2.48686,2.37500,0.81897,0.80814,0.55556,0.75066,0.16600,0.38065,1.18140,3.67243,0.63793,0.61628,0.11111
125,0.0660,12386304,52657,0.01529,1.71e-04,0.5673,133.3941,0.00000,0.08300,0.00000,10.00000,793.93215,0.00000,0.79276,0.00000,0.00000,0.79106,0.00000,0.00000,0.00000,0.00000,0.00000,0.47599,1.94726,1.64972,0.98876,0.98485,1.00000,2184.50602,-0.03429,-0.21312,0.23545,-0.03514,0.43499,0.78840,-0.08326,-0.04856,-0.03839,-0.06656,0.10168,0.30599,0.34954,2.25299,1.57500,0.79775,0.76378,0.58333,0.74770,0.16600,0.38132,1.19861,3.21822,0.60674,0.52459,0.16667
126,0.0665,12484608,54038,0.01018,2.53e-04,0.5673,130.3486,0.00000,0.08300,0.00000,10.00000,805.58021,0.00000,0.84708,0.00000,0.00000,0.79254,0.00000,0.00000,0.00000,0.00000,0.00000,0.47543,1.96253,1.54023,0.99010,0.98780,1.00000,2187.89160,-0.03416,-0.21340,0.23642,-0.03512,0.43629,0.78976,-0.08248,-0.04843,-0.03973,-0.06654,0.10148,0.30732,0.34990,2.24910,1.95000,0.80198,0.77273,0.54545,0.74951,0.16600,0.38048,1.20249,3.28237,0.61386,0.52778,0.16667
127,0.0670,12582912,53333,0.01289,2.93e-04,0.5672,128.9732,0.00000,0.08300,0.00000,10.00000,784.34292,0.00000,0.67407,0.00000,0.00000,0.79581,0.00000,0.00000,0.00000,0.00000,0.00000,0.47556,1.99499,1.49231,1.00000,1.00000,1.00000,2177.95492,-0.03410,-0.21270,0.24136,-0.03630,0.43831,0.79293,-0.08337,-0.04971,-0.03722,-0.06661,0.10293,0.31358,0.35034,2.58479,1.55538,0.78667,0.79121,0.47826,0.75171,0.16600,0.38049,1.22889,3.87591,0.57333,0.61224,0.07692
128,0.0675,12681216,54232,0.01242,3.22e-04,0.5672,141.6591,0.00000,0.08300,0.00000,10.00000,781.94048,0.00000,0.78307,0.00000,0.00000,0.80096,0.00000,0.00000,0.00000,0.00000,0.00000,0.47646,2.00654,1.63542,1.00000,1.00000,1.00000,2176.74870,-0.03398,-0.21260,0.24351,-0.03584,0.44059,0.79811,-0.08300,-0.04944,-0.03341,-0.06684,0.10458,0.31591,0.35098,2.71689,2.20200,0.81905,0.82432,0.47619,0.75492,0.16600,0.37998,1.25840,4.09784,0.63810,0.64865,0.08333
129,0.0681,12779520,51990,0.01415,3.22e-04,0.5672,114.8396,0.00000,0.08300,0.00000,10.00000,806.53571,0.00000,0.77534,0.00000,0.00000,0.80327,0.00000,0.00000,0.00000,0.00000,0.00000,0.47554,2.01716,1.63680,0.98901,0.98485,1.00000,2224.48910,-0.03410,-0.21715,0.24469,-0.03620,0.44058,0.80045,-0.08341,-0.04881,-0.03897,-0.06666,0.10443,0.31734,0.35104,2.43639,1.41000,0.81868,0.81102,0.52941,0.75520,0.16600,0.37946,1.24694,3.71234,0.64835,0.62295,0.00000
130,0.0686,12877824,52561,0.01914,3.03e-04,0.5672,127.1040,0.00000,0.08300,0.00000,10.00000,788.82062,0.00000,0.82222,0.00000,0.00000,0.80366,0.00000,0.00000,0.00000,0.00000,0.00000,0.47599,2.01448,1.62278,0.98000,0.97260,1.00000,2168.31331,-0.03398,-0.21167,0.24311,-0.03544,0.44293,0.80092,-0.08360,-0.04958,-0.03538,-0.06651,0.10449,0.31538,0.35162,2.50468,1.57800,0.83000,0.81081,0.64286,0.75809,0.16600,0.38009,1.24594,3.62838,0.68000,0.65333,0.16667
131,0.0691,12976128,53773,0.01306,2.72e-04,0.5672,125.8652,0.00000,0.08100,0.00000,10.00000,817.65860,0.00000,0.70658,0.00000,0.00000,0.80126,0.00000,0.00000,0.00000,0.00000,0.00000,0.47682,2.00560,1.64122,1.00000,1.00000,1.00000,2142.71973,-0.03397,-0.20922,0.24211,-0.03592,0.44232,0.79841,-0.08318,-0.04895,-0.03831,-0.06653,0.10575,0.31382,0.35100,2.50972,2.08545,0.82524,0.83206,0.58621,0.75500,0.16200,0.37864,1.22566,3.65838,0.65049,0.63934,0.29412
132,0.0696,13074432,53506,0.01588,2.44e-04,0.5672,126.5476,0.00000,0.07900,0.00000,10.00000,833.10170,0.00000,0.74234,0.00000,0.00000,0.79888,0.00000,0.00000,0.00000,0.00000,0.00000,0.47701,1.98768,1.57626,0.99138,1.00000,0.90000,2150.70850,-0.03399,-0.20985,0.24111,-0.03665,0.44049,0.79617,-0.08322,-0.04817,-0.03734,-0.06674,0.10474,0.31217,0.35012,2.48168,2.49059,0.83621,0.81290,0.60870,0.75061,0.15800,0.37885,1.22679,3.76906,0.68103,0.60811,0.38462
133,0.0702,13172736,51926,0.01192,3.06e-04,0.5672,137.6317,0.00000,0.07700,0.00000,10.00000,824.20261,0.00000,0.85470,0.00000,0.00000,0.79578,0.00000,0.00000,0.00000,0.00000,0.00000,0.47722,1.97338,1.60351,0.98901,0.98611,1.00000,2159.89388,-0.03414,-0.21071,0.23833,-0.03520,0.43725,0.79275,-0.08328,-0.04752,-0.04047,-0.06643,0.10445,0.30936,0.34921,2.42451,3.21333,0.85165,0.82143,0.50000,0.74604,0.15400,0.37770,1.20939,3.45423,0.71429,0.64706,0.00000
134,0.0707,13271040,53569,0.01498,2.69e-04,0.5672,115.3888,0.00000,0.07500,0.00000,10.00000,763.97859,0.00000,0.80321,0.00000,0.00000,0.79176,0.00000,0.00000,0.00000,0.00000,0.00000,0.47737,1.97317,1.61333,1.00000,1.00000,1.00000,2144.31771,-0.03426,-0.20894,0.23808,-0.03518,0.43377,0.78902,-0.08423,-0.04822,-0.03962,-0.06631,0.10397,0.30918,0.34865,2.78504,3.43000,0.80723,0.78333,0.64706,0.74324,0.15000,0.37808,1.21110,4.40200,0.61446,0.55932,0.33333
135,0.0712,13369344,53059,0.01402,3.06e-04,0.5672,116.7159,0.00000,0.07500,0.00000,10.00000,789.43079,0.00000,0.86182,0.00000,0.00000,0.79243,0.00000,0.00000,0.00000,0.00000,0.00000,0.47727,1.99246,1.62781,1.00000,1.00000,1.00000,2183.99202,-0.03410,-0.21305,0.24005,-0.03549,0.43423,0.78970,-0.08428,-0.04764,-0.04039,-0.06654,0.10480,0.31070,0.34909,2.25704,1.45667,0.80128,0.77686,0.55556,0.74546,0.15000,0.37588,1.21255,3.04666,0.60256,0.55738,0.20000
136,0.0717,13467648,52943,0.01544,2.44e-04,0.5672,118.4913,0.00000,0.07500,0.00000,10.00000,742.17245,0.00000,0.81549,0.00000,0.00000,0.79458,0.00000,0.00000,0.00000,0.00000,0.00000,0.47752,2.00221,1.74552,0.96330,0.94872,1.00000,2184.95801,-0.03393,-0.21315,0.24187,-0.03695,0.43582,0.79193,-0.08361,-0.04705,-0.04088,-0.06698,0.10422,0.31246,0.34972,2.47073,2.42923,0.75229,0.73125,0.52632,0.74862,0.15000,0.37381,1.21366,3.45656,0.54128,0.52439,0.00000
137,0.0722,13565952,53802,0.01872,1.55e-04,0.5672,122.2231,0.00000,0.07500,0.00000,10.00000,800.06287,0.00000,0.82672,0.00000,0.00000,0.80007,0.00000,0.00000,0.00000,0.00000,0.00000,0.47769,1.99974,1.57647,0.97619,0.96875,1.00000,2184.04753,-0.03382,-0.21343,0.24292,-0.03620,0.44012,0.79728,-0.08339,-0.04539,-0.03581,-0.06680,0.10501,0.31447,0.35051,2.27036,1.69667,0.77976,0.73600,0.62500,0.75254,0.15000,0.37195,1.24262,3.39381,0.58333,0.49180,0.25000
138,0.0728,13664256,53099,0.01204,1.86e-04,0.5671,132.4409,0.00000,0.07500,0.00000,10.00000,805.40838,0.00000,0.73737,0.00000,0.00000,0.80185,0.00000,0.00000,0.00000,0.00000,0.00000,0.47673,1.99134,1.61575,0.99091,0.98529,1.00000,2187.88118,-0.03372,-0.21353,0.24291,-0.03711,0.44066,0.79932,-0.08314,-0.04520,-0.03916,-0.06712,0.10393,0.31453,0.34997,2.30351,2.24842,0.79545,0.76712,0.60000,0.74985,0.15000,0.37306,1.24617,3.11265,0.60000,0.57692,0.16667
139,0.0733,13762560,53010,0.01604,1.33e-04,0.5671,147.3173,0.00000,0.07500,0.00000,10.00000,798.69110,0.00000,0.78976,0.00000,0.00000,0.79963,0.00000,0.00000,0.00000,0.00000,0.00000,0.47607,1.98474,1.67878,0.98039,0.97260,1.00000,2174.70199,-0.03376,-0.21232,0.24199,-0.03609,0.44000,0.79710,-0.08311,-0.04341,-0.03722,-0.06686,0.10407,0.31349,0.35014,2.28204,1.58667,0.80882,0.77931,0.64706,0.75072,0.15000,0.37159,1.24563,3.18145,0.63725,0.58333,0.14286
140,0.0738,13860864,53082,0.01086,1.69e-04,0.5671,126.7716,0.00000,0.07500,0.00000,10.00000,808.64709,0.00000,0.85354,0.00000,0.00000,0.79877,0.00000,0.00000,0.00000,0.00000,0.00000,0.47585,1.98694,1.60637,1.00000,1.00000,1.00000,2179.75635,-0.03383,-0.21257,0.24080,-0.03566,0.43966,0.79617,-0.08272,-0.04205,-0.04109,-0.06720,0.10363,0.31105,0.34978,2.41754,1.22889,0.81818,0.79882,0.54545,0.74888,0.15000,0.36880,1.23080,3.44278,0.63636,0.59524,0.00000
141,0.0743,13959168,52691,0.01225,1.79e-04,0.5671,142.8025,0.00000,0.07500,0.00000,10.00000,817.73103,0.00000,0.72039,0.00000,0.00000,0.79675,0.00000,0.00000,0.00000,0.00000,0.00000,0.47549,1.97866,1.69500,0.97802,1.00000,0.77778,2207.15658,-0.03381,-0.21516,0.24032,-0.03586,0.43874,0.79408,-0.08233,-0.04135,-0.03972,-0.06705,0.10293,0.31097,0.34960,2.42000,2.12667,0.81868,0.82203,0.42857,0.74800,0.15000,0.36880,1.23494,3.36807,0.65934,0.63793,0.16667
142,0.0749,14057472,52987,0.01424,1.33e-04,0.5671,128.2756,0.00000,0.07500,0.00000,10.00000,809.66833,0.00000,0.73310,0.00000,0.00000,0.79662,0.00000,0.00000,0.00000,0.00000,0.00000,0.47530,1.97007,1.64493,0.98969,0.98413,1.00000,2216.33024,-0.03378,-0.21628,0.23968,-0.03543,0.43764,0.79404,-0.08281,-0.04075,-0.04013,-0.06712,0.10294,0.30998,0.34883,2.40416,2.08769,0.79381,0.75781,0.60000,0.74413,0.15000,0.36826,1.24100,3.47000,0.59794,0.53846,0.20000
143,0.0754,14155776,51169,0.01192,1.92e-04,0.5671,138.6399,0.00000,0.07500,0.00000,10.00000,777.84295,0.00000,0.80761,0.00000,0.00000,0.79825,0.00000,0.00000,0.00000,0.00000,0.00000,0.47491,1.97659,1.54720,0.99074,0.98592,1.00000,2204.65576,-0.03373,-0.21509,0.24022,-0.03580,0.43900,0.79568,-0.08292,-0.04116,-0.03863,-0.06704,0.10405,0.31139,0.34947,2.63486,2.32000,0.78704,0.75159,0.50000,0.74733,0.15000,0.36979,1.24719,3.81710,0.58333,0.55814,0.25000
144,0.0759,14254080,52391,0.01553,1.43e-04,0.5671,133.9019,0.00000,0.07500,0.00000,10.00000,810.08950,0.00000,0.78947,0.00000,0.00000,0.80205,0.00000,0.00000,0.00000,0.00000,0.00000,0.47580,1.97798,1.54930,0.99123,1.00000,1.00000,2208.01481,-0.03383,-0.21528,0.23990,-0.03619,0.44123,0.79934,-0.08348,-0.04122,-0.04099,-0.06706,0.10413,0.31150,0.35017,2.40742,2.34667,0.82456,0.80864,0.52941,0.75086,0.15000,0.36823,1.24429,3.41835,0.65789,0.62651,0.20000
145,0.0765,14352384,52867,0.01119,2.27e-04,0.5672,134.5021,0.00000,0.07500,0.00000,10.00000,811.03230,0.00000,0.78526,0.00000,0.00000,0.79936,0.00000,0.00000,0.00000,0.00000,0.00000,0.47612,1.95057,1.64074,0.99038,1.00000,0.87500,2193.91423,-0.03391,-0.21408,0.23755,-0.03607,0.44118,0.79668,-0.08212,-0.04141,-0.03862,-0.06735,0.10223,0.30874,0.35056,2.37888,2.36200,0.80769,0.80272,0.52941,0.75280,0.15000,0.37004,1.23215,3.34322,0.62500,0.60811,0.22222
146,0.0770,14450688,52849,0.01697,1.65e-04,0.5672,131.2307,0.00000,0.07500,0.00000,10.00000,777.89440,0.00000,0.79976,0.00000,0.00000,0.79658,0.00000,0.00000,0.00000,0.00000,0.00000,0.47499,1.95834,1.48492,1.00000,1.00000,1.00000,2188.46061,-0.03376,-0.21339,0.23947,-0.03583,0.44031,0.79373,-0.08207,-0.04035,-0.04079,-0.06708,0.10291,0.31104,0.35062,2.83372,3.15500,0.81319,0.79389,0.45455,0.75311,0.15000,0.37018,1.25046,4.39928,0.62637,0.61972,0.00000
147,0.0775,14548992,52952,0.01301,2.37e-04,0.5672,130.4422,0.00000,0.07500,0.00000,10.00000,813.38547,0.00000,0.82742,0.00000,0.00000,0.79628,0.00000,0.00000,0.00000,0.00000,0.00000,0.47562,1.95945,1.52944,0.98936,0.98571,1.00000,2174.48844,-0.03388,-0.21226,0.23890,-0.03613,0.44120,0.79367,-0.08252,-0.04140,-0.03682,-0.06703,0.10359,0.31047,0.35068,2.38871,4.80500,0.81383,0.78571,0.37500,0.75338,0.15000,0.37027,1.25592,3.57846,0.63830,0.58571,0.16667
148,0.0780,14647296,52930,0.01376,2.69e-04,0.5672,120.3751,0.00000,0.07500,0.00000,10.00000,821.28400,0.00000,0.72650,0.00000,0.00000,0.79456,0.00000,0.00000,0.00000,0.00000,0.00000,0.47519,1.97683,1.58305,0.98901,0.98361,1.00000,2163.48324,-0.03385,-0.21118,0.24163,-0.03689,0.43928,0.79197,-0.08319,-0.04192,-0.03839,-0.06686,0.10444,0.31418,0.35014,2.27871,1.65733,0.81319,0.78992,0.59091,0.75070,0.15000,0.37097,1.26654,3.24192,0.63736,0.58621,0.18182
149,0.0786,14745600,52022,0.02317,1.65e-04,0.5671,119.1238,0.00000,0.07500,0.00000,10.00000,810.78776,0.00000,0.71181,0.00000,0.00000,0.79336,0.00000,0.00000,0.00000,0.00000,0.00000,0.47505,1.97150,1.59493,0.97917,0.96875,1.00000,2194.51676,-0.03378,-0.21405,0.24150,-0.03642,0.43784,0.79073,-0.08264,-0.04223,-0.03707,-0.06700,0.10510,0.31318,0.34960,2.40279,2.69882,0.80208,0.75610,0.66667,0.74800,0.15000,0.37252,1.25573,3.69191,0.62500,0.52542,0.30000
150,0.0791,14843904,53555,0.01353,1.44e-04,0.5671,123.1157,0.00000,0.07500,0.00000,10.00000,792.13395,0.00000,0.81149,0.00000,0.00000,0.79751,0.00000,0.00000,0.00000,0.00000,0.00000,0.47493,1.98613,1.59861,0.97753,0.97015,1.00000,2158.34424,-0.03396,-0.21073,0.24212,-0.03705,0.44015,0.79495,-0.08459,-0.04214,-0.03646,-0.06680,0.10571,0.31471,0.35084,2.45543,3.10444,0.80899,0.78462,0.64286,0.75420,0.15000,0.37135,1.26280,3.57709,0.64045,0.58730,0.37500
151,0.0796,14942208,53234,0.01266,1.71e-04,0.5672,125.5022,0.00000,0.07500,0.00000,10.00000,814.40895,0.00000,0.74247,0.00000,0.00000,0.80176,0.00000,0.00000,0.00000,0.00000,0.00000,0.47521,1.99394,1.71143,0.99065,1.00000,0.90909,2172.91602,-0.03380,-0.21206,0.24372,-0.03743,0.44251,0.79888,-0.08346,-0.04136,-0.03987,-0.06719,0.10567,0.31645,0.35111,2.63753,2.03000,0.83178,0.83217,0.47826,0.75556,0.15000,0.37027,1.26028,3.89226,0.67290,0.65714,0.08333
152,0.0802,15040512,52762,0.01335,2.24e-04,0.5672,126.5419,0.00000,0.07500,0.00000,10.00000,813.94594,0.00000,0.75196,0.00000,0.00000,0.80377,0.00000,0.00000,0.00000,0.00000,0.00000,0.47490,1.98784,1.55653,1.00000,1.00000,1.00000,2128.12728,-0.03392,-0.20779,0.24291,-0.03600,0.44261,0.80098,-0.08346,-0.04027,-0.03742,-0.06677,0.10563,0.31557,0.35139,2.24511,2.09846,0.82323,0.80597,0.55000,0.75695,0.15000,0.36967,1.27843,3.13552,0.64646,0.61765,0.18182
153,0.0807,15138816,53088,0.01446,1.87e-04,0.5672,120.6127,0.00000,0.07500,0.00000,10.00000,800.94789,0.00000,0.76812,0.00000,0.00000,0.80093,0.00000,0.00000,0.00000,0.00000,0.00000,0.47479,1.97687,1.63933,1.00000,1.00000,1.00000,2150.63542,-0.03381,-0.21006,0.24193,-0.03680,0.44156,0.79809,-0.08274,-0.03946,-0.03754,-0.06719,0.10561,0.31407,0.35098,2.48756,2.98769,0.80435,0.77987,0.52381,0.75491,0.15000,0.36889,1.27095,3.64424,0.60870,0.54545,0.23077
154,0.0812,15237120,53097,0.01299,1.86e-04,0.5672,117.5188,0.00000,0.07500,0.00000,10.00000,803.87080,0.00000,0.88411,0.00000,0.00000,0.79866,0.00000,0.00000,0.00000,0.00000,0.00000,0.47448,1.95687,1.65636,1.00000,1.00000,1.00000,2164.75391,-0.03387,-0.21153,0.24072,-0.03650,0.44018,0.79589,-0.08292,-0.03860,-0.03605,-0.06699,0.10454,0.31211,0.35098,2.59611,1.67500,0.86022,0.83784,0.66667,0.75492,0.15000,0.36888,1.27967,3.76322,0.72043,0.67568,0.33333
155,0.0817,15335424,52347,0.01294,1.98e-04,0.5672,117.3125,0.00000,0.07500,0.00000,10.00000,776.36912,0.00000,0.78059,0.00000,0.00000,0.79574,0.00000,0.00000,0.00000,0.00000,0.00000,0.47303,1.97979,1.67645,1.00000,1.00000,1.00000,2175.54069,-0.03373,-0.21262,0.24292,-0.03656,0.43957,0.79288,-0.08285,-0.03755,-0.03956,-0.06687,0.10510,0.31559,0.34995,2.75911,2.27143,0.82911,0.79279,0.76471,0.74973,0.15000,0.36755,1.27895,4.07529,0.65823,0.61017,0.42857
156,0.0822,15433728,54186,0.01652,1.48e-04,0.5671,96.9846,0.00000,0.07300,0.00000,10.00000,789.50038,0.00000,0.85007,0.00000,0.00000,0.79778,0.00000,0.00000,0.00000,0.00000,0.00000,0.47330,2.00391,1.60092,0.98795,1.00000,1.00000,2192.31576,-0.03371,-0.21422,0.24568,-0.03650,0.43916,0.79492,-0.08374,-0.03678,-0.03367,-0.06698,0.10642,0.31792,0.34987,2.43311,2.20250,0.82530,0.80315,0.66667,0.74933,0.14600,0.36501,1.29935,3.38210,0.66265,0.62121,0.40000
157,0.0828,15532032,52762,0.03203,8.64e-05,0.5671,113.5455,0.00000,0.07300,0.00000,10.00000,769.89573,0.00000,0.83868,0.00000,0.00000,0.80356,0.00000,0.00000,0.00000,0.00000,0.00000,0.47338,2.00857,1.64024,0.98077,0.97500,1.00000,2208.32178,-0.03360,-0.21549,0.24711,-0.03701,0.44353,0.80062,-0.08378,-0.03492,-0.03584,-0.06750,0.10675,0.31937,0.35172,2.44108,2.83273,0.78846,0.77070,0.56250,0.75859,0.14600,0.36262,1.30727,3.49219,0.59615,0.55844,0.30000
158,0.0833,15630336,52123,0.01045,1.24e-04,0.5671,115.1034,0.00000,0.07300,0.00000,10.00000,812.99057,0.00000,0.75483,0.00000,0.00000,0.80917,0.00000,0.00000,0.00000,0.00000,0.00000,0.47352,2.02443,1.66394,0.98913,0.98413,1.00000,2147.50960,-0.03344,-0.20994,0.24830,-0.03795,0.44816,0.80639,-0.08332,-0.03544,-0.03543,-0.06726,0.10870,0.32186,0.35289,2.58564,3.42857,0.83152,0.78400,0.81250,0.76445,0.14600,0.36322,1.31890,3.82037,0.67391,0.58065,0.62500
159,0.0838,15728640,52880,0.01368,1.11e-04,0.5671,109.5714,0.00000,0.07100,0.00000,10.00000,816.99935,0.00000,0.76132,0.00000,0.00000,0.80713,0.00000,0.00000,0.00000,0.00000,0.00000,0.47416,2.01110,1.67143,0.98148,0.97297,1.00000,2154.56494,-0.03344,-0.21037,0.24540,-0.03678,0.44712,0.80441,-0.08241,-0.03492,-0.03733,-0.06739,0.10924,0.31792,0.35209,2.51306,1.48333,0.84722,0.83784,0.55000,0.76045,0.14200,0.36281,1.30005,3.63524,0.71296,0.70270,0.10000
160,0.0844,15826944,52953,0.01461,9.26e-05,0.5670,107.9335,0.00000,0.06900,0.00000,10.00000,856.70266,0.00000,0.70000,0.00000,0.00000,0.80366,0.00000,0.00000,0.00000,0.00000,0.00000,0.47440,1.99070,1.54394,0.99000,0.98438,1.00000,2145.41325,-0.03363,-0.20952,0.24279,-0.03627,0.44510,0.80088,-0.08210,-0.03461,-0.03621,-0.06747,0.10778,0.31420,0.35176,2.36358,2.58222,0.83000,0.77778,0.60000,0.75878,0.13800,0.36164,1.28332,3.48269,0.67000,0.56452,0.25000
161,0.0849,15925248,52859,0.01124,1.17e-04,0.5671,113.8853,0.00000,0.06900,0.00000,10.00000,832.89639,0.00000,0.77670,0.00000,0.00000,0.80034,0.00000,0.00000,0.00000,0.00000,0.00000,0.47427,1.96743,1.64202,0.98058,0.97297,1.00000,2172.06413,-0.03373,-0.21198,0.24098,-0.03615,0.44284,0.79754,-0.08190,-0.03502,-0.04138,-0.06736,0.10677,0.31119,0.35117,2.45113,1.89500,0.81068,0.75694,0.70000,0.75586,0.13800,0.36448,1.26424,3.63481,0.64078,0.52857,0.25000
162,0.0854,16023552,52560,0.01206,1.33e-04,0.5671,118.5984,0.00000,0.06900,0.00000,10.00000,837.64836,0.00000,0.75810,0.00000,0.00000,0.80031,0.00000,0.00000,0.00000,0.00000,0.00000,0.47331,1.96456,1.61333,0.98958,0.98507,1.00000,2165.66650,-0.03355,-0.21137,0.24177,-0.03618,0.44327,0.79743,-0.08197,-0.03348,-0.03822,-0.06762,0.10626,0.31287,0.35083,2.27231,1.43200,0.78646,0.74809,0.60000,0.75415,0.13800,0.36353,1.29331,3.17091,0.58333,0.50000,0.14286
163,0.0859,16121856,52980,0.01296,1.32e-04,0.5671,122.8867,0.00000,0.06900,0.00000,10.00000,848.37978,0.00000,0.69579,0.00000,0.00000,0.79587,0.00000,0.00000,0.00000,0.00000,0.00000,0.47339,1.95894,1.57899,0.99029,0.98529,1.00000,2177.57585,-0.03352,-0.21275,0.24121,-0.03661,0.44100,0.79305,-0.08180,-0.03318,-0.03458,-0.06755,0.10608,0.31227,0.35040,2.37147,2.23059,0.84951,0.86047,0.53846,0.75200,0.13800,0.36346,1.29700,3.46982,0.70874,0.72131,0.14286
164,0.0865,16220160,53001,0.01364,1.37e-04,0.5671,123.9226,0.00000,0.06700,0.00000,10.00000,870.68551,0.00000,0.74830,0.00000,0.00000,0.79782,0.00000,0.00000,0.00000,0.00000,0.00000,0.47425,1.96336,1.71836,0.97959,0.97101,1.00000,2195.05176,-0.03378,-0.21445,0.24033,-0.03693,0.44068,0.79511,-0.08273,-0.03615,-0.03745,-0.06732,0.10602,0.31157,0.35092,2.48923,2.97333,0.86224,0.84091,0.50000,0.75459,0.13400,0.36586,1.27674,3.47649,0.74490,0.69841,0.16667
165,0.0870,16318464,53420,0.01165,1.98e-04,0.5671,114.4743,0.00000,0.06500,0.00000,10.00000,793.97618,0.00000,0.83104,0.00000,0.00000,0.80030,0.00000,0.00000,0.00000,0.00000,0.00000,0.47345,1.96943,1.65420,1.00000,1.00000,1.00000,2181.94271,-0.03388,-0.21310,0.23986,-0.03615,0.44224,0.79741,-0.08284,-0.03756,-0.03806,-0.06715,0.10598,0.31126,0.35140,2.37046,2.14461,0.83884,0.81768,0.66667,0.75698,0.13000,0.36824,1.26499,3.36528,0.67769,0.63333,0.33333
166,0.0875,16416768,52191,0.01348,2.11e-04,0.5671,122.2100,0.00000,0.06300,0.00000,10.00000,795.25245,0.00000,0.76797,0.00000,0.00000,0.80072,0.00000,0.00000,0.00000,0.00000,0.00000,0.47402,1.96425,1.60405,0.97059,0.97143,0.88889,2131.44059,-0.03381,-0.20820,0.23878,-0.03627,0.44320,0.79804,-0.08216,-0.03753,-0.03598,-0.06695,0.10642,0.30965,0.35122,2.57511,2.23384,0.78922,0.75887,0.52632,0.75611,0.12600,0.36718,1.26193,3.94500,0.60784,0.54930,0.20000
167,0.0880,16515072,52370,0.01980,1.71e-04,0.5671,103.8216,0.00000,0.06100,0.00000,10.00000,825.16941,0.00000,0.82456,0.00000,0.00000,0.79239,0.00000,0.00000,0.00000,0.00000,0.00000,0.47336,1.96875,1.57600,0.97895,0.97183,1.00000,2127.18783,-0.03374,-0.20784,0.24004,-0.03622,0.43849,0.78980,-0.08183,-0.03572,-0.03478,-0.06691,0.10756,0.31140,0.34915,2.50887,2.52666,0.83158,0.78723,0.85714,0.74573,0.12200,0.36542,1.27184,3.71517,0.68421,0.60000,0.66667
168,0.0886,16613376,52843,0.01336,1.71e-04,0.5671,115.9331,0.00000,0.05900,0.00000,10.00000,798.52717,0.00000,0.78914,0.00000,0.00000,0.79111,0.00000,0.00000,0.00000,0.00000,0.00000,0.47510,1.94737,1.57836,1.00000,1.00000,1.00000,2130.25863,-0.03388,-0.20832,0.23648,-0.03471,0.43565,0.78864,-0.08256,-0.03546,-0.03548,-0.06689,0.10699,0.30616,0.34839,2.55064,2.02727,0.82955,0.82400,0.52941,0.74196,0.11800,0.36483,1.25759,3.94235,0.65909,0.63934,0.00000
169,0.0891,16711680,52408,0.01406,1.87e-04,0.5671,116.5962,0.00000,0.05700,0.00000,10.00000,826.68793,0.00000,0.78395,0.00000,0.00000,0.78879,0.00000,0.00000,0.00000,0.00000,0.00000,0.47461,1.95642,1.65842,0.98889,0.98462,1.00000,2173.85482,-0.03388,-0.21240,0.23846,-0.03591,0.43370,0.78619,-0.08320,-0.03562,-0.03510,-0.06715,0.10725,0.30892,0.34806,2.46106,2.83500,0.86667,0.85039,0.75000,0.74028,0.11400,0.36595,1.26756,3.55036,0.74444,0.70968,0.44444
170,0.0896,16809984,53067,0.01543,1.76e-04,0.5671,105.3718,0.00000,0.05500,0.00000,10.00000,794.22160,0.00000,0.74653,0.00000,0.00000,0.78857,0.00000,0.00000,0.00000,0.00000,0.00000,0.47317,1.97165,1.62615,0.98958,0.98485,1.00000,2169.43587,-0.03377,-0.21189,0.23906,-0.03661,0.43458,0.78599,-0.08354,-0.03459,-0.03439,-0.06685,0.10715,0.30887,0.34822,2.60686,2.69222,0.82812,0.79845,0.70833,0.74111,0.11000,0.36351,1.25506,3.97285,0.66667,0.60317,0.41667
171,0.0901,16908288,52913,0.01181,2.06e-04,0.5670,112.1433,0.00000,0.05300,0.00000,10.00000,814.05412,0.00000,0.87056,0.00000,0.00000,0.79255,0.00000,0.00000,0.00000,0.00000,0.00000,0.47376,1.99353,1.57927,1.00000,1.00000,1.00000,2151.74609,-0.03376,-0.21028,0.24166,-0.03715,0.43779,0.79005,-0.08415,-0.03531,-0.03551,-0.06690,0.10777,0.31164,0.34958,2.36099,2.76750,0.83505,0.80263,0.77778,0.74791,0.10600,0.36278,1.26054,3.44746,0.67010,0.60000,0.50000
172,0.0907,17006592,53144,0.01386,2.02e-04,0.5670,105.7270,0.00000,0.05100,0.00000,10.00000,822.00376,0.00000,0.68376,0.00000,0.00000,0.79302,0.00000,0.00000,0.00000,0.00000,0.00000,0.47361,1.98146,1.62231,1.00000,1.00000,1.00000,2113.87419,-0.03402,-0.20673,0.23989,-0.03529,0.43817,0.79035,-0.08429,-0.03462,-0.03148,-0.06650,0.10810,0.30966,0.35023,2.29409,2.06545,0.78365,0.75000,0.58065,0.75115,0.10200,0.36279,1.26804,3.26444,0.56731,0.51515,0.13333
173,0.0912,17104896,53230,0.01389,1.87e-04,0.5669,108.7567,0.00000,0.04900,0.00000,10.00000,841.47727,0.00000,0.79686,0.00000,0.00000,0.79139,0.00000,0.00000,0.00000,0.00000,0.00000,0.47268,1.96766,1.71550,1.00000,1.00000,1.00000,2126.43717,-0.03401,-0.20768,0.23862,-0.03530,0.43742,0.78886,-0.08397,-0.03428,-0.03443,-0.06671,0.10668,0.30833,0.35005,2.47124,1.34857,0.86364,0.85211,0.53846,0.75025,0.09800,0.36295,1.25171,3.53193,0.72727,0.69118,0.14286
174,0.0917,17203200,52944,0.01408,1.72e-04,0.5669,124.4037,0.00000,0.04700,0.00000,10.00000,828.19372,0.00000,0.80138,0.00000,0.00000,0.78821,0.00000,0.00000,0.00000,0.00000,0.00000,0.47287,1.96816,1.73139,1.00000,1.00000,1.00000,2129.86491,-0.03413,-0.20805,0.23709,-0.03453,0.43477,0.78568,-0.08360,-0.03501,-0.03586,-0.06679,0.10605,0.30651,0.34868,2.56506,2.43333,0.85398,0.84049,0.58824,0.74340,0.09400,0.36264,1.22493,3.50842,0.70796,0.69412,0.22222
175,0.0922,17301504,51929,0.01837,9.98e-05,0.5668,107.6482,0.00000,0.04500,0.00000,10.00000,888.95652,0.00000,0.74879,0.00000,0.00000,0.78539,0.00000,0.00000,0.00000,0.00000,0.00000,0.47178,1.97549,1.58956,0.98913,1.00000,0.80000,2117.99268,-0.03409,-0.20703,0.23581,-0.03531,0.43350,0.78277,-0.08431,-0.03544,-0.03194,-0.06640,0.10622,0.30552,0.34805,2.38500,2.57714,0.86413,0.83871,0.50000,0.74023,0.09000,0.36382,1.21863,3.46117,0.73913,0.66102,0.20000
176,0.0928,17399808,53367,0.01517,9.04e-05,0.5668,112.5351,0.00000,0.04300,0.00000,10.00000,803.88901,0.00000,0.74306,0.00000,0.00000,0.78200,0.00000,0.00000,0.00000,0.00000,0.00000,0.47040,1.97963,1.54092,1.00000,1.00000,1.00000,2154.81624,-0.03409,-0.21054,0.23508,-0.03437,0.43104,0.77952,-0.08458,-0.03511,-0.03581,-0.06659,0.10587,0.30539,0.34737,2.33283,2.02714,0.78750,0.76636,0.57895,0.73687,0.08600,0.36331,1.21016,3.58829,0.57500,0.51923,0.11111
177,0.0933,17498112,52958,0.01258,1.02e-04,0.5667,116.6172,0.00000,0.04100,0.00000,10.00000,807.65549,0.00000,0.84011,0.00000,0.00000,0.78045,0.00000,0.00000,0.00000,0.00000,0.00000,0.47082,1.99407,1.66531,1.00000,1.00000,1.00000,2173.15120,-0.03425,-0.21228,0.23691,-0.03460,0.42997,0.77799,-0.08570,-0.03649,-0.03577,-0.06622,0.10697,0.30725,0.34756,2.49631,3.66000,0.81707,0.77419,0.60000,0.73779,0.08200,0.36412,1.21188,3.56000,0.63415,0.54839,0.33333
178,0.0938,17596416,53573,0.01307,1.08e-04,0.5667,110.5551,0.00000,0.03900,0.00000,10.00000,795.60805,0.00000,0.76520,0.00000,0.00000,0.78674,0.00000,0.00000,0.00000,0.00000,0.00000,0.46996,2.01750,1.58475,0.98113,0.98571,1.00000,2130.06364,-0.03401,-0.20823,0.23800,-0.03462,0.43353,0.78422,-0.08509,-0.03673,-0.03422,-0.06662,0.10793,0.30775,0.34818,2.61635,2.64857,0.80189,0.78082,0.65000,0.74089,0.07800,0.36371,1.20732,4.06421,0.62264,0.59211,0.30000
179,0.0943,17694720,53594,0.01535,9.04e-05,0.5667,120.2278,0.00000,0.03900,0.00000,10.00000,762.32178,0.00000,0.84491,0.00000,0.00000,0.78558,0.00000,0.00000,0.00000,0.00000,0.00000,0.46989,2.03193,1.64130,0.96875,0.95946,1.00000,2101.50407,-0.03407,-0.20564,0.23968,-0.03493,0.43297,0.78310,-0.08521,-0.03716,-0.03110,-0.06614,0.10867,0.30977,0.34789,2.37841,2.57428,0.76042,0.73973,0.38462,0.73945,0.07800,0.36360,1.20459,3.53673,0.55208,0.51389,0.00000
180,0.0949,17793024,52513,0.01282,9.04e-05,0.5667,114.8953,0.00000,0.03900,0.00000,10.00000,754.38080,0.00000,0.81481,0.00000,0.00000,0.78595,0.00000,0.00000,0.00000,0.00000,0.00000,0.46992,2.01565,1.65467,0.99048,0.98750,1.00000,2096.48161,-0.03390,-0.20500,0.23742,-0.03387,0.43402,0.78368,-0.08446,-0.03590,-0.03405,-0.06620,0.10760,0.30690,0.34807,2.26014,1.49454,0.75714,0.74026,0.47619,0.74035,0.07800,0.36208,1.19814,3.39541,0.52381,0.47297,0.00000
181,0.0954,17891328,53168,0.01166,1.11e-04,0.5667,113.9020,0.00000,0.03900,0.00000,10.00000,790.16180,0.00000,0.80000,0.00000,0.00000,0.78566,0.00000,0.00000,0.00000,0.00000,0.00000,0.46936,1.99444,1.62741,0.99000,0.98611,1.00000,2128.90739,-0.03389,-0.20808,0.23651,-0.03500,0.43352,0.78344,-0.08467,-0.03513,-0.03235,-0.06661,0.10692,0.30512,0.34860,2.31274,2.12857,0.77500,0.71528,0.76471,0.74299,0.07800,0.36223,1.20365,3.34074,0.56000,0.44444,0.50000
182,0.0959,17989632,52898,0.01132,1.44e-04,0.5667,115.2925,0.00000,0.03900,0.00000,10.00000,760.27612,0.00000,0.86227,0.00000,0.00000,0.78517,0.00000,0.00000,0.00000,0.00000,0.00000,0.46981,1.98877,1.69683,1.00000,1.00000,1.00000,2120.57292,-0.03393,-0.20727,0.23566,-0.03478,0.43355,0.78302,-0.08408,-0.03452,-0.03271,-0.06649,0.10694,0.30336,0.34869,2.50791,3.04727,0.79167,0.75839,0.69231,0.74345,0.07800,0.36103,1.20468,3.78692,0.58333,0.51351,0.33333
183,0.0964,18087936,52771,0.01513,1.08e-04,0.5667,122.6843,0.00000,0.03900,0.00000,10.00000,814.45499,0.00000,0.76190,0.00000,0.00000,0.78377,0.00000,0.00000,0.00000,0.00000,0.00000,0.47017,1.99731,1.81475,1.00000,1.00000,1.00000,2142.30794,-0.03387,-0.20932,0.23634,-0.03495,0.43367,0.78164,-0.08320,-0.03606,-0.03242,-0.06677,0.10725,0.30500,0.34848,2.64652,2.26167,0.80952,0.77083,0.66667,0.74238,0.07800,0.36287,1.19994,3.73738,0.61905,0.55405,0.25000
184,0.0970,18186240,52923,0.01133,1.44e-04,0.5667,119.8420,0.00000,0.03900,0.00000,10.00000,831.05351,0.00000,0.77061,0.00000,0.00000,0.78114,0.00000,0.00000,0.00000,0.00000,0.00000,0.47070,1.98205,1.65813,1.00000,1.00000,1.00000,2137.82666,-0.03406,-0.20893,0.23521,-0.03497,0.43145,0.77900,-0.08418,-0.03576,-0.03479,-0.06613,0.10735,0.30405,0.34836,2.22661,3.43571,0.82796,0.79070,0.76471,0.74180,0.07800,0.36357,1.19394,3.09673,0.65591,0.57143,0.50000
185,0.0975,18284544,53128,0.01672,9.98e-05,0.5667,102.4179,0.00000,0.03900,0.00000,10.00000,794.38392,0.00000,0.82104,0.00000,0.00000,0.78055,0.00000,0.00000,0.00000,0.00000,0.00000,0.47078,1.98208,1.67287,0.97345,0.97531,1.00000,2139.54557,-0.03405,-0.20909,0.23447,-0.03528,0.43004,0.77833,-0.08393,-0.03665,-0.03400,-0.06650,0.10667,0.30325,0.34826,2.45883,2.79636,0.81416,0.79042,0.68750,0.74129,0.07800,0.36398,1.18873,3.47940,0.65487,0.61628,0.44444
186,0.0980,18382848,53128,0.01076,1.20e-04,0.5667,119.3036,0.00000,0.03900,0.00000,10.00000,816.89604,0.00000,0.78947,0.00000,0.00000,0.78068,0.00000,0.00000,0.00000,0.00000,0.00000,0.47010,1.96351,1.74500,1.00000,1.00000,1.00000,2123.60140,-0.03407,-0.20755,0.23226,-0.03384,0.43084,0.77835,-0.08411,-0.03545,-0.03439,-0.06648,0.10630,0.30068,0.34894,2.41697,2.68000,0.78509,0.74074,0.66667,0.74469,0.07800,0.36427,1.18762,3.44733,0.57018,0.46154,0.28571
187,0.0985,18481152,53131,0.01074,1.72e-04,0.5667,117.0853,0.00000,0.03900,0.00000,10.00000,787.33833,0.00000,0.83333,0.00000,0.00000,0.77839,0.00000,0.00000,0.00000,0.00000,0.00000,0.46798,1.94920,1.61471,1.00000,1.00000,1.00000,2119.83757,-0.03399,-0.20727,0.23221,-0.03391,0.42993,0.77610,-0.08300,-0.03389,-0.03274,-0.06655,0.10473,0.30044,0.34811,2.10086,1.78545,0.78061,0.76190,0.57895,0.74055,0.07800,0.36490,1.19217,2.89887,0.56122,0.49275,0.20000
188,0.0990,18579456,53688,0.01520,1.20e-04,0.5667,111.8733,0.00000,0.03900,0.00000,10.00000,806.98059,0.00000,0.87542,0.00000,0.00000,0.77234,0.00000,0.00000,0.00000,0.00000,0.00000,0.46752,1.95819,1.66843,1.00000,1.00000,1.00000,2124.87793,-0.03391,-0.20785,0.23268,-0.03418,0.42590,0.77010,-0.08337,-0.03346,-0.03237,-0.06651,0.10509,0.30124,0.34752,2.22014,2.39333,0.84343,0.80769,0.85714,0.73758,0.07800,0.36356,1.19419,2.97082,0.68687,0.61039,0.66667
189,0.0996,18677760,53711,0.01224,1.14e-04,0.5667,119.0887,0.00000,0.03900,0.00000,10.00000,805.73419,0.00000,0.77124,0.00000,0.00000,0.77428,0.00000,0.00000,0.00000,0.00000,0.00000,0.46684,1.98032,1.67710,0.98824,1.00000,0.88889,2148.91504,-0.03384,-0.20996,0.23240,-0.03494,0.42702,0.77212,-0.08299,-0.03393,-0.03424,-0.06627,0.10551,0.30038,0.34717,2.30539,2.57692,0.80588,0.78814,0.57895,0.73585,0.07800,0.36310,1.17243,3.24782,0.62353,0.56897,0.30000
190,0.1001,18776064,53474,0.01235,1.32e-04,0.5667,97.8540,0.00000,0.03900,0.00000,10.00000,800.64669,0.00000,0.70922,0.00000,0.00000,0.77791,0.00000,0.00000,0.00000,0.00000,0.00000,0.46744,2.00300,1.76722,0.95745,0.93443,1.00000,2142.65967,-0.03392,-0.20938,0.23396,-0.03424,0.42774,0.77580,-0.08407,-0.03482,-0.03330,-0.06642,0.10703,0.30241,0.34665,2.59649,1.85125,0.77128,0.72500,0.59091,0.73326,0.07800,0.36267,1.18542,4.01809,0.58511,0.50847,0.18182
191,0.1006,18874368,53128,0.01370,1.43e-04,0.5667,115.1255,0.00000,0.03900,0.00000,10.00000,806.71085,0.00000,0.73203,0.00000,0.00000,0.78253,0.00000,0.00000,0.00000,0.00000,0.00000,0.46767,1.99845,1.63394,0.98824,1.00000,0.90909,2147.42855,-0.03400,-0.20990,0.23346,-0.03447,0.42950,0.78046,-0.08438,-0.03447,-0.03147,-0.06657,0.10760,0.30253,0.34718,2.27156,2.38571,0.79412,0.77679,0.50000,0.73590,0.07800,0.36143,1.18463,3.25023,0.60000,0.56140,0.00000
192,0.1011,18972672,53172,0.01367,1.43e-04,0.5667,124.6338,0.00000,0.03900,0.00000,10.00000,787.07590,0.00000,0.84423,0.00000,0.00000,0.78205,0.00000,0.00000,0.00000,0.00000,0.00000,0.46614,2.00188,1.69518,0.99020,0.98734,1.00000,2169.01562,-0.03397,-0.21179,0.23402,-0.03521,0.42990,0.77979,-0.08418,-0.03380,-0.03284,-0.06672,0.10609,0.30272,0.34706,2.39577,1.80889,0.80392,0.76774,0.63636,0.73532,0.07800,0.36117,1.18236,3.38135,0.61765,0.53947,0.33333
193,0.1016,19070976,53339,0.01476,1.19e-04,0.5668,121.5805,0.00000,0.03900,0.00000,10.00000,799.30845,0.00000,0.73909,0.00000,0.00000,0.78501,0.00000,0.00000,0.00000,0.00000,0.00000,0.46582,1.98929,1.65043,1.00000,1.00000,1.00000,2151.53743,-0.03398,-0.21003,0.23339,-0.03455,0.43176,0.78276,-0.08344,-0.03451,-0.03640,-0.06664,0.10572,0.30132,0.34795,2.36830,2.26000,0.79018,0.75839,0.62069,0.73977,0.07800,0.36356,1.17054,3.56909,0.58036,0.50000,0.21429
194,0.1022,19169280,52728,0.01437,1.22e-04,0.5667,113.6869,0.00000,0.03900,0.00000,10.00000,782.61198,0.00000,0.74671,0.00000,0.00000,0.78331,0.00000,0.00000,0.00000,0.00000,0.00000,0.46523,1.98723,1.52743,0.98925,1.00000,0.88889,2152.02376,-0.03390,-0.21032,0.23290,-0.03503,0.43156,0.78116,-0.08306,-0.03298,-0.03412,-0.06654,0.10579,0.30094,0.34798,2.44900,2.80375,0.75806,0.68800,0.66667,0.73990,0.07800,0.36228,1.17403,3.73920,0.52688,0.39062,0.44444
195,0.1027,19267584,53366,0.01277,1.08e-04,0.5667,124.2300,0.00000,0.03900,0.00000,10.00000,770.37333,0.00000,0.82837,0.00000,0.00000,0.78417,0.00000,0.00000,0.00000,0.00000,0.00000,0.46461,1.98266,1.64045,0.99107,0.98765,1.00000,2171.27604,-0.03389,-0.21194,0.23297,-0.03542,0.43172,0.78202,-0.08291,-0.03154,-0.03933,-0.06686,0.10497,0.30133,0.34825,2.49570,2.33200,0.78571,0.75449,0.53333,0.74125,0.07800,0.36112,1.16693,3.72951,0.58036,0.53488,0.12500
196,0.1032,19365888,53011,0.01027,1.56e-04,0.5667,107.4802,0.00000,0.03900,0.00000,10.00000,751.01365,0.00000,0.84860,0.00000,0.00000,0.77863,0.00000,0.00000,0.00000,0.00000,0.00000,0.46469,1.98420,1.57184,1.00000,1.00000,1.00000,2163.86963,-0.03396,-0.21123,0.23331,-0.03424,0.42943,0.77656,-0.08373,-0.03013,-0.03745,-0.06672,0.10612,0.30136,0.34731,2.34227,3.42889,0.76923,0.72662,0.69231,0.73654,0.07800,0.35896,1.17918,3.58808,0.53846,0.44928,0.42857
197,0.1037,19464192,52846,0.01223,2.06e-04,0.5666,110.4277,0.00000,0.03900,0.00000,10.00000,803.50933,0.00000,0.77778,0.00000,0.00000,0.77967,0.00000,0.00000,0.00000,0.00000,0.00000,0.46522,2.00937,1.72857,1.00000,1.00000,1.00000,2165.04313,-0.03389,-0.21141,0.23524,-0.03538,0.42894,0.77748,-0.08420,-0.03145,-0.03393,-0.06648,0.10746,0.30437,0.34707,2.54018,2.55000,0.82500,0.80357,0.62500,0.73533,0.07800,0.35932,1.18818,3.65174,0.65000,0.61404,0.25000
198,0.1043,19562496,53592,0.01738,1.19e-04,0.5666,108.4855,0.00000,0.03900,0.00000,10.00000,819.02852,0.00000,0.79457,0.00000,0.00000,0.78556,0.00000,0.00000,0.00000,0.00000,0.00000,0.46505,2.04209,1.77187,1.00000,1.00000,1.00000,2165.24089,-0.03374,-0.21154,0.23856,-0.03624,0.43292,0.78331,-0.08488,-0.03162,-0.03674,-0.06660,0.10865,0.30855,0.34755,2.53171,1.84000,0.83140,0.78049,0.71429,0.73775,0.07800,0.35778,1.19407,3.56638,0.66279,0.57143,0.33333
199,0.1048,19660800,52962,0.01178,1.33e-04,0.5665,114.5589,0.00000,0.03900,0.00000,10.00000,857.69659,0.00000,0.72650,0.00000,0.00000,0.79047,0.00000,0.00000,0.00000,0.00000,0.00000,0.46460,2.04829,1.68525,1.00000,1.00000,1.00000,2152.49544,-0.03394,-0.21024,0.23812,-0.03486,0.43579,0.78796,-0.08574,-0.03129,-0.03443,-0.06653,0.10902,0.30806,0.34877,2.43153,2.08923,0.80769,0.76471,0.63158,0.74386,0.07800,0.35693,1.19916,3.47895,0.61538,0.51515,0.22222
200,0.1053,19759104,52712,0.01385,1.60e-04,0.5665,99.8890,0.00000,0.03900,0.00000,10.00000,798.52625,0.00000,0.83333,0.00000,0.00000,0.79191,0.00000,0.00000,0.00000,0.00000,0.00000,0.46433,2.04527,1.57506,0.99000,1.00000,1.00000,2158.82650,-0.03399,-0.21083,0.23883,-0.03581,0.43755,0.78954,-0.08565,-0.03194,-0.03542,-0.06650,0.10888,0.30877,0.34961,2.36794,2.33250,0.81500,0.80000,0.53846,0.74804,0.07800,0.35824,1.19681,3.40271,0.64000,0.62025,0.14286
201,0.1059,19857408,52770,0.01769,1.22e-04,0.5664,112.6158,0.00000,0.03900,0.00000,10.00000,773.93356,0.00000,0.80952,0.00000,0.00000,0.79402,0.00000,0.00000,0.00000,0.00000,0.00000,0.46425,2.04667,1.75903,0.94286,0.91892,1.00000,2109.88216,-0.03386,-0.20630,0.23734,-0.03521,0.43752,0.79160,-0.08518,-0.03239,-0.03001,-0.06648,0.10886,0.30752,0.34882,2.39255,2.21667,0.80952,0.77124,0.78261,0.74410,0.07800,0.35862,1.19727,3.24064,0.67619,0.63291,0.50000
202,0.1064,19955712,53767,0.01126,1.17e-04,0.5663,113.9962,0.00000,0.03900,0.00000,10.00000,812.26980,0.00000,0.80858,0.00000,0.00000,0.78941,0.00000,0.00000,0.00000,0.00000,0.00000,0.46508,2.02903,1.59070,1.00000,1.00000,1.00000,2078.55127,-0.03405,-0.20295,0.23734,-0.03508,0.43614,0.78705,-0.08499,-0.03365,-0.03286,-0.06617,0.10910,0.30745,0.34849,2.50797,1.68000,0.82673,0.79592,0.64286,0.74246,0.07800,0.36126,1.19010,4.02500,0.65347,0.56522,0.16667
203,0.1069,20054016,53253,0.01336,1.33e-04,0.5663,108.5429,0.00000,0.03900,0.00000,10.00000,753.13329,0.00000,0.82200,0.00000,0.00000,0.78137,0.00000,0.00000,0.00000,0.00000,0.00000,0.46420,1.99376,1.58961,0.97959,0.97101,1.00000,2092.22201,-0.03418,-0.20445,0.23401,-0.03521,0.43176,0.77907,-0.08437,-0.03010,-0.03248,-0.06587,0.10675,0.30212,0.34776,2.38954,1.79538,0.72959,0.68966,0.52941,0.73882,0.07800,0.35846,1.18396,3.55170,0.47959,0.43421,0.11111
204,0.1074,20152320,52937,0.01167,1.49e-04,0.5662,113.2627,0.00000,0.03900,0.00000,10.00000,765.58078,0.00000,0.79444,0.00000,0.00000,0.77662,0.00000,0.00000,0.00000,0.00000,0.00000,0.46406,1.97390,1.87300,1.00000,1.00000,1.00000,2090.72624,-0.03416,-0.20430,0.23375,-0.03511,0.42939,0.77423,-0.08476,-0.02847,-0.03135,-0.06591,0.10613,0.30179,0.34746,2.67731,2.88307,0.79500,0.76224,0.63158,0.73730,0.07800,0.35800,1.19921,3.86889,0.59000,0.52778,0.30000
205,0.1080,20250624,52411,0.01270,1.56e-04,0.5662,125.4110,0.00000,0.03900,0.00000,10.00000,799.61036,0.00000,0.79532,0.00000,0.00000,0.77501,0.00000,0.00000,0.00000,0.00000,0.00000,0.46423,1.97431,1.59053,0.97895,0.97143,1.00000,2115.65999,-0.03414,-0.20676,0.23261,-0.03421,0.42818,0.77263,-0.08499,-0.02877,-0.03490,-0.06591,0.10698,0.30089,0.34719,2.40611,2.11250,0.80526,0.77206,0.53846,0.73593,0.07800,0.35770,1.18536,3.78355,0.63158,0.56061,0.14286
206,0.1085,20348928,52705,0.01262,1.89e-04,0.5662,120.1769,0.00000,0.03900,0.00000,10.00000,816.47810,0.00000,0.76843,0.00000,0.00000,0.77726,0.00000,0.00000,0.00000,0.00000,0.00000,0.46424,1.98109,1.65525,1.00000,1.00000,1.00000,2144.52962,-0.03421,-0.20955,0.23163,-0.03546,0.42845,0.77473,-0.08543,-0.02959,-0.03502,-0.06621,0.10572,0.29988,0.34730,2.43248,2.16333,0.82710,0.79054,0.60000,0.73652,0.07800,0.35766,1.16298,3.45180,0.65421,0.58667,0.25000
207,0.1090,20447232,54304,0.01475,1.87e-04,0.5661,122.6298,0.00000,0.03900,0.00000,10.00000,810.50876,0.00000,0.78405,0.00000,0.00000,0.77736,0.00000,0.00000,0.00000,0.00000,0.00000,0.46344,1.98565,1.63798,0.99194,0.98795,1.00000,2136.97949,-0.03428,-0.20886,0.22895,-0.03525,0.43024,0.77486,-0.08486,-0.02865,-0.03433,-0.06660,0.10356,0.29662,0.34742,2.54614,2.35000,0.80242,0.73143,0.80000,0.73708,0.07800,0.35420,1.13369,3.80906,0.61290,0.50000,0.50000
208,0.1095,20545536,53009,0.01583,1.71e-04,0.5662,121.1040,0.00000,0.03900,0.00000,10.00000,852.94742,0.00000,0.78652,0.00000,0.00000,0.77555,0.00000,0.00000,0.00000,0.00000,0.00000,0.46352,1.97771,1.82286,1.00000,1.00000,1.00000,2127.04574,-0.03422,-0.20773,0.22827,-0.03496,0.43011,0.77320,-0.08395,-0.02919,-0.03826,-0.06633,0.10420,0.29660,0.34781,2.49936,2.50250,0.83146,0.80952,0.63636,0.73906,0.07800,0.35443,1.12972,3.36036,0.66292,0.61290,0.20000
209,0.1100,20643840,52853,0.01683,1.37e-04,0.5662,113.6153,0.00000,0.03900,0.00000,10.00000,795.19819,0.00000,0.80897,0.00000,0.00000,0.77210,0.00000,0.00000,0.00000,0.00000,0.00000,0.46275,1.99450,1.73432,0.99123,0.98701,1.00000,2126.23177,-0.03419,-0.20784,0.22922,-0.03488,0.42603,0.76974,-0.08476,-0.02867,-0.03043,-0.06654,0.10489,0.29775,0.34622,2.58386,1.94400,0.78947,0.73494,0.55556,0.73111,0.07800,0.35405,1.14533,3.65906,0.58772,0.51685,0.20000
210,0.1106,20742144,51724,0.01322,1.47e-04,0.5662,105.2424,0.00000,0.03900,0.00000,10.00000,782.38667,0.00000,0.74324,0.00000,0.00000,0.77080,0.00000,0.00000,0.00000,0.00000,0.00000,0.46248,1.99091,1.56483,0.98649,0.97917,1.00000,2129.68587,-0.03413,-0.20816,0.22838,-0.03438,0.42518,0.76855,-0.08513,-0.02843,-0.03588,-0.06626,0.10426,0.29541,0.34625,2.53673,2.32667,0.79054,0.75758,0.65000,0.73125,0.07800,0.35234,1.12013,3.94600,0.59459,0.54902,0.30000
211,0.1111,20840448,51465,0.01658,1.08e-04,0.5662,98.2635,0.00000,0.03900,0.00000,10.00000,783.76203,0.00000,0.81149,0.00000,0.00000,0.76964,0.00000,0.00000,0.00000,0.00000,0.00000,0.46197,2.00389,1.54137,0.97753,0.96970,1.00000,2155.92790,-0.03418,-0.21068,0.22947,-0.03413,0.42437,0.76734,-0.08613,-0.02823,-0.03443,-0.06617,0.10514,0.29673,0.34620,2.46879,3.13333,0.78090,0.72308,0.80000,0.73101,0.07800,0.35351,1.12724,4.04325,0.58427,0.46875,0.57143
212,0.1116,20938752,52787,0.01336,1.20e-04,0.5663,112.7038,0.00000,0.03900,0.00000,10.00000,798.20386,0.00000,0.75817,0.00000,0.00000,0.77449,0.00000,0.00000,0.00000,0.00000,0.00000,0.46150,2.02587,1.56406,1.00000,1.00000,1.00000,2173.95329,-0.03416,-0.21231,0.23111,-0.03555,0.42682,0.77237,-0.08645,-0.02949,-0.03842,-0.06631,0.10623,0.29930,0.34709,2.35569,1.85571,0.80000,0.78448,0.60000,0.73543,0.07800,0.35493,1.11965,3.51787,0.60000,0.56140,0.20000
213,0.1122,21037056,53053,0.01220,1.32e-04,0.5663,110.3600,0.00000,0.03900,0.00000,10.00000,774.35828,0.00000,0.87747,0.00000,0.00000,0.78005,0.00000,0.00000,0.00000,0.00000,0.00000,0.46134,2.04420,1.54247,0.98131,0.97619,1.00000,2136.35921,-0.03400,-0.20879,0.23417,-0.03583,0.42957,0.77787,-0.08526,-0.03063,-0.03569,-0.06667,0.10757,0.30327,0.34723,2.26429,1.99000,0.75701,0.71006,0.66667,0.73613,0.07800,0.35607,1.14407,3.33500,0.53271,0.44706,0.25000
214,0.1127,21135360,52186,0.01286,1.71e-04,0.5663,103.5753,0.00000,0.03900,0.00000,10.00000,757.74540,0.00000,0.75397,0.00000,0.00000,0.78069,0.00000,0.00000,0.00000,0.00000,0.00000,0.45975,2.03081,1.60690,0.98214,0.97183,1.00000,2126.86344,-0.03386,-0.20792,0.23420,-0.03482,0.43241,0.77860,-0.08433,-0.02771,-0.03310,-0.06657,0.10708,0.30280,0.34838,2.45184,2.76207,0.75000,0.69079,0.74286,0.74189,0.07800,0.35505,1.15864,3.58277,0.51786,0.44444,0.52632
215,0.1132,21233664,51687,0.01313,2.07e-04,0.5662,118.0590,0.00000,0.03900,0.00000,10.00000,808.95467,0.00000,0.76458,0.00000,0.00000,0.77916,0.00000,0.00000,0.00000,0.00000,0.00000,0.45901,2.02670,1.64600,1.00000,1.00000,1.00000,2119.28060,-0.03359,-0.20723,0.23648,-0.03640,0.43214,0.77712,-0.08338,-0.02531,-0.03066,-0.06669,0.10778,0.30559,0.34766,2.43678,1.65200,0.78218,0.72662,0.45455,0.73831,0.07800,0.35403,1.18737,3.59000,0.56436,0.47945,0.14286
216,0.1137,21331968,53567,0.01329,2.27e-04,0.5662,120.5919,0.00000,0.03900,0.00000,10.00000,789.95753,0.00000,0.82508,0.00000,0.00000,0.78120,0.00000,0.00000,0.00000,0.00000,0.00000,0.46060,1.99743,1.59974,0.99010,0.98667,1.00000,2113.20833,-0.03370,-0.20670,0.23445,-0.03509,0.43362,0.77912,-0.08343,-0.02609,-0.03307,-0.06688,0.10702,0.30347,0.34823,2.56153,1.74800,0.80198,0.76667,0.55556,0.74113,0.07800,0.35584,1.19409,3.97698,0.61386,0.54667,0.20000
217,0.1143,21430272,51906,0.01648,1.72e-04,0.5662,114.0753,0.00000,0.03900,0.00000,10.00000,788.38880,0.00000,0.82716,0.00000,0.00000,0.78173,0.00000,0.00000,0.00000,0.00000,0.00000,0.46096,2.00174,1.71493,1.00000,1.00000,1.00000,2148.25537,-0.03374,-0.20989,0.23539,-0.03660,0.43389,0.77964,-0.08400,-0.02671,-0.03383,-0.06664,0.10704,0.30501,0.34922,2.35788,2.21250,0.81111,0.79851,0.53846,0.74608,0.07800,0.35676,1.20368,3.23577,0.62222,0.61429,0.00000
218,0.1148,21528576,53094,0.01251,2.30e-04,0.5661,109.1974,0.00000,0.03900,0.00000,10.00000,824.83044,0.00000,0.78189,0.00000,0.00000,0.77989,0.00000,0.00000,0.00000,0.00000,0.00000,0.46157,2.02075,1.60867,0.98765,0.98214,1.00000,2159.23470,-0.03377,-0.21106,0.23811,-0.03716,0.43239,0.77786,-0.08459,-0.02672,-0.03459,-0.06677,0.10846,0.30812,0.34855,2.47439,2.78000,0.83951,0.80702,0.63636,0.74273,0.07800,0.35484,1.21035,3.57957,0.69136,0.63793,0.33333
219,0.1153,21626880,52804,0.01815,1.08e-04,0.5660,110.0294,0.00000,0.03900,0.00000,10.00000,816.05594,0.00000,0.73436,0.00000,0.00000,0.78177,0.00000,0.00000,0.00000,0.00000,0.00000,0.46122,2.04304,1.57678,0.97701,0.96078,1.00000,2123.29053,-0.03369,-0.20761,0.23875,-0.03655,0.43294,0.77976,-0.08469,-0.02638,-0.03279,-0.06655,0.10875,0.30955,0.34842,2.56196,3.22400,0.76437,0.68696,0.72727,0.74210,0.07800,0.35344,1.21397,3.76130,0.55172,0.46875,0.50000
220,0.1159,21725184,52123,0.01172,1.33e-04,0.5659,98.8097,0.00000,0.03900,0.00000,10.00000,783.44400,0.00000,0.81958,0.00000,0.00000,0.78517,0.00000,0.00000,0.00000,0.00000,0.00000,0.46093,2.02567,1.69210,1.00000,1.00000,1.00000,2117.10319,-0.03373,-0.20710,0.23914,-0.03631,0.43633,0.78320,-0.08491,-0.02524,-0.03101,-0.06638,0.10959,0.30959,0.34937,2.55268,2.06727,0.80693,0.74497,0.90909,0.74688,0.07800,0.35381,1.23725,3.86792,0.61386,0.49333,0.75000
221,0.1164,21823488,53461,0.01264,1.43e-04,0.5659,124.8453,0.00000,0.03900,0.00000,10.00000,811.54472,0.00000,0.81066,0.00000,0.00000,0.78864,0.00000,0.00000,0.00000,0.00000,0.00000,0.46048,2.02737,1.66667,0.98980,0.98611,1.00000,2155.19727,-0.03366,-0.21060,0.23994,-0.03614,0.43750,0.78663,-0.08493,-0.02424,-0.03440,-0.06656,0.10912,0.31090,0.34963,2.38370,2.97454,0.82653,0.79720,0.64286,0.74817,0.07800,0.35271,1.23715,3.36491,0.66327,0.60563,0.37500
222,0.1169,21921792,53373,0.01516,1.48e-04,0.5659,108.1602,0.00000,0.03900,0.00000,10.00000,781.22721,0.00000,0.82059,0.00000,0.00000,0.78954,0.00000,0.00000,0.00000,0.00000,0.00000,0.45977,2.02053,1.57646,0.99083,1.00000,1.00000,2141.83154,-0.03384,-0.20935,0.23726,-0.03504,0.43803,0.78741,-0.08517,-0.02504,-0.03210,-0.06666,0.10733,0.30698,0.34997,2.47669,1.77846,0.80734,0.81988,0.52174,0.74983,0.07800,0.35352,1.22001,3.89344,0.62385,0.62338,0.00000
223,0.1174,22020096,53293,0.01140,1.98e-04,0.5660,110.6475,0.00000,0.03900,0.00000,10.00000,776.62576,0.00000,0.83064,0.00000,0.00000,0.78757,0.00000,0.00000,0.00000,0.00000,0.00000,0.45971,2.02548,1.64022,0.98058,0.97500,1.00000,2108.92415,-0.03367,-0.20605,0.23781,-0.03533,0.43896,0.78547,-0.08448,-0.02494,-0.03423,-0.06659,0.10803,0.30783,0.35053,2.40647,1.80600,0.78155,0.74675,0.62500,0.75263,0.07800,0.35356,1.21912,3.77040,0.58252,0.50000,0.14286
224,0.1180,22118400,52685,0.01452,1.89e-04,0.5660,108.4894,0.00000,0.03900,0.00000,10.00000,784.92323,0.00000,0.83900,0.00000,0.00000,0.78899,0.00000,0.00000,0.00000,0.00000,0.00000,0.45958,2.03414,1.54222,1.00000,1.00000,1.00000,2068.91227,-0.03363,-0.20247,0.24118,-0.03661,0.44102,0.78679,-0.08395,-0.02525,-0.02906,-0.06651,0.10892,0.31137,0.35037,2.31840,2.25143,0.81122,0.77703,0.75000,0.75187,0.07800,0.35491,1.24137,3.42140,0.62245,0.56000,0.50000
225,0.1185,22216704,53042,0.01392,1.87e-04,0.5660,114.1410,0.00000,0.03900,0.00000,10.00000,837.25979,0.00000,0.73513,0.00000,0.00000,0.78303,0.00000,0.00000,0.00000,0.00000,0.00000,0.45923,2.02683,1.63086,1.00000,1.00000,1.00000,2086.72640,-0.03359,-0.20393,0.24028,-0.03495,0.43710,0.78085,-0.08402,-0.02344,-0.03473,-0.06641,0.10873,0.30948,0.34941,2.25921,2.02857,0.82828,0.77863,0.75000,0.74707,0.07800,0.35348,1.22983,3.03088,0.65657,0.57971,0.50000
226,0.1190,22315008,52898,0.01531,1.71e-04,0.5660,105.2669,0.00000,0.03900,0.00000,10.00000,817.94092,0.00000,0.77546,0.00000,0.00000,0.78047,0.00000,0.00000,0.00000,0.00000,0.00000,0.45883,2.01252,1.59159,0.97917,0.96774,1.00000,2102.87842,-0.03371,-0.20549,0.23772,-0.03550,0.43440,0.77843,-0.08471,-0.02278,-0.03338,-0.06625,0.10905,0.30650,0.34873,2.36500,1.82600,0.82812,0.79851,0.57143,0.74365,0.07800,0.35227,1.22465,3.26949,0.67708,0.65278,0.14286
227,0.1195,22413312,53388,0.01785,1.19e-04,0.5659,102.9260,0.00000,0.03900,0.00000,10.00000,796.38244,0.00000,0.79140,0.00000,0.00000,0.78320,0.00000,0.00000,0.00000,0.00000,0.00000,0.45962,1.99251,1.48506,0.99057,1.00000,0.91667,2122.39290,-0.03377,-0.20748,0.23498,-0.03426,0.43521,0.78112,-0.08449,-0.02343,-0.03374,-0.06633,0.10713,0.30393,0.34896,2.25493,2.16941,0.79717,0.76821,0.68182,0.74480,0.07800,0.35398,1.21832,3.47273,0.60377,0.53947,0.40000
228,0.1200,22511616,53345,0.01580,9.04e-05,0.5660,127.2959,0.00000,0.03900,0.00000,10.00000,785.04343,0.00000,0.80927,0.00000,0.00000,0.78492,0.00000,0.00000,0.00000,0.00000,0.00000,0.45856,1.97417,1.60218,0.99213,0.98889,1.00000,2110.53402,-0.03388,-0.20633,0.23432,-0.03529,0.43729,0.78279,-0.08448,-0.02277,-0.03385,-0.06659,0.10545,0.30339,0.35013,2.37136,2.32769,0.77953,0.75135,0.55000,0.75067,0.07800,0.35386,1.22247,3.51382,0.56693,0.52632,0.00000
229,0.1206,22609920,53641,0.00982,1.30e-04,0.5660,117.5703,0.00000,0.03900,0.00000,10.00000,807.46775,0.00000,0.80749,0.00000,0.00000,0.78304,0.00000,0.00000,0.00000,0.00000,0.00000,0.45801,1.97168,1.66909,1.00000,1.00000,1.00000,2117.69499,-0.03381,-0.20686,0.23492,-0.03550,0.43440,0.78114,-0.08420,-0.02255,-0.03578,-0.06648,0.10539,0.30431,0.34933,2.46161,2.08333,0.79651,0.76800,0.50000,0.74667,0.07800,0.35415,1.22593,3.59869,0.59302,0.54688,0.00000
230,0.1211,22708224,53430,0.01268,1.72e-04,0.5660,109.7286,0.00000,0.03900,0.00000,10.00000,769.47709,0.00000,0.91346,0.00000,0.00000,0.78158,0.00000,0.00000,0.00000,0.00000,0.00000,0.45746,1.98766,1.67122,1.00000,1.00000,1.00000,2124.33252,-0.03364,-0.20766,0.23675,-0.03594,0.43500,0.77963,-0.08500,-0.02207,-0.03439,-0.06660,0.10640,0.30669,0.34982,2.72470,3.13000,0.82212,0.79532,0.60000,0.74908,0.07800,0.35370,1.23828,3.94141,0.64423,0.61111,0.50000
231,0.1216,22806528,52702,0.01522,1.56e-04,0.5660,112.4614,0.00000,0.03900,0.00000,10.00000,777.10397,0.00000,0.76923,0.00000,0.00000,0.78340,0.00000,0.00000,0.00000,0.00000,0.00000,0.45893,2.01327,1.64030,1.00000,1.00000,1.00000,2126.20020,-0.03366,-0.20773,0.23966,-0.03574,0.43636,0.78140,-0.08577,-0.02393,-0.03379,-0.06641,0.10865,0.31048,0.34984,2.41339,2.23733,0.80769,0.80556,0.65217,0.74918,0.07800,0.35471,1.25020,3.52261,0.61538,0.61818,0.20000
232,0.1221,22904832,53685,0.01458,1.58e-04,0.5659,101.5402,0.00000,0.03900,0.00000,10.00000,804.60187,0.00000,0.76458,0.00000,0.00000,0.78721,0.00000,0.00000,0.00000,0.00000,0.00000,0.45841,2.02644,1.56603,0.99010,1.00000,1.00000,2121.67643,-0.03357,-0.20737,0.24149,-0.03627,0.43861,0.78509,-0.08617,-0.02457,-0.03200,-0.06665,0.10942,0.31202,0.35018,2.47530,2.48154,0.80198,0.76978,0.68421,0.75090,0.07800,0.35643,1.26343,3.60034,0.61386,0.57333,0.40000
233,0.1226,23003136,53467,0.01440,1.60e-04,0.5658,106.7860,0.00000,0.03900,0.00000,10.00000,814.65262,0.00000,0.72751,0.00000,0.00000,0.79150,0.00000,0.00000,0.00000,0.00000,0.00000,0.45862,2.04658,1.52627,1.00000,1.00000,1.00000,2123.32926,-0.03364,-0.20761,0.24374,-0.03617,0.44100,0.78935,-0.08681,-0.02691,-0.03307,-0.06630,0.11117,0.31528,0.35121,2.39596,2.20631,0.78571,0.75455,0.66667,0.75607,0.07800,0.35980,1.26354,3.78333,0.57143,0.50909,0.33333
234,0.1232,23101440,53072,0.01562,1.33e-04,0.5658,102.8206,0.00000,0.03900,0.00000,10.00000,804.64601,0.00000,0.78209,0.00000,0.00000,0.79257,0.00000,0.00000,0.00000,0.00000,0.00000,0.45920,2.04246,1.68938,1.00000,1.00000,1.00000,2101.73926,-0.03356,-0.20573,0.24344,-0.03681,0.44285,0.79020,-0.08645,-0.02657,-0.03305,-0.06651,0.11104,0.31624,0.35224,2.25803,1.90461,0.80097,0.75172,0.70588,0.76119,0.07800,0.35900,1.27893,3.16117,0.60194,0.50685,0.37500
235,0.1237,23199744,53846,0.01394,1.32e-04,0.5658,123.1385,0.00000,0.03900,0.00000,10.00000,846.81220,0.00000,0.71958,0.00000,0.00000,0.79587,0.00000,0.00000,0.00000,0.00000,0.00000,0.45863,2.03786,1.62364,1.00000,1.00000,1.00000,2095.04574,-0.03341,-0.20468,0.24355,-0.03703,0.44527,0.79364,-0.08488,-0.02535,-0.03381,-0.06677,0.11048,0.31587,0.35259,2.13339,2.08667,0.79524,0.75000,0.52632,0.76296,0.07800,0.35814,1.27293,2.96851,0.59048,0.48485,0.25000
236,0.1242,23298048,53123,0.01294,1.43e-04,0.5658,107.5249,0.00000,0.03900,0.00000,10.00000,827.28153,0.00000,0.79646,0.00000,0.00000,0.79380,0.00000,0.00000,0.00000,0.00000,0.00000,0.45870,2.03590,1.69226,1.00000,1.00000,1.00000,2064.33724,-0.03323,-0.20204,0.24416,-0.03723,0.44294,0.79160,-0.08428,-0.02319,-0.03144,-0.06675,0.11095,0.31637,0.35112,2.36437,2.10400,0.80088,0.75926,0.60000,0.75559,0.07800,0.35618,1.28737,3.44207,0.60177,0.49351,0.14286
237,0.1247,23396352,52447,0.01538,1.30e-04,0.5658,111.5382,0.00000,0.03900,0.00000,10.00000,791.43096,0.00000,0.83333,0.00000,0.00000,0.79078,0.00000,0.00000,0.00000,0.00000,0.00000,0.45908,2.00305,1.54411,0.97826,0.97059,1.00000,2080.67676,-0.03336,-0.20358,0.24166,-0.03585,0.44149,0.78869,-0.08442,-0.02188,-0.03140,-0.06674,0.10961,0.31301,0.35113,2.26032,1.75428,0.79348,0.76812,0.63636,0.75567,0.07800,0.35542,1.28734,3.26577,0.60870,0.57143,0.33333
238,0.1253,23494656,53217,0.01300,1.56e-04,0.5657,105.9667,0.00000,0.03900,0.00000,10.00000,838.86967,0.00000,0.79545,0.00000,0.00000,0.78938,0.00000,0.00000,0.00000,0.00000,0.00000,0.45902,2.00442,1.66406,1.00000,1.00000,1.00000,2086.74788,-0.03351,-0.20413,0.24202,-0.03715,0.43920,0.78734,-0.08492,-0.02269,-0.03120,-0.06662,0.11000,0.31326,0.35021,2.51763,3.31250,0.82955,0.80159,0.77778,0.75106,0.07800,0.35620,1.28331,3.71959,0.65909,0.59016,0.60000
239,0.1258,23592960,52671,0.01522,1.49e-04,0.5657,106.8123,0.00000,0.03900,0.00000,10.00000,817.53337,0.00000,0.80933,0.00000,0.00000,0.78527,0.00000,0.00000,0.00000,0.00000,0.00000,0.45821,2.01911,1.60787,0.98765,0.98246,1.00000,2087.22786,-0.03347,-0.20415,0.24398,-0.03627,0.43751,0.78318,-0.08494,-0.02233,-0.03111,-0.06661,0.11035,0.31565,0.35002,2.57875,1.48571,0.84568,0.83051,0.50000,0.75012,0.07800,0.35588,1.29298,3.74000,0.70370,0.68852,0.16667
240,0.1263,23691264,53004,0.01496,9.91e-05,0.5657,98.9790,0.00000,0.03900,0.00000,10.00000,857.86397,0.00000,0.76174,0.00000,0.00000,0.78636,0.00000,0.00000,0.00000,0.00000,0.00000,0.45772,2.03731,1.68692,0.96907,0.97183,1.00000,2095.69792,-0.03333,-0.20510,0.24436,-0.03737,0.43725,0.78417,-0.08478,-0.02196,-0.02942,-0.06690,0.11093,0.31614,0.34998,2.51218,3.26167,0.86082,0.84211,0.70588,0.74988,0.07800,0.35382,1.28690,3.68254,0.75258,0.69355,0.50000
241,0.1268,23789568,53017,0.01012,1.43e-04,0.5657,104.2064,0.00000,0.03900,0.00000,10.00000,812.55124,0.00000,0.86619,0.00000,0.00000,0.78947,0.00000,0.00000,0.00000,0.00000,0.00000,0.45831,2.03015,1.67288,1.00000,1.00000,1.00000,2106.36865,-0.03339,-0.20627,0.24276,-0.03688,0.44019,0.78716,-0.08515,-0.02282,-0.03039,-0.06651,0.11071,0.31455,0.35064,2.22780,1.42000,0.80108,0.76552,0.40000,0.75319,0.07800,0.35370,1.27222,3.03800,0.60215,0.54054,0.00000
242,0.1274,23887872,52748,0.01233,1.72e-04,0.5657,103.2248,0.00000,0.03900,0.00000,10.00000,831.66042,0.00000,0.74074,0.00000,0.00000,0.79071,0.00000,0.00000,0.00000,0.00000,0.00000,0.45851,2.03681,1.64846,1.00000,1.00000,1.00000,2094.88981,-0.03336,-0.20488,0.24287,-0.03610,0.44051,0.78851,-0.08498,-0.02342,-0.03284,-0.06656,0.11150,0.31442,0.35050,2.41030,2.83889,0.80952,0.76429,0.71429,0.75252,0.07800,0.35326,1.27271,3.47143,0.61905,0.55405,0.33333
243,0.1279,23986176,51881,0.01651,1.60e-04,0.5658,107.1856,0.00000,0.03900,0.00000,10.00000,795.59000,0.00000,0.76667,0.00000,0.00000,0.78847,0.00000,0.00000,0.00000,0.00000,0.00000,0.45736,2.02037,1.68857,0.99000,1.00000,0.88889,2097.83464,-0.03341,-0.20505,0.24226,-0.03621,0.44038,0.78624,-0.08407,-0.02385,-0.03206,-0.06668,0.11082,0.31287,0.35044,2.43165,2.39428,0.79500,0.73188,0.76471,0.75221,0.07800,0.35602,1.26504,3.34421,0.60000,0.51316,0.62500
244,0.1284,24084480,53065,0.01511,1.11e-04,0.5658,112.2835,0.00000,0.03900,0.00000,10.00000,787.46798,0.00000,0.82341,0.00000,0.00000,0.78764,0.00000,0.00000,0.00000,0.00000,0.00000,0.45773,2.00923,1.61511,0.99107,0.98780,1.00000,2095.35986,-0.03341,-0.20480,0.24090,-0.03595,0.44039,0.78545,-0.08423,-0.02186,-0.03156,-0.06694,0.10944,0.31122,0.35104,2.48155,2.14000,0.79911,0.75301,0.81250,0.75518,0.07800,0.35315,1.27302,3.68123,0.60714,0.52381,0.62500
245,0.1289,24182784,53027,0.01168,1.11e-04,0.5658,97.0289,0.00000,0.03900,0.00000,10.00000,860.22571,0.00000,0.76087,0.00000,0.00000,0.78627,0.00000,0.00000,0.00000,0.00000,0.00000,0.45739,1.99135,1.58453,0.98913,0.98485,1.00000,2081.10661,-0.03347,-0.20366,0.24081,-0.03588,0.43892,0.78413,-0.08402,-0.01991,-0.03227,-0.06650,0.10953,0.31049,0.35074,2.15492,2.10333,0.83696,0.81746,0.64706,0.75372,0.07800,0.35216,1.27972,3.06510,0.68478,0.63333,0.25000
246,0.1295,24281088,50542,0.01309,1.49e-04,0.5658,110.6844,0.00000,0.03900,0.00000,10.00000,835.84135,0.00000,0.75358,0.00000,0.00000,0.78129,0.00000,0.00000,0.00000,0.00000,0.00000,0.45743,1.98655,1.50684,0.99010,0.98551,1.00000,2058.98258,-0.03346,-0.20151,0.23911,-0.03740,0.43652,0.77912,-0.08455,-0.01870,-0.03032,-0.06654,0.11014,0.30934,0.35015,2.36120,2.68933,0.82178,0.78102,0.68421,0.75073,0.07800,0.35056,1.27359,3.50035,0.65347,0.57353,0.45455
247,0.1300,24379392,51665,0.01281,2.15e-04,0.5657,109.2184,0.00000,0.03900,0.00000,10.00000,802.34912,0.00000,0.86420,0.00000,0.00000,0.78010,0.00000,0.00000,0.00000,0.00000,0.00000,0.45649,1.98806,1.60405,1.00000,1.00000,1.00000,2080.53890,-0.03345,-0.20359,0.23768,-0.03628,0.43450,0.77787,-0.08485,-0.01853,-0.03137,-0.06662,0.10869,0.30794,0.34968,2.46635,3.12909,0.84848,0.83766,0.68750,0.74839,0.07800,0.34975,1.25443,3.59812,0.69697,0.67532,0.44444
248,0.1306,24477696,52419,0.01521,1.72e-04,0.5657,122.5904,0.00000,0.03900,0.00000,10.00000,841.72544,0.00000,0.77077,0.00000,0.00000,0.78015,0.00000,0.00000,0.00000,0.00000,0.00000,0.45749,1.99279,1.60602,1.00000,1.00000,1.00000,2077.36035,-0.03354,-0.20309,0.23536,-0.03638,0.43413,0.77799,-0.08482,-0.01965,-0.03217,-0.06668,0.10772,0.30483,0.34920,2.32736,2.44666,0.82883,0.79870,0.62500,0.74601,0.07800,0.34812,1.22242,3.30885,0.65766,0.60759,0.25000
249,0.1311,24576000,52877,0.01413,1.79e-04,0.5657,108.8769,0.00000,0.03900,0.00000,10.00000,817.44855,0.00000,0.78065,0.00000,0.00000,0.77923,0.00000,0.00000,0.00000,0.00000,0.00000,0.45630,1.97765,1.79865,1.00000,1.00000,1.00000,2065.43408,-0.03363,-0.20182,0.23179,-0.03461,0.43269,0.77705,-0.08431,-0.02007,-0.03223,-0.06662,0.10675,0.29938,0.34793,2.60506,2.91571,0.80603,0.76074,0.68750,0.73967,0.07800,0.34813,1.19372,3.70923,0.61207,0.51852,0.44444
250,0.1316,24674304,53911,0.01469,1.32e-04,0.5657,111.2778,0.00000,0.03900,0.00000,10.00000,769.64835,0.00000,0.79900,0.00000,0.00000,0.77318,0.00000,0.00000,0.00000,0.00000,0.00000,0.45585,1.97357,1.73265,1.00000,1.00000,1.00000,2095.59554,-0.03358,-0.20483,0.23311,-0.03515,0.42971,0.77108,-0.08446,-0.01934,-0.03307,-0.06664,0.10666,0.30091,0.34688,2.31140,2.69428,0.74157,0.66406,0.70000,0.73438,0.07800,0.34914,1.19762,3.54125,0.48315,0.33846,0.40000
251,0.1321,24772608,53068,0.01386,1.33e-04,0.5658,108.0673,0.00000,0.03900,0.00000,10.00000,848.06969,0.00000,0.81958,0.00000,0.00000,0.77383,0.00000,0.00000,0.00000,0.00000,0.00000,0.45656,1.98497,1.65850,0.99010,0.98718,1.00000,2084.46891,-0.03360,-0.20395,0.23417,-0.03623,0.43050,0.77178,-0.08404,-0.01976,-0.03142,-0.06660,0.10722,0.30223,0.34759,2.23552,1.85000,0.83168,0.79866,0.42857,0.73796,0.07800,0.34944,1.20435,3.09037,0.67327,0.59155,0.20000
252,0.1327,24870912,53240,0.01501,1.30e-04,0.5658,108.5246,0.00000,0.03900,0.00000,10.00000,840.29646,0.00000,0.67407,0.00000,0.00000,0.77699,0.00000,0.00000,0.00000,0.00000,0.00000,0.45763,2.00633,1.68105,1.00000,1.00000,1.00000,2110.99609,-0.03376,-0.20617,0.23733,-0.03620,0.43225,0.77485,-0.08550,-0.02189,-0.03375,-0.06669,0.10884,0.30613,0.34885,2.23111,2.34421,0.81333,0.76923,0.70833,0.74427,0.07800,0.35109,1.22176,2.97762,0.62667,0.53333,0.46154
253,0.1332,24969216,53777,0.01359,1.32e-04,0.5658,115.1713,0.00000,0.03900,0.00000,10.00000,778.25536,0.00000,0.78836,0.00000,0.00000,0.78156,0.00000,0.00000,0.00000,0.00000,0.00000,0.45793,2.01800,1.54759,0.99048,0.98571,1.00000,2109.19938,-0.03354,-0.20633,0.23956,-0.03691,0.43536,0.77943,-0.08517,-0.02202,-0.03051,-0.06668,0.11018,0.30964,0.34985,2.39059,2.84117,0.79048,0.72483,0.85000,0.74923,0.07800,0.35277,1.25151,3.55894,0.59048,0.49367,0.70000
254,0.1337,25067520,52974,0.01298,1.56e-04,0.5658,126.3228,0.00000,0.03900,0.00000,10.00000,833.26030,0.00000,0.73260,0.00000,0.00000,0.78805,0.00000,0.00000,0.00000,0.00000,0.00000,0.45685,2.02993,1.47000,1.00000,1.00000,1.00000,2127.65397,-0.03355,-0.20797,0.24073,-0.03717,0.43883,0.78594,-0.08616,-0.02220,-0.03313,-0.06668,0.11086,0.31114,0.35062,2.23234,1.93750,0.79121,0.73333,0.53846,0.75311,0.07800,0.35355,1.25589,3.36697,0.58242,0.47541,0.25000
255,0.1342,25165824,53067,0.01377,1.65e-04,0.5658,112.0908,0.00000,0.03900,0.00000,10.00000,847.25867,0.00000,0.79444,0.00000,0.00000,0.79187,0.00000,0.00000,0.00000,0.00000,0.00000,0.45747,2.03240,1.55415,1.00000,1.00000,1.00000,2128.91797,-0.03334,-0.20808,0.24250,-0.03855,0.44138,0.78978,-0.08596,-0.02131,-0.03176,-0.06710,0.11173,0.31403,0.35105,2.11240,1.60857,0.81000,0.77622,0.53846,0.75526,0.07800,0.35265,1.27802,3.08638,0.62000,0.52941,0.00000
256,0.1348,25264128,53037,0.01392,2.37e-04,0.5658,115.9174,0.00000,0.03900,0.00000,10.00000,804.30924,0.00000,0.73894,0.00000,0.00000,0.79650,0.00000,0.00000,0.00000,0.00000,0.00000,0.45626,2.03034,1.68359,1.00000,1.00000,1.00000,2100.16732,-0.03329,-0.20516,0.24357,-0.03836,0.44410,0.79434,-0.08467,-0.02045,-0.03305,-0.06677,0.11048,0.31477,0.35166,2.42500,2.17294,0.81068,0.77372,0.66667,0.75831,0.07800,0.35255,1.28420,3.49592,0.62136,0.56944,0.27273
257,0.1353,25362432,52447,0.01525,1.76e-04,0.5658,114.1246,0.00000,0.03900,0.00000,10.00000,816.08082,0.00000,0.75192,0.00000,0.00000,0.79506,0.00000,0.00000,0.00000,0.00000,0.00000,0.45514,2.03150,1.66872,0.99138,0.98795,1.00000,2079.65918,-0.03321,-0.20314,0.24397,-0.03793,0.44351,0.79304,-0.08405,-0.01937,-0.03167,-0.06699,0.11081,0.31481,0.35154,2.55766,3.34316,0.80603,0.75796,0.69565,0.75768,0.07800,0.35155,1.28893,3.95033,0.62069,0.50000,0.41667
258,0.1358,25460736,52956,0.01494,1.44e-04,0.5658,112.3439,0.00000,0.03900,0.00000,10.00000,804.31508,0.00000,0.90354,0.00000,0.00000,0.79206,0.00000,0.00000,0.00000,0.00000,0.00000,0.45590,2.02035,1.54560,1.00000,1.00000,1.00000,2064.89355,-0.03330,-0.20189,0.24287,-0.03753,0.44229,0.78988,-0.08428,-0.01872,-0.03084,-0.06644,0.11124,0.31375,0.35123,2.32984,1.26000,0.80220,0.77027,0.33333,0.75613,0.07800,0.35071,1.28988,3.48314,0.60440,0.54054,0.00000
259,0.1363,25559040,53328,0.01264,1.58e-04,0.5657,112.0629,0.00000,0.03900,0.00000,10.00000,793.47788,0.00000,0.81660,0.00000,0.00000,0.79072,0.00000,0.00000,0.00000,0.00000,0.00000,0.45580,2.02017,1.57297,1.00000,1.00000,1.00000,2068.35449,-0.03330,-0.20229,0.24409,-0.03765,0.44070,0.78858,-0.08444,-0.01617,-0.03079,-0.06657,0.11149,0.31509,0.35057,2.26889,2.17067,0.80723,0.77869,0.77778,0.75285,0.07800,0.34709,1.30989,3.46651,0.61446,0.53448,0.50000
260,0.1368,25657344,53366,0.01535,1.33e-04,0.5658,110.0626,0.00000,0.03900,0.00000,10.00000,802.16046,0.00000,0.82621,0.00000,0.00000,0.78783,0.00000,0.00000,0.00000,0.00000,0.00000,0.45565,2.03593,1.59000,1.00000,1.00000,1.00000,2071.31055,-0.03322,-0.20282,0.24610,-0.03702,0.43959,0.78559,-0.08469,-0.01640,-0.02881,-0.06641,0.11343,0.31755,0.35080,2.46738,2.25600,0.80128,0.76724,0.50000,0.75402,0.07800,0.34940,1.32602,3.69163,0.60256,0.54237,0.00000
261,0.1374,25755648,53682,0.01346,1.32e-04,0.5659,98.7813,0.00000,0.03900,0.00000,10.00000,807.55505,0.00000,0.75943,0.00000,0.00000,0.79265,0.00000,0.00000,0.00000,0.00000,0.00000,0.45562,2.05081,1.87204,0.99083,0.98701,1.00000,2080.84310,-0.03307,-0.20337,0.24732,-0.03734,0.44326,0.79036,-0.08495,-0.01563,-0.03012,-0.06658,0.11357,0.31925,0.35179,2.63839,2.53882,0.83486,0.80537,0.68182,0.75896,0.07800,0.34702,1.32626,3.74393,0.67890,0.61111,0.36364
262,0.1379,25853952,53210,0.01667,1.24e-04,0.5658,104.9193,0.00000,0.03900,0.00000,10.00000,827.91583,0.00000,0.79365,0.00000,0.00000,0.79400,0.00000,0.00000,0.00000,0.00000,0.00000,0.45576,2.04140,1.58419,0.98810,0.98333,1.00000,2069.42936,-0.03312,-0.20241,0.24694,-0.03781,0.44416,0.79176,-0.08468,-0.01389,-0.03004,-0.06649,0.11322,0.31808,0.35215,2.57500,1.34500,0.83333,0.79167,0.50000,0.76073,0.07800,0.34410,1.32485,3.91043,0.67857,0.60000,0.00000
263,0.1384,25952256,53227,0.01382,1.33e-04,0.5658,111.4147,0.00000,0.03900,0.00000,10.00000,852.77585,0.00000,0.75758,0.00000,0.00000,0.79402,0.00000,0.00000,0.00000,0.00000,0.00000,0.45412,2.04064,1.47848,0.99091,1.00000,0.91667,2067.70605,-0.03308,-0.20237,0.24829,-0.03763,0.44418,0.79177,-0.08423,-0.01317,-0.02797,-0.06677,0.11294,0.31964,0.35238,2.26772,2.54500,0.85000,0.84667,0.65385,0.76191,0.07800,0.34478,1.34706,3.36788,0.70909,0.67143,0.42857
264,0.1389,26050560,53346,0.01261,1.60e-04,0.5658,107.7574,0.00000,0.03900,0.00000,10.00000,840.00383,0.00000,0.75163,0.00000,0.00000,0.79741,0.00000,0.00000,0.00000,0.00000,0.00000,0.45519,2.02458,1.61816,0.95098,0.97101,0.75000,2081.70687,-0.03302,-0.20350,0.24782,-0.03752,0.44691,0.79507,-0.08397,-0.01383,-0.03178,-0.06688,0.11241,0.31999,0.35360,2.24364,2.08714,0.80882,0.76812,0.75000,0.76798,0.07800,0.34723,1.34958,3.09250,0.66667,0.56522,0.75000
265,0.1395,26148864,52349,0.01408,1.44e-04,0.5657,124.3589,0.00000,0.03900,0.00000,10.00000,859.56591,0.00000,0.85354,0.00000,0.00000,0.79908,0.00000,0.00000,0.00000,0.00000,0.00000,0.45493,2.02927,1.52538,0.98182,0.97753,1.00000,2074.45801,-0.03297,-0.20285,0.24910,-0.03886,0.44770,0.79672,-0.08365,-0.01509,-0.02827,-0.06695,0.11332,0.32187,0.35321,2.28444,2.01333,0.85455,0.82840,0.80000,0.76606,0.07800,0.35003,1.35591,3.30753,0.72727,0.66250,0.60000
266,0.1400,26247168,53327,0.01658,9.25e-05,0.5656,101.6072,0.00000,0.03900,0.00000,10.00000,802.19214,0.00000,0.76923,0.00000,0.00000,0.79501,0.00000,0.00000,0.00000,0.00000,0.00000,0.45504,2.01591,1.63865,0.98901,0.98413,1.00000,2054.15365,-0.03318,-0.20078,0.24681,-0.03773,0.44525,0.79277,-0.08402,-0.01502,-0.03090,-0.06652,0.11328,0.31877,0.35294,2.38060,3.28111,0.80769,0.79365,0.66667,0.76469,0.07800,0.34982,1.34529,3.32724,0.62637,0.60317,0.38462
267,0.1405,26345472,52851,0.01394,9.76e-05,0.5656,101.0293,0.00000,0.03900,0.00000,10.00000,799.81733,0.00000,0.75029,0.00000,0.00000,0.79352,0.00000,0.00000,0.00000,0.00000,0.00000,0.45507,1.99790,1.67437,1.00000,1.00000,1.00000,2041.20687,-0.03308,-0.19962,0.24682,-0.03858,0.44486,0.79126,-0.08356,-0.01402,-0.02738,-0.06658,0.11278,0.31835,0.35305,2.39643,2.22333,0.80412,0.77863,0.62500,0.76525,0.07800,0.34991,1.36432,3.28034,0.60825,0.59722,0.25000
268,0.1410,26443776,52291,0.01093,1.41e-04,0.5656,109.7493,0.00000,0.03900,0.00000,10.00000,810.88310,0.00000,0.81790,0.00000,0.00000,0.79234,0.00000,0.00000,0.00000,0.00000,0.00000,0.45488,1.99370,1.60200,1.00000,1.00000,1.00000,2076.70085,-0.03306,-0.20308,0.24667,-0.03854,0.44363,0.79024,-0.08380,-0.01304,-0.03095,-0.06672,0.11252,0.31872,0.35258,2.45200,2.35286,0.82407,0.78616,0.81250,0.76289,0.07800,0.34948,1.35810,3.72700,0.64815,0.55844,0.62500
269,0.1416,26542080,52934,0.01665,1.14e-04,0.5656,113.1260,0.00000,0.03900,0.00000,10.00000,830.13514,0.00000,0.79922,0.00000,0.00000,0.79575,0.00000,0.00000,0.00000,0.00000,0.00000,0.45504,1.99676,1.53488,0.99123,0.98780,1.00000,2061.76400,-0.03306,-0.20173,0.24777,-0.03789,0.44533,0.79339,-0.08303,-0.01217,-0.02770,-0.06685,0.11161,0.31915,0.35292,2.52645,3.45454,0.84649,0.80488,0.76923,0.76462,0.07800,0.34889,1.37418,3.76232,0.70175,0.62195,0.66667
270,0.1421,26640384,53760,0.01276,1.48e-04,0.5657,112.4068,0.00000,0.03900,0.00000,10.00000,837.90828,0.00000,0.80128,0.00000,0.00000,0.79411,0.00000,0.00000,0.00000,0.00000,0.00000,0.45386,1.97474,1.64069,1.00000,1.00000,1.00000,2069.80892,-0.03301,-0.20239,0.24634,-0.03773,0.44617,0.79181,-0.08226,-0.01036,-0.03001,-0.06707,0.11019,0.31689,0.35335,2.24503,2.20750,0.82692,0.80667,0.70000,0.76673,0.07800,0.34798,1.36723,3.06656,0.65385,0.60274,0.40000
271,0.1426,26738688,52798,0.01595,1.08e-04,0.5656,105.3599,0.00000,0.03900,0.00000,10.00000,839.62543,0.00000,0.83639,0.00000,0.00000,0.79640,0.00000,0.00000,0.00000,0.00000,0.00000,0.45315,1.99275,1.64743,0.98901,0.98485,1.00000,2091.24935,-0.03285,-0.20449,0.24794,-0.03884,0.44642,0.79425,-0.08227,-0.00883,-0.03124,-0.06725,0.11117,0.31974,0.35384,2.50846,2.03500,0.84066,0.79562,0.88889,0.76918,0.07800,0.34731,1.38083,3.51300,0.69231,0.61972,0.75000
272,0.1431,26836992,54516,0.01144,1.56e-04,0.5656,107.4731,0.00000,0.03900,0.00000,10.00000,830.45362,0.00000,0.82151,0.00000,0.00000,0.79816,0.00000,0.00000,0.00000,0.00000,0.00000,0.45289,1.99683,1.65493,1.00000,1.00000,1.00000,2091.88525,-0.03279,-0.20461,0.24940,-0.03896,0.44780,0.79598,-0.08202,-0.00868,-0.02984,-0.06736,0.11099,0.32217,0.35344,2.43731,2.06889,0.82979,0.79137,0.72727,0.76722,0.07800,0.34739,1.38881,3.43186,0.65957,0.57971,0.50000
273,0.1436,26935296,53800,0.01504,1.56e-04,0.5655,106.7264,0.00000,0.03900,0.00000,10.00000,843.68853,0.00000,0.72650,0.00000,0.00000,0.80113,0.00000,0.00000,0.00000,0.00000,0.00000,0.45402,2.02352,1.55514,1.00000,1.00000,1.00000,2097.07324,-0.03273,-0.20515,0.25250,-0.03989,0.44855,0.79891,-0.08263,-0.00863,-0.03044,-0.06723,0.11294,0.32623,0.35352,2.22661,2.39579,0.83516,0.81513,0.69565,0.76758,0.07800,0.34624,1.41262,3.14823,0.67033,0.63333,0.41667
274,0.1441,27033600,53262,0.01265,2.25e-04,0.5655,116.3940,0.00000,0.03900,0.00000,10.00000,832.42879,0.00000,0.76968,0.00000,0.00000,0.80367,0.00000,0.00000,0.00000,0.00000,0.00000,0.45433,2.02580,1.69077,1.00000,1.00000,1.00000,2110.28271,-0.03262,-0.20630,0.25278,-0.03929,0.45066,0.80150,-0.08219,-0.00832,-0.03210,-0.06742,0.11329,0.32650,0.35405,2.23067,2.57059,0.82812,0.80451,0.66667,0.77027,0.07800,0.34617,1.41505,2.96947,0.65625,0.60000,0.36364
275,0.1447,27131904,53884,0.01992,1.63e-04,0.5654,112.3008,0.00000,0.03700,0.00000,10.00000,878.45163,0.00000,0.78027,0.00000,0.00000,0.80928,0.00000,0.00000,0.00000,0.00000,0.00000,0.45405,2.04379,1.68848,1.00000,1.00000,1.00000,2123.98910,-0.03250,-0.20783,0.25572,-0.04031,0.45339,0.80717,-0.08262,-0.00733,-0.03136,-0.06747,0.11529,0.33011,0.35526,2.40355,2.23111,0.87640,0.83200,0.90000,0.77629,0.07400,0.34577,1.43912,3.21724,0.75281,0.67692,0.75000
276,0.1452,27230208,53542,0.01231,1.65e-04,0.5654,112.5019,0.00000,0.03500,0.00000,10.00000,854.32827,0.00000,0.76324,0.00000,0.00000,0.81513,0.00000,0.00000,0.00000,0.00000,0.00000,0.45524,2.06048,1.67770,1.00000,1.00000,1.00000,2119.03255,-0.03239,-0.20719,0.25817,-0.04091,0.45707,0.81275,-0.08259,-0.00774,-0.03272,-0.06767,0.11625,0.33313,0.35587,2.41653,2.23895,0.85981,0.80952,0.95000,0.77936,0.07000,0.34504,1.44171,3.54421,0.71963,0.61111,0.87500
277,0.1457,27328512,52777,0.01410,1.47e-04,0.5654,108.5518,0.00000,0.03300,0.00000,10.00000,856.82236,0.00000,0.76319,0.00000,0.00000,0.81738,0.00000,0.00000,0.00000,0.00000,0.00000,0.45558,2.07031,1.71747,1.00000,1.00000,1.00000,2069.88851,-0.03247,-0.20260,0.25776,-0.03993,0.45903,0.81497,-0.08234,-0.00689,-0.03010,-0.06744,0.11593,0.33264,0.35611,2.25898,1.99200,0.83838,0.80882,0.68421,0.78054,0.06600,0.34232,1.44443,2.99655,0.67677,0.60606,0.40000
278,0.1462,27426816,53853,0.01190,1.86e-04,0.5653,111.5573,0.00000,0.03100,0.00000,10.00000,872.37500,0.00000,0.74879,0.00000,0.00000,0.81215,0.00000,0.00000,0.00000,0.00000,0.00000,0.45465,2.05928,1.69518,1.00000,1.00000,1.00000,2080.63949,-0.03248,-0.20358,0.25664,-0.04013,0.45677,0.80983,-0.08141,-0.00650,-0.02915,-0.06750,0.11498,0.33110,0.35526,2.43006,2.89882,0.87826,0.83871,0.84211,0.77631,0.06200,0.34288,1.42754,3.27722,0.75652,0.69512,0.66667
279,0.1468,27525120,52122,0.01302,2.13e-04,0.5653,102.3209,0.00000,0.02900,0.00000,10.00000,873.71875,0.00000,0.83632,0.00000,0.00000,0.80509,0.00000,0.00000,0.00000,0.00000,0.00000,0.45502,2.04287,1.58301,1.00000,1.00000,1.00000,2048.73047,-0.03249,-0.20072,0.25291,-0.03958,0.45304,0.80290,-0.08133,-0.00649,-0.02663,-0.06725,0.11384,0.32609,0.35464,2.34394,2.32800,0.88710,0.86429,0.83333,0.77322,0.05800,0.34243,1.40803,3.28542,0.77419,0.72857,0.66667
280,0.1473,27623424,53352,0.01646,1.33e-04,0.5653,121.3899,0.00000,0.02700,0.00000,10.00000,839.74130,0.00000,0.78762,0.00000,0.00000,0.80081,0.00000,0.00000,0.00000,0.00000,0.00000,0.45525,2.06003,1.72606,0.98734,0.98305,1.00000,2074.03483,-0.03249,-0.20295,0.25285,-0.03881,0.45014,0.79863,-0.08193,-0.00779,-0.03058,-0.06716,0.11507,0.32657,0.35364,2.29363,1.62727,0.82278,0.80357,0.68750,0.76818,0.05400,0.34169,1.39097,3.09064,0.65823,0.60377,0.44444
281,0.1478,27721728,53171,0.01313,1.43e-04,0.5652,104.1890,0.00000,0.02500,0.00000,10.00000,851.07634,0.00000,0.82999,0.00000,0.00000,0.80067,0.00000,0.00000,0.00000,0.00000,0.00000,0.45584,2.08693,1.65905,0.98795,0.98333,1.00000,2072.00244,-0.03248,-0.20283,0.25548,-0.03937,0.44942,0.79861,-0.08242,-0.00771,-0.03102,-0.06705,0.11741,0.32970,0.35296,2.29052,3.10000,0.80120,0.75806,0.75000,0.76481,0.05000,0.33974,1.39456,3.04113,0.61446,0.54688,0.60000
282,0.1483,27820032,52124,0.01395,1.37e-04,0.5652,98.8301,0.00000,0.02300,0.00000,10.00000,830.72491,0.00000,0.80128,0.00000,0.00000,0.80403,0.00000,0.00000,0.00000,0.00000,0.00000,0.45506,2.08118,1.72000,0.99038,0.98649,1.00000,2069.86963,-0.03244,-0.20257,0.25524,-0.03962,0.45107,0.80213,-0.08217,-0.00607,-0.03222,-0.06736,0.11701,0.32944,0.35338,2.28210,2.28923,0.81250,0.77333,0.76471,0.76690,0.04600,0.33865,1.39621,3.03770,0.63462,0.56579,0.50000
283,0.1488,27918336,53379,0.01255,1.98e-04,0.5652,113.2535,0.00000,0.02100,0.00000,10.00000,895.45440,0.00000,0.71256,0.00000,0.00000,0.80520,0.00000,0.00000,0.00000,0.00000,0.00000,0.45448,2.07832,1.57246,0.98913,1.00000,0.87500,2069.84180,-0.03250,-0.20278,0.25472,-0.03926,0.45203,0.80331,-0.08244,-0.00502,-0.02923,-0.06718,0.11717,0.32863,0.35354,2.45917,1.67231,0.87500,0.84746,0.73333,0.76768,0.04200,0.33755,1.40462,3.65882,0.76087,0.67857,0.57143
284,0.1494,28016640,53732,0.01469,1.60e-04,0.5652,103.5039,0.00000,0.01900,0.00000,10.00000,882.06460,0.00000,0.73045,0.00000,0.00000,0.80199,0.00000,0.00000,0.00000,0.00000,0.00000,0.45424,2.07708,1.62265,1.00000,1.00000,1.00000,2060.38346,-0.03261,-0.20162,0.25233,-0.03883,0.45072,0.80012,-0.08308,-0.00579,-0.03054,-0.06688,0.11614,0.32498,0.35277,2.25930,1.98210,0.84259,0.80986,0.80952,0.76383,0.03800,0.33686,1.36785,3.12557,0.68519,0.61429,0.60000
285,0.1499,28114944,53682,0.01287,2.07e-04,0.5652,109.2482,0.00000,0.01700,0.00000,10.00000,844.88852,0.00000,0.77222,0.00000,0.00000,0.79933,0.00000,0.00000,0.00000,0.00000,0.00000,0.45375,2.05144,1.60507,1.00000,1.00000,1.00000,2053.89030,-0.03270,-0.20098,0.24987,-0.03815,0.44769,0.79746,-0.08213,-0.00420,-0.02869,-0.06676,0.11518,0.32162,0.35212,2.31328,2.38600,0.82500,0.79137,0.57143,0.76062,0.03400,0.33590,1.36581,3.26178,0.65000,0.59155,0.14286
286,0.1504,28213248,53298,0.01593,1.55e-04,0.5652,113.8513,0.00000,0.01500,0.00000,10.00000,829.22087,0.00000,0.89536,0.00000,0.00000,0.79564,0.00000,0.00000,0.00000,0.00000,0.00000,0.45398,2.02792,1.63590,1.00000,1.00000,1.00000,2059.76514,-0.03284,-0.20142,0.24707,-0.03847,0.44528,0.79371,-0.08204,-0.00503,-0.03166,-0.06689,0.11425,0.31817,0.35121,2.33090,2.98500,0.86408,0.84337,0.77778,0.75603,0.03000,0.33716,1.34734,3.12109,0.72816,0.69767,0.66667
287,0.1509,28311552,53665,0.01273,1.89e-04,0.5652,119.1062,0.00000,0.01300,0.00000,10.00000,829.36076,0.00000,0.85069,0.00000,0.00000,0.79437,0.00000,0.00000,0.00000,0.00000,0.00000,0.45321,2.02792,1.58762,0.98958,0.98684,1.00000,2087.30176,-0.03290,-0.20415,0.24740,-0.03860,0.44443,0.79237,-0.08185,-0.00590,-0.03008,-0.06705,0.11426,0.31876,0.35144,2.28557,2.60571,0.82292,0.79592,0.81250,0.75718,0.02600,0.33975,1.35148,3.33250,0.65625,0.59155,0.62500
288,0.1515,28409856,51471,0.01482,1.32e-04,0.5652,115.2358,0.00000,0.01100,0.00000,10.00000,854.33768,0.00000,0.74434,0.00000,0.00000,0.79468,0.00000,0.00000,0.00000,0.00000,0.00000,0.45356,2.03110,1.45205,1.00000,1.00000,1.00000,2079.19727,-0.03293,-0.20347,0.24608,-0.03738,0.44479,0.79270,-0.08213,-0.00783,-0.02967,-0.06691,0.11371,0.31825,0.35168,2.11558,2.60526,0.82524,0.80435,0.64000,0.75840,0.02200,0.34197,1.34986,2.78833,0.65049,0.64474,0.35714
289,0.1520,28508160,53108,0.01243,1.71e-04,0.5652,120.5921,0.00000,0.00900,0.00000,10.00000,857.96389,0.00000,0.83900,0.00000,0.00000,0.79362,0.00000,0.00000,0.00000,0.00000,0.00000,0.45412,2.02801,1.71012,1.00000,1.00000,1.00000,2098.77035,-0.03301,-0.20553,0.24481,-0.03851,0.44318,0.79167,-0.08194,-0.00690,-0.02920,-0.06668,0.11304,0.31642,0.35137,2.22859,3.08250,0.85204,0.81081,0.88889,0.75683,0.01800,0.33871,1.33316,3.05615,0.70408,0.60000,0.75000
290,0.1525,28606464,51821,0.01449,1.47e-04,0.5651,119.8493,0.00000,0.00700,0.00000,10.00000,889.11118,0.00000,0.76217,0.00000,0.00000,0.79405,0.00000,0.00000,0.00000,0.00000,0.00000,0.45388,2.01579,1.60147,1.00000,1.00000,1.00000,2079.86800,-0.03307,-0.20369,0.24241,-0.03671,0.44279,0.79218,-0.08251,-0.00736,-0.03033,-0.06687,0.11159,0.31260,0.35135,2.19166,2.24533,0.85537,0.81928,0.76471,0.75677,0.01400,0.33906,1.31447,3.01617,0.71074,0.62500,0.50000
291,0.1530,28704768,53021,0.01302,1.44e-04,0.5651,113.8192,0.00000,0.00500,0.00000,10.00000,840.51877,0.00000,0.77342,0.00000,0.00000,0.79094,0.00000,0.00000,0.00000,0.00000,0.00000,0.45405,2.00984,1.65647,0.99020,0.98649,1.00000,2081.60417,-0.03306,-0.20361,0.24213,-0.03804,0.44161,0.78903,-0.08172,-0.00674,-0.03205,-0.06684,0.11109,0.31245,0.35034,2.24965,2.09158,0.81373,0.78873,0.65217,0.75168,0.01000,0.33784,1.29642,3.11896,0.63725,0.57353,0.33333
292,0.1536,28803072,53391,0.01400,1.53e-04,0.5651,106.9222,0.00000,0.00300,0.00000,10.00000,851.00090,0.00000,0.85380,0.00000,0.00000,0.78594,0.00000,0.00000,0.00000,0.00000,0.00000,0.45478,2.01796,1.60113,0.97895,0.97143,1.00000,2060.07617,-0.03335,-0.20138,0.24147,-0.03745,0.43670,0.78405,-0.08254,-0.00812,-0.03230,-0.06640,0.11154,0.31154,0.34887,2.33470,2.03200,0.83684,0.80822,0.57143,0.74434,0.00600,0.33822,1.28943,3.18852,0.69474,0.65789,0.25000
293,0.1541,28901376,53342,0.01323,1.10e-04,0.5650,113.9531,0.00000,0.00100,0.00000,10.00000,867.24858,0.00000,0.77020,0.00000,0.00000,0.78021,0.00000,0.00000,0.00000,0.00000,0.00000,0.45480,1.99751,1.66696,0.98864,0.98361,1.00000,2096.02913,-0.03346,-0.20505,0.23868,-0.03599,0.43361,0.77822,-0.08264,-0.00833,-0.03036,-0.06638,0.11021,0.30858,0.34832,2.34480,2.60400,0.86932,0.85246,0.77778,0.74159,0.00200,0.33877,1.27665,3.18000,0.75000,0.72131,0.55556
294,0.1546,28999680,52933,0.00943,1.89e-04,0.5650,118.4785,0.00000,0.00000,0.00000,10.00000,852.32474,0.00000,0.73457,0.00000,0.00000,0.78048,0.00000,0.00000,0.00000,0.00000,0.00000,0.45393,2.01181,1.65323,0.97778,1.00000,0.87500,2107.00326,-0.03321,-0.20602,0.24054,-0.03768,0.43433,0.77849,-0.08261,-0.00789,-0.03132,-0.06652,0.11097,0.31079,0.34858,2.21672,2.94308,0.80000,0.78151,0.52632,0.74288,0.00000,0.33964,1.28843,3.01500,0.62222,0.55932,0.27273
295,0.1551,29097984,54041,0.01716,9.04e-05,0.5650,122.6619,0.00000,0.00000,0.00000,10.00000,825.24642,0.00000,0.72338,0.00000,0.00000,0.78492,0.00000,0.00000,0.00000,0.00000,0.00000,0.45457,2.01880,1.57886,0.98958,0.98387,1.00000,2114.18831,-0.03317,-0.20677,0.24192,-0.03760,0.43729,0.78293,-0.08228,-0.00818,-0.03361,-0.06663,0.11216,0.31197,0.34969,2.44712,2.65375,0.78646,0.72000,0.71429,0.74846,0.00000,0.33845,1.28782,3.71333,0.58333,0.46032,0.50000
296,0.1556,29196288,53089,0.00997,1.43e-04,0.5649,107.8437,0.00000,0.00000,0.00000,10.00000,918.35841,0.00000,0.69874,0.00000,0.00000,0.78872,0.00000,0.00000,0.00000,0.00000,0.00000,0.45498,2.03072,1.52971,1.00000,1.00000,1.00000,2111.04736,-0.03313,-0.20652,0.24329,-0.03884,0.43809,0.78674,-0.08329,-0.00814,-0.02991,-0.06667,0.11267,0.31359,0.35007,2.22298,2.08000,0.85052,0.78689,0.91667,0.75035,0.00000,0.33788,1.30394,3.24782,0.70103,0.56667,0.83333
297,0.1562,29294592,54007,0.01532,1.41e-04,0.5649,117.4099,0.00000,0.00000,0.00000,10.00000,845.51810,0.00000,0.70513,0.00000,0.00000,0.78641,0.00000,0.00000,0.00000,0.00000,0.00000,0.45370,2.02359,1.51000,1.00000,1.00000,1.00000,2128.75618,-0.03316,-0.20807,0.24185,-0.03701,0.43745,0.78438,-0.08234,-0.00594,-0.03168,-0.06682,0.11135,0.31124,0.34946,2.41788,2.66095,0.84615,0.78030,0.86957,0.74731,0.00000,0.33421,1.28306,3.57620,0.69231,0.57971,0.75000
298,0.1567,29392896,53340,0.01233,1.30e-04,0.5648,124.4780,0.00000,0.00000,0.00000,10.00000,827.02336,0.00000,0.82492,0.00000,0.00000,0.78795,0.00000,0.00000,0.00000,0.00000,0.00000,0.45462,2.02286,1.57368,1.00000,1.00000,1.00000,2119.69010,-0.03325,-0.20715,0.24102,-0.03760,0.43764,0.78582,-0.08216,-0.00612,-0.03279,-0.06669,0.11081,0.31001,0.34918,2.35635,2.02667,0.81313,0.77551,0.72727,0.74589,0.00000,0.33286,1.26990,3.33147,0.62626,0.57143,0.40000
299,0.1572,29491200,52787,0.01386,1.19e-04,0.5648,110.3353,0.00000,0.00000,0.00000,10.00000,782.41150,0.00000,0.81613,0.00000,0.00000,0.78636,0.00000,0.00000,0.00000,0.00000,0.00000,0.45410,2.00315,1.60364,1.00000,1.00000,1.00000,2114.21908,-0.03340,-0.20663,0.23799,-0.03708,0.43545,0.78432,-0.08229,-0.00496,-0.03399,-0.06629,0.10980,0.30596,0.34791,2.32600,2.25765,0.79646,0.74699,0.80000,0.73955,0.00000,0.33103,1.25391,3.35129,0.59292,0.51724,0.63636
300,0.1578,29589504,53364,0.01235,1.37e-04,0.5648,117.5052,0.00000,0.00000,0.00000,10.00000,836.08169,0.00000,0.80918,0.00000,0.00000,0.78015,0.00000,0.00000,0.00000,0.00000,0.00000,0.45361,1.98943,1.59174,1.00000,1.00000,1.00000,2145.76790,-0.03333,-0.20974,0.23630,-0.03742,0.43230,0.77798,-0.08231,-0.00436,-0.03607,-0.06656,0.10913,0.30431,0.34718,2.26656,1.70000,0.83152,0.78358,0.75000,0.73588,0.00000,0.33104,1.23920,2.98712,0.66304,0.60811,0.60000
301,0.1583,29687808,54381,0.01282,1.58e-04,0.5648,118.7896,0.00000,0.00000,0.00000,10.00000,858.82646,0.00000,0.75000,0.00000,0.00000,0.78131,0.00000,0.00000,0.00000,0.00000,0.00000,0.45354,2.00868,1.54237,1.00000,1.00000,1.00000,2139.67025,-0.03326,-0.20921,0.23891,-0.03736,0.43255,0.77907,-0.08282,-0.00535,-0.02943,-0.06650,0.10977,0.30706,0.34750,2.22622,2.86000,0.84375,0.82407,0.60000,0.73749,0.00000,0.33257,1.27221,3.08468,0.68750,0.66071,0.25000
302,0.1588,29786112,52722,0.01326,1.65e-04,0.5648,115.5923,0.00000,0.00000,0.00000,10.00000,819.57927,0.00000,0.90108,0.00000,0.00000,0.78633,0.00000,0.00000,0.00000,0.00000,0.00000,0.45364,2.02904,1.66194,1.00000,1.00000,1.00000,2161.94971,-0.03325,-0.21141,0.24252,-0.03819,0.43405,0.78420,-0.08380,-0.00633,-0.03078,-0.06653,0.11166,0.31224,0.34792,2.05835,1.91200,0.81707,0.78195,0.83333,0.73961,0.00000,0.33537,1.29766,2.64081,0.63415,0.54688,0.66667
303,0.1593,29884416,53469,0.01377,1.33e-04,0.5648,112.9447,0.00000,0.00000,0.00000,10.00000,831.06206,0.00000,0.74948,0.00000,0.00000,0.79188,0.00000,0.00000,0.00000,0.00000,0.00000,0.45299,2.04303,1.54102,0.99057,0.98571,1.00000,2147.67415,-0.03303,-0.21001,0.24299,-0.03738,0.43893,0.78963,-0.08323,-0.00576,-0.02963,-0.06685,0.11172,0.31264,0.34946,2.33970,2.39571,0.80189,0.74126,0.70588,0.74732,0.00000,0.33460,1.29625,3.47236,0.61321,0.50685,0.37500
304,0.1598,29982720,53710,0.01324,1.47e-04,0.5647,121.4426,0.00000,0.00000,0.00000,10.00000,863.01245,0.00000,0.79282,0.00000,0.00000,0.79436,0.00000,0.00000,0.00000,0.00000,0.00000,0.45380,2.05304,1.63631,0.98958,0.98551,1.00000,2135.48031,-0.03288,-0.20878,0.24453,-0.03791,0.44285,0.79218,-0.08303,-0.00470,-0.02928,-0.06690,0.11310,0.31485,0.35065,2.33404,1.64222,0.84375,0.80292,0.75000,0.75326,0.00000,0.33245,1.30438,3.29818,0.69792,0.61765,0.40000
305,0.1604,30081024,52337,0.01294,1.89e-04,0.5646,113.8463,0.00000,0.00000,0.00000,10.00000,847.35737,0.00000,0.76190,0.00000,0.00000,0.79569,0.00000,0.00000,0.00000,0.00000,0.00000,0.45328,2.04722,1.61518,0.99048,0.98630,1.00000,2122.89421,-0.03303,-0.20765,0.24503,-0.03711,0.44235,0.79346,-0.08219,-0.00362,-0.03190,-0.06713,0.11324,0.31528,0.35022,2.22280,1.86750,0.82381,0.77778,0.76190,0.75109,0.00000,0.33174,1.31379,3.06333,0.65714,0.56338,0.54545
306,0.1609,30179328,53600,0.01438,2.06e-04,0.5646,116.1940,0.00000,0.00000,0.00000,10.00000,830.15375,0.00000,0.78333,0.00000,0.00000,0.79431,0.00000,0.00000,0.00000,0.00000,0.00000,0.45276,2.03152,1.52513,0.99000,0.98571,1.00000,2115.71973,-0.03300,-0.20683,0.24383,-0.03793,0.44120,0.79213,-0.08202,-0.00334,-0.03205,-0.06693,0.11268,0.31372,0.34999,2.47792,2.30286,0.84000,0.79433,0.81250,0.74993,0.00000,0.33363,1.31142,3.78175,0.69000,0.60563,0.57143
307,0.1614,30277632,53509,0.01728,1.19e-04,0.5645,122.2295,0.00000,0.00000,0.00000,10.00000,831.90527,0.00000,0.81019,0.00000,0.00000,0.78953,0.00000,0.00000,0.00000,0.00000,0.00000,0.45332,2.02340,1.60923,1.00000,1.00000,1.00000,2109.90495,-0.03312,-0.20655,0.24288,-0.03747,0.43924,0.78738,-0.08212,-0.00305,-0.02764,-0.06658,0.11324,0.31307,0.34958,2.25828,2.61778,0.80729,0.76429,0.66667,0.74790,0.00000,0.33227,1.31644,3.27080,0.61458,0.51471,0.33333
308,0.1619,30375936,53841,0.01340,1.48e-04,0.5645,115.8285,0.00000,0.00000,0.00000,10.00000,811.53013,0.00000,0.73016,0.00000,0.00000,0.78756,0.00000,0.00000,0.00000,0.00000,0.00000,0.45321,2.02527,1.66480,0.99048,0.98438,1.00000,2111.59424,-0.03301,-0.20668,0.24315,-0.03758,0.43861,0.78550,-0.08269,-0.00253,-0.02894,-0.06670,0.11367,0.31308,0.34921,2.49922,2.09222,0.80476,0.73188,0.81818,0.74607,0.00000,0.33191,1.31950,3.68000,0.61905,0.51351,0.60000
309,0.1624,30474240,53237,0.01108,1.86e-04,0.5645,123.2495,0.00000,0.00000,0.00000,10.00000,808.31351,0.00000,0.75866,0.00000,0.00000,0.79016,0.00000,0.00000,0.00000,0.00000,0.00000,0.45399,2.03723,1.70290,0.98925,0.98387,1.00000,2090.86800,-0.03308,-0.20453,0.24284,-0.03738,0.44051,0.78802,-0.08204,-0.00417,-0.02857,-0.06656,0.11420,0.31286,0.34937,2.51530,1.71846,0.79032,0.73228,0.68750,0.74687,0.00000,0.33202,1.30806,3.73391,0.59140,0.49231,0.37500
310,0.1630,30572544,52994,0.01698,1.56e-04,0.5645,117.3264,0.00000,0.00000,0.00000,10.00000,848.53533,0.00000,0.83088,0.00000,0.00000,0.79041,0.00000,0.00000,0.00000,0.00000,0.00000,0.45409,2.03545,1.61229,0.97345,0.96667,1.00000,2100.21159,-0.03303,-0.20549,0.24281,-0.03786,0.44123,0.78835,-0.08189,-0.00392,-0.02929,-0.06686,0.11342,0.31246,0.35027,2.22270,2.73833,0.84071,0.80473,0.78571,0.75135,0.00000,0.33137,1.30530,3.09731,0.70796,0.62025,0.62500
311,0.1635,30670848,53078,0.01627,1.33e-04,0.5645,117.7529,0.00000,0.00000,0.00000,10.00000,806.43490,0.00000,0.84795,0.00000,0.00000,0.79082,0.00000,0.00000,0.00000,0.00000,0.00000,0.45427,2.01724,1.74358,0.98246,1.00000,0.85714,2090.75602,-0.03302,-0.20456,0.24280,-0.03753,0.44190,0.78873,-0.08175,-0.00303,-0.02997,-0.06668,0.11326,0.31230,0.35026,2.52275,2.02800,0.78947,0.77011,0.50000,0.75128,0.00000,0.33175,1.31143,3.66154,0.59649,0.53488,0.14286
312,0.1640,30769152,53165,0.01374,1.58e-04,0.5645,119.9792,0.00000,0.00000,0.00000,10.00000,806.71285,0.00000,0.81066,0.00000,0.00000,0.79026,0.00000,0.00000,0.00000,0.00000,0.00000,0.45510,2.00650,1.69506,0.98980,0.98551,1.00000,2094.99007,-0.03302,-0.20502,0.24133,-0.03699,0.44207,0.78801,-0.08145,-0.00274,-0.02838,-0.06666,0.11253,0.31069,0.35094,2.56865,3.07875,0.81122,0.76224,0.88889,0.75469,0.00000,0.33179,1.31368,3.61968,0.63265,0.55405,0.80000
313,0.1645,30867456,52409,0.01691,1.14e-04,0.5645,118.8847,0.00000,0.00000,0.00000,10.00000,833.08475,0.00000,0.84736,0.00000,0.00000,0.78866,0.00000,0.00000,0.00000,0.00000,0.00000,0.45460,2.01799,1.59089,1.00000,1.00000,1.00000,2143.68636,-0.03309,-0.20971,0.24256,-0.03750,0.43997,0.78646,-0.08223,-0.00243,-0.03138,-0.06687,0.11379,0.31294,0.35085,2.45191,1.63200,0.84343,0.82119,0.57143,0.75425,0.00000,0.33184,1.31920,3.64526,0.68687,0.64000,0.25000
314,0.1651,30965760,53530,0.01179,1.76e-04,0.5645,122.4746,0.00000,0.00000,0.00000,10.00000,828.61994,0.00000,0.75163,0.00000,0.00000,0.79403,0.00000,0.00000,0.00000,0.00000,0.00000,0.45255,2.02631,1.70954,0.98824,0.98246,1.00000,2132.44385,-0.03300,-0.20844,0.24378,-0.03785,0.44194,0.79202,-0.08255,-0.00241,-0.03140,-0.06686,0.11354,0.31410,0.35065,2.44477,2.25384,0.81176,0.76522,0.70588,0.75323,0.00000,0.33402,1.32988,3.53091,0.63529,0.55172,0.44444
315,0.1656,31064064,52892,0.01551,1.30e-04,0.5645,112.1631,0.00000,0.00000,0.00000,10.00000,875.36818,0.00000,0.78014,0.00000,0.00000,0.79154,0.00000,0.00000,0.00000,0.00000,0.00000,0.45222,2.05630,1.61820,0.96809,0.95775,1.00000,2128.88542,-0.03289,-0.20805,0.24825,-0.03886,0.44214,0.78933,-0.08216,-0.00195,-0.03094,-0.06675,0.11531,0.32037,0.35010,2.38382,3.14706,0.84043,0.80303,0.77778,0.75048,0.00000,0.33352,1.34376,3.41345,0.71277,0.62295,0.60000
316,0.1661,31162368,52588,0.01181,1.87e-04,0.5644,109.4420,0.00000,0.00000,0.00000,10.00000,785.29357,0.00000,0.81046,0.00000,0.00000,0.79446,0.00000,0.00000,0.00000,0.00000,0.00000,0.45167,2.06341,1.67771,0.97647,0.98361,0.90000,2140.04834,-0.03286,-0.20915,0.24708,-0.03823,0.44342,0.79235,-0.08251,-0.00039,-0.03344,-0.06666,0.11568,0.31875,0.35135,2.44319,2.28750,0.81176,0.77419,0.76471,0.75676,0.00000,0.33068,1.32763,3.53673,0.64706,0.57143,0.57143
317,0.1666,31260672,53272,0.01687,1.14e-04,0.5644,105.6240,0.00000,0.00000,0.00000,10.00000,868.93903,0.00000,0.80610,0.00000,0.00000,0.80015,0.00000,0.00000,0.00000,0.00000,0.00000,0.45105,2.09272,1.53921,1.00000,1.00000,1.00000,2121.85661,-0.03267,-0.20771,0.25009,-0.03744,0.44686,0.79804,-0.08213,0.00045,-0.02911,-0.06690,0.11663,0.32228,0.35211,2.51007,1.99778,0.88725,0.85811,0.81818,0.76056,0.00000,0.32918,1.36053,3.54929,0.77451,0.73077,0.60000
318,0.1671,31358976,53413,0.01210,1.37e-04,0.5643,117.7508,0.00000,0.00000,0.00000,10.00000,819.07213,0.00000,0.74901,0.00000,0.00000,0.80573,0.00000,0.00000,0.00000,0.00000,0.00000,0.45196,2.09353,1.69483,0.99107,0.98667,1.00000,2125.19124,-0.03261,-0.20781,0.25055,-0.03918,0.44989,0.80360,-0.08203,-0.00038,-0.03048,-0.06719,0.11745,0.32357,0.35222,2.39876,2.26348,0.82143,0.77483,0.82143,0.76112,0.00000,0.33104,1.35384,3.51750,0.65179,0.56579,0.61538
319,0.1677,31457280,53001,0.01434,1.20e-04,0.5643,111.5871,0.00000,0.00000,0.00000,10.00000,874.16961,0.00000,0.79450,0.00000,0.00000,0.80496,0.00000,0.00000,0.00000,0.00000,0.00000,0.45260,2.08032,1.60160,1.00000,1.00000,1.00000,2106.66309,-0.03282,-0.20605,0.24970,-0.03824,0.44885,0.80273,-0.08255,-0.00015,-0.03064,-0.06703,0.11728,0.32150,0.35187,2.49045,2.18571,0.88172,0.84962,0.93333,0.75937,0.00000,0.33014,1.35423,3.62034,0.76344,0.70149,0.83333
320,0.1682,31555584,53099,0.01160,1.72e-04,0.5642,126.0962,0.00000,0.00000,0.00000,10.00000,812.34354,0.00000,0.83829,0.00000,0.00000,0.79977,0.00000,0.00000,0.00000,0.00000,0.00000,0.45282,2.05928,1.56435,1.00000,1.00000,1.00000,2101.37354,-0.03285,-0.20556,0.24728,-0.03840,0.44601,0.79748,-0.08200,-0.00008,-0.02962,-0.06687,0.11525,0.31735,0.35048,2.19564,1.90571,0.80357,0.75740,0.82353,0.75242,0.00000,0.32960,1.33683,3.10312,0.60714,0.52326,0.62500
321,0.1687,31653888,52865,0.01472,1.58e-04,0.5642,98.2119,0.00000,0.00000,0.00000,10.00000,822.70750,0.00000,0.85470,0.00000,0.00000,0.79638,0.00000,0.00000,0.00000,0.00000,0.00000,0.45237,2.05521,1.59519,1.00000,1.00000,1.00000,2065.67790,-0.03276,-0.20222,0.24900,-0.03809,0.44380,0.79400,-0.08198,0.00188,-0.02622,-0.06659,0.11586,0.31964,0.34992,2.38030,2.14444,0.82418,0.78571,0.80000,0.74961,0.00000,0.32963,1.36416,3.57307,0.64835,0.54545,0.60000
322,0.1692,31752192,52409,0.01248,1.98e-04,0.5642,110.2681,0.00000,0.00000,0.00000,10.00000,846.00156,0.00000,0.77083,0.00000,0.00000,0.78952,0.00000,0.00000,0.00000,0.00000,0.00000,0.45347,2.06071,1.62697,1.00000,1.00000,1.00000,2074.10612,-0.03273,-0.20293,0.24977,-0.03889,0.44207,0.78724,-0.08172,0.00136,-0.02973,-0.06657,0.11683,0.32120,0.34918,2.44531,2.64286,0.87500,0.84685,0.81250,0.74590,0.00000,0.33037,1.35417,3.59447,0.75000,0.67925,0.62500
323,0.1698,31850496,53389,0.02355,1.17e-04,0.5641,116.6175,0.00000,0.00000,0.00000,10.00000,849.23056,0.00000,0.80103,0.00000,0.00000,0.79151,0.00000,0.00000,0.00000,0.00000,0.00000,0.45374,2.06058,1.63467,0.98837,0.98276,1.00000,2123.93962,-0.03275,-0.20755,0.24966,-0.03854,0.44285,0.78908,-0.08158,0.00139,-0.03054,-0.06666,0.11811,0.32112,0.35058,2.63859,3.74400,0.84302,0.79032,0.83333,0.75291,0.00000,0.32992,1.36953,3.75407,0.69767,0.62121,0.75000
324,0.1703,31948800,52891,0.01282,1.20e-04,0.5641,116.0267,0.00000,0.00000,0.00000,10.00000,853.91647,0.00000,0.79060,0.00000,0.00000,0.79963,0.00000,0.00000,0.00000,0.00000,0.00000,0.45354,2.04677,1.66326,1.00000,1.00000,1.00000,2109.86051,-0.03285,-0.20632,0.24961,-0.03938,0.44760,0.79720,-0.08192,0.00102,-0.02890,-0.06669,0.11700,0.32199,0.35231,2.45067,2.85333,0.85096,0.81081,0.88889,0.76156,0.00000,0.33231,1.38523,3.54290,0.70192,0.60000,0.80000
325,0.1708,32047104,53279,0.01118,1.72e-04,0.5641,110.8706,0.00000,0.00000,0.00000,10.00000,837.78992,0.00000,0.77222,0.00000,0.00000,0.79872,0.00000,0.00000,0.00000,0.00000,0.00000,0.45522,2.04917,1.58730,0.99000,0.98529,1.00000,2105.85840,-0.03288,-0.20588,0.24970,-0.03926,0.44751,0.79634,-0.08225,0.00093,-0.02762,-0.06673,0.11795,0.32238,0.35259,2.42186,2.66363,0.82500,0.78417,0.78571,0.76295,0.00000,0.33115,1.38267,3.54473,0.66000,0.59155,0.57143
326,0.1713,32145408,52938,0.01744,1.24e-04,0.5641,117.8137,0.00000,0.00000,0.00000,10.00000,820.39219,0.00000,0.80423,0.00000,0.00000,0.79711,0.00000,0.00000,0.00000,0.00000,0.00000,0.45540,2.03104,1.52097,0.98095,0.97333,1.00000,2107.64209,-0.03283,-0.20618,0.24820,-0.03920,0.44750,0.79473,-0.08230,0.00230,-0.02868,-0.06680,0.11688,0.32007,0.35316,2.38507,2.15867,0.82381,0.78947,0.73684,0.76578,0.00000,0.32943,1.38280,3.49219,0.66667,0.61039,0.50000
327,0.1719,32243712,52421,0.01520,9.98e-05,0.5641,114.6045,0.00000,0.00000,0.00000,10.00000,880.31180,0.00000,0.73707,0.00000,0.00000,0.79917,0.00000,0.00000,0.00000,0.00000,0.00000,0.45490,2.03145,1.44421,0.98020,0.98571,0.85714,2128.08577,-0.03274,-0.20806,0.24817,-0.03899,0.44715,0.79663,-0.08135,0.00275,-0.02877,-0.06721,0.11549,0.32042,0.35255,2.42526,2.68308,0.87624,0.84328,0.75000,0.76274,0.00000,0.33022,1.38015,3.73333,0.77228,0.68750,0.66667
328,0.1724,32342016,54063,0.01186,1.02e-04,0.5641,96.9463,0.00000,0.00000,0.00000,10.00000,864.60132,0.00000,0.76531,0.00000,0.00000,0.79877,0.00000,0.00000,0.00000,0.00000,0.00000,0.45366,2.02648,1.60342,1.00000,1.00000,1.00000,2107.65202,-0.03280,-0.20598,0.24885,-0.04006,0.44692,0.79627,-0.08121,0.00309,-0.02941,-0.06730,0.11420,0.32078,0.35209,2.34000,2.34545,0.83673,0.78519,0.78571,0.76044,0.00000,0.33075,1.37547,3.41654,0.67347,0.56716,0.50000
329,0.1729,32440320,53148,0.01330,1.30e-04,0.5640,106.0651,0.00000,0.00000,0.00000,10.00000,855.90523,0.00000,0.75556,0.00000,0.00000,0.79347,0.00000,0.00000,0.00000,0.00000,0.00000,0.45328,2.02601,1.64889,0.99000,1.00000,0.87500,2104.05713,-0.03284,-0.20592,0.24809,-0.03779,0.44457,0.79102,-0.08118,0.00507,-0.02880,-0.06700,0.11532,0.31892,0.35125,2.44178,2.50769,0.84000,0.80882,0.64706,0.75624,0.00000,0.32743,1.37776,3.34793,0.69000,0.63889,0.44444
330,0.1734,32538624,52160,0.01631,7.61e-05,0.5640,92.7799,0.00000,0.00000,0.00000,10.00000,826.77640,0.00000,0.81871,0.00000,0.00000,0.79189,0.00000,0.00000,0.00000,0.00000,0.00000,0.45406,2.01712,1.65173,1.00000,1.00000,1.00000,2084.31250,-0.03293,-0.20404,0.24751,-0.03821,0.44290,0.78951,-0.08160,0.00441,-0.02656,-0.06664,0.11534,0.31732,0.35070,2.58940,2.05333,0.83158,0.78571,0.85714,0.75352,0.00000,0.32830,1.38022,3.78135,0.66316,0.57143,0.77778
331,0.1739,32636928,53962,0.00977,1.32e-04,0.5640,129.3084,0.00000,0.00000,0.00000,10.00000,874.54344,0.00000,0.79439,0.00000,0.00000,0.78967,0.00000,0.00000,0.00000,0.00000,0.00000,0.45286,2.00598,1.56837,1.00000,1.00000,1.00000,2093.02572,-0.03300,-0.20487,0.24603,-0.03804,0.44198,0.78737,-0.08164,0.00548,-0.02619,-0.06675,0.11506,0.31613,0.35082,2.51513,2.02667,0.87850,0.85621,0.76923,0.75411,0.00000,0.32768,1.37818,3.74879,0.75701,0.70667,0.40000
332,0.1745,32735232,53690,0.01052,1.89e-04,0.5640,110.4184,0.00000,0.00000,0.00000,10.00000,869.25592,0.00000,0.81541,0.00000,0.00000,0.79315,0.00000,0.00000,0.00000,0.00000,0.00000,0.45239,1.99549,1.75283,0.98387,0.97674,1.00000,2103.40397,-0.03316,-0.20573,0.24308,-0.03751,0.44332,0.79065,-0.08223,0.00447,-0.02843,-0.06712,0.11409,0.31377,0.35181,2.36565,3.00363,0.85484,0.81319,0.91667,0.75904,0.00000,0.32957,1.36523,3.08846,0.72581,0.66667,0.83333
333,0.1750,32833536,52945,0.01691,1.63e-04,0.5639,118.1613,0.00000,0.00000,0.00000,10.00000,819.37245,0.00000,0.80524,0.00000,0.00000,0.79369,0.00000,0.00000,0.00000,0.00000,0.00000,0.45198,1.99701,1.58030,0.97753,1.00000,0.71429,2087.46175,-0.03300,-0.20407,0.24415,-0.03844,0.44375,0.79126,-0.08179,0.00409,-0.03050,-0.06667,0.11378,0.31482,0.35145,2.39333,2.32889,0.81461,0.79070,0.57143,0.75726,0.00000,0.33148,1.36164,3.36607,0.65169,0.60294,0.42857
334,0.1755,32931840,53423,0.01350,1.19e-04,0.5639,115.7890,0.00000,0.00000,0.00000,10.00000,870.61410,0.00000,0.83333,0.00000,0.00000,0.78970,0.00000,0.00000,0.00000,0.00000,0.00000,0.45204,2.00220,1.61868,0.99123,0.98851,1.00000,2105.21305,-0.03285,-0.20589,0.24565,-0.03847,0.44148,0.78729,-0.08142,0.00600,-0.03323,-0.06688,0.11434,0.31701,0.35044,2.39427,2.19143,0.85088,0.82456,0.77778,0.75220,0.00000,0.32909,1.36965,3.46363,0.71053,0.65476,0.60000
335,0.1760,33030144,53705,0.01240,1.47e-04,0.5639,123.7914,0.00000,0.00000,0.00000,10.00000,849.29893,0.00000,0.69069,0.00000,0.00000,0.78916,0.00000,0.00000,0.00000,0.00000,0.00000,0.45230,2.00732,1.56269,1.00000,1.00000,1.00000,2145.53385,-0.03286,-0.20977,0.24498,-0.03877,0.44141,0.78687,-0.08161,0.00612,-0.02989,-0.06697,0.11447,0.31645,0.35068,2.45111,2.44471,0.83108,0.73913,0.94444,0.75342,0.00000,0.32771,1.37383,3.66684,0.66216,0.51020,0.88889
336,0.1765,33128448,53472,0.01426,1.56e-04,0.5639,112.5197,0.00000,0.00000,0.00000,10.00000,831.99500,0.00000,0.75531,0.00000,0.00000,0.79325,0.00000,0.00000,0.00000,0.00000,0.00000,0.45214,2.02395,1.73754,1.00000,1.00000,1.00000,2127.48193,-0.03271,-0.20808,0.24955,-0.03855,0.44401,0.79085,-0.08213,0.00601,-0.02772,-0.06703,0.11649,0.32172,0.35150,2.60955,2.84666,0.80899,0.73554,0.86667,0.75749,0.00000,0.33058,1.41647,3.84174,0.61798,0.49206,0.75000
337,0.1771,33226752,52678,0.01441,1.60e-04,0.5639,112.3273,0.00000,0.00000,0.00000,10.00000,852.91710,0.00000,0.73856,0.00000,0.00000,0.79782,0.00000,0.00000,0.00000,0.00000,0.00000,0.45282,2.02895,1.61574,1.00000,1.00000,1.00000,2146.83268,-0.03277,-0.20989,0.25061,-0.03863,0.44704,0.79536,-0.08231,0.00713,-0.03060,-0.06695,0.11718,0.32323,0.35301,2.38923,2.52470,0.81765,0.81416,0.60000,0.76505,0.00000,0.32894,1.41947,3.23178,0.63529,0.65000,0.33333
338,0.1776,33325056,53024,0.01576,1.24e-04,0.5639,114.8278,0.00000,0.00000,0.00000,10.00000,883.30973,0.00000,0.80478,0.00000,0.00000,0.80430,0.00000,0.00000,0.00000,0.00000,0.00000,0.45183,2.05104,1.71452,1.00000,1.00000,1.00000,2156.50488,-0.03258,-0.21089,0.25324,-0.04006,0.44971,0.80185,-0.08215,0.00658,-0.03071,-0.06724,0.11741,0.32594,0.35353,2.38629,2.48571,0.88318,0.85161,0.77778,0.76765,0.00000,0.32997,1.42574,3.34271,0.76636,0.69737,0.50000
339,0.1781,33423360,52263,0.01317,1.24e-04,0.5639,106.6135,0.00000,0.00000,0.00000,10.00000,869.89439,0.00000,0.69940,0.00000,0.00000,0.80817,0.00000,0.00000,0.00000,0.00000,0.00000,0.45263,2.05583,1.53400,1.00000,1.00000,1.00000,2103.21777,-0.03266,-0.20569,0.25271,-0.04041,0.45320,0.80567,-0.08237,0.00562,-0.02994,-0.06736,0.11741,0.32646,0.35380,2.49641,2.76451,0.88393,0.82979,0.93939,0.76899,0.00000,0.32995,1.41665,3.50947,0.76786,0.69620,0.86667
340,0.1787,33521664,51085,0.01359,1.10e-04,0.5639,107.6795,0.00000,0.00000,0.00000,10.00000,903.48778,0.00000,0.75358,0.00000,0.00000,0.80605,0.00000,0.00000,0.00000,0.00000,0.00000,0.45222,2.06234,1.62293,0.99010,1.00000,1.00000,2089.41699,-0.03270,-0.20440,0.25291,-0.04033,0.45305,0.80371,-0.08186,0.00569,-0.02916,-0.06694,0.11804,0.32653,0.35357,2.47600,2.67231,0.90594,0.87591,0.92308,0.76786,0.00000,0.32996,1.41448,3.54233,0.82178,0.75362,0.83333
341,0.1792,33619968,52763,0.01341,1.58e-04,0.5638,116.2183,0.00000,0.00000,0.00000,10.00000,841.49544,0.00000,0.80308,0.00000,0.00000,0.80319,0.00000,0.00000,0.00000,0.00000,0.00000,0.45219,2.04156,1.55147,0.99010,0.98571,1.00000,2103.04508,-0.03263,-0.20561,0.25152,-0.03880,0.45170,0.80079,-0.08151,0.00653,-0.03045,-0.06711,0.11749,0.32380,0.35342,2.26844,1.49200,0.82673,0.78082,0.72727,0.76711,0.00000,0.32833,1.40924,3.16466,0.66337,0.59211,0.50000
342,0.1797,33718272,50137,0.01472,1.56e-04,0.5638,104.0684,0.00000,0.00000,0.00000,10.00000,845.04158,0.00000,0.82099,0.00000,0.00000,0.80235,0.00000,0.00000,0.00000,0.00000,0.00000,0.45103,2.03729,1.60912,1.00000,1.00000,1.00000,2093.09863,-0.03273,-0.20486,0.25192,-0.03932,0.44994,0.80007,-0.08152,0.00743,-0.02787,-0.06697,0.11692,0.32377,0.35297,2.26744,2.76000,0.84444,0.80451,0.77778,0.76484,0.00000,0.32926,1.42632,3.11207,0.68889,0.62857,0.50000
343,0.1803,33816576,53237,0.01491,1.65e-04,0.5637,101.4051,0.00000,0.00000,0.00000,10.00000,877.46306,0.00000,0.73388,0.00000,0.00000,0.80049,0.00000,0.00000,0.00000,0.00000,0.00000,0.45103,2.04598,1.78154,0.98765,0.98246,1.00000,2088.73779,-0.03267,-0.20428,0.25486,-0.03983,0.44884,0.79828,-0.08253,0.00830,-0.02860,-0.06653,0.11715,0.32771,0.35217,2.55964,2.56800,0.86420,0.83178,0.81250,0.76084,0.00000,0.32906,1.44270,3.63574,0.74074,0.66000,0.62500
344,0.1808,33914880,53495,0.01126,2.27e-04,0.5636,114.2553,0.00000,0.00000,0.00000,10.00000,852.24416,0.00000,0.83014,0.00000,0.00000,0.79958,0.00000,0.00000,0.00000,0.00000,0.00000,0.45169,2.05927,1.50200,0.98851,0.98485,1.00000,2118.94434,-0.03265,-0.20723,0.25530,-0.04047,0.44859,0.79742,-0.08245,0.01026,-0.02927,-0.06669,0.11878,0.32834,0.35236,2.44133,1.70333,0.85632,0.83077,0.66667,0.76179,0.00000,0.32558,1.44180,3.75640,0.72414,0.67188,0.25000
345,0.1813,34013184,54320,0.01860,1.32e-04,0.5636,113.2502,0.00000,0.00000,0.00000,10.00000,821.43998,0.00000,0.86909,0.00000,0.00000,0.80865,0.00000,0.00000,0.00000,0.00000,0.00000,0.45129,2.05590,1.56690,0.99010,0.98701,1.00000,2075.90495,-0.03260,-0.20325,0.25465,-0.03917,0.45325,0.80643,-0.08182,0.01082,-0.02628,-0.06672,0.11884,0.32763,0.35412,2.26360,2.02461,0.82178,0.78481,0.85714,0.77062,0.00000,0.32395,1.45994,3.15030,0.65347,0.59259,0.71429
346,0.1818,34111488,53185,0.01293,1.44e-04,0.5636,92.8680,0.00000,0.00000,0.00000,10.00000,863.99426,0.00000,0.78798,0.00000,0.00000,0.80841,0.00000,0.00000,0.00000,0.00000,0.00000,0.45075,2.03902,1.60707,1.00000,1.00000,1.00000,2105.57324,-0.03257,-0.20583,0.25395,-0.04050,0.45378,0.80606,-0.08190,0.01096,-0.02998,-0.06686,0.11890,0.32708,0.35355,2.46746,2.36533,0.84694,0.79856,0.87500,0.76776,0.00000,0.32505,1.45837,3.64333,0.69388,0.57576,0.71429
347,0.1823,34209792,53075,0.01415,1.44e-04,0.5635,100.1143,0.00000,0.00000,0.00000,10.00000,864.77673,0.00000,0.73394,0.00000,0.00000,0.80479,0.00000,0.00000,0.00000,0.00000,0.00000,0.45086,2.02692,1.54878,0.99083,0.98630,1.00000,2084.40413,-0.03255,-0.20392,0.25244,-0.03941,0.45320,0.80244,-0.08200,0.01174,-0.02913,-0.06686,0.11785,0.32538,0.35423,2.34221,2.83238,0.83486,0.77083,0.86364,0.77116,0.00000,0.32430,1.45405,3.37492,0.67890,0.54930,0.75000
348,0.1829,34308096,53061,0.01357,1.44e-04,0.5635,122.7009,0.00000,0.00000,0.00000,10.00000,838.60589,0.00000,0.83064,0.00000,0.00000,0.80438,0.00000,0.00000,0.00000,0.00000,0.00000,0.45108,2.02507,1.80905,0.99029,0.98701,1.00000,2098.45833,-0.03252,-0.20522,0.25255,-0.03875,0.45298,0.80205,-0.08195,0.01140,-0.03000,-0.06705,0.11794,0.32540,0.35403,2.60107,2.33800,0.87864,0.87013,0.66667,0.77014,0.00000,0.32512,1.45222,3.62461,0.76699,0.75325,0.37500
349,0.1834,34406400,53551,0.01200,1.71e-04,0.5635,111.4215,0.00000,0.00000,0.00000,10.00000,854.73079,0.00000,0.79932,0.00000,0.00000,0.80372,0.00000,0.00000,0.00000,0.00000,0.00000,0.44992,2.00888,1.69308,0.98980,0.98571,1.00000,2092.30306,-0.03260,-0.20471,0.25092,-0.03905,0.45205,0.80142,-0.08177,0.01318,-0.02929,-0.06689,0.11599,0.32309,0.35404,2.52374,2.63867,0.87245,0.84397,0.87500,0.77022,0.00000,0.32328,1.45405,3.58590,0.75510,0.70423,0.71429
350,0.1839,34504704,52318,0.01415,1.76e-04,0.5636,113.3296,0.00000,0.00000,0.00000,10.00000,863.45439,0.00000,0.81369,0.00000,0.00000,0.80120,0.00000,0.00000,0.00000,0.00000,0.00000,0.44889,2.01018,1.60463,1.00000,1.00000,1.00000,2104.30501,-0.03270,-0.20587,0.24988,-0.03925,0.44935,0.79876,-0.08157,0.01295,-0.03090,-0.06676,0.11600,0.32215,0.35299,2.32248,2.45625,0.86364,0.83448,0.82353,0.76497,0.00000,0.32385,1.43891,3.25682,0.72727,0.66667,0.62500
351,0.1845,34603008,53822,0.01210,2.27e-04,0.5635,103.0038,0.00000,0.00000,0.00000,10.00000,848.80599,0.00000,0.75810,0.00000,0.00000,0.79961,0.00000,0.00000,0.00000,0.00000,0.00000,0.44993,2.01061,1.74805,1.00000,1.00000,1.00000,2084.63200,-0.03262,-0.20424,0.25046,-0.03976,0.44936,0.79724,-0.08137,0.01416,-0.02796,-0.06680,0.11626,0.32313,0.35318,2.44714,2.30800,0.83333,0.77099,0.88235,0.76589,0.00000,0.32241,1.45907,3.37926,0.66667,0.55882,0.75000
352,0.1850,34701312,54086,0.01517,2.11e-04,0.5635,111.5321,0.00000,0.00000,0.00000,10.00000,867.96462,0.00000,0.73375,0.00000,0.00000,0.80184,0.00000,0.00000,0.00000,0.00000,0.00000,0.45091,2.00338,1.68070,0.98113,0.98667,0.90909,2105.48047,-0.03274,-0.20608,0.25137,-0.03941,0.45044,0.79924,-0.08242,0.01313,-0.02908,-0.06692,0.11646,0.32464,0.35419,2.45972,3.23905,0.89151,0.86429,0.82609,0.77096,0.00000,0.32489,1.46471,3.56333,0.80189,0.72308,0.75000
353,0.1855,34799616,53005,0.01422,1.89e-04,0.5636,119.4354,0.00000,0.00000,0.00000,10.00000,855.98708,0.00000,0.80927,0.00000,0.00000,0.80662,0.00000,0.00000,0.00000,0.00000,0.00000,0.45060,1.99397,1.67573,0.99213,1.00000,0.88889,2085.98958,-0.03272,-0.20421,0.25012,-0.03901,0.45425,0.80410,-0.08195,0.01348,-0.02749,-0.06701,0.11549,0.32346,0.35560,2.39456,2.04555,0.86614,0.82703,0.89474,0.77800,0.00000,0.32504,1.46711,3.30864,0.74016,0.64444,0.90000
354,0.1860,34897920,53369,0.01778,9.04e-05,0.5636,112.7335,0.00000,0.00000,0.00000,10.00000,890.60193,0.00000,0.82041,0.00000,0.00000,0.80283,0.00000,0.00000,0.00000,0.00000,0.00000,0.45156,2.00093,1.46515,0.98837,0.98413,1.00000,2092.27881,-0.03274,-0.20452,0.25096,-0.04039,0.45294,0.80039,-0.08151,0.01406,-0.03176,-0.06663,0.11578,0.32388,0.35449,2.22656,2.51250,0.88372,0.85039,0.87500,0.77244,0.00000,0.32247,1.45367,3.12393,0.77907,0.71875,0.75000
355,0.1865,34996224,53273,0.01602,9.53e-05,0.5636,110.9039,0.00000,0.00000,0.00000,10.00000,906.78095,0.00000,0.77991,0.00000,0.00000,0.79828,0.00000,0.00000,0.00000,0.00000,0.00000,0.45115,1.99990,1.50683,1.00000,1.00000,1.00000,2103.87777,-0.03280,-0.20581,0.24932,-0.03905,0.44874,0.79585,-0.08174,0.01367,-0.02751,-0.06686,0.11563,0.32185,0.35315,2.35058,2.59714,0.87981,0.82877,1.00000,0.76573,0.00000,0.32330,1.44969,3.48034,0.75962,0.64789,1.00000
356,0.1871,35094528,53459,0.01224,1.32e-04,0.5636,113.9991,0.00000,0.00000,0.00000,10.00000,887.20763,0.00000,0.73362,0.00000,0.00000,0.79980,0.00000,0.00000,0.00000,0.00000,0.00000,0.45173,2.01103,1.55193,1.00000,1.00000,1.00000,2097.86523,-0.03280,-0.20518,0.25036,-0.04008,0.44903,0.79729,-0.08228,0.01306,-0.03172,-0.06643,0.11601,0.32277,0.35357,2.31874,1.80235,0.88462,0.84466,0.89474,0.76786,0.00000,0.32251,1.44389,3.28898,0.76923,0.69811,0.71429
357,0.1876,35192832,53939,0.01454,1.47e-04,0.5636,118.3802,0.00000,0.00000,0.00000,10.00000,877.21867,0.00000,0.75358,0.00000,0.00000,0.80207,0.00000,0.00000,0.00000,0.00000,0.00000,0.45151,2.02943,1.54931,0.99010,0.98462,1.00000,2136.99854,-0.03256,-0.20883,0.25339,-0.04011,0.45059,0.79951,-0.08197,0.01228,-0.03343,-0.06698,0.11685,0.32643,0.35346,2.41690,2.12947,0.86634,0.84672,0.75000,0.76730,0.00000,0.32454,1.45026,3.33478,0.74257,0.72222,0.54545
358,0.1881,35291136,53190,0.01352,1.49e-04,0.5635,118.2610,0.00000,0.00000,0.00000,10.00000,874.25865,0.00000,0.72751,0.00000,0.00000,0.80636,0.00000,0.00000,0.00000,0.00000,0.00000,0.45084,2.03908,1.54061,1.00000,1.00000,1.00000,2134.53499,-0.03264,-0.20883,0.25644,-0.03952,0.45375,0.80383,-0.08212,0.01289,-0.03175,-0.06685,0.11758,0.33030,0.35418,2.44622,2.17895,0.86905,0.86364,0.72727,0.77088,0.00000,0.32664,1.48189,3.53629,0.73810,0.72727,0.50000
359,0.1886,35389440,54133,0.01299,1.83e-04,0.5635,105.0619,0.00000,0.00000,0.00000,10.00000,886.11590,0.00000,0.76052,0.00000,0.00000,0.81064,0.00000,0.00000,0.00000,0.00000,0.00000,0.45106,2.04191,1.62919,0.99029,0.98529,1.00000,2113.87581,-0.03240,-0.20697,0.25678,-0.04040,0.45729,0.80816,-0.08205,0.01387,-0.02986,-0.06724,0.11853,0.33126,0.35596,2.42211,2.89143,0.87864,0.83688,0.87500,0.77979,0.00000,0.32559,1.50382,3.28500,0.76699,0.69863,0.77778
360,0.1891,35487744,53447,0.01961,1.02e-04,0.5635,102.5412,0.00000,0.00000,0.00000,10.00000,853.66801,0.00000,0.73016,0.00000,0.00000,0.81312,0.00000,0.00000,0.00000,0.00000,0.00000,0.45091,2.03926,1.56171,1.00000,1.00000,1.00000,2098.12581,-0.03232,-0.20529,0.25682,-0.04060,0.46061,0.81064,-0.08155,0.01377,-0.02899,-0.06714,0.11872,0.33185,0.35742,2.56053,2.06615,0.89048,0.84783,0.92593,0.78711,0.00000,0.32675,1.50319,3.76500,0.78095,0.70833,0.81818
361,0.1897,35586048,52749,0.01242,1.19e-04,0.5634,113.4052,0.00000,0.00000,0.00000,10.00000,910.68874,0.00000,0.77188,0.00000,0.00000,0.81116,0.00000,0.00000,0.00000,0.00000,0.00000,0.45087,2.04180,1.62176,0.98230,0.97619,1.00000,2113.08105,-0.03239,-0.20670,0.25800,-0.04125,0.45946,0.80864,-0.08192,0.01417,-0.03089,-0.06705,0.11876,0.33246,0.35659,2.17895,1.64800,0.86283,0.83439,0.64286,0.78295,0.00000,0.32655,1.49833,2.99677,0.74336,0.67123,0.00000
362,0.1902,35684352,53903,0.01148,1.44e-04,0.5634,117.8949,0.00000,0.00000,0.00000,10.00000,873.90574,0.00000,0.83937,0.00000,0.00000,0.80952,0.00000,0.00000,0.00000,0.00000,0.00000,0.45173,2.03140,1.75359,0.98913,0.98592,1.00000,2079.95996,-0.03242,-0.20355,0.25706,-0.04087,0.45833,0.80709,-0.08207,0.01387,-0.02597,-0.06671,0.11851,0.33098,0.35598,2.39554,2.93000,0.88587,0.87050,0.76923,0.77988,0.00000,0.32731,1.50335,3.21639,0.78261,0.75000,0.50000
363,0.1907,35782656,53109,0.01306,1.58e-04,0.5634,98.1098,0.00000,0.00000,0.00000,10.00000,842.87953,0.00000,0.80177,0.00000,0.00000,0.80929,0.00000,0.00000,0.00000,0.00000,0.00000,0.45028,2.04311,1.69853,0.98864,0.98387,1.00000,2087.91813,-0.03229,-0.20434,0.25820,-0.04160,0.45866,0.80691,-0.08159,0.01578,-0.02855,-0.06693,0.11957,0.33235,0.35608,2.52984,2.26461,0.84659,0.81890,0.73333,0.78041,0.00000,0.32514,1.50702,3.50448,0.70455,0.66154,0.50000
364,0.1912,35880960,51954,0.01419,1.71e-04,0.5634,102.9137,0.00000,0.00000,0.00000,10.00000,873.40837,0.00000,0.81619,0.00000,0.00000,0.81283,0.00000,0.00000,0.00000,0.00000,0.00000,0.45077,2.06896,1.59147,0.98765,0.98387,1.00000,2079.67106,-0.03225,-0.20359,0.26174,-0.04119,0.46040,0.81039,-0.08194,0.01498,-0.02875,-0.06689,0.12163,0.33665,0.35709,2.24881,2.11400,0.87037,0.82353,1.00000,0.78543,0.00000,0.32606,1.53309,3.14280,0.75309,0.64912,1.00000
365,0.1917,35979264,53729,0.01341,1.98e-04,0.5634,98.7096,0.00000,0.00000,0.00000,10.00000,896.56290,0.00000,0.76747,0.00000,0.00000,0.81393,0.00000,0.00000,0.00000,0.00000,0.00000,0.45197,2.08562,1.72868,0.97938,0.98507,0.88889,2089.71517,-0.03214,-0.20466,0.26327,-0.04236,0.46130,0.81145,-0.08243,0.01550,-0.02674,-0.06704,0.12290,0.33910,0.35697,2.52241,2.71059,0.89691,0.88060,0.83333,0.78484,0.00000,0.32473,1.54246,3.45046,0.81443,0.77612,0.77778
366,0.1923,36077568,52043,0.01334,2.06e-04,0.5633,110.7200,0.00000,0.00000,0.00000,10.00000,852.82107,0.00000,0.86022,0.00000,0.00000,0.81862,0.00000,0.00000,0.00000,0.00000,0.00000,0.45149,2.08020,1.62800,0.98925,0.98684,1.00000,2070.79769,-0.03210,-0.20281,0.26301,-0.04181,0.46402,0.81616,-0.08195,0.01536,-0.02837,-0.06711,0.12278,0.33921,0.35751,2.19689,1.60750,0.87097,0.85417,0.66667,0.78756,0.00000,0.32546,1.53599,3.02436,0.75269,0.70588,0.25000
367,0.1928,36175872,52702,0.01434,1.65e-04,0.5632,113.7336,0.00000,0.00000,0.00000,10.00000,868.29040,0.00000,0.80952,0.00000,0.00000,0.81681,0.00000,0.00000,0.00000,0.00000,0.00000,0.45094,2.08582,1.68506,0.98095,0.97260,1.00000,2081.49967,-0.03226,-0.20374,0.26397,-0.04144,0.46286,0.81427,-0.08195,0.01641,-0.02832,-0.06710,0.12308,0.34034,0.35709,2.33000,1.84533,0.86667,0.84967,0.72222,0.78546,0.00000,0.32474,1.54300,3.08394,0.75238,0.73750,0.37500
368,0.1933,36274176,53179,0.01437,1.44e-04,0.5632,109.0867,0.00000,0.00000,0.00000,10.00000,882.15547,0.00000,0.79444,0.00000,0.00000,0.81774,0.00000,0.00000,0.00000,0.00000,0.00000,0.45135,2.08105,1.60933,1.00000,1.00000,1.00000,2082.87077,-0.03230,-0.20374,0.26254,-0.04027,0.46330,0.81514,-0.08193,0.01523,-0.02723,-0.06692,0.12286,0.33800,0.35725,2.33594,2.02615,0.88000,0.84615,0.84615,0.78623,0.00000,0.32446,1.52886,3.13735,0.76000,0.70270,0.71429
369,0.1939,36372480,52199,0.01331,1.58e-04,0.5631,115.7217,0.00000,0.00000,0.00000,10.00000,875.81515,0.00000,0.86806,0.00000,0.00000,0.81653,0.00000,0.00000,0.00000,0.00000,0.00000,0.45084,2.07100,1.52220,1.00000,1.00000,1.00000,2062.09408,-0.03235,-0.20186,0.26017,-0.04063,0.46257,0.81414,-0.08196,0.01566,-0.02774,-0.06711,0.12212,0.33565,0.35740,2.37548,2.32182,0.90179,0.89143,0.78571,0.78698,0.00000,0.32365,1.51941,3.27837,0.80357,0.79121,0.57143
370,0.1944,36470784,53397,0.01594,1.19e-04,0.5631,114.7684,0.00000,0.00000,0.00000,10.00000,851.54713,0.00000,0.79710,0.00000,0.00000,0.81758,0.00000,0.00000,0.00000,0.00000,0.00000,0.45062,2.06415,1.56182,0.98913,1.00000,0.90000,2069.88167,-0.03236,-0.20241,0.25942,-0.03970,0.46216,0.81524,-0.08213,0.01683,-0.03091,-0.06661,0.12253,0.33459,0.35735,2.22169,2.17428,0.83152,0.83333,0.63158,0.78675,0.00000,0.32284,1.52502,3.18038,0.67391,0.65625,0.33333
371,0.1949,36569088,52628,0.01345,1.33e-04,0.5631,113.9459,0.00000,0.00000,0.00000,10.00000,891.32635,0.00000,0.76458,0.00000,0.00000,0.81562,0.00000,0.00000,0.00000,0.00000,0.00000,0.45046,2.06066,1.83544,1.00000,1.00000,1.00000,2061.23031,-0.03236,-0.20172,0.26088,-0.04054,0.46154,0.81321,-0.08182,0.01791,-0.02795,-0.06672,0.12242,0.33632,0.35688,2.36851,2.44700,0.89604,0.86331,0.90476,0.78440,0.00000,0.32230,1.54247,2.97884,0.79208,0.73239,0.80000
372,0.1954,36667392,52296,0.01408,1.22e-04,0.5631,108.6781,0.00000,0.00000,0.00000,10.00000,878.36774,0.00000,0.79125,0.00000,0.00000,0.81254,0.00000,0.00000,0.00000,0.00000,0.00000,0.44841,2.05956,1.59342,1.00000,1.00000,1.00000,2079.38363,-0.03237,-0.20338,0.26113,-0.04101,0.46069,0.81025,-0.08214,0.02012,-0.02743,-0.06701,0.12156,0.33607,0.35672,2.09914,2.22875,0.84848,0.81560,0.88235,0.78361,0.00000,0.32140,1.53831,2.75410,0.69697,0.63380,0.75000
373,0.1960,36765696,53351,0.01102,1.58e-04,0.5631,124.6011,0.00000,0.00000,0.00000,10.00000,907.80785,0.00000,0.79079,0.00000,0.00000,0.81344,0.00000,0.00000,0.00000,0.00000,0.00000,0.44795,2.04514,1.60070,0.99099,0.98750,1.00000,2081.77848,-0.03240,-0.20360,0.25861,-0.03982,0.46009,0.81123,-0.08175,0.02271,-0.02894,-0.06703,0.12066,0.33212,0.35699,2.26434,2.43167,0.86036,0.81013,0.92308,0.78496,0.00000,0.31726,1.53265,3.12909,0.72973,0.62821,0.83333
374,0.1965,36864000,53160,0.01200,1.60e-04,0.5630,130.2891,0.00000,0.00000,0.00000,10.00000,874.00283,0.00000,0.82375,0.00000,0.00000,0.81391,0.00000,0.00000,0.00000,0.00000,0.00000,0.44850,2.03371,1.64857,0.99138,0.98810,1.00000,2071.50472,-0.03236,-0.20278,0.25682,-0.03978,0.46063,0.81156,-0.08129,0.02141,-0.02833,-0.06714,0.11958,0.33074,0.35710,2.39256,2.40667,0.88362,0.86628,0.73333,0.78548,0.00000,0.31849,1.51915,3.22839,0.77586,0.75000,0.50000
375,0.1970,36962304,52196,0.01446,1.43e-04,0.5630,102.7586,0.00000,0.00000,0.00000,10.00000,888.36473,0.00000,0.84270,0.00000,0.00000,0.81032,0.00000,0.00000,0.00000,0.00000,0.00000,0.44934,2.02111,1.57946,1.00000,1.00000,1.00000,2075.87191,-0.03234,-0.20300,0.25660,-0.04106,0.45905,0.80803,-0.08136,0.02218,-0.02975,-0.06693,0.11950,0.33127,0.35671,2.47109,3.24200,0.90449,0.89630,0.80000,0.78355,0.00000,0.31840,1.52645,3.51841,0.80899,0.78788,0.60000
376,0.1975,37060608,53409,0.01339,1.47e-04,0.5630,118.9698,0.00000,0.00000,0.00000,10.00000,909.09677,0.00000,0.85259,0.00000,0.00000,0.80768,0.00000,0.00000,0.00000,0.00000,0.00000,0.44994,2.02208,1.64046,1.00000,1.00000,1.00000,2077.87109,-0.03234,-0.20335,0.25616,-0.04015,0.45731,0.80539,-0.08144,0.02288,-0.02821,-0.06683,0.11962,0.33039,0.35643,2.26826,2.02889,0.90099,0.88387,0.88889,0.78216,0.00000,0.31705,1.52967,3.07147,0.80198,0.75342,0.75000
377,0.1981,37158912,53417,0.01184,1.56e-04,0.5630,102.6332,0.00000,0.00000,0.00000,10.00000,915.05823,0.00000,0.70370,0.00000,0.00000,0.80957,0.00000,0.00000,0.00000,0.00000,0.00000,0.45042,2.04631,1.59444,1.00000,1.00000,1.00000,2076.69157,-0.03228,-0.20328,0.25836,-0.04055,0.45881,0.80721,-0.08188,0.02259,-0.02674,-0.06695,0.12083,0.33340,0.35657,2.37157,2.31714,0.89333,0.89474,0.76471,0.78286,0.00000,0.31626,1.54817,3.24583,0.78667,0.79167,0.60000
378,0.1986,37257216,52686,0.01337,1.92e-04,0.5630,103.6364,0.00000,0.00000,0.00000,10.00000,913.12195,0.00000,0.73545,0.00000,0.00000,0.81254,0.00000,0.00000,0.00000,0.00000,0.00000,0.45023,2.05905,1.57614,1.00000,1.00000,1.00000,2063.49805,-0.03229,-0.20219,0.25986,-0.04085,0.45947,0.81031,-0.08179,0.02212,-0.02748,-0.06671,0.12262,0.33541,0.35719,2.31646,2.09895,0.88571,0.84892,0.90000,0.78597,0.00000,0.31786,1.55095,3.27656,0.77143,0.68182,0.80000
379,0.1991,37355520,53419,0.01271,2.30e-04,0.5630,126.8367,0.00000,0.00000,0.00000,10.00000,908.08388,0.00000,0.76923,0.00000,0.00000,0.81772,0.00000,0.00000,0.00000,0.00000,0.00000,0.45016,2.08212,1.74383,0.97802,1.00000,0.75000,2095.74593,-0.03209,-0.20514,0.26360,-0.04146,0.46250,0.81539,-0.08198,0.02247,-0.02856,-0.06721,0.12311,0.33950,0.35786,2.34787,2.56571,0.87912,0.86508,0.75000,0.78929,0.00000,0.31835,1.56003,3.16444,0.78022,0.71667,0.75000
380,0.1996,37453824,52822,0.01382,2.48e-04,0.5630,110.3021,0.00000,0.00000,0.00000,10.00000,889.19695,0.00000,0.80556,0.00000,0.00000,0.82251,0.00000,0.00000,0.00000,0.00000,0.00000,0.45012,2.09700,1.73710,0.99000,0.98592,1.00000,2083.72982,-0.03202,-0.20395,0.26441,-0.04155,0.46510,0.82014,-0.08163,0.02422,-0.02860,-0.06716,0.12386,0.34049,0.35825,2.28855,2.80000,0.87000,0.83448,0.84615,0.79123,0.00000,0.31576,1.56257,2.89594,0.75000,0.68919,0.75000
381,0.2002,37552128,52763,0.01579,1.65e-04,0.5630,106.0780,0.00000,0.00000,0.00000,10.00000,904.08859,0.00000,0.71197,0.00000,0.00000,0.82472,0.00000,0.00000,0.00000,0.00000,0.00000,0.45008,2.08591,1.57333,1.00000,1.00000,1.00000,2051.94971,-0.03198,-0.20092,0.26446,-0.04134,0.46752,0.82231,-0.08117,0.02552,-0.02618,-0.06710,0.12428,0.33986,0.35927,2.42583,2.10333,0.90291,0.88636,0.82143,0.79633,0.00000,0.31460,1.58111,3.26710,0.80583,0.78571,0.66667
382,0.2007,37650432,52575,0.01347,1.71e-04,0.5630,96.6209,0.00000,0.00000,0.00000,10.00000,886.12601,0.00000,0.75670,0.00000,0.00000,0.82162,0.00000,0.00000,0.00000,0.00000,0.00000,0.44990,2.07497,1.51500,1.00000,1.00000,1.00000,2046.16520,-0.03205,-0.20047,0.26288,-0.04111,0.46562,0.81934,-0.08094,0.02645,-0.02540,-0.06722,0.12430,0.33794,0.35821,2.46957,2.95333,0.90517,0.86709,0.95238,0.79104,0.00000,0.31421,1.57161,3.56052,0.81034,0.73750,0.90909
383,0.2012,37748736,52996,0.01268,1.98e-04,0.5631,112.6992,0.00000,0.00000,0.00000,10.00000,888.74322,0.00000,0.87912,0.00000,0.00000,0.81823,0.00000,0.00000,0.00000,0.00000,0.00000,0.45116,2.06030,1.63974,1.00000,1.00000,1.00000,2048.81771,-0.03220,-0.20047,0.26202,-0.03981,0.46461,0.81567,-0.08075,0.02614,-0.02845,-0.06683,0.12397,0.33728,0.35790,2.49279,1.50000,0.90110,0.88194,1.00000,0.78952,0.00000,0.31392,1.56829,3.60610,0.80220,0.75362,1.00000
384,0.2017,37847040,53243,0.01452,1.76e-04,0.5630,119.7173,0.00000,0.00000,0.00000,10.00000,867.52287,0.00000,0.80991,0.00000,0.00000,0.81646,0.00000,0.00000,0.00000,0.00000,0.00000,0.45123,2.06759,1.69706,1.00000,1.00000,1.00000,2079.18750,-0.03213,-0.20348,0.26336,-0.04113,0.46373,0.81394,-0.08097,0.02654,-0.02882,-0.06678,0.12464,0.33946,0.35768,2.34063,2.09429,0.89759,0.89256,0.76471,0.78842,0.00000,0.31516,1.58241,3.08237,0.79518,0.79032,0.50000
385,0.2023,37945344,52497,0.01101,2.53e-04,0.5630,101.6088,0.00000,0.00000,0.00000,10.00000,942.79738,0.00000,0.75499,0.00000,0.00000,0.81748,0.00000,0.00000,0.00000,0.00000,0.00000,0.44977,2.08605,1.67895,0.98718,0.98113,1.00000,2069.92822,-0.03201,-0.20277,0.26690,-0.04179,0.46461,0.81498,-0.08230,0.02790,-0.02953,-0.06691,0.12554,0.34311,0.35798,2.36648,2.18222,0.91667,0.87736,1.00000,0.78990,0.00000,0.31417,1.60590,3.13490,0.84615,0.77358,1.00000
386,0.2028,38043648,53110,0.01544,2.15e-04,0.5629,108.4741,0.00000,0.00000,0.00000,10.00000,893.16356,0.00000,0.78491,0.00000,0.00000,0.82108,0.00000,0.00000,0.00000,0.00000,0.00000,0.44969,2.09860,1.50345,1.00000,1.00000,1.00000,2080.20247,-0.03180,-0.20373,0.26920,-0.04210,0.46716,0.81866,-0.08197,0.02991,-0.02487,-0.06734,0.12629,0.34565,0.35868,2.17822,2.65765,0.88532,0.85065,0.89474,0.79338,0.00000,0.31276,1.62999,3.01686,0.77064,0.69737,0.80000
387,0.2033,38141952,52869,0.01287,2.07e-04,0.5628,119.1066,0.00000,0.00000,0.00000,10.00000,930.49647,0.00000,0.79365,0.00000,0.00000,0.82782,0.00000,0.00000,0.00000,0.00000,0.00000,0.44976,2.09800,1.54121,0.97619,0.98387,1.00000,2034.14062,-0.03180,-0.19921,0.26829,-0.04066,0.47062,0.82551,-0.08182,0.03065,-0.02661,-0.06692,0.12720,0.34439,0.35944,2.31355,2.08667,0.92262,0.90000,1.00000,0.79720,0.00000,0.31146,1.62830,3.24036,0.86905,0.81034,1.00000
388,0.2038,38240256,53676,0.01753,9.14e-05,0.5628,103.5064,0.00000,0.00000,0.00000,10.00000,908.29162,0.00000,0.74747,0.00000,0.00000,0.82635,0.00000,0.00000,0.00000,0.00000,0.00000,0.45047,2.08511,1.73512,1.00000,1.00000,1.00000,2058.12386,-0.03195,-0.20161,0.26715,-0.04104,0.46981,0.82403,-0.08168,0.02914,-0.02646,-0.06709,0.12565,0.34270,0.35959,2.44273,2.44667,0.92273,0.89189,0.94737,0.79796,0.00000,0.31244,1.61491,3.24861,0.84545,0.78947,0.88889
389,0.2043,38338560,54028,0.00909,1.43e-04,0.5628,123.9142,0.00000,0.00000,0.00000,10.00000,924.20221,0.00000,0.78431,0.00000,0.00000,0.82188,0.00000,0.00000,0.00000,0.00000,0.00000,0.45003,2.05974,1.80759,1.00000,1.00000,1.00000,2048.36100,-0.03204,-0.20037,0.26335,-0.04050,0.46717,0.81965,-0.08113,0.02889,-0.02920,-0.06681,0.12529,0.33879,0.35895,2.38644,2.67143,0.92647,0.89583,1.00000,0.79473,0.00000,0.31388,1.59506,3.03971,0.85294,0.79167,1.00000
390,0.2049,38436864,53304,0.01223,1.89e-04,0.5628,114.5591,0.00000,0.00000,0.00000,10.00000,928.33452,0.00000,0.78283,0.00000,0.00000,0.81708,0.00000,0.00000,0.00000,0.00000,0.00000,0.45104,2.05018,1.59857,1.00000,1.00000,1.00000,2055.19710,-0.03209,-0.20117,0.26185,-0.03943,0.46381,0.81474,-0.08109,0.02705,-0.02815,-0.06712,0.12433,0.33664,0.35754,2.20040,2.35000,0.88182,0.83871,0.90000,0.78768,0.00000,0.31404,1.58418,2.95492,0.76364,0.67532,0.75000
391,0.2054,38535168,53335,0.01461,1.56e-04,0.5628,112.0914,0.00000,0.00000,0.00000,10.00000,937.60946,0.00000,0.68987,0.00000,0.00000,0.81711,0.00000,0.00000,0.00000,0.00000,0.00000,0.45153,2.05212,1.71323,1.00000,1.00000,1.00000,2071.59521,-0.03219,-0.20272,0.26301,-0.04011,0.46301,0.81468,-0.08135,0.02679,-0.02735,-0.06690,0.12445,0.33822,0.35751,2.18600,1.89529,0.87363,0.83186,0.78947,0.78755,0.00000,0.31496,1.58976,2.80423,0.74725,0.66667,0.42857
392,0.2059,38633472,52740,0.01156,2.25e-04,0.5628,103.7210,0.00000,0.00000,0.00000,10.00000,905.78842,0.00000,0.76174,0.00000,0.00000,0.81609,0.00000,0.00000,0.00000,0.00000,0.00000,0.45086,2.04594,1.63896,1.00000,1.00000,1.00000,2076.57064,-0.03219,-0.20315,0.26160,-0.04025,0.46194,0.81374,-0.08168,0.02710,-0.02853,-0.06696,0.12366,0.33691,0.35735,2.38657,2.51684,0.90722,0.87970,0.90000,0.78673,0.00000,0.31482,1.58020,3.30032,0.81443,0.75385,0.81818
393,0.2064,38731776,52832,0.01459,2.58e-04,0.5627,99.2172,0.00000,0.00000,0.00000,10.00000,904.32299,0.00000,0.79218,0.00000,0.00000,0.81418,0.00000,0.00000,0.00000,0.00000,0.00000,0.44955,2.05438,1.70385,1.00000,1.00000,1.00000,2049.68457,-0.03223,-0.20074,0.26250,-0.04064,0.46116,0.81194,-0.08212,0.02596,-0.02651,-0.06665,0.12485,0.33734,0.35663,2.45161,2.12600,0.89815,0.87013,0.83333,0.78316,0.00000,0.31620,1.58008,3.31361,0.79630,0.74359,0.60000
394,0.2069,38830080,53363,0.01337,2.47e-04,0.5626,125.5935,0.00000,0.00000,0.00000,10.00000,918.23424,0.00000,0.78947,0.00000,0.00000,0.81414,0.00000,0.00000,0.00000,0.00000,0.00000,0.44946,2.04881,1.64773,0.98246,0.97619,1.00000,2029.77637,-0.03227,-0.19875,0.26077,-0.04057,0.46150,0.81190,-0.08208,0.02696,-0.02776,-0.06672,0.12406,0.33521,0.35692,2.44662,2.57818,0.91667,0.88889,0.90909,0.78460,0.00000,0.31433,1.56559,3.42305,0.85088,0.79487,0.83333
395,0.2075,38928384,53199,0.01895,1.65e-04,0.5625,107.2477,0.00000,0.00000,0.00000,10.00000,902.58263,0.00000,0.79060,0.00000,0.00000,0.81328,0.00000,0.00000,0.00000,0.00000,0.00000,0.44982,2.02159,1.60582,0.98077,0.97297,1.00000,2030.30387,-0.03239,-0.19877,0.25750,-0.04011,0.46135,0.81092,-0.08148,0.02607,-0.02784,-0.06673,0.12211,0.33174,0.35717,2.28187,2.60400,0.89423,0.87162,0.88235,0.78586,0.00000,0.31547,1.55211,3.03408,0.80769,0.77027,0.80000
396,0.2080,39026688,53386,0.01508,1.14e-04,0.5625,105.0150,0.00000,0.00000,0.00000,10.00000,924.13401,0.00000,0.80586,0.00000,0.00000,0.80980,0.00000,0.00000,0.00000,0.00000,0.00000,0.44966,2.02956,1.74765,1.00000,1.00000,1.00000,2041.95247,-0.03234,-0.19997,0.25881,-0.04030,0.45933,0.80747,-0.08133,0.02652,-0.02900,-0.06650,0.12270,0.33412,0.35625,2.43137,2.40000,0.92857,0.91667,0.91667,0.78126,0.00000,0.31493,1.56074,3.08620,0.85714,0.84286,0.83333
397,0.2085,39124992,53121,0.01157,1.19e-04,0.5625,107.1604,0.00000,0.00000,0.00000,10.00000,886.62475,0.00000,0.82742,0.00000,0.00000,0.80966,0.00000,0.00000,0.00000,0.00000,0.00000,0.45059,2.02936,1.56773,1.00000,1.00000,1.00000,2056.21566,-0.03227,-0.20131,0.25870,-0.03994,0.45832,0.80729,-0.08181,0.02627,-0.02816,-0.06647,0.12336,0.33335,0.35609,2.29397,2.35600,0.88298,0.84286,1.00000,0.78047,0.00000,0.31414,1.56326,3.18688,0.76596,0.68116,1.00000
398,0.2090,39223296,52915,0.01080,1.87e-04,0.5625,93.5614,0.00000,0.00000,0.00000,10.00000,847.35130,0.00000,0.76923,0.00000,0.00000,0.81068,0.00000,0.00000,0.00000,0.00000,0.00000,0.44880,2.05766,1.61000,0.98901,1.00000,0.90909,2044.68457,-0.03200,-0.20035,0.26314,-0.04057,0.45989,0.80834,-0.08150,0.02707,-0.02793,-0.06658,0.12510,0.33810,0.35650,2.35756,2.37895,0.82418,0.78571,0.77273,0.78252,0.00000,0.31554,1.59296,3.21541,0.65934,0.59091,0.63636
399,0.2096,39321600,53131,0.01643,1.47e-04,0.5625,95.1293,0.00000,0.00000,0.00000,10.00000,931.95679,0.00000,0.72338,0.00000,0.00000,0.81637,0.00000,0.00000,0.00000,0.00000,0.00000,0.44950,2.06258,1.65378,0.98958,0.98413,1.00000,2057.39388,-0.03192,-0.20155,0.26452,-0.04068,0.46282,0.81400,-0.08212,0.02718,-0.02670,-0.06674,0.12573,0.33989,0.35729,2.26239,1.98750,0.88542,0.85600,0.77778,0.78648,0.00000,0.31475,1.60063,3.01300,0.78125,0.72581,0.42857
400,0.2101,39419904,53127,0.01486,9.04e-05,0.5625,95.8680,0.00000,0.00000,0.00000,10.00000,910.27291,0.00000,0.78652,0.00000,0.00000,0.81932,0.00000,0.00000,0.00000,0.00000,0.00000,0.44887,2.08272,1.54667,1.00000,1.00000,1.00000,2035.91536,-0.03180,-0.19950,0.26567,-0.04090,0.46546,0.81701,-0.08167,0.02874,-0.02555,-0.06662,0.12698,0.34100,0.35819,2.35890,2.76000,0.91011,0.89683,0.75000,0.79093,0.00000,0.31276,1.61339,3.30881,0.82022,0.79032,0.57143
401,0.2106,39518208,53215,0.01223,1.10e-04,0.5625,121.7656,0.00000,0.00000,0.00000,10.00000,900.52300,0.00000,0.74247,0.00000,0.00000,0.82284,0.00000,0.00000,0.00000,0.00000,0.00000,0.44863,2.08115,1.56026,0.99065,0.98529,1.00000,2034.63249,-0.03175,-0.19930,0.26596,-0.04238,0.46716,0.82038,-0.08082,0.02760,-0.02819,-0.06688,0.12640,0.34189,0.35872,2.49061,2.61474,0.89720,0.84615,1.00000,0.79358,0.00000,0.31435,1.60486,3.51400,0.80374,0.72000,1.00000
402,0.2111,39616512,53921,0.01091,1.33e-04,0.5624,120.2612,0.00000,0.00000,0.00000,10.00000,904.40049,0.00000,0.78002,0.00000,0.00000,0.82241,0.00000,0.00000,0.00000,0.00000,0.00000,0.44840,2.06014,1.78634,0.98990,1.00000,0.88889,2048.41602,-0.03180,-0.20044,0.26360,-0.04072,0.46638,0.81996,-0.08028,0.02766,-0.02785,-0.06707,0.12448,0.33882,0.35827,2.26375,2.32267,0.87879,0.87770,0.68421,0.79137,0.00000,0.31532,1.59709,2.89516,0.76768,0.74242,0.50000
403,0.2117,39714816,52399,0.00866,2.15e-04,0.5624,109.4980,0.00000,0.00000,0.00000,10.00000,935.10761,0.00000,0.71014,0.00000,0.00000,0.81893,0.00000,0.00000,0.00000,0.00000,0.00000,0.44839,2.04622,1.52756,1.00000,1.00000,1.00000,2058.14632,-0.03182,-0.20166,0.26245,-0.03969,0.46508,0.81641,-0.07998,0.02873,-0.02621,-0.06693,0.12386,0.33722,0.35774,2.16846,1.95043,0.89565,0.84354,0.95833,0.78870,0.00000,0.31419,1.59802,2.87865,0.79130,0.70513,0.90909
404,0.2122,39813120,53664,0.01214,3.31e-04,0.5624,123.8607,0.00000,0.00000,0.00000,10.00000,914.68792,0.00000,0.79450,0.00000,0.00000,0.82130,0.00000,0.00000,0.00000,0.00000,0.00000,0.44719,2.05427,1.68377,1.00000,1.00000,1.00000,2059.13916,-0.03180,-0.20166,0.26329,-0.04074,0.46585,0.81885,-0.08057,0.02751,-0.02557,-0.06718,0.12341,0.33861,0.35851,2.49984,2.58333,0.89785,0.85714,1.00000,0.79253,0.00000,0.31629,1.59874,3.43833,0.79570,0.71642,1.00000
405,0.2127,39911424,53794,0.01730,2.27e-04,0.5623,123.3426,0.00000,0.00000,0.00000,10.00000,902.65022,0.00000,0.75949,0.00000,0.00000,0.82285,0.00000,0.00000,0.00000,0.00000,0.00000,0.44679,2.07227,1.66151,1.00000,1.00000,1.00000,2063.36507,-0.03169,-0.20218,0.26734,-0.04142,0.46777,0.82039,-0.08093,0.02692,-0.02713,-0.06693,0.12504,0.34381,0.35900,2.36768,2.40615,0.90506,0.88889,0.86667,0.79501,0.00000,0.31851,1.62374,3.38087,0.81013,0.75000,0.77778
406,0.2132,40009728,51933,0.01425,1.92e-04,0.5622,100.1872,0.00000,0.00000,0.00000,10.00000,964.52861,0.00000,0.75636,0.00000,0.00000,0.82426,0.00000,0.00000,0.00000,0.00000,0.00000,0.44817,2.09236,1.59167,1.00000,1.00000,1.00000,2079.70329,-0.03170,-0.20369,0.26986,-0.04124,0.46831,0.82182,-0.08171,0.02732,-0.02813,-0.06704,0.12710,0.34673,0.35947,2.35224,2.66500,0.93373,0.91150,0.87500,0.79734,0.00000,0.31800,1.64143,3.16714,0.86747,0.82143,0.80000
407,0.2138,40108032,53654,0.01404,1.79e-04,0.5622,117.1105,0.00000,0.00000,0.00000,10.00000,949.52892,0.00000,0.78526,0.00000,0.00000,0.82826,0.00000,0.00000,0.00000,0.00000,0.00000,0.44855,2.10694,1.56171,1.00000,1.00000,1.00000,2082.30404,-0.03162,-0.20407,0.27139,-0.04250,0.47024,0.82582,-0.08163,0.02747,-0.02794,-0.06698,0.12806,0.34873,0.35980,2.21830,2.27692,0.94712,0.93878,0.85714,0.79900,0.00000,0.31742,1.64569,2.97662,0.89423,0.87324,0.75000
408,0.2143,40206336,53783,0.01338,1.79e-04,0.5622,119.5865,0.00000,0.00000,0.00000,10.00000,911.30146,0.00000,0.79106,0.00000,0.00000,0.83248,0.00000,0.00000,0.00000,0.00000,0.00000,0.44924,2.11656,1.83452,1.00000,1.00000,1.00000,2040.20492,-0.03149,-0.20008,0.27251,-0.04146,0.47375,0.83002,-0.08138,0.02831,-0.02223,-0.06699,0.12894,0.34964,0.36042,2.45463,2.10182,0.91848,0.90840,0.76923,0.80211,0.00000,0.31568,1.66201,3.19672,0.83696,0.81538,0.50000
409,0.2148,40304640,53218,0.01175,2.07e-04,0.5622,115.7603,0.00000,0.00000,0.00000,10.00000,893.66016,0.00000,0.81790,0.00000,0.00000,0.83413,0.00000,0.00000,0.00000,0.00000,0.00000,0.44860,2.11309,1.49937,1.00000,1.00000,1.00000,2018.87451,-0.03152,-0.19781,0.27224,-0.04131,0.47437,0.83170,-0.08079,0.02893,-0.02502,-0.06698,0.12822,0.34948,0.36083,2.30740,2.14636,0.93519,0.91824,0.95652,0.80413,0.00000,0.31599,1.65656,3.31480,0.87037,0.82432,0.91667
410,0.2153,40402944,52435,0.01210,2.58e-04,0.5621,114.5920,0.00000,0.00000,0.00000,10.00000,935.29945,0.00000,0.73333,0.00000,0.00000,0.83132,0.00000,0.00000,0.00000,0.00000,0.00000,0.44773,2.09784,1.47945,1.00000,1.00000,1.00000,2015.79215,-0.03169,-0.19754,0.27069,-0.04137,0.47320,0.82880,-0.08089,0.02927,-0.02743,-0.06686,0.12796,0.34759,0.36059,2.39052,2.41167,0.92000,0.90909,0.73333,0.80294,0.00000,0.31745,1.64210,3.46322,0.84000,0.82090,0.42857
411,0.2158,40501248,53020,0.01443,2.48e-04,0.5621,106.3788,0.00000,0.00000,0.00000,10.00000,914.18606,0.00000,0.79827,0.00000,0.00000,0.82775,0.00000,0.00000,0.00000,0.00000,0.00000,0.44687,2.08448,1.67000,1.00000,1.00000,1.00000,2004.87646,-0.03165,-0.19662,0.26949,-0.04046,0.47027,0.82538,-0.08065,0.03015,-0.02456,-0.06665,0.12705,0.34572,0.36004,2.49086,2.58200,0.91748,0.88514,1.00000,0.80022,0.00000,0.31664,1.64757,3.36794,0.83495,0.77632,1.00000
412,0.2164,40599552,53713,0.01550,1.89e-04,0.5621,98.1413,0.00000,0.00000,0.00000,10.00000,883.61865,0.00000,0.79282,0.00000,0.00000,0.82264,0.00000,0.00000,0.00000,0.00000,0.00000,0.44751,2.07925,1.58055,1.00000,1.00000,1.00000,2009.74919,-0.03166,-0.19705,0.26911,-0.04077,0.46820,0.82030,-0.08101,0.03244,-0.02587,-0.06672,0.12634,0.34484,0.35902,2.33574,2.44800,0.89062,0.86861,0.87500,0.79509,0.00000,0.31311,1.63860,3.12377,0.78125,0.75000,0.77778
413,0.2169,40697856,53378,0.01415,1.92e-04,0.5621,118.9930,0.00000,0.00000,0.00000,10.00000,934.48377,0.00000,0.72276,0.00000,0.00000,0.81778,0.00000,0.00000,0.00000,0.00000,0.00000,0.44768,2.07859,1.62675,1.00000,1.00000,1.00000,2013.77376,-0.03158,-0.19725,0.26764,-0.04027,0.46625,0.81546,-0.08030,0.03307,-0.02738,-0.06693,0.12640,0.34296,0.35812,2.35819,2.89714,0.90777,0.87313,0.90476,0.79060,0.00000,0.31086,1.62165,3.27250,0.81553,0.73438,0.81818
414,0.2174,40796160,52734,0.01382,1.56e-04,0.5621,105.9090,0.00000,0.00000,0.00000,10.00000,904.42730,0.00000,0.79365,0.00000,0.00000,0.81876,0.00000,0.00000,0.00000,0.00000,0.00000,0.44845,2.07025,1.56415,0.98980,0.98611,1.00000,2032.73812,-0.03180,-0.19906,0.26539,-0.03968,0.46609,0.81648,-0.08090,0.03317,-0.02707,-0.06671,0.12613,0.34036,0.35891,2.48417,2.68000,0.89796,0.87143,0.83333,0.79453,0.00000,0.30965,1.61361,3.54149,0.80612,0.75000,0.71429
415,0.2179,40894464,52882,0.01311,1.65e-04,0.5621,104.4959,0.00000,0.00000,0.00000,10.00000,910.39850,0.00000,0.79890,0.00000,0.00000,0.81886,0.00000,0.00000,0.00000,0.00000,0.00000,0.44668,2.06164,1.56610,1.00000,1.00000,1.00000,2014.44124,-0.03185,-0.19749,0.26474,-0.04020,0.46649,0.81646,-0.08083,0.03411,-0.02387,-0.06668,0.12506,0.33941,0.35860,2.41397,1.91200,0.90083,0.87356,0.87500,0.79302,0.00000,0.31001,1.61188,3.37286,0.80165,0.75000,0.71429
416,0.2185,40992768,53021,0.01211,1.72e-04,0.5621,105.6963,0.00000,0.00000,0.00000,10.00000,899.80676,0.00000,0.79521,0.00000,0.00000,0.81758,0.00000,0.00000,0.00000,0.00000,0.00000,0.44750,2.02795,1.56878,0.99020,0.98611,1.00000,2041.19482,-0.03195,-0.19964,0.26199,-0.04020,0.46586,0.81506,-0.07992,0.03474,-0.02755,-0.06671,0.12306,0.33575,0.35908,2.19338,2.09474,0.90686,0.89726,0.81818,0.79539,0.00000,0.30869,1.59770,2.90472,0.82353,0.81081,0.63636
417,0.2190,41091072,51732,0.01324,1.58e-04,0.5620,102.1034,0.00000,0.00000,0.00000,10.00000,948.24507,0.00000,0.83626,0.00000,0.00000,0.81271,0.00000,0.00000,0.00000,0.00000,0.00000,0.44762,2.03839,1.63631,1.00000,1.00000,1.00000,2028.54850,-0.03176,-0.19890,0.26396,-0.04063,0.46290,0.81039,-0.07970,0.03529,-0.02633,-0.06681,0.12457,0.33849,0.35813,2.23000,2.17600,0.94211,0.92308,1.00000,0.79067,0.00000,0.30888,1.62098,2.93500,0.88421,0.84286,1.00000
418,0.2195,41189376,53238,0.01044,2.27e-04,0.5620,111.1597,0.00000,0.00000,0.00000,10.00000,946.37109,0.00000,0.77020,0.00000,0.00000,0.81459,0.00000,0.00000,0.00000,0.00000,0.00000,0.44824,2.03917,1.68986,1.00000,1.00000,1.00000,2038.86491,-0.03175,-0.19977,0.26323,-0.04008,0.46251,0.81215,-0.07971,0.03437,-0.02716,-0.06668,0.12481,0.33851,0.35772,2.26177,1.96889,0.92045,0.90164,0.90000,0.78859,0.00000,0.30958,1.61715,3.02792,0.84091,0.78947,0.75000
419,0.2201,41287680,51852,0.01445,2.15e-04,0.5620,110.5630,0.00000,0.00000,0.00000,10.00000,923.15816,0.00000,0.77160,0.00000,0.00000,0.81473,0.00000,0.00000,0.00000,0.00000,0.00000,0.44871,2.05117,1.67823,1.00000,1.00000,1.00000,2062.49821,-0.03181,-0.20228,0.26616,-0.04075,0.46276,0.81224,-0.08088,0.03445,-0.02653,-0.06668,0.12626,0.34238,0.35786,2.30358,2.01111,0.93333,0.91200,0.94737,0.78931,0.00000,0.31061,1.64737,2.94788,0.86667,0.83333,0.90000
420,0.2206,41385984,53368,0.01283,2.25e-04,0.5619,111.0107,0.00000,0.00000,0.00000,10.00000,904.55648,0.00000,0.78704,0.00000,0.00000,0.82323,0.00000,0.00000,0.00000,0.00000,0.00000,0.44862,2.06499,1.63025,0.98958,0.98529,1.00000,2116.95199,-0.03160,-0.20748,0.26781,-0.04148,0.46714,0.82076,-0.08111,0.03571,-0.02653,-0.06733,0.12513,0.34366,0.35989,2.29517,1.93636,0.90104,0.87500,0.91304,0.79947,0.00000,0.30895,1.65044,3.06609,0.81250,0.76471,0.80000
421,0.2211,41484288,52579,0.01440,1.79e-04,0.5619,100.7899,0.00000,0.00000,0.00000,10.00000,947.08545,0.00000,0.79038,0.00000,0.00000,0.83198,0.00000,0.00000,0.00000,0.00000,0.00000,0.44862,2.09805,1.48481,1.00000,1.00000,1.00000,2071.24788,-0.03129,-0.20291,0.27292,-0.04344,0.47335,0.82952,-0.08115,0.03720,-0.02782,-0.06737,0.12694,0.35048,0.36106,2.18163,2.40222,0.91237,0.88406,0.90000,0.80531,0.00000,0.30791,1.68339,3.16464,0.82474,0.75000,0.80000
422,0.2216,41582592,51124,0.01504,1.37e-04,0.5619,101.1936,0.00000,0.00000,0.00000,10.00000,951.33474,0.00000,0.72115,0.00000,0.00000,0.83371,0.00000,0.00000,0.00000,0.00000,0.00000,0.44860,2.10676,1.64154,1.00000,1.00000,1.00000,2030.73551,-0.03140,-0.19919,0.27371,-0.04156,0.47513,0.83106,-0.08113,0.03788,-0.02429,-0.06709,0.12806,0.35186,0.36100,2.23365,2.12667,0.93269,0.90370,0.95455,0.80499,0.00000,0.30734,1.69597,2.92298,0.86538,0.80303,0.92308
423,0.2222,41680896,53666,0.01472,9.53e-05,0.5619,102.7677,0.00000,0.00000,0.00000,10.00000,901.12910,0.00000,0.79125,0.00000,0.00000,0.83054,0.00000,0.00000,0.00000,0.00000,0.00000,0.44832,2.10151,1.74658,0.97980,0.97101,1.00000,2018.41813,-0.03148,-0.19776,0.27185,-0.04236,0.47396,0.82794,-0.08043,0.03913,-0.02409,-0.06683,0.12834,0.34871,0.36026,2.44753,2.57846,0.91414,0.90071,0.86667,0.80130,0.00000,0.30521,1.67482,3.20857,0.84848,0.83333,0.75000
424,0.2227,41779200,52952,0.00970,1.47e-04,0.5620,120.6520,0.00000,0.00000,0.00000,10.00000,915.51438,0.00000,0.75221,0.00000,0.00000,0.82624,0.00000,0.00000,0.00000,0.00000,0.00000,0.44697,2.07955,1.58119,0.99115,0.98684,1.00000,2022.49821,-0.03162,-0.19807,0.26939,-0.04156,0.47136,0.82375,-0.08002,0.03965,-0.02610,-0.06694,0.12677,0.34622,0.35979,2.25832,1.87467,0.90265,0.88235,0.78947,0.79894,0.00000,0.30508,1.66095,3.05943,0.81416,0.77922,0.63636
425,0.2232,41877504,52796,0.01408,1.60e-04,0.5619,103.6787,0.00000,0.00000,0.00000,10.00000,942.85997,0.00000,0.79106,0.00000,0.00000,0.82360,0.00000,0.00000,0.00000,0.00000,0.00000,0.44778,2.06419,1.58087,1.00000,1.00000,1.00000,2033.51156,-0.03176,-0.19928,0.26724,-0.04029,0.46849,0.82100,-0.08020,0.03981,-0.02564,-0.06667,0.12610,0.34338,0.35969,2.31736,2.30857,0.92935,0.90840,0.87500,0.79846,0.00000,0.30418,1.66222,3.16433,0.85870,0.81818,0.75000
426,0.2237,41975808,53305,0.01449,1.60e-04,0.5619,104.4800,0.00000,0.00000,0.00000,10.00000,919.23096,0.00000,0.76389,0.00000,0.00000,0.82086,0.00000,0.00000,0.00000,0.00000,0.00000,0.44830,2.06012,1.54727,1.00000,1.00000,1.00000,2044.56022,-0.03180,-0.20031,0.26835,-0.04172,0.46603,0.81840,-0.08072,0.04011,-0.02613,-0.06665,0.12638,0.34427,0.35815,2.29709,2.18823,0.90625,0.87273,0.94118,0.79077,0.00000,0.30379,1.66786,3.26745,0.81250,0.74074,0.85714
427,0.2243,42074112,52879,0.01211,1.92e-04,0.5618,93.8967,0.00000,0.00000,0.00000,10.00000,978.68140,0.00000,0.75203,0.00000,0.00000,0.82036,0.00000,0.00000,0.00000,0.00000,0.00000,0.44765,2.07507,1.64281,0.98780,0.98413,1.00000,2048.80013,-0.03177,-0.20094,0.27028,-0.04045,0.46605,0.81783,-0.08134,0.03982,-0.02450,-0.06665,0.12668,0.34593,0.35859,2.08963,2.70666,0.92683,0.90991,0.50000,0.79293,0.00000,0.30522,1.67752,2.73954,0.86585,0.81250,0.00000
428,0.2248,42172416,52569,0.01301,2.25e-04,0.5616,107.7813,0.00000,0.00000,0.00000,10.00000,946.95438,0.00000,0.73899,0.00000,0.00000,0.82594,0.00000,0.00000,0.00000,0.00000,0.00000,0.44696,2.07291,1.53356,1.00000,1.00000,1.00000,2062.05615,-0.03167,-0.20206,0.27075,-0.04129,0.46901,0.82342,-0.08088,0.03978,-0.02467,-0.06677,0.12780,0.34668,0.35959,2.12631,2.42210,0.91509,0.89362,0.86364,0.79797,0.00000,0.30676,1.68896,2.95806,0.83019,0.76562,0.75000
429,0.2253,42270720,53727,0.01434,2.43e-04,0.5616,102.3313,0.00000,0.00000,0.00000,10.00000,916.26562,0.00000,0.76389,0.00000,0.00000,0.83126,0.00000,0.00000,0.00000,0.00000,0.00000,0.44751,2.07251,1.49312,0.97917,0.98276,1.00000,2039.10384,-0.03174,-0.19978,0.27114,-0.04139,0.47218,0.82869,-0.08161,0.04088,-0.02452,-0.06688,0.12857,0.34746,0.36028,2.25725,2.60833,0.89583,0.85606,1.00000,0.80142,0.00000,0.30611,1.70718,2.98716,0.81250,0.75676,1.00000
430,0.2258,42369024,53526,0.01347,2.43e-04,0.5616,108.9516,0.00000,0.00000,0.00000,10.00000,904.62597,0.00000,0.78836,0.00000,0.00000,0.83044,0.00000,0.00000,0.00000,0.00000,0.00000,0.44865,2.07312,1.53475,1.00000,1.00000,1.00000,2017.72428,-0.03160,-0.19785,0.27107,-0.04105,0.47230,0.82794,-0.08084,0.04044,-0.02421,-0.06671,0.12895,0.34777,0.35991,2.37853,2.42533,0.90000,0.87248,0.88235,0.79954,0.00000,0.30495,1.70240,3.34286,0.80000,0.75949,0.71429
431,0.2264,42467328,52334,0.01459,2.06e-04,0.5616,126.7590,0.00000,0.00000,0.00000,10.00000,981.47727,0.00000,0.73889,0.00000,0.00000,0.82819,0.00000,0.00000,0.00000,0.00000,0.00000,0.44846,2.06653,1.56474,1.00000,1.00000,1.00000,2020.65820,-0.03162,-0.19809,0.27094,-0.04187,0.47247,0.82572,-0.08005,0.03954,-0.02587,-0.06699,0.12862,0.34730,0.35962,2.23803,2.59733,0.95000,0.92481,1.00000,0.79809,0.00000,0.30635,1.68926,3.01333,0.90000,0.84375,1.00000
432,0.2269,42565632,53428,0.01513,1.76e-04,0.5616,107.3670,0.00000,0.00000,0.00000,10.00000,925.68416,0.00000,0.81019,0.00000,0.00000,0.82390,0.00000,0.00000,0.00000,0.00000,0.00000,0.44978,2.04292,1.60718,0.98958,0.98611,1.00000,2022.34782,-0.03187,-0.19812,0.26807,-0.04127,0.46896,0.82144,-0.08022,0.03861,-0.02482,-0.06664,0.12819,0.34353,0.35949,2.21139,2.08461,0.92188,0.89286,1.00000,0.79746,0.00000,0.30649,1.68145,2.92545,0.85417,0.79412,1.00000
433,0.2274,42663936,52948,0.01562,1.19e-04,0.5616,101.4943,0.00000,0.00000,0.00000,10.00000,933.98795,0.00000,0.71429,0.00000,0.00000,0.82254,0.00000,0.00000,0.00000,0.00000,0.00000,0.44975,2.03000,1.58250,0.99048,0.98551,1.00000,2029.22998,-0.03183,-0.19884,0.26814,-0.04042,0.46831,0.81993,-0.08047,0.04066,-0.02521,-0.06669,0.12721,0.34378,0.35946,2.26805,2.41273,0.89524,0.86667,0.83333,0.79729,0.00000,0.30551,1.69878,3.12500,0.80000,0.74242,0.66667
434,0.2279,42762240,53694,0.01103,1.71e-04,0.5615,91.1229,0.00000,0.00000,0.00000,10.00000,948.15390,0.00000,0.75269,0.00000,0.00000,0.82324,0.00000,0.00000,0.00000,0.00000,0.00000,0.44904,2.03168,1.61521,0.98925,0.98413,1.00000,2046.50407,-0.03172,-0.20062,0.26879,-0.04098,0.46858,0.82056,-0.08103,0.04205,-0.02797,-0.06659,0.12714,0.34473,0.35937,2.05215,2.11111,0.90860,0.87302,0.94444,0.79685,0.00000,0.30439,1.69640,2.53687,0.82796,0.76190,0.88889
435,0.2284,42860544,53766,0.01429,1.47e-04,0.5615,112.6879,0.00000,0.00000,0.00000,10.00000,904.07515,0.00000,0.84562,0.00000,0.00000,0.82627,0.00000,0.00000,0.00000,0.00000,0.00000,0.44886,2.02964,1.60064,1.00000,1.00000,1.00000,2074.62728,-0.03177,-0.20331,0.26854,-0.04181,0.47050,0.82357,-0.08065,0.04246,-0.02596,-0.06696,0.12644,0.34528,0.35987,2.18529,1.90167,0.89381,0.87209,0.85714,0.79934,0.00000,0.30368,1.70204,2.90842,0.78761,0.74118,0.71429
436,0.2290,42958848,52673,0.01288,1.76e-04,0.5615,96.9435,0.00000,0.00000,0.00000,10.00000,929.56846,0.00000,0.81871,0.00000,0.00000,0.82857,0.00000,0.00000,0.00000,0.00000,0.00000,0.44778,2.02910,1.59543,0.99123,0.98824,1.00000,2056.95052,-0.03181,-0.20164,0.26732,-0.04115,0.47143,0.82581,-0.08022,0.04317,-0.02728,-0.06706,0.12502,0.34425,0.36022,2.20374,2.13857,0.91667,0.89286,0.93333,0.80110,0.00000,0.30305,1.69725,2.91215,0.84211,0.79518,0.87500
437,0.2295,43057152,53380,0.01392,1.47e-04,0.5615,105.1695,0.00000,0.00000,0.00000,10.00000,940.42738,0.00000,0.76531,0.00000,0.00000,0.82586,0.00000,0.00000,0.00000,0.00000,0.00000,0.44857,2.01736,1.55868,1.00000,1.00000,1.00000,2037.74723,-0.03186,-0.19978,0.26656,-0.04149,0.46940,0.82325,-0.08019,0.04377,-0.02584,-0.06676,0.12455,0.34311,0.35960,2.36298,2.70933,0.92347,0.89630,0.93333,0.79800,0.00000,0.30224,1.69265,3.30338,0.84694,0.78788,0.87500
438,0.2300,43155456,52998,0.01286,1.56e-04,0.5615,100.7472,0.00000,0.00000,0.00000,10.00000,956.13826,0.00000,0.81369,0.00000,0.00000,0.82291,0.00000,0.00000,0.00000,0.00000,0.00000,0.44837,2.02919,1.50923,0.98990,0.98667,1.00000,2055.88835,-0.03184,-0.20137,0.26754,-0.04117,0.46812,0.82035,-0.08024,0.04518,-0.02850,-0.06689,0.12501,0.34438,0.35909,2.26486,2.68857,0.92929,0.91034,0.85714,0.79546,0.00000,0.29981,1.69792,3.15788,0.86869,0.82857,0.75000
439,0.2305,43253760,52552,0.01371,1.58e-04,0.5615,99.1537,0.00000,0.00000,0.00000,10.00000,964.21590,0.00000,0.71895,0.00000,0.00000,0.82202,0.00000,0.00000,0.00000,0.00000,0.00000,0.44857,2.02320,1.56281,1.00000,1.00000,1.00000,2049.02051,-0.03190,-0.20070,0.26625,-0.04084,0.46755,0.81948,-0.08002,0.04477,-0.02667,-0.06669,0.12506,0.34221,0.35940,2.17932,2.10667,0.92353,0.90000,0.93750,0.79702,0.00000,0.29991,1.69415,2.91000,0.84706,0.79630,0.87500
440,0.2311,43352064,52180,0.01178,2.06e-04,0.5615,111.8973,0.00000,0.00000,0.00000,10.00000,916.37608,0.00000,0.76241,0.00000,0.00000,0.82299,0.00000,0.00000,0.00000,0.00000,0.00000,0.44788,2.05161,1.67746,1.00000,1.00000,1.00000,2052.26921,-0.03180,-0.20103,0.26981,-0.04171,0.46764,0.82047,-0.08053,0.04600,-0.02537,-0.06676,0.12723,0.34686,0.35915,2.35323,1.93333,0.92021,0.89922,0.87500,0.79575,0.00000,0.29948,1.71858,3.12709,0.84043,0.80597,0.71429
441,0.2316,43450368,52519,0.01314,2.15e-04,0.5615,103.6423,0.00000,0.00000,0.00000,10.00000,931.99853,0.00000,0.72549,0.00000,0.00000,0.82462,0.00000,0.00000,0.00000,0.00000,0.00000,0.44821,2.05299,1.69823,1.00000,1.00000,1.00000,2042.08789,-0.03188,-0.20021,0.26953,-0.04178,0.46906,0.82210,-0.08143,0.04545,-0.02293,-0.06662,0.12774,0.34642,0.35998,2.29355,2.30842,0.93529,0.91892,0.90476,0.79988,0.00000,0.30025,1.71640,3.01643,0.87059,0.83333,0.80000
442,0.2321,43548672,52667,0.01156,3.31e-04,0.5613,96.2922,0.00000,0.00000,0.00000,10.00000,948.01562,0.00000,0.77887,0.00000,0.00000,0.82902,0.00000,0.00000,0.00000,0.00000,0.00000,0.44824,2.06591,1.67297,1.00000,1.00000,1.00000,2048.69499,-0.03173,-0.20066,0.27151,-0.04141,0.47149,0.82653,-0.08213,0.04594,-0.02657,-0.06682,0.12852,0.34765,0.36106,2.21810,2.30800,0.91667,0.89510,0.71429,0.80528,0.00000,0.29919,1.71932,2.85841,0.83333,0.78873,0.60000
443,0.2326,43646976,53363,0.02179,1.43e-04,0.5613,101.9476,0.00000,0.00000,0.00000,10.00000,913.39216,0.00000,0.70933,0.00000,0.00000,0.83077,0.00000,0.00000,0.00000,0.00000,0.00000,0.44860,2.05865,1.73553,0.99107,0.98551,1.00000,2032.43994,-0.03170,-0.19922,0.27057,-0.04058,0.47318,0.82806,-0.08142,0.04609,-0.02661,-0.06684,0.12855,0.34686,0.36126,2.37432,2.34800,0.91518,0.88112,0.93548,0.80628,0.00000,0.29998,1.72027,3.07948,0.83929,0.78378,0.85714
444,0.2332,43745280,53438,0.01260,1.60e-04,0.5613,99.3706,0.00000,0.00000,0.00000,10.00000,963.66700,0.00000,0.77061,0.00000,0.00000,0.83016,0.00000,0.00000,0.00000,0.00000,0.00000,0.44869,2.06254,1.53840,1.00000,1.00000,1.00000,2028.40511,-0.03171,-0.19880,0.27020,-0.04052,0.47200,0.82741,-0.08091,0.04437,-0.02624,-0.06654,0.12836,0.34682,0.36020,2.09248,2.18333,0.94086,0.92248,0.92308,0.80099,0.00000,0.30134,1.70712,2.80896,0.88172,0.83607,0.83333
445,0.2337,43843584,53155,0.01273,1.87e-04,0.5612,101.3427,0.00000,0.00000,0.00000,10.00000,944.62088,0.00000,0.77877,0.00000,0.00000,0.82766,0.00000,0.00000,0.00000,0.00000,0.00000,0.44856,2.05209,1.70376,1.00000,1.00000,1.00000,2004.13167,-0.03186,-0.19653,0.26873,-0.04016,0.47084,0.82503,-0.08051,0.04384,-0.02522,-0.06666,0.12749,0.34471,0.36012,2.42232,1.97143,0.92857,0.91720,0.86667,0.80061,0.00000,0.30237,1.69187,3.19544,0.85714,0.83951,0.66667
446,0.2342,43941888,52998,0.01299,2.30e-04,0.5611,114.0053,0.00000,0.00000,0.00000,10.00000,915.61461,0.00000,0.80586,0.00000,0.00000,0.82410,0.00000,0.00000,0.00000,0.00000,0.00000,0.45012,2.05979,1.61803,0.98901,0.98507,1.00000,2003.16960,-0.03195,-0.19633,0.26996,-0.04037,0.46934,0.82127,-0.08077,0.04211,-0.02405,-0.06639,0.12865,0.34590,0.35925,2.43348,2.38444,0.90659,0.88636,0.81818,0.79624,0.00000,0.30311,1.69580,3.38262,0.82418,0.78462,0.66667
447,0.2347,44040192,52175,0.01396,2.30e-04,0.5610,100.9333,0.00000,0.00000,0.00000,10.00000,925.56611,0.00000,0.84722,0.00000,0.00000,0.82480,0.00000,0.00000,0.00000,0.00000,0.00000,0.45048,2.07042,1.66636,1.00000,1.00000,1.00000,2014.60498,-0.03198,-0.19727,0.27121,-0.04084,0.46954,0.82188,-0.08183,0.04111,-0.02807,-0.06651,0.12991,0.34770,0.35950,2.28169,2.72000,0.94375,0.93443,0.91667,0.79748,0.00000,0.30418,1.70150,2.91625,0.88750,0.86885,0.85714
448,0.2353,44138496,52770,0.01590,2.06e-04,0.5610,98.2513,0.00000,0.00000,0.00000,10.00000,968.81559,0.00000,0.80749,0.00000,0.00000,0.82633,0.00000,0.00000,0.00000,0.00000,0.00000,0.44952,2.07073,1.49861,1.00000,1.00000,1.00000,2052.34766,-0.03203,-0.20111,0.27261,-0.04041,0.46927,0.82348,-0.08263,0.04183,-0.02594,-0.06660,0.12969,0.35009,0.36068,2.11774,1.52000,0.93605,0.92800,0.71429,0.80342,0.00000,0.30619,1.72967,2.97500,0.87209,0.84211,0.33333
449,0.2358,44236800,52160,0.01690,1.92e-04,0.5609,107.4366,0.00000,0.00000,0.00000,10.00000,943.64190,0.00000,0.74786,0.00000,0.00000,0.83275,0.00000,0.00000,0.00000,0.00000,0.00000,0.45018,2.07422,1.61390,0.99038,0.98630,1.00000,2046.68750,-0.03183,-0.20064,0.27366,-0.03998,0.47416,0.82983,-0.08188,0.04047,-0.02614,-0.06690,0.12973,0.35143,0.36185,2.08365,2.03444,0.91346,0.88571,0.94737,0.80924,0.00000,0.30795,1.73184,2.66727,0.83654,0.77612,0.88889
450,0.2363,44335104,54917,0.01353,1.79e-04,0.5609,103.6891,0.00000,0.00000,0.00000,10.00000,936.09523,0.00000,0.77222,0.00000,0.00000,0.83802,0.00000,0.00000,0.00000,0.00000,0.00000,0.44906,2.10391,1.53564,0.98000,0.97183,1.00000,2036.94515,-0.03167,-0.19967,0.27577,-0.04226,0.47775,0.83526,-0.08152,0.03917,-0.02389,-0.06706,0.13097,0.35390,0.36215,2.37432,2.09625,0.92000,0.89209,0.93750,0.81076,0.00000,0.30924,1.72988,3.30886,0.86000,0.80882,0.88889
451,0.2368,44433408,53011,0.01444,1.92e-04,0.5609,106.0382,0.00000,0.00000,0.00000,10.00000,958.42046,0.00000,0.73016,0.00000,0.00000,0.83973,0.00000,0.00000,0.00000,0.00000,0.00000,0.44884,2.09644,1.59683,1.00000,1.00000,1.00000,2006.17171,-0.03159,-0.19674,0.27593,-0.04183,0.47836,0.83698,-0.08096,0.04224,-0.02287,-0.06731,0.13005,0.35331,0.36218,2.22243,1.96947,0.92857,0.91304,0.85714,0.81090,0.00000,0.30648,1.73890,2.99970,0.85714,0.81818,0.72727
452,0.2374,44531712,52978,0.01433,1.44e-04,0.5609,105.3878,0.00000,0.00000,0.00000,10.00000,941.85187,0.00000,0.78658,0.00000,0.00000,0.83458,0.00000,0.00000,0.00000,0.00000,0.00000,0.44711,2.08124,1.51175,0.99010,0.98611,1.00000,2006.79753,-0.03166,-0.19663,0.27488,-0.04169,0.47545,0.83176,-0.08030,0.04508,-0.02538,-0.06714,0.12882,0.35174,0.36098,2.27150,2.19600,0.93069,0.91608,0.86667,0.80489,0.00000,0.30490,1.72918,3.10411,0.87129,0.84507,0.71429
453,0.2379,44630016,53238,0.01291,2.07e-04,0.5608,111.4801,0.00000,0.00000,0.00000,10.00000,972.73111,0.00000,0.77098,0.00000,0.00000,0.82748,0.00000,0.00000,0.00000,0.00000,0.00000,0.44656,2.07144,1.68420,1.00000,1.00000,1.00000,2008.29492,-0.03165,-0.19693,0.27296,-0.04152,0.47287,0.82457,-0.07958,0.04623,-0.02434,-0.06695,0.12803,0.34957,0.36019,2.27452,1.80333,0.95918,0.95588,0.84615,0.80096,0.00000,0.30302,1.72214,3.01015,0.91837,0.90476,0.60000
454,0.2384,44728320,53865,0.01533,2.11e-04,0.5608,107.8933,0.00000,0.00000,0.00000,10.00000,945.06813,0.00000,0.76667,0.00000,0.00000,0.82813,0.00000,0.00000,0.00000,0.00000,0.00000,0.44682,2.05967,1.64222,1.00000,1.00000,1.00000,2021.58887,-0.03165,-0.19820,0.27285,-0.04157,0.47331,0.82535,-0.07990,0.04587,-0.02553,-0.06712,0.12839,0.34959,0.36106,2.18748,1.74500,0.91500,0.90580,0.78947,0.80528,0.00000,0.30555,1.72954,2.85666,0.83000,0.80882,0.50000
455,0.2389,44826624,53698,0.01302,1.79e-04,0.5608,99.1402,0.00000,0.00000,0.00000,10.00000,947.49260,0.00000,0.79532,0.00000,0.00000,0.83100,0.00000,0.00000,0.00000,0.00000,0.00000,0.44713,2.06278,1.54436,0.98947,1.00000,0.85714,2019.30339,-0.03153,-0.19792,0.27366,-0.04166,0.47468,0.82816,-0.08032,0.04632,-0.02507,-0.06684,0.12919,0.35071,0.36183,2.30179,2.21733,0.94737,0.93382,0.93333,0.80914,0.00000,0.30556,1.75058,3.18358,0.90526,0.86154,1.00000
456,0.2394,44924928,53067,0.01484,1.56e-04,0.5608,104.2487,0.00000,0.00000,0.00000,10.00000,931.28227,0.00000,0.78401,0.00000,0.00000,0.83512,0.00000,0.00000,0.00000,0.00000,0.00000,0.44778,2.07379,1.79310,1.00000,1.00000,1.00000,1979.23861,-0.03152,-0.19405,0.27321,-0.04180,0.47673,0.83235,-0.08005,0.04550,-0.02292,-0.06687,0.12913,0.35013,0.36217,2.45484,1.95000,0.92056,0.90066,0.88235,0.81085,0.00000,0.30374,1.73917,3.25444,0.84112,0.79730,0.71429
457,0.2400,45023232,54186,0.01376,1.76e-04,0.5608,104.0792,0.00000,0.00000,0.00000,10.00000,967.96705,0.00000,0.77509,0.00000,0.00000,0.83347,0.00000,0.00000,0.00000,0.00000,0.00000,0.44779,2.06803,1.63888,0.99194,0.98810,1.00000,1963.54590,-0.03168,-0.19248,0.27087,-0.04056,0.47607,0.83080,-0.08004,0.04309,-0.02335,-0.06658,0.12833,0.34777,0.36096,2.30361,2.08182,0.94355,0.93064,0.83333,0.80482,0.00000,0.30509,1.70956,2.97591,0.89516,0.87640,0.66667
458,0.2405,45121536,53068,0.01359,1.60e-04,0.5608,110.0078,0.00000,0.00000,0.00000,10.00000,866.77282,0.00000,0.85518,0.00000,0.00000,0.82623,0.00000,0.00000,0.00000,0.00000,0.00000,0.44716,2.04893,1.74973,0.96629,0.95652,1.00000,1979.21989,-0.03172,-0.19395,0.26902,-0.04113,0.47253,0.82362,-0.08040,0.04499,-0.02442,-0.06678,0.12725,0.34555,0.36000,2.37191,2.33000,0.88764,0.86131,0.92308,0.80002,0.00000,0.30351,1.70166,3.11451,0.80899,0.76471,0.83333
459,0.2410,45219840,53640,0.01302,2.07e-04,0.5608,105.9618,0.00000,0.00000,0.00000,10.00000,956.90042,0.00000,0.81384,0.00000,0.00000,0.82220,0.00000,0.00000,0.00000,0.00000,0.00000,0.44621,2.03919,1.61348,1.00000,1.00000,1.00000,2010.60726,-0.03178,-0.19698,0.26953,-0.04078,0.46775,0.81960,-0.07955,0.04792,-0.02484,-0.06667,0.12815,0.34534,0.35910,2.20512,2.16222,0.93421,0.91617,0.88889,0.79549,0.00000,0.30170,1.72245,2.92131,0.86842,0.82500,0.75000
460,0.2415,45318144,53020,0.01313,2.25e-04,0.5607,104.7295,0.00000,0.00000,0.00000,10.00000,928.90203,0.00000,0.72072,0.00000,0.00000,0.82411,0.00000,0.00000,0.00000,0.00000,0.00000,0.44635,2.02894,1.78444,0.98649,0.97872,1.00000,2041.99056,-0.03181,-0.20021,0.26863,-0.04045,0.46864,0.82155,-0.08054,0.04686,-0.02349,-0.06662,0.12677,0.34421,0.35992,2.44250,3.03466,0.89865,0.86458,0.87500,0.79960,0.00000,0.30287,1.72479,3.15320,0.81081,0.75510,0.75000
461,0.2420,45416448,52989,0.01608,1.92e-04,0.5606,96.3655,0.00000,0.00000,0.00000,10.00000,967.28380,0.00000,0.78652,0.00000,0.00000,0.82777,0.00000,0.00000,0.00000,0.00000,0.00000,0.44820,2.05244,1.58783,0.97753,0.98438,1.00000,2023.97689,-0.03166,-0.19839,0.27102,-0.04248,0.47106,0.82527,-0.08058,0.04729,-0.02448,-0.06672,0.12872,0.34775,0.36029,2.04425,1.78000,0.91011,0.88889,0.90909,0.80144,0.00000,0.30120,1.74563,2.58724,0.84270,0.79032,0.83333
462,0.2426,45514752,54081,0.01483,1.69e-04,0.5605,99.8358,0.00000,0.00000,0.00000,10.00000,916.27813,0.00000,0.77778,0.00000,0.00000,0.83049,0.00000,0.00000,0.00000,0.00000,0.00000,0.44801,2.05417,1.67942,0.98824,0.98276,1.00000,2011.86165,-0.03161,-0.19733,0.27391,-0.04253,0.47348,0.82790,-0.08070,0.04842,-0.02461,-0.06668,0.12881,0.35066,0.36122,2.29549,2.11900,0.91765,0.91597,0.82609,0.80612,0.00000,0.30186,1.76574,2.95969,0.84706,0.85246,0.66667
463,0.2431,45613056,53895,0.01328,1.49e-04,0.5604,99.0106,0.00000,0.00000,0.00000,10.00000,941.96583,0.00000,0.83074,0.00000,0.00000,0.83201,0.00000,0.00000,0.00000,0.00000,0.00000,0.44691,2.05505,1.62786,0.99065,0.98734,1.00000,2004.00033,-0.03157,-0.19651,0.27352,-0.04189,0.47488,0.82934,-0.07972,0.04995,-0.02218,-0.06681,0.12936,0.35086,0.36109,2.17961,1.56857,0.91121,0.88125,1.00000,0.80543,0.00000,0.30126,1.77913,2.83239,0.83178,0.77778,1.00000
464,0.2436,45711360,52596,0.01375,1.56e-04,0.5604,104.4741,0.00000,0.00000,0.00000,10.00000,962.46896,0.00000,0.71429,0.00000,0.00000,0.83228,0.00000,0.00000,0.00000,0.00000,0.00000,0.44511,2.04217,1.53553,0.99107,0.98551,1.00000,1998.54525,-0.03139,-0.19589,0.27255,-0.04123,0.47556,0.82970,-0.07866,0.05165,-0.02411,-0.06706,0.12860,0.34922,0.36161,2.12917,2.13613,0.94196,0.93056,0.93750,0.80805,0.00000,0.30061,1.77286,2.73711,0.89286,0.88000,0.87500
465,0.2441,45809664,53340,0.01359,1.87e-04,0.5604,121.5217,0.00000,0.00000,0.00000,10.00000,951.49714,0.00000,0.79208,0.00000,0.00000,0.83258,0.00000,0.00000,0.00000,0.00000,0.00000,0.44376,2.03903,1.51289,1.00000,1.00000,1.00000,2025.13265,-0.03135,-0.19828,0.27273,-0.04232,0.47633,0.83002,-0.07821,0.05306,-0.02772,-0.06716,0.12749,0.34950,0.36231,2.24176,2.35333,0.92574,0.91667,0.70000,0.81154,0.00000,0.30024,1.76971,3.01111,0.85149,0.83562,0.40000
466,0.2446,45907968,53465,0.01540,1.24e-04,0.5604,106.8023,0.00000,0.00000,0.00000,10.00000,945.09274,0.00000,0.83058,0.00000,0.00000,0.83243,0.00000,0.00000,0.00000,0.00000,0.00000,0.44455,2.03118,1.64561,0.99010,0.98684,1.00000,2017.93587,-0.03142,-0.19760,0.27078,-0.04133,0.47499,0.82977,-0.07815,0.05264,-0.02651,-0.06714,0.12590,0.34708,0.36150,2.31936,2.49538,0.94059,0.92053,1.00000,0.80750,0.00000,0.29947,1.75647,3.05600,0.89109,0.85333,1.00000
467,0.2452,46006272,52980,0.01185,1.60e-04,0.5603,114.9138,0.00000,0.00000,0.00000,10.00000,944.65130,0.00000,0.79012,0.00000,0.00000,0.82793,0.00000,0.00000,0.00000,0.00000,0.00000,0.44490,2.04836,1.68377,0.98889,1.00000,0.83333,2008.95068,-0.03143,-0.19706,0.27252,-0.04174,0.47308,0.82540,-0.07885,0.05257,-0.02272,-0.06688,0.12714,0.34925,0.36086,2.40076,2.16167,0.92222,0.90625,0.83333,0.80432,0.00000,0.29930,1.76473,3.19871,0.85556,0.81538,0.83333
468,0.2457,46104576,54421,0.02173,1.32e-04,0.5603,102.4786,0.00000,0.00000,0.00000,10.00000,980.95149,0.00000,0.71331,0.00000,0.00000,0.82974,0.00000,0.00000,0.00000,0.00000,0.00000,0.44423,2.07708,1.56258,1.00000,1.00000,1.00000,2017.96305,-0.03138,-0.19783,0.27502,-0.04142,0.47305,0.82736,-0.07905,0.05404,-0.02462,-0.06668,0.12952,0.35240,0.36076,2.31210,2.27000,0.94444,0.93269,0.85714,0.80380,0.00000,0.29779,1.77623,3.20577,0.88889,0.86000,0.66667
469,0.2462,46202880,53486,0.01495,1.33e-04,0.5604,102.0566,0.00000,0.00000,0.00000,10.00000,973.87141,0.00000,0.77267,0.00000,0.00000,0.83488,0.00000,0.00000,0.00000,0.00000,0.00000,0.44482,2.10628,1.61549,0.98851,0.98413,1.00000,2006.03548,-0.03133,-0.19667,0.27742,-0.04204,0.47682,0.83251,-0.07975,0.05296,-0.02280,-0.06672,0.13055,0.35582,0.36137,2.22187,2.11500,0.95977,0.94215,1.00000,0.80684,0.00000,0.29817,1.78511,2.97719,0.93103,0.89655,1.00000
470,0.2467,46301184,53587,0.01052,1.72e-04,0.5604,107.5516,0.00000,0.00000,0.00000,10.00000,948.74799,0.00000,0.78658,0.00000,0.00000,0.83648,0.00000,0.00000,0.00000,0.00000,0.00000,0.44546,2.08885,1.53235,1.00000,1.00000,1.00000,2017.66829,-0.03153,-0.19784,0.27650,-0.04164,0.47771,0.83408,-0.07992,0.05200,-0.02521,-0.06666,0.13180,0.35417,0.36206,2.28391,2.98222,0.91089,0.88112,0.88889,0.81028,0.00000,0.29973,1.77341,2.96533,0.82178,0.78750,0.75000
471,0.2472,46399488,53742,0.01334,1.76e-04,0.5604,94.6186,0.00000,0.00000,0.00000,10.00000,963.84439,0.00000,0.77664,0.00000,0.00000,0.83781,0.00000,0.00000,0.00000,0.00000,0.00000,0.44625,2.09092,1.63585,1.00000,1.00000,1.00000,1984.71842,-0.03137,-0.19474,0.27753,-0.04210,0.47864,0.83537,-0.08032,0.05288,-0.02278,-0.06670,0.13256,0.35494,0.36232,2.24193,2.03428,0.92857,0.89781,1.00000,0.81158,0.00000,0.29877,1.79877,3.03079,0.85714,0.78462,1.00000
472,0.2478,46497792,53487,0.01627,1.10e-04,0.5604,108.9071,0.00000,0.00000,0.00000,10.00000,967.42073,0.00000,0.77982,0.00000,0.00000,0.83531,0.00000,0.00000,0.00000,0.00000,0.00000,0.44735,2.07744,1.45378,0.98165,0.98718,0.91667,1963.31576,-0.03152,-0.19255,0.27554,-0.04118,0.47863,0.83273,-0.08000,0.05203,-0.02457,-0.06622,0.13235,0.35266,0.36205,1.98916,1.96700,0.92661,0.90850,0.90000,0.81027,0.00000,0.29851,1.77869,2.62316,0.87156,0.82667,0.87500
473,0.2483,46596096,53198,0.01193,1.30e-04,0.5604,107.9383,0.00000,0.00000,0.00000,10.00000,967.84936,0.00000,0.74973,0.00000,0.00000,0.83379,0.00000,0.00000,0.00000,0.00000,0.00000,0.44797,2.06306,1.51039,0.98058,0.97101,1.00000,1986.36442,-0.03163,-0.19484,0.27407,-0.04156,0.47756,0.83120,-0.07976,0.05124,-0.02507,-0.06660,0.13111,0.35188,0.36228,2.14028,1.81077,0.91262,0.89209,0.80000,0.81141,0.00000,0.29988,1.78192,2.88646,0.84466,0.81429,0.57143
474,0.2488,46694400,54001,0.01096,1.47e-04,0.5604,106.1023,0.00000,0.00000,0.00000,10.00000,953.54106,0.00000,0.74263,0.00000,0.00000,0.83186,0.00000,0.00000,0.00000,0.00000,0.00000,0.44736,2.04194,1.55304,0.98980,0.98413,1.00000,1958.97705,-0.03163,-0.19223,0.27267,-0.04054,0.47561,0.82922,-0.07961,0.05311,-0.02087,-0.06636,0.13031,0.35040,0.36145,2.42366,2.91428,0.95918,0.95420,0.87500,0.80727,0.00000,0.29919,1.79601,3.24657,0.92857,0.92647,0.80000
475,0.2493,46792704,53655,0.01244,2.11e-04,0.5603,108.2169,0.00000,0.00000,0.00000,10.00000,949.95494,0.00000,0.76319,0.00000,0.00000,0.82816,0.00000,0.00000,0.00000,0.00000,0.00000,0.44636,2.05256,1.67342,0.97980,0.98462,1.00000,1978.63151,-0.03154,-0.19419,0.27332,-0.04233,0.47378,0.82570,-0.07978,0.05312,-0.02351,-0.06646,0.12949,0.35119,0.36133,2.34708,2.24933,0.93434,0.92647,0.88235,0.80663,0.00000,0.29959,1.77409,3.03972,0.88889,0.87324,0.77778
476,0.2498,46891008,53402,0.01389,1.92e-04,0.5603,117.4498,0.00000,0.00000,0.00000,10.00000,968.01864,0.00000,0.79282,0.00000,0.00000,0.82697,0.00000,0.00000,0.00000,0.00000,0.00000,0.44650,2.05919,1.55160,1.00000,1.00000,1.00000,1976.02799,-0.03155,-0.19391,0.27316,-0.04095,0.47304,0.82458,-0.08040,0.05348,-0.02448,-0.06618,0.13070,0.35062,0.36129,2.09348,1.79273,0.92708,0.91241,0.84615,0.80644,0.00000,0.29799,1.77027,2.86351,0.85417,0.81538,0.50000
477,0.2503,46989312,53532,0.01306,2.06e-04,0.5603,100.2424,0.00000,0.00000,0.00000,10.00000,917.67188,0.00000,0.78092,0.00000,0.00000,0.83097,0.00000,0.00000,0.00000,0.00000,0.00000,0.44654,2.06672,1.60786,0.99057,1.00000,0.90000,2008.61540,-0.03159,-0.19686,0.27279,-0.04181,0.47445,0.82857,-0.08071,0.05250,-0.02399,-0.06671,0.13064,0.34993,0.36193,2.25350,2.43727,0.92453,0.90604,0.90909,0.80965,0.00000,0.29814,1.75729,2.96710,0.85849,0.81333,0.91667
478,0.2509,47087616,53498,0.01406,2.06e-04,0.5603,99.0011,0.00000,0.00000,0.00000,10.00000,943.09670,0.00000,0.78740,0.00000,0.00000,0.83319,0.00000,0.00000,0.00000,0.00000,0.00000,0.44579,2.06136,1.60467,0.99213,0.98969,1.00000,1985.63411,-0.03180,-0.19470,0.27027,-0.04101,0.47521,0.83085,-0.07986,0.05070,-0.02601,-0.06663,0.12915,0.34655,0.36146,2.15832,1.74714,0.88583,0.84444,0.93333,0.80732,0.00000,0.29896,1.72820,2.98111,0.77953,0.67470,0.80000
479,0.2514,47185920,53297,0.01487,2.15e-04,0.5603,100.8050,0.00000,0.00000,0.00000,10.00000,929.24600,0.00000,0.87855,0.00000,0.00000,0.82845,0.00000,0.00000,0.00000,0.00000,0.00000,0.44573,2.05677,1.52944,1.00000,1.00000,1.00000,1989.57552,-0.03180,-0.19500,0.27015,-0.03953,0.47301,0.82594,-0.08064,0.05184,-0.02506,-0.06626,0.13011,0.34613,0.36098,2.08303,1.71600,0.91279,0.89706,0.80000,0.80488,0.00000,0.29748,1.73319,2.74733,0.82558,0.78462,0.75000
480,0.2519,47284224,53570,0.01262,2.92e-04,0.5603,115.9366,0.00000,0.00000,0.00000,10.00000,989.97206,0.00000,0.80662,0.00000,0.00000,0.82571,0.00000,0.00000,0.00000,0.00000,0.00000,0.44622,2.05453,1.48928,1.00000,1.00000,1.00000,1967.74235,-0.03190,-0.19296,0.27003,-0.04059,0.47123,0.82337,-0.08045,0.04958,-0.02453,-0.06623,0.13045,0.34610,0.36066,2.09484,1.91750,0.96635,0.95364,1.00000,0.80328,0.00000,0.30063,1.73160,2.81127,0.93269,0.90000,1.00000
481,0.2524,47382528,53490,0.01707,1.92e-04,0.5604,112.1607,0.00000,0.00000,0.00000,10.00000,928.63482,0.00000,0.76923,0.00000,0.00000,0.82354,0.00000,0.00000,0.00000,0.00000,0.00000,0.44546,2.05127,1.67059,1.00000,1.00000,1.00000,1987.51855,-0.03183,-0.19491,0.27150,-0.03965,0.46935,0.82101,-0.08080,0.05083,-0.02453,-0.06600,0.13018,0.34746,0.36033,2.23229,2.20000,0.91667,0.89815,0.94737,0.80164,0.00000,0.30098,1.75447,2.93963,0.83333,0.78431,0.87500
482,0.2529,47480832,53619,0.01112,2.58e-04,0.5604,110.2777,0.00000,0.00000,0.00000,10.00000,927.71024,0.00000,0.83058,0.00000,0.00000,0.82632,0.00000,0.00000,0.00000,0.00000,0.00000,0.44639,2.06214,1.60299,1.00000,1.00000,1.00000,2008.76742,-0.03161,-0.19707,0.27269,-0.04157,0.47115,0.82388,-0.08098,0.05289,-0.02296,-0.06640,0.13173,0.34991,0.36095,2.09641,2.58667,0.91089,0.90066,0.82353,0.80475,0.00000,0.29889,1.77147,2.71855,0.82178,0.79167,0.66667
483,0.2535,47579136,53260,0.01559,2.07e-04,0.5604,115.1525,0.00000,0.00000,0.00000,10.00000,958.28869,0.00000,0.74074,0.00000,0.00000,0.83446,0.00000,0.00000,0.00000,0.00000,0.00000,0.44727,2.07055,1.68358,0.98810,0.98276,1.00000,2015.62777,-0.03161,-0.19760,0.27381,-0.04041,0.47527,0.83198,-0.08143,0.05343,-0.02379,-0.06645,0.13195,0.35201,0.36204,2.12748,1.99294,0.92262,0.90179,0.94444,0.81018,0.00000,0.29816,1.79025,2.65857,0.85714,0.81481,0.88889
484,0.2540,47677440,52794,0.01449,2.43e-04,0.5603,109.6198,0.00000,0.00000,0.00000,10.00000,959.42650,0.00000,0.76591,0.00000,0.00000,0.83643,0.00000,0.00000,0.00000,0.00000,0.00000,0.44696,2.08472,1.59100,0.98058,0.97260,1.00000,1993.79069,-0.03162,-0.19559,0.27633,-0.04093,0.47720,0.83395,-0.08066,0.05358,-0.02108,-0.06654,0.13285,0.35442,0.36251,2.13878,2.00800,0.93204,0.90141,1.00000,0.81254,0.00000,0.29800,1.80206,2.78323,0.88350,0.82609,1.00000
485,0.2545,47775744,53140,0.01331,2.06e-04,0.5602,110.8947,0.00000,0.00000,0.00000,10.00000,981.59412,0.00000,0.70370,0.00000,0.00000,0.83883,0.00000,0.00000,0.00000,0.00000,0.00000,0.44618,2.07102,1.62097,0.99048,0.98571,1.00000,1963.55127,-0.03160,-0.19262,0.27546,-0.04189,0.47856,0.83638,-0.07990,0.05400,-0.02341,-0.06655,0.13203,0.35283,0.36308,2.26797,2.49259,0.93810,0.90977,0.96429,0.81540,0.00000,0.29842,1.79048,3.01521,0.88571,0.82540,0.93333
486,0.2550,47874048,52474,0.01312,2.53e-04,0.5602,107.4147,0.00000,0.00000,0.00000,10.00000,934.98928,0.00000,0.79154,0.00000,0.00000,0.83518,0.00000,0.00000,0.00000,0.00000,0.00000,0.44472,2.06457,1.68361,0.96460,0.94667,1.00000,1938.72445,-0.03165,-0.19050,0.27445,-0.04110,0.47661,0.83272,-0.08046,0.05462,-0.02157,-0.06635,0.13135,0.35214,0.36216,2.20859,2.10941,0.92035,0.88820,1.00000,0.81079,0.00000,0.29880,1.79439,2.70942,0.87611,0.83721,1.00000
487,0.2556,47972352,52861,0.01447,2.25e-04,0.5602,106.7388,0.00000,0.00000,0.00000,10.00000,1015.62313,0.00000,0.70652,0.00000,0.00000,0.82863,0.00000,0.00000,0.00000,0.00000,0.00000,0.44415,2.05222,1.54147,1.00000,1.00000,1.00000,1942.99788,-0.03181,-0.19077,0.27318,-0.04130,0.47304,0.82602,-0.08058,0.05407,-0.02219,-0.06625,0.13098,0.34995,0.36105,2.31371,2.08667,0.96739,0.95726,0.91667,0.80523,0.00000,0.29899,1.77403,3.25143,0.93478,0.90909,0.83333
488,0.2561,48070656,53088,0.01449,2.48e-04,0.5601,105.9416,0.00000,0.00000,0.00000,10.00000,973.48748,0.00000,0.78914,0.00000,0.00000,0.82529,0.00000,0.00000,0.00000,0.00000,0.00000,0.44443,2.06014,1.65086,1.00000,1.00000,1.00000,2001.07259,-0.03170,-0.19631,0.27331,-0.04119,0.47100,0.82263,-0.08101,0.05540,-0.02365,-0.06637,0.13142,0.34995,0.36072,2.19759,2.72333,0.94886,0.92800,1.00000,0.80361,0.00000,0.29635,1.77277,2.80508,0.89773,0.85484,1.00000
489,0.2566,48168960,53077,0.01501,2.15e-04,0.5599,102.6814,0.00000,0.00000,0.00000,10.00000,960.97579,0.00000,0.82305,0.00000,0.00000,0.83202,0.00000,0.00000,0.00000,0.00000,0.00000,0.44481,2.08947,1.50448,0.98765,0.98387,1.00000,2016.49023,-0.03161,-0.19792,0.27628,-0.04247,0.47364,0.82918,-0.08122,0.05524,-0.02341,-0.06636,0.13166,0.35399,0.36156,2.10597,1.83000,0.91975,0.90833,0.80000,0.80782,0.00000,0.29607,1.79106,2.81298,0.85185,0.82759,0.60000
490,0.2571,48267264,52891,0.01524,1.71e-04,0.5599,90.7892,0.00000,0.00000,0.00000,10.00000,967.47213,0.00000,0.79038,0.00000,0.00000,0.83940,0.00000,0.00000,0.00000,0.00000,0.00000,0.44477,2.10259,1.68500,1.00000,1.00000,1.00000,2007.28190,-0.03151,-0.19692,0.27858,-0.04293,0.47797,0.83666,-0.08125,0.05560,-0.02242,-0.06646,0.13274,0.35763,0.36318,2.25342,2.81833,0.95361,0.95652,0.78571,0.81591,0.00000,0.29711,1.81616,2.94242,0.90722,0.90769,0.57143
491,0.2577,48365568,52885,0.01298,1.79e-04,0.5598,117.2082,0.00000,0.00000,0.00000,10.00000,983.14340,0.00000,0.80048,0.00000,0.00000,0.84316,0.00000,0.00000,0.00000,0.00000,0.00000,0.44487,2.09649,1.62427,1.00000,1.00000,1.00000,1990.23486,-0.03134,-0.19525,0.27944,-0.04274,0.48229,0.84049,-0.07994,0.05815,-0.02198,-0.06660,0.13332,0.35905,0.36399,2.30657,2.04286,0.95161,0.93284,1.00000,0.81996,0.00000,0.29586,1.83420,3.17390,0.90323,0.85938,1.00000
492,0.2582,48463872,53455,0.01370,1.71e-04,0.5600,112.0969,0.00000,0.00000,0.00000,10.00000,899.19896,0.00000,0.81481,0.00000,0.00000,0.84124,0.00000,0.00000,0.00000,0.00000,0.00000,0.44511,2.09984,1.68964,0.99048,0.98684,1.00000,1991.51400,-0.03133,-0.19532,0.28068,-0.04270,0.48126,0.83858,-0.07989,0.05927,-0.02287,-0.06682,0.13481,0.35983,0.36321,2.40197,2.45333,0.90952,0.88961,0.89474,0.81607,0.00000,0.29509,1.83778,3.15038,0.82857,0.79487,0.81818
493,0.2587,48562176,53272,0.01421,1.58e-04,0.5600,112.1118,0.00000,0.00000,0.00000,10.00000,990.57359,0.00000,0.72222,0.00000,0.00000,0.83855,0.00000,0.00000,0.00000,0.00000,0.00000,0.44450,2.08097,1.53600,0.98000,0.97059,1.00000,1950.20573,-0.03137,-0.19148,0.27821,-0.04162,0.47987,0.83594,-0.07972,0.05888,-0.02146,-0.06638,0.13461,0.35536,0.36295,2.19057,2.58857,0.93500,0.91538,0.92857,0.81473,0.00000,0.29583,1.82087,2.94584,0.89000,0.85484,0.85714
494,0.2592,48660480,53351,0.01258,1.72e-04,0.5600,102.5306,0.00000,0.00000,0.00000,10.00000,975.35805,0.00000,0.78869,0.00000,0.00000,0.83701,0.00000,0.00000,0.00000,0.00000,0.00000,0.44508,2.07810,1.53670,1.00000,1.00000,1.00000,1966.39583,-0.03146,-0.19290,0.27774,-0.04201,0.47889,0.83445,-0.07953,0.05878,-0.02370,-0.06674,0.13376,0.35489,0.36238,2.03879,1.73200,0.94196,0.92453,0.93333,0.81189,0.00000,0.29458,1.81085,2.64800,0.88393,0.84000,0.87500
495,0.2598,48758784,50240,0.01488,1.47e-04,0.5601,103.5956,0.00000,0.00000,0.00000,10.00000,962.61795,0.00000,0.73068,0.00000,0.00000,0.83421,0.00000,0.00000,0.00000,0.00000,0.00000,0.44534,2.06212,1.77048,0.97826,0.96296,1.00000,1975.73275,-0.03160,-0.19384,0.27528,-0.04082,0.47632,0.83164,-0.07998,0.05948,-0.02266,-0.06640,0.13306,0.35178,0.36215,2.29138,1.83250,0.92391,0.88430,1.00000,0.81076,0.00000,0.29321,1.80208,2.78119,0.86957,0.82090,1.00000
496,0.2603,48857088,52910,0.01454,1.33e-04,0.5601,97.2667,0.00000,0.00000,0.00000,10.00000,948.56343,0.00000,0.73157,0.00000,0.00000,0.83000,0.00000,0.00000,0.00000,0.00000,0.00000,0.44570,2.04535,1.61816,1.00000,1.00000,1.00000,1992.77865,-0.03161,-0.19548,0.27500,-0.04216,0.47423,0.82747,-0.08048,0.06120,-0.02290,-0.06655,0.13195,0.35213,0.36169,2.50128,3.06588,0.93069,0.90977,0.88235,0.80847,0.00000,0.29279,1.81188,3.53384,0.86139,0.81538,0.77778
497,0.2608,48955392,52659,0.01363,1.49e-04,0.5601,96.7060,0.00000,0.00000,0.00000,10.00000,953.36869,0.00000,0.78563,0.00000,0.00000,0.82999,0.00000,0.00000,0.00000,0.00000,0.00000,0.44603,2.04933,1.68571,0.98990,0.98592,1.00000,1983.70280,-0.03160,-0.19458,0.27417,-0.04180,0.47549,0.82767,-0.08035,0.06132,-0.02359,-0.06622,0.13180,0.35160,0.36187,2.23049,2.07833,0.91414,0.90000,0.80000,0.80934,0.00000,0.29084,1.81037,2.86606,0.83838,0.81159,0.66667
498,0.2613,49053696,52354,0.01245,1.72e-04,0.5601,111.4697,0.00000,0.00000,0.00000,10.00000,934.05800,0.00000,0.80581,0.00000,0.00000,0.83200,0.00000,0.00000,0.00000,0.00000,0.00000,0.44568,2.05095,1.78674,1.00000,1.00000,1.00000,1960.83952,-0.03165,-0.19252,0.27331,-0.04169,0.47531,0.82971,-0.07978,0.06074,-0.02317,-0.06621,0.13200,0.35037,0.36164,2.36552,2.18105,0.94144,0.92547,0.95000,0.80821,0.00000,0.29101,1.80092,3.01488,0.88288,0.84810,0.90000
499,0.2619,49152000,52678,0.01380,1.89e-04,0.5601,111.0860,0.00000,0.00000,0.00000,10.00000,977.21511,0.00000,0.73276,0.00000,0.00000,0.83153,0.00000,0.00000,0.00000,0.00000,0.00000,0.44549,2.03395,1.53182,0.99138,0.98750,1.00000,1986.75228,-0.03169,-0.19487,0.27140,-0.04155,0.47546,0.82908,-0.07949,0.06122,-0.02556,-0.06675,0.13047,0.34774,0.36160,2.18293,2.62235,0.90948,0.86275,1.00000,0.80800,0.00000,0.29016,1.78025,3.01333,0.82759,0.72603,1.00000
500,0.2624,49250304,52533,0.01410,1.72e-04,0.5601,113.9392,0.00000,0.00000,0.00000,10.00000,947.10718,0.00000,0.83021,0.00000,0.00000,0.82668,0.00000,0.00000,0.00000,0.00000,0.00000,0.44477,2.04190,1.72027,1.00000,1.00000,1.00000,1965.50179,-0.03190,-0.19286,0.27186,-0.04118,0.47257,0.82432,-0.08035,0.06145,-0.02239,-0.06603,0.13101,0.34785,0.36099,2.39526,2.84000,0.94944,0.93233,1.00000,0.80494,0.00000,0.28932,1.78548,3.19000,0.89888,0.86154,1.00000
501,0.2630,49348608,52648,0.01501,1.24e-04,0.5601,104.9505,0.00000,0.00000,0.00000,10.00000,973.33052,0.00000,0.78108,0.00000,0.00000,0.82717,0.00000,0.00000,0.00000,0.00000,0.00000,0.44455,2.04920,1.63975,0.99010,1.00000,0.83333,1987.66748,-0.03182,-0.19505,0.27217,-0.04093,0.47245,0.82489,-0.07991,0.06011,-0.02336,-0.06648,0.13040,0.34745,0.36108,2.23594,2.66166,0.94554,0.92958,0.91667,0.80538,0.00000,0.29156,1.77241,2.95671,0.90099,0.85075,1.00000
502,0.2635,49446912,52739,0.01295,1.41e-04,0.5600,105.8067,0.00000,0.00000,0.00000,10.00000,974.84344,0.00000,0.69630,0.00000,0.00000,0.82716,0.00000,0.00000,0.00000,0.00000,0.00000,0.44541,2.05907,1.58610,0.98667,0.97959,1.00000,1985.52083,-0.03175,-0.19477,0.27406,-0.04144,0.47164,0.82481,-0.08063,0.05879,-0.02294,-0.06613,0.13167,0.35011,0.36061,2.23477,1.75000,0.95333,0.94681,0.90476,0.80307,0.00000,0.29323,1.78917,2.97077,0.92000,0.91111,0.80000
503,0.2640,49545216,53031,0.01307,1.92e-04,0.5599,99.0676,0.00000,0.00000,0.00000,10.00000,952.14129,0.00000,0.75132,0.00000,0.00000,0.82991,0.00000,0.00000,0.00000,0.00000,0.00000,0.44586,2.06657,1.66861,0.97143,0.97015,0.91667,2006.18945,-0.03177,-0.19681,0.27452,-0.04095,0.47328,0.82759,-0.08123,0.05942,-0.02356,-0.06620,0.13256,0.35103,0.36119,2.27376,2.24500,0.92857,0.90141,0.95000,0.80597,0.00000,0.29291,1.79371,2.88666,0.88571,0.84000,1.00000
504,0.2645,49643520,53428,0.01345,1.49e-04,0.5599,113.0563,0.00000,0.00000,0.00000,10.00000,1010.85191,0.00000,0.71429,0.00000,0.00000,0.83316,0.00000,0.00000,0.00000,0.00000,0.00000,0.44644,2.08302,1.67727,1.00000,1.00000,1.00000,2002.00618,-0.03169,-0.19638,0.27609,-0.04173,0.47607,0.83073,-0.08123,0.05820,-0.02067,-0.06623,0.13326,0.35288,0.36162,2.25008,2.35600,0.96154,0.95726,0.81818,0.80812,0.00000,0.29424,1.79762,2.91333,0.92308,0.91379,0.50000
505,0.2651,49741824,53562,0.01341,1.83e-04,0.5599,100.9128,0.00000,0.00000,0.00000,10.00000,933.35625,0.00000,0.84444,0.00000,0.00000,0.83581,0.00000,0.00000,0.00000,0.00000,0.00000,0.44556,2.08105,1.66313,1.00000,1.00000,1.00000,2003.49251,-0.03157,-0.19642,0.27637,-0.04092,0.47743,0.83342,-0.08099,0.05822,-0.02432,-0.06651,0.13392,0.35321,0.36235,2.43742,2.57666,0.97500,0.97368,0.92308,0.81175,0.00000,0.29530,1.80241,3.24075,0.95000,0.94667,0.85714
506,0.2656,49840128,52302,0.01321,1.92e-04,0.5598,103.6162,0.00000,0.00000,0.00000,10.00000,989.66710,0.00000,0.69040,0.00000,0.00000,0.83673,0.00000,0.00000,0.00000,0.00000,0.00000,0.44619,2.06971,1.78375,1.00000,1.00000,1.00000,1996.34359,-0.03153,-0.19579,0.27520,-0.04183,0.47863,0.83429,-0.07957,0.05790,-0.02464,-0.06683,0.13328,0.35325,0.36246,2.22564,2.23846,0.96602,0.95312,0.96296,0.81229,0.00000,0.29601,1.79988,2.73797,0.93204,0.90476,0.91667
507,0.2661,49938432,53228,0.01607,1.60e-04,0.5598,99.0795,0.00000,0.00000,0.00000,10.00000,957.05044,0.00000,0.69444,0.00000,0.00000,0.83666,0.00000,0.00000,0.00000,0.00000,0.00000,0.44592,2.06634,1.68674,0.98276,0.97368,1.00000,1978.03141,-0.03158,-0.19418,0.27349,-0.04248,0.47775,0.83412,-0.07984,0.05893,-0.02231,-0.06683,0.13233,0.35155,0.36256,2.26402,2.36421,0.91810,0.88966,0.86364,0.81280,0.00000,0.29502,1.79824,2.99412,0.85345,0.79710,0.72727
508,0.2666,50036736,52120,0.01219,1.43e-04,0.5597,114.6967,0.00000,0.00000,0.00000,10.00000,1013.58448,0.00000,0.73260,0.00000,0.00000,0.83427,0.00000,0.00000,0.00000,0.00000,0.00000,0.44574,2.06547,1.45621,0.98901,0.98214,1.00000,1964.64632,-0.03155,-0.19277,0.27384,-0.04206,0.47728,0.83176,-0.07905,0.05795,-0.02265,-0.06661,0.13213,0.35161,0.36216,2.13017,1.50000,0.93956,0.90833,1.00000,0.81078,0.00000,0.29519,1.78612,2.80414,0.89011,0.84375,1.00000
509,0.2672,50135040,51947,0.01172,1.89e-04,0.5597,107.3871,0.00000,0.00000,0.00000,10.00000,980.99859,0.00000,0.76305,0.00000,0.00000,0.83065,0.00000,0.00000,0.00000,0.00000,0.00000,0.44512,2.08594,1.44866,1.00000,1.00000,1.00000,1985.20573,-0.03147,-0.19481,0.27498,-0.04170,0.47557,0.82803,-0.07948,0.05866,-0.02259,-0.06648,0.13226,0.35275,0.36169,2.15820,2.53143,0.95181,0.92982,1.00000,0.80843,0.00000,0.29340,1.77905,3.02254,0.90361,0.85185,1.00000
510,0.2677,50233344,51689,0.01313,2.24e-04,0.5597,114.0332,0.00000,0.00000,0.00000,10.00000,961.65274,0.00000,0.80484,0.00000,0.00000,0.83379,0.00000,0.00000,0.00000,0.00000,0.00000,0.44636,2.10698,1.59033,1.00000,1.00000,1.00000,1998.97770,-0.03138,-0.19632,0.27758,-0.04113,0.47697,0.83118,-0.08027,0.05876,-0.02089,-0.06646,0.13450,0.35589,0.36261,2.10539,2.31111,0.92308,0.90265,0.88889,0.81304,0.00000,0.29325,1.81015,2.66727,0.84615,0.81034,0.75000
511,0.2682,50331648,52607,0.01452,1.72e-04,0.5596,94.6300,0.00000,0.00000,0.00000,10.00000,994.92195,0.00000,0.74924,0.00000,0.00000,0.84005,0.00000,0.00000,0.00000,0.00000,0.00000,0.44571,2.12255,1.58000,1.00000,1.00000,1.00000,1974.29411,-0.03133,-0.19372,0.28165,-0.04135,0.48064,0.83734,-0.08013,0.05879,-0.02532,-0.06653,0.13576,0.36038,0.36296,2.30025,2.38250,0.96789,0.95918,1.00000,0.81479,0.00000,0.29496,1.82840,3.14876,0.93578,0.91304,1.00000
512,0.2688,50429952,47572,0.01288,2.25e-04,0.5596,106.8882,0.00000,0.00000,0.00000,10.00000,974.26190,0.00000,0.76058,0.00000,0.00000,0.83818,0.00000,0.00000,0.00000,0.00000,0.00000,0.44578,2.10416,1.69484,0.97619,0.96721,1.00000,1973.44596,-0.03142,-0.19359,0.27951,-0.04231,0.48023,0.83566,-0.07920,0.05841,-0.02298,-0.06651,0.13440,0.35786,0.36258,2.27678,1.75667,0.93452,0.91304,0.85714,0.81292,0.00000,0.29543,1.81184,2.99840,0.89286,0.85185,0.75000
513,0.2694,50528256,48692,0.01722,1.47e-04,0.5596,107.8495,0.00000,0.00000,0.00000,10.00000,919.96072,0.00000,0.75253,0.00000,0.00000,0.83683,0.00000,0.00000,0.00000,0.00000,0.00000,0.44525,2.08659,1.62276,1.00000,1.00000,1.00000,1978.35970,-0.03146,-0.19393,0.27741,-0.04140,0.47896,0.83433,-0.07894,0.05963,-0.02329,-0.06682,0.13356,0.35527,0.36208,2.24903,2.29846,0.92727,0.90604,0.92857,0.81041,0.00000,0.29461,1.81071,2.93873,0.85455,0.81579,0.85714
514,0.2700,50626560,48787,0.01268,1.71e-04,0.5596,104.9494,0.00000,0.00000,0.00000,10.00000,961.18934,0.00000,0.76253,0.00000,0.00000,0.83633,0.00000,0.00000,0.00000,0.00000,0.00000,0.44539,2.07382,1.75487,1.00000,1.00000,1.00000,1980.35856,-0.03163,-0.19425,0.27599,-0.04150,0.47813,0.83377,-0.07962,0.05995,-0.02181,-0.06643,0.13301,0.35353,0.36237,2.27224,1.99250,0.93627,0.90714,1.00000,0.81185,0.00000,0.29461,1.80686,2.85710,0.87255,0.81944,1.00000
515,0.2705,50724864,48219,0.01671,1.30e-04,0.5595,106.9551,0.00000,0.00000,0.00000,10.00000,959.82045,0.00000,0.82828,0.00000,0.00000,0.83629,0.00000,0.00000,0.00000,0.00000,0.00000,0.44502,2.08488,1.61586,1.00000,1.00000,1.00000,1954.05208,-0.03140,-0.19187,0.27667,-0.04197,0.47931,0.83370,-0.07935,0.06039,-0.02337,-0.06663,0.13301,0.35436,0.36284,2.10713,1.55600,0.91818,0.89634,0.80000,0.81418,0.00000,0.29366,1.80596,2.71771,0.83636,0.78750,0.50000
516,0.2711,50823168,49446,0.00942,1.86e-04,0.5595,114.1999,0.00000,0.00000,0.00000,10.00000,966.18149,0.00000,0.74481,0.00000,0.00000,0.83701,0.00000,0.00000,0.00000,0.00000,0.00000,0.44566,2.09213,1.61068,1.00000,1.00000,1.00000,1929.66813,-0.03133,-0.18941,0.27812,-0.04237,0.47980,0.83441,-0.07932,0.06051,-0.02122,-0.06640,0.13419,0.35645,0.36290,2.32200,1.88267,0.92857,0.90984,0.88235,0.81449,0.00000,0.29383,1.82176,3.23298,0.85714,0.80357,0.80000
517,0.2717,50921472,49048,0.01484,2.03e-04,0.5595,103.9453,0.00000,0.00000,0.00000,10.00000,956.62669,0.00000,0.73883,0.00000,0.00000,0.83531,0.00000,0.00000,0.00000,0.00000,0.00000,0.44631,2.08302,1.67680,0.98969,0.98462,1.00000,1955.98649,-0.03142,-0.19213,0.27754,-0.04150,0.47899,0.83273,-0.07973,0.05992,-0.02211,-0.06644,0.13460,0.35536,0.36244,2.32086,2.26444,0.91753,0.89147,0.90000,0.81219,0.00000,0.29460,1.81951,3.06400,0.84536,0.79688,0.80000
518,0.2722,51019776,48736,0.01351,1.98e-04,0.5596,109.4356,0.00000,0.00000,0.00000,10.00000,964.07552,0.00000,0.83333,0.00000,0.00000,0.83395,0.00000,0.00000,0.00000,0.00000,0.00000,0.44640,2.07382,1.60202,0.99074,0.98824,1.00000,1968.22542,-0.03147,-0.19316,0.27515,-0.04037,0.47724,0.83127,-0.08003,0.06162,-0.02306,-0.06666,0.13399,0.35176,0.36223,2.17916,2.20889,0.94907,0.93210,1.00000,0.81116,0.00000,0.29138,1.80924,2.84623,0.90741,0.87013,1.00000
519,0.2728,51118080,49670,0.01455,2.11e-04,0.5596,112.8340,0.00000,0.00000,0.00000,10.00000,990.99287,0.00000,0.76511,0.00000,0.00000,0.83341,0.00000,0.00000,0.00000,0.00000,0.00000,0.44657,2.07580,1.68714,1.00000,1.00000,1.00000,1968.13053,-0.03151,-0.19309,0.27430,-0.04158,0.47665,0.83057,-0.07959,0.05915,-0.02324,-0.06684,0.13218,0.35123,0.36174,2.06580,2.34500,0.93421,0.92357,0.84615,0.80872,0.00000,0.29306,1.78186,2.47359,0.86842,0.84810,0.71429
520,0.2733,51216384,48855,0.01829,1.20e-04,0.5595,109.5365,0.00000,0.00000,0.00000,10.00000,988.74377,0.00000,0.73718,0.00000,0.00000,0.83184,0.00000,0.00000,0.00000,0.00000,0.00000,0.44703,2.04705,1.54333,0.98077,0.98571,0.88889,1965.53190,-0.03173,-0.19286,0.26961,-0.04072,0.47554,0.82899,-0.07904,0.05728,-0.02259,-0.06648,0.13051,0.34573,0.36158,2.08137,2.86266,0.93269,0.91304,0.88235,0.80789,0.00000,0.29362,1.75239,2.69853,0.88462,0.83824,0.87500
521,0.2739,51314688,49154,0.01353,1.22e-04,0.5595,119.3422,0.00000,0.00000,0.00000,10.00000,974.57066,0.00000,0.81197,0.00000,0.00000,0.82871,0.00000,0.00000,0.00000,0.00000,0.00000,0.44734,2.04759,1.68929,0.98901,0.98529,1.00000,2003.29102,-0.03185,-0.19646,0.27101,-0.04110,0.47315,0.82596,-0.07927,0.05707,-0.02226,-0.06633,0.13102,0.34786,0.36130,2.17200,2.02286,0.92857,0.90226,1.00000,0.80652,0.00000,0.29386,1.77077,2.70750,0.86813,0.81538,1.00000
522,0.2745,51412992,48545,0.01146,1.76e-04,0.5595,102.5842,0.00000,0.00000,0.00000,10.00000,947.19448,0.00000,0.81560,0.00000,0.00000,0.82814,0.00000,0.00000,0.00000,0.00000,0.00000,0.44596,2.05534,1.63808,0.97872,0.97059,1.00000,1997.61344,-0.03161,-0.19597,0.27210,-0.04113,0.47266,0.82530,-0.07884,0.05964,-0.02463,-0.06657,0.13076,0.34966,0.36121,2.24350,2.14857,0.91489,0.89855,0.75000,0.80606,0.00000,0.29297,1.78003,2.93406,0.85106,0.82857,0.00000
523,0.2750,51511296,49389,0.01315,1.87e-04,0.5595,109.0321,0.00000,0.00000,0.00000,10.00000,1005.14964,0.00000,0.73871,0.00000,0.00000,0.82955,0.00000,0.00000,0.00000,0.00000,0.00000,0.44571,2.08258,1.50720,1.00000,1.00000,1.00000,1994.33154,-0.03144,-0.19571,0.27579,-0.04236,0.47413,0.82678,-0.07935,0.06236,-0.02349,-0.06649,0.13298,0.35397,0.36173,2.10305,1.69000,0.98352,0.97521,1.00000,0.80865,0.00000,0.29059,1.80587,2.75072,0.96703,0.94828,1.00000
524,0.2756,51609600,48634,0.01342,2.27e-04,0.5594,90.8633,0.00000,0.00000,0.00000,10.00000,929.60726,0.00000,0.75810,0.00000,0.00000,0.83452,0.00000,0.00000,0.00000,0.00000,0.00000,0.44584,2.09889,1.68128,0.98958,1.00000,0.88889,1988.80941,-0.03134,-0.19533,0.27883,-0.04214,0.47707,0.83162,-0.07931,0.06336,-0.02099,-0.06676,0.13390,0.35695,0.36245,2.18694,1.75300,0.89583,0.87786,0.80000,0.81225,0.00000,0.29008,1.82565,2.78454,0.80208,0.74194,0.72727
525,0.2762,51707904,48742,0.01613,1.71e-04,0.5593,98.7027,0.00000,0.00000,0.00000,10.00000,985.93899,0.00000,0.78027,0.00000,0.00000,0.83992,0.00000,0.00000,0.00000,0.00000,0.00000,0.44508,2.12702,1.56776,0.98876,0.98333,1.00000,1972.76172,-0.03115,-0.19384,0.28163,-0.04268,0.48077,0.83718,-0.07969,0.06501,-0.02204,-0.06663,0.13561,0.36093,0.36340,2.18433,1.59692,0.94382,0.92000,1.00000,0.81701,0.00000,0.28955,1.84197,2.80089,0.89888,0.86154,1.00000
526,0.2768,51806208,47888,0.01438,1.47e-04,0.5592,98.4533,0.00000,0.00000,0.00000,10.00000,979.43852,0.00000,0.76324,0.00000,0.00000,0.84424,0.00000,0.00000,0.00000,0.00000,0.00000,0.44466,2.13184,1.59900,0.99065,1.00000,0.85714,1953.36003,-0.03125,-0.19193,0.28064,-0.04224,0.48405,0.84158,-0.07896,0.06508,-0.02007,-0.06679,0.13525,0.35942,0.36406,2.22620,2.77647,0.95794,0.94558,0.94118,0.82028,0.00000,0.28760,1.83381,2.86949,0.92523,0.89189,1.00000
527,0.2773,51904512,50919,0.01647,1.41e-04,0.5592,101.0254,0.00000,0.00000,0.00000,10.00000,1010.22080,0.00000,0.71829,0.00000,0.00000,0.84357,0.00000,0.00000,0.00000,0.00000,0.00000,0.44519,2.10931,1.61288,1.00000,1.00000,1.00000,1935.71452,-0.03125,-0.19022,0.27914,-0.04221,0.48362,0.84093,-0.07829,0.06364,-0.01965,-0.06654,0.13506,0.35799,0.36382,2.08610,1.84947,0.95960,0.93750,1.00000,0.81912,0.00000,0.29082,1.83410,2.59412,0.91919,0.87500,1.00000
528,0.2779,52002816,49922,0.01458,1.33e-04,0.5591,98.5614,0.00000,0.00000,0.00000,10.00000,930.58573,0.00000,0.72947,0.00000,0.00000,0.84244,0.00000,0.00000,0.00000,0.00000,0.00000,0.44471,2.09854,1.60423,1.00000,1.00000,1.00000,1934.46956,-0.03121,-0.18998,0.27945,-0.04168,0.48349,0.83966,-0.07795,0.06531,-0.01975,-0.06660,0.13441,0.35825,0.36354,2.43006,2.48522,0.90870,0.88079,0.91667,0.81769,0.00000,0.29069,1.84792,3.30750,0.81739,0.76623,0.84615
529,0.2784,52101120,51602,0.01343,1.27e-04,0.5589,107.8014,0.00000,0.00000,0.00000,10.00000,985.50092,0.00000,0.84229,0.00000,0.00000,0.83888,0.00000,0.00000,0.00000,0.00000,0.00000,0.44493,2.08596,1.59946,1.00000,1.00000,1.00000,1924.01986,-0.03124,-0.18905,0.27914,-0.04164,0.48162,0.83617,-0.07799,0.06640,-0.01827,-0.06656,0.13461,0.35791,0.36278,2.23357,2.14667,0.97312,0.96454,1.00000,0.81389,0.00000,0.29149,1.86016,2.94454,0.94624,0.92647,1.00000
530,0.2790,52199424,49604,0.01018,1.92e-04,0.5589,97.9168,0.00000,0.00000,0.00000,10.00000,1017.23883,0.00000,0.72433,0.00000,0.00000,0.83461,0.00000,0.00000,0.00000,0.00000,0.00000,0.44529,2.07885,1.53875,1.00000,1.00000,1.00000,1957.70133,-0.03128,-0.19215,0.28054,-0.04135,0.47984,0.83192,-0.07789,0.06667,-0.02299,-0.06642,0.13442,0.35908,0.36238,1.99694,2.03667,0.96835,0.95146,1.00000,0.81190,0.00000,0.29250,1.86831,2.62085,0.93671,0.89130,1.00000
531,0.2795,52297728,49336,0.01524,1.49e-04,0.5588,86.3799,0.00000,0.00000,0.00000,10.00000,955.38874,0.00000,0.83668,0.00000,0.00000,0.83690,0.00000,0.00000,0.00000,0.00000,0.00000,0.44520,2.08432,1.54585,1.00000,1.00000,1.00000,1970.73486,-0.03114,-0.19347,0.28216,-0.04204,0.48140,0.83431,-0.07846,0.07098,-0.02317,-0.06643,0.13623,0.36078,0.36383,2.27015,2.48857,0.93976,0.92000,1.00000,0.81915,0.00000,0.28885,1.90297,3.01746,0.87952,0.84127,1.00000
532,0.2801,52396032,48586,0.01374,1.49e-04,0.5588,99.0454,0.00000,0.00000,0.00000,10.00000,1008.40257,0.00000,0.74252,0.00000,0.00000,0.84454,0.00000,0.00000,0.00000,0.00000,0.00000,0.44529,2.10638,1.60756,1.00000,1.00000,1.00000,1960.40674,-0.03106,-0.19265,0.28427,-0.04168,0.48511,0.84189,-0.07883,0.07149,-0.01848,-0.06654,0.13699,0.36379,0.36473,2.17130,1.91750,0.97115,0.97842,0.82353,0.82366,0.00000,0.28785,1.91892,2.81333,0.94231,0.95455,0.62500
533,0.2807,52494336,49249,0.01254,2.15e-04,0.5587,97.9580,0.00000,0.00000,0.00000,10.00000,924.62738,0.00000,0.84541,0.00000,0.00000,0.84684,0.00000,0.00000,0.00000,0.00000,0.00000,0.44389,2.11731,1.67947,0.98913,0.98571,1.00000,1948.18018,-0.03104,-0.19162,0.28555,-0.04217,0.48729,0.84424,-0.07910,0.07301,-0.01601,-0.06668,0.13774,0.36538,0.36476,2.21730,1.90182,0.90761,0.89286,0.91667,0.82378,0.00000,0.28745,1.92681,2.82848,0.82609,0.80000,0.83333
534,0.2812,52592640,48767,0.01285,2.27e-04,0.5587,105.5230,0.00000,0.00000,0.00000,10.00000,948.60438,0.00000,0.78704,0.00000,0.00000,0.84716,0.00000,0.00000,0.00000,0.00000,0.00000,0.44304,2.11706,1.64024,0.98148,0.97333,1.00000,1951.97135,-0.03106,-0.19173,0.28384,-0.04173,0.48832,0.84466,-0.07875,0.07212,-0.02022,-0.06662,0.13740,0.36364,0.36520,2.29566,2.65800,0.94907,0.92810,1.00000,0.82599,0.00000,0.28803,1.90136,2.96707,0.91667,0.88462,1.00000
535,0.2818,52690944,47417,0.01664,1.33e-04,0.5587,86.7933,0.00000,0.00000,0.00000,10.00000,1029.13328,0.00000,0.69444,0.00000,0.00000,0.84822,0.00000,0.00000,0.00000,0.00000,0.00000,0.44266,2.11567,1.58743,0.99000,0.98413,1.00000,1925.37337,-0.03097,-0.18908,0.28466,-0.04215,0.48870,0.84576,-0.07818,0.07158,-0.02106,-0.06661,0.13752,0.36425,0.36519,2.25496,2.02428,0.97000,0.95200,1.00000,0.82596,0.00000,0.28957,1.90448,2.97384,0.95000,0.91935,1.00000
536,0.2824,52789248,47860,0.01254,1.43e-04,0.5587,92.1755,0.00000,0.00000,0.00000,10.00000,991.95244,0.00000,0.79827,0.00000,0.00000,0.84387,0.00000,0.00000,0.00000,0.00000,0.00000,0.44372,2.09066,1.62415,1.00000,1.00000,1.00000,1918.28776,-0.03122,-0.18850,0.28152,-0.04150,0.48534,0.84127,-0.07830,0.07124,-0.01988,-0.06649,0.13666,0.36030,0.36384,2.25294,2.10200,0.96117,0.94595,1.00000,0.81922,0.00000,0.28880,1.89044,2.97915,0.92233,0.88732,1.00000
537,0.2830,52887552,47872,0.01332,1.89e-04,0.5586,100.0566,0.00000,0.00000,0.00000,10.00000,991.59180,0.00000,0.74074,0.00000,0.00000,0.83887,0.00000,0.00000,0.00000,0.00000,0.00000,0.44276,2.08679,1.55283,1.00000,1.00000,1.00000,1949.49593,-0.03123,-0.19147,0.28070,-0.04163,0.48264,0.83630,-0.07711,0.07257,-0.02201,-0.06658,0.13494,0.35898,0.36307,2.29846,2.33111,0.94792,0.92969,0.94444,0.81534,0.00000,0.28720,1.87400,2.95579,0.89583,0.86765,0.90909
538,0.2836,52985856,48040,0.01512,1.60e-04,0.5585,90.7948,0.00000,0.00000,0.00000,10.00000,978.45775,0.00000,0.74973,0.00000,0.00000,0.83756,0.00000,0.00000,0.00000,0.00000,0.00000,0.44330,2.07852,1.65250,1.00000,1.00000,1.00000,1972.10189,-0.03126,-0.19349,0.27979,-0.04187,0.48172,0.83493,-0.07744,0.07086,-0.02326,-0.06657,0.13405,0.35813,0.36286,2.28088,1.98454,0.95146,0.95683,0.84000,0.81431,0.00000,0.28878,1.86794,2.92538,0.90291,0.91549,0.69231
539,0.2841,53084160,48845,0.01345,1.79e-04,0.5585,99.5551,0.00000,0.00000,0.00000,10.00000,999.67012,0.00000,0.75964,0.00000,0.00000,0.83699,0.00000,0.00000,0.00000,0.00000,0.00000,0.44232,2.07468,1.63239,1.00000,1.00000,1.00000,1982.05208,-0.03112,-0.19469,0.27960,-0.04124,0.48105,0.83449,-0.07753,0.07252,-0.02215,-0.06669,0.13320,0.35735,0.36283,2.21000,2.32461,0.95918,0.94030,1.00000,0.81414,0.00000,0.28823,1.87140,2.78760,0.91837,0.88406,1.00000
540,0.2847,53182464,49931,0.01333,1.58e-04,0.5584,97.3910,0.00000,0.00000,0.00000,10.00000,975.26653,0.00000,0.79890,0.00000,0.00000,0.84057,0.00000,0.00000,0.00000,0.00000,0.00000,0.44219,2.07975,1.50309,1.00000,1.00000,1.00000,1979.97803,-0.03111,-0.19447,0.27855,-0.04228,0.48305,0.83807,-0.07753,0.07296,-0.02290,-0.06693,0.13341,0.35677,0.36357,2.08825,2.04000,0.93802,0.91379,1.00000,0.81786,0.00000,0.28634,1.86143,2.79775,0.87603,0.82353,1.00000
541,0.2852,53280768,48810,0.01325,1.98e-04,0.5585,98.0950,0.00000,0.00000,0.00000,10.00000,968.05109,0.00000,0.79521,0.00000,0.00000,0.83978,0.00000,0.00000,0.00000,0.00000,0.00000,0.44389,2.06663,1.60381,1.00000,1.00000,1.00000,1962.72461,-0.03131,-0.19275,0.27748,-0.04212,0.48240,0.83710,-0.07821,0.07176,-0.02228,-0.06647,0.13337,0.35568,0.36325,2.20158,1.98133,0.93627,0.91781,0.93750,0.81627,0.00000,0.28591,1.85013,2.94000,0.87255,0.83099,0.85714
542,0.2858,53379072,50105,0.01210,2.37e-04,0.5585,111.3236,0.00000,0.00000,0.00000,10.00000,989.45329,0.00000,0.77193,0.00000,0.00000,0.83609,0.00000,0.00000,0.00000,0.00000,0.00000,0.44485,2.06658,1.80424,0.98947,0.98413,1.00000,1958.53988,-0.03130,-0.19238,0.27830,-0.04224,0.48006,0.83351,-0.07828,0.07275,-0.02231,-0.06653,0.13451,0.35665,0.36292,2.18323,3.42333,0.92632,0.90152,0.85714,0.81458,0.00000,0.28598,1.86823,2.57406,0.86316,0.82609,0.66667
543,0.2863,53477376,52125,0.01711,1.30e-04,0.5584,96.7775,0.00000,0.00000,0.00000,10.00000,986.67614,0.00000,0.77652,0.00000,0.00000,0.83476,0.00000,0.00000,0.00000,0.00000,0.00000,0.44432,2.05927,1.52620,1.00000,1.00000,1.00000,1972.17122,-0.03129,-0.19371,0.27859,-0.04248,0.47995,0.83215,-0.07812,0.07251,-0.02129,-0.06635,0.13418,0.35735,0.36341,2.19718,2.13286,0.98295,0.97561,1.00000,0.81705,0.00000,0.28750,1.88282,2.94156,0.96591,0.95000,1.00000
544,0.2869,53575680,52408,0.01016,2.07e-04,0.5584,93.8366,0.00000,0.00000,0.00000,10.00000,976.57231,0.00000,0.68519,0.00000,0.00000,0.83867,0.00000,0.00000,0.00000,0.00000,0.00000,0.44449,2.08683,1.81301,1.00000,1.00000,1.00000,1980.82910,-0.03110,-0.19450,0.28241,-0.04341,0.48320,0.83610,-0.07840,0.07371,-0.02124,-0.06643,0.13642,0.36196,0.36430,2.46186,2.39200,0.95556,0.94595,0.90476,0.82149,0.00000,0.28630,1.90492,3.08121,0.91111,0.89831,0.80000
545,0.2874,53673984,49452,0.01419,1.98e-04,0.5584,93.5397,0.00000,0.00000,0.00000,10.00000,1012.39681,0.00000,0.72338,0.00000,0.00000,0.84549,0.00000,0.00000,0.00000,0.00000,0.00000,0.44428,2.09765,1.70457,0.98958,0.98361,1.00000,1971.20378,-0.03103,-0.19356,0.28402,-0.04202,0.48677,0.84301,-0.07841,0.07505,-0.02185,-0.06645,0.13672,0.36362,0.36483,2.19586,2.17158,0.96875,0.96800,0.90000,0.82413,0.00000,0.28518,1.91771,2.68714,0.94792,0.95312,0.80000
546,0.2880,53772288,47764,0.01474,1.77e-04,0.5584,102.6572,0.00000,0.00000,0.00000,10.00000,1017.13177,0.00000,0.79611,0.00000,0.00000,0.84780,0.00000,0.00000,0.00000,0.00000,0.00000,0.44402,2.10739,1.63974,1.00000,1.00000,1.00000,1983.63118,-0.03097,-0.19480,0.28576,-0.04242,0.48692,0.84529,-0.07867,0.07665,-0.02319,-0.06655,0.13853,0.36577,0.36483,2.24081,1.82667,0.98969,0.98561,1.00000,0.82413,0.00000,0.28494,1.93310,2.92029,0.97938,0.96970,1.00000
547,0.2886,53870592,46779,0.01233,1.58e-04,0.5584,96.4277,0.00000,0.00000,0.00000,10.00000,1000.96019,0.00000,0.72115,0.00000,0.00000,0.84865,0.00000,0.00000,0.00000,0.00000,0.00000,0.44319,2.09866,1.50732,1.00000,1.00000,1.00000,1943.93083,-0.03097,-0.19099,0.28474,-0.04268,0.48746,0.84632,-0.07834,0.07813,-0.02120,-0.06660,0.13787,0.36425,0.36507,2.02500,1.98091,0.94231,0.94074,0.84000,0.82534,0.00000,0.28347,1.93414,2.59865,0.88462,0.87692,0.69231
548,0.2892,53968896,46877,0.01171,2.27e-04,0.5584,101.3806,0.00000,0.00000,0.00000,10.00000,994.77091,0.00000,0.78563,0.00000,0.00000,0.84351,0.00000,0.00000,0.00000,0.00000,0.00000,0.44269,2.09130,1.62753,1.00000,1.00000,1.00000,1946.02165,-0.03106,-0.19115,0.28397,-0.04225,0.48679,0.84118,-0.07781,0.07956,-0.02190,-0.06653,0.13763,0.36283,0.36478,2.20241,2.27077,0.96465,0.95714,0.92308,0.82388,0.00000,0.28188,1.91901,2.81722,0.92929,0.91304,0.85714
549,0.2898,54067200,46614,0.01389,2.07e-04,0.5583,109.2508,0.00000,0.00000,0.00000,10.00000,1029.61719,0.00000,0.70796,0.00000,0.00000,0.84161,0.00000,0.00000,0.00000,0.00000,0.00000,0.44173,2.08025,1.67209,1.00000,1.00000,1.00000,1931.30436,-0.03104,-0.18977,0.28140,-0.04187,0.48527,0.83930,-0.07764,0.07764,-0.02151,-0.06657,0.13721,0.35985,0.36451,1.97925,2.10636,0.95133,0.94444,0.91304,0.82256,0.00000,0.28344,1.90675,2.33621,0.90265,0.88732,0.80000
550,0.2904,54165504,47635,0.01236,2.76e-04,0.5584,119.3587,0.00000,0.00000,0.00000,10.00000,1007.86540,0.00000,0.77899,0.00000,0.00000,0.84365,0.00000,0.00000,0.00000,0.00000,0.00000,0.44128,2.08688,1.75486,1.00000,1.00000,1.00000,1966.73454,-0.03096,-0.19313,0.28330,-0.04285,0.48636,0.84125,-0.07826,0.07903,-0.02142,-0.06666,0.13686,0.36211,0.36509,2.34667,1.99428,0.96739,0.96124,0.87500,0.82545,0.00000,0.28364,1.92218,3.06459,0.93478,0.91525,0.75000
551,0.2909,54263808,49783,0.01537,2.25e-04,0.5584,105.3027,0.00000,0.00000,0.00000,10.00000,985.72695,0.00000,0.78472,0.00000,0.00000,0.84198,0.00000,0.00000,0.00000,0.00000,0.00000,0.44188,2.09792,1.58338,1.00000,1.00000,1.00000,1957.26481,-0.03113,-0.19231,0.28429,-0.04267,0.48536,0.83955,-0.07864,0.07806,-0.01992,-0.06641,0.13742,0.36426,0.36473,2.28400,1.89555,0.97500,0.96460,1.00000,0.82367,0.00000,0.28498,1.92760,2.98461,0.95000,0.92982,1.00000
552,0.2915,54362112,49240,0.01595,1.30e-04,0.5584,87.1911,0.00000,0.00000,0.00000,10.00000,992.96189,0.00000,0.83333,0.00000,0.00000,0.84304,0.00000,0.00000,0.00000,0.00000,0.00000,0.44160,2.10948,1.76149,1.00000,1.00000,1.00000,1970.97786,-0.03109,-0.19371,0.28655,-0.04383,0.48580,0.84069,-0.07940,0.08058,-0.01848,-0.06653,0.13914,0.36677,0.36523,2.17408,1.96500,0.96951,0.95935,1.00000,0.82613,0.00000,0.28344,1.95560,2.65069,0.93902,0.91379,1.00000
553,0.2921,54460416,48506,0.01124,1.71e-04,0.5583,93.1870,0.00000,0.00000,0.00000,10.00000,1020.91856,0.00000,0.73375,0.00000,0.00000,0.84830,0.00000,0.00000,0.00000,0.00000,0.00000,0.44129,2.10888,1.66642,0.98113,0.97260,1.00000,1968.27523,-0.03093,-0.19324,0.28797,-0.04403,0.48984,0.84595,-0.07922,0.08104,-0.02065,-0.06695,0.13936,0.36791,0.36629,2.21146,2.21579,0.96698,0.95000,1.00000,0.83144,0.00000,0.28315,1.95749,2.79237,0.95283,0.92537,1.00000
554,0.2926,54558720,49890,0.01441,1.56e-04,0.5583,88.1162,0.00000,0.00000,0.00000,10.00000,986.30282,0.00000,0.80440,0.00000,0.00000,0.85102,0.00000,0.00000,0.00000,0.00000,0.00000,0.44287,2.13804,1.64113,1.00000,1.00000,1.00000,1956.99463,-0.03086,-0.19236,0.28991,-0.04289,0.49251,0.84860,-0.07888,0.08033,-0.02016,-0.06687,0.14049,0.37012,0.36662,2.13586,1.98000,0.96354,0.95683,0.88889,0.83311,0.00000,0.28164,1.95978,2.61054,0.92708,0.91781,0.75000
555,0.2932,54657024,48246,0.01428,1.60e-04,0.5582,93.7900,0.00000,0.00000,0.00000,10.00000,996.40097,0.00000,0.78307,0.00000,0.00000,0.85200,0.00000,0.00000,0.00000,0.00000,0.00000,0.44449,2.12545,1.65928,0.99048,1.00000,0.90000,1916.61898,-0.03102,-0.18836,0.28807,-0.04247,0.49277,0.84980,-0.07854,0.07922,-0.02236,-0.06644,0.14069,0.36827,0.36671,2.15278,1.82857,0.96667,0.96622,0.87500,0.83357,0.00000,0.28175,1.94615,2.69893,0.94286,0.93243,0.83333
556,0.2938,54755328,48876,0.01471,1.76e-04,0.5582,95.6630,0.00000,0.00000,0.00000,10.00000,988.75750,0.00000,0.77222,0.00000,0.00000,0.84904,0.00000,0.00000,0.00000,0.00000,0.00000,0.44315,2.11365,1.65662,0.99000,0.98592,1.00000,1915.16862,-0.03108,-0.18815,0.28611,-0.04171,0.49067,0.84683,-0.07855,0.07940,-0.01890,-0.06632,0.13947,0.36510,0.36546,2.28635,1.85333,0.96500,0.94964,1.00000,0.82732,0.00000,0.28106,1.93717,2.96929,0.94000,0.91176,1.00000
557,0.2943,54853632,48616,0.01251,1.49e-04,0.5582,101.4638,0.00000,0.00000,0.00000,10.00000,964.29020,0.00000,0.85069,0.00000,0.00000,0.84570,0.00000,0.00000,0.00000,0.00000,0.00000,0.44334,2.09708,1.80447,0.98958,1.00000,0.66667,1908.79102,-0.03124,-0.18754,0.28368,-0.04129,0.48849,0.84340,-0.07894,0.07956,-0.01969,-0.06617,0.13872,0.36264,0.36506,2.13587,2.17333,0.94271,0.93878,0.80000,0.82531,0.00000,0.28060,1.92563,2.47621,0.89583,0.87838,0.85714
558,0.2949,54951936,49878,0.01360,1.20e-04,0.5581,96.2606,0.00000,0.00000,0.00000,10.00000,1003.34368,0.00000,0.73545,0.00000,0.00000,0.84286,0.00000,0.00000,0.00000,0.00000,0.00000,0.44317,2.08655,1.66241,0.98095,0.97222,1.00000,1926.33887,-0.03120,-0.18913,0.28276,-0.04083,0.48637,0.84051,-0.07898,0.08205,-0.02167,-0.06631,0.13830,0.36228,0.36464,2.21164,2.26348,0.95238,0.93525,1.00000,0.82318,0.00000,0.28004,1.93599,2.81946,0.92381,0.89552,1.00000
559,0.2955,55050240,49550,0.01271,1.56e-04,0.5581,110.4704,0.00000,0.00000,0.00000,10.00000,981.67969,0.00000,0.74671,0.00000,0.00000,0.83875,0.00000,0.00000,0.00000,0.00000,0.00000,0.44216,2.07316,1.68585,0.98925,0.98305,1.00000,1942.45801,-0.03115,-0.19076,0.28218,-0.04220,0.48483,0.83635,-0.07803,0.08415,-0.02369,-0.06639,0.13751,0.36165,0.36409,2.26692,2.45273,0.96237,0.96000,0.84615,0.82043,0.00000,0.27911,1.93090,2.82235,0.93548,0.93939,0.71429
560,0.2960,55148544,47816,0.01228,2.25e-04,0.5580,95.5953,0.00000,0.00000,0.00000,10.00000,1021.58200,0.00000,0.77188,0.00000,0.00000,0.83730,0.00000,0.00000,0.00000,0.00000,0.00000,0.44311,2.06795,1.72139,1.00000,1.00000,1.00000,1963.63167,-0.03132,-0.19296,0.28043,-0.04118,0.48229,0.83507,-0.07929,0.08304,-0.02100,-0.06634,0.13744,0.35949,0.36383,2.19581,2.07538,0.98230,0.97452,1.00000,0.81916,0.00000,0.27852,1.92497,2.69950,0.96460,0.94937,1.00000
561,0.2966,55246848,48198,0.01467,1.72e-04,0.5579,104.3157,0.00000,0.00000,0.00000,10.00000,1015.35581,0.00000,0.78947,0.00000,0.00000,0.84039,0.00000,0.00000,0.00000,0.00000,0.00000,0.44264,2.06451,1.57932,0.98246,0.98780,0.85714,1934.97591,-0.03151,-0.19002,0.27828,-0.04067,0.48406,0.83816,-0.07924,0.08101,-0.02275,-0.06612,0.13613,0.35639,0.36486,2.11637,1.90000,0.96491,0.95679,0.92308,0.82427,0.00000,0.27826,1.89653,2.68578,0.94737,0.92500,1.00000
562,0.2972,55345152,47442,0.01426,2.30e-04,0.5578,94.3829,0.00000,0.00000,0.00000,10.00000,1009.80764,0.00000,0.76531,0.00000,0.00000,0.83925,0.00000,0.00000,0.00000,0.00000,0.00000,0.44407,2.06373,1.52286,1.00000,1.00000,1.00000,1923.66634,-0.03162,-0.18889,0.27741,-0.04088,0.48280,0.83684,-0.07898,0.07626,-0.02532,-0.06582,0.13688,0.35556,0.36401,2.07864,2.26286,0.94898,0.93333,1.00000,0.82007,0.00000,0.28154,1.86595,2.69000,0.89796,0.86154,1.00000
563,0.2978,55443456,48400,0.01466,1.89e-04,0.5578,104.6822,0.00000,0.00000,0.00000,10.00000,1049.19610,0.00000,0.75758,0.00000,0.00000,0.83631,0.00000,0.00000,0.00000,0.00000,0.00000,0.44430,2.07393,1.49189,1.00000,1.00000,1.00000,1923.98210,-0.03156,-0.18894,0.27857,-0.04126,0.48115,0.83400,-0.07913,0.07694,-0.02187,-0.06585,0.13749,0.35714,0.36298,2.05396,1.73000,0.98485,0.98519,0.80000,0.81488,0.00000,0.28159,1.88865,2.69384,0.96970,0.96875,0.50000
564,0.2984,55541760,47258,0.01797,1.41e-04,0.5578,101.8823,0.00000,0.00000,0.00000,10.00000,976.60432,0.00000,0.73856,0.00000,0.00000,0.83580,0.00000,0.00000,0.00000,0.00000,0.00000,0.44471,2.06677,1.83618,1.00000,1.00000,1.00000,1948.66781,-0.03150,-0.19123,0.27973,-0.04160,0.48127,0.83349,-0.07885,0.07793,-0.02113,-0.06600,0.13715,0.35804,0.36298,2.30259,2.45047,0.95294,0.93805,0.95238,0.81490,0.00000,0.28121,1.89831,2.80603,0.90588,0.87500,0.90000
565,0.2989,55640064,48013,0.01178,1.72e-04,0.5578,96.2715,0.00000,0.00000,0.00000,10.00000,992.07854,0.00000,0.74468,0.00000,0.00000,0.83731,0.00000,0.00000,0.00000,0.00000,0.00000,0.44405,2.07835,1.57316,0.98936,0.98485,1.00000,1965.23063,-0.03155,-0.19306,0.28177,-0.04089,0.48192,0.83500,-0.07978,0.08112,-0.02145,-0.06582,0.13784,0.36037,0.36381,2.13539,2.30375,0.95213,0.95238,0.83333,0.81905,0.00000,0.27964,1.92709,2.81365,0.91489,0.91667,0.62500
566,0.2995,55738368,48830,0.01232,1.92e-04,0.5577,115.2069,0.00000,0.00000,0.00000,10.00000,1013.79678,0.00000,0.71242,0.00000,0.00000,0.84325,0.00000,0.00000,0.00000,0.00000,0.00000,0.44293,2.09322,1.65877,0.98824,1.00000,0.87500,1977.06657,-0.03138,-0.19418,0.28218,-0.04175,0.48572,0.84090,-0.07935,0.08146,-0.01989,-0.06618,0.13777,0.36193,0.36544,2.08459,2.52889,0.95294,0.94495,0.89474,0.82721,0.00000,0.27998,1.92734,2.57017,0.91765,0.88462,0.90909
567,0.3001,55836672,48366,0.01329,1.92e-04,0.5577,103.1000,0.00000,0.00000,0.00000,10.00000,993.06694,0.00000,0.85512,0.00000,0.00000,0.84914,0.00000,0.00000,0.00000,0.00000,0.00000,0.44271,2.12079,1.51780,1.00000,1.00000,1.00000,1955.02816,-0.03131,-0.19212,0.28671,-0.04251,0.49010,0.84685,-0.08019,0.08110,-0.02013,-0.06627,0.13996,0.36791,0.36615,2.11074,1.89555,0.96569,0.95541,1.00000,0.83077,0.00000,0.28175,1.95926,2.71850,0.93137,0.91250,1.00000
568,0.3006,55934976,50017,0.01253,2.58e-04,0.5576,107.3541,0.00000,0.00000,0.00000,10.00000,1028.19824,0.00000,0.66964,0.00000,0.00000,0.84998,0.00000,0.00000,0.00000,0.00000,0.00000,0.44305,2.11340,1.66964,0.99107,1.00000,0.93333,1938.60042,-0.03132,-0.19030,0.28649,-0.04268,0.49072,0.84750,-0.07929,0.08189,-0.02084,-0.06626,0.14039,0.36802,0.36600,2.24562,2.11928,0.98214,0.97778,0.96429,0.83002,0.00000,0.28103,1.95471,2.86649,0.97321,0.95522,1.00000
569,0.3012,56033280,47094,0.01469,2.58e-04,0.5576,95.0274,0.00000,0.00000,0.00000,10.00000,1017.89911,0.00000,0.78853,0.00000,0.00000,0.84884,0.00000,0.00000,0.00000,0.00000,0.00000,0.44262,2.09935,1.46947,1.00000,1.00000,1.00000,1945.88688,-0.03140,-0.19112,0.28393,-0.04171,0.48919,0.84640,-0.07944,0.08222,-0.02007,-0.06616,0.13919,0.36400,0.36587,2.04000,1.59714,0.96237,0.95455,0.93333,0.82935,0.00000,0.27927,1.94007,2.68716,0.92473,0.90625,0.85714
570,0.3018,56131584,46971,0.01821,1.55e-04,0.5575,103.3010,0.00000,0.00000,0.00000,10.00000,1026.77525,0.00000,0.70933,0.00000,0.00000,0.84750,0.00000,0.00000,0.00000,0.00000,0.00000,0.44264,2.08692,1.66158,0.99107,0.98571,1.00000,1950.94222,-0.03139,-0.19156,0.28217,-0.04253,0.48838,0.84503,-0.07864,0.08095,-0.02137,-0.06628,0.13839,0.36167,0.36557,2.13417,2.44167,0.95982,0.95804,0.78571,0.82786,0.00000,0.28064,1.92385,2.61307,0.92857,0.93151,0.62500
571,0.3024,56229888,47070,0.01305,1.89e-04,0.5575,103.6590,0.00000,0.00000,0.00000,10.00000,999.59409,0.00000,0.79976,0.00000,0.00000,0.84354,0.00000,0.00000,0.00000,0.00000,0.00000,0.44119,2.09898,1.55000,1.00000,1.00000,1.00000,1962.27083,-0.03143,-0.19262,0.28290,-0.04245,0.48528,0.84105,-0.07879,0.08105,-0.02607,-0.06624,0.13902,0.36351,0.36440,1.93786,1.77143,0.95604,0.93893,1.00000,0.82200,0.00000,0.28111,1.91378,2.37273,0.91209,0.87500,1.00000
572,0.3030,56328192,48331,0.01849,9.25e-05,0.5574,104.2423,0.00000,0.00000,0.00000,10.00000,1005.05225,0.00000,0.78472,0.00000,0.00000,0.84105,0.00000,0.00000,0.00000,0.00000,0.00000,0.44103,2.10273,1.64969,0.98750,0.98333,1.00000,1963.28499,-0.03145,-0.19273,0.28431,-0.04229,0.48275,0.83864,-0.07941,0.08322,-0.02381,-0.06578,0.13996,0.36442,0.36399,2.11213,2.18333,0.95625,0.94690,0.91667,0.81993,0.00000,0.27914,1.93384,2.62241,0.92500,0.90566,0.85714
573,0.3036,56426496,46357,0.01570,9.53e-05,0.5574,99.5154,0.00000,0.00000,0.00000,10.00000,976.07467,0.00000,0.89793,0.00000,0.00000,0.84489,0.00000,0.00000,0.00000,0.00000,0.00000,0.44178,2.11452,1.59243,1.00000,1.00000,1.00000,1985.75553,-0.03122,-0.19507,0.28640,-0.04319,0.48606,0.84251,-0.07923,0.08500,-0.02190,-0.06607,0.14145,0.36650,0.36529,2.04569,1.56000,0.93605,0.92086,1.00000,0.82646,0.00000,0.27835,1.96141,2.57809,0.87209,0.83824,1.00000
574,0.3041,56524800,49998,0.00976,1.32e-04,0.5574,86.3975,0.00000,0.00000,0.00000,10.00000,1007.26608,0.00000,0.73184,0.00000,0.00000,0.85180,0.00000,0.00000,0.00000,0.00000,0.00000,0.44209,2.10642,1.59733,1.00000,1.00000,1.00000,1953.09749,-0.03104,-0.19203,0.28659,-0.04349,0.49061,0.84934,-0.07917,0.08678,-0.02129,-0.06632,0.14138,0.36765,0.36630,2.14342,2.14933,0.92788,0.90511,0.86667,0.83148,0.00000,0.27727,1.97775,2.72028,0.85577,0.81429,0.71429
575,0.3046,56623104,53217,0.01317,1.32e-04,0.5574,92.7863,0.00000,0.00000,0.00000,10.00000,973.50188,0.00000,0.83889,0.00000,0.00000,0.85258,0.00000,0.00000,0.00000,0.00000,0.00000,0.44145,2.11969,1.60795,0.99000,0.98684,1.00000,1948.76839,-0.03104,-0.19150,0.28809,-0.04396,0.49188,0.85007,-0.07965,0.08743,-0.02259,-0.06639,0.14273,0.36915,0.36629,2.24239,2.10545,0.96500,0.96026,0.91667,0.83147,0.00000,0.27720,1.97798,2.93526,0.94000,0.93333,0.80000
576,0.3052,56721408,53377,0.01368,1.43e-04,0.5574,106.4783,0.00000,0.00000,0.00000,10.00000,1006.67054,0.00000,0.77249,0.00000,0.00000,0.85108,0.00000,0.00000,0.00000,0.00000,0.00000,0.44055,2.11071,1.69205,0.99048,1.00000,1.00000,1937.63330,-0.03107,-0.19028,0.28621,-0.04262,0.49209,0.84878,-0.07914,0.08694,-0.02332,-0.06611,0.14150,0.36660,0.36643,2.11195,2.12625,0.96190,0.95205,1.00000,0.83216,0.00000,0.27708,1.96064,2.57052,0.93333,0.90141,1.00000
577,0.3057,56819712,52377,0.01258,1.87e-04,0.5574,104.3389,0.00000,0.00000,0.00000,10.00000,994.74497,0.00000,0.80308,0.00000,0.00000,0.85196,0.00000,0.00000,0.00000,0.00000,0.00000,0.44003,2.10871,1.55475,0.98020,0.97297,1.00000,1936.02507,-0.03114,-0.19017,0.28589,-0.04251,0.49213,0.84976,-0.07910,0.08660,-0.02137,-0.06649,0.14122,0.36603,0.36668,1.98853,2.24615,0.93564,0.92466,0.84615,0.83339,0.00000,0.27736,1.96011,2.48428,0.89109,0.87500,0.71429
578,0.3062,56918016,51038,0.01602,2.02e-04,0.5573,104.3690,0.00000,0.00000,0.00000,10.00000,1035.91350,0.00000,0.75397,0.00000,0.00000,0.84947,0.00000,0.00000,0.00000,0.00000,0.00000,0.43954,2.09934,1.63383,1.00000,1.00000,1.00000,1925.34619,-0.03121,-0.18911,0.28592,-0.04338,0.49021,0.84719,-0.07902,0.08621,-0.02180,-0.06626,0.14050,0.36565,0.36567,2.13231,1.93167,0.96429,0.94737,1.00000,0.82836,0.00000,0.27900,1.95465,2.78355,0.92857,0.88333,1.00000
579,0.3068,57016320,52795,0.01478,1.71e-04,0.5573,101.4093,0.00000,0.00000,0.00000,10.00000,1000.57766,0.00000,0.77222,0.00000,0.00000,0.84611,0.00000,0.00000,0.00000,0.00000,0.00000,0.43950,2.09742,1.70405,1.00000,1.00000,1.00000,1919.95850,-0.03131,-0.18859,0.28418,-0.04200,0.48840,0.84385,-0.07906,0.08720,-0.02180,-0.06597,0.13987,0.36440,0.36523,2.12600,1.84273,0.96000,0.95683,0.91304,0.82617,0.00000,0.27734,1.94916,2.53753,0.92000,0.91667,0.81818
580,0.3073,57114624,49992,0.01530,1.44e-04,0.5572,100.6506,0.00000,0.00000,0.00000,10.00000,1068.77845,0.00000,0.70760,0.00000,0.00000,0.84341,0.00000,0.00000,0.00000,0.00000,0.00000,0.44034,2.09677,1.65662,1.00000,1.00000,1.00000,1925.11214,-0.03146,-0.18916,0.28261,-0.04127,0.48622,0.84116,-0.07979,0.08626,-0.01993,-0.06574,0.14004,0.36238,0.36502,2.14240,2.24923,0.98947,0.98347,1.00000,0.82512,0.00000,0.27706,1.93765,2.69871,0.97895,0.96296,1.00000
581,0.3078,57212928,53368,0.01252,1.58e-04,0.5572,94.3284,0.00000,0.00000,0.00000,10.00000,978.70312,0.00000,0.78920,0.00000,0.00000,0.84326,0.00000,0.00000,0.00000,0.00000,0.00000,0.44111,2.08653,1.73476,0.98131,0.97368,1.00000,1903.02474,-0.03144,-0.18693,0.28093,-0.04129,0.48603,0.84116,-0.07901,0.08599,-0.01982,-0.06583,0.13907,0.35972,0.36514,2.15126,2.32500,0.95794,0.94079,1.00000,0.82570,0.00000,0.27628,1.93031,2.57277,0.93458,0.90789,1.00000
582,0.3084,57311232,52634,0.01255,1.72e-04,0.5572,109.5521,0.00000,0.00000,0.00000,10.00000,987.18769,0.00000,0.83781,0.00000,0.00000,0.83976,0.00000,0.00000,0.00000,0.00000,0.00000,0.44002,2.07048,1.66040,1.00000,1.00000,1.00000,1880.36019,-0.03150,-0.18475,0.27865,-0.04125,0.48528,0.83762,-0.07851,0.08539,-0.01975,-0.06562,0.13838,0.35697,0.36480,2.16264,1.95333,0.95565,0.94652,0.93333,0.82400,0.00000,0.27711,1.90886,2.67000,0.91129,0.89583,0.85714
583,0.3089,57409536,53360,0.01355,2.02e-04,0.5572,111.3482,0.00000,0.00000,0.00000,10.00000,1032.41494,0.00000,0.78027,0.00000,0.00000,0.83377,0.00000,0.00000,0.00000,0.00000,0.00000,0.44153,2.05491,1.66058,1.00000,1.00000,1.00000,1886.72461,-0.03165,-0.18538,0.27832,-0.04002,0.48160,0.83146,-0.07898,0.08434,-0.02076,-0.06563,0.13755,0.35605,0.36367,2.11218,2.08545,0.97191,0.96000,1.00000,0.81837,0.00000,0.27838,1.90642,2.59906,0.94382,0.91667,1.00000
584,0.3094,57507840,52021,0.01262,2.30e-04,0.5572,102.5663,0.00000,0.00000,0.00000,10.00000,1015.39796,0.00000,0.82359,0.00000,0.00000,0.83089,0.00000,0.00000,0.00000,0.00000,0.00000,0.44126,2.05421,1.54860,0.99123,0.98864,1.00000,1935.66341,-0.03152,-0.19020,0.27888,-0.04027,0.47848,0.82864,-0.07970,0.08637,-0.02043,-0.06576,0.13761,0.35634,0.36284,2.08655,1.78857,0.96053,0.94675,1.00000,0.81421,0.00000,0.27667,1.91865,2.72795,0.92982,0.90123,1.00000
585,0.3099,57606144,53105,0.01499,1.87e-04,0.5572,98.5793,0.00000,0.00000,0.00000,10.00000,957.67905,0.00000,0.77327,0.00000,0.00000,0.83629,0.00000,0.00000,0.00000,0.00000,0.00000,0.44161,2.06267,1.73836,1.00000,1.00000,1.00000,1965.50163,-0.03157,-0.19306,0.27908,-0.04123,0.48043,0.83407,-0.07996,0.08545,-0.02098,-0.06569,0.13840,0.35781,0.36405,2.18085,2.78471,0.94595,0.94175,0.89474,0.82026,0.00000,0.27707,1.92575,2.66286,0.89189,0.88235,0.80000
586,0.3105,57704448,53400,0.01102,2.48e-04,0.5572,103.5042,0.00000,0.00000,0.00000,10.00000,1008.04960,0.00000,0.78027,0.00000,0.00000,0.84278,0.00000,0.00000,0.00000,0.00000,0.00000,0.44201,2.10398,1.57108,0.98876,0.98333,1.00000,1959.42204,-0.03145,-0.19240,0.28350,-0.04317,0.48462,0.84049,-0.08018,0.08329,-0.02254,-0.06586,0.14017,0.36381,0.36488,2.07485,1.82000,0.97191,0.96000,1.00000,0.82441,0.00000,0.27983,1.93292,2.53605,0.95506,0.93846,1.00000
587,0.3110,57802752,52871,0.01420,2.25e-04,0.5571,98.6882,0.00000,0.00000,0.00000,10.00000,1066.72831,0.00000,0.66013,0.00000,0.00000,0.84749,0.00000,0.00000,0.00000,0.00000,0.00000,0.44227,2.12597,1.62984,1.00000,1.00000,1.00000,1923.72705,-0.03143,-0.18902,0.28567,-0.04276,0.48827,0.84508,-0.08007,0.08369,-0.02059,-0.06566,0.14077,0.36569,0.36562,1.96723,2.11200,0.98824,0.98020,1.00000,0.82811,0.00000,0.27894,1.93785,2.32207,0.97647,0.96154,1.00000
588,0.3115,57901056,53203,0.01619,1.72e-04,0.5572,91.8777,0.00000,0.00000,0.00000,10.00000,1021.52220,0.00000,0.79958,0.00000,0.00000,0.84915,0.00000,0.00000,0.00000,0.00000,0.00000,0.44248,2.13148,1.72867,1.00000,1.00000,1.00000,1946.11035,-0.03144,-0.19101,0.28734,-0.04241,0.48975,0.84676,-0.07967,0.08466,-0.02094,-0.06619,0.14128,0.36821,0.36585,2.01787,1.80889,0.96262,0.94805,1.00000,0.82923,0.00000,0.27941,1.95820,2.32961,0.92523,0.89610,1.00000
589,0.3120,57999360,53536,0.01417,1.76e-04,0.5572,94.8531,0.00000,0.00000,0.00000,10.00000,1019.66783,0.00000,0.69444,0.00000,0.00000,0.84858,0.00000,0.00000,0.00000,0.00000,0.00000,0.44236,2.10827,1.70494,1.00000,1.00000,1.00000,1931.48893,-0.03148,-0.18974,0.28456,-0.04200,0.49017,0.84621,-0.07922,0.08485,-0.02154,-0.06643,0.13953,0.36477,0.36651,2.08790,2.24121,0.96429,0.94286,1.00000,0.83254,0.00000,0.27910,1.94199,2.48488,0.92857,0.88732,1.00000
590,0.3125,58097664,53520,0.01312,1.71e-04,0.5573,98.6309,0.00000,0.00000,0.00000,10.00000,992.60999,0.00000,0.78108,0.00000,0.00000,0.84877,0.00000,0.00000,0.00000,0.00000,0.00000,0.44164,2.11445,1.65852,1.00000,1.00000,1.00000,1914.45426,-0.03140,-0.18802,0.28509,-0.04267,0.49028,0.84646,-0.07870,0.08684,-0.02237,-0.06594,0.13958,0.36535,0.36618,2.16986,1.82769,0.95050,0.94366,0.86667,0.83089,0.00000,0.27738,1.94346,2.78806,0.90099,0.88571,0.66667
591,0.3131,58195968,53051,0.01434,1.47e-04,0.5573,104.9894,0.00000,0.00000,0.00000,10.00000,1005.95359,0.00000,0.73707,0.00000,0.00000,0.84808,0.00000,0.00000,0.00000,0.00000,0.00000,0.44298,2.09343,1.58162,1.00000,1.00000,1.00000,1916.89746,-0.03146,-0.18829,0.28401,-0.04119,0.48905,0.84573,-0.07812,0.08631,-0.02172,-0.06603,0.13983,0.36330,0.36571,2.24282,2.18154,0.95050,0.94030,0.85714,0.82854,0.00000,0.27730,1.94485,2.96235,0.90099,0.88060,0.71429
592,0.3136,58294272,53187,0.01252,1.71e-04,0.5573,98.1649,0.00000,0.00000,0.00000,10.00000,1038.39670,0.00000,0.75309,0.00000,0.00000,0.84317,0.00000,0.00000,0.00000,0.00000,0.00000,0.44270,2.08296,1.51623,1.00000,1.00000,1.00000,1911.07340,-0.03149,-0.18761,0.28290,-0.04152,0.48632,0.84077,-0.07893,0.08699,-0.02203,-0.06596,0.13983,0.36223,0.36493,1.97167,1.95385,0.95000,0.92623,1.00000,0.82466,0.00000,0.27697,1.94895,2.47047,0.90000,0.84746,1.00000
593,0.3141,58392576,52664,0.01440,1.76e-04,0.5573,101.9027,0.00000,0.00000,0.00000,10.00000,1025.57706,0.00000,0.76818,0.00000,0.00000,0.83919,0.00000,0.00000,0.00000,0.00000,0.00000,0.44155,2.08878,1.64091,1.00000,1.00000,1.00000,1938.14795,-0.03144,-0.19046,0.28369,-0.04093,0.48345,0.83695,-0.07979,0.08964,-0.01970,-0.06566,0.14033,0.36236,0.36442,2.12774,2.69231,0.96914,0.96429,0.92308,0.82211,0.00000,0.27536,1.96059,2.68172,0.93827,0.92593,0.80000
594,0.3146,58490880,54478,0.01505,1.43e-04,0.5573,108.0395,0.00000,0.00000,0.00000,10.00000,975.63685,0.00000,0.84291,0.00000,0.00000,0.84139,0.00000,0.00000,0.00000,0.00000,0.00000,0.44167,2.11274,1.57444,0.98851,0.98485,1.00000,1954.12842,-0.03135,-0.19189,0.28544,-0.04049,0.48493,0.83906,-0.08023,0.09026,-0.02099,-0.06570,0.14171,0.36470,0.36481,1.98284,2.58333,0.95402,0.94697,0.92308,0.82404,0.00000,0.27381,1.96295,2.40898,0.91954,0.90909,0.85714
595,0.3151,58589184,53463,0.01317,1.43e-04,0.5572,111.4002,0.00000,0.00000,0.00000,10.00000,1033.59963,0.00000,0.79208,0.00000,0.00000,0.84861,0.00000,0.00000,0.00000,0.00000,0.00000,0.44212,2.12500,1.72753,1.00000,1.00000,1.00000,1932.19906,-0.03138,-0.18986,0.28543,-0.04170,0.48962,0.84624,-0.07978,0.08751,-0.02026,-0.06594,0.14181,0.36467,0.36571,2.01067,2.13200,0.96535,0.95139,1.00000,0.82854,0.00000,0.27554,1.94577,2.31775,0.93069,0.90141,1.00000
596,0.3157,58687488,52994,0.01372,1.30e-04,0.5572,104.6194,0.00000,0.00000,0.00000,10.00000,1026.12604,0.00000,0.74263,0.00000,0.00000,0.85115,0.00000,0.00000,0.00000,0.00000,0.00000,0.44091,2.13332,1.53722,1.00000,1.00000,1.00000,1937.95817,-0.03129,-0.19028,0.28700,-0.04099,0.49043,0.84887,-0.07996,0.08788,-0.02233,-0.06623,0.14149,0.36720,0.36601,2.18772,2.30823,0.97449,0.96183,1.00000,0.83004,0.00000,0.27691,1.95159,2.82931,0.94898,0.92537,1.00000
597,0.3162,58785792,54251,0.01482,1.30e-04,0.5572,106.6624,0.00000,0.00000,0.00000,10.00000,1015.07726,0.00000,0.76453,0.00000,0.00000,0.84877,0.00000,0.00000,0.00000,0.00000,0.00000,0.44043,2.11741,1.74276,1.00000,1.00000,1.00000,1916.70671,-0.03131,-0.18841,0.28547,-0.04120,0.49027,0.84652,-0.07975,0.08910,-0.01890,-0.06611,0.14140,0.36530,0.36586,2.26355,2.74952,0.98624,0.98667,0.95455,0.82929,0.00000,0.27696,1.95844,2.81610,0.97248,0.97297,0.90909
598,0.3167,58884096,54085,0.01287,1.65e-04,0.5572,103.1948,0.00000,0.00000,0.00000,10.00000,996.86575,0.00000,0.81985,0.00000,0.00000,0.84696,0.00000,0.00000,0.00000,0.00000,0.00000,0.44112,2.11192,1.66750,1.00000,1.00000,1.00000,1924.23861,-0.03141,-0.18901,0.28492,-0.04089,0.48906,0.84475,-0.07955,0.08957,-0.02160,-0.06584,0.14181,0.36414,0.36490,2.15139,2.53692,0.96117,0.95395,0.92308,0.82450,0.00000,0.27568,1.94843,2.64769,0.92233,0.91026,0.85714
599,0.3172,58982400,53697,0.01324,2.06e-04,0.5572,104.6392,0.00000,0.00000,0.00000,10.00000,1017.59598,0.00000,0.79932,0.00000,0.00000,0.84578,0.00000,0.00000,0.00000,0.00000,0.00000,0.44190,2.08994,1.51012,0.98980,0.98649,1.00000,1933.25570,-0.03150,-0.18972,0.28204,-0.04124,0.48711,0.84347,-0.07956,0.08841,-0.02189,-0.06587,0.14073,0.36107,0.36497,1.96231,1.61625,0.95918,0.95035,0.94118,0.82485,0.00000,0.27560,1.93871,2.47644,0.92857,0.91045,0.87500
600,0.3178,59080704,53404,0.01647,1.56e-04,0.5572,96.4432,0.00000,0.00000,0.00000,10.00000,969.18647,0.00000,0.79686,0.00000,0.00000,0.84315,0.00000,0.00000,0.00000,0.00000,0.00000,0.44153,2.08170,1.75710,0.96970,0.97183,0.87500,1931.84326,-0.03139,-0.18970,0.28165,-0.04016,0.48613,0.84087,-0.07963,0.09018,-0.02242,-0.06584,0.14054,0.36066,0.36500,2.22121,1.83428,0.93939,0.92254,0.93333,0.82502,0.00000,0.27511,1.94806,2.70438,0.90909,0.87324,1.00000
601,0.3183,59179008,50677,0.01301,1.72e-04,0.5571,96.5296,0.00000,0.00000,0.00000,10.00000,985.98218,0.00000,0.86227,0.00000,0.00000,0.84076,0.00000,0.00000,0.00000,0.00000,0.00000,0.44164,2.08221,1.63953,0.98958,0.98750,1.00000,1922.29476,-0.03140,-0.18897,0.28230,-0.04101,0.48510,0.83849,-0.07963,0.08939,-0.02015,-0.06568,0.13956,0.36113,0.36471,2.06787,2.03143,0.96875,0.95973,1.00000,0.82355,0.00000,0.27542,1.95131,2.56567,0.94792,0.92754,1.00000
602,0.3188,59277312,52204,0.01295,1.89e-04,0.5570,103.3828,0.00000,0.00000,0.00000,10.00000,1030.69163,0.00000,0.78092,0.00000,0.00000,0.84074,0.00000,0.00000,0.00000,0.00000,0.00000,0.44269,2.08022,1.50767,0.99057,0.98718,1.00000,1914.77767,-0.03153,-0.18823,0.28110,-0.04146,0.48516,0.83845,-0.07927,0.08795,-0.02048,-0.06574,0.14029,0.36042,0.36492,2.12488,1.90875,0.97170,0.95973,1.00000,0.82460,0.00000,0.27594,1.93599,2.80538,0.95283,0.92958,1.00000
603,0.3194,59375616,53738,0.01476,1.87e-04,0.5570,114.5658,0.00000,0.00000,0.00000,10.00000,1072.43172,0.00000,0.72616,0.00000,0.00000,0.84119,0.00000,0.00000,0.00000,0.00000,0.00000,0.44226,2.06400,1.62404,1.00000,1.00000,1.00000,1921.51969,-0.03156,-0.18871,0.27877,-0.04146,0.48623,0.83892,-0.07887,0.08737,-0.02235,-0.06590,0.13867,0.35754,0.36504,2.07750,2.01474,0.98819,0.98193,1.00000,0.82520,0.00000,0.27592,1.91855,2.55111,0.97638,0.96341,1.00000
604,0.3199,59473920,52738,0.01403,1.86e-04,0.5570,88.2052,0.00000,0.00000,0.00000,10.00000,1018.54115,0.00000,0.80749,0.00000,0.00000,0.83920,0.00000,0.00000,0.00000,0.00000,0.00000,0.44267,2.05562,1.50925,1.00000,1.00000,1.00000,1938.49805,-0.03178,-0.19009,0.27910,-0.04149,0.48383,0.83693,-0.07934,0.08500,-0.02482,-0.06559,0.13806,0.35754,0.36448,2.09924,2.15500,0.97093,0.96000,1.00000,0.82241,0.00000,0.27893,1.91331,2.71687,0.94186,0.91935,1.00000
605,0.3204,59572224,52056,0.01511,1.49e-04,0.5570,103.3811,0.00000,0.00000,0.00000,10.00000,999.06415,0.00000,0.80128,0.00000,0.00000,0.83540,0.00000,0.00000,0.00000,0.00000,0.00000,0.44180,2.05524,1.65154,1.00000,1.00000,1.00000,1958.42448,-0.03153,-0.19214,0.27923,-0.04190,0.48182,0.83313,-0.07851,0.08779,-0.02455,-0.06617,0.13706,0.35806,0.36375,2.17695,2.83714,0.96635,0.95333,1.00000,0.81876,0.00000,0.27748,1.91944,2.73835,0.93269,0.90789,1.00000
606,0.3209,59670528,53008,0.01371,1.41e-04,0.5571,98.2660,0.00000,0.00000,0.00000,10.00000,982.19481,0.00000,0.74786,0.00000,0.00000,0.83708,0.00000,0.00000,0.00000,0.00000,0.00000,0.44191,2.07381,1.66129,1.00000,1.00000,1.00000,1943.14600,-0.03153,-0.19075,0.28174,-0.04177,0.48203,0.83485,-0.07905,0.08988,-0.02269,-0.06584,0.13837,0.36059,0.36376,2.21421,2.01714,0.94872,0.92381,1.00000,0.81879,0.00000,0.27572,1.94092,2.79525,0.89744,0.85185,1.00000
607,0.3215,59768832,53093,0.01235,1.60e-04,0.5571,110.4132,0.00000,0.00000,0.00000,10.00000,1020.83540,0.00000,0.77008,0.00000,0.00000,0.84055,0.00000,0.00000,0.00000,0.00000,0.00000,0.44261,2.09611,1.58767,1.00000,1.00000,1.00000,1940.65625,-0.03137,-0.19059,0.28366,-0.04177,0.48463,0.83839,-0.07899,0.09084,-0.02223,-0.06597,0.13976,0.36250,0.36448,2.11290,2.07875,0.97525,0.96429,1.00000,0.82238,0.00000,0.27408,1.95453,2.58049,0.95050,0.93333,1.00000
608,0.3220,59867136,52999,0.01214,2.02e-04,0.5569,104.0685,0.00000,0.00000,0.00000,10.00000,1011.18852,0.00000,0.74735,0.00000,0.00000,0.84295,0.00000,0.00000,0.00000,0.00000,0.00000,0.44188,2.10964,1.54939,1.00000,1.00000,1.00000,1924.97005,-0.03132,-0.18913,0.28619,-0.04194,0.48703,0.84086,-0.07929,0.09146,-0.02055,-0.06610,0.14085,0.36522,0.36512,2.11531,1.64750,0.95833,0.93805,1.00000,0.82559,0.00000,0.27491,1.96652,2.71774,0.91667,0.87500,1.00000
609,0.3225,59965440,54841,0.01267,1.71e-04,0.5569,102.6103,0.00000,0.00000,0.00000,10.00000,986.53231,0.00000,0.80906,0.00000,0.00000,0.84546,0.00000,0.00000,0.00000,0.00000,0.00000,0.44184,2.11332,1.78744,1.00000,1.00000,1.00000,1955.41423,-0.03127,-0.19191,0.28617,-0.04156,0.48771,0.84344,-0.07809,0.09307,-0.02202,-0.06601,0.14143,0.36480,0.36520,2.21092,2.54588,0.96117,0.96000,0.94118,0.82602,0.00000,0.27348,1.96132,2.68389,0.92233,0.91892,0.85714
610,0.3230,60063744,53237,0.01395,1.92e-04,0.5569,85.9541,0.00000,0.00000,0.00000,10.00000,1015.14702,0.00000,0.75661,0.00000,0.00000,0.85084,0.00000,0.00000,0.00000,0.00000,0.00000,0.44196,2.11581,1.47512,0.99048,0.98630,1.00000,1915.28174,-0.03134,-0.18825,0.28479,-0.04113,0.49033,0.84871,-0.07843,0.09154,-0.02011,-0.06604,0.14270,0.36399,0.36609,2.11087,2.58600,0.95714,0.95804,0.85714,0.83043,0.00000,0.27447,1.96587,2.77923,0.92381,0.92857,0.75000
611,0.3235,60162048,53850,0.01708,1.22e-04,0.5568,94.5594,0.00000,0.00000,0.00000,10.00000,1026.80835,0.00000,0.79646,0.00000,0.00000,0.85012,0.00000,0.00000,0.00000,0.00000,0.00000,0.44160,2.11223,1.71868,0.99115,0.98780,1.00000,1899.37646,-0.03140,-0.18651,0.28624,-0.04153,0.49031,0.84781,-0.07916,0.09205,-0.02118,-0.06598,0.14227,0.36548,0.36577,2.04697,1.87750,0.96903,0.95679,1.00000,0.82885,0.00000,0.27520,1.96786,2.40262,0.94690,0.92500,1.00000
612,0.3240,60260352,54090,0.01317,1.43e-04,0.5568,99.4590,0.00000,0.00000,0.00000,10.00000,955.35657,0.00000,0.82729,0.00000,0.00000,0.84549,0.00000,0.00000,0.00000,0.00000,0.00000,0.44148,2.09806,1.52310,0.98913,0.98438,1.00000,1910.10726,-0.03156,-0.18755,0.28469,-0.04075,0.48788,0.84313,-0.07911,0.09474,-0.02214,-0.06563,0.14203,0.36257,0.36525,2.20811,1.88286,0.93478,0.91241,1.00000,0.82627,0.00000,0.27099,1.95760,2.88361,0.88043,0.84932,1.00000
613,0.3246,60358656,53259,0.01514,1.41e-04,0.5567,89.7723,0.00000,0.00000,0.00000,10.00000,980.41051,0.00000,0.80808,0.00000,0.00000,0.84376,0.00000,0.00000,0.00000,0.00000,0.00000,0.44140,2.09928,1.72600,0.98864,0.98462,1.00000,1924.54688,-0.03152,-0.18909,0.28492,-0.04163,0.48633,0.84153,-0.08024,0.09526,-0.02316,-0.06540,0.14201,0.36347,0.36502,2.12569,2.07167,0.95455,0.93750,1.00000,0.82512,0.00000,0.27103,1.97131,2.54328,0.92045,0.88889,1.00000
614,0.3251,60456960,54083,0.01614,1.02e-04,0.5567,84.2849,0.00000,0.00000,0.00000,10.00000,1029.36265,0.00000,0.81619,0.00000,0.00000,0.84297,0.00000,0.00000,0.00000,0.00000,0.00000,0.44159,2.12624,1.64469,0.98765,0.98361,1.00000,1922.35026,-0.03134,-0.18894,0.28786,-0.04142,0.48692,0.84071,-0.08077,0.09645,-0.01879,-0.06553,0.14337,0.36772,0.36489,1.94442,1.64000,0.96914,0.95798,1.00000,0.82447,0.00000,0.27098,1.99158,2.27517,0.95062,0.93103,1.00000
615,0.3256,60555264,53106,0.01113,1.47e-04,0.5567,91.3498,0.00000,0.00000,0.00000,10.00000,1031.15456,0.00000,0.71019,0.00000,0.00000,0.84810,0.00000,0.00000,0.00000,0.00000,0.00000,0.44182,2.14219,1.75385,1.00000,1.00000,1.00000,1953.03613,-0.03127,-0.19189,0.28960,-0.04249,0.49047,0.84594,-0.08019,0.09832,-0.02152,-0.06569,0.14517,0.36972,0.36644,2.13620,2.46800,0.95876,0.95161,0.93750,0.83220,0.00000,0.26861,2.00166,2.48139,0.91753,0.90909,0.88889
616,0.3261,60653568,53049,0.01220,2.11e-04,0.5566,92.4562,0.00000,0.00000,0.00000,10.00000,1024.09467,0.00000,0.84229,0.00000,0.00000,0.85457,0.00000,0.00000,0.00000,0.00000,0.00000,0.44107,2.14895,1.76027,0.98925,0.98571,1.00000,1905.61849,-0.03123,-0.18716,0.28930,-0.04154,0.49442,0.85228,-0.08013,0.09880,-0.01936,-0.06554,0.14457,0.36973,0.36713,1.97446,1.54000,0.97849,0.97163,1.00000,0.83565,0.00000,0.26815,2.00012,2.19452,0.96774,0.95775,1.00000
617,0.3266,60751872,53594,0.01425,1.87e-04,0.5565,92.7843,0.00000,0.00000,0.00000,10.00000,1014.07440,0.00000,0.75132,0.00000,0.00000,0.85184,0.00000,0.00000,0.00000,0.00000,0.00000,0.43950,2.14812,1.88400,0.99048,0.98630,1.00000,1911.95589,-0.03109,-0.18785,0.29126,-0.04229,0.49347,0.84967,-0.07924,0.10131,-0.02143,-0.06597,0.14485,0.37133,0.36665,2.20454,1.96933,0.96190,0.95775,0.87500,0.83326,0.00000,0.26802,2.00563,2.55108,0.93333,0.92754,0.77778
618,0.3272,60850176,53051,0.01224,2.98e-04,0.5564,115.3755,0.00000,0.00000,0.00000,10.00000,1045.87227,0.00000,0.74444,0.00000,0.00000,0.85152,0.00000,0.00000,0.00000,0.00000,0.00000,0.43846,2.13374,1.50158,1.00000,1.00000,1.00000,1908.48779,-0.03112,-0.18769,0.28958,-0.04187,0.49259,0.84935,-0.07978,0.10302,-0.02017,-0.06584,0.14422,0.36888,0.36668,2.01436,2.15625,0.97500,0.97015,0.94118,0.83342,0.00000,0.26768,2.01037,2.54822,0.95000,0.93939,0.88889
619,0.3277,60948480,53349,0.01668,2.27e-04,0.5565,91.8757,0.00000,0.00000,0.00000,10.00000,1022.31515,0.00000,0.78869,0.00000,0.00000,0.84947,0.00000,0.00000,0.00000,0.00000,0.00000,0.43883,2.11579,1.56964,1.00000,1.00000,1.00000,1903.06901,-0.03114,-0.18712,0.28788,-0.04251,0.49083,0.84725,-0.07940,0.10295,-0.02100,-0.06572,0.14367,0.36740,0.36607,2.08274,1.72727,0.96429,0.95597,0.91667,0.83034,0.00000,0.26694,2.00747,2.58376,0.92857,0.91463,0.83333
620,0.3282,61046784,53097,0.01341,2.96e-04,0.5565,106.2790,0.00000,0.00000,0.00000,10.00000,988.96671,0.00000,0.80314,0.00000,0.00000,0.84584,0.00000,0.00000,0.00000,0.00000,0.00000,0.43795,2.10935,1.57520,1.00000,1.00000,1.00000,1934.95199,-0.03101,-0.19007,0.28735,-0.04226,0.48924,0.84366,-0.07934,0.10376,-0.02371,-0.06586,0.14345,0.36671,0.36593,2.04993,2.26526,0.95652,0.94737,0.95000,0.82967,0.00000,0.26680,2.00108,2.55857,0.91304,0.89855,0.88889
621,0.3287,61145088,53030,0.01607,2.07e-04,0.5565,85.9662,0.00000,0.00000,0.00000,10.00000,1025.97888,0.00000,0.75908,0.00000,0.00000,0.84732,0.00000,0.00000,0.00000,0.00000,0.00000,0.43875,2.10669,1.62265,1.00000,1.00000,1.00000,1919.39648,-0.03095,-0.18860,0.28796,-0.04297,0.49058,0.84507,-0.07912,0.10473,-0.02285,-0.06599,0.14316,0.36825,0.36607,2.02705,2.02632,0.97030,0.96377,0.95000,0.83035,0.00000,0.26645,2.01607,2.48685,0.94059,0.92308,0.90000
622,0.3292,61243392,54355,0.01548,1.76e-04,0.5565,99.0668,0.00000,0.00000,0.00000,10.00000,1045.96796,0.00000,0.76880,0.00000,0.00000,0.84719,0.00000,0.00000,0.00000,0.00000,0.00000,0.43930,2.10398,1.58137,0.97980,0.96970,1.00000,1920.19938,-0.03102,-0.18869,0.28646,-0.04241,0.49055,0.84497,-0.07887,0.10453,-0.01897,-0.06579,0.14288,0.36624,0.36625,2.01503,1.73067,0.97475,0.96350,1.00000,0.83127,0.00000,0.26497,2.01343,2.43158,0.96970,0.95775,1.00000
623,0.3298,61341696,53332,0.01415,1.71e-04,0.5565,101.4105,0.00000,0.00000,0.00000,10.00000,1011.69595,0.00000,0.79079,0.00000,0.00000,0.84816,0.00000,0.00000,0.00000,0.00000,0.00000,0.43941,2.09775,1.60345,0.98198,0.97468,1.00000,1914.13151,-0.03099,-0.18824,0.28666,-0.04283,0.49150,0.84593,-0.07894,0.10400,-0.02026,-0.06585,0.14291,0.36688,0.36670,2.03706,1.81375,0.95946,0.95570,0.88889,0.83350,0.00000,0.26610,2.01567,2.49156,0.93694,0.93671,0.77778
624,0.3303,61440000,53224,0.01234,2.07e-04,0.5565,103.8669,0.00000,0.00000,0.00000,10.00000,990.32893,0.00000,0.81897,0.00000,0.00000,0.84876,0.00000,0.00000,0.00000,0.00000,0.00000,0.43952,2.06437,1.59152,0.99138,0.98824,1.00000,1940.49528,-0.03115,-0.19066,0.28359,-0.04254,0.49011,0.84657,-0.07894,0.10434,-0.02092,-0.06617,0.14119,0.36265,0.36683,2.08192,1.75067,0.94828,0.92982,1.00000,0.83413,0.00000,0.26601,2.00177,2.61270,0.90517,0.87209,1.00000
625,0.3308,61538304,54707,0.01574,1.92e-04,0.5565,98.3182,0.00000,0.00000,0.00000,10.00000,1004.06215,0.00000,0.79900,0.00000,0.00000,0.84612,0.00000,0.00000,0.00000,0.00000,0.00000,0.43980,2.08016,1.58806,1.00000,1.00000,1.00000,1923.20264,-0.03114,-0.18896,0.28513,-0.04248,0.48868,0.84393,-0.07930,0.10439,-0.02002,-0.06582,0.14159,0.36473,0.36595,2.10776,1.69555,0.96629,0.96094,0.90000,0.82973,0.00000,0.26606,2.00776,2.62746,0.93258,0.92424,0.80000
626,0.3313,61636608,54618,0.01240,2.15e-04,0.5565,99.2164,0.00000,0.00000,0.00000,10.00000,1039.92002,0.00000,0.81958,0.00000,0.00000,0.84222,0.00000,0.00000,0.00000,0.00000,0.00000,0.43956,2.08598,1.54829,1.00000,1.00000,1.00000,1923.85889,-0.03117,-0.18906,0.28480,-0.04287,0.48656,0.84000,-0.07879,0.10483,-0.02186,-0.06575,0.14060,0.36434,0.36522,1.93829,2.06750,0.96535,0.95302,1.00000,0.82610,0.00000,0.26412,1.99297,2.39514,0.93069,0.90278,1.00000
627,0.3318,61734912,54228,0.01458,1.89e-04,0.5566,104.1596,0.00000,0.00000,0.00000,10.00000,1013.56104,0.00000,0.66667,0.00000,0.00000,0.84113,0.00000,0.00000,0.00000,0.00000,0.00000,0.44024,2.10700,1.70070,1.00000,1.00000,1.00000,1944.39176,-0.03110,-0.19110,0.28692,-0.04169,0.48599,0.83893,-0.07893,0.10581,-0.02192,-0.06570,0.14283,0.36647,0.36481,2.18625,2.30000,0.95333,0.94444,0.91667,0.82406,0.00000,0.26349,2.00688,2.68945,0.90667,0.88636,0.84615
628,0.3323,61833216,53030,0.01367,1.71e-04,0.5566,91.1164,0.00000,0.00000,0.00000,10.00000,1004.98891,0.00000,0.76720,0.00000,0.00000,0.84499,0.00000,0.00000,0.00000,0.00000,0.00000,0.43976,2.11115,1.65425,0.99048,0.98551,1.00000,1946.69173,-0.03101,-0.19147,0.28776,-0.04162,0.48816,0.84270,-0.07944,0.10644,-0.02193,-0.06576,0.14351,0.36732,0.36577,2.10475,2.03047,0.95714,0.93793,1.00000,0.82884,0.00000,0.26324,2.01565,2.55525,0.92381,0.89474,1.00000
629,0.3329,61931520,53642,0.01425,1.60e-04,0.5565,100.8704,0.00000,0.00000,0.00000,10.00000,1052.01425,0.00000,0.75092,0.00000,0.00000,0.85058,0.00000,0.00000,0.00000,0.00000,0.00000,0.43881,2.12487,1.58361,1.00000,1.00000,1.00000,1928.28271,-0.03104,-0.18952,0.28798,-0.04222,0.49089,0.84848,-0.07982,0.10663,-0.02138,-0.06562,0.14383,0.36768,0.36665,2.06507,1.67625,0.96154,0.95122,0.94118,0.83325,0.00000,0.26260,2.01522,2.59030,0.92308,0.90000,0.87500
630,0.3334,62029824,53529,0.01267,1.72e-04,0.5565,88.4159,0.00000,0.00000,0.00000,10.00000,1021.64117,0.00000,0.84444,0.00000,0.00000,0.85122,0.00000,0.00000,0.00000,0.00000,0.00000,0.43925,2.13394,1.64575,1.00000,1.00000,1.00000,1917.02148,-0.03104,-0.18850,0.28934,-0.04267,0.49242,0.84903,-0.08048,0.10433,-0.02117,-0.06591,0.14467,0.36932,0.36683,2.07325,2.27500,0.98000,0.97368,1.00000,0.83415,0.00000,0.26476,2.00611,2.50075,0.96000,0.94872,1.00000
631,0.3339,62128128,53924,0.01404,1.79e-04,0.5565,98.8274,0.00000,0.00000,0.00000,10.00000,1033.71761,0.00000,0.73894,0.00000,0.00000,0.85124,0.00000,0.00000,0.00000,0.00000,0.00000,0.43876,2.11519,1.63432,1.00000,1.00000,1.00000,1906.83936,-0.03115,-0.18740,0.28762,-0.04287,0.49202,0.84907,-0.08011,0.10541,-0.02141,-0.06575,0.14302,0.36734,0.36668,2.12308,1.71652,0.96117,0.94161,1.00000,0.83342,0.00000,0.26418,1.99857,2.65093,0.92233,0.88406,1.00000
632,0.3344,62226432,53615,0.01423,1.56e-04,0.5565,109.9164,0.00000,0.00000,0.00000,10.00000,1025.82631,0.00000,0.76628,0.00000,0.00000,0.84886,0.00000,0.00000,0.00000,0.00000,0.00000,0.43802,2.10939,1.70957,1.00000,1.00000,1.00000,1909.97021,-0.03115,-0.18781,0.28644,-0.04206,0.49081,0.84665,-0.08060,0.10663,-0.02064,-0.06559,0.14320,0.36565,0.36672,2.06956,1.98083,0.96983,0.96875,0.91667,0.83359,0.00000,0.26476,2.00160,2.45409,0.93966,0.93590,0.83333
633,0.3349,62324736,53556,0.01159,2.25e-04,0.5564,75.8141,0.00000,0.00000,0.00000,10.00000,1009.24296,0.00000,0.82418,0.00000,0.00000,0.84734,0.00000,0.00000,0.00000,0.00000,0.00000,0.43926,2.10046,1.72060,0.97802,0.97015,1.00000,1917.55094,-0.03122,-0.18848,0.28576,-0.04217,0.48933,0.84510,-0.07943,0.10541,-0.01935,-0.06557,0.14229,0.36530,0.36603,2.16379,2.02000,0.96154,0.94815,1.00000,0.83017,0.00000,0.26458,2.00027,2.62061,0.94505,0.92647,1.00000
634,0.3354,62423040,53396,0.01538,1.89e-04,0.5563,95.5195,0.00000,0.00000,0.00000,10.00000,993.27014,0.00000,0.75636,0.00000,0.00000,0.84112,0.00000,0.00000,0.00000,0.00000,0.00000,0.43907,2.10024,1.56844,1.00000,1.00000,1.00000,1928.32454,-0.03116,-0.18948,0.28538,-0.04121,0.48599,0.83900,-0.08000,0.10644,-0.01998,-0.06568,0.14228,0.36447,0.36538,2.40449,1.93444,0.98193,0.97345,1.00000,0.82688,0.00000,0.26354,2.00105,3.22769,0.96386,0.94828,1.00000
635,0.3360,62521344,53715,0.01466,1.98e-04,0.5563,85.0644,0.00000,0.00000,0.00000,10.00000,1030.09906,0.00000,0.83333,0.00000,0.00000,0.84282,0.00000,0.00000,0.00000,0.00000,0.00000,0.43904,2.11631,1.49032,1.00000,1.00000,1.00000,1914.49707,-0.03109,-0.18825,0.28833,-0.04259,0.48730,0.84075,-0.07972,0.10663,-0.01950,-0.06559,0.14370,0.36806,0.36560,1.99967,1.41143,0.98077,0.98291,0.87500,0.82801,0.00000,0.26381,2.01946,2.52600,0.96154,0.96610,0.75000
636,0.3365,62619648,53723,0.01408,1.56e-04,0.5562,78.7674,0.00000,0.00000,0.00000,10.00000,1018.71767,0.00000,0.77472,0.00000,0.00000,0.84793,0.00000,0.00000,0.00000,0.00000,0.00000,0.43848,2.13713,1.59952,1.00000,1.00000,1.00000,1915.60254,-0.03110,-0.18840,0.29079,-0.04188,0.48998,0.84584,-0.08015,0.10730,-0.01863,-0.06550,0.14492,0.37095,0.36645,2.08197,2.18000,0.95872,0.94079,1.00000,0.83225,0.00000,0.26548,2.03154,2.58886,0.91743,0.88158,1.00000
637,0.3370,62717952,53006,0.01253,1.89e-04,0.5561,89.6708,0.00000,0.00000,0.00000,10.00000,1034.21010,0.00000,0.83333,0.00000,0.00000,0.85027,0.00000,0.00000,0.00000,0.00000,0.00000,0.43841,2.12842,1.74089,1.00000,1.00000,1.00000,1905.66699,-0.03112,-0.18740,0.28900,-0.04229,0.49210,0.84810,-0.08016,0.10689,-0.01681,-0.06542,0.14453,0.36942,0.36724,2.07318,2.74250,0.96429,0.96032,1.00000,0.83620,0.00000,0.26507,2.02794,2.41569,0.92857,0.92063,1.00000
638,0.3375,62816256,53637,0.01385,2.06e-04,0.5561,90.5923,0.00000,0.00000,0.00000,10.00000,1062.87649,0.00000,0.67677,0.00000,0.00000,0.85008,0.00000,0.00000,0.00000,0.00000,0.00000,0.43799,2.12764,1.49179,1.00000,1.00000,1.00000,1911.59424,-0.03101,-0.18809,0.28890,-0.04256,0.49221,0.84778,-0.07994,0.10752,-0.01900,-0.06568,0.14494,0.36929,0.36715,1.99804,2.30476,0.97273,0.96269,0.95455,0.83574,0.00000,0.26436,2.02786,2.52453,0.94545,0.92537,0.90909
639,0.3380,62914560,54070,0.01564,1.76e-04,0.5560,92.9227,0.00000,0.00000,0.00000,10.00000,1033.10179,0.00000,0.75163,0.00000,0.00000,0.85124,0.00000,0.00000,0.00000,0.00000,0.00000,0.43881,2.11643,1.65171,0.99020,1.00000,0.90000,1914.89046,-0.03108,-0.18817,0.28716,-0.04147,0.49231,0.84886,-0.07982,0.10541,-0.01976,-0.06554,0.14404,0.36691,0.36733,2.10371,1.95067,0.97549,0.97826,0.87500,0.83664,0.00000,0.26586,2.01261,2.64087,0.96078,0.95455,0.83333
640,0.3386,63012864,52358,0.01408,1.87e-04,0.5559,100.3438,0.00000,0.00000,0.00000,10.00000,1056.21591,0.00000,0.75758,0.00000,0.00000,0.84770,0.00000,0.00000,0.00000,0.00000,0.00000,0.43722,2.11623,1.51350,0.99091,0.98649,1.00000,1883.92464,-0.03109,-0.18523,0.28745,-0.04169,0.49090,0.84539,-0.07976,0.10551,-0.01989,-0.06545,0.14332,0.36697,0.36633,2.06215,1.83111,0.99091,0.98667,1.00000,0.83163,0.00000,0.26566,2.00631,2.62487,0.99091,0.98684,1.00000
641,0.3391,63111168,52300,0.01694,1.11e-04,0.5559,82.6877,0.00000,0.00000,0.00000,10.00000,1051.71343,0.00000,0.70208,0.00000,0.00000,0.84603,0.00000,0.00000,0.00000,0.00000,0.00000,0.43859,2.11585,1.63114,1.00000,1.00000,1.00000,1899.01921,-0.03120,-0.18659,0.28751,-0.04214,0.49005,0.84367,-0.07940,0.10464,-0.02014,-0.06539,0.14337,0.36726,0.36619,2.17368,2.14737,0.97802,0.96522,1.00000,0.83095,0.00000,0.26622,2.00154,2.77651,0.95604,0.92593,1.00000
642,0.3396,63209472,52878,0.01194,1.44e-04,0.5559,84.4978,0.00000,0.00000,0.00000,10.00000,1060.87484,0.00000,0.71019,0.00000,0.00000,0.84383,0.00000,0.00000,0.00000,0.00000,0.00000,0.43891,2.10217,1.68192,1.00000,1.00000,1.00000,1913.48714,-0.03132,-0.18818,0.28552,-0.04092,0.48754,0.84145,-0.07933,0.10477,-0.02028,-0.06552,0.14258,0.36483,0.36575,2.15648,1.87778,0.98969,0.99194,0.94444,0.82873,0.00000,0.26519,1.99950,2.65855,0.97938,0.98333,0.88889
643,0.3401,63307776,53534,0.01371,1.30e-04,0.5558,94.5829,0.00000,0.00000,0.00000,10.00000,998.59455,0.00000,0.80247,0.00000,0.00000,0.84427,0.00000,0.00000,0.00000,0.00000,0.00000,0.43886,2.09906,1.64538,0.99074,0.98667,1.00000,1918.15332,-0.03120,-0.18851,0.28532,-0.04095,0.48721,0.84193,-0.07898,0.10446,-0.02203,-0.06549,0.14234,0.36439,0.36593,2.27371,2.21750,0.95833,0.95513,0.80000,0.82966,0.00000,0.26601,1.99704,2.87876,0.92593,0.92593,0.66667
644,0.3407,63406080,53658,0.01044,1.87e-04,0.5558,91.3892,0.00000,0.00000,0.00000,10.00000,1035.39734,0.00000,0.76023,0.00000,0.00000,0.84579,0.00000,0.00000,0.00000,0.00000,0.00000,0.43851,2.08846,1.59223,1.00000,1.00000,1.00000,1908.73096,-0.03130,-0.18751,0.28488,-0.04187,0.48785,0.84353,-0.07895,0.10426,-0.02185,-0.06544,0.14161,0.36357,0.36632,2.04060,1.67733,0.95614,0.93590,1.00000,0.83160,0.00000,0.26664,1.98788,2.51111,0.91228,0.87342,1.00000
645,0.3412,63504384,53194,0.01366,2.47e-04,0.5558,107.4282,0.00000,0.00000,0.00000,10.00000,1044.95215,0.00000,0.74786,0.00000,0.00000,0.84345,0.00000,0.00000,0.00000,0.00000,0.00000,0.43958,2.06975,1.72775,1.00000,1.00000,1.00000,1907.86898,-0.03136,-0.18731,0.28140,-0.04152,0.48719,0.84122,-0.07863,0.10183,-0.02337,-0.06527,0.13930,0.35937,0.36596,2.01566,1.83200,0.96154,0.95000,0.93750,0.82981,0.00000,0.26643,1.95492,2.33555,0.92308,0.90000,0.83333
646,0.3417,63602688,52787,0.01467,2.30e-04,0.5558,103.7183,0.00000,0.00000,0.00000,10.00000,1000.42273,0.00000,0.81807,0.00000,0.00000,0.83895,0.00000,0.00000,0.00000,0.00000,0.00000,0.43898,2.08114,1.52985,1.00000,1.00000,1.00000,1922.28548,-0.03141,-0.18887,0.28227,-0.04207,0.48450,0.83674,-0.07964,0.10254,-0.02051,-0.06509,0.14085,0.36095,0.36525,2.25580,2.08000,0.96154,0.94776,1.00000,0.82625,0.00000,0.26642,1.96765,2.94084,0.92308,0.90000,1.00000
647,0.3422,63700992,52290,0.01502,1.86e-04,0.5557,91.3917,0.00000,0.00000,0.00000,10.00000,1045.29962,0.00000,0.78605,0.00000,0.00000,0.84130,0.00000,0.00000,0.00000,0.00000,0.00000,0.43781,2.08408,1.65139,0.98936,0.98551,1.00000,1939.40267,-0.03131,-0.19060,0.28343,-0.04246,0.48568,0.83914,-0.07929,0.10512,-0.02068,-0.06524,0.14133,0.36244,0.36594,2.03955,1.84000,0.94681,0.93233,0.83333,0.82972,0.00000,0.26548,1.98429,2.49032,0.90426,0.87500,0.66667
648,0.3428,63799296,53181,0.01362,1.86e-04,0.5557,99.1779,0.00000,0.00000,0.00000,10.00000,1038.06791,0.00000,0.71429,0.00000,0.00000,0.84795,0.00000,0.00000,0.00000,0.00000,0.00000,0.43706,2.12286,1.64735,1.00000,1.00000,1.00000,1944.38639,-0.03119,-0.19095,0.28879,-0.04201,0.48973,0.84589,-0.07991,0.10774,-0.02045,-0.06549,0.14361,0.36916,0.36701,2.14227,2.17375,0.98352,0.98291,0.94118,0.83504,0.00000,0.26573,2.02662,2.66812,0.96703,0.96491,0.88889
649,0.3433,63897600,53006,0.01390,1.71e-04,0.5557,88.4903,0.00000,0.00000,0.00000,10.00000,1029.87508,0.00000,0.74074,0.00000,0.00000,0.85213,0.00000,0.00000,0.00000,0.00000,0.00000,0.43807,2.14759,1.66649,1.00000,1.00000,1.00000,1915.35970,-0.03102,-0.18823,0.29093,-0.04247,0.49377,0.84998,-0.08006,0.10725,-0.02076,-0.06539,0.14644,0.37248,0.36736,2.02297,1.95818,0.97396,0.96875,0.95455,0.83682,0.00000,0.26603,2.03674,2.37946,0.94792,0.93846,0.90909
650,0.3438,63995904,54307,0.01285,1.87e-04,0.5557,81.0597,0.00000,0.00000,0.00000,10.00000,1021.21980,0.00000,0.82397,0.00000,0.00000,0.85442,0.00000,0.00000,0.00000,0.00000,0.00000,0.43789,2.15664,1.45688,1.00000,1.00000,1.00000,1901.10872,-0.03102,-0.18681,0.29231,-0.04178,0.49521,0.85232,-0.08019,0.10924,-0.02009,-0.06540,0.14781,0.37392,0.36804,2.01831,2.19571,0.97191,0.96212,1.00000,0.84020,0.00000,0.26423,2.05336,2.68338,0.94382,0.91803,1.00000
651,0.3443,64094208,53999,0.01447,1.89e-04,0.5557,84.7562,0.00000,0.00000,0.00000,10.00000,1028.77271,0.00000,0.78920,0.00000,0.00000,0.85709,0.00000,0.00000,0.00000,0.00000,0.00000,0.43804,2.15028,1.74092,1.00000,1.00000,1.00000,1894.34668,-0.03104,-0.18626,0.29338,-0.04193,0.49647,0.85506,-0.07964,0.10762,-0.01943,-0.06546,0.14808,0.37478,0.36850,2.02148,1.92400,0.96262,0.94737,1.00000,0.84250,0.00000,0.26779,2.05948,2.34693,0.92523,0.89189,1.00000
652,0.3449,64192512,53526,0.01496,1.86e-04,0.5556,88.4843,0.00000,0.00000,0.00000,10.00000,1010.86403,0.00000,0.74635,0.00000,0.00000,0.85637,0.00000,0.00000,0.00000,0.00000,0.00000,0.43740,2.13249,1.77012,0.98990,0.98571,1.00000,1871.62028,-0.03108,-0.18392,0.29217,-0.04202,0.49629,0.85431,-0.07996,0.10920,-0.01986,-0.06519,0.14725,0.37298,0.36853,2.11605,1.85091,0.95455,0.93233,1.00000,0.84267,0.00000,0.26806,2.05940,2.54060,0.91919,0.87302,1.00000
653,0.3454,64290816,54037,0.01352,1.56e-04,0.5556,82.5560,0.00000,0.00000,0.00000,10.00000,1018.36223,0.00000,0.78261,0.00000,0.00000,0.85269,0.00000,0.00000,0.00000,0.00000,0.00000,0.43642,2.11935,1.56574,1.00000,1.00000,1.00000,1881.09831,-0.03114,-0.18508,0.29051,-0.04155,0.49426,0.85063,-0.07902,0.11049,-0.01870,-0.06539,0.14668,0.37046,0.36784,2.03934,2.12083,0.97391,0.96296,1.00000,0.83921,0.00000,0.26695,2.05354,2.55103,0.94783,0.92500,1.00000
654,0.3459,64389120,53654,0.01240,1.92e-04,0.5555,101.8725,0.00000,0.00000,0.00000,10.00000,1071.12962,0.00000,0.76464,0.00000,0.00000,0.85256,0.00000,0.00000,0.00000,0.00000,0.00000,0.43646,2.11967,1.59970,1.00000,1.00000,1.00000,1897.47673,-0.03120,-0.18659,0.28995,-0.04065,0.49380,0.85050,-0.07927,0.10884,-0.01958,-0.06528,0.14619,0.37025,0.36773,2.00325,1.62667,0.97849,0.96875,1.00000,0.83866,0.00000,0.26810,2.04664,2.42603,0.95699,0.93651,1.00000
655,0.3464,64487424,53846,0.01312,2.25e-04,0.5555,86.8443,0.00000,0.00000,0.00000,10.00000,986.38054,0.00000,0.78059,0.00000,0.00000,0.85161,0.00000,0.00000,0.00000,0.00000,0.00000,0.43774,2.14108,1.59875,1.00000,1.00000,1.00000,1899.37142,-0.03099,-0.18666,0.29339,-0.04276,0.49439,0.84944,-0.07999,0.10836,-0.01976,-0.06515,0.14780,0.37554,0.36734,2.04339,2.11882,0.94937,0.92793,1.00000,0.83670,0.00000,0.26914,2.06894,2.51766,0.89873,0.85714,1.00000
656,0.3469,64585728,54022,0.01666,1.43e-04,0.5555,77.5274,0.00000,0.00000,0.00000,10.00000,1014.18637,0.00000,0.86345,0.00000,0.00000,0.85232,0.00000,0.00000,0.00000,0.00000,0.00000,0.43726,2.15399,1.69171,1.00000,1.00000,1.00000,1886.64811,-0.03083,-0.18558,0.29508,-0.04241,0.49546,0.85014,-0.07949,0.11136,-0.02058,-0.06502,0.14962,0.37690,0.36780,2.12436,2.35000,0.96988,0.96124,1.00000,0.83899,0.00000,0.26699,2.08307,2.60508,0.93976,0.92188,1.00000
657,0.3474,64684032,53465,0.01227,1.58e-04,0.5555,86.6865,0.00000,0.00000,0.00000,10.00000,1034.15084,0.00000,0.76923,0.00000,0.00000,0.85854,0.00000,0.00000,0.00000,0.00000,0.00000,0.43675,2.16326,1.63412,1.00000,1.00000,1.00000,1873.15885,-0.03076,-0.18428,0.29655,-0.04214,0.49856,0.85633,-0.07917,0.11265,-0.01894,-0.06530,0.14980,0.37859,0.36863,2.17195,2.54941,0.97596,0.96528,1.00000,0.84316,0.00000,0.26593,2.09808,2.78973,0.95192,0.92424,1.00000
658,0.3479,64782336,53711,0.01111,2.27e-04,0.5554,82.2197,0.00000,0.00000,0.00000,10.00000,1035.21705,0.00000,0.77899,0.00000,0.00000,0.86114,0.00000,0.00000,0.00000,0.00000,0.00000,0.43640,2.16214,1.54600,1.00000,1.00000,1.00000,1863.88200,-0.03074,-0.18325,0.29705,-0.04264,0.50078,0.85899,-0.07934,0.11383,-0.01813,-0.06520,0.15019,0.37957,0.36912,2.00592,2.42000,0.96739,0.96124,0.90909,0.84559,0.00000,0.26624,2.10994,2.50123,0.93478,0.92308,0.80000
659,0.3485,64880640,53770,0.01726,1.76e-04,0.5554,82.6243,0.00000,0.00000,0.00000,10.00000,1023.97287,0.00000,0.77160,0.00000,0.00000,0.86148,0.00000,0.00000,0.00000,0.00000,0.00000,0.43600,2.15253,1.62988,1.00000,1.00000,1.00000,1875.61263,-0.03078,-0.18443,0.29506,-0.04189,0.50010,0.85933,-0.07857,0.11423,-0.02075,-0.06574,0.14930,0.37673,0.36916,2.08248,2.04476,0.97685,0.97333,0.95238,0.84582,0.00000,0.26452,2.09280,2.49909,0.95370,0.95000,0.90000
660,0.3490,64978944,55056,0.02144,1.17e-04,0.5554,93.8710,0.00000,0.00000,0.00000,10.00000,1063.10156,0.00000,0.74444,0.00000,0.00000,0.85612,0.00000,0.00000,0.00000,0.00000,0.00000,0.43706,2.12783,1.55923,0.99000,0.98592,1.00000,1844.78076,-0.03092,-0.18159,0.29162,-0.04040,0.49765,0.85410,-0.07883,0.11227,-0.01970,-0.06532,0.14800,0.37240,0.36846,2.04389,1.99231,0.98000,0.97761,1.00000,0.84231,0.00000,0.26466,2.07811,2.61667,0.97000,0.96825,1.00000
661,0.3495,65077248,53645,0.01201,1.49e-04,0.5555,94.1199,0.00000,0.00000,0.00000,10.00000,1039.06296,0.00000,0.81985,0.00000,0.00000,0.85094,0.00000,0.00000,0.00000,0.00000,0.00000,0.43814,2.11851,1.64529,1.00000,1.00000,1.00000,1827.48145,-0.03089,-0.17987,0.29069,-0.04156,0.49519,0.84891,-0.07835,0.11130,-0.01796,-0.06520,0.14735,0.37142,0.36748,2.18832,1.93200,0.98544,0.98026,1.00000,0.83741,0.00000,0.26509,2.06562,2.82676,0.97087,0.95714,1.00000
662,0.3500,65175552,54978,0.01551,1.11e-04,0.5555,80.8489,0.00000,0.00000,0.00000,10.00000,1052.81038,0.00000,0.76389,0.00000,0.00000,0.84744,0.00000,0.00000,0.00000,0.00000,0.00000,0.43820,2.11557,1.48427,1.00000,1.00000,1.00000,1851.26221,-0.03107,-0.18211,0.28871,-0.04085,0.49276,0.84539,-0.07842,0.11081,-0.01878,-0.06489,0.14744,0.36866,0.36669,1.95745,2.02667,0.98958,0.98485,1.00000,0.83346,0.00000,0.26323,2.04783,2.43703,0.97917,0.96970,1.00000
663,0.3505,65273856,53771,0.01278,1.33e-04,0.5555,77.3589,0.00000,0.00000,0.00000,10.00000,1070.71473,0.00000,0.73894,0.00000,0.00000,0.84656,0.00000,0.00000,0.00000,0.00000,0.00000,0.43902,2.11063,1.47658,1.00000,1.00000,1.00000,1876.60352,-0.03122,-0.18468,0.28802,-0.04106,0.49111,0.84443,-0.07952,0.10990,-0.01923,-0.06501,0.14730,0.36819,0.36635,1.89513,1.99714,0.98544,0.97810,1.00000,0.83177,0.00000,0.26309,2.04335,2.35892,0.97087,0.95522,1.00000
664,0.3510,65372160,52672,0.01389,1.33e-04,0.5555,88.1087,0.00000,0.00000,0.00000,10.00000,1042.80317,0.00000,0.82766,0.00000,0.00000,0.84533,0.00000,0.00000,0.00000,0.00000,0.00000,0.43886,2.10723,1.63973,1.00000,1.00000,1.00000,1889.26416,-0.03129,-0.18586,0.28837,-0.04127,0.49008,0.84325,-0.07977,0.10916,-0.02154,-0.06516,0.14764,0.36815,0.36644,2.10590,1.82000,1.00000,1.00000,1.00000,0.83221,0.00000,0.26435,2.03568,2.52658,1.00000,1.00000,1.00000
665,0.3515,65470464,53937,0.01136,1.72e-04,0.5555,86.0084,0.00000,0.00000,0.00000,10.00000,1042.04946,0.00000,0.77135,0.00000,0.00000,0.85045,0.00000,0.00000,0.00000,0.00000,0.00000,0.43872,2.10233,1.55729,1.00000,1.00000,1.00000,1873.92969,-0.03130,-0.18448,0.28611,-0.04025,0.49209,0.84823,-0.07951,0.10969,-0.01791,-0.06541,0.14559,0.36578,0.36729,2.03531,2.35000,0.96281,0.94643,1.00000,0.83643,0.00000,0.26215,2.03161,2.58819,0.92562,0.88750,1.00000
666,0.3521,65568768,52323,0.01457,1.44e-04,0.5554,100.8760,0.00000,0.00000,0.00000,10.00000,1071.55645,0.00000,0.72985,0.00000,0.00000,0.84878,0.00000,0.00000,0.00000,0.00000,0.00000,0.43852,2.08173,1.54925,1.00000,1.00000,1.00000,1859.19629,-0.03134,-0.18290,0.28411,-0.04070,0.49197,0.84659,-0.07943,0.10900,-0.01902,-0.06522,0.14498,0.36416,0.36722,1.88680,1.98118,0.98039,0.97015,1.00000,0.83611,0.00000,0.26267,2.02175,2.27257,0.96078,0.93750,1.00000
667,0.3526,65667072,53363,0.01603,1.10e-04,0.5554,77.8957,0.00000,0.00000,0.00000,10.00000,1042.11513,0.00000,0.83626,0.00000,0.00000,0.84506,0.00000,0.00000,0.00000,0.00000,0.00000,0.43834,2.10158,1.49040,1.00000,1.00000,1.00000,1898.48535,-0.03132,-0.18649,0.28651,-0.04180,0.48928,0.84279,-0.07967,0.10939,-0.02110,-0.06502,0.14570,0.36693,0.36618,1.86910,1.82800,0.97895,0.97203,1.00000,0.83092,0.00000,0.26353,2.02776,2.27486,0.95789,0.94366,1.00000
668,0.3531,65765376,53658,0.01370,1.30e-04,0.5554,77.1949,0.00000,0.00000,0.00000,10.00000,1040.90971,0.00000,0.80177,0.00000,0.00000,0.84464,0.00000,0.00000,0.00000,0.00000,0.00000,0.43805,2.10198,1.63973,1.00000,1.00000,1.00000,1874.21029,-0.03128,-0.18426,0.28625,-0.04164,0.48823,0.84238,-0.07969,0.10810,-0.02092,-0.06511,0.14533,0.36639,0.36600,1.99614,1.91286,0.98864,0.99213,0.93333,0.83001,0.00000,0.26406,2.02270,2.39576,0.97727,0.98333,0.87500
669,0.3536,65863680,53913,0.01370,1.41e-04,0.5553,91.7392,0.00000,0.00000,0.00000,10.00000,1031.97674,0.00000,0.75309,0.00000,0.00000,0.84655,0.00000,0.00000,0.00000,0.00000,0.00000,0.43747,2.12775,1.60000,1.00000,1.00000,1.00000,1882.25049,-0.03104,-0.18511,0.28965,-0.04138,0.48968,0.84425,-0.07990,0.11059,-0.01886,-0.06510,0.14700,0.37043,0.36617,2.03481,1.95143,0.96667,0.95082,1.00000,0.83087,0.00000,0.26319,2.04902,2.46303,0.93333,0.90625,1.00000
670,0.3542,65961984,53596,0.01311,1.30e-04,0.5553,81.1736,0.00000,0.00000,0.00000,10.00000,1070.38826,0.00000,0.72917,0.00000,0.00000,0.85075,0.00000,0.00000,0.00000,0.00000,0.00000,0.43767,2.12711,1.39562,1.00000,1.00000,1.00000,1914.75960,-0.03106,-0.18814,0.28980,-0.04164,0.49197,0.84832,-0.07992,0.10958,-0.02048,-0.06557,0.14726,0.37066,0.36730,1.96326,1.70000,0.98958,0.98413,1.00000,0.83649,0.00000,0.26455,2.04934,2.57265,0.97917,0.96774,1.00000
671,0.3547,66060288,54049,0.01121,1.87e-04,0.5553,90.0849,0.00000,0.00000,0.00000,10.00000,1067.11614,0.00000,0.81329,0.00000,0.00000,0.85822,0.00000,0.00000,0.00000,0.00000,0.00000,0.43873,2.15526,1.47848,0.98969,0.98667,1.00000,1923.56576,-0.03090,-0.18922,0.29215,-0.04248,0.49644,0.85573,-0.08058,0.10993,-0.02040,-0.06533,0.14848,0.37448,0.36839,1.93867,2.43000,0.99485,0.99296,1.00000,0.84195,0.00000,0.26414,2.06456,2.44361,1.00000,1.00000,1.00000
672,0.3552,66158592,51999,0.01556,1.33e-04,0.5553,91.8346,0.00000,0.00000,0.00000,10.00000,1038.62928,0.00000,0.72115,0.00000,0.00000,0.86037,0.00000,0.00000,0.00000,0.00000,0.00000,0.43816,2.15661,1.62525,0.99038,0.98507,1.00000,1889.71370,-0.03092,-0.18594,0.29293,-0.04184,0.49741,0.85781,-0.08002,0.11042,-0.02149,-0.06558,0.14956,0.37519,0.36829,2.08088,2.08296,0.96154,0.94074,1.00000,0.84145,0.00000,0.26426,2.07051,2.54228,0.93269,0.89706,1.00000
673,0.3557,66256896,53146,0.01288,1.79e-04,0.5553,83.5369,0.00000,0.00000,0.00000,10.00000,1025.63818,0.00000,0.82492,0.00000,0.00000,0.86014,0.00000,0.00000,0.00000,0.00000,0.00000,0.43789,2.14981,1.61844,0.98990,0.98611,1.00000,1881.46273,-0.03092,-0.18524,0.29218,-0.04169,0.49726,0.85750,-0.08002,0.11109,-0.01672,-0.06542,0.14858,0.37415,0.36840,2.07987,1.87500,0.96970,0.95918,1.00000,0.84200,0.00000,0.26390,2.07227,2.52962,0.94949,0.93333,1.00000
674,0.3562,66355200,54185,0.01587,1.43e-04,0.5553,95.9227,0.00000,0.00000,0.00000,10.00000,1065.52364,0.00000,0.71288,0.00000,0.00000,0.85475,0.00000,0.00000,0.00000,0.00000,0.00000,0.43782,2.13374,1.52045,0.99115,0.98718,1.00000,1891.30339,-0.03099,-0.18587,0.29015,-0.04132,0.49565,0.85218,-0.07893,0.11077,-0.02322,-0.06559,0.14728,0.37201,0.36754,1.90822,1.94800,0.97788,0.97931,0.90000,0.83768,0.00000,0.26310,2.04493,2.37459,0.96460,0.97015,0.77778
675,0.3568,66453504,53175,0.01395,1.71e-04,0.5553,88.6629,0.00000,0.00000,0.00000,10.00000,1079.70287,0.00000,0.77899,0.00000,0.00000,0.85133,0.00000,0.00000,0.00000,0.00000,0.00000,0.43708,2.12863,1.50356,1.00000,1.00000,1.00000,1884.79443,-0.03098,-0.18540,0.28905,-0.04164,0.49322,0.84889,-0.07942,0.11052,-0.01937,-0.06553,0.14655,0.37051,0.36697,1.96044,1.52250,0.99457,1.00000,1.00000,0.83484,0.00000,0.26351,2.04386,2.48156,0.98913,1.00000,1.00000
676,0.3573,66551808,53256,0.01564,1.47e-04,0.5552,89.0246,0.00000,0.00000,0.00000,10.00000,1003.49854,0.00000,0.79861,0.00000,0.00000,0.84967,0.00000,0.00000,0.00000,0.00000,0.00000,0.43732,2.14513,1.59130,0.98750,1.00000,0.88889,1880.52523,-0.03095,-0.18503,0.29092,-0.04210,0.49152,0.84720,-0.07963,0.11109,-0.01915,-0.06526,0.14728,0.37276,0.36648,2.07954,2.34526,0.98125,0.98261,0.95000,0.83242,0.00000,0.26205,2.05240,2.61428,0.97500,0.96296,1.00000
677,0.3578,66650112,52963,0.01330,1.56e-04,0.5551,84.2256,0.00000,0.00000,0.00000,10.00000,1047.96218,0.00000,0.78591,0.00000,0.00000,0.84994,0.00000,0.00000,0.00000,0.00000,0.00000,0.43762,2.16243,1.48724,0.98780,0.98246,1.00000,1879.00439,-0.03088,-0.18506,0.29228,-0.04196,0.49166,0.84766,-0.07945,0.11206,-0.01848,-0.06508,0.14823,0.37415,0.36646,2.13390,1.62000,0.97561,0.96552,1.00000,0.83229,0.00000,0.26081,2.05846,2.75900,0.96341,0.94915,1.00000
678,0.3583,66748416,53539,0.01136,1.89e-04,0.5550,89.3925,0.00000,0.00000,0.00000,10.00000,1071.22700,0.00000,0.74948,0.00000,0.00000,0.85193,0.00000,0.00000,0.00000,0.00000,0.00000,0.43721,2.16327,1.65671,0.98113,0.97143,1.00000,1868.86556,-0.03104,-0.18395,0.29113,-0.04078,0.49281,0.84968,-0.07979,0.11029,-0.01943,-0.06499,0.14844,0.37165,0.36688,1.91031,1.86952,0.98113,0.97203,1.00000,0.83442,0.00000,0.26153,2.03546,2.15463,0.98113,0.97260,1.00000
679,0.3588,66846720,54063,0.01420,2.13e-04,0.5550,84.7908,0.00000,0.00000,0.00000,10.00000,1026.37785,0.00000,0.81597,0.00000,0.00000,0.85308,0.00000,0.00000,0.00000,0.00000,0.00000,0.43646,2.16090,1.55038,1.00000,1.00000,1.00000,1853.09310,-0.03101,-0.18235,0.29069,-0.04104,0.49340,0.85091,-0.08010,0.11162,-0.01887,-0.06463,0.14820,0.37113,0.36725,2.01844,1.93733,0.97917,0.97163,1.00000,0.83623,0.00000,0.26164,2.03723,2.51146,0.95833,0.94203,1.00000
680,0.3594,66945024,53526,0.01335,1.71e-04,0.5550,86.8254,0.00000,0.00000,0.00000,10.00000,1022.52113,0.00000,0.77778,0.00000,0.00000,0.85235,0.00000,0.00000,0.00000,0.00000,0.00000,0.43726,2.15656,1.48875,0.99048,0.98630,1.00000,1862.73242,-0.03096,-0.18315,0.28959,-0.03991,0.49407,0.85020,-0.07937,0.11018,-0.01996,-0.06526,0.14788,0.36943,0.36738,1.99572,2.21875,0.94286,0.91837,1.00000,0.83691,0.00000,0.26131,2.02175,2.50911,0.89524,0.85135,1.00000
681,0.3599,67043328,53985,0.01673,1.30e-04,0.5550,86.8799,0.00000,0.00000,0.00000,10.00000,1062.24211,0.00000,0.76111,0.00000,0.00000,0.85148,0.00000,0.00000,0.00000,0.00000,0.00000,0.43800,2.14679,1.67200,1.00000,1.00000,1.00000,1839.35742,-0.03107,-0.18104,0.28860,-0.04034,0.49309,0.84933,-0.07921,0.10874,-0.01797,-0.06503,0.14828,0.36795,0.36702,2.09905,2.38500,0.96500,0.95620,0.91667,0.83508,0.00000,0.26249,2.01929,2.60895,0.93000,0.90625,0.80000
682,0.3604,67141632,53472,0.01162,1.65e-04,0.5550,100.5538,0.00000,0.00000,0.00000,10.00000,1011.07121,0.00000,0.85069,0.00000,0.00000,0.84866,0.00000,0.00000,0.00000,0.00000,0.00000,0.43848,2.14156,1.52289,1.00000,1.00000,1.00000,1843.67725,-0.03113,-0.18133,0.28769,-0.04007,0.49141,0.84645,-0.07856,0.10641,-0.02163,-0.06496,0.14787,0.36741,0.36663,2.09860,2.38308,0.97396,0.97279,0.92308,0.83314,0.00000,0.26479,2.00733,2.74432,0.94792,0.94366,0.83333
683,0.3609,67239936,52358,0.01204,2.11e-04,0.5550,93.6135,0.00000,0.00000,0.00000,10.00000,1026.54092,0.00000,0.71958,0.00000,0.00000,0.84988,0.00000,0.00000,0.00000,0.00000,0.00000,0.43838,2.14621,1.61580,1.00000,1.00000,1.00000,1854.32536,-0.03118,-0.18244,0.28820,-0.04076,0.49077,0.84766,-0.08001,0.10671,-0.02107,-0.06521,0.14751,0.36869,0.36672,2.05571,2.27809,0.94762,0.94118,0.86364,0.83362,0.00000,0.26531,2.01192,2.54383,0.89524,0.88060,0.70000
684,0.3614,67338240,53470,0.01299,2.53e-04,0.5550,93.5079,0.00000,0.00000,0.00000,10.00000,1058.16053,0.00000,0.73477,0.00000,0.00000,0.84942,0.00000,0.00000,0.00000,0.00000,0.00000,0.43824,2.13047,1.48366,1.00000,1.00000,1.00000,1884.28337,-0.03129,-0.18514,0.28730,-0.04076,0.49078,0.84717,-0.08044,0.10778,-0.02118,-0.06509,0.14638,0.36738,0.36685,1.97525,1.87375,0.98925,0.98374,1.00000,0.83426,0.00000,0.26448,2.01703,2.48853,0.97849,0.96610,1.00000
685,0.3620,67436544,53130,0.02095,1.11e-04,0.5550,84.6305,0.00000,0.00000,0.00000,10.00000,1033.29432,0.00000,0.82104,0.00000,0.00000,0.85009,0.00000,0.00000,0.00000,0.00000,0.00000,0.43841,2.14089,1.63183,1.00000,1.00000,1.00000,1857.90299,-0.03125,-0.18273,0.28795,-0.04091,0.49218,0.84778,-0.07995,0.10667,-0.02133,-0.06503,0.14616,0.36878,0.36702,2.05408,2.36667,0.97788,0.97605,0.93333,0.83511,0.00000,0.26514,2.01411,2.51070,0.95575,0.95062,0.87500
686,0.3625,67534848,54030,0.01471,1.24e-04,0.5550,96.5348,0.00000,0.00000,0.00000,10.00000,1069.16228,0.00000,0.78947,0.00000,0.00000,0.84758,0.00000,0.00000,0.00000,0.00000,0.00000,0.43751,2.12348,1.70873,1.00000,1.00000,1.00000,1857.85905,-0.03149,-0.18251,0.28515,-0.04000,0.48992,0.84530,-0.08010,0.10387,-0.02097,-0.06504,0.14525,0.36454,0.36660,1.98011,2.11333,0.99561,0.99383,1.00000,0.83298,0.00000,0.26744,1.98310,2.25149,0.99123,0.98750,1.00000
687,0.3630,67633152,54016,0.01231,1.44e-04,0.5550,105.4662,0.00000,0.00000,0.00000,10.00000,1016.11400,0.00000,0.81066,0.00000,0.00000,0.84225,0.00000,0.00000,0.00000,0.00000,0.00000,0.43758,2.10454,1.42727,0.98980,0.98551,1.00000,1871.32454,-0.03156,-0.18390,0.28210,-0.04023,0.48604,0.84001,-0.07983,0.10221,-0.02038,-0.06508,0.14232,0.36033,0.36549,2.12093,1.96154,0.97449,0.96503,1.00000,0.82744,0.00000,0.26767,1.95370,2.84270,0.95918,0.94595,1.00000
688,0.3635,67731456,52648,0.01298,1.87e-04,0.5550,102.7065,0.00000,0.00000,0.00000,10.00000,1053.25363,0.00000,0.78563,0.00000,0.00000,0.83682,0.00000,0.00000,0.00000,0.00000,0.00000,0.43661,2.10275,1.50411,1.00000,1.00000,1.00000,1890.59310,-0.03143,-0.18576,0.28268,-0.03899,0.48251,0.83477,-0.07938,0.10359,-0.02283,-0.06524,0.14299,0.36127,0.36410,2.03194,2.31143,0.96465,0.95000,1.00000,0.82052,0.00000,0.26837,1.96391,2.57465,0.92929,0.90141,1.00000
689,0.3640,67829760,52627,0.01541,1.76e-04,0.5550,91.1622,0.00000,0.00000,0.00000,10.00000,1032.09623,0.00000,0.75817,0.00000,0.00000,0.83898,0.00000,0.00000,0.00000,0.00000,0.00000,0.43634,2.09340,1.59667,0.98824,0.98246,1.00000,1875.57064,-0.03155,-0.18440,0.28096,-0.03925,0.48285,0.83694,-0.07961,0.10326,-0.02052,-0.06487,0.14285,0.35892,0.36482,2.07400,2.23176,0.96471,0.94828,1.00000,0.82409,0.00000,0.26803,1.96613,2.56625,0.94118,0.91525,1.00000
690,0.3646,67928064,53328,0.01413,1.71e-04,0.5551,79.7316,0.00000,0.00000,0.00000,10.00000,1037.18775,0.00000,0.72695,0.00000,0.00000,0.83998,0.00000,0.00000,0.00000,0.00000,0.00000,0.43541,2.11167,1.56939,1.00000,1.00000,1.00000,1897.82943,-0.03125,-0.18657,0.28481,-0.04058,0.48477,0.83774,-0.07944,0.10459,-0.01821,-0.06513,0.14467,0.36437,0.36537,2.08275,1.88842,0.95213,0.93496,0.95000,0.82684,0.00000,0.27012,2.00330,2.55333,0.90426,0.87879,0.90909
691,0.3651,68026368,53871,0.01440,1.86e-04,0.5550,88.1448,0.00000,0.00000,0.00000,10.00000,1036.80074,0.00000,0.75817,0.00000,0.00000,0.84574,0.00000,0.00000,0.00000,0.00000,0.00000,0.43528,2.12889,1.63104,1.00000,1.00000,1.00000,1916.09782,-0.03107,-0.18817,0.28626,-0.04087,0.48888,0.84334,-0.07930,0.10578,-0.02272,-0.06541,0.14496,0.36679,0.36657,2.01985,2.23111,0.97647,0.97414,0.94444,0.83286,0.00000,0.26868,1.99894,2.42061,0.95294,0.94737,0.90000
692,0.3656,68124672,53491,0.01221,2.69e-04,0.5550,88.3286,0.00000,0.00000,0.00000,10.00000,1049.88588,0.00000,0.75708,0.00000,0.00000,0.85276,0.00000,0.00000,0.00000,0.00000,0.00000,0.43557,2.16597,1.39397,0.99020,0.98571,1.00000,1901.61361,-0.03088,-0.18701,0.29061,-0.04085,0.49304,0.85045,-0.07941,0.10832,-0.01832,-0.06544,0.14631,0.37201,0.36772,1.98214,1.78000,0.96078,0.94964,1.00000,0.83859,0.00000,0.26667,2.03295,2.62298,0.93137,0.91304,1.00000
693,0.3661,68222976,53038,0.01733,1.30e-04,0.5550,90.3043,0.00000,0.00000,0.00000,10.00000,1034.92711,0.00000,0.71429,0.00000,0.00000,0.85580,0.00000,0.00000,0.00000,0.00000,0.00000,0.43497,2.17209,1.53932,0.99107,0.98684,1.00000,1867.44499,-0.03075,-0.18376,0.29225,-0.04234,0.49699,0.85343,-0.07792,0.10962,-0.01911,-0.06560,0.14633,0.37342,0.36799,2.11707,1.78696,0.95089,0.95139,0.85185,0.83993,0.00000,0.26595,2.03559,2.78605,0.91071,0.91176,0.71429
694,0.3666,68321280,53173,0.00946,1.87e-04,0.5549,88.2516,0.00000,0.00000,0.00000,10.00000,1034.68985,0.00000,0.75866,0.00000,0.00000,0.85394,0.00000,0.00000,0.00000,0.00000,0.00000,0.43577,2.15294,1.49425,1.00000,1.00000,1.00000,1862.15902,-0.03088,-0.18329,0.29083,-0.04102,0.49496,0.85163,-0.07740,0.11129,-0.01677,-0.06522,0.14690,0.37134,0.36740,1.94881,1.74555,0.97312,0.96850,0.94737,0.83702,0.00000,0.26407,2.04876,2.42286,0.94624,0.93750,0.88889
695,0.3672,68419584,53201,0.01529,1.56e-04,0.5549,102.8875,0.00000,0.00000,0.00000,10.00000,1063.00328,0.00000,0.73909,0.00000,0.00000,0.85210,0.00000,0.00000,0.00000,0.00000,0.00000,0.43664,2.11875,1.50512,1.00000,1.00000,1.00000,1874.11230,-0.03097,-0.18430,0.28781,-0.04124,0.49304,0.84969,-0.07728,0.10951,-0.01964,-0.06537,0.14541,0.36810,0.36735,2.12509,2.56154,0.98214,0.97987,0.92857,0.83673,0.00000,0.26570,2.03396,2.76861,0.96429,0.95890,0.87500
696,0.3677,68517888,52671,0.01486,1.56e-04,0.5549,99.8012,0.00000,0.00000,0.00000,10.00000,1063.80486,0.00000,0.78144,0.00000,0.00000,0.84922,0.00000,0.00000,0.00000,0.00000,0.00000,0.43703,2.11352,1.58656,1.00000,1.00000,1.00000,1869.16455,-0.03094,-0.18388,0.28770,-0.04127,0.49122,0.84684,-0.07780,0.11082,-0.02019,-0.06533,0.14519,0.36815,0.36679,1.98902,2.06222,0.97802,0.96875,1.00000,0.83397,0.00000,0.26515,2.04379,2.36232,0.95604,0.94030,1.00000
697,0.3682,68616192,52372,0.01473,1.56e-04,0.5549,76.4344,0.00000,0.00000,0.00000,10.00000,1005.71436,0.00000,0.80556,0.00000,0.00000,0.84651,0.00000,0.00000,0.00000,0.00000,0.00000,0.43722,2.12875,1.42627,1.00000,1.00000,1.00000,1884.55794,-0.03081,-0.18527,0.28961,-0.04116,0.49009,0.84397,-0.07762,0.11361,-0.01927,-0.06532,0.14637,0.37029,0.36678,2.01056,2.02154,0.94375,0.93966,0.85714,0.83391,0.00000,0.26258,2.05891,2.68552,0.88750,0.87500,0.71429
698,0.3687,68714496,52575,0.01399,1.33e-04,0.5550,80.9901,0.00000,0.00000,0.00000,10.00000,1038.63636,0.00000,0.84625,0.00000,0.00000,0.84835,0.00000,0.00000,0.00000,0.00000,0.00000,0.43731,2.14397,1.50371,1.00000,1.00000,1.00000,1890.26270,-0.03067,-0.18596,0.29233,-0.04100,0.49142,0.84587,-0.07864,0.11645,-0.01888,-0.06530,0.14826,0.37370,0.36700,1.82578,1.67143,0.97674,0.96947,1.00000,0.83500,0.00000,0.26081,2.08260,2.17261,0.95349,0.93846,1.00000
699,0.3693,68812800,52791,0.01190,1.56e-04,0.5549,105.8212,0.00000,0.00000,0.00000,10.00000,999.50834,0.00000,0.82265,0.00000,0.00000,0.85415,0.00000,0.00000,0.00000,0.00000,0.00000,0.43666,2.13208,1.47262,0.99038,0.98684,1.00000,1885.06217,-0.03085,-0.18536,0.29124,-0.04093,0.49399,0.85166,-0.07877,0.11692,-0.01816,-0.06546,0.14717,0.37218,0.36780,2.13988,1.95000,0.96635,0.96104,0.94118,0.83898,0.00000,0.26048,2.08279,2.81518,0.94231,0.93590,0.88889
700,0.3698,68911104,53450,0.01258,2.25e-04,0.5549,91.0002,0.00000,0.00000,0.00000,10.00000,1045.42867,0.00000,0.77778,0.00000,0.00000,0.85540,0.00000,0.00000,0.00000,0.00000,0.00000,0.43652,2.14608,1.77289,1.00000,1.00000,1.00000,1905.42008,-0.03078,-0.18732,0.29278,-0.04155,0.49514,0.85285,-0.07924,0.11615,-0.01899,-0.06563,0.14746,0.37499,0.36799,2.06119,1.60167,0.99000,0.99286,0.91667,0.83996,0.00000,0.26192,2.08550,2.35333,0.98000,0.98571,0.83333
701,0.3703,69009408,53047,0.01477,2.07e-04,0.5549,103.5160,0.00000,0.00000,0.00000,10.00000,1057.50789,0.00000,0.79365,0.00000,0.00000,0.85595,0.00000,0.00000,0.00000,0.00000,0.00000,0.43727,2.12922,1.53555,0.99048,0.98649,1.00000,1888.64030,-0.03071,-0.18576,0.28986,-0.04139,0.49545,0.85356,-0.07812,0.11614,-0.01693,-0.06539,0.14646,0.37207,0.36785,1.97497,1.80778,0.99048,0.98667,1.00000,0.83927,0.00000,0.26057,2.07940,2.38884,0.99048,0.98684,1.00000
702,0.3709,69107712,54279,0.01226,2.70e-04,0.5549,85.5953,0.00000,0.00000,0.00000,10.00000,1063.23051,0.00000,0.75908,0.00000,0.00000,0.85623,0.00000,0.00000,0.00000,0.00000,0.00000,0.43752,2.11930,1.57532,1.00000,1.00000,1.00000,1884.41911,-0.03087,-0.18520,0.28940,-0.04187,0.49541,0.85387,-0.07775,0.11656,-0.01962,-0.06542,0.14633,0.37089,0.36770,2.05425,2.10545,0.98515,0.97826,1.00000,0.83850,0.00000,0.26086,2.07790,2.58869,0.97030,0.95455,1.00000
703,0.3714,69206016,52705,0.01487,2.37e-04,0.5549,100.9569,0.00000,0.00000,0.00000,10.00000,1016.62181,0.00000,0.81066,0.00000,0.00000,0.85192,0.00000,0.00000,0.00000,0.00000,0.00000,0.43707,2.10173,1.60479,0.98980,0.98507,1.00000,1864.30046,-0.03094,-0.18335,0.28831,-0.04152,0.49314,0.84945,-0.07773,0.11553,-0.01925,-0.06522,0.14544,0.36948,0.36711,2.16562,1.85333,0.96429,0.95804,0.92308,0.83554,0.00000,0.26253,2.06815,2.65122,0.93878,0.93421,0.88889
704,0.3719,69304320,53571,0.01572,1.30e-04,0.5549,97.4596,0.00000,0.00000,0.00000,10.00000,1032.45109,0.00000,0.78333,0.00000,0.00000,0.84942,0.00000,0.00000,0.00000,0.00000,0.00000,0.43695,2.10763,1.83024,0.99000,0.98611,1.00000,1873.35400,-0.03086,-0.18409,0.28876,-0.04177,0.49218,0.84697,-0.07759,0.11611,-0.02027,-0.06510,0.14485,0.36945,0.36682,2.03975,1.79273,0.96500,0.95745,0.95455,0.83408,0.00000,0.26067,2.06640,2.26831,0.94000,0.92754,0.90000
705,0.3724,69402624,53562,0.01197,1.71e-04,0.5549,83.9123,0.00000,0.00000,0.00000,10.00000,1029.05765,0.00000,0.77778,0.00000,0.00000,0.85017,0.00000,0.00000,0.00000,0.00000,0.00000,0.43733,2.12356,1.47273,1.00000,1.00000,1.00000,1868.54183,-0.03091,-0.18386,0.28945,-0.04144,0.49209,0.84765,-0.07775,0.11489,-0.01820,-0.06514,0.14525,0.37042,0.36648,2.15158,2.25467,0.96316,0.94737,1.00000,0.83240,0.00000,0.26107,2.06291,2.92029,0.92632,0.89062,1.00000
706,0.3729,69500928,53834,0.01299,2.06e-04,0.5548,85.5594,0.00000,0.00000,0.00000,10.00000,1055.60989,0.00000,0.76324,0.00000,0.00000,0.85084,0.00000,0.00000,0.00000,0.00000,0.00000,0.43731,2.11754,1.69037,1.00000,1.00000,1.00000,1852.57764,-0.03088,-0.18233,0.28954,-0.04100,0.49241,0.84842,-0.07714,0.11511,-0.01682,-0.06487,0.14578,0.36974,0.36662,2.10917,2.02154,0.97196,0.95918,1.00000,0.83311,0.00000,0.26128,2.07060,2.55552,0.94393,0.91667,1.00000
707,0.3734,69599232,54213,0.01381,2.06e-04,0.5547,91.9454,0.00000,0.00000,0.00000,10.00000,1054.89919,0.00000,0.77509,0.00000,0.00000,0.84927,0.00000,0.00000,0.00000,0.00000,0.00000,0.43837,2.09956,1.59957,0.99194,0.98824,1.00000,1851.67546,-0.03110,-0.18227,0.28702,-0.04103,0.49205,0.84689,-0.07742,0.11281,-0.01815,-0.06486,0.14534,0.36688,0.36675,2.00428,2.07412,0.96774,0.95376,1.00000,0.83374,0.00000,0.26190,2.05061,2.40468,0.94355,0.92045,1.00000
708,0.3740,69697536,53897,0.01458,1.89e-04,0.5548,93.8540,0.00000,0.00000,0.00000,10.00000,1049.17240,0.00000,0.79276,0.00000,0.00000,0.84802,0.00000,0.00000,0.00000,0.00000,0.00000,0.43883,2.09898,1.49694,0.98876,0.98485,1.00000,1855.96729,-0.03114,-0.18270,0.28605,-0.04135,0.49054,0.84550,-0.07727,0.11035,-0.01747,-0.06477,0.14459,0.36619,0.36621,1.99681,1.35231,0.98315,0.98425,0.92308,0.83104,0.00000,0.26336,2.03779,2.54212,0.97753,0.98361,0.83333
709,0.3745,69795840,52695,0.01414,1.72e-04,0.5548,76.6528,0.00000,0.00000,0.00000,10.00000,1041.13281,0.00000,0.82846,0.00000,0.00000,0.84437,0.00000,0.00000,0.00000,0.00000,0.00000,0.44062,2.10448,1.66978,0.99123,0.98837,1.00000,1836.63428,-0.03118,-0.18073,0.28600,-0.04030,0.48881,0.84189,-0.07842,0.10975,-0.01794,-0.06461,0.14560,0.36585,0.36584,2.00067,1.53400,0.98246,0.97647,1.00000,0.82918,0.00000,0.26185,2.03866,2.35465,0.97368,0.96429,1.00000
710,0.3750,69894144,53213,0.01828,1.43e-04,0.5548,88.5443,0.00000,0.00000,0.00000,10.00000,1029.81155,0.00000,0.75826,0.00000,0.00000,0.84233,0.00000,0.00000,0.00000,0.00000,0.00000,0.44036,2.09766,1.47828,1.00000,1.00000,1.00000,1856.95312,-0.03122,-0.18269,0.28586,-0.03994,0.48784,0.83981,-0.07857,0.11149,-0.01881,-0.06455,0.14605,0.36512,0.36573,1.96051,1.94667,0.97297,0.96040,1.00000,0.82866,0.00000,0.26047,2.04279,2.42666,0.94595,0.92308,1.00000
711,0.3755,69992448,53200,0.01663,9.98e-05,0.5548,86.0367,0.00000,0.00000,0.00000,10.00000,1023.79767,0.00000,0.78652,0.00000,0.00000,0.84942,0.00000,0.00000,0.00000,0.00000,0.00000,0.43949,2.12342,1.69385,0.98876,0.98276,1.00000,1887.66227,-0.03103,-0.18582,0.28910,-0.04043,0.49046,0.84674,-0.07944,0.11485,-0.01757,-0.06469,0.14696,0.36942,0.36661,2.07726,1.90750,0.96629,0.95238,1.00000,0.83305,0.00000,0.25908,2.07902,2.41405,0.94382,0.92647,1.00000
712,0.3761,70090752,53234,0.00809,1.44e-04,0.5548,100.3533,0.00000,0.00000,0.00000,10.00000,1066.74743,0.00000,0.71895,0.00000,0.00000,0.85540,0.00000,0.00000,0.00000,0.00000,0.00000,0.43853,2.12207,1.57200,1.00000,1.00000,1.00000,1888.23828,-0.03102,-0.18580,0.29164,-0.04187,0.49381,0.85279,-0.07948,0.11850,-0.01758,-0.06483,0.14659,0.37268,0.36757,2.00294,2.04842,0.99412,0.99091,1.00000,0.83786,0.00000,0.25899,2.10543,2.44062,0.98824,0.98148,1.00000
713,0.3766,70189056,53733,0.01457,1.33e-04,0.5547,81.6412,0.00000,0.00000,0.00000,10.00000,1053.00256,0.00000,0.80997,0.00000,0.00000,0.85713,0.00000,0.00000,0.00000,0.00000,0.00000,0.43683,2.13452,1.69425,1.00000,1.00000,1.00000,1903.55485,-0.03082,-0.18708,0.29277,-0.04199,0.49562,0.85452,-0.07925,0.12137,-0.02093,-0.06494,0.14801,0.37463,0.36833,2.00557,1.41667,0.96729,0.95513,1.00000,0.84163,0.00000,0.25808,2.10949,2.32487,0.93458,0.91358,1.00000
714,0.3771,70287360,53090,0.01291,1.72e-04,0.5546,92.4670,0.00000,0.00000,0.00000,10.00000,1059.54785,0.00000,0.67460,0.00000,0.00000,0.86121,0.00000,0.00000,0.00000,0.00000,0.00000,0.43662,2.13727,1.53560,0.99107,0.98611,1.00000,1859.83089,-0.03079,-0.18301,0.29306,-0.04232,0.49907,0.85864,-0.07885,0.12166,-0.02003,-0.06511,0.14820,0.37498,0.36909,1.93714,1.72000,0.97768,0.96324,1.00000,0.84545,0.00000,0.25757,2.11474,2.41169,0.96429,0.93750,1.00000
715,0.3776,70385664,53065,0.01389,1.71e-04,0.5545,86.9602,0.00000,0.00000,0.00000,10.00000,1037.28759,0.00000,0.84708,0.00000,0.00000,0.85790,0.00000,0.00000,0.00000,0.00000,0.00000,0.43748,2.12760,1.69273,1.00000,1.00000,1.00000,1828.47510,-0.03089,-0.17996,0.29236,-0.04112,0.49774,0.85547,-0.07843,0.12198,-0.01685,-0.06480,0.14827,0.37354,0.36877,2.03904,1.85286,0.98020,0.98701,0.92857,0.84384,0.00000,0.25693,2.11994,2.42481,0.96040,0.97297,0.83333
716,0.3781,70483968,53900,0.01481,1.47e-04,0.5546,96.9615,0.00000,0.00000,0.00000,10.00000,1039.89952,0.00000,0.77558,0.00000,0.00000,0.85306,0.00000,0.00000,0.00000,0.00000,0.00000,0.43742,2.11191,1.56493,0.99010,1.00000,0.75000,1844.22591,-0.03099,-0.18147,0.28901,-0.04041,0.49512,0.85069,-0.07736,0.12182,-0.01945,-0.06496,0.14620,0.37010,0.36798,1.97027,2.71111,0.95545,0.94326,0.88889,0.83990,0.00000,0.25480,2.08654,2.40986,0.92079,0.88235,1.00000
717,0.3786,70582272,54328,0.01382,1.37e-04,0.5546,80.3526,0.00000,0.00000,0.00000,10.00000,1052.76962,0.00000,0.77778,0.00000,0.00000,0.84774,0.00000,0.00000,0.00000,0.00000,0.00000,0.43683,2.11113,1.45768,1.00000,1.00000,1.00000,1826.01058,-0.03093,-0.17971,0.28839,-0.03987,0.49109,0.84534,-0.07800,0.12025,-0.01668,-0.06489,0.14573,0.36971,0.36665,1.90158,2.06933,0.97778,0.96825,1.00000,0.83324,0.00000,0.25705,2.08614,2.33914,0.95556,0.93750,1.00000
718,0.3792,70680576,53597,0.01525,1.30e-04,0.5546,80.6382,0.00000,0.00000,0.00000,10.00000,1030.25714,0.00000,0.79561,0.00000,0.00000,0.84389,0.00000,0.00000,0.00000,0.00000,0.00000,0.43646,2.12206,1.54031,0.98765,0.98305,1.00000,1834.96094,-0.03098,-0.18053,0.28863,-0.04001,0.48856,0.84168,-0.07866,0.12022,-0.02108,-0.06467,0.14685,0.36929,0.36588,2.06079,2.10154,0.96914,0.97414,0.85714,0.82941,0.00000,0.25638,2.07225,2.60645,0.95062,0.96491,0.71429
719,0.3797,70778880,53469,0.01283,1.30e-04,0.5546,83.2287,0.00000,0.00000,0.00000,10.00000,1050.97099,0.00000,0.79821,0.00000,0.00000,0.84580,0.00000,0.00000,0.00000,0.00000,0.00000,0.43750,2.13022,1.49221,1.00000,1.00000,1.00000,1888.27539,-0.03097,-0.18565,0.28844,-0.04130,0.48923,0.84352,-0.07924,0.12155,-0.01900,-0.06481,0.14748,0.37063,0.36633,1.87545,1.77273,0.96552,0.95200,1.00000,0.83163,0.00000,0.25400,2.07901,2.41200,0.93103,0.89286,1.00000
720,0.3802,70877184,52914,0.01142,1.56e-04,0.5546,100.2402,0.00000,0.00000,0.00000,10.00000,1075.00681,0.00000,0.77008,0.00000,0.00000,0.85476,0.00000,0.00000,0.00000,0.00000,0.00000,0.43739,2.13584,1.52811,1.00000,1.00000,1.00000,1880.72738,-0.03092,-0.18509,0.28984,-0.04111,0.49301,0.85240,-0.07958,0.12062,-0.01836,-0.06506,0.14776,0.37189,0.36751,2.01720,2.23833,0.98020,0.97143,1.00000,0.83757,0.00000,0.25596,2.08657,2.49342,0.96040,0.94366,1.00000
721,0.3807,70975488,54280,0.01302,1.89e-04,0.5545,75.0736,0.00000,0.00000,0.00000,10.00000,1051.03460,0.00000,0.73129,0.00000,0.00000,0.85903,0.00000,0.00000,0.00000,0.00000,0.00000,0.43717,2.15656,1.56779,1.00000,1.00000,1.00000,1877.95378,-0.03086,-0.18461,0.29332,-0.04202,0.49646,0.85666,-0.07982,0.12299,-0.02007,-0.06523,0.14936,0.37511,0.36817,1.95120,2.02823,0.95918,0.94574,0.94118,0.84087,0.00000,0.25409,2.09922,2.41250,0.91837,0.88333,0.88889
722,0.3812,71073792,53567,0.01440,1.53e-04,0.5545,89.5891,0.00000,0.00000,0.00000,10.00000,1034.63382,0.00000,0.78491,0.00000,0.00000,0.85748,0.00000,0.00000,0.00000,0.00000,0.00000,0.43686,2.13897,1.60112,0.99083,1.00000,0.91667,1859.04460,-0.03101,-0.18293,0.29139,-0.04167,0.49649,0.85524,-0.07881,0.12491,-0.01749,-0.06497,0.14887,0.37288,0.36783,2.02047,1.91778,0.98165,0.98701,0.90000,0.83917,0.00000,0.25155,2.09668,2.47561,0.97248,0.97368,0.87500
723,0.3818,71172096,53053,0.01500,1.43e-04,0.5545,80.9551,0.00000,0.00000,0.00000,10.00000,1055.73953,0.00000,0.78749,0.00000,0.00000,0.85643,0.00000,0.00000,0.00000,0.00000,0.00000,0.43691,2.13287,1.46437,0.99029,0.98734,1.00000,1829.83366,-0.03099,-0.18011,0.29004,-0.04083,0.49568,0.85401,-0.07893,0.12448,-0.01855,-0.06476,0.14879,0.37246,0.36774,1.90443,2.12000,0.96602,0.95205,1.00000,0.83869,0.00000,0.25245,2.10218,2.44366,0.94175,0.91045,1.00000
724,0.3823,71270400,53502,0.01214,1.65e-04,0.5545,86.9861,0.00000,0.00000,0.00000,10.00000,1027.88592,0.00000,0.81633,0.00000,0.00000,0.85104,0.00000,0.00000,0.00000,0.00000,0.00000,0.43711,2.10393,1.58949,1.00000,1.00000,1.00000,1844.52523,-0.03093,-0.18149,0.29001,-0.04228,0.49293,0.84875,-0.07838,0.12729,-0.01718,-0.06478,0.14810,0.37230,0.36717,1.89882,1.90800,0.95918,0.94444,1.00000,0.83583,0.00000,0.25230,2.12112,2.22053,0.91837,0.89333,1.00000
725,0.3828,71368704,52375,0.01096,2.11e-04,0.5545,85.6009,0.00000,0.00000,0.00000,10.00000,1049.66493,0.00000,0.75758,0.00000,0.00000,0.84928,0.00000,0.00000,0.00000,0.00000,0.00000,0.43665,2.10413,1.56289,1.00000,1.00000,1.00000,1856.99072,-0.03090,-0.18267,0.28929,-0.04240,0.49182,0.84690,-0.07887,0.12860,-0.01683,-0.06482,0.14792,0.37134,0.36708,1.89020,1.84444,0.94949,0.94815,0.84211,0.83539,0.00000,0.25045,2.12138,2.23096,0.89899,0.89706,0.70000
726,0.3833,71467008,53910,0.01487,2.27e-04,0.5544,75.6125,0.00000,0.00000,0.00000,10.00000,1070.13411,0.00000,0.74653,0.00000,0.00000,0.85186,0.00000,0.00000,0.00000,0.00000,0.00000,0.43649,2.10599,1.61672,1.00000,1.00000,1.00000,1854.39453,-0.03092,-0.18224,0.29041,-0.04148,0.49258,0.84945,-0.07899,0.12850,-0.01931,-0.06481,0.14869,0.37196,0.36741,1.97700,2.11384,0.98958,0.98450,1.00000,0.83706,0.00000,0.25050,2.12427,2.25519,0.97917,0.97222,1.00000
727,0.3838,71565312,53838,0.01325,2.70e-04,0.5544,90.3930,0.00000,0.00000,0.00000,10.00000,1069.77403,0.00000,0.77044,0.00000,0.00000,0.85340,0.00000,0.00000,0.00000,0.00000,0.00000,0.43720,2.09600,1.63341,1.00000,1.00000,1.00000,1886.51709,-0.03092,-0.18537,0.29017,-0.04165,0.49367,0.85099,-0.07870,0.12729,-0.02239,-0.06488,0.14788,0.37135,0.36814,1.97103,1.72526,0.98585,0.97959,1.00000,0.84071,0.00000,0.25154,2.11774,2.32975,0.97170,0.95890,1.00000
728,0.3844,71663616,52837,0.01568,2.76e-04,0.5544,92.4538,0.00000,0.00000,0.00000,10.00000,1061.61405,0.00000,0.77428,0.00000,0.00000,0.85662,0.00000,0.00000,0.00000,0.00000,0.00000,0.43736,2.09576,1.60557,1.00000,1.00000,1.00000,1852.38118,-0.03073,-0.18222,0.29035,-0.04197,0.49601,0.85415,-0.07827,0.12854,-0.01800,-0.06510,0.14770,0.37206,0.36852,1.94957,1.88533,0.96457,0.95480,0.93333,0.84259,0.00000,0.25085,2.13061,2.31626,0.92913,0.90805,0.87500
729,0.3849,71761920,53292,0.01616,2.30e-04,0.5544,88.4264,0.00000,0.00000,0.00000,10.00000,1002.63408,0.00000,0.87209,0.00000,0.00000,0.85796,0.00000,0.00000,0.00000,0.00000,0.00000,0.43824,2.11222,1.49178,1.00000,1.00000,1.00000,1830.96566,-0.03068,-0.18038,0.29169,-0.04219,0.49676,0.85544,-0.07824,0.12865,-0.01748,-0.06500,0.14834,0.37394,0.36863,1.97174,1.73800,0.95349,0.94074,1.00000,0.84313,0.00000,0.24947,2.13721,2.51077,0.90698,0.88060,1.00000
730,0.3854,71860224,52859,0.01555,1.71e-04,0.5544,78.4358,0.00000,0.00000,0.00000,10.00000,1061.09931,0.00000,0.83868,0.00000,0.00000,0.85434,0.00000,0.00000,0.00000,0.00000,0.00000,0.43693,2.11847,1.57386,1.00000,1.00000,1.00000,1856.44059,-0.03058,-0.18263,0.29232,-0.04235,0.49499,0.85199,-0.07812,0.13167,-0.01924,-0.06535,0.14962,0.37441,0.36772,1.84506,3.00500,0.96154,0.96178,0.80000,0.83859,0.00000,0.24776,2.14043,2.18600,0.92308,0.91667,0.50000
731,0.3859,71958528,52507,0.01314,1.76e-04,0.5544,81.9951,0.00000,0.00000,0.00000,10.00000,1064.24840,0.00000,0.66239,0.00000,0.00000,0.85293,0.00000,0.00000,0.00000,0.00000,0.00000,0.43654,2.13427,1.61827,1.00000,1.00000,1.00000,1845.31559,-0.03068,-0.18160,0.29272,-0.04264,0.49384,0.85071,-0.07898,0.13207,-0.01783,-0.06479,0.15116,0.37415,0.36731,2.02518,2.01273,0.98077,0.96774,1.00000,0.83656,0.00000,0.24581,2.13233,2.46222,0.96154,0.93750,1.00000
732,0.3865,72056832,53556,0.01049,2.25e-04,0.5543,83.9837,0.00000,0.00000,0.00000,10.00000,1051.67822,0.00000,0.78108,0.00000,0.00000,0.85522,0.00000,0.00000,0.00000,0.00000,0.00000,0.43647,2.14561,1.65638,1.00000,1.00000,1.00000,1868.29834,-0.03062,-0.18389,0.29381,-0.04166,0.49473,0.85287,-0.07923,0.13204,-0.01694,-0.06504,0.15149,0.37581,0.36777,1.91494,1.74444,0.98515,0.98592,0.94737,0.83887,0.00000,0.24607,2.14015,2.20107,0.97030,0.97143,0.87500
733,0.3870,72155136,52686,0.01432,1.89e-04,0.5541,87.1681,0.00000,0.00000,0.00000,10.00000,1054.03841,0.00000,0.71429,0.00000,0.00000,0.86402,0.00000,0.00000,0.00000,0.00000,0.00000,0.43586,2.17481,1.64092,0.96429,0.94737,1.00000,1878.64062,-0.03049,-0.18483,0.29679,-0.04224,0.49938,0.86151,-0.07900,0.13293,-0.02018,-0.06506,0.15293,0.38009,0.36914,2.01284,1.94667,0.95833,0.93519,1.00000,0.84569,0.00000,0.24621,2.15782,2.42965,0.95238,0.92157,1.00000
734,0.3875,72253440,53256,0.01600,1.19e-04,0.5540,72.1462,0.00000,0.00000,0.00000,10.00000,1063.20221,0.00000,0.76052,0.00000,0.00000,0.86723,0.00000,0.00000,0.00000,0.00000,0.00000,0.43603,2.19162,1.49872,0.99029,1.00000,0.83333,1838.19368,-0.03031,-0.18102,0.29904,-0.04324,0.50268,0.86479,-0.07853,0.13356,-0.01536,-0.06512,0.15410,0.38358,0.36961,1.96297,1.92308,0.96602,0.95745,0.92308,0.84803,0.00000,0.24755,2.18491,2.48028,0.94175,0.91304,1.00000
735,0.3880,72351744,53843,0.01095,1.44e-04,0.5540,82.8166,0.00000,0.00000,0.00000,10.00000,1019.54762,0.00000,0.76190,0.00000,0.00000,0.86616,0.00000,0.00000,0.00000,0.00000,0.00000,0.43666,2.17043,1.50273,1.00000,1.00000,1.00000,1827.77441,-0.03066,-0.17980,0.29615,-0.04186,0.50253,0.86374,-0.07800,0.13087,-0.01831,-0.06472,0.15384,0.37977,0.36949,1.98745,1.84500,0.96667,0.95833,0.96429,0.84744,0.00000,0.24912,2.15028,2.51407,0.93333,0.91549,0.92308
736,0.3885,72450048,53523,0.01285,1.72e-04,0.5540,84.0027,0.00000,0.00000,0.00000,10.00000,1062.97905,0.00000,0.77679,0.00000,0.00000,0.86022,0.00000,0.00000,0.00000,0.00000,0.00000,0.43729,2.15098,1.60452,1.00000,1.00000,1.00000,1823.60661,-0.03070,-0.17956,0.29337,-0.04147,0.49870,0.85789,-0.07832,0.13079,-0.01779,-0.06474,0.15265,0.37563,0.36868,1.98059,2.08714,0.97788,0.96835,1.00000,0.84341,0.00000,0.24610,2.14117,2.35223,0.95575,0.93750,1.00000
737,0.3891,72548352,53640,0.01449,1.89e-04,0.5540,90.0632,0.00000,0.00000,0.00000,10.00000,1069.73769,0.00000,0.83937,0.00000,0.00000,0.85769,0.00000,0.00000,0.00000,0.00000,0.00000,0.43758,2.13373,1.49358,1.00000,1.00000,1.00000,1823.21436,-0.03080,-0.17944,0.29101,-0.04108,0.49736,0.85539,-0.07847,0.12777,-0.01767,-0.06467,0.15111,0.37249,0.36828,1.88324,1.65800,0.98913,0.98561,1.00000,0.84139,0.00000,0.24795,2.11408,2.35433,0.97826,0.96825,1.00000
738,0.3896,72646656,54037,0.01456,1.87e-04,0.5540,76.7959,0.00000,0.00000,0.00000,10.00000,1050.25444,0.00000,0.80808,0.00000,0.00000,0.85185,0.00000,0.00000,0.00000,0.00000,0.00000,0.43668,2.15483,1.55096,0.98864,0.98462,1.00000,1812.32471,-0.03084,-0.17839,0.29160,-0.04131,0.49471,0.84952,-0.07846,0.12701,-0.01651,-0.06438,0.15185,0.37390,0.36694,1.96857,1.77077,0.97727,0.96875,1.00000,0.83470,0.00000,0.24858,2.10620,2.42358,0.96591,0.95238,1.00000
739,0.3901,72744960,54480,0.02025,9.98e-05,0.5541,91.6396,0.00000,0.00000,0.00000,10.00000,1100.53791,0.00000,0.76132,0.00000,0.00000,0.85061,0.00000,0.00000,0.00000,0.00000,0.00000,0.43672,2.16415,1.54068,0.98765,0.98214,1.00000,1834.88851,-0.03088,-0.18053,0.29311,-0.04068,0.49359,0.84825,-0.07875,0.12823,-0.01991,-0.06443,0.15224,0.37505,0.36642,1.93761,1.80571,0.98765,0.98198,1.00000,0.83212,0.00000,0.24780,2.11015,2.34138,0.98765,0.98182,1.00000
740,0.3906,72843264,54891,0.01160,1.19e-04,0.5541,72.5854,0.00000,0.00000,0.00000,10.00000,1099.06379,0.00000,0.73310,0.00000,0.00000,0.85615,0.00000,0.00000,0.00000,0.00000,0.00000,0.43672,2.16266,1.60312,1.00000,1.00000,1.00000,1850.20378,-0.03089,-0.18205,0.29398,-0.04071,0.49527,0.85371,-0.07988,0.12781,-0.01849,-0.06468,0.15352,0.37610,0.36742,1.79580,1.60118,0.98969,0.98438,1.00000,0.83712,0.00000,0.24992,2.13486,2.02060,0.97938,0.96774,1.00000
741,0.3911,72941568,54239,0.01288,1.30e-04,0.5540,84.5547,0.00000,0.00000,0.00000,10.00000,1080.42960,0.00000,0.80048,0.00000,0.00000,0.86123,0.00000,0.00000,0.00000,0.00000,0.00000,0.43710,2.15309,1.44676,1.00000,1.00000,1.00000,1818.19580,-0.03084,-0.17896,0.29318,-0.04250,0.49935,0.85896,-0.07942,0.12834,-0.01545,-0.06463,0.15277,0.37632,0.36903,1.83273,1.47333,0.97312,0.97015,0.88889,0.84516,0.00000,0.25055,2.14040,2.24667,0.94624,0.93846,0.75000
742,0.3916,73039872,54547,0.01344,1.30e-04,0.5540,88.7686,0.00000,0.00000,0.00000,10.00000,1045.54754,0.00000,0.81481,0.00000,0.00000,0.86075,0.00000,0.00000,0.00000,0.00000,0.00000,0.43622,2.16337,1.52791,0.99048,0.98718,1.00000,1829.87012,-0.03064,-0.18001,0.29550,-0.04169,0.49987,0.85841,-0.07840,0.13063,-0.01752,-0.06482,0.15309,0.37825,0.36842,1.88256,1.82857,0.97619,0.96753,1.00000,0.84208,0.00000,0.24983,2.15114,2.27359,0.96190,0.94737,1.00000
743,0.3921,73138176,53519,0.01033,1.87e-04,0.5540,78.0377,0.00000,0.00000,0.00000,10.00000,1058.80492,0.00000,0.77778,0.00000,0.00000,0.85934,0.00000,0.00000,0.00000,0.00000,0.00000,0.43475,2.15150,1.52780,1.00000,1.00000,1.00000,1816.30176,-0.03076,-0.17878,0.29349,-0.04131,0.49884,0.85694,-0.07807,0.13021,-0.01792,-0.06472,0.15213,0.37527,0.36831,2.02451,2.67444,0.98000,0.97143,1.00000,0.84154,0.00000,0.24959,2.13065,2.58246,0.96000,0.94030,1.00000
744,0.3927,73236480,52752,0.01393,2.06e-04,0.5539,88.3392,0.00000,0.00000,0.00000,10.00000,1092.43896,0.00000,0.75397,0.00000,0.00000,0.85577,0.00000,0.00000,0.00000,0.00000,0.00000,0.43447,2.14178,1.50762,1.00000,1.00000,1.00000,1816.25326,-0.03084,-0.17861,0.29189,-0.04127,0.49671,0.85358,-0.07858,0.12888,-0.01867,-0.06492,0.15035,0.37318,0.36771,1.90864,1.59000,0.98214,0.98026,1.00000,0.83853,0.00000,0.24951,2.11527,2.34051,0.96429,0.96000,1.00000
745,0.3932,73334784,53115,0.01401,1.87e-04,0.5539,86.1253,0.00000,0.00000,0.00000,10.00000,1080.35335,0.00000,0.70652,0.00000,0.00000,0.85301,0.00000,0.00000,0.00000,0.00000,0.00000,0.43360,2.13934,1.56630,0.97826,0.96970,1.00000,1813.54085,-0.03081,-0.17844,0.29157,-0.04071,0.49539,0.85090,-0.07808,0.13106,-0.01933,-0.06459,0.15061,0.37230,0.36763,1.97151,2.11500,0.97826,0.97436,0.93750,0.83815,0.00000,0.24809,2.11141,2.47288,0.97826,0.98039,0.87500
746,0.3937,73433088,54152,0.01488,1.77e-04,0.5539,74.2936,0.00000,0.00000,0.00000,10.00000,1054.35234,0.00000,0.77558,0.00000,0.00000,0.85297,0.00000,0.00000,0.00000,0.00000,0.00000,0.43382,2.14058,1.51929,1.00000,1.00000,1.00000,1830.94206,-0.03077,-0.18024,0.29183,-0.04074,0.49490,0.85080,-0.07810,0.12988,-0.01838,-0.06466,0.15040,0.37216,0.36749,1.98177,1.71579,0.97525,0.96454,1.00000,0.83743,0.00000,0.24974,2.11399,2.52027,0.95050,0.92537,1.00000
747,0.3942,73531392,53537,0.01319,1.58e-04,0.5539,88.0940,0.00000,0.00000,0.00000,10.00000,1095.62082,0.00000,0.72391,0.00000,0.00000,0.85307,0.00000,0.00000,0.00000,0.00000,0.00000,0.43467,2.14767,1.54056,1.00000,1.00000,1.00000,1850.10221,-0.03078,-0.18210,0.29219,-0.04078,0.49529,0.85086,-0.07845,0.12991,-0.01789,-0.06484,0.14972,0.37382,0.36707,1.87826,1.94545,0.98990,0.98450,1.00000,0.83535,0.00000,0.24957,2.11397,2.23612,0.97980,0.96774,1.00000
748,0.3947,73629696,52904,0.01044,2.27e-04,0.5539,85.3003,0.00000,0.00000,0.00000,10.00000,1034.36972,0.00000,0.79079,0.00000,0.00000,0.85342,0.00000,0.00000,0.00000,0.00000,0.00000,0.43420,2.14025,1.47663,1.00000,1.00000,1.00000,1851.34245,-0.03098,-0.18207,0.29128,-0.04069,0.49551,0.85116,-0.07790,0.12896,-0.02011,-0.06478,0.14980,0.37159,0.36720,1.95833,2.06500,0.95946,0.94304,1.00000,0.83598,0.00000,0.24925,2.10022,2.50101,0.91892,0.88158,1.00000
749,0.3953,73728000,53432,0.01499,2.15e-04,0.5539,84.5194,0.00000,0.00000,0.00000,10.00000,1085.30758,0.00000,0.76149,0.00000,0.00000,0.85508,0.00000,0.00000,0.00000,0.00000,0.00000,0.43375,2.13319,1.71954,0.99138,0.98780,1.00000,1839.85368,-0.03096,-0.18089,0.28965,-0.04091,0.49676,0.85284,-0.07713,0.12778,-0.01947,-0.06505,0.14802,0.36978,0.36771,2.01802,2.00000,0.98707,0.98113,1.00000,0.83853,0.00000,0.25028,2.07925,2.33071,0.98276,0.97403,1.00000
750,0.3958,73826304,53044,0.01479,1.65e-04,0.5539,93.9757,0.00000,0.00000,0.00000,10.00000,1074.84805,0.00000,0.74906,0.00000,0.00000,0.85235,0.00000,0.00000,0.00000,0.00000,0.00000,0.43334,2.13538,1.46476,1.00000,1.00000,1.00000,1840.77799,-0.03098,-0.18104,0.28995,-0.04059,0.49468,0.85004,-0.07754,0.12843,-0.01896,-0.06473,0.14856,0.37123,0.36733,1.95698,2.11500,0.97753,0.96667,1.00000,0.83663,0.00000,0.25134,2.09829,2.44920,0.95506,0.93443,1.00000
751,0.3963,73924608,53182,0.01391,1.76e-04,0.5538,82.0254,0.00000,0.00000,0.00000,10.00000,1088.56822,0.00000,0.78108,0.00000,0.00000,0.84950,0.00000,0.00000,0.00000,0.00000,0.00000,0.43428,2.13535,1.52234,1.00000,1.00000,1.00000,1844.98747,-0.03093,-0.18135,0.28947,-0.04056,0.49249,0.84716,-0.07773,0.12839,-0.01952,-0.06485,0.14917,0.37095,0.36661,1.88027,1.57600,0.98515,0.97887,1.00000,0.83303,0.00000,0.25071,2.09132,2.26305,0.97030,0.95714,1.00000
752,0.3968,74022912,53359,0.01411,1.72e-04,0.5538,85.7642,0.00000,0.00000,0.00000,10.00000,1051.64406,0.00000,0.70370,0.00000,0.00000,0.84860,0.00000,0.00000,0.00000,0.00000,0.00000,0.43424,2.14430,1.42069,0.98667,0.97872,1.00000,1865.71533,-0.03098,-0.18341,0.29086,-0.04039,0.49156,0.84626,-0.07879,0.12976,-0.01975,-0.06463,0.15015,0.37206,0.36629,1.88411,1.77524,0.97333,0.95789,1.00000,0.83144,0.00000,0.24957,2.10266,2.38185,0.96000,0.93750,1.00000
753,0.3973,74121216,54546,0.01469,1.71e-04,0.5538,74.1061,0.00000,0.00000,0.00000,10.00000,1089.50417,0.00000,0.73016,0.00000,0.00000,0.85393,0.00000,0.00000,0.00000,0.00000,0.00000,0.43381,2.15738,1.54800,1.00000,1.00000,1.00000,1892.36068,-0.03088,-0.18594,0.29223,-0.04123,0.49391,0.85148,-0.07908,0.12915,-0.02101,-0.06508,0.15015,0.37353,0.36696,2.00051,1.96421,0.99048,0.98551,1.00000,0.83479,0.00000,0.25019,2.09807,2.48320,0.98095,0.97059,1.00000
754,0.3979,74219520,53792,0.01685,1.33e-04,0.5538,88.0265,0.00000,0.00000,0.00000,10.00000,1123.02018,0.00000,0.66545,0.00000,0.00000,0.85845,0.00000,0.00000,0.00000,0.00000,0.00000,0.43501,2.16966,1.59587,1.00000,1.00000,1.00000,1879.18359,-0.03091,-0.18483,0.29403,-0.04253,0.49647,0.85605,-0.07967,0.12906,-0.01746,-0.06492,0.15106,0.37666,0.36772,2.00898,2.50444,0.99451,0.99083,1.00000,0.83860,0.00000,0.25030,2.12101,2.48218,0.98901,0.98039,1.00000
755,0.3984,74317824,53314,0.01496,1.33e-04,0.5538,96.5853,0.00000,0.00000,0.00000,10.00000,1028.97305,0.00000,0.81667,0.00000,0.00000,0.86031,0.00000,0.00000,0.00000,0.00000,0.00000,0.43516,2.16903,1.48784,1.00000,1.00000,1.00000,1880.46615,-0.03086,-0.18491,0.29451,-0.04192,0.49871,0.85783,-0.07906,0.12777,-0.01928,-0.06504,0.15095,0.37675,0.36812,1.94436,2.43384,0.96000,0.94558,1.00000,0.84062,0.00000,0.25197,2.11560,2.35634,0.92000,0.89873,1.00000
756,0.3989,74416128,53149,0.01464,1.60e-04,0.5537,92.9930,0.00000,0.00000,0.00000,10.00000,1080.19008,0.00000,0.70119,0.00000,0.00000,0.86363,0.00000,0.00000,0.00000,0.00000,0.00000,0.43507,2.15498,1.58972,1.00000,1.00000,1.00000,1872.84294,-0.03093,-0.18411,0.29325,-0.04120,0.50105,0.86109,-0.07848,0.12881,-0.01874,-0.06529,0.14978,0.37586,0.36895,2.02026,2.19500,0.99515,0.99231,1.00000,0.84475,0.00000,0.25194,2.12081,2.40296,0.99029,0.98611,1.00000
757,0.3994,74514432,53710,0.01270,1.44e-04,0.5537,87.5631,0.00000,0.00000,0.00000,10.00000,1076.42969,0.00000,0.80460,0.00000,0.00000,0.86301,0.00000,0.00000,0.00000,0.00000,0.00000,0.43494,2.15049,1.51694,1.00000,1.00000,1.00000,1859.53776,-0.03089,-0.18279,0.29344,-0.04108,0.49999,0.86043,-0.07853,0.12889,-0.01834,-0.06523,0.14946,0.37605,0.36924,1.86582,1.87143,0.99138,0.98810,1.00000,0.84621,0.00000,0.25281,2.12842,2.24154,0.98276,0.97436,1.00000
758,0.3999,74612736,53632,0.01270,1.87e-04,0.5537,96.0665,0.00000,0.00000,0.00000,10.00000,1035.52163,0.00000,0.87302,0.00000,0.00000,0.85838,0.00000,0.00000,0.00000,0.00000,0.00000,0.43515,2.13690,1.62743,1.00000,1.00000,1.00000,1816.46240,-0.03086,-0.17875,0.29214,-0.04178,0.49917,0.85609,-0.07845,0.12932,-0.01815,-0.06470,0.14901,0.37385,0.36864,2.00234,1.35500,0.97802,0.97203,1.00000,0.84318,0.00000,0.25077,2.11854,2.35227,0.95604,0.94667,1.00000
759,0.4005,74711040,52455,0.01526,1.43e-04,0.5536,84.9781,0.00000,0.00000,0.00000,10.00000,1060.19974,0.00000,0.72959,0.00000,0.00000,0.85394,0.00000,0.00000,0.00000,0.00000,0.00000,0.43365,2.14947,1.51879,1.00000,1.00000,1.00000,1848.38118,-0.03086,-0.18181,0.29170,-0.04122,0.49605,0.85174,-0.07859,0.13113,-0.01874,-0.06482,0.14934,0.37375,0.36746,1.94400,2.02615,0.96386,0.94495,1.00000,0.83728,0.00000,0.24869,2.10899,2.46370,0.92771,0.87755,1.00000
760,0.4010,74809344,53393,0.01020,2.06e-04,0.5535,95.5992,0.00000,0.00000,0.00000,10.00000,1052.93009,0.00000,0.84758,0.00000,0.00000,0.85157,0.00000,0.00000,0.00000,0.00000,0.00000,0.43397,2.15867,1.54833,1.00000,1.00000,1.00000,1869.20329,-0.03090,-0.18382,0.29392,-0.04189,0.49486,0.84945,-0.07952,0.13329,-0.02059,-0.06496,0.15034,0.37620,0.36787,1.92762,1.79500,0.98718,0.98319,1.00000,0.83935,0.00000,0.24764,2.12346,2.27242,0.97436,0.96825,1.00000
761,0.4015,74907648,54552,0.01696,1.33e-04,0.5534,89.7292,0.00000,0.00000,0.00000,10.00000,1051.59977,0.00000,0.79001,0.00000,0.00000,0.85754,0.00000,0.00000,0.00000,0.00000,0.00000,0.43422,2.17045,1.55888,0.99083,0.98734,1.00000,1880.24056,-0.03086,-0.18507,0.29627,-0.04177,0.49782,0.85531,-0.07990,0.13288,-0.01891,-0.06502,0.15160,0.37844,0.36879,1.89074,2.10091,0.98165,0.97419,1.00000,0.84396,0.00000,0.24881,2.14517,2.23418,0.97248,0.96053,1.00000
762,0.4020,75005952,52607,0.01163,1.56e-04,0.5534,95.3792,0.00000,0.00000,0.00000,10.00000,1096.74935,0.00000,0.76058,0.00000,0.00000,0.86444,0.00000,0.00000,0.00000,0.00000,0.00000,0.43397,2.17748,1.76776,1.00000,1.00000,1.00000,1867.51318,-0.03071,-0.18380,0.29677,-0.04275,0.50296,0.86217,-0.07936,0.13150,-0.01896,-0.06486,0.15223,0.37982,0.37034,1.97025,2.15000,0.97619,0.96522,1.00000,0.85170,0.00000,0.25134,2.14530,2.22148,0.95238,0.92453,1.00000
763,0.4025,75104256,53524,0.01183,2.06e-04,0.5535,90.2334,0.00000,0.00000,0.00000,10.00000,1060.97741,0.00000,0.76768,0.00000,0.00000,0.86632,0.00000,0.00000,0.00000,0.00000,0.00000,0.43391,2.18806,1.62595,0.98182,0.97403,1.00000,1860.33301,-0.03075,-0.18298,0.29793,-0.04212,0.50472,0.86402,-0.07882,0.13321,-0.01915,-0.06526,0.15284,0.38176,0.37025,2.02735,1.67555,0.97273,0.96711,0.94737,0.85123,0.00000,0.24996,2.15768,2.43853,0.96364,0.96000,0.90000
764,0.4031,75202560,52784,0.01402,2.27e-04,0.5534,93.8871,0.00000,0.00000,0.00000,10.00000,1084.95925,0.00000,0.76797,0.00000,0.00000,0.86830,0.00000,0.00000,0.00000,0.00000,0.00000,0.43458,2.18329,1.53744,0.99020,0.98649,1.00000,1830.45199,-0.03071,-0.18009,0.29795,-0.04220,0.50495,0.86596,-0.07887,0.13341,-0.01721,-0.06479,0.15366,0.38120,0.37072,1.87699,1.66769,0.99020,0.98582,1.00000,0.85360,0.00000,0.24906,2.16795,2.23013,0.99020,0.98507,1.00000
765,0.4036,75300864,53672,0.01689,1.44e-04,0.5533,78.1239,0.00000,0.00000,0.00000,10.00000,1045.14595,0.00000,0.83333,0.00000,0.00000,0.86926,0.00000,0.00000,0.00000,0.00000,0.00000,0.43359,2.18830,1.60322,0.99091,0.98780,1.00000,1820.36882,-0.03059,-0.17919,0.29800,-0.04188,0.50652,0.86681,-0.07857,0.13540,-0.01646,-0.06518,0.15314,0.38122,0.37121,1.96256,2.00400,0.95455,0.94545,0.90000,0.85606,0.00000,0.24763,2.16838,2.33035,0.91818,0.90361,0.80000
766,0.4041,75399168,53993,0.01611,8.26e-05,0.5533,87.9116,0.00000,0.00000,0.00000,10.00000,1048.44557,0.00000,0.73260,0.00000,0.00000,0.86601,0.00000,0.00000,0.00000,0.00000,0.00000,0.43415,2.18133,1.59735,1.00000,1.00000,1.00000,1823.04688,-0.03065,-0.17929,0.29909,-0.04288,0.50393,0.86362,-0.07780,0.13666,-0.01962,-0.06499,0.15349,0.38201,0.36979,2.06814,1.76800,0.97253,0.95833,1.00000,0.84894,0.00000,0.24698,2.17111,2.51278,0.94505,0.91935,1.00000
767,0.4046,75497472,53542,0.00937,1.30e-04,0.5533,91.6080,0.00000,0.00000,0.00000,10.00000,1084.96174,0.00000,0.69874,0.00000,0.00000,0.86075,0.00000,0.00000,0.00000,0.00000,0.00000,0.43388,2.16305,1.51775,1.00000,1.00000,1.00000,1810.99707,-0.03065,-0.17841,0.29645,-0.04168,0.50033,0.85831,-0.07812,0.13739,-0.01593,-0.06489,0.15297,0.37901,0.36853,1.98200,2.26316,0.98969,0.99180,0.95000,0.84266,0.00000,0.24610,2.16869,2.45971,0.97938,0.98361,0.90000
768,0.4051,75595776,53484,0.01243,1.71e-04,0.5531,73.3270,0.00000,0.00000,0.00000,10.00000,1036.05462,0.00000,0.78189,0.00000,0.00000,0.85793,0.00000,0.00000,0.00000,0.00000,0.00000,0.43395,2.14652,1.52914,0.99074,0.98649,1.00000,1843.76758,-0.03077,-0.18150,0.29385,-0.04142,0.49768,0.85558,-0.07854,0.13811,-0.01833,-0.06502,0.15221,0.37560,0.36826,2.04284,2.26154,0.96759,0.95395,1.00000,0.84129,0.00000,0.24382,2.15194,2.55654,0.94444,0.92308,1.00000
769,0.4056,75694080,55033,0.01654,1.08e-04,0.5531,74.1935,0.00000,0.00000,0.00000,10.00000,1085.50884,0.00000,0.76998,0.00000,0.00000,0.85579,0.00000,0.00000,0.00000,0.00000,0.00000,0.43424,2.13800,1.58025,1.00000,1.00000,1.00000,1830.22363,-0.03083,-0.18011,0.29277,-0.04150,0.49640,0.85337,-0.07839,0.13645,-0.01650,-0.06471,0.15050,0.37374,0.36827,1.94339,2.05077,0.99123,0.98734,1.00000,0.84136,0.00000,0.24409,2.13753,2.26264,0.98246,0.97619,1.00000
770,0.4062,75792384,53557,0.01095,1.22e-04,0.5531,93.8932,0.00000,0.00000,0.00000,10.00000,1079.59743,0.00000,0.77457,0.00000,0.00000,0.85288,0.00000,0.00000,0.00000,0.00000,0.00000,0.43402,2.11804,1.51879,1.00000,1.00000,1.00000,1825.70605,-0.03098,-0.17957,0.28843,-0.04123,0.49560,0.85058,-0.07764,0.13424,-0.01912,-0.06485,0.14911,0.36798,0.36813,1.91239,1.97667,1.00000,1.00000,1.00000,0.84065,0.00000,0.24262,2.09374,2.32075,1.00000,1.00000,1.00000
771,0.4067,75890688,53162,0.01210,1.55e-04,0.5531,94.5764,0.00000,0.00000,0.00000,10.00000,1089.57263,0.00000,0.78144,0.00000,0.00000,0.84852,0.00000,0.00000,0.00000,0.00000,0.00000,0.43326,2.13029,1.51765,1.00000,1.00000,1.00000,1859.33691,-0.03105,-0.18279,0.29024,-0.04138,0.49196,0.84621,-0.07793,0.13291,-0.01996,-0.06466,0.14963,0.37039,0.36694,1.84971,1.75091,0.97802,0.97656,0.90909,0.83472,0.00000,0.24549,2.09521,2.17228,0.95604,0.95385,0.83333
772,0.4072,75988992,53711,0.01204,1.43e-04,0.5531,79.9421,0.00000,0.00000,0.00000,10.00000,1070.92694,0.00000,0.78014,0.00000,0.00000,0.85118,0.00000,0.00000,0.00000,0.00000,0.00000,0.43252,2.13116,1.50447,1.00000,1.00000,1.00000,1866.86100,-0.03096,-0.18356,0.28917,-0.04076,0.49215,0.84884,-0.07829,0.13245,-0.01904,-0.06463,0.14900,0.36940,0.36699,1.79496,1.68400,0.97340,0.96970,0.90000,0.83495,0.00000,0.24588,2.09247,2.14540,0.94681,0.93443,0.80000
773,0.4077,76087296,53152,0.01409,1.43e-04,0.5530,77.9606,0.00000,0.00000,0.00000,10.00000,1065.84109,0.00000,0.74481,0.00000,0.00000,0.85269,0.00000,0.00000,0.00000,0.00000,0.00000,0.43244,2.16148,1.51906,1.00000,1.00000,1.00000,1849.33594,-0.03089,-0.18201,0.29368,-0.04206,0.49439,0.85026,-0.07959,0.13617,-0.01583,-0.06464,0.15113,0.37583,0.36704,2.06600,2.37684,0.97802,0.96721,1.00000,0.83518,0.00000,0.24508,2.13112,2.52658,0.95604,0.93939,1.00000
774,0.4082,76185600,53874,0.01195,1.65e-04,0.5530,82.8679,0.00000,0.00000,0.00000,10.00000,1062.81820,0.00000,0.75231,0.00000,0.00000,0.85873,0.00000,0.00000,0.00000,0.00000,0.00000,0.43302,2.17648,1.51789,1.00000,1.00000,1.00000,1839.89323,-0.03083,-0.18097,0.29508,-0.04109,0.49827,0.85624,-0.07947,0.13584,-0.01845,-0.06481,0.15254,0.37716,0.36866,1.95503,2.18133,0.96875,0.96154,0.93750,0.84328,0.00000,0.24460,2.13982,2.46615,0.93750,0.91803,0.88889
775,0.4088,76283904,53346,0.01294,2.11e-04,0.5530,80.6832,0.00000,0.00000,0.00000,10.00000,1069.47656,0.00000,0.79900,0.00000,0.00000,0.86054,0.00000,0.00000,0.00000,0.00000,0.00000,0.43338,2.18472,1.65000,1.00000,1.00000,1.00000,1872.09847,-0.03077,-0.18415,0.29912,-0.04310,0.50048,0.85802,-0.07959,0.13760,-0.01907,-0.06492,0.15453,0.38147,0.36906,1.91124,1.67454,0.98315,0.98438,0.90909,0.84528,0.00000,0.24566,2.16770,2.20061,0.96629,0.96721,0.83333
776,0.4093,76382208,52098,0.01326,2.25e-04,0.5530,95.3024,0.00000,0.00000,0.00000,10.00000,1076.47445,0.00000,0.74766,0.00000,0.00000,0.86545,0.00000,0.00000,0.00000,0.00000,0.00000,0.43393,2.18166,1.56430,1.00000,1.00000,1.00000,1850.33252,-0.03081,-0.18204,0.29709,-0.04155,0.50231,0.86295,-0.07967,0.13862,-0.01851,-0.06482,0.15460,0.37948,0.36989,1.88073,1.97895,0.99065,0.98611,1.00000,0.84945,0.00000,0.24399,2.16415,2.17833,0.98131,0.97333,1.00000
777,0.4098,76480512,53367,0.01436,2.06e-04,0.5530,77.5937,0.00000,0.00000,0.00000,10.00000,1082.62358,0.00000,0.72952,0.00000,0.00000,0.86652,0.00000,0.00000,0.00000,0.00000,0.00000,0.43409,2.18912,1.67760,1.00000,1.00000,1.00000,1819.88851,-0.03078,-0.17914,0.29818,-0.04156,0.50430,0.86414,-0.07924,0.13710,-0.01768,-0.06487,0.15376,0.38058,0.37015,1.91557,1.72900,0.98990,0.99231,0.95000,0.85075,0.00000,0.24548,2.15770,2.15676,0.97980,0.98462,0.90000
778,0.4103,76578816,53908,0.01516,1.79e-04,0.5530,82.3117,0.00000,0.00000,0.00000,10.00000,1069.87751,0.00000,0.76812,0.00000,0.00000,0.86194,0.00000,0.00000,0.00000,0.00000,0.00000,0.43365,2.17624,1.66674,1.00000,1.00000,1.00000,1793.02653,-0.03083,-0.17653,0.29730,-0.04179,0.50252,0.85960,-0.07799,0.13834,-0.01884,-0.06468,0.15359,0.37907,0.36931,1.97326,1.79700,0.98696,0.98742,0.95238,0.84657,0.00000,0.24448,2.15577,2.32410,0.97391,0.97333,0.90000
779,0.4109,76677120,52842,0.01364,1.92e-04,0.5529,76.8864,0.00000,0.00000,0.00000,10.00000,1056.93557,0.00000,0.86619,0.00000,0.00000,0.85686,0.00000,0.00000,0.00000,0.00000,0.00000,0.43347,2.15047,1.47493,1.00000,1.00000,1.00000,1785.33138,-0.03088,-0.17580,0.29484,-0.04061,0.49866,0.85453,-0.07771,0.13952,-0.01639,-0.06439,0.15266,0.37560,0.36843,1.85062,1.75000,0.96774,0.95862,1.00000,0.84217,0.00000,0.24378,2.15734,2.21108,0.93548,0.92000,1.00000
780,0.4114,76775424,53921,0.01463,1.33e-04,0.5530,82.2889,0.00000,0.00000,0.00000,10.00000,1098.46479,0.00000,0.73840,0.00000,0.00000,0.84916,0.00000,0.00000,0.00000,0.00000,0.00000,0.43295,2.13182,1.44839,1.00000,1.00000,1.00000,1797.76188,-0.03085,-0.17689,0.29316,-0.04011,0.49399,0.84679,-0.07816,0.14083,-0.01726,-0.06420,0.15143,0.37395,0.36689,1.82393,1.47500,0.99367,0.99048,1.00000,0.83445,0.00000,0.24276,2.15818,2.24727,0.98734,0.97959,1.00000
781,0.4119,76873728,53279,0.01186,1.56e-04,0.5529,74.6841,0.00000,0.00000,0.00000,10.00000,1104.94051,0.00000,0.79652,0.00000,0.00000,0.84769,0.00000,0.00000,0.00000,0.00000,0.00000,0.43297,2.14168,1.45375,1.00000,1.00000,1.00000,1851.81836,-0.03082,-0.18225,0.29454,-0.04208,0.49286,0.84533,-0.07873,0.14263,-0.01541,-0.06431,0.15251,0.37561,0.36715,1.83590,1.92500,0.98795,0.99160,0.75000,0.83575,0.00000,0.24154,2.17151,2.25758,0.97590,0.98214,0.66667
782,0.4124,76972032,53507,0.01673,1.27e-04,0.5528,70.8631,0.00000,0.00000,0.00000,10.00000,1090.59225,0.00000,0.75855,0.00000,0.00000,0.85963,0.00000,0.00000,0.00000,0.00000,0.00000,0.43373,2.16313,1.49117,1.00000,1.00000,1.00000,1865.84587,-0.03064,-0.18371,0.29584,-0.04148,0.49922,0.85722,-0.07888,0.14030,-0.01668,-0.06521,0.15296,0.37810,0.36907,1.89831,1.57286,0.98077,0.97183,1.00000,0.84536,0.00000,0.24348,2.17634,2.30545,0.96154,0.94595,1.00000
783,0.4129,77070336,53839,0.01231,1.33e-04,0.5528,78.6705,0.00000,0.00000,0.00000,10.00000,1054.07490,0.00000,0.75483,0.00000,0.00000,0.86576,0.00000,0.00000,0.00000,0.00000,0.00000,0.43432,2.17413,1.55246,0.98913,0.98333,1.00000,1833.49805,-0.03054,-0.18043,0.29830,-0.04224,0.50395,0.86333,-0.07842,0.14237,-0.01696,-0.06477,0.15380,0.38105,0.37014,1.99058,2.09067,0.96739,0.96000,0.93333,0.85068,0.00000,0.24179,2.19803,2.42869,0.94565,0.93846,0.83333
784,0.4135,77168640,52592,0.01169,1.72e-04,0.5527,85.9656,0.00000,0.00000,0.00000,10.00000,1096.23040,0.00000,0.66358,0.00000,0.00000,0.86398,0.00000,0.00000,0.00000,0.00000,0.00000,0.43439,2.15908,1.72973,1.00000,1.00000,1.00000,1841.19499,-0.03054,-0.18117,0.29797,-0.04195,0.50283,0.86146,-0.07816,0.14484,-0.01687,-0.06495,0.15435,0.38055,0.36964,2.10680,2.09714,0.99074,0.99225,0.95455,0.84820,0.00000,0.24092,2.20728,2.47395,0.98148,0.98485,0.90909
785,0.4140,77266944,53474,0.01448,1.72e-04,0.5527,80.4164,0.00000,0.00000,0.00000,10.00000,1058.59320,0.00000,0.82222,0.00000,0.00000,0.86419,0.00000,0.00000,0.00000,0.00000,0.00000,0.43449,2.15202,1.48550,0.99000,0.98630,1.00000,1815.67285,-0.03051,-0.17876,0.29718,-0.04096,0.50324,0.86157,-0.07794,0.14404,-0.01853,-0.06476,0.15378,0.37860,0.37015,1.94994,2.06933,0.97500,0.96622,1.00000,0.85075,0.00000,0.24097,2.19924,2.40864,0.96000,0.94667,1.00000
786,0.4145,77365248,53641,0.01438,1.43e-04,0.5527,78.2362,0.00000,0.00000,0.00000,10.00000,1069.26646,0.00000,0.74973,0.00000,0.00000,0.86083,0.00000,0.00000,0.00000,0.00000,0.00000,0.43475,2.14789,1.53102,1.00000,1.00000,1.00000,1819.40316,-0.03046,-0.17904,0.29645,-0.04174,0.50272,0.85832,-0.07708,0.14297,-0.01578,-0.06507,0.15263,0.37809,0.36945,1.86871,1.96400,0.96117,0.94964,0.90909,0.84723,0.00000,0.24077,2.18803,2.25043,0.92233,0.89394,0.83333
787,0.4150,77463552,53639,0.01185,2.06e-04,0.5526,78.1954,0.00000,0.00000,0.00000,10.00000,1095.52026,0.00000,0.72338,0.00000,0.00000,0.85870,0.00000,0.00000,0.00000,0.00000,0.00000,0.43524,2.15653,1.52737,1.00000,1.00000,1.00000,1797.73763,-0.03067,-0.17689,0.29491,-0.04042,0.50006,0.85614,-0.07718,0.14139,-0.01688,-0.06476,0.15387,0.37698,0.36869,1.94232,1.84133,0.98438,0.97600,1.00000,0.84343,0.00000,0.24022,2.17212,2.45097,0.96875,0.94737,1.00000
788,0.4155,77561856,53622,0.01585,2.02e-04,0.5526,82.1346,0.00000,0.00000,0.00000,10.00000,1067.44084,0.00000,0.77131,0.00000,0.00000,0.85387,0.00000,0.00000,0.00000,0.00000,0.00000,0.43553,2.12665,1.57284,1.00000,1.00000,1.00000,1788.71452,-0.03080,-0.17601,0.29259,-0.04077,0.49715,0.85138,-0.07794,0.14029,-0.01709,-0.06453,0.15267,0.37387,0.36823,1.94219,1.95182,0.99029,0.98601,1.00000,0.84117,0.00000,0.24040,2.15710,2.30265,0.98058,0.97297,1.00000
789,0.4161,77660160,52966,0.01520,1.79e-04,0.5525,86.6214,0.00000,0.00000,0.00000,10.00000,1083.60898,0.00000,0.78798,0.00000,0.00000,0.84857,0.00000,0.00000,0.00000,0.00000,0.00000,0.43514,2.11418,1.58526,1.00000,1.00000,1.00000,1850.21419,-0.03087,-0.18183,0.28975,-0.04000,0.49352,0.84596,-0.07817,0.14074,-0.01875,-0.06448,0.15125,0.36949,0.36776,1.95436,1.45091,0.99490,0.99281,1.00000,0.83880,0.00000,0.23865,2.13190,2.33863,0.98980,0.98551,1.00000
790,0.4166,77758464,53523,0.01331,1.72e-04,0.5525,97.2500,0.00000,0.00000,0.00000,10.00000,1065.31392,0.00000,0.78972,0.00000,0.00000,0.85130,0.00000,0.00000,0.00000,0.00000,0.00000,0.43479,2.11016,1.51224,0.99174,0.98876,1.00000,1854.87874,-0.03084,-0.18236,0.28806,-0.04047,0.49475,0.84856,-0.07874,0.13898,-0.01925,-0.06500,0.14980,0.36811,0.36803,1.88161,1.55294,0.97934,0.97093,1.00000,0.84016,0.00000,0.23903,2.11497,2.29295,0.96694,0.95181,1.00000
791,0.4171,77856768,53480,0.01346,2.06e-04,0.5524,99.4938,0.00000,0.00000,0.00000,10.00000,1113.38817,0.00000,0.69172,0.00000,0.00000,0.84939,0.00000,0.00000,0.00000,0.00000,0.00000,0.43466,2.10207,1.55296,1.00000,1.00000,1.00000,1865.20882,-0.03108,-0.18333,0.28697,-0.03938,0.49326,0.84667,-0.07841,0.13751,-0.02063,-0.06499,0.14829,0.36625,0.36739,1.87223,1.93000,0.98529,0.98425,0.93333,0.83697,0.00000,0.23960,2.09549,2.20559,0.97059,0.96875,0.85714
792,0.4176,77955072,54381,0.01547,1.56e-04,0.5524,84.4513,0.00000,0.00000,0.00000,10.00000,1083.91217,0.00000,0.84795,0.00000,0.00000,0.84539,0.00000,0.00000,0.00000,0.00000,0.00000,0.43556,2.10948,1.48500,0.98947,0.98649,1.00000,1891.20980,-0.03112,-0.18589,0.28741,-0.04073,0.49044,0.84290,-0.07933,0.13786,-0.01870,-0.06476,0.14902,0.36812,0.36692,1.85893,2.35667,0.98421,0.97931,1.00000,0.83462,0.00000,0.24041,2.11074,2.24297,0.97895,0.97183,1.00000
793,0.4181,78053376,53109,0.01134,2.11e-04,0.5524,102.6515,0.00000,0.00000,0.00000,10.00000,1081.39719,0.00000,0.77652,0.00000,0.00000,0.85009,0.00000,0.00000,0.00000,0.00000,0.00000,0.43382,2.11880,1.49062,0.98864,0.98305,1.00000,1861.57324,-0.03090,-0.18314,0.28928,-0.04039,0.49330,0.84780,-0.07892,0.14007,-0.01661,-0.06480,0.14910,0.37010,0.36762,1.95612,1.74769,0.98295,0.97561,1.00000,0.83812,0.00000,0.24029,2.13755,2.38171,0.97727,0.96875,1.00000
794,0.4187,78151680,53006,0.01711,2.03e-04,0.5525,91.2645,0.00000,0.00000,0.00000,10.00000,1086.41328,0.00000,0.73457,0.00000,0.00000,0.85440,0.00000,0.00000,0.00000,0.00000,0.00000,0.43304,2.14724,1.59408,1.00000,1.00000,1.00000,1887.24072,-0.03057,-0.18558,0.29435,-0.04170,0.49628,0.85214,-0.07903,0.14262,-0.01936,-0.06515,0.15129,0.37628,0.36844,1.86060,1.75500,0.97222,0.95798,1.00000,0.84221,0.00000,0.24062,2.16592,2.16580,0.94444,0.91228,1.00000
795,0.4192,78249984,53679,0.01421,1.32e-04,0.5525,80.4530,0.00000,0.00000,0.00000,10.00000,1084.80851,0.00000,0.70023,0.00000,0.00000,0.85887,0.00000,0.00000,0.00000,0.00000,0.00000,0.43246,2.14989,1.57492,0.98958,0.98246,1.00000,1892.23633,-0.03069,-0.18595,0.29491,-0.04141,0.49856,0.85677,-0.07927,0.14355,-0.02062,-0.06511,0.15142,0.37656,0.36897,1.99478,1.89900,0.97917,0.96694,1.00000,0.84483,0.00000,0.24023,2.16464,2.39098,0.96875,0.95312,1.00000
796,0.4197,78348288,53583,0.01236,1.43e-04,0.5525,86.4537,0.00000,0.00000,0.00000,10.00000,1066.91761,0.00000,0.72738,0.00000,0.00000,0.86375,0.00000,0.00000,0.00000,0.00000,0.00000,0.43248,2.18135,1.46706,0.98969,1.00000,0.83333,1882.05859,-0.03055,-0.18500,0.29651,-0.04189,0.50097,0.86154,-0.07989,0.14472,-0.01748,-0.06516,0.15342,0.37957,0.36979,1.83898,2.36545,0.96907,0.96850,0.84615,0.84895,0.00000,0.23864,2.17846,2.20551,0.94845,0.93750,0.85714
797,0.4202,78446592,53431,0.01717,9.91e-05,0.5525,100.1153,0.00000,0.00000,0.00000,10.00000,1074.58969,0.00000,0.72650,0.00000,0.00000,0.86477,0.00000,0.00000,0.00000,0.00000,0.00000,0.43228,2.18576,1.43506,1.00000,1.00000,1.00000,1858.58480,-0.03056,-0.18275,0.29673,-0.04137,0.50268,0.86252,-0.07904,0.14559,-0.01879,-0.06511,0.15443,0.38094,0.36937,1.82562,1.87760,0.98558,0.97794,1.00000,0.84687,0.00000,0.23907,2.17725,2.22607,0.97115,0.95714,1.00000
798,0.4207,78544896,52215,0.01136,1.22e-04,0.5525,91.2683,0.00000,0.00000,0.00000,10.00000,1095.06723,0.00000,0.79125,0.00000,0.00000,0.86437,0.00000,0.00000,0.00000,0.00000,0.00000,0.43185,2.16771,1.46329,1.00000,1.00000,1.00000,1864.88818,-0.03064,-0.18313,0.29521,-0.04063,0.50255,0.86210,-0.07853,0.14476,-0.01882,-0.06493,0.15275,0.37761,0.37024,1.74824,1.50444,0.98485,0.98582,0.90000,0.85119,0.00000,0.23949,2.17157,2.07449,0.96970,0.97059,0.75000
799,0.4213,78643200,53735,0.01352,1.30e-04,0.5525,82.8312,0.00000,0.00000,0.00000,10.00000,1091.53775,0.00000,0.76696,0.00000,0.00000,0.86140,0.00000,0.00000,0.00000,0.00000,0.00000,0.43188,2.16642,1.48959,0.99115,1.00000,0.91667,1840.14421,-0.03067,-0.18105,0.29456,-0.04112,0.50178,0.85927,-0.07865,0.14334,-0.01898,-0.06505,0.15230,0.37615,0.36974,1.85232,2.07333,0.98673,0.99359,0.90909,0.84871,0.00000,0.23900,2.15380,2.30228,0.98230,0.98551,0.90000
800,0.4218,78741504,53198,0.01041,1.87e-04,0.5525,85.2830,0.00000,0.00000,0.00000,10.00000,1078.21365,0.00000,0.85145,0.00000,0.00000,0.85981,0.00000,0.00000,0.00000,0.00000,0.00000,0.43338,2.16806,1.48974,0.98913,0.98667,1.00000,1834.87077,-0.03080,-0.18043,0.29393,-0.03985,0.49977,0.85760,-0.07873,0.14154,-0.01886,-0.06461,0.15272,0.37419,0.36910,1.82952,2.48750,0.97826,0.97163,1.00000,0.84550,0.00000,0.23846,2.14309,2.21362,0.96739,0.95455,1.00000
801,0.4223,78839808,54827,0.01506,2.15e-04,0.5526,95.7131,0.00000,0.00000,0.00000,10.00000,1094.80088,0.00000,0.71528,0.00000,0.00000,0.85754,0.00000,0.00000,0.00000,0.00000,0.00000,0.43399,2.18338,1.60567,1.00000,1.00000,1.00000,1850.03483,-0.03061,-0.18181,0.29648,-0.04109,0.49926,0.85538,-0.07846,0.14147,-0.01894,-0.06476,0.15467,0.37756,0.36863,1.80857,2.23882,0.99375,0.99029,1.00000,0.84313,0.00000,0.23971,2.15774,2.01491,0.98750,0.98039,1.00000
802,0.4228,78938112,53404,0.01696,1.71e-04,0.5526,65.8052,0.00000,0.00000,0.00000,10.00000,1090.97713,0.00000,0.80623,0.00000,0.00000,0.85934,0.00000,0.00000,0.00000,0.00000,0.00000,0.43363,2.19067,1.46033,1.00000,1.00000,1.00000,1847.89518,-0.03058,-0.18171,0.29716,-0.04014,0.49893,0.85695,-0.07889,0.14366,-0.01874,-0.06468,0.15531,0.37931,0.36873,1.83516,2.04800,0.96951,0.95798,1.00000,0.84364,0.00000,0.23946,2.17953,2.19809,0.93902,0.91803,1.00000
803,0.4234,79036416,53733,0.01394,1.92e-04,0.5525,82.5318,0.00000,0.00000,0.00000,10.00000,1045.72376,0.00000,0.81237,0.00000,0.00000,0.86132,0.00000,0.00000,0.00000,0.00000,0.00000,0.43194,2.18504,1.52460,0.98113,0.97368,1.00000,1862.56055,-0.03057,-0.18314,0.29672,-0.04094,0.50046,0.85904,-0.07835,0.14594,-0.01750,-0.06494,0.15353,0.37849,0.36927,1.90529,1.95905,0.95755,0.94839,0.95238,0.84634,0.00000,0.23720,2.17058,2.28598,0.93396,0.92405,0.88889
804,0.4239,79134720,52664,0.01414,2.15e-04,0.5525,91.7729,0.00000,0.00000,0.00000,10.00000,1099.29915,0.00000,0.76389,0.00000,0.00000,0.86462,0.00000,0.00000,0.00000,0.00000,0.00000,0.43144,2.19503,1.59792,0.98958,0.98611,1.00000,1846.86882,-0.03044,-0.18168,0.29825,-0.04095,0.50259,0.86235,-0.07815,0.14788,-0.01695,-0.06497,0.15388,0.38017,0.36999,1.89149,2.03636,0.98958,0.98485,1.00000,0.84996,0.00000,0.23675,2.18668,2.24469,0.98958,0.98333,1.00000
805,0.4244,79233024,54169,0.01484,1.92e-04,0.5525,91.5555,0.00000,0.00000,0.00000,10.00000,1053.43408,0.00000,0.80423,0.00000,0.00000,0.86599,0.00000,0.00000,0.00000,0.00000,0.00000,0.43117,2.19356,1.45566,0.99048,0.98667,1.00000,1807.83447,-0.03035,-0.17795,0.29894,-0.04171,0.50435,0.86376,-0.07857,0.14751,-0.01715,-0.06469,0.15510,0.38129,0.37025,1.86178,1.61474,0.97619,0.96711,1.00000,0.85123,0.00000,0.23894,2.19884,2.25835,0.96190,0.94805,1.00000
806,0.4249,79331328,53820,0.01420,1.89e-04,0.5524,88.9717,0.00000,0.00000,0.00000,10.00000,1070.26531,0.00000,0.78333,0.00000,0.00000,0.86269,0.00000,0.00000,0.00000,0.00000,0.00000,0.43060,2.16944,1.60825,1.00000,1.00000,1.00000,1818.41276,-0.03052,-0.17885,0.29775,-0.04126,0.50262,0.86063,-0.07755,0.14896,-0.01842,-0.06472,0.15413,0.37963,0.36951,1.87372,2.10533,0.97500,0.96454,1.00000,0.84757,0.00000,0.23805,2.19792,2.15316,0.95000,0.92754,1.00000
807,0.4254,79429632,53112,0.01532,1.92e-04,0.5524,95.4880,0.00000,0.00000,0.00000,10.00000,1027.12500,0.00000,0.83333,0.00000,0.00000,0.85946,0.00000,0.00000,0.00000,0.00000,0.00000,0.43051,2.15223,1.43918,0.98958,0.98507,1.00000,1830.98438,-0.03065,-0.18005,0.29559,-0.04082,0.49943,0.85738,-0.07791,0.15008,-0.02114,-0.06459,0.15342,0.37683,0.36851,1.96484,2.23857,0.97396,0.96528,1.00000,0.84253,0.00000,0.23682,2.18645,2.44450,0.95833,0.94805,1.00000
808,0.4260,79527936,52880,0.01537,1.71e-04,0.5523,79.7021,0.00000,0.00000,0.00000,10.00000,1047.81391,0.00000,0.77249,0.00000,0.00000,0.85721,0.00000,0.00000,0.00000,0.00000,0.00000,0.42992,2.15614,1.48753,1.00000,1.00000,1.00000,1814.09473,-0.03069,-0.17846,0.29528,-0.04053,0.49792,0.85510,-0.07829,0.14932,-0.01982,-0.06456,0.15247,0.37593,0.36833,1.94177,1.83667,0.98571,0.97945,1.00000,0.84167,0.00000,0.23633,2.17651,2.40143,0.97143,0.95890,1.00000
809,0.4265,79626240,54155,0.01374,1.92e-04,0.5523,78.4659,0.00000,0.00000,0.00000,10.00000,1066.79200,0.00000,0.75269,0.00000,0.00000,0.85645,0.00000,0.00000,0.00000,0.00000,0.00000,0.42981,2.14797,1.56162,1.00000,1.00000,1.00000,1823.59115,-0.03076,-0.17944,0.29370,-0.04042,0.49712,0.85424,-0.07794,0.14870,-0.01794,-0.06426,0.15178,0.37395,0.36865,2.03608,2.26421,0.98387,0.97619,1.00000,0.84326,0.00000,0.23581,2.17150,2.54493,0.96774,0.95161,1.00000
810,0.4270,79724544,53729,0.01474,1.76e-04,0.5522,80.0545,0.00000,0.00000,0.00000,10.00000,1086.31554,0.00000,0.81121,0.00000,0.00000,0.85596,0.00000,0.00000,0.00000,0.00000,0.00000,0.43020,2.14558,1.51410,1.00000,1.00000,1.00000,1807.65755,-0.03066,-0.17782,0.29267,-0.03967,0.49779,0.85377,-0.07780,0.14931,-0.01814,-0.06449,0.15215,0.37357,0.36891,1.86359,1.79384,0.98230,0.97576,1.00000,0.84457,0.00000,0.23518,2.17556,2.26361,0.96460,0.94737,1.00000
811,0.4275,79822848,52885,0.01530,1.32e-04,0.5522,86.2557,0.00000,0.00000,0.00000,10.00000,1077.13487,0.00000,0.78460,0.00000,0.00000,0.85835,0.00000,0.00000,0.00000,0.00000,0.00000,0.43065,2.13062,1.50782,1.00000,1.00000,1.00000,1804.81478,-0.03063,-0.17766,0.29295,-0.04053,0.49980,0.85612,-0.07657,0.14975,-0.01749,-0.06461,0.15060,0.37351,0.36952,1.91341,1.98933,0.98246,0.97516,1.00000,0.84759,0.00000,0.23474,2.18568,2.32372,0.96491,0.95062,1.00000
812,0.4280,79921152,52430,0.01416,1.32e-04,0.5521,84.9484,0.00000,0.00000,0.00000,10.00000,1094.55269,0.00000,0.74263,0.00000,0.00000,0.85641,0.00000,0.00000,0.00000,0.00000,0.00000,0.43010,2.11427,1.64734,0.98980,0.98551,1.00000,1807.58415,-0.03063,-0.17784,0.29180,-0.04091,0.49879,0.85403,-0.07589,0.14967,-0.01815,-0.06445,0.14838,0.37211,0.36872,1.95007,1.96588,0.97959,0.97710,1.00000,0.84359,0.00000,0.23577,2.17275,2.30176,0.96939,0.96774,1.00000
813,0.4286,80019456,53629,0.01363,1.43e-04,0.5521,92.1012,0.00000,0.00000,0.00000,10.00000,1094.96133,0.00000,0.76880,0.00000,0.00000,0.85314,0.00000,0.00000,0.00000,0.00000,0.00000,0.42987,2.12386,1.56213,1.00000,1.00000,1.00000,1811.75114,-0.03060,-0.17813,0.29355,-0.04113,0.49576,0.85082,-0.07637,0.15214,-0.01840,-0.06438,0.14988,0.37400,0.36796,1.91943,1.52400,0.97980,0.97080,1.00000,0.83980,0.00000,0.23396,2.19145,2.33169,0.95960,0.93846,1.00000
814,0.4291,80117760,53703,0.01182,1.89e-04,0.5521,87.0254,0.00000,0.00000,0.00000,10.00000,1112.85211,0.00000,0.73203,0.00000,0.00000,0.85440,0.00000,0.00000,0.00000,0.00000,0.00000,0.43006,2.12033,1.53254,1.00000,1.00000,1.00000,1844.16536,-0.03062,-0.18144,0.29303,-0.04098,0.49540,0.85206,-0.07667,0.15351,-0.01880,-0.06468,0.15004,0.37480,0.36861,1.89628,2.04470,0.98824,0.98214,1.00000,0.84307,0.00000,0.23463,2.20292,2.28935,0.97647,0.96296,1.00000
815,0.4296,80216064,54083,0.01339,2.53e-04,0.5521,81.8816,0.00000,0.00000,0.00000,10.00000,1073.37691,0.00000,0.77423,0.00000,0.00000,0.85645,0.00000,0.00000,0.00000,0.00000,0.00000,0.43038,2.14540,1.58312,1.00000,1.00000,1.00000,1862.16878,-0.03056,-0.18323,0.29594,-0.04131,0.49706,0.85421,-0.07759,0.15504,-0.01490,-0.06441,0.15237,0.37879,0.36920,1.95986,1.93778,0.97872,0.96947,1.00000,0.84601,0.00000,0.23451,2.23549,2.38029,0.95745,0.93651,1.00000
816,0.4301,80314368,52603,0.02419,1.76e-04,0.5521,74.8340,0.00000,0.00000,0.00000,10.00000,1092.54292,0.00000,0.72549,0.00000,0.00000,0.86466,0.00000,0.00000,0.00000,0.00000,0.00000,0.43105,2.15494,1.53706,1.00000,1.00000,1.00000,1843.20850,-0.03045,-0.18141,0.29749,-0.04162,0.50269,0.86233,-0.07715,0.15474,-0.01580,-0.06449,0.15231,0.38034,0.37104,2.02600,1.91368,1.00000,1.00000,1.00000,0.85520,0.00000,0.23422,2.23735,2.56226,1.00000,1.00000,1.00000
817,0.4306,80412672,53336,0.01327,1.33e-04,0.5521,90.0583,0.00000,0.00000,0.00000,10.00000,1095.56388,0.00000,0.81155,0.00000,0.00000,0.86927,0.00000,0.00000,0.00000,0.00000,0.00000,0.43094,2.17680,1.54436,1.00000,1.00000,1.00000,1845.47184,-0.03028,-0.18154,0.30030,-0.04176,0.50618,0.86677,-0.07733,0.15532,-0.01812,-0.06475,0.15425,0.38461,0.37117,1.83065,1.49143,0.98039,0.97315,1.00000,0.85586,0.00000,0.23593,2.25334,2.12447,0.96078,0.94595,1.00000
818,0.4312,80510976,51694,0.01252,1.92e-04,0.5522,68.7010,0.00000,0.00000,0.00000,10.00000,1093.80615,0.00000,0.65972,0.00000,0.00000,0.86889,0.00000,0.00000,0.00000,0.00000,0.00000,0.43056,2.16649,1.59012,1.00000,1.00000,1.00000,1807.58089,-0.03041,-0.17788,0.29882,-0.04204,0.50681,0.86651,-0.07687,0.15599,-0.01581,-0.06451,0.15409,0.38240,0.37087,2.08323,2.22067,0.98661,0.97744,1.00000,0.85435,0.00000,0.23478,2.24697,2.58250,0.97321,0.95455,1.00000
819,0.4317,80609280,54285,0.01519,1.49e-04,0.5521,103.4138,0.00000,0.00000,0.00000,10.00000,1067.80956,0.00000,0.79450,0.00000,0.00000,0.86633,0.00000,0.00000,0.00000,0.00000,0.00000,0.43093,2.14845,1.69622,1.00000,1.00000,1.00000,1835.58952,-0.03053,-0.18051,0.29733,-0.04185,0.50415,0.86384,-0.07622,0.15650,-0.01750,-0.06461,0.15316,0.37977,0.37029,1.99417,2.31778,0.98387,0.97744,1.00000,0.85144,0.00000,0.23282,2.23934,2.28052,0.96774,0.95588,1.00000
820,0.4322,80707584,55426,0.01546,1.43e-04,0.5520,88.9405,0.00000,0.00000,0.00000,10.00000,1086.60910,0.00000,0.78373,0.00000,0.00000,0.86391,0.00000,0.00000,0.00000,0.00000,0.00000,0.43102,2.12013,1.45357,0.99107,0.98701,1.00000,1826.46647,-0.03057,-0.17965,0.29546,-0.04149,0.50248,0.86127,-0.07613,0.15675,-0.01887,-0.06475,0.15133,0.37768,0.37024,1.93977,1.79750,0.98661,0.98101,1.00000,0.85121,0.00000,0.23306,2.23652,2.39865,0.98214,0.97531,1.00000
821,0.4327,80805888,53658,0.01571,1.37e-04,0.5520,92.7745,0.00000,0.00000,0.00000,10.00000,1087.39732,0.00000,0.79365,0.00000,0.00000,0.85827,0.00000,0.00000,0.00000,0.00000,0.00000,0.43041,2.12643,1.57775,1.00000,1.00000,1.00000,1823.97835,-0.03054,-0.17947,0.29481,-0.04226,0.49951,0.85573,-0.07697,0.15777,-0.01741,-0.06420,0.15231,0.37745,0.36939,1.93095,1.71778,0.97802,0.97692,0.88889,0.84695,0.00000,0.23128,2.23304,2.31091,0.95604,0.95312,0.75000
822,0.4332,80904192,53573,0.01141,1.58e-04,0.5520,84.3584,0.00000,0.00000,0.00000,10.00000,1083.84385,0.00000,0.77083,0.00000,0.00000,0.85888,0.00000,0.00000,0.00000,0.00000,0.00000,0.43038,2.15884,1.57781,1.00000,1.00000,1.00000,1840.47721,-0.03066,-0.18114,0.29691,-0.04271,0.49860,0.85636,-0.07741,0.15676,-0.01736,-0.06451,0.15312,0.38015,0.36888,2.00890,2.26706,1.00000,1.00000,1.00000,0.84440,0.00000,0.23129,2.22542,2.44000,1.00000,1.00000,1.00000
823,0.4337,81002496,53975,0.01142,1.87e-04,0.5519,82.8982,0.00000,0.00000,0.00000,10.00000,1062.38181,0.00000,0.82687,0.00000,0.00000,0.86303,0.00000,0.00000,0.00000,0.00000,0.00000,0.42842,2.19012,1.52418,0.98837,0.98485,1.00000,1846.21680,-0.03051,-0.18151,0.30040,-0.04247,0.50219,0.86050,-0.07770,0.15779,-0.01707,-0.06435,0.15459,0.38450,0.36987,2.08611,2.16800,0.97093,0.96094,1.00000,0.84935,0.00000,0.23387,2.24493,2.67437,0.95349,0.93548,1.00000
824,0.4343,81100800,52653,0.01288,2.25e-04,0.5519,80.2882,0.00000,0.00000,0.00000,10.00000,1103.07024,0.00000,0.71581,0.00000,0.00000,0.87190,0.00000,0.00000,0.00000,0.00000,0.00000,0.42866,2.19343,1.48805,1.00000,1.00000,1.00000,1853.29557,-0.03039,-0.18230,0.30158,-0.04283,0.50738,0.86929,-0.07683,0.15887,-0.01749,-0.06478,0.15503,0.38584,0.37115,1.98358,2.07667,0.99038,0.98507,1.00000,0.85577,0.00000,0.23342,2.25455,2.49919,0.98077,0.96875,1.00000
825,0.4348,81199104,51958,0.01432,2.07e-04,0.5519,87.1980,0.00000,0.00000,0.00000,10.00000,1122.68719,0.00000,0.76111,0.00000,0.00000,0.87541,0.00000,0.00000,0.00000,0.00000,0.00000,0.42831,2.19732,1.53615,1.00000,1.00000,1.00000,1828.28516,-0.03037,-0.17993,0.30232,-0.04253,0.50861,0.87271,-0.07704,0.15983,-0.01807,-0.06474,0.15512,0.38701,0.37173,1.85486,1.81500,0.99000,0.98540,1.00000,0.85866,0.00000,0.23318,2.27184,2.21000,0.98000,0.96875,1.00000
826,0.4354,81297408,48810,0.01410,1.71e-04,0.5518,70.0566,0.00000,0.00000,0.00000,10.00000,1097.12522,0.00000,0.77249,0.00000,0.00000,0.87282,0.00000,0.00000,0.00000,0.00000,0.00000,0.42766,2.18215,1.56253,1.00000,1.00000,1.00000,1827.79232,-0.03037,-0.17996,0.30177,-0.04369,0.50844,0.87019,-0.07665,0.16033,-0.01669,-0.06470,0.15459,0.38558,0.37170,1.83382,1.86105,0.99524,0.99315,1.00000,0.85851,0.00000,0.23254,2.26603,2.13641,0.99048,0.98571,1.00000
827,0.4359,81395712,49520,0.01471,1.60e-04,0.5517,87.5462,0.00000,0.00000,0.00000,10.00000,1129.09646,0.00000,0.73157,0.00000,0.00000,0.87129,0.00000,0.00000,0.00000,0.00000,0.00000,0.42724,2.18169,1.48078,1.00000,1.00000,1.00000,1818.16862,-0.03035,-0.17895,0.30076,-0.04330,0.50605,0.86852,-0.07683,0.16003,-0.01655,-0.06440,0.15472,0.38418,0.37107,1.81375,1.69667,0.98515,0.97744,1.00000,0.85533,0.00000,0.23187,2.25657,2.19642,0.97030,0.95385,1.00000
828,0.4365,81494016,48120,0.01466,1.37e-04,0.5517,83.2184,0.00000,0.00000,0.00000,10.00000,1084.97114,0.00000,0.77664,0.00000,0.00000,0.86970,0.00000,0.00000,0.00000,0.00000,0.00000,0.42825,2.17595,1.55846,0.97959,0.98571,0.87500,1796.80225,-0.03038,-0.17678,0.30000,-0.04267,0.50624,0.86688,-0.07672,0.15871,-0.01718,-0.06446,0.15465,0.38275,0.37086,1.85603,1.78800,0.97959,0.97810,0.93333,0.85432,0.00000,0.23194,2.24464,2.17397,0.97959,0.97015,1.00000
829,0.4371,81592320,47406,0.01280,1.86e-04,0.5516,82.4003,0.00000,0.00000,0.00000,10.00000,1089.25898,0.00000,0.76111,0.00000,0.00000,0.86568,0.00000,0.00000,0.00000,0.00000,0.00000,0.42823,2.17282,1.61976,0.98000,0.97260,1.00000,1796.18620,-0.03034,-0.17690,0.29932,-0.04287,0.50411,0.86288,-0.07619,0.15815,-0.01647,-0.06454,0.15480,0.38248,0.36950,1.83742,1.72857,0.98000,0.97080,1.00000,0.84749,0.00000,0.23166,2.24255,2.08833,0.98000,0.96875,1.00000
830,0.4377,81690624,48443,0.01506,1.69e-04,0.5516,76.5367,0.00000,0.00000,0.00000,10.00000,1095.24984,0.00000,0.73099,0.00000,0.00000,0.86302,0.00000,0.00000,0.00000,0.00000,0.00000,0.42775,2.14823,1.55486,1.00000,1.00000,1.00000,1804.09505,-0.03042,-0.17755,0.29643,-0.04148,0.50218,0.86036,-0.07665,0.15840,-0.01622,-0.06432,0.15364,0.37841,0.36932,1.90071,1.67875,0.97895,0.98400,0.87500,0.84662,0.00000,0.23099,2.23490,2.24657,0.95789,0.96774,0.77778
831,0.4382,81788928,47846,0.01446,1.55e-04,0.5516,87.9282,0.00000,0.00000,0.00000,10.00000,1092.31002,0.00000,0.80997,0.00000,0.00000,0.86266,0.00000,0.00000,0.00000,0.00000,0.00000,0.42750,2.13341,1.54022,0.99065,0.98780,1.00000,1800.95052,-0.03054,-0.17724,0.29460,-0.04175,0.50084,0.86009,-0.07700,0.15857,-0.01718,-0.06416,0.15302,0.37654,0.36943,1.81124,1.84308,0.97664,0.96795,1.00000,0.84717,0.00000,0.23042,2.22854,2.12000,0.96262,0.94595,1.00000
832,0.4388,81887232,48524,0.01290,1.76e-04,0.5516,79.2236,0.00000,0.00000,0.00000,10.00000,1105.56036,0.00000,0.77957,0.00000,0.00000,0.86148,0.00000,0.00000,0.00000,0.00000,0.00000,0.42801,2.11341,1.38505,1.00000,1.00000,1.00000,1804.03646,-0.03058,-0.17740,0.29173,-0.04110,0.49987,0.85891,-0.07687,0.15447,-0.01750,-0.06446,0.15088,0.37333,0.36903,1.84136,1.80235,0.99597,0.99425,1.00000,0.84514,0.00000,0.23299,2.20081,2.37545,0.99194,0.98750,1.00000
833,0.4394,81985536,48506,0.01255,2.53e-04,0.5515,91.4316,0.00000,0.00000,0.00000,10.00000,1121.41564,0.00000,0.76779,0.00000,0.00000,0.85430,0.00000,0.00000,0.00000,0.00000,0.00000,0.42818,2.07972,1.54493,1.00000,1.00000,1.00000,1825.05046,-0.03078,-0.17951,0.28847,-0.04151,0.49551,0.85186,-0.07702,0.15254,-0.02189,-0.06439,0.14858,0.36945,0.36767,1.94235,2.01077,1.00000,1.00000,1.00000,0.83833,0.00000,0.23433,2.17514,2.35164,1.00000,1.00000,1.00000
834,0.4400,82083840,47656,0.01823,2.55e-04,0.5515,80.2504,0.00000,0.00000,0.00000,10.00000,1093.28063,0.00000,0.75049,0.00000,0.00000,0.85026,0.00000,0.00000,0.00000,0.00000,0.00000,0.42827,2.08681,1.53428,1.00000,1.00000,1.00000,1823.84424,-0.03076,-0.17944,0.28844,-0.04179,0.49215,0.84786,-0.07745,0.15269,-0.01885,-0.06437,0.14906,0.36920,0.36708,1.92521,1.89333,0.98684,0.98701,0.91667,0.83542,0.00000,0.23336,2.17854,2.33062,0.97368,0.97368,0.83333
835,0.4406,82182144,47002,0.01807,1.10e-04,0.5514,75.1987,0.00000,0.00000,0.00000,10.00000,1082.02977,0.00000,0.69820,0.00000,0.00000,0.85258,0.00000,0.00000,0.00000,0.00000,0.00000,0.42836,2.10153,1.67296,1.00000,1.00000,1.00000,1845.95801,-0.03061,-0.18147,0.29102,-0.04153,0.49430,0.85011,-0.07704,0.15384,-0.02001,-0.06434,0.14994,0.37204,0.36769,1.95185,2.01529,0.96622,0.95699,0.94118,0.83847,0.00000,0.23266,2.19575,2.23074,0.93243,0.91304,0.90000
836,0.4411,82280448,48841,0.01256,1.23e-04,0.5514,80.3684,0.00000,0.00000,0.00000,10.00000,1073.84717,0.00000,0.78027,0.00000,0.00000,0.85616,0.00000,0.00000,0.00000,0.00000,0.00000,0.42890,2.13793,1.45540,0.98876,0.98529,1.00000,1865.26823,-0.03060,-0.18346,0.29487,-0.04232,0.49710,0.85358,-0.07734,0.15606,-0.02032,-0.06448,0.15189,0.37700,0.36818,1.84696,2.15571,0.97753,0.96800,1.00000,0.84091,0.00000,0.23174,2.21491,2.32197,0.96629,0.94737,1.00000
837,0.4417,82378752,47735,0.01130,1.47e-04,0.5513,76.6944,0.00000,0.00000,0.00000,10.00000,1066.14191,0.00000,0.77778,0.00000,0.00000,0.86377,0.00000,0.00000,0.00000,0.00000,0.00000,0.42869,2.16478,1.49577,1.00000,1.00000,1.00000,1862.02376,-0.03059,-0.18320,0.29707,-0.04307,0.50094,0.86116,-0.07690,0.15612,-0.01921,-0.06438,0.15329,0.37957,0.36933,1.90547,1.85300,0.99412,0.99160,1.00000,0.84666,0.00000,0.23214,2.22124,2.33323,0.98824,0.98361,1.00000
838,0.4423,82477056,48508,0.01465,1.44e-04,0.5513,77.1026,0.00000,0.00000,0.00000,10.00000,1094.65764,0.00000,0.82035,0.00000,0.00000,0.86802,0.00000,0.00000,0.00000,0.00000,0.00000,0.42817,2.19392,1.49795,0.99065,0.98780,1.00000,1834.67839,-0.03048,-0.18028,0.30084,-0.04400,0.50387,0.86547,-0.07719,0.15712,-0.01968,-0.06480,0.15559,0.38351,0.37019,1.82643,1.70000,0.99065,0.98734,1.00000,0.85093,0.00000,0.23314,2.23440,2.18775,0.99065,0.98684,1.00000
839,0.4429,82575360,47612,0.01643,1.04e-04,0.5514,76.2203,0.00000,0.00000,0.00000,10.00000,1104.99142,0.00000,0.67956,0.00000,0.00000,0.86992,0.00000,0.00000,0.00000,0.00000,0.00000,0.42772,2.17897,1.46376,1.00000,1.00000,1.00000,1814.43457,-0.03050,-0.17853,0.29866,-0.04220,0.50516,0.86730,-0.07710,0.15683,-0.01896,-0.06454,0.15484,0.38086,0.37057,1.81459,1.95757,1.00000,1.00000,1.00000,0.85283,0.00000,0.23231,2.22606,2.16541,1.00000,1.00000,1.00000
840,0.4434,82673664,49647,0.01235,1.20e-04,0.5514,77.6317,0.00000,0.00000,0.00000,10.00000,1106.66190,0.00000,0.73707,0.00000,0.00000,0.86817,0.00000,0.00000,0.00000,0.00000,0.00000,0.42885,2.17449,1.50421,1.00000,1.00000,1.00000,1821.19189,-0.03051,-0.17913,0.29806,-0.04243,0.50497,0.86553,-0.07743,0.15659,-0.01697,-0.06437,0.15413,0.38018,0.37055,1.86490,1.99428,0.98515,0.97761,1.00000,0.85273,0.00000,0.23152,2.22332,2.25098,0.97030,0.95385,1.00000
841,0.4440,82771968,50027,0.01202,1.56e-04,0.5514,76.3594,0.00000,0.00000,0.00000,10.00000,1097.15656,0.00000,0.77558,0.00000,0.00000,0.86486,0.00000,0.00000,0.00000,0.00000,0.00000,0.42899,2.15575,1.55125,0.99010,0.98649,1.00000,1822.99398,-0.03071,-0.17925,0.29535,-0.04234,0.50284,0.86203,-0.07699,0.15488,-0.01778,-0.06443,0.15311,0.37712,0.36940,1.85656,2.14364,0.98020,0.97163,1.00000,0.84699,0.00000,0.23168,2.20081,2.20056,0.97030,0.95522,1.00000
842,0.4445,82870272,49299,0.02085,1.11e-04,0.5514,71.1546,0.00000,0.00000,0.00000,10.00000,1093.06293,0.00000,0.73457,0.00000,0.00000,0.85990,0.00000,0.00000,0.00000,0.00000,0.00000,0.42811,2.15938,1.49939,0.97778,0.96610,1.00000,1820.89469,-0.03064,-0.17904,0.29580,-0.04189,0.49963,0.85710,-0.07670,0.15606,-0.02018,-0.06428,0.15327,0.37703,0.36853,1.94062,1.68545,0.98333,0.97479,1.00000,0.84265,0.00000,0.23105,2.19931,2.40286,0.98889,0.98333,1.00000
843,0.4451,82968576,49815,0.01262,1.41e-04,0.5514,82.0355,0.00000,0.00000,0.00000,10.00000,1121.38561,0.00000,0.73388,0.00000,0.00000,0.85857,0.00000,0.00000,0.00000,0.00000,0.00000,0.42896,2.17685,1.43156,1.00000,1.00000,1.00000,1830.02799,-0.03067,-0.17989,0.29738,-0.04142,0.49848,0.85583,-0.07656,0.15611,-0.01999,-0.06392,0.15505,0.37922,0.36843,1.83479,1.68333,0.99383,0.99065,1.00000,0.84213,0.00000,0.23169,2.20523,2.30400,0.98765,0.98000,1.00000
844,0.4457,83066880,48355,0.01329,1.49e-04,0.5513,84.0406,0.00000,0.00000,0.00000,10.00000,1119.55406,0.00000,0.71520,0.00000,0.00000,0.86181,0.00000,0.00000,0.00000,0.00000,0.00000,0.42919,2.19634,1.74034,1.00000,1.00000,1.00000,1838.23258,-0.03063,-0.18094,0.29908,-0.04149,0.50060,0.85897,-0.07768,0.15672,-0.01624,-0.06414,0.15597,0.38194,0.36930,1.92871,1.73857,0.98276,0.97321,1.00000,0.84648,0.00000,0.23155,2.22557,2.09969,0.96552,0.94915,1.00000
845,0.4462,83165184,48942,0.01332,1.72e-04,0.5513,79.9817,0.00000,0.00000,0.00000,10.00000,1113.23175,0.00000,0.75908,0.00000,0.00000,0.86883,0.00000,0.00000,0.00000,0.00000,0.00000,0.42821,2.19964,1.59461,1.00000,1.00000,1.00000,1852.89079,-0.03061,-0.18206,0.30005,-0.04187,0.50502,0.86600,-0.07831,0.15733,-0.01848,-0.06457,0.15608,0.38238,0.37052,1.86689,1.97636,0.98020,0.97826,0.90909,0.85260,0.00000,0.23138,2.22251,2.17028,0.96040,0.95385,0.83333
846,0.4468,83263488,49241,0.01556,1.32e-04,0.5513,80.9166,0.00000,0.00000,0.00000,10.00000,1075.19818,0.00000,0.78798,0.00000,0.00000,0.87106,0.00000,0.00000,0.00000,0.00000,0.00000,0.42787,2.19710,1.51797,0.98980,0.98571,1.00000,1825.87272,-0.03045,-0.17965,0.30241,-0.04290,0.50700,0.86837,-0.07832,0.16014,-0.01773,-0.06457,0.15631,0.38509,0.37107,1.85445,1.79579,0.97959,0.97122,1.00000,0.85533,0.00000,0.23161,2.25818,2.20421,0.96939,0.95652,1.00000
847,0.4474,83361792,48933,0.01478,1.44e-04,0.5512,74.7496,0.00000,0.00000,0.00000,10.00000,1093.22871,0.00000,0.73394,0.00000,0.00000,0.87183,0.00000,0.00000,0.00000,0.00000,0.00000,0.42720,2.18343,1.62469,0.99083,1.00000,0.90000,1812.23340,-0.03042,-0.17831,0.30077,-0.04217,0.50799,0.86917,-0.07704,0.16107,-0.01905,-0.06484,0.15597,0.38256,0.37125,1.95258,1.64588,0.98624,0.98611,0.94118,0.85624,0.00000,0.23089,2.25000,2.29308,0.98165,0.97260,1.00000
848,0.4479,83460096,47098,0.01415,1.20e-04,0.5512,94.6131,0.00000,0.00000,0.00000,10.00000,1096.25356,0.00000,0.76591,0.00000,0.00000,0.86990,0.00000,0.00000,0.00000,0.00000,0.00000,0.42693,2.17295,1.75200,1.00000,1.00000,1.00000,1805.50065,-0.03055,-0.17768,0.29951,-0.04277,0.50642,0.86731,-0.07758,0.16167,-0.01828,-0.06463,0.15550,0.38143,0.37066,1.98915,1.85385,0.98058,0.97183,1.00000,0.85330,0.00000,0.23078,2.24363,2.21718,0.96117,0.94667,1.00000
849,0.4485,83558400,48624,0.01323,1.72e-04,0.5512,84.8347,0.00000,0.00000,0.00000,10.00000,1096.32047,0.00000,0.74830,0.00000,0.00000,0.86381,0.00000,0.00000,0.00000,0.00000,0.00000,0.42830,2.15261,1.50519,1.00000,1.00000,1.00000,1792.54525,-0.03068,-0.17642,0.29659,-0.04177,0.50268,0.86116,-0.07725,0.16006,-0.01745,-0.06435,0.15472,0.37764,0.36967,1.77864,1.66118,0.98980,0.98485,1.00000,0.84835,0.00000,0.22945,2.22828,2.07943,0.97959,0.96875,1.00000
850,0.4491,83656704,50260,0.01309,2.06e-04,0.5512,81.4959,0.00000,0.00000,0.00000,10.00000,1101.62082,0.00000,0.79686,0.00000,0.00000,0.85754,0.00000,0.00000,0.00000,0.00000,0.00000,0.42833,2.13906,1.43976,1.00000,1.00000,1.00000,1817.79688,-0.03084,-0.17866,0.29510,-0.04076,0.49879,0.85498,-0.07701,0.16096,-0.02020,-0.06422,0.15425,0.37560,0.36860,1.79637,1.54222,0.99495,0.99296,1.00000,0.84300,0.00000,0.22750,2.21560,2.19053,0.98990,0.98529,1.00000
851,0.4497,83755008,48721,0.01470,2.11e-04,0.5512,89.5359,0.00000,0.00000,0.00000,10.00000,1046.64103,0.00000,0.79282,0.00000,0.00000,0.85552,0.00000,0.00000,0.00000,0.00000,0.00000,0.42896,2.14419,1.54182,0.98958,0.98611,1.00000,1824.78857,-0.03078,-0.17958,0.29412,-0.04084,0.49679,0.85287,-0.07747,0.15974,-0.01684,-0.06430,0.15391,0.37509,0.36862,1.96438,2.52833,0.96875,0.95620,1.00000,0.84309,0.00000,0.22721,2.21316,2.43594,0.94792,0.92308,1.00000
852,0.4502,83853312,48199,0.01711,1.37e-04,0.5512,90.0058,0.00000,0.00000,0.00000,10.00000,1090.69701,0.00000,0.75472,0.00000,0.00000,0.85878,0.00000,0.00000,0.00000,0.00000,0.00000,0.42853,2.15801,1.58150,0.99057,0.98649,1.00000,1857.18245,-0.03069,-0.18244,0.29415,-0.04161,0.49942,0.85618,-0.07732,0.15801,-0.02011,-0.06478,0.15301,0.37582,0.36957,1.99375,2.30667,0.99057,0.98611,1.00000,0.84786,0.00000,0.22781,2.19073,2.40600,0.99057,0.98571,1.00000
853,0.4508,83951616,46677,0.01300,1.56e-04,0.5511,88.3754,0.00000,0.00000,0.00000,10.00000,1090.85876,0.00000,0.81365,0.00000,0.00000,0.86021,0.00000,0.00000,0.00000,0.00000,0.00000,0.42861,2.14130,1.53717,1.00000,1.00000,1.00000,1813.52197,-0.03091,-0.17845,0.29163,-0.04123,0.49994,0.85783,-0.07742,0.15622,-0.01848,-0.06459,0.15236,0.37296,0.36973,1.89547,1.77111,0.99213,0.98925,1.00000,0.84864,0.00000,0.22743,2.17642,2.28701,0.98425,0.97753,1.00000
854,0.4514,84049920,46860,0.01154,2.25e-04,0.5511,88.3582,0.00000,0.00000,0.00000,10.00000,1097.77871,0.00000,0.80749,0.00000,0.00000,0.85621,0.00000,0.00000,0.00000,0.00000,0.00000,0.42810,2.14495,1.53815,1.00000,1.00000,1.00000,1804.11410,-0.03094,-0.17762,0.29154,-0.04123,0.49794,0.85373,-0.07738,0.15695,-0.01630,-0.06408,0.15269,0.37251,0.36843,1.92569,1.66286,0.98837,0.98400,1.00000,0.84216,0.00000,0.22634,2.17737,2.31323,0.97674,0.96825,1.00000
855,0.4520,84148224,49163,0.01467,1.58e-04,0.5510,83.9751,0.00000,0.00000,0.00000,10.00000,1066.64010,0.00000,0.84402,0.00000,0.00000,0.85239,0.00000,0.00000,0.00000,0.00000,0.00000,0.42815,2.15881,1.57214,0.99038,0.98734,1.00000,1804.95068,-0.03088,-0.17753,0.29261,-0.04177,0.49629,0.84990,-0.07736,0.15738,-0.01758,-0.06443,0.15294,0.37338,0.36752,1.91164,1.54667,0.96635,0.95570,1.00000,0.83762,0.00000,0.22529,2.16642,2.26370,0.94231,0.92405,1.00000
856,0.4526,84246528,46681,0.01206,1.87e-04,0.5509,85.7092,0.00000,0.00000,0.00000,10.00000,1130.91406,0.00000,0.67664,0.00000,0.00000,0.85447,0.00000,0.00000,0.00000,0.00000,0.00000,0.42697,2.16656,1.50933,1.00000,1.00000,1.00000,1829.46712,-0.03076,-0.17982,0.29442,-0.04226,0.49693,0.85207,-0.07719,0.15982,-0.01829,-0.06425,0.15441,0.37555,0.36741,1.89896,1.87000,1.00000,1.00000,1.00000,0.83703,0.00000,0.22554,2.18644,2.32400,1.00000,1.00000,1.00000
857,0.4532,84344832,47341,0.01268,2.15e-04,0.5508,77.0771,0.00000,0.00000,0.00000,10.00000,1104.25518,0.00000,0.72057,0.00000,0.00000,0.85656,0.00000,0.00000,0.00000,0.00000,0.00000,0.42686,2.17592,1.57400,0.99010,0.98413,1.00000,1817.67676,-0.03086,-0.17874,0.29656,-0.04157,0.49773,0.85414,-0.07841,0.16227,-0.02025,-0.06421,0.15551,0.37807,0.36771,1.89379,1.98353,0.98020,0.96947,1.00000,0.83853,0.00000,0.22442,2.21121,2.19227,0.97030,0.95588,1.00000
858,0.4537,84443136,48047,0.02114,1.30e-04,0.5508,79.0426,0.00000,0.00000,0.00000,10.00000,1102.55450,0.00000,0.73413,0.00000,0.00000,0.85958,0.00000,0.00000,0.00000,0.00000,0.00000,0.42781,2.17432,1.48844,0.98810,0.98246,1.00000,1862.19352,-0.03098,-0.18299,0.29643,-0.04180,0.49890,0.85719,-0.07799,0.16055,-0.01971,-0.06413,0.15567,0.37738,0.36910,1.84397,1.58750,0.99405,0.99099,1.00000,0.84551,0.00000,0.22507,2.20280,2.21097,1.00000,1.00000,1.00000
859,0.4543,84541440,47723,0.01213,1.47e-04,0.5508,82.2599,0.00000,0.00000,0.00000,10.00000,1100.41945,0.00000,0.73355,0.00000,0.00000,0.86638,0.00000,0.00000,0.00000,0.00000,0.00000,0.42797,2.19039,1.57216,0.99029,0.98462,1.00000,1844.12516,-0.03075,-0.18146,0.29851,-0.04294,0.50330,0.86384,-0.07756,0.16073,-0.01726,-0.06451,0.15623,0.38071,0.36991,1.91920,1.72875,0.97573,0.96324,1.00000,0.84957,0.00000,0.22686,2.23078,2.25273,0.96117,0.94366,1.00000
860,0.4549,84639744,48833,0.01343,1.60e-04,0.5507,94.5644,0.00000,0.00000,0.00000,10.00000,1095.30193,0.00000,0.72487,0.00000,0.00000,0.86923,0.00000,0.00000,0.00000,0.00000,0.00000,0.42788,2.19260,1.69190,0.99048,0.98551,1.00000,1821.75488,-0.03074,-0.17932,0.29848,-0.04170,0.50505,0.86656,-0.07648,0.16169,-0.01711,-0.06457,0.15645,0.38154,0.37034,1.89903,1.95214,0.99048,0.98540,1.00000,0.85168,0.00000,0.22606,2.23623,2.11383,0.99048,0.98529,1.00000
861,0.4555,84738048,49221,0.01525,1.20e-04,0.5508,88.2876,0.00000,0.00000,0.00000,10.00000,1100.66973,0.00000,0.78171,0.00000,0.00000,0.86633,0.00000,0.00000,0.00000,0.00000,0.00000,0.42873,2.20120,1.56899,1.00000,1.00000,1.00000,1800.70573,-0.03051,-0.17718,0.30099,-0.04315,0.50485,0.86357,-0.07611,0.16341,-0.01662,-0.06480,0.15688,0.38429,0.36960,1.82244,1.71867,0.98230,0.97484,1.00000,0.84801,0.00000,0.22544,2.24904,2.09422,0.96460,0.94872,1.00000
862,0.4560,84836352,47915,0.01179,1.60e-04,0.5508,83.8740,0.00000,0.00000,0.00000,10.00000,1131.51011,0.00000,0.74879,0.00000,0.00000,0.86400,0.00000,0.00000,0.00000,0.00000,0.00000,0.42814,2.16652,1.54952,1.00000,1.00000,1.00000,1812.03597,-0.03075,-0.17826,0.29737,-0.04224,0.50357,0.86127,-0.07612,0.16358,-0.01798,-0.06460,0.15545,0.37903,0.36931,1.83492,1.96000,1.00000,1.00000,1.00000,0.84656,0.00000,0.22439,2.22798,2.08817,1.00000,1.00000,1.00000
863,0.4566,84934656,48412,0.01477,1.79e-04,0.5508,79.0027,0.00000,0.00000,0.00000,10.00000,1056.86967,0.00000,0.82071,0.00000,0.00000,0.86129,0.00000,0.00000,0.00000,0.00000,0.00000,0.42811,2.15860,1.55945,0.98864,0.98507,1.00000,1827.11865,-0.03065,-0.17974,0.29730,-0.04188,0.50123,0.85859,-0.07708,0.16469,-0.01803,-0.06439,0.15554,0.37924,0.36918,1.95726,2.43692,0.96591,0.96154,0.92308,0.84589,0.00000,0.22489,2.24599,2.39727,0.94318,0.93651,0.83333
864,0.4572,85032960,48649,0.01575,1.49e-04,0.5507,88.2514,0.00000,0.00000,0.00000,10.00000,1093.84230,0.00000,0.75446,0.00000,0.00000,0.86231,0.00000,0.00000,0.00000,0.00000,0.00000,0.42896,2.17075,1.48175,1.00000,1.00000,1.00000,1839.94564,-0.03045,-0.18113,0.30007,-0.04288,0.50171,0.85955,-0.07763,0.16692,-0.01647,-0.06449,0.15733,0.38238,0.36941,2.08644,1.76750,0.99383,0.99091,1.00000,0.84707,0.00000,0.22401,2.27665,2.65147,0.98765,0.98246,1.00000
865,0.4578,85131264,47511,0.01488,1.04e-04,0.5507,74.8570,0.00000,0.00000,0.00000,10.00000,1106.65947,0.00000,0.75601,0.00000,0.00000,0.86877,0.00000,0.00000,0.00000,0.00000,0.00000,0.42925,2.19658,1.61026,1.00000,1.00000,1.00000,1854.42057,-0.03041,-0.18239,0.30297,-0.04289,0.50554,0.86606,-0.07810,0.16819,-0.01734,-0.06459,0.15833,0.38586,0.37023,1.94438,1.79333,0.97938,0.98485,0.88235,0.85113,0.00000,0.22320,2.28806,2.30714,0.95876,0.96875,0.77778
866,0.4583,85229568,48627,0.01038,1.41e-04,0.5507,75.2474,0.00000,0.00000,0.00000,10.00000,1117.18296,0.00000,0.78256,0.00000,0.00000,0.87291,0.00000,0.00000,0.00000,0.00000,0.00000,0.42906,2.18832,1.66684,1.00000,1.00000,1.00000,1820.60612,-0.03051,-0.17920,0.30110,-0.04276,0.50817,0.87023,-0.07772,0.16841,-0.01586,-0.06477,0.15779,0.38360,0.37097,1.93562,1.64857,0.99462,0.99237,1.00000,0.85484,0.00000,0.22201,2.27430,2.27049,0.98925,0.98305,1.00000
867,0.4589,85327872,49490,0.01283,1.79e-04,0.5507,90.7784,0.00000,0.00000,0.00000,10.00000,1089.04018,0.00000,0.75661,0.00000,0.00000,0.87165,0.00000,0.00000,0.00000,0.00000,0.00000,0.42922,2.17876,1.70469,1.00000,1.00000,1.00000,1844.29004,-0.03056,-0.18141,0.30154,-0.04340,0.50654,0.86894,-0.07766,0.16981,-0.01986,-0.06474,0.15800,0.38374,0.37070,1.97085,1.89238,0.98095,0.97902,0.95238,0.85350,0.00000,0.22147,2.27281,2.23060,0.96190,0.95946,0.88889
868,0.4595,85426176,48928,0.01695,1.30e-04,0.5506,70.3656,0.00000,0.00000,0.00000,10.00000,1066.61891,0.00000,0.82778,0.00000,0.00000,0.86974,0.00000,0.00000,0.00000,0.00000,0.00000,0.42843,2.15799,1.53553,1.00000,1.00000,1.00000,1813.03369,-0.03068,-0.17838,0.29979,-0.04291,0.50542,0.86707,-0.07742,0.17116,-0.01746,-0.06461,0.15614,0.38128,0.37062,1.83103,1.77529,0.98500,0.98658,0.94118,0.85309,0.00000,0.22083,2.27941,2.14500,0.97000,0.97222,0.88889
869,0.4600,85524480,49102,0.01276,1.55e-04,0.5506,84.5868,0.00000,0.00000,0.00000,10.00000,1095.82464,0.00000,0.76885,0.00000,0.00000,0.86518,0.00000,0.00000,0.00000,0.00000,0.00000,0.42843,2.14579,1.56795,1.00000,1.00000,1.00000,1806.49772,-0.03070,-0.17780,0.29809,-0.04277,0.50266,0.86260,-0.07684,0.16958,-0.01673,-0.06464,0.15499,0.37968,0.36970,1.93857,1.74714,0.98214,0.97419,1.00000,0.84848,0.00000,0.22143,2.26893,2.34625,0.96429,0.94521,1.00000
870,0.4606,85622784,48118,0.01272,2.03e-04,0.5506,87.6268,0.00000,0.00000,0.00000,10.00000,1079.79552,0.00000,0.76691,0.00000,0.00000,0.86152,0.00000,0.00000,0.00000,0.00000,0.00000,0.42894,2.13863,1.51000,0.98913,0.98413,1.00000,1824.41325,-0.03081,-0.17931,0.29646,-0.04125,0.50085,0.85894,-0.07701,0.16881,-0.01800,-0.06437,0.15482,0.37744,0.36949,1.96746,1.83875,0.97826,0.96850,1.00000,0.84747,0.00000,0.22117,2.25480,2.41222,0.96739,0.95312,1.00000
871,0.4612,85721088,48860,0.01531,1.43e-04,0.5506,82.1201,0.00000,0.00000,0.00000,10.00000,1109.53790,0.00000,0.69857,0.00000,0.00000,0.86149,0.00000,0.00000,0.00000,0.00000,0.00000,0.42898,2.13800,1.57941,1.00000,1.00000,1.00000,1847.53727,-0.03088,-0.18163,0.29564,-0.04202,0.49979,0.85899,-0.07731,0.16772,-0.01966,-0.06472,0.15371,0.37692,0.36944,1.86444,1.86100,0.98020,0.96850,1.00000,0.84722,0.00000,0.22095,2.24017,2.11947,0.96040,0.94118,1.00000
872,0.4617,85819392,51626,0.01375,1.56e-04,0.5505,72.1067,0.00000,0.00000,0.00000,10.00000,1083.33286,0.00000,0.75196,0.00000,0.00000,0.86269,0.00000,0.00000,0.00000,0.00000,0.00000,0.42836,2.15519,1.46343,1.00000,1.00000,1.00000,1840.16846,-0.03067,-0.18112,0.29701,-0.04240,0.50057,0.86013,-0.07679,0.16853,-0.01700,-0.06463,0.15464,0.37806,0.36960,1.88433,1.67077,0.96970,0.95522,1.00000,0.84801,0.00000,0.22019,2.24995,2.28794,0.93939,0.91429,1.00000
873,0.4622,85917696,53837,0.01492,1.55e-04,0.5505,82.5234,0.00000,0.00000,0.00000,10.00000,1092.66871,0.00000,0.75576,0.00000,0.00000,0.86465,0.00000,0.00000,0.00000,0.00000,0.00000,0.42815,2.16542,1.51167,0.99099,0.98684,1.00000,1794.31331,-0.03072,-0.17671,0.29798,-0.04175,0.50174,0.86212,-0.07717,0.16748,-0.01592,-0.06446,0.15532,0.37939,0.36943,1.80741,1.89750,0.96847,0.96026,0.94118,0.84714,0.00000,0.22155,2.25285,2.12590,0.94595,0.93333,0.87500
874,0.4627,86016000,53527,0.01356,1.58e-04,0.5505,85.1806,0.00000,0.00000,0.00000,10.00000,1092.60486,0.00000,0.78065,0.00000,0.00000,0.86307,0.00000,0.00000,0.00000,0.00000,0.00000,0.42887,2.15302,1.45738,1.00000,1.00000,1.00000,1823.79720,-0.03086,-0.17947,0.29459,-0.04183,0.50183,0.86049,-0.07702,0.16457,-0.01731,-0.06469,0.15417,0.37586,0.36934,1.90926,1.75538,0.99138,0.98773,1.00000,0.84670,0.00000,0.22174,2.21420,2.32637,0.98276,0.97701,1.00000
875,0.4633,86114304,53823,0.01331,1.56e-04,0.5505,72.6445,0.00000,0.00000,0.00000,10.00000,1090.73315,0.00000,0.81149,0.00000,0.00000,0.86048,0.00000,0.00000,0.00000,0.00000,0.00000,0.42841,2.16279,1.52514,1.00000,1.00000,1.00000,1820.69466,-0.03092,-0.17915,0.29564,-0.04114,0.50038,0.85800,-0.07712,0.16369,-0.01821,-0.06431,0.15502,0.37701,0.36887,1.85798,1.78545,0.97753,0.96923,1.00000,0.84437,0.00000,0.22296,2.21792,2.19565,0.95506,0.93939,1.00000
876,0.4638,86212608,54234,0.01344,2.07e-04,0.5504,96.5797,0.00000,0.00000,0.00000,10.00000,1131.83594,0.00000,0.75908,0.00000,0.00000,0.85924,0.00000,0.00000,0.00000,0.00000,0.00000,0.42674,2.15734,1.54820,1.00000,1.00000,1.00000,1820.35319,-0.03093,-0.17897,0.29534,-0.04152,0.49895,0.85691,-0.07699,0.16457,-0.01850,-0.06424,0.15488,0.37623,0.36843,1.84563,1.77000,0.99010,0.98551,1.00000,0.84216,0.00000,0.22429,2.22056,2.20812,0.98020,0.96825,1.00000
877,0.4643,86310912,53547,0.01473,2.06e-04,0.5504,94.1040,0.00000,0.00000,0.00000,10.00000,1098.75104,0.00000,0.72593,0.00000,0.00000,0.86061,0.00000,0.00000,0.00000,0.00000,0.00000,0.42720,2.16665,1.64098,1.00000,1.00000,1.00000,1827.05452,-0.03093,-0.17969,0.29714,-0.04146,0.49958,0.85810,-0.07836,0.16556,-0.01789,-0.06426,0.15554,0.37896,0.36873,1.95661,2.34800,1.00000,1.00000,1.00000,0.84366,0.00000,0.22506,2.24192,2.29438,1.00000,1.00000,1.00000
878,0.4648,86409216,54538,0.01645,1.49e-04,0.5504,73.7924,0.00000,0.00000,0.00000,10.00000,1091.38058,0.00000,0.73016,0.00000,0.00000,0.86236,0.00000,0.00000,0.00000,0.00000,0.00000,0.42690,2.16903,1.61531,0.99048,0.98571,1.00000,1825.25618,-0.03082,-0.17963,0.29896,-0.04246,0.50132,0.85993,-0.07757,0.16837,-0.01789,-0.06444,0.15572,0.38114,0.36880,1.86912,1.68750,0.98095,0.97101,1.00000,0.84402,0.00000,0.22405,2.25946,2.12937,0.97143,0.95588,1.00000
879,0.4653,86507520,53554,0.02029,6.93e-05,0.5504,80.8537,0.00000,0.00000,0.00000,10.00000,1121.23034,0.00000,0.74481,0.00000,0.00000,0.86710,0.00000,0.00000,0.00000,0.00000,0.00000,0.42722,2.16945,1.41028,1.00000,1.00000,1.00000,1857.87858,-0.03063,-0.18257,0.29971,-0.04290,0.50409,0.86467,-0.07697,0.17030,-0.01819,-0.06491,0.15626,0.38216,0.37068,1.76250,1.52428,0.98901,0.99180,0.92857,0.85341,0.00000,0.22335,2.27762,2.13606,0.97802,0.98361,0.80000
880,0.4659,86605824,49143,0.01170,9.04e-05,0.5503,78.0601,0.00000,0.00000,0.00000,10.00000,1126.74828,0.00000,0.74444,0.00000,0.00000,0.87027,0.00000,0.00000,0.00000,0.00000,0.00000,0.42751,2.15802,1.41297,0.98000,0.97015,1.00000,1829.33626,-0.03046,-0.17993,0.29914,-0.04242,0.50550,0.86795,-0.07720,0.17087,-0.01603,-0.06514,0.15622,0.38258,0.37102,1.73764,1.61636,0.99000,0.98507,1.00000,0.85511,0.00000,0.22449,2.29798,2.08086,1.00000,1.00000,1.00000
