iter,hours,steps,fps,kl,lr,std,value_loss,act_sat,assist,distance,ep_len_s,ep_return,fall_rate,floored_share,glove_speed,grandma_assist,grandma_pose_err,grandma_reward_per_step,grandma_time_to_stand,grandma_up_rate,grandma_up_rate_from_floor,grandma_up_rate_unaided,head_share,height,hit_speed,hit_speed_max,hits_per_s,knockdowns_per_min,power,rt_act,rt_energy,rt_face,rt_feet,rt_head,rt_height,rt_limit,rt_pose,rt_qvel,rt_rate,rt_still,rt_stood,rt_upright,time_to_stand,time_to_stand_unaided,trump_assist,trump_pose_err,trump_reward_per_step,trump_time_to_stand,trump_up_rate,trump_up_rate_from_floor,trump_up_rate_unaided,up_rate,up_rate_from_floor,up_rate_unaided,upright
0,0.0008,98304,34585,0.04310,1.99e-05,0.2720,1076.9631,0.00000,0.50000,0.00000,10.00000,5.12863,0.00000,0.01873,0.00000,0.50000,0.19923,0.50102,0.00000,0.00000,0.00000,0.00000,0.00000,0.94032,0.00000,0.00000,0.00000,0.00000,525.84172,-0.03758,-0.05199,0.06173,-0.00852,0.55814,0.93767,-0.04758,0.10197,-0.00954,-0.04127,0.02873,0.08093,0.39027,0.00000,0.00000,0.50000,0.20412,0.54850,0.00000,0.00000,0.00000,0.00000,0.00000,0.00000,0.00000,0.95137
1,0.0014,196608,48827,0.00500,4.13e-05,0.2720,471.4383,0.00000,0.50400,0.00000,10.00000,21.65999,0.00000,0.52805,0.00000,0.50400,0.23989,0.66686,0.00000,0.15842,0.00000,0.00000,0.00000,0.61953,0.00000,0.00000,0.00000,0.00000,964.89355,-0.03736,-0.09451,0.09226,-0.01229,0.34826,0.61686,-0.05908,0.11300,-0.06128,-0.02607,0.04708,0.11938,0.32397,0.00000,0.00000,0.50400,0.22006,0.85440,0.00000,0.15842,0.00000,0.00000,0.15842,0.00000,0.00000,0.61984
2,0.0019,294912,48387,0.00698,8.57e-05,0.2720,459.2557,0.00000,0.50800,0.00000,10.00000,42.68014,0.00000,0.64444,0.00000,0.50800,0.22679,0.71238,0.00000,0.25333,0.00000,0.00000,0.00000,0.48834,0.00000,0.00000,0.00000,0.00000,1038.22990,-0.03738,-0.10144,0.09364,-0.01293,0.25611,0.48628,-0.06222,0.13571,-0.06019,-0.02150,0.05229,0.12229,0.28805,0.00000,0.00000,0.50800,0.20172,0.96712,0.00000,0.21333,0.00000,0.00000,0.23333,0.00000,0.00000,0.44023
3,0.0025,393216,50111,0.00842,1.48e-04,0.2721,594.1376,0.00000,0.51200,0.00000,10.00000,53.22287,0.00000,0.77249,0.00000,0.51200,0.21744,0.79535,0.00000,0.10476,0.00000,0.00000,0.00000,0.49690,0.00000,0.00000,0.00000,0.00000,1245.37834,-0.03691,-0.12226,0.09452,-0.01199,0.26644,0.49497,-0.07592,0.15233,-0.05742,-0.02186,0.05641,0.12494,0.29378,0.00000,0.00000,0.51200,0.18902,1.08967,0.00000,0.29524,0.00000,0.00000,0.20000,0.00000,0.00000,0.46891
4,0.0031,491520,49548,0.01228,1.94e-04,0.2722,858.9756,0.00000,0.51600,0.00000,10.00000,92.15421,0.00000,0.74481,0.00000,0.51600,0.23562,0.91972,1.16000,0.19780,0.00000,0.00000,0.00000,0.56039,0.00000,0.00000,0.00000,0.00000,1556.39551,-0.03534,-0.15265,0.10842,-0.01375,0.30772,0.55772,-0.08435,0.15269,-0.07558,-0.02420,0.06397,0.14736,0.30888,1.05600,0.00000,0.51600,0.20756,1.29439,1.03000,0.27473,0.01695,0.00000,0.23626,0.00820,0.00000,0.54440
5,0.0036,589824,47623,0.01565,1.48e-04,0.2722,1021.5229,0.00000,0.52000,0.00000,10.00000,131.02692,0.00000,0.75556,0.00000,0.52000,0.25212,1.05530,1.13429,0.26000,0.02941,0.00000,0.00000,0.63135,0.00000,0.00000,0.00000,0.00000,1740.28874,-0.03373,-0.17065,0.12449,-0.01720,0.35249,0.62748,-0.08852,0.14999,-0.08684,-0.02619,0.07146,0.17303,0.32438,1.31263,0.50000,0.52000,0.22522,1.51504,1.41667,0.34000,0.10294,0.00000,0.30000,0.06618,0.00000,0.62192
6,0.0042,688128,48065,0.00914,2.13e-04,0.2723,1019.6974,0.00000,0.52400,0.00000,10.00000,151.33880,0.00000,0.71737,0.00000,0.52400,0.25660,1.15884,1.17571,0.19417,0.06944,0.00000,0.00000,0.67323,0.00000,0.00000,0.00000,0.00000,1651.81673,-0.03244,-0.16179,0.13848,-0.01976,0.38350,0.66817,-0.08870,0.15909,-0.08803,-0.02663,0.07953,0.19598,0.33445,1.26270,0.50000,0.52400,0.23168,1.68676,1.31565,0.38835,0.16393,0.00000,0.29126,0.11278,0.00000,0.67224
7,0.0048,786432,50029,0.01579,1.78e-04,0.2723,886.2165,0.00000,0.52800,0.00000,10.00000,205.70419,0.00000,0.71839,0.00000,0.52800,0.25281,1.23018,1.62952,0.29310,0.13924,0.00000,0.00000,0.68414,0.00000,0.00000,0.00000,0.00000,1585.88672,-0.03140,-0.15537,0.14658,-0.02154,0.39280,0.67923,-0.08861,0.17643,-0.08500,-0.02686,0.08545,0.21001,0.33781,1.56300,1.90000,0.52800,0.22913,1.76912,1.52718,0.43966,0.21127,0.20000,0.36638,0.17333,0.08333,0.68906
8,0.0053,884736,50896,0.02011,1.20e-04,0.2724,833.6757,0.00000,0.53200,0.00000,10.00000,255.47351,0.00000,0.79976,0.00000,0.53200,0.25051,1.25898,1.84000,0.41758,0.23881,0.00000,0.00000,0.68482,0.00000,0.00000,0.00000,0.00000,1520.09245,-0.03102,-0.14877,0.15158,-0.02128,0.39499,0.68008,-0.08800,0.19047,-0.07421,-0.02605,0.09031,0.21642,0.33842,1.80615,0.00000,0.53200,0.22447,1.83686,1.78133,0.56044,0.40625,0.00000,0.48901,0.32061,0.00000,0.69209
9,0.0059,983040,49043,0.01006,1.48e-04,0.2724,725.4161,0.00000,0.53600,0.00000,10.00000,259.32078,0.00000,0.74297,0.00000,0.53600,0.24535,1.28311,2.01684,0.27711,0.12281,0.00000,0.00000,0.68875,0.00000,0.00000,0.00000,0.00000,1451.19824,-0.03069,-0.14220,0.15712,-0.02013,0.39627,0.68374,-0.08816,0.20793,-0.07660,-0.02562,0.09508,0.22273,0.33919,1.89491,0.50000,0.53600,0.21888,1.92707,1.83700,0.45783,0.31481,0.00000,0.36747,0.21622,0.00000,0.69593
10,0.0065,1081344,47840,0.02313,1.14e-04,0.2725,672.8629,0.00000,0.54000,0.00000,10.00000,328.01968,0.00000,0.77635,0.00000,0.54000,0.24249,1.35352,2.06600,0.33333,0.21667,0.00000,0.00000,0.68963,0.00000,0.00000,0.00000,0.00000,1398.23307,-0.03016,-0.13699,0.16515,-0.02045,0.39749,0.68479,-0.08943,0.23175,-0.07417,-0.02517,0.10210,0.23190,0.33944,1.90114,0.60000,0.54000,0.20920,2.00001,1.77750,0.51282,0.32653,0.00000,0.42308,0.26606,0.00000,0.69719
11,0.0070,1179648,48056,0.01554,1.16e-04,0.2725,668.8037,0.00000,0.54400,0.00000,10.00000,336.41772,0.00000,0.82569,0.00000,0.54400,0.23968,1.41560,2.23240,0.33945,0.27381,0.00000,0.00000,0.69417,0.00000,0.00000,0.00000,0.00000,1376.61654,-0.02947,-0.13512,0.17073,-0.01991,0.40284,0.68970,-0.08921,0.25148,-0.06734,-0.02532,0.10650,0.23668,0.34188,2.01310,0.50000,0.54400,0.19949,2.04848,1.84697,0.59633,0.56410,0.00000,0.46789,0.41358,0.00000,0.70941
12,0.0076,1277952,47913,0.01067,1.24e-04,0.2726,589.2418,0.00000,0.54800,0.00000,10.00000,464.78702,0.00000,0.76720,0.00000,0.54800,0.23085,1.47409,2.54954,0.45238,0.37879,0.00000,0.00000,0.70268,0.00000,0.00000,0.00000,0.00000,1336.65511,-0.02918,-0.13109,0.17146,-0.01923,0.40917,0.69820,-0.08806,0.26519,-0.06235,-0.02486,0.10905,0.23754,0.34368,2.26250,1.22500,0.54800,0.19618,2.06157,1.97545,0.69048,0.50000,0.66667,0.57143,0.43103,0.25000,0.71840
13,0.0082,1376256,49329,0.01129,1.63e-04,0.2727,552.2838,0.00000,0.55200,0.00000,10.00000,443.85281,0.00000,0.74747,0.00000,0.55200,0.22928,1.46724,2.54655,0.35455,0.31250,0.00000,0.00000,0.70614,0.00000,0.00000,0.00000,0.00000,1309.38273,-0.02922,-0.12832,0.17354,-0.01941,0.41129,0.70158,-0.08828,0.27121,-0.06526,-0.02485,0.11124,0.24012,0.34366,2.35128,4.08000,0.55200,0.19490,2.08773,2.15932,0.63636,0.58824,0.07692,0.49545,0.43919,0.03571,0.71830
14,0.0088,1474560,47896,0.01619,1.14e-04,0.2727,563.9494,0.00000,0.55600,0.00000,10.00000,525.90162,0.00000,0.79521,0.00000,0.55600,0.22430,1.48997,2.63667,0.40196,0.34615,0.00000,0.00000,0.70488,0.00000,0.00000,0.00000,0.00000,1297.22941,-0.02911,-0.12730,0.17457,-0.01930,0.41145,0.70036,-0.08722,0.27933,-0.06660,-0.02486,0.11291,0.24172,0.34405,2.34210,0.50000,0.55600,0.19377,2.08520,2.12788,0.69608,0.61765,0.00000,0.54902,0.47260,0.00000,0.72023
15,0.0093,1572864,48901,0.01268,1.23e-04,0.2728,566.4703,0.00000,0.55800,0.00000,10.00000,600.69666,0.00000,0.77778,0.00000,0.56000,0.22184,1.51993,2.61617,0.37273,0.23171,0.00000,0.00000,0.70385,0.00000,0.00000,0.00000,0.00000,1286.82454,-0.02895,-0.12633,0.17583,-0.01876,0.41065,0.69938,-0.08766,0.28404,-0.06143,-0.02478,0.11340,0.24223,0.34384,2.32566,0.00000,0.55600,0.19222,2.08567,2.11879,0.70000,0.59722,0.00000,0.53636,0.40260,0.00000,0.71921
16,0.0099,1671168,51516,0.02024,7.38e-05,0.2729,516.8716,0.00000,0.56000,0.00000,10.00000,671.74116,0.00000,0.68376,0.00000,0.56400,0.21810,1.53981,2.50553,0.47253,0.38596,0.00000,0.00000,0.70565,0.00000,0.00000,0.00000,0.00000,1273.18514,-0.02895,-0.12473,0.17575,-0.01910,0.41196,0.70111,-0.08774,0.28549,-0.06206,-0.02448,0.11452,0.24356,0.34484,2.31423,2.82666,0.55600,0.19489,2.08135,2.15649,0.71429,0.70909,0.16667,0.59341,0.54464,0.08000,0.72419
17,0.0105,1769472,47769,0.01024,9.50e-05,0.2729,569.7436,0.00000,0.56200,0.00000,10.00000,689.14578,0.00000,0.72738,0.00000,0.56800,0.21603,1.55549,2.63461,0.46392,0.42647,0.00000,0.00000,0.70574,0.00000,0.00000,0.00000,0.00000,1264.81559,-0.02897,-0.12417,0.17760,-0.01898,0.41341,0.70115,-0.08814,0.29079,-0.06282,-0.02451,0.11534,0.24562,0.34541,2.28582,1.95200,0.55600,0.19446,2.09675,1.97310,0.71134,0.66102,0.27273,0.58763,0.53543,0.12500,0.72704
18,0.0110,1867776,49630,0.00879,1.37e-04,0.2730,504.9722,0.00000,0.56400,0.00000,10.00000,760.38990,0.00000,0.78704,0.00000,0.57200,0.21241,1.57357,3.00328,0.43519,0.35802,0.00000,0.00000,0.70674,0.00000,0.00000,0.00000,0.00000,1223.99707,-0.02879,-0.12014,0.17931,-0.01840,0.41370,0.70209,-0.08881,0.29507,-0.05620,-0.02419,0.11654,0.24636,0.34584,2.61128,2.58000,0.55600,0.19424,2.11860,2.27917,0.75926,0.73611,0.12500,0.59722,0.53595,0.06667,0.72921
19,0.0116,1966080,49661,0.01301,1.64e-04,0.2730,464.4879,0.00000,0.56600,0.00000,10.00000,844.94497,0.00000,0.75049,0.00000,0.57600,0.20928,1.55522,2.60182,0.45614,0.38824,0.00000,0.00000,0.70324,0.00000,0.00000,0.00000,0.00000,1221.23340,-0.02906,-0.11981,0.17649,-0.01882,0.41208,0.69865,-0.08842,0.29821,-0.05308,-0.02436,0.11548,0.24188,0.34529,2.39786,1.93000,0.55600,0.19046,2.10274,2.19077,0.72807,0.63768,0.25000,0.59211,0.50000,0.11111,0.72644
20,0.0121,2064384,49205,0.01475,1.35e-04,0.2731,537.9693,0.00000,0.56800,0.00000,10.00000,867.39686,0.00000,0.75321,0.00000,0.58000,0.21460,1.53001,3.14071,0.48077,0.40278,0.00000,0.00000,0.70376,0.00000,0.00000,0.00000,0.00000,1236.32707,-0.02922,-0.12110,0.17539,-0.01718,0.41201,0.69908,-0.08863,0.28960,-0.05891,-0.02441,0.11512,0.24075,0.34503,2.64276,1.35000,0.55600,0.19139,2.07338,2.22657,0.79808,0.79710,0.12500,0.63942,0.59574,0.05263,0.72515
21,0.0127,2162688,51418,0.01159,1.62e-04,0.2731,520.3845,0.00000,0.57000,0.00000,10.00000,955.84658,0.00000,0.81807,0.00000,0.58400,0.21523,1.54047,2.70400,0.51648,0.44118,0.00000,0.00000,0.70097,0.00000,0.00000,0.00000,0.00000,1240.87101,-0.02937,-0.12169,0.17473,-0.01732,0.41051,0.69611,-0.08884,0.28732,-0.05791,-0.02413,0.11498,0.24088,0.34404,2.37928,2.56000,0.55600,0.19268,2.07412,2.11742,0.81319,0.78788,0.25000,0.66484,0.61194,0.10000,0.72018
22,0.0132,2260992,49796,0.01656,1.23e-04,0.2732,464.9853,0.00000,0.57200,0.00000,10.00000,1022.44897,0.00000,0.75650,0.00000,0.58800,0.21366,1.52541,2.55481,0.55319,0.47059,0.00000,0.00000,0.69963,0.00000,0.00000,0.00000,0.00000,1262.36271,-0.02935,-0.12368,0.17401,-0.01711,0.40864,0.69488,-0.08868,0.28560,-0.05672,-0.02417,0.11479,0.23907,0.34402,2.43964,0.00000,0.55600,0.19390,2.07635,2.33052,0.84043,0.76667,0.00000,0.69681,0.60938,0.00000,0.72008
23,0.0138,2359296,49825,0.01476,1.12e-04,0.2733,494.5970,0.00000,0.57200,0.00000,10.00000,922.01700,0.00000,0.68987,0.00000,0.58800,0.21478,1.54062,2.98000,0.48352,0.43333,0.00000,0.00000,0.70048,0.00000,0.00000,0.00000,0.00000,1238.00985,-0.02929,-0.12143,0.17604,-0.01705,0.40874,0.69547,-0.08962,0.28722,-0.05836,-0.02403,0.11652,0.24312,0.34426,2.63611,2.65666,0.55600,0.19537,2.10928,2.32407,0.81319,0.79245,0.40000,0.64835,0.60177,0.17391,0.72132
24,0.0144,2457600,49307,0.01516,1.13e-04,0.2734,463.4324,0.00000,0.57200,0.00000,10.00000,902.00993,0.00000,0.72338,0.00000,0.58800,0.21428,1.53716,2.76210,0.51042,0.41379,0.00000,0.00000,0.70192,0.00000,0.00000,0.00000,0.00000,1246.48820,-0.02946,-0.12217,0.17500,-0.01683,0.41013,0.69697,-0.09004,0.29045,-0.05490,-0.02418,0.11572,0.23993,0.34454,2.33798,0.50000,0.55600,0.19034,2.10728,2.07377,0.72917,0.73134,0.00000,0.61979,0.58400,0.00000,0.72268
25,0.0149,2555904,48846,0.02228,6.49e-05,0.2734,471.6931,0.00000,0.57200,0.00000,10.00000,920.52116,0.00000,0.71785,0.00000,0.58800,0.21191,1.52062,3.26884,0.42697,0.30645,0.00000,0.00000,0.69852,0.00000,0.00000,0.00000,0.00000,1235.39543,-0.02952,-0.12113,0.17487,-0.01646,0.40895,0.69386,-0.09100,0.29401,-0.05580,-0.02388,0.11586,0.23930,0.34439,2.61326,1.54000,0.55600,0.18905,2.12325,2.07115,0.73034,0.66038,0.14286,0.57865,0.46957,0.06667,0.72193
26,0.0155,2654208,49473,0.02187,5.98e-05,0.2735,462.9739,0.00000,0.57200,0.00000,10.00000,901.16545,0.00000,0.74766,0.00000,0.58800,0.21461,1.50270,2.44098,0.44860,0.38961,0.00000,0.00000,0.69865,0.00000,0.00000,0.00000,0.00000,1228.72152,-0.02957,-0.12049,0.17430,-0.01674,0.40941,0.69419,-0.09106,0.29347,-0.05773,-0.02389,0.11641,0.23894,0.34445,2.34381,1.49600,0.55600,0.18714,2.12605,2.25261,0.72897,0.65672,0.25000,0.58879,0.51389,0.10000,0.72226
27,0.0161,2752512,48729,0.01861,7.23e-05,0.2735,475.9578,0.00000,0.57000,0.00000,10.00000,936.58688,0.00000,0.71829,0.00000,0.58800,0.21368,1.48640,2.29755,0.49495,0.43077,0.00000,0.00000,0.69981,0.00000,0.00000,0.00000,0.00000,1226.67147,-0.02966,-0.12033,0.17353,-0.01629,0.41046,0.69524,-0.09031,0.29075,-0.06225,-0.02395,0.11494,0.23836,0.34496,2.13652,2.04857,0.55200,0.18914,2.11976,2.01697,0.82828,0.85714,0.27273,0.66162,0.64062,0.12500,0.72480
28,0.0166,2850816,50781,0.01569,6.11e-05,0.2735,460.2324,0.00000,0.56800,0.00000,10.00000,874.12622,0.00000,0.73913,0.00000,0.58800,0.21359,1.46685,2.65228,0.50435,0.43421,0.00000,0.00000,0.69405,0.00000,0.00000,0.00000,0.00000,1222.59375,-0.02960,-0.11994,0.17234,-0.01658,0.40763,0.68946,-0.09019,0.28914,-0.05650,-0.02410,0.11408,0.23587,0.34361,2.44788,1.80000,0.54800,0.18846,2.11628,2.29253,0.74783,0.76623,0.08333,0.62609,0.60131,0.03846,0.71805
29,0.0172,2949120,49234,0.01156,5.54e-05,0.2736,464.6725,0.00000,0.56600,0.00000,10.00000,922.42540,0.00000,0.82437,0.00000,0.58800,0.20951,1.46223,3.01079,0.50538,0.40278,0.00000,0.00000,0.68926,0.00000,0.00000,0.00000,0.00000,1254.87427,-0.02985,-0.12292,0.17098,-0.01575,0.40550,0.68467,-0.09030,0.28705,-0.05591,-0.02402,0.11278,0.23297,0.34307,2.73638,0.50000,0.54400,0.19017,2.09543,2.46625,0.82796,0.80303,0.00000,0.66667,0.59420,0.00000,0.71536
30,0.0177,3047424,50270,0.01709,2.81e-05,0.2736,446.2595,0.00000,0.56400,0.00000,10.00000,968.64953,0.00000,0.67511,0.00000,0.58800,0.21238,1.46707,2.30051,0.46835,0.31915,0.00000,0.00000,0.68811,0.00000,0.00000,0.00000,0.00000,1239.18506,-0.02969,-0.12140,0.17048,-0.01707,0.40373,0.68359,-0.09102,0.28429,-0.05509,-0.02391,0.11357,0.23480,0.34312,2.28477,1.84400,0.54000,0.19184,2.09818,2.27224,0.82278,0.83673,0.25000,0.64557,0.58333,0.11111,0.71560
31,0.0183,3145728,49105,0.00856,4.40e-05,0.2736,457.7043,0.00000,0.56200,0.00000,10.00000,929.77984,0.00000,0.76975,0.00000,0.58800,0.21396,1.46209,2.72093,0.51807,0.36364,0.00000,0.00000,0.68871,0.00000,0.00000,0.00000,0.00000,1235.53076,-0.02960,-0.12098,0.17236,-0.01684,0.40516,0.68389,-0.09130,0.28727,-0.05759,-0.02370,0.11493,0.23799,0.34312,2.60600,2.86000,0.53600,0.19132,2.13834,2.51930,0.73494,0.70000,0.20000,0.62651,0.53913,0.10000,0.71560
32,0.0188,3244032,48841,0.00934,5.83e-05,0.2737,415.4713,0.00000,0.56000,0.00000,10.00000,854.80213,0.00000,0.75855,0.00000,0.58800,0.21225,1.47754,2.74217,0.37500,0.22535,0.00000,0.00000,0.68824,0.00000,0.00000,0.00000,0.00000,1220.74487,-0.02981,-0.11972,0.17204,-0.01647,0.40551,0.68367,-0.09165,0.29075,-0.05589,-0.02406,0.11436,0.23551,0.34349,2.55774,0.95000,0.53200,0.18754,2.11477,2.43478,0.82692,0.85915,0.11111,0.60096,0.54225,0.05263,0.71745
33,0.0194,3342336,49434,0.01235,6.47e-05,0.2737,435.4309,0.00000,0.55800,0.00000,10.00000,873.77072,0.00000,0.81522,0.00000,0.58800,0.20853,1.47858,2.33480,0.43478,0.37681,0.00000,0.00000,0.68837,0.00000,0.00000,0.00000,0.00000,1221.67887,-0.02962,-0.11983,0.17250,-0.01591,0.40529,0.68411,-0.09120,0.29627,-0.05352,-0.02375,0.11477,0.23403,0.34402,2.42810,1.37333,0.52800,0.18486,2.12436,2.49879,0.78261,0.80303,0.12500,0.60870,0.58519,0.05882,0.72010
34,0.0200,3440640,48891,0.01346,5.69e-05,0.2738,436.8532,0.00000,0.55600,0.00000,10.00000,940.48633,0.00000,0.70988,0.00000,0.58800,0.21560,1.46692,2.55018,0.46296,0.34783,0.00000,0.00000,0.69304,0.00000,0.00000,0.00000,0.00000,1223.56136,-0.02955,-0.12011,0.17258,-0.01672,0.40694,0.68852,-0.09000,0.29446,-0.05884,-0.02405,0.11569,0.23613,0.34438,2.39951,1.57000,0.52400,0.18307,2.13450,2.27942,0.79630,0.81159,0.18182,0.62963,0.57971,0.08333,0.72190
35,0.0206,3538944,48347,0.00904,8.19e-05,0.2738,422.1236,0.00000,0.55400,0.00000,10.00000,936.01383,0.00000,0.69444,0.00000,0.58800,0.21506,1.48166,2.69306,0.47000,0.32812,0.00000,0.00000,0.69554,0.00000,0.00000,0.00000,0.00000,1235.82170,-0.02949,-0.12116,0.17276,-0.01638,0.40763,0.69103,-0.08968,0.29353,-0.05853,-0.02409,0.11488,0.23676,0.34381,2.46000,2.10857,0.52000,0.18447,2.11183,2.27279,0.79000,0.75410,0.40000,0.63000,0.53600,0.20000,0.71907
36,0.0211,3637248,49537,0.01000,1.04e-04,0.2738,407.5062,0.00000,0.55200,0.00000,10.00000,872.04285,0.00000,0.83603,0.00000,0.58800,0.21273,1.45305,2.79111,0.50485,0.40789,0.00000,0.00000,0.69114,0.00000,0.00000,0.00000,0.00000,1241.35685,-0.02967,-0.12179,0.17164,-0.01698,0.40455,0.68695,-0.08974,0.29595,-0.05931,-0.02415,0.11390,0.23339,0.34337,2.55043,0.50000,0.51600,0.18194,2.11790,2.34827,0.76699,0.74684,0.00000,0.63592,0.58065,0.00000,0.71684
37,0.0217,3735552,47341,0.01152,1.34e-04,0.2739,433.0009,0.00000,0.55000,0.00000,10.00000,860.62728,0.00000,0.74074,0.00000,0.58800,0.21253,1.47681,2.69158,0.38542,0.30435,0.00000,0.00000,0.68961,0.00000,0.00000,0.00000,0.00000,1255.61344,-0.02947,-0.12318,0.17477,-0.01575,0.40341,0.68515,-0.08922,0.30328,-0.05751,-0.02388,0.11539,0.23557,0.34270,2.56938,0.50000,0.51200,0.17865,2.13527,2.44500,0.72917,0.69492,0.00000,0.55729,0.48438,0.00000,0.71349
38,0.0222,3833856,52780,0.01188,1.34e-04,0.2740,411.2937,0.00000,0.54800,0.00000,10.00000,925.30666,0.00000,0.67961,0.00000,0.58800,0.21062,1.48626,2.48431,0.47573,0.37097,0.00000,0.00000,0.69455,0.00000,0.00000,0.00000,0.00000,1230.72257,-0.02927,-0.12070,0.17494,-0.01634,0.40663,0.69008,-0.08863,0.30483,-0.05940,-0.02396,0.11596,0.23726,0.34362,2.40378,0.50000,0.50800,0.18027,2.14205,2.33533,0.78641,0.81250,0.00000,0.63107,0.59524,0.00000,0.71810
39,0.0228,3932160,50349,0.01236,1.50e-04,0.2741,436.4134,0.00000,0.54600,0.00000,10.00000,875.42195,0.00000,0.81066,0.00000,0.58800,0.21218,1.48767,2.68531,0.40816,0.31081,0.00000,0.00000,0.69855,0.00000,0.00000,0.00000,0.00000,1224.85400,-0.02924,-0.12015,0.17562,-0.01765,0.40862,0.69421,-0.08915,0.30507,-0.06181,-0.02398,0.11692,0.23948,0.34441,2.49535,0.50000,0.50400,0.18086,2.14850,2.30831,0.75510,0.73913,0.00000,0.58163,0.51748,0.00000,0.72205
40,0.0233,4030464,49767,0.01675,1.10e-04,0.2742,400.9381,0.00000,0.54400,0.00000,10.00000,889.20693,0.00000,0.78512,0.00000,0.58800,0.21434,1.50458,2.85538,0.43802,0.37634,0.00000,0.00000,0.70065,0.00000,0.00000,0.00000,0.00000,1238.56258,-0.02923,-0.12133,0.17544,-0.01734,0.41065,0.69621,-0.08783,0.30270,-0.05832,-0.02437,0.11680,0.24009,0.34449,2.56376,0.50000,0.50000,0.18148,2.13250,2.24338,0.75207,0.69231,0.00000,0.59504,0.52047,0.00000,0.72243
41,0.0239,4128768,48250,0.01308,1.25e-04,0.2743,410.0606,0.00000,0.54200,0.00000,10.00000,877.61543,0.00000,0.77887,0.00000,0.58800,0.21330,1.51348,3.10654,0.45098,0.35714,0.00000,0.00000,0.70284,0.00000,0.00000,0.00000,0.00000,1226.00439,-0.02907,-0.12027,0.17650,-0.01764,0.41102,0.69851,-0.08711,0.30500,-0.05385,-0.02415,0.11734,0.24028,0.34465,2.61750,2.24400,0.49600,0.18111,2.14169,2.24904,0.74510,0.72603,0.25000,0.59804,0.54545,0.10526,0.72326
42,0.0245,4227072,47018,0.02700,8.22e-05,0.2744,388.5586,0.00000,0.54000,0.00000,10.00000,945.94457,0.00000,0.81287,0.00000,0.58800,0.21341,1.53680,2.74600,0.47368,0.35211,0.00000,0.00000,0.70063,0.00000,0.00000,0.00000,0.00000,1233.33187,-0.02889,-0.12082,0.17978,-0.01778,0.40814,0.69637,-0.08693,0.31281,-0.05545,-0.02412,0.11934,0.24384,0.34373,2.42487,0.50000,0.49200,0.17852,2.16470,2.17784,0.82105,0.79412,0.00000,0.64737,0.56835,0.00000,0.71864
43,0.0251,4325376,50737,0.00962,1.18e-04,0.2744,401.0805,0.00000,0.53800,0.00000,10.00000,918.97230,0.00000,0.71970,0.00000,0.58800,0.21501,1.53149,2.35954,0.50000,0.40678,0.00000,0.00000,0.70146,0.00000,0.00000,0.00000,0.00000,1236.89144,-0.02878,-0.12133,0.18086,-0.01786,0.40904,0.69723,-0.08675,0.31427,-0.05726,-0.02410,0.12033,0.24572,0.34345,2.39780,3.58500,0.48800,0.17788,2.18151,2.42786,0.79545,0.74545,0.50000,0.64773,0.57018,0.23529,0.71724
44,0.0256,4423680,48836,0.01181,9.32e-05,0.2745,379.0488,0.00000,0.53600,0.00000,10.00000,915.59167,0.00000,0.72840,0.00000,0.58800,0.21218,1.56317,3.00679,0.51111,0.47541,0.00000,0.00000,0.70170,0.00000,0.00000,0.00000,0.00000,1248.44157,-0.02862,-0.12226,0.18320,-0.01733,0.40978,0.69756,-0.08745,0.32294,-0.05460,-0.02405,0.12300,0.24851,0.34387,2.55748,1.65000,0.48400,0.17613,2.22089,2.14690,0.78889,0.78947,0.22222,0.65000,0.62712,0.09524,0.71936
45,0.0262,4521984,48878,0.01054,1.31e-04,0.2746,354.7647,0.00000,0.53400,0.00000,10.00000,827.78817,0.00000,0.76968,0.00000,0.58800,0.20919,1.55216,2.60561,0.39583,0.36620,0.00000,0.00000,0.70669,0.00000,0.00000,0.00000,0.00000,1224.79199,-0.02827,-0.12030,0.18614,-0.01784,0.41270,0.70270,-0.08710,0.33124,-0.05367,-0.02407,0.12473,0.25022,0.34474,2.39147,3.24333,0.48000,0.17452,2.27314,2.20369,0.75000,0.74194,0.33333,0.57292,0.54135,0.16000,0.72371
46,0.0267,4620288,50542,0.01375,1.10e-04,0.2747,361.4483,0.00000,0.53200,0.00000,10.00000,946.44330,0.00000,0.79611,0.00000,0.58800,0.21143,1.57884,2.47931,0.47423,0.38889,0.00000,0.00000,0.71320,0.00000,0.00000,0.00000,0.00000,1230.87899,-0.02808,-0.12084,0.18891,-0.01752,0.41612,0.70905,-0.08622,0.33394,-0.05965,-0.02435,0.12635,0.25485,0.34532,2.44400,6.24666,0.47600,0.17464,2.28556,2.41343,0.83505,0.83582,0.28571,0.65464,0.60432,0.14286,0.72661
47,0.0273,4718592,50317,0.01385,1.04e-04,0.2748,376.1407,0.00000,0.53000,0.00000,10.00000,890.39919,0.00000,0.72115,0.00000,0.58800,0.21277,1.60700,2.90592,0.51923,0.53521,0.00000,0.00000,0.71896,0.00000,0.00000,0.00000,0.00000,1202.02197,-0.02783,-0.11799,0.19041,-0.01752,0.41974,0.71465,-0.08567,0.33574,-0.05807,-0.02417,0.12755,0.25676,0.34643,2.50140,0.50000,0.47200,0.17373,2.27972,2.13733,0.75000,0.82812,0.00000,0.63462,0.67407,0.00000,0.73217
48,0.0279,4816896,48897,0.01065,1.34e-04,0.2749,362.1889,0.00000,0.52800,0.00000,10.00000,950.96583,0.00000,0.73513,0.00000,0.58800,0.21404,1.59778,2.50400,0.52525,0.40000,0.00000,0.00000,0.71953,0.00000,0.00000,0.00000,0.00000,1187.54061,-0.02793,-0.11676,0.19107,-0.01879,0.42039,0.71538,-0.08514,0.33755,-0.05473,-0.02429,0.12756,0.25696,0.34657,2.46465,2.78666,0.46800,0.17176,2.29063,2.43485,0.78788,0.77273,0.14286,0.65657,0.58779,0.06667,0.73286
49,0.0284,4915200,49174,0.01847,7.61e-05,0.2750,351.8516,0.00000,0.52600,0.00000,10.00000,893.34790,0.00000,0.74730,0.00000,0.58800,0.21331,1.58926,2.67619,0.50442,0.43421,0.00000,0.00000,0.71668,0.00000,0.00000,0.00000,0.00000,1200.27035,-0.02812,-0.11778,0.19093,-0.01753,0.41841,0.71244,-0.08493,0.33848,-0.05512,-0.02412,0.12781,0.25572,0.34649,2.41275,1.19000,0.46400,0.17061,2.28661,2.19147,0.77876,0.78947,0.18182,0.64159,0.61184,0.08333,0.73246
50,0.0290,5013504,48718,0.00967,1.20e-04,0.2751,347.0805,0.00000,0.52400,0.00000,10.00000,946.39597,0.00000,0.80918,0.00000,0.58800,0.21025,1.60765,2.40210,0.50000,0.42254,0.00000,0.00000,0.71205,0.00000,0.00000,0.00000,0.00000,1184.88379,-0.02797,-0.11640,0.19051,-0.01742,0.41640,0.70802,-0.08526,0.34388,-0.05272,-0.02415,0.12790,0.25532,0.34630,2.44102,2.48000,0.46000,0.16868,2.27853,2.47738,0.83696,0.80952,0.25000,0.66848,0.60448,0.11111,0.73148
51,0.0296,5111808,49967,0.01975,1.18e-04,0.2752,322.4393,0.00000,0.52200,0.00000,10.00000,934.16992,0.00000,0.74306,0.00000,0.58800,0.21027,1.61545,2.60250,0.45000,0.37736,0.00000,0.00000,0.70994,0.00000,0.00000,0.00000,0.00000,1181.24316,-0.02776,-0.11611,0.19297,-0.01924,0.41449,0.70600,-0.08494,0.35167,-0.05598,-0.02376,0.12993,0.25867,0.34484,2.52431,1.50000,0.45600,0.16680,2.30848,2.45481,0.85000,0.88889,0.14286,0.65000,0.63551,0.05556,0.72418
52,0.0301,5210112,53246,0.01389,9.83e-05,0.2753,314.3995,0.00000,0.52000,0.00000,10.00000,930.34632,0.00000,0.89431,0.00000,0.58800,0.20910,1.65024,2.59200,0.53659,0.45312,0.00000,0.00000,0.71071,0.00000,0.00000,0.00000,0.00000,1180.88607,-0.02744,-0.11608,0.19539,-0.01764,0.41554,0.70670,-0.08502,0.36302,-0.05088,-0.02370,0.13328,0.26254,0.34510,2.32965,2.50000,0.45200,0.16318,2.35119,2.13091,0.89024,0.88235,0.50000,0.71341,0.67424,0.20000,0.72552
53,0.0306,5308416,53251,0.01157,1.04e-04,0.2754,306.6912,0.00000,0.51800,0.00000,10.00000,961.08830,0.00000,0.72327,0.00000,0.58800,0.20783,1.65321,2.46063,0.55660,0.52703,0.00000,0.00000,0.71798,0.00000,0.00000,0.00000,0.00000,1180.94401,-0.02734,-0.11623,0.19727,-0.01777,0.41983,0.71417,-0.08400,0.36511,-0.05382,-0.02408,0.13362,0.26301,0.34640,2.39048,0.99333,0.44800,0.16277,2.36409,2.31803,0.79245,0.82812,0.08333,0.67453,0.66667,0.04167,0.73201
54,0.0311,5406720,54485,0.01667,8.19e-05,0.2754,329.4417,0.00000,0.51600,0.00000,10.00000,970.25488,0.00000,0.74653,0.00000,0.58800,0.20841,1.65840,2.90109,0.51042,0.43478,0.00000,0.00000,0.72339,0.00000,0.00000,0.00000,0.00000,1165.65519,-0.02731,-0.11465,0.19994,-0.01895,0.42249,0.71954,-0.08430,0.36805,-0.05358,-0.02394,0.13525,0.26585,0.34790,2.56336,3.53000,0.44400,0.16348,2.39328,2.24310,0.81250,0.80000,0.14286,0.66146,0.60465,0.06667,0.73952
55,0.0316,5505024,54554,0.01338,7.61e-05,0.2755,322.6597,0.00000,0.51400,0.00000,10.00000,952.33132,0.00000,0.76720,0.00000,0.58800,0.20974,1.67678,2.38964,0.54286,0.49296,0.00000,0.00000,0.72962,0.00000,0.00000,0.00000,0.00000,1164.61833,-0.02723,-0.11449,0.20074,-0.01814,0.42528,0.72570,-0.08353,0.37120,-0.05639,-0.02424,0.13584,0.26730,0.34831,2.32015,2.77333,0.44000,0.16109,2.38952,2.26611,0.81905,0.86486,0.10000,0.68095,0.68276,0.04545,0.74153
56,0.0321,5603328,54427,0.01345,8.05e-05,0.2756,371.2797,0.00000,0.51200,0.00000,10.00000,930.16750,0.00000,0.77222,0.00000,0.58800,0.21182,1.68972,2.05796,0.47000,0.42667,0.00000,0.00000,0.73310,0.00000,0.00000,0.00000,0.00000,1148.74902,-0.02710,-0.11297,0.20077,-0.01816,0.42666,0.72901,-0.08406,0.36902,-0.05464,-0.02435,0.13589,0.26890,0.34925,2.29433,1.92000,0.43600,0.16210,2.38368,2.52295,0.82000,0.82812,0.00000,0.64500,0.61151,0.00000,0.74626
57,0.0327,5701632,48087,0.00968,1.24e-04,0.2756,299.7900,0.00000,0.51000,0.00000,10.00000,1057.53532,0.00000,0.73495,0.00000,0.58800,0.21101,1.68691,2.72189,0.64583,0.55000,0.00000,0.00000,0.72806,0.00000,0.00000,0.00000,0.00000,1149.66243,-0.02702,-0.11293,0.19973,-0.01804,0.42395,0.72406,-0.08284,0.37203,-0.05563,-0.02411,0.13615,0.26691,0.34832,2.46347,5.92667,0.43200,0.15879,2.37317,2.26206,0.87500,0.86567,0.50000,0.76042,0.71654,0.23077,0.74159
58,0.0333,5799936,47973,0.01246,1.60e-04,0.2757,318.7812,0.00000,0.50800,0.00000,10.00000,958.76190,0.00000,0.71958,0.00000,0.58800,0.20669,1.67205,2.44676,0.46667,0.41429,0.00000,0.00000,0.72326,0.00000,0.00000,0.00000,0.00000,1144.58512,-0.02721,-0.11253,0.19784,-0.01781,0.42072,0.71953,-0.08344,0.37596,-0.05021,-0.02385,0.13607,0.26416,0.34740,2.31791,1.28222,0.42800,0.15705,2.38153,2.18515,0.83810,0.84848,0.30000,0.65238,0.62500,0.12000,0.73698
59,0.0339,5898240,46331,0.01084,2.30e-04,0.2758,291.9116,0.00000,0.50600,0.00000,10.00000,923.40600,0.00000,0.80048,0.00000,0.58800,0.20613,1.66757,2.80742,0.50538,0.50000,0.00000,0.00000,0.72270,0.00000,0.00000,0.00000,0.00000,1142.20060,-0.02718,-0.11234,0.19852,-0.01843,0.42125,0.71911,-0.08369,0.37706,-0.05338,-0.02376,0.13670,0.26441,0.34692,2.52508,2.86000,0.42400,0.15705,2.38272,2.23333,0.82796,0.83333,0.25000,0.66667,0.64925,0.11765,0.73460
60,0.0345,5996544,46680,0.01660,1.58e-04,0.2759,310.8441,0.00000,0.50400,0.00000,10.00000,975.15183,0.00000,0.80629,0.00000,0.58800,0.20632,1.68970,2.44413,0.55752,0.48148,0.00000,0.00000,0.72576,0.00000,0.00000,0.00000,0.00000,1150.02279,-0.02708,-0.11298,0.20012,-0.01830,0.42365,0.72215,-0.08267,0.37955,-0.05259,-0.02392,0.13744,0.26821,0.34755,2.27178,0.00000,0.42000,0.15821,2.39598,2.14096,0.86726,0.87952,0.00000,0.71239,0.68293,0.00000,0.73774
61,0.0351,6094848,47033,0.01726,1.25e-04,0.2760,286.7350,0.00000,0.50200,0.00000,10.00000,1041.38117,0.00000,0.72612,0.00000,0.58800,0.20733,1.68841,2.82060,0.57895,0.50000,0.00000,0.00000,0.73095,0.00000,0.00000,0.00000,0.00000,1140.75854,-0.02727,-0.11227,0.20051,-0.01892,0.42434,0.72743,-0.08208,0.37642,-0.05286,-0.02401,0.13730,0.26813,0.34799,2.62917,0.50000,0.41600,0.15996,2.38264,2.43485,0.83333,0.84507,0.00000,0.70614,0.66443,0.00000,0.73997
62,0.0357,6193152,46379,0.01497,1.11e-04,0.2761,338.9857,0.00000,0.50000,0.00000,10.00000,1015.56776,0.00000,0.74263,0.00000,0.58800,0.21058,1.71258,2.80100,0.60204,0.57353,0.00000,0.00000,0.73320,0.00000,0.00000,0.00000,0.00000,1135.27360,-0.02710,-0.11172,0.20125,-0.01835,0.42608,0.72936,-0.08144,0.37638,-0.05190,-0.02400,0.13771,0.26875,0.34835,2.53133,1.88000,0.41200,0.15782,2.37077,2.26167,0.83673,0.85714,0.12500,0.71939,0.70992,0.05556,0.74176
63,0.0362,6291456,50412,0.01245,1.25e-04,0.2762,291.7245,0.00000,0.49800,0.00000,10.00000,1041.46252,0.00000,0.79686,0.00000,0.58800,0.20932,1.72737,2.82459,0.59596,0.47826,0.00000,0.00000,0.73031,0.00000,0.00000,0.00000,0.00000,1146.42708,-0.02699,-0.11284,0.20146,-0.01853,0.42273,0.72658,-0.08174,0.37816,-0.05469,-0.02392,0.13860,0.27026,0.34679,2.48697,0.50000,0.40800,0.15875,2.37242,2.19690,0.89899,0.89041,0.00000,0.74747,0.69014,0.00000,0.73394
64,0.0368,6389760,47946,0.01463,9.13e-05,0.2763,285.9152,0.00000,0.49600,0.00000,10.00000,1025.42730,0.00000,0.71895,0.00000,0.58800,0.21054,1.72888,2.73250,0.54118,0.55556,0.00000,0.00000,0.72774,0.00000,0.00000,0.00000,0.00000,1163.84098,-0.02709,-0.11446,0.20024,-0.01853,0.42186,0.72429,-0.08233,0.37871,-0.05501,-0.02390,0.13923,0.26888,0.34665,2.51255,1.41200,0.40400,0.15566,2.36183,2.24478,0.88235,0.89362,0.28571,0.71176,0.70000,0.11111,0.73326
65,0.0374,6488064,48652,0.01420,7.77e-05,0.2763,285.9095,0.00000,0.49400,0.00000,10.00000,1059.08876,0.00000,0.68558,0.00000,0.58800,0.20630,1.77445,2.59830,0.60638,0.62319,0.00000,0.00000,0.73220,0.00000,0.00000,0.00000,0.00000,1160.36532,-0.02670,-0.11407,0.20515,-0.01921,0.42398,0.72877,-0.08209,0.39224,-0.05705,-0.02389,0.14165,0.27319,0.34713,2.35333,4.82666,0.40000,0.15333,2.39382,2.03913,0.86170,0.89362,0.11111,0.73404,0.73276,0.05000,0.73566
66,0.0379,6586368,49733,0.01134,1.12e-04,0.2764,281.2109,0.00000,0.49200,0.00000,10.00000,977.06654,0.00000,0.71242,0.00000,0.58800,0.20914,1.81101,2.40458,0.51765,0.49123,0.00000,0.00000,0.74001,0.00000,0.00000,0.00000,0.00000,1171.35107,-0.02646,-0.11524,0.20823,-0.01998,0.43029,0.73650,-0.08168,0.38968,-0.04886,-0.02418,0.14214,0.27694,0.34877,2.38980,3.20667,0.39600,0.15619,2.39756,2.37667,0.88235,0.92308,0.40000,0.70000,0.69725,0.18182,0.74385
67,0.0385,6684672,50326,0.01237,1.41e-04,0.2765,283.3502,0.00000,0.49000,0.00000,10.00000,965.21048,0.00000,0.83333,0.00000,0.58800,0.20572,1.83345,3.41766,0.54902,0.45946,0.00000,0.00000,0.74615,0.00000,0.00000,0.00000,0.00000,1162.70345,-0.02603,-0.11436,0.21069,-0.01931,0.43341,0.74243,-0.08080,0.40110,-0.05432,-0.02410,0.14513,0.28202,0.35021,2.80985,0.50000,0.39200,0.15630,2.44251,2.33000,0.86275,0.88608,0.00000,0.70588,0.67974,0.00000,0.75104
68,0.0391,6782976,49788,0.01333,1.34e-04,0.2766,280.8277,0.00000,0.48800,0.00000,10.00000,1043.69615,0.00000,0.66964,0.00000,0.58800,0.20688,1.81411,2.34114,0.63393,0.67606,0.00000,0.00000,0.74955,0.00000,0.00000,0.00000,0.00000,1134.32088,-0.02589,-0.11169,0.21246,-0.01980,0.43562,0.74607,-0.08038,0.40246,-0.05221,-0.02415,0.14600,0.28428,0.35085,2.23722,1.10667,0.38800,0.15689,2.47472,2.12866,0.79464,0.85938,0.17647,0.71429,0.76296,0.08571,0.75425
69,0.0396,6881280,47301,0.01298,1.34e-04,0.2767,309.0346,0.00000,0.48600,0.00000,10.00000,1047.86030,0.00000,0.72282,0.00000,0.58800,0.20339,1.83906,2.32755,0.61290,0.58065,0.00000,0.00000,0.74859,0.00000,0.00000,0.00000,0.00000,1106.98682,-0.02588,-0.10888,0.21497,-0.01986,0.43527,0.74495,-0.08014,0.41211,-0.04784,-0.02395,0.14699,0.28540,0.35072,2.42301,1.08500,0.38400,0.15464,2.48657,2.50733,0.86022,0.89831,0.12500,0.73656,0.73554,0.05556,0.75359
70,0.0402,6979584,49318,0.01255,1.50e-04,0.2768,263.8473,0.00000,0.48400,0.00000,10.00000,1039.06250,0.00000,0.76885,0.00000,0.58800,0.20290,1.83217,2.21377,0.61607,0.52778,0.00000,0.00000,0.74854,0.00000,0.00000,0.00000,0.00000,1074.20907,-0.02583,-0.10581,0.21579,-0.01919,0.43581,0.74502,-0.07935,0.41648,-0.04644,-0.02385,0.14840,0.28454,0.35095,2.31639,3.06000,0.38000,0.15132,2.50061,2.39181,0.87500,0.92771,0.11111,0.74554,0.74194,0.05556,0.75473
71,0.0407,7077888,52679,0.01874,9.13e-05,0.2769,247.9221,0.00000,0.48200,0.00000,10.00000,1015.14964,0.00000,0.79976,0.00000,0.58800,0.20399,1.82326,2.65606,0.57143,0.52941,0.00000,0.00000,0.74491,0.00000,0.00000,0.00000,0.00000,1070.05607,-0.02574,-0.10546,0.21564,-0.01887,0.43344,0.74169,-0.07959,0.41874,-0.04753,-0.02364,0.14997,0.28540,0.34983,2.42380,0.50000,0.37600,0.14966,2.52046,2.18767,0.89011,0.92063,0.00000,0.73077,0.71756,0.00000,0.74914
72,0.0413,7176192,51182,0.01178,1.11e-04,0.2770,252.6133,0.00000,0.48000,0.00000,10.00000,1079.91250,0.00000,0.71528,0.00000,0.58800,0.20234,1.85419,2.51714,0.67500,0.67925,0.00000,0.00000,0.74540,0.00000,0.00000,0.00000,0.00000,1074.55851,-0.02563,-0.10590,0.21691,-0.01832,0.43186,0.74205,-0.07941,0.42847,-0.04598,-0.02336,0.15241,0.28728,0.34919,2.37571,3.52500,0.37200,0.14623,2.54470,2.23428,0.88750,0.88000,0.40000,0.78125,0.77670,0.14286,0.74596
73,0.0418,7274496,48860,0.01363,9.13e-05,0.2770,234.4554,0.00000,0.47800,0.00000,10.00000,1185.07349,0.00000,0.76227,0.00000,0.58800,0.20430,1.84876,2.64679,0.77907,0.71429,0.00000,0.00000,0.74720,0.00000,0.00000,0.00000,0.00000,1090.84961,-0.02563,-0.10754,0.21717,-0.01842,0.43238,0.74413,-0.08021,0.43042,-0.04912,-0.02359,0.15422,0.28835,0.34944,2.48400,3.43000,0.36800,0.14473,2.57342,2.34484,0.95349,0.95161,0.50000,0.86628,0.83898,0.20000,0.74720
74,0.0424,7372800,50574,0.01233,1.24e-04,0.2771,258.4122,0.00000,0.47600,0.00000,10.00000,1047.42593,0.00000,0.74786,0.00000,0.58800,0.20398,1.84713,2.40185,0.66346,0.65753,0.00000,0.00000,0.75173,0.00000,0.00000,0.00000,0.00000,1084.01204,-0.02567,-0.10676,0.21664,-0.01898,0.43563,0.74844,-0.08044,0.42784,-0.04749,-0.02388,0.15314,0.28708,0.35077,2.37453,2.62000,0.36400,0.14538,2.55716,2.34635,0.82692,0.88060,0.09091,0.74519,0.76429,0.04762,0.75383
75,0.0430,7471104,49235,0.01343,1.67e-04,0.2772,241.5373,0.00000,0.47400,0.00000,10.00000,1060.06430,0.00000,0.76667,0.00000,0.58800,0.20467,1.84217,2.58259,0.66000,0.60938,0.00000,0.00000,0.75270,0.00000,0.00000,0.00000,0.00000,1091.52132,-0.02548,-0.10753,0.21771,-0.01892,0.43748,0.74917,-0.07979,0.42646,-0.05239,-0.02391,0.15366,0.28898,0.35097,2.45228,2.58000,0.36000,0.14731,2.56252,2.35589,0.89000,0.93243,0.14286,0.77500,0.78261,0.06250,0.75486
76,0.0435,7569408,48427,0.01300,1.92e-04,0.2773,255.3190,0.00000,0.47200,0.00000,10.00000,1083.28951,0.00000,0.68254,0.00000,0.58800,0.20500,1.85477,2.63784,0.58095,0.54412,0.00000,0.00000,0.75351,0.00000,0.00000,0.00000,0.00000,1084.85091,-0.02553,-0.10689,0.21842,-0.01830,0.43737,0.75002,-0.07924,0.42437,-0.05071,-0.02385,0.15343,0.28957,0.35100,2.44000,2.66000,0.35600,0.14877,2.55098,2.21827,0.84762,0.85246,0.12500,0.71429,0.68992,0.05000,0.75500
77,0.0441,7667712,49322,0.01570,1.61e-04,0.2775,264.8646,0.00000,0.47000,0.00000,10.00000,1064.71202,0.00000,0.75358,0.00000,0.58800,0.20443,1.86440,2.52254,0.64356,0.61972,0.00000,0.00000,0.75354,0.00000,0.00000,0.00000,0.00000,1082.48356,-0.02546,-0.10671,0.21921,-0.01944,0.43658,0.75021,-0.07887,0.42701,-0.04784,-0.02406,0.15347,0.28982,0.35096,2.38882,4.59000,0.35200,0.14787,2.54597,2.25719,0.87129,0.89394,0.25000,0.75743,0.75182,0.11765,0.75480
78,0.0447,7766016,48337,0.01778,1.00e-04,0.2776,301.0967,0.00000,0.46800,0.00000,10.00000,1052.89748,0.00000,0.78798,0.00000,0.58800,0.20452,1.86875,2.33324,0.67347,0.69333,0.00000,0.00000,0.75528,0.00000,0.00000,0.00000,0.00000,1077.47021,-0.02546,-0.10618,0.21890,-0.01933,0.43707,0.75182,-0.07867,0.42727,-0.05023,-0.02393,0.15360,0.28970,0.35096,2.32682,2.76500,0.34800,0.14727,2.53961,2.31934,0.86735,0.87500,0.28571,0.77041,0.77698,0.12500,0.75482
79,0.0453,7864320,47264,0.01382,1.10e-04,0.2777,249.9084,0.00000,0.46600,0.00000,10.00000,1028.30531,0.00000,0.75000,0.00000,0.58800,0.20245,1.89815,2.62327,0.54000,0.47761,0.00000,0.00000,0.75366,0.00000,0.00000,0.00000,0.00000,1086.70475,-0.02535,-0.10711,0.21885,-0.01845,0.43687,0.75035,-0.07894,0.43299,-0.04863,-0.02381,0.15476,0.28934,0.35097,2.40033,1.37000,0.34400,0.14442,2.53934,2.21454,0.85000,0.86765,0.25000,0.69500,0.67407,0.10526,0.75486
80,0.0458,7962624,49742,0.01056,1.44e-04,0.2778,231.5135,0.00000,0.46400,0.00000,10.00000,1105.36201,0.00000,0.69591,0.00000,0.58800,0.20094,1.90928,2.58500,0.70526,0.69841,0.00000,0.00000,0.75580,0.00000,0.00000,0.00000,0.00000,1104.21086,-0.02544,-0.10884,0.21947,-0.01917,0.43866,0.75264,-0.07944,0.43309,-0.04475,-0.02415,0.15541,0.29018,0.35183,2.44298,0.50000,0.34000,0.14677,2.54573,2.28518,0.86316,0.92857,0.00000,0.78421,0.80672,0.00000,0.75915
81,0.0464,8060928,49773,0.01531,1.16e-04,0.2779,265.1370,0.00000,0.46200,0.00000,10.00000,1073.26117,0.00000,0.81516,0.00000,0.58800,0.19987,1.88456,2.43474,0.65421,0.67901,0.00000,0.00000,0.75459,0.00000,0.00000,0.00000,0.00000,1080.47575,-0.02538,-0.10653,0.21993,-0.01947,0.43838,0.75148,-0.07873,0.43442,-0.05061,-0.02394,0.15438,0.28994,0.35133,2.22384,2.28000,0.33600,0.14608,2.54944,2.01013,0.86916,0.92105,0.11111,0.76168,0.79618,0.05000,0.75663
82,0.0469,8159232,48688,0.01752,8.39e-05,0.2779,256.9758,0.00000,0.46000,0.00000,10.00000,1127.30192,0.00000,0.77061,0.00000,0.58800,0.19703,1.87679,2.41158,0.67742,0.62195,0.00000,0.00000,0.75456,0.00000,0.00000,0.00000,0.00000,1103.27189,-0.02548,-0.10864,0.21795,-0.01938,0.43795,0.75166,-0.07806,0.43175,-0.04839,-0.02430,0.15356,0.28708,0.35117,2.34107,2.35333,0.33200,0.14742,2.52060,2.28282,0.93548,0.95556,0.42857,0.80645,0.79651,0.18750,0.75585
83,0.0475,8257536,48006,0.01290,9.31e-05,0.2780,247.2808,0.00000,0.45600,0.00000,10.00000,1053.11938,0.00000,0.78652,0.00000,0.58400,0.19804,1.87406,2.56656,0.65169,0.65152,0.00000,0.00000,0.75540,0.00000,0.00000,0.00000,0.00000,1092.25309,-0.02557,-0.10753,0.21676,-0.01916,0.43779,0.75235,-0.07795,0.42973,-0.04631,-0.02393,0.15328,0.28689,0.35087,2.44487,2.86000,0.32800,0.14822,2.51606,2.31690,0.87640,0.88333,0.20000,0.76404,0.76190,0.07692,0.75433
84,0.0481,8355840,50009,0.01357,8.39e-05,0.2781,258.2155,0.00000,0.45200,0.00000,10.00000,1218.76192,0.00000,0.74074,0.00000,0.58000,0.19872,1.88352,2.01492,0.71930,0.67089,0.00000,0.00000,0.75272,0.00000,0.00000,0.00000,0.00000,1105.93294,-0.02526,-0.10891,0.21822,-0.01880,0.43691,0.74966,-0.07739,0.43280,-0.04838,-0.02413,0.15466,0.28872,0.35006,2.07461,2.51333,0.32400,0.14717,2.53013,2.12865,0.93860,0.94521,0.50000,0.82895,0.80263,0.25000,0.75030
85,0.0486,8454144,48704,0.00942,1.21e-04,0.2782,245.0669,0.00000,0.44800,0.00000,10.00000,1065.65847,0.00000,0.70571,0.00000,0.57600,0.19902,1.88048,2.24927,0.67568,0.73333,0.00000,0.00000,0.75135,0.00000,0.00000,0.00000,0.00000,1102.42196,-0.02551,-0.10859,0.21933,-0.01977,0.43525,0.74850,-0.07833,0.43170,-0.04802,-0.02376,0.15495,0.28880,0.34980,2.48863,1.36667,0.32000,0.14812,2.54109,2.69745,0.87838,0.93878,0.14286,0.77703,0.84043,0.05263,0.74899
86,0.0492,8552448,49075,0.01282,1.10e-04,0.2783,247.4669,0.00000,0.44400,0.00000,10.00000,1039.99482,0.00000,0.77403,0.00000,0.57200,0.19855,1.90450,2.36302,0.61798,0.59016,0.00000,0.00000,0.75493,0.00000,0.00000,0.00000,0.00000,1104.85539,-0.02516,-0.10876,0.22215,-0.01954,0.43706,0.75185,-0.07809,0.44165,-0.04621,-0.02389,0.15655,0.29303,0.35023,2.31241,2.29000,0.31600,0.14621,2.58171,2.26984,0.88764,0.93651,0.25000,0.75281,0.76613,0.11765,0.75115
87,0.0498,8650752,47613,0.01230,1.21e-04,0.2784,256.9662,0.00000,0.44000,0.00000,10.00000,1026.75000,0.00000,0.71895,0.00000,0.56800,0.19836,1.92487,2.55782,0.56471,0.58621,0.00000,0.00000,0.76244,0.00000,0.00000,0.00000,0.00000,1093.77327,-0.02486,-0.10788,0.22517,-0.01991,0.44210,0.75961,-0.07751,0.44655,-0.05003,-0.02392,0.15930,0.29708,0.35175,2.34490,3.18666,0.31200,0.14692,2.60758,2.11529,0.87059,0.94231,0.20000,0.71765,0.75455,0.08696,0.75873
88,0.0504,8749056,48852,0.01762,8.05e-05,0.2785,235.3774,0.00000,0.43600,0.00000,10.00000,1150.75058,0.00000,0.79439,0.00000,0.56400,0.19851,1.93818,2.45652,0.70093,0.65789,0.00000,0.00000,0.76526,0.00000,0.00000,0.00000,0.00000,1086.97754,-0.02492,-0.10715,0.22592,-0.01944,0.44412,0.76249,-0.07702,0.44810,-0.04970,-0.02421,0.16008,0.29774,0.35264,2.28198,0.50000,0.30800,0.14637,2.61395,2.11472,0.91589,0.93506,0.00000,0.80841,0.79739,0.00000,0.76319
89,0.0509,8847360,48288,0.01238,9.58e-05,0.2786,244.1169,0.00000,0.43200,0.00000,10.00000,1104.83929,0.00000,0.66468,0.00000,0.56000,0.20033,1.94961,2.70925,0.63393,0.66176,0.00000,0.00000,0.76811,0.00000,0.00000,0.00000,0.00000,1075.47868,-0.02485,-0.10614,0.22700,-0.01997,0.44544,0.76535,-0.07745,0.44974,-0.04706,-0.02411,0.16065,0.29841,0.35302,2.49160,2.01000,0.30400,0.14467,2.61169,2.26375,0.87500,0.92424,0.25000,0.75446,0.79104,0.10000,0.76508
90,0.0515,8945664,48861,0.01505,7.16e-05,0.2787,236.8674,0.00000,0.42800,0.00000,10.00000,1097.45900,0.00000,0.80308,0.00000,0.55600,0.20017,1.98027,2.33304,0.72277,0.72000,0.00000,0.00000,0.76741,0.00000,0.00000,0.00000,0.00000,1062.76213,-0.02456,-0.10487,0.22821,-0.02001,0.44511,0.76463,-0.07650,0.45516,-0.04173,-0.02388,0.16264,0.30070,0.35310,2.39798,2.46666,0.30000,0.14240,2.61850,2.46200,0.92079,0.94366,0.33333,0.82178,0.82877,0.15385,0.76551
91,0.0521,9043968,48750,0.01304,8.35e-05,0.2787,225.2604,0.00000,0.42400,0.00000,10.00000,1139.68572,0.00000,0.79208,0.00000,0.55200,0.19587,1.95872,2.27521,0.75248,0.76000,0.00000,0.00000,0.76724,0.00000,0.00000,0.00000,0.00000,1045.02482,-0.02477,-0.10309,0.22595,-0.01979,0.44416,0.76462,-0.07628,0.45715,-0.04595,-0.02410,0.16191,0.29755,0.35296,2.35367,5.18000,0.29600,0.14194,2.60353,2.43559,0.93069,0.95652,0.33333,0.84158,0.85417,0.15385,0.76478
92,0.0526,9142272,48010,0.01107,1.20e-04,0.2789,232.3078,0.00000,0.42000,0.00000,10.00000,1078.68047,0.00000,0.79630,0.00000,0.54800,0.19321,1.97441,2.53049,0.67778,0.68182,0.00000,0.00000,0.76099,0.00000,0.00000,0.00000,0.00000,1051.08146,-0.02485,-0.10364,0.22707,-0.01903,0.44102,0.75855,-0.07707,0.46038,-0.04340,-0.02369,0.16382,0.29768,0.35196,2.42328,2.98000,0.29200,0.14197,2.60230,2.31606,0.84444,0.87302,0.14286,0.76111,0.77519,0.06667,0.75982
93,0.0532,9240576,47392,0.01535,9.24e-05,0.2789,219.1039,0.00000,0.41600,0.00000,10.00000,1149.46431,0.00000,0.69959,0.00000,0.54400,0.18831,1.98430,2.19880,0.71605,0.70370,0.00000,0.00000,0.75707,0.00000,0.00000,0.00000,0.00000,1044.21737,-0.02461,-0.10292,0.22806,-0.01819,0.44031,0.75475,-0.07711,0.46822,-0.04286,-0.02339,0.16530,0.29755,0.35124,2.21957,0.50000,0.28800,0.14133,2.62970,2.24318,0.88889,0.89583,0.00000,0.80247,0.79412,0.00000,0.75618
94,0.0538,9338880,49137,0.01038,1.33e-04,0.2790,202.9132,0.00000,0.41200,0.00000,10.00000,1096.30550,0.00000,0.75990,0.00000,0.54000,0.18780,1.98856,2.18813,0.67816,0.67213,0.00000,0.00000,0.75619,0.00000,0.00000,0.00000,0.00000,1052.90332,-0.02455,-0.10387,0.22941,-0.01863,0.43975,0.75417,-0.07636,0.47368,-0.04214,-0.02359,0.16640,0.30020,0.35106,2.17500,2.24000,0.28400,0.14127,2.65383,2.16140,0.87356,0.87931,0.42857,0.77586,0.77311,0.20000,0.75530
95,0.0544,9437184,48720,0.01533,9.24e-05,0.2792,217.2470,0.00000,0.40800,0.00000,10.00000,1103.19485,0.00000,0.79758,0.00000,0.53600,0.18732,1.99901,2.73304,0.72277,0.72000,0.00000,0.00000,0.76473,0.00000,0.00000,0.00000,0.00000,1050.85018,-0.02457,-0.10375,0.22922,-0.01848,0.44338,0.76278,-0.07635,0.47331,-0.04345,-0.02368,0.16680,0.29993,0.35223,2.50817,4.63000,0.28000,0.14145,2.64416,2.28000,0.90099,0.91429,0.33333,0.81188,0.81379,0.15385,0.76115
96,0.0549,9535488,47522,0.01424,8.70e-05,0.2793,217.0119,0.00000,0.40400,0.00000,10.00000,1139.51610,0.00000,0.71995,0.00000,0.53200,0.18979,2.05414,2.76641,0.67347,0.61667,0.00000,0.00000,0.77075,0.00000,0.00000,0.00000,0.00000,1052.37012,-0.02418,-0.10374,0.23362,-0.01979,0.44648,0.76862,-0.07565,0.47722,-0.04170,-0.02384,0.16916,0.30508,0.35346,2.50735,1.54667,0.27600,0.14137,2.65511,2.29281,0.86735,0.91045,0.22222,0.77041,0.77165,0.11111,0.76731
97,0.0555,9633792,48865,0.01186,1.25e-04,0.2794,214.1922,0.00000,0.40000,0.00000,10.00000,1159.74262,0.00000,0.69317,0.00000,0.52800,0.19361,2.09564,2.56836,0.70642,0.74324,0.00000,0.00000,0.77454,0.00000,0.00000,0.00000,0.00000,1011.48519,-0.02392,-0.09984,0.23702,-0.02029,0.45005,0.77214,-0.07505,0.47807,-0.03591,-0.02363,0.17129,0.31111,0.35433,2.37364,3.81000,0.27200,0.14271,2.66226,2.16322,0.90826,0.95161,0.22222,0.80734,0.83824,0.09091,0.77164
98,0.0561,9732096,48111,0.01380,1.11e-04,0.2795,196.1546,0.00000,0.39600,0.00000,10.00000,1207.32911,0.00000,0.70658,0.00000,0.52400,0.18898,2.10781,2.35354,0.75728,0.74242,0.00000,0.00000,0.77029,0.00000,0.00000,0.00000,0.00000,1004.30721,-0.02404,-0.09917,0.23544,-0.01910,0.44767,0.76837,-0.07437,0.48396,-0.03346,-0.02358,0.17169,0.30814,0.35372,2.38061,2.44000,0.26800,0.13995,2.64059,2.40769,0.93204,0.96923,0.28571,0.84466,0.85496,0.13333,0.76858
99,0.0566,9830400,49513,0.01252,1.49e-04,0.2797,195.0077,0.00000,0.39200,0.00000,10.00000,1158.90577,0.00000,0.76531,0.00000,0.52000,0.18792,2.10609,2.80219,0.77551,0.81538,0.00000,0.00000,0.76728,0.00000,0.00000,0.00000,0.00000,1008.60636,-0.02424,-0.09934,0.23266,-0.01920,0.44447,0.76535,-0.07445,0.48190,-0.03738,-0.02362,0.17069,0.30527,0.35297,2.52652,2.05333,0.26400,0.13863,2.59520,2.27803,0.92857,0.97143,0.37500,0.85204,0.89630,0.16667,0.76485
100,0.0572,9928704,49336,0.01753,1.00e-04,0.2798,180.3825,0.00000,0.38800,0.00000,10.00000,1175.18403,0.00000,0.72391,0.00000,0.51600,0.18749,2.10982,2.52246,0.79798,0.86364,0.00000,0.00000,0.76321,0.00000,0.00000,0.00000,0.00000,1023.23910,-0.02436,-0.10088,0.23264,-0.01904,0.44238,0.76124,-0.07469,0.48138,-0.03690,-0.02351,0.17023,0.30450,0.35176,2.47889,1.29333,0.26000,0.13813,2.57636,2.43246,0.88889,0.93651,0.12500,0.84343,0.89922,0.05263,0.75882
101,0.0578,10027008,48600,0.01330,1.04e-04,0.2799,198.7089,0.00000,0.38400,0.00000,10.00000,1202.91390,0.00000,0.72338,0.00000,0.51200,0.18412,2.11049,2.48349,0.77083,0.80000,0.00000,0.00000,0.76187,0.00000,0.00000,0.00000,0.00000,1018.43302,-0.02450,-0.10053,0.23136,-0.01851,0.44104,0.76014,-0.07539,0.48215,-0.03887,-0.02352,0.16899,0.30158,0.35141,2.24616,1.13000,0.25600,0.13723,2.55712,1.98386,0.89583,0.90000,0.20000,0.83333,0.84800,0.07143,0.75703
102,0.0584,10125312,50022,0.01738,8.88e-05,0.2800,186.6441,0.00000,0.38000,0.00000,10.00000,1152.89335,0.00000,0.71279,0.00000,0.50800,0.18262,2.11198,2.54100,0.69811,0.71212,0.00000,0.00000,0.76121,0.00000,0.00000,0.00000,0.00000,1030.13558,-0.02452,-0.10163,0.23032,-0.01883,0.43989,0.75952,-0.07447,0.47904,-0.03744,-0.02365,0.16832,0.29938,0.35090,2.42908,2.82666,0.25200,0.13803,2.53291,2.33314,0.90566,0.92857,0.44444,0.80189,0.82353,0.18182,0.75451
103,0.0589,10223616,47736,0.01291,1.02e-04,0.2801,197.0675,0.00000,0.37600,0.00000,10.00000,1114.12192,0.00000,0.80490,0.00000,0.50400,0.18409,2.10792,2.64778,0.72441,0.74737,0.00000,0.00000,0.76391,0.00000,0.00000,0.00000,0.00000,1040.99064,-0.02473,-0.10261,0.22821,-0.01861,0.44006,0.76213,-0.07480,0.47112,-0.03719,-0.02397,0.16663,0.29711,0.35086,2.51531,0.50000,0.24800,0.13933,2.48760,2.37506,0.88976,0.93258,0.00000,0.80709,0.83696,0.00000,0.75428
104,0.0595,10321920,48285,0.01215,7.77e-05,0.2802,195.3163,0.00000,0.37200,0.00000,10.00000,1211.04851,0.00000,0.80103,0.00000,0.50000,0.18660,2.12135,2.45187,0.86047,0.88889,0.00000,0.00000,0.75973,0.00000,0.00000,0.00000,0.00000,1040.30208,-0.02479,-0.10252,0.22941,-0.01929,0.43788,0.75804,-0.07488,0.46692,-0.03253,-0.02360,0.16608,0.29804,0.35004,2.44878,1.28667,0.24400,0.14035,2.47699,2.44542,0.91860,0.93443,0.25000,0.88953,0.91129,0.11111,0.75020
105,0.0601,10420224,47877,0.01154,1.01e-04,0.2803,196.5049,0.00000,0.36800,0.00000,10.00000,1205.34863,0.00000,0.76923,0.00000,0.49600,0.18541,2.11432,2.50343,0.80769,0.80519,0.00000,0.00000,0.75540,0.00000,0.00000,0.00000,0.00000,1048.70719,-0.02476,-0.10330,0.22834,-0.01915,0.43491,0.75360,-0.07424,0.46761,-0.03789,-0.02368,0.16600,0.29698,0.34876,2.47912,2.76000,0.24000,0.14005,2.46793,2.45333,0.92308,0.92537,0.40000,0.86538,0.86111,0.20000,0.74380
106,0.0607,10518528,46677,0.01129,1.45e-04,0.2803,212.1917,0.00000,0.36400,0.00000,10.00000,1118.89283,0.00000,0.70513,0.00000,0.49200,0.18289,2.12477,2.66961,0.73077,0.82000,0.00000,0.00000,0.75511,0.00000,0.00000,0.00000,0.00000,1065.19507,-0.02463,-0.10491,0.22881,-0.01860,0.43397,0.75351,-0.07518,0.47214,-0.03830,-0.02355,0.16692,0.29672,0.34896,2.53216,2.45333,0.23600,0.13904,2.48130,2.38920,0.84615,0.93878,0.25000,0.78846,0.87879,0.12500,0.74482
107,0.0612,10616832,49718,0.01607,1.10e-04,0.2805,186.9794,0.00000,0.36000,0.00000,10.00000,1217.32820,0.00000,0.69857,0.00000,0.48800,0.18219,2.14856,2.45735,0.76238,0.78261,0.00000,0.00000,0.75844,0.00000,0.00000,0.00000,0.00000,1044.00854,-0.02445,-0.10302,0.23254,-0.01874,0.43558,0.75684,-0.07546,0.47674,-0.03702,-0.02353,0.16942,0.30110,0.34933,2.41252,2.86500,0.23200,0.14115,2.51837,2.36413,0.94059,0.96552,0.60000,0.85149,0.86614,0.31579,0.74667
108,0.0618,10715136,48349,0.01211,1.58e-04,0.2806,200.2199,0.00000,0.35600,0.00000,10.00000,1111.60919,0.00000,0.76720,0.00000,0.48400,0.18090,2.16182,2.47176,0.69048,0.75862,0.00000,0.00000,0.76261,0.00000,0.00000,0.00000,0.00000,1058.06803,-0.02451,-0.10415,0.23251,-0.01836,0.43800,0.76116,-0.07564,0.48090,-0.03643,-0.02347,0.17086,0.30070,0.35028,2.37413,2.21200,0.22800,0.13924,2.52050,2.28827,0.88095,0.93103,0.33333,0.78571,0.84483,0.14286,0.75142
109,0.0624,10813440,49896,0.01556,1.11e-04,0.2807,196.2278,0.00000,0.35200,0.00000,10.00000,1186.64927,0.00000,0.74973,0.00000,0.48000,0.18259,2.14786,2.61281,0.79612,0.84058,0.00000,0.00000,0.76356,0.00000,0.00000,0.00000,0.00000,1052.58065,-0.02459,-0.10380,0.23132,-0.01808,0.43795,0.76225,-0.07580,0.47788,-0.03461,-0.02381,0.17079,0.29957,0.35020,2.58537,3.18666,0.22400,0.13868,2.52004,2.56028,0.92233,0.95714,0.28571,0.85922,0.89928,0.11765,0.75101
110,0.0629,10911744,49198,0.01418,9.24e-05,0.2809,212.7603,0.00000,0.34800,0.00000,10.00000,1167.70074,0.00000,0.66138,0.00000,0.47600,0.18316,2.15112,2.58677,0.71429,0.77612,0.00000,0.00000,0.76581,0.00000,0.00000,0.00000,0.00000,1074.04997,-0.02453,-0.10576,0.23114,-0.01884,0.43867,0.76442,-0.07504,0.47475,-0.03843,-0.02402,0.16942,0.29958,0.34989,2.33372,0.92400,0.22000,0.14007,2.48698,2.06780,0.85714,0.96552,0.07143,0.78571,0.86400,0.03448,0.74944
111,0.0635,11010048,48863,0.01079,1.16e-04,0.2810,200.6334,0.00000,0.34400,0.00000,10.00000,1188.09624,0.00000,0.79154,0.00000,0.47200,0.18142,2.16338,2.62658,0.84956,0.89744,0.00000,0.00000,0.76418,0.00000,0.00000,0.00000,0.00000,1065.97070,-0.02462,-0.10490,0.23133,-0.01893,0.43726,0.76269,-0.07558,0.47867,-0.03492,-0.02425,0.16878,0.29904,0.34906,2.51911,1.65333,0.21600,0.13856,2.48950,2.41951,0.88496,0.93976,0.20000,0.86726,0.91925,0.10526,0.74529
112,0.0641,11108352,46906,0.01610,9.12e-05,0.2811,192.3348,0.00000,0.34000,0.00000,10.00000,1268.02140,0.00000,0.76691,0.00000,0.46800,0.18385,2.15819,2.36730,0.86957,0.92308,0.00000,0.00000,0.76299,0.00000,0.00000,0.00000,0.00000,1052.32878,-0.02462,-0.10370,0.23045,-0.01887,0.43707,0.76153,-0.07523,0.47284,-0.03504,-0.02381,0.16865,0.29831,0.34911,2.44097,1.96667,0.21200,0.13943,2.46707,2.51833,0.92391,0.95161,0.00000,0.89674,0.93701,0.00000,0.74554
113,0.0647,11206656,46734,0.01257,9.24e-05,0.2812,180.3836,0.00000,0.33600,0.00000,10.00000,1191.02424,0.00000,0.75126,0.00000,0.46400,0.17947,2.18074,2.57866,0.72727,0.76119,0.00000,0.00000,0.75782,0.00000,0.00000,0.00000,0.00000,1035.66138,-0.02462,-0.10196,0.23098,-0.01860,0.43381,0.75651,-0.07575,0.47907,-0.03296,-0.02354,0.16976,0.29856,0.34804,2.48743,3.18666,0.20800,0.13969,2.46767,2.38415,0.93182,0.98077,0.28571,0.82955,0.85714,0.13333,0.74022
114,0.0653,11304960,49413,0.01124,1.01e-04,0.2813,179.6152,0.00000,0.33200,0.00000,10.00000,1166.41995,0.00000,0.82305,0.00000,0.46000,0.17978,2.19911,2.46469,0.81481,0.86154,0.00000,0.00000,0.75687,0.00000,0.00000,0.00000,0.00000,1046.25602,-0.02465,-0.10307,0.23200,-0.01744,0.43281,0.75562,-0.07628,0.48301,-0.03417,-0.02333,0.17189,0.30020,0.34748,2.25071,1.85000,0.20400,0.13832,2.47815,1.96542,0.82716,0.81818,0.20000,0.82099,0.84167,0.10000,0.73739
115,0.0658,11403264,50021,0.01414,9.13e-05,0.2814,163.3971,0.00000,0.32800,0.00000,10.00000,1133.08771,0.00000,0.76747,0.00000,0.45600,0.17873,2.20698,2.77794,0.79381,0.85507,0.00000,0.00000,0.75892,0.00000,0.00000,0.00000,0.00000,1060.74674,-0.02439,-0.10465,0.23305,-0.01825,0.43478,0.75777,-0.07613,0.48439,-0.03299,-0.02364,0.17314,0.30097,0.34839,2.62630,0.50000,0.20000,0.13929,2.48876,2.45152,0.84536,0.87692,0.00000,0.81959,0.86567,0.00000,0.74197
116,0.0664,11501568,48606,0.01225,1.12e-04,0.2815,168.1684,0.00000,0.32400,0.00000,10.00000,1229.36971,0.00000,0.78256,0.00000,0.45200,0.17831,2.20688,2.72466,0.83871,0.84127,0.00000,0.00000,0.76256,0.00000,0.00000,0.00000,0.00000,1056.78475,-0.02435,-0.10409,0.23254,-0.01768,0.43800,0.76141,-0.07583,0.48250,-0.03162,-0.02361,0.17223,0.29979,0.34993,2.57667,3.78000,0.19600,0.13982,2.47347,2.44212,0.92473,0.92647,0.60000,0.88172,0.88550,0.30000,0.74963
117,0.0669,11599872,49578,0.01334,1.34e-04,0.2816,168.5331,0.00000,0.32000,0.00000,10.00000,1236.21354,0.00000,0.69312,0.00000,0.44800,0.18007,2.21298,2.38545,0.80000,0.86567,0.00000,0.00000,0.76283,0.00000,0.00000,0.00000,0.00000,1059.16195,-0.02433,-0.10437,0.23271,-0.01866,0.43760,0.76170,-0.07540,0.47967,-0.03024,-0.02384,0.17289,0.30169,0.34983,2.38250,2.94000,0.19200,0.14196,2.47497,2.37935,0.88571,0.92188,0.22222,0.84286,0.89313,0.09524,0.74915
118,0.0675,11698176,53559,0.02019,7.10e-05,0.2817,177.1016,0.00000,0.31600,0.00000,10.00000,1122.17711,0.00000,0.79444,0.00000,0.44400,0.17903,2.20572,2.63701,0.73000,0.78082,0.00000,0.00000,0.76500,0.00000,0.00000,0.00000,0.00000,1046.42985,-0.02435,-0.10295,0.23189,-0.01839,0.43871,0.76392,-0.07510,0.47934,-0.03163,-0.02383,0.17235,0.30106,0.34991,2.78030,2.67600,0.18800,0.14267,2.46622,2.92800,0.88000,0.88571,0.42857,0.80500,0.83217,0.17647,0.74957
119,0.0680,11796480,51790,0.01292,6.85e-05,0.2817,191.2346,0.00000,0.31200,0.00000,10.00000,1166.12291,0.00000,0.77381,0.00000,0.44000,0.17742,2.21229,2.80281,0.83929,0.88312,0.00000,0.00000,0.76309,0.00000,0.00000,0.00000,0.00000,1021.87777,-0.02419,-0.10078,0.23272,-0.01859,0.43750,0.76201,-0.07421,0.48462,-0.03098,-0.02372,0.17303,0.30142,0.34966,2.81866,2.81600,0.18400,0.14110,2.47708,2.83291,0.91964,0.93671,0.50000,0.87946,0.91026,0.23529,0.74828
120,0.0685,11894784,53911,0.01176,6.34e-05,0.2818,172.2436,0.00000,0.30800,0.00000,10.00000,1122.60878,0.00000,0.78502,0.00000,0.43600,0.17692,2.20870,2.38724,0.71739,0.76923,0.00000,0.00000,0.75864,0.00000,0.00000,0.00000,0.00000,1035.21541,-0.02432,-0.10194,0.23192,-0.01845,0.43549,0.75756,-0.07412,0.48225,-0.03043,-0.02352,0.17225,0.29992,0.34901,2.41516,2.55000,0.18000,0.14158,2.45394,2.44129,0.84783,0.89231,0.22222,0.78261,0.83077,0.10000,0.74505
121,0.0690,11993088,54829,0.01033,9.13e-05,0.2819,179.5758,0.00000,0.30400,0.00000,10.00000,1137.58029,0.00000,0.79758,0.00000,0.43200,0.17402,2.21118,2.53200,0.75248,0.80556,0.00000,0.00000,0.75657,0.00000,0.00000,0.00000,0.00000,1049.61597,-0.02441,-0.10341,0.23206,-0.01767,0.43329,0.75559,-0.07433,0.48472,-0.03168,-0.02359,0.17193,0.29865,0.34827,2.51259,1.77000,0.17600,0.14131,2.45060,2.49457,0.87129,0.93151,0.11111,0.81188,0.86897,0.05263,0.74135
122,0.0695,12091392,53693,0.01153,1.10e-04,0.2820,193.9510,0.00000,0.30000,0.00000,10.00000,1187.11182,0.00000,0.77441,0.00000,0.42800,0.17286,2.22615,2.41628,0.83838,0.90278,0.00000,0.00000,0.76134,0.00000,0.00000,0.00000,0.00000,1057.90446,-0.02441,-0.10427,0.23139,-0.01775,0.43389,0.76030,-0.07503,0.48473,-0.03172,-0.02379,0.17129,0.29691,0.34865,2.42400,2.21000,0.17200,0.14038,2.43504,2.43300,0.86869,0.87879,0.28571,0.85354,0.89130,0.12500,0.74326
123,0.0700,12189696,54887,0.01186,1.58e-04,0.2822,206.3136,0.00000,0.29600,0.00000,10.00000,1100.84129,0.00000,0.81081,0.00000,0.42400,0.17521,2.21624,2.58667,0.77477,0.83529,0.00000,0.00000,0.76371,0.00000,0.00000,0.00000,0.00000,1054.28581,-0.02428,-0.10388,0.23230,-0.01839,0.43661,0.76262,-0.07467,0.48265,-0.03237,-0.02394,0.17144,0.29806,0.34931,2.68000,3.53333,0.16800,0.14096,2.44707,2.78000,0.84685,0.85714,0.40000,0.81081,0.84568,0.19048,0.74657
124,0.0705,12288000,55104,0.01379,1.78e-04,0.2823,195.4051,0.00000,0.29200,0.00000,10.00000,1138.84981,0.00000,0.80939,0.00000,0.42000,0.17560,2.19528,2.56692,0.78448,0.82353,0.00000,0.00000,0.76295,0.00000,0.00000,0.00000,0.00000,1067.32072,-0.02437,-0.10508,0.23020,-0.01767,0.43666,0.76193,-0.07447,0.47625,-0.02966,-0.02422,0.16921,0.29565,0.34955,2.68557,2.12800,0.16400,0.14219,2.41993,2.80125,0.88793,0.91667,0.33333,0.83621,0.86982,0.15789,0.74774
125,0.0711,12386304,54045,0.01891,1.45e-04,0.2824,189.9546,0.00000,0.28800,0.00000,10.00000,1188.30372,0.00000,0.79900,0.00000,0.41600,0.17779,2.21906,2.59930,0.79775,0.80645,0.00000,0.00000,0.75973,0.00000,0.00000,0.00000,0.00000,1073.86344,-0.02439,-0.10562,0.23256,-0.01838,0.43403,0.75871,-0.07455,0.47703,-0.03122,-0.02394,0.17057,0.29865,0.34831,2.64262,3.74000,0.16000,0.14233,2.41553,2.68061,0.89888,0.95455,0.00000,0.84831,0.88281,0.00000,0.74154
126,0.0716,12484608,54161,0.03590,1.38e-04,0.2825,185.2969,0.00000,0.28400,0.00000,10.00000,1244.58153,0.00000,0.81958,0.00000,0.41200,0.17303,2.23124,2.69731,0.87129,0.89855,0.00000,0.00000,0.75532,0.00000,0.00000,0.00000,0.00000,1061.80827,-0.02465,-0.10465,0.23080,-0.01768,0.43073,0.75438,-0.07448,0.48164,-0.02835,-0.02362,0.17077,0.29599,0.34706,2.53000,1.11000,0.15600,0.14112,2.40477,2.38810,0.94059,0.96250,0.40000,0.90594,0.93289,0.18182,0.73529
127,0.0721,12582912,55031,0.01493,1.12e-04,0.2826,181.5314,0.00000,0.28000,0.00000,10.00000,1144.99010,0.00000,0.66667,0.00000,0.40800,0.17167,2.23884,2.90893,0.74667,0.87755,0.00000,0.00000,0.75208,0.00000,0.00000,0.00000,0.00000,1062.26058,-0.02463,-0.10453,0.23110,-0.01661,0.42959,0.75113,-0.07579,0.48402,-0.03032,-0.02351,0.17226,0.29615,0.34722,2.75885,2.82500,0.15200,0.14075,2.41581,2.58250,0.84000,0.87805,0.22222,0.79333,0.87778,0.09091,0.73611
128,0.0726,12681216,52860,0.01216,1.02e-04,0.2827,195.5857,0.00000,0.27600,0.00000,10.00000,1163.23988,0.00000,0.76720,0.00000,0.40400,0.17268,2.25962,2.77315,0.78095,0.87179,0.00000,0.00000,0.75689,0.00000,0.00000,0.00000,0.00000,1084.81315,-0.02445,-0.10693,0.23244,-0.01780,0.43118,0.75598,-0.07531,0.48458,-0.03228,-0.02386,0.17260,0.29736,0.34770,2.69787,2.49333,0.14800,0.14042,2.40699,2.61706,0.89524,0.94030,0.22222,0.83810,0.90345,0.09091,0.73848
129,0.0731,12779520,53655,0.01108,1.47e-04,0.2828,165.8262,0.00000,0.27200,0.00000,10.00000,1167.78640,0.00000,0.76923,0.00000,0.40000,0.17396,2.30419,2.76245,0.81319,0.87097,0.00000,0.00000,0.76166,0.00000,0.00000,0.00000,0.00000,1097.74992,-0.02423,-0.10811,0.23555,-0.01786,0.43433,0.76075,-0.07537,0.48830,-0.02884,-0.02372,0.17441,0.30117,0.34856,2.75042,3.20666,0.14400,0.14072,2.42104,2.73935,0.87912,0.93750,0.22222,0.84615,0.90476,0.11111,0.74279
130,0.0736,12877824,55363,0.01276,1.25e-04,0.2829,169.8602,0.00000,0.26800,0.00000,10.00000,1168.02938,0.00000,0.80556,0.00000,0.39600,0.17242,2.29623,2.43680,0.88000,0.94805,0.00000,0.00000,0.76359,0.00000,0.00000,0.00000,0.00000,1075.72811,-0.02427,-0.10599,0.23477,-0.01719,0.43612,0.76283,-0.07513,0.48697,-0.02782,-0.02390,0.17369,0.30001,0.34905,2.66277,2.86000,0.14000,0.14167,2.41438,2.93613,0.84000,0.88235,0.00000,0.86000,0.91724,0.00000,0.74525
131,0.0741,12976128,54165,0.01255,1.58e-04,0.2831,183.5069,0.00000,0.26400,0.00000,10.00000,1130.33579,0.00000,0.71737,0.00000,0.39200,0.17319,2.28475,2.52286,0.78641,0.92188,0.00000,0.00000,0.76383,0.00000,0.00000,0.00000,0.00000,1073.27409,-0.02422,-0.10570,0.23427,-0.01809,0.43661,0.76296,-0.07440,0.48388,-0.03161,-0.02389,0.17385,0.29982,0.34908,2.55203,0.82800,0.13600,0.14255,2.39522,2.58031,0.81553,0.89855,0.07692,0.80097,0.90977,0.03333,0.74542
132,0.0746,13074432,54714,0.01277,1.74e-04,0.2832,179.3391,0.00000,0.26000,0.00000,10.00000,1227.00364,0.00000,0.72318,0.00000,0.38800,0.17290,2.28252,2.74591,0.79310,0.84932,0.00000,0.00000,0.76379,0.00000,0.00000,0.00000,0.00000,1067.92000,-0.02436,-0.10514,0.23338,-0.01751,0.43552,0.76291,-0.07423,0.48329,-0.02820,-0.02390,0.17328,0.29894,0.34886,2.67680,2.62333,0.13200,0.14263,2.39809,2.61468,0.89655,0.93590,0.36364,0.84483,0.89404,0.16667,0.74428
133,0.0751,13172736,55106,0.01507,1.31e-04,0.2833,187.6493,0.00000,0.25600,0.00000,10.00000,1202.76820,0.00000,0.86081,0.00000,0.38400,0.17166,2.25909,2.66219,0.89011,0.88571,0.00000,0.00000,0.75964,0.00000,0.00000,0.00000,0.00000,1077.59945,-0.02456,-0.10609,0.23095,-0.01812,0.43282,0.75882,-0.07483,0.48010,-0.03092,-0.02392,0.17081,0.29596,0.34786,2.73984,0.00000,0.12800,0.14272,2.37099,2.82266,0.84615,0.83099,0.00000,0.86813,0.85816,0.00000,0.73931
134,0.0757,13271040,54486,0.01214,1.73e-04,0.2834,162.8039,0.00000,0.25200,0.00000,10.00000,1166.73005,0.00000,0.74967,0.00000,0.38000,0.17233,2.26047,2.89309,0.81928,0.91379,0.00000,0.00000,0.75325,0.00000,0.00000,0.00000,0.00000,1081.27100,-0.02446,-0.10648,0.23154,-0.01722,0.42995,0.75245,-0.07484,0.47909,-0.02860,-0.02378,0.17216,0.29586,0.34697,2.90037,3.52000,0.12400,0.14283,2.37296,2.90792,0.87952,0.90741,0.28571,0.84940,0.91071,0.11765,0.73485
135,0.0762,13369344,55242,0.02076,6.99e-05,0.2835,153.7709,0.00000,0.24800,0.00000,10.00000,1160.45162,0.00000,0.87607,0.00000,0.37600,0.17067,2.28341,2.50159,0.87179,0.92063,0.00000,0.00000,0.75206,0.00000,0.00000,0.00000,0.00000,1085.81576,-0.02446,-0.10697,0.23266,-0.01698,0.42869,0.75130,-0.07483,0.48602,-0.02908,-0.02368,0.17329,0.29674,0.34652,2.68403,2.74000,0.12000,0.14073,2.38313,2.88928,0.87179,0.88333,0.25000,0.87179,0.90244,0.11111,0.73260
136,0.0767,13467648,55264,0.01159,7.77e-05,0.2836,160.3637,0.00000,0.24400,0.00000,10.00000,1175.50953,0.00000,0.81040,0.00000,0.37200,0.16989,2.29423,2.72410,0.83486,0.91566,0.00000,0.00000,0.75356,0.00000,0.00000,0.00000,0.00000,1096.26660,-0.02447,-0.10788,0.23236,-0.01705,0.42919,0.75290,-0.07530,0.48465,-0.02696,-0.02379,0.17352,0.29628,0.34671,2.71333,3.11000,0.11600,0.14189,2.37245,2.70213,0.89908,0.90789,0.55556,0.86697,0.91195,0.25000,0.73353
137,0.0772,13565952,53876,0.01030,1.12e-04,0.2836,181.2427,0.00000,0.24000,0.00000,10.00000,1205.93955,0.00000,0.80688,0.00000,0.36800,0.17175,2.28194,3.00172,0.89286,0.93333,0.00000,0.00000,0.75724,0.00000,0.00000,0.00000,0.00000,1090.42179,-0.02464,-0.10745,0.23111,-0.01731,0.43065,0.75650,-0.07581,0.47782,-0.02695,-0.02385,0.17162,0.29477,0.34752,2.85758,2.62500,0.11200,0.14315,2.35592,2.71345,0.89286,0.90323,0.25000,0.89286,0.91803,0.11111,0.73759
138,0.0777,13664256,54833,0.01796,1.09e-04,0.2837,189.8413,0.00000,0.23600,0.00000,10.00000,1141.30369,0.00000,0.72222,0.00000,0.36400,0.17007,2.28988,2.57120,0.80000,0.90909,0.00000,0.00000,0.75651,0.00000,0.00000,0.00000,0.00000,1095.27148,-0.02468,-0.10788,0.23052,-0.01675,0.42970,0.75576,-0.07588,0.47855,-0.02804,-0.02394,0.17098,0.29400,0.34752,2.78613,1.78571,0.10800,0.14323,2.34084,3.04613,0.83636,0.84848,0.33333,0.81818,0.88112,0.14815,0.73758
139,0.0782,13762560,55057,0.01188,1.00e-04,0.2838,191.9578,0.00000,0.23200,0.00000,10.00000,1169.12293,0.00000,0.76253,0.00000,0.36000,0.16926,2.29015,2.68432,0.84314,0.91667,0.00000,0.00000,0.75682,0.00000,0.00000,0.00000,0.00000,1083.85124,-0.02477,-0.10679,0.23055,-0.01683,0.42923,0.75613,-0.07592,0.47752,-0.02634,-0.02381,0.17139,0.29362,0.34747,2.89338,2.22571,0.10400,0.14405,2.33303,3.12088,0.88235,0.94118,0.20000,0.86275,0.92857,0.10000,0.73733
140,0.0787,13860864,54191,0.01847,6.99e-05,0.2839,170.0910,0.00000,0.22800,0.00000,10.00000,1159.12528,0.00000,0.81313,0.00000,0.35600,0.16965,2.28101,2.40987,0.85455,0.87952,0.00000,0.00000,0.75231,0.00000,0.00000,0.00000,0.00000,1089.75374,-0.02477,-0.10729,0.23058,-0.01680,0.42650,0.75158,-0.07565,0.47851,-0.02837,-0.02385,0.17022,0.29305,0.34670,2.68770,2.55000,0.10000,0.14244,2.32374,3.02358,0.83636,0.82051,0.33333,0.84545,0.85093,0.16667,0.73349
141,0.0792,13959168,54782,0.01429,6.82e-05,0.2840,180.9287,0.00000,0.22400,0.00000,10.00000,1181.75635,0.00000,0.69597,0.00000,0.35200,0.16919,2.26750,2.91000,0.82418,0.94737,0.00000,0.00000,0.74678,0.00000,0.00000,0.00000,0.00000,1094.86092,-0.02499,-0.10782,0.22801,-0.01604,0.42304,0.74601,-0.07597,0.47718,-0.03292,-0.02366,0.16947,0.28967,0.34534,2.84612,1.81200,0.09600,0.13998,2.29724,2.77622,0.83516,0.87719,0.20000,0.82967,0.91228,0.08696,0.72671
142,0.0797,14057472,53847,0.01206,7.77e-05,0.2841,168.0845,0.00000,0.22000,0.00000,10.00000,1165.86187,0.00000,0.73310,0.00000,0.34800,0.16700,2.26824,2.70594,0.78351,0.86567,0.00000,0.00000,0.74509,0.00000,0.00000,0.00000,0.00000,1095.36955,-0.02525,-0.10787,0.22534,-0.01569,0.42074,0.74440,-0.07646,0.47441,-0.02967,-0.02363,0.16761,0.28575,0.34425,2.83122,1.75000,0.09200,0.13955,2.27492,2.96712,0.85567,0.88525,0.30000,0.81959,0.87500,0.13636,0.72126
143,0.0802,14155776,54729,0.01006,1.12e-04,0.2842,202.6720,0.00000,0.21600,0.00000,10.00000,1147.90893,0.00000,0.78189,0.00000,0.34400,0.16974,2.26513,2.89139,0.81481,0.85714,0.00000,0.00000,0.74454,0.00000,0.00000,0.00000,0.00000,1120.72152,-0.02526,-0.11041,0.22408,-0.01654,0.41995,0.74393,-0.07685,0.46790,-0.02842,-0.02392,0.16701,0.28484,0.34443,2.97122,4.28000,0.08800,0.14034,2.24933,3.07633,0.85185,0.79412,0.50000,0.83333,0.82895,0.16667,0.72215
144,0.0807,14254080,54580,0.01165,1.21e-04,0.2844,183.5678,0.00000,0.21200,0.00000,10.00000,1130.52467,0.00000,0.79435,0.00000,0.34000,0.16848,2.24015,2.99307,0.85088,0.90361,0.00000,0.00000,0.74432,0.00000,0.00000,0.00000,0.00000,1152.45711,-0.02563,-0.11338,0.22004,-0.01576,0.41916,0.74371,-0.07705,0.46162,-0.03213,-0.02420,0.16428,0.27974,0.34439,3.13644,5.24666,0.08400,0.14007,2.21283,3.28757,0.85965,0.86250,0.37500,0.85526,0.88344,0.17647,0.72195
145,0.0813,14352384,53111,0.01587,8.39e-05,0.2845,185.0751,0.00000,0.20800,0.00000,10.00000,1108.64791,0.00000,0.81197,0.00000,0.33600,0.16848,2.17667,3.07221,0.82692,0.91250,0.00000,0.00000,0.73646,0.00000,0.00000,0.00000,0.00000,1152.69458,-0.02613,-0.11323,0.21388,-0.01541,0.41452,0.73580,-0.07757,0.44697,-0.03093,-0.02428,0.15866,0.27158,0.34303,3.03108,3.40000,0.08000,0.14109,2.15271,2.98000,0.79808,0.80556,0.12500,0.81250,0.86184,0.05263,0.71515
146,0.0818,14450688,55031,0.01476,7.16e-05,0.2846,196.9224,0.00000,0.20400,0.00000,10.00000,1145.29164,0.00000,0.78755,0.00000,0.33200,0.16645,2.16468,2.94262,0.79121,0.81429,0.00000,0.00000,0.72721,0.00000,0.00000,0.00000,0.00000,1145.96265,-0.02628,-0.11273,0.21272,-0.01536,0.40816,0.72663,-0.07733,0.44505,-0.02950,-0.02394,0.15811,0.27009,0.34056,2.92234,0.00000,0.07600,0.14265,2.14619,2.89760,0.83516,0.83051,0.00000,0.81319,0.82171,0.00000,0.70282
147,0.0823,14548992,53677,0.01022,9.24e-05,0.2847,204.2632,0.00000,0.20000,0.00000,10.00000,1207.09566,0.00000,0.79787,0.00000,0.32800,0.16757,2.12254,2.67212,0.87234,0.91549,0.00000,0.00000,0.72305,0.00000,0.00000,0.00000,0.00000,1161.71110,-0.02667,-0.11434,0.20881,-0.01495,0.40471,0.72249,-0.07878,0.43562,-0.03234,-0.02383,0.15594,0.26522,0.33980,2.82491,2.92000,0.07200,0.14257,2.11765,3.01884,0.82979,0.78125,0.33333,0.85106,0.85185,0.11111,0.69900
148,0.0828,14647296,53395,0.01095,1.10e-04,0.2848,194.1189,0.00000,0.19600,0.00000,10.00000,1099.72562,0.00000,0.72650,0.00000,0.32400,0.16543,2.13589,2.61811,0.75824,0.84211,0.00000,0.00000,0.71731,0.00000,0.00000,0.00000,0.00000,1148.01709,-0.02673,-0.11298,0.20905,-0.01448,0.40086,0.71677,-0.07964,0.43787,-0.02998,-0.02368,0.15628,0.26536,0.33883,2.71771,3.29666,0.06800,0.14314,2.11981,2.81923,0.78022,0.79032,0.30000,0.76923,0.81513,0.13043,0.69413
149,0.0833,14745600,54742,0.01356,1.16e-04,0.2849,197.2773,0.00000,0.19200,0.00000,10.00000,1154.10140,0.00000,0.67130,0.00000,0.32000,0.16597,2.10696,2.93563,0.76042,0.83607,0.00000,0.00000,0.71380,0.00000,0.00000,0.00000,0.00000,1176.94377,-0.02703,-0.11579,0.20616,-0.01395,0.39900,0.71326,-0.07928,0.43231,-0.03492,-0.02385,0.15396,0.26135,0.33735,3.02312,3.06750,0.06400,0.14227,2.08312,3.11222,0.85417,0.85455,0.45455,0.80729,0.84483,0.20833,0.68675
150,0.0839,14843904,54447,0.01115,1.67e-04,0.2851,213.1626,0.00000,0.18800,0.00000,10.00000,1102.61218,0.00000,0.81773,0.00000,0.31600,0.16356,2.09369,2.96237,0.79775,0.84615,0.00000,0.00000,0.71192,0.00000,0.00000,0.00000,0.00000,1203.78825,-0.02738,-0.11823,0.20272,-0.01405,0.39643,0.71143,-0.08054,0.42760,-0.03244,-0.02386,0.15151,0.25678,0.33731,2.87843,5.25334,0.06000,0.14255,2.05340,2.79000,0.79775,0.77273,0.50000,0.79775,0.80916,0.21429,0.68654
151,0.0844,14942208,52876,0.01388,1.34e-04,0.2852,207.0320,0.00000,0.18400,0.00000,10.00000,1132.29812,0.00000,0.75286,0.00000,0.31200,0.16419,2.04483,2.73365,0.76636,0.81944,0.00000,0.00000,0.70938,0.00000,0.00000,0.00000,0.00000,1223.01449,-0.02762,-0.12021,0.19796,-0.01326,0.39395,0.70886,-0.08091,0.41584,-0.03346,-0.02417,0.14832,0.25071,0.33677,2.78692,4.09714,0.05600,0.14338,2.02573,2.83701,0.82243,0.80822,0.54545,0.79439,0.81379,0.26087,0.68385
152,0.0849,15040512,54304,0.01220,1.33e-04,0.2853,219.5294,0.00000,0.18000,0.00000,10.00000,1089.04190,0.00000,0.75196,0.00000,0.30800,0.16534,2.00441,2.64433,0.74747,0.80882,0.00000,0.00000,0.70762,0.00000,0.00000,0.00000,0.00000,1210.05811,-0.02788,-0.11911,0.19452,-0.01354,0.39214,0.70715,-0.08146,0.40612,-0.03607,-0.02425,0.14475,0.24684,0.33649,2.84196,2.36400,0.05200,0.14505,2.00403,3.07000,0.73737,0.69697,0.25000,0.74242,0.75373,0.10000,0.68246
153,0.0854,15138816,53483,0.01314,1.34e-04,0.2855,208.7102,0.00000,0.17600,0.00000,10.00000,1098.13641,0.00000,0.76329,0.00000,0.30400,0.16767,1.95911,2.86583,0.76522,0.83544,0.00000,0.00000,0.69982,0.00000,0.00000,0.00000,0.00000,1231.90617,-0.02798,-0.12103,0.19192,-0.01406,0.38755,0.69935,-0.08152,0.39614,-0.03785,-0.02435,0.14294,0.24378,0.33466,2.82239,2.27333,0.04800,0.14735,1.97518,2.77193,0.75652,0.70886,0.37500,0.76087,0.77215,0.13636,0.67329
154,0.0859,15237120,53262,0.01545,1.18e-04,0.2856,207.0293,0.00000,0.17200,0.00000,10.00000,1110.75134,0.00000,0.88411,0.00000,0.30000,0.16530,1.92593,3.14523,0.82796,0.82432,0.00000,0.00000,0.69377,0.00000,0.00000,0.00000,0.00000,1219.05745,-0.02838,-0.11992,0.18748,-0.01328,0.38208,0.69326,-0.08260,0.39134,-0.03494,-0.02399,0.13966,0.23752,0.33258,3.06698,3.60000,0.04400,0.14542,1.95421,2.98360,0.81720,0.79730,0.33333,0.82258,0.81081,0.16667,0.66289
155,0.0864,15335424,53745,0.01377,1.34e-04,0.2857,214.0858,0.00000,0.16800,0.00000,10.00000,1076.81655,0.00000,0.75949,0.00000,0.29600,0.16461,1.89440,3.11959,0.75949,0.82759,0.00000,0.00000,0.68436,0.00000,0.00000,0.00000,0.00000,1251.94238,-0.02854,-0.12309,0.18529,-0.01295,0.37655,0.68385,-0.08365,0.38812,-0.03734,-0.02392,0.13797,0.23458,0.33071,3.11892,4.33000,0.04000,0.14489,1.94567,3.11818,0.79747,0.84000,0.20000,0.77848,0.83333,0.11111,0.65357
156,0.0870,15433728,54193,0.01379,1.21e-04,0.2859,210.1368,0.00000,0.16400,0.00000,10.00000,1018.02485,0.00000,0.85007,0.00000,0.29200,0.16658,1.90767,2.90582,0.79518,0.80952,0.00000,0.00000,0.68378,0.00000,0.00000,0.00000,0.00000,1263.79793,-0.02849,-0.12409,0.18493,-0.01283,0.37495,0.68336,-0.08378,0.38717,-0.03322,-0.02395,0.13807,0.23451,0.33027,3.06076,4.39000,0.03600,0.14356,1.94841,3.23120,0.75904,0.70312,0.75000,0.77711,0.75591,0.33333,0.65135
157,0.0875,15532032,53396,0.01384,1.01e-04,0.2860,203.4095,0.00000,0.16000,0.00000,10.00000,1052.61448,0.00000,0.79594,0.00000,0.28800,0.16691,1.87230,3.05213,0.75000,0.76712,0.00000,0.00000,0.68117,0.00000,0.00000,0.00000,0.00000,1260.08822,-0.02867,-0.12391,0.18186,-0.01213,0.37296,0.68071,-0.08440,0.38247,-0.03958,-0.02439,0.13596,0.23067,0.32921,3.35669,4.84000,0.03200,0.14206,1.91930,3.66633,0.77885,0.73684,0.50000,0.76442,0.75168,0.20000,0.64607
158,0.0880,15630336,54387,0.01431,1.04e-04,0.2861,209.5232,0.00000,0.15600,0.00000,10.00000,1044.36940,0.00000,0.74275,0.00000,0.28400,0.16671,1.83661,3.31236,0.73913,0.76923,0.00000,0.00000,0.67235,0.00000,0.00000,0.00000,0.00000,1252.78768,-0.02878,-0.12319,0.17872,-0.01232,0.36946,0.67188,-0.08396,0.37512,-0.03291,-0.02406,0.13324,0.22631,0.32812,3.22306,1.45000,0.02800,0.14224,1.89389,3.10883,0.70652,0.63793,0.33333,0.72283,0.70732,0.16667,0.64060
159,0.0885,15728640,53877,0.01631,8.35e-05,0.2862,196.4683,0.00000,0.15200,0.00000,10.00000,1057.85865,0.00000,0.73560,0.00000,0.28000,0.16555,1.77549,2.95587,0.76852,0.80822,0.00000,0.00000,0.66694,0.00000,0.00000,0.00000,0.00000,1265.10571,-0.02919,-0.12433,0.17291,-0.01156,0.36512,0.66652,-0.08397,0.36368,-0.03731,-0.02426,0.12933,0.21938,0.32666,3.07398,2.68500,0.02400,0.14332,1.85391,3.22280,0.69444,0.62857,0.30000,0.73148,0.72028,0.14286,0.63329
160,0.0890,15826944,53370,0.01701,8.59e-05,0.2863,195.0301,0.00000,0.14800,0.00000,10.00000,1095.59648,0.00000,0.72222,0.00000,0.27600,0.16119,1.72686,3.73586,0.77000,0.79104,0.00000,0.00000,0.66211,0.00000,0.00000,0.00000,0.00000,1272.46940,-0.02974,-0.12502,0.16776,-0.01131,0.36027,0.66174,-0.08456,0.35372,-0.03533,-0.02422,0.12491,0.21244,0.32504,3.41132,4.60000,0.02000,0.14635,1.81270,3.01916,0.76000,0.68254,0.42857,0.76500,0.73846,0.18750,0.62523
161,0.0895,15925248,53709,0.02038,5.83e-05,0.2864,222.7669,0.00000,0.14400,0.00000,10.00000,1005.88516,0.00000,0.78209,0.00000,0.27200,0.16006,1.67010,2.81224,0.66990,0.60274,0.00000,0.00000,0.65231,0.00000,0.00000,0.00000,0.00000,1276.70272,-0.03019,-0.12541,0.16169,-0.01125,0.35393,0.65198,-0.08519,0.34318,-0.03890,-0.02401,0.12069,0.20435,0.32322,3.03221,2.33000,0.01600,0.14489,1.76116,3.26652,0.65049,0.55556,0.33333,0.66019,0.57931,0.18182,0.61612
162,0.0901,16023552,53185,0.01847,5.71e-05,0.2865,219.7460,0.00000,0.14000,0.00000,10.00000,956.94702,0.00000,0.72917,0.00000,0.26800,0.16053,1.62841,3.54186,0.63542,0.61290,0.00000,0.00000,0.64240,0.00000,0.00000,0.00000,0.00000,1295.43644,-0.03037,-0.12728,0.15926,-0.01099,0.34837,0.64208,-0.08525,0.33646,-0.04084,-0.02409,0.11834,0.20139,0.32118,3.56883,1.32667,0.01200,0.14645,1.74461,3.59581,0.67708,0.62500,0.12500,0.65625,0.61905,0.05263,0.60592
163,0.0906,16121856,53911,0.00758,9.31e-05,0.2865,221.3343,0.00000,0.13600,0.00000,10.00000,886.76160,0.00000,0.73355,0.00000,0.26400,0.16179,1.61192,3.71809,0.57282,0.58209,0.00000,0.00000,0.63922,0.00000,0.00000,0.00000,0.00000,1331.50057,-0.03058,-0.13081,0.15600,-0.01097,0.34470,0.63888,-0.08567,0.32848,-0.03824,-0.02446,0.11559,0.19745,0.31978,3.56786,3.16800,0.00800,0.14686,1.71280,3.43361,0.65049,0.59420,0.33333,0.61165,0.58824,0.14815,0.59889
164,0.0911,16220160,53688,0.01247,9.13e-05,0.2866,230.2224,0.00000,0.13200,0.00000,10.00000,928.95312,0.00000,0.79932,0.00000,0.26000,0.16243,1.58673,3.36363,0.58163,0.52113,0.00000,0.00000,0.63709,0.00000,0.00000,0.00000,0.00000,1334.29508,-0.03081,-0.13114,0.15431,-0.01081,0.34259,0.63670,-0.08647,0.32295,-0.03768,-0.02431,0.11420,0.19535,0.31870,3.25068,7.19999,0.00400,0.14818,1.70538,3.13773,0.66327,0.57143,0.25000,0.62245,0.54610,0.09091,0.59349
165,0.0916,16318464,53618,0.01092,1.31e-04,0.2868,238.4213,0.00000,0.12800,0.00000,10.00000,875.97753,0.00000,0.82185,0.00000,0.25600,0.16081,1.54016,3.61107,0.60331,0.58242,0.00000,0.00000,0.63242,0.00000,0.00000,0.00000,0.00000,1369.37158,-0.03105,-0.13429,0.15032,-0.01041,0.34019,0.63204,-0.08643,0.31797,-0.04253,-0.02454,0.11137,0.19026,0.31796,3.37768,6.15999,0.00000,0.14658,1.67305,3.14428,0.63636,0.55682,0.37500,0.61983,0.56983,0.16667,0.58977
166,0.0921,16416768,53715,0.02551,9.83e-05,0.2869,237.7308,0.00000,0.12600,0.00000,10.00000,869.90273,0.00000,0.78431,0.00000,0.25200,0.16115,1.50284,3.23116,0.50000,0.47297,0.00000,0.00000,0.62788,0.00000,0.00000,0.00000,0.00000,1355.70939,-0.03146,-0.13314,0.14589,-0.00990,0.33837,0.62746,-0.08759,0.30776,-0.03777,-0.02429,0.10763,0.18460,0.31782,3.28863,1.98500,0.00000,0.14730,1.63871,3.34355,0.64706,0.57143,0.25000,0.57353,0.52083,0.10000,0.58908
167,0.0927,16515072,53501,0.01381,8.88e-05,0.2870,208.9300,0.00000,0.12400,0.00000,10.00000,918.98248,0.00000,0.81871,0.00000,0.24800,0.16036,1.47190,3.10279,0.61053,0.53521,0.00000,0.00000,0.61832,0.00000,0.00000,0.00000,0.00000,1375.20345,-0.03156,-0.13497,0.14368,-0.00980,0.33170,0.61798,-0.08771,0.30322,-0.04366,-0.02432,0.10648,0.18181,0.31572,3.41119,4.32667,0.00000,0.14743,1.62476,3.73463,0.65263,0.55072,0.50000,0.63158,0.54286,0.25000,0.57862
168,0.0932,16613376,53181,0.01308,7.77e-05,0.2871,232.6897,0.00000,0.12200,0.00000,10.00000,838.19842,0.00000,0.80808,0.00000,0.24400,0.15944,1.41903,3.81263,0.60227,0.58730,0.00000,0.00000,0.61125,0.00000,0.00000,0.00000,0.00000,1351.87923,-0.03219,-0.13282,0.13811,-0.00940,0.32611,0.61092,-0.08897,0.29199,-0.04214,-0.02399,0.10227,0.17442,0.31423,3.45102,5.50000,0.00000,0.14741,1.58790,3.10750,0.60227,0.56923,0.22222,0.60227,0.57812,0.11111,0.57117
169,0.0937,16711680,53505,0.01345,8.52e-05,0.2871,240.6345,0.00000,0.12000,0.00000,10.00000,788.96658,0.00000,0.79012,0.00000,0.24000,0.15917,1.40825,3.95241,0.47778,0.42188,0.00000,0.00000,0.60693,0.00000,0.00000,0.00000,0.00000,1395.70133,-0.03235,-0.13693,0.13579,-0.00914,0.32112,0.60661,-0.08927,0.29004,-0.04397,-0.02424,0.10088,0.17170,0.31259,3.72371,2.60000,0.00000,0.14452,1.57805,3.56195,0.61111,0.56250,0.36364,0.54444,0.49219,0.19048,0.56295
170,0.0942,16809984,53820,0.01414,7.97e-05,0.2872,241.3730,0.00000,0.11800,0.00000,10.00000,812.41089,0.00000,0.75231,0.00000,0.23600,0.15532,1.38756,3.53091,0.50000,0.46154,0.00000,0.00000,0.60527,0.00000,0.00000,0.00000,0.00000,1406.56966,-0.03249,-0.13805,0.13383,-0.00897,0.31969,0.60485,-0.09000,0.28668,-0.04217,-0.02425,0.09920,0.16906,0.31193,3.30000,4.32000,0.00000,0.14677,1.56859,3.11414,0.57292,0.49231,0.33333,0.53646,0.47692,0.16000,0.55967
171,0.0947,16908288,53593,0.01235,7.10e-05,0.2873,227.2646,0.00000,0.11600,0.00000,10.00000,785.47036,0.00000,0.85911,0.00000,0.23200,0.15621,1.37023,3.60057,0.48454,0.42857,0.00000,0.00000,0.60455,0.00000,0.00000,0.00000,0.00000,1413.99365,-0.03247,-0.13878,0.13356,-0.00932,0.31907,0.60421,-0.09065,0.28480,-0.04448,-0.02432,0.09945,0.16909,0.31179,3.34675,2.80000,0.00000,0.14786,1.57444,3.11897,0.53608,0.45205,0.16667,0.51031,0.44000,0.08333,0.55893
172,0.0952,17006592,53042,0.01164,8.88e-05,0.2874,225.7989,0.00000,0.11600,0.00000,10.00000,815.03471,0.00000,0.67842,0.00000,0.23200,0.15396,1.33548,4.06143,0.43269,0.35821,0.00000,0.00000,0.60246,0.00000,0.00000,0.00000,0.00000,1404.63509,-0.03269,-0.13803,0.13051,-0.00852,0.31823,0.60208,-0.09105,0.27962,-0.04260,-0.02444,0.09704,0.16500,0.31187,3.75125,2.67500,0.00000,0.14767,1.56010,3.51000,0.60577,0.51667,0.20000,0.51923,0.43307,0.09677,0.55933
173,0.0958,17104896,53707,0.01230,8.19e-05,0.2875,257.9152,0.00000,0.11600,0.00000,10.00000,805.03488,0.00000,0.79686,0.00000,0.23200,0.15559,1.29895,3.43437,0.54545,0.45588,0.00000,0.00000,0.60217,0.00000,0.00000,0.00000,0.00000,1406.47314,-0.03293,-0.13812,0.12881,-0.00876,0.31864,0.60179,-0.09065,0.27380,-0.04385,-0.02441,0.09521,0.16314,0.31177,3.25812,0.00000,0.00000,0.14934,1.55780,3.08187,0.46465,0.36486,0.00000,0.50505,0.40845,0.00000,0.55886
174,0.0963,17203200,53291,0.01133,1.04e-04,0.2876,234.6005,0.00000,0.11600,0.00000,10.00000,754.77129,0.00000,0.80138,0.00000,0.23200,0.15231,1.25511,3.06193,0.37168,0.31765,0.00000,0.00000,0.59698,0.00000,0.00000,0.00000,0.00000,1400.98584,-0.03289,-0.13754,0.12818,-0.00914,0.31610,0.59660,-0.08978,0.27133,-0.04668,-0.02453,0.09383,0.16216,0.31015,3.23671,1.58667,0.00000,0.15261,1.56662,3.36571,0.58407,0.46154,0.37500,0.47788,0.38650,0.14286,0.55076
175,0.0968,17301504,49729,0.01467,9.32e-05,0.2877,242.0154,0.00000,0.11600,0.00000,10.00000,831.48200,0.00000,0.77899,0.00000,0.23200,0.15183,1.21629,3.76384,0.50000,0.34921,0.00000,0.00000,0.58806,0.00000,0.00000,0.00000,0.00000,1407.07308,-0.03319,-0.13818,0.12604,-0.00896,0.31091,0.58775,-0.09052,0.26900,-0.04435,-0.02420,0.09271,0.15934,0.30890,3.79236,5.52666,0.00000,0.15023,1.57104,3.81793,0.54348,0.39394,0.60000,0.52174,0.37209,0.30000,0.54451
176,0.0974,17399808,54292,0.01144,1.34e-04,0.2878,230.4422,0.00000,0.11600,0.00000,10.00000,752.76025,0.00000,0.76389,0.00000,0.23200,0.15140,1.21885,2.92400,0.31250,0.14815,0.00000,0.00000,0.58667,0.00000,0.00000,0.00000,0.00000,1428.64730,-0.03338,-0.14031,0.12339,-0.00803,0.30771,0.58638,-0.09213,0.26634,-0.04188,-0.02410,0.09190,0.15607,0.30818,3.57370,3.68250,0.00000,0.14759,1.56079,3.82359,0.63750,0.55357,0.60000,0.47500,0.35455,0.31579,0.54089
177,0.0978,17498112,57232,0.01459,1.01e-04,0.2879,228.9996,0.00000,0.11600,0.00000,10.00000,844.64768,0.00000,0.81301,0.00000,0.23200,0.14874,1.20230,2.91000,0.40244,0.28125,0.00000,0.00000,0.58290,0.00000,0.00000,0.00000,0.00000,1430.41553,-0.03329,-0.14019,0.12232,-0.00809,0.30540,0.58258,-0.09311,0.26613,-0.04434,-0.02418,0.09143,0.15475,0.30726,3.14778,1.84000,0.00000,0.14707,1.57158,3.31125,0.64634,0.50000,0.50000,0.52439,0.38333,0.20000,0.53628
178,0.0983,17596416,58491,0.01639,7.77e-05,0.2880,226.3623,0.00000,0.11600,0.00000,10.00000,787.30226,0.00000,0.77568,0.00000,0.23200,0.14739,1.17187,3.37778,0.41509,0.32895,0.00000,0.00000,0.58230,0.00000,0.00000,0.00000,0.00000,1423.29753,-0.03342,-0.13982,0.12015,-0.00823,0.30493,0.58197,-0.09319,0.26104,-0.04203,-0.02422,0.08891,0.15191,0.30659,3.50348,3.65143,0.00000,0.14811,1.55706,3.58428,0.60377,0.45833,0.66667,0.50943,0.39189,0.30000,0.53295
179,0.0988,17694720,59325,0.01019,9.24e-05,0.2881,252.4526,0.00000,0.11600,0.00000,10.00000,646.03251,0.00000,0.86227,0.00000,0.23200,0.14860,1.15515,3.59625,0.28125,0.19737,0.00000,0.00000,0.58097,0.00000,0.00000,0.00000,0.00000,1437.03385,-0.03334,-0.14119,0.11926,-0.00872,0.30425,0.58067,-0.09292,0.25856,-0.04424,-0.02425,0.08809,0.15100,0.30658,3.56240,3.86000,0.00000,0.14839,1.54762,3.54647,0.54167,0.42466,0.60000,0.41146,0.30872,0.23077,0.53290
180,0.0992,17793024,59303,0.01362,9.24e-05,0.2882,242.3829,0.00000,0.11600,0.00000,10.00000,652.35647,0.00000,0.82540,0.00000,0.23200,0.15174,1.13966,3.67166,0.35238,0.28205,0.00000,0.00000,0.58403,0.00000,0.00000,0.00000,0.00000,1436.05094,-0.03342,-0.14090,0.11901,-0.00824,0.30590,0.58369,-0.09276,0.25561,-0.04627,-0.02431,0.08758,0.15062,0.30706,4.07082,3.31333,0.00000,0.14884,1.54878,4.32973,0.50476,0.43590,0.20000,0.42857,0.35897,0.09091,0.53532
181,0.0997,17891328,59019,0.01388,8.59e-05,0.2882,215.8167,0.00000,0.11600,0.00000,10.00000,641.60133,0.00000,0.78889,0.00000,0.23200,0.15170,1.13481,3.95764,0.32000,0.20548,0.00000,0.00000,0.58658,0.00000,0.00000,0.00000,0.00000,1450.36475,-0.03360,-0.14230,0.11912,-0.00841,0.30650,0.58623,-0.09322,0.25636,-0.04666,-0.02454,0.08799,0.15089,0.30725,3.98731,3.45000,0.00000,0.14846,1.55579,4.00833,0.44000,0.30435,0.11111,0.38000,0.25352,0.05263,0.53624
182,0.1002,17989632,59145,0.01091,8.59e-05,0.2883,223.9964,0.00000,0.11600,0.00000,10.00000,666.79862,0.00000,0.86227,0.00000,0.23200,0.15125,1.12693,3.35200,0.27083,0.17105,0.00000,0.00000,0.58559,0.00000,0.00000,0.00000,0.00000,1427.86979,-0.03374,-0.14027,0.11837,-0.00773,0.30496,0.58531,-0.09243,0.25606,-0.04510,-0.02442,0.08743,0.14970,0.30601,3.39577,1.99000,0.00000,0.14700,1.55802,3.41351,0.54167,0.46575,0.16667,0.40625,0.31544,0.07692,0.53005
183,0.1006,18087936,59334,0.01435,6.42e-05,0.2884,224.9520,0.00000,0.11600,0.00000,10.00000,704.11964,0.00000,0.77249,0.00000,0.23200,0.15269,1.12354,2.96526,0.23810,0.14286,0.00000,0.00000,0.58248,0.00000,0.00000,0.00000,0.00000,1434.72021,-0.03377,-0.14103,0.11746,-0.00813,0.30306,0.58223,-0.09316,0.25377,-0.04329,-0.02453,0.08673,0.14836,0.30600,3.36200,2.14363,0.00000,0.14604,1.54615,3.54585,0.61905,0.49275,0.50000,0.42857,0.30822,0.20833,0.52999
184,0.1011,18186240,59516,0.00960,8.59e-05,0.2885,222.1545,0.00000,0.11600,0.00000,10.00000,682.19015,0.00000,0.78256,0.00000,0.23200,0.15176,1.12001,2.88750,0.32258,0.16923,0.00000,0.00000,0.58197,0.00000,0.00000,0.00000,0.00000,1436.00684,-0.03375,-0.14090,0.11671,-0.00763,0.30304,0.58165,-0.09323,0.25423,-0.04647,-0.02432,0.08654,0.14735,0.30564,3.56136,2.34400,0.00000,0.14427,1.53931,3.94643,0.48387,0.34848,0.44444,0.40323,0.25954,0.22222,0.52821
185,0.1016,18284544,59454,0.02014,6.34e-05,0.2886,229.4858,0.00000,0.11600,0.00000,10.00000,673.15362,0.00000,0.81121,0.00000,0.23200,0.15448,1.12813,3.84769,0.24779,0.12644,0.00000,0.00000,0.58146,0.00000,0.00000,0.00000,0.00000,1442.93571,-0.03389,-0.14158,0.11779,-0.00818,0.30338,0.58109,-0.09320,0.25260,-0.04485,-0.02449,0.08668,0.14902,0.30524,3.88208,4.92666,0.00000,0.14736,1.53607,3.89485,0.53097,0.38462,0.28571,0.38938,0.24848,0.12500,0.52619
186,0.1020,18382848,59382,0.01608,5.14e-05,0.2886,238.6985,0.00000,0.11800,0.00000,10.00000,710.13048,0.00000,0.81384,0.00000,0.23600,0.15425,1.11691,3.97429,0.32456,0.14815,0.00000,0.00000,0.58470,0.00000,0.00000,0.00000,0.00000,1432.11947,-0.03400,-0.14066,0.11612,-0.00788,0.30417,0.58434,-0.09257,0.25041,-0.04536,-0.02465,0.08535,0.14694,0.30599,3.51166,1.53000,0.00000,0.14615,1.52566,3.37087,0.55263,0.47674,0.14286,0.43860,0.31737,0.06667,0.52995
187,0.1025,18481152,59855,0.01137,4.74e-05,0.2887,236.6327,0.00000,0.12000,0.00000,10.00000,643.24191,0.00000,0.82766,0.00000,0.24000,0.15629,1.10856,3.92428,0.33673,0.20000,0.00000,0.00000,0.58468,0.00000,0.00000,0.00000,0.00000,1428.42611,-0.03394,-0.14028,0.11552,-0.00788,0.30439,0.58433,-0.09252,0.24725,-0.04583,-0.02459,0.08445,0.14633,0.30620,3.87040,3.42000,0.00000,0.14739,1.51649,3.84944,0.47959,0.39474,0.44444,0.40816,0.30137,0.22222,0.53099
188,0.1030,18579456,59213,0.01046,5.28e-05,0.2887,232.5079,0.00000,0.12200,0.00000,10.00000,622.82181,0.00000,0.89787,0.00000,0.24400,0.15608,1.10707,4.22307,0.23232,0.13253,0.00000,0.00000,0.57757,0.00000,0.00000,0.00000,0.00000,1440.95426,-0.03366,-0.14146,0.11707,-0.00837,0.30124,0.57723,-0.09229,0.24837,-0.04832,-0.02460,0.08531,0.14849,0.30519,3.88377,4.43334,0.00000,0.15039,1.52904,3.77350,0.57576,0.48052,0.50000,0.40404,0.30000,0.25000,0.52597
189,0.1034,18677760,59363,0.01031,6.71e-05,0.2888,240.4275,0.00000,0.12400,0.00000,10.00000,732.11595,0.00000,0.77124,0.00000,0.24800,0.15826,1.13053,5.22333,0.31765,0.20000,0.00000,0.00000,0.58095,0.00000,0.00000,0.00000,0.00000,1423.31787,-0.03389,-0.13976,0.11753,-0.00837,0.30273,0.58061,-0.09283,0.24740,-0.04489,-0.02442,0.08538,0.14901,0.30604,4.10760,4.33000,0.00000,0.15170,1.53081,3.75526,0.65882,0.56897,0.50000,0.48824,0.38136,0.22222,0.53018
190,0.1039,18776064,59402,0.00884,1.09e-04,0.2889,196.9534,0.00000,0.12600,0.00000,10.00000,764.04264,0.00000,0.72104,0.00000,0.25200,0.15851,1.12504,4.86154,0.36170,0.19355,0.00000,0.00000,0.58001,0.00000,0.00000,0.00000,0.00000,1432.31234,-0.03386,-0.14068,0.11787,-0.00837,0.30189,0.57971,-0.09328,0.24917,-0.04867,-0.02442,0.08653,0.14948,0.30582,4.53111,4.17333,0.00000,0.15034,1.54642,4.39687,0.59574,0.50000,0.20000,0.47872,0.34426,0.10000,0.52910
191,0.1044,18874368,59209,0.01348,1.01e-04,0.2890,215.3083,0.00000,0.12800,0.00000,10.00000,664.31305,0.00000,0.73856,0.00000,0.25600,0.15781,1.13233,4.62000,0.30588,0.16667,0.00000,0.00000,0.58768,0.00000,0.00000,0.00000,0.00000,1422.18538,-0.03395,-0.13972,0.11727,-0.00836,0.30529,0.58738,-0.09392,0.24907,-0.04679,-0.02449,0.08650,0.14862,0.30753,4.21470,3.52500,0.00000,0.14912,1.54673,3.99363,0.48235,0.30189,0.36364,0.39412,0.23009,0.20000,0.53765
192,0.1048,18972672,58496,0.01430,8.19e-05,0.2891,231.8797,0.00000,0.13000,0.00000,10.00000,642.95106,0.00000,0.85512,0.00000,0.26000,0.15947,1.15242,5.02286,0.34314,0.18421,0.00000,0.00000,0.59069,0.00000,0.00000,0.00000,0.00000,1425.83333,-0.03376,-0.14016,0.11915,-0.00887,0.30701,0.59038,-0.09300,0.25320,-0.04838,-0.02489,0.08742,0.15110,0.30801,4.52000,6.18000,0.00000,0.14789,1.56332,4.31294,0.47059,0.38272,0.20000,0.40686,0.28662,0.10000,0.54006
193,0.1053,19070976,59054,0.01080,8.39e-05,0.2892,227.4686,0.00000,0.13200,0.00000,10.00000,604.19273,0.00000,0.77877,0.00000,0.26400,0.16338,1.16776,4.16000,0.27679,0.17949,0.00000,0.00000,0.59870,0.00000,0.00000,0.00000,0.00000,1415.31494,-0.03373,-0.13916,0.11956,-0.00874,0.31251,0.59836,-0.09278,0.25176,-0.04399,-0.02500,0.08739,0.15179,0.30980,3.80482,2.89555,0.00000,0.14820,1.55911,3.64500,0.46429,0.35443,0.40000,0.37054,0.26752,0.18750,0.54898
194,0.1058,19169280,58859,0.00977,1.10e-04,0.2892,226.8808,0.00000,0.13400,0.00000,10.00000,648.30864,0.00000,0.80645,0.00000,0.26800,0.16361,1.17985,4.38363,0.24731,0.13043,0.00000,0.00000,0.59896,0.00000,0.00000,0.00000,0.00000,1445.82324,-0.03360,-0.14213,0.11976,-0.00852,0.31279,0.59856,-0.09259,0.25353,-0.04530,-0.02497,0.08781,0.15282,0.30971,3.63666,3.13428,0.00000,0.14809,1.54843,3.41459,0.52688,0.37879,0.66667,0.38710,0.25185,0.31579,0.54854
195,0.1063,19267584,58093,0.01209,1.21e-04,0.2893,250.1908,0.00000,0.13600,0.00000,10.00000,687.70145,0.00000,0.80357,0.00000,0.27200,0.16853,1.22510,4.19895,0.28571,0.17241,0.00000,0.00000,0.60706,0.00000,0.00000,0.00000,0.00000,1428.99284,-0.03351,-0.14062,0.12335,-0.00926,0.31705,0.60664,-0.09194,0.25420,-0.04387,-0.02510,0.08953,0.15766,0.31047,3.86627,4.24000,0.00000,0.15268,1.55258,3.66875,0.52679,0.37333,0.25000,0.40625,0.26543,0.12500,0.55237
196,0.1067,19365888,60163,0.01528,1.34e-04,0.2894,222.3464,0.00000,0.13800,0.00000,10.00000,594.93917,0.00000,0.87912,0.00000,0.27600,0.16758,1.26127,5.97100,0.35165,0.27778,0.00000,0.00000,0.60874,0.00000,0.00000,0.00000,0.00000,1442.93717,-0.03329,-0.14178,0.12562,-0.00954,0.31797,0.60830,-0.09201,0.25988,-0.04458,-0.02507,0.09139,0.16029,0.31063,4.68357,6.41000,0.00000,0.15177,1.56154,3.96833,0.51648,0.44444,0.33333,0.43407,0.36111,0.15385,0.55316
197,0.1072,19464192,59634,0.01623,1.38e-04,0.2895,206.2697,0.00000,0.14000,0.00000,10.00000,700.54067,0.00000,0.77083,0.00000,0.28000,0.16851,1.30875,4.78545,0.30000,0.17241,0.00000,0.00000,0.61366,0.00000,0.00000,0.00000,0.00000,1431.94466,-0.03306,-0.14079,0.13011,-0.01035,0.31955,0.61324,-0.09241,0.26798,-0.04248,-0.02488,0.09463,0.16594,0.31203,3.88947,1.73000,0.00000,0.15228,1.59656,3.52444,0.56250,0.45283,0.25000,0.43125,0.30631,0.12500,0.56016
198,0.1076,19562496,59871,0.01305,8.70e-05,0.2896,207.5102,0.00000,0.14200,0.00000,10.00000,720.21126,0.00000,0.82041,0.00000,0.28400,0.16556,1.34316,5.67294,0.39535,0.25758,0.00000,0.00000,0.61871,0.00000,0.00000,0.00000,0.00000,1411.51139,-0.03272,-0.13871,0.13422,-0.01007,0.32318,0.61827,-0.09222,0.28036,-0.04562,-0.02488,0.09774,0.17076,0.31329,4.42683,0.00000,0.00000,0.14973,1.63958,3.54416,0.50000,0.36066,0.00000,0.44767,0.30709,0.00000,0.56647
199,0.1081,19660800,60047,0.00959,1.01e-04,0.2897,210.9458,0.00000,0.14400,0.00000,10.00000,749.85953,0.00000,0.74786,0.00000,0.28800,0.16482,1.37675,5.61130,0.43269,0.30000,0.00000,0.00000,0.62736,0.00000,0.00000,0.00000,0.00000,1420.93359,-0.03225,-0.13958,0.13739,-0.00985,0.33037,0.62688,-0.09157,0.28488,-0.04624,-0.02515,0.09989,0.17474,0.31579,4.75085,3.67000,0.00000,0.15195,1.65593,4.20111,0.57692,0.47143,0.30000,0.50481,0.38571,0.15000,0.57896
200,0.1086,19759104,60146,0.01400,1.12e-04,0.2898,196.4054,0.00000,0.14600,0.00000,10.00000,662.64000,0.00000,0.85556,0.00000,0.29200,0.16833,1.41269,5.12370,0.34000,0.28916,0.00000,0.00000,0.63242,0.00000,0.00000,0.00000,0.00000,1400.46647,-0.03200,-0.13773,0.14176,-0.01120,0.33515,0.63195,-0.09121,0.28973,-0.04465,-0.02512,0.10231,0.18009,0.31711,4.20896,2.65333,0.00000,0.15296,1.67405,3.41226,0.52000,0.36620,0.40000,0.43000,0.32468,0.16667,0.58556
201,0.1090,19857408,60244,0.01120,1.21e-04,0.2899,215.4383,0.00000,0.14800,0.00000,10.00000,700.78259,0.00000,0.79365,0.00000,0.29600,0.17042,1.44416,5.54240,0.34286,0.28205,0.00000,0.00000,0.63790,0.00000,0.00000,0.00000,0.00000,1387.99902,-0.03185,-0.13644,0.14328,-0.01074,0.33927,0.63738,-0.09010,0.29520,-0.04219,-0.02514,0.10405,0.18184,0.31812,4.23472,3.28750,0.00000,0.14879,1.67732,3.53915,0.61905,0.54167,0.46154,0.48095,0.40667,0.23077,0.59059
202,0.1095,19955712,59903,0.01336,1.20e-04,0.2901,197.9913,0.00000,0.15000,0.00000,10.00000,674.56683,0.00000,0.83608,0.00000,0.30000,0.16934,1.50293,5.23077,0.41584,0.31081,0.00000,0.00000,0.64434,0.00000,0.00000,0.00000,0.00000,1377.28418,-0.03160,-0.13532,0.14562,-0.01140,0.34250,0.64387,-0.08851,0.30112,-0.04279,-0.02516,0.10576,0.18521,0.31949,4.34123,2.43667,0.00000,0.14889,1.66121,3.74820,0.51485,0.43590,0.37500,0.46535,0.37500,0.18750,0.59743
203,0.1100,20054016,59825,0.01747,1.01e-04,0.2903,222.0265,0.00000,0.15200,0.00000,10.00000,614.52798,0.00000,0.83900,0.00000,0.30400,0.17222,1.54539,5.37419,0.38776,0.33766,0.00000,0.00000,0.64791,0.00000,0.00000,0.00000,0.00000,1353.45532,-0.03136,-0.13308,0.14840,-0.01153,0.34543,0.64736,-0.08718,0.30600,-0.04565,-0.02535,0.10827,0.18946,0.32070,5.01492,4.47333,0.00000,0.14819,1.66506,4.66687,0.50000,0.39437,0.25000,0.44388,0.36486,0.11765,0.60352
204,0.1104,20152320,57106,0.01168,1.25e-04,0.2904,201.6277,0.00000,0.15400,0.00000,10.00000,651.68633,0.00000,0.82778,0.00000,0.30800,0.17035,1.60644,5.23655,0.40000,0.35526,0.00000,0.00000,0.65103,0.00000,0.00000,0.00000,0.00000,1347.26937,-0.03110,-0.13219,0.15200,-0.01146,0.34746,0.65050,-0.08694,0.31424,-0.04431,-0.02553,0.11112,0.19421,0.32152,4.44970,4.45500,0.00000,0.14902,1.66582,3.86461,0.53000,0.42466,0.44444,0.46500,0.38926,0.20000,0.60762
205,0.1109,20250624,60345,0.01269,1.20e-04,0.2905,234.5159,0.00000,0.15600,0.00000,10.00000,750.67837,0.00000,0.80117,0.00000,0.31200,0.17147,1.65952,4.96800,0.46316,0.39130,0.00000,0.00000,0.65182,0.00000,0.00000,0.00000,0.00000,1368.15951,-0.03081,-0.13433,0.15628,-0.01201,0.34926,0.65121,-0.08673,0.32061,-0.04140,-0.02532,0.11312,0.19936,0.32166,4.46228,4.01333,0.00000,0.14929,1.66154,4.08300,0.62105,0.50000,0.66667,0.54211,0.44526,0.26667,0.60830
206,0.1114,20348928,60374,0.01226,1.49e-04,0.2907,238.4037,0.00000,0.15800,0.00000,10.00000,806.80556,0.00000,0.81516,0.00000,0.31600,0.17455,1.70183,4.43395,0.50467,0.46988,0.00000,0.00000,0.65585,0.00000,0.00000,0.00000,0.00000,1376.57487,-0.03075,-0.13510,0.15810,-0.01256,0.35198,0.65522,-0.08640,0.32234,-0.04271,-0.02561,0.11452,0.20200,0.32283,4.27831,3.13600,0.00000,0.14813,1.64527,4.14961,0.71028,0.62162,0.50000,0.60748,0.54140,0.20000,0.61414
207,0.1118,20447232,60341,0.01360,1.58e-04,0.2908,223.7433,0.00000,0.15800,0.00000,10.00000,861.98085,0.00000,0.78405,0.00000,0.31600,0.17257,1.73716,5.11733,0.57258,0.47826,0.00000,0.00000,0.66279,0.00000,0.00000,0.00000,0.00000,1368.20817,-0.03074,-0.13430,0.15767,-0.01290,0.35599,0.66215,-0.08587,0.32132,-0.03888,-0.02555,0.11443,0.20198,0.32394,4.37055,2.47000,0.00000,0.15085,1.62153,3.64000,0.63710,0.51807,0.28571,0.60484,0.49714,0.16667,0.61968
208,0.1123,20545536,61019,0.01479,1.50e-04,0.2909,200.8537,0.00000,0.15800,0.00000,10.00000,785.94680,0.00000,0.79900,0.00000,0.31600,0.17337,1.77078,3.98788,0.51685,0.42623,0.00000,0.00000,0.66330,0.00000,0.00000,0.00000,0.00000,1345.43783,-0.03057,-0.13228,0.16036,-0.01365,0.35636,0.66264,-0.08535,0.32584,-0.04348,-0.02527,0.11630,0.20546,0.32467,3.73394,1.93143,0.00000,0.15014,1.60687,3.48000,0.51685,0.37313,0.80000,0.51685,0.39844,0.30769,0.62334
209,0.1127,20643840,61106,0.01573,1.61e-04,0.2910,223.5463,0.00000,0.15800,0.00000,10.00000,858.37774,0.00000,0.82359,0.00000,0.31600,0.17172,1.81326,4.37889,0.63158,0.58889,0.00000,0.00000,0.66033,0.00000,0.00000,0.00000,0.00000,1340.73486,-0.03031,-0.13174,0.16360,-0.01313,0.35496,0.65967,-0.08491,0.33428,-0.04097,-0.02530,0.11830,0.20940,0.32334,4.25420,4.55000,0.00000,0.14975,1.62675,4.10782,0.64035,0.51899,0.25000,0.63596,0.55621,0.11111,0.61672
210,0.1132,20742144,60175,0.01360,1.61e-04,0.2911,197.3906,0.00000,0.15800,0.00000,10.00000,755.29756,0.00000,0.75826,0.00000,0.31600,0.16960,1.83881,4.44919,0.58108,0.64151,0.00000,0.00000,0.66101,0.00000,0.00000,0.00000,0.00000,1339.01497,-0.03005,-0.13142,0.16456,-0.01235,0.35653,0.66044,-0.08467,0.33906,-0.03817,-0.02473,0.12035,0.20983,0.32364,4.04700,3.59143,0.00000,0.14759,1.62570,3.40000,0.47297,0.33333,0.36364,0.52703,0.49505,0.17391,0.61820
211,0.1136,20840448,60451,0.01361,1.73e-04,0.2913,192.9272,0.00000,0.15800,0.00000,10.00000,812.57321,0.00000,0.82397,0.00000,0.31600,0.16648,1.89186,4.91684,0.53933,0.51471,0.00000,0.00000,0.66475,0.00000,0.00000,0.00000,0.00000,1338.75846,-0.02989,-0.13152,0.16698,-0.01259,0.35784,0.66407,-0.08447,0.34891,-0.03498,-0.02497,0.12260,0.21284,0.32349,4.16354,2.50000,0.00000,0.14599,1.64392,3.46536,0.62921,0.57812,0.14286,0.58427,0.54545,0.07143,0.61747
212,0.1141,20938752,59498,0.01524,1.49e-04,0.2914,195.6185,0.00000,0.15800,0.00000,10.00000,736.73300,0.00000,0.77778,0.00000,0.31600,0.16689,1.90997,4.15163,0.65882,0.68421,0.00000,0.00000,0.66897,0.00000,0.00000,0.00000,0.00000,1348.18009,-0.02964,-0.13247,0.17025,-0.01310,0.36102,0.66832,-0.08457,0.35466,-0.03799,-0.02504,0.12473,0.21722,0.32458,3.90882,3.29000,0.00000,0.14681,1.67059,3.49120,0.40000,0.29032,0.41667,0.52941,0.47899,0.21739,0.62289
213,0.1146,21037056,59569,0.01571,1.12e-04,0.2916,186.2511,0.00000,0.15800,0.00000,10.00000,836.64544,0.00000,0.88266,0.00000,0.31600,0.16495,1.94156,4.27111,0.72897,0.72093,0.00000,0.00000,0.67552,0.00000,0.00000,0.00000,0.00000,1337.09334,-0.02913,-0.13126,0.17320,-0.01332,0.36532,0.67486,-0.08347,0.36140,-0.03741,-0.02527,0.12736,0.22114,0.32596,4.04321,2.73000,0.00000,0.14855,1.69682,3.70930,0.56075,0.46429,0.50000,0.64486,0.59412,0.22222,0.62979
214,0.1150,21135360,60787,0.01394,1.21e-04,0.2917,195.1509,0.00000,0.15800,0.00000,10.00000,820.06669,0.00000,0.73413,0.00000,0.31600,0.16490,1.95893,4.47796,0.62500,0.71053,0.00000,0.00000,0.68094,0.00000,0.00000,0.00000,0.00000,1309.44971,-0.02923,-0.12873,0.17429,-0.01308,0.36981,0.68028,-0.08303,0.36353,-0.03638,-0.02530,0.12832,0.22262,0.32757,4.21589,4.00000,0.00000,0.14865,1.70094,3.89375,0.60714,0.48611,0.53333,0.61607,0.60135,0.22857,0.63783
215,0.1155,21233664,60187,0.01199,1.58e-04,0.2918,225.5042,0.00000,0.15800,0.00000,10.00000,949.16205,0.00000,0.79758,0.00000,0.31600,0.16611,1.97771,3.56148,0.67327,0.67568,0.00000,0.00000,0.68274,0.00000,0.00000,0.00000,0.00000,1313.01001,-0.02905,-0.12901,0.17554,-0.01342,0.36991,0.68209,-0.08282,0.36406,-0.03532,-0.02516,0.12876,0.22437,0.32741,3.42081,2.18400,0.00000,0.14955,1.70102,3.25200,0.63366,0.49296,0.75000,0.65347,0.58621,0.23077,0.63706
216,0.1159,21331968,60472,0.01580,1.21e-04,0.2920,230.0791,0.00000,0.15800,0.00000,10.00000,884.48747,0.00000,0.84158,0.00000,0.31600,0.16682,1.96727,3.95400,0.76238,0.76000,0.00000,0.00000,0.68491,0.00000,0.00000,0.00000,0.00000,1318.24951,-0.02931,-0.12938,0.17421,-0.01363,0.37105,0.68428,-0.08282,0.36153,-0.04012,-0.02535,0.12727,0.22294,0.32831,3.80320,3.12666,0.00000,0.14867,1.67715,3.57700,0.54455,0.43590,0.50000,0.65347,0.59477,0.20000,0.64153
217,0.1164,21430272,60561,0.01340,1.31e-04,0.2921,196.6251,0.00000,0.15800,0.00000,10.00000,851.85460,0.00000,0.83951,0.00000,0.31600,0.16719,1.98618,3.78553,0.62222,0.63380,0.00000,0.00000,0.68309,0.00000,0.00000,0.00000,0.00000,1347.45622,-0.02938,-0.13228,0.17594,-0.01369,0.36883,0.68244,-0.08316,0.36271,-0.04061,-0.02531,0.12803,0.22470,0.32816,3.61340,2.18667,0.00000,0.14968,1.67113,3.42954,0.64444,0.60000,0.25000,0.63333,0.61765,0.12500,0.64081
218,0.1168,21528576,60914,0.01362,1.24e-04,0.2923,196.4475,0.00000,0.15800,0.00000,10.00000,962.80999,0.00000,0.80247,0.00000,0.31600,0.16749,2.02188,3.53640,0.76543,0.80000,0.00000,0.00000,0.68066,0.00000,0.00000,0.00000,0.00000,1353.48120,-0.02901,-0.13282,0.17814,-0.01471,0.36835,0.68002,-0.08305,0.36606,-0.03846,-0.02531,0.13016,0.22820,0.32807,3.61931,1.98800,0.00000,0.15151,1.67839,3.73135,0.66667,0.54386,0.80000,0.71605,0.67521,0.33333,0.64036
219,0.1173,21626880,61127,0.01242,1.12e-04,0.2924,190.1648,0.00000,0.15800,0.00000,10.00000,990.04472,0.00000,0.77267,0.00000,0.31600,0.16671,2.04393,3.74654,0.73563,0.75758,0.00000,0.00000,0.68263,0.00000,0.00000,0.00000,0.00000,1344.32992,-0.02861,-0.13184,0.18030,-0.01421,0.37052,0.68203,-0.08302,0.37114,-0.03634,-0.02519,0.13175,0.23049,0.32865,3.48651,1.68000,0.00000,0.15125,1.70070,3.02516,0.63218,0.47273,0.25000,0.68391,0.62810,0.09091,0.64326
220,0.1177,21725184,60729,0.01292,1.11e-04,0.2925,206.6454,0.00000,0.15600,0.00000,10.00000,927.59112,0.00000,0.83058,0.00000,0.31200,0.16580,2.03548,3.40000,0.81188,0.81333,0.00000,0.00000,0.68484,0.00000,0.00000,0.00000,0.00000,1320.48201,-0.02858,-0.12975,0.17991,-0.01385,0.37320,0.68422,-0.08295,0.37426,-0.03748,-0.02534,0.13145,0.22968,0.32889,3.38039,1.65000,0.00000,0.14827,1.70509,3.34540,0.49505,0.40789,0.14286,0.65347,0.60927,0.08333,0.64447
221,0.1182,21823488,61381,0.01312,1.10e-04,0.2926,216.8520,0.00000,0.15400,0.00000,10.00000,886.24115,0.00000,0.79932,0.00000,0.30800,0.16234,2.02520,3.38741,0.70408,0.73239,0.00000,0.00000,0.68676,0.00000,0.00000,0.00000,0.00000,1330.32113,-0.02861,-0.13068,0.18046,-0.01396,0.37400,0.68620,-0.08293,0.37710,-0.03819,-0.02523,0.13248,0.23045,0.32902,3.38681,2.85500,0.00000,0.15059,1.73225,3.38600,0.57143,0.44286,0.57143,0.63776,0.58865,0.23529,0.64511
222,0.1186,21921792,61023,0.01515,1.01e-04,0.2928,207.1136,0.00000,0.15200,0.00000,10.00000,841.63081,0.00000,0.81040,0.00000,0.30400,0.16463,2.00299,3.43254,0.69725,0.74026,0.00000,0.00000,0.68959,0.00000,0.00000,0.00000,0.00000,1341.11051,-0.02858,-0.13153,0.18035,-0.01373,0.37594,0.68902,-0.08241,0.37457,-0.04032,-0.02552,0.13218,0.23047,0.32956,3.56622,3.78571,0.00000,0.15018,1.73891,3.73404,0.55046,0.47561,0.50000,0.62385,0.60377,0.24000,0.64780
223,0.1191,22020096,60787,0.01567,6.34e-05,0.2929,194.2408,0.00000,0.15000,0.00000,10.00000,883.86613,0.00000,0.84142,0.00000,0.30000,0.16248,2.00242,3.47158,0.67961,0.67105,0.00000,0.00000,0.68856,0.00000,0.00000,0.00000,0.00000,1321.53044,-0.02865,-0.12975,0.18033,-0.01383,0.37619,0.68792,-0.08197,0.37784,-0.03721,-0.02557,0.13265,0.23037,0.32992,3.65589,2.99200,0.00000,0.14925,1.75023,3.84691,0.62136,0.55000,0.62500,0.65049,0.60897,0.31250,0.64960
224,0.1196,22118400,61227,0.01068,8.39e-05,0.2930,196.4269,0.00000,0.14800,0.00000,10.00000,876.50901,0.00000,0.85601,0.00000,0.29600,0.16230,2.01041,3.29705,0.71429,0.73333,0.00000,0.00000,0.69146,0.00000,0.00000,0.00000,0.00000,1317.84993,-0.02854,-0.12928,0.18108,-0.01359,0.37795,0.69091,-0.08219,0.37978,-0.03959,-0.02557,0.13355,0.23120,0.33040,3.56463,4.03428,0.00000,0.14851,1.75024,3.91191,0.60204,0.52632,0.66667,0.65816,0.62914,0.35294,0.65198
225,0.1200,22216704,61105,0.01114,1.01e-04,0.2931,208.2427,0.00000,0.14600,0.00000,10.00000,987.51081,0.00000,0.75758,0.00000,0.29200,0.16189,2.01711,3.18469,0.79798,0.85507,0.00000,0.00000,0.68917,0.00000,0.00000,0.00000,0.00000,1317.36141,-0.02839,-0.12936,0.18234,-0.01338,0.37710,0.68858,-0.08166,0.38289,-0.04062,-0.02548,0.13430,0.23229,0.33038,3.53117,2.78000,0.00000,0.14786,1.76527,4.00298,0.67677,0.57576,0.55556,0.73737,0.71852,0.26316,0.65190
226,0.1205,22315008,61011,0.01171,1.20e-04,0.2932,179.4408,0.00000,0.14400,0.00000,10.00000,936.97021,0.00000,0.77546,0.00000,0.28800,0.15925,2.01837,3.64920,0.76042,0.80556,0.00000,0.00000,0.68762,0.00000,0.00000,0.00000,0.00000,1309.87638,-0.02860,-0.12861,0.18137,-0.01274,0.37519,0.68707,-0.08217,0.38488,-0.03753,-0.02524,0.13409,0.23057,0.32935,3.66886,1.78000,0.00000,0.14640,1.76512,3.70529,0.60417,0.43548,0.57143,0.68229,0.63433,0.25000,0.64676
227,0.1209,22413312,60541,0.01628,7.77e-05,0.2934,191.7163,0.00000,0.14200,0.00000,10.00000,915.83026,0.00000,0.82285,0.00000,0.28400,0.15731,1.96861,3.64656,0.74528,0.79747,0.00000,0.00000,0.68217,0.00000,0.00000,0.00000,0.00000,1316.19076,-0.02895,-0.12924,0.17769,-0.01237,0.37156,0.68172,-0.08242,0.37851,-0.03685,-0.02527,0.13157,0.22567,0.32834,3.67471,3.56000,0.00000,0.14652,1.74537,3.70963,0.64151,0.60256,0.36364,0.69340,0.70064,0.18182,0.64170
228,0.1214,22511616,60781,0.01077,1.12e-04,0.2935,198.7796,0.00000,0.14000,0.00000,10.00000,874.11387,0.00000,0.82677,0.00000,0.28000,0.15636,1.92364,3.30514,0.65354,0.66327,0.00000,0.00000,0.67935,0.00000,0.00000,0.00000,0.00000,1335.60018,-0.02920,-0.13116,0.17423,-0.01214,0.36973,0.67880,-0.08222,0.37210,-0.04054,-0.02564,0.12907,0.22094,0.32783,3.46508,3.23600,0.00000,0.14614,1.71686,3.68038,0.58268,0.48352,0.45455,0.61811,0.57672,0.22727,0.63915
229,0.1218,22609920,60949,0.01383,1.18e-04,0.2937,184.9230,0.00000,0.13800,0.00000,10.00000,957.06759,0.00000,0.79457,0.00000,0.27600,0.15664,1.90093,3.80823,0.75581,0.75385,0.00000,0.00000,0.67543,0.00000,0.00000,0.00000,0.00000,1315.76074,-0.02913,-0.12933,0.17358,-0.01214,0.36734,0.67496,-0.08282,0.36841,-0.03896,-0.02528,0.12870,0.22048,0.32682,3.70891,5.58000,0.00000,0.14863,1.73159,3.55062,0.61628,0.48276,0.40000,0.68605,0.62602,0.20000,0.63411
230,0.1223,22708224,60908,0.01229,1.31e-04,0.2938,210.4106,0.00000,0.13600,0.00000,10.00000,922.81092,0.00000,0.91346,0.00000,0.27200,0.15532,1.88054,3.23600,0.76923,0.78652,0.00000,0.00000,0.67091,0.00000,0.00000,0.00000,0.00000,1337.78695,-0.02916,-0.13126,0.17337,-0.01230,0.36438,0.67042,-0.08246,0.36960,-0.03667,-0.02537,0.12807,0.22005,0.32513,3.52097,3.87000,0.00000,0.14844,1.75269,3.96625,0.65385,0.56098,1.00000,0.71154,0.67836,0.16667,0.62567
231,0.1227,22806528,60979,0.01211,1.74e-04,0.2940,200.3279,0.00000,0.13400,0.00000,10.00000,903.37049,0.00000,0.76211,0.00000,0.26800,0.15201,1.86803,3.21957,0.69231,0.78182,0.00000,0.00000,0.66952,0.00000,0.00000,0.00000,0.00000,1342.85677,-0.02933,-0.13184,0.17228,-0.01193,0.36225,0.66900,-0.08393,0.37343,-0.03880,-0.02521,0.12770,0.21842,0.32481,3.30833,3.03500,0.00000,0.14581,1.76819,3.42108,0.64103,0.57692,0.53846,0.66667,0.68224,0.28000,0.62404
232,0.1232,22904832,60764,0.01535,1.31e-04,0.2941,183.8460,0.00000,0.13200,0.00000,10.00000,959.19322,0.00000,0.78108,0.00000,0.26400,0.15340,1.85637,3.16793,0.71287,0.76623,0.00000,0.00000,0.66980,0.00000,0.00000,0.00000,0.00000,1335.26758,-0.02931,-0.13118,0.17245,-0.01193,0.36229,0.66943,-0.08465,0.37139,-0.03602,-0.02517,0.12818,0.21883,0.32478,3.41500,2.60666,0.00000,0.14680,1.78795,3.76089,0.67327,0.58462,0.33333,0.69307,0.68310,0.15789,0.62388
233,0.1236,23003136,60937,0.01280,1.49e-04,0.2942,190.8617,0.00000,0.13000,0.00000,10.00000,899.16685,0.00000,0.71429,0.00000,0.26000,0.15443,1.84630,3.45257,0.60714,0.61111,0.00000,0.00000,0.67405,0.00000,0.00000,0.00000,0.00000,1364.72437,-0.02936,-0.13399,0.17287,-0.01223,0.36399,0.67358,-0.08406,0.37019,-0.03822,-0.02537,0.12738,0.21942,0.32512,3.37797,3.16285,0.00000,0.14801,1.80033,3.30117,0.58333,0.46296,0.50000,0.59524,0.53704,0.25000,0.62561
234,0.1241,23101440,61311,0.01394,1.80e-04,0.2943,207.2539,0.00000,0.12800,0.00000,10.00000,899.51517,0.00000,0.81446,0.00000,0.25600,0.15464,1.83491,3.06945,0.65049,0.66234,0.00000,0.00000,0.67463,0.00000,0.00000,0.00000,0.00000,1333.62614,-0.02920,-0.13107,0.17341,-0.01272,0.36458,0.67421,-0.08438,0.37174,-0.03834,-0.02525,0.12788,0.22017,0.32496,3.24363,2.05000,0.00000,0.14746,1.82128,3.46136,0.61165,0.54054,0.33333,0.63107,0.60265,0.15789,0.62482
235,0.1245,23199744,60946,0.01540,1.60e-04,0.2945,215.4428,0.00000,0.12600,0.00000,10.00000,956.39568,0.00000,0.74603,0.00000,0.25200,0.15345,1.81040,3.30754,0.62857,0.63768,0.00000,0.00000,0.67620,0.00000,0.00000,0.00000,0.00000,1341.06771,-0.02917,-0.13178,0.17212,-0.01235,0.36782,0.67578,-0.08346,0.36840,-0.03597,-0.02567,0.12685,0.21865,0.32636,3.58780,2.73500,0.00000,0.14930,1.82278,3.90383,0.68571,0.61111,0.28571,0.65714,0.62411,0.09524,0.63181
236,0.1250,23298048,60995,0.01258,1.89e-04,0.2946,209.4231,0.00000,0.12400,0.00000,10.00000,962.52835,0.00000,0.76696,0.00000,0.24800,0.15055,1.78277,3.09796,0.74336,0.73333,0.00000,0.00000,0.67252,0.00000,0.00000,0.00000,0.00000,1342.13232,-0.02926,-0.13178,0.17157,-0.01193,0.36511,0.67213,-0.08333,0.36976,-0.03963,-0.02561,0.12682,0.21736,0.32567,3.51847,3.79500,0.00000,0.14900,1.83460,4.05782,0.61062,0.51852,0.37500,0.67699,0.62179,0.17647,0.62833
237,0.1254,23396352,61335,0.01297,2.14e-04,0.2948,209.0591,0.00000,0.12200,0.00000,10.00000,911.01367,0.00000,0.82126,0.00000,0.24400,0.15150,1.73944,3.77416,0.68478,0.67647,0.00000,0.00000,0.67120,0.00000,0.00000,0.00000,0.00000,1332.90015,-0.02954,-0.13096,0.16957,-0.01109,0.36274,0.67079,-0.08394,0.36473,-0.04036,-0.02529,0.12541,0.21499,0.32480,3.52022,3.67000,0.00000,0.14912,1.83451,3.23674,0.61957,0.54412,0.20000,0.65217,0.61029,0.08333,0.62399
238,0.1259,23494656,61148,0.02521,9.58e-05,0.2949,187.3192,0.00000,0.12000,0.00000,10.00000,896.29767,0.00000,0.84596,0.00000,0.24000,0.15138,1.69109,2.86428,0.61364,0.58824,0.00000,0.00000,0.66372,0.00000,0.00000,0.00000,0.00000,1321.34977,-0.02973,-0.12990,0.16799,-0.01185,0.35821,0.66337,-0.08424,0.36064,-0.03995,-0.02522,0.12402,0.21254,0.32350,3.37357,2.37000,0.00000,0.14909,1.84995,3.88286,0.64773,0.57576,0.25000,0.63068,0.58209,0.10000,0.61749
239,0.1263,23592960,61129,0.01608,5.80e-05,0.2950,190.8175,0.00000,0.11800,0.00000,10.00000,973.18692,0.00000,0.82990,0.00000,0.23600,0.14891,1.66855,3.27897,0.62963,0.58730,0.00000,0.00000,0.65879,0.00000,0.00000,0.00000,0.00000,1336.30046,-0.02991,-0.13152,0.16641,-0.01092,0.35482,0.65848,-0.08476,0.36144,-0.04126,-0.02509,0.12322,0.21046,0.32235,3.56530,3.92666,0.00000,0.14691,1.86606,3.81909,0.75309,0.67241,0.75000,0.69136,0.62810,0.37500,0.61175
240,0.1268,23691264,61444,0.01254,6.47e-05,0.2951,168.9891,0.00000,0.11600,0.00000,10.00000,899.64957,0.00000,0.77892,0.00000,0.23200,0.14811,1.65150,3.73512,0.64948,0.63492,0.00000,0.00000,0.65738,0.00000,0.00000,0.00000,0.00000,1332.48454,-0.02961,-0.13119,0.16696,-0.01191,0.35432,0.65703,-0.08516,0.36233,-0.03805,-0.02501,0.12369,0.21133,0.32188,3.74022,4.81600,0.00000,0.14806,1.89427,3.74440,0.61856,0.54795,0.50000,0.63402,0.58824,0.21053,0.60941
241,0.1272,23789568,61431,0.01152,6.42e-05,0.2952,195.4765,0.00000,0.11400,0.00000,10.00000,901.70833,0.00000,0.85424,0.00000,0.22800,0.14590,1.59175,3.29272,0.68817,0.67123,0.00000,0.00000,0.65861,0.00000,0.00000,0.00000,0.00000,1336.51302,-0.03009,-0.13148,0.16401,-0.01092,0.35428,0.65823,-0.08653,0.36014,-0.04208,-0.02525,0.12100,0.20750,0.32196,3.60659,0.50000,0.00000,0.14599,1.90024,4.04923,0.61290,0.51429,0.00000,0.65054,0.59441,0.00000,0.60980
242,0.1277,23887872,61001,0.01128,8.35e-05,0.2953,194.4440,0.00000,0.11200,0.00000,10.00000,935.83296,0.00000,0.76190,0.00000,0.22400,0.14571,1.54735,3.09769,0.63810,0.62667,0.00000,0.00000,0.65440,0.00000,0.00000,0.00000,0.00000,1312.56169,-0.03009,-0.12909,0.16225,-0.01048,0.35177,0.65405,-0.08662,0.35579,-0.04235,-0.02519,0.11961,0.20518,0.32115,3.31428,2.08500,0.00000,0.14622,1.91980,3.55913,0.64762,0.59420,0.25000,0.64286,0.61111,0.13636,0.60575
243,0.1281,23986176,61127,0.01443,7.70e-05,0.2954,188.4074,0.00000,0.11000,0.00000,10.00000,871.66422,0.00000,0.78333,0.00000,0.22000,0.14672,1.51499,3.45826,0.53000,0.53846,0.00000,0.00000,0.65287,0.00000,0.00000,0.00000,0.00000,1301.80355,-0.03024,-0.12809,0.16146,-0.01128,0.35134,0.65255,-0.08594,0.35228,-0.04021,-0.02501,0.11853,0.20447,0.32100,3.57591,2.28000,0.00000,0.14746,1.92326,3.69106,0.71000,0.61905,0.44444,0.62000,0.57447,0.20000,0.60501
244,0.1286,24084480,60601,0.01058,1.11e-04,0.2955,200.7963,0.00000,0.10800,0.00000,10.00000,800.55001,0.00000,0.84821,0.00000,0.21600,0.14792,1.47967,4.16178,0.51786,0.45977,0.00000,0.00000,0.64699,0.00000,0.00000,0.00000,0.00000,1315.54297,-0.03041,-0.12951,0.15999,-0.01082,0.34865,0.64664,-0.08577,0.35000,-0.04153,-0.02505,0.11785,0.20257,0.31987,4.04470,1.99600,0.00000,0.14577,1.92610,3.95228,0.64286,0.57143,0.50000,0.58036,0.51462,0.26667,0.59936
245,0.1291,24182784,60505,0.01236,1.33e-04,0.2957,181.9862,0.00000,0.10600,0.00000,10.00000,944.53006,0.00000,0.73068,0.00000,0.21200,0.14248,1.44018,3.84324,0.61957,0.58333,0.00000,0.00000,0.64170,0.00000,0.00000,0.00000,0.00000,1310.74788,-0.03080,-0.12887,0.15484,-0.01000,0.34457,0.64138,-0.08666,0.34509,-0.04083,-0.02477,0.11526,0.19606,0.31796,3.88188,3.03272,0.00000,0.14374,1.89901,3.91166,0.73913,0.63934,0.80000,0.67935,0.61157,0.40000,0.58979
246,0.1295,24281088,60665,0.01549,1.31e-04,0.2958,184.7908,0.00000,0.10400,0.00000,10.00000,903.89171,0.00000,0.77008,0.00000,0.20800,0.14059,1.37141,3.13314,0.47525,0.42466,0.00000,0.00000,0.63522,0.00000,0.00000,0.00000,0.00000,1328.76359,-0.03127,-0.13085,0.15105,-0.01000,0.33931,0.63492,-0.08678,0.33615,-0.04725,-0.02497,0.11231,0.19117,0.31629,3.42659,2.88800,0.00000,0.14487,1.88267,3.63200,0.74257,0.67164,0.50000,0.60891,0.54286,0.21053,0.58147
247,0.1300,24379392,60488,0.01418,1.20e-04,0.2959,210.5716,0.00000,0.10400,0.00000,10.00000,846.30185,0.00000,0.84175,0.00000,0.20800,0.14115,1.32451,3.15576,0.45455,0.41558,0.00000,0.00000,0.62895,0.00000,0.00000,0.00000,0.00000,1337.11523,-0.03149,-0.13159,0.14809,-0.00982,0.33481,0.62869,-0.08799,0.32757,-0.04530,-0.02497,0.10965,0.18754,0.31520,3.58176,3.55714,0.00000,0.14641,1.87277,3.82414,0.77778,0.69863,1.00000,0.61616,0.55333,0.43750,0.57599
248,0.1304,24477696,60777,0.01348,1.11e-04,0.2960,212.1946,0.00000,0.10400,0.00000,10.00000,846.10572,0.00000,0.78579,0.00000,0.20800,0.14032,1.29237,3.53885,0.49550,0.41026,0.00000,0.00000,0.63013,0.00000,0.00000,0.00000,0.00000,1336.08130,-0.03167,-0.13144,0.14474,-0.00980,0.33459,0.62983,-0.08804,0.31992,-0.04198,-0.02529,0.10698,0.18321,0.31540,3.90606,2.95714,0.00000,0.14691,1.86880,4.14407,0.68468,0.60759,0.55556,0.59009,0.50955,0.26316,0.57698
249,0.1309,24576000,61082,0.01200,1.03e-04,0.2961,200.0928,0.00000,0.10400,0.00000,10.00000,873.30940,0.00000,0.80460,0.00000,0.20800,0.14148,1.22675,3.33828,0.42241,0.34483,0.00000,0.00000,0.62808,0.00000,0.00000,0.00000,0.00000,1349.55037,-0.03205,-0.13272,0.14094,-0.00971,0.33328,0.62776,-0.08817,0.30974,-0.04624,-0.02554,0.10373,0.17864,0.31490,3.42166,3.35000,0.00000,0.14812,1.84786,3.46951,0.74138,0.65432,0.75000,0.58190,0.49405,0.33333,0.57451
250,0.1313,24674304,60813,0.01043,1.49e-04,0.2962,210.6947,0.00000,0.10400,0.00000,10.00000,875.84120,0.00000,0.80524,0.00000,0.20800,0.14021,1.18669,3.01000,0.48315,0.41176,0.00000,0.00000,0.61775,0.00000,0.00000,0.00000,0.00000,1384.75879,-0.03219,-0.13630,0.13895,-0.01032,0.32707,0.61748,-0.08886,0.30330,-0.04780,-0.02533,0.10164,0.17616,0.31275,3.53634,2.70000,0.00000,0.15039,1.83408,3.92146,0.67416,0.57377,0.40000,0.57865,0.48837,0.18182,0.56377
251,0.1318,24772608,60549,0.01108,1.78e-04,0.2964,193.5004,0.00000,0.10400,0.00000,10.00000,906.31018,0.00000,0.83058,0.00000,0.20800,0.14066,1.15534,2.83154,0.43564,0.27397,0.00000,0.00000,0.61519,0.00000,0.00000,0.00000,0.00000,1402.36117,-0.03235,-0.13784,0.13613,-0.00972,0.32384,0.61490,-0.08834,0.29831,-0.04714,-0.02525,0.09951,0.17256,0.31155,3.23132,2.01000,0.00000,0.14893,1.82622,3.41368,0.73267,0.66667,0.50000,0.58416,0.47682,0.16667,0.55775
252,0.1323,24870912,60989,0.01466,1.89e-04,0.2966,191.3417,0.00000,0.10400,0.00000,10.00000,837.12219,0.00000,0.67407,0.00000,0.20800,0.14357,1.12868,3.26526,0.38667,0.29787,0.00000,0.00000,0.60946,0.00000,0.00000,0.00000,0.00000,1393.08138,-0.03242,-0.13706,0.13557,-0.00984,0.32076,0.60918,-0.09013,0.29684,-0.04935,-0.02517,0.09932,0.17174,0.31025,3.64444,3.03428,0.00000,0.14735,1.84678,3.85028,0.68000,0.54545,0.63636,0.53333,0.41758,0.29167,0.55123
253,0.1327,24969216,61402,0.01363,1.89e-04,0.2967,204.0529,0.00000,0.10400,0.00000,10.00000,767.93467,0.00000,0.78836,0.00000,0.20800,0.14274,1.12707,3.19130,0.29524,0.22500,0.00000,0.00000,0.61042,0.00000,0.00000,0.00000,0.00000,1379.30078,-0.03247,-0.13587,0.13529,-0.00951,0.32052,0.61015,-0.09058,0.29883,-0.04823,-0.02512,0.09950,0.17133,0.30940,3.27543,3.36000,0.00000,0.14503,1.85862,3.31659,0.68571,0.56522,0.66667,0.49048,0.38255,0.28571,0.54698
254,0.1332,25067520,60910,0.01433,1.67e-04,0.2968,208.4157,0.00000,0.10400,0.00000,10.00000,864.41939,0.00000,0.77534,0.00000,0.20800,0.13873,1.12454,3.45000,0.37363,0.23810,0.00000,0.00000,0.61349,0.00000,0.00000,0.00000,0.00000,1403.28988,-0.03271,-0.13812,0.13450,-0.00948,0.32181,0.61326,-0.09142,0.29789,-0.04723,-0.02513,0.09893,0.17026,0.31107,3.58000,1.31000,0.00000,0.14602,1.86353,3.62425,0.76923,0.71875,0.25000,0.57143,0.48031,0.07692,0.55534
255,0.1336,25165824,60836,0.01177,1.92e-04,0.2969,210.2572,0.00000,0.10400,0.00000,10.00000,782.72414,0.00000,0.81667,0.00000,0.20800,0.14042,1.10745,3.80666,0.31000,0.11594,0.00000,0.00000,0.61428,0.00000,0.00000,0.00000,0.00000,1415.78792,-0.03277,-0.13929,0.13409,-0.00985,0.32194,0.61396,-0.09163,0.29454,-0.04854,-0.02542,0.09806,0.16963,0.31062,3.52937,3.48333,0.00000,0.14751,1.86202,3.48400,0.65000,0.56410,0.85714,0.48000,0.35374,0.40000,0.55308
256,0.1341,25264128,60524,0.01785,1.31e-04,0.2971,215.3111,0.00000,0.10400,0.00000,10.00000,698.73506,0.00000,0.75512,0.00000,0.20800,0.14249,1.10087,2.46588,0.26214,0.14865,0.00000,0.00000,0.61670,0.00000,0.00000,0.00000,0.00000,1404.41585,-0.03280,-0.13833,0.13370,-0.00998,0.32499,0.61636,-0.09147,0.29418,-0.04683,-0.02542,0.09713,0.16917,0.31181,3.87492,5.05454,0.00000,0.14623,1.86145,4.39565,0.63107,0.50000,0.64286,0.44660,0.31429,0.33333,0.55906
257,0.1345,25362432,60498,0.01068,1.72e-04,0.2972,217.3288,0.00000,0.10400,0.00000,10.00000,821.60527,0.00000,0.75192,0.00000,0.20800,0.14757,1.09591,3.70000,0.28448,0.10000,0.00000,0.00000,0.61621,0.00000,0.00000,0.00000,0.00000,1399.51432,-0.03274,-0.13773,0.13355,-0.01007,0.32376,0.61591,-0.09093,0.29089,-0.04861,-0.02565,0.09708,0.16975,0.31111,3.43778,2.66500,0.00000,0.14756,1.85184,3.39548,0.76724,0.70130,0.63636,0.52586,0.39490,0.31818,0.55555
258,0.1350,25460736,61078,0.02547,1.25e-04,0.2973,207.6839,0.00000,0.10400,0.00000,10.00000,735.07134,0.00000,0.92186,0.00000,0.20800,0.14567,1.09118,4.52933,0.26374,0.16667,0.00000,0.00000,0.61388,0.00000,0.00000,0.00000,0.00000,1395.39193,-0.03276,-0.13721,0.13474,-0.00973,0.32366,0.61356,-0.09087,0.29368,-0.04763,-0.02520,0.09793,0.17109,0.31132,3.70806,2.04000,0.00000,0.14805,1.86552,3.47115,0.73626,0.67123,1.00000,0.50000,0.41060,0.33333,0.55659
259,0.1354,25559040,61028,0.01490,1.24e-04,0.2974,198.0436,0.00000,0.10400,0.00000,10.00000,616.21258,0.00000,0.83668,0.00000,0.20800,0.14395,1.09462,4.38334,0.21687,0.08065,0.00000,0.00000,0.60996,0.00000,0.00000,0.00000,0.00000,1381.16276,-0.03263,-0.13585,0.13527,-0.00962,0.32157,0.60969,-0.09158,0.29831,-0.04963,-0.02515,0.09876,0.17142,0.31062,3.82174,3.22666,0.00000,0.14508,1.87802,3.73750,0.56627,0.55556,0.20000,0.39157,0.32000,0.11111,0.55310
260,0.1359,25657344,61036,0.01348,1.39e-04,0.2976,210.5320,0.00000,0.10600,0.00000,10.00000,700.47571,0.00000,0.86895,0.00000,0.21200,0.14259,1.13279,2.36000,0.17949,0.07692,0.00000,0.00000,0.60761,0.00000,0.00000,0.00000,0.00000,1366.84473,-0.03232,-0.13460,0.13812,-0.01013,0.32223,0.60733,-0.09135,0.30505,-0.04494,-0.02496,0.10139,0.17490,0.31103,2.98355,0.50000,0.00000,0.14482,1.90299,3.11838,0.66667,0.61404,0.00000,0.42308,0.32787,0.00000,0.55516
261,0.1363,25755648,60833,0.01334,1.21e-04,0.2977,184.3424,0.00000,0.10800,0.00000,10.00000,717.26663,0.00000,0.78491,0.00000,0.21600,0.13989,1.14274,5.19294,0.32110,0.20253,0.00000,0.00000,0.61704,0.00000,0.00000,0.00000,0.00000,1374.64258,-0.03230,-0.13524,0.13903,-0.00944,0.32600,0.61683,-0.09091,0.30952,-0.04624,-0.02524,0.10277,0.17576,0.31301,3.94800,4.38285,0.00000,0.14358,1.93132,3.45581,0.58716,0.45333,0.63636,0.45413,0.32468,0.31818,0.56504
262,0.1368,25853952,60944,0.01251,1.24e-04,0.2978,172.4054,0.00000,0.11000,0.00000,10.00000,817.17839,0.00000,0.81349,0.00000,0.22000,0.14149,1.12498,4.19250,0.32143,0.11667,0.00000,0.00000,0.62073,0.00000,0.00000,0.00000,0.00000,1366.96745,-0.03239,-0.13458,0.13894,-0.00956,0.32785,0.62041,-0.09146,0.30650,-0.04625,-0.02528,0.10211,0.17593,0.31321,3.36717,1.49333,0.00000,0.14598,1.93453,3.22044,0.70238,0.61905,0.66667,0.51190,0.37398,0.28571,0.56607
263,0.1372,25952256,61137,0.01255,1.58e-04,0.2979,184.8794,0.00000,0.11200,0.00000,10.00000,803.25881,0.00000,0.75253,0.00000,0.22400,0.14411,1.12488,3.12363,0.30909,0.11429,0.00000,0.00000,0.61927,0.00000,0.00000,0.00000,0.00000,1345.53613,-0.03240,-0.13249,0.13975,-0.00980,0.32689,0.61895,-0.09172,0.30666,-0.04855,-0.02534,0.10220,0.17715,0.31297,3.20416,2.57111,0.00000,0.14650,1.94028,3.21869,0.71818,0.63291,0.81818,0.51364,0.38926,0.36000,0.56483
264,0.1377,26050560,60907,0.02468,8.59e-05,0.2980,185.3740,0.00000,0.11400,0.00000,10.00000,756.18689,0.00000,0.77342,0.00000,0.22800,0.14645,1.14215,3.02500,0.29412,0.11111,0.00000,0.00000,0.62307,0.00000,0.00000,0.00000,0.00000,1348.51945,-0.03229,-0.13286,0.14089,-0.00986,0.33016,0.62273,-0.09068,0.30704,-0.04583,-0.02534,0.10282,0.17831,0.31422,3.49160,3.38000,0.00000,0.14689,1.93748,3.63894,0.60784,0.47143,0.57143,0.45098,0.28873,0.26667,0.57109
265,0.1381,26148864,60854,0.01844,6.82e-05,0.2981,206.8695,0.00000,0.11600,0.00000,10.00000,779.68295,0.00000,0.86364,0.00000,0.23200,0.14625,1.15277,3.84250,0.31818,0.15854,0.00000,0.00000,0.62746,0.00000,0.00000,0.00000,0.00000,1355.91528,-0.03231,-0.13340,0.14143,-0.00996,0.33182,0.62712,-0.09026,0.31018,-0.05005,-0.02549,0.10324,0.17896,0.31511,3.56810,2.54666,0.00000,0.14536,1.93761,3.49841,0.70909,0.64045,1.00000,0.51364,0.40936,0.45455,0.57556
266,0.1386,26247168,60421,0.01136,9.31e-05,0.2982,180.0457,0.00000,0.11800,0.00000,10.00000,718.77520,0.00000,0.78144,0.00000,0.23600,0.14398,1.16414,2.63600,0.23077,0.12308,0.00000,0.00000,0.63012,0.00000,0.00000,0.00000,0.00000,1342.91243,-0.03228,-0.13230,0.14195,-0.01035,0.33348,0.62984,-0.09069,0.31228,-0.04613,-0.02535,0.10445,0.17980,0.31566,3.32237,3.75500,0.00000,0.14557,1.95107,3.46245,0.71429,0.65079,0.66667,0.47253,0.38281,0.32000,0.57831
267,0.1391,26345472,60733,0.01363,9.13e-05,0.2983,185.5749,0.00000,0.12000,0.00000,10.00000,746.11864,0.00000,0.79611,0.00000,0.24000,0.14755,1.16262,4.29500,0.31959,0.29870,0.00000,0.00000,0.62790,0.00000,0.00000,0.00000,0.00000,1341.13989,-0.03222,-0.13204,0.14231,-0.01018,0.33355,0.62763,-0.08977,0.31220,-0.04803,-0.02534,0.10451,0.18041,0.31561,3.64722,4.44000,0.00000,0.14470,1.94523,3.32333,0.70103,0.61290,0.58333,0.51031,0.43885,0.29167,0.57807
268,0.1395,26443776,61184,0.01380,9.24e-05,0.2984,210.8153,0.00000,0.12200,0.00000,10.00000,721.83760,0.00000,0.85905,0.00000,0.24400,0.14745,1.15953,4.97764,0.30556,0.19277,0.00000,0.00000,0.62804,0.00000,0.00000,0.00000,0.00000,1372.20605,-0.03226,-0.13508,0.14150,-0.00980,0.33345,0.62773,-0.08952,0.31011,-0.05509,-0.02559,0.10374,0.17934,0.31569,3.73266,2.62000,0.00000,0.14498,1.92838,3.39129,0.68519,0.63095,0.62500,0.49537,0.41317,0.31250,0.57844
269,0.1400,26542080,61289,0.01137,1.33e-04,0.2986,222.3718,0.00000,0.12400,0.00000,10.00000,795.87336,0.00000,0.80409,0.00000,0.24800,0.15244,1.20337,4.77765,0.28947,0.17442,0.00000,0.00000,0.63204,0.00000,0.00000,0.00000,0.00000,1378.45996,-0.03237,-0.13561,0.14289,-0.01066,0.33531,0.63170,-0.09028,0.30626,-0.04846,-0.02573,0.10333,0.18117,0.31594,3.97540,2.52500,0.00000,0.14865,1.89473,3.73614,0.76316,0.65823,1.00000,0.52632,0.40606,0.23077,0.57969
270,0.1404,26640384,61398,0.01421,1.43e-04,0.2987,221.4457,0.00000,0.12600,0.00000,10.00000,745.51668,0.00000,0.81731,0.00000,0.25200,0.15572,1.23388,4.80875,0.30769,0.19737,0.00000,0.00000,0.64090,0.00000,0.00000,0.00000,0.00000,1392.03418,-0.03226,-0.13695,0.14292,-0.01074,0.33975,0.64048,-0.08943,0.30716,-0.05201,-0.02607,0.10377,0.18182,0.31713,3.86079,4.58000,0.00000,0.14744,1.87192,3.60800,0.72115,0.72727,0.20000,0.51442,0.46405,0.09524,0.58563
271,0.1409,26738688,61605,0.01540,1.03e-04,0.2989,220.2675,0.00000,0.12800,0.00000,10.00000,712.52588,0.00000,0.88523,0.00000,0.25600,0.15963,1.28047,5.08571,0.30769,0.23684,0.00000,0.00000,0.64034,0.00000,0.00000,0.00000,0.00000,1379.44857,-0.03197,-0.13564,0.14604,-0.01170,0.34137,0.63993,-0.08932,0.31025,-0.05142,-0.02611,0.10559,0.18575,0.31826,4.08388,3.24000,0.00000,0.14806,1.87684,3.62652,0.68132,0.60870,0.50000,0.49451,0.41379,0.22222,0.59129
272,0.1413,26836992,61404,0.01152,1.33e-04,0.2990,230.4600,0.00000,0.13000,0.00000,10.00000,729.65085,0.00000,0.86879,0.00000,0.26000,0.15803,1.31495,5.13172,0.41489,0.34667,0.00000,0.00000,0.64378,0.00000,0.00000,0.00000,0.00000,1386.42839,-0.03171,-0.13637,0.14809,-0.01137,0.34404,0.64346,-0.08828,0.31724,-0.04847,-0.02599,0.10756,0.18782,0.31882,4.22356,4.43333,0.00000,0.14620,1.88600,3.62500,0.62766,0.54167,0.60000,0.52128,0.44218,0.27273,0.59408
273,0.1418,26935296,61121,0.01407,1.58e-04,0.2991,217.0729,0.00000,0.13200,0.00000,10.00000,811.87672,0.00000,0.74481,0.00000,0.26400,0.15676,1.35428,5.24800,0.31868,0.20635,0.00000,0.00000,0.64877,0.00000,0.00000,0.00000,0.00000,1386.43311,-0.03135,-0.13650,0.15203,-0.01144,0.34603,0.64843,-0.08875,0.32635,-0.05088,-0.02609,0.11052,0.19285,0.31955,3.70500,2.72250,0.00000,0.14639,1.93005,3.23265,0.75824,0.67797,0.70000,0.53846,0.43443,0.31818,0.59777
274,0.1422,27033600,61448,0.01456,1.49e-04,0.2993,211.5906,0.00000,0.13400,0.00000,10.00000,724.38525,0.00000,0.81019,0.00000,0.26800,0.16351,1.40570,5.17000,0.36458,0.30556,0.00000,0.00000,0.65704,0.00000,0.00000,0.00000,0.00000,1396.15495,-0.03081,-0.13752,0.15715,-0.01258,0.35293,0.65664,-0.08773,0.32899,-0.04861,-0.02631,0.11386,0.19990,0.32157,4.30952,3.75555,0.00000,0.14946,1.94613,3.87928,0.73958,0.67647,0.72727,0.55208,0.48571,0.36364,0.60785
275,0.1427,27131904,61873,0.01389,1.66e-04,0.2994,244.3379,0.00000,0.13600,0.00000,10.00000,874.10981,0.00000,0.77403,0.00000,0.27200,0.16434,1.46689,5.02444,0.47191,0.38806,0.00000,0.00000,0.66415,0.00000,0.00000,0.00000,0.00000,1402.41357,-0.03041,-0.13783,0.16207,-0.01242,0.35811,0.66371,-0.08840,0.33953,-0.05118,-0.02634,0.11716,0.20622,0.32323,4.23714,3.66500,0.00000,0.14870,1.96742,3.74279,0.76404,0.66667,0.66667,0.61798,0.51613,0.33333,0.61617
276,0.1431,27230208,61625,0.01524,9.24e-05,0.2996,241.8170,0.00000,0.13800,0.00000,10.00000,767.69480,0.00000,0.78401,0.00000,0.27600,0.16421,1.51862,5.21400,0.42991,0.34667,0.00000,0.00000,0.67250,0.00000,0.00000,0.00000,0.00000,1382.42188,-0.03005,-0.13606,0.16563,-0.01268,0.36415,0.67201,-0.08669,0.34550,-0.04750,-0.02669,0.11962,0.21090,0.32586,4.15425,2.17778,0.00000,0.15052,1.98488,3.59649,0.70093,0.64474,0.54545,0.56542,0.49669,0.26087,0.62930
277,0.1435,27328512,62046,0.01631,7.61e-05,0.2997,228.0814,0.00000,0.14000,0.00000,10.00000,802.79522,0.00000,0.78002,0.00000,0.28000,0.16554,1.58889,5.60000,0.41414,0.32836,0.00000,0.00000,0.68434,0.00000,0.00000,0.00000,0.00000,1359.07121,-0.02963,-0.13376,0.17191,-0.01411,0.37221,0.68377,-0.08603,0.35580,-0.04377,-0.02670,0.12339,0.21908,0.32846,3.97308,2.20000,0.00000,0.15204,2.01865,3.15963,0.70707,0.63889,0.66667,0.56061,0.48921,0.27273,0.64231
278,0.1440,27426816,61782,0.01291,9.24e-05,0.2998,228.5803,0.00000,0.14200,0.00000,10.00000,848.23390,0.00000,0.77295,0.00000,0.28400,0.16743,1.64648,5.39282,0.45217,0.41379,0.00000,0.00000,0.69035,0.00000,0.00000,0.00000,0.00000,1318.53320,-0.02928,-0.12986,0.17627,-0.01383,0.37514,0.68977,-0.08440,0.36609,-0.04250,-0.02659,0.12662,0.22463,0.32927,4.31402,3.04000,0.00000,0.14955,2.03605,3.58862,0.79130,0.69863,0.77778,0.62174,0.54375,0.33333,0.64635
279,0.1444,27525120,61681,0.01681,6.96e-05,0.2999,204.8722,0.00000,0.14200,0.00000,10.00000,881.51092,0.00000,0.85424,0.00000,0.28400,0.17036,1.69399,5.14000,0.60215,0.54054,0.00000,0.00000,0.69150,0.00000,0.00000,0.00000,0.00000,1280.98340,-0.02891,-0.12615,0.18013,-0.01432,0.37891,0.69090,-0.08387,0.37432,-0.04274,-0.02607,0.13008,0.22949,0.33017,4.42210,2.26000,0.00000,0.14670,2.04106,3.87703,0.80645,0.76812,0.33333,0.70430,0.65035,0.16667,0.65083
280,0.1449,27623424,61014,0.01255,7.77e-05,0.2999,236.7377,0.00000,0.14200,0.00000,10.00000,795.40249,0.00000,0.80169,0.00000,0.28400,0.16834,1.74008,5.38000,0.50633,0.45455,0.00000,0.00000,0.68876,0.00000,0.00000,0.00000,0.00000,1269.00789,-0.02857,-0.12506,0.18408,-0.01434,0.37786,0.68822,-0.08274,0.38591,-0.04244,-0.02584,0.13366,0.23449,0.32993,4.32485,3.26000,0.00000,0.14548,2.06617,3.70136,0.72152,0.67797,0.57143,0.61392,0.57018,0.25000,0.64964
281,0.1453,27721728,61353,0.01205,7.70e-05,0.3000,210.3435,0.00000,0.14200,0.00000,10.00000,851.29095,0.00000,0.86345,0.00000,0.28400,0.16414,1.83211,4.48762,0.53012,0.51429,0.00000,0.00000,0.69471,0.00000,0.00000,0.00000,0.00000,1267.38525,-0.02804,-0.12481,0.18877,-0.01363,0.38099,0.69419,-0.08227,0.40145,-0.03735,-0.02571,0.13821,0.24072,0.33014,4.04000,5.57000,0.00000,0.14423,2.08788,3.60279,0.74699,0.66102,0.66667,0.63855,0.58140,0.25000,0.65071
282,0.1458,27820032,62218,0.01158,1.03e-04,0.3001,201.1043,0.00000,0.14200,0.00000,10.00000,826.97874,0.00000,0.83333,0.00000,0.28400,0.16390,1.86764,4.97730,0.63462,0.63750,0.00000,0.00000,0.70431,0.00000,0.00000,0.00000,0.00000,1273.01221,-0.02790,-0.12546,0.19172,-0.01406,0.38702,0.70373,-0.08180,0.40866,-0.04043,-0.02617,0.14049,0.24433,0.33232,4.12666,4.09333,0.00000,0.14340,2.09907,3.33678,0.67308,0.59211,0.66667,0.65385,0.61538,0.33333,0.66161
283,0.1462,27918336,61788,0.01518,8.05e-05,0.3002,216.0628,0.00000,0.14200,0.00000,10.00000,918.38859,0.00000,0.74879,0.00000,0.28400,0.16265,1.90003,5.39176,0.57609,0.48333,0.00000,0.00000,0.70980,0.00000,0.00000,0.00000,0.00000,1264.77287,-0.02766,-0.12451,0.19480,-0.01447,0.39088,0.70914,-0.08198,0.41243,-0.04121,-0.02604,0.14186,0.24747,0.33379,4.20988,2.76285,0.00000,0.14560,2.10641,3.42196,0.76087,0.70312,0.62500,0.66848,0.59677,0.31250,0.66893
284,0.1467,28016640,62227,0.01112,1.00e-04,0.3004,208.2699,0.00000,0.14200,0.00000,10.00000,919.27148,0.00000,0.74588,0.00000,0.28400,0.16370,1.91449,4.86160,0.62963,0.63014,0.00000,0.00000,0.71160,0.00000,0.00000,0.00000,0.00000,1254.55436,-0.02748,-0.12351,0.19550,-0.01391,0.39329,0.71101,-0.08181,0.41347,-0.03799,-0.02616,0.14266,0.24788,0.33453,4.27731,2.90000,0.00000,0.14431,2.10618,3.73629,0.72222,0.66667,0.45455,0.67593,0.64828,0.21739,0.67263
285,0.1471,28114944,62157,0.02366,6.42e-05,0.3005,222.2327,0.00000,0.14200,0.00000,10.00000,968.67016,0.00000,0.79444,0.00000,0.28400,0.16249,1.93480,4.75928,0.69000,0.69737,0.00000,0.00000,0.71100,0.00000,0.00000,0.00000,0.00000,1261.56974,-0.02750,-0.12405,0.19600,-0.01479,0.39436,0.71041,-0.08084,0.41494,-0.04013,-0.02607,0.14289,0.24859,0.33440,3.98295,2.17000,0.00000,0.14498,2.07700,3.24610,0.80000,0.73134,0.71429,0.74500,0.71329,0.33333,0.67200
286,0.1476,28213248,61647,0.01321,7.23e-05,0.3006,217.6197,0.00000,0.14200,0.00000,10.00000,849.72816,0.00000,0.92233,0.00000,0.28400,0.16089,1.96277,4.51555,0.66019,0.67416,0.00000,0.00000,0.71399,0.00000,0.00000,0.00000,0.00000,1243.76188,-0.02743,-0.12254,0.19628,-0.01484,0.39396,0.71336,-0.07987,0.41719,-0.03605,-0.02598,0.14301,0.24902,0.33433,4.00048,3.75333,0.00000,0.14532,2.06747,3.45966,0.71845,0.64634,1.00000,0.68932,0.66082,0.33333,0.67167
287,0.1480,28311552,61785,0.01101,1.04e-04,0.3007,180.8456,0.00000,0.14200,0.00000,10.00000,916.50000,0.00000,0.84491,0.00000,0.28400,0.15911,1.99025,4.38868,0.68750,0.71429,0.00000,0.00000,0.71122,0.00000,0.00000,0.00000,0.00000,1252.38778,-0.02727,-0.12333,0.19833,-0.01453,0.39376,0.71060,-0.07985,0.42302,-0.03737,-0.02600,0.14472,0.25215,0.33445,3.76722,4.16500,0.00000,0.14645,2.06955,3.26818,0.75000,0.73684,0.50000,0.71875,0.72603,0.22222,0.67226
288,0.1485,28409856,61959,0.01365,9.24e-05,0.3009,189.0232,0.00000,0.14200,0.00000,10.00000,920.58988,0.00000,0.77131,0.00000,0.28400,0.15924,2.00140,4.58412,0.68932,0.78205,0.00000,0.00000,0.71227,0.00000,0.00000,0.00000,0.00000,1243.10791,-0.02733,-0.12220,0.19778,-0.01441,0.39372,0.71168,-0.07978,0.42280,-0.03605,-0.02598,0.14515,0.25224,0.33485,3.93543,2.32545,0.00000,0.14621,2.06869,3.29687,0.81553,0.78462,0.61538,0.75243,0.78322,0.28571,0.67424
289,0.1489,28508160,61585,0.01578,8.05e-05,0.3010,209.4347,0.00000,0.14200,0.00000,10.00000,991.54161,0.00000,0.85034,0.00000,0.28400,0.15680,1.98959,3.66830,0.71429,0.69863,0.00000,0.00000,0.71124,0.00000,0.00000,0.00000,0.00000,1266.52450,-0.02744,-0.12458,0.19754,-0.01480,0.39252,0.71067,-0.08067,0.42309,-0.03758,-0.02614,0.14429,0.25141,0.33487,3.50509,1.66000,0.00000,0.14710,2.06013,3.36328,0.75510,0.71429,0.60000,0.73469,0.70667,0.27273,0.67433
290,0.1494,28606464,61383,0.01353,7.61e-05,0.3011,211.9506,0.00000,0.14200,0.00000,10.00000,992.53286,0.00000,0.78972,0.00000,0.28400,0.15876,1.96738,3.94492,0.75207,0.74390,0.00000,0.00000,0.70906,0.00000,0.00000,0.00000,0.00000,1228.84383,-0.02768,-0.12110,0.19528,-0.01448,0.39237,0.70848,-0.08133,0.41762,-0.03642,-0.02605,0.14234,0.24789,0.33472,3.75096,2.76857,0.00000,0.14484,2.04085,3.57085,0.74380,0.68889,0.66667,0.74793,0.71512,0.33333,0.67362
291,0.1498,28704768,62143,0.01414,7.60e-05,0.3013,241.5681,0.00000,0.14200,0.00000,10.00000,986.23208,0.00000,0.78431,0.00000,0.28400,0.16126,1.94608,3.97344,0.77451,0.82857,0.00000,0.00000,0.70797,0.00000,0.00000,0.00000,0.00000,1254.60547,-0.02784,-0.12350,0.19402,-0.01516,0.39188,0.70733,-0.08022,0.40928,-0.03939,-0.02605,0.14089,0.24689,0.33436,3.74820,3.17333,0.00000,0.14771,2.01371,3.50286,0.71569,0.67568,0.54545,0.74510,0.75000,0.27273,0.67181
292,0.1502,28803072,62016,0.01264,8.59e-05,0.3014,211.7856,0.00000,0.14200,0.00000,10.00000,1037.39169,0.00000,0.84795,0.00000,0.28400,0.16306,1.96394,3.85278,0.76842,0.76000,0.00000,0.00000,0.70662,0.00000,0.00000,0.00000,0.00000,1240.15365,-0.02778,-0.12216,0.19491,-0.01479,0.39007,0.70598,-0.08064,0.41276,-0.03763,-0.02599,0.14138,0.24849,0.33341,3.53380,3.69333,0.00000,0.14544,2.03249,3.15961,0.76842,0.68571,1.00000,0.76842,0.72414,0.42857,0.66706
293,0.1507,28901376,61603,0.01254,1.00e-04,0.3015,226.3061,0.00000,0.14000,0.00000,10.00000,997.42773,0.00000,0.81439,0.00000,0.28000,0.16184,1.96747,4.07789,0.76136,0.82090,0.00000,0.00000,0.70589,0.00000,0.00000,0.00000,0.00000,1257.49609,-0.02774,-0.12363,0.19364,-0.01391,0.38883,0.70522,-0.08061,0.41125,-0.03870,-0.02606,0.14094,0.24689,0.33308,3.52389,4.01333,0.00000,0.14565,2.01215,2.90470,0.76136,0.70968,0.62500,0.76136,0.76744,0.29412,0.66538
294,0.1511,28999680,62375,0.01400,1.20e-04,0.3016,213.9275,0.00000,0.13800,0.00000,10.00000,982.27743,0.00000,0.77160,0.00000,0.27600,0.15963,1.99824,4.08320,0.71111,0.75806,0.00000,0.00000,0.70313,0.00000,0.00000,0.00000,0.00000,1248.51855,-0.02743,-0.12287,0.19620,-0.01411,0.38881,0.70250,-0.08131,0.41568,-0.03783,-0.02603,0.14328,0.24993,0.33285,3.80480,3.61333,0.00000,0.14786,2.02381,3.52640,0.74444,0.66667,0.75000,0.72778,0.71200,0.31579,0.66424
295,0.1516,29097984,61560,0.01531,1.01e-04,0.3018,212.4378,0.00000,0.13600,0.00000,10.00000,959.67578,0.00000,0.76968,0.00000,0.27200,0.15695,2.01597,3.52483,0.66667,0.71429,0.00000,0.00000,0.70979,0.00000,0.00000,0.00000,0.00000,1256.80143,-0.02733,-0.12365,0.19671,-0.01436,0.39233,0.70916,-0.08015,0.41976,-0.03572,-0.02608,0.14398,0.25063,0.33393,3.53426,2.37500,0.00000,0.14833,2.03101,3.54520,0.75000,0.66667,0.70000,0.70833,0.69173,0.31818,0.66963
296,0.1520,29196288,61538,0.01547,8.59e-05,0.3019,190.7643,0.00000,0.13400,0.00000,10.00000,1134.89626,0.00000,0.73310,0.00000,0.26800,0.15588,2.03216,3.86285,0.77320,0.77612,0.00000,0.00000,0.71157,0.00000,0.00000,0.00000,0.00000,1258.90194,-0.02734,-0.12385,0.19784,-0.01406,0.39298,0.71100,-0.08062,0.42350,-0.03726,-0.02605,0.14483,0.25156,0.33478,3.64018,1.84333,0.00000,0.14751,2.03969,3.40490,0.85567,0.78689,0.80000,0.81443,0.78125,0.33333,0.67390
297,0.1525,29294592,61898,0.01343,9.13e-05,0.3021,221.2206,0.00000,0.13200,0.00000,10.00000,1008.05349,0.00000,0.72115,0.00000,0.26400,0.15384,2.02450,3.36407,0.73077,0.80000,0.00000,0.00000,0.71169,0.00000,0.00000,0.00000,0.00000,1267.04639,-0.02749,-0.12462,0.19705,-0.01473,0.39381,0.71107,-0.08062,0.42336,-0.03614,-0.02622,0.14369,0.25055,0.33453,3.27927,2.45800,0.00000,0.14804,2.02737,3.18117,0.72115,0.64615,0.53846,0.72596,0.72593,0.25926,0.67267
298,0.1529,29392896,61870,0.01494,7.70e-05,0.3022,222.8314,0.00000,0.13000,0.00000,10.00000,1024.62682,0.00000,0.81930,0.00000,0.26000,0.15286,2.01270,3.82430,0.76768,0.80769,0.00000,0.00000,0.71296,0.00000,0.00000,0.00000,0.00000,1253.32430,-0.02747,-0.12328,0.19658,-0.01479,0.39478,0.71241,-0.07999,0.42260,-0.03690,-0.02631,0.14349,0.25009,0.33521,3.51785,2.60000,0.00000,0.14896,2.03370,3.16214,0.79798,0.70588,1.00000,0.78283,0.76027,0.46667,0.67607
299,0.1534,29491200,61623,0.01520,5.35e-05,0.3023,193.0055,0.00000,0.12800,0.00000,10.00000,995.37714,0.00000,0.81121,0.00000,0.25600,0.15177,1.98683,3.81569,0.67257,0.70238,0.00000,0.00000,0.70904,0.00000,0.00000,0.00000,0.00000,1234.82747,-0.02748,-0.12165,0.19542,-0.01449,0.39272,0.70853,-0.07980,0.42117,-0.03732,-0.02637,0.14272,0.24795,0.33471,3.47235,2.88286,0.00000,0.14844,2.02929,3.15803,0.80531,0.76543,0.66667,0.73894,0.73333,0.28571,0.67356
300,0.1538,29589504,61781,0.01162,6.34e-05,0.3024,218.8897,0.00000,0.12600,0.00000,10.00000,1069.40897,0.00000,0.81522,0.00000,0.25200,0.15185,1.96547,3.13200,0.71739,0.71233,0.00000,0.00000,0.69980,0.00000,0.00000,0.00000,0.00000,1246.94124,-0.02759,-0.12276,0.19313,-0.01369,0.38736,0.69936,-0.07958,0.42125,-0.03466,-0.02602,0.14184,0.24566,0.33250,3.35439,3.39333,0.00000,0.14538,2.02233,3.58961,0.82609,0.74194,1.00000,0.77174,0.72593,0.37500,0.66252
301,0.1543,29687808,61942,0.01334,5.28e-05,0.3025,194.2538,0.00000,0.12400,0.00000,10.00000,982.38662,0.00000,0.75694,0.00000,0.24800,0.15007,1.97582,3.51524,0.67500,0.71429,0.00000,0.00000,0.69598,0.00000,0.00000,0.00000,0.00000,1248.00667,-0.02751,-0.12276,0.19316,-0.01360,0.38503,0.69550,-0.08019,0.42523,-0.03493,-0.02583,0.14264,0.24566,0.33193,3.42304,2.49000,0.00000,0.14367,2.03060,3.31838,0.71250,0.64151,0.33333,0.69375,0.67890,0.12500,0.65964
302,0.1547,29786112,61476,0.01241,5.76e-05,0.3026,203.6806,0.00000,0.12200,0.00000,10.00000,1044.00915,0.00000,0.86043,0.00000,0.24400,0.14954,1.98422,3.48468,0.75610,0.71667,0.00000,0.00000,0.69777,0.00000,0.00000,0.00000,0.00000,1250.90666,-0.02734,-0.12322,0.19511,-0.01353,0.38483,0.69731,-0.08039,0.42781,-0.03445,-0.02571,0.14385,0.24797,0.33149,3.58971,3.00000,0.00000,0.14522,2.06093,3.67786,0.81707,0.77612,1.00000,0.78659,0.74803,0.50000,0.65744
303,0.1552,29884416,61870,0.01420,7.17e-05,0.3027,197.6349,0.00000,0.12000,0.00000,10.00000,1012.80321,0.00000,0.75472,0.00000,0.24000,0.14935,1.95869,3.76964,0.69811,0.70270,0.00000,0.00000,0.70031,0.00000,0.00000,0.00000,0.00000,1248.69222,-0.02724,-0.12286,0.19416,-0.01342,0.38737,0.69974,-0.08117,0.42579,-0.03340,-0.02592,0.14278,0.24660,0.33166,3.69162,3.70600,0.00000,0.14524,2.06650,3.62000,0.79245,0.71429,0.80000,0.74528,0.70833,0.40000,0.65829
304,0.1556,29982720,62101,0.01470,5.98e-05,0.3028,202.5888,0.00000,0.11800,0.00000,10.00000,1042.87410,0.00000,0.80440,0.00000,0.23600,0.14924,1.94285,3.18645,0.80208,0.81690,0.00000,0.00000,0.70220,0.00000,0.00000,0.00000,0.00000,1228.50236,-0.02739,-0.12105,0.19454,-0.01365,0.38900,0.70173,-0.08044,0.42574,-0.03281,-0.02583,0.14298,0.24637,0.33281,3.32594,3.34000,0.00000,0.14540,2.08903,3.50245,0.70833,0.60294,0.85714,0.75521,0.71223,0.46154,0.66407
305,0.1561,30081024,61755,0.00863,9.01e-05,0.3029,211.8794,0.00000,0.11600,0.00000,10.00000,986.40595,0.00000,0.77778,0.00000,0.23200,0.14982,1.91803,3.83963,0.67619,0.69863,0.00000,0.00000,0.70260,0.00000,0.00000,0.00000,0.00000,1245.15877,-0.02745,-0.12260,0.19453,-0.01378,0.38813,0.70205,-0.08076,0.42387,-0.03246,-0.02617,0.14286,0.24660,0.33263,3.53965,2.33333,0.00000,0.14646,2.10234,3.26966,0.76190,0.72973,0.54545,0.71905,0.71429,0.26087,0.66317
306,0.1565,30179328,61634,0.01086,1.15e-04,0.3030,189.7385,0.00000,0.11400,0.00000,10.00000,963.17766,0.00000,0.79444,0.00000,0.22800,0.15079,1.88243,3.52000,0.73000,0.73913,0.00000,0.00000,0.69885,0.00000,0.00000,0.00000,0.00000,1233.38045,-0.02758,-0.12139,0.19362,-0.01357,0.38714,0.69839,-0.08054,0.42176,-0.03269,-0.02585,0.14269,0.24529,0.33258,3.33064,2.82666,0.00000,0.14530,2.11552,3.15789,0.69000,0.66216,0.33333,0.71000,0.69930,0.16667,0.66292
307,0.1570,30277632,62170,0.01208,1.31e-04,0.3032,213.5958,0.00000,0.11200,0.00000,10.00000,1062.04614,0.00000,0.82176,0.00000,0.22400,0.14680,1.83661,3.74000,0.72917,0.72857,0.00000,0.00000,0.69464,0.00000,0.00000,0.00000,0.00000,1239.29199,-0.02785,-0.12207,0.19082,-0.01275,0.38423,0.69420,-0.08076,0.42012,-0.03542,-0.02586,0.14075,0.24157,0.33141,3.47190,2.59500,0.00000,0.14511,2.12002,3.22508,0.84375,0.81944,0.66667,0.78646,0.77465,0.30769,0.65704
308,0.1574,30375936,61888,0.01538,1.04e-04,0.3034,214.7340,0.00000,0.11000,0.00000,10.00000,946.40283,0.00000,0.77249,0.00000,0.22000,0.14753,1.81044,3.59508,0.66667,0.74026,0.00000,0.00000,0.68936,0.00000,0.00000,0.00000,0.00000,1257.59831,-0.02788,-0.12367,0.18970,-0.01304,0.38044,0.68894,-0.08162,0.41613,-0.03446,-0.02594,0.13965,0.24022,0.32947,3.55583,2.65166,0.00000,0.14584,2.11757,3.51525,0.75238,0.69565,0.61538,0.70952,0.71918,0.28571,0.64733
309,0.1579,30474240,61772,0.01205,1.31e-04,0.3035,205.3476,0.00000,0.10800,0.00000,10.00000,998.55192,0.00000,0.78853,0.00000,0.21600,0.14326,1.75583,3.45666,0.66667,0.65672,0.00000,0.00000,0.68557,0.00000,0.00000,0.00000,0.00000,1253.78670,-0.02825,-0.12343,0.18594,-0.01262,0.37802,0.68520,-0.08197,0.41340,-0.03820,-0.02581,0.13742,0.23516,0.32880,3.43643,2.66286,0.00000,0.14446,2.11175,3.41811,0.76344,0.69231,0.71429,0.71505,0.67424,0.33333,0.64398
310,0.1583,30572544,62321,0.01895,8.05e-05,0.3037,200.0869,0.00000,0.10600,0.00000,10.00000,957.85142,0.00000,0.85546,0.00000,0.21200,0.14246,1.70949,3.28103,0.66372,0.64634,0.00000,0.00000,0.68262,0.00000,0.00000,0.00000,0.00000,1225.84391,-0.02838,-0.12081,0.18350,-0.01209,0.37509,0.68230,-0.08297,0.40875,-0.03408,-0.02569,0.13535,0.23204,0.32809,3.15937,3.07428,0.00000,0.14427,2.13083,3.05857,0.71681,0.66304,0.85714,0.69027,0.65517,0.37500,0.64043
311,0.1587,30670848,61724,0.01163,8.35e-05,0.3038,192.9611,0.00000,0.10400,0.00000,10.00000,1050.22046,0.00000,0.80897,0.00000,0.20800,0.14248,1.65625,3.46721,0.71053,0.69512,0.00000,0.00000,0.67888,0.00000,0.00000,0.00000,0.00000,1216.87329,-0.02869,-0.11995,0.18079,-0.01181,0.37374,0.67850,-0.08345,0.40327,-0.03561,-0.02575,0.13332,0.22866,0.32722,3.17922,2.26667,0.00000,0.14386,2.12492,2.92088,0.78070,0.73810,0.62500,0.74561,0.71687,0.33333,0.63608
312,0.1592,30769152,61969,0.01297,9.24e-05,0.3039,199.7868,0.00000,0.10200,0.00000,10.00000,938.78938,0.00000,0.80499,0.00000,0.20400,0.14077,1.60237,3.20093,0.53061,0.50685,0.00000,0.00000,0.67296,0.00000,0.00000,0.00000,0.00000,1245.65934,-0.02905,-0.12265,0.17661,-0.01171,0.37009,0.67254,-0.08437,0.39333,-0.03922,-0.02559,0.12943,0.22290,0.32583,3.19420,3.07000,0.00000,0.14484,2.09195,3.18912,0.78571,0.73913,0.57143,0.65816,0.61972,0.23529,0.62916
313,0.1596,30867456,62071,0.01266,1.24e-04,0.3040,215.8178,0.00000,0.10000,0.00000,10.00000,1019.24716,0.00000,0.84175,0.00000,0.20000,0.14174,1.56328,3.30939,0.68687,0.63014,0.00000,0.00000,0.66394,0.00000,0.00000,0.00000,0.00000,1284.00065,-0.02924,-0.12651,0.17414,-0.01144,0.36363,0.66357,-0.08487,0.38800,-0.03973,-0.02583,0.12778,0.22012,0.32313,3.39563,2.35000,0.00000,0.14423,2.09157,3.46492,0.79798,0.75325,0.66667,0.74242,0.69333,0.28571,0.61564
314,0.1601,30965760,61844,0.01482,1.16e-04,0.3041,205.4780,0.00000,0.09800,0.00000,10.00000,1025.51939,0.00000,0.77124,0.00000,0.19600,0.14240,1.51852,3.19200,0.65882,0.66102,0.00000,0.00000,0.66299,0.00000,0.00000,0.00000,0.00000,1277.15047,-0.02964,-0.12570,0.17143,-0.01182,0.36106,0.66267,-0.08551,0.37952,-0.04047,-0.02565,0.12537,0.21708,0.32270,3.30848,3.09333,0.00000,0.14615,2.09117,3.39807,0.83529,0.77966,0.85714,0.74706,0.72034,0.37500,0.61348
315,0.1605,31064064,61200,0.01680,7.70e-05,0.3042,207.3099,0.00000,0.09600,0.00000,10.00000,962.67237,0.00000,0.77423,0.00000,0.19200,0.14153,1.50030,3.31500,0.63830,0.62903,0.00000,0.00000,0.65860,0.00000,0.00000,0.00000,0.00000,1296.52759,-0.02950,-0.12779,0.17180,-0.01247,0.35897,0.65823,-0.08597,0.37874,-0.03921,-0.02574,0.12521,0.21762,0.32207,3.49621,2.20667,0.00000,0.14786,2.11374,3.65255,0.72340,0.63768,0.87500,0.68085,0.63359,0.36842,0.61033
316,0.1610,31162368,62007,0.01157,1.03e-04,0.3044,207.0850,0.00000,0.09400,0.00000,10.00000,871.54182,0.00000,0.82353,0.00000,0.18800,0.14143,1.44880,3.43241,0.50588,0.43548,0.00000,0.00000,0.65889,0.00000,0.00000,0.00000,0.00000,1293.68522,-0.02954,-0.12744,0.17024,-0.01194,0.35998,0.65855,-0.08668,0.37873,-0.04062,-0.02578,0.12445,0.21526,0.32222,3.51887,3.90000,0.00000,0.14478,2.14443,3.56066,0.80000,0.76562,0.81818,0.65294,0.60317,0.50000,0.61109
317,0.1614,31260672,61758,0.01602,7.77e-05,0.3045,205.5807,0.00000,0.09200,0.00000,10.00000,1006.19876,0.00000,0.80065,0.00000,0.18400,0.14128,1.40776,3.45957,0.61765,0.57143,0.00000,0.00000,0.65581,0.00000,0.00000,0.00000,0.00000,1307.25374,-0.02948,-0.12888,0.16939,-0.01209,0.35777,0.65552,-0.08668,0.37739,-0.03812,-0.02599,0.12397,0.21427,0.32148,3.38624,2.48400,0.00000,0.14428,2.17932,3.33064,0.82353,0.77143,0.66667,0.72059,0.66667,0.33333,0.60740
318,0.1619,31358976,60805,0.01228,7.77e-05,0.3046,217.6500,0.00000,0.09000,0.00000,10.00000,918.84556,0.00000,0.73413,0.00000,0.18000,0.14382,1.36081,3.13511,0.49107,0.48052,0.00000,0.00000,0.65993,0.00000,0.00000,0.00000,0.00000,1311.75781,-0.02973,-0.12924,0.16685,-0.01161,0.35874,0.65958,-0.08750,0.37096,-0.04411,-0.02600,0.12179,0.21130,0.32196,3.14327,2.29500,0.00000,0.14362,2.17580,3.14949,0.75000,0.71831,0.38462,0.62054,0.59459,0.16667,0.60979
319,0.1623,31457280,61278,0.02166,4.40e-05,0.3047,208.5888,0.00000,0.09000,0.00000,10.00000,925.14483,0.00000,0.80645,0.00000,0.18000,0.14208,1.33909,3.59677,0.46237,0.37681,0.00000,0.00000,0.65785,0.00000,0.00000,0.00000,0.00000,1304.72249,-0.02965,-0.12862,0.16606,-0.01169,0.35728,0.65749,-0.08702,0.36985,-0.03972,-0.02595,0.12111,0.21017,0.32146,3.26863,2.13778,0.00000,0.14385,2.18800,3.09017,0.78495,0.71212,0.88889,0.62366,0.54074,0.50000,0.60730
320,0.1628,31555584,61887,0.01069,5.97e-05,0.3048,231.9421,0.00000,0.09000,0.00000,10.00000,881.64690,0.00000,0.83333,0.00000,0.18000,0.14140,1.28137,3.35333,0.47321,0.41860,0.00000,0.00000,0.64984,0.00000,0.00000,0.00000,0.00000,1305.89819,-0.02992,-0.12855,0.16213,-0.01071,0.35349,0.64947,-0.08682,0.36411,-0.04296,-0.02588,0.11853,0.20533,0.31950,3.28218,2.76333,0.00000,0.14197,2.16904,3.23742,0.75000,0.69512,0.62500,0.61161,0.55357,0.29412,0.59750
321,0.1632,31653888,61362,0.01053,8.05e-05,0.3049,190.1949,0.00000,0.09000,0.00000,10.00000,927.94394,0.00000,0.82418,0.00000,0.18000,0.14276,1.24713,3.40640,0.49451,0.36508,0.00000,0.00000,0.64374,0.00000,0.00000,0.00000,0.00000,1285.07129,-0.03000,-0.12665,0.16136,-0.01120,0.34897,0.64339,-0.08727,0.35947,-0.04361,-0.02559,0.11788,0.20440,0.31822,3.37655,3.49333,0.00000,0.14332,2.17507,3.36451,0.82418,0.77778,1.00000,0.65934,0.58519,0.45455,0.59108
322,0.1637,31752192,61648,0.01121,9.24e-05,0.3051,205.4409,0.00000,0.09000,0.00000,10.00000,909.09512,0.00000,0.75000,0.00000,0.18000,0.13747,1.23030,3.68555,0.45000,0.32692,0.00000,0.00000,0.63668,0.00000,0.00000,0.00000,0.00000,1281.65942,-0.02993,-0.12627,0.16069,-0.01123,0.34600,0.63635,-0.08745,0.36063,-0.04164,-0.02539,0.11767,0.20324,0.31690,3.60328,2.84000,0.00000,0.14335,2.18845,3.57306,0.81250,0.76786,0.71429,0.63125,0.55556,0.31250,0.58451
323,0.1641,31850496,61378,0.01422,8.67e-05,0.3052,234.7605,0.00000,0.09000,0.00000,10.00000,852.31232,0.00000,0.83333,0.00000,0.18000,0.13886,1.22535,3.15217,0.33721,0.26389,0.00000,0.00000,0.63484,0.00000,0.00000,0.00000,0.00000,1270.87362,-0.02998,-0.12528,0.16116,-0.01087,0.34450,0.63454,-0.08860,0.36149,-0.03808,-0.02546,0.11838,0.20358,0.31663,3.29529,1.22000,0.00000,0.14235,2.21405,3.36844,0.80233,0.71930,0.66667,0.56977,0.46512,0.28571,0.58313
324,0.1646,31948800,61411,0.01167,8.35e-05,0.3053,220.8159,0.00000,0.09000,0.00000,10.00000,943.61719,0.00000,0.77457,0.00000,0.18000,0.13439,1.21496,3.99636,0.43269,0.27536,0.00000,0.00000,0.64366,0.00000,0.00000,0.00000,0.00000,1282.59749,-0.03016,-0.12638,0.15968,-0.01120,0.34924,0.64337,-0.08847,0.35953,-0.04162,-0.02586,0.11755,0.20210,0.31840,3.32273,3.48750,0.00000,0.14385,2.20486,3.09818,0.82692,0.76316,1.00000,0.62981,0.53103,0.47059,0.59200
325,0.1650,32047104,61320,0.01499,9.32e-05,0.3054,204.2723,0.00000,0.09000,0.00000,10.00000,869.80281,0.00000,0.78889,0.00000,0.18000,0.13986,1.18481,4.18285,0.38000,0.27027,0.00000,0.00000,0.64316,0.00000,0.00000,0.00000,0.00000,1307.98250,-0.03019,-0.12901,0.15926,-0.01141,0.34880,0.64283,-0.08836,0.35360,-0.04285,-0.02584,0.11681,0.20153,0.31845,3.82613,3.47333,0.00000,0.14500,2.20971,3.68741,0.79000,0.70588,0.85714,0.58500,0.47887,0.40000,0.59223
326,0.1655,32145408,60985,0.01506,6.96e-05,0.3055,211.5530,0.00000,0.09000,0.00000,10.00000,807.89152,0.00000,0.82011,0.00000,0.18000,0.14017,1.17522,3.65250,0.32381,0.25926,0.00000,0.00000,0.64220,0.00000,0.00000,0.00000,0.00000,1321.54346,-0.03037,-0.13014,0.15804,-0.01058,0.34840,0.64183,-0.08802,0.35165,-0.04109,-0.02584,0.11549,0.20007,0.31832,3.68110,3.83000,0.00000,0.14463,2.19771,3.69134,0.82857,0.78378,0.80000,0.57619,0.50968,0.38095,0.59161
327,0.1659,32243712,61043,0.01506,4.46e-05,0.3055,211.2438,0.00000,0.09000,0.00000,10.00000,888.64666,0.00000,0.76458,0.00000,0.18000,0.13872,1.15977,4.32091,0.41584,0.29577,0.00000,0.00000,0.64230,0.00000,0.00000,0.00000,0.00000,1322.82048,-0.03037,-0.13027,0.15763,-0.01060,0.34727,0.64193,-0.08822,0.35056,-0.04307,-0.02611,0.11522,0.19952,0.31763,3.79564,5.74999,0.00000,0.14511,2.19828,3.58928,0.81188,0.73529,0.85714,0.61386,0.51079,0.37500,0.58815
328,0.1664,32342016,61872,0.00926,6.34e-05,0.3056,198.0405,0.00000,0.09000,0.00000,10.00000,917.13465,0.00000,0.75964,0.00000,0.18000,0.13835,1.13112,3.68000,0.39796,0.22388,0.00000,0.00000,0.63910,0.00000,0.00000,0.00000,0.00000,1284.70630,-0.03058,-0.12656,0.15612,-0.01085,0.34579,0.63878,-0.08889,0.34728,-0.04475,-0.02592,0.11354,0.19729,0.31741,3.43226,3.62500,0.00000,0.14455,2.19347,3.36508,0.80612,0.73134,0.87500,0.60204,0.47761,0.46667,0.58707
329,0.1668,32440320,61953,0.01331,5.59e-05,0.3057,196.4686,0.00000,0.09000,0.00000,10.00000,814.75914,0.00000,0.78333,0.00000,0.18000,0.14024,1.11977,3.59800,0.23000,0.12000,0.00000,0.00000,0.63154,0.00000,0.00000,0.00000,0.00000,1286.09521,-0.03068,-0.12690,0.15423,-0.01045,0.34216,0.63125,-0.08864,0.34360,-0.04228,-0.02570,0.11274,0.19500,0.31630,3.01373,2.95250,0.00000,0.14353,2.18180,2.91123,0.81000,0.72727,0.88889,0.52000,0.40426,0.40000,0.58152
330,0.1673,32538624,61204,0.01140,5.83e-05,0.3057,178.3913,0.00000,0.09000,0.00000,10.00000,779.87878,0.00000,0.83041,0.00000,0.18000,0.14128,1.13035,3.89000,0.26316,0.17568,0.00000,0.00000,0.63418,0.00000,0.00000,0.00000,0.00000,1284.39787,-0.03067,-0.12671,0.15619,-0.01081,0.34282,0.63388,-0.08801,0.34673,-0.04592,-0.02563,0.11432,0.19748,0.31692,3.36823,2.56500,0.00000,0.14400,2.18998,3.23296,0.75789,0.70588,0.50000,0.51053,0.42958,0.20000,0.58459
331,0.1677,32636928,61236,0.01120,8.39e-05,0.3058,209.1862,0.00000,0.09000,0.00000,10.00000,848.27256,0.00000,0.82035,0.00000,0.18000,0.14396,1.14290,3.86435,0.36449,0.22078,0.00000,0.00000,0.63645,0.00000,0.00000,0.00000,0.00000,1274.70492,-0.03081,-0.12567,0.15548,-0.01083,0.34282,0.63613,-0.08784,0.34511,-0.04094,-0.02588,0.11372,0.19650,0.31730,3.61857,2.66500,0.00000,0.14282,2.18332,3.54320,0.82243,0.80247,0.66667,0.59346,0.51899,0.35294,0.58649
332,0.1682,32735232,61752,0.01370,7.16e-05,0.3059,191.7144,0.00000,0.09000,0.00000,10.00000,843.37027,0.00000,0.79749,0.00000,0.18000,0.14525,1.13491,4.84857,0.33065,0.18478,0.00000,0.00000,0.63567,0.00000,0.00000,0.00000,0.00000,1275.54696,-0.03077,-0.12576,0.15398,-0.01076,0.34274,0.63529,-0.08870,0.34141,-0.04227,-0.02598,0.11243,0.19508,0.31664,3.81648,2.75666,0.00000,0.14340,2.15667,3.50685,0.79839,0.72093,0.83333,0.56452,0.44382,0.35714,0.58320
333,0.1686,32833536,61605,0.01187,9.96e-05,0.3060,215.9168,0.00000,0.09000,0.00000,10.00000,825.58664,0.00000,0.79276,0.00000,0.18000,0.14338,1.13467,4.91384,0.29213,0.16418,0.00000,0.00000,0.63277,0.00000,0.00000,0.00000,0.00000,1279.26196,-0.03081,-0.12603,0.15275,-0.01026,0.34167,0.63241,-0.08843,0.34092,-0.04260,-0.02566,0.11171,0.19351,0.31567,3.78757,5.76000,0.00000,0.14251,2.13585,3.51132,0.83146,0.78333,0.71429,0.56180,0.45669,0.35714,0.57835
334,0.1691,32931840,61583,0.01119,8.59e-05,0.3062,225.4650,0.00000,0.09000,0.00000,10.00000,812.89248,0.00000,0.85770,0.00000,0.18000,0.14169,1.13782,4.05826,0.34211,0.21591,0.00000,0.00000,0.62656,0.00000,0.00000,0.00000,0.00000,1291.63940,-0.03070,-0.12722,0.15292,-0.01087,0.33850,0.62627,-0.08832,0.34012,-0.04075,-0.02586,0.11131,0.19374,0.31445,3.63652,1.98667,0.00000,0.14399,2.13242,3.49594,0.76316,0.71591,0.50000,0.55263,0.46591,0.20000,0.57225
335,0.1695,33030144,61540,0.01288,9.66e-05,0.3063,216.8668,0.00000,0.09200,0.00000,10.00000,868.00253,0.00000,0.71321,0.00000,0.18400,0.14292,1.14487,3.63000,0.25676,0.13725,0.00000,0.00000,0.62822,0.00000,0.00000,0.00000,0.00000,1301.14868,-0.03056,-0.12812,0.15451,-0.01175,0.33974,0.62794,-0.08840,0.34077,-0.04261,-0.02580,0.11187,0.19564,0.31491,3.38151,2.72889,0.00000,0.14533,2.14557,3.33733,0.86486,0.79545,0.88889,0.56081,0.44211,0.40000,0.57457
336,0.1700,33128448,61882,0.01099,1.00e-04,0.3065,219.1597,0.00000,0.09400,0.00000,10.00000,884.50211,0.00000,0.74282,0.00000,0.18800,0.14520,1.17064,2.81231,0.26966,0.12500,0.00000,0.00000,0.63233,0.00000,0.00000,0.00000,0.00000,1280.91667,-0.03051,-0.12633,0.15578,-0.01147,0.34035,0.63205,-0.08954,0.34290,-0.03883,-0.02583,0.11286,0.19718,0.31470,3.00903,3.19000,0.00000,0.14481,2.16520,3.06122,0.84270,0.83636,0.37500,0.55618,0.45378,0.17647,0.57349
337,0.1704,33226752,61276,0.01370,1.01e-04,0.3066,195.5162,0.00000,0.09600,0.00000,10.00000,813.01921,0.00000,0.75163,0.00000,0.19200,0.14520,1.17522,5.50714,0.29412,0.21311,0.00000,0.00000,0.63493,0.00000,0.00000,0.00000,0.00000,1300.95516,-0.03038,-0.12817,0.15649,-0.01161,0.34340,0.63463,-0.08948,0.34321,-0.03891,-0.02587,0.11346,0.19852,0.31657,4.16206,3.87777,0.00000,0.14660,2.16919,3.81333,0.87059,0.81481,0.88889,0.58235,0.49565,0.38095,0.58283
338,0.1708,33325056,62096,0.01230,1.11e-04,0.3067,207.8437,0.00000,0.09800,0.00000,10.00000,847.03490,0.00000,0.82555,0.00000,0.19600,0.14581,1.18355,4.15158,0.29907,0.15854,0.00000,0.00000,0.63833,0.00000,0.00000,0.00000,0.00000,1293.22965,-0.03025,-0.12761,0.15896,-0.01154,0.34685,0.63802,-0.08808,0.35148,-0.03819,-0.02597,0.11523,0.20142,0.31717,3.41219,3.52000,0.00000,0.14389,2.21807,3.18920,0.80374,0.74026,0.75000,0.55140,0.44025,0.30000,0.58587
339,0.1713,33423360,62154,0.01638,7.70e-05,0.3068,206.6894,0.00000,0.10000,0.00000,10.00000,852.24651,0.00000,0.71429,0.00000,0.20000,0.14645,1.19424,3.89926,0.33929,0.29114,0.00000,0.00000,0.64783,0.00000,0.00000,0.00000,0.00000,1271.76090,-0.03030,-0.12535,0.15959,-0.01172,0.35139,0.64750,-0.08832,0.35276,-0.03749,-0.02604,0.11573,0.20208,0.31910,3.42869,2.43571,0.00000,0.14338,2.22110,3.23323,0.83036,0.80000,0.66667,0.58482,0.52083,0.33333,0.59551
340,0.1717,33521664,61512,0.01440,9.12e-05,0.3069,202.5334,0.00000,0.10200,0.00000,10.00000,828.61982,0.00000,0.77558,0.00000,0.20400,0.14960,1.20640,5.07555,0.34653,0.19178,0.00000,0.00000,0.64953,0.00000,0.00000,0.00000,0.00000,1274.12630,-0.03010,-0.12566,0.16118,-0.01216,0.35366,0.64915,-0.08800,0.35329,-0.04192,-0.02613,0.11652,0.20460,0.31982,3.63972,4.04000,0.00000,0.14490,2.22131,3.16111,0.74257,0.67647,0.50000,0.54455,0.42553,0.26667,0.59910
341,0.1722,33619968,61080,0.01324,9.24e-05,0.3070,218.9212,0.00000,0.10400,0.00000,10.00000,817.95568,0.00000,0.81958,0.00000,0.20800,0.14891,1.23323,4.26200,0.33663,0.22785,0.00000,0.00000,0.65168,0.00000,0.00000,0.00000,0.00000,1278.84570,-0.03010,-0.12611,0.16253,-0.01185,0.35558,0.65123,-0.08702,0.35596,-0.04109,-0.02634,0.11721,0.20643,0.32071,3.73493,3.27600,0.00000,0.14561,2.21202,3.54327,0.80198,0.71429,1.00000,0.56931,0.45638,0.45455,0.60354
342,0.1726,33718272,61412,0.01843,6.47e-05,0.3071,190.9300,0.00000,0.10600,0.00000,10.00000,825.64453,0.00000,0.83951,0.00000,0.21200,0.15029,1.25738,4.99500,0.26667,0.18667,0.00000,0.00000,0.65524,0.00000,0.00000,0.00000,0.00000,1288.59220,-0.03017,-0.12692,0.16351,-0.01186,0.35651,0.65487,-0.08743,0.35969,-0.04169,-0.02618,0.11801,0.20737,0.32148,3.54571,3.08000,0.00000,0.14339,2.21864,3.11629,0.85556,0.80328,0.75000,0.56111,0.46324,0.33333,0.60741
343,0.1731,33816576,61367,0.01215,6.42e-05,0.3072,183.6396,0.00000,0.10800,0.00000,10.00000,964.74720,0.00000,0.72016,0.00000,0.21600,0.15100,1.29029,3.56308,0.35802,0.15385,0.00000,0.00000,0.65405,0.00000,0.00000,0.00000,0.00000,1285.35205,-0.02987,-0.12679,0.16577,-0.01223,0.35641,0.65370,-0.08782,0.36453,-0.04182,-0.02601,0.11997,0.20997,0.32177,3.27254,2.69200,0.00000,0.14276,2.22483,3.20259,0.91358,0.86792,1.00000,0.63580,0.51429,0.50000,0.60887
344,0.1735,33914880,61279,0.00985,9.24e-05,0.3073,195.1028,0.00000,0.11000,0.00000,10.00000,817.36413,0.00000,0.80460,0.00000,0.22000,0.15342,1.34598,4.92500,0.29885,0.19403,0.00000,0.00000,0.65991,0.00000,0.00000,0.00000,0.00000,1294.29525,-0.02966,-0.12765,0.16905,-0.01253,0.35919,0.65959,-0.08769,0.37104,-0.04127,-0.02617,0.12228,0.21415,0.32261,3.82750,2.96000,0.00000,0.14188,2.23210,3.46166,0.81609,0.76271,0.60000,0.55747,0.46032,0.25000,0.61304
345,0.1740,34013184,61204,0.01403,1.04e-04,0.3074,200.3439,0.00000,0.11200,0.00000,10.00000,746.11959,0.00000,0.86909,0.00000,0.22400,0.15365,1.39609,5.67733,0.23762,0.17647,0.00000,0.00000,0.67221,0.00000,0.00000,0.00000,0.00000,1269.93750,-0.02961,-0.12514,0.17060,-0.01307,0.36593,0.67182,-0.08712,0.37441,-0.04007,-0.02635,0.12365,0.21624,0.32487,3.62640,3.58000,0.00000,0.14227,2.21739,3.11366,0.79208,0.72603,0.85714,0.51485,0.43038,0.42857,0.62435
346,0.1744,34111488,61433,0.01540,7.70e-05,0.3075,179.2776,0.00000,0.11400,0.00000,10.00000,803.47569,0.00000,0.82200,0.00000,0.22800,0.15826,1.45553,4.58762,0.33673,0.21918,0.00000,0.00000,0.67560,0.00000,0.00000,0.00000,0.00000,1279.91349,-0.02914,-0.12617,0.17464,-0.01283,0.36893,0.67519,-0.08596,0.37950,-0.03892,-0.02656,0.12667,0.22143,0.32563,3.49397,3.80750,0.00000,0.14198,2.21435,3.12355,0.78571,0.73611,0.77778,0.56122,0.47586,0.41176,0.62817
347,0.1749,34209792,61439,0.01382,9.12e-05,0.3076,207.4801,0.00000,0.11600,0.00000,10.00000,900.84733,0.00000,0.73904,0.00000,0.23200,0.15717,1.49437,5.72880,0.46789,0.33803,0.00000,0.00000,0.68025,0.00000,0.00000,0.00000,0.00000,1264.48763,-0.02895,-0.12467,0.17693,-0.01323,0.37284,0.67982,-0.08540,0.38317,-0.03667,-0.02664,0.12746,0.22419,0.32685,4.11609,3.67600,0.00000,0.14327,2.21004,3.46580,0.79817,0.77027,0.50000,0.63303,0.55862,0.23810,0.63427
348,0.1753,34308096,61655,0.01160,1.24e-04,0.3077,239.4804,0.00000,0.11800,0.00000,10.00000,807.11256,0.00000,0.85221,0.00000,0.23600,0.15294,1.51943,5.08937,0.44660,0.38750,0.00000,0.00000,0.68354,0.00000,0.00000,0.00000,0.00000,1246.12101,-0.02876,-0.12295,0.17872,-0.01349,0.37547,0.68313,-0.08454,0.39002,-0.03613,-0.02644,0.12869,0.22661,0.32713,3.97375,3.27333,0.00000,0.14421,2.22759,3.41594,0.77670,0.73077,0.75000,0.61165,0.55696,0.37500,0.63566
349,0.1758,34406400,60868,0.01603,8.59e-05,0.3079,221.1444,0.00000,0.12000,0.00000,10.00000,882.83450,0.00000,0.81633,0.00000,0.24000,0.15859,1.53645,5.21682,0.58163,0.53425,0.00000,0.00000,0.68608,0.00000,0.00000,0.00000,0.00000,1243.14079,-0.02870,-0.12257,0.18104,-0.01418,0.37750,0.68558,-0.08440,0.39121,-0.04033,-0.02651,0.13050,0.22993,0.32838,3.97592,3.35778,0.00000,0.14386,2.22795,3.05051,0.74490,0.64789,1.00000,0.66327,0.59028,0.56250,0.64192
350,0.1763,34504704,61281,0.01561,7.16e-05,0.3080,201.9148,0.00000,0.12200,0.00000,10.00000,888.00063,0.00000,0.81930,0.00000,0.24400,0.15480,1.57708,4.98606,0.48485,0.42466,0.00000,0.00000,0.68411,0.00000,0.00000,0.00000,0.00000,1257.26310,-0.02871,-0.12391,0.18162,-0.01304,0.37676,0.68360,-0.08337,0.39759,-0.03863,-0.02637,0.13200,0.23036,0.32859,3.70235,3.20000,0.00000,0.14207,2.21413,3.08840,0.84848,0.84932,0.55556,0.66667,0.63699,0.27778,0.64293
351,0.1767,34603008,61845,0.01209,9.24e-05,0.3081,209.2125,0.00000,0.12200,0.00000,10.00000,893.53678,0.00000,0.78704,0.00000,0.24400,0.15689,1.64919,5.65103,0.45833,0.38889,0.00000,0.00000,0.68974,0.00000,0.00000,0.00000,0.00000,1269.36263,-0.02831,-0.12508,0.18476,-0.01378,0.38022,0.68922,-0.08297,0.40282,-0.03775,-0.02654,0.13411,0.23437,0.32977,4.09816,4.07714,0.00000,0.14169,2.19743,3.32172,0.85417,0.79688,0.87500,0.65625,0.58088,0.43750,0.64885
352,0.1772,34701312,61908,0.01453,8.67e-05,0.3082,202.9312,0.00000,0.12200,0.00000,10.00000,939.22826,0.00000,0.74423,0.00000,0.24400,0.15614,1.68315,4.97158,0.54717,0.50000,0.00000,0.00000,0.69466,0.00000,0.00000,0.00000,0.00000,1276.03418,-0.02823,-0.12572,0.18574,-0.01355,0.38310,0.69410,-0.08247,0.40604,-0.03889,-0.02681,0.13474,0.23559,0.33074,3.81535,2.29600,0.00000,0.14133,2.18455,3.09508,0.81132,0.77778,0.50000,0.67925,0.64085,0.19048,0.65370
353,0.1776,34799616,61786,0.01139,9.24e-05,0.3084,234.7882,0.00000,0.12200,0.00000,10.00000,932.29288,0.00000,0.82677,0.00000,0.24400,0.15404,1.69575,4.84428,0.56693,0.51613,0.00000,0.00000,0.69748,0.00000,0.00000,0.00000,0.00000,1262.08862,-0.02818,-0.12424,0.18504,-0.01372,0.38574,0.69697,-0.08245,0.40560,-0.03848,-0.02708,0.13416,0.23484,0.33141,3.75228,3.19428,0.00000,0.14193,2.15555,3.02428,0.83465,0.79167,0.87500,0.70079,0.65608,0.38889,0.65707
354,0.1780,34897920,61800,0.01543,7.16e-05,0.3085,211.9243,0.00000,0.12200,0.00000,10.00000,898.68196,0.00000,0.82687,0.00000,0.24400,0.15601,1.72745,5.07657,0.54651,0.48485,0.00000,0.00000,0.69602,0.00000,0.00000,0.00000,0.00000,1273.34627,-0.02832,-0.12538,0.18740,-0.01414,0.38488,0.69551,-0.08237,0.40643,-0.03664,-0.02661,0.13518,0.23813,0.33135,3.72188,1.62000,0.00000,0.14385,2.14984,2.77360,0.75581,0.69355,0.60000,0.65116,0.58594,0.30000,0.65674
355,0.1785,34996224,61883,0.01176,6.99e-05,0.3086,215.0224,0.00000,0.12200,0.00000,10.00000,1025.68006,0.00000,0.81197,0.00000,0.24400,0.15540,1.76227,5.00087,0.62500,0.55128,0.00000,0.00000,0.69667,0.00000,0.00000,0.00000,0.00000,1266.96338,-0.02798,-0.12478,0.18963,-0.01482,0.38542,0.69616,-0.08179,0.40851,-0.03667,-0.02691,0.13660,0.24088,0.33125,3.82283,2.16000,0.00000,0.14603,2.14705,3.01403,0.89423,0.85135,1.00000,0.75962,0.69737,0.50000,0.65623
356,0.1789,35094528,61599,0.01523,6.47e-05,0.3087,219.7913,0.00000,0.12200,0.00000,10.00000,954.33183,0.00000,0.75499,0.00000,0.24400,0.15660,1.80410,4.80162,0.61538,0.62963,0.00000,0.00000,0.69859,0.00000,0.00000,0.00000,0.00000,1254.55794,-0.02783,-0.12350,0.19149,-0.01452,0.38644,0.69804,-0.08157,0.41387,-0.03306,-0.02648,0.13827,0.24407,0.33187,3.80593,2.52000,0.00000,0.14492,2.15669,3.12370,0.87179,0.86538,0.72727,0.74359,0.74528,0.38095,0.65933
357,0.1794,35192832,62059,0.01066,8.39e-05,0.3088,211.8693,0.00000,0.12200,0.00000,10.00000,1002.78365,0.00000,0.74807,0.00000,0.24400,0.15146,1.85003,4.40538,0.64356,0.65753,0.00000,0.00000,0.70446,0.00000,0.00000,0.00000,0.00000,1273.05070,-0.02750,-0.12532,0.19447,-0.01476,0.38945,0.70389,-0.08086,0.42630,-0.03421,-0.02686,0.14061,0.24722,0.33264,3.92769,3.26500,0.00000,0.14392,2.18032,3.45000,0.81188,0.71429,0.87500,0.72772,0.68382,0.36842,0.66321
358,0.1798,35291136,61391,0.01369,9.66e-05,0.3089,219.4246,0.00000,0.12200,0.00000,10.00000,943.31948,0.00000,0.72090,0.00000,0.24400,0.15645,1.89151,4.31485,0.55952,0.55932,0.00000,0.00000,0.71114,0.00000,0.00000,0.00000,0.00000,1272.53874,-0.02733,-0.12529,0.19872,-0.01500,0.39397,0.71056,-0.08107,0.43022,-0.03628,-0.02677,0.14370,0.25272,0.33418,3.65975,2.75000,0.00000,0.14398,2.19849,3.16130,0.78571,0.78000,0.36364,0.67262,0.66055,0.18182,0.67092
359,0.1803,35389440,61756,0.01491,8.05e-05,0.3090,192.2723,0.00000,0.12200,0.00000,10.00000,933.28891,0.00000,0.79288,0.00000,0.24400,0.15484,1.93192,4.40111,0.59223,0.58750,0.00000,0.00000,0.71434,0.00000,0.00000,0.00000,0.00000,1233.99211,-0.02695,-0.12157,0.20157,-0.01524,0.39772,0.71379,-0.08113,0.43708,-0.03491,-0.02676,0.14629,0.25606,0.33503,3.82202,3.18000,0.00000,0.14420,2.20671,3.25345,0.78641,0.73134,0.50000,0.68932,0.65306,0.23529,0.67516
360,0.1807,35487744,62230,0.01580,6.99e-05,0.3091,181.8222,0.00000,0.12200,0.00000,10.00000,1049.95543,0.00000,0.75132,0.00000,0.24400,0.15305,1.94008,4.61516,0.75238,0.80000,0.00000,0.00000,0.71795,0.00000,0.00000,0.00000,0.00000,1226.26904,-0.02694,-0.12081,0.20191,-0.01493,0.40109,0.71735,-0.08035,0.44183,-0.03359,-0.02683,0.14616,0.25643,0.33649,3.75594,3.10461,0.00000,0.14287,2.20946,3.00563,0.85714,0.86567,0.60000,0.80476,0.83099,0.34615,0.68243
361,0.1812,35586048,61927,0.01296,8.39e-05,0.3092,204.6182,0.00000,0.12200,0.00000,10.00000,1046.38302,0.00000,0.78171,0.00000,0.24400,0.15202,1.91475,4.34077,0.73451,0.68000,0.00000,0.00000,0.71522,0.00000,0.00000,0.00000,0.00000,1227.42586,-0.02706,-0.12089,0.20161,-0.01516,0.39935,0.71464,-0.08056,0.44338,-0.03724,-0.02677,0.14650,0.25623,0.33575,3.84892,3.33000,0.00000,0.14224,2.22926,3.52102,0.84956,0.83333,0.70000,0.79204,0.76101,0.43750,0.67873
362,0.1816,35684352,61741,0.01388,8.67e-05,0.3094,236.4249,0.00000,0.12200,0.00000,10.00000,950.24380,0.00000,0.85145,0.00000,0.24400,0.15229,1.90602,4.34458,0.65217,0.63380,0.00000,0.00000,0.71594,0.00000,0.00000,0.00000,0.00000,1217.80941,-0.02707,-0.12010,0.20096,-0.01503,0.39953,0.71535,-0.08014,0.44097,-0.03534,-0.02672,0.14568,0.25541,0.33564,3.58673,3.51000,0.00000,0.14275,2.22454,2.93714,0.75000,0.68571,0.85714,0.70109,0.65957,0.46154,0.67820
363,0.1821,35782656,61846,0.01256,8.59e-05,0.3095,190.1367,0.00000,0.12200,0.00000,10.00000,990.16761,0.00000,0.82071,0.00000,0.24400,0.15342,1.93562,4.41363,0.64773,0.65152,0.00000,0.00000,0.71535,0.00000,0.00000,0.00000,0.00000,1203.86418,-0.02674,-0.11866,0.20321,-0.01523,0.39943,0.71481,-0.07923,0.44687,-0.03216,-0.02655,0.14739,0.25834,0.33535,3.80269,2.15000,0.00000,0.14125,2.24081,3.35467,0.86364,0.82812,0.85714,0.75568,0.73846,0.40000,0.67673
364,0.1825,35880960,62134,0.01291,1.03e-04,0.3096,180.9233,0.00000,0.12200,0.00000,10.00000,1014.68779,0.00000,0.84362,0.00000,0.24400,0.14981,1.95762,4.04681,0.79012,0.79310,0.00000,0.00000,0.71414,0.00000,0.00000,0.00000,0.00000,1205.96924,-0.02658,-0.11879,0.20532,-0.01528,0.39824,0.71360,-0.07951,0.45547,-0.03003,-0.02643,0.14967,0.26088,0.33496,3.58900,3.30400,0.00000,0.14110,2.26934,3.18302,0.76543,0.72308,0.83333,0.77778,0.75610,0.45455,0.67478
365,0.1830,35979264,61780,0.01333,9.32e-05,0.3098,187.8874,0.00000,0.12200,0.00000,10.00000,978.55984,0.00000,0.79038,0.00000,0.24400,0.14918,1.95353,4.08111,0.71134,0.74286,0.00000,0.00000,0.71424,0.00000,0.00000,0.00000,0.00000,1208.75195,-0.02654,-0.11924,0.20643,-0.01501,0.39806,0.71369,-0.07977,0.46082,-0.03104,-0.02651,0.15042,0.26221,0.33459,3.73211,2.51333,0.00000,0.13949,2.29888,3.38945,0.76289,0.76471,0.30000,0.73711,0.75362,0.15000,0.67294
366,0.1834,36077568,60934,0.01444,9.13e-05,0.3099,215.3929,0.00000,0.12200,0.00000,10.00000,1003.49992,0.00000,0.86619,0.00000,0.24400,0.14869,1.93783,4.20627,0.74194,0.71014,0.00000,0.00000,0.72041,0.00000,0.00000,0.00000,0.00000,1203.59196,-0.02665,-0.11850,0.20573,-0.01483,0.40245,0.71988,-0.07981,0.46093,-0.03342,-0.02666,0.15053,0.26096,0.33602,3.53878,3.11600,0.00000,0.13810,2.30218,3.00687,0.75269,0.71053,0.80000,0.74731,0.71034,0.44444,0.68009
367,0.1839,36175872,61689,0.01482,6.99e-05,0.3101,205.5802,0.00000,0.12000,0.00000,10.00000,998.20134,0.00000,0.79894,0.00000,0.24000,0.14758,1.94606,3.97114,0.70476,0.74684,0.00000,0.00000,0.72053,0.00000,0.00000,0.00000,0.00000,1206.05591,-0.02654,-0.11889,0.20686,-0.01542,0.40210,0.72001,-0.08026,0.46294,-0.03417,-0.02679,0.15092,0.26253,0.33629,3.61317,3.46000,0.00000,0.13935,2.31417,3.26097,0.80952,0.75000,0.77778,0.75714,0.74834,0.35000,0.68143
368,0.1843,36274176,61837,0.01339,6.71e-05,0.3102,200.1391,0.00000,0.11800,0.00000,10.00000,1063.35008,0.00000,0.78889,0.00000,0.23600,0.14986,1.93992,3.77889,0.68000,0.68000,0.00000,0.00000,0.72350,0.00000,0.00000,0.00000,0.00000,1195.46029,-0.02646,-0.11786,0.20671,-0.01551,0.40404,0.72287,-0.07978,0.45989,-0.03222,-0.02683,0.15054,0.26230,0.33723,3.37165,2.41143,0.00000,0.13941,2.31422,3.01115,0.86000,0.80597,0.85714,0.77000,0.73944,0.40000,0.68617
369,0.1847,36372480,62199,0.01322,6.34e-05,0.3103,201.2143,0.00000,0.11600,0.00000,10.00000,1027.09208,0.00000,0.86310,0.00000,0.23200,0.14941,1.92321,3.59253,0.75000,0.77174,0.00000,0.00000,0.72233,0.00000,0.00000,0.00000,0.00000,1194.12386,-0.02657,-0.11776,0.20550,-0.01493,0.40306,0.72178,-0.07985,0.45857,-0.03429,-0.02696,0.14960,0.26067,0.33704,3.37041,3.32571,0.00000,0.13885,2.30570,3.13577,0.83929,0.78049,1.00000,0.79464,0.77586,0.50000,0.68518
370,0.1852,36470784,61726,0.01372,6.96e-05,0.3104,202.6814,0.00000,0.11400,0.00000,10.00000,1068.23463,0.00000,0.81522,0.00000,0.22800,0.15012,1.90206,3.80964,0.77174,0.81818,0.00000,0.00000,0.71843,0.00000,0.00000,0.00000,0.00000,1226.76302,-0.02663,-0.12080,0.20408,-0.01428,0.40062,0.71793,-0.07985,0.45387,-0.03691,-0.02693,0.14868,0.25874,0.33609,3.43564,3.15333,0.00000,0.13883,2.28601,3.12765,0.85870,0.82609,0.88889,0.81522,0.82222,0.44444,0.68044
371,0.1856,36569088,61957,0.01508,6.91e-05,0.3105,208.6346,0.00000,0.11200,0.00000,10.00000,1059.25232,0.00000,0.78108,0.00000,0.22400,0.14714,1.89201,3.17965,0.65347,0.68421,0.00000,0.00000,0.71430,0.00000,0.00000,0.00000,0.00000,1203.17131,-0.02691,-0.11854,0.20171,-0.01421,0.39733,0.71380,-0.08028,0.45184,-0.03431,-0.02670,0.14745,0.25571,0.33464,3.07700,2.99000,0.00000,0.13882,2.27384,2.98413,0.87129,0.80303,1.00000,0.76238,0.73944,0.47619,0.67318
372,0.1861,36667392,61969,0.01190,5.80e-05,0.3106,193.1546,0.00000,0.11000,0.00000,10.00000,1039.50505,0.00000,0.80247,0.00000,0.22000,0.14846,1.87838,4.02000,0.67677,0.68919,0.00000,0.00000,0.70773,0.00000,0.00000,0.00000,0.00000,1220.83024,-0.02691,-0.12040,0.20039,-0.01439,0.39485,0.70721,-0.08043,0.44734,-0.03355,-0.02682,0.14635,0.25436,0.33411,3.52283,2.83000,0.00000,0.13947,2.25590,3.08781,0.85859,0.82609,0.77778,0.76768,0.75524,0.38889,0.67056
373,0.1865,36765696,61937,0.01025,9.13e-05,0.3107,233.6811,0.00000,0.10800,0.00000,10.00000,1126.50141,0.00000,0.79079,0.00000,0.21600,0.14881,1.86839,3.43770,0.72973,0.72840,0.00000,0.00000,0.70622,0.00000,0.00000,0.00000,0.00000,1208.89518,-0.02722,-0.11912,0.19734,-0.01349,0.39321,0.70567,-0.08076,0.44152,-0.03131,-0.02685,0.14486,0.25031,0.33354,3.24907,2.29428,0.00000,0.13845,2.22808,3.08232,0.86486,0.81818,0.83333,0.79730,0.77215,0.35714,0.66769
374,0.1870,36864000,62033,0.01378,9.24e-05,0.3108,221.1018,0.00000,0.10600,0.00000,10.00000,992.18124,0.00000,0.85728,0.00000,0.21200,0.15088,1.82174,3.44333,0.66379,0.66667,0.00000,0.00000,0.70652,0.00000,0.00000,0.00000,0.00000,1222.58390,-0.02745,-0.12040,0.19549,-0.01487,0.39268,0.70603,-0.08037,0.43087,-0.03302,-0.02702,0.14181,0.24800,0.33307,3.30598,2.44667,0.00000,0.14190,2.20763,3.17831,0.81034,0.77907,0.50000,0.73707,0.72067,0.21429,0.66536
375,0.1874,36962304,62154,0.01279,1.01e-04,0.3110,192.4929,0.00000,0.10400,0.00000,10.00000,1038.01747,0.00000,0.86767,0.00000,0.20800,0.14693,1.80098,3.82305,0.80899,0.82609,0.00000,0.00000,0.70453,0.00000,0.00000,0.00000,0.00000,1225.77490,-0.02741,-0.12057,0.19516,-0.01420,0.39058,0.70403,-0.08073,0.43385,-0.03721,-0.02692,0.14213,0.24765,0.33256,3.52119,2.91500,0.00000,0.14249,2.22604,3.21414,0.79775,0.75714,0.80000,0.80337,0.79137,0.40000,0.66279
376,0.1879,37060608,61921,0.01423,9.32e-05,0.3111,213.5436,0.00000,0.10200,0.00000,10.00000,1014.72540,0.00000,0.86909,0.00000,0.20400,0.14382,1.76485,3.69333,0.71287,0.67532,0.00000,0.00000,0.69997,0.00000,0.00000,0.00000,0.00000,1228.05021,-0.02754,-0.12098,0.19279,-0.01403,0.38794,0.69951,-0.08141,0.43320,-0.03443,-0.02693,0.14022,0.24488,0.33145,3.38206,3.69500,0.00000,0.14169,2.24139,3.12493,0.81188,0.77778,0.80000,0.76238,0.72785,0.44444,0.65726
377,0.1883,37158912,61481,0.01405,1.02e-04,0.3112,194.7747,0.00000,0.10000,0.00000,10.00000,985.48969,0.00000,0.76296,0.00000,0.20000,0.14109,1.74292,3.14631,0.61333,0.66038,0.00000,0.00000,0.69446,0.00000,0.00000,0.00000,0.00000,1225.24316,-0.02751,-0.12071,0.19336,-0.01386,0.38546,0.69400,-0.08176,0.43573,-0.03272,-0.02660,0.14062,0.24496,0.33062,3.04897,2.00333,0.00000,0.14179,2.28101,2.95650,0.76000,0.70000,0.57143,0.68667,0.67961,0.22222,0.65311
378,0.1888,37257216,61914,0.01323,9.83e-05,0.3113,172.2211,0.00000,0.09800,0.00000,10.00000,1083.99420,0.00000,0.75132,0.00000,0.19600,0.14105,1.71255,3.70408,0.68571,0.68116,0.00000,0.00000,0.69367,0.00000,0.00000,0.00000,0.00000,1214.09066,-0.02748,-0.11971,0.19345,-0.01374,0.38502,0.69329,-0.08147,0.43613,-0.03292,-0.02669,0.14084,0.24486,0.33016,3.28496,2.72400,0.00000,0.14148,2.30934,2.98294,0.84762,0.80822,0.80000,0.76667,0.74648,0.38095,0.65080
379,0.1892,37355520,61695,0.01328,1.12e-04,0.3115,212.9340,0.00000,0.09600,0.00000,10.00000,1013.34882,0.00000,0.78755,0.00000,0.19200,0.14187,1.69017,3.87714,0.65934,0.65625,0.00000,0.00000,0.69278,0.00000,0.00000,0.00000,0.00000,1216.40153,-0.02745,-0.12010,0.19411,-0.01388,0.38469,0.69232,-0.08197,0.43800,-0.03063,-0.02652,0.14084,0.24552,0.33012,3.49104,3.37000,0.00000,0.14012,2.34631,3.19074,0.79121,0.76923,0.50000,0.72527,0.71318,0.23529,0.65059
380,0.1897,37453824,61514,0.01650,8.67e-05,0.3116,212.1328,0.00000,0.09400,0.00000,10.00000,1078.88586,0.00000,0.82222,0.00000,0.18800,0.14421,1.64923,3.20846,0.63000,0.62338,0.00000,0.00000,0.69752,0.00000,0.00000,0.00000,0.00000,1244.51164,-0.02755,-0.12249,0.19287,-0.01379,0.38592,0.69709,-0.08274,0.43181,-0.03409,-0.02684,0.13980,0.24406,0.33112,3.12729,3.54000,0.00000,0.14109,2.35494,3.06333,0.90000,0.88732,0.60000,0.76500,0.75000,0.23077,0.65559
381,0.1901,37552128,61055,0.01179,1.09e-04,0.3118,201.3530,0.00000,0.09200,0.00000,10.00000,1001.09451,0.00000,0.73894,0.00000,0.18400,0.14301,1.63154,3.81959,0.58252,0.64865,0.00000,0.00000,0.69806,0.00000,0.00000,0.00000,0.00000,1213.09391,-0.02745,-0.11960,0.19245,-0.01404,0.38785,0.69759,-0.08223,0.43153,-0.03339,-0.02698,0.13921,0.24383,0.33118,3.45531,3.38889,0.00000,0.14189,2.36521,3.16742,0.86408,0.84127,0.69231,0.72330,0.73723,0.30000,0.65589
382,0.1906,37650432,61171,0.01445,9.66e-05,0.3119,179.8873,0.00000,0.09000,0.00000,10.00000,1042.92585,0.00000,0.77107,0.00000,0.18000,0.13881,1.58846,3.66157,0.62069,0.59756,0.00000,0.00000,0.68835,0.00000,0.00000,0.00000,0.00000,1197.68807,-0.02750,-0.11825,0.19019,-0.01354,0.38387,0.68795,-0.08208,0.42873,-0.03248,-0.02677,0.13788,0.24072,0.32967,3.43071,4.02750,0.00000,0.14260,2.36098,3.27579,0.89655,0.86076,0.88889,0.75862,0.72671,0.40000,0.64833
383,0.1910,37748736,61666,0.01280,1.24e-04,0.3120,208.4230,0.00000,0.08800,0.00000,10.00000,992.14303,0.00000,0.90354,0.00000,0.17600,0.13838,1.53840,3.68790,0.63736,0.56164,0.00000,0.00000,0.68314,0.00000,0.00000,0.00000,0.00000,1190.77547,-0.02775,-0.11747,0.18662,-0.01269,0.37932,0.68271,-0.08227,0.42494,-0.03389,-0.02657,0.13640,0.23599,0.32815,3.23846,3.52000,0.00000,0.13941,2.35933,2.92164,0.80220,0.77333,0.50000,0.71978,0.66892,0.33333,0.64074
384,0.1915,37847040,61317,0.01974,5.97e-05,0.3122,200.1109,0.00000,0.08600,0.00000,10.00000,877.58848,0.00000,0.85676,0.00000,0.17200,0.13999,1.52749,3.55333,0.48193,0.49231,0.00000,0.00000,0.67643,0.00000,0.00000,0.00000,0.00000,1194.26839,-0.02787,-0.11776,0.18618,-0.01293,0.37499,0.67606,-0.08396,0.42428,-0.03219,-0.02633,0.13605,0.23550,0.32648,3.35348,3.23778,0.00000,0.13804,2.36695,3.23571,0.80723,0.74603,1.00000,0.64458,0.61719,0.44444,0.63238
385,0.1919,37945344,61707,0.01106,7.70e-05,0.3123,193.8245,0.00000,0.08400,0.00000,10.00000,1062.07853,0.00000,0.79772,0.00000,0.16800,0.14097,1.51571,3.44628,0.61538,0.57627,0.00000,0.00000,0.67153,0.00000,0.00000,0.00000,0.00000,1201.97192,-0.02792,-0.11865,0.18655,-0.01313,0.37299,0.67120,-0.08417,0.42287,-0.03168,-0.02626,0.13637,0.23605,0.32558,3.34506,4.92000,0.00000,0.13883,2.38192,3.27692,0.92308,0.90566,0.75000,0.76923,0.73214,0.33333,0.62791
386,0.1924,38043648,61506,0.01300,8.05e-05,0.3124,219.4456,0.00000,0.08200,0.00000,10.00000,942.02114,0.00000,0.81549,0.00000,0.16400,0.14011,1.49569,3.14400,0.47706,0.43373,0.00000,0.00000,0.67199,0.00000,0.00000,0.00000,0.00000,1204.68490,-0.02811,-0.11890,0.18498,-0.01269,0.37294,0.67159,-0.08482,0.42098,-0.03256,-0.02638,0.13525,0.23386,0.32590,3.32372,2.71000,0.00000,0.13817,2.38615,3.42219,0.86239,0.83117,0.77778,0.66972,0.62500,0.36842,0.62948
387,0.1928,38141952,61838,0.01322,9.24e-05,0.3125,214.0648,0.00000,0.08200,0.00000,10.00000,1054.55924,0.00000,0.80026,0.00000,0.16400,0.13918,1.46594,3.13555,0.57143,0.44828,0.00000,0.00000,0.67813,0.00000,0.00000,0.00000,0.00000,1210.81266,-0.02829,-0.11945,0.18233,-0.01291,0.37548,0.67781,-0.08468,0.41409,-0.03318,-0.02650,0.13319,0.23056,0.32659,3.10581,2.59200,0.00000,0.13931,2.37012,3.09220,0.85714,0.82540,0.80000,0.71429,0.64463,0.44444,0.63293
388,0.1933,38240256,61033,0.01369,1.09e-04,0.3126,173.2246,0.00000,0.08200,0.00000,10.00000,968.41726,0.00000,0.76263,0.00000,0.16400,0.14054,1.41602,3.22516,0.43636,0.37975,0.00000,0.00000,0.67405,0.00000,0.00000,0.00000,0.00000,1210.07764,-0.02841,-0.11938,0.18062,-0.01245,0.37227,0.67369,-0.08584,0.41030,-0.03447,-0.02654,0.13242,0.22826,0.32546,3.03612,3.40750,0.00000,0.13834,2.37976,2.94865,0.85455,0.80556,0.80000,0.64545,0.58278,0.34783,0.62728
389,0.1937,38338560,61786,0.01378,1.00e-04,0.3128,227.7964,0.00000,0.08200,0.00000,10.00000,951.77290,0.00000,0.81699,0.00000,0.16400,0.14072,1.38011,3.58628,0.49020,0.41333,0.00000,0.00000,0.66712,0.00000,0.00000,0.00000,0.00000,1182.78312,-0.02865,-0.11677,0.17799,-0.01262,0.36857,0.66679,-0.08552,0.40288,-0.03277,-0.02635,0.13013,0.22505,0.32394,3.54889,4.35600,0.00000,0.13925,2.35667,3.53096,0.89216,0.88000,0.71429,0.69118,0.64667,0.33333,0.61972
390,0.1941,38436864,61952,0.01252,1.10e-04,0.3129,208.2035,0.00000,0.08200,0.00000,10.00000,997.54361,0.00000,0.82828,0.00000,0.16400,0.14067,1.34844,3.72585,0.56364,0.48193,0.00000,0.00000,0.66172,0.00000,0.00000,0.00000,0.00000,1199.56657,-0.02894,-0.11845,0.17484,-0.01193,0.36501,0.66133,-0.08553,0.39746,-0.03399,-0.02650,0.12768,0.22098,0.32304,3.37464,3.50000,0.00000,0.13796,2.33972,3.17183,0.85455,0.81481,0.83333,0.70909,0.64634,0.45455,0.61518
391,0.1946,38535168,61660,0.01560,7.16e-05,0.3130,222.9450,0.00000,0.08200,0.00000,10.00000,1049.96617,0.00000,0.72650,0.00000,0.16400,0.13935,1.29671,3.17266,0.52747,0.45161,0.00000,0.00000,0.65906,0.00000,0.00000,0.00000,0.00000,1236.82373,-0.02926,-0.12191,0.17179,-0.01175,0.36202,0.65873,-0.08611,0.39094,-0.04103,-0.02654,0.12536,0.21731,0.32235,3.04608,2.82833,0.00000,0.13828,2.33161,2.98484,0.92308,0.89474,0.91667,0.72527,0.66387,0.52381,0.61176
392,0.1950,38633472,61341,0.01243,9.24e-05,0.3131,201.4278,0.00000,0.08200,0.00000,10.00000,948.98655,0.00000,0.78465,0.00000,0.16400,0.13980,1.26397,3.54182,0.50515,0.47059,0.00000,0.00000,0.65589,0.00000,0.00000,0.00000,0.00000,1230.22721,-0.02946,-0.12141,0.16985,-0.01195,0.35949,0.65555,-0.08758,0.38226,-0.03703,-0.02655,0.12363,0.21474,0.32148,3.24350,3.07714,0.00000,0.14063,2.32693,3.08969,0.83505,0.81159,0.70000,0.67010,0.64234,0.31818,0.60738
393,0.1955,38731776,61468,0.01203,1.33e-04,0.3132,174.5650,0.00000,0.08200,0.00000,10.00000,955.58413,0.00000,0.81790,0.00000,0.16400,0.13936,1.25241,3.22500,0.38889,0.26829,0.00000,0.00000,0.65285,0.00000,0.00000,0.00000,0.00000,1217.43205,-0.02954,-0.12022,0.16910,-0.01219,0.35735,0.65253,-0.08782,0.38096,-0.03852,-0.02650,0.12295,0.21367,0.32137,2.82926,2.41666,0.00000,0.14043,2.32269,2.69549,0.85185,0.80519,0.85714,0.62037,0.52830,0.46154,0.60685
394,0.1959,38830080,61320,0.01307,1.58e-04,0.3134,229.9921,0.00000,0.08200,0.00000,10.00000,1011.39364,0.00000,0.80897,0.00000,0.16400,0.14042,1.20875,3.58765,0.47368,0.36145,0.00000,0.00000,0.64840,0.00000,0.00000,0.00000,0.00000,1231.37817,-0.02975,-0.12158,0.16618,-0.01192,0.35623,0.64808,-0.08790,0.37636,-0.04189,-0.02643,0.12081,0.21025,0.32012,3.07135,1.74000,0.00000,0.13896,2.30202,2.84337,0.89474,0.86747,0.75000,0.68421,0.61446,0.27273,0.60058
395,0.1964,38928384,61763,0.01522,1.20e-04,0.3135,226.0325,0.00000,0.08200,0.00000,10.00000,918.24346,0.00000,0.80128,0.00000,0.16400,0.14278,1.17197,3.88516,0.42308,0.36364,0.00000,0.00000,0.64915,0.00000,0.00000,0.00000,0.00000,1235.67855,-0.03009,-0.12183,0.16196,-0.01094,0.35485,0.64881,-0.08797,0.36529,-0.03819,-0.02654,0.11768,0.20480,0.31971,3.26079,2.29600,0.00000,0.13879,2.27648,2.98428,0.85577,0.80822,0.88889,0.63942,0.58000,0.40000,0.59855
396,0.1968,39026688,61913,0.01462,1.10e-04,0.3137,201.0155,0.00000,0.08200,0.00000,10.00000,909.86264,0.00000,0.81807,0.00000,0.16400,0.14579,1.16490,4.12000,0.34066,0.27027,0.00000,0.00000,0.64390,0.00000,0.00000,0.00000,0.00000,1234.06364,-0.02992,-0.12168,0.16321,-0.01206,0.35246,0.64359,-0.08804,0.36418,-0.03824,-0.02647,0.11814,0.20677,0.31910,3.21792,2.84400,0.00000,0.14087,2.29482,2.90140,0.87912,0.83333,0.83333,0.60989,0.52239,0.41667,0.59548
397,0.1973,39124992,60843,0.01541,8.35e-05,0.3138,231.0491,0.00000,0.08200,0.00000,10.00000,918.73462,0.00000,0.82742,0.00000,0.16400,0.14576,1.17420,3.98818,0.39362,0.28169,0.00000,0.00000,0.64092,0.00000,0.00000,0.00000,0.00000,1242.16357,-0.02988,-0.12240,0.16353,-0.01212,0.35119,0.64059,-0.08802,0.36539,-0.03579,-0.02646,0.11762,0.20693,0.31837,3.40517,3.61000,0.00000,0.14028,2.28590,3.20159,0.87234,0.84058,0.75000,0.63298,0.55714,0.30000,0.59183
398,0.1977,39223296,60875,0.01227,1.10e-04,0.3140,186.1904,0.00000,0.08200,0.00000,10.00000,843.36564,0.00000,0.80586,0.00000,0.16400,0.14299,1.18811,4.06000,0.36264,0.32857,0.00000,0.00000,0.63849,0.00000,0.00000,0.00000,0.00000,1248.16943,-0.02978,-0.12316,0.16449,-0.01179,0.34969,0.63818,-0.08854,0.37202,-0.03540,-0.02636,0.11856,0.20812,0.31832,3.44917,3.18000,0.00000,0.13812,2.31025,3.22258,0.85714,0.80645,0.90909,0.60989,0.55303,0.45455,0.59162
399,0.1982,39321600,61927,0.01441,9.66e-05,0.3141,187.1386,0.00000,0.08200,0.00000,10.00000,927.70671,0.00000,0.74653,0.00000,0.16400,0.14245,1.19275,3.81100,0.37500,0.26471,0.00000,0.00000,0.64609,0.00000,0.00000,0.00000,0.00000,1247.06445,-0.02987,-0.12297,0.16335,-0.01167,0.35237,0.64582,-0.08961,0.36993,-0.03537,-0.02662,0.11883,0.20704,0.31932,3.61859,2.33000,0.00000,0.13852,2.30613,3.55938,0.92708,0.91803,0.81818,0.65104,0.57364,0.42857,0.59659
400,0.1987,39419904,61180,0.01387,8.67e-05,0.3142,203.8977,0.00000,0.08200,0.00000,10.00000,834.47472,0.00000,0.83021,0.00000,0.16400,0.14516,1.19501,5.04941,0.33708,0.23881,0.00000,0.00000,0.64582,0.00000,0.00000,0.00000,0.00000,1234.82886,-0.02966,-0.12185,0.16625,-0.01208,0.35328,0.64555,-0.08879,0.37230,-0.03670,-0.02637,0.12065,0.21054,0.31945,3.47386,3.96000,0.00000,0.13999,2.32976,3.01207,0.83146,0.78788,0.80000,0.58427,0.51128,0.30769,0.59726
401,0.1991,39518208,61334,0.01193,8.35e-05,0.3143,224.7025,0.00000,0.08200,0.00000,10.00000,922.54877,0.00000,0.76843,0.00000,0.16400,0.14443,1.19709,4.38824,0.31776,0.20000,0.00000,0.00000,0.64679,0.00000,0.00000,0.00000,0.00000,1237.49642,-0.02977,-0.12206,0.16408,-0.01114,0.35351,0.64649,-0.08832,0.37374,-0.03665,-0.02652,0.11973,0.20772,0.31974,3.35566,3.75111,0.00000,0.13578,2.31112,3.08970,0.89720,0.83824,1.00000,0.60748,0.49324,0.50000,0.59870
402,0.1996,39616512,61275,0.01339,9.32e-05,0.3144,210.6869,0.00000,0.08200,0.00000,10.00000,801.37532,0.00000,0.80808,0.00000,0.16400,0.14259,1.20064,3.15285,0.25253,0.15278,0.00000,0.00000,0.64838,0.00000,0.00000,0.00000,0.00000,1259.80363,-0.02989,-0.12408,0.16311,-0.01158,0.35455,0.64808,-0.08872,0.36770,-0.03927,-0.02676,0.11886,0.20669,0.32032,3.31899,3.27555,0.00000,0.13951,2.27069,3.35477,0.81818,0.76389,0.88889,0.53535,0.45833,0.36364,0.60162
403,0.2000,39714816,61074,0.00982,1.45e-04,0.3145,226.6940,0.00000,0.08200,0.00000,10.00000,878.10387,0.00000,0.74396,0.00000,0.16400,0.13984,1.20354,5.33158,0.33043,0.21687,0.00000,0.00000,0.65115,0.00000,0.00000,0.00000,0.00000,1268.51579,-0.02999,-0.12498,0.16396,-0.01162,0.35619,0.65086,-0.08810,0.36766,-0.04025,-0.02686,0.11883,0.20764,0.32069,3.50460,3.70444,0.00000,0.14200,2.27776,2.99412,0.84348,0.80282,0.69231,0.58696,0.48701,0.36000,0.60346
404,0.2005,39813120,61483,0.01395,1.45e-04,0.3146,198.3861,0.00000,0.08200,0.00000,10.00000,916.08123,0.00000,0.83035,0.00000,0.16400,0.14269,1.19705,4.04842,0.36559,0.21127,0.00000,0.00000,0.65596,0.00000,0.00000,0.00000,0.00000,1265.57560,-0.02990,-0.12477,0.16383,-0.01211,0.35687,0.65563,-0.08844,0.36680,-0.03804,-0.02686,0.11826,0.20771,0.32085,3.13169,2.27000,0.00000,0.14129,2.29723,2.83138,0.82796,0.77941,0.66667,0.59677,0.48921,0.33333,0.60425
405,0.2009,39911424,61658,0.01428,1.49e-04,0.3148,216.2970,0.00000,0.08200,0.00000,10.00000,864.90724,0.00000,0.80872,0.00000,0.16400,0.14523,1.19461,4.85143,0.35443,0.19231,0.00000,0.00000,0.64931,0.00000,0.00000,0.00000,0.00000,1248.93921,-0.02962,-0.12317,0.16634,-0.01224,0.35604,0.64903,-0.08850,0.37053,-0.03675,-0.02668,0.12006,0.21065,0.31988,3.42441,2.77500,0.00000,0.14107,2.33258,3.05444,0.81013,0.79365,0.66667,0.58228,0.52174,0.26667,0.59940
406,0.2014,40009728,61368,0.01463,1.24e-04,0.3149,184.0793,0.00000,0.08200,0.00000,10.00000,912.89034,0.00000,0.80321,0.00000,0.16400,0.14425,1.22277,3.49222,0.32530,0.19048,0.00000,0.00000,0.64904,0.00000,0.00000,0.00000,0.00000,1252.62288,-0.02947,-0.12353,0.16980,-0.01234,0.35650,0.64871,-0.08852,0.38083,-0.03589,-0.02633,0.12281,0.21507,0.32002,3.04686,2.81000,0.00000,0.13988,2.36960,2.89269,0.86747,0.84211,0.50000,0.59639,0.50000,0.22222,0.60009
407,0.2018,40108032,61250,0.01391,1.39e-04,0.3151,201.6093,0.00000,0.08400,0.00000,10.00000,834.72867,0.00000,0.83868,0.00000,0.16800,0.14325,1.24684,3.58869,0.28846,0.19753,0.00000,0.00000,0.65591,0.00000,0.00000,0.00000,0.00000,1257.03768,-0.02948,-0.12402,0.17042,-0.01182,0.35871,0.65557,-0.08918,0.38643,-0.03763,-0.02668,0.12363,0.21558,0.32093,3.47957,2.40333,0.00000,0.13714,2.37438,3.44371,0.88462,0.85526,0.83333,0.58654,0.51592,0.33333,0.60466
408,0.2023,40206336,61724,0.01757,7.61e-05,0.3152,198.8673,0.00000,0.08600,0.00000,10.00000,875.96187,0.00000,0.83333,0.00000,0.17200,0.14196,1.26461,4.91478,0.35870,0.26389,0.00000,0.00000,0.66131,0.00000,0.00000,0.00000,0.00000,1242.91618,-0.02933,-0.12253,0.17106,-0.01281,0.36272,0.66096,-0.08888,0.38671,-0.03600,-0.02669,0.12394,0.21634,0.32224,3.72071,3.82000,0.00000,0.13858,2.36878,3.27049,0.86957,0.84848,0.71429,0.61413,0.54348,0.38462,0.61118
409,0.2027,40304640,61813,0.01241,8.19e-05,0.3153,213.4093,0.00000,0.08800,0.00000,10.00000,771.06597,0.00000,0.86934,0.00000,0.17600,0.14243,1.28052,4.74470,0.21296,0.15116,0.00000,0.00000,0.66508,0.00000,0.00000,0.00000,0.00000,1233.66382,-0.02912,-0.12168,0.17264,-0.01288,0.36520,0.66472,-0.08776,0.38782,-0.03647,-0.02702,0.12463,0.21831,0.32340,3.40404,3.19555,0.00000,0.14010,2.36792,3.12610,0.88889,0.86747,0.90000,0.55093,0.50296,0.40909,0.61700
410,0.2032,40402944,61325,0.01077,1.18e-04,0.3154,198.8940,0.00000,0.09000,0.00000,10.00000,965.79984,0.00000,0.75000,0.00000,0.18000,0.14082,1.27730,3.16727,0.38000,0.22857,0.00000,0.00000,0.66579,0.00000,0.00000,0.00000,0.00000,1243.25179,-0.02921,-0.12256,0.17152,-0.01196,0.36464,0.66545,-0.08651,0.38936,-0.04015,-0.02685,0.12428,0.21680,0.32386,3.03238,2.92444,0.00000,0.13796,2.35569,2.98451,0.86000,0.83077,0.66667,0.62000,0.51852,0.35294,0.61932
411,0.2036,40501248,61040,0.01713,6.96e-05,0.3155,196.0790,0.00000,0.09200,0.00000,10.00000,915.75569,0.00000,0.83064,0.00000,0.18400,0.14368,1.26524,4.24000,0.37864,0.28571,0.00000,0.00000,0.66362,0.00000,0.00000,0.00000,0.00000,1225.72819,-0.02945,-0.12091,0.17013,-0.01208,0.36285,0.66328,-0.08723,0.38275,-0.03889,-0.02698,0.12344,0.21532,0.32348,3.37261,2.79333,0.00000,0.13931,2.34158,3.01231,0.89320,0.84286,1.00000,0.63592,0.53896,0.60000,0.61742
412,0.2041,40599552,61421,0.01662,6.17e-05,0.3156,189.7228,0.00000,0.09400,0.00000,10.00000,849.04801,0.00000,0.81019,0.00000,0.18800,0.14728,1.29183,3.45517,0.36458,0.31081,0.00000,0.00000,0.66162,0.00000,0.00000,0.00000,0.00000,1220.35246,-0.02906,-0.12046,0.17319,-0.01283,0.36421,0.66125,-0.08638,0.38515,-0.03588,-0.02697,0.12521,0.21966,0.32346,3.25977,2.64286,0.00000,0.14112,2.35436,3.16035,0.81250,0.75758,0.75000,0.58854,0.52143,0.33333,0.61731
413,0.2045,40697856,61729,0.01303,7.97e-05,0.3157,216.3699,0.00000,0.09600,0.00000,10.00000,856.55431,0.00000,0.76052,0.00000,0.19200,0.14759,1.31386,3.85789,0.32039,0.18841,0.00000,0.00000,0.66546,0.00000,0.00000,0.00000,0.00000,1228.81673,-0.02904,-0.12132,0.17537,-0.01257,0.36708,0.66507,-0.08607,0.39068,-0.03811,-0.02693,0.12652,0.22217,0.32483,3.30913,2.73636,0.00000,0.14042,2.36704,3.14097,0.78641,0.70833,0.90000,0.55340,0.45390,0.37500,0.62413
414,0.2050,40796160,61213,0.01064,8.52e-05,0.3158,210.7799,0.00000,0.09800,0.00000,10.00000,917.38305,0.00000,0.81066,0.00000,0.19600,0.14854,1.35616,4.98222,0.35714,0.23288,0.00000,0.00000,0.67243,0.00000,0.00000,0.00000,0.00000,1220.63623,-0.02904,-0.12044,0.17628,-0.01244,0.37099,0.67206,-0.08591,0.39462,-0.03629,-0.02696,0.12834,0.22347,0.32578,3.37512,2.99200,0.00000,0.13879,2.36411,2.92312,0.86735,0.81429,1.00000,0.61224,0.51748,0.41667,0.62889
415,0.2054,40894464,61423,0.01316,8.19e-05,0.3159,228.3656,0.00000,0.10000,0.00000,10.00000,911.42394,0.00000,0.80808,0.00000,0.20000,0.15039,1.37113,4.47272,0.40496,0.30000,0.00000,0.00000,0.67857,0.00000,0.00000,0.00000,0.00000,1235.13094,-0.02906,-0.12188,0.17687,-0.01290,0.37361,0.67819,-0.08541,0.39225,-0.03697,-0.02740,0.12768,0.22448,0.32708,3.52052,2.50000,0.00000,0.14070,2.34715,3.13259,0.85950,0.82558,0.77778,0.63223,0.55682,0.38889,0.63540
416,0.2059,40992768,61594,0.01145,1.18e-04,0.3160,195.9290,0.00000,0.10200,0.00000,10.00000,876.15058,0.00000,0.79521,0.00000,0.20400,0.14988,1.40287,4.98592,0.38235,0.31081,0.00000,0.00000,0.68217,0.00000,0.00000,0.00000,0.00000,1232.72607,-0.02911,-0.12141,0.17619,-0.01314,0.37508,0.68185,-0.08519,0.39162,-0.03892,-0.02737,0.12670,0.22319,0.32813,3.69072,2.82222,0.00000,0.13982,2.29764,3.19114,0.87255,0.84722,0.81818,0.62745,0.57534,0.39130,0.64067
417,0.2063,41091072,60567,0.01484,9.24e-05,0.3162,201.8023,0.00000,0.10400,0.00000,10.00000,1018.99918,0.00000,0.84211,0.00000,0.20800,0.15507,1.43467,5.05278,0.61053,0.50704,0.00000,0.00000,0.67830,0.00000,0.00000,0.00000,0.00000,1232.84383,-0.02883,-0.12153,0.17934,-0.01336,0.37265,0.67797,-0.08495,0.39700,-0.03654,-0.02733,0.12888,0.22703,0.32716,3.70168,1.76500,0.00000,0.13785,2.31691,3.01662,0.93684,0.91781,1.00000,0.77368,0.71528,0.66667,0.63578
418,0.2068,41189376,61219,0.01381,9.32e-05,0.3163,221.9206,0.00000,0.10400,0.00000,10.00000,907.46795,0.00000,0.78283,0.00000,0.20800,0.15285,1.46379,5.12250,0.47727,0.36066,0.00000,0.00000,0.67869,0.00000,0.00000,0.00000,0.00000,1208.77376,-0.02866,-0.11926,0.18147,-0.01398,0.37237,0.67833,-0.08443,0.40148,-0.03611,-0.02723,0.13071,0.22981,0.32659,3.97654,2.81000,0.00000,0.13933,2.31752,3.49403,0.85227,0.80952,0.83333,0.66477,0.58871,0.38462,0.63296
419,0.2072,41287680,60973,0.01224,1.10e-04,0.3164,213.1541,0.00000,0.10400,0.00000,10.00000,907.64609,0.00000,0.78395,0.00000,0.20800,0.15346,1.53536,4.90666,0.45556,0.42647,0.00000,0.00000,0.68043,0.00000,0.00000,0.00000,0.00000,1219.21834,-0.02828,-0.12038,0.18688,-0.01373,0.37381,0.68006,-0.08436,0.41403,-0.03381,-0.02708,0.13508,0.23687,0.32670,3.65012,2.24857,0.00000,0.13885,2.34759,2.96473,0.85556,0.81356,0.77778,0.65556,0.60630,0.36842,0.63349
420,0.2077,41385984,61413,0.01455,1.10e-04,0.3165,218.7273,0.00000,0.10400,0.00000,10.00000,946.58219,0.00000,0.78704,0.00000,0.20800,0.15252,1.58714,5.64650,0.58333,0.56522,0.00000,0.00000,0.68870,0.00000,0.00000,0.00000,0.00000,1227.00529,-0.02819,-0.12094,0.18727,-0.01375,0.37897,0.68834,-0.08448,0.41774,-0.03214,-0.02727,0.13569,0.23805,0.32878,3.96089,2.85333,0.00000,0.13823,2.33498,3.02444,0.90625,0.89552,0.84615,0.74479,0.72794,0.47826,0.64390
421,0.2081,41484288,61382,0.01453,1.00e-04,0.3167,210.6185,0.00000,0.10400,0.00000,10.00000,955.71086,0.00000,0.82474,0.00000,0.20800,0.15588,1.62856,4.98114,0.55670,0.47143,0.00000,0.00000,0.69521,0.00000,0.00000,0.00000,0.00000,1233.50936,-0.02791,-0.12167,0.18984,-0.01449,0.38257,0.69486,-0.08432,0.41845,-0.03098,-0.02754,0.13717,0.24125,0.32998,3.63697,3.05500,0.00000,0.13914,2.33193,2.90187,0.82474,0.78378,0.80000,0.69072,0.63194,0.36364,0.64992
422,0.2086,41582592,61390,0.01319,1.25e-04,0.3168,220.4487,0.00000,0.10400,0.00000,10.00000,871.32129,0.00000,0.75321,0.00000,0.20800,0.15355,1.64935,5.41842,0.50000,0.50704,0.00000,0.00000,0.70063,0.00000,0.00000,0.00000,0.00000,1240.10400,-0.02762,-0.12219,0.19194,-0.01435,0.38622,0.70025,-0.08282,0.42548,-0.03545,-0.02781,0.13872,0.24327,0.33150,3.98095,3.17538,0.00000,0.13817,2.33649,3.16567,0.82692,0.78571,0.78571,0.66346,0.64539,0.35484,0.65749
423,0.2090,41680896,61395,0.01536,9.13e-05,0.3170,205.0428,0.00000,0.10400,0.00000,10.00000,892.21638,0.00000,0.84736,0.00000,0.20800,0.15128,1.66973,4.80514,0.46465,0.42308,0.00000,0.00000,0.70565,0.00000,0.00000,0.00000,0.00000,1210.30444,-0.02760,-0.11944,0.19404,-0.01471,0.38965,0.70527,-0.08241,0.43100,-0.03461,-0.02764,0.14010,0.24621,0.33259,3.65596,4.17333,0.00000,0.13936,2.35482,3.07304,0.85859,0.80822,1.00000,0.66162,0.60927,0.42857,0.66294
424,0.2095,41779200,62427,0.01345,1.10e-04,0.3171,211.7140,0.00000,0.10400,0.00000,10.00000,981.03526,0.00000,0.80138,0.00000,0.20800,0.15073,1.71091,5.10285,0.55752,0.55172,0.00000,0.00000,0.70515,0.00000,0.00000,0.00000,0.00000,1187.93188,-0.02760,-0.11708,0.19568,-0.01495,0.39038,0.70474,-0.08191,0.43559,-0.03016,-0.02747,0.14108,0.24840,0.33285,3.64504,2.72000,0.00000,0.13913,2.34107,2.67973,0.87611,0.82895,0.88889,0.71681,0.68098,0.40000,0.66423
425,0.2099,41877504,61855,0.01707,1.07e-04,0.3172,206.0647,0.00000,0.10400,0.00000,10.00000,981.57694,0.00000,0.83333,0.00000,0.20800,0.15084,1.74358,5.10300,0.59783,0.53521,0.00000,0.00000,0.70498,0.00000,0.00000,0.00000,0.00000,1185.85278,-0.02741,-0.11694,0.19783,-0.01491,0.39139,0.70455,-0.08159,0.44031,-0.03005,-0.02725,0.14276,0.25105,0.33328,3.87816,2.49500,0.00000,0.13888,2.34302,3.03345,0.85870,0.80597,1.00000,0.72826,0.66667,0.50000,0.66639
426,0.2103,41975808,61615,0.01277,1.04e-04,0.3174,222.6045,0.00000,0.10400,0.00000,10.00000,968.07422,0.00000,0.80556,0.00000,0.20800,0.15168,1.76415,4.63567,0.58750,0.57895,0.00000,0.00000,0.70577,0.00000,0.00000,0.00000,0.00000,1190.06714,-0.02724,-0.11730,0.19934,-0.01522,0.39163,0.70538,-0.08145,0.44448,-0.03246,-0.02723,0.14428,0.25299,0.33354,3.67616,2.99091,0.00000,0.13778,2.35530,3.10355,0.88750,0.84746,1.00000,0.73750,0.71552,0.52632,0.66771
427,0.2108,42074112,61594,0.01553,9.32e-05,0.3175,175.7444,0.00000,0.10400,0.00000,10.00000,1069.57679,0.00000,0.81301,0.00000,0.20800,0.15015,1.78124,4.80461,0.69512,0.62712,0.00000,0.00000,0.70444,0.00000,0.00000,0.00000,0.00000,1191.01725,-0.02689,-0.11751,0.20228,-0.01496,0.39124,0.70410,-0.08123,0.45015,-0.03121,-0.02718,0.14618,0.25620,0.33328,3.68304,0.50000,0.00000,0.13866,2.37886,2.85773,0.89024,0.86885,0.00000,0.79268,0.75000,0.00000,0.66641
428,0.2112,42172416,61883,0.01653,7.60e-05,0.3176,200.7865,0.00000,0.10400,0.00000,10.00000,1002.39969,0.00000,0.78616,0.00000,0.20800,0.14615,1.80002,4.24093,0.61321,0.59155,0.00000,0.00000,0.70809,0.00000,0.00000,0.00000,0.00000,1182.62305,-0.02692,-0.11678,0.20281,-0.01466,0.39348,0.70768,-0.08046,0.45617,-0.02771,-0.02733,0.14709,0.25657,0.33385,3.35729,2.72750,0.00000,0.13797,2.38898,2.85066,0.83962,0.82278,0.72727,0.72642,0.71333,0.34783,0.66923
429,0.2117,42270720,62155,0.01344,8.59e-05,0.3177,184.1483,0.00000,0.10400,0.00000,10.00000,995.76799,0.00000,0.78704,0.00000,0.20800,0.14712,1.79179,4.34720,0.64583,0.64000,0.00000,0.00000,0.71403,0.00000,0.00000,0.00000,0.00000,1171.32243,-0.02696,-0.11566,0.20248,-0.01401,0.39554,0.71360,-0.08119,0.45696,-0.03166,-0.02723,0.14740,0.25641,0.33447,3.68457,2.58571,0.00000,0.13656,2.40136,3.08218,0.82292,0.75410,0.66667,0.73438,0.69118,0.30769,0.67233
430,0.2121,42369024,61787,0.01344,1.00e-04,0.3179,188.0141,0.00000,0.10400,0.00000,10.00000,948.45610,0.00000,0.81481,0.00000,0.20800,0.14799,1.79395,3.82583,0.56190,0.54878,0.00000,0.00000,0.71350,0.00000,0.00000,0.00000,0.00000,1146.14673,-0.02682,-0.11312,0.20231,-0.01469,0.39645,0.71309,-0.07994,0.45693,-0.02929,-0.02720,0.14710,0.25630,0.33421,3.52414,3.01636,0.00000,0.13596,2.39543,3.31117,0.84762,0.77778,1.00000,0.70476,0.65584,0.52632,0.67106
431,0.2126,42467328,61795,0.02721,6.17e-05,0.3181,224.3543,0.00000,0.10400,0.00000,10.00000,1063.89992,0.00000,0.77778,0.00000,0.20800,0.15027,1.79190,4.02840,0.65000,0.64865,0.00000,0.00000,0.71083,0.00000,0.00000,0.00000,0.00000,1175.01717,-0.02688,-0.11590,0.20266,-0.01504,0.39593,0.71043,-0.07853,0.45608,-0.03322,-0.02748,0.14655,0.25679,0.33412,3.48534,3.02800,0.00000,0.13557,2.37265,3.07394,0.92000,0.90909,0.71429,0.78500,0.77143,0.31250,0.67061
432,0.2130,42565632,62136,0.01222,5.83e-05,0.3182,201.6666,0.00000,0.10400,0.00000,10.00000,1016.64901,0.00000,0.82176,0.00000,0.20800,0.14766,1.80510,3.93659,0.62500,0.60811,0.00000,0.00000,0.71268,0.00000,0.00000,0.00000,0.00000,1153.91732,-0.02707,-0.11389,0.20109,-0.01448,0.39510,0.71228,-0.07959,0.45530,-0.03075,-0.02724,0.14605,0.25487,0.33503,3.48937,2.32800,0.00000,0.13532,2.35973,3.16094,0.89583,0.86765,0.83333,0.76042,0.73239,0.38462,0.67516
433,0.2135,42663936,61696,0.01397,6.47e-05,0.3183,175.4317,0.00000,0.10400,0.00000,10.00000,1083.11406,0.00000,0.75661,0.00000,0.20800,0.14869,1.81496,3.68444,0.66667,0.69333,0.00000,0.00000,0.70829,0.00000,0.00000,0.00000,0.00000,1139.70451,-0.02725,-0.11235,0.20023,-0.01434,0.39234,0.70791,-0.08063,0.45220,-0.02940,-0.02734,0.14555,0.25397,0.33419,3.19669,2.59250,0.00000,0.13542,2.33457,2.80358,0.86667,0.83824,0.72727,0.76667,0.76224,0.34783,0.67093
434,0.2139,42762240,62025,0.01113,9.32e-05,0.3184,189.0529,0.00000,0.10400,0.00000,10.00000,1000.45867,0.00000,0.80048,0.00000,0.20800,0.15148,1.81830,3.70077,0.67742,0.71831,0.00000,0.00000,0.70475,0.00000,0.00000,0.00000,0.00000,1164.32324,-0.02716,-0.11485,0.20065,-0.01466,0.39205,0.70435,-0.08040,0.44931,-0.02885,-0.02716,0.14507,0.25467,0.33362,3.42472,2.95428,0.00000,0.13614,2.31622,3.17724,0.82796,0.79365,0.70000,0.75269,0.75373,0.35000,0.66808
435,0.2144,42860544,61546,0.01317,1.18e-04,0.3185,210.7426,0.00000,0.10400,0.00000,10.00000,1018.55552,0.00000,0.86037,0.00000,0.20800,0.14902,1.79473,3.49344,0.66372,0.65556,0.00000,0.00000,0.70474,0.00000,0.00000,0.00000,0.00000,1193.60596,-0.02759,-0.11760,0.19751,-0.01414,0.39160,0.70434,-0.08135,0.44698,-0.03140,-0.02750,0.14320,0.25063,0.33361,3.35608,3.34000,0.00000,0.13447,2.30021,3.24727,0.85841,0.83529,0.71429,0.76106,0.74286,0.35714,0.66804
436,0.2148,42958848,61827,0.01311,1.10e-04,0.3186,218.3515,0.00000,0.10400,0.00000,10.00000,956.19538,0.00000,0.86745,0.00000,0.20800,0.14887,1.79277,4.01082,0.62281,0.61111,0.00000,0.00000,0.70893,0.00000,0.00000,0.00000,0.00000,1203.13721,-0.02756,-0.11862,0.19720,-0.01491,0.39346,0.70854,-0.08150,0.44270,-0.03395,-0.02773,0.14259,0.25018,0.33392,3.52176,2.65428,0.00000,0.13696,2.28444,3.12400,0.80702,0.76136,0.87500,0.71491,0.68539,0.43750,0.66962
437,0.2153,43057152,61897,0.01359,1.18e-04,0.3187,221.3695,0.00000,0.10400,0.00000,10.00000,1048.59367,0.00000,0.79932,0.00000,0.20800,0.15027,1.78474,4.45522,0.64286,0.62500,0.00000,0.00000,0.71108,0.00000,0.00000,0.00000,0.00000,1194.03678,-0.02748,-0.11759,0.19731,-0.01520,0.39380,0.71067,-0.08182,0.44030,-0.03364,-0.02766,0.14241,0.25046,0.33427,3.56375,2.60000,0.00000,0.13794,2.28734,2.94242,0.89796,0.86957,0.85714,0.77041,0.74468,0.40000,0.67135
438,0.2157,43155456,61865,0.01456,1.18e-04,0.3188,188.9129,0.00000,0.10400,0.00000,10.00000,1099.81021,0.00000,0.85859,0.00000,0.20800,0.14958,1.78842,3.97862,0.72727,0.70513,0.00000,0.00000,0.70548,0.00000,0.00000,0.00000,0.00000,1176.14071,-0.02735,-0.11610,0.19911,-0.01476,0.39212,0.70504,-0.08176,0.44555,-0.03612,-0.02747,0.14399,0.25236,0.33365,3.49651,2.39000,0.00000,0.13730,2.31365,3.08529,0.90909,0.88000,1.00000,0.81818,0.79085,0.33333,0.66825
439,0.2161,43253760,61593,0.01554,1.12e-04,0.3190,193.6088,0.00000,0.10400,0.00000,10.00000,1025.47831,0.00000,0.74510,0.00000,0.20800,0.14389,1.79240,4.06722,0.60000,0.56897,0.00000,0.00000,0.70444,0.00000,0.00000,0.00000,0.00000,1158.82007,-0.02738,-0.11437,0.19840,-0.01468,0.39037,0.70406,-0.08165,0.44886,-0.03074,-0.02715,0.14375,0.25123,0.33345,3.28551,2.31200,0.00000,0.13775,2.31607,2.73372,0.82353,0.73214,1.00000,0.71176,0.64912,0.50000,0.66725
440,0.2166,43352064,62839,0.01308,1.12e-04,0.3191,194.1465,0.00000,0.10400,0.00000,10.00000,1021.25898,0.00000,0.80378,0.00000,0.20800,0.14635,1.81568,3.98958,0.63830,0.65714,0.00000,0.00000,0.70574,0.00000,0.00000,0.00000,0.00000,1183.44987,-0.02719,-0.11667,0.20067,-0.01421,0.39028,0.70537,-0.08183,0.45369,-0.03210,-0.02733,0.14540,0.25386,0.33337,3.42360,2.91714,0.00000,0.13610,2.33968,2.99238,0.87234,0.84848,0.75000,0.75532,0.75000,0.33333,0.66686
441,0.2170,43450368,61807,0.01599,9.31e-05,0.3193,188.8569,0.00000,0.10400,0.00000,10.00000,1012.20993,0.00000,0.77778,0.00000,0.20800,0.14445,1.81545,4.14102,0.60000,0.61667,0.00000,0.00000,0.70897,0.00000,0.00000,0.00000,0.00000,1195.43840,-0.02697,-0.11789,0.20130,-0.01544,0.39363,0.70853,-0.08150,0.45589,-0.03037,-0.02735,0.14553,0.25487,0.33391,3.27380,2.67273,0.00000,0.13735,2.34901,2.71934,0.87059,0.81356,1.00000,0.73529,0.71429,0.50000,0.66954
442,0.2175,43548672,62238,0.01391,7.61e-05,0.3194,203.1250,0.00000,0.10400,0.00000,10.00000,1127.32613,0.00000,0.81155,0.00000,0.20800,0.14666,1.82231,3.99037,0.68627,0.65823,0.00000,0.00000,0.71293,0.00000,0.00000,0.00000,0.00000,1179.35522,-0.02697,-0.11636,0.20305,-0.01472,0.39532,0.71252,-0.08220,0.45874,-0.03075,-0.02747,0.14728,0.25744,0.33442,3.25966,1.40667,0.00000,0.13707,2.37692,2.66182,0.93137,0.90000,1.00000,0.80882,0.77181,0.37500,0.67208
443,0.2179,43646976,62189,0.01165,1.10e-04,0.3195,217.6081,0.00000,0.10200,0.00000,10.00000,997.71631,0.00000,0.74405,0.00000,0.20400,0.14831,1.82319,4.43056,0.60714,0.63291,0.00000,0.00000,0.71494,0.00000,0.00000,0.00000,0.00000,1179.27051,-0.02714,-0.11628,0.20272,-0.01521,0.39686,0.71453,-0.08143,0.45561,-0.03121,-0.02760,0.14638,0.25713,0.33479,3.61313,3.32533,0.00000,0.13774,2.35767,3.05769,0.90179,0.88732,0.83333,0.75446,0.75333,0.45455,0.67396
444,0.2184,43745280,62176,0.01622,6.47e-05,0.3196,206.0140,0.00000,0.10000,0.00000,10.00000,1085.99908,0.00000,0.79450,0.00000,0.20000,0.14826,1.82803,3.60083,0.70968,0.71875,0.00000,0.00000,0.71447,0.00000,0.00000,0.00000,0.00000,1169.28988,-0.02700,-0.11540,0.20215,-0.01486,0.39782,0.71408,-0.08105,0.45478,-0.03028,-0.02738,0.14614,0.25675,0.33539,3.09522,2.14571,0.00000,0.13785,2.35366,2.72184,0.86022,0.82609,0.85714,0.78495,0.77444,0.37500,0.67696
445,0.2188,43843584,61957,0.00983,9.32e-05,0.3197,222.6200,0.00000,0.09800,0.00000,10.00000,1022.91141,0.00000,0.80357,0.00000,0.19600,0.15083,1.81560,4.19967,0.67857,0.67059,0.00000,0.00000,0.71511,0.00000,0.00000,0.00000,0.00000,1190.29549,-0.02705,-0.11740,0.20092,-0.01536,0.39865,0.71470,-0.08016,0.44905,-0.03092,-0.02787,0.14499,0.25585,0.33566,3.65109,3.20400,0.00000,0.13882,2.33076,3.16706,0.83929,0.83117,0.44444,0.75893,0.74691,0.23529,0.67832
446,0.2193,43941888,62168,0.01452,8.70e-05,0.3199,200.9910,0.00000,0.09600,0.00000,10.00000,1004.91312,0.00000,0.81807,0.00000,0.19200,0.15020,1.82615,4.30190,0.63736,0.59701,0.00000,0.00000,0.71166,0.00000,0.00000,0.00000,0.00000,1176.94051,-0.02705,-0.11609,0.20196,-0.01501,0.39566,0.71127,-0.08029,0.45157,-0.03296,-0.02755,0.14625,0.25649,0.33478,3.73242,3.75500,0.00000,0.13841,2.33397,3.34033,0.85714,0.83582,0.66667,0.74725,0.71642,0.33333,0.67390
447,0.2197,44040192,62056,0.01485,7.61e-05,0.3201,172.9790,0.00000,0.09400,0.00000,10.00000,1011.12393,0.00000,0.83333,0.00000,0.18800,0.14870,1.83861,4.12714,0.66250,0.67213,0.00000,0.00000,0.70977,0.00000,0.00000,0.00000,0.00000,1164.24406,-0.02668,-0.11497,0.20476,-0.01462,0.39487,0.70933,-0.08034,0.45840,-0.03045,-0.02735,0.14814,0.25956,0.33410,3.48367,1.37000,0.00000,0.13849,2.37040,3.00107,0.88750,0.91525,0.33333,0.77500,0.79167,0.15385,0.67049
448,0.2201,44138496,61813,0.01475,8.19e-05,0.3201,194.5949,0.00000,0.09200,0.00000,10.00000,1048.18232,0.00000,0.85271,0.00000,0.18400,0.14350,1.84636,3.79916,0.68605,0.64062,0.00000,0.00000,0.70768,0.00000,0.00000,0.00000,0.00000,1167.13851,-0.02666,-0.11527,0.20626,-0.01472,0.39279,0.70727,-0.08080,0.46956,-0.03267,-0.02726,0.14953,0.26092,0.33324,3.45773,1.84500,0.00000,0.13639,2.39885,3.17517,0.81395,0.77941,0.75000,0.75000,0.71212,0.37500,0.66619
449,0.2206,44236800,62177,0.01481,5.28e-05,0.3202,182.7015,0.00000,0.09000,0.00000,10.00000,1013.75744,0.00000,0.80128,0.00000,0.18000,0.14442,1.82537,3.88679,0.66346,0.65789,0.00000,0.00000,0.71183,0.00000,0.00000,0.00000,0.00000,1171.67546,-0.02689,-0.11552,0.20403,-0.01420,0.39496,0.71143,-0.08108,0.46605,-0.03079,-0.02741,0.14881,0.25811,0.33398,3.36859,2.65250,0.00000,0.13499,2.39603,2.96470,0.83654,0.79730,0.80000,0.75000,0.72667,0.42105,0.66988
450,0.2210,44335104,62475,0.01093,7.61e-05,0.3203,188.5666,0.00000,0.08800,0.00000,10.00000,1057.07414,0.00000,0.80556,0.00000,0.17600,0.14552,1.79185,4.10370,0.66000,0.66216,0.00000,0.00000,0.70782,0.00000,0.00000,0.00000,0.00000,1146.96354,-0.02694,-0.11329,0.20207,-0.01413,0.39393,0.70745,-0.08227,0.46121,-0.02973,-0.02740,0.14789,0.25584,0.33418,3.42754,3.76000,0.00000,0.13431,2.40215,2.89059,0.89000,0.84507,1.00000,0.77500,0.75172,0.40000,0.67088
451,0.2215,44433408,62251,0.00999,1.10e-04,0.3204,209.4759,0.00000,0.08600,0.00000,10.00000,1064.88661,0.00000,0.74603,0.00000,0.17200,0.14592,1.75591,3.89471,0.69524,0.72857,0.00000,0.00000,0.70555,0.00000,0.00000,0.00000,0.00000,1165.98722,-0.02710,-0.11511,0.19952,-0.01374,0.39248,0.70515,-0.08158,0.45438,-0.03168,-0.02741,0.14564,0.25285,0.33318,3.46292,2.71000,0.00000,0.13502,2.37559,3.13600,0.87619,0.85915,0.72727,0.78571,0.79433,0.33333,0.66592
452,0.2219,44531712,61951,0.01728,6.34e-05,0.3205,220.0239,0.00000,0.08400,0.00000,10.00000,1039.96148,0.00000,0.82508,0.00000,0.16800,0.14478,1.72597,3.86212,0.63366,0.60526,0.00000,0.00000,0.70192,0.00000,0.00000,0.00000,0.00000,1160.40942,-0.02731,-0.11450,0.19707,-0.01368,0.38978,0.70154,-0.08183,0.44959,-0.03011,-0.02740,0.14362,0.24955,0.33219,3.27453,2.51666,0.00000,0.13502,2.36831,2.88000,0.87129,0.85135,0.75000,0.75248,0.72667,0.40000,0.66093
453,0.2224,44630016,62076,0.01310,5.80e-05,0.3206,210.8371,0.00000,0.08200,0.00000,10.00000,1041.44212,0.00000,0.82200,0.00000,0.16400,0.14391,1.66050,3.58042,0.63265,0.59155,0.00000,0.00000,0.69489,0.00000,0.00000,0.00000,0.00000,1188.67879,-0.02747,-0.11719,0.19477,-0.01409,0.38581,0.69453,-0.08186,0.44309,-0.03126,-0.02760,0.14160,0.24677,0.33107,3.13086,2.93143,0.00000,0.13680,2.37864,2.82464,0.84694,0.81081,0.87500,0.73980,0.70345,0.46667,0.65535
454,0.2228,44728320,61562,0.01328,5.28e-05,0.3207,196.8651,0.00000,0.08000,0.00000,10.00000,1047.83766,0.00000,0.77778,0.00000,0.16000,0.14308,1.61104,3.69636,0.60000,0.56338,0.00000,0.00000,0.69252,0.00000,0.00000,0.00000,0.00000,1177.85856,-0.02775,-0.11629,0.19236,-0.01358,0.38362,0.69217,-0.08279,0.43577,-0.03117,-0.02752,0.14007,0.24338,0.33080,3.34124,2.53600,0.00000,0.13802,2.38991,3.11478,0.89000,0.85507,0.90000,0.74500,0.70714,0.47368,0.65401
455,0.2233,44826624,61558,0.01040,7.61e-05,0.3208,193.1352,0.00000,0.07800,0.00000,10.00000,986.65872,0.00000,0.84795,0.00000,0.15600,0.14408,1.57063,3.83304,0.61053,0.60811,0.00000,0.00000,0.68943,0.00000,0.00000,0.00000,0.00000,1178.84310,-0.02784,-0.11632,0.19112,-0.01406,0.38081,0.68905,-0.08355,0.43276,-0.03415,-0.02748,0.13857,0.24173,0.32926,3.39945,2.85714,0.00000,0.13779,2.39992,3.08286,0.83158,0.77465,1.00000,0.72105,0.68966,0.46667,0.64630
456,0.2237,44924928,62167,0.01393,8.35e-05,0.3209,212.9369,0.00000,0.07600,0.00000,10.00000,1054.05345,0.00000,0.79958,0.00000,0.15200,0.14416,1.52908,3.35600,0.61682,0.56410,0.00000,0.00000,0.68639,0.00000,0.00000,0.00000,0.00000,1156.17912,-0.02819,-0.11418,0.18753,-0.01335,0.37923,0.68604,-0.08410,0.42757,-0.03136,-0.02728,0.13657,0.23736,0.32820,2.97428,2.41200,0.00000,0.13588,2.38638,2.69768,0.84112,0.78947,0.90000,0.72897,0.67532,0.52941,0.64100
457,0.2242,45023232,61565,0.01642,6.34e-05,0.3211,202.6846,0.00000,0.07400,0.00000,10.00000,1074.08518,0.00000,0.79749,0.00000,0.14800,0.14413,1.46932,3.56375,0.57258,0.48913,0.00000,0.00000,0.68322,0.00000,0.00000,0.00000,0.00000,1167.93921,-0.02845,-0.11532,0.18426,-0.01328,0.37690,0.68288,-0.08437,0.41688,-0.03179,-0.02750,0.13354,0.23327,0.32793,3.21469,2.62000,0.00000,0.13832,2.37026,3.00525,0.89516,0.87209,0.66667,0.73387,0.67416,0.33333,0.63966
458,0.2246,45121536,61921,0.01223,6.34e-05,0.3212,205.9375,0.00000,0.07200,0.00000,10.00000,952.45102,0.00000,0.89263,0.00000,0.14400,0.14214,1.44708,3.00085,0.57303,0.59459,0.00000,0.00000,0.67461,0.00000,0.00000,0.00000,0.00000,1173.99121,-0.02859,-0.11581,0.18119,-0.01304,0.37164,0.67425,-0.08439,0.41213,-0.03524,-0.02750,0.13127,0.22908,0.32640,2.99302,2.38400,0.00000,0.13773,2.33604,2.98678,0.82022,0.78261,0.83333,0.69663,0.68531,0.35714,0.63200
459,0.2251,45219840,62478,0.01110,7.25e-05,0.3213,197.7128,0.00000,0.07000,0.00000,10.00000,1055.14117,0.00000,0.84308,0.00000,0.14000,0.14033,1.40079,3.45568,0.64912,0.58824,0.00000,0.00000,0.66383,0.00000,0.00000,0.00000,0.00000,1177.73397,-0.02883,-0.11632,0.17878,-0.01288,0.36550,0.66351,-0.08484,0.40879,-0.03474,-0.02709,0.12981,0.22595,0.32373,3.23178,2.67500,0.00000,0.13691,2.34614,3.08538,0.85088,0.81818,0.80000,0.75000,0.70520,0.44444,0.61863
460,0.2255,45318144,61704,0.01186,7.61e-05,0.3214,216.4833,0.00000,0.07000,0.00000,10.00000,984.05976,0.00000,0.74324,0.00000,0.14000,0.14292,1.34800,4.11742,0.51351,0.52830,0.00000,0.00000,0.66000,0.00000,0.00000,0.00000,0.00000,1178.98869,-0.02925,-0.11637,0.17494,-0.01237,0.36161,0.65970,-0.08679,0.39885,-0.03529,-0.02690,0.12738,0.22112,0.32269,3.61298,3.00000,0.00000,0.13635,2.33694,3.27304,0.87838,0.84783,0.71429,0.69595,0.67677,0.27778,0.61345
461,0.2260,45416448,61416,0.00960,1.10e-04,0.3215,195.1327,0.00000,0.07000,0.00000,10.00000,1068.94224,0.00000,0.79900,0.00000,0.14000,0.14181,1.31353,3.33166,0.56180,0.50794,0.00000,0.00000,0.65512,0.00000,0.00000,0.00000,0.00000,1206.08602,-0.02923,-0.11914,0.17402,-0.01214,0.35939,0.65479,-0.08712,0.39741,-0.03821,-0.02711,0.12671,0.22010,0.32151,2.85663,2.38000,0.00000,0.13647,2.35012,2.56678,0.87640,0.83077,1.00000,0.71910,0.67188,0.38462,0.60754
462,0.2264,45514752,61659,0.01300,1.31e-04,0.3216,182.1789,0.00000,0.07000,0.00000,10.00000,860.58640,0.00000,0.79085,0.00000,0.14000,0.14121,1.29901,3.39280,0.37647,0.38095,0.00000,0.00000,0.65606,0.00000,0.00000,0.00000,0.00000,1206.76261,-0.02933,-0.11908,0.17271,-0.01239,0.36107,0.65573,-0.08726,0.39431,-0.03722,-0.02697,0.12568,0.21845,0.32234,3.26072,2.96500,0.00000,0.13690,2.35340,3.20379,0.83529,0.77586,0.91667,0.60588,0.57025,0.42308,0.61171
463,0.2269,45613056,60973,0.01665,8.05e-05,0.3217,199.4887,0.00000,0.07000,0.00000,10.00000,961.67764,0.00000,0.84631,0.00000,0.14000,0.14117,1.26009,3.87486,0.48598,0.38554,0.00000,0.00000,0.65810,0.00000,0.00000,0.00000,0.00000,1222.88184,-0.02941,-0.12064,0.17199,-0.01304,0.36139,0.65778,-0.08757,0.38939,-0.03813,-0.02737,0.12423,0.21769,0.32253,3.34648,3.37333,0.00000,0.13940,2.36915,3.09315,0.86916,0.83750,0.75000,0.67757,0.60736,0.37500,0.61266
464,0.2273,45711360,61637,0.01221,9.96e-05,0.3218,215.1713,0.00000,0.07000,0.00000,10.00000,931.05511,0.00000,0.71925,0.00000,0.14000,0.13984,1.24763,3.13857,0.38393,0.34211,0.00000,0.00000,0.66180,0.00000,0.00000,0.00000,0.00000,1200.14250,-0.02943,-0.11854,0.17126,-0.01291,0.36251,0.66147,-0.08799,0.38585,-0.03520,-0.02755,0.12355,0.21696,0.32293,3.05061,2.76857,0.00000,0.14159,2.36954,3.01543,0.85714,0.79710,0.87500,0.62054,0.55862,0.40000,0.61465
465,0.2277,45809664,62063,0.01137,1.43e-04,0.3219,217.2139,0.00000,0.07000,0.00000,10.00000,980.99567,0.00000,0.80308,0.00000,0.14000,0.14148,1.21992,3.47533,0.41584,0.33333,0.00000,0.00000,0.66017,0.00000,0.00000,0.00000,0.00000,1207.20557,-0.02961,-0.11913,0.17010,-0.01263,0.36025,0.65985,-0.08826,0.38318,-0.04055,-0.02735,0.12225,0.21525,0.32208,3.04505,2.74800,0.00000,0.14035,2.36607,2.84646,0.91089,0.88235,0.80000,0.66337,0.58904,0.33333,0.61040
466,0.2282,45907968,61810,0.01610,9.66e-05,0.3220,208.9789,0.00000,0.07000,0.00000,10.00000,930.39117,0.00000,0.84158,0.00000,0.14000,0.13821,1.20122,3.68571,0.34653,0.25316,0.00000,0.00000,0.65621,0.00000,0.00000,0.00000,0.00000,1199.00920,-0.02988,-0.11839,0.16755,-0.01234,0.35827,0.65590,-0.08863,0.37859,-0.03701,-0.02718,0.12070,0.21187,0.32162,3.14065,3.28400,0.00000,0.14085,2.34664,2.97943,0.91089,0.89189,0.83333,0.62871,0.56209,0.38462,0.60811
467,0.2286,46006272,61263,0.01532,8.05e-05,0.3222,227.9259,0.00000,0.07000,0.00000,10.00000,933.98741,0.00000,0.83333,0.00000,0.14000,0.14571,1.19307,3.69500,0.38889,0.32394,0.00000,0.00000,0.65203,0.00000,0.00000,0.00000,0.00000,1228.78158,-0.02977,-0.12127,0.16929,-0.01311,0.35572,0.65172,-0.08850,0.37867,-0.03966,-0.02723,0.12141,0.21392,0.32077,3.29258,2.00000,0.00000,0.14040,2.35934,3.10787,0.90000,0.89062,0.66667,0.64444,0.59259,0.30769,0.60383
468,0.2291,46104576,61649,0.01906,6.04e-05,0.3222,209.0313,0.00000,0.07000,0.00000,10.00000,966.72087,0.00000,0.75446,0.00000,0.14000,0.14571,1.21617,4.40000,0.38272,0.20370,0.00000,0.00000,0.65108,0.00000,0.00000,0.00000,0.00000,1211.14274,-0.02974,-0.11955,0.16984,-0.01265,0.35543,0.65078,-0.08872,0.38263,-0.03720,-0.02698,0.12254,0.21451,0.32098,3.24000,2.76000,0.00000,0.13831,2.37454,3.02000,0.91358,0.87500,1.00000,0.64815,0.54545,0.53333,0.60491
469,0.2295,46202880,61353,0.00999,7.70e-05,0.3223,193.4258,0.00000,0.07000,0.00000,10.00000,913.04732,0.00000,0.83014,0.00000,0.14000,0.14210,1.21808,3.59200,0.40230,0.31818,0.00000,0.00000,0.65409,0.00000,0.00000,0.00000,0.00000,1228.47819,-0.02958,-0.12123,0.16984,-0.01227,0.35779,0.65379,-0.08963,0.38600,-0.03842,-0.02718,0.12245,0.21468,0.32157,3.27317,1.93000,0.00000,0.13774,2.38971,3.14033,0.86207,0.85938,0.62500,0.63218,0.58462,0.33333,0.60785
470,0.2300,46301184,60945,0.01069,1.11e-04,0.3224,213.6481,0.00000,0.07000,0.00000,10.00000,952.24149,0.00000,0.80308,0.00000,0.14000,0.14402,1.20221,3.67217,0.33663,0.25610,0.00000,0.00000,0.65696,0.00000,0.00000,0.00000,0.00000,1227.12134,-0.02972,-0.12118,0.16825,-0.01239,0.35972,0.65664,-0.08939,0.38269,-0.03706,-0.02742,0.12167,0.21309,0.32189,2.97835,2.52000,0.00000,0.13693,2.38163,2.72097,0.91089,0.85938,1.00000,0.62376,0.52055,0.45455,0.60943
471,0.2304,46399488,61608,0.01239,1.60e-04,0.3225,190.4058,0.00000,0.07000,0.00000,10.00000,951.22696,0.00000,0.78231,0.00000,0.14000,0.14518,1.21501,3.52111,0.40816,0.23188,0.00000,0.00000,0.65919,0.00000,0.00000,0.00000,0.00000,1203.16667,-0.02957,-0.11889,0.17021,-0.01271,0.35965,0.65885,-0.08927,0.38379,-0.03778,-0.02741,0.12336,0.21548,0.32189,2.97125,3.47428,0.00000,0.13852,2.39800,2.81161,0.82653,0.79710,0.70000,0.61735,0.51449,0.46667,0.60946
472,0.2309,46497792,61518,0.01673,1.25e-04,0.3227,207.9713,0.00000,0.07000,0.00000,10.00000,881.00645,0.00000,0.81549,0.00000,0.14000,0.13968,1.19150,4.64500,0.34862,0.22222,0.00000,0.00000,0.65660,0.00000,0.00000,0.00000,0.00000,1214.47249,-0.02952,-0.11996,0.16830,-0.01188,0.35968,0.65631,-0.08860,0.38397,-0.03785,-0.02742,0.12199,0.21295,0.32213,3.25640,3.31333,0.00000,0.13793,2.38564,2.90925,0.87156,0.86076,0.75000,0.61009,0.53750,0.45000,0.61063
473,0.2313,46596096,61388,0.01384,9.13e-05,0.3228,204.5536,0.00000,0.07000,0.00000,10.00000,897.80613,0.00000,0.80367,0.00000,0.14000,0.14653,1.18672,4.29000,0.32039,0.21519,0.00000,0.00000,0.65463,0.00000,0.00000,0.00000,0.00000,1212.48454,-0.02956,-0.11967,0.16894,-0.01222,0.35840,0.65430,-0.08822,0.38049,-0.03869,-0.02758,0.12159,0.21367,0.32189,3.30809,3.32222,0.00000,0.13819,2.38363,3.00125,0.86408,0.80000,1.00000,0.59223,0.48993,0.50000,0.60945
474,0.2318,46694400,61446,0.01216,1.31e-04,0.3230,228.5795,0.00000,0.07000,0.00000,10.00000,855.14995,0.00000,0.81066,0.00000,0.14000,0.14703,1.19963,4.20909,0.29592,0.23377,0.00000,0.00000,0.65701,0.00000,0.00000,0.00000,0.00000,1191.42879,-0.02940,-0.11759,0.16968,-0.01262,0.36027,0.65665,-0.08774,0.38025,-0.04117,-0.02767,0.12158,0.21487,0.32277,3.31366,3.41333,0.00000,0.13969,2.37366,2.98533,0.85714,0.80303,0.85714,0.57653,0.49650,0.35294,0.61385
475,0.2322,46792704,61990,0.01436,1.49e-04,0.3232,201.0640,0.00000,0.07000,0.00000,10.00000,893.48801,0.00000,0.77441,0.00000,0.14000,0.14715,1.19888,5.14285,0.36364,0.26027,0.00000,0.00000,0.65511,0.00000,0.00000,0.00000,0.00000,1205.49162,-0.02941,-0.11895,0.17101,-0.01278,0.35928,0.65476,-0.08816,0.38488,-0.03703,-0.02747,0.12292,0.21680,0.32229,3.69350,3.41714,0.00000,0.13901,2.40474,3.17762,0.85859,0.80000,0.87500,0.61111,0.51449,0.41176,0.61143
476,0.2327,46891008,61305,0.01341,1.58e-04,0.3234,214.2888,0.00000,0.07000,0.00000,10.00000,933.73551,0.00000,0.82176,0.00000,0.14000,0.14639,1.19144,4.99555,0.45833,0.35211,0.00000,0.00000,0.65429,0.00000,0.00000,0.00000,0.00000,1215.49951,-0.02965,-0.11985,0.16951,-0.01205,0.35794,0.65399,-0.08847,0.38527,-0.03783,-0.02745,0.12232,0.21425,0.32169,3.56714,3.00000,0.00000,0.13595,2.39765,3.02394,0.90625,0.87324,1.00000,0.68229,0.61268,0.60000,0.60846
477,0.2331,46989312,62452,0.01485,1.31e-04,0.3235,215.7139,0.00000,0.07000,0.00000,10.00000,855.38259,0.00000,0.82285,0.00000,0.14000,0.14598,1.19493,4.48363,0.28302,0.21951,0.00000,0.00000,0.65432,0.00000,0.00000,0.00000,0.00000,1215.48779,-0.02957,-0.12000,0.16949,-0.01237,0.35839,0.65398,-0.08850,0.38156,-0.03688,-0.02761,0.12163,0.21415,0.32176,3.21146,2.41778,0.00000,0.13863,2.38100,2.83324,0.89623,0.86667,0.88889,0.58962,0.52866,0.38095,0.60879
478,0.2336,47087616,61843,0.01624,8.59e-05,0.3237,210.2399,0.00000,0.07000,0.00000,10.00000,931.00769,0.00000,0.81365,0.00000,0.14000,0.14245,1.18247,4.07579,0.34646,0.15385,0.00000,0.00000,0.65702,0.00000,0.00000,0.00000,0.00000,1226.01839,-0.02988,-0.12094,0.16736,-0.01229,0.36006,0.65668,-0.08798,0.37829,-0.03875,-0.02787,0.12004,0.21193,0.32270,3.07873,2.38400,0.00000,0.13977,2.35599,2.87055,0.88189,0.84211,1.00000,0.61417,0.50538,0.60000,0.61351
479,0.2340,47185920,62315,0.01287,9.13e-05,0.3238,193.3234,0.00000,0.07200,0.00000,10.00000,794.43196,0.00000,0.92377,0.00000,0.14400,0.13976,1.18105,4.16286,0.22093,0.13699,0.00000,0.00000,0.65096,0.00000,0.00000,0.00000,0.00000,1208.46053,-0.02981,-0.11920,0.16743,-0.01262,0.35743,0.65059,-0.08860,0.37869,-0.03829,-0.02756,0.11977,0.21156,0.32192,3.19901,1.61000,0.00000,0.13999,2.35275,2.99761,0.91860,0.91429,0.66667,0.56977,0.51748,0.28571,0.60959
480,0.2345,47284224,61991,0.01334,8.39e-05,0.3239,214.1099,0.00000,0.07400,0.00000,10.00000,907.24684,0.00000,0.86538,0.00000,0.14800,0.14525,1.19916,4.73545,0.38462,0.26250,0.00000,0.00000,0.65169,0.00000,0.00000,0.00000,0.00000,1214.91471,-0.02976,-0.11976,0.16830,-0.01273,0.35779,0.65135,-0.08821,0.37812,-0.03680,-0.02765,0.12034,0.21289,0.32236,3.15543,2.24000,0.00000,0.13973,2.34811,2.65886,0.84615,0.80488,1.00000,0.61538,0.53704,0.37500,0.61182
481,0.2349,47382528,62015,0.01342,8.35e-05,0.3241,199.6951,0.00000,0.07600,0.00000,10.00000,858.95473,0.00000,0.76923,0.00000,0.15200,0.14835,1.20514,4.71428,0.33333,0.22642,0.00000,0.00000,0.65149,0.00000,0.00000,0.00000,0.00000,1211.59204,-0.02969,-0.11961,0.17008,-0.01290,0.35781,0.65112,-0.08837,0.38175,-0.03921,-0.02729,0.12159,0.21502,0.32209,3.36956,2.62769,0.00000,0.13851,2.37557,3.02727,0.85897,0.80000,1.00000,0.59615,0.51852,0.50000,0.61044
482,0.2354,47480832,62187,0.01133,1.20e-04,0.3242,205.1827,0.00000,0.07800,0.00000,10.00000,864.50828,0.00000,0.84708,0.00000,0.15600,0.14549,1.21679,4.10666,0.34653,0.25974,0.00000,0.00000,0.65478,0.00000,0.00000,0.00000,0.00000,1212.12874,-0.02964,-0.11961,0.17058,-0.01285,0.35892,0.65446,-0.08927,0.38426,-0.03707,-0.02762,0.12237,0.21563,0.32209,3.18000,3.39000,0.00000,0.13871,2.39103,2.85768,0.84158,0.81818,0.75000,0.59406,0.53896,0.35294,0.61044
483,0.2358,47579136,61313,0.01648,9.24e-05,0.3243,212.3289,0.00000,0.08000,0.00000,10.00000,856.66490,0.00000,0.80026,0.00000,0.16000,0.14815,1.24002,3.68166,0.25000,0.12903,0.00000,0.00000,0.65802,0.00000,0.00000,0.00000,0.00000,1197.90674,-0.02958,-0.11833,0.17256,-0.01286,0.36145,0.65766,-0.08997,0.38604,-0.03687,-0.02729,0.12371,0.21836,0.32297,2.85605,3.10500,0.00000,0.13964,2.39737,2.68813,0.88095,0.84746,0.88889,0.56548,0.47934,0.44444,0.61487
484,0.2363,47677440,62000,0.01126,1.33e-04,0.3244,239.2934,0.00000,0.08200,0.00000,10.00000,918.01016,0.00000,0.83064,0.00000,0.16400,0.14714,1.26509,4.16608,0.36893,0.27273,0.00000,0.00000,0.66150,0.00000,0.00000,0.00000,0.00000,1212.17090,-0.02956,-0.11949,0.17420,-0.01286,0.36443,0.66118,-0.08823,0.39124,-0.03579,-0.02766,0.12493,0.22050,0.32364,3.05480,2.87666,0.00000,0.13903,2.40364,2.72286,0.90291,0.89610,0.75000,0.63592,0.58442,0.35294,0.61822
485,0.2367,47775744,62451,0.02997,5.04e-05,0.3245,207.8683,0.00000,0.08400,0.00000,10.00000,896.97016,0.00000,0.76720,0.00000,0.16800,0.14691,1.27375,4.25307,0.39048,0.33333,0.00000,0.00000,0.66810,0.00000,0.00000,0.00000,0.00000,1203.57194,-0.02948,-0.11865,0.17429,-0.01325,0.36887,0.66776,-0.08743,0.38953,-0.03643,-0.02787,0.12465,0.22043,0.32586,3.35426,2.58833,0.00000,0.14025,2.39134,3.04266,0.86667,0.83562,0.84615,0.62857,0.58621,0.37931,0.62929
486,0.2371,47874048,61802,0.01188,5.28e-05,0.3247,212.4363,0.00000,0.08600,0.00000,10.00000,842.62811,0.00000,0.83088,0.00000,0.17200,0.15201,1.29800,3.60000,0.30088,0.23077,0.00000,0.00000,0.67187,0.00000,0.00000,0.00000,0.00000,1198.65763,-0.02935,-0.11831,0.17680,-0.01378,0.37006,0.67150,-0.08688,0.39294,-0.03929,-0.02803,0.12634,0.22381,0.32564,3.28037,2.92444,0.00000,0.13989,2.39799,3.16304,0.89381,0.87179,0.80000,0.59735,0.52663,0.42105,0.62818
487,0.2376,47972352,61677,0.01367,5.59e-05,0.3248,236.5458,0.00000,0.08800,0.00000,10.00000,1015.03150,0.00000,0.76087,0.00000,0.17600,0.15350,1.33333,3.74285,0.44565,0.28125,0.00000,0.00000,0.67301,0.00000,0.00000,0.00000,0.00000,1201.14478,-0.02908,-0.11855,0.17812,-0.01402,0.37093,0.67254,-0.08665,0.39598,-0.03814,-0.02810,0.12709,0.22577,0.32624,3.24250,3.61000,0.00000,0.13957,2.38455,3.06440,0.90217,0.85484,1.00000,0.67391,0.56349,0.54545,0.63122
488,0.2380,48070656,61951,0.01532,4.20e-05,0.3249,229.7758,0.00000,0.09000,0.00000,10.00000,904.09366,0.00000,0.82702,0.00000,0.18000,0.15382,1.38994,4.75304,0.37500,0.28986,0.00000,0.00000,0.67381,0.00000,0.00000,0.00000,0.00000,1208.57699,-0.02884,-0.11926,0.18273,-0.01415,0.37131,0.67336,-0.08650,0.40692,-0.03875,-0.02793,0.13017,0.23157,0.32653,3.41638,2.90286,0.00000,0.13882,2.40829,2.90400,0.87500,0.82258,1.00000,0.62500,0.54198,0.53846,0.63265
489,0.2385,48168960,61429,0.00926,7.25e-05,0.3250,181.5288,0.00000,0.09200,0.00000,10.00000,866.64091,0.00000,0.87791,0.00000,0.18400,0.15253,1.44988,4.78952,0.34568,0.26154,0.00000,0.00000,0.67814,0.00000,0.00000,0.00000,0.00000,1198.65739,-0.02850,-0.11829,0.18601,-0.01386,0.37355,0.67776,-0.08638,0.41666,-0.03682,-0.02789,0.13327,0.23580,0.32709,3.34241,2.84000,0.00000,0.13784,2.42821,2.85226,0.91358,0.88889,1.00000,0.62963,0.57031,0.50000,0.63546
490,0.2389,48267264,61272,0.01234,8.39e-05,0.3251,182.9253,0.00000,0.09400,0.00000,10.00000,869.36461,0.00000,0.81329,0.00000,0.18800,0.15418,1.51238,5.51111,0.41237,0.33803,0.00000,0.00000,0.68373,0.00000,0.00000,0.00000,0.00000,1195.45964,-0.02798,-0.11794,0.19027,-0.01450,0.37901,0.68337,-0.08511,0.42490,-0.03461,-0.02784,0.13676,0.24137,0.32874,3.91340,3.27200,0.00000,0.13775,2.43566,3.26955,0.85567,0.84507,0.62500,0.63402,0.59155,0.27778,0.64371
491,0.2394,48365568,62031,0.01215,1.00e-04,0.3252,226.8995,0.00000,0.09600,0.00000,10.00000,936.48530,0.00000,0.82437,0.00000,0.19200,0.15291,1.59800,5.37529,0.36559,0.23611,0.00000,0.00000,0.69413,0.00000,0.00000,0.00000,0.00000,1181.72892,-0.02771,-0.11654,0.19416,-0.01458,0.38587,0.69364,-0.08403,0.43369,-0.03431,-0.02798,0.13838,0.24602,0.33072,3.46049,3.52400,0.00000,0.13798,2.40995,2.95187,0.91398,0.87879,1.00000,0.63978,0.54348,0.55556,0.65360
492,0.2398,48463872,61870,0.01466,9.13e-05,0.3254,208.9493,0.00000,0.09800,0.00000,10.00000,823.47381,0.00000,0.85185,0.00000,0.19600,0.15155,1.65451,5.10049,0.44762,0.44048,0.00000,0.00000,0.70005,0.00000,0.00000,0.00000,0.00000,1190.65511,-0.02738,-0.11746,0.19710,-0.01472,0.38953,0.69954,-0.08249,0.44365,-0.03674,-0.02824,0.14133,0.24993,0.33150,3.87000,3.15200,0.00000,0.13680,2.41526,3.15943,0.84762,0.84416,0.55556,0.64762,0.63354,0.25000,0.65752
493,0.2403,48562176,62280,0.01672,7.77e-05,0.3255,217.2937,0.00000,0.09800,0.00000,10.00000,1017.59953,0.00000,0.78889,0.00000,0.19600,0.15172,1.68714,4.74937,0.55000,0.46377,0.00000,0.00000,0.70797,0.00000,0.00000,0.00000,0.00000,1164.50846,-0.02731,-0.11485,0.19862,-0.01484,0.39374,0.70748,-0.08175,0.44560,-0.03350,-0.02831,0.14241,0.25135,0.33356,3.16725,1.97000,0.00000,0.13705,2.40919,2.44400,0.88000,0.84932,0.85714,0.71500,0.66197,0.40000,0.66780
494,0.2407,48660480,61681,0.01599,6.34e-05,0.3256,226.1585,0.00000,0.09800,0.00000,10.00000,974.86063,0.00000,0.80357,0.00000,0.19600,0.15512,1.73114,4.95400,0.54464,0.46914,0.00000,0.00000,0.70888,0.00000,0.00000,0.00000,0.00000,1157.19588,-0.02711,-0.11419,0.20217,-0.01555,0.39549,0.70835,-0.08116,0.44933,-0.03197,-0.02851,0.14456,0.25611,0.33461,3.69678,2.35000,0.00000,0.13765,2.41197,3.05205,0.88393,0.86420,0.77778,0.71429,0.66667,0.41176,0.67303
495,0.2412,48758784,61577,0.01049,9.66e-05,0.3257,192.4940,0.00000,0.09800,0.00000,10.00000,990.20440,0.00000,0.76087,0.00000,0.19600,0.15267,1.77294,4.44097,0.56522,0.55714,0.00000,0.00000,0.71016,0.00000,0.00000,0.00000,0.00000,1146.40169,-0.02681,-0.11313,0.20303,-0.01498,0.39698,0.70964,-0.08062,0.45843,-0.03075,-0.02811,0.14608,0.25703,0.33454,3.66282,2.69333,0.00000,0.13403,2.40397,3.03725,0.86957,0.80357,0.85714,0.71739,0.66667,0.37500,0.67269
496,0.2416,48857088,61019,0.01371,1.11e-04,0.3258,189.7538,0.00000,0.09800,0.00000,10.00000,956.66321,0.00000,0.79208,0.00000,0.19600,0.15142,1.83834,5.06195,0.52475,0.49296,0.00000,0.00000,0.71543,0.00000,0.00000,0.00000,0.00000,1172.88354,-0.02670,-0.11572,0.20679,-0.01540,0.39916,0.71483,-0.07942,0.46530,-0.03374,-0.02826,0.14828,0.26174,0.33557,3.60442,2.36800,0.00000,0.13576,2.39296,2.77444,0.91089,0.87671,1.00000,0.71782,0.68750,0.40000,0.67785
497,0.2421,48955392,62122,0.01303,1.12e-04,0.3260,191.5624,0.00000,0.09800,0.00000,10.00000,970.15491,0.00000,0.78563,0.00000,0.19600,0.14773,1.87769,4.52600,0.54545,0.50685,0.00000,0.00000,0.71771,0.00000,0.00000,0.00000,0.00000,1168.26481,-0.02651,-0.11529,0.20847,-0.01531,0.40163,0.71715,-0.07950,0.47288,-0.03367,-0.02824,0.15003,0.26419,0.33654,3.72831,2.53714,0.00000,0.13602,2.39389,3.20524,0.86869,0.80597,1.00000,0.70707,0.65000,0.43750,0.68272
498,0.2425,49053696,61162,0.01418,1.12e-04,0.3261,186.6360,0.00000,0.09800,0.00000,10.00000,956.12120,0.00000,0.83083,0.00000,0.19600,0.14880,1.88141,4.97968,0.67568,0.69767,0.00000,0.00000,0.72028,0.00000,0.00000,0.00000,0.00000,1156.42643,-0.02651,-0.11412,0.20811,-0.01515,0.40275,0.71976,-0.07912,0.47227,-0.02929,-0.02844,0.14990,0.26412,0.33649,3.82441,3.41500,0.00000,0.13523,2.39307,2.82740,0.82883,0.80000,0.70000,0.75225,0.74699,0.35000,0.68245
499,0.2430,49152000,60517,0.01471,1.34e-04,0.3263,208.6779,0.00000,0.09800,0.00000,10.00000,1108.42551,0.00000,0.75670,0.00000,0.19600,0.14801,1.86826,4.62491,0.72414,0.70886,0.00000,0.00000,0.72405,0.00000,0.00000,0.00000,0.00000,1179.43644,-0.02664,-0.11622,0.20784,-0.01602,0.40411,0.72342,-0.07816,0.46795,-0.02929,-0.02880,0.14850,0.26392,0.33699,3.63297,3.00400,0.00000,0.13841,2.38617,2.86892,0.90517,0.87342,0.83333,0.81466,0.79114,0.33333,0.68493
500,0.2434,49250304,61836,0.01874,5.80e-05,0.3264,216.7757,0.00000,0.09800,0.00000,10.00000,980.31522,0.00000,0.85518,0.00000,0.19600,0.14716,1.85556,4.87555,0.64045,0.62857,0.00000,0.00000,0.71860,0.00000,0.00000,0.00000,0.00000,1156.68026,-0.02654,-0.11404,0.20727,-0.01612,0.40170,0.71799,-0.07871,0.46715,-0.03112,-0.02849,0.14913,0.26319,0.33602,3.79945,5.00500,0.00000,0.13868,2.39393,3.04281,0.89888,0.88060,0.80000,0.76966,0.75182,0.36364,0.68010
501,0.2439,49348608,61804,0.01272,6.47e-05,0.3265,214.3565,0.00000,0.09800,0.00000,10.00000,1020.05593,0.00000,0.85259,0.00000,0.19600,0.14590,1.84547,4.47228,0.72277,0.71429,0.00000,0.00000,0.71449,0.00000,0.00000,0.00000,0.00000,1173.92188,-0.02665,-0.11588,0.20618,-0.01555,0.39971,0.71391,-0.07832,0.47043,-0.03360,-0.02862,0.14892,0.26174,0.33550,3.71554,3.85333,0.00000,0.13552,2.38507,3.12466,0.87129,0.83333,1.00000,0.79703,0.77419,0.50000,0.67748
502,0.2443,49446912,62035,0.01155,7.70e-05,0.3266,199.2759,0.00000,0.09800,0.00000,10.00000,928.75385,0.00000,0.76296,0.00000,0.19600,0.14638,1.87331,4.72600,0.50667,0.53846,0.00000,0.00000,0.71608,0.00000,0.00000,0.00000,0.00000,1202.91618,-0.02663,-0.11871,0.20716,-0.01511,0.39962,0.71552,-0.07858,0.47284,-0.03287,-0.02830,0.15000,0.26286,0.33579,3.66837,2.34200,0.00000,0.13475,2.39163,3.10178,0.90667,0.90196,0.81818,0.70667,0.71845,0.37500,0.67897
503,0.2448,49545216,62074,0.01188,1.20e-04,0.3266,209.2610,0.00000,0.09800,0.00000,10.00000,1037.49159,0.00000,0.77778,0.00000,0.19600,0.14803,1.90829,3.77228,0.63810,0.66667,0.00000,0.00000,0.72436,0.00000,0.00000,0.00000,0.00000,1217.30282,-0.02646,-0.11998,0.20902,-0.01601,0.40448,0.72385,-0.07886,0.47427,-0.03335,-0.02875,0.15057,0.26487,0.33724,3.23653,1.88909,0.00000,0.13492,2.39102,2.80028,0.88571,0.86957,0.72727,0.76190,0.76190,0.34783,0.68619
504,0.2452,49643520,62412,0.01164,1.73e-04,0.3267,225.6769,0.00000,0.09800,0.00000,10.00000,1133.94780,0.00000,0.75092,0.00000,0.19600,0.15158,1.93106,3.68154,0.72527,0.72308,0.00000,0.00000,0.73005,0.00000,0.00000,0.00000,0.00000,1227.47599,-0.02637,-0.12104,0.21140,-0.01608,0.40730,0.72950,-0.07843,0.47542,-0.03485,-0.02894,0.15179,0.26808,0.33832,3.41811,2.35333,0.00000,0.13542,2.39789,3.16444,0.90110,0.86207,0.80000,0.81319,0.78862,0.33333,0.69159
505,0.2457,49741824,62307,0.01827,8.35e-05,0.3268,199.0748,0.00000,0.09800,0.00000,10.00000,972.36359,0.00000,0.88889,0.00000,0.19600,0.15283,1.94028,4.15559,0.70000,0.71250,0.00000,0.00000,0.73270,0.00000,0.00000,0.00000,0.00000,1208.48755,-0.02617,-0.11915,0.21333,-0.01672,0.40915,0.73218,-0.07803,0.47746,-0.03294,-0.02895,0.15309,0.27095,0.33867,3.55215,3.03200,0.00000,0.13661,2.41965,3.05070,0.83000,0.81250,0.66667,0.76500,0.76250,0.30769,0.69335
506,0.2461,49840128,61800,0.01229,1.01e-04,0.3269,193.1443,0.00000,0.09800,0.00000,10.00000,1069.45449,0.00000,0.71737,0.00000,0.19600,0.15334,1.94572,4.04000,0.67961,0.73913,0.00000,0.00000,0.73501,0.00000,0.00000,0.00000,0.00000,1199.34017,-0.02610,-0.11811,0.21405,-0.01703,0.41123,0.73444,-0.07725,0.47880,-0.03287,-0.02894,0.15383,0.27182,0.33891,3.42958,2.78615,0.00000,0.13631,2.41844,2.93761,0.88350,0.84375,0.85714,0.78155,0.78947,0.41379,0.69453
507,0.2465,49938432,61879,0.01312,9.66e-05,0.3270,195.6253,0.00000,0.09800,0.00000,10.00000,1160.90005,0.00000,0.72318,0.00000,0.19600,0.14910,1.92893,4.02064,0.76724,0.80263,0.00000,0.00000,0.73169,0.00000,0.00000,0.00000,0.00000,1183.46842,-0.02604,-0.11668,0.21370,-0.01604,0.41007,0.73114,-0.07700,0.48317,-0.03324,-0.02881,0.15341,0.27102,0.33862,3.33730,2.26000,0.00000,0.13584,2.43438,2.80101,0.93103,0.90667,0.91667,0.84914,0.85430,0.45833,0.69308
508,0.2470,50036736,61864,0.01431,1.00e-04,0.3272,197.6995,0.00000,0.09600,0.00000,10.00000,1175.37792,0.00000,0.75092,0.00000,0.19200,0.15093,1.90080,4.02000,0.79121,0.73913,0.00000,0.00000,0.72734,0.00000,0.00000,0.00000,0.00000,1166.85815,-0.02630,-0.11500,0.21128,-0.01612,0.40777,0.72690,-0.07724,0.47667,-0.03206,-0.02858,0.15222,0.26804,0.33847,3.57708,2.08000,0.00000,0.13507,2.41784,3.05363,0.85714,0.77778,0.50000,0.82418,0.75610,0.33333,0.69235
509,0.2474,50135040,61909,0.01394,1.21e-04,0.3274,196.9767,0.00000,0.09400,0.00000,10.00000,1079.63253,0.00000,0.80991,0.00000,0.18800,0.15058,1.90050,3.73136,0.67470,0.68966,0.00000,0.00000,0.72193,0.00000,0.00000,0.00000,0.00000,1183.81315,-0.02635,-0.11669,0.21081,-0.01541,0.40389,0.72143,-0.07806,0.47630,-0.02998,-0.02863,0.15199,0.26782,0.33756,3.21889,2.29428,0.00000,0.13494,2.42116,2.86656,0.90361,0.87302,1.00000,0.78916,0.78512,0.43750,0.68778
510,0.2479,50233344,62142,0.01705,7.77e-05,0.3275,191.5718,0.00000,0.09200,0.00000,10.00000,1072.43830,0.00000,0.86182,0.00000,0.18400,0.14986,1.93241,3.25727,0.71795,0.70492,0.00000,0.00000,0.72120,0.00000,0.00000,0.00000,0.00000,1174.43864,-0.02615,-0.11577,0.21322,-0.01565,0.40297,0.72075,-0.07865,0.48285,-0.03142,-0.02835,0.15411,0.27018,0.33670,2.94565,3.58000,0.00000,0.13405,2.43330,2.69636,0.84615,0.81667,0.80000,0.78205,0.76033,0.44444,0.68351
511,0.2483,50331648,61866,0.01099,1.12e-04,0.3276,182.2181,0.00000,0.09000,0.00000,10.00000,1086.52444,0.00000,0.79511,0.00000,0.18000,0.14737,1.92934,3.43736,0.68807,0.67568,0.00000,0.00000,0.72140,0.00000,0.00000,0.00000,0.00000,1169.00553,-0.02599,-0.11532,0.21427,-0.01578,0.40459,0.72091,-0.07814,0.48890,-0.03165,-0.02834,0.15539,0.27155,0.33746,3.07082,2.05555,0.00000,0.13374,2.45811,2.82800,0.88991,0.86585,0.87500,0.78899,0.77564,0.38889,0.68732
512,0.2488,50429952,61943,0.01346,1.03e-04,0.3278,196.9565,0.00000,0.08800,0.00000,10.00000,1140.55115,0.00000,0.82011,0.00000,0.17600,0.14886,1.91167,3.65733,0.72619,0.70492,0.00000,0.00000,0.72276,0.00000,0.00000,0.00000,0.00000,1157.68652,-0.02610,-0.11431,0.21386,-0.01546,0.40679,0.72228,-0.07825,0.48684,-0.03002,-0.02820,0.15469,0.27097,0.33783,3.07068,2.55333,0.00000,0.13333,2.46068,2.61552,0.90476,0.87302,1.00000,0.81548,0.79032,0.37500,0.68917
513,0.2492,50528256,61920,0.01303,1.04e-04,0.3279,185.9612,0.00000,0.08600,0.00000,10.00000,1034.35980,0.00000,0.79798,0.00000,0.17200,0.15070,1.89507,4.34181,0.70000,0.77108,0.00000,0.00000,0.72446,0.00000,0.00000,0.00000,0.00000,1159.50269,-0.02636,-0.11444,0.21282,-0.01597,0.40642,0.72404,-0.07879,0.48088,-0.03255,-0.02866,0.15363,0.26945,0.33795,3.42579,2.51077,0.00000,0.13436,2.44649,2.66050,0.91818,0.88000,1.00000,0.80909,0.82278,0.48148,0.68973
514,0.2497,50626560,61189,0.01618,7.61e-05,0.3280,203.4566,0.00000,0.08400,0.00000,10.00000,1006.12439,0.00000,0.80610,0.00000,0.16800,0.14938,1.89027,4.44754,0.63725,0.64103,0.00000,0.00000,0.72310,0.00000,0.00000,0.00000,0.00000,1168.64876,-0.02644,-0.11530,0.21144,-0.01592,0.40612,0.72258,-0.07853,0.47858,-0.03082,-0.02868,0.15276,0.26771,0.33792,3.60201,2.43800,0.00000,0.13484,2.43121,2.92303,0.86275,0.81429,0.90000,0.75000,0.72297,0.47368,0.68960
515,0.2501,50724864,61431,0.01132,1.12e-04,0.3282,223.2626,0.00000,0.08200,0.00000,10.00000,1116.70036,0.00000,0.86364,0.00000,0.16400,0.14963,1.87037,3.31514,0.77273,0.75281,0.00000,0.00000,0.71992,0.00000,0.00000,0.00000,0.00000,1180.14624,-0.02648,-0.11630,0.21069,-0.01572,0.40442,0.71943,-0.07807,0.47621,-0.03339,-0.02872,0.15153,0.26704,0.33759,3.05414,3.29500,0.00000,0.13525,2.42640,2.79314,0.85455,0.80488,1.00000,0.81364,0.77778,0.50000,0.68793
516,0.2506,50823168,62058,0.01730,5.40e-05,0.3283,188.9242,0.00000,0.08000,0.00000,10.00000,1119.83405,0.00000,0.75092,0.00000,0.16000,0.14679,1.84402,3.99617,0.73626,0.78333,0.00000,0.00000,0.71794,0.00000,0.00000,0.00000,0.00000,1157.32935,-0.02661,-0.11422,0.20892,-0.01547,0.40181,0.71749,-0.07873,0.47557,-0.02955,-0.02846,0.15043,0.26440,0.33720,3.30396,1.67750,0.00000,0.13505,2.44374,2.79562,0.90110,0.87302,0.88889,0.81868,0.82927,0.40000,0.68598
517,0.2510,50921472,61123,0.01146,7.61e-05,0.3284,200.3685,0.00000,0.07800,0.00000,10.00000,1025.45288,0.00000,0.76174,0.00000,0.15600,0.14716,1.82557,3.45541,0.57732,0.58571,0.00000,0.00000,0.71446,0.00000,0.00000,0.00000,0.00000,1154.46086,-0.02656,-0.11402,0.20920,-0.01566,0.40055,0.71403,-0.07885,0.47336,-0.02949,-0.02832,0.15010,0.26473,0.33655,3.18727,2.23250,0.00000,0.13660,2.45078,2.97968,0.87629,0.85714,0.70000,0.72680,0.71429,0.31818,0.68273
518,0.2515,51019776,61864,0.01480,8.35e-05,0.3285,212.5534,0.00000,0.07600,0.00000,10.00000,1058.88751,0.00000,0.87963,0.00000,0.15200,0.14413,1.79327,3.70469,0.71296,0.72093,0.00000,0.00000,0.70987,0.00000,0.00000,0.00000,0.00000,1170.88688,-0.02676,-0.11555,0.20642,-0.01538,0.39855,0.70945,-0.07899,0.47345,-0.03422,-0.02858,0.14917,0.26122,0.33561,3.16986,2.56400,0.00000,0.13462,2.44148,2.74200,0.87963,0.85882,0.80000,0.79630,0.78947,0.33333,0.67806
519,0.2519,51118080,62525,0.01433,9.32e-05,0.3287,211.8184,0.00000,0.07400,0.00000,10.00000,1098.21992,0.00000,0.81384,0.00000,0.14800,0.14488,1.75180,3.84567,0.75439,0.76190,0.00000,0.00000,0.70557,0.00000,0.00000,0.00000,0.00000,1165.85254,-0.02696,-0.11510,0.20323,-0.01482,0.39659,0.70511,-0.07926,0.46460,-0.03182,-0.02861,0.14618,0.25705,0.33488,3.31605,3.10000,0.00000,0.13521,2.42690,2.87250,0.88596,0.84337,1.00000,0.82018,0.80240,0.42857,0.67438
520,0.2523,51216384,62146,0.01256,1.34e-04,0.3289,223.5284,0.00000,0.07200,0.00000,10.00000,1143.06055,0.00000,0.76389,0.00000,0.14400,0.14508,1.67725,3.67180,0.71154,0.72000,0.00000,0.00000,0.70177,0.00000,0.00000,0.00000,0.00000,1185.80737,-0.02756,-0.11696,0.19672,-0.01455,0.39254,0.70131,-0.07984,0.44797,-0.03370,-0.02873,0.14118,0.24877,0.33349,3.18122,2.37333,0.00000,0.13599,2.37020,2.75371,0.91346,0.88235,0.90000,0.81250,0.79720,0.47368,0.66747
521,0.2528,51314688,61915,0.01540,9.32e-05,0.3290,214.2610,0.00000,0.07000,0.00000,10.00000,1137.24245,0.00000,0.82418,0.00000,0.14000,0.14638,1.65131,3.44000,0.73626,0.73529,0.00000,0.00000,0.69270,0.00000,0.00000,0.00000,0.00000,1218.86051,-0.02780,-0.12014,0.19417,-0.01449,0.38579,0.69230,-0.08074,0.44159,-0.03367,-0.02851,0.13951,0.24566,0.33108,3.21569,3.02000,0.00000,0.13536,2.35389,3.01344,0.89011,0.85075,1.00000,0.81319,0.79259,0.40000,0.65539
522,0.2532,51412992,61808,0.01381,1.12e-04,0.3291,209.0416,0.00000,0.06800,0.00000,10.00000,1082.46459,0.00000,0.83333,0.00000,0.13600,0.14489,1.59655,3.68157,0.69149,0.64865,0.00000,0.00000,0.68779,0.00000,0.00000,0.00000,0.00000,1229.07943,-0.02804,-0.12098,0.19161,-0.01448,0.38156,0.68740,-0.08136,0.43514,-0.03861,-0.02856,0.13722,0.24227,0.32918,3.30180,2.72000,0.00000,0.13644,2.35595,2.97900,0.86170,0.85075,0.50000,0.77660,0.74468,0.33333,0.64591
523,0.2537,51511296,61824,0.01755,6.42e-05,0.3292,202.7141,0.00000,0.06600,0.00000,10.00000,1005.34246,0.00000,0.77534,0.00000,0.13200,0.14636,1.57715,3.94837,0.67033,0.70492,0.00000,0.00000,0.68342,0.00000,0.00000,0.00000,0.00000,1208.12207,-0.02765,-0.11920,0.19394,-0.01463,0.38125,0.68309,-0.08146,0.43871,-0.03620,-0.02840,0.13889,0.24553,0.32891,3.23132,3.35333,0.00000,0.13726,2.41670,2.74190,0.81319,0.80303,0.66667,0.74176,0.75591,0.33333,0.64457
524,0.2541,51609600,62017,0.00923,9.24e-05,0.3293,218.9303,0.00000,0.06400,0.00000,10.00000,1063.20410,0.00000,0.79282,0.00000,0.12800,0.14464,1.55866,3.92381,0.64583,0.63636,0.00000,0.00000,0.68381,0.00000,0.00000,0.00000,0.00000,1206.85067,-0.02758,-0.11891,0.19489,-0.01486,0.38242,0.68341,-0.08163,0.44259,-0.03257,-0.02831,0.13940,0.24666,0.32939,3.25858,3.01000,0.00000,0.13705,2.45923,2.86507,0.88542,0.85915,0.88889,0.76562,0.75182,0.42105,0.64694
525,0.2546,51707904,61639,0.01459,7.61e-05,0.3295,221.3106,0.00000,0.06200,0.00000,10.00000,1046.88887,0.00000,0.78652,0.00000,0.12400,0.14242,1.53630,4.43162,0.62921,0.59701,0.00000,0.00000,0.68821,0.00000,0.00000,0.00000,0.00000,1212.45247,-0.02771,-0.11965,0.19426,-0.01451,0.38410,0.68783,-0.08274,0.44640,-0.03610,-0.02835,0.13937,0.24559,0.33031,3.56586,4.18800,0.00000,0.13459,2.49031,2.90107,0.89888,0.86441,0.83333,0.76404,0.72222,0.41667,0.65153
526,0.2550,51806208,61803,0.01367,8.05e-05,0.3296,188.2501,0.00000,0.06000,0.00000,10.00000,1054.02592,0.00000,0.79958,0.00000,0.12000,0.14507,1.48877,3.65174,0.58879,0.57500,0.00000,0.00000,0.68972,0.00000,0.00000,0.00000,0.00000,1202.41341,-0.02795,-0.11851,0.19143,-0.01427,0.38401,0.68940,-0.08321,0.43824,-0.03657,-0.02850,0.13762,0.24239,0.33024,3.25524,2.33250,0.00000,0.13468,2.48660,3.01526,0.92523,0.89189,1.00000,0.75701,0.72727,0.44444,0.65120
527,0.2555,51904512,61200,0.01269,1.09e-04,0.3297,219.5871,0.00000,0.05800,0.00000,10.00000,1007.93971,0.00000,0.76880,0.00000,0.11600,0.14572,1.46044,3.36363,0.48485,0.42857,0.00000,0.00000,0.68509,0.00000,0.00000,0.00000,0.00000,1170.18986,-0.02798,-0.11548,0.18942,-0.01379,0.38165,0.68474,-0.08322,0.43265,-0.03514,-0.02839,0.13605,0.23980,0.32849,3.07840,3.64250,0.00000,0.13481,2.46847,2.93791,0.88889,0.85075,0.88889,0.68687,0.63504,0.40000,0.64243
528,0.2559,52002816,62400,0.01351,1.24e-04,0.3299,218.0940,0.00000,0.05600,0.00000,10.00000,966.75217,0.00000,0.78261,0.00000,0.11200,0.14528,1.41605,3.90727,0.52174,0.50588,0.00000,0.00000,0.67624,0.00000,0.00000,0.00000,0.00000,1173.36914,-0.02823,-0.11588,0.18716,-0.01395,0.37653,0.67588,-0.08314,0.42813,-0.03580,-0.02833,0.13422,0.23648,0.32714,3.23227,2.88000,0.00000,0.13379,2.45717,2.83626,0.86087,0.83117,0.76923,0.69130,0.66049,0.38462,0.63569
529,0.2564,52101120,62102,0.01712,1.00e-04,0.3300,208.3055,0.00000,0.05400,0.00000,10.00000,1036.02109,0.00000,0.88411,0.00000,0.10800,0.14859,1.40397,3.64889,0.53763,0.45333,0.00000,0.00000,0.67135,0.00000,0.00000,0.00000,0.00000,1176.62695,-0.02852,-0.11601,0.18464,-0.01352,0.37368,0.67099,-0.08412,0.42041,-0.03332,-0.02816,0.13272,0.23352,0.32586,3.06914,1.92000,0.00000,0.13358,2.42923,2.76666,0.94624,0.93151,1.00000,0.74194,0.68919,0.33333,0.62928
530,0.2568,52199424,62124,0.01136,1.21e-04,0.3301,236.2897,0.00000,0.05400,0.00000,10.00000,1030.15793,0.00000,0.78059,0.00000,0.10800,0.14452,1.36801,3.70069,0.55696,0.48148,0.00000,0.00000,0.66541,0.00000,0.00000,0.00000,0.00000,1220.97713,-0.02867,-0.12054,0.18214,-0.01306,0.36997,0.66511,-0.08486,0.41708,-0.04159,-0.02823,0.13147,0.23049,0.32422,3.16909,2.30571,0.00000,0.13443,2.41766,2.90779,0.88608,0.85965,0.87500,0.72152,0.67568,0.46667,0.62109
531,0.2573,52297728,61310,0.01651,7.61e-05,0.3302,208.3448,0.00000,0.05400,0.00000,10.00000,976.56194,0.00000,0.83668,0.00000,0.10800,0.14319,1.34410,3.85161,0.51807,0.44444,0.00000,0.00000,0.66070,0.00000,0.00000,0.00000,0.00000,1203.29891,-0.02868,-0.11875,0.18171,-0.01324,0.36634,0.66040,-0.08561,0.41673,-0.03598,-0.02809,0.13092,0.22976,0.32290,3.25831,2.10000,0.00000,0.13454,2.44855,2.90461,0.84337,0.80645,0.66667,0.68072,0.62400,0.25000,0.61451
532,0.2577,52396032,61131,0.01293,7.61e-05,0.3304,192.7934,0.00000,0.05400,0.00000,10.00000,1014.62425,0.00000,0.79594,0.00000,0.10800,0.14084,1.29716,3.38060,0.49038,0.41892,0.00000,0.00000,0.66024,0.00000,0.00000,0.00000,0.00000,1203.03589,-0.02878,-0.11880,0.17914,-0.01290,0.36661,0.66000,-0.08625,0.41532,-0.03872,-0.02828,0.12973,0.22650,0.32304,2.87434,2.89428,0.00000,0.13270,2.46056,2.64548,0.89423,0.88000,0.75000,0.69231,0.65101,0.33333,0.61521
533,0.2582,52494336,61550,0.01216,9.32e-05,0.3305,226.1009,0.00000,0.05400,0.00000,10.00000,940.53575,0.00000,0.85749,0.00000,0.10800,0.14302,1.27753,3.14937,0.45652,0.40000,0.00000,0.00000,0.66013,0.00000,0.00000,0.00000,0.00000,1219.20996,-0.02882,-0.12029,0.17860,-0.01322,0.36672,0.65981,-0.08717,0.40971,-0.03675,-0.02841,0.12865,0.22591,0.32321,3.11557,2.45000,0.00000,0.13473,2.45972,3.10055,0.89130,0.87500,0.87500,0.67391,0.64085,0.43750,0.61603
534,0.2586,52592640,61565,0.01342,1.04e-04,0.3306,223.8334,0.00000,0.05400,0.00000,10.00000,922.35692,0.00000,0.81276,0.00000,0.10800,0.14414,1.25417,3.58571,0.35185,0.30588,0.00000,0.00000,0.66177,0.00000,0.00000,0.00000,0.00000,1216.50081,-0.02885,-0.12001,0.17784,-0.01288,0.36794,0.66144,-0.08639,0.40652,-0.03995,-0.02837,0.12767,0.22491,0.32373,3.05703,3.22000,0.00000,0.13534,2.46026,2.85424,0.91667,0.87671,1.00000,0.63426,0.56962,0.45000,0.61864
535,0.2591,52690944,61478,0.01633,6.34e-05,0.3307,210.2643,0.00000,0.05400,0.00000,10.00000,1036.74070,0.00000,0.72778,0.00000,0.10800,0.14130,1.23537,3.45926,0.47000,0.34783,0.00000,0.00000,0.66264,0.00000,0.00000,0.00000,0.00000,1189.25350,-0.02899,-0.11748,0.17682,-0.01319,0.36810,0.66230,-0.08768,0.40432,-0.04063,-0.02844,0.12698,0.22367,0.32373,3.18539,2.75750,0.00000,0.13659,2.46513,3.06613,0.91000,0.85484,1.00000,0.69000,0.58779,0.50000,0.61865
536,0.2595,52789248,61896,0.01419,4.85e-05,0.3308,203.5611,0.00000,0.05400,0.00000,10.00000,936.28664,0.00000,0.85221,0.00000,0.10800,0.14329,1.19849,3.30345,0.42718,0.33750,0.00000,0.00000,0.65946,0.00000,0.00000,0.00000,0.00000,1187.75334,-0.02918,-0.11728,0.17457,-0.01262,0.36497,0.65915,-0.08675,0.40150,-0.04268,-0.02830,0.12599,0.22086,0.32228,3.20039,2.11500,0.00000,0.13407,2.45800,3.15945,0.87379,0.84615,0.80000,0.65049,0.58861,0.36364,0.61142
537,0.2599,52887552,61393,0.01145,5.69e-05,0.3308,229.4765,0.00000,0.05400,0.00000,10.00000,988.79419,0.00000,0.74653,0.00000,0.10800,0.14421,1.17735,3.67167,0.39583,0.32857,0.00000,0.00000,0.65437,0.00000,0.00000,0.00000,0.00000,1191.96029,-0.02930,-0.11761,0.17421,-0.01297,0.36164,0.65408,-0.08704,0.39997,-0.04174,-0.02831,0.12553,0.22043,0.32141,2.94600,2.11000,0.00000,0.13437,2.46592,2.63500,0.89583,0.83051,1.00000,0.64583,0.55814,0.35294,0.60703
538,0.2604,52985856,61751,0.00963,7.77e-05,0.3309,224.1475,0.00000,0.05400,0.00000,10.00000,877.03747,0.00000,0.77131,0.00000,0.10800,0.14403,1.19149,3.50100,0.30097,0.21622,0.00000,0.00000,0.65543,0.00000,0.00000,0.00000,0.00000,1204.27718,-0.02943,-0.11880,0.17357,-0.01222,0.36225,0.65510,-0.08764,0.40013,-0.03751,-0.02812,0.12527,0.21942,0.32123,2.95442,1.92250,0.00000,0.13315,2.46328,2.78879,0.85437,0.81159,0.80000,0.57767,0.50350,0.33333,0.60614
539,0.2608,53084160,61637,0.01129,1.12e-04,0.3310,222.7592,0.00000,0.05400,0.00000,10.00000,927.36775,0.00000,0.81633,0.00000,0.10800,0.14205,1.18674,3.61684,0.32653,0.21333,0.00000,0.00000,0.65924,0.00000,0.00000,0.00000,0.00000,1219.84595,-0.02941,-0.12045,0.17305,-0.01246,0.36327,0.65889,-0.08794,0.39896,-0.04374,-0.02837,0.12479,0.21863,0.32199,3.04894,3.40000,0.00000,0.13388,2.45757,2.88545,0.90816,0.88406,0.80000,0.61735,0.53472,0.33333,0.60994
540,0.2613,53182464,62048,0.01437,1.12e-04,0.3312,228.7703,0.00000,0.05400,0.00000,10.00000,903.81043,0.00000,0.84481,0.00000,0.10800,0.14456,1.18756,4.03466,0.35537,0.27368,0.00000,0.00000,0.65793,0.00000,0.00000,0.00000,0.00000,1202.06242,-0.02927,-0.11871,0.17421,-0.01277,0.36442,0.65756,-0.08694,0.39677,-0.04271,-0.02872,0.12483,0.22057,0.32242,3.11363,2.38667,0.00000,0.13662,2.45375,2.78072,0.88430,0.84270,1.00000,0.61983,0.54891,0.47059,0.61209
541,0.2617,53280768,61573,0.01328,1.03e-04,0.3313,205.1561,0.00000,0.05400,0.00000,10.00000,848.11114,0.00000,0.83878,0.00000,0.10800,0.14620,1.17315,4.17222,0.28431,0.18182,0.00000,0.00000,0.65690,0.00000,0.00000,0.00000,0.00000,1200.16683,-0.02956,-0.11854,0.17175,-0.01236,0.36429,0.65658,-0.08657,0.39285,-0.04154,-0.02834,0.12343,0.21750,0.32234,3.23935,2.78000,0.00000,0.13466,2.42885,3.01547,0.89216,0.88312,0.77778,0.58824,0.53247,0.36842,0.61170
542,0.2622,53379072,61744,0.01364,8.39e-05,0.3314,252.6661,0.00000,0.05400,0.00000,10.00000,990.97377,0.00000,0.80117,0.00000,0.10800,0.14579,1.18263,3.70384,0.42105,0.29167,0.00000,0.00000,0.65230,0.00000,0.00000,0.00000,0.00000,1196.88436,-0.02958,-0.11814,0.17145,-0.01247,0.36042,0.65202,-0.08723,0.39131,-0.04006,-0.02835,0.12312,0.21689,0.32127,3.20744,1.66000,0.00000,0.13505,2.42242,2.99233,0.90526,0.86154,1.00000,0.66316,0.56204,0.42857,0.60634
543,0.2626,53477376,60952,0.01169,1.03e-04,0.3315,227.8657,0.00000,0.05400,0.00000,10.00000,897.87846,0.00000,0.78914,0.00000,0.10800,0.14831,1.18356,4.06200,0.35227,0.25000,0.00000,0.00000,0.64948,0.00000,0.00000,0.00000,0.00000,1209.74243,-0.02953,-0.11949,0.17188,-0.01242,0.36021,0.64908,-0.08709,0.39209,-0.03992,-0.02838,0.12318,0.21769,0.32104,3.23063,1.55333,0.00000,0.13455,2.42270,2.94881,0.88636,0.88525,0.57143,0.61932,0.56000,0.25000,0.60521
544,0.2631,53575680,61624,0.01081,1.20e-04,0.3317,209.8828,0.00000,0.05400,0.00000,10.00000,917.02882,0.00000,0.73457,0.00000,0.10800,0.14530,1.20149,3.76428,0.30000,0.17188,0.00000,0.00000,0.65139,0.00000,0.00000,0.00000,0.00000,1211.68197,-0.02942,-0.11964,0.17320,-0.01259,0.36120,0.65109,-0.08753,0.39714,-0.04156,-0.02818,0.12469,0.21908,0.32174,2.96956,2.77555,0.00000,0.13407,2.44121,2.76727,0.86667,0.81818,0.81818,0.58333,0.47059,0.42857,0.60869
545,0.2635,53673984,61798,0.01391,1.20e-04,0.3318,212.4144,0.00000,0.05400,0.00000,10.00000,897.47770,0.00000,0.74653,0.00000,0.10800,0.14295,1.19077,4.27866,0.30208,0.18182,0.00000,0.00000,0.65708,0.00000,0.00000,0.00000,0.00000,1231.67253,-0.02932,-0.12145,0.17300,-0.01228,0.36428,0.65678,-0.08767,0.39786,-0.04635,-0.02850,0.12436,0.21881,0.32267,3.19400,3.74200,0.00000,0.13426,2.44523,2.94369,0.89583,0.84127,1.00000,0.59896,0.50388,0.43478,0.61333
546,0.2640,53772288,61667,0.01353,1.09e-04,0.3319,227.8574,0.00000,0.05400,0.00000,10.00000,928.11775,0.00000,0.86483,0.00000,0.10800,0.14685,1.20811,3.75185,0.40206,0.30769,0.00000,0.00000,0.65867,0.00000,0.00000,0.00000,0.00000,1221.78158,-0.02910,-0.12068,0.17564,-0.01313,0.36501,0.65837,-0.08742,0.40053,-0.04400,-0.02841,0.12643,0.22244,0.32277,3.05250,2.98000,0.00000,0.13514,2.47258,2.77884,0.89691,0.87671,0.80000,0.64948,0.58278,0.44444,0.61385
547,0.2644,53870592,61920,0.01194,1.31e-04,0.3321,223.1422,0.00000,0.05400,0.00000,10.00000,890.90107,0.00000,0.75855,0.00000,0.10800,0.14476,1.19845,4.14111,0.32692,0.19718,0.00000,0.00000,0.66004,0.00000,0.00000,0.00000,0.00000,1216.21712,-0.02919,-0.12012,0.17471,-0.01309,0.36680,0.65975,-0.08716,0.39958,-0.04412,-0.02845,0.12547,0.22134,0.32363,2.84822,2.56154,0.00000,0.13542,2.46294,2.52500,0.87500,0.83099,0.92308,0.60096,0.51408,0.46154,0.61815
548,0.2649,53968896,61274,0.01494,1.20e-04,0.3322,229.4782,0.00000,0.05600,0.00000,10.00000,889.10598,0.00000,0.82492,0.00000,0.11200,0.14350,1.19071,3.80182,0.26263,0.10811,0.00000,0.00000,0.66010,0.00000,0.00000,0.00000,0.00000,1221.47664,-0.02928,-0.12048,0.17429,-0.01262,0.36699,0.65975,-0.08649,0.39791,-0.04767,-0.02876,0.12435,0.22068,0.32372,2.86292,2.49667,0.00000,0.13642,2.45113,2.71746,0.91919,0.89041,1.00000,0.59091,0.49660,0.46154,0.61859
549,0.2653,54067200,59422,0.01488,1.11e-04,0.3323,235.0016,0.00000,0.05800,0.00000,10.00000,901.54038,0.00000,0.75221,0.00000,0.11600,0.14505,1.20352,4.95120,0.36283,0.26250,0.00000,0.00000,0.66032,0.00000,0.00000,0.00000,0.00000,1221.51180,-0.02925,-0.12052,0.17438,-0.01314,0.36740,0.65997,-0.08547,0.39613,-0.04329,-0.02879,0.12432,0.22060,0.32407,3.56146,3.28615,0.00000,0.13687,2.44266,3.07211,0.86726,0.79452,1.00000,0.61504,0.51634,0.50000,0.62036
550,0.2658,54165504,61218,0.01615,7.61e-05,0.3324,239.9214,0.00000,0.06000,0.00000,10.00000,990.06683,0.00000,0.78502,0.00000,0.12000,0.14689,1.20824,4.43125,0.39130,0.20000,0.00000,0.00000,0.66162,0.00000,0.00000,0.00000,0.00000,1240.71493,-0.02926,-0.12249,0.17474,-0.01290,0.36733,0.66126,-0.08581,0.39824,-0.04460,-0.02879,0.12524,0.22107,0.32405,3.08052,2.16000,0.00000,0.13546,2.45590,2.72033,0.89130,0.86154,0.75000,0.64130,0.53077,0.37500,0.62024
551,0.2663,54263808,60803,0.01112,1.10e-04,0.3326,223.6001,0.00000,0.06200,0.00000,10.00000,840.46631,0.00000,0.80556,0.00000,0.12400,0.14544,1.21018,4.50266,0.31250,0.23729,0.00000,0.00000,0.66335,0.00000,0.00000,0.00000,0.00000,1237.06771,-0.02923,-0.12222,0.17593,-0.01322,0.36698,0.66305,-0.08611,0.40160,-0.04532,-0.02863,0.12624,0.22265,0.32391,3.06428,2.53333,0.00000,0.13560,2.47994,2.67200,0.83750,0.78947,0.88889,0.57500,0.50862,0.42105,0.61955
552,0.2667,54362112,61319,0.01359,1.16e-04,0.3327,200.6670,0.00000,0.06400,0.00000,10.00000,953.30897,0.00000,0.86721,0.00000,0.12800,0.14790,1.23841,3.36286,0.40244,0.28125,0.00000,0.00000,0.66462,0.00000,0.00000,0.00000,0.00000,1222.93180,-0.02892,-0.12082,0.17983,-0.01345,0.36770,0.66426,-0.08647,0.40957,-0.04221,-0.02859,0.12882,0.22726,0.32408,3.08780,2.35000,0.00000,0.13476,2.52155,2.99311,0.93902,0.92188,1.00000,0.67073,0.60156,0.40000,0.62039
553,0.2672,54460416,61476,0.01415,1.11e-04,0.3328,226.0682,0.00000,0.06600,0.00000,10.00000,962.87891,0.00000,0.75996,0.00000,0.13200,0.14632,1.24138,3.85615,0.39623,0.28378,0.00000,0.00000,0.67001,0.00000,0.00000,0.00000,0.00000,1232.10026,-0.02892,-0.12181,0.18039,-0.01313,0.37190,0.66968,-0.08591,0.41282,-0.04591,-0.02895,0.12930,0.22808,0.32556,3.15750,2.67778,0.00000,0.13447,2.52155,2.89800,0.90566,0.87324,0.88889,0.65094,0.57241,0.40000,0.62780
554,0.2676,54558720,61737,0.01368,9.24e-05,0.3330,215.2824,0.00000,0.06800,0.00000,10.00000,879.93449,0.00000,0.83333,0.00000,0.13600,0.14656,1.25543,4.78353,0.29167,0.20513,0.00000,0.00000,0.67582,0.00000,0.00000,0.00000,0.00000,1253.97404,-0.02894,-0.12383,0.18115,-0.01351,0.37400,0.67545,-0.08607,0.41331,-0.04688,-0.02907,0.12970,0.22908,0.32655,3.34425,3.41600,0.00000,0.13525,2.53049,2.95587,0.90625,0.87879,0.83333,0.59896,0.51389,0.41667,0.63277
555,0.2681,54657024,61861,0.01293,1.10e-04,0.3331,217.0379,0.00000,0.07000,0.00000,10.00000,884.35357,0.00000,0.80952,0.00000,0.14000,0.14865,1.28239,3.94500,0.30476,0.17500,0.00000,0.00000,0.68267,0.00000,0.00000,0.00000,0.00000,1223.08008,-0.02874,-0.12084,0.18292,-0.01378,0.37928,0.68233,-0.08517,0.41392,-0.04423,-0.02889,0.13077,0.23181,0.32805,3.18946,2.93400,0.00000,0.13697,2.53050,2.98246,0.89524,0.86301,0.90000,0.60000,0.50327,0.52941,0.64027
556,0.2685,54755328,61561,0.01457,1.03e-04,0.3332,211.6697,0.00000,0.07200,0.00000,10.00000,904.50781,0.00000,0.80000,0.00000,0.14400,0.15561,1.30550,4.76625,0.34000,0.21918,0.00000,0.00000,0.68637,0.00000,0.00000,0.00000,0.00000,1226.22900,-0.02847,-0.12123,0.18526,-0.01435,0.38163,0.68598,-0.08400,0.41290,-0.04544,-0.02919,0.13170,0.23468,0.32882,3.16049,3.40666,0.00000,0.13750,2.52532,2.77121,0.88000,0.84507,0.85714,0.61000,0.52778,0.37500,0.64411
557,0.2690,54853632,61533,0.01219,1.33e-04,0.3334,224.1906,0.00000,0.07400,0.00000,10.00000,918.74577,0.00000,0.85069,0.00000,0.14800,0.15479,1.33387,5.01733,0.43750,0.38158,0.00000,0.00000,0.68953,0.00000,0.00000,0.00000,0.00000,1209.61084,-0.02837,-0.11960,0.18710,-0.01415,0.38308,0.68914,-0.08395,0.41639,-0.04428,-0.02907,0.13309,0.23720,0.32934,3.53505,4.37000,0.00000,0.13825,2.52751,2.87134,0.91667,0.90141,0.66667,0.67708,0.63265,0.20000,0.64669
558,0.2694,54951936,61205,0.01638,8.39e-05,0.3335,235.0269,0.00000,0.07600,0.00000,10.00000,905.34829,0.00000,0.78307,0.00000,0.15200,0.15354,1.36185,5.97043,0.38095,0.28000,0.00000,0.00000,0.68955,0.00000,0.00000,0.00000,0.00000,1228.90853,-0.02827,-0.12143,0.18904,-0.01467,0.38360,0.68912,-0.08357,0.42216,-0.04998,-0.02938,0.13432,0.23970,0.32911,3.69220,3.39166,0.00000,0.13804,2.52188,3.01169,0.92381,0.89041,1.00000,0.65238,0.58108,0.52174,0.64557
559,0.2699,55050240,61739,0.01218,1.21e-04,0.3336,238.7934,0.00000,0.07800,0.00000,10.00000,957.52470,0.00000,0.77061,0.00000,0.15600,0.15896,1.40778,5.31500,0.40860,0.34247,0.00000,0.00000,0.69208,0.00000,0.00000,0.00000,0.00000,1221.64648,-0.02818,-0.12071,0.18981,-0.01503,0.38431,0.69168,-0.08309,0.42295,-0.04473,-0.02943,0.13517,0.24096,0.32955,3.83302,2.76333,0.00000,0.13642,2.50519,3.11758,0.95699,0.92857,1.00000,0.68280,0.59690,0.46154,0.64776
560,0.2703,55148544,61921,0.01855,7.70e-05,0.3338,228.2316,0.00000,0.08000,0.00000,10.00000,947.25871,0.00000,0.80629,0.00000,0.16000,0.15806,1.44496,5.62470,0.44248,0.34483,0.00000,0.00000,0.69303,0.00000,0.00000,0.00000,0.00000,1219.58154,-0.02817,-0.12059,0.19082,-0.01450,0.38450,0.69258,-0.08300,0.42648,-0.04502,-0.02936,0.13623,0.24258,0.32971,3.71709,2.88286,0.00000,0.13619,2.49182,2.86368,0.91150,0.88312,0.87500,0.67699,0.59756,0.50000,0.64857
561,0.2707,55246848,61805,0.01522,5.80e-05,0.3339,244.1203,0.00000,0.08200,0.00000,10.00000,970.20436,0.00000,0.82846,0.00000,0.16400,0.15455,1.46695,4.93500,0.45614,0.33333,0.00000,0.00000,0.69836,0.00000,0.00000,0.00000,0.00000,1208.05908,-0.02818,-0.11939,0.19022,-0.01493,0.38880,0.69791,-0.08304,0.42730,-0.04310,-0.02949,0.13583,0.24193,0.33171,3.42017,3.05000,0.00000,0.13668,2.46699,2.92117,0.92982,0.91860,0.85714,0.69298,0.62941,0.46154,0.65855
562,0.2712,55345152,61634,0.01385,5.35e-05,0.3340,207.9723,0.00000,0.08200,0.00000,10.00000,1001.22465,0.00000,0.77664,0.00000,0.16400,0.15566,1.48311,4.82551,0.51020,0.41176,0.00000,0.00000,0.69968,0.00000,0.00000,0.00000,0.00000,1222.22998,-0.02820,-0.12062,0.19016,-0.01466,0.39036,0.69928,-0.08214,0.42440,-0.04423,-0.02965,0.13549,0.24158,0.33220,3.54660,3.15666,0.00000,0.13743,2.43611,3.00117,0.91837,0.89855,0.85714,0.71429,0.65693,0.40000,0.66100
563,0.2716,55443456,62200,0.01056,7.70e-05,0.3341,229.3966,0.00000,0.08200,0.00000,10.00000,973.47917,0.00000,0.81930,0.00000,0.16400,0.15520,1.52951,5.05931,0.47475,0.34667,0.00000,0.00000,0.69827,0.00000,0.00000,0.00000,0.00000,1215.98161,-0.02800,-0.12002,0.19340,-0.01534,0.38854,0.69784,-0.08220,0.43116,-0.04384,-0.02942,0.13773,0.24580,0.33142,3.43714,2.73333,0.00000,0.13798,2.44756,2.67839,0.86869,0.81690,1.00000,0.67172,0.57534,0.50000,0.65712
564,0.2721,55541760,61408,0.01390,9.13e-05,0.3342,208.6790,0.00000,0.08200,0.00000,10.00000,1000.55699,0.00000,0.77124,0.00000,0.16400,0.15427,1.55750,5.16971,0.55294,0.54098,0.00000,0.00000,0.69733,0.00000,0.00000,0.00000,0.00000,1188.41569,-0.02775,-0.11744,0.19400,-0.01485,0.38920,0.69690,-0.08203,0.43517,-0.04259,-0.02915,0.13889,0.24641,0.33209,3.60940,2.49636,0.00000,0.13665,2.44186,2.76923,0.96471,0.94737,1.00000,0.75882,0.73729,0.52381,0.66044
565,0.2725,55640064,62185,0.01372,1.10e-04,0.3343,207.3570,0.00000,0.08200,0.00000,10.00000,929.96351,0.00000,0.79787,0.00000,0.16400,0.15171,1.60098,5.23818,0.45745,0.37879,0.00000,0.00000,0.69803,0.00000,0.00000,0.00000,0.00000,1232.68685,-0.02771,-0.12169,0.19643,-0.01467,0.38974,0.69765,-0.08251,0.44297,-0.04157,-0.02918,0.14114,0.24908,0.33227,3.54654,2.79000,0.00000,0.13595,2.44661,2.76028,0.91489,0.89855,0.90000,0.68617,0.64444,0.45000,0.66135
566,0.2730,55738368,61946,0.01327,1.34e-04,0.3345,239.2391,0.00000,0.08200,0.00000,10.00000,977.61213,0.00000,0.75163,0.00000,0.16400,0.15196,1.64349,5.14733,0.52941,0.49123,0.00000,0.00000,0.70695,0.00000,0.00000,0.00000,0.00000,1222.88175,-0.02743,-0.12061,0.19899,-0.01539,0.39434,0.70652,-0.08220,0.44788,-0.03910,-0.02936,0.14248,0.25264,0.33343,3.62944,2.31000,0.00000,0.13668,2.45380,2.85763,0.91765,0.87931,1.00000,0.72353,0.68696,0.42105,0.66714
567,0.2734,55836672,61676,0.01675,9.32e-05,0.3346,228.6082,0.00000,0.08200,0.00000,10.00000,953.93574,0.00000,0.88780,0.00000,0.16400,0.14953,1.69070,4.37476,0.51961,0.46988,0.00000,0.00000,0.71437,0.00000,0.00000,0.00000,0.00000,1235.05583,-0.02699,-0.12182,0.20374,-0.01570,0.39895,0.71391,-0.08147,0.45731,-0.04127,-0.02970,0.14557,0.25868,0.33501,3.22188,3.29500,0.00000,0.13893,2.48722,2.57627,0.87255,0.85000,0.80000,0.69608,0.65644,0.40000,0.67506
568,0.2739,55934976,61882,0.01385,9.24e-05,0.3347,237.9771,0.00000,0.08200,0.00000,10.00000,993.02497,0.00000,0.71925,0.00000,0.16400,0.15008,1.71701,4.79755,0.61607,0.62162,0.00000,0.00000,0.72016,0.00000,0.00000,0.00000,0.00000,1200.07113,-0.02678,-0.11852,0.20526,-0.01558,0.40450,0.71965,-0.08045,0.46150,-0.04148,-0.02962,0.14723,0.26116,0.33689,3.65252,3.11692,0.00000,0.13874,2.49670,2.89432,0.88393,0.87324,0.75000,0.75000,0.74483,0.38710,0.68447
569,0.2743,56033280,61754,0.01165,1.10e-04,0.3349,226.0873,0.00000,0.08200,0.00000,10.00000,1029.85223,0.00000,0.79450,0.00000,0.16400,0.14943,1.74821,4.55377,0.64516,0.62687,0.00000,0.00000,0.72399,0.00000,0.00000,0.00000,0.00000,1201.45622,-0.02680,-0.11860,0.20746,-0.01534,0.40698,0.72349,-0.07925,0.46694,-0.03845,-0.02937,0.14897,0.26351,0.33769,3.57357,2.47111,0.00000,0.13833,2.50407,2.91522,0.91398,0.87879,1.00000,0.77957,0.75188,0.50000,0.68843
570,0.2748,56131584,62182,0.01699,8.59e-05,0.3350,232.5568,0.00000,0.08200,0.00000,10.00000,1053.34668,0.00000,0.75893,0.00000,0.16400,0.15177,1.73805,5.03796,0.62500,0.57500,0.00000,0.00000,0.72676,0.00000,0.00000,0.00000,0.00000,1224.64787,-0.02689,-0.12086,0.20667,-0.01541,0.40794,0.72627,-0.07912,0.46317,-0.04320,-0.02989,0.14824,0.26259,0.33817,3.69414,3.10333,0.00000,0.13826,2.48821,2.71134,0.86607,0.80822,0.83333,0.74554,0.68627,0.35714,0.69086
571,0.2752,56229888,62202,0.01277,8.39e-05,0.3351,231.5844,0.00000,0.08200,0.00000,10.00000,980.57400,0.00000,0.83639,0.00000,0.16400,0.15380,1.75834,4.59760,0.65934,0.66197,0.00000,0.00000,0.72572,0.00000,0.00000,0.00000,0.00000,1230.92342,-0.02662,-0.12156,0.21021,-0.01669,0.40693,0.72528,-0.07903,0.46809,-0.04249,-0.02999,0.14944,0.26704,0.33791,3.65482,2.02667,0.00000,0.13881,2.51214,2.89451,0.87912,0.87879,0.50000,0.76923,0.76642,0.23077,0.68956
572,0.2757,56328192,62031,0.01345,7.61e-05,0.3353,200.6677,0.00000,0.08200,0.00000,10.00000,1014.29434,0.00000,0.81944,0.00000,0.16400,0.14979,1.79815,4.30052,0.60000,0.59322,0.00000,0.00000,0.72276,0.00000,0.00000,0.00000,0.00000,1205.15495,-0.02630,-0.11910,0.21320,-0.01630,0.40627,0.72228,-0.07886,0.48244,-0.04091,-0.02940,0.15259,0.27061,0.33708,3.32063,3.61333,0.00000,0.13632,2.54054,2.66737,0.91250,0.91525,0.60000,0.75625,0.75424,0.23077,0.68541
573,0.2761,56426496,61986,0.01282,7.70e-05,0.3354,196.7763,0.00000,0.08200,0.00000,10.00000,1026.88608,0.00000,0.91085,0.00000,0.16400,0.14927,1.83665,4.22280,0.67442,0.64384,0.00000,0.00000,0.72548,0.00000,0.00000,0.00000,0.00000,1194.97461,-0.02615,-0.11803,0.21510,-0.01626,0.40811,0.72506,-0.07906,0.48826,-0.03787,-0.02935,0.15466,0.27310,0.33788,3.34000,3.00666,0.00000,0.13539,2.55541,2.61639,0.88372,0.85294,1.00000,0.77907,0.74468,0.60000,0.68939
574,0.2765,56524800,62192,0.01271,9.13e-05,0.3355,197.7120,0.00000,0.08200,0.00000,10.00000,1115.14386,0.00000,0.73718,0.00000,0.16400,0.14741,1.83332,3.89600,0.65385,0.62667,0.00000,0.00000,0.72969,0.00000,0.00000,0.00000,0.00000,1163.09408,-0.02619,-0.11500,0.21351,-0.01515,0.41127,0.72923,-0.08009,0.48785,-0.03722,-0.02943,0.15394,0.27125,0.33888,3.24750,2.41714,0.00000,0.13486,2.54527,2.72451,0.91346,0.87302,0.85714,0.78365,0.73913,0.40000,0.69438
575,0.2770,56623104,61910,0.01266,1.11e-04,0.3356,191.1686,0.00000,0.08200,0.00000,10.00000,1041.15969,0.00000,0.85556,0.00000,0.16400,0.14462,1.85442,3.68151,0.62000,0.62025,0.00000,0.00000,0.72943,0.00000,0.00000,0.00000,0.00000,1185.09530,-0.02599,-0.11704,0.21429,-0.01550,0.41224,0.72896,-0.07936,0.49235,-0.03805,-0.02967,0.15465,0.27201,0.33924,3.14569,2.12667,0.00000,0.13494,2.53860,2.77688,0.94000,0.93333,0.85714,0.78000,0.77273,0.40000,0.69621
576,0.2774,56721408,61870,0.01609,6.96e-05,0.3357,202.4408,0.00000,0.08200,0.00000,10.00000,1018.03951,0.00000,0.79894,0.00000,0.16400,0.14419,1.83486,4.26185,0.60952,0.62025,0.00000,0.00000,0.73060,0.00000,0.00000,0.00000,0.00000,1176.12313,-0.02623,-0.11622,0.21318,-0.01530,0.41169,0.73014,-0.07902,0.48996,-0.03851,-0.02946,0.15341,0.27045,0.33929,3.38919,2.12250,0.00000,0.13484,2.53063,2.71600,0.91429,0.88889,0.85714,0.76190,0.74834,0.33333,0.69644
577,0.2779,56819712,62079,0.01497,7.25e-05,0.3358,212.7416,0.00000,0.08200,0.00000,10.00000,1001.65138,0.00000,0.83608,0.00000,0.16400,0.14483,1.81673,4.39859,0.68317,0.70513,0.00000,0.00000,0.72715,0.00000,0.00000,0.00000,0.00000,1184.79622,-0.02651,-0.11705,0.21030,-0.01480,0.40972,0.72667,-0.07937,0.48285,-0.04003,-0.02977,0.15155,0.26713,0.33910,3.71921,3.40857,0.00000,0.13495,2.49595,3.16600,0.89109,0.85135,1.00000,0.78713,0.77632,0.43750,0.69551
578,0.2783,56918016,61693,0.01302,8.39e-05,0.3359,223.5469,0.00000,0.08200,0.00000,10.00000,1094.61719,0.00000,0.76531,0.00000,0.16400,0.14558,1.80340,4.09695,0.71429,0.66154,0.00000,0.00000,0.72433,0.00000,0.00000,0.00000,0.00000,1201.89233,-0.02669,-0.11868,0.20896,-0.01484,0.40724,0.72387,-0.07908,0.47622,-0.03935,-0.02984,0.14994,0.26512,0.33802,3.29853,2.51333,0.00000,0.13597,2.47156,2.71555,0.83673,0.77143,1.00000,0.77551,0.71852,0.57143,0.69011
579,0.2788,57016320,61857,0.01261,1.00e-04,0.3360,240.9521,0.00000,0.08200,0.00000,10.00000,1030.44391,0.00000,0.77778,0.00000,0.16400,0.14863,1.80246,4.03622,0.63000,0.67105,0.00000,0.00000,0.72326,0.00000,0.00000,0.00000,0.00000,1212.66040,-0.02669,-0.11976,0.20864,-0.01520,0.40660,0.72281,-0.07960,0.47327,-0.04174,-0.02986,0.14978,0.26478,0.33810,3.31719,2.22000,0.00000,0.13552,2.45652,2.75676,0.91000,0.89062,0.83333,0.77000,0.77143,0.41667,0.69049
580,0.2792,57114624,61428,0.01612,8.59e-05,0.3361,215.5984,0.00000,0.08200,0.00000,10.00000,1189.38487,0.00000,0.74854,0.00000,0.16400,0.14921,1.78981,3.96600,0.78947,0.81967,0.00000,0.00000,0.72241,0.00000,0.00000,0.00000,0.00000,1211.89478,-0.02692,-0.11967,0.20744,-0.01525,0.40505,0.72193,-0.07998,0.46880,-0.03994,-0.02970,0.14902,0.26345,0.33727,3.28241,3.47333,0.00000,0.13688,2.45475,2.76454,0.93684,0.92537,0.75000,0.86316,0.87500,0.23077,0.68633
581,0.2797,57212928,61775,0.01440,7.77e-05,0.3363,203.9513,0.00000,0.08200,0.00000,10.00000,1024.00467,0.00000,0.82035,0.00000,0.16400,0.15173,1.78538,3.88518,0.62617,0.64198,0.00000,0.00000,0.72059,0.00000,0.00000,0.00000,0.00000,1218.61499,-0.02702,-0.12025,0.20627,-0.01555,0.40413,0.72010,-0.07991,0.46502,-0.04074,-0.02985,0.14727,0.26166,0.33715,3.21833,2.86500,0.00000,0.13556,2.42020,2.75666,0.90654,0.89610,0.80000,0.76636,0.76582,0.38095,0.68575
582,0.2801,57311232,61473,0.01252,9.13e-05,0.3364,243.1439,0.00000,0.08000,0.00000,10.00000,1084.53125,0.00000,0.85125,0.00000,0.16000,0.15317,1.77667,4.28538,0.74194,0.74257,0.00000,0.00000,0.72139,0.00000,0.00000,0.00000,0.00000,1206.68587,-0.02700,-0.11915,0.20445,-0.01517,0.40552,0.72093,-0.07912,0.45922,-0.04235,-0.03008,0.14611,0.26014,0.33780,3.51397,2.02286,0.00000,0.13646,2.39349,2.83023,0.91935,0.91011,0.75000,0.83065,0.82105,0.42857,0.68901
583,0.2806,57409536,61360,0.01667,9.31e-05,0.3365,215.5229,0.00000,0.07800,0.00000,10.00000,1138.82110,0.00000,0.78027,0.00000,0.15600,0.15333,1.77791,4.57953,0.69663,0.67742,0.00000,0.00000,0.71804,0.00000,0.00000,0.00000,0.00000,1220.15584,-0.02704,-0.12035,0.20449,-0.01610,0.40297,0.71751,-0.07937,0.45690,-0.04167,-0.03001,0.14555,0.26044,0.33674,3.44887,4.23000,0.00000,0.13827,2.38116,2.67714,0.95506,0.93651,1.00000,0.82584,0.80800,0.36364,0.68368
584,0.2810,57507840,60305,0.01587,6.47e-05,0.3366,229.2193,0.00000,0.07600,0.00000,10.00000,1147.25445,0.00000,0.85770,0.00000,0.15200,0.15292,1.77124,4.00986,0.78947,0.76404,0.00000,0.00000,0.71328,0.00000,0.00000,0.00000,0.00000,1242.06689,-0.02689,-0.12250,0.20525,-0.01600,0.39976,0.71274,-0.08016,0.45660,-0.04354,-0.03002,0.14537,0.26105,0.33592,3.21973,2.58666,0.00000,0.13955,2.39358,2.51850,0.90351,0.88506,0.75000,0.84649,0.82386,0.42857,0.67961
585,0.2815,57606144,59365,0.01011,9.32e-05,0.3367,214.0450,0.00000,0.07400,0.00000,10.00000,963.91491,0.00000,0.81832,0.00000,0.14800,0.14930,1.75092,4.25442,0.64865,0.73214,0.00000,0.00000,0.71299,0.00000,0.00000,0.00000,0.00000,1256.87231,-0.02714,-0.12412,0.20367,-0.01575,0.39936,0.71249,-0.07993,0.45931,-0.04543,-0.02984,0.14487,0.25879,0.33540,3.37500,2.10250,0.00000,0.13760,2.40511,2.66151,0.86486,0.83019,0.88889,0.75676,0.77982,0.40000,0.67702
586,0.2820,57704448,60001,0.01287,9.24e-05,0.3368,223.7175,0.00000,0.07200,0.00000,10.00000,1019.16327,0.00000,0.82397,0.00000,0.14400,0.14840,1.74752,4.36066,0.73034,0.78082,0.00000,0.00000,0.71358,0.00000,0.00000,0.00000,0.00000,1252.62793,-0.02720,-0.12357,0.20373,-0.01464,0.39843,0.71318,-0.08127,0.46119,-0.04219,-0.02987,0.14595,0.25854,0.33529,3.69059,1.66400,0.00000,0.13636,2.43132,3.00915,0.89888,0.86441,0.83333,0.81461,0.81818,0.35714,0.67646
587,0.2824,57802752,59071,0.01428,8.70e-05,0.3369,208.8644,0.00000,0.07000,0.00000,10.00000,1136.60781,0.00000,0.66667,0.00000,0.14000,0.14693,1.72024,3.98927,0.69412,0.71698,0.00000,0.00000,0.71580,0.00000,0.00000,0.00000,0.00000,1249.75635,-0.02721,-0.12331,0.20336,-0.01525,0.39940,0.71542,-0.08172,0.45926,-0.04497,-0.02987,0.14581,0.25773,0.33621,3.18947,2.47714,0.00000,0.13756,2.44413,2.58222,0.89412,0.83673,0.92308,0.79412,0.77451,0.50000,0.68104
588,0.2829,57901056,59203,0.01462,7.70e-05,0.3370,231.4235,0.00000,0.06800,0.00000,10.00000,1102.83397,0.00000,0.81516,0.00000,0.13600,0.14703,1.71113,4.17796,0.71963,0.67500,0.00000,0.00000,0.71441,0.00000,0.00000,0.00000,0.00000,1247.86971,-0.02713,-0.12312,0.20347,-0.01529,0.39881,0.71399,-0.08174,0.45949,-0.04530,-0.03016,0.14546,0.25818,0.33558,3.39163,2.16286,0.00000,0.13814,2.45900,2.72886,0.87850,0.83117,1.00000,0.79907,0.75159,0.60000,0.67789
589,0.2833,57999360,60644,0.01275,1.00e-04,0.3371,203.1640,0.00000,0.06600,0.00000,10.00000,1052.23382,0.00000,0.71925,0.00000,0.13200,0.15069,1.67787,3.95270,0.61607,0.68831,0.00000,0.00000,0.71098,0.00000,0.00000,0.00000,0.00000,1228.52035,-0.02728,-0.12122,0.20168,-0.01534,0.39818,0.71056,-0.08121,0.45301,-0.04189,-0.02987,0.14364,0.25576,0.33487,3.40785,2.00400,0.00000,0.13746,2.43880,2.96208,0.93750,0.91176,0.92857,0.77679,0.79310,0.39394,0.67433
590,0.2838,58097664,61025,0.01180,1.33e-04,0.3373,225.2768,0.00000,0.06400,0.00000,10.00000,1064.31219,0.00000,0.78108,0.00000,0.12800,0.14781,1.66477,4.31360,0.64356,0.61111,0.00000,0.00000,0.70751,0.00000,0.00000,0.00000,0.00000,1212.41252,-0.02746,-0.11959,0.19958,-0.01465,0.39599,0.70708,-0.08151,0.45343,-0.04133,-0.02974,0.14272,0.25295,0.33455,3.53410,2.68200,0.00000,0.13590,2.43619,2.99278,0.93069,0.90000,1.00000,0.78713,0.75352,0.52941,0.67273
591,0.2843,58195968,60361,0.01340,1.44e-04,0.3375,197.3050,0.00000,0.06200,0.00000,10.00000,1050.98113,0.00000,0.79758,0.00000,0.12400,0.14845,1.62807,3.77480,0.64356,0.62338,0.00000,0.00000,0.70552,0.00000,0.00000,0.00000,0.00000,1210.29997,-0.02759,-0.11958,0.19740,-0.01434,0.39427,0.70513,-0.08114,0.44659,-0.04383,-0.02987,0.14117,0.25014,0.33399,3.03852,2.09200,0.00000,0.13624,2.41938,2.40379,0.82178,0.76471,0.71429,0.73267,0.68966,0.35714,0.66994
592,0.2847,58294272,61099,0.01504,1.67e-04,0.3377,201.6309,0.00000,0.06000,0.00000,10.00000,1007.80113,0.00000,0.80247,0.00000,0.12000,0.14511,1.60734,3.79488,0.62222,0.59091,0.00000,0.00000,0.70164,0.00000,0.00000,0.00000,0.00000,1221.80160,-0.02759,-0.12065,0.19683,-0.01393,0.39107,0.70130,-0.08130,0.44927,-0.04073,-0.02963,0.14110,0.24913,0.33281,3.30747,1.63000,0.00000,0.13552,2.44508,2.93321,0.82222,0.78125,0.66667,0.72222,0.68462,0.30769,0.66407
593,0.2852,58392576,60709,0.01767,9.66e-05,0.3379,209.6787,0.00000,0.05800,0.00000,10.00000,1073.53945,0.00000,0.80247,0.00000,0.11600,0.14620,1.57573,4.34500,0.69136,0.68333,0.00000,0.00000,0.69538,0.00000,0.00000,0.00000,0.00000,1235.33512,-0.02773,-0.12191,0.19508,-0.01309,0.38755,0.69505,-0.08254,0.44701,-0.04462,-0.02956,0.14041,0.24670,0.33176,3.41068,2.10571,0.00000,0.13346,2.45469,2.71390,0.92593,0.91228,0.87500,0.80864,0.79487,0.50000,0.65878
594,0.2856,58490880,61166,0.01560,7.70e-05,0.3380,224.9451,0.00000,0.05600,0.00000,10.00000,1018.24003,0.00000,0.87484,0.00000,0.11200,0.14555,1.56408,3.86091,0.63218,0.62687,0.00000,0.00000,0.69460,0.00000,0.00000,0.00000,0.00000,1228.69857,-0.02770,-0.12131,0.19537,-0.01413,0.38703,0.69422,-0.08363,0.44364,-0.04035,-0.02948,0.13995,0.24748,0.33141,3.23079,3.24000,0.00000,0.13716,2.47227,2.82898,0.90805,0.88571,1.00000,0.77011,0.75912,0.46154,0.65707
595,0.2861,58589184,61342,0.01273,1.11e-04,0.3381,237.9355,0.00000,0.05400,0.00000,10.00000,1101.26423,0.00000,0.83058,0.00000,0.10800,0.14323,1.49465,3.81789,0.71287,0.70130,0.00000,0.00000,0.69743,0.00000,0.00000,0.00000,0.00000,1243.09660,-0.02812,-0.12270,0.19210,-0.01375,0.38800,0.69707,-0.08342,0.43759,-0.04834,-0.02977,0.13721,0.24359,0.33177,3.34651,3.50000,0.00000,0.13796,2.47325,2.97333,0.92079,0.89189,1.00000,0.81683,0.79470,0.40000,0.65887
596,0.2865,58687488,59731,0.01603,8.30e-05,0.3382,208.3448,0.00000,0.05200,0.00000,10.00000,1025.92498,0.00000,0.80499,0.00000,0.10400,0.14459,1.45309,3.61714,0.56122,0.54667,0.00000,0.00000,0.69281,0.00000,0.00000,0.00000,0.00000,1246.18563,-0.02827,-0.12298,0.19000,-0.01407,0.38442,0.69245,-0.08479,0.42965,-0.04679,-0.02982,0.13583,0.24086,0.33061,3.12090,2.65555,0.00000,0.13891,2.47246,2.81884,0.91837,0.89552,0.88889,0.73980,0.71127,0.44444,0.65306
597,0.2870,58785792,59697,0.01097,1.04e-04,0.3383,212.5226,0.00000,0.05000,0.00000,10.00000,1044.56386,0.00000,0.77982,0.00000,0.10000,0.14765,1.41985,3.81961,0.59633,0.58228,0.00000,0.00000,0.68753,0.00000,0.00000,0.00000,0.00000,1244.18245,-0.02849,-0.12269,0.18735,-0.01363,0.38132,0.68716,-0.08432,0.42211,-0.04296,-0.02975,0.13402,0.23783,0.32943,3.15587,2.56667,0.00000,0.13880,2.45301,2.70453,0.90826,0.89189,0.81818,0.75229,0.73203,0.40909,0.64717
598,0.2874,58884096,61730,0.01244,1.50e-04,0.3385,222.5199,0.00000,0.04800,0.00000,10.00000,1003.85452,0.00000,0.82524,0.00000,0.09600,0.14618,1.38748,4.33059,0.61165,0.60000,0.00000,0.00000,0.68165,0.00000,0.00000,0.00000,0.00000,1219.21183,-0.02861,-0.12040,0.18495,-0.01318,0.37744,0.68120,-0.08500,0.42138,-0.04424,-0.02949,0.13199,0.23448,0.32800,3.59951,3.04571,0.00000,0.13628,2.44822,3.08166,0.91262,0.89041,0.87500,0.76214,0.73856,0.43750,0.64000
599,0.2879,58982400,61488,0.01470,1.20e-04,0.3386,220.1586,0.00000,0.04600,0.00000,10.00000,964.15226,0.00000,0.82766,0.00000,0.09200,0.14401,1.33666,3.37846,0.50000,0.45946,0.00000,0.00000,0.67739,0.00000,0.00000,0.00000,0.00000,1222.45549,-0.02882,-0.12073,0.18251,-0.01292,0.37497,0.67702,-0.08575,0.41697,-0.04689,-0.02936,0.13012,0.23095,0.32703,2.94962,3.22333,0.00000,0.13600,2.44370,2.70000,0.84694,0.81944,0.75000,0.67347,0.63699,0.35294,0.63513
600,0.2884,59080704,60781,0.01643,1.12e-04,0.3387,208.5525,0.00000,0.04600,0.00000,10.00000,951.80129,0.00000,0.80808,0.00000,0.09200,0.14218,1.31420,3.98322,0.45455,0.37838,0.00000,0.00000,0.67255,0.00000,0.00000,0.00000,0.00000,1221.94092,-0.02897,-0.12062,0.18156,-0.01323,0.37313,0.67223,-0.08525,0.41582,-0.04407,-0.02938,0.12978,0.22958,0.32649,3.09899,2.49000,0.00000,0.13595,2.45691,2.69588,0.86869,0.82857,0.88889,0.66162,0.59722,0.47059,0.63244
601,0.2888,59179008,61836,0.02354,6.46e-05,0.3388,224.0249,0.00000,0.04600,0.00000,10.00000,967.47477,0.00000,0.86227,0.00000,0.09200,0.14082,1.29363,3.90594,0.52083,0.48611,0.00000,0.00000,0.66635,0.00000,0.00000,0.00000,0.00000,1206.30078,-0.02891,-0.11921,0.17915,-0.01277,0.37053,0.66603,-0.08610,0.41127,-0.04041,-0.02931,0.12826,0.22683,0.32513,3.15405,2.32400,0.00000,0.13644,2.45197,2.77811,0.91667,0.89610,1.00000,0.71875,0.69799,0.35714,0.62563
602,0.2893,59277312,61472,0.00972,9.31e-05,0.3389,229.4659,0.00000,0.04600,0.00000,10.00000,995.32982,0.00000,0.79665,0.00000,0.09200,0.14209,1.22305,4.17946,0.51887,0.45455,0.00000,0.00000,0.66410,0.00000,0.00000,0.00000,0.00000,1221.02311,-0.02928,-0.12065,0.17536,-0.01268,0.36785,0.66379,-0.08637,0.40107,-0.04705,-0.02943,0.12581,0.22219,0.32484,3.28360,2.03500,0.00000,0.13687,2.43849,2.83567,0.89623,0.88000,0.80000,0.70755,0.66447,0.42105,0.62419
603,0.2897,59375616,61200,0.01226,7.61e-05,0.3390,252.0359,0.00000,0.04600,0.00000,10.00000,1013.15108,0.00000,0.78303,0.00000,0.09200,0.14374,1.16421,3.96367,0.55906,0.51087,0.00000,0.00000,0.65955,0.00000,0.00000,0.00000,0.00000,1207.10181,-0.02959,-0.11934,0.17130,-0.01290,0.36576,0.65916,-0.08726,0.39063,-0.04605,-0.02978,0.12248,0.21712,0.32429,3.17606,2.64000,0.00000,0.13689,2.42089,2.68128,0.84252,0.78161,0.90000,0.70079,0.64246,0.42857,0.62146
604,0.2902,59473920,61349,0.01029,1.10e-04,0.3392,230.4050,0.00000,0.04600,0.00000,10.00000,970.01199,0.00000,0.83979,0.00000,0.09200,0.14793,1.11499,3.84615,0.44186,0.34328,0.00000,0.00000,0.65374,0.00000,0.00000,0.00000,0.00000,1238.08040,-0.03001,-0.12234,0.16887,-0.01249,0.36259,0.65335,-0.08736,0.38172,-0.04997,-0.02930,0.11983,0.21371,0.32303,3.11435,3.15500,0.00000,0.13716,2.41244,2.79186,0.89535,0.85714,1.00000,0.66860,0.59231,0.50000,0.61514
605,0.2906,59572224,61098,0.01204,1.44e-04,0.3393,230.3663,0.00000,0.04600,0.00000,10.00000,976.44043,0.00000,0.83333,0.00000,0.09200,0.14434,1.10337,3.98518,0.40385,0.30120,0.00000,0.00000,0.65234,0.00000,0.00000,0.00000,0.00000,1249.30143,-0.03028,-0.12342,0.16679,-0.01183,0.35895,0.65204,-0.08825,0.38074,-0.04952,-0.02982,0.11877,0.21111,0.32233,3.16916,2.74000,0.00000,0.13610,2.41221,2.84985,0.92308,0.89041,1.00000,0.66346,0.57692,0.50000,0.61165
606,0.2911,59670528,61401,0.02031,8.35e-05,0.3394,202.9018,0.00000,0.04600,0.00000,10.00000,866.28375,0.00000,0.79772,0.00000,0.09200,0.15018,1.09577,4.13444,0.30769,0.26667,0.00000,0.00000,0.64898,0.00000,0.00000,0.00000,0.00000,1250.33610,-0.03019,-0.12362,0.16836,-0.01229,0.35761,0.64865,-0.08824,0.38007,-0.04991,-0.02936,0.12012,0.21362,0.32156,3.06197,3.40000,0.00000,0.13739,2.42926,2.69773,0.87179,0.84615,0.80000,0.58974,0.53571,0.40000,0.60780
607,0.2915,59768832,60897,0.01336,9.32e-05,0.3396,219.3230,0.00000,0.04600,0.00000,10.00000,889.60829,0.00000,0.79758,0.00000,0.09200,0.14850,1.10050,3.99182,0.32673,0.25974,0.00000,0.00000,0.64916,0.00000,0.00000,0.00000,0.00000,1265.85783,-0.02990,-0.12496,0.16959,-0.01272,0.35871,0.64891,-0.08799,0.38368,-0.05038,-0.02959,0.12019,0.21485,0.32162,2.78878,1.80400,0.00000,0.13695,2.44447,2.34767,0.84158,0.79412,0.71429,0.58416,0.51034,0.27778,0.60811
608,0.2920,59867136,61356,0.01193,1.11e-04,0.3397,238.1913,0.00000,0.04600,0.00000,10.00000,970.77958,0.00000,0.74074,0.00000,0.09200,0.14522,1.09755,3.99600,0.41667,0.32203,0.00000,0.00000,0.65367,0.00000,0.00000,0.00000,0.00000,1260.99235,-0.02997,-0.12457,0.17002,-0.01294,0.36082,0.65340,-0.08883,0.38352,-0.05102,-0.02976,0.12045,0.21529,0.32303,3.13753,3.46000,0.00000,0.13888,2.45892,2.81358,0.88095,0.81132,1.00000,0.64881,0.55357,0.52632,0.61514
609,0.2924,59965440,61718,0.01094,1.31e-04,0.3398,226.0773,0.00000,0.04600,0.00000,10.00000,890.72876,0.00000,0.85761,0.00000,0.09200,0.14918,1.08557,4.31154,0.36893,0.26582,0.00000,0.00000,0.65332,0.00000,0.00000,0.00000,0.00000,1263.86841,-0.03003,-0.12483,0.16946,-0.01310,0.36101,0.65302,-0.08911,0.38144,-0.05046,-0.02975,0.12016,0.21467,0.32298,3.17056,3.42000,0.00000,0.13822,2.45597,2.79975,0.89320,0.86250,1.00000,0.63107,0.56604,0.58824,0.61492
610,0.2929,60063744,61403,0.01427,1.25e-04,0.3399,238.6995,0.00000,0.04600,0.00000,10.00000,880.11109,0.00000,0.78307,0.00000,0.09200,0.15070,1.07212,3.96400,0.27619,0.16216,0.00000,0.00000,0.65502,0.00000,0.00000,0.00000,0.00000,1277.47681,-0.03008,-0.12621,0.16823,-0.01272,0.36265,0.65471,-0.08830,0.38041,-0.05198,-0.03007,0.11919,0.21327,0.32346,2.78454,3.25333,0.00000,0.13668,2.44871,2.54219,0.86667,0.82432,0.90000,0.57143,0.49324,0.37500,0.61730
611,0.2933,60162048,61847,0.01391,1.43e-04,0.3400,243.2687,0.00000,0.04600,0.00000,10.00000,910.69856,0.00000,0.79154,0.00000,0.09200,0.15136,1.07359,4.64476,0.34513,0.20482,0.00000,0.00000,0.65686,0.00000,0.00000,0.00000,0.00000,1269.81185,-0.03009,-0.12543,0.16770,-0.01266,0.36342,0.65657,-0.08917,0.37809,-0.05128,-0.03022,0.11857,0.21259,0.32392,3.26881,3.54000,0.00000,0.13724,2.44031,2.86750,0.86726,0.83333,0.77778,0.60619,0.50932,0.41176,0.61961
612,0.2938,60260352,61539,0.01177,1.24e-04,0.3402,231.9912,0.00000,0.04600,0.00000,10.00000,841.17756,0.00000,0.86353,0.00000,0.09200,0.14912,1.08453,4.29428,0.29348,0.24675,0.00000,0.00000,0.65705,0.00000,0.00000,0.00000,0.00000,1264.28768,-0.03002,-0.12498,0.16850,-0.01323,0.36401,0.65675,-0.08845,0.37997,-0.05010,-0.02997,0.11841,0.21353,0.32375,3.33558,3.27714,0.00000,0.13791,2.43735,3.02584,0.89130,0.84848,1.00000,0.59239,0.52448,0.50000,0.61876
613,0.2942,60358656,61176,0.01401,1.09e-04,0.3403,197.2246,0.00000,0.04600,0.00000,10.00000,848.41815,0.00000,0.87121,0.00000,0.09200,0.14810,1.09530,4.37894,0.29545,0.22857,0.00000,0.00000,0.65522,0.00000,0.00000,0.00000,0.00000,1279.02002,-0.03002,-0.12636,0.17017,-0.01305,0.36167,0.65490,-0.08866,0.38450,-0.05288,-0.02983,0.11986,0.21559,0.32276,2.81591,2.63750,0.00000,0.13789,2.45625,2.38551,0.90909,0.88235,1.00000,0.60227,0.55072,0.46667,0.61378
614,0.2946,60456960,61953,0.01694,9.13e-05,0.3404,211.9333,0.00000,0.04600,0.00000,10.00000,887.46605,0.00000,0.84362,0.00000,0.09200,0.14550,1.11873,6.09000,0.29630,0.18750,0.00000,0.00000,0.65459,0.00000,0.00000,0.00000,0.00000,1270.47176,-0.02991,-0.12547,0.17080,-0.01278,0.36161,0.65433,-0.08923,0.39076,-0.04787,-0.02978,0.12082,0.21640,0.32235,3.33371,2.88000,0.00000,0.13573,2.47799,2.76345,0.92593,0.89831,1.00000,0.61111,0.52846,0.44444,0.61176
615,0.2951,60555264,61199,0.01617,7.25e-05,0.3405,199.6217,0.00000,0.04600,0.00000,10.00000,895.03528,0.00000,0.77320,0.00000,0.09200,0.14602,1.11698,3.25000,0.24742,0.13699,0.00000,0.00000,0.65602,0.00000,0.00000,0.00000,0.00000,1270.95898,-0.02961,-0.12562,0.17285,-0.01322,0.36366,0.65573,-0.08904,0.39515,-0.05081,-0.02999,0.12218,0.21916,0.32326,2.76101,2.29714,0.00000,0.13596,2.50716,2.65569,0.92784,0.91935,0.75000,0.58763,0.49630,0.33333,0.61629
616,0.2956,60653568,60972,0.01481,5.28e-05,0.3406,200.2550,0.00000,0.04600,0.00000,10.00000,805.38113,0.00000,0.92593,0.00000,0.09200,0.14556,1.10868,4.26500,0.26882,0.18987,0.00000,0.00000,0.66090,0.00000,0.00000,0.00000,0.00000,1247.46655,-0.02960,-0.12344,0.17248,-0.01304,0.36736,0.66061,-0.08856,0.39705,-0.05046,-0.02986,0.12219,0.21835,0.32464,3.14298,1.82000,0.00000,0.13392,2.51148,2.75828,0.86022,0.85526,0.60000,0.56452,0.51613,0.33333,0.62319
617,0.2960,60751872,61133,0.00912,8.35e-05,0.3407,230.2370,0.00000,0.04600,0.00000,10.00000,943.87671,0.00000,0.77249,0.00000,0.09200,0.14969,1.09885,4.77000,0.42857,0.32877,0.00000,0.00000,0.66070,0.00000,0.00000,0.00000,0.00000,1253.05973,-0.02974,-0.12392,0.17380,-0.01312,0.36660,0.66042,-0.08853,0.39646,-0.05212,-0.03000,0.12274,0.22006,0.32415,3.49979,2.85666,0.00000,0.13456,2.52641,2.99171,0.89524,0.87671,0.71429,0.66190,0.60274,0.27778,0.62074
618,0.2965,60850176,61717,0.01325,8.05e-05,0.3408,216.8660,0.00000,0.04800,0.00000,10.00000,951.98508,0.00000,0.77778,0.00000,0.09600,0.15077,1.11161,3.66266,0.30000,0.16438,0.00000,0.00000,0.66249,0.00000,0.00000,0.00000,0.00000,1239.28198,-0.02972,-0.12249,0.17415,-0.01340,0.36713,0.66216,-0.08876,0.39588,-0.04534,-0.02992,0.12264,0.22065,0.32368,2.87833,3.39143,0.00000,0.13525,2.52832,2.70782,0.94000,0.92537,0.87500,0.62000,0.52857,0.41176,0.61840
619,0.2969,60948480,61449,0.01233,8.59e-05,0.3409,216.2562,0.00000,0.05000,0.00000,10.00000,905.26109,0.00000,0.82837,0.00000,0.10000,0.14902,1.11206,3.60210,0.31250,0.18391,0.00000,0.00000,0.66381,0.00000,0.00000,0.00000,0.00000,1254.05973,-0.02971,-0.12392,0.17374,-0.01415,0.36763,0.66349,-0.08758,0.39678,-0.05215,-0.03014,0.12227,0.22003,0.32482,2.82547,2.08400,0.00000,0.13458,2.51346,2.63131,0.89286,0.87500,0.66667,0.60268,0.51497,0.33333,0.62410
620,0.2974,61046784,61336,0.01213,1.16e-04,0.3410,209.5802,0.00000,0.05200,0.00000,10.00000,830.28906,0.00000,0.83937,0.00000,0.10400,0.15125,1.13774,4.59200,0.25000,0.17808,0.00000,0.00000,0.66694,0.00000,0.00000,0.00000,0.00000,1250.01823,-0.02949,-0.12356,0.17542,-0.01360,0.36930,0.66658,-0.08747,0.39967,-0.05567,-0.03016,0.12365,0.22227,0.32512,3.08023,2.56600,0.00000,0.13427,2.51936,2.75628,0.93478,0.90909,1.00000,0.59239,0.52518,0.52632,0.62560
621,0.2978,61145088,61595,0.01428,1.31e-04,0.3412,205.1140,0.00000,0.05400,0.00000,10.00000,895.88691,0.00000,0.78108,0.00000,0.10800,0.15286,1.18065,3.63000,0.33663,0.24658,0.00000,0.00000,0.66875,0.00000,0.00000,0.00000,0.00000,1243.18164,-0.02930,-0.12293,0.17809,-0.01354,0.37190,0.66834,-0.08676,0.40511,-0.05373,-0.03031,0.12570,0.22541,0.32547,3.18630,2.52727,0.00000,0.13350,2.51611,3.04686,0.91089,0.86957,1.00000,0.62376,0.54930,0.45455,0.62733
622,0.2982,61243392,61394,0.01573,1.31e-04,0.3413,211.8942,0.00000,0.05600,0.00000,10.00000,917.95036,0.00000,0.79686,0.00000,0.11200,0.15423,1.21059,4.61517,0.37374,0.30769,0.00000,0.00000,0.66977,0.00000,0.00000,0.00000,0.00000,1229.07739,-0.02923,-0.12151,0.17788,-0.01327,0.37226,0.66940,-0.08686,0.40320,-0.04697,-0.03025,0.12543,0.22512,0.32604,3.49032,2.27143,0.00000,0.13363,2.49553,2.98062,0.90909,0.87500,0.87500,0.64141,0.56338,0.43750,0.63018
623,0.2987,61341696,62495,0.01700,1.01e-04,0.3415,237.2885,0.00000,0.05800,0.00000,10.00000,924.64450,0.00000,0.80080,0.00000,0.11600,0.15364,1.22446,4.45538,0.38739,0.28395,0.00000,0.00000,0.67451,0.00000,0.00000,0.00000,0.00000,1283.01090,-0.02929,-0.12677,0.17793,-0.01378,0.37481,0.67421,-0.08567,0.40283,-0.05300,-0.03071,0.12520,0.22552,0.32736,3.10500,3.45333,0.00000,0.13443,2.46972,2.65487,0.88288,0.83544,1.00000,0.63514,0.55625,0.47368,0.63680
624,0.2991,61440000,62243,0.01125,1.31e-04,0.3416,214.7957,0.00000,0.06000,0.00000,10.00000,863.99360,0.00000,0.83812,0.00000,0.12000,0.15466,1.23418,5.10880,0.31897,0.23656,0.00000,0.00000,0.68155,0.00000,0.00000,0.00000,0.00000,1283.17887,-0.02947,-0.12680,0.17696,-0.01377,0.37644,0.68124,-0.08621,0.40012,-0.05410,-0.03084,0.12469,0.22449,0.32761,3.17250,2.34000,0.00000,0.13457,2.44324,2.55975,0.89655,0.85366,1.00000,0.60776,0.52571,0.50000,0.63807
625,0.2996,61538304,61826,0.01545,1.41e-04,0.3417,224.6082,0.00000,0.06200,0.00000,10.00000,908.28933,0.00000,0.83021,0.00000,0.12400,0.15739,1.28560,4.79894,0.39326,0.27941,0.00000,0.00000,0.68133,0.00000,0.00000,0.00000,0.00000,1267.56006,-0.02941,-0.12515,0.17967,-0.01429,0.37508,0.68099,-0.08647,0.40451,-0.04943,-0.03050,0.12680,0.22779,0.32693,3.53381,3.35000,0.00000,0.13397,2.43981,3.16400,0.94382,0.93846,0.80000,0.66854,0.60150,0.40000,0.63463
626,0.3000,61636608,61242,0.01848,7.25e-05,0.3419,234.6798,0.00000,0.06400,0.00000,10.00000,879.18719,0.00000,0.88009,0.00000,0.12800,0.15330,1.30259,4.59571,0.38614,0.30488,0.00000,0.00000,0.67978,0.00000,0.00000,0.00000,0.00000,1289.27791,-0.02900,-0.12742,0.18132,-0.01431,0.37645,0.67950,-0.08485,0.40913,-0.05574,-0.03072,0.12749,0.23002,0.32711,3.25384,1.63714,0.00000,0.13529,2.43739,2.75947,0.89109,0.87179,0.83333,0.63861,0.58125,0.45455,0.63553
627,0.3005,61734912,62096,0.01218,7.77e-05,0.3420,245.8217,0.00000,0.06600,0.00000,10.00000,959.78062,0.00000,0.71852,0.00000,0.13200,0.15367,1.35446,5.14900,0.37333,0.32692,0.00000,0.00000,0.68704,0.00000,0.00000,0.00000,0.00000,1296.66805,-0.02895,-0.12815,0.18572,-0.01442,0.37892,0.68672,-0.08504,0.41905,-0.05289,-0.03068,0.13064,0.23573,0.32862,3.21803,2.14000,0.00000,0.13522,2.48473,2.46078,0.94667,0.95556,0.80000,0.66000,0.61856,0.36364,0.64310
628,0.3009,61833216,61446,0.01409,7.77e-05,0.3421,206.3363,0.00000,0.06800,0.00000,10.00000,902.83847,0.00000,0.79365,0.00000,0.13600,0.15398,1.39958,5.04666,0.39048,0.30769,0.00000,0.00000,0.69552,0.00000,0.00000,0.00000,0.00000,1275.67806,-0.02850,-0.12606,0.18871,-0.01492,0.38334,0.69517,-0.08535,0.42684,-0.05086,-0.03090,0.13314,0.23932,0.33017,3.26185,2.84000,0.00000,0.13423,2.50357,2.67507,0.88571,0.84722,0.91667,0.63810,0.56667,0.50000,0.65084
629,0.3014,61931520,62058,0.01465,7.16e-05,0.3421,207.3636,0.00000,0.07000,0.00000,10.00000,943.50017,0.00000,0.79976,0.00000,0.14000,0.15285,1.42782,5.84370,0.42857,0.35821,0.00000,0.00000,0.69725,0.00000,0.00000,0.00000,0.00000,1274.84090,-0.02825,-0.12600,0.19164,-0.01531,0.38675,0.69694,-0.08431,0.43436,-0.05402,-0.03078,0.13541,0.24306,0.33095,3.62968,2.05250,0.00000,0.13381,2.50846,2.75059,0.94505,0.93750,0.88889,0.68681,0.64122,0.44444,0.65477
630,0.3018,62029824,61619,0.00975,1.03e-04,0.3422,210.7435,0.00000,0.07000,0.00000,10.00000,860.48328,0.00000,0.87778,0.00000,0.14000,0.15258,1.45764,5.33782,0.54000,0.51190,0.00000,0.00000,0.70177,0.00000,0.00000,0.00000,0.00000,1270.11304,-0.02824,-0.12550,0.19283,-0.01528,0.38844,0.70142,-0.08362,0.43814,-0.05346,-0.03092,0.13647,0.24475,0.33134,3.98265,2.02800,0.00000,0.13317,2.50236,3.05224,0.84000,0.81081,0.71429,0.69000,0.65190,0.41667,0.65668
631,0.3023,62128128,61651,0.01470,9.24e-05,0.3424,216.5203,0.00000,0.07000,0.00000,10.00000,936.56993,0.00000,0.79288,0.00000,0.14000,0.15637,1.49042,5.38051,0.47573,0.46053,0.00000,0.00000,0.70968,0.00000,0.00000,0.00000,0.00000,1273.09969,-0.02825,-0.12583,0.19298,-0.01585,0.39320,0.70928,-0.08330,0.43442,-0.05173,-0.03124,0.13642,0.24572,0.33307,3.69834,2.82166,0.00000,0.13435,2.47498,2.89829,0.97087,0.95775,1.00000,0.72330,0.70068,0.48000,0.66536
632,0.3027,62226432,62101,0.01483,9.13e-05,0.3426,217.6604,0.00000,0.07000,0.00000,10.00000,960.90935,0.00000,0.79023,0.00000,0.14000,0.15452,1.53743,5.74368,0.50862,0.44444,0.00000,0.00000,0.70819,0.00000,0.00000,0.00000,0.00000,1256.23112,-0.02813,-0.12412,0.19495,-0.01554,0.39346,0.70784,-0.08313,0.43820,-0.05049,-0.03123,0.13746,0.24774,0.33345,3.74393,2.22222,0.00000,0.13529,2.45833,2.83928,0.92241,0.89286,1.00000,0.71552,0.67273,0.42857,0.66725
633,0.3031,62324736,62812,0.01391,9.66e-05,0.3427,189.1094,0.00000,0.07000,0.00000,10.00000,963.12131,0.00000,0.87302,0.00000,0.14000,0.15269,1.57949,5.48055,0.53846,0.43056,0.00000,0.00000,0.70872,0.00000,0.00000,0.00000,0.00000,1258.90259,-0.02803,-0.12441,0.19728,-0.01573,0.39423,0.70834,-0.08272,0.44388,-0.04494,-0.03085,0.13886,0.25022,0.33367,3.93091,1.88000,0.00000,0.13563,2.45481,3.04539,0.90110,0.87324,1.00000,0.71978,0.65035,0.50000,0.66835
634,0.3036,62423040,62280,0.01380,1.16e-04,0.3428,195.3261,0.00000,0.07000,0.00000,10.00000,898.85109,0.00000,0.80321,0.00000,0.14000,0.15007,1.61286,4.43923,0.40964,0.37500,0.00000,0.00000,0.70559,0.00000,0.00000,0.00000,0.00000,1233.86491,-0.02757,-0.12192,0.20071,-0.01550,0.39312,0.70517,-0.08237,0.45593,-0.04561,-0.03062,0.14177,0.25437,0.33281,3.31481,2.24400,0.00000,0.13423,2.48229,2.78327,0.89157,0.89286,0.62500,0.65060,0.61667,0.29412,0.66404
635,0.3040,62521344,62183,0.01506,7.70e-05,0.3429,200.5671,0.00000,0.07000,0.00000,10.00000,930.00731,0.00000,0.87607,0.00000,0.14000,0.14785,1.65817,4.86457,0.56410,0.53846,0.00000,0.00000,0.70529,0.00000,0.00000,0.00000,0.00000,1197.68815,-0.02740,-0.11852,0.20351,-0.01515,0.39527,0.70495,-0.08142,0.46752,-0.04253,-0.03024,0.14505,0.25773,0.33306,3.77182,3.06000,0.00000,0.13203,2.50846,3.05019,0.87179,0.82759,1.00000,0.71795,0.67480,0.50000,0.66528
636,0.3045,62619648,61968,0.01374,6.96e-05,0.3430,180.4583,0.00000,0.07000,0.00000,10.00000,957.39163,0.00000,0.81040,0.00000,0.14000,0.14781,1.69113,4.71319,0.55963,0.55422,0.00000,0.00000,0.71311,0.00000,0.00000,0.00000,0.00000,1227.44206,-0.02729,-0.12131,0.20561,-0.01530,0.39842,0.71281,-0.08159,0.47292,-0.04557,-0.03054,0.14683,0.26056,0.33428,3.59933,2.78000,0.00000,0.13158,2.51315,2.88219,0.88991,0.85526,0.85714,0.72477,0.69811,0.33333,0.67141
637,0.3049,62717952,62568,0.01427,7.77e-05,0.3431,192.8539,0.00000,0.07000,0.00000,10.00000,1002.35891,0.00000,0.82011,0.00000,0.14000,0.14659,1.71137,4.75737,0.57143,0.52308,0.00000,0.00000,0.71763,0.00000,0.00000,0.00000,0.00000,1231.01685,-0.02727,-0.12153,0.20349,-0.01419,0.40053,0.71726,-0.08187,0.47140,-0.04390,-0.03073,0.14610,0.25832,0.33564,3.53422,2.37200,0.00000,0.13057,2.48228,2.64038,0.86905,0.81356,1.00000,0.72024,0.66129,0.44444,0.67819
638,0.3054,62816256,62436,0.01275,9.83e-05,0.3432,218.1163,0.00000,0.07000,0.00000,10.00000,1063.01534,0.00000,0.71717,0.00000,0.14000,0.14869,1.70999,4.21360,0.60909,0.60000,0.00000,0.00000,0.71722,0.00000,0.00000,0.00000,0.00000,1244.52368,-0.02721,-0.12287,0.20372,-0.01527,0.40076,0.71684,-0.08145,0.46820,-0.04787,-0.03099,0.14593,0.25898,0.33595,3.29603,2.52909,0.00000,0.13206,2.47154,2.64986,0.90909,0.88060,0.83333,0.75909,0.73239,0.40000,0.67976
639,0.3058,62914560,62425,0.01348,1.25e-04,0.3433,215.3045,0.00000,0.07000,0.00000,10.00000,1038.31955,0.00000,0.80610,0.00000,0.14000,0.14849,1.70542,4.82145,0.70588,0.68919,0.00000,0.00000,0.71825,0.00000,0.00000,0.00000,0.00000,1222.80501,-0.02737,-0.12083,0.20318,-0.01512,0.40079,0.71791,-0.08150,0.46626,-0.04714,-0.03088,0.14527,0.25826,0.33626,3.62636,2.06909,0.00000,0.13257,2.46204,2.77273,0.90196,0.86486,1.00000,0.80392,0.77703,0.58824,0.68129
640,0.3063,63012864,61854,0.02730,5.59e-05,0.3434,206.5425,0.00000,0.07000,0.00000,10.00000,1062.73714,0.00000,0.79293,0.00000,0.14000,0.15153,1.69131,4.34528,0.66364,0.59524,0.00000,0.00000,0.71618,0.00000,0.00000,0.00000,0.00000,1237.99666,-0.02747,-0.12214,0.20260,-0.01550,0.39935,0.71584,-0.08147,0.45657,-0.04719,-0.03107,0.14403,0.25783,0.33566,3.54213,3.00000,0.00000,0.13648,2.43744,2.92522,0.90000,0.87671,0.66667,0.78182,0.72611,0.44444,0.67832
641,0.3067,63111168,62315,0.01285,6.34e-05,0.3435,196.5016,0.00000,0.07000,0.00000,10.00000,1019.42668,0.00000,0.71429,0.00000,0.14000,0.15195,1.70707,4.37764,0.54945,0.50847,0.00000,0.00000,0.71725,0.00000,0.00000,0.00000,0.00000,1233.86035,-0.02740,-0.12196,0.20349,-0.01560,0.40029,0.71687,-0.08168,0.46004,-0.04779,-0.03086,0.14451,0.25864,0.33581,3.24769,1.98444,0.00000,0.13506,2.44146,2.57368,0.85714,0.82759,0.70000,0.70330,0.66667,0.31818,0.67906
642,0.3071,63209472,62255,0.01354,7.25e-05,0.3436,220.9461,0.00000,0.07000,0.00000,10.00000,1080.81774,0.00000,0.77320,0.00000,0.14000,0.15093,1.70598,4.30784,0.67010,0.69565,0.00000,0.00000,0.71620,0.00000,0.00000,0.00000,0.00000,1242.04932,-0.02742,-0.12265,0.20224,-0.01530,0.39958,0.71581,-0.08167,0.45969,-0.04881,-0.03085,0.14465,0.25702,0.33533,3.42118,2.81500,0.00000,0.13404,2.43504,2.74627,0.91753,0.90909,0.77778,0.79381,0.80000,0.35000,0.67666
643,0.3076,63307776,62125,0.01636,6.42e-05,0.3437,235.2928,0.00000,0.07000,0.00000,10.00000,982.12153,0.00000,0.83333,0.00000,0.14000,0.15350,1.69346,4.57785,0.62037,0.61628,0.00000,0.00000,0.71296,0.00000,0.00000,0.00000,0.00000,1235.96729,-0.02757,-0.12218,0.20157,-0.01557,0.39828,0.71261,-0.08120,0.45482,-0.04899,-0.03106,0.14363,0.25647,0.33432,3.63428,2.54000,0.00000,0.13489,2.42147,2.87943,0.87963,0.84211,0.83333,0.75000,0.72222,0.35714,0.67162
644,0.3080,63406080,61947,0.01359,8.35e-05,0.3438,217.3700,0.00000,0.07000,0.00000,10.00000,1029.81325,0.00000,0.80409,0.00000,0.14000,0.15200,1.68329,4.15035,0.61404,0.58621,0.00000,0.00000,0.71626,0.00000,0.00000,0.00000,0.00000,1225.22917,-0.02772,-0.12108,0.20116,-0.01546,0.39899,0.71596,-0.08157,0.45214,-0.04750,-0.03111,0.14330,0.25539,0.33535,3.36717,2.06444,0.00000,0.13636,2.41746,2.78240,0.88596,0.84615,0.88889,0.75000,0.70909,0.47059,0.67674
645,0.3085,63504384,61882,0.01310,8.35e-05,0.3440,241.1292,0.00000,0.07000,0.00000,10.00000,1063.76848,0.00000,0.78526,0.00000,0.14000,0.15420,1.67022,4.18440,0.69231,0.70130,0.00000,0.00000,0.71795,0.00000,0.00000,0.00000,0.00000,1248.01994,-0.02783,-0.12312,0.19952,-0.01592,0.40024,0.71759,-0.08172,0.44450,-0.04773,-0.03148,0.14092,0.25331,0.33660,3.43740,1.58667,0.00000,0.13773,2.38551,2.82528,0.91346,0.92857,0.60000,0.80288,0.80952,0.31579,0.68302
646,0.3089,63602688,61741,0.01328,8.35e-05,0.3441,219.7332,0.00000,0.07000,0.00000,10.00000,1045.04902,0.00000,0.89133,0.00000,0.14000,0.15526,1.69431,4.00731,0.64835,0.65385,0.00000,0.00000,0.71344,0.00000,0.00000,0.00000,0.00000,1257.24593,-0.02788,-0.12407,0.20073,-0.01592,0.39720,0.71307,-0.08225,0.44627,-0.04670,-0.03093,0.14207,0.25470,0.33546,3.18881,1.62000,0.00000,0.13703,2.38554,2.54394,0.93407,0.94118,0.33333,0.79121,0.78767,0.12500,0.67730
647,0.3094,63700992,61536,0.01117,1.01e-04,0.3442,202.2730,0.00000,0.07000,0.00000,10.00000,1145.77294,0.00000,0.78605,0.00000,0.14000,0.15290,1.67075,3.71560,0.72340,0.68657,0.00000,0.00000,0.70837,0.00000,0.00000,0.00000,0.00000,1260.28247,-0.02792,-0.12441,0.19932,-0.01493,0.39400,0.70799,-0.08225,0.44585,-0.04927,-0.03114,0.14119,0.25267,0.33395,3.31221,1.62000,0.00000,0.13684,2.37900,2.99206,0.91489,0.87879,1.00000,0.81915,0.78195,0.44444,0.66974
648,0.3098,63799296,61782,0.01475,7.60e-05,0.3443,215.8976,0.00000,0.07000,0.00000,10.00000,1031.25043,0.00000,0.75092,0.00000,0.14000,0.15147,1.66618,4.32222,0.62637,0.64516,0.00000,0.00000,0.70698,0.00000,0.00000,0.00000,0.00000,1258.75000,-0.02786,-0.12420,0.20028,-0.01535,0.39215,0.70660,-0.08264,0.44916,-0.04724,-0.03109,0.14171,0.25389,0.33332,3.42654,2.17428,0.00000,0.13713,2.41620,2.74339,0.89011,0.86885,0.71429,0.75824,0.75610,0.26316,0.66658
649,0.3103,63897600,61627,0.01205,8.35e-05,0.3444,216.3486,0.00000,0.07000,0.00000,10.00000,1016.06087,0.00000,0.76968,0.00000,0.14000,0.15031,1.66181,3.89320,0.58333,0.63014,0.00000,0.00000,0.70853,0.00000,0.00000,0.00000,0.00000,1253.94198,-0.02772,-0.12383,0.20173,-0.01586,0.39473,0.70813,-0.08195,0.45273,-0.04707,-0.03101,0.14301,0.25589,0.33398,3.32956,3.79500,0.00000,0.13809,2.44404,2.89600,0.93750,0.95000,0.72727,0.76042,0.77444,0.33333,0.66988
650,0.3107,63995904,62208,0.01230,9.32e-05,0.3445,201.0327,0.00000,0.07000,0.00000,10.00000,990.59006,0.00000,0.85518,0.00000,0.14000,0.15069,1.66997,4.44920,0.70787,0.72727,0.00000,0.00000,0.71450,0.00000,0.00000,0.00000,0.00000,1261.85645,-0.02771,-0.12466,0.20303,-0.01523,0.39785,0.71415,-0.08236,0.45861,-0.05192,-0.03093,0.14409,0.25752,0.33510,3.38666,2.20800,0.00000,0.13588,2.46565,2.55656,0.83146,0.80282,0.83333,0.76966,0.76642,0.35714,0.67550
651,0.3112,64094208,61686,0.01456,8.05e-05,0.3447,185.2334,0.00000,0.06800,0.00000,10.00000,1078.31717,0.00000,0.81516,0.00000,0.13600,0.15223,1.66779,3.99555,0.72897,0.75000,0.00000,0.00000,0.71834,0.00000,0.00000,0.00000,0.00000,1242.27979,-0.02761,-0.12273,0.20343,-0.01648,0.40048,0.71800,-0.08261,0.45627,-0.04947,-0.03109,0.14396,0.25818,0.33566,3.36042,2.87111,0.00000,0.13730,2.47233,2.84743,0.91589,0.89610,0.88889,0.82243,0.82166,0.44444,0.67828
652,0.3116,64192512,62221,0.01288,9.24e-05,0.3448,181.2762,0.00000,0.06600,0.00000,10.00000,1041.99826,0.00000,0.74635,0.00000,0.13200,0.14948,1.68117,4.10212,0.65657,0.65672,0.00000,0.00000,0.71792,0.00000,0.00000,0.00000,0.00000,1207.95931,-0.02755,-0.11925,0.20331,-0.01562,0.40133,0.71754,-0.08197,0.45953,-0.04493,-0.03094,0.14411,0.25804,0.33661,3.46631,2.98000,0.00000,0.13685,2.47314,3.02030,0.89899,0.87879,0.81818,0.77778,0.76692,0.40909,0.68306
653,0.3121,64290816,61623,0.01517,7.61e-05,0.3449,180.6386,0.00000,0.06400,0.00000,10.00000,987.50611,0.00000,0.79227,0.00000,0.12800,0.15319,1.67722,4.15051,0.63478,0.65116,0.00000,0.00000,0.71657,0.00000,0.00000,0.00000,0.00000,1213.30314,-0.02750,-0.11990,0.20406,-0.01646,0.40120,0.71624,-0.08131,0.45776,-0.04537,-0.03114,0.14475,0.25896,0.33619,3.43923,2.69000,0.00000,0.13654,2.46952,2.84817,0.83478,0.82051,0.54545,0.73478,0.73171,0.26087,0.68095
654,0.3125,64389120,61282,0.01172,1.10e-04,0.3451,224.9238,0.00000,0.06200,0.00000,10.00000,1109.85601,0.00000,0.80645,0.00000,0.12400,0.15374,1.68036,4.15532,0.68817,0.60294,0.00000,0.00000,0.71479,0.00000,0.00000,0.00000,0.00000,1232.41097,-0.02764,-0.12164,0.20320,-0.01528,0.39905,0.71439,-0.08187,0.45767,-0.04462,-0.03106,0.14449,0.25779,0.33523,3.47830,2.08000,0.00000,0.13486,2.45663,2.93898,0.89247,0.85075,1.00000,0.79032,0.72593,0.33333,0.67615
655,0.3130,64487424,62117,0.01295,1.44e-04,0.3452,191.5881,0.00000,0.06000,0.00000,10.00000,936.78827,0.00000,0.81575,0.00000,0.12000,0.15364,1.68562,4.27743,0.59494,0.61017,0.00000,0.00000,0.71287,0.00000,0.00000,0.00000,0.00000,1229.44816,-0.02745,-0.12154,0.20447,-0.01583,0.39708,0.71247,-0.08187,0.45952,-0.04770,-0.03097,0.14508,0.25938,0.33428,3.42617,3.10222,0.00000,0.13534,2.47290,2.82254,0.83544,0.77193,1.00000,0.71519,0.68966,0.50000,0.67138
656,0.3134,64585728,61300,0.01466,1.44e-04,0.3454,154.4642,0.00000,0.05800,0.00000,10.00000,1031.00998,0.00000,0.89692,0.00000,0.11600,0.14862,1.68375,4.20826,0.65060,0.63768,0.00000,0.00000,0.71087,0.00000,0.00000,0.00000,0.00000,1208.23478,-0.02722,-0.11949,0.20581,-0.01576,0.39714,0.71056,-0.08225,0.46690,-0.04882,-0.03075,0.14657,0.26048,0.33407,3.32144,2.43667,0.00000,0.13524,2.50057,2.69384,0.93976,0.92308,1.00000,0.79518,0.77612,0.55556,0.67036
657,0.3139,64684032,61671,0.01771,8.35e-05,0.3455,194.8691,0.00000,0.05600,0.00000,10.00000,998.70568,0.00000,0.81197,0.00000,0.11200,0.14778,1.67791,3.94465,0.57692,0.53425,0.00000,0.00000,0.71197,0.00000,0.00000,0.00000,0.00000,1217.15674,-0.02719,-0.12031,0.20515,-0.01544,0.39896,0.71164,-0.08200,0.46760,-0.04456,-0.03110,0.14567,0.25993,0.33463,3.42672,3.49750,0.00000,0.13480,2.50660,3.13368,0.90385,0.87342,1.00000,0.74038,0.71053,0.41176,0.67314
658,0.3143,64782336,62039,0.01298,9.32e-05,0.3456,197.3638,0.00000,0.05400,0.00000,10.00000,1058.20729,0.00000,0.79710,0.00000,0.10800,0.14706,1.66392,4.09725,0.61957,0.60870,0.00000,0.00000,0.71378,0.00000,0.00000,0.00000,0.00000,1220.80314,-0.02715,-0.12062,0.20488,-0.01570,0.40002,0.71341,-0.08209,0.46573,-0.04635,-0.03102,0.14545,0.25951,0.33479,3.27091,1.81428,0.00000,0.13590,2.50849,2.55661,0.89130,0.84127,1.00000,0.75543,0.71970,0.42857,0.67396
659,0.3147,64880640,61853,0.01299,9.24e-05,0.3457,185.5042,0.00000,0.05200,0.00000,10.00000,978.76295,0.00000,0.78189,0.00000,0.10400,0.14632,1.63608,4.16836,0.57407,0.58537,0.00000,0.00000,0.70998,0.00000,0.00000,0.00000,0.00000,1211.00863,-0.02721,-0.11962,0.20381,-0.01546,0.39813,0.70958,-0.08136,0.46542,-0.04520,-0.03116,0.14500,0.25824,0.33382,3.35105,2.70444,0.00000,0.13507,2.51373,2.69000,0.87037,0.84286,0.72727,0.72222,0.70395,0.34783,0.66908
660,0.3152,64978944,61973,0.01360,1.09e-04,0.3458,209.7619,0.00000,0.05000,0.00000,10.00000,1076.01672,0.00000,0.79444,0.00000,0.10000,0.14634,1.58315,4.76313,0.72000,0.69014,0.00000,0.00000,0.70491,0.00000,0.00000,0.00000,0.00000,1212.44059,-0.02752,-0.11970,0.20086,-0.01498,0.39591,0.70452,-0.08155,0.45931,-0.04847,-0.03109,0.14278,0.25435,0.33268,3.55449,2.16400,0.00000,0.13445,2.50252,2.74342,0.92000,0.90278,0.90000,0.82000,0.79720,0.56250,0.66342
661,0.3156,65077248,61767,0.01770,9.13e-05,0.3459,229.5730,0.00000,0.04800,0.00000,10.00000,1056.74499,0.00000,0.87379,0.00000,0.09600,0.14587,1.53152,3.64857,0.62136,0.57500,0.00000,0.00000,0.70157,0.00000,0.00000,0.00000,0.00000,1215.15299,-0.02800,-0.12002,0.19596,-0.01462,0.39172,0.70126,-0.08159,0.44769,-0.05045,-0.03115,0.13930,0.24818,0.33179,3.06534,2.23200,0.00000,0.13508,2.47362,2.71683,0.93204,0.91463,1.00000,0.77670,0.74691,0.50000,0.65896
662,0.3161,65175552,61434,0.01250,1.20e-04,0.3460,205.4436,0.00000,0.04600,0.00000,10.00000,1008.34326,0.00000,0.80440,0.00000,0.09200,0.14812,1.49685,4.06280,0.61458,0.63514,0.00000,0.00000,0.69599,0.00000,0.00000,0.00000,0.00000,1239.72005,-0.02801,-0.12241,0.19413,-0.01469,0.38931,0.69571,-0.08230,0.44117,-0.05165,-0.03115,0.13757,0.24575,0.33135,3.33600,2.69111,0.00000,0.13521,2.46383,2.77692,0.87500,0.81538,1.00000,0.74479,0.71942,0.47368,0.65677
663,0.3165,65273856,61748,0.01337,1.11e-04,0.3461,171.1157,0.00000,0.04400,0.00000,10.00000,1015.48566,0.00000,0.76052,0.00000,0.08800,0.14813,1.45651,3.84950,0.56311,0.54167,0.00000,0.00000,0.69028,0.00000,0.00000,0.00000,0.00000,1242.35994,-0.02837,-0.12278,0.19030,-0.01445,0.38442,0.68991,-0.08375,0.43669,-0.05018,-0.03113,0.13525,0.24132,0.32935,3.23772,2.50182,0.00000,0.13311,2.45926,2.90702,0.92233,0.91304,0.83333,0.74272,0.72340,0.41667,0.64677
664,0.3170,65372160,61689,0.01256,1.44e-04,0.3463,182.6400,0.00000,0.04200,0.00000,10.00000,1006.11488,0.00000,0.86735,0.00000,0.08400,0.14997,1.43045,3.82982,0.64286,0.64634,0.00000,0.00000,0.68599,0.00000,0.00000,0.00000,0.00000,1258.95768,-0.02872,-0.12424,0.18785,-0.01411,0.38163,0.68567,-0.08452,0.42875,-0.04907,-0.03117,0.13347,0.23836,0.32884,3.29834,1.95200,0.00000,0.13395,2.43889,2.85545,0.87755,0.83099,1.00000,0.76020,0.73203,0.45455,0.64422
665,0.3174,65470464,62201,0.01295,1.67e-04,0.3464,193.0234,0.00000,0.04000,0.00000,10.00000,1066.41355,0.00000,0.80349,0.00000,0.08000,0.14752,1.36541,3.84384,0.58678,0.53933,0.00000,0.00000,0.68372,0.00000,0.00000,0.00000,0.00000,1254.00903,-0.02894,-0.12379,0.18383,-0.01427,0.38026,0.68350,-0.08458,0.41775,-0.04713,-0.03124,0.13032,0.23321,0.32904,3.09147,2.17200,0.00000,0.13676,2.42975,2.62571,0.91736,0.91860,0.62500,0.75207,0.72571,0.29412,0.64521
666,0.3179,65568768,61932,0.01554,1.11e-04,0.3466,218.3005,0.00000,0.04000,0.00000,10.00000,991.00858,0.00000,0.80610,0.00000,0.08000,0.14994,1.30823,3.36956,0.50000,0.48148,0.00000,0.00000,0.68023,0.00000,0.00000,0.00000,0.00000,1259.91325,-0.02922,-0.12429,0.18183,-0.01465,0.37873,0.67994,-0.08434,0.41003,-0.05196,-0.03134,0.12839,0.23015,0.32819,2.94288,1.88364,0.00000,0.13710,2.41968,2.64092,0.89216,0.83582,1.00000,0.69608,0.64189,0.50000,0.64093
667,0.3183,65667072,62272,0.01428,1.03e-04,0.3468,183.5900,0.00000,0.04000,0.00000,10.00000,1075.31949,0.00000,0.84795,0.00000,0.08000,0.14779,1.28355,3.87428,0.65263,0.60526,0.00000,0.00000,0.67231,0.00000,0.00000,0.00000,0.00000,1270.53442,-0.02922,-0.12522,0.18147,-0.01442,0.37295,0.67203,-0.08545,0.40900,-0.05216,-0.03117,0.12779,0.22971,0.32549,3.15843,3.58000,0.00000,0.13835,2.44411,2.62697,0.93684,0.91304,1.00000,0.79474,0.75172,0.50000,0.62746
668,0.3188,65765376,62043,0.01353,1.04e-04,0.3469,186.1049,0.00000,0.04000,0.00000,10.00000,1007.51980,0.00000,0.81439,0.00000,0.08000,0.14624,1.21927,3.88228,0.55682,0.53125,0.00000,0.00000,0.66570,0.00000,0.00000,0.00000,0.00000,1262.58561,-0.02938,-0.12470,0.17868,-0.01371,0.36999,0.66537,-0.08533,0.40635,-0.05303,-0.03087,0.12605,0.22618,0.32395,3.02412,4.52800,0.00000,0.13695,2.46210,2.53968,0.89773,0.87692,0.83333,0.72727,0.70543,0.33333,0.61977
669,0.3192,65863680,62003,0.01340,9.96e-05,0.3470,218.4098,0.00000,0.04000,0.00000,10.00000,911.47491,0.00000,0.77778,0.00000,0.08000,0.14491,1.19188,4.10533,0.42222,0.38806,0.00000,0.00000,0.66446,0.00000,0.00000,0.00000,0.00000,1299.20443,-0.02950,-0.12829,0.17727,-0.01372,0.36817,0.66415,-0.08570,0.40627,-0.05561,-0.03106,0.12478,0.22448,0.32359,3.09790,2.10857,0.00000,0.13553,2.48009,2.55821,0.85556,0.81356,0.75000,0.63889,0.58730,0.31579,0.61793
670,0.3197,65961984,62147,0.01759,8.59e-05,0.3471,209.2696,0.00000,0.04000,0.00000,10.00000,966.20410,0.00000,0.77546,0.00000,0.08000,0.14477,1.16109,3.21926,0.42708,0.33333,0.00000,0.00000,0.67152,0.00000,0.00000,0.00000,0.00000,1315.63851,-0.02947,-0.12986,0.17630,-0.01370,0.37064,0.67116,-0.08661,0.40124,-0.05966,-0.03124,0.12442,0.22328,0.32432,2.82044,1.93636,0.00000,0.13734,2.49718,2.64952,0.87500,0.81538,1.00000,0.65104,0.56716,0.52632,0.62162
671,0.3201,66060288,62260,0.01787,7.25e-05,0.3472,215.6017,0.00000,0.04000,0.00000,10.00000,986.10905,0.00000,0.83047,0.00000,0.08000,0.14395,1.15668,3.50276,0.46392,0.36111,0.00000,0.00000,0.66956,0.00000,0.00000,0.00000,0.00000,1290.95801,-0.02923,-0.12757,0.17835,-0.01420,0.37198,0.66926,-0.08740,0.40534,-0.05518,-0.03120,0.12550,0.22657,0.32478,3.06520,3.52400,0.00000,0.13863,2.54063,2.88648,0.91753,0.90411,0.83333,0.69072,0.63448,0.41667,0.62390
672,0.3205,66158592,61913,0.01437,5.04e-05,0.3473,213.4460,0.00000,0.04000,0.00000,10.00000,917.78666,0.00000,0.75855,0.00000,0.08000,0.14417,1.14618,3.71066,0.37500,0.33333,0.00000,0.00000,0.67024,0.00000,0.00000,0.00000,0.00000,1300.62720,-0.02941,-0.12851,0.17776,-0.01414,0.37130,0.66989,-0.08656,0.40595,-0.05819,-0.03125,0.12484,0.22488,0.32436,3.16505,2.52571,0.00000,0.13660,2.53071,2.94082,0.90385,0.88571,0.84615,0.63942,0.60563,0.36667,0.62180
673,0.3210,66256896,61505,0.01065,7.25e-05,0.3474,208.0232,0.00000,0.04000,0.00000,10.00000,902.41383,0.00000,0.85297,0.00000,0.08000,0.14680,1.13634,4.20606,0.39394,0.32911,0.00000,0.00000,0.67244,0.00000,0.00000,0.00000,0.00000,1301.10604,-0.02944,-0.12850,0.17706,-0.01346,0.37270,0.67207,-0.08684,0.40324,-0.05845,-0.03136,0.12405,0.22395,0.32510,3.19588,3.35428,0.00000,0.13612,2.52633,2.71275,0.88889,0.84932,1.00000,0.64141,0.57895,0.50000,0.62548
674,0.3214,66355200,61707,0.01348,6.99e-05,0.3475,207.5355,0.00000,0.04000,0.00000,10.00000,996.78526,0.00000,0.75713,0.00000,0.08000,0.14625,1.11890,3.16621,0.41593,0.30769,0.00000,0.00000,0.67321,0.00000,0.00000,0.00000,0.00000,1295.32096,-0.02951,-0.12796,0.17570,-0.01344,0.37241,0.67290,-0.08634,0.39887,-0.05975,-0.03157,0.12305,0.22206,0.32517,2.97946,2.58000,0.00000,0.13694,2.52299,2.91341,0.94690,0.94737,0.81818,0.68142,0.62338,0.39130,0.62586
675,0.3219,66453504,61459,0.01328,7.60e-05,0.3476,209.9163,0.00000,0.04000,0.00000,10.00000,934.26469,0.00000,0.82729,0.00000,0.08000,0.14974,1.11876,4.37125,0.36957,0.22059,0.00000,0.00000,0.66917,0.00000,0.00000,0.00000,0.00000,1280.49430,-0.02953,-0.12657,0.17630,-0.01400,0.37083,0.66887,-0.08660,0.39720,-0.05779,-0.03125,0.12318,0.22300,0.32493,3.12309,2.18800,0.00000,0.13776,2.52464,2.82941,0.90217,0.86957,1.00000,0.63587,0.54745,0.50000,0.62463
676,0.3223,66551808,61811,0.01344,8.30e-05,0.3478,178.7495,0.00000,0.04000,0.00000,10.00000,866.03154,0.00000,0.81944,0.00000,0.08000,0.14991,1.12184,4.32857,0.31250,0.22807,0.00000,0.00000,0.66564,0.00000,0.00000,0.00000,0.00000,1281.84831,-0.02949,-0.12678,0.17668,-0.01328,0.36821,0.66535,-0.08673,0.40212,-0.05807,-0.03102,0.12455,0.22349,0.32384,3.08342,2.88000,0.00000,0.13515,2.54042,2.80226,0.91250,0.90164,0.85714,0.61250,0.57627,0.33333,0.61920
677,0.3228,66650112,61652,0.01137,9.66e-05,0.3479,191.5848,0.00000,0.04000,0.00000,10.00000,899.85595,0.00000,0.86043,0.00000,0.08000,0.14896,1.12417,3.98316,0.37805,0.24615,0.00000,0.00000,0.66564,0.00000,0.00000,0.00000,0.00000,1278.86336,-0.02938,-0.12638,0.17757,-0.01318,0.36777,0.66538,-0.08689,0.40576,-0.06177,-0.03103,0.12586,0.22444,0.32350,3.16822,2.81000,0.00000,0.13425,2.55470,2.88148,0.86585,0.82258,1.00000,0.62195,0.52756,0.50000,0.61752
678,0.3232,66748416,61922,0.01239,1.25e-04,0.3480,201.8172,0.00000,0.04000,0.00000,10.00000,970.48644,0.00000,0.74423,0.00000,0.08000,0.15326,1.14002,4.17538,0.38679,0.29333,0.00000,0.00000,0.66622,0.00000,0.00000,0.00000,0.00000,1264.72013,-0.02942,-0.12498,0.17613,-0.01346,0.36974,0.66596,-0.08754,0.40044,-0.04980,-0.03125,0.12447,0.22279,0.32440,3.10893,2.87333,0.00000,0.13413,2.53059,2.70117,0.91509,0.86567,1.00000,0.65094,0.56338,0.45000,0.62201
679,0.3237,66846720,61908,0.01423,9.66e-05,0.3482,199.8210,0.00000,0.04000,0.00000,10.00000,910.73690,0.00000,0.84491,0.00000,0.08000,0.15142,1.11201,4.05083,0.35417,0.27027,0.00000,0.00000,0.66596,0.00000,0.00000,0.00000,0.00000,1288.32178,-0.02945,-0.12734,0.17543,-0.01376,0.37009,0.66571,-0.08694,0.39843,-0.05751,-0.03122,0.12333,0.22178,0.32464,2.98084,2.69428,0.00000,0.13483,2.52162,2.61915,0.91667,0.88889,1.00000,0.63542,0.57534,0.46667,0.62320
680,0.3241,66945024,60886,0.01770,6.96e-05,0.3483,199.8669,0.00000,0.04000,0.00000,10.00000,860.16570,0.00000,0.81481,0.00000,0.08000,0.14809,1.10096,4.78000,0.26667,0.18293,0.00000,0.00000,0.66709,0.00000,0.00000,0.00000,0.00000,1285.11507,-0.02971,-0.12699,0.17390,-0.01322,0.36957,0.66678,-0.08700,0.39494,-0.05999,-0.03126,0.12231,0.21982,0.32412,3.28539,3.58333,0.00000,0.13627,2.50110,2.90648,0.92381,0.91667,0.71429,0.59524,0.52597,0.29412,0.62058
681,0.3246,67043328,61370,0.01177,8.05e-05,0.3485,197.4361,0.00000,0.04000,0.00000,10.00000,955.39781,0.00000,0.78333,0.00000,0.08000,0.14772,1.11317,3.81143,0.34000,0.19178,0.00000,0.00000,0.66786,0.00000,0.00000,0.00000,0.00000,1269.42537,-0.02986,-0.12539,0.17390,-0.01360,0.36868,0.66759,-0.08704,0.39423,-0.05784,-0.03139,0.12201,0.21970,0.32413,3.05111,2.10000,0.00000,0.13681,2.48496,2.81971,0.94000,0.94118,0.71429,0.64000,0.55319,0.35714,0.62067
682,0.3250,67141632,61811,0.00927,1.16e-04,0.3486,227.6199,0.00000,0.04000,0.00000,10.00000,862.09912,0.00000,0.90278,0.00000,0.08000,0.14978,1.11400,3.45182,0.29167,0.21795,0.00000,0.00000,0.66436,0.00000,0.00000,0.00000,0.00000,1271.53369,-0.02966,-0.12568,0.17454,-0.01398,0.36756,0.66407,-0.08643,0.39444,-0.05570,-0.03137,0.12165,0.22051,0.32334,2.76222,2.87714,0.00000,0.13691,2.48631,2.56519,0.91667,0.89744,1.00000,0.60417,0.55769,0.50000,0.61669
683,0.3255,67239936,61425,0.01275,1.50e-04,0.3487,207.5212,0.00000,0.04000,0.00000,10.00000,898.66079,0.00000,0.76720,0.00000,0.08000,0.15117,1.12299,4.39904,0.32381,0.22667,0.00000,0.00000,0.66498,0.00000,0.00000,0.00000,0.00000,1274.36133,-0.02974,-0.12577,0.17487,-0.01377,0.36771,0.66470,-0.08710,0.39537,-0.05772,-0.03142,0.12252,0.22129,0.32367,3.08215,2.72727,0.00000,0.13631,2.49378,2.69805,0.90476,0.88571,0.83333,0.61429,0.54483,0.40000,0.61837
684,0.3259,67338240,61895,0.01271,2.06e-04,0.3489,191.8519,0.00000,0.04000,0.00000,10.00000,866.24227,0.00000,0.81840,0.00000,0.08000,0.14936,1.14112,4.73866,0.27957,0.19718,0.00000,0.00000,0.66727,0.00000,0.00000,0.00000,0.00000,1279.82137,-0.02959,-0.12658,0.17572,-0.01382,0.36961,0.66697,-0.08675,0.39707,-0.05461,-0.03145,0.12357,0.22245,0.32429,2.90175,1.73428,0.00000,0.13706,2.49902,2.47784,0.88172,0.84848,0.87500,0.58065,0.51095,0.38889,0.62143
685,0.3264,67436544,62009,0.01603,1.33e-04,0.3491,190.9123,0.00000,0.04200,0.00000,10.00000,880.94234,0.00000,0.85546,0.00000,0.08400,0.14768,1.15007,4.37454,0.30088,0.19318,0.00000,0.00000,0.67092,0.00000,0.00000,0.00000,0.00000,1276.56706,-0.02959,-0.12609,0.17639,-0.01409,0.37131,0.67063,-0.08683,0.39993,-0.06304,-0.03148,0.12398,0.22324,0.32554,3.23278,2.12571,0.00000,0.13687,2.49186,2.94070,0.93805,0.91860,1.00000,0.61947,0.55172,0.46667,0.62769
686,0.3268,67534848,61669,0.01657,1.00e-04,0.3492,186.2725,0.00000,0.04400,0.00000,10.00000,918.84923,0.00000,0.85283,0.00000,0.08800,0.14828,1.15021,3.98176,0.38596,0.31522,0.00000,0.00000,0.67217,0.00000,0.00000,0.00000,0.00000,1275.66667,-0.02986,-0.12602,0.17579,-0.01381,0.37249,0.67183,-0.08677,0.39824,-0.05966,-0.03170,0.12318,0.22232,0.32614,3.36712,4.00400,0.00000,0.13696,2.47866,3.11833,0.95614,0.93976,1.00000,0.67105,0.61143,0.41667,0.63069
687,0.3273,67633152,61499,0.01576,7.16e-05,0.3493,196.8883,0.00000,0.04600,0.00000,10.00000,874.94428,0.00000,0.84467,0.00000,0.09200,0.15578,1.14363,4.14538,0.34694,0.25000,0.00000,0.00000,0.66938,0.00000,0.00000,0.00000,0.00000,1283.36686,-0.02976,-0.12670,0.17534,-0.01426,0.37203,0.66903,-0.08531,0.39370,-0.05866,-0.03161,0.12250,0.22248,0.32568,3.13081,3.01250,0.00000,0.13721,2.46692,2.76444,0.88776,0.87671,0.77778,0.61735,0.55705,0.43750,0.62838
688,0.3277,67731456,62326,0.01198,8.39e-05,0.3494,202.0100,0.00000,0.04800,0.00000,10.00000,935.89717,0.00000,0.82492,0.00000,0.09600,0.15629,1.18117,4.45363,0.35354,0.22078,0.00000,0.00000,0.67077,0.00000,0.00000,0.00000,0.00000,1295.52197,-0.02961,-0.12799,0.17785,-0.01421,0.37175,0.67044,-0.08504,0.39944,-0.05761,-0.03173,0.12428,0.22569,0.32526,2.99258,2.89500,0.00000,0.13658,2.48291,2.51283,0.90909,0.87143,1.00000,0.63131,0.53061,0.50000,0.62631
689,0.3281,67829760,61701,0.01415,9.13e-05,0.3495,197.6547,0.00000,0.05000,0.00000,10.00000,813.02142,0.00000,0.81046,0.00000,0.10000,0.15753,1.20080,4.96353,0.29412,0.22727,0.00000,0.00000,0.67880,0.00000,0.00000,0.00000,0.00000,1284.45101,-0.02969,-0.12699,0.17869,-0.01465,0.37467,0.67850,-0.08573,0.40142,-0.05748,-0.03170,0.12445,0.22668,0.32679,3.56081,3.28500,0.00000,0.13585,2.48587,3.14245,0.87059,0.82759,0.88889,0.58235,0.50806,0.44444,0.63397
690,0.3286,67928064,61754,0.01479,7.77e-05,0.3496,191.3225,0.00000,0.05200,0.00000,10.00000,940.17370,0.00000,0.75650,0.00000,0.10400,0.15976,1.24866,4.76857,0.35106,0.29577,0.00000,0.00000,0.67952,0.00000,0.00000,0.00000,0.00000,1280.24316,-0.02921,-0.12660,0.18319,-0.01509,0.37522,0.67923,-0.08561,0.40979,-0.05591,-0.03196,0.12790,0.23240,0.32692,3.18523,1.98500,0.00000,0.13577,2.51545,2.44633,0.92553,0.89474,0.88889,0.63830,0.56250,0.40000,0.63462
691,0.3290,68026368,61507,0.01519,6.82e-05,0.3497,209.4209,0.00000,0.05400,0.00000,10.00000,941.77895,0.00000,0.77778,0.00000,0.10800,0.15717,1.26831,4.51158,0.37647,0.29508,0.00000,0.00000,0.68061,0.00000,0.00000,0.00000,0.00000,1297.67301,-0.02903,-0.12825,0.18373,-0.01502,0.37780,0.68026,-0.08498,0.41320,-0.05579,-0.03179,0.12827,0.23318,0.32739,2.98666,2.59428,0.00000,0.13569,2.50499,2.49559,0.89412,0.86207,0.87500,0.63529,0.57143,0.38889,0.63695
692,0.3295,68124672,61283,0.01035,9.83e-05,0.3498,215.9795,0.00000,0.05600,0.00000,10.00000,978.77037,0.00000,0.78976,0.00000,0.11200,0.15866,1.30462,5.37135,0.50980,0.40260,0.00000,0.00000,0.68530,0.00000,0.00000,0.00000,0.00000,1312.45150,-0.02875,-0.12958,0.18667,-0.01547,0.38136,0.68493,-0.08468,0.41949,-0.05743,-0.03218,0.13015,0.23698,0.32847,3.76020,2.06000,0.00000,0.13473,2.52034,2.79871,0.89216,0.83824,1.00000,0.70098,0.60690,0.55556,0.64234
693,0.3299,68222976,62106,0.01794,6.34e-05,0.3500,226.8900,0.00000,0.05800,0.00000,10.00000,936.44357,0.00000,0.73909,0.00000,0.11600,0.16090,1.34126,4.92320,0.40179,0.31081,0.00000,0.00000,0.69870,0.00000,0.00000,0.00000,0.00000,1322.73250,-0.02850,-0.13053,0.18999,-0.01604,0.38825,0.69828,-0.08406,0.42246,-0.06223,-0.03249,0.13174,0.24147,0.33123,3.49215,2.70250,0.00000,0.13657,2.52327,3.02753,0.91964,0.92000,0.72727,0.66071,0.61745,0.29630,0.65614
694,0.3304,68321280,62283,0.01184,8.67e-05,0.3501,193.7354,0.00000,0.06000,0.00000,10.00000,916.90155,0.00000,0.78853,0.00000,0.12000,0.16083,1.41299,4.34666,0.38710,0.30882,0.00000,0.00000,0.70529,0.00000,0.00000,0.00000,0.00000,1278.29224,-0.02821,-0.12631,0.19389,-0.01680,0.39317,0.70488,-0.08324,0.43297,-0.05458,-0.03237,0.13503,0.24661,0.33288,3.01056,2.58222,0.00000,0.13545,2.54244,2.51723,0.88172,0.82812,1.00000,0.63441,0.56061,0.47368,0.66442
695,0.3308,68419584,62321,0.01370,6.96e-05,0.3501,231.1626,0.00000,0.06000,0.00000,10.00000,972.55315,0.00000,0.80357,0.00000,0.12000,0.15976,1.47587,5.28850,0.51786,0.45122,0.00000,0.00000,0.71088,0.00000,0.00000,0.00000,0.00000,1256.66488,-0.02789,-0.12435,0.19791,-0.01688,0.39748,0.71046,-0.08134,0.44014,-0.05316,-0.03247,0.13763,0.25134,0.33429,3.59103,3.38000,0.00000,0.13654,2.53659,2.69763,0.90179,0.87500,0.83333,0.70982,0.66049,0.33333,0.67144
696,0.3313,68517888,61959,0.01339,9.13e-05,0.3502,225.2106,0.00000,0.06000,0.00000,10.00000,924.26459,0.00000,0.81807,0.00000,0.12000,0.15626,1.51003,5.47757,0.45055,0.40541,0.00000,0.00000,0.71044,0.00000,0.00000,0.00000,0.00000,1269.92733,-0.02774,-0.12537,0.19971,-0.01634,0.39709,0.71003,-0.08169,0.44883,-0.05670,-0.03218,0.13933,0.25365,0.33427,3.70489,1.37333,0.00000,0.13533,2.53772,2.67860,0.91209,0.88333,0.75000,0.68132,0.61940,0.30000,0.67137
697,0.3317,68616192,62214,0.01367,1.31e-04,0.3503,186.0968,0.00000,0.06000,0.00000,10.00000,886.72793,0.00000,0.85417,0.00000,0.12000,0.15878,1.55840,5.21857,0.46250,0.42857,0.00000,0.00000,0.71029,0.00000,0.00000,0.00000,0.00000,1249.72070,-0.02746,-0.12345,0.20373,-0.01724,0.39653,0.70989,-0.08117,0.45358,-0.05197,-0.03207,0.14245,0.25862,0.33384,3.52359,2.20286,0.00000,0.13613,2.55625,2.74557,0.91250,0.90000,0.87500,0.68750,0.65854,0.46667,0.66918
698,0.3322,68714496,61853,0.01707,8.05e-05,0.3504,189.9568,0.00000,0.06000,0.00000,10.00000,953.44331,0.00000,0.88501,0.00000,0.12000,0.15591,1.61556,4.95485,0.55814,0.48529,0.00000,0.00000,0.71383,0.00000,0.00000,0.00000,0.00000,1241.23446,-0.02704,-0.12279,0.20770,-0.01717,0.39947,0.71338,-0.08010,0.46864,-0.05137,-0.03207,0.14533,0.26374,0.33466,3.53010,3.42500,0.00000,0.13394,2.58400,2.77454,0.90698,0.88406,1.00000,0.73256,0.68613,0.57143,0.67331
699,0.3326,68812800,62072,0.01321,7.70e-05,0.3505,231.0126,0.00000,0.06000,0.00000,10.00000,899.76938,0.00000,0.86004,0.00000,0.12000,0.15431,1.64632,5.13240,0.55769,0.56098,0.00000,0.00000,0.72112,0.00000,0.00000,0.00000,0.00000,1257.85319,-0.02692,-0.12425,0.20863,-0.01737,0.40499,0.72069,-0.07925,0.47304,-0.05256,-0.03235,0.14617,0.26484,0.33679,3.68047,2.28250,0.00000,0.13329,2.56847,2.74974,0.88462,0.86076,0.87500,0.72115,0.70807,0.38889,0.68397
700,0.3331,68911104,62172,0.01153,1.11e-04,0.3506,187.4378,0.00000,0.06000,0.00000,10.00000,1004.96922,0.00000,0.81667,0.00000,0.12000,0.15104,1.67679,5.01227,0.59000,0.52632,0.00000,0.00000,0.72099,0.00000,0.00000,0.00000,0.00000,1254.73649,-0.02675,-0.12390,0.20942,-0.01665,0.40591,0.72061,-0.07984,0.47698,-0.05042,-0.03231,0.14732,0.26600,0.33696,3.64220,2.64666,0.00000,0.13413,2.57181,2.82757,0.96000,0.95775,0.85714,0.77500,0.73469,0.50000,0.68482
701,0.3335,69009408,61921,0.01482,9.32e-05,0.3508,199.2862,0.00000,0.06000,0.00000,10.00000,977.58408,0.00000,0.82011,0.00000,0.12000,0.15128,1.69396,5.20545,0.60000,0.62651,0.00000,0.00000,0.72339,0.00000,0.00000,0.00000,0.00000,1242.76733,-0.02672,-0.12270,0.20929,-0.01657,0.40723,0.72298,-0.07913,0.47702,-0.05050,-0.03216,0.14733,0.26594,0.33673,3.75212,2.68889,0.00000,0.13377,2.54412,2.64194,0.92381,0.88889,1.00000,0.76190,0.74839,0.42105,0.68366
702,0.3340,69107712,61816,0.01387,1.21e-04,0.3510,197.2172,0.00000,0.06000,0.00000,10.00000,1029.66940,0.00000,0.75908,0.00000,0.12000,0.15213,1.72314,5.07073,0.57426,0.49296,0.00000,0.00000,0.72442,0.00000,0.00000,0.00000,0.00000,1250.06755,-0.02672,-0.12334,0.20975,-0.01734,0.40779,0.72395,-0.07874,0.47617,-0.04802,-0.03238,0.14722,0.26691,0.33710,3.67981,2.91000,0.00000,0.13480,2.51719,2.78875,0.91089,0.86567,1.00000,0.74257,0.67391,0.46154,0.68552
703,0.3344,69206016,61939,0.01597,8.35e-05,0.3511,208.7758,0.00000,0.06000,0.00000,10.00000,1050.03994,0.00000,0.78231,0.00000,0.12000,0.15146,1.72347,4.44154,0.61224,0.62821,0.00000,0.00000,0.72150,0.00000,0.00000,0.00000,0.00000,1230.64697,-0.02680,-0.12153,0.20921,-0.01730,0.40653,0.72112,-0.07879,0.47609,-0.04516,-0.03226,0.14724,0.26627,0.33703,3.47321,2.94666,0.00000,0.13434,2.50821,2.58982,0.92857,0.90000,0.75000,0.77041,0.74638,0.23077,0.68514
704,0.3348,69304320,61961,0.01341,1.01e-04,0.3513,198.0834,0.00000,0.06000,0.00000,10.00000,1034.40992,0.00000,0.77778,0.00000,0.12000,0.14974,1.75121,4.53391,0.59000,0.58108,0.00000,0.00000,0.71928,0.00000,0.00000,0.00000,0.00000,1230.77441,-0.02655,-0.12157,0.21051,-0.01692,0.40582,0.71887,-0.07740,0.48122,-0.04599,-0.03243,0.14787,0.26819,0.33653,3.21350,2.54182,0.00000,0.13410,2.50648,2.35803,0.92000,0.89394,0.91667,0.75500,0.72857,0.50000,0.68266
705,0.3353,69402624,61565,0.01601,6.99e-05,0.3514,204.2649,0.00000,0.06000,0.00000,10.00000,1050.17188,0.00000,0.80117,0.00000,0.12000,0.14875,1.75511,3.94833,0.67368,0.68116,0.00000,0.00000,0.72192,0.00000,0.00000,0.00000,0.00000,1244.00675,-0.02675,-0.12287,0.21081,-0.01615,0.40682,0.72150,-0.07767,0.48218,-0.04780,-0.03220,0.14825,0.26803,0.33709,3.28535,3.00286,0.00000,0.13364,2.51241,2.78812,0.87368,0.85294,0.75000,0.77368,0.76642,0.35294,0.68546
706,0.3357,69500928,61887,0.01803,3.75e-05,0.3515,203.0174,0.00000,0.06000,0.00000,10.00000,976.52373,0.00000,0.79958,0.00000,0.12000,0.14937,1.74285,4.52400,0.58879,0.55128,0.00000,0.00000,0.72270,0.00000,0.00000,0.00000,0.00000,1237.88542,-0.02651,-0.12229,0.21233,-0.01728,0.40829,0.72228,-0.07767,0.48060,-0.04890,-0.03228,0.14885,0.26964,0.33748,3.49689,2.94250,0.00000,0.13623,2.52371,2.71879,0.82243,0.75000,1.00000,0.70561,0.64935,0.47059,0.68739
707,0.3362,69599232,61857,0.00933,6.04e-05,0.3516,186.5761,0.00000,0.06000,0.00000,10.00000,1072.35673,0.00000,0.82885,0.00000,0.12000,0.14566,1.72945,4.03698,0.66129,0.67000,0.00000,0.00000,0.72445,0.00000,0.00000,0.00000,0.00000,1239.08040,-0.02676,-0.12242,0.21013,-0.01624,0.40860,0.72399,-0.07783,0.48092,-0.04670,-0.03243,0.14757,0.26638,0.33770,3.22765,2.91750,0.00000,0.13499,2.52076,2.56382,0.95161,0.94118,0.87500,0.80645,0.79459,0.41176,0.68848
708,0.3366,69697536,61507,0.01332,7.25e-05,0.3517,186.4540,0.00000,0.06000,0.00000,10.00000,1076.51791,0.00000,0.80524,0.00000,0.12000,0.14783,1.69501,4.29434,0.70787,0.68750,0.00000,0.00000,0.72211,0.00000,0.00000,0.00000,0.00000,1249.75195,-0.02665,-0.12344,0.20952,-0.01733,0.40745,0.72162,-0.07787,0.47528,-0.05264,-0.03251,0.14664,0.26579,0.33711,3.31037,2.14667,0.00000,0.13651,2.51782,2.58032,0.88764,0.87692,0.71429,0.79775,0.78295,0.38462,0.68555
709,0.3371,69795840,61789,0.01208,8.70e-05,0.3518,177.4326,0.00000,0.06000,0.00000,10.00000,1083.59581,0.00000,0.86745,0.00000,0.12000,0.14904,1.68951,4.26371,0.76316,0.75824,0.00000,0.00000,0.71753,0.00000,0.00000,0.00000,0.00000,1238.52010,-0.02661,-0.12226,0.20894,-0.01678,0.40429,0.71717,-0.07818,0.47577,-0.04923,-0.03234,0.14738,0.26556,0.33569,3.39911,2.01667,0.00000,0.13528,2.53010,2.70345,0.92105,0.89655,1.00000,0.84211,0.82584,0.54545,0.67845
710,0.3375,69894144,62219,0.01649,5.97e-05,0.3520,184.6003,0.00000,0.06000,0.00000,10.00000,1041.81978,0.00000,0.76577,0.00000,0.12000,0.14865,1.69767,4.32529,0.62162,0.64151,0.00000,0.00000,0.71851,0.00000,0.00000,0.00000,0.00000,1229.16829,-0.02655,-0.12138,0.20997,-0.01738,0.40518,0.71812,-0.07779,0.48035,-0.05013,-0.03216,0.14758,0.26724,0.33573,3.15663,2.54444,0.00000,0.13452,2.54415,2.43418,0.93243,0.91837,0.90000,0.77703,0.77451,0.47368,0.67867
711,0.3380,69992448,62194,0.01047,8.59e-05,0.3521,198.8932,0.00000,0.06000,0.00000,10.00000,1022.34902,0.00000,0.83645,0.00000,0.12000,0.14669,1.73829,3.84509,0.61798,0.66216,0.00000,0.00000,0.72237,0.00000,0.00000,0.00000,0.00000,1251.89396,-0.02621,-0.12377,0.21331,-0.01736,0.40775,0.72194,-0.07825,0.48943,-0.05144,-0.03249,0.14986,0.27130,0.33676,3.18183,3.12333,0.00000,0.13463,2.57191,2.59862,0.91011,0.86667,1.00000,0.76404,0.75373,0.40000,0.68381
712,0.3384,70090752,62178,0.01334,8.39e-05,0.3522,200.4789,0.00000,0.06000,0.00000,10.00000,1106.48897,0.00000,0.75163,0.00000,0.12000,0.14821,1.77259,4.11176,0.72941,0.81356,0.00000,0.00000,0.73076,0.00000,0.00000,0.00000,0.00000,1241.65804,-0.02633,-0.12273,0.21496,-0.01715,0.41176,0.73034,-0.07858,0.49315,-0.04921,-0.03241,0.15044,0.27286,0.33841,3.17064,1.75800,0.00000,0.13285,2.57591,2.34310,0.90588,0.87500,0.88889,0.81765,0.84348,0.38095,0.69203
713,0.3389,70189056,62383,0.01018,1.12e-04,0.3523,218.9851,0.00000,0.05800,0.00000,10.00000,1120.40304,0.00000,0.83074,0.00000,0.11600,0.15064,1.77666,3.92353,0.75701,0.72414,0.00000,0.00000,0.73076,0.00000,0.00000,0.00000,0.00000,1249.83040,-0.02596,-0.12347,0.21617,-0.01762,0.41345,0.73033,-0.07862,0.49285,-0.05014,-0.03292,0.15198,0.27468,0.33911,3.27261,2.02400,0.00000,0.13341,2.58412,2.64028,0.92523,0.89041,1.00000,0.84112,0.80000,0.71429,0.69554
714,0.3393,70287360,62502,0.01484,1.10e-04,0.3524,200.0842,0.00000,0.05600,0.00000,10.00000,1094.21756,0.00000,0.71429,0.00000,0.11200,0.14924,1.78867,4.08905,0.66964,0.69014,0.00000,0.00000,0.73337,0.00000,0.00000,0.00000,0.00000,1251.02808,-0.02607,-0.12358,0.21566,-0.01764,0.41524,0.73296,-0.07755,0.49256,-0.04941,-0.03282,0.15144,0.27456,0.33981,3.24460,2.73778,0.00000,0.13430,2.56177,2.72418,0.94643,0.93151,0.94737,0.80804,0.81250,0.52941,0.69904
715,0.3397,70385664,62195,0.01540,1.03e-04,0.3525,178.9769,0.00000,0.05400,0.00000,10.00000,1104.36943,0.00000,0.84708,0.00000,0.10800,0.14872,1.78756,3.79069,0.72277,0.71795,0.00000,0.00000,0.73362,0.00000,0.00000,0.00000,0.00000,1239.37191,-0.02628,-0.12247,0.21422,-0.01701,0.41398,0.73318,-0.07757,0.49046,-0.04981,-0.03276,0.15069,0.27247,0.33940,3.07220,2.03333,0.00000,0.13377,2.54225,2.53795,0.95050,0.94737,0.85714,0.83663,0.83117,0.46154,0.69700
716,0.3402,70483968,62106,0.01754,7.76e-05,0.3526,235.3749,0.00000,0.05200,0.00000,10.00000,1091.75913,0.00000,0.81408,0.00000,0.10400,0.14709,1.77623,3.86604,0.68317,0.64474,0.00000,0.00000,0.72938,0.00000,0.00000,0.00000,0.00000,1239.59741,-0.02646,-0.12231,0.21299,-0.01717,0.41207,0.72900,-0.07706,0.48593,-0.05119,-0.03290,0.14971,0.27098,0.33941,3.33344,3.00000,0.00000,0.13595,2.51329,2.94139,0.95050,0.93056,1.00000,0.81683,0.78378,0.44444,0.69707
717,0.3406,70582272,62022,0.01338,8.19e-05,0.3527,181.8557,0.00000,0.05000,0.00000,10.00000,1038.62474,0.00000,0.82099,0.00000,0.10000,0.14698,1.78656,4.54254,0.68889,0.72603,0.00000,0.00000,0.72713,0.00000,0.00000,0.00000,0.00000,1243.45085,-0.02634,-0.12274,0.21326,-0.01730,0.40979,0.72675,-0.07710,0.48667,-0.04781,-0.03272,0.14932,0.27097,0.33855,3.48440,3.36666,0.00000,0.13542,2.51651,2.56063,0.93333,0.91667,0.85714,0.81111,0.81203,0.40000,0.69275
718,0.3411,70680576,62117,0.01517,5.83e-05,0.3528,169.5500,0.00000,0.04800,0.00000,10.00000,1067.12259,0.00000,0.82990,0.00000,0.09600,0.14786,1.79566,3.38390,0.62963,0.63333,0.00000,0.00000,0.72498,0.00000,0.00000,0.00000,0.00000,1244.53394,-0.02636,-0.12284,0.21448,-0.01733,0.40867,0.72462,-0.07763,0.49027,-0.04876,-0.03249,0.15088,0.27252,0.33788,3.00149,2.53666,0.00000,0.13417,2.53392,2.76394,0.96296,0.96721,0.85714,0.79630,0.80165,0.40000,0.68942
719,0.3415,70778880,62349,0.01222,8.39e-05,0.3529,203.8050,0.00000,0.04600,0.00000,10.00000,1040.63434,0.00000,0.84291,0.00000,0.09200,0.14673,1.81478,4.30952,0.70115,0.66129,0.00000,0.00000,0.72604,0.00000,0.00000,0.00000,0.00000,1232.97925,-0.02615,-0.12191,0.21615,-0.01758,0.40829,0.72564,-0.07843,0.49514,-0.04452,-0.03256,0.15218,0.27437,0.33808,3.34666,2.58571,0.00000,0.13408,2.55642,2.76058,0.89655,0.88571,0.87500,0.79885,0.78030,0.53846,0.69039
720,0.3420,70877184,62042,0.01232,1.21e-04,0.3531,241.6025,0.00000,0.04400,0.00000,10.00000,1085.98321,0.00000,0.79758,0.00000,0.08800,0.14383,1.80558,4.46357,0.66337,0.64935,0.00000,0.00000,0.73075,0.00000,0.00000,0.00000,0.00000,1249.93709,-0.02635,-0.12340,0.21392,-0.01594,0.41087,0.73029,-0.07868,0.49342,-0.04738,-0.03269,0.15146,0.27186,0.33867,3.47934,1.94667,0.00000,0.13444,2.54046,2.64424,0.93069,0.91176,0.75000,0.79703,0.77241,0.27273,0.69336
721,0.3424,70975488,61764,0.01508,9.24e-05,0.3533,180.2886,0.00000,0.04200,0.00000,10.00000,1060.83099,0.00000,0.79365,0.00000,0.08400,0.14399,1.78308,4.17080,0.64286,0.62857,0.00000,0.00000,0.72978,0.00000,0.00000,0.00000,0.00000,1256.53743,-0.02641,-0.12404,0.21338,-0.01659,0.41008,0.72939,-0.07963,0.49012,-0.04864,-0.03279,0.15050,0.27099,0.33902,3.20694,2.24857,0.00000,0.13575,2.54164,2.52817,0.92857,0.91429,0.87500,0.78571,0.77143,0.41176,0.69512
722,0.3429,71073792,62183,0.01378,9.24e-05,0.3534,186.6668,0.00000,0.04000,0.00000,10.00000,1088.67295,0.00000,0.80020,0.00000,0.08000,0.14287,1.75211,3.84561,0.68807,0.68354,0.00000,0.00000,0.72884,0.00000,0.00000,0.00000,0.00000,1228.26538,-0.02666,-0.12144,0.21070,-0.01645,0.40919,0.72852,-0.07910,0.48534,-0.04708,-0.03281,0.14899,0.26730,0.33815,3.16898,2.19167,0.00000,0.13516,2.52891,2.69284,0.91743,0.88462,1.00000,0.80275,0.78344,0.55000,0.69075
723,0.3433,71172096,62188,0.01557,7.16e-05,0.3535,192.0397,0.00000,0.03800,0.00000,10.00000,1089.53891,0.00000,0.79827,0.00000,0.07600,0.14231,1.71575,4.21471,0.70874,0.69863,0.00000,0.00000,0.72161,0.00000,0.00000,0.00000,0.00000,1216.51270,-0.02677,-0.12016,0.20851,-0.01599,0.40545,0.72125,-0.07958,0.47908,-0.04574,-0.03251,0.14763,0.26477,0.33629,3.26140,2.62750,0.00000,0.13642,2.52236,2.58773,0.92233,0.89333,1.00000,0.81553,0.79730,0.50000,0.68147
724,0.3437,71270400,61811,0.01098,1.03e-04,0.3536,194.6672,0.00000,0.03600,0.00000,10.00000,1083.73724,0.00000,0.83900,0.00000,0.07200,0.14251,1.67228,3.83333,0.69388,0.71605,0.00000,0.00000,0.71196,0.00000,0.00000,0.00000,0.00000,1213.21655,-0.02707,-0.11987,0.20546,-0.01583,0.39942,0.71162,-0.08002,0.47230,-0.04607,-0.03228,0.14485,0.26089,0.33445,3.15069,1.97250,0.00000,0.13626,2.50233,2.57380,0.93878,0.92537,0.88889,0.81633,0.81081,0.50000,0.67225
725,0.3442,71368704,61807,0.01569,7.23e-05,0.3537,191.4419,0.00000,0.03400,0.00000,10.00000,1065.73856,0.00000,0.80247,0.00000,0.06800,0.14225,1.63475,3.93903,0.68687,0.73333,0.00000,0.00000,0.70443,0.00000,0.00000,0.00000,0.00000,1241.98014,-0.02724,-0.12276,0.20221,-0.01534,0.39493,0.70407,-0.08003,0.46646,-0.04771,-0.03252,0.14243,0.25659,0.33300,3.27783,2.40666,0.00000,0.13518,2.48453,2.66597,0.90909,0.86765,1.00000,0.79798,0.79720,0.42105,0.66498
726,0.3446,71467008,61519,0.01182,6.96e-05,0.3538,174.9762,0.00000,0.03200,0.00000,10.00000,1095.11287,0.00000,0.78125,0.00000,0.06400,0.14151,1.60004,4.01518,0.63542,0.64474,0.11111,0.00000,0.70257,0.00000,0.00000,0.00000,0.00000,1261.04460,-0.02768,-0.12446,0.19888,-0.01501,0.39216,0.70221,-0.08065,0.45909,-0.04908,-0.03235,0.14031,0.25207,0.33257,3.30768,3.83000,0.00000,0.13517,2.46088,2.64896,0.94792,0.91525,1.00000,0.79167,0.76296,0.33333,0.66286
727,0.3451,71565312,61133,0.01202,8.70e-05,0.3540,210.9344,0.00000,0.03000,0.00000,10.00000,1076.06412,0.00000,0.78616,0.00000,0.06000,0.14312,1.54102,3.54945,0.65094,0.66667,0.00000,0.00000,0.69832,0.00000,0.00000,0.00000,0.00000,1276.11572,-0.02792,-0.12589,0.19588,-0.01582,0.38977,0.69794,-0.08215,0.44924,-0.05123,-0.03248,0.13728,0.24849,0.33194,3.03631,3.01333,0.00000,0.13671,2.45045,2.66000,0.92453,0.90278,0.90000,0.78774,0.78000,0.42857,0.65968
728,0.3455,71663616,61669,0.01183,1.25e-04,0.3541,232.3928,0.00000,0.02800,0.00000,10.00000,1074.04331,0.00000,0.81802,0.00000,0.05600,0.14345,1.47489,3.82319,0.66929,0.65979,0.00000,0.00000,0.69528,0.00000,0.00000,0.00000,0.00000,1273.74829,-0.02806,-0.12579,0.19267,-0.01544,0.38916,0.69491,-0.08222,0.43883,-0.05277,-0.03281,0.13470,0.24427,0.33193,3.33897,3.58857,0.00000,0.13825,2.44640,2.95046,0.91339,0.87778,1.00000,0.79134,0.76471,0.43750,0.65963
729,0.3460,71761920,61961,0.01335,1.20e-04,0.3543,198.7246,0.00000,0.02600,0.00000,10.00000,1017.03143,0.00000,0.87855,0.00000,0.05200,0.14489,1.41993,3.64579,0.60465,0.56716,0.00000,0.00000,0.69344,0.00000,0.00000,0.00000,0.00000,1281.37264,-0.02836,-0.12656,0.19086,-0.01527,0.38575,0.69307,-0.08281,0.43413,-0.05436,-0.03254,0.13332,0.24196,0.33064,3.05196,2.59600,0.00000,0.13771,2.46867,2.72493,0.93023,0.91304,1.00000,0.76744,0.74265,0.50000,0.65321
730,0.3464,71860224,61709,0.01508,1.01e-04,0.3544,192.6253,0.00000,0.02400,0.00000,10.00000,1026.90084,0.00000,0.87607,0.00000,0.04800,0.14314,1.39752,3.85829,0.56731,0.50602,0.00000,0.00000,0.68851,0.00000,0.00000,0.00000,0.00000,1283.38281,-0.02830,-0.12673,0.19011,-0.01499,0.38220,0.68817,-0.08260,0.43355,-0.05202,-0.03259,0.13349,0.24099,0.32927,3.16484,1.66500,0.00000,0.13791,2.49130,2.74156,0.92308,0.90123,1.00000,0.74519,0.70122,0.50000,0.64635
731,0.3469,71958528,61629,0.01449,1.04e-04,0.3546,182.6322,0.00000,0.02200,0.00000,10.00000,1058.41346,0.00000,0.66952,0.00000,0.04400,0.14210,1.36463,3.48800,0.52564,0.47059,0.00000,0.00000,0.68433,0.00000,0.00000,0.00000,0.00000,1265.92961,-0.02828,-0.12498,0.19036,-0.01471,0.37977,0.68407,-0.08367,0.43416,-0.05162,-0.03226,0.13320,0.24129,0.32832,3.04473,2.34182,0.00000,0.13808,2.52072,2.82745,0.93590,0.88372,1.00000,0.73077,0.65957,0.52381,0.64162
732,0.3473,72056832,61654,0.01892,5.04e-05,0.3547,195.1127,0.00000,0.02000,0.00000,10.00000,1033.62508,0.00000,0.80858,0.00000,0.04000,0.14173,1.32500,3.83805,0.53465,0.48684,0.00000,0.00000,0.67884,0.00000,0.00000,0.00000,0.00000,1271.67985,-0.02845,-0.12566,0.18857,-0.01487,0.37775,0.67855,-0.08411,0.43378,-0.05213,-0.03225,0.13241,0.23885,0.32715,2.96769,2.63000,0.00000,0.13574,2.53425,2.49816,0.94059,0.92958,0.90909,0.73762,0.70068,0.52632,0.63576
733,0.3478,72155136,61808,0.00840,8.19e-05,0.3548,189.2760,0.00000,0.02000,0.00000,10.00000,950.35826,0.00000,0.75397,0.00000,0.04000,0.14148,1.29791,2.92000,0.39286,0.31034,0.00000,0.00000,0.68210,0.00000,0.00000,0.00000,0.00000,1304.64022,-0.02856,-0.12888,0.18822,-0.01468,0.37816,0.68177,-0.08435,0.43296,-0.05530,-0.03243,0.13217,0.23854,0.32778,2.71711,2.48545,0.00000,0.13604,2.56122,2.63457,0.89286,0.83929,1.00000,0.64286,0.57018,0.47619,0.63888
734,0.3482,72253440,61735,0.01352,7.61e-05,0.3549,177.2264,0.00000,0.02000,0.00000,10.00000,1008.86355,0.00000,0.78749,0.00000,0.04000,0.14102,1.28663,3.85943,0.45631,0.36842,0.00000,0.00000,0.68720,0.00000,0.00000,0.00000,0.00000,1278.13713,-0.02849,-0.12625,0.18920,-0.01512,0.38004,0.68690,-0.08484,0.43405,-0.05870,-0.03252,0.13193,0.23957,0.32850,2.98446,2.21600,0.00000,0.13670,2.58787,2.53412,0.93204,0.90000,1.00000,0.69417,0.62329,0.38462,0.64251
735,0.3487,72351744,61875,0.01631,6.34e-05,0.3551,222.9131,0.00000,0.02000,0.00000,10.00000,958.54583,0.00000,0.76720,0.00000,0.04000,0.13899,1.24915,3.70400,0.43810,0.37838,0.00000,0.00000,0.68526,0.00000,0.00000,0.00000,0.00000,1252.63192,-0.02850,-0.12388,0.18621,-0.01444,0.38069,0.68500,-0.08417,0.42999,-0.05279,-0.03233,0.13013,0.23533,0.32870,2.85365,2.29636,0.00000,0.13510,2.58313,2.50892,0.89524,0.88732,0.78571,0.66667,0.62759,0.40741,0.64348
736,0.3491,72450048,61152,0.01089,8.19e-05,0.3552,195.3637,0.00000,0.02000,0.00000,10.00000,975.71605,0.00000,0.80138,0.00000,0.04000,0.13808,1.19270,3.55200,0.45133,0.37647,0.00000,0.00000,0.67738,0.00000,0.00000,0.00000,0.00000,1258.98413,-0.02875,-0.12441,0.18310,-0.01363,0.37546,0.67708,-0.08416,0.42418,-0.05677,-0.03245,0.12886,0.23147,0.32656,2.94220,3.28000,0.00000,0.13446,2.58059,2.65378,0.91150,0.88462,0.83333,0.68142,0.61963,0.33333,0.63282
737,0.3496,72548352,61445,0.01266,1.07e-04,0.3553,201.3393,0.00000,0.02000,0.00000,10.00000,985.81267,0.00000,0.83937,0.00000,0.04000,0.13994,1.13934,3.77172,0.48913,0.38806,0.00000,0.00000,0.67123,0.00000,0.00000,0.00000,0.00000,1266.63916,-0.02912,-0.12512,0.17904,-0.01326,0.37295,0.67096,-0.08477,0.41211,-0.05445,-0.03234,0.12625,0.22665,0.32573,2.97979,2.95000,0.00000,0.13567,2.55363,2.64695,0.90217,0.90278,0.66667,0.69565,0.65468,0.33333,0.62865
738,0.3500,72646656,61501,0.01408,7.61e-05,0.3554,198.5457,0.00000,0.02000,0.00000,10.00000,911.96662,0.00000,0.86490,0.00000,0.04000,0.13730,1.09072,3.51538,0.38636,0.33333,0.00000,0.00000,0.66331,0.00000,0.00000,0.00000,0.00000,1276.33936,-0.02935,-0.12617,0.17691,-0.01336,0.36836,0.66304,-0.08468,0.40670,-0.05935,-0.03215,0.12387,0.22371,0.32418,2.89289,2.42333,0.00000,0.13684,2.55996,2.64000,0.89773,0.89231,0.75000,0.64205,0.59854,0.42857,0.62090
739,0.3505,72744960,61566,0.01346,9.13e-05,0.3555,197.4561,0.00000,0.02000,0.00000,10.00000,934.94068,0.00000,0.80933,0.00000,0.04000,0.13568,1.09418,3.30182,0.30864,0.13559,0.00000,0.00000,0.66384,0.00000,0.00000,0.00000,0.00000,1288.26139,-0.02935,-0.12736,0.17665,-0.01325,0.36626,0.66355,-0.08548,0.41191,-0.05816,-0.03212,0.12423,0.22345,0.32383,3.18278,4.84000,0.00000,0.13394,2.58065,3.16131,0.96296,0.94915,1.00000,0.63580,0.54237,0.44444,0.61917
740,0.3509,72843264,61078,0.01057,1.31e-04,0.3557,174.5874,0.00000,0.02000,0.00000,10.00000,935.88241,0.00000,0.76174,0.00000,0.04000,0.13726,1.07290,3.55368,0.36082,0.18182,0.00000,0.00000,0.66275,0.00000,0.00000,0.00000,0.00000,1287.45215,-0.02946,-0.12735,0.17727,-0.01354,0.36573,0.66250,-0.08577,0.41012,-0.06259,-0.03209,0.12476,0.22399,0.32272,2.81241,2.46182,0.00000,0.13506,2.59283,2.60529,0.87629,0.83582,0.90909,0.61856,0.51128,0.52632,0.61362
741,0.3514,72941568,61258,0.01200,1.73e-04,0.3558,217.6695,0.00000,0.02000,0.00000,10.00000,891.76319,0.00000,0.86619,0.00000,0.04000,0.13722,1.06428,3.91285,0.26882,0.13514,0.00000,0.00000,0.66404,0.00000,0.00000,0.00000,0.00000,1270.46606,-0.02948,-0.12554,0.17508,-0.01299,0.36788,0.66378,-0.08590,0.40703,-0.05448,-0.03214,0.12322,0.22104,0.32355,2.57301,1.86000,0.00000,0.13348,2.57843,2.30116,0.90323,0.88732,0.75000,0.58602,0.50345,0.37500,0.61775
742,0.3518,73039872,61445,0.01794,1.25e-04,0.3560,207.3118,0.00000,0.02000,0.00000,10.00000,862.97240,0.00000,0.83069,0.00000,0.04000,0.13887,1.06013,3.20500,0.25714,0.13750,0.00000,0.00000,0.65999,0.00000,0.00000,0.00000,0.00000,1282.26107,-0.02946,-0.12675,0.17503,-0.01364,0.36670,0.65971,-0.08566,0.40585,-0.05644,-0.03233,0.12248,0.22132,0.32250,2.82039,1.97454,0.00000,0.13388,2.56900,2.72658,0.93333,0.93506,0.81818,0.59524,0.52866,0.45000,0.61251
743,0.3523,73138176,61247,0.01408,1.25e-04,0.3562,208.1362,0.00000,0.02000,0.00000,10.00000,922.77867,0.00000,0.80000,0.00000,0.04000,0.14072,1.03836,5.12909,0.37000,0.26389,0.00000,0.00000,0.66152,0.00000,0.00000,0.00000,0.00000,1287.83797,-0.02974,-0.12737,0.17319,-0.01336,0.36708,0.66123,-0.08528,0.39988,-0.06234,-0.03231,0.12121,0.21897,0.32365,3.12041,2.74666,0.00000,0.13426,2.54301,2.53120,0.92000,0.88889,1.00000,0.64500,0.57639,0.47368,0.61825
744,0.3527,73236480,61129,0.01468,1.25e-04,0.3563,189.3086,0.00000,0.02000,0.00000,10.00000,965.15179,0.00000,0.79861,0.00000,0.04000,0.13867,1.02550,3.36571,0.34821,0.18519,0.00000,0.00000,0.66258,0.00000,0.00000,0.00000,0.00000,1300.05957,-0.02991,-0.12847,0.17164,-0.01318,0.36586,0.66233,-0.08593,0.39636,-0.06327,-0.03260,0.11994,0.21695,0.32308,2.57050,2.66889,0.00000,0.13481,2.53537,2.35641,0.91071,0.88750,0.87500,0.62946,0.53416,0.46667,0.61539
745,0.3532,73334784,61336,0.01936,5.83e-05,0.3564,187.5601,0.00000,0.02000,0.00000,10.00000,944.53261,0.00000,0.78502,0.00000,0.04000,0.13979,0.99641,2.86769,0.30435,0.12903,0.00000,0.00000,0.65782,0.00000,0.00000,0.00000,0.00000,1295.36466,-0.02999,-0.12810,0.16994,-0.01311,0.36264,0.65757,-0.08573,0.39221,-0.06169,-0.03243,0.11903,0.21490,0.32190,2.60241,2.66571,0.00000,0.13481,2.53086,2.55314,0.93478,0.91176,1.00000,0.61957,0.53846,0.41176,0.60949
746,0.3536,73433088,61281,0.01335,5.40e-05,0.3565,184.4419,0.00000,0.02200,0.00000,10.00000,837.81327,0.00000,0.79208,0.00000,0.04400,0.13870,0.98391,4.88000,0.25743,0.08333,0.00000,0.00000,0.65365,0.00000,0.00000,0.00000,0.00000,1291.74373,-0.03007,-0.12758,0.16969,-0.01364,0.36084,0.65340,-0.08645,0.39014,-0.06020,-0.03259,0.11833,0.21467,0.32124,2.74827,2.40571,0.00000,0.13613,2.53496,2.45757,0.83168,0.81944,0.63636,0.54455,0.45139,0.35000,0.60620
747,0.3541,73531392,60784,0.01055,6.82e-05,0.3566,164.0240,0.00000,0.02400,0.00000,10.00000,904.92298,0.00000,0.79686,0.00000,0.04800,0.14016,0.98897,2.98500,0.23232,0.05479,0.00000,0.00000,0.65122,0.00000,0.00000,0.00000,0.00000,1284.63167,-0.02990,-0.12684,0.17137,-0.01369,0.36140,0.65095,-0.08608,0.39235,-0.05771,-0.03237,0.11895,0.21696,0.32132,2.60794,3.21333,0.00000,0.13703,2.55744,2.56154,0.89899,0.86957,0.75000,0.56566,0.45070,0.27273,0.60659
748,0.3545,73629696,61191,0.01046,9.83e-05,0.3567,190.5693,0.00000,0.02600,0.00000,10.00000,915.16674,0.00000,0.77077,0.00000,0.05200,0.13934,0.98642,4.11000,0.26126,0.06494,0.00000,0.00000,0.65398,0.00000,0.00000,0.00000,0.00000,1284.52865,-0.02995,-0.12685,0.17062,-0.01320,0.36403,0.65368,-0.08652,0.39379,-0.05851,-0.03256,0.11896,0.21594,0.32276,2.75349,1.54286,0.00000,0.13538,2.55741,2.56767,0.90991,0.87013,1.00000,0.58559,0.46753,0.37500,0.61381
749,0.3550,73728000,61351,0.01267,1.18e-04,0.3568,214.1430,0.00000,0.02800,0.00000,10.00000,933.15793,0.00000,0.79023,0.00000,0.05600,0.14099,0.98169,4.78166,0.28448,0.10714,0.00000,0.00000,0.65776,0.00000,0.00000,0.00000,0.00000,1300.48820,-0.03007,-0.12834,0.16860,-0.01377,0.36554,0.65746,-0.08616,0.38546,-0.05851,-0.03278,0.11699,0.21338,0.32341,2.84408,2.09143,0.00000,0.13723,2.51453,2.55704,0.93103,0.90123,1.00000,0.60776,0.49697,0.46667,0.61707
750,0.3554,73826304,60969,0.01315,1.12e-04,0.3569,196.8080,0.00000,0.03000,0.00000,10.00000,910.85200,0.00000,0.77403,0.00000,0.06000,0.14378,0.98698,4.16222,0.26966,0.09091,0.00000,0.00000,0.65822,0.00000,0.00000,0.00000,0.00000,1301.54053,-0.02999,-0.12857,0.17036,-0.01402,0.36486,0.65791,-0.08583,0.38860,-0.06143,-0.03279,0.11791,0.21601,0.32301,2.75108,2.29600,0.00000,0.13737,2.54417,2.52428,0.86517,0.81034,0.80000,0.56742,0.42742,0.40000,0.61505
751,0.3559,73924608,61115,0.01056,1.61e-04,0.3570,229.0121,0.00000,0.03200,0.00000,10.00000,904.34151,0.00000,0.81408,0.00000,0.06400,0.14504,1.00101,3.33091,0.19802,0.06173,0.00000,0.00000,0.65954,0.00000,0.00000,0.00000,0.00000,1325.72583,-0.02981,-0.13098,0.17195,-0.01402,0.36592,0.65927,-0.08517,0.39052,-0.06392,-0.03298,0.11948,0.21822,0.32373,2.58205,2.17200,0.00000,0.13791,2.54791,2.45910,0.95050,0.92537,1.00000,0.57426,0.45270,0.50000,0.61866
752,0.3563,74022912,61254,0.01528,1.03e-04,0.3572,173.6807,0.00000,0.03400,0.00000,10.00000,866.82292,0.00000,0.75556,0.00000,0.06800,0.15012,1.05276,2.98250,0.22667,0.10909,0.00000,0.00000,0.66515,0.00000,0.00000,0.00000,0.00000,1327.78516,-0.02949,-0.13113,0.17503,-0.01465,0.36877,0.66488,-0.08626,0.39615,-0.06224,-0.03308,0.12121,0.22216,0.32487,2.44508,2.56909,0.00000,0.13716,2.56726,2.36078,0.88000,0.82979,0.91667,0.55333,0.44118,0.52381,0.62434
753,0.3568,74121216,61241,0.01252,1.33e-04,0.3573,171.4184,0.00000,0.03600,0.00000,10.00000,937.54025,0.00000,0.73545,0.00000,0.07200,0.15481,1.08597,5.24769,0.30476,0.13699,0.00000,0.00000,0.67065,0.00000,0.00000,0.00000,0.00000,1310.32861,-0.02907,-0.12956,0.17996,-0.01486,0.37336,0.67035,-0.08460,0.40765,-0.05811,-0.03307,0.12495,0.22863,0.32685,2.89238,2.53454,0.00000,0.13565,2.62273,2.46113,0.89524,0.86364,0.83333,0.60000,0.48201,0.45455,0.63426
754,0.3572,74219520,61599,0.01730,8.70e-05,0.3575,191.1810,0.00000,0.03800,0.00000,10.00000,1020.69626,0.00000,0.73871,0.00000,0.07600,0.15379,1.10002,4.66267,0.38462,0.18750,0.00000,0.00000,0.67569,0.00000,0.00000,0.00000,0.00000,1324.86068,-0.02901,-0.13092,0.18251,-0.01529,0.37692,0.67535,-0.08496,0.41543,-0.06691,-0.03322,0.12675,0.23126,0.32776,3.11288,2.77600,0.00000,0.13401,2.64014,2.71207,0.95604,0.92982,1.00000,0.67033,0.53719,0.55556,0.63879
755,0.3577,74317824,61567,0.01432,8.70e-05,0.3576,217.9784,0.00000,0.04000,0.00000,10.00000,883.02859,0.00000,0.84444,0.00000,0.08000,0.15488,1.13635,4.53500,0.24000,0.17073,0.00000,0.00000,0.68367,0.00000,0.00000,0.00000,0.00000,1315.07829,-0.02888,-0.12999,0.18406,-0.01556,0.38169,0.68337,-0.08466,0.41662,-0.06546,-0.03349,0.12749,0.23371,0.32874,2.81471,2.76800,0.00000,0.13543,2.63634,2.42704,0.96000,0.94286,1.00000,0.60000,0.52632,0.38462,0.64372
756,0.3581,74416128,61328,0.01329,1.01e-04,0.3577,235.9931,0.00000,0.04200,0.00000,10.00000,917.24287,0.00000,0.72816,0.00000,0.08400,0.15813,1.20294,4.95764,0.29126,0.19737,0.00000,0.00000,0.69294,0.00000,0.00000,0.00000,0.00000,1298.54712,-0.02864,-0.12844,0.18658,-0.01580,0.38734,0.69256,-0.08358,0.41800,-0.05898,-0.03378,0.12854,0.23734,0.33071,3.08357,2.34833,0.00000,0.13710,2.61518,2.60806,0.93204,0.91525,0.85714,0.61165,0.51111,0.46154,0.65356
757,0.3586,74514432,61541,0.01868,6.04e-05,0.3578,198.6127,0.00000,0.04400,0.00000,10.00000,888.28300,0.00000,0.82854,0.00000,0.08800,0.15638,1.23589,5.37071,0.33621,0.25000,0.00000,0.00000,0.69492,0.00000,0.00000,0.00000,0.00000,1294.31698,-0.02836,-0.12792,0.18972,-0.01590,0.38882,0.69454,-0.08223,0.42568,-0.06294,-0.03399,0.13004,0.24073,0.33135,3.16151,2.75000,0.00000,0.13685,2.61989,2.48176,0.93103,0.92135,0.88889,0.63362,0.59538,0.34783,0.65677
758,0.3590,74612736,61616,0.01150,7.77e-05,0.3579,231.3990,0.00000,0.04600,0.00000,10.00000,833.25618,0.00000,0.92186,0.00000,0.09200,0.15844,1.28002,5.90222,0.32967,0.28049,0.00000,0.00000,0.69812,0.00000,0.00000,0.00000,0.00000,1302.71753,-0.02835,-0.12870,0.19011,-0.01645,0.38987,0.69775,-0.08113,0.42637,-0.05903,-0.03383,0.13071,0.24143,0.33227,3.72957,2.64000,0.00000,0.13608,2.58516,2.85403,0.95604,0.94203,1.00000,0.64286,0.58278,0.50000,0.66136
759,0.3595,74711040,61550,0.01362,8.35e-05,0.3580,192.4039,0.00000,0.04800,0.00000,10.00000,956.10947,0.00000,0.76305,0.00000,0.09600,0.15620,1.32746,4.78923,0.44578,0.37288,0.00000,0.00000,0.69983,0.00000,0.00000,0.00000,0.00000,1307.60409,-0.02807,-0.12917,0.19275,-0.01680,0.39077,0.69945,-0.08125,0.43465,-0.06101,-0.03371,0.13292,0.24553,0.33246,3.38095,2.90000,0.00000,0.13633,2.59798,2.74965,0.96386,0.94545,1.00000,0.70482,0.64912,0.40000,0.66229
760,0.3599,74809344,61867,0.01219,9.32e-05,0.3581,214.9497,0.00000,0.05000,0.00000,10.00000,861.83413,0.00000,0.85470,0.00000,0.10000,0.15622,1.41842,5.31333,0.33333,0.25000,0.00000,0.00000,0.70194,0.00000,0.00000,0.00000,0.00000,1287.35742,-0.02764,-0.12727,0.19795,-0.01696,0.39191,0.70158,-0.08066,0.44867,-0.05618,-0.03351,0.13709,0.25262,0.33284,3.40944,2.24500,0.00000,0.13527,2.61454,2.77481,0.91026,0.87500,1.00000,0.62179,0.54167,0.50000,0.66422
761,0.3604,74907648,62172,0.01862,7.23e-05,0.3582,201.1001,0.00000,0.05200,0.00000,10.00000,943.38754,0.00000,0.81040,0.00000,0.10400,0.15499,1.47780,5.28810,0.47706,0.41772,0.00000,0.00000,0.70778,0.00000,0.00000,0.00000,0.00000,1302.17464,-0.02725,-0.12868,0.20198,-0.01712,0.39794,0.70742,-0.08017,0.45780,-0.05853,-0.03399,0.13975,0.25815,0.33431,3.42871,2.62363,0.00000,0.13580,2.62027,2.63793,0.94495,0.92500,1.00000,0.71101,0.67296,0.50000,0.67157
762,0.3608,75005952,61693,0.01138,9.66e-05,0.3584,249.9709,0.00000,0.05400,0.00000,10.00000,1032.81622,0.00000,0.81349,0.00000,0.10800,0.15575,1.52272,5.67714,0.58333,0.47541,0.00000,0.00000,0.71868,0.00000,0.00000,0.00000,0.00000,1295.36597,-0.02721,-0.12797,0.20438,-0.01806,0.40434,0.71829,-0.07994,0.46293,-0.05762,-0.03388,0.14161,0.26089,0.33676,3.61204,2.17200,0.00000,0.13497,2.61639,2.46476,0.94048,0.91935,1.00000,0.76190,0.69919,0.62500,0.68379
763,0.3613,75104256,61599,0.01429,9.13e-05,0.3585,232.2279,0.00000,0.05600,0.00000,10.00000,954.26967,0.00000,0.81818,0.00000,0.11200,0.15224,1.56957,4.73111,0.53636,0.51220,0.00000,0.00000,0.72428,0.00000,0.00000,0.00000,0.00000,1288.74520,-0.02704,-0.12736,0.20654,-0.01782,0.40738,0.72377,-0.07894,0.46957,-0.05729,-0.03401,0.14320,0.26388,0.33751,3.55250,3.26600,0.00000,0.13627,2.62409,2.91349,0.93636,0.91250,1.00000,0.73636,0.70988,0.47619,0.68754
764,0.3617,75202560,61932,0.01149,1.31e-04,0.3587,258.3592,0.00000,0.05600,0.00000,10.00000,998.87569,0.00000,0.81699,0.00000,0.11200,0.15508,1.60601,5.28133,0.57843,0.54667,0.00000,0.00000,0.72702,0.00000,0.00000,0.00000,0.00000,1275.92407,-0.02674,-0.12611,0.20846,-0.01823,0.40990,0.72658,-0.07852,0.46900,-0.04997,-0.03417,0.14446,0.26713,0.33853,3.52864,2.08800,0.00000,0.13793,2.61602,2.44822,0.93137,0.92000,0.80000,0.75490,0.73333,0.28571,0.69263
765,0.3622,75300864,61968,0.01319,1.73e-04,0.3588,201.2416,0.00000,0.05600,0.00000,10.00000,920.32145,0.00000,0.88889,0.00000,0.11200,0.15247,1.62906,5.33061,0.52727,0.49462,0.00000,0.00000,0.72980,0.00000,0.00000,0.00000,0.00000,1281.22445,-0.02674,-0.12665,0.21007,-0.01816,0.41144,0.72936,-0.07711,0.47645,-0.05457,-0.03416,0.14577,0.26885,0.33910,3.71922,3.78000,0.00000,0.13675,2.61315,2.73225,0.91818,0.89157,1.00000,0.72273,0.68182,0.50000,0.69551
766,0.3626,75399168,61805,0.01584,1.31e-04,0.3590,234.9641,0.00000,0.05600,0.00000,10.00000,1021.31748,0.00000,0.76923,0.00000,0.11200,0.15069,1.69499,5.10428,0.58242,0.58209,0.00000,0.00000,0.72953,0.00000,0.00000,0.00000,0.00000,1256.09009,-0.02653,-0.12411,0.21277,-0.01807,0.41207,0.72914,-0.07736,0.48516,-0.04659,-0.03387,0.14793,0.27148,0.33912,3.38092,1.91600,0.00000,0.13502,2.61207,2.28424,0.95604,0.94915,0.90909,0.76923,0.75397,0.47619,0.69558
767,0.3631,75497472,62135,0.01692,9.32e-05,0.3591,217.2571,0.00000,0.05600,0.00000,10.00000,994.62347,0.00000,0.77892,0.00000,0.11200,0.15347,1.72097,5.29787,0.59794,0.61111,0.00000,0.00000,0.73278,0.00000,0.00000,0.00000,0.00000,1251.31999,-0.02621,-0.12369,0.21482,-0.01817,0.41396,0.73238,-0.07581,0.48993,-0.05393,-0.03407,0.14932,0.27410,0.33975,3.60293,2.67111,0.00000,0.13346,2.60700,2.44840,0.93814,0.92188,0.90000,0.76804,0.75735,0.42857,0.69875
768,0.3635,75595776,62131,0.01297,1.10e-04,0.3592,196.1882,0.00000,0.05600,0.00000,10.00000,1017.48814,0.00000,0.82819,0.00000,0.11200,0.15088,1.77672,4.50069,0.62963,0.60920,0.00000,0.00000,0.73452,0.00000,0.00000,0.00000,0.00000,1234.15316,-0.02616,-0.12201,0.21555,-0.01789,0.41517,0.73406,-0.07625,0.49595,-0.04555,-0.03395,0.15115,0.27542,0.34038,3.32515,3.13143,0.00000,0.13285,2.60082,2.40378,0.92593,0.89189,1.00000,0.77778,0.73913,0.53846,0.70189
769,0.3639,75694080,62210,0.01395,1.45e-04,0.3593,201.9344,0.00000,0.05600,0.00000,10.00000,1054.65728,0.00000,0.78460,0.00000,0.11200,0.15018,1.80129,4.78363,0.58772,0.55682,0.00000,0.00000,0.73459,0.00000,0.00000,0.00000,0.00000,1246.79590,-0.02606,-0.12319,0.21609,-0.01819,0.41517,0.73406,-0.07521,0.49557,-0.04671,-0.03386,0.15088,0.27608,0.34018,3.38984,2.97333,0.00000,0.13429,2.56242,2.36773,0.95614,0.93151,1.00000,0.77193,0.72671,0.42857,0.70091
770,0.3644,75792384,61781,0.01843,1.18e-04,0.3595,209.1236,0.00000,0.05600,0.00000,10.00000,1014.84585,0.00000,0.82799,0.00000,0.11200,0.14833,1.80818,4.27033,0.66346,0.67901,0.00000,0.00000,0.73342,0.00000,0.00000,0.00000,0.00000,1237.89323,-0.02627,-0.12225,0.21320,-0.01767,0.41517,0.73294,-0.07500,0.49039,-0.04317,-0.03404,0.14951,0.27213,0.34043,3.42711,2.04500,0.00000,0.13421,2.51206,2.75253,0.93269,0.90541,1.00000,0.79808,0.78710,0.47059,0.70217
771,0.3648,75890688,61839,0.01344,1.12e-04,0.3596,205.9035,0.00000,0.05600,0.00000,10.00000,1025.63917,0.00000,0.81807,0.00000,0.11200,0.15065,1.83365,4.93695,0.70330,0.71233,0.00000,0.00000,0.73218,0.00000,0.00000,0.00000,0.00000,1252.93872,-0.02617,-0.12379,0.21634,-0.01818,0.41319,0.73165,-0.07464,0.49410,-0.04626,-0.03398,0.15098,0.27605,0.34001,3.90298,3.15200,0.00000,0.13466,2.52587,2.79382,0.87912,0.83607,0.75000,0.79121,0.76866,0.30000,0.70006
772,0.3653,75988992,62121,0.01175,1.41e-04,0.3597,192.7810,0.00000,0.05600,0.00000,10.00000,1074.41656,0.00000,0.82151,0.00000,0.11200,0.14760,1.83274,4.58952,0.69149,0.63636,0.00000,0.00000,0.73560,0.00000,0.00000,0.00000,0.00000,1254.14185,-0.02608,-0.12394,0.21646,-0.01831,0.41456,0.73520,-0.07498,0.49684,-0.04673,-0.03382,0.15087,0.27597,0.34025,3.24371,1.97600,0.00000,0.13529,2.53782,2.44760,0.92553,0.90411,1.00000,0.80851,0.77698,0.50000,0.70126
773,0.3657,76087296,61861,0.01391,1.21e-04,0.3598,173.5035,0.00000,0.05600,0.00000,10.00000,1104.06722,0.00000,0.78144,0.00000,0.11200,0.14762,1.87442,4.11824,0.68132,0.74648,0.08333,0.00000,0.73511,0.00000,0.00000,0.00000,0.00000,1252.28597,-0.02593,-0.12373,0.21973,-0.01823,0.41465,0.73462,-0.07557,0.50673,-0.04453,-0.03383,0.15325,0.28014,0.34037,3.36593,2.75250,0.00000,0.13366,2.56539,2.66295,0.96703,0.94737,1.00000,0.82418,0.83594,0.42105,0.70186
774,0.3662,76185600,62757,0.01489,1.34e-04,0.3599,213.6175,0.00000,0.05600,0.00000,10.00000,1110.91121,0.00000,0.76968,0.00000,0.11200,0.14678,1.89901,4.08898,0.65625,0.65672,0.00000,0.00000,0.73841,0.00000,0.00000,0.00000,0.00000,1262.17106,-0.02577,-0.12458,0.22112,-0.01842,0.41790,0.73790,-0.07483,0.50989,-0.04492,-0.03402,0.15451,0.28161,0.34145,3.18086,2.25200,0.00000,0.13383,2.56231,2.51671,0.93750,0.93939,0.71429,0.79688,0.79699,0.29412,0.70725
775,0.3666,76283904,62274,0.01534,1.16e-04,0.3600,215.3267,0.00000,0.05600,0.00000,10.00000,1085.13957,0.00000,0.84894,0.00000,0.11200,0.14639,1.92851,4.08100,0.75281,0.80000,0.00000,0.00000,0.74296,0.00000,0.00000,0.00000,0.00000,1277.95597,-0.02545,-0.12609,0.22443,-0.01856,0.42125,0.74240,-0.07489,0.51662,-0.04585,-0.03401,0.15625,0.28578,0.34197,3.24220,2.52000,0.00000,0.13437,2.59270,2.49104,0.94382,0.92424,1.00000,0.84831,0.86029,0.38462,0.70984
776,0.3670,76382208,62351,0.01143,1.78e-04,0.3601,200.8673,0.00000,0.05600,0.00000,10.00000,1090.33543,0.00000,0.78920,0.00000,0.11200,0.14516,1.92885,3.98031,0.72897,0.75309,0.00000,0.00000,0.74927,0.00000,0.00000,0.00000,0.00000,1262.59212,-0.02541,-0.12468,0.22497,-0.01947,0.42522,0.74877,-0.07443,0.51753,-0.04370,-0.03422,0.15656,0.28652,0.34336,3.29101,2.28000,0.00000,0.13553,2.60211,2.69486,0.92523,0.91549,0.80000,0.82710,0.82895,0.42105,0.71681
777,0.3675,76480512,62507,0.01702,9.24e-05,0.3603,211.0994,0.00000,0.05600,0.00000,10.00000,1065.64141,0.00000,0.76880,0.00000,0.11200,0.14557,1.92741,4.50963,0.72727,0.76056,0.00000,0.00000,0.75421,0.00000,0.00000,0.00000,0.00000,1256.73022,-0.02533,-0.12402,0.22442,-0.01890,0.42759,0.75364,-0.07372,0.51842,-0.04519,-0.03441,0.15648,0.28659,0.34436,3.58484,2.78400,0.00000,0.13481,2.60952,2.87143,0.92929,0.89394,1.00000,0.82828,0.82482,0.50000,0.72181
778,0.3679,76578816,62460,0.01069,1.33e-04,0.3604,207.6031,0.00000,0.05400,0.00000,10.00000,1054.10605,0.00000,0.81159,0.00000,0.10800,0.14498,1.92664,4.30089,0.70435,0.74713,0.00000,0.00000,0.75037,0.00000,0.00000,0.00000,0.00000,1225.90226,-0.02534,-0.12111,0.22463,-0.01860,0.42558,0.74986,-0.07362,0.52010,-0.04196,-0.03437,0.15723,0.28700,0.34347,3.29600,2.41167,0.00000,0.13443,2.61263,2.48482,0.89565,0.85185,1.00000,0.80000,0.79762,0.47826,0.71733
779,0.3684,76677120,62162,0.01509,1.00e-04,0.3605,195.4702,0.00000,0.05200,0.00000,10.00000,1140.66591,0.00000,0.88411,0.00000,0.10400,0.14353,1.93205,4.16923,0.80645,0.81013,0.00000,0.00000,0.74464,0.00000,0.00000,0.00000,0.00000,1210.81755,-0.02539,-0.11962,0.22329,-0.01773,0.42260,0.74407,-0.07268,0.52133,-0.04037,-0.03388,0.15677,0.28482,0.34225,3.25774,0.95000,0.00000,0.13233,2.58794,2.38647,0.95699,0.94203,1.00000,0.88172,0.87162,0.40000,0.71126
780,0.3688,76775424,62592,0.01093,1.44e-04,0.3606,194.6643,0.00000,0.05000,0.00000,10.00000,1153.60423,0.00000,0.75949,0.00000,0.10000,0.14266,1.93140,3.91416,0.78481,0.83333,0.00000,0.00000,0.73860,0.00000,0.00000,0.00000,0.00000,1225.51156,-0.02549,-0.12093,0.22257,-0.01771,0.41893,0.73811,-0.07281,0.51929,-0.04211,-0.03373,0.15688,0.28350,0.34102,3.09020,2.11667,0.00000,0.13259,2.56955,2.32961,0.89873,0.87037,0.83333,0.84177,0.85185,0.35714,0.70510
781,0.3693,76873728,62204,0.01489,1.33e-04,0.3607,182.5814,0.00000,0.04800,0.00000,10.00000,1153.88234,0.00000,0.84337,0.00000,0.09600,0.14286,1.93578,3.57306,0.73494,0.71875,0.00000,0.00000,0.73964,0.00000,0.00000,0.00000,0.00000,1248.83309,-0.02535,-0.12343,0.22391,-0.01796,0.41825,0.73914,-0.07391,0.52049,-0.04679,-0.03392,0.15702,0.28466,0.34170,3.01466,2.00000,0.00000,0.13299,2.58591,2.52607,0.91566,0.88710,1.00000,0.82530,0.80159,0.20000,0.70848
782,0.3697,76972032,62515,0.01787,6.96e-05,0.3607,196.1282,0.00000,0.04600,0.00000,10.00000,1115.16827,0.00000,0.79060,0.00000,0.09200,0.14114,1.93561,3.92000,0.70192,0.68421,0.12500,0.00000,0.74322,0.00000,0.00000,0.00000,0.00000,1252.93449,-0.02547,-0.12364,0.22344,-0.01734,0.42136,0.74272,-0.07445,0.51875,-0.04351,-0.03415,0.15667,0.28347,0.34226,3.11831,3.28222,0.00000,0.13376,2.58779,2.49233,0.92308,0.88889,1.00000,0.81250,0.78378,0.56250,0.71132
783,0.3701,77070336,62493,0.01014,1.00e-04,0.3608,190.0633,0.00000,0.04400,0.00000,10.00000,1119.06106,0.00000,0.79710,0.00000,0.08800,0.14261,1.91904,3.90516,0.78261,0.80556,0.14286,0.00000,0.74282,0.00000,0.00000,0.00000,0.00000,1261.49862,-0.02543,-0.12438,0.22301,-0.01776,0.42260,0.74237,-0.07372,0.51613,-0.04403,-0.03396,0.15646,0.28318,0.34257,3.33296,3.60750,0.00000,0.13403,2.58522,2.76984,0.92391,0.91667,0.77778,0.85326,0.85606,0.50000,0.71287
784,0.3706,77168640,61391,0.01317,1.21e-04,0.3609,190.9879,0.00000,0.04200,0.00000,10.00000,1177.13505,0.00000,0.70988,0.00000,0.08400,0.14286,1.90103,3.73454,0.75926,0.80263,0.08333,0.00000,0.74116,0.00000,0.00000,0.00000,0.00000,1250.34058,-0.02563,-0.12346,0.22211,-0.01802,0.42050,0.74061,-0.07400,0.51377,-0.04293,-0.03430,0.15520,0.28219,0.34202,3.17343,2.92615,0.00000,0.13419,2.58167,2.62882,0.94444,0.90323,1.00000,0.85185,0.84783,0.54167,0.71010
785,0.3710,77266944,61446,0.01573,7.61e-05,0.3611,187.2839,0.00000,0.04000,0.00000,10.00000,1035.56648,0.00000,0.84444,0.00000,0.08000,0.14327,1.86777,4.07606,0.71000,0.72500,0.00000,0.00000,0.73819,0.00000,0.00000,0.00000,0.00000,1237.55941,-0.02566,-0.12218,0.22052,-0.01787,0.41977,0.73771,-0.07456,0.50858,-0.04127,-0.03410,0.15366,0.27972,0.34162,3.45283,3.24000,0.00000,0.13450,2.57800,2.93205,0.91000,0.87500,1.00000,0.81000,0.79605,0.53333,0.70812
786,0.3715,77365248,61861,0.01433,6.82e-05,0.3612,185.8345,0.00000,0.03800,0.00000,10.00000,1132.99795,0.00000,0.80906,0.00000,0.07600,0.14374,1.83981,3.43365,0.73786,0.73418,0.00000,0.00000,0.73689,0.00000,0.00000,0.00000,0.00000,1244.10457,-0.02578,-0.12290,0.21853,-0.01734,0.41878,0.73642,-0.07414,0.50621,-0.04434,-0.03409,0.15232,0.27760,0.34173,3.06270,2.35200,0.00000,0.13323,2.57900,2.72886,0.91262,0.87324,1.00000,0.82524,0.80000,0.45455,0.70863
787,0.3719,77463552,62179,0.01383,5.80e-05,0.3613,170.3459,0.00000,0.03600,0.00000,10.00000,1208.30371,0.00000,0.76968,0.00000,0.07200,0.14160,1.80522,3.88792,0.79167,0.80303,0.00000,0.00000,0.73281,0.00000,0.00000,0.00000,0.00000,1229.09302,-0.02599,-0.12145,0.21742,-0.01724,0.41500,0.73240,-0.07484,0.50407,-0.04274,-0.03413,0.15161,0.27619,0.34019,3.01721,2.79750,0.00000,0.13447,2.59385,2.34840,0.93750,0.91045,1.00000,0.86458,0.85714,0.53333,0.70096
788,0.3724,77561856,61696,0.01358,7.61e-05,0.3614,206.9403,0.00000,0.03400,0.00000,10.00000,1080.62591,0.00000,0.79288,0.00000,0.06800,0.14452,1.78003,3.67193,0.66990,0.70130,0.00000,0.00000,0.73161,0.00000,0.00000,0.00000,0.00000,1234.29199,-0.02610,-0.12198,0.21566,-0.01698,0.41338,0.73117,-0.07525,0.49511,-0.04183,-0.03422,0.15035,0.27402,0.33992,2.98702,2.41600,0.00000,0.13565,2.57047,2.45946,0.92233,0.90000,0.90909,0.79612,0.79592,0.45455,0.69962
789,0.3728,77660160,62048,0.01288,8.70e-05,0.3615,208.0265,0.00000,0.03200,0.00000,10.00000,1154.98007,0.00000,0.80499,0.00000,0.06400,0.14216,1.74499,3.97345,0.75510,0.73611,0.00000,0.00000,0.72388,0.00000,0.00000,0.00000,0.00000,1241.56641,-0.02634,-0.12258,0.21322,-0.01711,0.40968,0.72347,-0.07600,0.49038,-0.04219,-0.03421,0.14794,0.27057,0.33830,3.16418,2.66333,0.00000,0.13624,2.56137,2.50310,0.94898,0.92857,1.00000,0.85204,0.83099,0.54545,0.69150
790,0.3733,77758464,61562,0.01281,1.12e-04,0.3616,205.3369,0.00000,0.03000,0.00000,10.00000,1145.02621,0.00000,0.83563,0.00000,0.06000,0.14306,1.69311,3.39571,0.71074,0.69565,0.12500,0.00000,0.71544,0.00000,0.00000,0.00000,0.00000,1236.41390,-0.02669,-0.12216,0.20884,-0.01602,0.40572,0.71502,-0.07697,0.48209,-0.04250,-0.03409,0.14525,0.26483,0.33747,2.81707,2.56909,0.00000,0.13437,2.53140,2.38617,0.95868,0.94444,1.00000,0.83471,0.81868,0.58824,0.68737
791,0.3737,77856768,61683,0.01445,1.03e-04,0.3617,214.2855,0.00000,0.02800,0.00000,10.00000,1131.63082,0.00000,0.74619,0.00000,0.05600,0.14224,1.63140,3.85333,0.61765,0.62162,0.00000,0.00000,0.71027,0.00000,0.00000,0.00000,0.00000,1264.85278,-0.02721,-0.12491,0.20373,-0.01621,0.40113,0.70984,-0.07694,0.47189,-0.04622,-0.03419,0.14095,0.25837,0.33581,3.07559,2.15111,0.00000,0.13415,2.49857,2.48358,0.96078,0.93651,1.00000,0.78922,0.76642,0.42105,0.67906
792,0.3742,77955072,61838,0.01239,1.10e-04,0.3618,214.0229,0.00000,0.02600,0.00000,10.00000,1157.49062,0.00000,0.87135,0.00000,0.05200,0.14257,1.60305,3.78750,0.82105,0.82667,0.00000,0.00000,0.70528,0.00000,0.00000,0.00000,0.00000,1293.05477,-0.02752,-0.12765,0.20206,-0.01625,0.39486,0.70489,-0.07812,0.46839,-0.04733,-0.03399,0.14004,0.25613,0.33424,3.06103,1.93000,0.00000,0.13376,2.50884,2.41528,0.94737,0.94595,0.66667,0.88421,0.88591,0.28571,0.67119
793,0.3746,78053376,61671,0.01246,1.58e-04,0.3620,234.7889,0.00000,0.02400,0.00000,10.00000,993.70774,0.00000,0.81439,0.00000,0.04800,0.14342,1.54465,3.82857,0.53409,0.54930,0.00000,0.00000,0.70421,0.00000,0.00000,0.00000,0.00000,1301.41797,-0.02769,-0.12837,0.19866,-0.01597,0.39367,0.70378,-0.07898,0.46110,-0.04885,-0.03427,0.13732,0.25195,0.33316,3.19960,2.48000,0.00000,0.13332,2.51439,2.74414,0.92045,0.89655,0.83333,0.72727,0.70543,0.33333,0.66578
794,0.3751,78151680,61626,0.01386,1.73e-04,0.3622,207.4925,0.00000,0.02200,0.00000,10.00000,1124.37786,0.00000,0.74074,0.00000,0.04400,0.14222,1.53427,3.86636,0.67778,0.66102,0.00000,0.00000,0.70325,0.00000,0.00000,0.00000,0.00000,1293.40031,-0.02765,-0.12776,0.20013,-0.01665,0.39280,0.70288,-0.08012,0.46285,-0.04900,-0.03427,0.13852,0.25375,0.33334,3.25207,2.88857,0.00000,0.13470,2.55502,2.81613,0.92222,0.90164,0.87500,0.80000,0.78333,0.41176,0.66669
795,0.3755,78249984,61547,0.01921,1.15e-04,0.3623,174.2633,0.00000,0.02000,0.00000,10.00000,1144.96208,0.00000,0.72917,0.00000,0.04000,0.14072,1.49994,3.69708,0.66667,0.66176,0.00000,0.00000,0.70226,0.00000,0.00000,0.00000,0.00000,1298.36646,-0.02781,-0.12820,0.19795,-0.01579,0.39239,0.70188,-0.08067,0.45924,-0.05005,-0.03412,0.13765,0.25102,0.33345,3.13651,2.54889,0.00000,0.13437,2.55110,2.69541,0.93750,0.89655,1.00000,0.80208,0.76984,0.50000,0.66727
796,0.3760,78348288,61066,0.01262,1.16e-04,0.3625,203.8203,0.00000,0.01800,0.00000,10.00000,1086.10116,0.00000,0.80756,0.00000,0.03600,0.13936,1.46324,3.34583,0.58763,0.56579,0.00000,0.00000,0.69790,0.00000,0.00000,0.00000,0.00000,1302.59115,-0.02777,-0.12870,0.19704,-0.01560,0.39059,0.69756,-0.08119,0.45669,-0.04964,-0.03406,0.13697,0.24948,0.33277,2.94896,2.74000,0.00000,0.13488,2.56966,2.66882,0.96907,0.95385,1.00000,0.77835,0.74468,0.46154,0.66387
797,0.3764,78446592,61987,0.01628,9.32e-05,0.3626,210.4120,0.00000,0.01600,0.00000,10.00000,1025.84112,0.00000,0.77991,0.00000,0.03200,0.13957,1.41628,3.84936,0.55769,0.56410,0.00000,0.00000,0.69764,0.00000,0.00000,0.00000,0.00000,1308.68921,-0.02809,-0.12931,0.19408,-0.01525,0.38939,0.69733,-0.08142,0.44934,-0.05259,-0.03410,0.13490,0.24602,0.33188,2.99856,2.38428,0.00000,0.13520,2.56144,2.48590,0.94231,0.94118,0.86667,0.75000,0.73973,0.48148,0.65941
798,0.3769,78544896,61557,0.01305,9.24e-05,0.3627,225.5865,0.00000,0.01400,0.00000,10.00000,1067.96117,0.00000,0.80808,0.00000,0.02800,0.13765,1.36057,3.29950,0.56566,0.47887,0.00000,0.00000,0.69341,0.00000,0.00000,0.00000,0.00000,1292.48031,-0.02820,-0.12765,0.19085,-0.01495,0.38712,0.69313,-0.08187,0.44257,-0.05515,-0.03425,0.13299,0.24180,0.33113,2.94478,2.50571,0.00000,0.13536,2.55636,2.75041,0.91919,0.89041,1.00000,0.74242,0.68750,0.50000,0.65563
799,0.3773,78643200,61602,0.01295,9.66e-05,0.3628,207.7137,0.00000,0.01200,0.00000,10.00000,1030.67789,0.00000,0.79154,0.00000,0.02400,0.13960,1.29804,3.90368,0.54867,0.46753,0.09091,0.00000,0.68893,0.00000,0.00000,0.00000,0.00000,1305.64738,-0.02848,-0.12897,0.18821,-0.01549,0.38368,0.68858,-0.08250,0.43336,-0.05514,-0.03432,0.13068,0.23873,0.33011,2.93280,2.51333,0.00000,0.13648,2.55500,2.50873,0.91150,0.89286,0.91667,0.73009,0.68944,0.52174,0.65057
800,0.3778,78741504,61540,0.01385,8.39e-05,0.3630,215.7662,0.00000,0.01000,0.00000,10.00000,1037.53957,0.00000,0.91184,0.00000,0.02000,0.14055,1.25467,3.63174,0.56522,0.52703,0.00000,0.00000,0.68298,0.00000,0.00000,0.00000,0.00000,1272.89966,-0.02869,-0.12581,0.18535,-0.01472,0.37976,0.68269,-0.08379,0.42824,-0.05078,-0.03384,0.12878,0.23523,0.32872,2.85801,2.49333,0.00000,0.13546,2.56820,2.38346,0.93478,0.92208,1.00000,0.75000,0.72848,0.37500,0.64360
801,0.3782,78839808,61324,0.01076,1.31e-04,0.3631,203.4295,0.00000,0.00800,0.00000,10.00000,1007.62422,0.00000,0.76389,0.00000,0.01600,0.13882,1.20829,3.79655,0.46250,0.43860,0.00000,0.00000,0.67473,0.00000,0.00000,0.00000,0.00000,1299.96769,-0.02871,-0.12840,0.18367,-0.01431,0.37497,0.67447,-0.08360,0.42640,-0.05647,-0.03373,0.12793,0.23255,0.32691,3.01264,2.73714,0.00000,0.13427,2.57859,2.62069,0.96250,0.96226,0.87500,0.71250,0.69091,0.36842,0.63453
802,0.3787,78938112,61054,0.01652,8.70e-05,0.3633,190.6125,0.00000,0.00800,0.00000,10.00000,1067.64358,0.00000,0.82656,0.00000,0.01600,0.13934,1.18522,3.57470,0.58537,0.51562,0.00000,0.00000,0.67102,0.00000,0.00000,0.00000,0.00000,1300.76823,-0.02874,-0.12852,0.18277,-0.01416,0.37152,0.67077,-0.08399,0.42521,-0.05026,-0.03348,0.12769,0.23113,0.32545,2.76349,2.22000,0.00000,0.13305,2.60298,2.23308,0.85366,0.79310,1.00000,0.71951,0.64754,0.50000,0.62727
803,0.3791,79036416,61486,0.01726,8.52e-05,0.3634,189.6901,0.00000,0.00800,0.00000,10.00000,932.75074,0.00000,0.81761,0.00000,0.01600,0.13496,1.14137,4.13778,0.35849,0.29630,0.00000,0.00000,0.66726,0.00000,0.00000,0.00000,0.00000,1296.94393,-0.02905,-0.12810,0.17875,-0.01317,0.37010,0.66700,-0.08539,0.41990,-0.04865,-0.03378,0.12534,0.22605,0.32545,2.97892,2.59538,0.00000,0.13205,2.58556,2.60643,0.97170,0.96000,1.00000,0.66509,0.61538,0.52174,0.62725
804,0.3796,79134720,61393,0.01506,5.83e-05,0.3635,188.9463,0.00000,0.00800,0.00000,10.00000,1036.18473,0.00000,0.81597,0.00000,0.01600,0.13627,1.10622,3.13636,0.50000,0.38235,0.00000,0.00000,0.66475,0.00000,0.00000,0.00000,0.00000,1307.32202,-0.02921,-0.12904,0.17776,-0.01414,0.36809,0.66450,-0.08499,0.41274,-0.05008,-0.03371,0.12337,0.22473,0.32440,2.87058,2.44000,0.00000,0.13445,2.57873,2.74704,0.90625,0.87671,1.00000,0.70312,0.63830,0.50000,0.62198
805,0.3800,79233024,61118,0.01655,5.02e-05,0.3635,190.8283,0.00000,0.00800,0.00000,10.00000,839.85685,0.00000,0.84656,0.00000,0.01600,0.13734,1.05822,3.43238,0.26667,0.19277,0.09091,0.00000,0.65627,0.00000,0.00000,0.00000,0.00000,1283.48372,-0.02928,-0.12679,0.17646,-0.01407,0.36626,0.65603,-0.08606,0.40917,-0.04964,-0.03352,0.12238,0.22283,0.32311,2.90265,2.95800,0.00000,0.13409,2.58455,2.75818,0.90476,0.87013,1.00000,0.58571,0.51875,0.50000,0.61553
806,0.3805,79331328,61388,0.00812,7.60e-05,0.3636,174.6649,0.00000,0.00800,0.00000,10.00000,991.72078,0.00000,0.77778,0.00000,0.01600,0.13934,1.02376,3.62880,0.40000,0.29167,0.00000,0.00000,0.65239,0.00000,0.00000,0.00000,0.00000,1261.76758,-0.02954,-0.12465,0.17506,-0.01398,0.36594,0.65213,-0.08656,0.40627,-0.05088,-0.03338,0.12159,0.22145,0.32401,2.76808,1.75143,0.00000,0.13341,2.59095,2.45623,0.92000,0.92647,0.66667,0.66000,0.60000,0.33333,0.62005
807,0.3809,79429632,60867,0.01697,7.61e-05,0.3637,173.0749,0.00000,0.00800,0.00000,10.00000,818.52718,0.00000,0.84491,0.00000,0.01600,0.13822,1.02031,4.34235,0.22917,0.18293,0.00000,0.00000,0.65367,0.00000,0.00000,0.00000,0.00000,1251.46745,-0.02973,-0.12373,0.17376,-0.01373,0.36452,0.65340,-0.08670,0.40610,-0.05182,-0.03333,0.12092,0.21970,0.32378,3.38050,3.86571,0.00000,0.13199,2.58875,3.11677,0.90625,0.85938,1.00000,0.56771,0.47945,0.50000,0.61891
808,0.3814,79527936,61114,0.01128,1.11e-04,0.3638,188.0376,0.00000,0.00800,0.00000,10.00000,869.05372,0.00000,0.81481,0.00000,0.01600,0.13492,0.99910,4.07833,0.33333,0.26582,0.00000,0.00000,0.65062,0.00000,0.00000,0.00000,0.00000,1250.00773,-0.02994,-0.12344,0.17224,-0.01297,0.36214,0.65035,-0.08690,0.40500,-0.05723,-0.03316,0.12061,0.21750,0.32292,3.05412,2.61400,0.00000,0.13113,2.58034,2.73897,0.89524,0.88000,0.83333,0.61429,0.56494,0.41667,0.61461
809,0.3818,79626240,61231,0.01215,1.31e-04,0.3639,209.5866,0.00000,0.00800,0.00000,10.00000,969.70523,0.00000,0.78853,0.00000,0.01600,0.13844,0.96219,3.68000,0.36559,0.26866,0.00000,0.00000,0.64948,0.00000,0.00000,0.00000,0.00000,1274.35433,-0.03037,-0.12578,0.16960,-0.01268,0.35841,0.64922,-0.08831,0.39602,-0.05519,-0.03313,0.11813,0.21414,0.32209,2.68046,2.31143,0.00000,0.13169,2.56417,2.41971,0.94624,0.93846,0.87500,0.65591,0.59848,0.38889,0.61045
810,0.3823,79724544,60982,0.01068,1.89e-04,0.3641,201.0496,0.00000,0.00800,0.00000,10.00000,945.08276,0.00000,0.83579,0.00000,0.01600,0.13739,0.93328,3.27231,0.25664,0.09524,0.00000,0.00000,0.64732,0.00000,0.00000,0.00000,0.00000,1266.74951,-0.03043,-0.12520,0.16880,-0.01368,0.35672,0.64704,-0.08779,0.39246,-0.05726,-0.03327,0.11730,0.21349,0.32116,2.52950,2.02333,0.00000,0.13346,2.56557,2.41977,0.96460,0.95349,1.00000,0.61062,0.52941,0.42857,0.60581
811,0.3827,79822848,61038,0.01762,1.15e-04,0.3642,189.9728,0.00000,0.00800,0.00000,10.00000,918.97992,0.00000,0.79922,0.00000,0.01600,0.14104,0.94496,3.37238,0.26316,0.11628,0.00000,0.00000,0.64711,0.00000,0.00000,0.00000,0.00000,1261.02751,-0.03046,-0.12461,0.16697,-0.01335,0.35801,0.64681,-0.08787,0.38682,-0.05415,-0.03335,0.11571,0.21144,0.32126,2.73166,3.00800,0.00000,0.13346,2.52582,2.55226,0.92105,0.89744,0.83333,0.59211,0.48780,0.35714,0.60628
812,0.3832,79921152,61267,0.01060,1.72e-04,0.3642,210.1666,0.00000,0.00800,0.00000,10.00000,909.38186,0.00000,0.77098,0.00000,0.01600,0.14385,0.93187,3.96500,0.28571,0.11429,0.00000,0.00000,0.64872,0.00000,0.00000,0.00000,0.00000,1267.98763,-0.03078,-0.12545,0.16475,-0.01316,0.35725,0.64840,-0.08726,0.38260,-0.05904,-0.03339,0.11430,0.20860,0.32165,2.96897,2.31250,0.00000,0.13206,2.49724,2.78788,0.89796,0.87879,0.80000,0.59184,0.48529,0.44444,0.60824
813,0.3836,80019456,61141,0.01442,1.66e-04,0.3644,189.0947,0.00000,0.00800,0.00000,10.00000,952.85314,0.00000,0.82492,0.00000,0.01600,0.13896,0.93737,4.36923,0.31313,0.13333,0.00000,0.00000,0.64163,0.00000,0.00000,0.00000,0.00000,1281.68302,-0.03070,-0.12660,0.16407,-0.01265,0.35265,0.64136,-0.08803,0.38206,-0.05585,-0.03331,0.11405,0.20760,0.32003,2.76962,1.90000,0.00000,0.13261,2.49497,2.45454,0.91919,0.90278,0.50000,0.61616,0.51020,0.20000,0.60014
814,0.3841,80117760,61319,0.01036,1.49e-04,0.3645,213.3880,0.00000,0.01000,0.00000,10.00000,899.55634,0.00000,0.81046,0.00000,0.02000,0.14181,0.93321,4.36500,0.24706,0.11111,0.00000,0.00000,0.64091,0.00000,0.00000,0.00000,0.00000,1292.01318,-0.03065,-0.12770,0.16425,-0.01297,0.35129,0.64066,-0.08858,0.37987,-0.05528,-0.03357,0.11393,0.20789,0.32007,2.76973,2.75555,0.00000,0.13376,2.49569,2.57636,0.94118,0.91803,1.00000,0.59412,0.50806,0.52941,0.60034
815,0.3845,80216064,61009,0.01299,2.14e-04,0.3647,191.4734,0.00000,0.01200,0.00000,10.00000,849.91007,0.00000,0.82742,0.00000,0.02400,0.14110,0.93160,3.52222,0.20213,0.09722,0.00000,0.00000,0.63775,0.00000,0.00000,0.00000,0.00000,1313.06055,-0.03060,-0.12975,0.16469,-0.01337,0.35007,0.63751,-0.08878,0.38007,-0.05522,-0.03332,0.11448,0.20847,0.31962,2.77566,3.00200,0.00000,0.13452,2.51141,2.68486,0.94681,0.92647,1.00000,0.57447,0.50000,0.50000,0.59810
816,0.3850,80314368,61343,0.01807,1.58e-04,0.3649,179.7089,0.00000,0.01400,0.00000,10.00000,878.71875,0.00000,0.77124,0.00000,0.02800,0.14075,0.93712,3.33000,0.21176,0.05000,0.00000,0.00000,0.64439,0.00000,0.00000,0.00000,0.00000,1307.16423,-0.03051,-0.12909,0.16508,-0.01291,0.35451,0.64418,-0.08822,0.38089,-0.05441,-0.03344,0.11446,0.20918,0.32072,2.59246,2.18750,0.00000,0.13512,2.51232,2.49574,0.91765,0.91379,0.80000,0.56471,0.47458,0.40000,0.60359
817,0.3854,80412672,61253,0.01424,1.67e-04,0.3650,205.9173,0.00000,0.01600,0.00000,10.00000,846.37615,0.00000,0.84967,0.00000,0.03200,0.14036,0.95309,3.44800,0.15686,0.02410,0.00000,0.00000,0.64959,0.00000,0.00000,0.00000,0.00000,1321.33512,-0.03022,-0.13042,0.16776,-0.01391,0.35804,0.64936,-0.08772,0.38528,-0.05467,-0.03385,0.11562,0.21238,0.32176,2.39228,2.45500,0.00000,0.13602,2.54247,2.31108,0.89216,0.84932,1.00000,0.52451,0.41026,0.37500,0.60882
818,0.3859,80510976,61131,0.01616,1.99e-04,0.3651,174.9418,0.00000,0.01800,0.00000,10.00000,946.41476,0.00000,0.70437,0.00000,0.03600,0.14472,0.95622,3.17111,0.25893,0.08108,0.06250,0.00000,0.65445,0.00000,0.00000,0.00000,0.00000,1306.35921,-0.03033,-0.12895,0.16881,-0.01406,0.36123,0.65417,-0.08748,0.38372,-0.05551,-0.03378,0.11661,0.21362,0.32293,2.68940,2.59666,0.00000,0.13692,2.54032,2.63081,0.94643,0.94118,0.83333,0.60268,0.49296,0.39286,0.61467
819,0.3863,80609280,61443,0.01743,1.00e-04,0.3653,188.8151,0.00000,0.02000,0.00000,10.00000,826.56200,0.00000,0.81243,0.00000,0.04000,0.14696,0.98343,3.56333,0.16129,0.04110,0.11111,0.00000,0.65830,0.00000,0.00000,0.00000,0.00000,1305.18896,-0.03031,-0.12879,0.16986,-0.01415,0.36305,0.65805,-0.08735,0.38486,-0.05326,-0.03393,0.11669,0.21498,0.32408,3.04082,3.39778,0.00000,0.13713,2.54086,2.99403,0.94624,0.93651,0.88889,0.55376,0.45588,0.50000,0.62040
820,0.3868,80707584,61452,0.01572,7.61e-05,0.3654,208.5252,0.00000,0.02200,0.00000,10.00000,870.76430,0.00000,0.82837,0.00000,0.04400,0.14744,1.00454,4.52166,0.21429,0.10112,0.11111,0.00000,0.66213,0.00000,0.00000,0.00000,0.00000,1301.91545,-0.03021,-0.12853,0.17072,-0.01435,0.36561,0.66183,-0.08643,0.38660,-0.05735,-0.03436,0.11739,0.21666,0.32495,2.83000,3.22000,0.00000,0.13795,2.52697,2.56974,0.93750,0.91026,1.00000,0.57589,0.47904,0.50000,0.62474
821,0.3872,80805888,61408,0.01283,8.05e-05,0.3655,187.8070,0.00000,0.02400,0.00000,10.00000,857.91029,0.00000,0.86691,0.00000,0.04800,0.14974,1.04178,5.08143,0.21978,0.10811,0.00000,0.00000,0.66292,0.00000,0.00000,0.00000,0.00000,1300.82650,-0.03005,-0.12863,0.17318,-0.01460,0.36565,0.66265,-0.08581,0.39243,-0.05570,-0.03399,0.11893,0.21980,0.32535,2.98074,1.88333,0.00000,0.13699,2.54177,2.54179,0.92308,0.89706,1.00000,0.57143,0.48592,0.50000,0.62677
822,0.3877,80904192,61658,0.01374,8.05e-05,0.3656,201.3455,0.00000,0.02600,0.00000,10.00000,830.66875,0.00000,0.81944,0.00000,0.05200,0.15220,1.07600,6.55571,0.27500,0.20968,0.00000,0.00000,0.66258,0.00000,0.00000,0.00000,0.00000,1300.24837,-0.02970,-0.12853,0.17624,-0.01484,0.36674,0.66233,-0.08626,0.40009,-0.05642,-0.03402,0.12154,0.22380,0.32600,3.49945,2.38000,0.00000,0.13566,2.56267,2.77424,0.93750,0.91071,1.00000,0.60625,0.54237,0.47059,0.63001
823,0.3881,81002496,60784,0.01336,8.35e-05,0.3657,190.8457,0.00000,0.02800,0.00000,10.00000,841.95394,0.00000,0.88501,0.00000,0.05600,0.15548,1.12060,4.38800,0.23256,0.13889,0.00000,0.00000,0.66639,0.00000,0.00000,0.00000,0.00000,1311.61841,-0.02942,-0.12955,0.17981,-0.01517,0.36883,0.66615,-0.08566,0.40955,-0.06073,-0.03401,0.12452,0.22819,0.32612,2.90027,2.18000,0.00000,0.13331,2.57494,2.52833,0.90698,0.87692,1.00000,0.56977,0.48905,0.42857,0.63059
824,0.3886,81100800,61546,0.01045,1.20e-04,0.3658,210.2570,0.00000,0.03000,0.00000,10.00000,872.56115,0.00000,0.79060,0.00000,0.06000,0.15436,1.17265,4.50933,0.25000,0.11842,0.00000,0.00000,0.67651,0.00000,0.00000,0.00000,0.00000,1308.00260,-0.02923,-0.12926,0.18183,-0.01486,0.37558,0.67626,-0.08584,0.41649,-0.05548,-0.03436,0.12562,0.23066,0.32838,2.98795,2.03667,0.00000,0.13217,2.57551,2.65235,0.88462,0.84722,0.85714,0.56731,0.47297,0.33333,0.64192
825,0.3890,81199104,61716,0.01434,1.31e-04,0.3660,193.5875,0.00000,0.03200,0.00000,10.00000,885.27906,0.00000,0.81667,0.00000,0.06400,0.15577,1.23495,4.86695,0.32000,0.21053,0.00000,0.00000,0.68035,0.00000,0.00000,0.00000,0.00000,1309.17057,-0.02882,-0.12932,0.18507,-0.01534,0.38034,0.68005,-0.08500,0.42248,-0.05076,-0.03427,0.12797,0.23489,0.32983,3.19954,2.35333,0.00000,0.13220,2.57761,2.60031,0.88000,0.83099,1.00000,0.60000,0.51020,0.38462,0.64916
826,0.3895,81297408,61633,0.01598,1.03e-04,0.3661,184.5302,0.00000,0.03400,0.00000,10.00000,857.76726,0.00000,0.82011,0.00000,0.06800,0.15241,1.26940,5.13760,0.31429,0.22785,0.00000,0.00000,0.68748,0.00000,0.00000,0.00000,0.00000,1298.15625,-0.02856,-0.12831,0.18809,-0.01580,0.38526,0.68714,-0.08429,0.42761,-0.05435,-0.03454,0.12980,0.23862,0.33134,3.19747,3.15200,0.00000,0.13435,2.58045,2.57564,0.90476,0.88158,0.90909,0.60952,0.54839,0.45455,0.65672
827,0.3899,81395712,61502,0.01308,1.10e-04,0.3663,234.7012,0.00000,0.03600,0.00000,10.00000,934.24915,0.00000,0.80308,0.00000,0.07200,0.15346,1.31556,5.91300,0.37624,0.23377,0.00000,0.00000,0.69392,0.00000,0.00000,0.00000,0.00000,1300.59871,-0.02831,-0.12847,0.19158,-0.01614,0.38872,0.69361,-0.08338,0.43272,-0.05279,-0.03463,0.13187,0.24337,0.33223,3.38615,2.30666,0.00000,0.13609,2.59272,2.67436,0.93069,0.89855,1.00000,0.65347,0.54795,0.69231,0.66116
828,0.3904,81494016,61718,0.01382,9.24e-05,0.3664,205.7640,0.00000,0.03800,0.00000,10.00000,917.18495,0.00000,0.80499,0.00000,0.07600,0.15442,1.36666,4.89181,0.33673,0.20548,0.12500,0.00000,0.69990,0.00000,0.00000,0.00000,0.00000,1276.85067,-0.02809,-0.12623,0.19404,-0.01619,0.39275,0.69959,-0.08207,0.43932,-0.05210,-0.03479,0.13397,0.24656,0.33336,3.11130,2.21750,0.00000,0.13503,2.58814,2.55171,0.92857,0.92754,0.75000,0.63265,0.55634,0.43750,0.66682
829,0.3908,81592320,61646,0.01189,1.33e-04,0.3665,207.6126,0.00000,0.04000,0.00000,10.00000,855.16297,0.00000,0.81667,0.00000,0.08000,0.15543,1.45846,4.50285,0.30000,0.18667,0.10000,0.00000,0.70691,0.00000,0.00000,0.00000,0.00000,1286.34538,-0.02755,-0.12702,0.19945,-0.01715,0.39675,0.70652,-0.08088,0.45174,-0.04965,-0.03490,0.13753,0.25361,0.33496,3.04630,2.83400,0.00000,0.13432,2.59502,2.61549,0.88000,0.84722,0.90000,0.59000,0.51020,0.50000,0.67479
830,0.3913,81690624,61934,0.01512,1.11e-04,0.3666,200.7787,0.00000,0.04200,0.00000,10.00000,999.05206,0.00000,0.78363,0.00000,0.08400,0.15484,1.51221,4.68810,0.47368,0.42466,0.11111,0.00000,0.70907,0.00000,0.00000,0.00000,0.00000,1267.04370,-0.02722,-0.12517,0.20260,-0.01776,0.39980,0.70868,-0.08037,0.45672,-0.04781,-0.03493,0.13928,0.25757,0.33616,3.21057,2.90000,0.00000,0.13563,2.58092,2.39463,0.97895,0.96721,1.00000,0.72632,0.67164,0.52941,0.68078
831,0.3917,81788928,61860,0.01418,9.13e-05,0.3668,221.4908,0.00000,0.04400,0.00000,10.00000,927.24073,0.00000,0.86189,0.00000,0.08800,0.15470,1.55034,5.53818,0.51402,0.45783,0.00000,0.00000,0.70996,0.00000,0.00000,0.00000,0.00000,1255.59318,-0.02721,-0.12403,0.20329,-0.01713,0.40047,0.70955,-0.07959,0.46060,-0.04803,-0.03467,0.14041,0.25850,0.33607,3.48714,1.85000,0.00000,0.13416,2.55511,2.38658,0.91589,0.90361,0.87500,0.71495,0.68072,0.46667,0.68035
832,0.3922,81887232,61971,0.01139,1.11e-04,0.3669,211.6879,0.00000,0.04600,0.00000,10.00000,1008.62500,0.00000,0.81989,0.00000,0.09200,0.15287,1.57590,5.11850,0.53226,0.42697,0.12500,0.00000,0.71234,0.00000,0.00000,0.00000,0.00000,1260.47241,-0.02741,-0.12442,0.20185,-0.01736,0.40184,0.71195,-0.07940,0.45918,-0.04748,-0.03510,0.13952,0.25702,0.33686,3.19882,2.51800,0.00000,0.13449,2.51090,2.39896,0.93548,0.91489,1.00000,0.73387,0.67760,0.58824,0.68432
833,0.3926,81985536,62140,0.01452,1.04e-04,0.3670,214.0444,0.00000,0.04800,0.00000,10.00000,936.56373,0.00000,0.82397,0.00000,0.09600,0.15214,1.61483,5.17714,0.47191,0.42857,0.00000,0.00000,0.71384,0.00000,0.00000,0.00000,0.00000,1267.44482,-0.02746,-0.12518,0.20245,-0.01674,0.40306,0.71341,-0.07944,0.46246,-0.04739,-0.03484,0.13988,0.25773,0.33755,3.61546,2.18857,0.00000,0.13382,2.49141,2.73387,0.91011,0.88710,0.85714,0.69101,0.64394,0.42857,0.68773
834,0.3930,82083840,62171,0.01474,8.35e-05,0.3672,197.0312,0.00000,0.05000,0.00000,10.00000,1026.44997,0.00000,0.80409,0.00000,0.10000,0.15043,1.67006,5.09882,0.57018,0.51136,0.00000,0.00000,0.71613,0.00000,0.00000,0.00000,0.00000,1280.71598,-0.02710,-0.12646,0.20598,-0.01751,0.40409,0.71573,-0.07822,0.47260,-0.04959,-0.03506,0.14265,0.26206,0.33741,3.49649,2.26667,0.00000,0.13311,2.49668,2.47500,0.95614,0.93506,1.00000,0.76316,0.70909,0.50000,0.68705
835,0.3935,82182144,62054,0.01268,9.32e-05,0.3673,203.1286,0.00000,0.05000,0.00000,10.00000,1027.49039,0.00000,0.74324,0.00000,0.10000,0.15078,1.72757,4.64580,0.54054,0.57692,0.00000,0.00000,0.72050,0.00000,0.00000,0.00000,0.00000,1294.75830,-0.02682,-0.12783,0.20939,-0.01771,0.40661,0.72002,-0.07754,0.47903,-0.04680,-0.03508,0.14435,0.26699,0.33886,3.25928,1.93143,0.00000,0.13439,2.50627,2.43269,0.97297,0.95745,1.00000,0.75676,0.75758,0.36842,0.69431
836,0.3939,82280448,61822,0.01287,1.18e-04,0.3675,192.6313,0.00000,0.05000,0.00000,10.00000,1011.73253,0.00000,0.81773,0.00000,0.10000,0.15245,1.79162,4.35150,0.60674,0.58462,0.00000,0.00000,0.72658,0.00000,0.00000,0.00000,0.00000,1327.75456,-0.02640,-0.13098,0.21410,-0.01878,0.41035,0.72609,-0.07678,0.48747,-0.04617,-0.03532,0.14783,0.27384,0.33954,3.25428,2.46571,0.00000,0.13528,2.52847,2.57908,0.91011,0.89394,0.85714,0.75843,0.74046,0.40000,0.69770
837,0.3944,82378752,61982,0.01366,1.11e-04,0.3676,198.5767,0.00000,0.05000,0.00000,10.00000,904.98143,0.00000,0.79739,0.00000,0.10000,0.15052,1.83677,4.89047,0.56471,0.59091,0.09091,0.00000,0.73560,0.00000,0.00000,0.00000,0.00000,1317.66968,-0.02600,-0.12999,0.21742,-0.01882,0.41573,0.73508,-0.07664,0.49526,-0.04273,-0.03537,0.15015,0.27782,0.34141,3.64764,2.73692,0.00000,0.13565,2.55510,2.77766,0.89412,0.85714,0.91667,0.72941,0.71311,0.52174,0.70703
838,0.3948,82477056,62037,0.01450,1.04e-04,0.3677,198.8940,0.00000,0.05000,0.00000,10.00000,1000.26957,0.00000,0.87227,0.00000,0.10000,0.14756,1.87670,4.21428,0.63551,0.58333,0.20000,0.00000,0.74254,0.00000,0.00000,0.00000,0.00000,1311.13062,-0.02549,-0.12930,0.22316,-0.01910,0.42180,0.74203,-0.07525,0.50796,-0.04578,-0.03578,0.15373,0.28433,0.34279,3.26695,2.92857,0.00000,0.13707,2.60008,2.62000,0.91589,0.89286,1.00000,0.77570,0.73810,0.63636,0.71397
839,0.3953,82575360,62078,0.01281,9.24e-05,0.3678,198.0823,0.00000,0.05000,0.00000,10.00000,1011.90611,0.00000,0.77381,0.00000,0.10000,0.14616,1.89344,4.27357,0.58036,0.61250,0.05882,0.00000,0.75116,0.00000,0.00000,0.00000,0.00000,1273.34587,-0.02537,-0.12576,0.22532,-0.01882,0.42691,0.75072,-0.07480,0.51533,-0.04290,-0.03564,0.15563,0.28667,0.34478,3.17972,2.35667,0.00000,0.13638,2.62924,2.48363,0.94643,0.92105,1.00000,0.76339,0.76282,0.52941,0.72390
840,0.3957,82673664,62644,0.01445,8.35e-05,0.3680,196.8450,0.00000,0.05000,0.00000,10.00000,1075.13807,0.00000,0.79208,0.00000,0.10000,0.14778,1.92542,4.61640,0.63366,0.60274,0.00000,0.00000,0.75212,0.00000,0.00000,0.00000,0.00000,1242.68050,-0.02521,-0.12283,0.22766,-0.01937,0.42864,0.75167,-0.07506,0.52073,-0.03937,-0.03535,0.15717,0.28975,0.34536,3.37232,2.76000,0.00000,0.13549,2.64257,2.54293,0.96040,0.94366,1.00000,0.79703,0.77083,0.46667,0.72678
841,0.3961,82771968,62588,0.01239,9.32e-05,0.3681,189.7747,0.00000,0.05000,0.00000,10.00000,1111.46187,0.00000,0.83058,0.00000,0.10000,0.14624,1.93910,4.26459,0.76238,0.77333,0.00000,0.00000,0.75039,0.00000,0.00000,0.00000,0.00000,1242.16178,-0.02534,-0.12270,0.22713,-0.01851,0.42738,0.74988,-0.07421,0.52123,-0.04253,-0.03533,0.15745,0.28902,0.34461,3.38306,2.32000,0.00000,0.13546,2.60727,2.67552,0.95050,0.93421,1.00000,0.85644,0.85430,0.36364,0.72303
842,0.3966,82870272,61775,0.01472,8.70e-05,0.3682,183.3679,0.00000,0.05000,0.00000,10.00000,1100.10000,0.00000,0.79630,0.00000,0.10000,0.14541,1.94961,4.25709,0.74444,0.72857,0.20000,0.00000,0.74514,0.00000,0.00000,0.00000,0.00000,1244.78532,-0.02524,-0.12292,0.22739,-0.01889,0.42450,0.74466,-0.07409,0.52415,-0.04061,-0.03516,0.15718,0.28921,0.34387,3.46872,3.67000,0.00000,0.13443,2.60834,2.76935,0.94444,0.91525,1.00000,0.84444,0.81395,0.66667,0.71935
843,0.3970,82968576,61929,0.01103,1.01e-04,0.3683,196.3699,0.00000,0.05000,0.00000,10.00000,1110.48466,0.00000,0.80247,0.00000,0.10000,0.14354,1.95815,4.38208,0.74074,0.78333,0.00000,0.00000,0.74413,0.00000,0.00000,0.00000,0.00000,1239.69678,-0.02510,-0.12262,0.22862,-0.01878,0.42352,0.74369,-0.07396,0.52912,-0.04332,-0.03510,0.15927,0.29057,0.34301,3.39431,2.46000,0.00000,0.13384,2.62548,2.61705,0.96296,0.96491,0.85714,0.85185,0.87179,0.40000,0.71507
844,0.3975,83066880,62842,0.01304,1.11e-04,0.3684,204.3763,0.00000,0.05000,0.00000,10.00000,1178.92906,0.00000,0.74713,0.00000,0.10000,0.14059,1.97763,3.60000,0.73563,0.75000,0.12500,0.00000,0.74791,0.00000,0.00000,0.00000,0.00000,1257.34741,-0.02494,-0.12417,0.23009,-0.01842,0.42520,0.74743,-0.07489,0.53496,-0.04069,-0.03514,0.16021,0.29243,0.34380,3.28091,3.10000,0.00000,0.13461,2.65021,2.99483,0.96552,0.94340,1.00000,0.85057,0.83761,0.50000,0.71902
845,0.3979,83165184,62194,0.01497,1.11e-04,0.3685,193.3649,0.00000,0.05000,0.00000,10.00000,1152.21566,0.00000,0.80308,0.00000,0.10000,0.14423,1.98596,3.90580,0.81188,0.82192,0.14286,0.00000,0.75303,0.00000,0.00000,0.00000,0.00000,1242.58439,-0.02489,-0.12277,0.23105,-0.01906,0.42876,0.75258,-0.07491,0.53305,-0.04064,-0.03542,0.15996,0.29321,0.34471,3.33809,4.43333,0.00000,0.13410,2.64348,2.86243,0.95050,0.94521,0.80000,0.88119,0.88356,0.41667,0.72357
846,0.3984,83263488,62442,0.01340,1.33e-04,0.3686,217.5708,0.00000,0.05000,0.00000,10.00000,1100.09056,0.00000,0.81066,0.00000,0.10000,0.14518,1.99438,3.91869,0.75510,0.76712,0.22222,0.00000,0.75091,0.00000,0.00000,0.00000,0.00000,1228.85718,-0.02487,-0.12153,0.23130,-0.01867,0.42933,0.75043,-0.07455,0.53586,-0.04212,-0.03544,0.16073,0.29355,0.34516,3.13798,2.67333,0.00000,0.13203,2.64323,2.43765,0.88776,0.85714,0.87500,0.82143,0.81119,0.52941,0.72579
847,0.3988,83361792,62545,0.01444,1.11e-04,0.3688,195.5177,0.00000,0.04800,0.00000,10.00000,1157.30182,0.00000,0.75433,0.00000,0.09600,0.14303,2.00181,3.61049,0.70642,0.72152,0.00000,0.00000,0.75582,0.00000,0.00000,0.00000,0.00000,1227.00700,-0.02480,-0.12126,0.23100,-0.01864,0.43122,0.75530,-0.07339,0.53698,-0.04304,-0.03537,0.16069,0.29324,0.34637,2.98617,1.76889,0.00000,0.13245,2.63091,2.47840,0.96330,0.95652,0.90000,0.83486,0.83108,0.45000,0.73186
848,0.3993,83460096,62146,0.01520,8.35e-05,0.3689,214.4052,0.00000,0.04600,0.00000,10.00000,1117.68295,0.00000,0.83603,0.00000,0.09200,0.14304,2.01351,3.92507,0.74757,0.75000,0.00000,0.00000,0.75655,0.00000,0.00000,0.00000,0.00000,1233.69580,-0.02500,-0.12204,0.23016,-0.01871,0.43028,0.75604,-0.07390,0.53616,-0.03905,-0.03539,0.15963,0.29202,0.34611,3.32514,3.53428,0.00000,0.13162,2.61328,2.77452,0.94175,0.92958,0.87500,0.84466,0.83226,0.53846,0.73054
849,0.3997,83558400,62335,0.01186,1.03e-04,0.3690,198.5126,0.00000,0.04400,0.00000,10.00000,1194.25694,0.00000,0.77664,0.00000,0.08800,0.14445,1.99685,3.77544,0.78571,0.80882,0.00000,0.00000,0.75324,0.00000,0.00000,0.00000,0.00000,1218.38542,-0.02525,-0.12042,0.22845,-0.01865,0.42774,0.75276,-0.07407,0.53035,-0.04002,-0.03539,0.15904,0.29021,0.34463,3.00412,1.98571,0.00000,0.13201,2.59085,2.41000,0.95918,0.97101,0.77778,0.87245,0.89051,0.41176,0.72316
850,0.4002,83656704,62118,0.01406,1.11e-04,0.3692,180.8930,0.00000,0.04200,0.00000,10.00000,1096.05532,0.00000,0.83614,0.00000,0.08400,0.14490,1.98273,3.34983,0.72727,0.75676,0.10000,0.00000,0.74588,0.00000,0.00000,0.00000,0.00000,1216.29565,-0.02511,-0.12023,0.22791,-0.01917,0.42466,0.74543,-0.07358,0.52777,-0.03680,-0.03530,0.15782,0.29000,0.34368,2.95884,2.59454,0.00000,0.13310,2.59020,2.64909,0.92929,0.90667,1.00000,0.82828,0.83221,0.50000,0.71841
851,0.4006,83755008,62265,0.01636,8.59e-05,0.3693,200.6371,0.00000,0.04000,0.00000,10.00000,1122.27954,0.00000,0.85069,0.00000,0.08000,0.14461,1.96931,3.66636,0.77083,0.82432,0.00000,0.00000,0.74192,0.00000,0.00000,0.00000,0.00000,1243.62630,-0.02531,-0.12291,0.22737,-0.01906,0.42226,0.74144,-0.07347,0.52666,-0.03793,-0.03533,0.15737,0.28866,0.34281,3.09248,1.93000,0.00000,0.13241,2.58670,2.58747,0.95833,0.95890,0.83333,0.86458,0.89116,0.33333,0.71405
852,0.4010,83853312,62197,0.01442,7.77e-05,0.3694,180.2092,0.00000,0.03800,0.00000,10.00000,1151.25479,0.00000,0.79140,0.00000,0.07600,0.14324,1.93236,3.76303,0.77358,0.81818,0.09091,0.00000,0.74153,0.00000,0.00000,0.00000,0.00000,1251.71370,-0.02548,-0.12364,0.22521,-0.01890,0.42068,0.74098,-0.07419,0.52252,-0.04099,-0.03538,0.15580,0.28611,0.34225,3.09585,2.52250,0.00000,0.13300,2.58494,2.50081,0.93396,0.91892,0.85714,0.85377,0.86755,0.38889,0.71127
853,0.4015,83951616,62311,0.01390,7.70e-05,0.3695,209.0177,0.00000,0.03600,0.00000,10.00000,1113.28051,0.00000,0.85302,0.00000,0.07200,0.14266,1.89498,3.98727,0.76378,0.78125,0.10000,0.00000,0.73925,0.00000,0.00000,0.00000,0.00000,1242.64893,-0.02590,-0.12270,0.21945,-0.01775,0.41987,0.73865,-0.07457,0.51292,-0.03961,-0.03576,0.15290,0.27932,0.34196,3.08727,2.44000,0.00000,0.13189,2.53912,2.38727,0.91339,0.89899,0.88889,0.83858,0.84103,0.47368,0.70979
854,0.4019,84049920,62275,0.01525,5.83e-05,0.3696,203.1339,0.00000,0.03400,0.00000,10.00000,1144.29797,0.00000,0.86563,0.00000,0.06800,0.14420,1.86685,3.65154,0.73256,0.73913,0.00000,0.00000,0.73369,0.00000,0.00000,0.00000,0.00000,1272.56380,-0.02613,-0.12550,0.21769,-0.01762,0.41557,0.73315,-0.07428,0.50553,-0.04015,-0.03532,0.15122,0.27699,0.34098,3.07328,2.69333,0.00000,0.13272,2.52654,2.62448,0.98837,0.98462,1.00000,0.86047,0.85821,0.37500,0.70492
855,0.4024,84148224,61626,0.01388,6.34e-05,0.3698,197.3736,0.00000,0.03200,0.00000,10.00000,1144.11110,0.00000,0.88141,0.00000,0.06400,0.14284,1.83693,3.52084,0.79808,0.81176,0.00000,0.00000,0.72941,0.00000,0.00000,0.00000,0.00000,1265.26034,-0.02609,-0.12503,0.21750,-0.01822,0.41300,0.72885,-0.07415,0.50272,-0.04047,-0.03573,0.14979,0.27621,0.33994,2.95621,2.18000,0.00000,0.13456,2.54030,2.43558,0.92308,0.91250,0.80000,0.86058,0.86061,0.40000,0.69969
856,0.4028,84246528,62039,0.01486,5.92e-05,0.3699,165.4193,0.00000,0.03000,0.00000,10.00000,1102.84415,0.00000,0.73362,0.00000,0.06000,0.14324,1.81729,3.87795,0.66667,0.69231,0.16667,0.00000,0.72864,0.00000,0.00000,0.00000,0.00000,1273.40877,-0.02603,-0.12575,0.21737,-0.01791,0.41261,0.72811,-0.07495,0.50527,-0.04421,-0.03541,0.15030,0.27608,0.33982,3.24396,3.22500,0.00000,0.13281,2.56769,2.81017,0.94872,0.92157,1.00000,0.80769,0.80583,0.54545,0.69912
857,0.4033,84344832,61910,0.01377,4.85e-05,0.3699,202.9740,0.00000,0.02800,0.00000,10.00000,1149.57209,0.00000,0.76458,0.00000,0.05600,0.14184,1.81516,3.66524,0.69307,0.70667,0.10000,0.00000,0.72830,0.00000,0.00000,0.00000,0.00000,1274.13078,-0.02601,-0.12590,0.21810,-0.01815,0.41204,0.72782,-0.07595,0.50805,-0.04618,-0.03540,0.15097,0.27708,0.33980,3.10250,2.68750,0.00000,0.13326,2.58494,2.59015,0.97030,0.95312,1.00000,0.83168,0.82014,0.43750,0.69902
858,0.4037,84443136,61903,0.01208,5.80e-05,0.3700,188.0533,0.00000,0.02600,0.00000,10.00000,1128.90532,0.00000,0.76058,0.00000,0.05200,0.14141,1.79184,3.79720,0.77381,0.82759,0.00000,0.00000,0.72930,0.00000,0.00000,0.00000,0.00000,1298.17057,-0.02609,-0.12821,0.21604,-0.01837,0.41280,0.72889,-0.07578,0.50292,-0.04335,-0.03565,0.14950,0.27434,0.34056,3.32482,2.76600,0.00000,0.13354,2.58284,2.94387,0.92857,0.91228,0.90000,0.85119,0.86957,0.47368,0.70280
859,0.4042,84541440,62003,0.01476,4.46e-05,0.3701,176.3753,0.00000,0.02400,0.00000,10.00000,1174.20904,0.00000,0.76591,0.00000,0.04800,0.14330,1.75618,3.51231,0.74757,0.79487,0.00000,0.00000,0.72706,0.00000,0.00000,0.00000,0.00000,1295.48381,-0.02604,-0.12797,0.21493,-0.01822,0.41208,0.72661,-0.07590,0.49824,-0.04260,-0.03596,0.14805,0.27322,0.34029,3.08782,2.22000,0.00000,0.13370,2.59934,2.68206,0.94175,0.93750,0.75000,0.84466,0.85915,0.33333,0.70145
860,0.4046,84639744,61641,0.01312,5.28e-05,0.3702,208.8405,0.00000,0.02200,0.00000,10.00000,1087.84211,0.00000,0.77249,0.00000,0.04400,0.14135,1.71450,3.88098,0.69524,0.74667,0.07143,0.00000,0.72591,0.00000,0.00000,0.00000,0.00000,1278.13721,-0.02625,-0.12636,0.21415,-0.01812,0.41132,0.72541,-0.07592,0.49634,-0.04701,-0.03589,0.14664,0.27196,0.34004,3.22949,3.03625,0.00000,0.13492,2.60395,2.72000,0.93333,0.90141,1.00000,0.81429,0.82192,0.53571,0.70021
861,0.4051,84738048,61333,0.01183,7.61e-05,0.3703,195.1889,0.00000,0.02000,0.00000,10.00000,1178.90832,0.00000,0.80629,0.00000,0.04000,0.14392,1.70951,3.31352,0.78761,0.79518,0.12500,0.00000,0.72134,0.00000,0.00000,0.00000,0.00000,1257.64502,-0.02614,-0.12440,0.21490,-0.01814,0.41007,0.72081,-0.07657,0.49625,-0.04101,-0.03588,0.14736,0.27284,0.33959,2.94426,2.90444,0.00000,0.13437,2.62678,2.63214,0.93805,0.93827,0.75000,0.86283,0.86585,0.43750,0.69794
862,0.4055,84836352,61943,0.01476,6.96e-05,0.3704,210.7296,0.00000,0.01800,0.00000,10.00000,1127.91873,0.00000,0.79710,0.00000,0.03600,0.14180,1.65283,3.62618,0.72826,0.73611,0.00000,0.00000,0.71971,0.00000,0.00000,0.00000,0.00000,1250.61613,-0.02637,-0.12373,0.21087,-0.01743,0.40937,0.71924,-0.07679,0.49037,-0.04667,-0.03565,0.14452,0.26704,0.33947,3.30930,2.76666,0.00000,0.13267,2.60857,3.01390,0.93478,0.93333,0.60000,0.83152,0.82576,0.27273,0.69737
863,0.4059,84934656,61425,0.01184,9.13e-05,0.3705,181.4894,0.00000,0.01600,0.00000,10.00000,1041.66868,0.00000,0.82702,0.00000,0.03200,0.14059,1.63115,3.73261,0.63636,0.65217,0.00000,0.00000,0.71519,0.00000,0.00000,0.00000,0.00000,1269.08529,-0.02662,-0.12549,0.20923,-0.01757,0.40500,0.71478,-0.07822,0.48773,-0.04873,-0.03559,0.14450,0.26496,0.33765,3.14092,2.38500,0.00000,0.13232,2.60683,2.70193,0.92045,0.88710,1.00000,0.77841,0.76336,0.46667,0.68824
864,0.4064,85032960,61457,0.01469,6.99e-05,0.3706,178.4716,0.00000,0.01400,0.00000,10.00000,1136.96007,0.00000,0.80247,0.00000,0.02800,0.14134,1.62979,3.50272,0.67901,0.65574,0.00000,0.00000,0.71163,0.00000,0.00000,0.00000,0.00000,1277.11271,-0.02659,-0.12629,0.20911,-0.01771,0.40230,0.71121,-0.07871,0.48834,-0.04558,-0.03536,0.14484,0.26558,0.33690,2.86783,1.97500,0.00000,0.13199,2.62272,2.34075,0.91358,0.87500,1.00000,0.79630,0.76068,0.44444,0.68448
865,0.4068,85131264,61962,0.01382,7.77e-05,0.3707,206.2383,0.00000,0.01200,0.00000,10.00000,1078.49098,0.00000,0.78465,0.00000,0.02400,0.14270,1.60780,3.20292,0.55670,0.52113,0.00000,0.00000,0.71176,0.00000,0.00000,0.00000,0.00000,1276.25773,-0.02667,-0.12627,0.20879,-0.01716,0.40269,0.71135,-0.07980,0.48732,-0.04704,-0.03555,0.14418,0.26510,0.33737,2.78459,2.27000,0.00000,0.13140,2.63993,2.53235,0.91753,0.87879,1.00000,0.73711,0.69343,0.47059,0.68687
866,0.4073,85229568,62029,0.01281,9.13e-05,0.3708,192.9086,0.00000,0.01000,0.00000,10.00000,1087.24219,0.00000,0.80048,0.00000,0.02000,0.13923,1.56331,3.18762,0.62366,0.54412,0.20000,0.00000,0.71264,0.00000,0.00000,0.00000,0.00000,1254.70272,-0.02693,-0.12420,0.20617,-0.01675,0.40380,0.71225,-0.08017,0.48262,-0.04800,-0.03551,0.14260,0.26121,0.33781,2.86895,3.04800,0.00000,0.13192,2.62933,2.65651,0.89247,0.84848,1.00000,0.75806,0.69403,0.55556,0.68907
867,0.4077,85327872,62126,0.01211,1.11e-04,0.3709,182.9515,0.00000,0.00800,0.00000,10.00000,1079.56667,0.00000,0.77778,0.00000,0.01600,0.13807,1.52702,3.23222,0.65714,0.64103,0.20000,0.00000,0.70873,0.00000,0.00000,0.00000,0.00000,1257.73641,-0.02724,-0.12448,0.20316,-0.01626,0.40036,0.70834,-0.08100,0.47859,-0.04527,-0.03540,0.14053,0.25743,0.33671,2.94016,2.98166,0.00000,0.13087,2.63064,2.71803,0.91429,0.89855,0.81818,0.78571,0.76190,0.52381,0.68355
868,0.4082,85426176,62152,0.01476,8.35e-05,0.3709,187.4790,0.00000,0.00600,0.00000,10.00000,992.07719,0.00000,0.85000,0.00000,0.01200,0.14075,1.47032,3.94846,0.61000,0.61538,0.10000,0.00000,0.70071,0.00000,0.00000,0.00000,0.00000,1245.50513,-0.02743,-0.12318,0.19999,-0.01623,0.39698,0.70031,-0.08155,0.46781,-0.04154,-0.03515,0.13770,0.25323,0.33575,3.10456,2.64222,0.00000,0.13137,2.61765,2.51947,0.91000,0.88000,1.00000,0.76000,0.74510,0.50000,0.67875
869,0.4086,85524480,62014,0.01125,1.10e-04,0.3710,188.2008,0.00000,0.00400,0.00000,10.00000,1078.47517,0.00000,0.83333,0.00000,0.00800,0.13837,1.41425,3.79035,0.63393,0.59524,0.12500,0.00000,0.69223,0.00000,0.00000,0.00000,0.00000,1240.74837,-0.02780,-0.12278,0.19700,-0.01591,0.39162,0.69189,-0.08134,0.46249,-0.04622,-0.03519,0.13585,0.24933,0.33345,3.11686,2.96857,0.00000,0.13150,2.60586,2.66786,0.94643,0.92857,1.00000,0.79018,0.76190,0.50000,0.66726
870,0.4091,85622784,62371,0.01297,1.45e-04,0.3712,210.3893,0.00000,0.00200,0.00000,10.00000,1022.77030,0.00000,0.82126,0.00000,0.00400,0.13986,1.36223,3.34227,0.57609,0.56338,0.11111,0.00000,0.68608,0.00000,0.00000,0.00000,0.00000,1252.67464,-0.02821,-0.12384,0.19390,-0.01594,0.38698,0.68566,-0.08292,0.45344,-0.04648,-0.03504,0.13396,0.24529,0.33221,2.96725,3.58363,0.00000,0.13155,2.59381,2.72811,0.93478,0.92308,0.88889,0.75543,0.73529,0.50000,0.66107
871,0.4095,85721088,61348,0.01626,1.03e-04,0.3713,185.4019,0.00000,0.00000,0.00000,10.00000,1107.13776,0.00000,0.73707,0.00000,0.00000,0.13770,1.30096,3.70127,0.60396,0.55556,0.27273,0.00000,0.67925,0.00000,0.00000,0.00000,0.00000,1273.01758,-0.02859,-0.12585,0.19012,-0.01556,0.38263,0.67889,-0.08345,0.44550,-0.04776,-0.03525,0.13124,0.24064,0.33144,2.94785,2.64363,0.00000,0.13193,2.59132,2.40308,0.93069,0.90323,0.88889,0.76733,0.71642,0.55000,0.65719
872,0.4100,85819392,61404,0.01685,8.35e-05,0.3715,183.7129,0.00000,0.00000,0.00000,10.00000,979.35267,0.00000,0.81930,0.00000,0.00000,0.13559,1.27588,3.98865,0.43434,0.40741,0.00000,0.00000,0.67712,0.00000,0.00000,0.00000,0.00000,1292.25342,-0.02858,-0.12771,0.18857,-0.01560,0.37989,0.67676,-0.08339,0.44065,-0.04848,-0.03526,0.12940,0.23885,0.33018,2.95437,2.62333,0.00000,0.13404,2.58426,2.37454,0.93939,0.93846,0.71429,0.68687,0.64384,0.33333,0.65089
873,0.4104,85917696,61193,0.01148,9.32e-05,0.3715,216.0063,0.00000,0.00000,0.00000,10.00000,1051.15111,0.00000,0.80080,0.00000,0.00000,0.13444,1.23715,3.95106,0.53153,0.48810,0.00000,0.00000,0.67893,0.00000,0.00000,0.00000,0.00000,1305.07902,-0.02877,-0.12890,0.18644,-0.01515,0.37991,0.67858,-0.08359,0.43775,-0.05100,-0.03561,0.12828,0.23629,0.33032,2.96126,2.20500,0.00000,0.13315,2.59485,2.37975,0.94595,0.93421,0.88889,0.73874,0.70000,0.44444,0.65161
874,0.4109,86016000,61307,0.01592,1.12e-04,0.3716,190.6761,0.00000,0.00000,0.00000,10.00000,1010.60843,0.00000,0.79981,0.00000,0.00000,0.13536,1.18006,4.05351,0.46552,0.38202,0.00000,0.00000,0.67482,0.00000,0.00000,0.00000,0.00000,1300.82829,-0.02904,-0.12864,0.18379,-0.01542,0.37766,0.67446,-0.08409,0.42902,-0.04827,-0.03558,0.12602,0.23273,0.32937,2.95248,2.30250,0.00000,0.13409,2.59297,2.44325,0.94828,0.92308,1.00000,0.70690,0.63473,0.53333,0.64683
875,0.4113,86114304,61204,0.01886,5.40e-05,0.3717,164.7186,0.00000,0.00000,0.00000,10.00000,930.99342,0.00000,0.88015,0.00000,0.00000,0.13751,1.15708,3.78600,0.37079,0.33766,0.00000,0.00000,0.66808,0.00000,0.00000,0.00000,0.00000,1283.95557,-0.02920,-0.12684,0.18305,-0.01532,0.37416,0.66775,-0.08464,0.42639,-0.04936,-0.03518,0.12548,0.23166,0.32796,2.99326,2.58800,0.00000,0.13339,2.59684,2.62738,0.94382,0.93750,0.83333,0.65730,0.60993,0.45455,0.63979
876,0.4118,86212608,61609,0.00967,7.77e-05,0.3718,189.6515,0.00000,0.00000,0.00000,10.00000,1037.14248,0.00000,0.82508,0.00000,0.00000,0.13875,1.13816,3.47826,0.41584,0.26667,0.00000,0.00000,0.66409,0.00000,0.00000,0.00000,0.00000,1281.23812,-0.02921,-0.12668,0.18184,-0.01534,0.37115,0.66379,-0.08484,0.42386,-0.05164,-0.03510,0.12456,0.23061,0.32717,2.70939,2.14000,0.00000,0.13313,2.58867,2.47360,0.96040,0.94667,1.00000,0.68812,0.60667,0.42857,0.63584
877,0.4122,86310912,61244,0.01243,1.04e-04,0.3719,180.3711,0.00000,0.00000,0.00000,10.00000,924.63042,0.00000,0.76296,0.00000,0.00000,0.14151,1.13770,4.18700,0.37333,0.30189,0.00000,0.00000,0.66178,0.00000,0.00000,0.00000,0.00000,1295.88729,-0.02916,-0.12807,0.18279,-0.01533,0.36979,0.66147,-0.08500,0.42538,-0.05245,-0.03488,0.12520,0.23161,0.32655,3.04552,2.36200,0.00000,0.13217,2.60137,2.63786,0.93333,0.94000,0.80000,0.65333,0.61165,0.40000,0.63274
878,0.4127,86409216,61288,0.01341,1.00e-04,0.3720,175.9057,0.00000,0.00000,0.00000,10.00000,975.54293,0.00000,0.74603,0.00000,0.00000,0.14423,1.10996,3.71931,0.41905,0.29730,0.25000,0.00000,0.66198,0.00000,0.00000,0.00000,0.00000,1291.54736,-0.02942,-0.12771,0.18139,-0.01518,0.36881,0.66167,-0.08552,0.42165,-0.05302,-0.03516,0.12456,0.22970,0.32610,2.98200,3.36615,0.00000,0.13137,2.60914,2.68084,0.93333,0.92537,0.81818,0.67619,0.59574,0.52174,0.63049
879,0.4131,86507520,61677,0.01371,9.13e-05,0.3721,182.0380,0.00000,0.00000,0.00000,10.00000,1014.71978,0.00000,0.79365,0.00000,0.00000,0.14033,1.09743,3.62174,0.43956,0.29851,0.20000,0.00000,0.66566,0.00000,0.00000,0.00000,0.00000,1306.36263,-0.02928,-0.12925,0.18057,-0.01489,0.37097,0.66535,-0.08597,0.42255,-0.05580,-0.03530,0.12428,0.22883,0.32746,2.73550,2.22889,0.00000,0.13134,2.62304,2.42666,0.94505,0.92063,1.00000,0.69231,0.60000,0.69231,0.63729
880,0.4136,86605824,60919,0.01274,1.03e-04,0.3722,207.0797,0.00000,0.00000,0.00000,10.00000,1000.70406,0.00000,0.79444,0.00000,0.00000,0.13895,1.06948,3.52138,0.39000,0.26923,0.00000,0.00000,0.66753,0.00000,0.00000,0.00000,0.00000,1318.41048,-0.02937,-0.13037,0.17902,-0.01471,0.37135,0.66727,-0.08581,0.41887,-0.05733,-0.03544,0.12308,0.22734,0.32720,2.80041,1.87143,0.00000,0.13239,2.62195,2.49739,0.97000,0.95385,1.00000,0.68000,0.58042,0.63636,0.63599
881,0.4140,86704128,61778,0.01164,1.49e-04,0.3723,209.0881,0.00000,0.00000,0.00000,10.00000,1008.86074,0.00000,0.65264,0.00000,0.00000,0.14108,1.04526,3.19111,0.35922,0.16667,0.15385,0.00000,0.66604,0.00000,0.00000,0.00000,0.00000,1334.05029,-0.02964,-0.13185,0.17717,-0.01452,0.37094,0.66571,-0.08585,0.41244,-0.05807,-0.03558,0.12159,0.22464,0.32683,2.99974,3.07000,0.00000,0.13256,2.60147,2.94135,0.92233,0.85455,1.00000,0.64078,0.47934,0.54167,0.63415
882,0.4145,86802432,61632,0.01446,1.25e-04,0.3724,164.5977,0.00000,0.00000,0.00000,10.00000,955.24300,0.00000,0.79023,0.00000,0.00000,0.14152,1.03420,3.99083,0.34483,0.18293,0.18182,0.00000,0.66060,0.00000,0.00000,0.00000,0.00000,1312.51937,-0.02965,-0.12969,0.17616,-0.01456,0.36846,0.66036,-0.08602,0.40977,-0.05625,-0.03551,0.12084,0.22329,0.32632,2.80468,3.28000,0.00000,0.13259,2.58910,2.47747,0.93966,0.91566,1.00000,0.64224,0.55152,0.57143,0.63162
883,0.4149,86900736,61536,0.01558,1.11e-04,0.3725,198.6022,0.00000,0.00000,0.00000,10.00000,942.33654,0.00000,0.86691,0.00000,0.00000,0.14108,1.02813,3.10842,0.28571,0.14667,0.00000,0.00000,0.65886,0.00000,0.00000,0.00000,0.00000,1318.79386,-0.02981,-0.13056,0.17485,-0.01429,0.36591,0.65856,-0.08556,0.40995,-0.05752,-0.03531,0.11978,0.22138,0.32514,2.60470,1.79000,0.00000,0.13047,2.57146,2.45970,0.95604,0.94030,1.00000,0.62088,0.52113,0.66667,0.62572
884,0.4154,86999040,61082,0.01241,1.12e-04,0.3726,188.7055,0.00000,0.00000,0.00000,10.00000,866.09375,0.00000,0.81660,0.00000,0.00000,0.14014,1.04282,3.31143,0.22892,0.12500,0.11111,0.00000,0.65928,0.00000,0.00000,0.00000,0.00000,1335.91732,-0.02972,-0.13229,0.17534,-0.01454,0.36476,0.65901,-0.08646,0.41076,-0.05825,-0.03522,0.12051,0.22224,0.32482,2.67184,2.40000,0.00000,0.13132,2.57571,2.52742,0.93976,0.91379,1.00000,0.58434,0.50000,0.55556,0.62412
885,0.4158,87097344,61220,0.01240,1.61e-04,0.3727,189.4478,0.00000,0.00000,0.00000,10.00000,890.03385,0.00000,0.86182,0.00000,0.00000,0.13827,1.04315,3.49166,0.25641,0.14516,0.00000,0.00000,0.66261,0.00000,0.00000,0.00000,0.00000,1359.23104,-0.02967,-0.13452,0.17567,-0.01413,0.36564,0.66235,-0.08726,0.41315,-0.06115,-0.03522,0.12151,0.22306,0.32535,2.78197,2.71000,0.00000,0.13131,2.60053,2.63763,0.96154,0.96610,0.66667,0.60897,0.54545,0.25000,0.62674
886,0.4163,87195648,61296,0.01828,1.12e-04,0.3728,191.6919,0.00000,0.00000,0.00000,10.00000,896.28799,0.00000,0.81549,0.00000,0.00000,0.13872,1.03065,3.88276,0.31193,0.22353,0.00000,0.00000,0.66338,0.00000,0.00000,0.00000,0.00000,1373.43229,-0.02950,-0.13577,0.17732,-0.01461,0.36749,0.66310,-0.08685,0.41383,-0.06254,-0.03552,0.12181,0.22490,0.32600,3.02291,1.88909,0.00000,0.13292,2.62424,2.71506,0.94495,0.93333,0.90909,0.62844,0.55625,0.50000,0.62999
887,0.4167,87293952,61279,0.01422,1.04e-04,0.3729,202.4374,0.00000,0.00000,0.00000,10.00000,811.65067,0.00000,0.91931,0.00000,0.00000,0.14293,1.04363,4.53900,0.23810,0.16901,0.00000,0.00000,0.67014,0.00000,0.00000,0.00000,0.00000,1353.64315,-0.02934,-0.13395,0.17844,-0.01513,0.37250,0.66984,-0.08610,0.41389,-0.05632,-0.03547,0.12186,0.22619,0.32734,3.12635,2.84000,0.00000,0.13291,2.63789,2.69169,0.92857,0.91176,1.00000,0.58333,0.53237,0.37500,0.63668
888,0.4172,87392256,61675,0.01508,8.35e-05,0.3730,178.9731,0.00000,0.00200,0.00000,10.00000,911.78928,0.00000,0.78788,0.00000,0.00400,0.13906,1.02884,5.08666,0.26364,0.11111,0.30769,0.00000,0.66964,0.00000,0.00000,0.00000,0.00000,1338.00228,-0.02923,-0.13232,0.17900,-0.01472,0.37290,0.66936,-0.08594,0.41730,-0.06113,-0.03564,0.12295,0.22667,0.32725,2.84189,3.30571,0.00000,0.13266,2.65311,2.42100,0.95455,0.93333,1.00000,0.60909,0.50641,0.60870,0.63623
889,0.4176,87490560,61156,0.01296,1.10e-04,0.3731,192.1305,0.00000,0.00400,0.00000,10.00000,895.99035,0.00000,0.84967,0.00000,0.00800,0.14031,1.02861,4.96470,0.32353,0.20000,0.16667,0.00000,0.66902,0.00000,0.00000,0.00000,0.00000,1312.62565,-0.02912,-0.12991,0.17921,-0.01529,0.37341,0.66873,-0.08553,0.41636,-0.05766,-0.03552,0.12215,0.22705,0.32780,3.16291,1.92500,0.00000,0.13320,2.64926,2.77519,0.95098,0.94737,0.87500,0.63725,0.56410,0.57143,0.63900
890,0.4181,87588864,61338,0.01523,9.32e-05,0.3732,169.8165,0.00000,0.00600,0.00000,10.00000,943.47976,0.00000,0.81313,0.00000,0.01200,0.14098,1.01377,2.77304,0.25455,0.11494,0.16667,0.00000,0.66617,0.00000,0.00000,0.00000,0.00000,1310.30908,-0.02928,-0.12963,0.17751,-0.01492,0.37122,0.66588,-0.08503,0.41427,-0.06196,-0.03541,0.12194,0.22507,0.32681,2.50722,2.96666,0.00000,0.13207,2.63397,2.42459,0.95455,0.93243,1.00000,0.60455,0.49068,0.50000,0.63404
891,0.4185,87687168,61442,0.01546,6.34e-05,0.3733,178.9695,0.00000,0.00800,0.00000,10.00000,831.91312,0.00000,0.82418,0.00000,0.01600,0.13808,1.01149,4.72823,0.23077,0.15714,0.08333,0.00000,0.66169,0.00000,0.00000,0.00000,0.00000,1315.37524,-0.02926,-0.13021,0.17705,-0.01449,0.36973,0.66139,-0.08515,0.41465,-0.05921,-0.03533,0.12157,0.22437,0.32612,2.99591,2.85091,0.00000,0.13195,2.63198,2.58112,0.94505,0.93846,0.90909,0.58791,0.53333,0.47826,0.63058
892,0.4189,87785472,61609,0.00883,9.13e-05,0.3734,182.2923,0.00000,0.01000,0.00000,10.00000,940.35341,0.00000,0.76174,0.00000,0.02000,0.13550,1.01608,4.13833,0.28866,0.08696,0.40000,0.00000,0.66158,0.00000,0.00000,0.00000,0.00000,1320.42627,-0.02931,-0.13060,0.17648,-0.01424,0.36929,0.66132,-0.08478,0.41349,-0.05889,-0.03535,0.12150,0.22338,0.32637,2.87244,3.20571,0.00000,0.13240,2.62101,2.65543,0.92784,0.90625,0.90000,0.60825,0.48120,0.65000,0.63186
893,0.4194,87883776,61478,0.01305,1.16e-04,0.3735,188.0628,0.00000,0.01200,0.00000,10.00000,934.98510,0.00000,0.80761,0.00000,0.02400,0.14190,1.00901,3.58375,0.28704,0.12195,0.28571,0.00000,0.66373,0.00000,0.00000,0.00000,0.00000,1336.49585,-0.02942,-0.13219,0.17650,-0.01439,0.36994,0.66340,-0.08491,0.41095,-0.06602,-0.03557,0.12092,0.22362,0.32665,2.75355,3.42500,0.00000,0.13202,2.60819,2.57405,0.92593,0.90667,0.83333,0.60648,0.49682,0.53846,0.63323
894,0.4198,87982080,62057,0.01499,1.03e-04,0.3736,183.0466,0.00000,0.01400,0.00000,10.00000,936.19360,0.00000,0.76023,0.00000,0.02800,0.14447,1.02652,4.16800,0.21930,0.04819,0.00000,0.00000,0.66820,0.00000,0.00000,0.00000,0.00000,1340.38656,-0.02944,-0.13264,0.17599,-0.01489,0.37149,0.66784,-0.08503,0.40920,-0.06158,-0.03598,0.12033,0.22309,0.32755,2.83012,2.47667,0.00000,0.13180,2.59411,2.65173,0.95614,0.93151,1.00000,0.58772,0.46154,0.33333,0.63775
895,0.4203,88080384,61735,0.01756,5.97e-05,0.3737,197.5614,0.00000,0.01600,0.00000,10.00000,914.63747,0.00000,0.80662,0.00000,0.03200,0.14798,1.05043,3.65091,0.25000,0.10256,0.00000,0.00000,0.67328,0.00000,0.00000,0.00000,0.00000,1349.18229,-0.02946,-0.13357,0.17600,-0.01525,0.37458,0.67295,-0.08373,0.40690,-0.06080,-0.03605,0.11978,0.22333,0.32862,2.70733,2.68000,0.00000,0.13224,2.56269,2.57595,0.96154,0.97260,0.80000,0.60577,0.52318,0.44444,0.64310
896,0.4207,88178688,61679,0.01113,9.24e-05,0.3737,181.8894,0.00000,0.01800,0.00000,10.00000,937.91046,0.00000,0.83028,0.00000,0.03600,0.14946,1.10514,4.45727,0.37363,0.19118,0.60000,0.00000,0.67446,0.00000,0.00000,0.00000,0.00000,1360.20028,-0.02926,-0.13452,0.17775,-0.01551,0.37453,0.67416,-0.08385,0.41028,-0.06024,-0.03616,0.12106,0.22580,0.32898,3.07182,3.78444,0.00000,0.13215,2.55174,2.61000,0.92308,0.89706,1.00000,0.64835,0.54412,0.80000,0.64491
897,0.4212,88276992,61441,0.01517,8.39e-05,0.3738,206.9534,0.00000,0.02000,0.00000,10.00000,901.60630,0.00000,0.83924,0.00000,0.04000,0.15517,1.13073,4.08190,0.29787,0.15068,0.20000,0.00000,0.67747,0.00000,0.00000,0.00000,0.00000,1360.99894,-0.02905,-0.13466,0.18017,-0.01636,0.37696,0.67717,-0.08328,0.41199,-0.06428,-0.03646,0.12235,0.22912,0.32967,2.87609,3.65429,0.00000,0.13259,2.54939,2.49242,0.92553,0.89855,1.00000,0.61170,0.51408,0.55556,0.64834
898,0.4216,88375296,61459,0.01642,6.42e-05,0.3739,199.3836,0.00000,0.02200,0.00000,10.00000,903.49768,0.00000,0.78144,0.00000,0.04400,0.15049,1.20861,5.19454,0.34066,0.21538,0.25000,0.00000,0.68025,0.00000,0.00000,0.00000,0.00000,1366.06217,-0.02873,-0.13519,0.18443,-0.01605,0.37784,0.67994,-0.08312,0.42493,-0.05914,-0.03628,0.12553,0.23446,0.33024,3.20893,2.84933,0.00000,0.13218,2.56875,2.60222,0.96703,0.95238,1.00000,0.65385,0.57812,0.62500,0.65119
899,0.4221,88473600,60937,0.01324,7.61e-05,0.3740,217.9056,0.00000,0.02400,0.00000,10.00000,927.58325,0.00000,0.76968,0.00000,0.04800,0.14990,1.26195,5.67130,0.37500,0.25000,0.10000,0.00000,0.68709,0.00000,0.00000,0.00000,0.00000,1389.95020,-0.02857,-0.13741,0.18659,-0.01625,0.38197,0.68676,-0.08292,0.42995,-0.06156,-0.03640,0.12703,0.23684,0.33110,3.44195,2.52666,0.00000,0.13202,2.54925,2.69884,0.92708,0.92308,0.80000,0.65104,0.57895,0.45000,0.65552
900,0.4226,88571904,61650,0.01285,9.32e-05,0.3740,189.0766,0.00000,0.02600,0.00000,10.00000,929.19742,0.00000,0.83021,0.00000,0.05200,0.15106,1.32241,5.75913,0.40449,0.27273,0.00000,0.00000,0.69478,0.00000,0.00000,0.00000,0.00000,1389.14567,-0.02826,-0.13726,0.19045,-0.01639,0.38659,0.69445,-0.08269,0.43750,-0.05633,-0.03674,0.12965,0.24230,0.33226,3.33543,2.04750,0.00000,0.13268,2.57241,2.52753,0.94382,0.92537,1.00000,0.67416,0.60150,0.58333,0.66132
901,0.4230,88670208,61516,0.01219,1.10e-04,0.3742,219.0255,0.00000,0.02800,0.00000,10.00000,920.71043,0.00000,0.82555,0.00000,0.05600,0.15188,1.35461,5.91586,0.40187,0.27160,0.44444,0.00000,0.70154,0.00000,0.00000,0.00000,0.00000,1380.06803,-0.02784,-0.13652,0.19351,-0.01648,0.39198,0.70122,-0.08091,0.44667,-0.06017,-0.03652,0.13224,0.24662,0.33386,3.46991,3.21538,0.00000,0.13145,2.59029,2.60488,0.94393,0.93590,0.90000,0.67290,0.59748,0.68421,0.66928
902,0.4235,88768512,61733,0.01543,9.83e-05,0.3742,232.9158,0.00000,0.03000,0.00000,10.00000,899.34706,0.00000,0.82492,0.00000,0.06000,0.15353,1.41473,5.12000,0.34343,0.27632,0.09091,0.00000,0.70830,0.00000,0.00000,0.00000,0.00000,1362.04134,-0.02774,-0.13473,0.19658,-0.01684,0.39684,0.70798,-0.08045,0.45159,-0.06147,-0.03672,0.13498,0.25085,0.33577,3.14297,3.42800,0.00000,0.13183,2.57596,2.52675,0.95960,0.95775,0.88889,0.65152,0.60544,0.45000,0.67886
903,0.4239,88866816,61870,0.01420,8.35e-05,0.3743,225.2968,0.00000,0.03200,0.00000,10.00000,973.73865,0.00000,0.78261,0.00000,0.06400,0.15206,1.49084,5.28133,0.41739,0.28571,0.22222,0.00000,0.71212,0.00000,0.00000,0.00000,0.00000,1344.04712,-0.02740,-0.13300,0.20048,-0.01711,0.39959,0.71180,-0.07949,0.46110,-0.05560,-0.03695,0.13675,0.25610,0.33641,3.15044,3.21000,0.00000,0.13249,2.57327,2.38024,0.93913,0.92308,0.90000,0.67826,0.59259,0.57895,0.68207
904,0.4243,88965120,62005,0.01198,9.32e-05,0.3744,220.6877,0.00000,0.03400,0.00000,10.00000,966.86576,0.00000,0.86619,0.00000,0.06800,0.15137,1.56043,5.34727,0.47312,0.40260,0.00000,0.00000,0.71569,0.00000,0.00000,0.00000,0.00000,1347.12777,-0.02704,-0.13311,0.20404,-0.01760,0.40246,0.71533,-0.07812,0.47083,-0.05630,-0.03680,0.13929,0.26070,0.33745,3.36138,2.32000,0.00000,0.13187,2.56822,2.39765,0.95699,0.95588,0.66667,0.71505,0.66207,0.33333,0.68723
905,0.4248,89063424,62022,0.01762,8.05e-05,0.3745,208.1568,0.00000,0.03600,0.00000,10.00000,1004.06220,0.00000,0.77356,0.00000,0.07200,0.15142,1.64404,4.61226,0.51899,0.49180,0.00000,0.00000,0.72270,0.00000,0.00000,0.00000,0.00000,1328.05729,-0.02655,-0.13131,0.20986,-0.01824,0.40699,0.72235,-0.07795,0.48317,-0.05296,-0.03664,0.14319,0.26806,0.33906,3.17325,2.07333,0.00000,0.13219,2.59366,2.36218,0.94937,0.91837,1.00000,0.73418,0.68182,0.56250,0.69530
906,0.4252,89161728,61513,0.00953,1.16e-04,0.3746,226.1907,0.00000,0.03800,0.00000,10.00000,938.60024,0.00000,0.87684,0.00000,0.07600,0.15165,1.73066,4.60000,0.50602,0.44928,0.40000,0.00000,0.73086,0.00000,0.00000,0.00000,0.00000,1331.83195,-0.02600,-0.13170,0.21664,-0.01862,0.41158,0.73048,-0.07716,0.50058,-0.05203,-0.03664,0.14790,0.27642,0.34051,3.20495,2.40333,0.00000,0.13060,2.63154,2.38164,0.92771,0.91935,0.75000,0.71687,0.67176,0.55556,0.70257
907,0.4257,89260032,62149,0.01387,1.11e-04,0.3747,216.8301,0.00000,0.03800,0.00000,10.00000,999.33789,0.00000,0.78526,0.00000,0.07600,0.14779,1.79189,5.49136,0.56731,0.53846,0.00000,0.00000,0.73908,0.00000,0.00000,0.00000,0.00000,1321.60669,-0.02569,-0.13074,0.21950,-0.01920,0.41664,0.73871,-0.07642,0.51012,-0.04911,-0.03703,0.15109,0.27993,0.34210,3.66278,2.42000,0.00000,0.13072,2.63819,2.52958,0.95192,0.92754,1.00000,0.75962,0.72109,0.43750,0.71049
908,0.4261,89358336,62738,0.01252,1.45e-04,0.3748,210.3676,0.00000,0.03800,0.00000,10.00000,991.88451,0.00000,0.80314,0.00000,0.07600,0.14773,1.83836,4.96341,0.55435,0.53623,0.00000,0.00000,0.74726,0.00000,0.00000,0.00000,0.00000,1316.06315,-0.02545,-0.13003,0.22325,-0.01961,0.42204,0.74683,-0.07580,0.51787,-0.05054,-0.03677,0.15413,0.28483,0.34373,3.42056,2.74571,0.00000,0.13144,2.65000,2.46212,0.93478,0.92188,0.87500,0.74457,0.72180,0.41176,0.71867
909,0.4266,89456640,62037,0.01358,1.73e-04,0.3749,222.0859,0.00000,0.03800,0.00000,10.00000,945.38484,0.00000,0.82819,0.00000,0.07600,0.14732,1.86289,4.55207,0.58333,0.55556,0.25000,0.00000,0.75076,0.00000,0.00000,0.00000,0.00000,1306.05680,-0.02558,-0.12915,0.22368,-0.01900,0.42416,0.75033,-0.07511,0.52088,-0.05037,-0.03711,0.15430,0.28557,0.34406,3.61168,2.96533,0.00000,0.13081,2.63704,3.01833,0.92593,0.91250,0.91667,0.75463,0.73292,0.58333,0.72031
910,0.4270,89554944,62426,0.01567,1.21e-04,0.3750,188.8570,0.00000,0.03800,0.00000,10.00000,1085.53836,0.00000,0.78889,0.00000,0.07600,0.14268,1.86998,4.81107,0.75000,0.78947,0.10000,0.00000,0.75002,0.00000,0.00000,0.00000,0.00000,1277.37760,-0.02550,-0.12633,0.22356,-0.01859,0.42407,0.74966,-0.07525,0.52490,-0.04936,-0.03676,0.15428,0.28488,0.34354,3.60556,3.08250,0.00000,0.13070,2.63789,2.45323,0.94000,0.92424,0.87500,0.84500,0.85211,0.44444,0.71769
911,0.4274,89653248,62341,0.01654,8.59e-05,0.3752,200.2439,0.00000,0.03800,0.00000,10.00000,1081.94106,0.00000,0.86839,0.00000,0.07600,0.14284,1.86538,4.68678,0.70874,0.66265,0.33333,0.00000,0.74411,0.00000,0.00000,0.00000,0.00000,1279.93278,-0.02566,-0.12659,0.22189,-0.01895,0.42157,0.74375,-0.07495,0.51993,-0.04725,-0.03680,0.15342,0.28294,0.34307,3.35640,3.02666,0.00000,0.13113,2.60006,2.37525,0.97087,0.96154,1.00000,0.83981,0.80745,0.75000,0.71534
912,0.4279,89751552,62112,0.01097,1.24e-04,0.3753,218.0525,0.00000,0.03800,0.00000,10.00000,1053.27425,0.00000,0.79861,0.00000,0.07600,0.14359,1.89128,4.35958,0.61458,0.58904,0.12500,0.00000,0.74111,0.00000,0.00000,0.00000,0.00000,1281.31315,-0.02572,-0.12677,0.22279,-0.01884,0.41965,0.74064,-0.07459,0.52007,-0.05016,-0.03678,0.15293,0.28385,0.34218,3.22649,2.46250,0.00000,0.13181,2.57617,2.40242,0.92708,0.89231,1.00000,0.77083,0.73188,0.53333,0.71089
913,0.4283,89849856,61892,0.01394,1.31e-04,0.3754,206.4641,0.00000,0.03800,0.00000,10.00000,1053.07555,0.00000,0.78209,0.00000,0.07600,0.14432,1.93789,4.01563,0.66019,0.66667,0.23077,0.00000,0.74312,0.00000,0.00000,0.00000,0.00000,1258.66593,-0.02540,-0.12453,0.22451,-0.01915,0.42109,0.74269,-0.07461,0.52479,-0.04604,-0.03672,0.15449,0.28630,0.34289,3.10104,2.22470,0.00000,0.13105,2.56893,2.46430,0.94175,0.92857,0.92308,0.80097,0.79310,0.57692,0.71444
914,0.4288,89948160,62054,0.01645,1.19e-04,0.3755,230.7282,0.00000,0.03800,0.00000,10.00000,1038.00797,0.00000,0.83900,0.00000,0.07600,0.14354,1.95730,4.65322,0.72449,0.69737,0.33333,0.00000,0.74226,0.00000,0.00000,0.00000,0.00000,1267.10221,-0.02540,-0.12534,0.22409,-0.01884,0.42203,0.74182,-0.07374,0.52666,-0.04473,-0.03687,0.15485,0.28541,0.34318,3.61394,2.89750,0.00000,0.12939,2.55260,2.69343,0.89796,0.86111,1.00000,0.81122,0.77703,0.66667,0.71591
915,0.4292,90046464,62020,0.01316,1.24e-04,0.3756,194.1991,0.00000,0.03800,0.00000,10.00000,1033.45287,0.00000,0.85399,0.00000,0.07600,0.14230,1.97135,4.55771,0.71074,0.71277,0.00000,0.00000,0.74544,0.00000,0.00000,0.00000,0.00000,1293.87720,-0.02552,-0.12795,0.22320,-0.01899,0.42307,0.74492,-0.07333,0.52434,-0.04705,-0.03709,0.15406,0.28432,0.34411,3.57707,2.98571,0.00000,0.13053,2.51687,2.84681,0.94215,0.92391,1.00000,0.82645,0.81720,0.46667,0.72053
916,0.4297,90144768,61949,0.01483,1.20e-04,0.3757,213.1561,0.00000,0.03800,0.00000,10.00000,1107.04350,0.00000,0.82789,0.00000,0.07600,0.14167,1.95622,3.71101,0.79412,0.83333,0.20000,0.00000,0.74538,0.00000,0.00000,0.00000,0.00000,1286.85010,-0.02559,-0.12727,0.22093,-0.01836,0.42167,0.74490,-0.07295,0.51854,-0.04998,-0.03706,0.15273,0.28180,0.34333,2.96000,2.68154,0.00000,0.13160,2.48356,2.30405,0.92157,0.89189,1.00000,0.85784,0.86184,0.61905,0.71666
917,0.4301,90243072,61812,0.01324,1.49e-04,0.3758,180.6926,0.00000,0.03800,0.00000,10.00000,1121.12393,0.00000,0.87135,0.00000,0.07600,0.14171,1.98334,4.10678,0.74737,0.71622,0.25000,0.00000,0.74116,0.00000,0.00000,0.00000,0.00000,1288.88167,-0.02549,-0.12742,0.22233,-0.01919,0.41952,0.74069,-0.07354,0.52067,-0.04141,-0.03684,0.15331,0.28377,0.34276,3.16031,3.72400,0.00000,0.13263,2.49390,2.43425,0.93684,0.92000,1.00000,0.84211,0.81879,0.57143,0.71379
918,0.4306,90341376,61818,0.01521,1.39e-04,0.3759,210.3836,0.00000,0.03800,0.00000,10.00000,1150.44505,0.00000,0.80177,0.00000,0.07600,0.14079,1.97539,3.81240,0.75000,0.74603,0.14286,0.00000,0.74129,0.00000,0.00000,0.00000,0.00000,1299.29313,-0.02551,-0.12835,0.22244,-0.01891,0.42044,0.74088,-0.07373,0.52314,-0.04845,-0.03683,0.15405,0.28388,0.34305,2.94835,2.80750,0.00000,0.13189,2.49942,2.28369,0.93182,0.90625,1.00000,0.84091,0.82677,0.57143,0.71526
919,0.4310,90439680,62091,0.01293,1.78e-04,0.3760,206.3711,0.00000,0.03600,0.00000,10.00000,1138.50642,0.00000,0.74074,0.00000,0.07200,0.14041,1.99888,4.28842,0.83333,0.85000,0.40000,0.00000,0.74408,0.00000,0.00000,0.00000,0.00000,1322.39380,-0.02517,-0.13063,0.22584,-0.01876,0.42162,0.74370,-0.07408,0.53069,-0.04980,-0.03713,0.15646,0.28803,0.34316,3.40964,3.41750,0.00000,0.13220,2.54357,2.49891,0.85556,0.83333,0.57143,0.84444,0.84167,0.47059,0.71581
920,0.4315,90537984,62246,0.01458,1.58e-04,0.3762,214.8397,0.00000,0.03400,0.00000,10.00000,1080.46452,0.00000,0.78704,0.00000,0.06800,0.14085,2.01179,4.15500,0.71875,0.73913,0.25000,0.00000,0.75309,0.00000,0.00000,0.00000,0.00000,1326.37345,-0.02515,-0.13100,0.22588,-0.01922,0.42566,0.75266,-0.07447,0.53097,-0.04940,-0.03733,0.15688,0.28849,0.34422,3.23531,3.78666,0.00000,0.13244,2.54863,2.52000,0.93750,0.94030,0.81818,0.82812,0.83824,0.52174,0.72110
921,0.4319,90636288,62301,0.01597,1.33e-04,0.3762,200.7702,0.00000,0.03200,0.00000,10.00000,1083.17856,0.00000,0.87629,0.00000,0.06400,0.14285,2.04166,4.03812,0.75258,0.75641,0.16667,0.00000,0.75653,0.00000,0.00000,0.00000,0.00000,1316.48625,-0.02483,-0.13011,0.23045,-0.02026,0.42810,0.75608,-0.07398,0.53569,-0.04670,-0.03723,0.15871,0.29470,0.34460,3.28157,2.44000,0.00000,0.13491,2.58239,2.64447,0.94845,0.96000,0.66667,0.85052,0.85621,0.41667,0.72301
922,0.4323,90734592,61866,0.01259,9.66e-05,0.3763,187.3295,0.00000,0.03000,0.00000,10.00000,1179.82970,0.00000,0.71047,0.00000,0.06000,0.14202,2.04050,3.95500,0.82692,0.88406,0.33333,0.00000,0.75645,0.00000,0.00000,0.00000,0.00000,1297.71460,-0.02490,-0.12829,0.22993,-0.01946,0.42932,0.75593,-0.07342,0.53670,-0.04578,-0.03734,0.15840,0.29369,0.34465,3.15789,3.23714,0.00000,0.13419,2.57328,2.42540,0.94231,0.90625,1.00000,0.88462,0.89474,0.66667,0.72327
923,0.4328,90832896,62556,0.01474,1.00e-04,0.3764,207.3271,0.00000,0.02800,0.00000,10.00000,1191.15191,0.00000,0.75196,0.00000,0.05600,0.13918,2.02174,3.74407,0.79798,0.78261,0.28571,0.00000,0.75578,0.00000,0.00000,0.00000,0.00000,1267.69922,-0.02511,-0.12539,0.22830,-0.01880,0.42896,0.75530,-0.07326,0.53626,-0.04751,-0.03705,0.15756,0.29087,0.34528,3.18377,2.47500,0.00000,0.13356,2.57036,2.65905,0.92929,0.89231,1.00000,0.86364,0.83582,0.58333,0.72638
924,0.4332,90931200,62285,0.01250,1.33e-04,0.3765,203.0787,0.00000,0.02600,0.00000,10.00000,1173.88081,0.00000,0.77679,0.00000,0.05200,0.13721,2.00174,3.20608,0.75221,0.79012,0.00000,0.00000,0.75135,0.00000,0.00000,0.00000,0.00000,1264.05005,-0.02511,-0.12501,0.22583,-0.01891,0.42709,0.75091,-0.07262,0.53498,-0.04569,-0.03717,0.15583,0.28771,0.34493,3.00993,2.54750,0.00000,0.13244,2.55618,2.83641,0.94690,0.92208,1.00000,0.84956,0.85443,0.38889,0.72467
925,0.4337,91029504,62090,0.01659,7.70e-05,0.3766,209.6572,0.00000,0.02400,0.00000,10.00000,1234.80766,0.00000,0.76691,0.00000,0.04800,0.13739,1.98133,3.58821,0.85870,0.84615,0.00000,0.00000,0.74743,0.00000,0.00000,0.00000,0.00000,1289.44466,-0.02541,-0.12736,0.22375,-0.01833,0.42275,0.74705,-0.07313,0.52882,-0.04742,-0.03705,0.15526,0.28501,0.34360,3.15529,3.02000,0.00000,0.13273,2.53433,2.77047,0.94565,0.91935,1.00000,0.90217,0.88189,0.57143,0.71800
926,0.4341,91127808,61960,0.01459,8.39e-05,0.3767,182.6875,0.00000,0.02200,0.00000,10.00000,1095.69736,0.00000,0.73611,0.00000,0.04400,0.14083,1.99370,4.02318,0.72500,0.73585,0.27273,0.00000,0.74387,0.00000,0.00000,0.00000,0.00000,1281.78101,-0.02509,-0.12669,0.22582,-0.01842,0.42116,0.74350,-0.07365,0.52938,-0.04302,-0.03688,0.15646,0.28761,0.34255,3.31838,3.63000,0.00000,0.13262,2.55868,2.75454,0.91250,0.86792,1.00000,0.81875,0.80189,0.60000,0.71277
927,0.4346,91226112,61794,0.01509,9.31e-05,0.3768,185.1866,0.00000,0.02000,0.00000,10.00000,1155.80440,0.00000,0.84688,0.00000,0.04000,0.13934,1.99306,3.87898,0.85366,0.86567,0.00000,0.00000,0.74405,0.00000,0.00000,0.00000,0.00000,1290.08748,-0.02494,-0.12747,0.22807,-0.01828,0.42197,0.74369,-0.07373,0.53773,-0.04510,-0.03682,0.15876,0.29072,0.34275,3.28875,3.07000,0.00000,0.13193,2.60418,2.63170,0.91463,0.87931,1.00000,0.88415,0.87200,0.40000,0.71374
928,0.4350,91324416,62168,0.01469,8.88e-05,0.3769,179.2794,0.00000,0.01800,0.00000,10.00000,1148.90603,0.00000,0.79140,0.00000,0.03600,0.13857,1.95457,3.87812,0.77358,0.78481,0.12500,0.00000,0.74560,0.00000,0.00000,0.00000,0.00000,1293.58586,-0.02491,-0.12776,0.22669,-0.01821,0.42396,0.74521,-0.07334,0.53444,-0.04250,-0.03705,0.15700,0.28860,0.34323,3.28403,2.72750,0.00000,0.13227,2.61810,2.77706,0.94340,0.93056,0.87500,0.85849,0.85430,0.50000,0.71614
929,0.4355,91422720,62119,0.01467,6.34e-05,0.3770,178.2880,0.00000,0.01600,0.00000,10.00000,1095.98926,0.00000,0.86227,0.00000,0.03200,0.13687,1.90158,3.79682,0.76042,0.77632,0.14286,0.00000,0.74723,0.00000,0.00000,0.00000,0.00000,1316.39494,-0.02518,-0.13000,0.22450,-0.01813,0.42442,0.74684,-0.07400,0.53175,-0.05175,-0.03727,0.15609,0.28599,0.34359,3.24397,2.37250,0.00000,0.13214,2.62777,2.76685,0.93750,0.91781,1.00000,0.84896,0.84564,0.53846,0.71795
930,0.4359,91521024,62479,0.01159,8.35e-05,0.3770,187.4874,0.00000,0.01400,0.00000,10.00000,1148.09405,0.00000,0.76190,0.00000,0.02800,0.13739,1.86045,3.55522,0.74286,0.75641,0.20000,0.00000,0.74511,0.00000,0.00000,0.00000,0.00000,1286.42179,-0.02537,-0.12719,0.22225,-0.01802,0.42231,0.74475,-0.07431,0.52441,-0.05139,-0.03729,0.15458,0.28305,0.34279,3.16803,2.66833,0.00000,0.13283,2.62811,2.79743,0.93333,0.89394,1.00000,0.83810,0.81944,0.60000,0.71397
931,0.4363,91619328,62100,0.01341,1.20e-04,0.3771,185.7394,0.00000,0.01200,0.00000,10.00000,1139.29656,0.00000,0.80000,0.00000,0.02400,0.13684,1.83321,3.11507,0.74000,0.74026,0.33333,0.00000,0.74002,0.00000,0.00000,0.00000,0.00000,1282.58154,-0.02569,-0.12674,0.22082,-0.01853,0.42011,0.73963,-0.07394,0.51849,-0.04462,-0.03702,0.15294,0.28123,0.34241,2.84015,2.32000,0.00000,0.13453,2.62296,2.58116,0.93000,0.91045,0.85714,0.83500,0.81944,0.56250,0.71206
932,0.4368,91717632,62378,0.01516,1.20e-04,0.3772,194.5971,0.00000,0.01000,0.00000,10.00000,1111.87118,0.00000,0.83912,0.00000,0.02000,0.13665,1.75771,3.39592,0.75000,0.75714,0.00000,0.00000,0.73473,0.00000,0.00000,0.00000,0.00000,1278.51725,-0.02599,-0.12649,0.21683,-0.01719,0.41616,0.73438,-0.07467,0.51207,-0.05120,-0.03701,0.15026,0.27630,0.34123,3.03832,3.92571,0.00000,0.13315,2.63035,2.78753,0.91667,0.89333,1.00000,0.83333,0.82759,0.46154,0.70613
933,0.4372,91815936,61970,0.01700,6.96e-05,0.3773,181.3728,0.00000,0.00800,0.00000,10.00000,1120.95818,0.00000,0.75132,0.00000,0.01600,0.13717,1.70958,3.59310,0.73333,0.75342,0.09091,0.00000,0.72890,0.00000,0.00000,0.00000,0.00000,1294.27873,-0.02625,-0.12800,0.21364,-0.01731,0.41148,0.72856,-0.07565,0.50646,-0.05169,-0.03691,0.14813,0.27245,0.33959,3.08333,2.72800,0.00000,0.13190,2.62229,2.68378,0.91429,0.86957,1.00000,0.82381,0.80986,0.58333,0.69794
934,0.4377,91914240,62302,0.01161,1.00e-04,0.3774,190.9377,0.00000,0.00600,0.00000,10.00000,1099.80376,0.00000,0.80048,0.00000,0.01200,0.13714,1.66464,3.36276,0.70968,0.73973,0.11111,0.00000,0.72560,0.00000,0.00000,0.00000,0.00000,1295.85050,-0.02666,-0.12809,0.20931,-0.01729,0.40756,0.72527,-0.07662,0.49664,-0.05008,-0.03690,0.14550,0.26688,0.33849,3.06403,2.99333,0.00000,0.13145,2.60491,2.78000,0.91398,0.86885,1.00000,0.81183,0.79851,0.52941,0.69247
935,0.4381,92012544,61683,0.01618,9.24e-05,0.3775,179.6952,0.00000,0.00400,0.00000,10.00000,1114.10827,0.00000,0.83088,0.00000,0.00800,0.13907,1.62084,3.64344,0.71681,0.67059,0.50000,0.00000,0.71836,0.00000,0.00000,0.00000,0.00000,1296.66056,-0.02672,-0.12821,0.20699,-0.01735,0.40415,0.71801,-0.07675,0.48789,-0.04904,-0.03693,0.14321,0.26409,0.33710,2.99960,3.70500,0.00000,0.13225,2.59161,2.51482,0.92035,0.89286,1.00000,0.81858,0.78107,0.75000,0.68548
936,0.4386,92110848,61665,0.01352,1.20e-04,0.3776,182.3237,0.00000,0.00200,0.00000,10.00000,1135.13487,0.00000,0.79922,0.00000,0.00400,0.13901,1.53087,3.37470,0.71053,0.67416,0.20000,0.00000,0.71180,0.00000,0.00000,0.00000,0.00000,1295.07869,-0.02725,-0.12810,0.20103,-0.01682,0.40013,0.71152,-0.07741,0.47415,-0.05166,-0.03709,0.13866,0.25650,0.33603,2.91815,2.08400,0.00000,0.13190,2.56507,2.49287,0.91228,0.86667,1.00000,0.81140,0.76220,0.69231,0.68014
937,0.4390,92209152,62164,0.01363,1.45e-04,0.3777,207.2554,0.00000,0.00000,0.00000,10.00000,1063.60475,0.00000,0.79932,0.00000,0.00000,0.13829,1.46138,3.51396,0.63265,0.63636,0.11111,0.00000,0.70699,0.00000,0.00000,0.00000,0.00000,1348.11214,-0.02788,-0.13321,0.19652,-0.01614,0.39549,0.70669,-0.07753,0.46366,-0.05901,-0.03699,0.13490,0.24982,0.33474,2.96655,2.48889,0.00000,0.13121,2.53226,2.52697,0.90816,0.89062,0.80000,0.77041,0.75177,0.47368,0.67370
938,0.4395,92307456,61562,0.01703,9.12e-05,0.3779,195.9993,0.00000,0.00000,0.00000,10.00000,1076.81944,0.00000,0.85297,0.00000,0.00000,0.13822,1.42210,3.48961,0.62626,0.56962,0.25000,0.00000,0.70017,0.00000,0.00000,0.00000,0.00000,1362.30103,-0.02836,-0.13457,0.19388,-0.01630,0.38829,0.69989,-0.07960,0.45706,-0.05861,-0.03694,0.13302,0.24680,0.33248,3.07041,3.18500,0.00000,0.13174,2.53598,2.75449,0.92929,0.90411,1.00000,0.77778,0.73026,0.57143,0.66238
939,0.4399,92405760,61801,0.01323,7.61e-05,0.3779,192.4672,0.00000,0.00000,0.00000,10.00000,1095.86140,0.00000,0.75163,0.00000,0.00000,0.13730,1.37081,3.57538,0.58824,0.57627,0.09091,0.00000,0.69287,0.00000,0.00000,0.00000,0.00000,1348.87036,-0.02842,-0.13338,0.19082,-0.01571,0.38479,0.69255,-0.08005,0.45136,-0.05852,-0.03666,0.13139,0.24273,0.33132,2.83855,2.02400,0.00000,0.13091,2.53582,2.34310,0.92941,0.89286,1.00000,0.75882,0.73043,0.44444,0.65660
940,0.4404,92504064,61712,0.01315,7.70e-05,0.3780,189.5977,0.00000,0.00000,0.00000,10.00000,1077.92304,0.00000,0.74468,0.00000,0.00000,0.13669,1.34029,3.54044,0.60638,0.54545,0.30000,0.00000,0.68576,0.00000,0.00000,0.00000,0.00000,1364.31307,-0.02817,-0.13488,0.19107,-0.01581,0.38224,0.68548,-0.08118,0.45114,-0.05740,-0.03671,0.13160,0.24306,0.33063,2.98770,2.83750,0.00000,0.13170,2.57087,2.59906,0.92553,0.88333,1.00000,0.76596,0.70635,0.66667,0.65313
941,0.4408,92602368,61462,0.01201,9.13e-05,0.3780,204.9154,0.00000,0.00000,0.00000,10.00000,1086.72675,0.00000,0.74510,0.00000,0.00000,0.13691,1.29676,3.43428,0.55294,0.50847,0.18182,0.00000,0.68692,0.00000,0.00000,0.00000,0.00000,1378.55452,-0.02845,-0.13641,0.18892,-0.01556,0.38288,0.68664,-0.08199,0.44636,-0.06060,-0.03684,0.12968,0.24003,0.33095,2.77000,2.96200,0.00000,0.13102,2.57106,2.40095,0.96471,0.96364,0.87500,0.75882,0.72807,0.47368,0.65474
942,0.4412,92700672,61627,0.01208,1.31e-04,0.3781,205.3142,0.00000,0.00000,0.00000,10.00000,1097.47158,0.00000,0.78431,0.00000,0.00000,0.13579,1.28192,3.50634,0.58824,0.50685,0.00000,0.00000,0.68848,0.00000,0.00000,0.00000,0.00000,1393.82275,-0.02844,-0.13783,0.18894,-0.01561,0.38371,0.68822,-0.08245,0.44627,-0.06356,-0.03699,0.12930,0.23965,0.33127,2.95910,2.15600,0.00000,0.13097,2.58889,2.63857,0.93137,0.90141,1.00000,0.75980,0.70139,0.45455,0.65636
943,0.4417,92798976,61410,0.01551,1.00e-04,0.3782,212.1549,0.00000,0.00000,0.00000,10.00000,1042.87354,0.00000,0.73909,0.00000,0.00000,0.13696,1.25005,3.61317,0.51786,0.45205,0.06667,0.00000,0.69533,0.00000,0.00000,0.00000,0.00000,1386.22152,-0.02870,-0.13707,0.18703,-0.01585,0.38516,0.69503,-0.08331,0.43995,-0.06370,-0.03723,0.12765,0.23735,0.33166,2.87280,2.32500,0.00000,0.13179,2.59215,2.51143,0.92857,0.89474,1.00000,0.72321,0.67785,0.53333,0.65831
944,0.4421,92897280,61068,0.01315,1.24e-04,0.3783,219.4329,0.00000,0.00000,0.00000,10.00000,943.54167,0.00000,0.81243,0.00000,0.00000,0.13734,1.24830,3.48312,0.37634,0.37662,0.00000,0.00000,0.69247,0.00000,0.00000,0.00000,0.00000,1382.47591,-0.02846,-0.13672,0.18658,-0.01566,0.38546,0.69218,-0.08368,0.43771,-0.05825,-0.03736,0.12742,0.23701,0.33192,2.84729,1.83714,0.00000,0.13254,2.58858,2.52937,0.97849,0.98305,0.85714,0.67742,0.63971,0.35294,0.65961
945,0.4426,92995584,61580,0.01267,1.78e-04,0.3784,192.0549,0.00000,0.00000,0.00000,10.00000,1047.87688,0.00000,0.77381,0.00000,0.00000,0.14091,1.22380,4.01473,0.51786,0.37662,0.25000,0.00000,0.68975,0.00000,0.00000,0.00000,0.00000,1384.78630,-0.02873,-0.13693,0.18460,-0.01587,0.38393,0.68945,-0.08210,0.43454,-0.06181,-0.03721,0.12575,0.23461,0.33129,3.05483,2.35778,0.00000,0.13049,2.56775,2.61000,0.95536,0.93671,1.00000,0.73661,0.66026,0.60000,0.65644
946,0.4430,93093888,62155,0.01598,1.31e-04,0.3785,206.5958,0.00000,0.00000,0.00000,10.00000,1028.41243,0.00000,0.79976,0.00000,0.00000,0.14110,1.21272,3.68733,0.49451,0.35821,0.40000,0.00000,0.68677,0.00000,0.00000,0.00000,0.00000,1384.13558,-0.02892,-0.13685,0.18436,-0.01508,0.37804,0.68644,-0.08282,0.43525,-0.06482,-0.03681,0.12604,0.23412,0.32926,2.85319,2.85778,0.00000,0.12930,2.57921,2.46219,0.92308,0.89062,1.00000,0.70879,0.61832,0.72727,0.64630
947,0.4435,93192192,61756,0.01274,1.39e-04,0.3786,191.2711,0.00000,0.00000,0.00000,10.00000,1002.61357,0.00000,0.74306,0.00000,0.00000,0.13802,1.20260,3.91545,0.38750,0.27586,0.22222,0.00000,0.68136,0.00000,0.00000,0.00000,0.00000,1369.50244,-0.02899,-0.13557,0.18321,-0.01500,0.37483,0.68109,-0.08413,0.43568,-0.05991,-0.03661,0.12596,0.23291,0.32825,2.75813,3.68750,0.00000,0.12893,2.59346,2.27773,0.95000,0.91837,1.00000,0.66875,0.57009,0.53333,0.64126
948,0.4439,93290496,61435,0.01615,1.12e-04,0.3787,211.0376,0.00000,0.00000,0.00000,10.00000,930.01562,0.00000,0.86563,0.00000,0.00000,0.14072,1.19919,3.46077,0.36047,0.27397,0.33333,0.00000,0.68251,0.00000,0.00000,0.00000,0.00000,1407.13835,-0.02878,-0.13914,0.18480,-0.01514,0.37677,0.68223,-0.08468,0.43650,-0.06463,-0.03670,0.12679,0.23493,0.32837,2.94173,4.12000,0.00000,0.12938,2.60976,2.69636,0.90698,0.88525,0.50000,0.63372,0.55224,0.40000,0.64184
949,0.4444,93388800,61543,0.01327,1.31e-04,0.3788,218.8296,0.00000,0.00000,0.00000,10.00000,969.89821,0.00000,0.81197,0.00000,0.00000,0.13985,1.19270,3.07040,0.37500,0.24051,0.28571,0.00000,0.68834,0.00000,0.00000,0.00000,0.00000,1405.63672,-0.02869,-0.13894,0.18518,-0.01543,0.38181,0.68802,-0.08454,0.43544,-0.06491,-0.03721,0.12658,0.23547,0.33001,2.68540,2.99556,0.00000,0.13096,2.61573,2.55707,0.93269,0.93151,0.75000,0.65385,0.57237,0.53333,0.65006
950,0.4448,93487104,61604,0.01486,1.20e-04,0.3789,201.8605,0.00000,0.00000,0.00000,10.00000,926.91336,0.00000,0.79444,0.00000,0.00000,0.13976,1.21262,5.45909,0.32000,0.18919,0.11111,0.00000,0.68919,0.00000,0.00000,0.00000,0.00000,1379.59391,-0.02863,-0.13647,0.18671,-0.01563,0.38224,0.68885,-0.08460,0.43852,-0.05938,-0.03701,0.12773,0.23751,0.32991,3.13304,2.80909,0.00000,0.13149,2.63065,2.40200,0.93000,0.89855,1.00000,0.62500,0.53147,0.50000,0.64953
951,0.4453,93585408,61396,0.01246,1.58e-04,0.3791,203.4314,0.00000,0.00000,0.00000,10.00000,971.34070,0.00000,0.78307,0.00000,0.00000,0.13842,1.19557,4.42345,0.43810,0.33333,0.18182,0.00000,0.68956,0.00000,0.00000,0.00000,0.00000,1360.77759,-0.02854,-0.13459,0.18628,-0.01541,0.38298,0.68925,-0.08411,0.43941,-0.06303,-0.03704,0.12786,0.23710,0.33053,3.04151,2.96000,0.00000,0.13093,2.63729,2.52104,0.92381,0.90411,0.91667,0.68095,0.61486,0.56522,0.65265
952,0.4457,93683712,61539,0.01568,1.16e-04,0.3792,182.2154,0.00000,0.00000,0.00000,10.00000,960.37616,0.00000,0.82508,0.00000,0.00000,0.14129,1.18884,4.22266,0.39604,0.31646,0.12500,0.00000,0.69150,0.00000,0.00000,0.00000,0.00000,1339.04785,-0.02859,-0.13246,0.18704,-0.01532,0.38316,0.69119,-0.08383,0.44022,-0.06336,-0.03678,0.12853,0.23818,0.33127,2.94100,4.87500,0.00000,0.13052,2.65048,2.39171,0.94059,0.92958,0.75000,0.66832,0.60667,0.33333,0.65633
953,0.4462,93782016,61713,0.01272,1.49e-04,0.3793,200.0189,0.00000,0.00000,0.00000,10.00000,956.79026,0.00000,0.79365,0.00000,0.00000,0.14044,1.20571,3.72000,0.34694,0.22667,0.25000,0.00000,0.68806,0.00000,0.00000,0.00000,0.00000,1325.85376,-0.02859,-0.13127,0.18629,-0.01511,0.38209,0.68778,-0.08303,0.44102,-0.05558,-0.03654,0.12811,0.23681,0.33100,2.58917,2.65000,0.00000,0.12900,2.63679,2.24123,0.90816,0.86154,1.00000,0.62755,0.52143,0.62500,0.65500
954,0.4466,93880320,61533,0.01628,9.24e-05,0.3794,192.8396,0.00000,0.00000,0.00000,10.00000,941.94078,0.00000,0.80000,0.00000,0.00000,0.14145,1.20891,4.27333,0.41000,0.31081,0.27273,0.00000,0.68681,0.00000,0.00000,0.00000,0.00000,1342.91349,-0.02863,-0.13293,0.18579,-0.01474,0.38051,0.68652,-0.08284,0.43979,-0.06029,-0.03681,0.12816,0.23609,0.33084,2.86348,2.94250,0.00000,0.12840,2.61819,2.32810,0.93000,0.90000,1.00000,0.67000,0.59722,0.65217,0.65421
955,0.4471,93978624,61993,0.01207,1.33e-04,0.3795,202.9753,0.00000,0.00000,0.00000,10.00000,917.98339,0.00000,0.81287,0.00000,0.00000,0.13926,1.21630,4.50857,0.32632,0.18056,0.37500,0.00000,0.68741,0.00000,0.00000,0.00000,0.00000,1332.60091,-0.02862,-0.13189,0.18610,-0.01524,0.37962,0.68710,-0.08338,0.43980,-0.06067,-0.03680,0.12794,0.23659,0.32992,2.94555,3.72800,0.00000,0.12982,2.60821,2.46985,0.93684,0.92537,0.87500,0.63158,0.53957,0.62500,0.64960
956,0.4475,94076928,61755,0.01562,1.11e-04,0.3796,186.2492,0.00000,0.00000,0.00000,10.00000,840.95495,0.00000,0.89304,0.00000,0.00000,0.14449,1.22793,4.67257,0.35514,0.27907,0.22222,0.00000,0.68572,0.00000,0.00000,0.00000,0.00000,1332.68896,-0.02857,-0.13186,0.18611,-0.01539,0.38031,0.68545,-0.08349,0.43680,-0.05836,-0.03692,0.12758,0.23691,0.33020,3.19025,2.91778,0.00000,0.12991,2.59248,2.55756,0.88785,0.87209,0.87500,0.62150,0.57558,0.52941,0.65099
957,0.4480,94175232,61578,0.01250,1.49e-04,0.3798,202.2953,0.00000,0.00000,0.00000,10.00000,883.02936,0.00000,0.84229,0.00000,0.00000,0.14310,1.23448,4.54439,0.37903,0.29703,0.33333,0.00000,0.68669,0.00000,0.00000,0.00000,0.00000,1332.18937,-0.02867,-0.13186,0.18492,-0.01452,0.38244,0.68638,-0.08335,0.43687,-0.05674,-0.03689,0.12728,0.23534,0.33049,3.28516,2.85200,0.00000,0.12868,2.56877,2.66313,0.88710,0.85057,0.80000,0.63306,0.55319,0.50000,0.65246
958,0.4484,94273536,61528,0.01432,1.44e-04,0.3799,208.4907,0.00000,0.00000,0.00000,10.00000,949.87044,0.00000,0.86767,0.00000,0.00000,0.14179,1.23886,4.77785,0.42697,0.32857,0.20000,0.00000,0.68476,0.00000,0.00000,0.00000,0.00000,1345.25781,-0.02874,-0.13302,0.18422,-0.01503,0.38182,0.68448,-0.08308,0.43463,-0.05818,-0.03670,0.12637,0.23441,0.33068,3.19900,3.24857,0.00000,0.12948,2.54621,2.58500,0.95506,0.95652,0.85714,0.69101,0.64029,0.58333,0.65338
959,0.4489,94371840,61405,0.01585,1.31e-04,0.3800,216.0258,0.00000,0.00000,0.00000,10.00000,938.56785,0.00000,0.86257,0.00000,0.00000,0.14073,1.23505,4.62896,0.35965,0.23656,0.33333,0.00000,0.68345,0.00000,0.00000,0.00000,0.00000,1370.30322,-0.02864,-0.13546,0.18454,-0.01510,0.37989,0.68316,-0.08319,0.43397,-0.06066,-0.03724,0.12686,0.23474,0.33027,3.08574,2.80000,0.00000,0.13055,2.55979,2.51924,0.92105,0.89286,1.00000,0.64035,0.54802,0.71429,0.65134
960,0.4493,94470144,61685,0.01569,9.24e-05,0.3801,210.5155,0.00000,0.00000,0.00000,10.00000,974.57179,0.00000,0.75075,0.00000,0.00000,0.14163,1.25397,4.70190,0.44595,0.33333,0.12500,0.00000,0.68776,0.00000,0.00000,0.00000,0.00000,1378.42920,-0.02878,-0.13627,0.18522,-0.01546,0.38064,0.68749,-0.08376,0.43374,-0.06073,-0.03717,0.12658,0.23550,0.33070,3.13722,3.13600,0.00000,0.13125,2.55519,2.49294,0.90541,0.87755,0.88889,0.67568,0.60000,0.52941,0.65348
961,0.4498,94568448,61760,0.01214,1.33e-04,0.3801,177.0032,0.00000,0.00000,0.00000,10.00000,940.38509,0.00000,0.77403,0.00000,0.00000,0.14295,1.26314,5.05300,0.34831,0.21538,0.12500,0.00000,0.68675,0.00000,0.00000,0.00000,0.00000,1372.52311,-0.02869,-0.13572,0.18548,-0.01513,0.38000,0.68648,-0.08430,0.43636,-0.06052,-0.03725,0.12729,0.23613,0.33093,3.07179,2.83636,0.00000,0.12953,2.56370,2.38862,0.89888,0.84746,1.00000,0.62360,0.51613,0.56250,0.65463
962,0.4502,94666752,61941,0.01395,1.34e-04,0.3802,204.2535,0.00000,0.00000,0.00000,10.00000,1004.50542,0.00000,0.72549,0.00000,0.00000,0.14433,1.26932,4.11250,0.44706,0.34545,0.21429,0.00000,0.68823,0.00000,0.00000,0.00000,0.00000,1373.29915,-0.02865,-0.13577,0.18568,-0.01597,0.38063,0.68799,-0.08390,0.43628,-0.06020,-0.03715,0.12787,0.23736,0.33088,2.93955,2.88615,0.00000,0.13051,2.55898,2.50646,0.96471,0.98214,0.83333,0.70588,0.66667,0.50000,0.65442
963,0.4507,94765056,61443,0.01827,5.97e-05,0.3803,206.9603,0.00000,0.00000,0.00000,10.00000,895.19560,0.00000,0.85670,0.00000,0.00000,0.14218,1.28560,4.40400,0.39252,0.27381,0.33333,0.00000,0.68732,0.00000,0.00000,0.00000,0.00000,1358.77165,-0.02844,-0.13442,0.18799,-0.01550,0.38222,0.68704,-0.08349,0.44311,-0.05712,-0.03727,0.12936,0.23984,0.33118,3.03828,3.35750,0.00000,0.13008,2.58390,2.49200,0.88785,0.85185,1.00000,0.64019,0.55758,0.66667,0.65589
964,0.4511,94863360,61819,0.00797,1.00e-04,0.3804,224.1153,0.00000,0.00000,0.00000,10.00000,985.35435,0.00000,0.72421,0.00000,0.00000,0.14639,1.28054,3.91641,0.46429,0.34615,0.40000,0.00000,0.69363,0.00000,0.00000,0.00000,0.00000,1360.72990,-0.02841,-0.13457,0.18780,-0.01577,0.38681,0.69330,-0.08263,0.44235,-0.05805,-0.03768,0.12932,0.23989,0.33264,3.01125,2.89158,0.00000,0.12893,2.58879,2.52767,0.89286,0.89706,0.68750,0.67857,0.60274,0.54839,0.66321
965,0.4516,94961664,61951,0.01362,1.31e-04,0.3804,213.7145,0.00000,0.00000,0.00000,10.00000,953.43572,0.00000,0.81958,0.00000,0.00000,0.14598,1.28957,4.63272,0.42574,0.32000,0.12500,0.00000,0.69698,0.00000,0.00000,0.00000,0.00000,1363.99658,-0.02816,-0.13498,0.19007,-0.01609,0.38819,0.69667,-0.08279,0.44418,-0.05544,-0.03760,0.12964,0.24263,0.33357,3.19346,2.70857,0.00000,0.13133,2.61406,2.55162,0.92079,0.91892,0.75000,0.67327,0.61745,0.43750,0.66786
966,0.4520,95059968,61973,0.01709,1.12e-04,0.3805,186.1508,0.00000,0.00000,0.00000,10.00000,1024.85899,0.00000,0.79208,0.00000,0.00000,0.14202,1.27261,5.13231,0.43564,0.26027,0.40000,0.00000,0.69954,0.00000,0.00000,0.00000,0.00000,1369.46647,-0.02827,-0.13560,0.19012,-0.01615,0.38935,0.69920,-0.08157,0.44702,-0.05870,-0.03754,0.12952,0.24215,0.33320,3.18840,2.86000,0.00000,0.13097,2.61893,2.50540,0.95050,0.92958,1.00000,0.69307,0.59028,0.75000,0.66599
967,0.4524,95158272,61730,0.01339,1.34e-04,0.3806,208.6403,0.00000,0.00000,0.00000,10.00000,906.61840,0.00000,0.81481,0.00000,0.00000,0.14468,1.27702,5.25226,0.43333,0.30882,0.42857,0.00000,0.69563,0.00000,0.00000,0.00000,0.00000,1367.20068,-0.02815,-0.13522,0.19032,-0.01598,0.38692,0.69533,-0.08137,0.44657,-0.05807,-0.03734,0.13017,0.24225,0.33310,3.50932,2.90750,0.00000,0.13000,2.62119,2.56140,0.85556,0.81250,0.83333,0.64444,0.55303,0.61538,0.66548
968,0.4529,95256576,62156,0.01448,1.18e-04,0.3807,199.0992,0.00000,0.00000,0.00000,10.00000,1014.29678,0.00000,0.74760,0.00000,0.00000,0.14842,1.28240,4.30482,0.45679,0.33333,0.50000,0.00000,0.69239,0.00000,0.00000,0.00000,0.00000,1350.42660,-0.02803,-0.13370,0.19282,-0.01628,0.38412,0.69210,-0.08115,0.45002,-0.05581,-0.03725,0.13166,0.24552,0.33177,3.20311,2.70889,0.00000,0.12990,2.65568,2.53750,0.92593,0.87755,1.00000,0.69136,0.57798,0.69231,0.65883
969,0.4533,95354880,61422,0.01518,7.25e-05,0.3808,180.5989,0.00000,0.00000,0.00000,10.00000,970.18526,0.00000,0.84930,0.00000,0.00000,0.14584,1.28331,4.04363,0.44828,0.31884,0.85714,0.00000,0.69256,0.00000,0.00000,0.00000,0.00000,1353.10246,-0.02784,-0.13390,0.19436,-0.01625,0.38439,0.69229,-0.08188,0.45617,-0.05371,-0.03736,0.13316,0.24753,0.33119,3.05876,3.95000,0.00000,0.12973,2.69321,2.55094,0.95402,0.93750,1.00000,0.70115,0.61654,0.90909,0.65593
970,0.4538,95453184,61095,0.01129,1.04e-04,0.3809,195.4108,0.00000,0.00000,0.00000,10.00000,1000.81459,0.00000,0.79758,0.00000,0.00000,0.14293,1.26984,5.21655,0.41584,0.31169,0.00000,0.00000,0.69557,0.00000,0.00000,0.00000,0.00000,1350.68229,-0.02799,-0.13368,0.19290,-0.01576,0.38693,0.69529,-0.08193,0.45540,-0.05676,-0.03733,0.13241,0.24507,0.33217,3.11245,2.82000,0.00000,0.12870,2.67097,2.22811,0.95050,0.94118,0.83333,0.68317,0.60690,0.41667,0.66084
971,0.4542,95551488,61792,0.01083,1.50e-04,0.3810,187.1104,0.00000,0.00000,0.00000,10.00000,993.82199,0.00000,0.80499,0.00000,0.00000,0.14185,1.26592,4.60903,0.45918,0.32432,0.57143,0.00000,0.69678,0.00000,0.00000,0.00000,0.00000,1367.98161,-0.02814,-0.13540,0.19180,-0.01566,0.38724,0.69650,-0.08206,0.45136,-0.05669,-0.03757,0.13160,0.24365,0.33285,3.17386,3.71400,0.00000,0.13005,2.66240,2.53828,0.94898,0.94118,0.85714,0.70408,0.61972,0.71429,0.66427
972,0.4547,95649792,61771,0.02107,8.05e-05,0.3810,227.9142,0.00000,0.00000,0.00000,10.00000,951.62887,0.00000,0.77982,0.00000,0.00000,0.14149,1.27431,4.85666,0.40367,0.32143,0.38462,0.00000,0.70047,0.00000,0.00000,0.00000,0.00000,1353.97868,-0.02811,-0.13405,0.19095,-0.01596,0.38829,0.70021,-0.08265,0.45017,-0.05351,-0.03748,0.13074,0.24259,0.33319,3.31924,2.79818,0.00000,0.12975,2.65023,2.52857,0.94495,0.92754,0.85714,0.67431,0.59477,0.55000,0.66593
973,0.4551,95748096,61486,0.01097,9.13e-05,0.3811,186.8147,0.00000,0.00000,0.00000,10.00000,994.43704,0.00000,0.79827,0.00000,0.00000,0.14359,1.28327,3.90727,0.42718,0.31250,0.50000,0.00000,0.69716,0.00000,0.00000,0.00000,0.00000,1349.05656,-0.02797,-0.13360,0.19163,-0.01569,0.38808,0.69684,-0.08228,0.45117,-0.05334,-0.03744,0.13121,0.24379,0.33323,2.96590,3.30000,0.00000,0.12968,2.65225,2.53444,0.95146,0.92647,1.00000,0.68932,0.59459,0.73333,0.66614
974,0.4556,95846400,61813,0.01152,1.45e-04,0.3812,230.5375,0.00000,0.00000,0.00000,10.00000,973.69013,0.00000,0.80499,0.00000,0.00000,0.14790,1.28537,4.98375,0.48980,0.38028,0.25000,0.00000,0.69604,0.00000,0.00000,0.00000,0.00000,1345.22160,-0.02810,-0.13308,0.19200,-0.01570,0.38691,0.69575,-0.08125,0.44806,-0.05372,-0.03740,0.13113,0.24438,0.33271,3.45466,3.44200,0.00000,0.13020,2.63760,2.78438,0.93878,0.91549,1.00000,0.71429,0.64789,0.60000,0.66354
975,0.4560,95944704,61858,0.01775,8.05e-05,0.3812,185.5947,0.00000,0.00000,0.00000,10.00000,982.65546,0.00000,0.79125,0.00000,0.00000,0.14694,1.28675,4.55172,0.44444,0.33803,0.20000,0.00000,0.69528,0.00000,0.00000,0.00000,0.00000,1331.15658,-0.02803,-0.13173,0.19177,-0.01605,0.38623,0.69502,-0.08172,0.44889,-0.05192,-0.03732,0.13108,0.24401,0.33194,3.14400,4.47500,0.00000,0.12959,2.63457,2.56901,0.93939,0.91429,1.00000,0.69192,0.62411,0.50000,0.65970
976,0.4565,96043008,61451,0.01310,8.35e-05,0.3813,209.6961,0.00000,0.00000,0.00000,10.00000,1042.26042,0.00000,0.78704,0.00000,0.00000,0.14739,1.26741,4.10666,0.53125,0.41429,0.50000,0.00000,0.69433,0.00000,0.00000,0.00000,0.00000,1344.17082,-0.02812,-0.13301,0.19152,-0.01617,0.38600,0.69404,-0.08139,0.44809,-0.05919,-0.03744,0.13041,0.24395,0.33191,3.01166,3.36307,0.00000,0.12994,2.62962,2.39275,0.94792,0.93939,0.87500,0.73958,0.66912,0.68750,0.65955
977,0.4569,96141312,61837,0.01473,8.70e-05,0.3814,176.0304,0.00000,0.00000,0.00000,10.00000,965.55240,0.00000,0.74423,0.00000,0.00000,0.14518,1.26520,4.52250,0.46226,0.36364,0.33333,0.00000,0.69635,0.00000,0.00000,0.00000,0.00000,1335.62191,-0.02838,-0.13219,0.18953,-0.01601,0.38555,0.69604,-0.08210,0.44514,-0.05154,-0.03758,0.12929,0.24138,0.33214,3.25582,3.05368,0.00000,0.12970,2.62076,2.53200,0.92453,0.87692,1.00000,0.69340,0.59859,0.66667,0.66068
978,0.4574,96239616,61651,0.01398,1.04e-04,0.3815,220.4317,0.00000,0.00000,0.00000,10.00000,942.24539,0.00000,0.83115,0.00000,0.00000,0.14665,1.25771,4.28162,0.37795,0.26804,0.20000,0.00000,0.69603,0.00000,0.00000,0.00000,0.00000,1341.35107,-0.02827,-0.13283,0.18907,-0.01552,0.38698,0.69573,-0.08216,0.44279,-0.05712,-0.03782,0.12828,0.24019,0.33259,3.03143,3.40545,0.00000,0.12912,2.59663,2.51168,0.89764,0.86022,1.00000,0.63780,0.55789,0.57895,0.66294
979,0.4578,96337920,61634,0.01242,1.34e-04,0.3815,212.2149,0.00000,0.00000,0.00000,10.00000,975.90979,0.00000,0.85271,0.00000,0.00000,0.14955,1.28521,4.25357,0.41860,0.31429,0.50000,0.00000,0.69516,0.00000,0.00000,0.00000,0.00000,1363.04753,-0.02825,-0.13488,0.19014,-0.01640,0.38558,0.69487,-0.08164,0.44184,-0.05282,-0.03761,0.12886,0.24179,0.33215,2.95348,4.06000,0.00000,0.13023,2.58975,2.35672,0.94186,0.95161,0.50000,0.68023,0.61364,0.50000,0.66074
980,0.4583,96436224,61792,0.01759,1.03e-04,0.3816,194.0639,0.00000,0.00000,0.00000,10.00000,1037.55814,0.00000,0.82799,0.00000,0.00000,0.14834,1.28338,4.49476,0.52885,0.40000,0.80000,0.00000,0.69410,0.00000,0.00000,0.00000,0.00000,1369.38558,-0.02814,-0.13538,0.19023,-0.01614,0.38498,0.69382,-0.08206,0.44327,-0.05682,-0.03783,0.12910,0.24194,0.33207,3.14017,2.42500,0.00000,0.13019,2.59774,2.36082,0.94231,0.92000,1.00000,0.73558,0.65161,0.88889,0.66033
981,0.4587,96534528,61559,0.01292,1.20e-04,0.3817,178.0553,0.00000,0.00000,0.00000,10.00000,981.93790,0.00000,0.75499,0.00000,0.00000,0.14808,1.29359,4.65040,0.44872,0.36538,0.16667,0.00000,0.69385,0.00000,0.00000,0.00000,0.00000,1370.57487,-0.02825,-0.13556,0.19022,-0.01585,0.38516,0.69355,-0.08292,0.44472,-0.05435,-0.03724,0.13013,0.24206,0.33191,3.10517,3.44857,0.00000,0.12954,2.60555,2.50156,0.94872,0.94444,0.91667,0.69872,0.66038,0.54167,0.65956
982,0.4592,96632832,61298,0.01430,1.10e-04,0.3818,185.8981,0.00000,0.00000,0.00000,10.00000,950.86061,0.00000,0.81958,0.00000,0.00000,0.14534,1.28680,4.88800,0.46535,0.37179,0.44444,0.00000,0.69678,0.00000,0.00000,0.00000,0.00000,1393.43099,-0.02829,-0.13782,0.18992,-0.01555,0.38595,0.69648,-0.08329,0.44687,-0.05550,-0.03788,0.13005,0.24152,0.33230,3.35722,3.00667,0.00000,0.12878,2.61906,2.54080,0.95050,0.94366,0.88889,0.70792,0.64430,0.66667,0.66149
983,0.4596,96731136,61663,0.01485,9.66e-05,0.3819,192.5297,0.00000,0.00000,0.00000,10.00000,999.28823,0.00000,0.74735,0.00000,0.00000,0.14733,1.27682,4.49571,0.47619,0.33333,0.60000,0.00000,0.69942,0.00000,0.00000,0.00000,0.00000,1420.27686,-0.02805,-0.14042,0.19156,-0.01643,0.38802,0.69916,-0.08340,0.44510,-0.05772,-0.03802,0.13062,0.24435,0.33306,3.08682,2.37875,0.00000,0.13207,2.63972,2.42933,0.95238,0.92453,1.00000,0.71429,0.61062,0.80000,0.66530
984,0.4601,96829440,61917,0.01348,1.11e-04,0.3819,212.1409,0.00000,0.00000,0.00000,10.00000,1096.92825,0.00000,0.77670,0.00000,0.00000,0.14904,1.24310,3.84511,0.56311,0.47945,0.22222,0.00000,0.70163,0.00000,0.00000,0.00000,0.00000,1405.31396,-0.02833,-0.13900,0.19056,-0.01623,0.38771,0.70141,-0.08341,0.44577,-0.06307,-0.03807,0.12986,0.24343,0.33270,2.87863,2.70000,0.00000,0.13001,2.65497,2.31703,0.96117,0.94366,1.00000,0.76214,0.70833,0.56250,0.66348
985,0.4605,96927744,61890,0.01360,1.21e-04,0.3820,224.9511,0.00000,0.00000,0.00000,10.00000,963.87329,0.00000,0.74074,0.00000,0.00000,0.15082,1.24737,4.08256,0.42857,0.31169,0.56250,0.00000,0.70280,0.00000,0.00000,0.00000,0.00000,1381.01367,-0.02831,-0.13669,0.18972,-0.01680,0.38830,0.70255,-0.08363,0.44117,-0.05722,-0.03814,0.12877,0.24248,0.33318,3.08355,3.28210,0.00000,0.13103,2.64452,2.51059,0.93333,0.92063,0.83333,0.68095,0.58571,0.67857,0.66589
986,0.4610,97026048,61578,0.01507,1.21e-04,0.3820,200.0198,0.00000,0.00000,0.00000,10.00000,974.97795,0.00000,0.80629,0.00000,0.00000,0.14976,1.25832,4.16580,0.40708,0.27381,0.40000,0.00000,0.70089,0.00000,0.00000,0.00000,0.00000,1374.02604,-0.02816,-0.13591,0.19089,-0.01638,0.38850,0.70065,-0.08329,0.44445,-0.05707,-0.03804,0.12986,0.24372,0.33284,2.99821,3.42000,0.00000,0.13079,2.64722,2.55136,0.95575,0.93750,1.00000,0.68142,0.59756,0.60000,0.66419
987,0.4614,97124352,61717,0.01495,1.20e-04,0.3821,190.3532,0.00000,0.00000,0.00000,10.00000,902.03635,0.00000,0.89372,0.00000,0.00000,0.15021,1.25240,4.24757,0.44565,0.39744,0.33333,0.00000,0.70127,0.00000,0.00000,0.00000,0.00000,1377.88704,-0.02817,-0.13630,0.19105,-0.01614,0.38842,0.70099,-0.08196,0.44333,-0.06142,-0.03799,0.12949,0.24347,0.33252,3.30018,3.04571,0.00000,0.13124,2.63397,2.79943,0.93478,0.94286,0.66667,0.69022,0.65541,0.50000,0.66259
988,0.4618,97222656,61992,0.01391,1.45e-04,0.3822,176.5092,0.00000,0.00000,0.00000,10.00000,972.01784,0.00000,0.82702,0.00000,0.00000,0.14605,1.26215,4.08238,0.52273,0.50685,0.14286,0.00000,0.69937,0.00000,0.00000,0.00000,0.00000,1382.72673,-0.02799,-0.13670,0.19263,-0.01630,0.38718,0.69910,-0.08205,0.44822,-0.05803,-0.03779,0.13047,0.24481,0.33220,3.19300,2.81333,0.00000,0.13191,2.66403,2.54896,0.93182,0.91379,0.83333,0.72727,0.68702,0.46154,0.66102
989,0.4623,97320960,61486,0.01497,1.25e-04,0.3823,195.0332,0.00000,0.00000,0.00000,10.00000,1065.04485,0.00000,0.80247,0.00000,0.00000,0.14804,1.26723,4.54889,0.54321,0.44615,0.66667,0.00000,0.70110,0.00000,0.00000,0.00000,0.00000,1377.57178,-0.02796,-0.13632,0.19377,-0.01630,0.38772,0.70085,-0.08214,0.45283,-0.05597,-0.03771,0.13137,0.24645,0.33225,3.20295,2.47200,0.00000,0.12996,2.70151,2.27115,0.95062,0.92308,1.00000,0.74691,0.65812,0.83333,0.66126
990,0.4627,97419264,61844,0.01419,1.20e-04,0.3823,177.9016,0.00000,0.00000,0.00000,10.00000,927.65222,0.00000,0.84765,0.00000,0.00000,0.14837,1.27536,4.50914,0.40206,0.32468,0.40000,0.00000,0.70323,0.00000,0.00000,0.00000,0.00000,1381.02702,-0.02766,-0.13669,0.19662,-0.01682,0.39012,0.70301,-0.08269,0.45885,-0.05658,-0.03778,0.13331,0.24994,0.33351,3.11346,3.77800,0.00000,0.12995,2.73659,2.43500,0.93814,0.92958,0.85714,0.67010,0.61486,0.58824,0.66757
991,0.4632,97517568,61812,0.01345,1.18e-04,0.3824,189.6873,0.00000,0.00000,0.00000,10.00000,968.61080,0.00000,0.86619,0.00000,0.00000,0.15000,1.29312,3.95250,0.37634,0.30380,0.00000,0.00000,0.70808,0.00000,0.00000,0.00000,0.00000,1371.35270,-0.02771,-0.13581,0.19691,-0.01627,0.39413,0.70786,-0.08245,0.45966,-0.05473,-0.03795,0.13374,0.25022,0.33445,2.86081,1.71333,0.00000,0.12880,2.72562,2.33151,0.95699,0.95455,0.75000,0.66667,0.60000,0.42857,0.67227
992,0.4636,97615872,61658,0.01390,1.21e-04,0.3825,191.2074,0.00000,0.00000,0.00000,10.00000,971.35707,0.00000,0.81481,0.00000,0.00000,0.14889,1.32478,4.49143,0.51429,0.43210,0.54545,0.00000,0.71111,0.00000,0.00000,0.00000,0.00000,1379.51839,-0.02760,-0.13649,0.19837,-0.01660,0.39616,0.71083,-0.08193,0.46333,-0.05716,-0.03819,0.13501,0.25288,0.33518,3.31855,3.13000,0.00000,0.12996,2.72300,2.55227,0.93333,0.90411,1.00000,0.72381,0.65584,0.75000,0.67588
993,0.4641,97714176,61696,0.01570,1.00e-04,0.3826,189.1183,0.00000,0.00000,0.00000,10.00000,1002.19609,0.00000,0.76667,0.00000,0.00000,0.14786,1.33450,4.31555,0.42000,0.28378,0.44444,0.00000,0.71319,0.00000,0.00000,0.00000,0.00000,1349.20231,-0.02760,-0.13361,0.19805,-0.01605,0.39778,0.71292,-0.08178,0.46383,-0.05437,-0.03819,0.13469,0.25200,0.33672,3.11495,3.26364,0.00000,0.12932,2.71355,2.63823,0.96000,0.93750,1.00000,0.69000,0.58696,0.68750,0.68362
994,0.4645,97812480,61500,0.01473,9.24e-05,0.3827,203.6069,0.00000,0.00000,0.00000,10.00000,980.61977,0.00000,0.81349,0.00000,0.00000,0.15007,1.34609,4.50186,0.46429,0.37209,0.33333,0.00000,0.71353,0.00000,0.00000,0.00000,0.00000,1351.11589,-0.02750,-0.13385,0.19943,-0.01634,0.39746,0.71325,-0.08105,0.46583,-0.05638,-0.03802,0.13534,0.25350,0.33611,3.19468,3.10889,0.00000,0.12864,2.71086,2.50074,0.96429,0.94872,1.00000,0.71429,0.64634,0.60000,0.68054
995,0.4650,97910784,61633,0.01420,8.39e-05,0.3828,212.7621,0.00000,0.00000,0.00000,10.00000,968.14105,0.00000,0.80918,0.00000,0.00000,0.14721,1.36096,4.23657,0.44565,0.41096,0.20000,0.00000,0.70724,0.00000,0.00000,0.00000,0.00000,1350.93107,-0.02754,-0.13373,0.19859,-0.01633,0.39523,0.70697,-0.08099,0.46698,-0.05408,-0.03799,0.13454,0.25222,0.33533,3.00582,3.25231,0.00000,0.12774,2.68394,2.37235,0.96739,0.95082,1.00000,0.70652,0.65672,0.60000,0.67665
996,0.4654,98009088,61664,0.01678,4.85e-05,0.3829,186.7921,0.00000,0.00000,0.00000,10.00000,969.52645,0.00000,0.80308,0.00000,0.00000,0.14747,1.35617,4.38450,0.45545,0.35135,0.36364,0.00000,0.70582,0.00000,0.00000,0.00000,0.00000,1367.07666,-0.02765,-0.13531,0.19672,-0.01586,0.39394,0.70554,-0.08116,0.46283,-0.05780,-0.03830,0.13377,0.25047,0.33489,3.16158,2.45714,0.00000,0.12831,2.65587,2.50054,0.94059,0.91667,1.00000,0.69802,0.63014,0.63158,0.67443
997,0.4659,98107392,61907,0.01188,5.97e-05,0.3829,204.9969,0.00000,0.00000,0.00000,10.00000,905.67109,0.00000,0.87542,0.00000,0.00000,0.14916,1.37490,4.26909,0.34343,0.28049,0.33333,0.00000,0.70951,0.00000,0.00000,0.00000,0.00000,1390.60482,-0.02759,-0.13742,0.19661,-0.01687,0.39540,0.70926,-0.08122,0.46145,-0.05834,-0.03836,0.13338,0.25039,0.33540,3.01643,4.80222,0.00000,0.12819,2.63229,2.49316,0.97980,0.97297,1.00000,0.66162,0.60897,0.60000,0.67699
998,0.4663,98205696,62306,0.01241,9.24e-05,0.3830,188.8046,0.00000,0.00000,0.00000,10.00000,1034.44482,0.00000,0.79079,0.00000,0.00000,0.14860,1.38392,4.29953,0.51351,0.41975,0.30000,0.00000,0.71266,0.00000,0.00000,0.00000,0.00000,1378.61084,-0.02758,-0.13637,0.19710,-0.01715,0.39617,0.71236,-0.08060,0.46135,-0.06105,-0.03841,0.13359,0.25134,0.33545,3.16882,3.08307,0.00000,0.12967,2.62488,2.59000,0.97297,0.96104,1.00000,0.74324,0.68354,0.65000,0.67724
999,0.4668,98304000,62092,0.01405,1.00e-04,0.3830,216.4712,0.00000,0.00000,0.00000,10.00000,1065.14265,0.00000,0.79981,0.00000,0.00000,0.14979,1.34890,4.38178,0.59483,0.50000,0.66667,0.00000,0.70656,0.00000,0.00000,0.00000,0.00000,1347.04606,-0.02801,-0.13339,0.19300,-0.01619,0.39386,0.70621,-0.08104,0.45166,-0.05671,-0.03839,0.13086,0.24569,0.33504,3.22377,3.20769,0.00000,0.12867,2.58099,2.43293,0.96552,0.94937,1.00000,0.78017,0.71257,0.81250,0.67520
1000,0.4672,98402304,61990,0.01508,7.61e-05,0.3831,207.7151,0.00000,0.00000,0.00000,10.00000,1036.21261,0.00000,0.81773,0.00000,0.00000,0.14955,1.34827,3.83073,0.57303,0.47826,0.60000,0.00000,0.70036,0.00000,0.00000,0.00000,0.00000,1358.68872,-0.02802,-0.13439,0.19315,-0.01664,0.39087,0.70006,-0.08081,0.45035,-0.05740,-0.03810,0.13054,0.24598,0.33378,3.04843,2.42000,0.00000,0.12988,2.57669,2.52262,0.91011,0.88710,0.80000,0.74157,0.67176,0.70000,0.66888
1001,0.4677,98500608,61714,0.01174,9.32e-05,0.3832,224.2665,0.00000,0.00000,0.00000,10.00000,964.33130,0.00000,0.90209,0.00000,0.00000,0.14731,1.36674,4.42667,0.47525,0.39024,0.40000,0.00000,0.70083,0.00000,0.00000,0.00000,0.00000,1378.74414,-0.02775,-0.13637,0.19456,-0.01678,0.39175,0.70053,-0.08089,0.45380,-0.05602,-0.03813,0.13130,0.24767,0.33430,3.02182,3.54750,0.00000,0.13059,2.58915,2.35366,0.94059,0.92683,1.00000,0.70792,0.65854,0.70000,0.67152
1002,0.4681,98598912,61820,0.01494,8.70e-05,0.3833,202.3725,0.00000,0.00000,0.00000,10.00000,968.77156,0.00000,0.77037,0.00000,0.00000,0.15037,1.41241,4.37866,0.46667,0.41071,0.41667,0.00000,0.70406,0.00000,0.00000,0.00000,0.00000,1394.57552,-0.02771,-0.13791,0.19727,-0.01700,0.39288,0.70377,-0.08112,0.46038,-0.05645,-0.03799,0.13334,0.25154,0.33453,3.13540,3.20000,0.00000,0.12916,2.60046,2.48105,0.97333,0.95833,1.00000,0.72000,0.66346,0.69565,0.67265
1003,0.4686,98697216,62061,0.01350,1.12e-04,0.3834,211.8114,0.00000,0.00000,0.00000,10.00000,980.04859,0.00000,0.77249,0.00000,0.00000,0.14807,1.43575,4.20622,0.47619,0.40244,0.50000,0.00000,0.70919,0.00000,0.00000,0.00000,0.00000,1407.03792,-0.02758,-0.13916,0.19783,-0.01686,0.39551,0.70890,-0.08134,0.46362,-0.05752,-0.03844,0.13436,0.25213,0.33572,3.12940,2.58588,0.00000,0.12909,2.59960,2.45639,0.94286,0.93750,0.84615,0.70952,0.63699,0.68000,0.67859
1004,0.4690,98795520,62457,0.01349,1.12e-04,0.3834,209.6432,0.00000,0.00000,0.00000,10.00000,959.10173,0.00000,0.84249,0.00000,0.00000,0.14938,1.44252,4.30579,0.47253,0.43243,0.25000,0.00000,0.71394,0.00000,0.00000,0.00000,0.00000,1416.66927,-0.02739,-0.13994,0.19971,-0.01692,0.39763,0.71361,-0.08125,0.46697,-0.05977,-0.03845,0.13546,0.25465,0.33643,3.17847,3.68666,0.00000,0.12906,2.62166,2.53910,0.94505,0.92188,1.00000,0.70879,0.65942,0.60000,0.68214
1005,0.4694,98893824,61997,0.01558,8.35e-05,0.3835,195.5951,0.00000,0.00000,0.00000,10.00000,1069.41133,0.00000,0.82222,0.00000,0.00000,0.14768,1.44491,4.29160,0.57000,0.46154,0.83333,0.00000,0.71413,0.00000,0.00000,0.00000,0.00000,1380.75488,-0.02725,-0.13661,0.20064,-0.01758,0.39883,0.71384,-0.08098,0.47116,-0.05666,-0.03851,0.13575,0.25626,0.33640,3.11487,2.16667,0.00000,0.12922,2.63931,2.28620,0.95000,0.94286,0.75000,0.76000,0.68919,0.80000,0.68202
1006,0.4699,98992128,61915,0.01647,6.82e-05,0.3836,195.2591,0.00000,0.00000,0.00000,10.00000,998.88046,0.00000,0.78209,0.00000,0.00000,0.14407,1.45364,4.26711,0.48544,0.45570,0.28571,0.00000,0.71357,0.00000,0.00000,0.00000,0.00000,1354.45361,-0.02718,-0.13398,0.20179,-0.01711,0.40048,0.71323,-0.08010,0.47380,-0.05232,-0.03824,0.13623,0.25745,0.33624,3.01115,2.88500,0.00000,0.13095,2.64639,2.27714,0.96117,0.95455,0.93333,0.72330,0.68276,0.62069,0.68121
1007,0.4703,99090432,62347,0.01170,7.77e-05,0.3836,220.3579,0.00000,0.00000,0.00000,10.00000,1052.50822,0.00000,0.78544,0.00000,0.00000,0.14657,1.44318,4.08042,0.52586,0.42169,0.36364,0.00000,0.71486,0.00000,0.00000,0.00000,0.00000,1363.82308,-0.02716,-0.13489,0.20107,-0.01705,0.40051,0.71457,-0.07933,0.47090,-0.05682,-0.03845,0.13651,0.25612,0.33645,2.98091,2.87000,0.00000,0.12991,2.64137,2.36571,0.93966,0.92593,0.90000,0.73276,0.67073,0.61905,0.68227
1008,0.4708,99188736,61985,0.01337,9.13e-05,0.3837,203.8212,0.00000,0.00000,0.00000,10.00000,1049.69815,0.00000,0.86081,0.00000,0.00000,0.14883,1.43869,4.04571,0.54945,0.46053,1.00000,0.00000,0.71686,0.00000,0.00000,0.00000,0.00000,1378.56885,-0.02735,-0.13641,0.20076,-0.01747,0.40070,0.71655,-0.07932,0.46720,-0.05836,-0.03845,0.13541,0.25606,0.33682,3.02571,3.23333,0.00000,0.13097,2.62765,2.34571,0.95604,0.93846,1.00000,0.75275,0.68085,1.00000,0.68411
1009,0.4712,99287040,62176,0.01376,9.31e-05,0.3838,186.8572,0.00000,0.00000,0.00000,10.00000,1019.43091,0.00000,0.79652,0.00000,0.00000,0.14763,1.44348,3.88744,0.51807,0.46154,0.44444,0.00000,0.71146,0.00000,0.00000,0.00000,0.00000,1361.63021,-0.02732,-0.13476,0.20053,-0.01688,0.39673,0.71116,-0.08092,0.46940,-0.05360,-0.03808,0.13578,0.25556,0.33581,3.14660,3.19231,0.00000,0.12962,2.63342,2.61566,0.96386,0.94444,1.00000,0.74096,0.68067,0.72222,0.67907
1010,0.4717,99385344,62165,0.01653,5.80e-05,0.3838,154.1600,0.00000,0.00000,0.00000,10.00000,973.12760,0.00000,0.88319,0.00000,0.00000,0.14499,1.44347,4.70737,0.51282,0.47761,0.40000,0.00000,0.70698,0.00000,0.00000,0.00000,0.00000,1363.38590,-0.02716,-0.13481,0.20087,-0.01681,0.39550,0.70669,-0.08047,0.47325,-0.05510,-0.03811,0.13659,0.25611,0.33483,3.45108,3.77333,0.00000,0.12911,2.64503,2.56704,0.94872,0.92982,1.00000,0.73077,0.68548,0.50000,0.67417
1011,0.4721,99483648,61764,0.01126,8.35e-05,0.3839,206.3778,0.00000,0.00000,0.00000,10.00000,948.11325,0.00000,0.83588,0.00000,0.00000,0.14500,1.46149,4.28304,0.47706,0.43333,0.33333,0.00000,0.71131,0.00000,0.00000,0.00000,0.00000,1362.03825,-0.02705,-0.13486,0.20281,-0.01745,0.39709,0.71099,-0.08024,0.47763,-0.05379,-0.03835,0.13781,0.25929,0.33548,3.27629,3.07714,0.00000,0.13009,2.66597,2.68256,0.94495,0.91892,1.00000,0.71101,0.65244,0.68421,0.67741
1012,0.4726,99581952,61864,0.01301,1.10e-04,0.3839,221.2060,0.00000,0.00000,0.00000,10.00000,1127.45229,0.00000,0.83995,0.00000,0.00000,0.14368,1.46594,3.67885,0.63095,0.50000,0.50000,0.00000,0.71370,0.00000,0.00000,0.00000,0.00000,1342.98926,-0.02695,-0.13288,0.20249,-0.01726,0.40044,0.71332,-0.08070,0.47943,-0.05369,-0.03802,0.13829,0.25839,0.33644,2.85168,2.87000,0.00000,0.12870,2.66206,2.41303,0.95238,0.94030,1.00000,0.79167,0.73228,0.80000,0.68220
1013,0.4730,99680256,62065,0.01494,1.07e-04,0.3840,243.4445,0.00000,0.00000,0.00000,10.00000,1004.20753,0.00000,0.81313,0.00000,0.00000,0.14472,1.45647,4.28808,0.50000,0.40964,0.45455,0.00000,0.71161,0.00000,0.00000,0.00000,0.00000,1367.53434,-0.02707,-0.13531,0.20201,-0.01675,0.39930,0.71124,-0.08082,0.47732,-0.05501,-0.03832,0.13791,0.25770,0.33576,3.09466,3.39111,0.00000,0.12850,2.65513,2.45727,0.97273,0.96154,1.00000,0.73636,0.67702,0.73913,0.67881
1014,0.4734,99778560,62105,0.01743,5.35e-05,0.3841,209.6021,0.00000,0.00000,0.00000,10.00000,985.68359,0.00000,0.83333,0.00000,0.00000,0.14473,1.45393,4.13489,0.53922,0.43590,0.66667,0.00000,0.71590,0.00000,0.00000,0.00000,0.00000,1368.69076,-0.02725,-0.13540,0.20043,-0.01720,0.40061,0.71553,-0.08140,0.47085,-0.05384,-0.03836,0.13621,0.25555,0.33725,3.17433,4.24000,0.00000,0.12995,2.62797,2.55589,0.88235,0.86667,0.75000,0.71078,0.64706,0.70588,0.68625
1015,0.4739,99876864,62358,0.01108,6.99e-05,0.3842,215.7644,0.00000,0.00000,0.00000,10.00000,1025.49276,0.00000,0.84848,0.00000,0.00000,0.14764,1.46580,4.20280,0.51818,0.45652,0.50000,0.00000,0.71814,0.00000,0.00000,0.00000,0.00000,1376.60335,-0.02708,-0.13624,0.20188,-0.01712,0.40128,0.71780,-0.08031,0.47311,-0.05517,-0.03852,0.13704,0.25759,0.33781,3.20000,3.26666,0.00000,0.12917,2.63594,2.52243,0.95455,0.93421,1.00000,0.73636,0.67262,0.66667,0.68906
1016,0.4743,99975168,61867,0.01205,9.13e-05,0.3842,214.0700,0.00000,0.00000,0.00000,10.00000,1012.57898,0.00000,0.80586,0.00000,0.00000,0.14971,1.48788,4.35150,0.54945,0.47692,0.36364,0.00000,0.71870,0.00000,0.00000,0.00000,0.00000,1378.60742,-0.02696,-0.13630,0.20310,-0.01759,0.40199,0.71834,-0.08025,0.47406,-0.05440,-0.03857,0.13808,0.25970,0.33775,3.10902,3.34266,0.00000,0.12972,2.63758,2.42822,0.94505,0.92537,1.00000,0.74725,0.70455,0.66667,0.68874
1017,0.4748,100073472,62096,0.01404,1.12e-04,0.3843,209.1283,0.00000,0.00000,0.00000,10.00000,1003.18831,0.00000,0.80756,0.00000,0.00000,0.14823,1.48750,4.20359,0.48454,0.33803,0.66667,0.00000,0.71858,0.00000,0.00000,0.00000,0.00000,1365.38314,-0.02685,-0.13517,0.20417,-0.01750,0.40299,0.71817,-0.08022,0.47824,-0.05677,-0.03857,0.13847,0.26049,0.33790,3.04400,2.63882,0.00000,0.12898,2.64883,2.44895,0.93814,0.92857,0.90000,0.71134,0.63121,0.78947,0.68950
1018,0.4752,100171776,62270,0.01455,1.11e-04,0.3843,198.5708,0.00000,0.00000,0.00000,10.00000,969.57776,0.00000,0.85391,0.00000,0.00000,0.14796,1.50302,3.80700,0.44444,0.32143,0.62500,0.00000,0.71936,0.00000,0.00000,0.00000,0.00000,1357.40340,-0.02688,-0.13436,0.20490,-0.01752,0.40294,0.71898,-0.07965,0.48079,-0.05552,-0.03851,0.13981,0.26189,0.33790,2.90193,3.17077,0.00000,0.12923,2.65715,2.47095,0.94444,0.93902,0.87500,0.69444,0.62651,0.75000,0.68951
1019,0.4757,100270080,62117,0.01543,8.35e-05,0.3844,229.7865,0.00000,0.00000,0.00000,10.00000,1023.42599,0.00000,0.84795,0.00000,0.00000,0.14559,1.49740,4.22666,0.52632,0.45161,0.62500,0.00000,0.71988,0.00000,0.00000,0.00000,0.00000,1377.63997,-0.02700,-0.13621,0.20358,-0.01739,0.40342,0.71952,-0.07957,0.48004,-0.05526,-0.03861,0.13868,0.25996,0.33790,3.12853,4.08571,0.00000,0.12897,2.63673,2.40070,0.97368,0.96296,1.00000,0.75000,0.68966,0.81250,0.68951
1020,0.4761,100368384,61831,0.01523,8.19e-05,0.3844,232.4802,0.00000,0.00000,0.00000,10.00000,989.42293,0.00000,0.82265,0.00000,0.00000,0.14839,1.49109,4.80711,0.50962,0.41772,0.44444,0.00000,0.72418,0.00000,0.00000,0.00000,0.00000,1375.33854,-0.02715,-0.13601,0.20171,-0.01806,0.40527,0.72377,-0.08007,0.47195,-0.05292,-0.03889,0.13689,0.25806,0.33881,3.36736,3.22923,0.00000,0.13028,2.61022,2.55750,0.96154,0.96000,0.88889,0.73558,0.68182,0.66667,0.69403
1021,0.4766,100466688,62000,0.01381,8.39e-05,0.3845,197.5753,0.00000,0.00000,0.00000,10.00000,1084.61959,0.00000,0.80586,0.00000,0.00000,0.14947,1.49443,4.19000,0.57143,0.47059,0.40000,0.00000,0.72098,0.00000,0.00000,0.00000,0.00000,1368.86182,-0.02694,-0.13541,0.20442,-0.01793,0.40368,0.72062,-0.08004,0.47578,-0.05544,-0.03867,0.13832,0.26126,0.33813,3.00884,3.30333,0.00000,0.13107,2.64306,2.20871,0.94505,0.92188,1.00000,0.75824,0.68939,0.62500,0.69064
1022,0.4770,100564992,62126,0.01343,1.10e-04,0.3846,213.1243,0.00000,0.00000,0.00000,10.00000,988.00366,0.00000,0.87470,0.00000,0.00000,0.14840,1.49487,4.18913,0.54255,0.48052,0.50000,0.00000,0.71949,0.00000,0.00000,0.00000,0.00000,1366.17204,-0.02705,-0.13521,0.20441,-0.01757,0.40270,0.71914,-0.07971,0.47672,-0.05472,-0.03859,0.13834,0.26069,0.33797,3.18273,3.66857,0.00000,0.13044,2.63872,2.53070,0.94681,0.94366,0.80000,0.74468,0.70270,0.63636,0.68987
1023,0.4775,100663296,61643,0.01440,1.01e-04,0.3847,181.9158,0.00000,0.00000,0.00000,10.00000,1042.08053,0.00000,0.80586,0.00000,0.00000,0.14862,1.52094,4.35659,0.63736,0.53731,0.75000,0.00000,0.71624,0.00000,0.00000,0.00000,0.00000,1374.13135,-0.02683,-0.13593,0.20612,-0.01747,0.40094,0.71588,-0.08008,0.48191,-0.05384,-0.03830,0.14000,0.26271,0.33758,3.30134,3.25500,0.00000,0.12926,2.65482,2.61250,0.95604,0.95385,0.90909,0.79670,0.74242,0.84211,0.68790
1024,0.4779,100761600,62188,0.01508,1.01e-04,0.3848,187.1734,0.00000,0.00000,0.00000,10.00000,1024.51693,0.00000,0.78125,0.00000,0.00000,0.14578,1.51930,4.30500,0.56250,0.50704,0.36364,0.00000,0.71743,0.00000,0.00000,0.00000,0.00000,1373.35889,-0.02682,-0.13588,0.20616,-0.01784,0.40141,0.71708,-0.07996,0.48421,-0.05724,-0.03865,0.14020,0.26244,0.33718,3.13699,2.76000,0.00000,0.12908,2.64597,2.39217,0.94792,0.92188,1.00000,0.75521,0.70370,0.66667,0.68592
1025,0.4783,100859904,62239,0.01690,6.04e-05,0.3848,178.6814,0.00000,0.00000,0.00000,10.00000,1091.82330,0.00000,0.80524,0.00000,0.00000,0.14478,1.54280,3.80089,0.65169,0.58824,0.50000,0.00000,0.72184,0.00000,0.00000,0.00000,0.00000,1363.80973,-0.02658,-0.13495,0.20833,-0.01758,0.40441,0.72148,-0.07958,0.49088,-0.05333,-0.03855,0.14198,0.26503,0.33797,3.01815,2.43555,0.00000,0.12835,2.67591,2.45905,0.93258,0.90164,1.00000,0.79213,0.73643,0.75000,0.68984
1026,0.4788,100958208,62371,0.01144,9.32e-05,0.3849,212.4507,0.00000,0.00000,0.00000,10.00000,1018.61200,0.00000,0.79439,0.00000,0.00000,0.14584,1.53190,4.17744,0.53271,0.46914,0.22222,0.00000,0.72363,0.00000,0.00000,0.00000,0.00000,1337.54777,-0.02666,-0.13254,0.20783,-0.01735,0.40563,0.72328,-0.07937,0.48866,-0.05500,-0.03857,0.14159,0.26475,0.33840,3.17885,2.56000,0.00000,0.12882,2.67118,2.55306,0.94393,0.93056,0.88889,0.73832,0.68627,0.55556,0.69201
1027,0.4792,101056512,62209,0.01687,7.10e-05,0.3849,187.3371,0.00000,0.00000,0.00000,10.00000,1075.75710,0.00000,0.72391,0.00000,0.00000,0.14513,1.54443,3.69022,0.56566,0.50000,0.36364,0.00000,0.72109,0.00000,0.00000,0.00000,0.00000,1330.52311,-0.02657,-0.13173,0.20705,-0.01698,0.40622,0.72069,-0.07944,0.48856,-0.04931,-0.03840,0.14114,0.26417,0.33908,3.08224,3.55833,0.00000,0.12864,2.65970,2.64097,0.93939,0.92982,0.80000,0.75253,0.68992,0.57143,0.69541
1028,0.4797,101154816,62056,0.01290,5.83e-05,0.3850,178.0897,0.00000,0.00000,0.00000,10.00000,1046.92840,0.00000,0.76812,0.00000,0.00000,0.14410,1.52117,4.07886,0.60000,0.50617,0.50000,0.00000,0.71830,0.00000,0.00000,0.00000,0.00000,1348.11523,-0.02668,-0.13356,0.20524,-0.01717,0.40339,0.71792,-0.07892,0.48576,-0.05535,-0.03866,0.13978,0.26168,0.33789,3.22086,3.04842,0.00000,0.12809,2.63792,2.69209,0.94783,0.92308,1.00000,0.77391,0.71069,0.76000,0.68945
1029,0.4801,101253120,62039,0.01253,7.25e-05,0.3850,183.5941,0.00000,0.00000,0.00000,10.00000,995.13945,0.00000,0.91398,0.00000,0.00000,0.14184,1.53347,4.40341,0.53763,0.44000,0.66667,0.00000,0.71722,0.00000,0.00000,0.00000,0.00000,1353.87288,-0.02684,-0.13398,0.20332,-0.01687,0.40282,0.71685,-0.07897,0.48182,-0.04793,-0.03832,0.13907,0.25940,0.33781,3.14898,2.53000,0.00000,0.12899,2.61655,2.48104,0.95699,0.94872,1.00000,0.74731,0.69935,0.80000,0.68907
1030,0.4806,101351424,61851,0.01041,1.18e-04,0.3851,178.6665,0.00000,0.00000,0.00000,10.00000,984.11185,0.00000,0.85091,0.00000,0.00000,0.14228,1.54937,4.24043,0.58228,0.53226,0.60000,0.00000,0.71297,0.00000,0.00000,0.00000,0.00000,1352.07202,-0.02665,-0.13389,0.20519,-0.01722,0.40060,0.71261,-0.07919,0.48663,-0.04972,-0.03829,0.13986,0.26172,0.33623,3.26786,3.47125,0.00000,0.12835,2.62812,2.59000,0.97468,0.96610,1.00000,0.77848,0.74380,0.78947,0.68115
1031,0.4810,101449728,61636,0.01479,1.10e-04,0.3852,171.9437,0.00000,0.00000,0.00000,10.00000,1088.86003,0.00000,0.80991,0.00000,0.00000,0.14315,1.56880,3.55795,0.56627,0.46774,0.40000,0.00000,0.71193,0.00000,0.00000,0.00000,0.00000,1358.46387,-0.02651,-0.13441,0.20815,-0.01742,0.40000,0.71158,-0.07916,0.49249,-0.04910,-0.03799,0.14177,0.26517,0.33561,2.83192,2.37000,0.00000,0.12831,2.65343,2.36000,0.95181,0.93220,1.00000,0.75904,0.69421,0.66667,0.67805
1032,0.4815,101548032,61941,0.01474,1.31e-04,0.3852,205.9128,0.00000,0.00000,0.00000,10.00000,1044.45080,0.00000,0.79594,0.00000,0.00000,0.14364,1.56470,4.02826,0.55769,0.49351,0.22222,0.00000,0.71823,0.00000,0.00000,0.00000,0.00000,1371.21712,-0.02653,-0.13560,0.20776,-0.01709,0.40292,0.71787,-0.07933,0.49185,-0.05354,-0.03847,0.14243,0.26472,0.33680,3.05705,3.11846,0.00000,0.12764,2.64751,2.46921,0.94231,0.91667,1.00000,0.75000,0.69799,0.61111,0.68398
1033,0.4819,101646336,61865,0.01677,1.04e-04,0.3853,218.9242,0.00000,0.00000,0.00000,10.00000,1065.44506,0.00000,0.80314,0.00000,0.00000,0.14482,1.56471,3.85869,0.60870,0.52174,0.57143,0.00000,0.72648,0.00000,0.00000,0.00000,0.00000,1371.45215,-0.02666,-0.13576,0.20822,-0.01770,0.40711,0.72614,-0.07962,0.48887,-0.05358,-0.03875,0.14162,0.26561,0.33900,2.95732,2.90600,0.00000,0.12950,2.65457,2.32909,0.94565,0.93750,0.85714,0.77717,0.72180,0.71429,0.69500
1034,0.4823,101744640,62201,0.01607,6.96e-05,0.3853,189.3188,0.00000,0.00000,0.00000,10.00000,1073.23560,0.00000,0.78704,0.00000,0.00000,0.14304,1.57303,3.66314,0.59259,0.52500,0.50000,0.00000,0.72879,0.00000,0.00000,0.00000,0.00000,1349.37891,-0.02634,-0.13358,0.20891,-0.01775,0.40876,0.72842,-0.07986,0.49291,-0.05183,-0.03881,0.14243,0.26622,0.34005,2.76992,2.81000,0.00000,0.12892,2.67435,2.17052,0.92593,0.89041,1.00000,0.75926,0.69935,0.72727,0.70026
1035,0.4828,101842944,61637,0.01376,8.59e-05,0.3854,211.8306,0.00000,0.00000,0.00000,10.00000,1042.22969,0.00000,0.78889,0.00000,0.00000,0.14241,1.56824,4.19183,0.56000,0.48718,0.60000,0.00000,0.72952,0.00000,0.00000,0.00000,0.00000,1336.00146,-0.02644,-0.13241,0.20810,-0.01724,0.41032,0.72917,-0.07985,0.49235,-0.05272,-0.03870,0.14227,0.26568,0.34029,3.18393,3.02857,0.00000,0.12913,2.66782,2.45765,0.94000,0.90625,1.00000,0.75000,0.67606,0.77778,0.70147
1036,0.4832,101941248,61731,0.01334,7.77e-05,0.3855,211.8119,0.00000,0.00000,0.00000,10.00000,1093.09147,0.00000,0.86839,0.00000,0.00000,0.14299,1.58977,3.84566,0.66990,0.59036,1.00000,0.00000,0.72955,0.00000,0.00000,0.00000,0.00000,1348.60286,-0.02635,-0.13346,0.20957,-0.01806,0.41080,0.72918,-0.07932,0.49460,-0.05180,-0.03884,0.14302,0.26821,0.33986,3.08460,2.53555,0.00000,0.13033,2.66387,2.50658,0.94175,0.92308,1.00000,0.80583,0.75155,1.00000,0.69930
1037,0.4837,102039552,62203,0.01464,7.16e-05,0.3855,191.5566,0.00000,0.00000,0.00000,10.00000,1092.08683,0.00000,0.80440,0.00000,0.00000,0.14393,1.58005,3.98000,0.63542,0.60526,0.37500,0.00000,0.72555,0.00000,0.00000,0.00000,0.00000,1335.04940,-0.02649,-0.13219,0.20850,-0.01744,0.40812,0.72517,-0.07933,0.49154,-0.05373,-0.03879,0.14203,0.26641,0.33900,3.09742,3.10000,0.00000,0.12939,2.64940,2.41657,0.97917,0.98413,0.88889,0.80729,0.77698,0.64706,0.69499
1038,0.4841,102137856,62296,0.01470,6.71e-05,0.3855,193.5701,0.00000,0.00000,0.00000,10.00000,1064.56660,0.00000,0.79827,0.00000,0.00000,0.14303,1.57266,4.26492,0.65049,0.60976,0.63636,0.00000,0.72193,0.00000,0.00000,0.00000,0.00000,1347.76807,-0.02659,-0.13357,0.20748,-0.01741,0.40654,0.72157,-0.07857,0.49082,-0.05437,-0.03863,0.14118,0.26454,0.33888,3.28435,3.15400,0.00000,0.12844,2.63082,2.50753,0.96117,0.95455,0.92308,0.80583,0.76351,0.79167,0.69439
1039,0.4846,102236160,61919,0.01407,6.34e-05,0.3856,186.4090,0.00000,0.00000,0.00000,10.00000,1018.53827,0.00000,0.79932,0.00000,0.00000,0.14307,1.59112,4.60185,0.58163,0.50000,0.85714,0.00000,0.72427,0.00000,0.00000,0.00000,0.00000,1343.91504,-0.02669,-0.13308,0.20692,-0.01728,0.40590,0.72394,-0.07921,0.48763,-0.05125,-0.03874,0.14135,0.26383,0.33932,3.48067,3.75571,0.00000,0.12938,2.61465,2.54923,0.96939,0.95082,1.00000,0.77551,0.69504,0.92857,0.69661
1040,0.4850,102334464,62223,0.01449,6.96e-05,0.3856,188.8652,0.00000,0.00000,0.00000,10.00000,1061.60130,0.00000,0.78972,0.00000,0.00000,0.14305,1.59283,5.05833,0.62810,0.59140,0.22222,0.00000,0.72079,0.00000,0.00000,0.00000,0.00000,1302.75496,-0.02658,-0.12905,0.20691,-0.01785,0.40504,0.72045,-0.07883,0.48718,-0.04518,-0.03848,0.14066,0.26380,0.33862,3.63390,2.74000,0.00000,0.12943,2.60785,2.57876,0.93388,0.91139,0.87500,0.78099,0.73837,0.52941,0.69312
1041,0.4855,102432768,61760,0.01076,1.00e-04,0.3857,202.1165,0.00000,0.00000,0.00000,10.00000,1039.88733,0.00000,0.81155,0.00000,0.00000,0.14310,1.58488,4.18518,0.60784,0.58025,0.25000,0.00000,0.71651,0.00000,0.00000,0.00000,0.00000,1317.11580,-0.02671,-0.13045,0.20507,-0.01693,0.40367,0.71613,-0.07779,0.48439,-0.04494,-0.03838,0.13993,0.26133,0.33759,3.09661,2.83454,0.00000,0.12833,2.57787,2.25686,0.91176,0.89706,0.81818,0.75980,0.72483,0.57895,0.68797
1042,0.4859,102531072,61505,0.01462,1.03e-04,0.3858,216.3612,0.00000,0.00000,0.00000,10.00000,967.76785,0.00000,0.91813,0.00000,0.00000,0.14271,1.59617,4.57285,0.54737,0.46835,0.66667,0.00000,0.71481,0.00000,0.00000,0.00000,0.00000,1325.11255,-0.02670,-0.13120,0.20600,-0.01702,0.40150,0.71445,-0.07812,0.48563,-0.04772,-0.03831,0.14079,0.26242,0.33663,3.22547,3.45200,0.00000,0.12908,2.58053,2.47093,0.91579,0.91026,0.75000,0.73158,0.68790,0.71429,0.68316
1043,0.4864,102629376,61995,0.01408,1.20e-04,0.3859,227.7402,0.00000,0.00000,0.00000,10.00000,1060.12393,0.00000,0.80808,0.00000,0.00000,0.14112,1.59316,3.52837,0.62500,0.50769,0.85714,0.00000,0.71647,0.00000,0.00000,0.00000,0.00000,1351.26978,-0.02678,-0.13365,0.20625,-0.01691,0.40297,0.71610,-0.07803,0.48751,-0.05185,-0.03838,0.14063,0.26279,0.33721,2.87638,2.83000,0.00000,0.12926,2.58521,2.42419,0.92045,0.88889,1.00000,0.77273,0.69531,0.92308,0.68605
1044,0.4868,102727680,62072,0.01551,9.13e-05,0.3859,207.6527,0.00000,0.00000,0.00000,10.00000,1096.33689,0.00000,0.75926,0.00000,0.00000,0.14142,1.60793,4.14927,0.62222,0.50794,0.70000,0.00000,0.72125,0.00000,0.00000,0.00000,0.00000,1366.03304,-0.02677,-0.13515,0.20807,-0.01697,0.40333,0.72089,-0.07910,0.49176,-0.05283,-0.03855,0.14243,0.26497,0.33767,3.11657,3.49200,0.00000,0.12910,2.61850,2.45500,0.94444,0.91667,1.00000,0.78333,0.70732,0.83333,0.68836
1045,0.4872,102825984,61773,0.01400,9.13e-05,0.3860,217.4360,0.00000,0.00000,0.00000,10.00000,1033.59456,0.00000,0.79282,0.00000,0.00000,0.14385,1.60653,4.19800,0.67708,0.64865,0.58333,0.00000,0.72377,0.00000,0.00000,0.00000,0.00000,1368.28955,-0.02656,-0.13531,0.20829,-0.01745,0.40673,0.72346,-0.07906,0.49166,-0.05234,-0.03859,0.14238,0.26547,0.33838,3.27587,3.93529,0.00000,0.12848,2.62469,2.43757,0.91667,0.90476,0.81818,0.79688,0.76642,0.69565,0.69189
1046,0.4877,102924288,61915,0.01473,9.24e-05,0.3861,198.8116,0.00000,0.00000,0.00000,10.00000,1051.98180,0.00000,0.91065,0.00000,0.00000,0.14353,1.62698,3.90592,0.63918,0.57692,0.66667,0.00000,0.72597,0.00000,0.00000,0.00000,0.00000,1375.52067,-0.02619,-0.13604,0.21106,-0.01812,0.40955,0.72567,-0.07839,0.49629,-0.05069,-0.03894,0.14339,0.26941,0.33905,3.03174,3.20444,0.00000,0.13019,2.64892,2.46976,0.97938,0.97531,1.00000,0.80928,0.77987,0.81818,0.69527
1047,0.4881,103022592,61716,0.01787,7.76e-05,0.3861,205.6836,0.00000,0.00000,0.00000,10.00000,1014.96883,0.00000,0.75321,0.00000,0.00000,0.14417,1.64768,3.97836,0.50000,0.42667,0.43750,0.00000,0.73110,0.00000,0.00000,0.00000,0.00000,1362.08244,-0.02623,-0.13467,0.21177,-0.01783,0.41198,0.73075,-0.07845,0.49747,-0.04719,-0.03915,0.14429,0.27035,0.33982,3.18841,3.08454,0.00000,0.12997,2.64442,2.68571,0.98077,0.96970,1.00000,0.74038,0.68085,0.68966,0.69912
1048,0.4886,103120896,61529,0.01384,9.31e-05,0.3862,197.5716,0.00000,0.00000,0.00000,10.00000,1058.14662,0.00000,0.83053,0.00000,0.00000,0.14328,1.66022,4.54666,0.66667,0.60256,0.71429,0.00000,0.73241,0.00000,0.00000,0.00000,0.00000,1346.96932,-0.02634,-0.13329,0.21168,-0.01791,0.41316,0.73209,-0.07887,0.49673,-0.04754,-0.03881,0.14428,0.27013,0.34076,3.46465,4.09400,0.00000,0.13075,2.62668,2.60805,0.93939,0.92857,0.83333,0.80303,0.75676,0.76923,0.70379
1049,0.4890,103219200,61776,0.01500,7.61e-05,0.3862,210.3209,0.00000,0.00000,0.00000,10.00000,1042.99744,0.00000,0.82596,0.00000,0.00000,0.14571,1.66298,4.01117,0.61947,0.57778,0.54545,0.00000,0.72777,0.00000,0.00000,0.00000,0.00000,1332.42635,-0.02619,-0.13179,0.21111,-0.01732,0.41140,0.72740,-0.07813,0.49260,-0.04607,-0.03889,0.14372,0.26919,0.34019,3.23881,3.35143,0.00000,0.13086,2.59882,2.61357,0.96460,0.96154,0.88889,0.79204,0.75595,0.70000,0.70093
1050,0.4895,103317504,61740,0.01392,8.19e-05,0.3863,191.9620,0.00000,0.00000,0.00000,10.00000,1050.76766,0.00000,0.85749,0.00000,0.00000,0.14388,1.66250,4.41755,0.63043,0.56164,0.60000,0.00000,0.72280,0.00000,0.00000,0.00000,0.00000,1335.37736,-0.02631,-0.13213,0.21037,-0.01717,0.40888,0.72244,-0.07796,0.49244,-0.04589,-0.03871,0.14284,0.26788,0.33949,3.18134,3.17555,0.00000,0.13076,2.58425,2.31600,0.94565,0.92754,1.00000,0.78804,0.73944,0.80000,0.69744
1051,0.4899,103415808,61821,0.01557,6.42e-05,0.3864,158.2777,0.00000,0.00000,0.00000,10.00000,1094.31465,0.00000,0.75694,0.00000,0.00000,0.14028,1.65862,4.61700,0.67500,0.58491,0.60000,0.00000,0.71935,0.00000,0.00000,0.00000,0.00000,1330.82943,-0.02632,-0.13160,0.21130,-0.01737,0.40640,0.71898,-0.07819,0.49806,-0.04763,-0.03809,0.14389,0.26892,0.33810,3.21592,2.90923,0.00000,0.13089,2.61029,2.24965,0.92500,0.91071,0.87500,0.80000,0.75229,0.72222,0.69048
1052,0.4904,103514112,61785,0.01109,1.00e-04,0.3864,191.3528,0.00000,0.00000,0.00000,10.00000,1062.15920,0.00000,0.84688,0.00000,0.00000,0.14003,1.66890,4.12439,0.62195,0.55385,0.00000,0.00000,0.71818,0.00000,0.00000,0.00000,0.00000,1344.61475,-0.02616,-0.13312,0.21272,-0.01757,0.40586,0.71783,-0.07821,0.50425,-0.04698,-0.03823,0.14528,0.27075,0.33750,3.17857,4.13333,0.00000,0.12926,2.63298,2.49824,0.92683,0.90000,1.00000,0.77439,0.72000,0.60000,0.68748
1053,0.4908,103612416,61523,0.01529,8.52e-05,0.3865,197.0668,0.00000,0.00000,0.00000,10.00000,1017.33962,0.00000,0.79140,0.00000,0.00000,0.14003,1.67149,4.28518,0.57547,0.50602,0.66667,0.00000,0.72697,0.00000,0.00000,0.00000,0.00000,1357.67383,-0.02623,-0.13433,0.21346,-0.01732,0.41026,0.72655,-0.07868,0.50395,-0.05116,-0.03890,0.14538,0.27138,0.33904,3.30878,4.01647,0.00000,0.13013,2.63849,2.54464,0.93396,0.89706,1.00000,0.75472,0.68212,0.80000,0.69520
1054,0.4913,103710720,61479,0.01085,1.12e-04,0.3865,203.9354,0.00000,0.00000,0.00000,10.00000,1058.11678,0.00000,0.78704,0.00000,0.00000,0.14179,1.68581,4.82407,0.71875,0.66216,0.75000,0.00000,0.73506,0.00000,0.00000,0.00000,0.00000,1388.27246,-0.02619,-0.13724,0.21459,-0.01803,0.41416,0.73464,-0.07890,0.50557,-0.04858,-0.03890,0.14532,0.27269,0.34063,3.59644,3.82200,0.00000,0.12945,2.64978,2.36881,0.92708,0.88710,1.00000,0.82292,0.76471,0.83333,0.70315
1055,0.4917,103809024,61911,0.01522,9.31e-05,0.3866,198.9387,0.00000,0.00000,0.00000,10.00000,1097.59643,0.00000,0.79894,0.00000,0.00000,0.14262,1.66499,4.53864,0.71429,0.66667,0.50000,0.00000,0.73525,0.00000,0.00000,0.00000,0.00000,1365.13688,-0.02620,-0.13483,0.21340,-0.01810,0.41431,0.73481,-0.07854,0.50102,-0.05018,-0.03903,0.14454,0.27129,0.34103,3.34814,2.83231,0.00000,0.13017,2.64715,2.48099,0.95238,0.96053,0.80000,0.83333,0.81457,0.65000,0.70515
1056,0.4922,103907328,61773,0.01295,1.04e-04,0.3867,191.4515,0.00000,0.00000,0.00000,10.00000,1155.95688,0.00000,0.76111,0.00000,0.00000,0.14535,1.67652,4.26754,0.72000,0.65714,0.55556,0.00000,0.73313,0.00000,0.00000,0.00000,0.00000,1345.29891,-0.02615,-0.13299,0.21420,-0.01769,0.41449,0.73263,-0.07819,0.49890,-0.04811,-0.03885,0.14501,0.27286,0.34058,3.11305,2.41000,0.00000,0.13149,2.64113,2.17169,0.93000,0.89552,1.00000,0.82500,0.77372,0.71429,0.70291
1057,0.4926,104005632,62159,0.01446,9.83e-05,0.3867,192.3061,0.00000,0.00000,0.00000,10.00000,1042.76961,0.00000,0.82176,0.00000,0.00000,0.14431,1.66030,4.24857,0.59375,0.52703,0.42857,0.00000,0.73094,0.00000,0.00000,0.00000,0.00000,1337.49577,-0.02630,-0.13232,0.21311,-0.01808,0.41295,0.73049,-0.07813,0.49709,-0.04884,-0.03887,0.14449,0.27190,0.34028,3.18000,3.86000,0.00000,0.13231,2.63205,2.39851,0.92708,0.89706,1.00000,0.76042,0.70423,0.69231,0.70141
1058,0.4931,104103936,61772,0.01550,7.77e-05,0.3868,211.9512,0.00000,0.00000,0.00000,10.00000,1094.16466,0.00000,0.76720,0.00000,0.00000,0.14274,1.65286,4.19754,0.68571,0.62821,0.71429,0.00000,0.72754,0.00000,0.00000,0.00000,0.00000,1342.76164,-0.02637,-0.13297,0.21209,-0.01768,0.41097,0.72711,-0.07844,0.49921,-0.04983,-0.03890,0.14414,0.27052,0.33980,3.25500,3.94782,0.00000,0.13039,2.63416,2.43813,0.96190,0.95522,0.91667,0.82381,0.77931,0.80769,0.69898
1059,0.4935,104202240,61769,0.01399,7.76e-05,0.3868,195.3871,0.00000,0.00000,0.00000,10.00000,1022.26193,0.00000,0.83035,0.00000,0.00000,0.14263,1.64998,4.49787,0.60215,0.55556,0.37500,0.00000,0.72777,0.00000,0.00000,0.00000,0.00000,1337.10986,-0.02645,-0.13230,0.21070,-0.01772,0.41006,0.72736,-0.07873,0.49572,-0.04668,-0.03881,0.14314,0.26884,0.33961,3.26222,2.82000,0.00000,0.13065,2.62639,2.43257,0.94624,0.94030,0.87500,0.77419,0.74101,0.62500,0.69807
1060,0.4940,104300544,61639,0.01241,1.12e-04,0.3869,209.2601,0.00000,0.00000,0.00000,10.00000,1088.60730,0.00000,0.81613,0.00000,0.00000,0.14181,1.65247,3.88277,0.66372,0.60920,0.50000,0.00000,0.72662,0.00000,0.00000,0.00000,0.00000,1350.57861,-0.02610,-0.13367,0.21226,-0.01788,0.41019,0.72618,-0.07833,0.49954,-0.04727,-0.03881,0.14382,0.27064,0.34001,3.16389,2.54143,0.00000,0.13073,2.63811,2.57240,0.92920,0.89873,1.00000,0.79646,0.74699,0.75000,0.70007
1061,0.4944,104398848,61445,0.01694,6.34e-05,0.3869,194.8457,0.00000,0.00000,0.00000,10.00000,1114.06976,0.00000,0.77973,0.00000,0.00000,0.14154,1.63215,3.68039,0.64035,0.52500,0.62500,0.00000,0.72835,0.00000,0.00000,0.00000,0.00000,1349.27441,-0.02632,-0.13358,0.21001,-0.01784,0.41052,0.72794,-0.07740,0.49685,-0.04798,-0.03905,0.14235,0.26767,0.33957,2.98874,4.33091,0.00000,0.12921,2.61831,2.56881,0.98246,0.97500,1.00000,0.81140,0.75000,0.78571,0.69785
1062,0.4949,104497152,61235,0.01092,1.10e-04,0.3870,205.3070,0.00000,0.00000,0.00000,10.00000,1077.13178,0.00000,0.79932,0.00000,0.00000,0.14307,1.59771,3.83396,0.69388,0.61972,0.66667,0.00000,0.72768,0.00000,0.00000,0.00000,0.00000,1371.23372,-0.02677,-0.13568,0.20692,-0.01764,0.40885,0.72732,-0.07826,0.48677,-0.04913,-0.03903,0.14008,0.26384,0.33889,3.12384,4.90545,0.00000,0.13026,2.59266,2.60111,0.92857,0.92857,0.71429,0.81122,0.77305,0.68750,0.69443
1063,0.4953,104595456,61640,0.01322,1.58e-04,0.3870,189.5110,0.00000,0.00000,0.00000,10.00000,1092.23224,0.00000,0.82492,0.00000,0.00000,0.14456,1.60851,4.11091,0.65657,0.58750,0.75000,0.00000,0.72247,0.00000,0.00000,0.00000,0.00000,1378.83219,-0.02655,-0.13632,0.20910,-0.01776,0.40597,0.72197,-0.07792,0.48961,-0.05115,-0.03907,0.14132,0.26681,0.33748,3.27098,2.91714,0.00000,0.13122,2.61405,2.58149,0.95960,0.94030,1.00000,0.80808,0.74830,0.87500,0.68740
1064,0.4958,104693760,61474,0.01668,1.12e-04,0.3871,229.0176,0.00000,0.00000,0.00000,10.00000,1023.22096,0.00000,0.79739,0.00000,0.00000,0.14372,1.64011,4.42390,0.62353,0.51667,0.66667,0.00000,0.72571,0.00000,0.00000,0.00000,0.00000,1369.24870,-0.02624,-0.13544,0.21201,-0.01854,0.40928,0.72521,-0.07862,0.49808,-0.04769,-0.03888,0.14265,0.27003,0.33912,3.22615,2.57375,0.00000,0.12987,2.63993,2.44666,0.90588,0.88710,0.88889,0.76471,0.70492,0.77778,0.69558
1065,0.4962,104792064,61906,0.01504,7.70e-05,0.3872,204.1468,0.00000,0.00000,0.00000,10.00000,1073.77194,0.00000,0.78605,0.00000,0.00000,0.14128,1.66101,4.11615,0.65957,0.63380,0.45455,0.00000,0.73161,0.00000,0.00000,0.00000,0.00000,1386.80273,-0.02609,-0.13722,0.21489,-0.01845,0.41107,0.73114,-0.07912,0.50767,-0.05236,-0.03888,0.14536,0.27370,0.34021,3.20470,3.42769,0.00000,0.12936,2.68172,2.49731,0.95745,0.95161,0.88889,0.80851,0.78195,0.65000,0.70107
1066,0.4967,104890368,61836,0.01407,7.70e-05,0.3872,210.6646,0.00000,0.00000,0.00000,10.00000,1062.74669,0.00000,0.79739,0.00000,0.00000,0.14141,1.66634,4.08286,0.62353,0.56061,0.57143,0.00000,0.73731,0.00000,0.00000,0.00000,0.00000,1378.23307,-0.02602,-0.13635,0.21507,-0.01815,0.41368,0.73688,-0.07915,0.50581,-0.05128,-0.03903,0.14584,0.27386,0.34098,3.15678,3.87000,0.00000,0.13040,2.68329,2.43651,0.97647,0.98214,0.88889,0.80000,0.75410,0.75000,0.70488
1067,0.4971,104988672,61813,0.01179,1.11e-04,0.3873,186.2619,0.00000,0.00000,0.00000,10.00000,1028.51417,0.00000,0.88780,0.00000,0.00000,0.14411,1.70968,3.67724,0.59804,0.54118,0.66667,0.00000,0.73993,0.00000,0.00000,0.00000,0.00000,1348.93327,-0.02566,-0.13364,0.21732,-0.01778,0.41637,0.73950,-0.07849,0.51194,-0.04756,-0.03905,0.14740,0.27678,0.34187,3.09188,3.25500,0.00000,0.12813,2.68922,2.63920,0.93137,0.91026,1.00000,0.76471,0.71779,0.80000,0.70936
1068,0.4975,105086976,61985,0.01532,1.00e-04,0.3874,183.7053,0.00000,0.00000,0.00000,10.00000,1017.89830,0.00000,0.78373,0.00000,0.00000,0.14285,1.72698,3.54772,0.50000,0.39241,0.46667,0.00000,0.74274,0.00000,0.00000,0.00000,0.00000,1341.10750,-0.02573,-0.13283,0.21719,-0.01804,0.41853,0.74225,-0.07824,0.51242,-0.04836,-0.03928,0.14744,0.27706,0.34264,2.89045,2.79636,0.00000,0.12889,2.66577,2.56182,0.96429,0.94937,1.00000,0.73214,0.67089,0.71429,0.71318
1069,0.4980,105185280,62325,0.01442,1.03e-04,0.3874,186.2571,0.00000,0.00000,0.00000,10.00000,1123.96396,0.00000,0.80645,0.00000,0.00000,0.14186,1.72701,3.89796,0.72043,0.72603,0.40000,0.00000,0.73743,0.00000,0.00000,0.00000,0.00000,1319.73633,-0.02563,-0.13072,0.21710,-0.01825,0.41660,0.73695,-0.07803,0.51179,-0.04732,-0.03904,0.14737,0.27675,0.34167,3.23555,3.33500,0.00000,0.12972,2.64873,2.65224,0.97849,0.96774,1.00000,0.84946,0.83704,0.64706,0.70835
1070,0.4984,105283584,61679,0.01835,8.19e-05,0.3875,200.0599,0.00000,0.00000,0.00000,10.00000,1027.68450,0.00000,0.80357,0.00000,0.00000,0.13850,1.72294,4.15491,0.59821,0.51765,0.60000,0.00000,0.73528,0.00000,0.00000,0.00000,0.00000,1332.97526,-0.02592,-0.13197,0.21598,-0.01759,0.41439,0.73474,-0.07723,0.51364,-0.04933,-0.03907,0.14608,0.27490,0.34106,3.18872,3.64571,0.00000,0.12880,2.63562,2.50743,0.91964,0.88312,1.00000,0.75893,0.69136,0.77778,0.70529
1071,0.4989,105381888,62146,0.01056,1.18e-04,0.3875,196.8246,0.00000,0.00000,0.00000,10.00000,1023.06799,0.00000,0.88523,0.00000,0.00000,0.13853,1.74479,4.14692,0.64835,0.61039,0.66667,0.00000,0.73713,0.00000,0.00000,0.00000,0.00000,1331.24829,-0.02579,-0.13178,0.21813,-0.01802,0.41464,0.73665,-0.07777,0.51817,-0.04579,-0.03891,0.14761,0.27766,0.34097,3.12393,3.31400,0.00000,0.12921,2.65945,2.36400,0.94505,0.94118,0.85714,0.79670,0.76552,0.76923,0.70487
1072,0.4993,105480192,62150,0.01355,1.10e-04,0.3876,195.4045,0.00000,0.00000,0.00000,10.00000,1106.12305,0.00000,0.76389,0.00000,0.00000,0.14134,1.76432,4.25463,0.65000,0.57377,0.71429,0.00000,0.73844,0.00000,0.00000,0.00000,0.00000,1346.03369,-0.02561,-0.13328,0.22050,-0.01836,0.41615,0.73791,-0.07733,0.52322,-0.04413,-0.03892,0.14928,0.28092,0.34179,3.24042,2.97333,0.00000,0.12838,2.69054,2.45585,0.96250,0.93878,1.00000,0.80625,0.73636,0.85714,0.70894
1073,0.4998,105578496,62085,0.01482,1.10e-04,0.3877,188.0567,0.00000,0.00000,0.00000,10.00000,1128.20394,0.00000,0.82687,0.00000,0.00000,0.13941,1.78757,3.51784,0.59302,0.50746,0.00000,0.00000,0.74563,0.00000,0.00000,0.00000,0.00000,1340.20475,-0.02544,-0.13276,0.22398,-0.01901,0.41859,0.74504,-0.07768,0.53218,-0.04806,-0.03897,0.15209,0.28572,0.34246,2.93000,1.98000,0.00000,0.12962,2.73355,2.57344,0.97674,0.96721,1.00000,0.78488,0.72656,0.50000,0.71231
1074,0.5002,105676800,61859,0.01516,8.59e-05,0.3878,205.4100,0.00000,0.00000,0.00000,10.00000,1099.14258,0.00000,0.82265,0.00000,0.00000,0.13837,1.78365,4.17018,0.64423,0.56250,0.66667,0.00000,0.74792,0.00000,0.00000,0.00000,0.00000,1317.35083,-0.02534,-0.13040,0.22362,-0.01871,0.42219,0.74737,-0.07706,0.53607,-0.04501,-0.03898,0.15199,0.28478,0.34309,3.09452,2.70166,0.00000,0.12694,2.73787,2.35500,0.98077,0.97297,1.00000,0.81250,0.75974,0.85714,0.71543
1075,0.5007,105775104,61538,0.01242,1.00e-04,0.3878,197.5621,0.00000,0.00000,0.00000,10.00000,1043.94367,0.00000,0.83889,0.00000,0.00000,0.13782,1.78426,4.24131,0.67000,0.63855,0.62500,0.00000,0.74817,0.00000,0.00000,0.00000,0.00000,1331.66479,-0.02542,-0.13178,0.22351,-0.01770,0.42176,0.74756,-0.07705,0.53572,-0.04642,-0.03900,0.15243,0.28453,0.34329,3.43738,4.08500,0.00000,0.12705,2.73553,2.72666,0.93000,0.91176,0.85714,0.80000,0.76159,0.73333,0.71646
1076,0.5011,105873408,61769,0.01590,9.12e-05,0.3879,187.9764,0.00000,0.00000,0.00000,10.00000,1106.12641,0.00000,0.76720,0.00000,0.00000,0.13950,1.75781,3.98643,0.67619,0.59459,0.66667,0.00000,0.74900,0.00000,0.00000,0.00000,0.00000,1321.92415,-0.02568,-0.13087,0.22194,-0.01798,0.42087,0.74841,-0.07690,0.52922,-0.04946,-0.03892,0.15120,0.28208,0.34299,3.14015,2.92778,0.00000,0.12716,2.72436,2.49973,0.93333,0.91549,0.90000,0.80476,0.75172,0.77273,0.71494
1077,0.5016,105971712,62406,0.01371,1.03e-04,0.3879,170.5903,0.00000,0.00000,0.00000,10.00000,1045.29858,0.00000,0.83608,0.00000,0.00000,0.13984,1.76742,3.68375,0.60396,0.50667,0.66667,0.00000,0.74532,0.00000,0.00000,0.00000,0.00000,1308.38713,-0.02552,-0.12958,0.22264,-0.01853,0.42056,0.74476,-0.07593,0.52814,-0.04788,-0.03912,0.15051,0.28315,0.34304,3.01401,2.48461,0.00000,0.12900,2.70767,2.60709,0.95050,0.93506,1.00000,0.77723,0.72368,0.81250,0.71520
1078,0.5020,106070016,61812,0.01334,1.01e-04,0.3880,194.8892,0.00000,0.00000,0.00000,10.00000,1131.41757,0.00000,0.80499,0.00000,0.00000,0.14269,1.78526,3.73473,0.69388,0.61644,0.75000,0.00000,0.74391,0.00000,0.00000,0.00000,0.00000,1326.96859,-0.02563,-0.13127,0.22070,-0.01852,0.41960,0.74333,-0.07536,0.52256,-0.04516,-0.03932,0.14909,0.28136,0.34250,2.94748,3.18286,0.00000,0.12854,2.66156,2.34108,0.95918,0.94203,1.00000,0.82653,0.77465,0.87500,0.71251
1079,0.5024,106168320,61546,0.01898,4.50e-05,0.3880,192.4321,0.00000,0.00000,0.00000,10.00000,1084.42852,0.00000,0.81111,0.00000,0.00000,0.14039,1.77225,4.12291,0.67000,0.65385,0.33333,0.00000,0.74125,0.00000,0.00000,0.00000,0.00000,1337.21077,-0.02562,-0.13234,0.21824,-0.01796,0.41780,0.74069,-0.07590,0.51868,-0.04756,-0.03909,0.14851,0.27827,0.34206,3.16236,3.45333,0.00000,0.12882,2.64274,2.42861,0.96000,0.94118,1.00000,0.81500,0.78767,0.64706,0.71032
1080,0.5029,106266624,62159,0.01037,6.47e-05,0.3881,197.5890,0.00000,0.00000,0.00000,10.00000,1137.63635,0.00000,0.78363,0.00000,0.00000,0.14069,1.75395,3.90103,0.69474,0.62162,0.83333,0.00000,0.73887,0.00000,0.00000,0.00000,0.00000,1336.71004,-0.02585,-0.13228,0.21779,-0.01825,0.41513,0.73835,-0.07656,0.51630,-0.04970,-0.03907,0.14791,0.27742,0.34104,3.18115,2.67000,0.00000,0.12908,2.63730,2.51841,0.94737,0.91667,1.00000,0.82105,0.75373,0.92308,0.70520
1081,0.5033,106364928,61929,0.01089,1.01e-04,0.3881,207.8080,0.00000,0.00000,0.00000,10.00000,1079.74299,0.00000,0.82035,0.00000,0.00000,0.14199,1.74685,4.14779,0.66355,0.57831,0.85714,0.00000,0.73766,0.00000,0.00000,0.00000,0.00000,1349.65080,-0.02589,-0.13353,0.21743,-0.01849,0.41543,0.73719,-0.07615,0.51579,-0.05240,-0.03929,0.14705,0.27695,0.34147,3.26503,3.20000,0.00000,0.12781,2.62573,2.57973,0.92523,0.90667,0.87500,0.79439,0.73418,0.86667,0.70736
1082,0.5038,106463232,61917,0.01578,7.70e-05,0.3882,206.8837,0.00000,0.00000,0.00000,10.00000,1049.03490,0.00000,0.83781,0.00000,0.00000,0.14127,1.75054,4.00738,0.62903,0.58416,0.42857,0.00000,0.73958,0.00000,0.00000,0.00000,0.00000,1360.32235,-0.02601,-0.13465,0.21624,-0.01835,0.41707,0.73898,-0.07571,0.51127,-0.05091,-0.03955,0.14628,0.27558,0.34201,3.10641,3.38400,0.00000,0.12959,2.60728,2.46286,0.96774,0.97674,0.77778,0.79839,0.76471,0.62500,0.71004
1083,0.5042,106561536,61815,0.01108,1.01e-04,0.3882,193.0618,0.00000,0.00000,0.00000,10.00000,1177.75474,0.00000,0.77403,0.00000,0.00000,0.13839,1.74343,3.69777,0.71910,0.61017,0.75000,0.00000,0.73838,0.00000,0.00000,0.00000,0.00000,1344.86711,-0.02617,-0.13307,0.21470,-0.01846,0.41547,0.73780,-0.07638,0.50949,-0.04689,-0.03914,0.14521,0.27355,0.34185,2.90088,3.05231,0.00000,0.13035,2.59759,2.37353,0.94382,0.95385,0.71429,0.83146,0.79032,0.73333,0.70927
1084,0.5047,106659840,61760,0.01332,1.03e-04,0.3883,171.6799,0.00000,0.00000,0.00000,10.00000,1171.50302,0.00000,0.75049,0.00000,0.00000,0.13736,1.73960,3.86214,0.69298,0.59756,0.60000,0.00000,0.73244,0.00000,0.00000,0.00000,0.00000,1327.87467,-0.02606,-0.13151,0.21555,-0.01781,0.41180,0.73188,-0.07676,0.51305,-0.04379,-0.03917,0.14601,0.27434,0.34061,2.96480,3.28889,0.00000,0.12968,2.62221,2.23652,0.92982,0.88889,1.00000,0.81140,0.73377,0.80000,0.70304
1085,0.5051,106758144,61739,0.01263,1.04e-04,0.3883,188.6586,0.00000,0.00000,0.00000,10.00000,1169.98680,0.00000,0.75826,0.00000,0.00000,0.13946,1.73237,3.74958,0.78378,0.78846,0.54545,0.00000,0.73178,0.00000,0.00000,0.00000,0.00000,1357.94604,-0.02605,-0.13444,0.21641,-0.01829,0.41167,0.73128,-0.07623,0.51329,-0.05201,-0.03886,0.14688,0.27540,0.34008,3.00235,3.32333,0.00000,0.12944,2.61960,2.33815,0.95946,0.97959,0.75000,0.87162,0.88119,0.63158,0.70038
1086,0.5056,106856448,61964,0.01475,7.16e-05,0.3884,179.6790,0.00000,0.00000,0.00000,10.00000,1127.76492,0.00000,0.79900,0.00000,0.00000,0.13892,1.74026,3.47224,0.64045,0.55882,0.71429,0.00000,0.73425,0.00000,0.00000,0.00000,0.00000,1361.14225,-0.02605,-0.13466,0.21717,-0.01854,0.41235,0.73374,-0.07771,0.51458,-0.04911,-0.03917,0.14759,0.27637,0.33976,2.79787,2.80333,0.00000,0.13002,2.64393,2.28156,0.96629,0.96667,0.85714,0.80337,0.75000,0.78571,0.69879
1087,0.5060,106954752,62145,0.01238,8.39e-05,0.3884,175.3367,0.00000,0.00000,0.00000,10.00000,1087.00579,0.00000,0.79739,0.00000,0.00000,0.13809,1.75100,3.90166,0.68235,0.66667,0.50000,0.00000,0.73831,0.00000,0.00000,0.00000,0.00000,1347.30233,-0.02595,-0.13334,0.21711,-0.01810,0.41487,0.73776,-0.07802,0.51489,-0.04474,-0.03902,0.14786,0.27661,0.34088,2.95522,2.71889,0.00000,0.13075,2.65568,2.25631,0.92941,0.89831,1.00000,0.80588,0.77869,0.75000,0.70442
1088,0.5065,107053056,61970,0.01529,7.70e-05,0.3884,207.1774,0.00000,0.00000,0.00000,10.00000,1084.57528,0.00000,0.87227,0.00000,0.00000,0.13688,1.75597,3.73222,0.69159,0.59259,1.00000,0.00000,0.74022,0.00000,0.00000,0.00000,0.00000,1339.34871,-0.02556,-0.13265,0.21997,-0.01877,0.41728,0.73966,-0.07688,0.52323,-0.04512,-0.03933,0.14913,0.28037,0.34178,3.01496,3.60571,0.00000,0.13093,2.69757,2.55929,0.94393,0.94253,0.75000,0.81776,0.77381,0.87500,0.70891
1089,0.5069,107151360,61848,0.01509,7.16e-05,0.3885,223.4016,0.00000,0.00000,0.00000,10.00000,1094.48905,0.00000,0.75893,0.00000,0.00000,0.14040,1.73625,3.82363,0.67857,0.63291,0.58824,0.00000,0.74423,0.00000,0.00000,0.00000,0.00000,1340.15487,-0.02562,-0.13263,0.22020,-0.01853,0.41999,0.74368,-0.07671,0.51963,-0.04506,-0.03953,0.14914,0.28089,0.34258,3.04506,3.04769,0.00000,0.13137,2.70441,2.43333,0.93750,0.91892,0.93750,0.80804,0.77124,0.75758,0.71288
1090,0.5073,107249664,62194,0.01261,1.03e-04,0.3885,201.7338,0.00000,0.00000,0.00000,10.00000,1121.59398,0.00000,0.76458,0.00000,0.00000,0.14046,1.73006,3.55143,0.69307,0.59420,0.66667,0.00000,0.74658,0.00000,0.00000,0.00000,0.00000,1330.01245,-0.02550,-0.13167,0.22041,-0.01848,0.42096,0.74602,-0.07651,0.51945,-0.04792,-0.03952,0.14902,0.28077,0.34327,2.95361,2.82166,0.00000,0.13109,2.71117,2.53514,0.93069,0.91429,0.85714,0.81188,0.75540,0.75000,0.71635
1091,0.5078,107347968,62108,0.02654,5.04e-05,0.3886,187.0915,0.00000,0.00000,0.00000,10.00000,1116.43796,0.00000,0.80858,0.00000,0.00000,0.14205,1.72317,3.61444,0.60396,0.54878,0.57143,0.00000,0.74320,0.00000,0.00000,0.00000,0.00000,1321.18148,-0.02571,-0.13082,0.21935,-0.01821,0.41852,0.74264,-0.07548,0.51687,-0.04829,-0.03960,0.14858,0.27935,0.34205,2.90198,3.51555,0.00000,0.13029,2.68973,2.32776,0.97030,0.95385,1.00000,0.78713,0.72789,0.75000,0.71027
1092,0.5082,107446272,61816,0.01139,7.77e-05,0.3886,169.0893,0.00000,0.00000,0.00000,10.00000,1064.65964,0.00000,0.82099,0.00000,0.00000,0.14112,1.76193,3.60981,0.60000,0.59459,0.14286,0.00000,0.73893,0.00000,0.00000,0.00000,0.00000,1333.34904,-0.02537,-0.13192,0.22128,-0.01858,0.41606,0.73839,-0.07451,0.52399,-0.04774,-0.03935,0.14999,0.28225,0.34130,3.05438,2.90800,0.00000,0.12986,2.68729,2.57180,0.96667,0.96610,0.80000,0.78333,0.75940,0.41667,0.70648
1093,0.5087,107544576,61992,0.01563,7.10e-05,0.3887,183.3901,0.00000,0.00000,0.00000,10.00000,1122.28193,0.00000,0.75446,0.00000,0.00000,0.14093,1.78328,4.30440,0.71605,0.63934,0.85714,0.00000,0.73941,0.00000,0.00000,0.00000,0.00000,1327.36377,-0.02544,-0.13142,0.22238,-0.01834,0.41641,0.73887,-0.07605,0.52689,-0.04546,-0.03910,0.15055,0.28343,0.34145,3.38099,2.70727,0.00000,0.12941,2.69840,2.47568,0.95062,0.93878,0.83333,0.83333,0.77273,0.84615,0.70724
1094,0.5091,107642880,62047,0.01050,8.70e-05,0.3887,177.1421,0.00000,0.00000,0.00000,10.00000,1070.18103,0.00000,0.80460,0.00000,0.00000,0.14017,1.79425,4.26954,0.63218,0.56716,0.57143,0.00000,0.74042,0.00000,0.00000,0.00000,0.00000,1322.13631,-0.02521,-0.13093,0.22444,-0.01824,0.41841,0.73987,-0.07637,0.53186,-0.04525,-0.03908,0.15277,0.28611,0.34200,3.18731,3.33800,0.00000,0.12979,2.72676,2.39367,0.94253,0.91525,1.00000,0.78736,0.73016,0.76923,0.71000
1095,0.5096,107741184,61963,0.01072,1.25e-04,0.3888,210.4017,0.00000,0.00000,0.00000,10.00000,1109.54834,0.00000,0.84158,0.00000,0.00000,0.13669,1.81047,3.87169,0.69307,0.63415,0.85714,0.00000,0.74815,0.00000,0.00000,0.00000,0.00000,1333.34147,-0.02547,-0.13204,0.22306,-0.01816,0.42218,0.74761,-0.07617,0.53228,-0.04551,-0.03949,0.15167,0.28442,0.34320,3.07391,3.20154,0.00000,0.12992,2.70080,2.36356,0.96040,0.94366,1.00000,0.82673,0.77778,0.92308,0.71600
1096,0.5100,107839488,62080,0.01502,1.01e-04,0.3888,204.8878,0.00000,0.00000,0.00000,10.00000,1034.56975,0.00000,0.81066,0.00000,0.00000,0.13814,1.82723,3.53920,0.60204,0.48000,1.00000,0.00000,0.75214,0.00000,0.00000,0.00000,0.00000,1350.15503,-0.02536,-0.13367,0.22387,-0.01918,0.42373,0.75155,-0.07584,0.53064,-0.04599,-0.03987,0.15168,0.28551,0.34434,3.12336,3.11375,0.00000,0.13124,2.69266,2.82203,0.89796,0.86765,0.90000,0.75000,0.66434,0.94118,0.72172
1097,0.5105,107937792,62020,0.01135,1.34e-04,0.3888,194.5319,0.00000,0.00000,0.00000,10.00000,1149.92546,0.00000,0.75943,0.00000,0.00000,0.13898,1.82337,4.06750,0.74312,0.64474,0.90909,0.00000,0.75340,0.00000,0.00000,0.00000,0.00000,1323.90763,-0.02538,-0.13115,0.22295,-0.01866,0.42474,0.75281,-0.07532,0.52992,-0.04320,-0.03974,0.15083,0.28385,0.34434,3.13397,3.21238,0.00000,0.12943,2.68343,2.40536,0.95413,0.93151,1.00000,0.84862,0.78523,0.95455,0.72169
1098,0.5109,108036096,62221,0.01634,9.83e-05,0.3889,205.3673,0.00000,0.00000,0.00000,10.00000,1131.50008,0.00000,0.83603,0.00000,0.00000,0.14099,1.80503,3.88226,0.75728,0.68831,0.83333,0.00000,0.74909,0.00000,0.00000,0.00000,0.00000,1349.52458,-0.02544,-0.13349,0.22287,-0.01914,0.42220,0.74845,-0.07491,0.52765,-0.04685,-0.03973,0.14995,0.28408,0.34345,3.12643,3.60000,0.00000,0.12986,2.67739,2.54790,0.94175,0.92308,1.00000,0.84951,0.80645,0.93333,0.71726
1099,0.5114,108134400,61869,0.01179,1.34e-04,0.3890,177.2271,0.00000,0.00000,0.00000,10.00000,1107.60858,0.00000,0.80499,0.00000,0.00000,0.14019,1.78409,3.95285,0.66327,0.58667,0.77778,0.00000,0.74530,0.00000,0.00000,0.00000,0.00000,1366.46859,-0.02555,-0.13505,0.22078,-0.01850,0.42092,0.74466,-0.07454,0.52335,-0.04582,-0.03998,0.14919,0.28143,0.34259,3.01464,3.60923,0.00000,0.13004,2.65740,2.27465,0.96939,0.95522,1.00000,0.81633,0.76056,0.86667,0.71294
1100,0.5118,108232704,61937,0.01733,9.24e-05,0.3890,178.4420,0.00000,0.00000,0.00000,10.00000,1040.68963,0.00000,0.82492,0.00000,0.00000,0.14112,1.79621,3.93958,0.56566,0.48684,0.60000,0.00000,0.74520,0.00000,0.00000,0.00000,0.00000,1357.71224,-0.02562,-0.13429,0.22030,-0.01924,0.42000,0.74461,-0.07468,0.52151,-0.04265,-0.03982,0.14862,0.28132,0.34236,2.96666,3.29285,0.00000,0.13042,2.64798,2.34400,0.95960,0.94366,1.00000,0.76263,0.70748,0.77778,0.71180
1101,0.5123,108331008,61772,0.01312,9.32e-05,0.3890,185.8650,0.00000,0.00000,0.00000,10.00000,1100.85881,0.00000,0.81597,0.00000,0.00000,0.14007,1.80104,3.94566,0.68750,0.65753,0.37500,0.00000,0.74655,0.00000,0.00000,0.00000,0.00000,1350.99504,-0.02549,-0.13363,0.22193,-0.01918,0.42123,0.74589,-0.07461,0.52550,-0.04799,-0.03984,0.14975,0.28355,0.34327,3.07983,2.91500,0.00000,0.13120,2.66412,2.41478,0.95833,0.95588,0.80000,0.82292,0.80142,0.53846,0.71635
1102,0.5127,108429312,62089,0.01383,9.32e-05,0.3890,184.9498,0.00000,0.00000,0.00000,10.00000,1173.24455,0.00000,0.73375,0.00000,0.00000,0.13596,1.77477,3.70807,0.68868,0.58824,0.61538,0.00000,0.74545,0.00000,0.00000,0.00000,0.00000,1346.42285,-0.02563,-0.13315,0.22028,-0.01850,0.42061,0.74487,-0.07465,0.52585,-0.04519,-0.03967,0.14903,0.28058,0.34277,2.98275,3.30316,0.00000,0.13035,2.67166,2.50531,0.96226,0.94444,1.00000,0.82547,0.77143,0.78261,0.71384
1103,0.5132,108527616,61566,0.01243,9.24e-05,0.3891,200.7379,0.00000,0.00000,0.00000,10.00000,1154.24299,0.00000,0.79178,0.00000,0.00000,0.13633,1.72846,3.96029,0.70079,0.63736,0.54545,0.00000,0.74107,0.00000,0.00000,0.00000,0.00000,1340.54533,-0.02599,-0.13257,0.21643,-0.01770,0.41922,0.74050,-0.07498,0.51496,-0.04691,-0.03969,0.14681,0.27558,0.34212,3.09178,2.82625,0.00000,0.13096,2.63773,2.47010,0.97638,0.96667,1.00000,0.83858,0.80110,0.73684,0.71058
1104,0.5136,108625920,61725,0.01319,8.70e-05,0.3891,211.2480,0.00000,0.00000,0.00000,10.00000,1098.63272,0.00000,0.83333,0.00000,0.00000,0.13905,1.72663,4.16777,0.74419,0.70588,0.60000,0.00000,0.73825,0.00000,0.00000,0.00000,0.00000,1354.41561,-0.02614,-0.13400,0.21586,-0.01865,0.41610,0.73767,-0.07527,0.51161,-0.04528,-0.03943,0.14519,0.27506,0.34146,3.39724,3.06750,0.00000,0.13073,2.62823,2.72613,0.95349,0.95082,0.80000,0.84884,0.82171,0.70000,0.70733
1105,0.5140,108724224,62186,0.01212,1.10e-04,0.3892,177.3430,0.00000,0.00000,0.00000,10.00000,1134.20440,0.00000,0.83868,0.00000,0.00000,0.14139,1.72238,3.60414,0.66346,0.58824,1.00000,0.00000,0.73678,0.00000,0.00000,0.00000,0.00000,1383.07422,-0.02615,-0.13679,0.21490,-0.01861,0.41482,0.73618,-0.07606,0.50868,-0.04685,-0.03983,0.14470,0.27431,0.34112,2.94824,2.51555,0.00000,0.13020,2.61684,2.42712,0.96154,0.94444,1.00000,0.81250,0.75159,1.00000,0.70559
1106,0.5145,108822528,61987,0.01332,1.25e-04,0.3892,183.8894,0.00000,0.00000,0.00000,10.00000,1134.40375,0.00000,0.74786,0.00000,0.00000,0.14151,1.74904,4.10232,0.74359,0.69231,0.60000,0.00000,0.73566,0.00000,0.00000,0.00000,0.00000,1367.93929,-0.02603,-0.13527,0.21669,-0.01880,0.41344,0.73506,-0.07655,0.51153,-0.04526,-0.03953,0.14561,0.27644,0.34050,3.34457,3.61250,0.00000,0.13095,2.62627,2.81903,0.98718,0.98113,1.00000,0.86538,0.83810,0.80000,0.70252
1107,0.5149,108920832,62072,0.01357,1.11e-04,0.3893,170.9244,0.00000,0.00000,0.00000,10.00000,1107.57758,0.00000,0.83608,0.00000,0.00000,0.14044,1.77610,3.95655,0.64356,0.63291,0.30000,0.00000,0.73712,0.00000,0.00000,0.00000,0.00000,1385.72526,-0.02570,-0.13704,0.21938,-0.01931,0.41510,0.73652,-0.07629,0.51848,-0.04570,-0.03972,0.14745,0.27979,0.34062,3.03748,2.63778,0.00000,0.13112,2.64072,2.34519,0.99010,0.98630,1.00000,0.81683,0.80263,0.53333,0.70311
1108,0.5154,109019136,62050,0.01293,1.31e-04,0.3894,187.8585,0.00000,0.00000,0.00000,10.00000,1082.55645,0.00000,0.77381,0.00000,0.00000,0.13913,1.79990,4.45521,0.67857,0.59677,0.75000,0.00000,0.74082,0.00000,0.00000,0.00000,0.00000,1375.41064,-0.02567,-0.13622,0.22045,-0.01867,0.41742,0.74022,-0.07665,0.52410,-0.04264,-0.03966,0.14867,0.28087,0.34170,3.48673,3.31692,0.00000,0.12981,2.65588,2.75639,0.97619,0.98182,0.87500,0.82738,0.77778,0.81250,0.70849
1109,0.5158,109117440,62579,0.01469,1.12e-04,0.3894,204.6540,0.00000,0.00000,0.00000,10.00000,1142.34595,0.00000,0.77131,0.00000,0.00000,0.13777,1.81171,3.55833,0.73786,0.64000,1.00000,0.00000,0.74559,0.00000,0.00000,0.00000,0.00000,1389.91178,-0.02540,-0.13744,0.22229,-0.01895,0.42090,0.74506,-0.07595,0.52805,-0.04451,-0.04000,0.14978,0.28350,0.34314,2.94631,3.40353,0.00000,0.13114,2.67053,2.42171,0.94175,0.91176,1.00000,0.83981,0.76923,1.00000,0.71570
1110,0.5163,109215744,62219,0.01297,1.11e-04,0.3895,212.4394,0.00000,0.00000,0.00000,10.00000,1087.60818,0.00000,0.75661,0.00000,0.00000,0.13887,1.80713,4.36215,0.70476,0.66234,0.58333,0.00000,0.75138,0.00000,0.00000,0.00000,0.00000,1355.27743,-0.02540,-0.13413,0.22333,-0.01935,0.42474,0.75079,-0.07580,0.53025,-0.04738,-0.03995,0.15053,0.28441,0.34409,3.29652,3.30111,0.00000,0.13020,2.68793,2.34767,0.96190,0.95455,0.90909,0.83333,0.79720,0.73913,0.72046
1111,0.5167,109314048,61944,0.01429,1.11e-04,0.3895,209.2820,0.00000,0.00000,0.00000,10.00000,1089.09465,0.00000,0.83579,0.00000,0.00000,0.13971,1.81943,3.97582,0.71681,0.70455,0.33333,0.00000,0.75116,0.00000,0.00000,0.00000,0.00000,1356.55794,-0.02537,-0.13431,0.22407,-0.01929,0.42411,0.75053,-0.07491,0.53089,-0.04607,-0.03993,0.15093,0.28513,0.34403,3.14623,2.92333,0.00000,0.12985,2.68394,2.50735,0.96460,0.95122,1.00000,0.84071,0.82353,0.66667,0.72016
1112,0.5172,109412352,62278,0.01185,1.60e-04,0.3896,194.0552,0.00000,0.00000,0.00000,10.00000,1155.87398,0.00000,0.78502,0.00000,0.00000,0.14271,1.81833,3.77056,0.70652,0.59701,1.00000,0.00000,0.75004,0.00000,0.00000,0.00000,0.00000,1330.47868,-0.02546,-0.13173,0.22238,-0.01931,0.42308,0.74944,-0.07515,0.52478,-0.04252,-0.03955,0.14976,0.28311,0.34364,3.16066,3.92909,0.00000,0.12935,2.65108,2.67821,0.98913,0.98413,1.00000,0.84783,0.78462,1.00000,0.71819
1113,0.5176,109510656,62021,0.02006,1.39e-04,0.3897,152.8112,0.00000,0.00000,0.00000,10.00000,1140.22017,0.00000,0.82071,0.00000,0.00000,0.14343,1.84174,3.96555,0.72727,0.66176,0.75000,0.00000,0.74468,0.00000,0.00000,0.00000,0.00000,1327.81478,-0.02532,-0.13146,0.22378,-0.01894,0.42095,0.74413,-0.07497,0.52885,-0.04043,-0.03930,0.15128,0.28500,0.34314,3.10816,3.01200,0.00000,0.12842,2.65535,2.40667,0.96591,0.95161,1.00000,0.84659,0.80000,0.90909,0.71568
1114,0.5180,109608960,61897,0.01774,8.05e-05,0.3897,161.2072,0.00000,0.00000,0.00000,10.00000,1174.60021,0.00000,0.75446,0.00000,0.00000,0.14150,1.84898,3.91750,0.71605,0.64516,0.75000,0.00000,0.74315,0.00000,0.00000,0.00000,0.00000,1344.54118,-0.02523,-0.13305,0.22494,-0.01941,0.41933,0.74259,-0.07518,0.53304,-0.04485,-0.03969,0.15259,0.28651,0.34258,3.21616,3.11714,0.00000,0.12867,2.66765,2.55608,0.97531,0.97917,0.80000,0.84568,0.79091,0.77778,0.71290
1115,0.5185,109707264,61664,0.01427,8.35e-05,0.3897,184.4829,0.00000,0.00000,0.00000,10.00000,1165.98212,0.00000,0.79038,0.00000,0.00000,0.13927,1.85502,3.63600,0.74227,0.68493,0.71429,0.00000,0.74414,0.00000,0.00000,0.00000,0.00000,1357.53434,-0.02522,-0.13438,0.22553,-0.01891,0.42079,0.74354,-0.07542,0.53619,-0.04597,-0.03971,0.15287,0.28746,0.34315,2.88090,2.76533,0.00000,0.12964,2.68256,2.26027,0.96907,0.96923,0.90909,0.85567,0.81884,0.83333,0.71574
1116,0.5189,109805568,61884,0.01561,7.76e-05,0.3898,169.7712,0.00000,0.00000,0.00000,10.00000,1159.77755,0.00000,0.79450,0.00000,0.00000,0.13808,1.84226,3.91625,0.69892,0.60606,0.50000,0.00000,0.74915,0.00000,0.00000,0.00000,0.00000,1364.67497,-0.02543,-0.13506,0.22295,-0.01874,0.42359,0.74858,-0.07612,0.53256,-0.04263,-0.03976,0.15119,0.28412,0.34396,3.11881,2.94571,0.00000,0.12881,2.66111,2.57200,0.97849,0.97015,1.00000,0.83871,0.78947,0.77778,0.71980
1117,0.5194,109903872,61924,0.01479,6.99e-05,0.3898,189.6809,0.00000,0.00000,0.00000,10.00000,1082.09323,0.00000,0.79365,0.00000,0.00000,0.13749,1.83769,4.08712,0.68571,0.60256,0.80000,0.00000,0.75101,0.00000,0.00000,0.00000,0.00000,1367.50879,-0.02537,-0.13534,0.22496,-0.01895,0.42419,0.75043,-0.07564,0.53551,-0.04628,-0.03983,0.15222,0.28664,0.34409,3.23323,2.96778,0.00000,0.13023,2.69166,2.55243,0.91429,0.90278,0.80000,0.80000,0.74667,0.80000,0.72047
1118,0.5198,110002176,62157,0.01139,1.01e-04,0.3899,182.8032,0.00000,0.00000,0.00000,10.00000,1097.76945,0.00000,0.78889,0.00000,0.00000,0.13715,1.83648,3.86000,0.69000,0.63014,0.60000,0.00000,0.75433,0.00000,0.00000,0.00000,0.00000,1334.44198,-0.02545,-0.13203,0.22359,-0.01867,0.42553,0.75377,-0.07610,0.53400,-0.04096,-0.03969,0.15180,0.28504,0.34463,3.10677,3.59143,0.00000,0.12960,2.68684,2.50000,0.94000,0.91304,1.00000,0.81500,0.76761,0.77778,0.72315
1119,0.5203,110100480,61709,0.01490,9.66e-05,0.3899,167.1390,0.00000,0.00000,0.00000,10.00000,1115.17871,0.00000,0.83829,0.00000,0.00000,0.13904,1.82456,3.80355,0.70536,0.62500,1.00000,0.00000,0.74808,0.00000,0.00000,0.00000,0.00000,1337.14689,-0.02534,-0.13223,0.22345,-0.01896,0.42402,0.74747,-0.07559,0.53254,-0.04241,-0.03983,0.15124,0.28498,0.34399,3.15203,2.95636,0.00000,0.12926,2.68078,2.65333,0.92857,0.90123,1.00000,0.81696,0.75740,1.00000,0.71996
1120,0.5207,110198784,62128,0.01378,8.39e-05,0.3899,167.3905,0.00000,0.00000,0.00000,10.00000,1022.28210,0.00000,0.89976,0.00000,0.00000,0.13936,1.83899,4.04363,0.71739,0.71795,0.63636,0.00000,0.74831,0.00000,0.00000,0.00000,0.00000,1317.91846,-0.02538,-0.13059,0.22373,-0.01893,0.42345,0.74772,-0.07556,0.53340,-0.03928,-0.03945,0.15167,0.28544,0.34380,3.13901,3.13750,0.00000,0.12901,2.67694,2.35342,0.94565,0.92958,1.00000,0.83152,0.81879,0.80000,0.71901
1121,0.5212,110297088,62627,0.01317,1.21e-04,0.3900,169.7089,0.00000,0.00000,0.00000,10.00000,1187.79935,0.00000,0.78108,0.00000,0.00000,0.13866,1.83043,3.80314,0.79208,0.79487,0.54545,0.00000,0.74863,0.00000,0.00000,0.00000,0.00000,1351.31217,-0.02550,-0.13358,0.22324,-0.01897,0.42305,0.74807,-0.07503,0.53247,-0.04383,-0.03963,0.15157,0.28464,0.34327,3.10666,2.37765,0.00000,0.12921,2.66362,2.42000,0.97030,0.95312,1.00000,0.88119,0.86620,0.76190,0.71633
1122,0.5216,110395392,62311,0.01470,1.10e-04,0.3900,185.4161,0.00000,0.00000,0.00000,10.00000,1072.07718,0.00000,0.88103,0.00000,0.00000,0.13657,1.83615,4.09968,0.67677,0.65060,0.62500,0.00000,0.74730,0.00000,0.00000,0.00000,0.00000,1356.89160,-0.02556,-0.13430,0.22249,-0.01852,0.42145,0.74665,-0.07577,0.53286,-0.04368,-0.03986,0.15078,0.28348,0.34303,3.19314,3.67555,0.00000,0.12896,2.65578,2.42974,0.97980,0.97297,1.00000,0.82828,0.80255,0.75000,0.71516
1123,0.5220,110493696,62016,0.01382,1.34e-04,0.3901,204.6272,0.00000,0.00000,0.00000,10.00000,1128.08488,0.00000,0.81582,0.00000,0.00000,0.13498,1.81008,3.77647,0.71171,0.65517,0.77778,0.00000,0.74618,0.00000,0.00000,0.00000,0.00000,1359.48747,-0.02543,-0.13432,0.22131,-0.01881,0.42117,0.74556,-0.07574,0.53004,-0.04697,-0.03971,0.14985,0.28200,0.34243,3.08717,3.17428,0.00000,0.13007,2.65413,2.47844,0.93694,0.92105,0.87500,0.82432,0.77914,0.82353,0.71216
1124,0.5225,110592000,62342,0.01541,1.12e-04,0.3902,213.5918,0.00000,0.00000,0.00000,10.00000,1099.62311,0.00000,0.85728,0.00000,0.00000,0.13717,1.78156,3.58947,0.72414,0.68817,0.66667,0.00000,0.74467,0.00000,0.00000,0.00000,0.00000,1352.40894,-0.02599,-0.13381,0.21732,-0.01848,0.42051,0.74400,-0.07575,0.51964,-0.04491,-0.04003,0.14658,0.27721,0.34224,3.06263,2.98000,0.00000,0.12969,2.60619,2.62264,0.98276,0.97674,1.00000,0.85345,0.82682,0.81250,0.71121
1125,0.5229,110690304,62238,0.01768,6.47e-05,0.3902,189.7674,0.00000,0.00000,0.00000,10.00000,1097.25448,0.00000,0.86142,0.00000,0.00000,0.13725,1.79415,3.89040,0.66292,0.61972,0.50000,0.00000,0.74139,0.00000,0.00000,0.00000,0.00000,1379.22282,-0.02606,-0.13631,0.21641,-0.01873,0.41754,0.74065,-0.07610,0.51726,-0.04590,-0.03978,0.14611,0.27665,0.34192,3.01051,2.53428,0.00000,0.13071,2.58973,2.36353,0.94382,0.94030,1.00000,0.80337,0.77536,0.70000,0.70958
1126,0.5234,110788608,62147,0.00977,1.01e-04,0.3902,190.3337,0.00000,0.00000,0.00000,10.00000,1167.95560,0.00000,0.86909,0.00000,0.00000,0.13495,1.79950,4.00647,0.78218,0.74699,0.80000,0.00000,0.73716,0.00000,0.00000,0.00000,0.00000,1361.58757,-0.02596,-0.13471,0.21720,-0.01861,0.41498,0.73653,-0.07632,0.52031,-0.04182,-0.03972,0.14692,0.27730,0.34061,3.11389,2.92857,0.00000,0.13105,2.60209,2.31526,0.98020,0.97333,1.00000,0.88119,0.85443,0.87500,0.70303
1127,0.5238,110886912,61932,0.01414,8.35e-05,0.3902,181.9917,0.00000,0.00000,0.00000,10.00000,1124.19438,0.00000,0.72593,0.00000,0.00000,0.13463,1.81077,4.05777,0.64000,0.54902,0.55556,0.00000,0.73460,0.00000,0.00000,0.00000,0.00000,1351.70369,-0.02574,-0.13372,0.21833,-0.01799,0.41529,0.73399,-0.07668,0.52559,-0.04130,-0.03934,0.14857,0.27839,0.34055,3.15032,2.92125,0.00000,0.12931,2.62309,2.57719,0.97333,0.95745,1.00000,0.80667,0.74490,0.80000,0.70275
1128,0.5243,110985216,61602,0.01179,1.10e-04,0.3903,176.8300,0.00000,0.00000,0.00000,10.00000,1133.64710,0.00000,0.77249,0.00000,0.00000,0.13645,1.82047,4.12000,0.71429,0.67105,0.50000,0.00000,0.74082,0.00000,0.00000,0.00000,0.00000,1368.57878,-0.02568,-0.13536,0.22037,-0.01888,0.41872,0.74018,-0.07602,0.52698,-0.04639,-0.03963,0.14886,0.28085,0.34161,3.19116,2.55625,0.00000,0.13006,2.63201,2.45532,0.97143,0.95714,1.00000,0.84286,0.80822,0.75000,0.70805
1129,0.5247,111083520,61816,0.01524,9.66e-05,0.3903,202.0860,0.00000,0.00000,0.00000,10.00000,1181.10216,0.00000,0.76313,0.00000,0.00000,0.13618,1.84217,4.29535,0.82418,0.77778,0.77778,0.00000,0.74684,0.00000,0.00000,0.00000,0.00000,1370.45915,-0.02545,-0.13556,0.22369,-0.01933,0.42114,0.74613,-0.07726,0.53301,-0.04438,-0.03973,0.15046,0.28478,0.34295,3.26756,3.13846,0.00000,0.13094,2.66931,2.35397,0.94505,0.91935,1.00000,0.88462,0.84800,0.86667,0.71473
1130,0.5252,111181824,62057,0.01197,1.39e-04,0.3904,208.1936,0.00000,0.00000,0.00000,10.00000,1151.95992,0.00000,0.80000,0.00000,0.00000,0.13754,1.83131,4.02222,0.72000,0.65753,0.50000,0.00000,0.75096,0.00000,0.00000,0.00000,0.00000,1363.20125,-0.02540,-0.13484,0.22302,-0.01878,0.42333,0.75020,-0.07622,0.53288,-0.04435,-0.03989,0.15110,0.28454,0.34380,3.09114,2.91600,0.00000,0.12993,2.68236,2.43818,0.98000,0.97183,1.00000,0.85000,0.81250,0.76923,0.71902
1131,0.5256,111280128,61761,0.01603,1.31e-04,0.3905,196.6833,0.00000,0.00000,0.00000,10.00000,1106.47004,0.00000,0.79288,0.00000,0.00000,0.13857,1.82868,3.98000,0.72816,0.67105,0.75000,0.00000,0.75324,0.00000,0.00000,0.00000,0.00000,1329.75879,-0.02543,-0.13164,0.22282,-0.01871,0.42576,0.75248,-0.07601,0.52982,-0.04315,-0.04003,0.15049,0.28425,0.34467,3.15194,3.33428,0.00000,0.13064,2.67502,2.50790,0.97087,0.97183,0.92308,0.84951,0.81633,0.84000,0.72337
1132,0.5261,111378432,61729,0.01507,1.10e-04,0.3905,189.5837,0.00000,0.00000,0.00000,10.00000,1074.35372,0.00000,0.81897,0.00000,0.00000,0.13890,1.81134,3.68901,0.71552,0.68889,0.50000,0.00000,0.74972,0.00000,0.00000,0.00000,0.00000,1343.30160,-0.02539,-0.13300,0.22363,-0.01889,0.42448,0.74901,-0.07587,0.53217,-0.04308,-0.04008,0.15054,0.28546,0.34399,3.06474,2.36375,0.00000,0.13047,2.69339,2.54329,0.93966,0.92593,0.90909,0.82759,0.80117,0.71429,0.71997
1133,0.5265,111476736,62320,0.01629,9.32e-05,0.3906,204.0478,0.00000,0.00000,0.00000,10.00000,1131.28674,0.00000,0.88523,0.00000,0.00000,0.13849,1.82564,3.57283,0.68132,0.61842,1.00000,0.00000,0.75020,0.00000,0.00000,0.00000,0.00000,1327.51676,-0.02539,-0.13146,0.22354,-0.01832,0.42360,0.74942,-0.07642,0.53447,-0.04197,-0.03969,0.15126,0.28526,0.34394,3.00433,2.45333,0.00000,0.12920,2.69228,2.55463,0.95604,0.95652,0.50000,0.81868,0.77931,0.75000,0.71968
1134,0.5269,111575040,61915,0.01401,1.01e-04,0.3907,191.5229,0.00000,0.00000,0.00000,10.00000,1105.58876,0.00000,0.84337,0.00000,0.00000,0.13989,1.85423,3.63741,0.71084,0.66667,0.75000,0.00000,0.75035,0.00000,0.00000,0.00000,0.00000,1331.84497,-0.02511,-0.13188,0.22614,-0.01907,0.42364,0.74962,-0.07601,0.53842,-0.04275,-0.03978,0.15343,0.28907,0.34385,2.98166,3.85200,0.00000,0.13018,2.70864,2.44515,0.96386,0.95000,1.00000,0.83735,0.80159,0.87500,0.71925
1135,0.5274,111673344,61922,0.01610,6.99e-05,0.3907,215.3783,0.00000,0.00000,0.00000,10.00000,1127.51222,0.00000,0.83333,0.00000,0.00000,0.13978,1.88457,4.27256,0.71795,0.65517,0.50000,0.00000,0.75073,0.00000,0.00000,0.00000,0.00000,1316.49113,-0.02497,-0.13027,0.22751,-0.01904,0.42407,0.75004,-0.07689,0.54409,-0.04187,-0.03943,0.15489,0.29080,0.34343,3.05359,3.21428,0.00000,0.12887,2.71226,2.18000,0.94872,0.93220,1.00000,0.83333,0.79487,0.77778,0.71717
1136,0.5278,111771648,61153,0.01153,9.13e-05,0.3907,185.2833,0.00000,0.00000,0.00000,10.00000,1054.51304,0.00000,0.85117,0.00000,0.00000,0.13826,1.90253,4.37702,0.75229,0.74713,0.54545,0.00000,0.75057,0.00000,0.00000,0.00000,0.00000,1332.02726,-0.02492,-0.13176,0.22940,-0.01910,0.42514,0.74984,-0.07676,0.54976,-0.04287,-0.03955,0.15601,0.29287,0.34375,3.38649,2.98266,0.00000,0.12866,2.71498,2.50337,0.94495,0.93750,0.88889,0.84862,0.83832,0.70000,0.71876
1137,0.5283,111869952,61851,0.01185,1.31e-04,0.3908,214.6525,0.00000,0.00000,0.00000,10.00000,1199.48410,0.00000,0.76720,0.00000,0.00000,0.13691,1.89937,3.92609,0.73810,0.66129,0.75000,0.00000,0.75406,0.00000,0.00000,0.00000,0.00000,1323.10767,-0.02524,-0.13096,0.22759,-0.01898,0.42713,0.75337,-0.07668,0.54765,-0.04086,-0.03953,0.15484,0.29058,0.34467,3.26752,3.41428,0.00000,0.12827,2.70014,2.71673,0.96429,0.94444,1.00000,0.85119,0.79310,0.85714,0.72333
1138,0.5287,111968256,62084,0.01654,9.13e-05,0.3908,219.3705,0.00000,0.00000,0.00000,10.00000,1061.74077,0.00000,0.77778,0.00000,0.00000,0.13727,1.91200,4.25932,0.64545,0.58750,0.60000,0.00000,0.75739,0.00000,0.00000,0.00000,0.00000,1328.74398,-0.02495,-0.13145,0.22896,-0.01898,0.42963,0.75671,-0.07620,0.54742,-0.04161,-0.03991,0.15536,0.29193,0.34599,3.19525,3.76174,0.00000,0.12951,2.70850,2.41050,0.94545,0.91892,1.00000,0.79545,0.74675,0.77778,0.72993
1139,0.5292,112066560,61646,0.01608,8.35e-05,0.3909,195.9851,0.00000,0.00000,0.00000,10.00000,1146.85225,0.00000,0.81699,0.00000,0.00000,0.13902,1.93542,3.54127,0.72549,0.66250,0.88889,0.00000,0.76062,0.00000,0.00000,0.00000,0.00000,1305.69271,-0.02483,-0.12940,0.23101,-0.01909,0.43097,0.75987,-0.07556,0.54905,-0.03988,-0.03988,0.15709,0.29475,0.34621,3.00443,3.04500,0.00000,0.13039,2.71621,2.56519,0.99020,0.98571,1.00000,0.85784,0.81333,0.94118,0.73107
1140,0.5296,112164864,61918,0.01223,1.11e-04,0.3910,196.5789,0.00000,0.00000,0.00000,10.00000,1119.70831,0.00000,0.85354,0.00000,0.00000,0.13891,1.92830,3.94096,0.70000,0.65169,0.50000,0.00000,0.75659,0.00000,0.00000,0.00000,0.00000,1300.21655,-0.02505,-0.12869,0.22932,-0.01943,0.42980,0.75588,-0.07548,0.54691,-0.04169,-0.03979,0.15609,0.29294,0.34572,3.03857,2.08667,0.00000,0.12989,2.68249,2.32128,0.94545,0.92500,1.00000,0.82273,0.78107,0.75000,0.72858
1141,0.5301,112263168,62318,0.01452,1.04e-04,0.3910,200.3262,0.00000,0.00000,0.00000,10.00000,1134.61573,0.00000,0.75702,0.00000,0.00000,0.13741,1.91629,3.65960,0.68132,0.63077,0.58333,0.00000,0.75471,0.00000,0.00000,0.00000,0.00000,1342.75269,-0.02529,-0.13280,0.22702,-0.01930,0.42718,0.75405,-0.07493,0.54337,-0.04608,-0.03992,0.15456,0.28977,0.34504,2.94827,3.09529,0.00000,0.12943,2.65363,2.40939,0.95604,0.94915,0.90909,0.81868,0.78226,0.73913,0.72520
1142,0.5305,112361472,61974,0.01322,1.03e-04,0.3911,172.6149,0.00000,0.00000,0.00000,10.00000,1076.33666,0.00000,0.80183,0.00000,0.00000,0.13713,1.93880,4.03491,0.68041,0.59722,0.81818,0.00000,0.75389,0.00000,0.00000,0.00000,0.00000,1314.56624,-0.02517,-0.13026,0.22650,-0.01883,0.42661,0.75320,-0.07550,0.54194,-0.03782,-0.03972,0.15419,0.28937,0.34487,3.15515,3.37905,0.00000,0.13012,2.64538,2.48104,0.93814,0.92647,0.92308,0.80928,0.75714,0.87500,0.72434
1143,0.5310,112459776,62220,0.01101,1.44e-04,0.3911,183.4779,0.00000,0.00000,0.00000,10.00000,1124.09628,0.00000,0.79733,0.00000,0.00000,0.13630,1.94026,4.22147,0.74074,0.70588,0.62500,0.00000,0.74999,0.00000,0.00000,0.00000,0.00000,1314.42106,-0.02509,-0.13023,0.22734,-0.01902,0.42529,0.74932,-0.07463,0.54773,-0.03964,-0.03964,0.15484,0.29083,0.34418,3.30855,2.97833,0.00000,0.12889,2.65276,2.42171,0.93519,0.90000,1.00000,0.83796,0.79355,0.80000,0.72092
1144,0.5314,112558080,62225,0.01585,1.04e-04,0.3912,195.0254,0.00000,0.00000,0.00000,10.00000,1142.97951,0.00000,0.85770,0.00000,0.00000,0.13513,1.92260,4.04182,0.79825,0.76667,0.75000,0.00000,0.74991,0.00000,0.00000,0.00000,0.00000,1313.06413,-0.02538,-0.13000,0.22570,-0.01905,0.42418,0.74920,-0.07447,0.54452,-0.03955,-0.03962,0.15351,0.28838,0.34363,3.09049,3.11600,0.00000,0.12885,2.63516,2.24850,0.93860,0.91860,1.00000,0.86842,0.84091,0.87500,0.71814
1145,0.5318,112656384,62041,0.01322,1.00e-04,0.3913,181.5502,0.00000,0.00000,0.00000,10.00000,1141.54718,0.00000,0.79060,0.00000,0.00000,0.13425,1.86828,3.68271,0.71154,0.64000,0.72727,0.00000,0.74786,0.00000,0.00000,0.00000,0.00000,1325.51432,-0.02575,-0.13121,0.22116,-0.01829,0.42279,0.74720,-0.07483,0.53213,-0.03910,-0.03967,0.15015,0.28237,0.34325,2.88540,2.90111,0.00000,0.13023,2.60378,2.28231,0.94231,0.93151,0.90000,0.82692,0.78378,0.80952,0.71623
1146,0.5323,112754688,62403,0.01442,1.10e-04,0.3914,191.7720,0.00000,0.00000,0.00000,10.00000,1182.91389,0.00000,0.79976,0.00000,0.00000,0.13250,1.86745,3.91370,0.73626,0.68571,0.66667,0.00000,0.74535,0.00000,0.00000,0.00000,0.00000,1359.86206,-0.02582,-0.13448,0.22116,-0.01821,0.42029,0.74466,-0.07559,0.53306,-0.04291,-0.03952,0.15009,0.28242,0.34259,3.10752,3.06857,0.00000,0.13076,2.60854,2.41651,0.98901,0.98361,1.00000,0.86264,0.82443,0.77778,0.71293
1147,0.5327,112852992,62178,0.01301,1.18e-04,0.3914,205.5246,0.00000,0.00000,0.00000,10.00000,1088.46908,0.00000,0.89243,0.00000,0.00000,0.13672,1.86628,3.48226,0.69149,0.67901,0.40000,0.00000,0.74392,0.00000,0.00000,0.00000,0.00000,1345.30404,-0.02570,-0.13315,0.22120,-0.01852,0.41855,0.74323,-0.07556,0.53021,-0.04232,-0.03964,0.14983,0.28320,0.34209,2.92970,2.37000,0.00000,0.13073,2.61044,2.45389,0.96809,0.97143,0.80000,0.82979,0.81457,0.60000,0.71046
1148,0.5332,112951296,62013,0.01538,8.39e-05,0.3914,180.2458,0.00000,0.00000,0.00000,10.00000,1178.93467,0.00000,0.75092,0.00000,0.00000,0.13657,1.88586,3.73636,0.78022,0.71875,0.77778,0.00000,0.74469,0.00000,0.00000,0.00000,0.00000,1333.52799,-0.02547,-0.13209,0.22417,-0.01918,0.41970,0.74404,-0.07596,0.53644,-0.03922,-0.03967,0.15206,0.28685,0.34217,3.01870,2.94000,0.00000,0.13129,2.64914,2.43823,0.95604,0.94915,0.92308,0.86813,0.82927,0.86364,0.71084
1149,0.5336,113049600,62003,0.01285,1.01e-04,0.3915,206.7946,0.00000,0.00000,0.00000,10.00000,1127.28003,0.00000,0.74653,0.00000,0.00000,0.13439,1.87641,3.77019,0.67708,0.60000,0.62500,0.00000,0.74798,0.00000,0.00000,0.00000,0.00000,1341.02946,-0.02534,-0.13272,0.22432,-0.01886,0.42356,0.74734,-0.07538,0.53879,-0.04502,-0.03984,0.15197,0.28685,0.34315,2.97826,3.18133,0.00000,0.13118,2.65891,2.30129,0.92708,0.89831,0.88889,0.80208,0.73643,0.76471,0.71576
1150,0.5341,113147904,62104,0.01398,1.03e-04,0.3915,192.2705,0.00000,0.00000,0.00000,10.00000,1160.98780,0.00000,0.82397,0.00000,0.00000,0.13577,1.88389,3.70222,0.78652,0.73529,0.75000,0.00000,0.75164,0.00000,0.00000,0.00000,0.00000,1366.39909,-0.02518,-0.13515,0.22668,-0.01978,0.42591,0.75111,-0.07541,0.54186,-0.04392,-0.03994,0.15399,0.29017,0.34409,3.09596,2.56222,0.00000,0.13192,2.69139,2.59231,0.92135,0.89062,1.00000,0.85393,0.81061,0.90000,0.72047
1151,0.5345,113246208,62268,0.01206,1.49e-04,0.3916,214.9692,0.00000,0.00000,0.00000,10.00000,1126.77957,0.00000,0.79439,0.00000,0.00000,0.13674,1.86969,3.52853,0.71963,0.65854,0.81818,0.00000,0.75489,0.00000,0.00000,0.00000,0.00000,1365.18099,-0.02527,-0.13504,0.22622,-0.01967,0.42718,0.75429,-0.07593,0.54085,-0.04336,-0.04018,0.15293,0.28925,0.34507,3.01048,3.26000,0.00000,0.13094,2.70358,2.55299,0.96262,0.95775,0.90000,0.84112,0.79739,0.85714,0.72534
1152,0.5350,113344512,62247,0.01669,8.39e-05,0.3916,180.5127,0.00000,0.00000,0.00000,10.00000,1115.53078,0.00000,0.78563,0.00000,0.00000,0.13845,1.86680,3.49901,0.65657,0.61333,0.61538,0.00000,0.75579,0.00000,0.00000,0.00000,0.00000,1352.65771,-0.02499,-0.13400,0.22659,-0.01907,0.42861,0.75521,-0.07494,0.54094,-0.04379,-0.04024,0.15353,0.28999,0.34565,2.88549,3.15111,0.00000,0.13052,2.70730,2.35086,0.94949,0.92308,1.00000,0.80303,0.75714,0.77273,0.72823
1153,0.5354,113442816,62383,0.01360,7.61e-05,0.3917,190.8872,0.00000,0.00000,0.00000,10.00000,1221.51141,0.00000,0.72947,0.00000,0.00000,0.13932,1.86630,3.57894,0.78261,0.71605,0.84615,0.00000,0.75387,0.00000,0.00000,0.00000,0.00000,1328.60791,-0.02511,-0.13164,0.22539,-0.01887,0.42787,0.75327,-0.07523,0.53939,-0.04266,-0.04002,0.15308,0.28846,0.34537,3.00868,3.23800,0.00000,0.12919,2.68899,2.43842,0.96522,0.95714,0.90000,0.87391,0.82781,0.86957,0.72687
1154,0.5359,113541120,62057,0.01246,1.00e-04,0.3917,198.0334,0.00000,0.00000,0.00000,10.00000,1140.19372,0.00000,0.83632,0.00000,0.00000,0.13938,1.85379,3.75077,0.68817,0.62162,0.66667,0.00000,0.74776,0.00000,0.00000,0.00000,0.00000,1326.10531,-0.02527,-0.13137,0.22519,-0.01929,0.42531,0.74709,-0.07517,0.53773,-0.04458,-0.03989,0.15193,0.28774,0.34377,3.09812,3.25500,0.00000,0.12942,2.67143,2.57600,0.96774,0.95455,1.00000,0.82796,0.77857,0.80000,0.71884
1155,0.5363,113639424,62209,0.01408,1.12e-04,0.3918,214.7643,0.00000,0.00000,0.00000,10.00000,1146.08356,0.00000,0.80169,0.00000,0.00000,0.13817,1.89000,3.78807,0.73418,0.73770,0.44444,0.00000,0.74787,0.00000,0.00000,0.00000,0.00000,1333.07308,-0.02519,-0.13210,0.22664,-0.01917,0.42410,0.74721,-0.07548,0.54192,-0.03875,-0.03969,0.15346,0.28903,0.34379,2.92291,2.45231,0.00000,0.12907,2.68092,2.14724,0.94937,0.94340,0.87500,0.84177,0.83333,0.64706,0.71894
1156,0.5367,113737728,62107,0.01521,8.67e-05,0.3918,187.1667,0.00000,0.00000,0.00000,10.00000,1176.03784,0.00000,0.80991,0.00000,0.00000,0.13856,1.90960,4.15120,0.77108,0.68852,1.00000,0.00000,0.74878,0.00000,0.00000,0.00000,0.00000,1358.25391,-0.02489,-0.13432,0.22928,-0.01953,0.42459,0.74812,-0.07535,0.54804,-0.04532,-0.03984,0.15574,0.29293,0.34423,3.20849,3.02500,0.00000,0.12946,2.70027,2.46032,0.97590,0.98333,0.80000,0.87349,0.83471,0.88889,0.72114
1157,0.5372,113836032,62039,0.01169,1.03e-04,0.3919,187.8516,0.00000,0.00000,0.00000,10.00000,1177.14235,0.00000,0.78526,0.00000,0.00000,0.13583,1.90995,3.74194,0.77885,0.75949,0.55556,0.00000,0.75280,0.00000,0.00000,0.00000,0.00000,1348.06877,-0.02481,-0.13339,0.22913,-0.01931,0.42677,0.75213,-0.07542,0.55147,-0.04277,-0.04002,0.15587,0.29263,0.34475,3.05905,2.97500,0.00000,0.12899,2.71451,2.40346,0.98077,0.98529,0.88889,0.87981,0.86395,0.72222,0.72375
1158,0.5376,113934336,62081,0.01752,8.52e-05,0.3920,187.0578,0.00000,0.00000,0.00000,10.00000,1221.60148,0.00000,0.79106,0.00000,0.00000,0.13388,1.88884,4.04203,0.79348,0.73134,0.83333,0.00000,0.75566,0.00000,0.00000,0.00000,0.00000,1339.40104,-0.02497,-0.13258,0.22738,-0.01898,0.42835,0.75500,-0.07602,0.54873,-0.04256,-0.03980,0.15487,0.29052,0.34519,3.26560,4.27555,0.00000,0.12964,2.71733,2.57151,0.98913,0.98438,1.00000,0.89130,0.85496,0.88889,0.72595
1159,0.5381,114032640,62450,0.01166,9.31e-05,0.3920,200.3787,0.00000,0.00000,0.00000,10.00000,1211.20884,0.00000,0.74074,0.00000,0.00000,0.13709,1.86796,3.69969,0.79630,0.73611,0.75000,0.00000,0.75485,0.00000,0.00000,0.00000,0.00000,1344.43156,-0.02505,-0.13301,0.22614,-0.01917,0.42804,0.75419,-0.07573,0.54430,-0.04331,-0.04004,0.15354,0.28923,0.34511,3.02125,2.78421,0.00000,0.12886,2.71102,2.46304,0.97222,0.97222,0.90000,0.88426,0.85417,0.81818,0.72557
1160,0.5385,114130944,61868,0.01340,1.04e-04,0.3920,192.6290,0.00000,0.00000,0.00000,10.00000,1039.18281,0.00000,0.85556,0.00000,0.00000,0.13808,1.84768,3.95593,0.69000,0.64103,0.62500,0.00000,0.75364,0.00000,0.00000,0.00000,0.00000,1352.61450,-0.02522,-0.13398,0.22534,-0.01957,0.42640,0.75289,-0.07540,0.53982,-0.04466,-0.04007,0.15234,0.28849,0.34466,3.25854,3.11000,0.00000,0.12988,2.70518,2.73102,0.93000,0.92105,0.88889,0.81000,0.77922,0.76471,0.72328
1161,0.5390,114229248,61891,0.01367,1.00e-04,0.3920,185.1802,0.00000,0.00000,0.00000,10.00000,1044.00265,0.00000,0.88997,0.00000,0.00000,0.13861,1.85390,4.07967,0.65049,0.63529,0.16667,0.00000,0.75411,0.00000,0.00000,0.00000,0.00000,1332.72664,-0.02508,-0.13201,0.22662,-0.01949,0.42643,0.75338,-0.07539,0.54146,-0.04314,-0.03998,0.15272,0.29000,0.34416,3.18243,2.97666,0.00000,0.13017,2.71179,2.46923,0.93204,0.91250,1.00000,0.79126,0.76970,0.50000,0.72078
1162,0.5394,114327552,62306,0.01394,1.01e-04,0.3921,187.8698,0.00000,0.00000,0.00000,10.00000,1137.30216,0.00000,0.81019,0.00000,0.00000,0.13755,1.86170,3.80750,0.71875,0.63768,0.77778,0.00000,0.75110,0.00000,0.00000,0.00000,0.00000,1312.47070,-0.02492,-0.12991,0.22723,-0.01937,0.42660,0.75039,-0.07546,0.54465,-0.04258,-0.03984,0.15386,0.29049,0.34419,2.96909,2.76588,0.00000,0.12962,2.71830,2.35131,0.95833,0.94366,1.00000,0.83854,0.79286,0.88889,0.72096
1163,0.5399,114425856,61462,0.01468,9.13e-05,0.3921,173.0579,0.00000,0.00000,0.00000,10.00000,1122.56925,0.00000,0.74434,0.00000,0.00000,0.13702,1.86141,3.73573,0.68932,0.65789,0.57143,0.00000,0.74958,0.00000,0.00000,0.00000,0.00000,1321.33537,-0.02500,-0.13095,0.22636,-0.01960,0.42553,0.74893,-0.07498,0.54583,-0.04140,-0.03979,0.15390,0.28988,0.34392,3.07450,3.05473,0.00000,0.12855,2.70611,2.49828,0.96117,0.95161,0.90909,0.82524,0.78986,0.72000,0.71958
1164,0.5403,114524160,62389,0.01409,1.03e-04,0.3922,187.1914,0.00000,0.00000,0.00000,10.00000,1066.71094,0.00000,0.83900,0.00000,0.00000,0.13690,1.86720,4.29921,0.62245,0.53333,0.60000,0.00000,0.75052,0.00000,0.00000,0.00000,0.00000,1330.72485,-0.02525,-0.13169,0.22560,-0.01900,0.42501,0.74982,-0.07515,0.54315,-0.04313,-0.03975,0.15337,0.28816,0.34368,3.28484,4.26285,0.00000,0.12818,2.67933,2.57616,0.95918,0.95890,0.75000,0.79082,0.74324,0.66667,0.71841
1165,0.5407,114622464,62484,0.01367,1.04e-04,0.3923,193.0221,0.00000,0.00000,0.00000,10.00000,1174.44357,0.00000,0.82185,0.00000,0.00000,0.13760,1.86775,3.74675,0.77686,0.75789,0.50000,0.00000,0.75204,0.00000,0.00000,0.00000,0.00000,1348.18042,-0.02538,-0.13338,0.22405,-0.01846,0.42480,0.75131,-0.07449,0.53807,-0.04409,-0.04028,0.15198,0.28590,0.34405,3.09545,3.77333,0.00000,0.12820,2.65031,2.53822,0.97521,0.96429,1.00000,0.87603,0.85475,0.75000,0.72027
1166,0.5412,114720768,62262,0.01291,1.21e-04,0.3923,206.1372,0.00000,0.00000,0.00000,10.00000,1113.40456,0.00000,0.83878,0.00000,0.00000,0.13818,1.83181,3.85968,0.73529,0.67901,0.88889,0.00000,0.75053,0.00000,0.00000,0.00000,0.00000,1345.13542,-0.02561,-0.13320,0.22242,-0.01898,0.42354,0.74979,-0.07424,0.53252,-0.04390,-0.04012,0.15026,0.28370,0.34390,2.95657,2.60250,0.00000,0.12862,2.64890,2.21766,0.94118,0.93151,0.88889,0.83824,0.79870,0.88889,0.71952
1167,0.5416,114819072,62129,0.01407,1.24e-04,0.3924,192.0921,0.00000,0.00000,0.00000,10.00000,1160.81801,0.00000,0.80117,0.00000,0.00000,0.13755,1.82761,3.59614,0.76842,0.71831,0.33333,0.00000,0.74517,0.00000,0.00000,0.00000,0.00000,1353.07503,-0.02543,-0.13389,0.22360,-0.01928,0.42106,0.74445,-0.07484,0.53407,-0.04430,-0.04023,0.15102,0.28506,0.34288,2.98457,2.01500,0.00000,0.12963,2.66789,2.41311,0.90526,0.89394,0.50000,0.83684,0.80292,0.42857,0.71441
1168,0.5421,114917376,61850,0.01526,9.13e-05,0.3924,198.9266,0.00000,0.00000,0.00000,10.00000,1079.78018,0.00000,0.80177,0.00000,0.00000,0.14068,1.84123,3.85478,0.63636,0.57576,0.55556,0.00000,0.74680,0.00000,0.00000,0.00000,0.00000,1358.87500,-0.02557,-0.13448,0.22339,-0.01874,0.42174,0.74612,-0.07518,0.53340,-0.04417,-0.04011,0.15135,0.28517,0.34327,2.93759,3.59272,0.00000,0.12803,2.66103,2.25710,0.94318,0.91803,1.00000,0.78977,0.74016,0.73333,0.71635
1169,0.5425,115015680,62053,0.01108,1.31e-04,0.3925,189.7466,0.00000,0.00000,0.00000,10.00000,1159.26215,0.00000,0.76543,0.00000,0.00000,0.13750,1.86300,4.21310,0.70000,0.67164,0.50000,0.00000,0.74446,0.00000,0.00000,0.00000,0.00000,1339.16650,-0.02533,-0.13253,0.22438,-0.01871,0.42095,0.74378,-0.07569,0.53974,-0.04153,-0.04013,0.15289,0.28693,0.34232,3.25024,3.11066,0.00000,0.12846,2.67930,2.39108,0.97778,0.96491,1.00000,0.83889,0.80645,0.73684,0.71159
1170,0.5430,115113984,62102,0.01319,1.34e-04,0.3925,220.7330,0.00000,0.00000,0.00000,10.00000,1114.84220,0.00000,0.78125,0.00000,0.00000,0.13690,1.87428,3.48852,0.66667,0.60274,0.70000,0.00000,0.74533,0.00000,0.00000,0.00000,0.00000,1333.91195,-0.02524,-0.13207,0.22557,-0.01926,0.42296,0.74473,-0.07458,0.54352,-0.03870,-0.03978,0.15327,0.28838,0.34250,2.78992,2.73882,0.00000,0.12824,2.68478,2.24319,0.95833,0.95161,0.90909,0.81250,0.76296,0.80952,0.71248
1171,0.5434,115212288,62252,0.01512,8.05e-05,0.3925,176.8276,0.00000,0.00000,0.00000,10.00000,1110.85688,0.00000,0.82474,0.00000,0.00000,0.13591,1.89661,4.06148,0.65979,0.59211,0.71429,0.00000,0.75233,0.00000,0.00000,0.00000,0.00000,1365.27718,-0.02518,-0.13496,0.22662,-0.01894,0.42525,0.75166,-0.07523,0.54686,-0.04463,-0.04023,0.15396,0.28924,0.34424,3.09508,2.62363,0.00000,0.12779,2.68633,2.37028,0.96907,0.95588,1.00000,0.81443,0.76389,0.84615,0.72121
1172,0.5438,115310592,62418,0.01233,8.39e-05,0.3926,198.3280,0.00000,0.00000,0.00000,10.00000,1138.00165,0.00000,0.73718,0.00000,0.00000,0.13945,1.90426,3.94088,0.75000,0.69333,0.80000,0.00000,0.76102,0.00000,0.00000,0.00000,0.00000,1339.06380,-0.02503,-0.13264,0.22736,-0.01886,0.42953,0.76038,-0.07586,0.54454,-0.04508,-0.04043,0.15415,0.29024,0.34611,3.15220,2.99333,0.00000,0.12766,2.68277,2.41753,0.94231,0.92063,0.93333,0.84615,0.79710,0.86667,0.73055
1173,0.5443,115408896,62133,0.01382,8.35e-05,0.3926,200.3897,0.00000,0.00000,0.00000,10.00000,1144.95044,0.00000,0.85859,0.00000,0.00000,0.14077,1.93298,3.74000,0.75758,0.70370,1.00000,0.00000,0.75988,0.00000,0.00000,0.00000,0.00000,1338.54102,-0.02495,-0.13252,0.22818,-0.01911,0.42979,0.75924,-0.07555,0.54541,-0.04217,-0.04039,0.15487,0.29161,0.34597,3.14263,3.22600,0.00000,0.12779,2.66537,2.63405,0.96970,0.95833,1.00000,0.86364,0.82353,1.00000,0.72984
1174,0.5447,115507200,61896,0.01406,1.01e-04,0.3927,189.6905,0.00000,0.00000,0.00000,10.00000,1121.76957,0.00000,0.80138,0.00000,0.00000,0.13824,1.94721,4.02125,0.71681,0.62651,0.90000,0.00000,0.75893,0.00000,0.00000,0.00000,0.00000,1333.78931,-0.02507,-0.13195,0.22779,-0.01924,0.42824,0.75829,-0.07554,0.54721,-0.03992,-0.04024,0.15502,0.29094,0.34559,3.07510,2.93473,0.00000,0.12785,2.65599,2.37908,0.94690,0.93750,0.90909,0.83186,0.77914,0.90476,0.72797
1175,0.5452,115605504,61513,0.01505,7.77e-05,0.3927,204.5925,0.00000,0.00000,0.00000,10.00000,1194.16253,0.00000,0.82126,0.00000,0.00000,0.13813,1.94934,4.15746,0.83696,0.78873,1.00000,0.00000,0.75392,0.00000,0.00000,0.00000,0.00000,1338.44840,-0.02494,-0.13244,0.22801,-0.01908,0.42649,0.75325,-0.07536,0.54623,-0.04052,-0.04020,0.15521,0.29211,0.34462,3.13147,3.62250,0.00000,0.12988,2.65072,2.15212,0.95652,0.93846,1.00000,0.89674,0.86029,1.00000,0.72310
1176,0.5456,115703808,62013,0.01229,1.12e-04,0.3928,184.6528,0.00000,0.00000,0.00000,10.00000,1192.39551,0.00000,0.72222,0.00000,0.00000,0.13721,1.94043,4.24204,0.81250,0.77778,0.66667,0.00000,0.75182,0.00000,0.00000,0.00000,0.00000,1364.22404,-0.02498,-0.13495,0.22803,-0.01864,0.42481,0.75110,-0.07488,0.54913,-0.04299,-0.04020,0.15523,0.29190,0.34408,3.21132,3.25000,0.00000,0.12856,2.66503,2.32526,0.95000,0.92000,1.00000,0.88125,0.84615,0.84211,0.72042
1177,0.5461,115802112,62258,0.01663,8.05e-05,0.3929,185.0607,0.00000,0.00000,0.00000,10.00000,1150.18721,0.00000,0.84688,0.00000,0.00000,0.13542,1.93959,3.76862,0.73171,0.70588,0.33333,0.00000,0.75618,0.00000,0.00000,0.00000,0.00000,1373.28776,-0.02492,-0.13586,0.22899,-0.01926,0.42625,0.75546,-0.07650,0.55016,-0.03904,-0.04020,0.15587,0.29244,0.34438,3.02518,3.23600,0.00000,0.12984,2.69619,2.36000,0.95122,0.92982,1.00000,0.84146,0.80800,0.66667,0.72192
1178,0.5465,115900416,62031,0.01331,7.77e-05,0.3929,174.6661,0.00000,0.00000,0.00000,10.00000,1129.26953,0.00000,0.80189,0.00000,0.00000,0.13926,1.94322,3.75573,0.68868,0.62500,0.66667,0.00000,0.76037,0.00000,0.00000,0.00000,0.00000,1345.67806,-0.02471,-0.13315,0.23025,-0.01971,0.43090,0.75967,-0.07609,0.55186,-0.03901,-0.04033,0.15589,0.29417,0.34576,2.94926,2.54666,0.00000,0.12821,2.70463,2.29333,0.94340,0.91781,1.00000,0.81604,0.76471,0.82353,0.72878
1179,0.5470,115998720,62324,0.01218,1.12e-04,0.3929,197.2188,0.00000,0.00000,0.00000,10.00000,1169.31055,0.00000,0.78125,0.00000,0.00000,0.13715,1.93312,3.72983,0.75000,0.69444,0.71429,0.00000,0.76071,0.00000,0.00000,0.00000,0.00000,1351.53556,-0.02467,-0.13375,0.23108,-0.01943,0.43178,0.75999,-0.07468,0.55679,-0.04308,-0.04019,0.15711,0.29478,0.34588,3.08409,3.04400,0.00000,0.12738,2.72229,2.48727,0.96875,0.96825,0.83333,0.85938,0.82222,0.76923,0.72939
1180,0.5474,116097024,62341,0.01559,8.19e-05,0.3930,171.2455,0.00000,0.00000,0.00000,10.00000,1186.05878,0.00000,0.77249,0.00000,0.00000,0.13454,1.91290,3.46058,0.76190,0.72152,0.72727,0.00000,0.75960,0.00000,0.00000,0.00000,0.00000,1329.99268,-0.02478,-0.13168,0.22937,-0.01953,0.43046,0.75890,-0.07428,0.55387,-0.04056,-0.04028,0.15568,0.29250,0.34577,2.93200,3.34571,0.00000,0.12826,2.71994,2.41831,0.98095,0.97015,1.00000,0.87143,0.83562,0.82353,0.72887
1181,0.5478,116195328,61927,0.01065,9.32e-05,0.3930,202.0951,0.00000,0.00000,0.00000,10.00000,1183.61648,0.00000,0.77778,0.00000,0.00000,0.13452,1.88939,3.78105,0.75000,0.70833,0.50000,0.00000,0.75651,0.00000,0.00000,0.00000,0.00000,1318.97201,-0.02491,-0.13061,0.22848,-0.01927,0.42800,0.75576,-0.07419,0.54967,-0.04273,-0.04002,0.15510,0.29145,0.34487,3.01606,2.70833,0.00000,0.12952,2.71544,2.43466,0.97000,0.97059,0.87500,0.86000,0.83571,0.68750,0.72437
1182,0.5483,116293632,62218,0.01308,8.39e-05,0.3931,208.0572,0.00000,0.00000,0.00000,10.00000,1110.39185,0.00000,0.82176,0.00000,0.00000,0.13735,1.87590,3.74245,0.67708,0.63014,0.33333,0.00000,0.75457,0.00000,0.00000,0.00000,0.00000,1320.79053,-0.02507,-0.13074,0.22851,-0.01911,0.42726,0.75393,-0.07415,0.54661,-0.03978,-0.04005,0.15445,0.29124,0.34465,3.15252,2.45200,0.00000,0.12926,2.71977,2.71454,0.93750,0.91304,1.00000,0.80729,0.76761,0.55556,0.72326
1183,0.5487,116391936,62274,0.01440,9.31e-05,0.3932,162.1778,0.00000,0.00000,0.00000,10.00000,1157.61868,0.00000,0.76190,0.00000,0.00000,0.13861,1.90036,3.82381,0.74286,0.69333,0.66667,0.00000,0.75247,0.00000,0.00000,0.00000,0.00000,1300.71704,-0.02492,-0.12886,0.22918,-0.01889,0.42656,0.75185,-0.07460,0.54805,-0.03810,-0.03989,0.15535,0.29246,0.34394,3.07985,2.87652,0.00000,0.12871,2.71239,2.47117,0.96190,0.94203,1.00000,0.85238,0.81250,0.83333,0.71970
1184,0.5492,116490240,62335,0.01542,8.19e-05,0.3932,178.5355,0.00000,0.00000,0.00000,10.00000,1055.22228,0.00000,0.84229,0.00000,0.00000,0.13649,1.89313,4.00218,0.60215,0.57143,0.60000,0.00000,0.74821,0.00000,0.00000,0.00000,0.00000,1308.09920,-0.02508,-0.12950,0.22757,-0.01895,0.42506,0.74766,-0.07445,0.54747,-0.03805,-0.03969,0.15458,0.29008,0.34357,3.05675,3.04285,0.00000,0.12812,2.69464,2.29206,0.95699,0.95312,0.87500,0.77957,0.74468,0.72222,0.71783
1185,0.5496,116588544,62247,0.01183,1.04e-04,0.3933,201.0642,0.00000,0.00000,0.00000,10.00000,1162.45879,0.00000,0.79646,0.00000,0.00000,0.13625,1.88546,3.86149,0.74336,0.65476,1.00000,0.00000,0.74864,0.00000,0.00000,0.00000,0.00000,1344.15568,-0.02515,-0.13300,0.22800,-0.01905,0.42454,0.74806,-0.07453,0.54827,-0.04145,-0.03993,0.15393,0.29020,0.34354,3.22840,3.72400,0.00000,0.12828,2.69945,2.71735,0.98230,0.97436,1.00000,0.86283,0.80864,1.00000,0.71769
1186,0.5501,116686848,62383,0.01529,9.24e-05,0.3934,196.4133,0.00000,0.00000,0.00000,10.00000,1150.01467,0.00000,0.82359,0.00000,0.00000,0.13696,1.85011,3.57291,0.73684,0.72043,0.50000,0.00000,0.75095,0.00000,0.00000,0.00000,0.00000,1345.52384,-0.02521,-0.13316,0.22621,-0.01870,0.42538,0.75034,-0.07495,0.54116,-0.04318,-0.04012,0.15286,0.28794,0.34379,2.98483,3.57800,0.00000,0.12926,2.69838,2.35703,0.93860,0.92105,0.80000,0.83772,0.81065,0.61538,0.71894
1187,0.5505,116785152,62312,0.01213,1.01e-04,0.3934,221.5343,0.00000,0.00000,0.00000,10.00000,1096.31465,0.00000,0.80499,0.00000,0.00000,0.13671,1.83938,3.66250,0.70408,0.67089,0.66667,0.00000,0.75311,0.00000,0.00000,0.00000,0.00000,1342.58431,-0.02530,-0.13281,0.22528,-0.01927,0.42686,0.75252,-0.07540,0.53701,-0.03894,-0.04013,0.15165,0.28725,0.34445,3.09612,2.70800,0.00000,0.13085,2.69700,2.53846,0.93878,0.92063,0.87500,0.82143,0.78169,0.76471,0.72228
1188,0.5509,116883456,62265,0.01396,1.20e-04,0.3935,187.8822,0.00000,0.00000,0.00000,10.00000,1217.63218,0.00000,0.85297,0.00000,0.00000,0.14051,1.85306,3.68266,0.77778,0.72368,0.75000,0.00000,0.75229,0.00000,0.00000,0.00000,0.00000,1330.12427,-0.02514,-0.13159,0.22855,-0.01962,0.42583,0.75169,-0.07543,0.53941,-0.04162,-0.04006,0.15334,0.29134,0.34404,2.82086,2.98750,0.00000,0.13138,2.72016,2.17450,0.98990,0.98684,1.00000,0.88384,0.85526,0.87500,0.72019
1189,0.5514,116981760,62329,0.01825,6.91e-05,0.3935,175.5108,0.00000,0.00000,0.00000,10.00000,1113.14191,0.00000,0.75163,0.00000,0.00000,0.13829,1.88654,4.40453,0.72941,0.67742,0.72727,0.00000,0.75261,0.00000,0.00000,0.00000,0.00000,1323.78223,-0.02500,-0.13097,0.22911,-0.01918,0.42666,0.75199,-0.07529,0.54719,-0.03633,-0.04001,0.15410,0.29206,0.34459,3.44440,3.96307,0.00000,0.12917,2.72351,2.53571,0.95294,0.96226,0.71429,0.84118,0.80870,0.72222,0.72294
1190,0.5518,117080064,62041,0.01095,6.42e-05,0.3936,157.6619,0.00000,0.00000,0.00000,10.00000,1136.85414,0.00000,0.77423,0.00000,0.00000,0.13936,1.89945,3.96836,0.72340,0.66667,0.70000,0.00000,0.75350,0.00000,0.00000,0.00000,0.00000,1308.84774,-0.02476,-0.12964,0.23116,-0.01953,0.42700,0.75291,-0.07520,0.55293,-0.03954,-0.04001,0.15647,0.29514,0.34441,3.06500,2.96625,0.00000,0.12861,2.75162,2.34493,0.95745,0.96774,0.80000,0.84043,0.80916,0.75000,0.72205
1191,0.5523,117178368,62124,0.01199,8.39e-05,0.3937,181.6254,0.00000,0.00000,0.00000,10.00000,1151.35809,0.00000,0.76471,0.00000,0.00000,0.13704,1.90088,3.76070,0.77647,0.75806,0.60000,0.00000,0.75347,0.00000,0.00000,0.00000,0.00000,1284.80371,-0.02472,-0.12734,0.23119,-0.01930,0.42683,0.75289,-0.07533,0.55515,-0.03580,-0.03974,0.15667,0.29474,0.34453,3.04666,2.79579,0.00000,0.12832,2.75719,2.40063,0.95294,0.92727,1.00000,0.86471,0.83761,0.81818,0.72263
1192,0.5527,117276672,61700,0.01258,9.24e-05,0.3937,163.1743,0.00000,0.00000,0.00000,10.00000,1143.08203,0.00000,0.89325,0.00000,0.00000,0.13599,1.88782,3.69042,0.75490,0.73256,0.60000,0.00000,0.75023,0.00000,0.00000,0.00000,0.00000,1297.14266,-0.02488,-0.12848,0.22998,-0.01886,0.42531,0.74962,-0.07550,0.55339,-0.03839,-0.03967,0.15577,0.29284,0.34291,3.02145,3.28000,0.00000,0.12786,2.74098,2.42775,0.97059,0.96154,1.00000,0.86275,0.84146,0.80000,0.71457
1193,0.5532,117374976,61755,0.01391,1.01e-04,0.3938,187.1440,0.00000,0.00000,0.00000,10.00000,1162.04360,0.00000,0.72421,0.00000,0.00000,0.13636,1.86362,4.00792,0.72321,0.60294,0.73333,0.00000,0.75061,0.00000,0.00000,0.00000,0.00000,1304.25358,-0.02513,-0.12917,0.22755,-0.01893,0.42466,0.74998,-0.07524,0.54584,-0.03891,-0.03997,0.15419,0.28964,0.34290,3.01546,3.52296,0.00000,0.12863,2.71369,2.41773,0.93750,0.91026,1.00000,0.83036,0.76712,0.87097,0.71449
1194,0.5536,117473280,61835,0.01379,1.12e-04,0.3939,179.5107,0.00000,0.00000,0.00000,10.00000,1137.46547,0.00000,0.78256,0.00000,0.00000,0.13643,1.86917,3.70122,0.67742,0.61194,0.55556,0.00000,0.75130,0.00000,0.00000,0.00000,0.00000,1301.19043,-0.02516,-0.12882,0.22751,-0.01835,0.42550,0.75067,-0.07579,0.54619,-0.03759,-0.03971,0.15410,0.28933,0.34382,2.93966,2.55846,0.00000,0.12804,2.71704,2.39088,0.94624,0.93750,0.87500,0.81183,0.77099,0.70588,0.71909
1195,0.5541,117571584,61703,0.01311,1.21e-04,0.3939,179.0374,0.00000,0.00000,0.00000,10.00000,1157.47796,0.00000,0.77877,0.00000,0.00000,0.13640,1.87920,3.85064,0.68750,0.62195,0.50000,0.00000,0.75369,0.00000,0.00000,0.00000,0.00000,1317.20044,-0.02527,-0.13033,0.22621,-0.01865,0.42576,0.75304,-0.07536,0.54298,-0.03685,-0.03990,0.15326,0.28813,0.34441,3.04042,2.84933,0.00000,0.12849,2.68590,2.40456,0.95536,0.93333,1.00000,0.82143,0.77070,0.76471,0.72206
1196,0.5545,117669888,61460,0.01439,1.21e-04,0.3940,168.7426,0.00000,0.00000,0.00000,10.00000,1162.29387,0.00000,0.81197,0.00000,0.00000,0.13785,1.89775,3.82785,0.78022,0.72464,0.83333,0.00000,0.75343,0.00000,0.00000,0.00000,0.00000,1296.97087,-0.02506,-0.12855,0.22774,-0.01887,0.42604,0.75281,-0.07551,0.54614,-0.03773,-0.03989,0.15470,0.28996,0.34435,3.01504,2.56600,0.00000,0.12777,2.69177,2.31477,0.94505,0.93750,0.80000,0.86264,0.82707,0.81818,0.72174
1197,0.5550,117768192,61900,0.01402,1.25e-04,0.3940,174.8975,0.00000,0.00000,0.00000,10.00000,1125.23047,0.00000,0.75694,0.00000,0.00000,0.13691,1.91358,4.34808,0.72500,0.66667,0.66667,0.00000,0.74771,0.00000,0.00000,0.00000,0.00000,1296.93547,-0.02494,-0.12846,0.22958,-0.01929,0.42341,0.74712,-0.07516,0.54997,-0.03702,-0.03977,0.15552,0.29256,0.34324,3.29673,3.71846,0.00000,0.12911,2.70086,2.42982,0.96250,0.96154,0.87500,0.84375,0.80734,0.76471,0.71618
1198,0.5554,117866496,61958,0.01554,1.00e-04,0.3941,183.0844,0.00000,0.00000,0.00000,10.00000,1123.56005,0.00000,0.89147,0.00000,0.00000,0.13506,1.93455,4.02625,0.69767,0.64179,0.50000,0.00000,0.74913,0.00000,0.00000,0.00000,0.00000,1319.00098,-0.02482,-0.13060,0.23016,-0.01860,0.42375,0.74855,-0.07628,0.55339,-0.03821,-0.03985,0.15676,0.29288,0.34371,2.95262,2.65600,0.00000,0.12842,2.70826,2.25621,0.97674,0.97183,1.00000,0.83721,0.81159,0.71429,0.71857
1199,0.5559,117964800,62251,0.01183,1.44e-04,0.3941,202.6418,0.00000,0.00000,0.00000,10.00000,1177.15084,0.00000,0.79060,0.00000,0.00000,0.13569,1.91740,3.79677,0.74038,0.70886,0.60000,0.00000,0.75538,0.00000,0.00000,0.00000,0.00000,1338.47811,-0.02513,-0.13246,0.22814,-0.01858,0.42655,0.75478,-0.07708,0.54827,-0.04250,-0.04022,0.15506,0.29076,0.34464,2.88681,2.65714,0.00000,0.12873,2.68064,2.14447,0.99038,0.98551,1.00000,0.86538,0.83784,0.77778,0.72318
1200,0.5563,118063104,62307,0.01570,9.24e-05,0.3942,187.0757,0.00000,0.00000,0.00000,10.00000,1122.04828,0.00000,0.85000,0.00000,0.00000,0.13535,1.91248,4.13408,0.80000,0.76543,0.87500,0.00000,0.75438,0.00000,0.00000,0.00000,0.00000,1332.46411,-0.02508,-0.13182,0.22750,-0.01836,0.42667,0.75379,-0.07680,0.54689,-0.03716,-0.04023,0.15429,0.29000,0.34479,3.12317,3.94533,0.00000,0.12879,2.68715,2.15324,0.94000,0.91667,1.00000,0.87000,0.83660,0.93333,0.72394
1201,0.5568,118161408,62197,0.01374,9.12e-05,0.3942,210.4914,0.00000,0.00000,0.00000,10.00000,1113.45417,0.00000,0.76720,0.00000,0.00000,0.13579,1.89905,3.94167,0.69524,0.67532,0.36364,0.00000,0.75445,0.00000,0.00000,0.00000,0.00000,1320.23226,-0.02516,-0.13066,0.22753,-0.01907,0.42638,0.75388,-0.07578,0.54576,-0.03838,-0.04027,0.15414,0.28995,0.34502,3.20030,3.54545,0.00000,0.12926,2.68714,2.58250,0.95238,0.94118,0.87500,0.82381,0.80000,0.57895,0.72510
1202,0.5572,118259712,61763,0.01382,9.24e-05,0.3943,188.5030,0.00000,0.00000,0.00000,10.00000,1124.32008,0.00000,0.81408,0.00000,0.00000,0.13759,1.91690,3.87477,0.74257,0.68354,0.87500,0.00000,0.75600,0.00000,0.00000,0.00000,0.00000,1303.16862,-0.02506,-0.12903,0.22882,-0.01897,0.42748,0.75538,-0.07562,0.54778,-0.03829,-0.04003,0.15488,0.29180,0.34499,3.09111,2.98571,0.00000,0.12915,2.68983,2.36343,0.92079,0.89855,0.87500,0.83168,0.78378,0.87500,0.72495
1203,0.5576,118358016,62066,0.01649,7.16e-05,0.3943,191.1243,0.00000,0.00000,0.00000,10.00000,1194.22848,0.00000,0.78798,0.00000,0.00000,0.13634,1.93275,3.47356,0.74490,0.66197,0.87500,0.00000,0.75480,0.00000,0.00000,0.00000,0.00000,1289.79940,-0.02518,-0.12772,0.22848,-0.01908,0.42706,0.75418,-0.07544,0.54732,-0.03742,-0.04004,0.15484,0.29067,0.34531,2.81940,3.48000,0.00000,0.12917,2.66467,2.29784,0.95918,0.94118,1.00000,0.85204,0.79856,0.93750,0.72657
1204,0.5581,118456320,62013,0.01294,7.61e-05,0.3944,172.6461,0.00000,0.00000,0.00000,10.00000,1152.46000,0.00000,0.81667,0.00000,0.00000,0.13814,1.93532,3.59261,0.74000,0.71429,0.60000,0.00000,0.74947,0.00000,0.00000,0.00000,0.00000,1307.82593,-0.02508,-0.12938,0.22810,-0.01872,0.42451,0.74881,-0.07547,0.54523,-0.03971,-0.04008,0.15455,0.29053,0.34391,2.99666,2.69167,0.00000,0.12893,2.64275,2.46603,0.96000,0.94286,1.00000,0.85000,0.82313,0.75000,0.71957
1205,0.5585,118554624,62152,0.01157,1.10e-04,0.3944,170.1924,0.00000,0.00000,0.00000,10.00000,1219.75567,0.00000,0.74269,0.00000,0.00000,0.13912,1.92903,3.89241,0.76842,0.70588,0.71429,0.00000,0.74733,0.00000,0.00000,0.00000,0.00000,1299.71663,-0.02533,-0.12866,0.22597,-0.01834,0.42330,0.74670,-0.07559,0.54200,-0.03695,-0.03984,0.15352,0.28791,0.34432,3.10403,2.87143,0.00000,0.12710,2.62656,2.41121,0.97895,0.96610,1.00000,0.87368,0.82677,0.86667,0.72160
1206,0.5590,118652928,61969,0.01500,1.10e-04,0.3945,200.3026,0.00000,0.00000,0.00000,10.00000,1174.50759,0.00000,0.73728,0.00000,0.00000,0.13610,1.91360,3.72815,0.64486,0.59259,0.44444,0.00000,0.74596,0.00000,0.00000,0.00000,0.00000,1313.03149,-0.02557,-0.12987,0.22318,-0.01827,0.42269,0.74533,-0.07580,0.53687,-0.04164,-0.04015,0.15216,0.28464,0.34340,2.84950,2.63000,0.00000,0.12858,2.58893,2.13060,0.97196,0.95082,1.00000,0.80841,0.74648,0.70588,0.71699
1207,0.5594,118751232,62361,0.01267,1.44e-04,0.3945,185.0971,0.00000,0.00000,0.00000,10.00000,1172.53906,0.00000,0.78405,0.00000,0.00000,0.13527,1.91578,3.67027,0.72581,0.65979,0.85714,0.00000,0.74687,0.00000,0.00000,0.00000,0.00000,1325.73218,-0.02579,-0.13107,0.22101,-0.01792,0.42283,0.74623,-0.07563,0.53041,-0.04299,-0.04035,0.15011,0.28175,0.34373,3.04090,3.23692,0.00000,0.13003,2.54375,2.46592,0.97581,0.96154,1.00000,0.85081,0.79429,0.92308,0.71866
1208,0.5599,118849536,61835,0.01536,1.41e-04,0.3946,210.4868,0.00000,0.00000,0.00000,10.00000,1161.76685,0.00000,0.85518,0.00000,0.00000,0.13644,1.89938,3.83548,0.77528,0.73239,0.85714,0.00000,0.74350,0.00000,0.00000,0.00000,0.00000,1332.10677,-0.02587,-0.13180,0.22040,-0.01887,0.42093,0.74278,-0.07562,0.52531,-0.03998,-0.04021,0.14855,0.28129,0.34265,3.02626,2.18000,0.00000,0.13192,2.53947,2.29913,0.96629,0.95455,1.00000,0.87079,0.83942,0.91667,0.71323
1209,0.5603,118947840,62187,0.01404,1.50e-04,0.3947,194.1055,0.00000,0.00000,0.00000,10.00000,1165.46135,0.00000,0.83333,0.00000,0.00000,0.13707,1.89950,3.64630,0.76316,0.70930,0.66667,0.00000,0.74146,0.00000,0.00000,0.00000,0.00000,1341.43099,-0.02566,-0.13267,0.22188,-0.01925,0.41932,0.74078,-0.07572,0.52962,-0.04070,-0.04025,0.14942,0.28346,0.34230,3.08726,3.11333,0.00000,0.13124,2.56967,2.60143,0.94737,0.92941,1.00000,0.85526,0.81871,0.80000,0.71148
1210,0.5608,119046144,61748,0.01522,1.10e-04,0.3947,219.9413,0.00000,0.00000,0.00000,10.00000,1154.72635,0.00000,0.75826,0.00000,0.00000,0.13529,1.89396,4.15137,0.81081,0.76923,0.80000,0.00000,0.74264,0.00000,0.00000,0.00000,0.00000,1348.72396,-0.02555,-0.13343,0.22169,-0.01896,0.41985,0.74199,-0.07617,0.53280,-0.04039,-0.04027,0.14967,0.28306,0.34258,3.15943,2.90000,0.00000,0.13007,2.58462,2.23963,0.94595,0.93878,0.90000,0.87838,0.85149,0.85000,0.71289
1211,0.5612,119144448,61982,0.01142,1.58e-04,0.3948,191.8832,0.00000,0.00000,0.00000,10.00000,1187.42179,0.00000,0.75531,0.00000,0.00000,0.13782,1.92699,4.13500,0.78652,0.74627,0.60000,0.00000,0.74312,0.00000,0.00000,0.00000,0.00000,1375.67725,-0.02537,-0.13601,0.22474,-0.01951,0.42113,0.74240,-0.07589,0.53635,-0.03851,-0.04036,0.15170,0.28691,0.34274,3.18108,3.56000,0.00000,0.13048,2.59993,2.20982,0.93258,0.92593,0.71429,0.85955,0.82645,0.66667,0.71368
1212,0.5617,119242752,61767,0.01564,1.10e-04,0.3948,208.4010,0.00000,0.00000,0.00000,10.00000,1097.06774,0.00000,0.75817,0.00000,0.00000,0.13967,1.93991,4.05372,0.74118,0.70000,0.66667,0.00000,0.75166,0.00000,0.00000,0.00000,0.00000,1383.16406,-0.02536,-0.13674,0.22631,-0.01976,0.42509,0.75092,-0.07600,0.53916,-0.04312,-0.04057,0.15195,0.28889,0.34405,3.25426,3.47300,0.00000,0.12988,2.61278,2.61719,0.94118,0.91071,1.00000,0.84118,0.80172,0.83333,0.72024
1213,0.5621,119341056,62170,0.01240,1.20e-04,0.3949,180.5644,0.00000,0.00000,0.00000,10.00000,1146.77008,0.00000,0.87747,0.00000,0.00000,0.13890,1.97082,3.74246,0.74766,0.72043,0.75000,0.00000,0.75465,0.00000,0.00000,0.00000,0.00000,1357.10474,-0.02500,-0.13421,0.22948,-0.01934,0.42673,0.75385,-0.07620,0.54631,-0.03717,-0.04047,0.15413,0.29308,0.34472,3.09798,3.47000,0.00000,0.13087,2.64954,2.47895,0.97196,0.96053,1.00000,0.85981,0.82840,0.85714,0.72362
1214,0.5625,119439360,62033,0.01434,1.10e-04,0.3949,187.4918,0.00000,0.00000,0.00000,10.00000,1105.43945,0.00000,0.75397,0.00000,0.00000,0.13671,1.97608,4.11117,0.73214,0.67089,0.75000,0.00000,0.76008,0.00000,0.00000,0.00000,0.00000,1348.11621,-0.02486,-0.13343,0.23014,-0.02027,0.43128,0.75923,-0.07513,0.54959,-0.03633,-0.04096,0.15436,0.29354,0.34619,3.29342,3.71692,0.00000,0.13096,2.65951,2.63143,0.94643,0.94521,0.86667,0.83929,0.80263,0.80645,0.73094
1215,0.5630,119537664,62302,0.01987,7.61e-05,0.3949,178.4726,0.00000,0.00000,0.00000,10.00000,1189.11456,0.00000,0.81958,0.00000,0.00000,0.13753,1.96686,3.82294,0.80198,0.74684,1.00000,0.00000,0.75943,0.00000,0.00000,0.00000,0.00000,1347.23153,-0.02463,-0.13328,0.23058,-0.01967,0.43092,0.75863,-0.07445,0.55274,-0.03870,-0.04071,0.15546,0.29451,0.34608,3.06559,2.58000,0.00000,0.12963,2.67137,2.37893,0.98020,0.97143,1.00000,0.89109,0.85235,1.00000,0.73042
1216,0.5634,119635968,62181,0.01252,9.32e-05,0.3950,183.1623,0.00000,0.00000,0.00000,10.00000,1197.80476,0.00000,0.84708,0.00000,0.00000,0.13652,1.94269,3.54955,0.82178,0.77922,0.83333,0.00000,0.75775,0.00000,0.00000,0.00000,0.00000,1334.41756,-0.02489,-0.13207,0.22826,-0.01964,0.42910,0.75697,-0.07520,0.54778,-0.03800,-0.04070,0.15336,0.29154,0.34597,2.97782,2.75273,0.00000,0.13004,2.65273,2.49900,0.96040,0.94805,1.00000,0.89109,0.86364,0.91667,0.72987
1217,0.5639,119734272,62333,0.01259,9.32e-05,0.3950,202.9881,0.00000,0.00000,0.00000,10.00000,1075.63203,0.00000,0.83951,0.00000,0.00000,0.13559,1.95535,3.41517,0.71111,0.64286,0.87500,0.00000,0.75407,0.00000,0.00000,0.00000,0.00000,1334.98910,-0.02484,-0.13218,0.22958,-0.01931,0.42798,0.75340,-0.07471,0.55073,-0.04060,-0.04035,0.15463,0.29311,0.34507,3.06378,4.04769,0.00000,0.13078,2.65654,2.76840,0.93333,0.93939,0.75000,0.82222,0.78676,0.81250,0.72537
1218,0.5643,119832576,62537,0.01373,8.70e-05,0.3950,165.8338,0.00000,0.00000,0.00000,10.00000,1094.65567,0.00000,0.82305,0.00000,0.00000,0.13661,2.01556,2.96784,0.66667,0.65079,0.37500,0.00000,0.75676,0.00000,0.00000,0.00000,0.00000,1357.72917,-0.02444,-0.13437,0.23339,-0.01967,0.42909,0.75604,-0.07371,0.56093,-0.03878,-0.04047,0.15748,0.29798,0.34514,2.71536,2.83111,0.00000,0.12936,2.67602,2.50426,0.96296,0.96491,0.83333,0.81481,0.80000,0.57143,0.72572
1219,0.5648,119930880,62156,0.01315,9.13e-05,0.3951,173.2101,0.00000,0.00000,0.00000,10.00000,1136.41173,0.00000,0.81098,0.00000,0.00000,0.13507,2.04684,3.93158,0.75862,0.70000,1.00000,0.00000,0.76157,0.00000,0.00000,0.00000,0.00000,1355.71867,-0.02418,-0.13420,0.23540,-0.01982,0.43331,0.76083,-0.07389,0.56719,-0.03927,-0.04071,0.15863,0.30032,0.34684,3.13712,3.81714,0.00000,0.12949,2.68595,2.39475,0.95402,0.92982,1.00000,0.85632,0.80315,1.00000,0.73421
1220,0.5652,120029184,62240,0.01289,1.31e-04,0.3951,191.8199,0.00000,0.00000,0.00000,10.00000,1139.02568,0.00000,0.84158,0.00000,0.00000,0.13730,2.04711,3.95731,0.79208,0.75309,0.80000,0.00000,0.76629,0.00000,0.00000,0.00000,0.00000,1347.01660,-0.02424,-0.13328,0.23493,-0.02008,0.43591,0.76550,-0.07360,0.56386,-0.03611,-0.04089,0.15783,0.29962,0.34826,3.13915,3.97111,0.00000,0.12911,2.67408,2.40826,0.95050,0.95833,0.66667,0.87129,0.84967,0.72727,0.74129
1221,0.5656,120127488,62625,0.02286,7.23e-05,0.3952,158.0567,0.00000,0.00000,0.00000,10.00000,1160.11065,0.00000,0.79932,0.00000,0.00000,0.13600,2.06046,4.03294,0.78571,0.75000,0.77778,0.00000,0.76614,0.00000,0.00000,0.00000,0.00000,1333.26619,-0.02402,-0.13202,0.23621,-0.02005,0.43653,0.76534,-0.07288,0.56798,-0.03608,-0.04089,0.15891,0.30103,0.34837,3.18949,3.57000,0.00000,0.12918,2.68161,2.38169,0.96939,0.96923,0.87500,0.87755,0.85106,0.82353,0.74186
1222,0.5661,120225792,62121,0.01254,6.96e-05,0.3952,171.9858,0.00000,0.00000,0.00000,10.00000,1167.51319,0.00000,0.79001,0.00000,0.00000,0.13413,2.04630,3.79015,0.81651,0.77333,0.72727,0.00000,0.76501,0.00000,0.00000,0.00000,0.00000,1327.47526,-0.02408,-0.13146,0.23585,-0.01982,0.43586,0.76419,-0.07240,0.56968,-0.03885,-0.04089,0.15890,0.30063,0.34788,3.01320,2.91412,0.00000,0.12908,2.68878,2.36250,0.92661,0.90000,1.00000,0.87156,0.83871,0.84211,0.73940
1223,0.5665,120324096,62223,0.01189,8.19e-05,0.3952,180.9471,0.00000,0.00000,0.00000,10.00000,1190.29824,0.00000,0.84142,0.00000,0.00000,0.13296,2.03069,3.55322,0.77670,0.72368,0.66667,0.00000,0.76308,0.00000,0.00000,0.00000,0.00000,1329.76465,-0.02412,-0.13166,0.23448,-0.01963,0.43449,0.76232,-0.07262,0.56941,-0.03649,-0.04067,0.15863,0.29875,0.34732,2.90149,2.61000,0.00000,0.12787,2.68859,2.42612,0.99029,0.98750,1.00000,0.88350,0.85897,0.83333,0.73658
1224,0.5670,120422400,62026,0.01418,7.25e-05,0.3952,201.7213,0.00000,0.00000,0.00000,10.00000,1149.79847,0.00000,0.82200,0.00000,0.00000,0.13279,2.00012,3.28338,0.80612,0.77778,0.66667,0.00000,0.76006,0.00000,0.00000,0.00000,0.00000,1338.86377,-0.02440,-0.13256,0.23291,-0.01916,0.43280,0.75928,-0.07347,0.56370,-0.03580,-0.04063,0.15702,0.29673,0.34684,2.90489,2.46875,0.00000,0.12896,2.68575,2.58949,0.93878,0.91781,1.00000,0.87245,0.84828,0.84211,0.73418
1225,0.5674,120520704,61908,0.01203,8.39e-05,0.3953,179.5012,0.00000,0.00000,0.00000,10.00000,1155.95707,0.00000,0.81369,0.00000,0.00000,0.13222,1.97022,3.53909,0.73737,0.68421,0.80000,0.00000,0.75796,0.00000,0.00000,0.00000,0.00000,1336.46102,-0.02441,-0.13243,0.23153,-0.01903,0.43028,0.75717,-0.07339,0.56292,-0.03948,-0.04071,0.15701,0.29488,0.34625,2.94489,2.81052,0.00000,0.12780,2.69805,2.43558,0.97980,0.97101,1.00000,0.85859,0.82069,0.90000,0.73127
1226,0.5679,120619008,62186,0.01318,1.21e-04,0.3953,187.9589,0.00000,0.00000,0.00000,10.00000,1130.17896,0.00000,0.86227,0.00000,0.00000,0.13341,1.97816,3.86769,0.78125,0.74667,0.71429,0.00000,0.75778,0.00000,0.00000,0.00000,0.00000,1330.53613,-0.02459,-0.13177,0.23096,-0.01856,0.42836,0.75704,-0.07385,0.56207,-0.03736,-0.04030,0.15706,0.29423,0.34539,3.16615,3.03273,0.00000,0.12663,2.68267,2.58154,0.97917,0.97297,1.00000,0.88021,0.85906,0.84615,0.72695
1227,0.5683,120717312,61323,0.01565,1.09e-04,0.3954,195.1163,0.00000,0.00000,0.00000,10.00000,1148.38613,0.00000,0.78616,0.00000,0.00000,0.13306,1.97218,3.70500,0.79245,0.75641,0.75000,0.00000,0.75475,0.00000,0.00000,0.00000,0.00000,1343.57365,-0.02477,-0.13288,0.22888,-0.01876,0.42822,0.75402,-0.07435,0.55523,-0.03619,-0.04070,0.15521,0.29179,0.34506,3.01986,2.54100,0.00000,0.12799,2.64480,2.43750,0.94340,0.94444,0.83333,0.86792,0.84667,0.79167,0.72528
1228,0.5688,120815616,61682,0.01453,9.32e-05,0.3955,196.4382,0.00000,0.00000,0.00000,10.00000,1156.88620,0.00000,0.85302,0.00000,0.00000,0.13338,1.92765,3.80045,0.80315,0.76923,0.88889,0.00000,0.75570,0.00000,0.00000,0.00000,0.00000,1349.37679,-0.02512,-0.13356,0.22546,-0.01872,0.42766,0.75493,-0.07472,0.54640,-0.03940,-0.04083,0.15227,0.28732,0.34508,3.07362,3.44000,0.00000,0.12802,2.62843,2.39979,0.96063,0.94505,1.00000,0.88189,0.85128,0.94444,0.72541
1229,0.5692,120913920,61896,0.01269,1.21e-04,0.3955,228.7356,0.00000,0.00000,0.00000,10.00000,1117.35247,0.00000,0.85917,0.00000,0.00000,0.13441,1.91519,4.03563,0.74419,0.72222,0.50000,0.00000,0.75188,0.00000,0.00000,0.00000,0.00000,1361.08862,-0.02515,-0.13469,0.22496,-0.01913,0.42579,0.75114,-0.07588,0.54212,-0.04068,-0.04078,0.15222,0.28693,0.34469,3.20904,2.33200,0.00000,0.12925,2.62015,2.45133,0.94186,0.93443,0.75000,0.84302,0.81955,0.62500,0.72346
1230,0.5697,121012224,61949,0.01496,1.16e-04,0.3956,177.2768,0.00000,0.00000,0.00000,10.00000,1142.31986,0.00000,0.90278,0.00000,0.00000,0.13747,1.92238,3.26822,0.78846,0.75281,1.00000,0.00000,0.75180,0.00000,0.00000,0.00000,0.00000,1367.85303,-0.02518,-0.13533,0.22514,-0.01881,0.42495,0.75109,-0.07520,0.54035,-0.03960,-0.04078,0.15216,0.28756,0.34427,2.93368,3.07714,0.00000,0.12907,2.62235,2.62456,0.95192,0.93750,1.00000,0.87019,0.84024,1.00000,0.72133
1231,0.5701,121110528,62186,0.01429,1.10e-04,0.3956,170.0295,0.00000,0.00000,0.00000,10.00000,1225.31070,0.00000,0.69801,0.00000,0.00000,0.13605,1.95659,3.48666,0.80769,0.84615,0.46154,0.00000,0.75222,0.00000,0.00000,0.00000,0.00000,1351.57479,-0.02486,-0.13367,0.22754,-0.01959,0.42468,0.75151,-0.07582,0.54755,-0.03628,-0.04052,0.15362,0.29053,0.34402,2.96830,2.46222,0.00000,0.12897,2.64427,2.48763,0.97436,0.95652,1.00000,0.89103,0.89796,0.70833,0.72008
1232,0.5705,121208832,61935,0.01465,7.77e-05,0.3956,164.5620,0.00000,0.00000,0.00000,10.00000,1129.81235,0.00000,0.82508,0.00000,0.00000,0.13564,1.98024,3.93907,0.75248,0.71429,0.66667,0.00000,0.75311,0.00000,0.00000,0.00000,0.00000,1371.23014,-0.02462,-0.13554,0.23031,-0.01954,0.42670,0.75235,-0.07518,0.55572,-0.03660,-0.04072,0.15503,0.29365,0.34430,3.05586,2.95538,0.00000,0.12799,2.66329,2.29040,0.95050,0.93151,1.00000,0.85149,0.82000,0.80000,0.72149
1233,0.5710,121307136,62201,0.01051,1.12e-04,0.3957,183.9369,0.00000,0.00000,0.00000,10.00000,1278.19652,0.00000,0.68783,0.00000,0.00000,0.13482,1.99425,3.59471,0.88095,0.82692,0.90000,0.00000,0.75990,0.00000,0.00000,0.00000,0.00000,1375.74561,-0.02467,-0.13592,0.23213,-0.02023,0.43021,0.75906,-0.07466,0.55956,-0.03673,-0.04100,0.15606,0.29579,0.34581,2.93910,2.83473,0.00000,0.12879,2.68640,2.34000,0.91667,0.90385,0.83333,0.89881,0.86538,0.86364,0.72903
1234,0.5714,121405440,62169,0.01298,1.20e-04,0.3957,170.9423,0.00000,0.00000,0.00000,10.00000,1153.23430,0.00000,0.81446,0.00000,0.00000,0.13582,2.00549,4.16143,0.69903,0.64557,0.57143,0.00000,0.76331,0.00000,0.00000,0.00000,0.00000,1346.99691,-0.02434,-0.13335,0.23428,-0.02049,0.43304,0.76249,-0.07407,0.56214,-0.03618,-0.04100,0.15750,0.29891,0.34682,3.10290,3.26666,0.00000,0.13026,2.71224,2.31253,0.97087,0.95833,1.00000,0.83495,0.79470,0.75000,0.73412
1235,0.5719,121503744,61920,0.01266,1.49e-04,0.3957,179.6929,0.00000,0.00000,0.00000,10.00000,1149.19710,0.00000,0.78307,0.00000,0.00000,0.13656,2.01627,3.87030,0.73333,0.65789,0.86667,0.00000,0.76717,0.00000,0.00000,0.00000,0.00000,1331.44491,-0.02425,-0.13177,0.23572,-0.02065,0.43637,0.76632,-0.07343,0.56530,-0.03585,-0.04091,0.15802,0.30063,0.34786,3.08040,3.03760,0.00000,0.12988,2.71506,2.45229,0.99048,0.98611,1.00000,0.86190,0.81757,0.92593,0.73932
1236,0.5723,121602048,62298,0.01307,1.73e-04,0.3958,187.0650,0.00000,0.00000,0.00000,10.00000,1137.47566,0.00000,0.81121,0.00000,0.00000,0.13480,2.00740,4.26282,0.78761,0.75000,0.88889,0.00000,0.76711,0.00000,0.00000,0.00000,0.00000,1336.16838,-0.02439,-0.13219,0.23469,-0.01984,0.43643,0.76633,-0.07286,0.56733,-0.03735,-0.04101,0.15824,0.29946,0.34794,3.32973,2.98800,0.00000,0.12836,2.71400,2.34621,0.94690,0.91781,1.00000,0.86726,0.82424,0.93750,0.73969
1237,0.5728,121700352,62293,0.01744,8.35e-05,0.3958,171.0281,0.00000,0.00000,0.00000,10.00000,1182.63128,0.00000,0.82729,0.00000,0.00000,0.13589,1.99965,4.03633,0.82609,0.77143,1.00000,0.00000,0.76740,0.00000,0.00000,0.00000,0.00000,1334.82853,-0.02450,-0.13210,0.23439,-0.02041,0.43573,0.76661,-0.07246,0.56283,-0.03921,-0.04087,0.15730,0.29918,0.34754,3.19938,2.99600,0.00000,0.13003,2.69828,2.48200,0.95652,0.94030,1.00000,0.89130,0.85401,1.00000,0.73771
1238,0.5732,121798656,62179,0.01298,1.01e-04,0.3959,178.3340,0.00000,0.00000,0.00000,10.00000,1144.43999,0.00000,0.82071,0.00000,0.00000,0.13722,2.02462,3.65403,0.78409,0.74242,0.75000,0.00000,0.76509,0.00000,0.00000,0.00000,0.00000,1315.85539,-0.02439,-0.13020,0.23603,-0.02021,0.43489,0.76429,-0.07372,0.56750,-0.03698,-0.04076,0.15885,0.30142,0.34724,2.97229,2.53384,0.00000,0.12867,2.71235,2.37446,0.93182,0.92188,0.85714,0.85795,0.83077,0.80000,0.73618
1239,0.5737,121896960,61736,0.01240,1.34e-04,0.3959,178.6772,0.00000,0.00000,0.00000,10.00000,1138.45129,0.00000,0.82305,0.00000,0.00000,0.13614,2.09333,4.11953,0.72840,0.64407,0.83333,0.00000,0.76595,0.00000,0.00000,0.00000,0.00000,1317.33667,-0.02384,-0.13045,0.24102,-0.02048,0.43687,0.76516,-0.07278,0.58088,-0.03277,-0.04055,0.16242,0.30755,0.34749,3.10547,2.76222,0.00000,0.12858,2.74281,2.41333,0.97531,0.96721,1.00000,0.85185,0.80833,0.90000,0.73745
1240,0.5741,121995264,61985,0.01506,1.31e-04,0.3959,178.3671,0.00000,0.00000,0.00000,10.00000,1147.10293,0.00000,0.82474,0.00000,0.00000,0.13356,2.10588,4.05045,0.81443,0.81081,0.60000,0.00000,0.76896,0.00000,0.00000,0.00000,0.00000,1317.43034,-0.02379,-0.13049,0.24206,-0.02053,0.43823,0.76822,-0.07303,0.58718,-0.03492,-0.04061,0.16428,0.30854,0.34797,3.25634,3.25866,0.00000,0.12790,2.76072,2.54693,0.96907,0.95714,1.00000,0.89175,0.88194,0.77778,0.73983
1241,0.5745,122093568,62131,0.01560,9.24e-05,0.3960,174.4297,0.00000,0.00000,0.00000,10.00000,1132.71363,0.00000,0.89606,0.00000,0.00000,0.13332,2.07369,3.79107,0.77419,0.73418,1.00000,0.00000,0.77157,0.00000,0.00000,0.00000,0.00000,1326.36890,-0.02394,-0.13129,0.24028,-0.02007,0.44075,0.77080,-0.07331,0.58297,-0.03746,-0.04083,0.16243,0.30570,0.34885,3.09029,2.81778,0.00000,0.12751,2.74857,2.46630,0.96774,0.95775,1.00000,0.87097,0.84000,1.00000,0.74424
1242,0.5750,122191872,62082,0.01468,8.59e-05,0.3960,169.2674,0.00000,0.00000,0.00000,10.00000,1202.69286,0.00000,0.74074,0.00000,0.00000,0.13192,2.08019,3.58062,0.76190,0.71622,0.55556,0.00000,0.77466,0.00000,0.00000,0.00000,0.00000,1333.67757,-0.02402,-0.13196,0.24002,-0.02001,0.44089,0.77396,-0.07349,0.58509,-0.03571,-0.04094,0.16225,0.30539,0.34880,2.93806,3.07857,0.00000,0.12698,2.75462,2.35057,0.95238,0.92424,1.00000,0.85714,0.81429,0.76471,0.74400
1243,0.5754,122290176,62150,0.01217,1.24e-04,0.3960,207.8447,0.00000,0.00000,0.00000,10.00000,1129.16570,0.00000,0.79444,0.00000,0.00000,0.13449,2.06605,3.87355,0.76000,0.72000,0.70000,0.00000,0.77451,0.00000,0.00000,0.00000,0.00000,1313.48966,-0.02397,-0.13011,0.24013,-0.02058,0.44164,0.77379,-0.07354,0.58097,-0.03482,-0.04079,0.16172,0.30584,0.34947,3.06418,3.28800,0.00000,0.12828,2.75318,2.36722,0.93000,0.92647,0.77778,0.84500,0.81818,0.73684,0.74733
1244,0.5759,122388480,61707,0.01338,1.10e-04,0.3960,170.1262,0.00000,0.00000,0.00000,10.00000,1226.38783,0.00000,0.77381,0.00000,0.00000,0.13660,2.06597,3.95594,0.83929,0.80000,0.85714,0.00000,0.77106,0.00000,0.00000,0.00000,0.00000,1303.75391,-0.02405,-0.12913,0.23949,-0.02020,0.43985,0.77033,-0.07340,0.57745,-0.03192,-0.04073,0.16129,0.30505,0.34912,3.23033,4.17692,0.00000,0.12747,2.74177,2.51440,0.97321,0.95775,1.00000,0.90625,0.87179,0.92857,0.74560
1245,0.5763,122486784,62008,0.01315,1.04e-04,0.3960,197.5500,0.00000,0.00000,0.00000,10.00000,1123.78702,0.00000,0.82126,0.00000,0.00000,0.13749,2.05377,3.81750,0.79348,0.76712,0.80000,0.00000,0.76977,0.00000,0.00000,0.00000,0.00000,1319.47103,-0.02425,-0.13063,0.23874,-0.02093,0.43871,0.76905,-0.07322,0.57252,-0.03254,-0.04069,0.16048,0.30406,0.34831,3.14846,2.64133,0.00000,0.12862,2.72765,2.49970,0.93478,0.92063,0.87500,0.86413,0.83824,0.83333,0.74156
1246,0.5768,122585088,62055,0.01156,1.50e-04,0.3960,214.4495,0.00000,0.00000,0.00000,10.00000,1198.78140,0.00000,0.78108,0.00000,0.00000,0.13688,2.06041,3.87559,0.80198,0.75676,0.80000,0.00000,0.76881,0.00000,0.00000,0.00000,0.00000,1335.68473,-0.02408,-0.13218,0.23883,-0.02088,0.43722,0.76805,-0.07333,0.57413,-0.03436,-0.04102,0.16045,0.30448,0.34753,3.08444,3.64889,0.00000,0.12887,2.72793,2.37658,0.98020,0.97059,1.00000,0.89109,0.85915,0.90000,0.73767
1247,0.5772,122683392,61966,0.01612,1.34e-04,0.3960,168.3622,0.00000,0.00000,0.00000,10.00000,1192.39433,0.00000,0.83614,0.00000,0.00000,0.13698,2.05154,3.84694,0.82828,0.81250,0.71429,0.00000,0.76730,0.00000,0.00000,0.00000,0.00000,1325.30371,-0.02412,-0.13114,0.23801,-0.02039,0.43682,0.76653,-0.07373,0.57535,-0.03572,-0.04085,0.16052,0.30364,0.34710,3.12911,2.85857,0.00000,0.12725,2.72965,2.44000,0.96970,0.95652,1.00000,0.89899,0.87919,0.87500,0.73552
1248,0.5777,122781696,61770,0.01505,1.11e-04,0.3960,164.9457,0.00000,0.00000,0.00000,10.00000,1176.74057,0.00000,0.82583,0.00000,0.00000,0.13550,2.05448,3.83803,0.77477,0.76190,0.44444,0.00000,0.76807,0.00000,0.00000,0.00000,0.00000,1299.62215,-0.02425,-0.12876,0.23655,-0.02017,0.43717,0.76729,-0.07363,0.57297,-0.03315,-0.04067,0.15978,0.30156,0.34757,2.96163,2.47428,0.00000,0.12750,2.70584,2.25454,0.97297,0.97531,0.88889,0.87387,0.86667,0.66667,0.73786
1249,0.5781,122880000,61764,0.01286,1.31e-04,0.3961,176.7992,0.00000,0.00000,0.00000,10.00000,1251.83526,0.00000,0.77107,0.00000,0.00000,0.13433,2.02049,3.55297,0.84483,0.79012,0.88889,0.00000,0.76467,0.00000,0.00000,0.00000,0.00000,1303.93921,-0.02468,-0.12914,0.23202,-0.01954,0.43490,0.76396,-0.07344,0.56418,-0.03699,-0.04069,0.15708,0.29611,0.34715,2.97547,3.31466,0.00000,0.12724,2.65013,2.47270,0.96552,0.95000,1.00000,0.90517,0.86957,0.93750,0.73576
1250,0.5786,122978304,61620,0.01433,1.11e-04,0.3961,180.3628,0.00000,0.00000,0.00000,10.00000,1138.07575,0.00000,0.86767,0.00000,0.00000,0.13582,2.03804,3.61754,0.73034,0.69333,0.80000,0.00000,0.76166,0.00000,0.00000,0.00000,0.00000,1316.60758,-0.02476,-0.13038,0.23214,-0.02001,0.43241,0.76087,-0.07409,0.56097,-0.03603,-0.04046,0.15694,0.29693,0.34621,2.78293,2.42889,0.00000,0.12876,2.63493,2.06212,0.95506,0.93750,1.00000,0.84270,0.80576,0.90000,0.73103
1251,0.5790,123076608,61833,0.01305,1.21e-04,0.3962,170.5030,0.00000,0.00000,0.00000,10.00000,1228.41716,0.00000,0.84158,0.00000,0.00000,0.13519,2.04329,3.73705,0.82178,0.76712,0.75000,0.00000,0.75956,0.00000,0.00000,0.00000,0.00000,1326.10596,-0.02475,-0.13110,0.23164,-0.01981,0.43109,0.75874,-0.07429,0.56264,-0.03903,-0.04056,0.15651,0.29642,0.34556,3.00168,4.14333,0.00000,0.12779,2.62368,2.45463,0.98020,0.97500,1.00000,0.90099,0.87582,0.85714,0.72781
1252,0.5795,123174912,61448,0.01583,7.61e-05,0.3962,172.2615,0.00000,0.00000,0.00000,10.00000,1224.87865,0.00000,0.74074,0.00000,0.00000,0.13454,2.07143,3.34706,0.80000,0.73585,0.91667,0.00000,0.75824,0.00000,0.00000,0.00000,0.00000,1346.96297,-0.02459,-0.13313,0.23376,-0.01983,0.43003,0.75736,-0.07469,0.56775,-0.03895,-0.04038,0.15847,0.29863,0.34517,2.64724,2.30800,0.00000,0.12786,2.63213,1.98630,0.96000,0.95745,0.90000,0.88000,0.84000,0.90909,0.72584
1253,0.5799,123273216,61492,0.01187,1.10e-04,0.3963,168.8942,0.00000,0.00000,0.00000,10.00000,1161.85052,0.00000,0.75661,0.00000,0.00000,0.13419,2.08811,3.82154,0.76190,0.74026,0.61538,0.00000,0.76384,0.00000,0.00000,0.00000,0.00000,1352.15251,-0.02447,-0.13373,0.23474,-0.02002,0.43418,0.76295,-0.07551,0.57103,-0.03475,-0.04081,0.15875,0.29971,0.34667,3.08379,3.45647,0.00000,0.12720,2.65140,2.41778,0.95238,0.93939,0.90000,0.85714,0.83217,0.73913,0.73337
1254,0.5804,123371520,61908,0.01300,1.45e-04,0.3963,182.0785,0.00000,0.00000,0.00000,10.00000,1248.73875,0.00000,0.76923,0.00000,0.00000,0.13362,2.11898,3.77928,0.81319,0.75385,0.83333,0.00000,0.77000,0.00000,0.00000,0.00000,0.00000,1337.13452,-0.02404,-0.13220,0.23829,-0.02079,0.43805,0.76914,-0.07526,0.57821,-0.03568,-0.04081,0.16108,0.30440,0.34789,2.99466,2.44000,0.00000,0.12835,2.67867,2.30812,0.95604,0.93443,1.00000,0.88462,0.84127,0.91667,0.73943
1255,0.5808,123469824,61807,0.01648,1.10e-04,0.3963,187.4623,0.00000,0.00000,0.00000,10.00000,1179.63492,0.00000,0.83889,0.00000,0.00000,0.13317,2.10786,3.65971,0.78000,0.75309,0.71429,0.00000,0.77134,0.00000,0.00000,0.00000,0.00000,1344.18490,-0.02423,-0.13299,0.23763,-0.02009,0.43857,0.77049,-0.07463,0.57811,-0.03536,-0.04086,0.16113,0.30358,0.34818,2.92500,2.82000,0.00000,0.12802,2.68262,2.23000,0.98000,0.97143,1.00000,0.88000,0.85430,0.84615,0.74092
1256,0.5812,123568128,61684,0.01483,1.12e-04,0.3964,184.5213,0.00000,0.00000,0.00000,10.00000,1154.18674,0.00000,0.77670,0.00000,0.00000,0.13281,2.09279,3.76812,0.74757,0.69333,0.78571,0.00000,0.77018,0.00000,0.00000,0.00000,0.00000,1338.04411,-0.02430,-0.13243,0.23615,-0.02000,0.43799,0.76931,-0.07476,0.57439,-0.03476,-0.04081,0.15984,0.30190,0.34800,2.94262,3.07680,0.00000,0.12874,2.67185,2.29037,0.98058,0.97101,1.00000,0.86408,0.82639,0.89286,0.74002
1257,0.5817,123666432,62055,0.01256,1.31e-04,0.3964,192.2670,0.00000,0.00000,0.00000,10.00000,1180.43656,0.00000,0.78065,0.00000,0.00000,0.13240,2.09593,3.74582,0.82759,0.75904,1.00000,0.00000,0.76968,0.00000,0.00000,0.00000,0.00000,1336.94670,-0.02423,-0.13219,0.23655,-0.02009,0.43843,0.76877,-0.07367,0.57476,-0.03442,-0.04113,0.16024,0.30221,0.34813,3.12627,2.75833,0.00000,0.12924,2.67628,2.58244,0.95690,0.93750,1.00000,0.89224,0.84663,1.00000,0.74067
1258,0.5821,123764736,62312,0.01507,1.33e-04,0.3965,167.5970,0.00000,0.00000,0.00000,10.00000,1198.00524,0.00000,0.89133,0.00000,0.00000,0.13172,2.07867,3.75509,0.81319,0.76712,1.00000,0.00000,0.77020,0.00000,0.00000,0.00000,0.00000,1311.19491,-0.02447,-0.12977,0.23588,-0.02022,0.43867,0.76932,-0.07414,0.57325,-0.03500,-0.04063,0.15942,0.30161,0.34849,2.98480,2.28000,0.00000,0.13007,2.68251,2.37500,0.95604,0.94521,1.00000,0.88462,0.85616,1.00000,0.74244
1259,0.5826,123863040,62186,0.01564,1.25e-04,0.3966,169.6013,0.00000,0.00000,0.00000,10.00000,1212.55252,0.00000,0.74967,0.00000,0.00000,0.13128,2.05682,3.89423,0.83133,0.80357,0.66667,0.00000,0.76652,0.00000,0.00000,0.00000,0.00000,1300.42326,-0.02451,-0.12880,0.23542,-0.01966,0.43543,0.76562,-0.07443,0.57533,-0.03789,-0.04050,0.15969,0.30096,0.34754,3.08814,3.11866,0.00000,0.12839,2.70153,2.40098,0.93976,0.91071,1.00000,0.88554,0.85714,0.83333,0.73770
1260,0.5830,123961344,62382,0.01381,1.16e-04,0.3966,168.8894,0.00000,0.00000,0.00000,10.00000,1264.23438,0.00000,0.83333,0.00000,0.00000,0.13303,2.08161,3.40070,0.87179,0.83871,1.00000,0.00000,0.76490,0.00000,0.00000,0.00000,0.00000,1308.68270,-0.02425,-0.12953,0.23733,-0.01970,0.43409,0.76398,-0.07444,0.57825,-0.03355,-0.04060,0.16149,0.30352,0.34704,2.96708,2.71666,0.00000,0.12806,2.71977,2.52571,0.98718,0.98182,1.00000,0.92949,0.90598,1.00000,0.73522
1261,0.5835,124059648,62485,0.01631,9.32e-05,0.3967,161.1362,0.00000,0.00000,0.00000,10.00000,1189.35077,0.00000,0.79511,0.00000,0.00000,0.13171,2.08543,3.86311,0.77064,0.74713,0.72727,0.00000,0.76681,0.00000,0.00000,0.00000,0.00000,1332.86849,-0.02420,-0.13182,0.23754,-0.02001,0.43536,0.76595,-0.07450,0.58008,-0.03461,-0.04099,0.16149,0.30358,0.34690,3.05351,3.48375,0.00000,0.12806,2.71562,2.21108,0.97248,0.95652,1.00000,0.87156,0.83974,0.84211,0.73452
1262,0.5839,124157952,62483,0.01300,1.01e-04,0.3968,163.3353,0.00000,0.00000,0.00000,10.00000,1111.34942,0.00000,0.87963,0.00000,0.00000,0.13224,2.08456,3.71695,0.80952,0.79412,0.60000,0.00000,0.77113,0.00000,0.00000,0.00000,0.00000,1304.58740,-0.02421,-0.12919,0.23802,-0.01972,0.43859,0.77024,-0.07464,0.58120,-0.03047,-0.04053,0.16179,0.30440,0.34791,3.12773,4.54400,0.00000,0.12781,2.72714,2.54833,0.89286,0.86154,1.00000,0.85119,0.82707,0.71429,0.73954
1263,0.5843,124256256,62122,0.01162,1.34e-04,0.3968,191.5322,0.00000,0.00000,0.00000,10.00000,1205.46065,0.00000,0.74747,0.00000,0.00000,0.13237,2.09258,3.33828,0.79091,0.74074,0.81818,0.00000,0.77340,0.00000,0.00000,0.00000,0.00000,1301.08105,-0.02418,-0.12878,0.23872,-0.02006,0.43977,0.77252,-0.07446,0.58192,-0.03273,-0.04088,0.16203,0.30512,0.34834,2.82731,3.01619,0.00000,0.12810,2.72287,2.35040,0.94545,0.94030,0.85714,0.86818,0.83108,0.84000,0.74169
1264,0.5848,124354560,61867,0.01665,9.13e-05,0.3969,161.8035,0.00000,0.00000,0.00000,10.00000,1199.76126,0.00000,0.77887,0.00000,0.00000,0.13274,2.08105,3.68971,0.80392,0.76250,0.85714,0.00000,0.77436,0.00000,0.00000,0.00000,0.00000,1300.96875,-0.02423,-0.12883,0.23812,-0.01999,0.44024,0.77349,-0.07438,0.57809,-0.03444,-0.04095,0.16098,0.30426,0.34896,3.03710,2.79384,0.00000,0.12897,2.71293,2.36529,0.97059,0.96825,0.87500,0.88725,0.85315,0.86667,0.74480
1265,0.5852,124452864,61794,0.01191,1.24e-04,0.3969,193.1948,0.00000,0.00000,0.00000,10.00000,1154.82599,0.00000,0.84343,0.00000,0.00000,0.13323,2.09039,3.87777,0.76364,0.71739,1.00000,0.00000,0.77251,0.00000,0.00000,0.00000,0.00000,1310.03052,-0.02424,-0.12962,0.23821,-0.02059,0.43987,0.77162,-0.07421,0.57606,-0.03268,-0.04089,0.16087,0.30444,0.34841,3.21493,3.83777,0.00000,0.12997,2.69947,2.60308,0.97273,0.96000,1.00000,0.86818,0.82635,1.00000,0.74204
1266,0.5857,124551168,61869,0.01396,1.33e-04,0.3969,170.4747,0.00000,0.00000,0.00000,10.00000,1221.65024,0.00000,0.75702,0.00000,0.00000,0.13181,2.09782,3.35968,0.84615,0.81818,0.75000,0.00000,0.77081,0.00000,0.00000,0.00000,0.00000,1309.23828,-0.02440,-0.12952,0.23744,-0.01998,0.43816,0.76992,-0.07441,0.57727,-0.03380,-0.04074,0.16135,0.30357,0.34795,2.84672,2.67765,0.00000,0.12937,2.69148,2.34190,0.93407,0.89655,1.00000,0.89011,0.85484,0.89474,0.73974
1267,0.5861,124649472,62089,0.01602,8.35e-05,0.3970,186.7492,0.00000,0.00000,0.00000,10.00000,1246.50097,0.00000,0.75029,0.00000,0.00000,0.13169,2.10114,3.93800,0.83505,0.79104,0.75000,0.00000,0.76742,0.00000,0.00000,0.00000,0.00000,1314.73218,-0.02443,-0.12993,0.23720,-0.02003,0.43586,0.76651,-0.07494,0.57469,-0.03320,-0.04062,0.16066,0.30322,0.34722,3.09288,3.01250,0.00000,0.13070,2.67235,2.38861,0.97938,0.98438,0.88889,0.90722,0.88550,0.82353,0.73610
1268,0.5866,124747776,62359,0.01067,1.20e-04,0.3970,175.7107,0.00000,0.00000,0.00000,10.00000,1172.81424,0.00000,0.84877,0.00000,0.00000,0.13147,2.09530,3.69405,0.81481,0.80952,0.42857,0.00000,0.76425,0.00000,0.00000,0.00000,0.00000,1325.07292,-0.02449,-0.13100,0.23646,-0.01995,0.43588,0.76334,-0.07462,0.57365,-0.03431,-0.04072,0.16013,0.30172,0.34666,2.99056,2.80769,0.00000,0.12985,2.65911,2.37812,0.95370,0.93827,1.00000,0.88426,0.87273,0.73333,0.73331
1269,0.5870,124846080,62166,0.01220,1.58e-04,0.3971,202.7685,0.00000,0.00000,0.00000,10.00000,1188.19010,0.00000,0.81384,0.00000,0.00000,0.12913,2.06825,3.92657,0.78070,0.72289,0.75000,0.00000,0.76410,0.00000,0.00000,0.00000,0.00000,1336.25684,-0.02479,-0.13198,0.23394,-0.01992,0.43479,0.76320,-0.07441,0.56817,-0.03609,-0.04096,0.15832,0.29832,0.34637,3.03656,2.62143,0.00000,0.13102,2.64251,2.32046,0.95614,0.94048,1.00000,0.86842,0.83234,0.87500,0.73185
1270,0.5875,124944384,62181,0.01517,1.58e-04,0.3971,190.6290,0.00000,0.00000,0.00000,10.00000,1153.61749,0.00000,0.82799,0.00000,0.00000,0.13247,2.04127,3.71684,0.83654,0.78750,1.00000,0.00000,0.76723,0.00000,0.00000,0.00000,0.00000,1330.16154,-0.02499,-0.13157,0.23043,-0.02019,0.43500,0.76631,-0.07531,0.55692,-0.03516,-0.04094,0.15563,0.29470,0.34699,3.10154,3.29200,0.00000,0.13110,2.61141,2.51700,0.95192,0.93333,1.00000,0.89423,0.85806,1.00000,0.73493
1271,0.5879,125042688,62545,0.01487,1.58e-04,0.3972,184.2144,0.00000,0.00000,0.00000,10.00000,1193.10191,0.00000,0.81197,0.00000,0.00000,0.13407,2.06348,3.98407,0.80220,0.72727,1.00000,0.00000,0.76522,0.00000,0.00000,0.00000,0.00000,1332.80420,-0.02491,-0.13174,0.23109,-0.01988,0.43335,0.76427,-0.07509,0.55814,-0.03675,-0.04088,0.15643,0.29576,0.34664,2.99471,3.14000,0.00000,0.13034,2.60656,2.19731,0.93407,0.92537,0.80000,0.86813,0.82707,0.88889,0.73320
1272,0.5883,125140992,62099,0.01580,1.25e-04,0.3973,164.5209,0.00000,0.00000,0.00000,10.00000,1169.02460,0.00000,0.82742,0.00000,0.00000,0.13414,2.07068,3.71786,0.77660,0.71429,0.80000,0.00000,0.76001,0.00000,0.00000,0.00000,0.00000,1307.84220,-0.02475,-0.12934,0.23275,-0.02033,0.43297,0.75905,-0.07504,0.56267,-0.03514,-0.04060,0.15730,0.29824,0.34626,3.03561,3.69000,0.00000,0.13050,2.61228,2.46537,0.92553,0.91429,0.66667,0.85106,0.81429,0.75000,0.73129
1273,0.5888,125239296,62018,0.01609,7.61e-05,0.3973,176.5897,0.00000,0.00000,0.00000,10.00000,1224.35242,0.00000,0.76923,0.00000,0.00000,0.13242,2.10551,3.64062,0.82418,0.77612,0.90909,0.00000,0.76064,0.00000,0.00000,0.00000,0.00000,1337.49674,-0.02456,-0.13224,0.23614,-0.02030,0.43246,0.75965,-0.07501,0.57423,-0.03599,-0.04062,0.16053,0.30274,0.34618,2.85169,2.69300,0.00000,0.12986,2.65170,2.08667,0.96703,0.94915,1.00000,0.89560,0.85714,0.95238,0.73091
1274,0.5892,125337600,62228,0.01279,9.32e-05,0.3974,177.8398,0.00000,0.00000,0.00000,10.00000,1228.60490,0.00000,0.75231,0.00000,0.00000,0.12899,2.09847,3.44000,0.81250,0.77273,0.70000,0.00000,0.76433,0.00000,0.00000,0.00000,0.00000,1337.13322,-0.02452,-0.13220,0.23414,-0.01984,0.43386,0.76341,-0.07619,0.57415,-0.03499,-0.04076,0.15960,0.30010,0.34685,2.84992,3.07473,0.00000,0.12947,2.65256,2.33361,0.94792,0.92188,1.00000,0.88021,0.84615,0.86364,0.73427
1275,0.5897,125435904,61741,0.01598,7.25e-05,0.3974,190.2555,0.00000,0.00000,0.00000,10.00000,1225.98402,0.00000,0.78652,0.00000,0.00000,0.13066,2.12140,3.23866,0.79775,0.77143,0.71429,0.00000,0.76457,0.00000,0.00000,0.00000,0.00000,1319.13175,-0.02427,-0.13058,0.23778,-0.02053,0.43612,0.76368,-0.07611,0.57871,-0.03350,-0.04052,0.16141,0.30390,0.34729,2.77849,2.56500,0.00000,0.12963,2.67072,2.31051,0.95506,0.92857,1.00000,0.87640,0.84127,0.85714,0.73643
1276,0.5901,125534208,61325,0.01023,1.12e-04,0.3975,183.5618,0.00000,0.00000,0.00000,10.00000,1203.40727,0.00000,0.78401,0.00000,0.00000,0.13004,2.11979,3.60108,0.84112,0.79747,0.90909,0.00000,0.76776,0.00000,0.00000,0.00000,0.00000,1327.18669,-0.02438,-0.13120,0.23669,-0.02008,0.43758,0.76680,-0.07516,0.57919,-0.03569,-0.04052,0.16162,0.30260,0.34721,3.01337,2.97000,0.00000,0.12849,2.65493,2.46975,0.97196,0.97222,0.90909,0.90654,0.88079,0.90909,0.73603
1277,0.5906,125632512,62114,0.01316,1.61e-04,0.3976,182.7803,0.00000,0.00000,0.00000,10.00000,1215.12989,0.00000,0.76319,0.00000,0.00000,0.13104,2.10657,3.31853,0.80808,0.77778,0.76923,0.00000,0.77065,0.00000,0.00000,0.00000,0.00000,1321.43066,-0.02454,-0.13070,0.23540,-0.02005,0.43912,0.76964,-0.07524,0.57444,-0.03664,-0.04082,0.15936,0.30116,0.34812,2.74355,3.30666,0.00000,0.12900,2.64447,2.16000,0.94949,0.92188,1.00000,0.87879,0.84559,0.85714,0.74059
1278,0.5910,125730816,62510,0.01422,1.60e-04,0.3976,190.6451,0.00000,0.00000,0.00000,10.00000,1183.74402,0.00000,0.79710,0.00000,0.00000,0.13036,2.09008,3.70675,0.83478,0.80682,0.80000,0.00000,0.76867,0.00000,0.00000,0.00000,0.00000,1333.25073,-0.02460,-0.13188,0.23401,-0.02007,0.43750,0.76763,-0.07496,0.56978,-0.03907,-0.04114,0.15847,0.29926,0.34798,2.99851,3.11200,0.00000,0.13020,2.62769,2.29901,0.92174,0.88312,1.00000,0.87826,0.84242,0.90909,0.73992
1279,0.5915,125829120,61886,0.01477,1.31e-04,0.3977,183.9968,0.00000,0.00000,0.00000,10.00000,1193.03201,0.00000,0.87814,0.00000,0.00000,0.13457,2.09578,3.58485,0.83871,0.81250,1.00000,0.00000,0.76352,0.00000,0.00000,0.00000,0.00000,1323.61523,-0.02479,-0.13098,0.23386,-0.02026,0.43402,0.76240,-0.07561,0.56518,-0.03619,-0.04084,0.15762,0.29890,0.34675,2.98826,1.91333,0.00000,0.12924,2.60254,2.37412,0.94624,0.92537,1.00000,0.89247,0.86395,1.00000,0.73376
1280,0.5919,125927424,62231,0.01431,1.21e-04,0.3977,198.4669,0.00000,0.00000,0.00000,10.00000,1146.58900,0.00000,0.78762,0.00000,0.00000,0.13159,2.12037,3.68470,0.77215,0.74576,0.66667,0.00000,0.75984,0.00000,0.00000,0.00000,0.00000,1334.87476,-0.02460,-0.13188,0.23398,-0.01984,0.43283,0.75876,-0.07543,0.57052,-0.03679,-0.04069,0.15846,0.29835,0.34634,3.02542,3.50363,0.00000,0.12768,2.59397,2.42500,0.94937,0.96226,0.71429,0.86076,0.84821,0.68750,0.73169
1281,0.5924,126025728,62145,0.01547,1.20e-04,0.3978,161.8049,0.00000,0.00000,0.00000,10.00000,1164.79989,0.00000,0.82329,0.00000,0.00000,0.12857,2.12375,4.02140,0.78313,0.75362,0.75000,0.00000,0.76215,0.00000,0.00000,0.00000,0.00000,1363.75651,-0.02452,-0.13480,0.23530,-0.01997,0.43417,0.76105,-0.07552,0.57463,-0.04097,-0.04096,0.15936,0.30019,0.34687,3.15946,3.53000,0.00000,0.12958,2.61308,2.24963,0.95181,0.92593,1.00000,0.86747,0.82927,0.85714,0.73437
1282,0.5928,126124032,61819,0.01388,1.21e-04,0.3978,175.5860,0.00000,0.00000,0.00000,10.00000,1152.70245,0.00000,0.83333,0.00000,0.00000,0.12702,2.13432,3.65039,0.79808,0.77907,0.77778,0.00000,0.77087,0.00000,0.00000,0.00000,0.00000,1363.59562,-0.02448,-0.13481,0.23666,-0.02000,0.43700,0.76974,-0.07631,0.57819,-0.03951,-0.04130,0.15990,0.30235,0.34768,2.99987,2.73294,0.00000,0.13131,2.64274,2.34079,0.96154,0.94286,1.00000,0.87981,0.85256,0.88889,0.73838
1283,0.5932,126222336,62350,0.01946,1.02e-04,0.3978,199.6987,0.00000,0.00000,0.00000,10.00000,1183.01919,0.00000,0.85145,0.00000,0.00000,0.13028,2.14276,3.81403,0.80435,0.76000,1.00000,0.00000,0.77438,0.00000,0.00000,0.00000,0.00000,1344.80396,-0.02409,-0.13300,0.23955,-0.02117,0.44078,0.77322,-0.07646,0.58097,-0.03288,-0.04105,0.16117,0.30613,0.34879,2.95923,4.20571,0.00000,0.13123,2.68350,2.06437,0.94565,0.93939,0.66667,0.87500,0.84397,0.87500,0.74396
1284,0.5937,126320640,61882,0.01403,7.77e-05,0.3978,210.6266,0.00000,0.00000,0.00000,10.00000,1139.93540,0.00000,0.80761,0.00000,0.00000,0.13047,2.13664,3.48077,0.76852,0.77647,0.53846,0.00000,0.77645,0.00000,0.00000,0.00000,0.00000,1337.88436,-0.02400,-0.13247,0.24125,-0.02108,0.44248,0.77537,-0.07490,0.58671,-0.03817,-0.04128,0.16262,0.30787,0.34940,2.85908,3.34353,0.00000,0.12979,2.70521,2.20378,0.91667,0.90278,0.80000,0.84259,0.83439,0.65217,0.74698
1285,0.5941,126418944,62109,0.01353,7.70e-05,0.3978,179.8263,0.00000,0.00000,0.00000,10.00000,1228.02742,0.00000,0.78889,0.00000,0.00000,0.13039,2.12641,3.39200,0.82000,0.79730,0.66667,0.00000,0.77916,0.00000,0.00000,0.00000,0.00000,1319.96981,-0.02419,-0.13059,0.24090,-0.02096,0.44387,0.77805,-0.07464,0.58604,-0.03615,-0.04124,0.16181,0.30716,0.35012,2.95986,3.07166,0.00000,0.12948,2.71386,2.52771,0.96000,0.94118,1.00000,0.89000,0.86620,0.80000,0.75062
1286,0.5946,126517248,62553,0.01146,1.20e-04,0.3979,190.1423,0.00000,0.00000,0.00000,10.00000,1212.45244,0.00000,0.85761,0.00000,0.00000,0.13133,2.12222,3.45096,0.84466,0.80000,1.00000,0.00000,0.77659,0.00000,0.00000,0.00000,0.00000,1317.89714,-0.02423,-0.13048,0.23966,-0.02061,0.44192,0.77546,-0.07431,0.58346,-0.03300,-0.04127,0.16144,0.30582,0.34974,2.89961,3.46182,0.00000,0.12886,2.70640,2.40271,0.97087,0.96203,1.00000,0.90777,0.88050,1.00000,0.74871
1287,0.5950,126615552,62739,0.01404,1.34e-04,0.3979,173.2983,0.00000,0.00000,0.00000,10.00000,1206.90194,0.00000,0.78125,0.00000,0.00000,0.12901,2.09939,3.68844,0.81250,0.78261,0.70000,0.00000,0.77090,0.00000,0.00000,0.00000,0.00000,1320.31502,-0.02442,-0.13063,0.23867,-0.02040,0.43736,0.76971,-0.07483,0.58372,-0.03850,-0.04089,0.16060,0.30383,0.34777,3.03290,2.59529,0.00000,0.12801,2.69597,2.46594,0.97917,0.96970,1.00000,0.89583,0.87407,0.85000,0.73883
1288,0.5955,126713856,62033,0.01605,9.31e-05,0.3980,174.0672,0.00000,0.00000,0.00000,10.00000,1248.76297,0.00000,0.74973,0.00000,0.00000,0.12863,2.08731,3.55794,0.82524,0.80282,0.66667,0.00000,0.76684,0.00000,0.00000,0.00000,0.00000,1317.50814,-0.02464,-0.13032,0.23665,-0.01976,0.43547,0.76567,-0.07534,0.57910,-0.03474,-0.04095,0.15970,0.30111,0.34700,3.02965,3.06500,0.00000,0.12773,2.67796,2.55066,0.97087,0.95588,1.00000,0.89806,0.87770,0.80000,0.73498
1289,0.5959,126812160,61896,0.01336,9.32e-05,0.3980,170.0034,0.00000,0.00000,0.00000,10.00000,1168.11089,0.00000,0.84467,0.00000,0.00000,0.12861,2.08662,3.76722,0.81633,0.79487,0.66667,0.00000,0.76646,0.00000,0.00000,0.00000,0.00000,1319.98088,-0.02466,-0.13059,0.23714,-0.02029,0.43506,0.76528,-0.07512,0.58042,-0.03979,-0.04082,0.15962,0.30183,0.34691,3.10208,2.88400,0.00000,0.12800,2.67334,2.43694,0.95918,0.95775,0.80000,0.88776,0.87248,0.72727,0.73456
1290,0.5963,126910464,61996,0.01468,9.13e-05,0.3981,175.5304,0.00000,0.00000,0.00000,10.00000,1184.35382,0.00000,0.81726,0.00000,0.00000,0.12957,2.07629,3.34842,0.78512,0.72414,0.80000,0.00000,0.76701,0.00000,0.00000,0.00000,0.00000,1302.21248,-0.02479,-0.12892,0.23507,-0.01979,0.43526,0.76584,-0.07532,0.57356,-0.03760,-0.04095,0.15890,0.29915,0.34696,2.87988,3.48286,0.00000,0.12811,2.65477,2.49282,0.93388,0.93407,0.75000,0.85950,0.83146,0.77778,0.73479
1291,0.5968,127008768,62223,0.01355,9.83e-05,0.3981,199.2479,0.00000,0.00000,0.00000,10.00000,1154.11673,0.00000,0.83333,0.00000,0.00000,0.13102,2.05027,3.31543,0.82353,0.79487,0.80000,0.00000,0.76514,0.00000,0.00000,0.00000,0.00000,1302.72729,-0.02500,-0.12894,0.23119,-0.01935,0.43497,0.76401,-0.07500,0.56356,-0.03759,-0.04073,0.15681,0.29508,0.34695,2.91047,3.11529,0.00000,0.12858,2.61398,2.54234,0.93137,0.90667,1.00000,0.87745,0.84967,0.89474,0.73473
1292,0.5972,127107072,61862,0.01167,1.41e-04,0.3981,190.5901,0.00000,0.00000,0.00000,10.00000,1155.50428,0.00000,0.88889,0.00000,0.00000,0.13030,2.05618,3.38889,0.80000,0.76623,0.75000,0.00000,0.76229,0.00000,0.00000,0.00000,0.00000,1341.46476,-0.02496,-0.13252,0.23147,-0.01999,0.43183,0.76118,-0.07509,0.56545,-0.03767,-0.04077,0.15664,0.29567,0.34601,2.87764,2.51714,0.00000,0.12848,2.62138,2.43644,0.93684,0.92000,1.00000,0.86842,0.84211,0.87500,0.73005
1293,0.5977,127205376,61883,0.01475,1.12e-04,0.3982,185.4294,0.00000,0.00000,0.00000,10.00000,1183.71245,0.00000,0.82702,0.00000,0.00000,0.12983,2.06292,3.31187,0.77273,0.73611,0.88889,0.00000,0.76179,0.00000,0.00000,0.00000,0.00000,1353.25643,-0.02471,-0.13365,0.23277,-0.02011,0.43280,0.76065,-0.07497,0.56654,-0.03729,-0.04107,0.15696,0.29734,0.34644,2.82976,3.14800,0.00000,0.13035,2.62541,2.34000,0.96591,0.94915,1.00000,0.86932,0.83206,0.93750,0.73222
1294,0.5981,127303680,61900,0.01526,1.04e-04,0.3982,164.8273,0.00000,0.00000,0.00000,10.00000,1238.48889,0.00000,0.74074,0.00000,0.00000,0.13221,2.10450,3.46918,0.87778,0.85000,0.81818,0.00000,0.76329,0.00000,0.00000,0.00000,0.00000,1360.43823,-0.02434,-0.13444,0.23756,-0.02110,0.43511,0.76213,-0.07453,0.57797,-0.03658,-0.04110,0.15953,0.30328,0.34649,2.91633,3.07857,0.00000,0.12866,2.66697,2.34474,0.92222,0.90000,0.83333,0.90000,0.87500,0.82353,0.73244
1295,0.5986,127401984,62452,0.01458,1.00e-04,0.3982,166.4926,0.00000,0.00000,0.00000,10.00000,1163.09733,0.00000,0.76389,0.00000,0.00000,0.12882,2.12426,3.07859,0.70833,0.66667,0.54545,0.00000,0.77040,0.00000,0.00000,0.00000,0.00000,1345.23022,-0.02423,-0.13308,0.23929,-0.02071,0.43907,0.76921,-0.07389,0.58527,-0.03614,-0.04098,0.16139,0.30515,0.34779,2.64064,2.50470,0.00000,0.12914,2.68871,2.27353,0.94792,0.92063,1.00000,0.82812,0.78788,0.76190,0.73893
1296,0.5990,127500288,62299,0.01329,1.12e-04,0.3982,175.4296,0.00000,0.00000,0.00000,10.00000,1131.60793,0.00000,0.90493,0.00000,0.00000,0.12817,2.15754,3.95698,0.79381,0.77907,0.80000,0.00000,0.77630,0.00000,0.00000,0.00000,0.00000,1343.89738,-0.02402,-0.13304,0.24147,-0.02068,0.44199,0.77509,-0.07409,0.59186,-0.03683,-0.04091,0.16299,0.30829,0.34855,3.07687,2.38400,0.00000,0.12926,2.71078,2.20865,0.95876,0.94444,1.00000,0.87629,0.85443,0.90909,0.74274
1297,0.5995,127598592,62427,0.01371,1.21e-04,0.3983,161.9335,0.00000,0.00000,0.00000,10.00000,1135.74084,0.00000,0.76923,0.00000,0.00000,0.12844,2.16162,3.35387,0.74038,0.70423,0.60000,0.00000,0.78002,0.00000,0.00000,0.00000,0.00000,1327.49797,-0.02390,-0.13143,0.24175,-0.02061,0.44492,0.77884,-0.07341,0.59321,-0.03459,-0.04091,0.16335,0.30879,0.34937,2.72662,2.80000,0.00000,0.12888,2.71568,2.24050,0.92308,0.90411,0.92857,0.83173,0.80556,0.75862,0.74686
1298,0.5999,127696896,61993,0.01374,1.50e-04,0.3983,184.2581,0.00000,0.00000,0.00000,10.00000,1245.68782,0.00000,0.79125,0.00000,0.00000,0.12777,2.14680,3.68428,0.89899,0.87324,0.87500,0.00000,0.78075,0.00000,0.00000,0.00000,0.00000,1319.37378,-0.02392,-0.13060,0.24104,-0.02023,0.44576,0.77963,-0.07290,0.59348,-0.03615,-0.04109,0.16295,0.30803,0.35006,2.86652,3.46154,0.00000,0.12818,2.71905,2.06028,0.93939,0.92857,0.85714,0.91919,0.90071,0.86667,0.75032
1299,0.6003,127795200,62298,0.01389,1.74e-04,0.3984,194.8486,0.00000,0.00000,0.00000,10.00000,1164.62735,0.00000,0.79646,0.00000,0.00000,0.13043,2.13391,3.45428,0.75221,0.69136,0.76923,0.00000,0.77750,0.00000,0.00000,0.00000,0.00000,1309.69637,-0.02407,-0.12960,0.24046,-0.02011,0.44384,0.77636,-0.07278,0.58822,-0.03528,-0.04086,0.16283,0.30647,0.34954,2.82144,2.69052,0.00000,0.12739,2.70332,2.28771,0.92920,0.91358,0.88889,0.84071,0.80247,0.81818,0.74769
1300,0.6008,127893504,62145,0.01669,1.10e-04,0.3984,182.3481,0.00000,0.00000,0.00000,10.00000,1208.98217,0.00000,0.86353,0.00000,0.00000,0.12938,2.12493,3.65278,0.81522,0.77778,0.80000,0.00000,0.77076,0.00000,0.00000,0.00000,0.00000,1296.58252,-0.02425,-0.12830,0.23853,-0.01995,0.44020,0.76963,-0.07288,0.58483,-0.03404,-0.04071,0.16136,0.30456,0.34845,2.95789,3.42000,0.00000,0.12802,2.68166,2.36917,0.97826,0.97183,1.00000,0.89674,0.87413,0.87500,0.74225
1301,0.6013,127991808,62038,0.01482,9.13e-05,0.3985,200.2057,0.00000,0.00000,0.00000,10.00000,1152.19170,0.00000,0.84028,0.00000,0.00000,0.12935,2.12294,3.21966,0.80000,0.80000,0.70000,0.00000,0.76919,0.00000,0.00000,0.00000,0.00000,1333.69491,-0.02427,-0.13194,0.23834,-0.02025,0.43831,0.76804,-0.07326,0.58547,-0.04019,-0.04077,0.16171,0.30463,0.34788,2.87983,2.77500,0.00000,0.12763,2.67833,2.55645,0.95000,0.92857,1.00000,0.87500,0.85950,0.84211,0.73941
1302,0.6017,128090112,62451,0.01341,9.83e-05,0.3986,198.6541,0.00000,0.00000,0.00000,10.00000,1277.16959,0.00000,0.82656,0.00000,0.00000,0.12878,2.14319,3.75017,0.87805,0.84615,1.00000,0.00000,0.77240,0.00000,0.00000,0.00000,0.00000,1348.44751,-0.02421,-0.13333,0.23961,-0.02049,0.43974,0.77123,-0.07468,0.58954,-0.03948,-0.04084,0.16272,0.30580,0.34846,3.03600,2.53000,0.00000,0.12704,2.69525,2.33414,0.97561,0.96491,1.00000,0.92683,0.90164,1.00000,0.74228
1303,0.6021,128188416,61783,0.01294,1.18e-04,0.3986,212.5267,0.00000,0.00000,0.00000,10.00000,1223.84515,0.00000,0.76520,0.00000,0.00000,0.13085,2.13005,3.49013,0.79245,0.74699,0.88889,0.00000,0.77469,0.00000,0.00000,0.00000,0.00000,1357.83805,-0.02427,-0.13428,0.23900,-0.02040,0.44095,0.77344,-0.07457,0.58420,-0.03959,-0.04121,0.16109,0.30513,0.34875,2.77872,2.55412,0.00000,0.12781,2.68559,2.01500,0.96226,0.93651,1.00000,0.87736,0.82877,0.94444,0.74373
1304,0.6026,128286720,61938,0.01299,1.34e-04,0.3987,179.2698,0.00000,0.00000,0.00000,10.00000,1222.81380,0.00000,0.76968,0.00000,0.00000,0.12953,2.15751,3.67936,0.79167,0.72973,1.00000,0.00000,0.77664,0.00000,0.00000,0.00000,0.00000,1353.47201,-0.02413,-0.13382,0.24096,-0.02062,0.44261,0.77538,-0.07467,0.58982,-0.03440,-0.04106,0.16246,0.30751,0.34922,3.03149,3.12923,0.00000,0.12825,2.69661,2.39375,0.97917,0.96610,1.00000,0.88542,0.83459,1.00000,0.74612
1305,0.6030,128385024,62263,0.01486,1.12e-04,0.3987,192.6739,0.00000,0.00000,0.00000,10.00000,1164.76868,0.00000,0.82011,0.00000,0.00000,0.12924,2.14736,3.57217,0.77143,0.75641,0.37500,0.00000,0.77922,0.00000,0.00000,0.00000,0.00000,1335.63208,-0.02413,-0.13215,0.24139,-0.02021,0.44349,0.77796,-0.07420,0.59014,-0.03659,-0.04110,0.16242,0.30764,0.34950,2.92635,2.47467,0.00000,0.12838,2.70484,2.36228,0.93333,0.90909,1.00000,0.85238,0.83226,0.70588,0.74749
1306,0.6035,128483328,62673,0.01428,1.34e-04,0.3987,169.0765,0.00000,0.00000,0.00000,10.00000,1225.69930,0.00000,0.80000,0.00000,0.00000,0.12846,2.13428,3.54521,0.85000,0.83117,0.71429,0.00000,0.77889,0.00000,0.00000,0.00000,0.00000,1320.52279,-0.02419,-0.13073,0.24105,-0.02031,0.44363,0.77768,-0.07417,0.59081,-0.03720,-0.04104,0.16246,0.30735,0.34986,2.86014,3.05285,0.00000,0.12806,2.71640,2.22135,0.97000,0.97015,0.90000,0.91000,0.89583,0.82353,0.74929
1307,0.6039,128581632,61944,0.01581,9.32e-05,0.3988,175.7917,0.00000,0.00000,0.00000,10.00000,1303.49064,0.00000,0.81597,0.00000,0.00000,0.12836,2.09348,3.08873,0.87500,0.84416,1.00000,0.00000,0.77473,0.00000,0.00000,0.00000,0.00000,1310.79867,-0.02450,-0.12968,0.23751,-0.01992,0.44003,0.77364,-0.07450,0.58256,-0.03360,-0.04097,0.16072,0.30338,0.34867,2.63343,2.19091,0.00000,0.12830,2.70779,2.16493,0.97917,0.98438,0.85714,0.92708,0.90780,0.91667,0.74336
1308,0.6044,128679936,62066,0.01349,9.24e-05,0.3988,172.0239,0.00000,0.00000,0.00000,10.00000,1205.20186,0.00000,0.81481,0.00000,0.00000,0.12868,2.07847,3.65463,0.84762,0.85185,0.69231,0.00000,0.77026,0.00000,0.00000,0.00000,0.00000,1305.95361,-0.02447,-0.12916,0.23827,-0.02047,0.43778,0.76913,-0.07444,0.58162,-0.03620,-0.04089,0.16061,0.30399,0.34830,2.88845,3.12857,0.00000,0.12935,2.71315,2.09316,0.94286,0.93151,0.91667,0.89524,0.88961,0.80000,0.74151
1309,0.6048,128778240,62545,0.01187,1.20e-04,0.3988,177.2854,0.00000,0.00000,0.00000,10.00000,1212.39768,0.00000,0.78853,0.00000,0.00000,0.12766,2.07227,3.53507,0.83871,0.81250,0.66667,0.00000,0.76682,0.00000,0.00000,0.00000,0.00000,1299.01896,-0.02460,-0.12859,0.23619,-0.01990,0.43646,0.76569,-0.07441,0.58032,-0.03297,-0.04073,0.15927,0.30104,0.34791,3.09400,2.94933,0.00000,0.12740,2.69981,2.71173,0.98925,0.98529,1.00000,0.91398,0.90152,0.82353,0.73954
1310,0.6053,128876544,61897,0.01554,9.24e-05,0.3989,167.3531,0.00000,0.00000,0.00000,10.00000,1176.82024,0.00000,0.84562,0.00000,0.00000,0.12962,2.07070,3.75943,0.76991,0.71591,0.83333,0.00000,0.76490,0.00000,0.00000,0.00000,0.00000,1318.93237,-0.02460,-0.13044,0.23610,-0.01997,0.43541,0.76371,-0.07440,0.57687,-0.03572,-0.04093,0.15924,0.30156,0.34655,2.98904,3.11666,0.00000,0.12894,2.67780,2.36919,0.95575,0.95238,0.87500,0.86283,0.83140,0.85714,0.73276
1311,0.6057,128974848,61792,0.01332,1.10e-04,0.3989,188.1786,0.00000,0.00000,0.00000,10.00000,1263.59526,0.00000,0.81871,0.00000,0.00000,0.12916,2.07847,3.17519,0.85965,0.82558,0.85714,0.00000,0.76683,0.00000,0.00000,0.00000,0.00000,1309.46924,-0.02483,-0.12953,0.23393,-0.01982,0.43569,0.76562,-0.07399,0.57367,-0.03375,-0.04107,0.15817,0.29873,0.34677,2.70455,2.79692,0.00000,0.12801,2.64130,2.28204,0.98246,0.98780,0.87500,0.92105,0.90476,0.86667,0.73383
1312,0.6061,129073152,62111,0.01372,1.24e-04,0.3990,206.3477,0.00000,0.00000,0.00000,10.00000,1204.35252,0.00000,0.79932,0.00000,0.00000,0.12820,2.06332,3.80493,0.83673,0.78947,1.00000,0.00000,0.76802,0.00000,0.00000,0.00000,0.00000,1339.93595,-0.02507,-0.13254,0.23143,-0.01982,0.43504,0.76677,-0.07425,0.56668,-0.03873,-0.04120,0.15589,0.29536,0.34729,3.06493,2.58133,0.00000,0.12901,2.60527,2.32493,0.94898,0.93846,0.88889,0.89286,0.85816,0.93750,0.73647
1313,0.6066,129171456,61766,0.01332,1.31e-04,0.3990,212.8133,0.00000,0.00000,0.00000,10.00000,1177.68576,0.00000,0.87542,0.00000,0.00000,0.13095,2.10432,3.66716,0.79798,0.76829,0.66667,0.00000,0.76470,0.00000,0.00000,0.00000,0.00000,1358.70443,-0.02470,-0.13426,0.23422,-0.02040,0.43328,0.76337,-0.07419,0.56864,-0.03712,-0.04122,0.15690,0.29907,0.34670,3.03155,2.49600,0.00000,0.13014,2.60990,2.46373,0.97980,0.97297,1.00000,0.88889,0.86538,0.83333,0.73352
1314,0.6070,129269760,62354,0.01405,1.21e-04,0.3990,191.5143,0.00000,0.00000,0.00000,10.00000,1212.69301,0.00000,0.75817,0.00000,0.00000,0.12977,2.12713,3.55889,0.83529,0.76364,0.90000,0.00000,0.76751,0.00000,0.00000,0.00000,0.00000,1364.93815,-0.02464,-0.13486,0.23450,-0.02071,0.43549,0.76615,-0.07422,0.57387,-0.03641,-0.04124,0.15800,0.29995,0.34729,2.78634,2.68666,0.00000,0.12902,2.61110,2.18174,0.97647,0.98361,0.90000,0.90588,0.87931,0.90000,0.73644
1315,0.6075,129368064,62444,0.01520,9.24e-05,0.3991,164.1900,0.00000,0.00000,0.00000,10.00000,1183.88223,0.00000,0.79196,0.00000,0.00000,0.12870,2.13946,3.61015,0.79787,0.78873,0.60000,0.00000,0.77017,0.00000,0.00000,0.00000,0.00000,1356.75749,-0.02437,-0.13422,0.23759,-0.02008,0.43764,0.76871,-0.07477,0.58220,-0.03793,-0.04130,0.15999,0.30352,0.34768,2.89435,3.77882,0.00000,0.12906,2.65879,2.25698,0.96809,0.96825,0.91667,0.88298,0.87313,0.77273,0.73842
1316,0.6079,129466368,62621,0.01202,1.10e-04,0.3991,192.7990,0.00000,0.00000,0.00000,10.00000,1220.92895,0.00000,0.77124,0.00000,0.00000,0.12887,2.14080,3.30719,0.85882,0.85484,0.70000,0.00000,0.77368,0.00000,0.00000,0.00000,0.00000,1380.15088,-0.02431,-0.13637,0.23892,-0.02014,0.43987,0.77221,-0.07426,0.58493,-0.03809,-0.04134,0.16069,0.30531,0.34803,2.98365,2.95412,0.00000,0.12934,2.67896,2.64968,0.94118,0.92857,0.90909,0.90000,0.88983,0.80952,0.74017
1317,0.6084,129564672,62733,0.01661,7.70e-05,0.3992,165.9926,0.00000,0.00000,0.00000,10.00000,1157.63136,0.00000,0.82244,0.00000,0.00000,0.12936,2.17906,3.74028,0.78431,0.77381,0.50000,0.00000,0.77943,0.00000,0.00000,0.00000,0.00000,1360.49495,-0.02402,-0.13464,0.24249,-0.02093,0.44245,0.77802,-0.07422,0.59194,-0.03670,-0.04157,0.16313,0.30993,0.34930,3.17617,3.23666,0.00000,0.13018,2.70288,2.54156,0.93137,0.91045,0.75000,0.85784,0.83444,0.60000,0.74649
1318,0.6088,129662976,62103,0.01230,9.13e-05,0.3992,157.2752,0.00000,0.00000,0.00000,10.00000,1243.82547,0.00000,0.75397,0.00000,0.00000,0.13034,2.19260,3.61116,0.88393,0.86420,0.87500,0.00000,0.78412,0.00000,0.00000,0.00000,0.00000,1325.07699,-0.02391,-0.13106,0.24386,-0.02098,0.44708,0.78267,-0.07336,0.59204,-0.03596,-0.04152,0.16340,0.31108,0.35117,3.00521,2.88714,0.00000,0.13056,2.69950,2.37735,0.98214,0.97183,1.00000,0.93304,0.91447,0.93103,0.75586
1319,0.6092,129761280,61988,0.01418,8.35e-05,0.3993,176.9747,0.00000,0.00000,0.00000,10.00000,1181.46077,0.00000,0.81840,0.00000,0.00000,0.12938,2.19945,3.54355,0.82796,0.80000,0.71429,0.00000,0.78413,0.00000,0.00000,0.00000,0.00000,1317.85938,-0.02399,-0.13032,0.24409,-0.02088,0.44689,0.78273,-0.07228,0.59550,-0.03981,-0.04144,0.16416,0.31131,0.35125,2.93774,2.85000,0.00000,0.12968,2.68679,2.40873,0.94624,0.92537,1.00000,0.88710,0.86131,0.87500,0.75625
1320,0.6097,129859584,61911,0.01184,1.20e-04,0.3993,160.9886,0.00000,0.00000,0.00000,10.00000,1137.81864,0.00000,0.86310,0.00000,0.00000,0.12774,2.20970,3.63737,0.78571,0.76087,0.75000,0.00000,0.78216,0.00000,0.00000,0.00000,0.00000,1302.23804,-0.02389,-0.12884,0.24276,-0.02080,0.44581,0.78077,-0.07307,0.59535,-0.03386,-0.04154,0.16399,0.30973,0.35088,2.93602,3.22800,0.00000,0.12923,2.67217,2.30894,0.94643,0.92683,1.00000,0.86607,0.83908,0.88235,0.75438
1321,0.6101,129957888,62202,0.01415,1.18e-04,0.3994,166.3199,0.00000,0.00000,0.00000,10.00000,1183.79722,0.00000,0.85470,0.00000,0.00000,0.12827,2.23037,3.88508,0.82418,0.79452,0.83333,0.00000,0.77876,0.00000,0.00000,0.00000,0.00000,1305.44279,-0.02375,-0.12917,0.24443,-0.02042,0.44386,0.77732,-0.07254,0.60012,-0.03616,-0.04119,0.16471,0.31178,0.35030,3.03066,2.86666,0.00000,0.12855,2.67603,2.28305,0.97802,0.97015,1.00000,0.90110,0.87857,0.92308,0.75148
1322,0.6106,130056192,62011,0.01459,1.00e-04,0.3994,167.4925,0.00000,0.00000,0.00000,10.00000,1198.09922,0.00000,0.85417,0.00000,0.00000,0.12727,2.24704,3.65940,0.91250,0.90625,0.88889,0.00000,0.77811,0.00000,0.00000,0.00000,0.00000,1339.81030,-0.02387,-0.13239,0.24538,-0.02048,0.44225,0.77667,-0.07328,0.60562,-0.03743,-0.04136,0.16549,0.31315,0.34921,2.95308,2.84117,0.00000,0.12752,2.68412,2.23606,0.96250,0.94915,1.00000,0.93750,0.92683,0.94444,0.74605
1323,0.6110,130154496,62091,0.01539,9.32e-05,0.3995,145.8854,0.00000,0.00000,0.00000,10.00000,1218.00282,0.00000,0.82041,0.00000,0.00000,0.12718,2.24908,3.61046,0.86047,0.83562,1.00000,0.00000,0.78153,0.00000,0.00000,0.00000,0.00000,1335.32251,-0.02374,-0.13210,0.24637,-0.02006,0.44449,0.78002,-0.07448,0.60791,-0.03879,-0.04132,0.16685,0.31496,0.35034,2.94215,1.82750,0.00000,0.12815,2.71714,2.16643,0.95349,0.92593,1.00000,0.90698,0.87402,1.00000,0.75172
1324,0.6115,130252800,62862,0.01342,1.00e-04,0.3995,174.4903,0.00000,0.00000,0.00000,10.00000,1236.44081,0.00000,0.81197,0.00000,0.00000,0.12663,2.23809,3.45351,0.83654,0.80769,0.81818,0.00000,0.78659,0.00000,0.00000,0.00000,0.00000,1335.90755,-0.02379,-0.13212,0.24631,-0.02069,0.44732,0.78501,-0.07393,0.60630,-0.03746,-0.04147,0.16667,0.31494,0.35100,2.82146,2.67333,0.00000,0.12944,2.72246,2.20605,0.96154,0.94595,1.00000,0.89904,0.87500,0.88235,0.75498
1325,0.6119,130351104,62198,0.01223,1.44e-04,0.3996,163.1763,0.00000,0.00000,0.00000,10.00000,1204.40820,0.00000,0.79444,0.00000,0.00000,0.12696,2.25861,3.70228,0.85000,0.83117,0.75000,0.00000,0.78859,0.00000,0.00000,0.00000,0.00000,1320.99349,-0.02374,-0.13069,0.24726,-0.02007,0.44843,0.78698,-0.07416,0.60777,-0.03542,-0.04134,0.16723,0.31554,0.35169,3.00971,2.79428,0.00000,0.12889,2.71949,2.31714,0.96000,0.93939,1.00000,0.90500,0.88112,0.87500,0.75845
1326,0.6124,130449408,62346,0.01652,1.10e-04,0.3997,158.0245,0.00000,0.00000,0.00000,10.00000,1185.27604,0.00000,0.78836,0.00000,0.00000,0.12423,2.24641,3.48986,0.84762,0.82895,0.76923,0.00000,0.78769,0.00000,0.00000,0.00000,0.00000,1323.87093,-0.02374,-0.13095,0.24649,-0.02083,0.44889,0.78591,-0.07355,0.60768,-0.03871,-0.04149,0.16616,0.31433,0.35174,3.00784,3.97000,0.00000,0.12976,2.70921,2.53866,0.92381,0.90411,0.88889,0.88571,0.86577,0.81818,0.75872
1327,0.6128,130547712,62000,0.01403,1.10e-04,0.3998,161.5526,0.00000,0.00000,0.00000,10.00000,1189.01671,0.00000,0.83058,0.00000,0.00000,0.12645,2.23296,3.40666,0.81188,0.81928,0.50000,0.00000,0.78444,0.00000,0.00000,0.00000,0.00000,1306.26188,-0.02371,-0.12922,0.24679,-0.02050,0.44794,0.78276,-0.07361,0.60435,-0.03769,-0.04137,0.16614,0.31472,0.35135,2.96027,2.94166,0.00000,0.13053,2.70915,2.53173,0.99010,0.98529,1.00000,0.90099,0.89404,0.75000,0.75673
1328,0.6132,130646016,62018,0.01712,7.77e-05,0.3998,167.1631,0.00000,0.00000,0.00000,10.00000,1159.33586,0.00000,0.82766,0.00000,0.00000,0.12525,2.23062,3.74817,0.83673,0.80769,0.87500,0.00000,0.78291,0.00000,0.00000,0.00000,0.00000,1307.28768,-0.02390,-0.12930,0.24548,-0.02038,0.44727,0.78125,-0.07315,0.60300,-0.03370,-0.04128,0.16571,0.31287,0.35132,3.11885,3.01538,0.00000,0.13022,2.69673,2.46176,0.92857,0.89706,1.00000,0.88265,0.84932,0.92857,0.75660
1329,0.6137,130744320,62003,0.01312,9.83e-05,0.3999,180.0041,0.00000,0.00000,0.00000,10.00000,1206.12781,0.00000,0.80000,0.00000,0.00000,0.12282,2.22593,3.36898,0.80000,0.77922,0.66667,0.00000,0.78206,0.00000,0.00000,0.00000,0.00000,1306.64600,-0.02391,-0.12925,0.24536,-0.02046,0.44652,0.78039,-0.07372,0.60704,-0.03821,-0.04113,0.16551,0.31289,0.35076,2.94227,2.85200,0.00000,0.12977,2.69973,2.53333,0.97000,0.95522,1.00000,0.88500,0.86111,0.82353,0.75382
1330,0.6141,130842624,62259,0.01337,1.12e-04,0.3999,194.4226,0.00000,0.00000,0.00000,10.00000,1218.21678,0.00000,0.82456,0.00000,0.00000,0.12553,2.24662,3.37254,0.81053,0.72727,1.00000,0.00000,0.78091,0.00000,0.00000,0.00000,0.00000,1310.80208,-0.02377,-0.12972,0.24635,-0.02029,0.44626,0.77922,-0.07311,0.60660,-0.03624,-0.04127,0.16529,0.31411,0.35050,2.75241,3.47143,0.00000,0.12928,2.69534,2.28333,0.95789,0.96000,0.83333,0.88421,0.85106,0.93333,0.75248
1331,0.6146,130940928,62578,0.01635,8.19e-05,0.4000,188.1596,0.00000,0.00000,0.00000,10.00000,1224.98817,0.00000,0.78920,0.00000,0.00000,0.12586,2.24223,3.54108,0.81308,0.75610,1.00000,0.00000,0.78329,0.00000,0.00000,0.00000,0.00000,1338.73006,-0.02374,-0.13236,0.24571,-0.02063,0.44700,0.78172,-0.07314,0.60340,-0.03576,-0.04140,0.16518,0.31340,0.35099,2.91813,2.13474,0.00000,0.13016,2.68579,2.31158,0.97196,0.95714,1.00000,0.89252,0.84868,1.00000,0.75496
1332,0.6150,131039232,62784,0.01822,5.97e-05,0.4000,187.0291,0.00000,0.00000,0.00000,10.00000,1214.70060,0.00000,0.84677,0.00000,0.00000,0.12380,2.21131,3.31405,0.83065,0.78947,0.87500,0.00000,0.78367,0.00000,0.00000,0.00000,0.00000,1325.63029,-0.02411,-0.13110,0.24146,-0.02017,0.44600,0.78217,-0.07412,0.59659,-0.03570,-0.04138,0.16303,0.30857,0.35107,2.84503,3.06285,0.00000,0.13040,2.65791,2.43031,0.95161,0.93617,1.00000,0.89113,0.86243,0.93333,0.75534
1333,0.6155,131137536,62009,0.01131,7.70e-05,0.4000,176.6679,0.00000,0.00000,0.00000,10.00000,1302.17820,0.00000,0.79276,0.00000,0.00000,0.12673,2.19140,3.22322,0.86517,0.82090,1.00000,0.00000,0.77738,0.00000,0.00000,0.00000,0.00000,1315.83366,-0.02434,-0.13013,0.23984,-0.02029,0.44322,0.77587,-0.07428,0.58899,-0.03385,-0.04120,0.16141,0.30679,0.34994,2.74984,2.47667,0.00000,0.13062,2.63610,2.29125,0.96629,0.95000,1.00000,0.91573,0.88189,1.00000,0.74971
1334,0.6159,131235840,61616,0.01275,8.39e-05,0.4000,175.7896,0.00000,0.00000,0.00000,10.00000,1263.48287,0.00000,0.80897,0.00000,0.00000,0.12386,2.17133,3.21648,0.82456,0.77011,1.00000,0.00000,0.77129,0.00000,0.00000,0.00000,0.00000,1353.24162,-0.02428,-0.13372,0.23885,-0.02048,0.43934,0.76978,-0.07362,0.58915,-0.03915,-0.04162,0.16072,0.30506,0.34856,2.75451,3.85111,0.00000,0.13061,2.63796,2.32177,0.95614,0.93671,1.00000,0.89035,0.84940,1.00000,0.74282
1335,0.6164,131334144,61242,0.01279,1.04e-04,0.4000,187.5010,0.00000,0.00000,0.00000,10.00000,1171.83076,0.00000,0.80330,0.00000,0.00000,0.12587,2.17095,3.66178,0.85135,0.85455,0.72727,0.00000,0.77262,0.00000,0.00000,0.00000,0.00000,1366.93636,-0.02428,-0.13514,0.23955,-0.02065,0.43932,0.77101,-0.07335,0.58876,-0.03782,-0.04138,0.16113,0.30654,0.34841,2.98553,3.10125,0.00000,0.13091,2.64821,2.30928,0.93243,0.90385,1.00000,0.89189,0.87850,0.84211,0.74203
1336,0.6168,131432448,60784,0.01633,6.47e-05,0.4000,165.6024,0.00000,0.00000,0.00000,10.00000,1194.51826,0.00000,0.83645,0.00000,0.00000,0.12545,2.18042,3.42174,0.86517,0.83333,1.00000,0.00000,0.77463,0.00000,0.00000,0.00000,0.00000,1361.41911,-0.02412,-0.13452,0.24161,-0.02080,0.44133,0.77306,-0.07349,0.59255,-0.03995,-0.04131,0.16266,0.30917,0.34871,2.99849,3.60307,0.00000,0.13193,2.67783,2.54219,0.95506,0.95161,0.80000,0.91011,0.88806,0.92308,0.74355
1337,0.6173,131530752,60646,0.01054,1.04e-04,0.4000,208.6847,0.00000,0.00000,0.00000,10.00000,1278.17794,0.00000,0.73856,0.00000,0.00000,0.12677,2.19142,3.13963,0.83529,0.77778,0.81818,0.00000,0.78115,0.00000,0.00000,0.00000,0.00000,1355.04264,-0.02413,-0.13412,0.24330,-0.02146,0.44404,0.77962,-0.07385,0.59397,-0.03981,-0.04148,0.16304,0.31096,0.34972,2.66643,2.65143,0.00000,0.13207,2.69016,2.24754,0.96471,0.94915,1.00000,0.90000,0.86726,0.87500,0.74860
1338,0.6177,131629056,60674,0.01640,8.19e-05,0.4001,184.9669,0.00000,0.00000,0.00000,10.00000,1248.93925,0.00000,0.84631,0.00000,0.00000,0.12712,2.20639,3.42540,0.87850,0.84146,1.00000,0.00000,0.78557,0.00000,0.00000,0.00000,0.00000,1377.29574,-0.02410,-0.13613,0.24413,-0.02071,0.44550,0.78401,-0.07425,0.59716,-0.04081,-0.04175,0.16355,0.31136,0.35018,2.74606,2.88000,0.00000,0.13035,2.69480,2.12543,0.95327,0.93827,1.00000,0.91589,0.88957,1.00000,0.75091
1339,0.6182,131727360,60481,0.01740,4.97e-05,0.4001,190.2917,0.00000,0.00000,0.00000,10.00000,1162.01590,0.00000,0.77877,0.00000,0.00000,0.12785,2.22490,3.52723,0.83929,0.85000,0.68421,0.00000,0.78666,0.00000,0.00000,0.00000,0.00000,1352.07373,-0.02388,-0.13375,0.24477,-0.02088,0.44787,0.78507,-0.07373,0.59810,-0.03521,-0.04192,0.16391,0.31196,0.35105,2.87193,2.39333,0.00000,0.12982,2.68540,2.25386,0.92857,0.89610,1.00000,0.88393,0.87261,0.83333,0.75524
1340,0.6186,131825664,60072,0.01097,7.70e-05,0.4001,189.5485,0.00000,0.00000,0.00000,10.00000,1221.33269,0.00000,0.83608,0.00000,0.00000,0.12679,2.24387,3.69662,0.88119,0.85185,1.00000,0.00000,0.78680,0.00000,0.00000,0.00000,0.00000,1322.11312,-0.02372,-0.13084,0.24654,-0.02153,0.44899,0.78525,-0.07242,0.60313,-0.03732,-0.04146,0.16505,0.31444,0.35137,2.97026,2.80714,0.00000,0.13060,2.69304,2.22453,0.95050,0.94366,0.85714,0.91584,0.89474,0.92857,0.75685
1341,0.6191,131923968,60498,0.01184,1.00e-04,0.4001,154.8217,0.00000,0.00000,0.00000,10.00000,1274.08424,0.00000,0.77558,0.00000,0.00000,0.12653,2.21809,3.49333,0.87129,0.82895,1.00000,0.00000,0.78557,0.00000,0.00000,0.00000,0.00000,1328.73975,-0.02392,-0.13150,0.24456,-0.02122,0.44859,0.78398,-0.07181,0.59769,-0.03885,-0.04178,0.16378,0.31222,0.35137,2.99623,3.21636,0.00000,0.13154,2.67371,2.45394,0.95050,0.92308,1.00000,0.91089,0.87234,1.00000,0.75683
1342,0.6196,132022272,60463,0.01665,6.42e-05,0.4002,197.6138,0.00000,0.00000,0.00000,10.00000,1276.12691,0.00000,0.80247,0.00000,0.00000,0.12600,2.22081,3.25750,0.87778,0.82812,1.00000,0.00000,0.78134,0.00000,0.00000,0.00000,0.00000,1330.58236,-0.02402,-0.13151,0.24308,-0.02075,0.44536,0.77979,-0.07319,0.59719,-0.03484,-0.04141,0.16297,0.31064,0.35038,2.87909,2.99800,0.00000,0.13026,2.66950,2.52294,0.97778,0.96970,1.00000,0.92778,0.90000,1.00000,0.75192
1343,0.6200,132120576,59654,0.01312,8.05e-05,0.4002,162.3351,0.00000,0.00000,0.00000,10.00000,1222.78974,0.00000,0.78189,0.00000,0.00000,0.12846,2.26640,3.57517,0.83951,0.82540,0.71429,0.00000,0.78149,0.00000,0.00000,0.00000,0.00000,1340.68945,-0.02370,-0.13260,0.24697,-0.02126,0.44513,0.77995,-0.07336,0.60327,-0.03688,-0.04134,0.16588,0.31513,0.35017,2.92877,3.07833,0.00000,0.12984,2.68074,2.25928,0.96296,0.94118,1.00000,0.90123,0.87719,0.85714,0.75086
1344,0.6205,132218880,59771,0.01379,7.61e-05,0.4002,166.5822,0.00000,0.00000,0.00000,10.00000,1196.35309,0.00000,0.84291,0.00000,0.00000,0.12605,2.30657,3.53123,0.80460,0.77941,0.60000,0.00000,0.78635,0.00000,0.00000,0.00000,0.00000,1356.48999,-0.02346,-0.13401,0.24932,-0.02079,0.44864,0.78470,-0.07380,0.61280,-0.03554,-0.04159,0.16732,0.31782,0.35125,2.78544,2.41111,0.00000,0.12939,2.69694,2.16029,0.95402,0.93750,1.00000,0.87931,0.85606,0.81818,0.75626
1345,0.6209,132317184,59263,0.01306,8.70e-05,0.4002,158.8229,0.00000,0.00000,0.00000,10.00000,1214.83710,0.00000,0.83608,0.00000,0.00000,0.12357,2.30213,3.61324,0.88119,0.85526,0.80000,0.00000,0.79146,0.00000,0.00000,0.00000,0.00000,1338.58268,-0.02351,-0.13229,0.24836,-0.02094,0.45201,0.78987,-0.07382,0.61276,-0.03470,-0.04162,0.16682,0.31636,0.35230,3.02500,2.34800,0.00000,0.12987,2.68948,2.48260,0.94059,0.93421,0.85714,0.91089,0.89474,0.83333,0.76148
1346,0.6214,132415488,60297,0.01511,6.82e-05,0.4003,180.5118,0.00000,0.00000,0.00000,10.00000,1246.62189,0.00000,0.78231,0.00000,0.00000,0.12388,2.28601,3.39324,0.87755,0.84932,0.88889,0.00000,0.78765,0.00000,0.00000,0.00000,0.00000,1348.60083,-0.02348,-0.13325,0.24798,-0.02102,0.45011,0.78597,-0.07331,0.61071,-0.03742,-0.04178,0.16665,0.31590,0.35142,2.88291,2.42588,0.00000,0.13009,2.68734,2.38657,0.98980,0.98462,1.00000,0.93367,0.91304,0.94444,0.75709
1347,0.6219,132513792,59527,0.01182,8.70e-05,0.4003,185.1588,0.00000,0.00000,0.00000,10.00000,1285.39019,0.00000,0.72375,0.00000,0.00000,0.12293,2.26401,3.60757,0.86239,0.82432,0.83333,0.00000,0.78660,0.00000,0.00000,0.00000,0.00000,1349.40023,-0.02372,-0.13335,0.24565,-0.02096,0.44907,0.78493,-0.07285,0.60657,-0.03782,-0.04192,0.16541,0.31331,0.35103,3.03720,3.55000,0.00000,0.13026,2.66706,2.48184,0.99083,0.98529,1.00000,0.92661,0.90141,0.90476,0.75517
1348,0.6223,132612096,60558,0.01651,7.97e-05,0.4004,168.2035,0.00000,0.00000,0.00000,10.00000,1223.79816,0.00000,0.83064,0.00000,0.00000,0.12329,2.26364,3.68494,0.88350,0.86047,1.00000,0.00000,0.78695,0.00000,0.00000,0.00000,0.00000,1344.22062,-0.02378,-0.13308,0.24525,-0.02116,0.44846,0.78525,-0.07286,0.60552,-0.03824,-0.04180,0.16379,0.31298,0.35075,3.09000,3.19273,0.00000,0.13056,2.66513,2.41127,0.97087,0.95588,1.00000,0.92718,0.90260,1.00000,0.75374
1349,0.6228,132710400,60251,0.01203,1.18e-04,0.4004,192.4363,0.00000,0.00000,0.00000,10.00000,1209.42889,0.00000,0.82200,0.00000,0.00000,0.12362,2.24994,3.69226,0.89796,0.87671,0.90000,0.00000,0.78694,0.00000,0.00000,0.00000,0.00000,1319.13802,-0.02388,-0.13050,0.24424,-0.02066,0.44745,0.78526,-0.07355,0.60275,-0.03514,-0.04172,0.16326,0.31165,0.35060,2.98450,2.88444,0.00000,0.13019,2.66877,2.28605,0.94898,0.93056,1.00000,0.92347,0.90345,0.94737,0.75298
1350,0.6233,132808704,59757,0.01673,6.42e-05,0.4004,180.3134,0.00000,0.00000,0.00000,10.00000,1229.91154,0.00000,0.73513,0.00000,0.00000,0.12284,2.24079,3.34262,0.77778,0.73239,0.66667,0.00000,0.78237,0.00000,0.00000,0.00000,0.00000,1325.93571,-0.02386,-0.13112,0.24411,-0.02094,0.44539,0.78073,-0.07328,0.60234,-0.03581,-0.04161,0.16363,0.31139,0.34996,3.00375,2.85286,0.00000,0.13065,2.66256,2.69522,0.97980,0.96667,1.00000,0.87879,0.83969,0.82353,0.74982
1351,0.6237,132907008,59713,0.01115,9.13e-05,0.4005,168.6335,0.00000,0.00000,0.00000,10.00000,1211.17367,0.00000,0.78125,0.00000,0.00000,0.12140,2.22355,3.62277,0.82292,0.76389,1.00000,0.00000,0.77786,0.00000,0.00000,0.00000,0.00000,1342.65267,-0.02407,-0.13274,0.24184,-0.02082,0.44373,0.77612,-0.07319,0.60311,-0.04082,-0.04146,0.16282,0.30906,0.34943,3.03984,3.57166,0.00000,0.12863,2.64862,2.45692,0.94792,0.95238,0.66667,0.88542,0.85185,0.85714,0.74713
1352,0.6242,133005312,58782,0.01465,9.32e-05,0.4005,168.8030,0.00000,0.00000,0.00000,10.00000,1210.79127,0.00000,0.81237,0.00000,0.00000,0.12139,2.22838,3.27805,0.80189,0.78481,0.63636,0.00000,0.77687,0.00000,0.00000,0.00000,0.00000,1367.26221,-0.02423,-0.13511,0.24144,-0.02080,0.44164,0.77504,-0.07317,0.59953,-0.03933,-0.04171,0.16199,0.30819,0.34814,2.77645,2.50706,0.00000,0.12967,2.63008,2.32500,0.96226,0.94737,1.00000,0.88208,0.86452,0.78947,0.74071
1353,0.6247,133103616,59555,0.01336,1.21e-04,0.4005,180.8868,0.00000,0.00000,0.00000,10.00000,1170.75308,0.00000,0.83552,0.00000,0.00000,0.12182,2.19320,3.70279,0.83465,0.80412,0.77778,0.00000,0.77872,0.00000,0.00000,0.00000,0.00000,1353.44946,-0.02439,-0.13390,0.23869,-0.02124,0.44295,0.77684,-0.07351,0.58947,-0.03781,-0.04190,0.15947,0.30499,0.34873,3.05563,3.31625,0.00000,0.13169,2.61182,2.48185,0.93701,0.91489,1.00000,0.88583,0.85864,0.88889,0.74363
1354,0.6251,133201920,59094,0.01500,1.01e-04,0.4006,165.6210,0.00000,0.00000,0.00000,10.00000,1278.45703,0.00000,0.81395,0.00000,0.00000,0.12252,2.18292,3.52603,0.90698,0.87692,1.00000,0.00000,0.77698,0.00000,0.00000,0.00000,0.00000,1356.18433,-0.02461,-0.13416,0.23809,-0.02097,0.44195,0.77513,-0.07328,0.58841,-0.04032,-0.04132,0.15993,0.30487,0.34838,2.95597,2.64750,0.00000,0.13172,2.61141,2.36721,0.95349,0.93443,1.00000,0.93023,0.90476,1.00000,0.74188
1355,0.6256,133300224,60009,0.01384,1.12e-04,0.4006,207.5026,0.00000,0.00000,0.00000,10.00000,1237.40948,0.00000,0.86538,0.00000,0.00000,0.12286,2.19305,3.09769,0.83654,0.82022,0.75000,0.00000,0.77716,0.00000,0.00000,0.00000,0.00000,1339.24479,-0.02436,-0.13257,0.23879,-0.02102,0.44182,0.77543,-0.07419,0.58883,-0.03510,-0.04175,0.15977,0.30519,0.34823,2.75131,3.67666,0.00000,0.13142,2.62290,2.38621,0.98077,0.97260,1.00000,0.90865,0.88889,0.85714,0.74113
1356,0.6260,133398528,61700,0.01574,9.24e-05,0.4007,153.2401,0.00000,0.00000,0.00000,10.00000,1314.74279,0.00000,0.74786,0.00000,0.00000,0.12417,2.18918,3.16819,0.96154,0.96226,0.90909,0.00000,0.77532,0.00000,0.00000,0.00000,0.00000,1363.30192,-0.02419,-0.13467,0.24100,-0.02083,0.44152,0.77357,-0.07396,0.59432,-0.04139,-0.04133,0.16110,0.30777,0.34838,2.70616,2.48947,0.00000,0.13014,2.64889,2.22847,0.96154,0.94231,1.00000,0.96154,0.95238,0.95000,0.74188
1357,0.6265,133496832,61684,0.01278,1.10e-04,0.4007,171.0633,0.00000,0.00000,0.00000,10.00000,1220.24489,0.00000,0.79758,0.00000,0.00000,0.12187,2.19255,3.52986,0.83168,0.79747,0.87500,0.00000,0.77860,0.00000,0.00000,0.00000,0.00000,1366.40397,-0.02418,-0.13501,0.24088,-0.02084,0.44298,0.77684,-0.07542,0.59649,-0.03970,-0.04159,0.16085,0.30703,0.34881,2.84965,2.95600,0.00000,0.12961,2.66410,2.12086,0.95050,0.93939,0.87500,0.89109,0.86207,0.87500,0.74403
1358,0.6269,133595136,61800,0.01564,1.03e-04,0.4007,177.4445,0.00000,0.00000,0.00000,10.00000,1236.51888,0.00000,0.77381,0.00000,0.00000,0.12175,2.21047,3.46166,0.83333,0.79365,0.88889,0.00000,0.78152,0.00000,0.00000,0.00000,0.00000,1360.20890,-0.02384,-0.13440,0.24313,-0.02129,0.44518,0.77973,-0.07505,0.60078,-0.03825,-0.04156,0.16245,0.31008,0.34985,2.85193,2.64125,0.00000,0.13089,2.68146,2.23186,0.95238,0.94444,0.88889,0.89286,0.86325,0.88889,0.74927
1359,0.6274,133693440,61863,0.01442,9.83e-05,0.4008,189.0601,0.00000,0.00000,0.00000,10.00000,1252.64305,0.00000,0.80367,0.00000,0.00000,0.12291,2.21140,2.99611,0.84466,0.82667,0.66667,0.00000,0.78137,0.00000,0.00000,0.00000,0.00000,1358.25382,-0.02396,-0.13433,0.24262,-0.02078,0.44501,0.77960,-0.07468,0.60009,-0.03996,-0.04159,0.16234,0.30976,0.34966,2.65735,2.30667,0.00000,0.13000,2.67232,2.34861,0.95146,0.93243,1.00000,0.89806,0.87919,0.83333,0.74831
1360,0.6278,133791744,61757,0.01805,7.16e-05,0.4008,177.1139,0.00000,0.00000,0.00000,10.00000,1249.73586,0.00000,0.76190,0.00000,0.00000,0.12057,2.21226,3.18438,0.87619,0.87500,0.63636,0.00000,0.78140,0.00000,0.00000,0.00000,0.00000,1351.30786,-0.02402,-0.13366,0.24157,-0.02075,0.44573,0.77960,-0.07439,0.59655,-0.03785,-0.04174,0.16167,0.30814,0.35017,2.79778,2.69273,0.00000,0.13204,2.65374,2.44500,0.93333,0.90278,1.00000,0.90476,0.88889,0.83333,0.75085
