iter,hours,steps,fps,kl,lr,std,value_loss,act_sat,assist,distance,ep_len_s,ep_return,fall_rate,floored_share,glove_speed,head_share,height,hit_speed,hit_speed_max,hits_per_s,knockdowns_per_min,lilmatt_assist,lilmatt_pose_err,lilmatt_reward_per_step,lilmatt_time_to_stand,lilmatt_up_rate,lilmatt_up_rate_from_floor,lilmatt_up_rate_unaided,nick_assist,nick_pose_err,nick_reward_per_step,nick_time_to_stand,nick_up_rate,nick_up_rate_from_floor,nick_up_rate_unaided,power,rt_act,rt_energy,rt_face,rt_feet,rt_head,rt_height,rt_limit,rt_pose,rt_qvel,rt_rate,rt_still,rt_stood,rt_upright,time_to_stand,time_to_stand_unaided,up_rate,up_rate_from_floor,up_rate_unaided,upright
0,0.0008,98304,33940,0.04210,3.49e-05,0.2620,904.1692,0.00000,0.30000,0.00000,10.00000,3.97614,0.00000,0.02497,0.00000,0.00000,0.94867,0.00000,0.00000,0.00000,0.00000,0.30000,0.37209,0.32173,0.00000,0.00000,0.00000,0.00000,0.30000,0.20315,0.55704,0.00000,0.00000,0.00000,0.00000,507.63859,-0.04509,-0.05028,0.06184,-0.00926,0.56529,0.94517,-0.03329,0.02658,-0.00938,-0.05920,0.02748,0.08126,0.39008,0.00000,0.00000,0.00000,0.00000,0.00000,0.95041
1,0.0014,196608,47382,0.00548,6.71e-05,0.2620,381.7536,0.00000,0.30400,0.00000,10.00000,18.85194,0.00000,0.48955,0.00000,0.00000,0.63722,0.00000,0.00000,0.00000,0.00000,0.30400,0.38530,0.55123,0.00000,0.15842,0.00000,0.00000,0.30400,0.22765,0.83383,0.00000,0.15842,0.00000,0.00000,858.37158,-0.04276,-0.08425,0.09505,-0.01485,0.36167,0.63481,-0.04782,0.00528,-0.03206,-0.02631,0.04860,0.12358,0.32488,0.00000,0.00000,0.15842,0.00000,0.00000,0.62439
2,0.0020,294912,48222,0.00849,1.16e-04,0.2621,326.0139,0.00000,0.30800,0.00000,10.00000,36.96548,0.00000,0.65926,0.00000,0.00000,0.50082,0.00000,0.00000,0.00000,0.00000,0.30800,0.36705,0.64533,0.00000,0.25333,0.00000,0.00000,0.30800,0.20496,0.94483,0.00000,0.21333,0.00000,0.00000,978.59912,-0.03975,-0.09657,0.09685,-0.01315,0.25250,0.49945,-0.05726,0.02950,-0.02502,-0.02246,0.05734,0.12710,0.29268,0.00000,0.00000,0.23333,0.00000,0.00000,0.46341
3,0.0026,393216,46611,0.00889,1.60e-04,0.2621,538.2381,0.00000,0.31200,0.00000,10.00000,48.85357,0.00000,0.76720,0.00000,0.00000,0.54051,0.00000,0.00000,0.00000,0.00000,0.31200,0.37664,0.82588,0.00000,0.09524,0.00000,0.00000,0.31200,0.20602,1.11456,0.50000,0.25714,0.00000,0.00000,1213.26481,-0.03846,-0.12034,0.11473,-0.01216,0.27686,0.53810,-0.07130,0.01665,-0.02000,-0.02317,0.06771,0.15198,0.30651,0.50000,0.00000,0.17619,0.00000,0.00000,0.53254
4,0.0031,491520,49784,0.01188,1.80e-04,0.2622,672.7876,0.00000,0.31600,0.00000,10.00000,91.49124,0.00000,0.74481,0.00000,0.00000,0.63831,0.00000,0.00000,0.00000,0.00000,0.31600,0.39841,1.06876,1.17000,0.27473,0.03175,0.20000,0.31600,0.22607,1.33703,1.52000,0.29670,0.03390,0.00000,1451.62826,-0.03683,-0.14394,0.14633,-0.01588,0.33670,0.63277,-0.08153,-0.02862,-0.02875,-0.02536,0.08072,0.19758,0.32566,1.24000,1.14000,0.28571,0.03279,0.08333,0.62831
5,0.0037,589824,47943,0.01307,2.21e-04,0.2622,729.9498,0.00000,0.32000,0.00000,10.00000,131.10979,0.00000,0.72778,0.00000,0.00000,0.71597,0.00000,0.00000,0.00000,0.00000,0.32000,0.40420,1.22314,1.29733,0.37000,0.11111,0.00000,0.32000,0.23994,1.51340,1.27474,0.32000,0.04412,0.40000,1647.43978,-0.03590,-0.16317,0.16404,-0.01839,0.38386,0.70893,-0.08828,-0.05286,-0.04115,-0.02837,0.09054,0.22610,0.33985,1.28471,1.42000,0.34500,0.07634,0.16667,0.69923
6,0.0043,688128,47245,0.01540,1.50e-04,0.2623,688.4018,0.00000,0.32400,0.00000,10.00000,157.74788,0.00000,0.71197,0.00000,0.00000,0.75172,0.00000,0.00000,0.00000,0.00000,0.32400,0.40067,1.29280,1.34343,0.38835,0.18841,0.36364,0.32400,0.24762,1.64814,1.40240,0.37864,0.15873,0.08333,1567.49577,-0.03504,-0.15506,0.17372,-0.02129,0.41048,0.74439,-0.08847,-0.05482,-0.04348,-0.02912,0.09842,0.24500,0.34770,1.36800,1.40400,0.38350,0.17424,0.21739,0.73850
7,0.0049,786432,47934,0.01191,1.58e-04,0.2624,512.0082,0.00000,0.32800,0.00000,10.00000,208.78399,0.00000,0.71360,0.00000,0.00000,0.74745,0.00000,0.00000,0.00000,0.00000,0.32800,0.39261,1.30871,1.42036,0.43966,0.21053,0.54545,0.32800,0.23935,1.68804,1.42606,0.40517,0.15068,0.12500,1500.54085,-0.03486,-0.14840,0.17457,-0.02073,0.40872,0.74098,-0.08810,-0.03362,-0.04421,-0.02936,0.10317,0.24604,0.34726,1.42250,1.81428,0.42241,0.18121,0.36842,0.73632
8,0.0054,884736,49597,0.01645,1.34e-04,0.2624,449.4024,0.00000,0.33200,0.00000,10.00000,248.10158,0.00000,0.78144,0.00000,0.00000,0.73854,0.00000,0.00000,0.00000,0.00000,0.33200,0.38304,1.31320,1.47115,0.46154,0.23810,0.00000,0.33200,0.23253,1.71458,1.53333,0.46154,0.26154,0.50000,1436.26839,-0.03457,-0.14208,0.17286,-0.02169,0.40444,0.73327,-0.08728,-0.01217,-0.04302,-0.02789,0.10732,0.24689,0.34634,1.49894,2.22000,0.46154,0.25000,0.33333,0.73170
9,0.0060,983040,50697,0.01344,1.47e-04,0.2625,445.2233,0.00000,0.33600,0.00000,10.00000,290.11305,0.00000,0.69612,0.00000,0.00000,0.74389,0.00000,0.00000,0.00000,0.00000,0.33600,0.38410,1.37335,1.45244,0.49398,0.23077,0.75000,0.33600,0.22523,1.78186,1.87302,0.56627,0.40385,0.37500,1378.89844,-0.03376,-0.13648,0.18150,-0.02286,0.40739,0.73885,-0.08643,-0.01102,-0.03415,-0.02764,0.11457,0.25763,0.34692,1.65795,1.34364,0.53012,0.31731,0.56250,0.73459
10,0.0065,1081344,49147,0.01331,1.89e-04,0.2626,432.8476,0.00000,0.34000,0.00000,10.00000,324.79227,0.00000,0.76211,0.00000,0.00000,0.75889,0.00000,0.00000,0.00000,0.00000,0.34000,0.38536,1.45870,1.65880,0.46154,0.31579,0.40000,0.34000,0.22068,1.85881,1.71048,0.55128,0.34000,0.60000,1355.87183,-0.03290,-0.13422,0.19387,-0.02396,0.41895,0.75375,-0.08564,-0.01258,-0.03543,-0.02748,0.12328,0.27392,0.35013,1.68239,1.57000,0.50641,0.32710,0.50000,0.75064
11,0.0071,1179648,49511,0.01419,9.83e-05,0.2627,422.4429,0.00000,0.34400,0.00000,10.00000,352.14328,0.00000,0.79001,0.00000,0.00000,0.77851,0.00000,0.00000,0.00000,0.00000,0.34400,0.38387,1.54354,1.77360,0.56881,0.41772,0.90000,0.34400,0.21573,1.93054,1.85914,0.56881,0.42105,0.66667,1303.71313,-0.03209,-0.12902,0.20233,-0.02325,0.43304,0.77316,-0.08447,-0.00790,-0.03466,-0.02744,0.13191,0.28610,0.35335,1.81490,2.33875,0.56881,0.41935,0.78947,0.76675
12,0.0077,1277952,49029,0.01183,1.01e-04,0.2627,357.3909,0.00000,0.34800,0.00000,10.00000,460.10714,0.00000,0.75397,0.00000,0.00000,0.78480,0.00000,0.00000,0.00000,0.00000,0.34800,0.38077,1.56605,1.66655,0.57143,0.43548,0.50000,0.34800,0.21646,1.97057,1.74511,0.65476,0.46154,0.66667,1272.48486,-0.03206,-0.12603,0.20625,-0.02309,0.43919,0.77963,-0.08436,-0.00212,-0.02970,-0.02748,0.13651,0.29115,0.35517,1.70171,1.87000,0.61310,0.44737,0.60000,0.77587
13,0.0082,1376256,48483,0.01122,1.34e-04,0.2628,354.3104,0.00000,0.35200,0.00000,10.00000,456.86321,0.00000,0.72222,0.00000,0.00000,0.78480,0.00000,0.00000,0.00000,0.00000,0.35200,0.37421,1.57647,1.97425,0.60000,0.44000,0.86667,0.35200,0.21041,1.99935,2.11171,0.59091,0.39706,0.69231,1230.39616,-0.03194,-0.12177,0.20901,-0.02261,0.43996,0.78037,-0.08289,0.01424,-0.03133,-0.02745,0.14004,0.29052,0.35497,2.03840,2.12800,0.59545,0.41958,0.78571,0.77487
14,0.0088,1474560,50226,0.01372,1.41e-04,0.2629,376.5358,0.00000,0.35600,0.00000,10.00000,555.86964,0.00000,0.76797,0.00000,0.00000,0.78237,0.00000,0.00000,0.00000,0.00000,0.35600,0.37172,1.58175,1.91013,0.67647,0.56944,0.75000,0.35600,0.20776,2.01506,2.01536,0.66667,0.50725,1.00000,1211.31177,-0.03196,-0.11991,0.20859,-0.02115,0.43855,0.77796,-0.08260,0.02331,-0.02862,-0.02683,0.14146,0.29042,0.35453,1.96055,2.17273,0.67157,0.53901,0.83333,0.77267
15,0.0094,1572864,48807,0.01338,1.31e-04,0.2630,332.2613,0.00000,0.36000,0.00000,10.00000,602.26683,0.00000,0.76263,0.00000,0.00000,0.78196,0.00000,0.00000,0.00000,0.00000,0.36000,0.37175,1.58949,1.81570,0.73636,0.63636,0.83333,0.36000,0.20370,2.01391,2.18116,0.70000,0.55405,1.00000,1236.01164,-0.03175,-0.12236,0.20993,-0.02148,0.43753,0.77753,-0.08206,0.02664,-0.03067,-0.02707,0.14259,0.28965,0.35462,1.98608,2.46000,0.71818,0.59603,0.90000,0.77311
16,0.0099,1671168,51397,0.01314,1.49e-04,0.2631,359.4719,0.00000,0.36200,0.00000,10.00000,682.45046,0.00000,0.65934,0.00000,0.00000,0.79155,0.00000,0.00000,0.00000,0.00000,0.36000,0.37418,1.59743,1.81821,0.82418,0.74510,0.80000,0.36400,0.20873,2.03994,2.32580,0.71429,0.59649,0.72727,1227.45980,-0.03158,-0.12156,0.21308,-0.02139,0.44250,0.78667,-0.08234,0.01768,-0.02950,-0.02697,0.14378,0.29464,0.35585,2.08491,2.48889,0.76923,0.66667,0.76190,0.77923
17,0.0105,1769472,49180,0.01640,1.03e-04,0.2632,328.0808,0.00000,0.36200,0.00000,10.00000,682.56645,0.00000,0.72738,0.00000,0.00000,0.79147,0.00000,0.00000,0.00000,0.00000,0.36000,0.37341,1.61253,1.78946,0.67010,0.53846,0.81818,0.36400,0.20577,2.05110,2.15937,0.67010,0.53226,0.70000,1201.60889,-0.03144,-0.11899,0.21448,-0.02225,0.44363,0.78668,-0.08235,0.02288,-0.02950,-0.02686,0.14341,0.29461,0.35565,1.96101,2.47059,0.67010,0.53543,0.76190,0.77823
18,0.0110,1867776,48747,0.01116,1.20e-04,0.2633,310.4768,0.00000,0.36200,0.00000,10.00000,774.68540,0.00000,0.78189,0.00000,0.00000,0.78608,0.00000,0.00000,0.00000,0.00000,0.36000,0.37249,1.60999,1.86634,0.75000,0.65385,1.00000,0.36400,0.20093,2.06309,2.18337,0.75926,0.66216,0.85714,1190.86540,-0.03150,-0.11787,0.21464,-0.02109,0.44131,0.78154,-0.08270,0.03116,-0.02816,-0.02644,0.14542,0.29408,0.35498,2.01987,2.41231,0.75463,0.65789,0.92857,0.77488
19,0.0116,1966080,49343,0.01239,1.45e-04,0.2634,319.7346,0.00000,0.36200,0.00000,10.00000,866.36253,0.00000,0.71637,0.00000,0.00000,0.78646,0.00000,0.00000,0.00000,0.00000,0.36000,0.37203,1.60061,2.11638,0.76316,0.65385,1.00000,0.36400,0.20223,2.02158,2.48225,0.78070,0.66667,0.71429,1202.73861,-0.03161,-0.11912,0.21003,-0.02051,0.44094,0.78197,-0.08134,0.02719,-0.03101,-0.02669,0.14431,0.29113,0.35462,2.28506,2.51667,0.77193,0.65986,0.85714,0.77310
20,0.0122,2064384,47483,0.01450,1.24e-04,0.2635,339.3805,0.00000,0.36200,0.00000,10.00000,914.99121,0.00000,0.71047,0.00000,0.00000,0.79087,0.00000,0.00000,0.00000,0.00000,0.36000,0.37348,1.58842,2.18305,0.77885,0.69697,0.66667,0.36400,0.20593,2.00880,2.44472,0.76923,0.67164,0.75000,1194.96688,-0.03187,-0.11832,0.20788,-0.02117,0.44319,0.78618,-0.08066,0.02170,-0.02991,-0.02676,0.14214,0.29023,0.35533,2.31389,2.80667,0.77404,0.68421,0.70588,0.77666
21,0.0128,2162688,48617,0.01339,1.11e-04,0.2636,372.1089,0.00000,0.36200,0.00000,10.00000,934.03314,0.00000,0.80586,0.00000,0.00000,0.78460,0.00000,0.00000,0.00000,0.00000,0.36000,0.37249,1.58313,1.98657,0.83516,0.77612,1.00000,0.36400,0.20416,2.02086,2.48375,0.79121,0.72308,0.75000,1212.84041,-0.03163,-0.11999,0.20935,-0.02223,0.44030,0.77997,-0.08100,0.02683,-0.03223,-0.02682,0.14158,0.29033,0.35417,2.22403,1.99500,0.81319,0.75000,0.88889,0.77087
22,0.0133,2260992,48774,0.01339,1.00e-04,0.2636,319.9715,0.00000,0.36200,0.00000,10.00000,942.36287,0.00000,0.75650,0.00000,0.00000,0.78157,0.00000,0.00000,0.00000,0.00000,0.36000,0.37383,1.55867,1.95723,0.80851,0.75000,0.66667,0.36400,0.20100,2.04692,2.66421,0.74468,0.64062,0.00000,1204.09757,-0.03175,-0.11927,0.20782,-0.02117,0.43771,0.77710,-0.08273,0.03089,-0.02932,-0.02652,0.14145,0.28814,0.35410,2.28754,3.44800,0.77660,0.69531,0.57143,0.77052
23,0.0139,2359296,49412,0.01213,1.21e-04,0.2637,322.5130,0.00000,0.36200,0.00000,10.00000,937.44883,0.00000,0.67766,0.00000,0.00000,0.78079,0.00000,0.00000,0.00000,0.00000,0.36000,0.37232,1.57221,2.08657,0.84615,0.75439,1.00000,0.36400,0.20370,2.06413,2.43094,0.78022,0.66667,0.90000,1229.95337,-0.03154,-0.12178,0.20866,-0.02069,0.43702,0.77623,-0.08245,0.03130,-0.03030,-0.02651,0.14290,0.29106,0.35398,2.25481,2.80095,0.81319,0.71171,0.95238,0.76990
24,0.0145,2457600,48908,0.01479,9.32e-05,0.2638,279.4674,0.00000,0.36200,0.00000,10.00000,905.96769,0.00000,0.72338,0.00000,0.00000,0.78585,0.00000,0.00000,0.00000,0.00000,0.36000,0.37383,1.59074,2.12448,0.78125,0.64286,0.91667,0.36400,0.20231,2.04596,2.25297,0.70833,0.62319,0.75000,1226.93783,-0.03179,-0.12155,0.20744,-0.02108,0.43972,0.78114,-0.08287,0.02805,-0.02749,-0.02661,0.14323,0.29021,0.35456,2.19191,2.01053,0.74479,0.63200,0.85000,0.77278
25,0.0150,2555904,48449,0.01450,7.77e-05,0.2639,297.8737,0.00000,0.36200,0.00000,10.00000,903.49956,0.00000,0.72409,0.00000,0.00000,0.78889,0.00000,0.00000,0.00000,0.00000,0.36000,0.37467,1.61006,2.19848,0.76404,0.70000,0.62500,0.36400,0.20074,2.03758,2.22555,0.74157,0.64286,0.50000,1217.63289,-0.03186,-0.12067,0.20600,-0.02060,0.44289,0.78415,-0.08361,0.02560,-0.02818,-0.02649,0.14400,0.29143,0.35546,2.21067,2.67666,0.75281,0.67241,0.57143,0.77730
26,0.0156,2654208,47763,0.01205,9.83e-05,0.2640,310.8124,0.00000,0.36200,0.00000,10.00000,921.05096,0.00000,0.75286,0.00000,0.00000,0.78843,0.00000,0.00000,0.00000,0.00000,0.36000,0.37626,1.58448,1.81268,0.81308,0.75000,0.88889,0.36400,0.20098,2.04191,2.41973,0.73832,0.59420,1.00000,1207.71338,-0.03195,-0.11961,0.20663,-0.02165,0.44130,0.78363,-0.08277,0.02419,-0.03017,-0.02656,0.14368,0.29183,0.35492,2.10064,1.84125,0.77570,0.67586,0.94118,0.77462
27,0.0162,2752512,51106,0.01075,1.34e-04,0.2640,292.8583,0.00000,0.36200,0.00000,10.00000,922.23509,0.00000,0.71829,0.00000,0.00000,0.78404,0.00000,0.00000,0.00000,0.00000,0.36000,0.37219,1.56022,2.32366,0.77778,0.66129,0.90000,0.36400,0.20447,2.04703,2.45726,0.74747,0.63636,0.90909,1202.45174,-0.03207,-0.11907,0.20529,-0.02064,0.43938,0.77947,-0.08324,0.03125,-0.02967,-0.02641,0.14220,0.28879,0.35441,2.39139,2.34100,0.76263,0.64844,0.90476,0.77205
28,0.0167,2850816,51489,0.01389,1.12e-04,0.2641,296.0041,0.00000,0.36200,0.00000,10.00000,902.89029,0.00000,0.73913,0.00000,0.00000,0.77851,0.00000,0.00000,0.00000,0.00000,0.36000,0.36995,1.55550,2.13829,0.78261,0.66216,1.00000,0.36400,0.20234,2.04307,2.26884,0.78261,0.70886,0.81818,1213.66203,-0.03186,-0.12018,0.20559,-0.02153,0.43635,0.77427,-0.08154,0.03807,-0.02877,-0.02712,0.14215,0.28675,0.35364,2.20512,1.65130,0.78261,0.68627,0.91667,0.76818
29,0.0173,2949120,49318,0.01148,1.41e-04,0.2642,302.9644,0.00000,0.36200,0.00000,10.00000,868.05922,0.00000,0.81243,0.00000,0.00000,0.77956,0.00000,0.00000,0.00000,0.00000,0.36000,0.37200,1.56210,1.97194,0.70968,0.61972,1.00000,0.36400,0.20264,2.04575,2.38239,0.73118,0.63077,0.66667,1226.14364,-0.03179,-0.12138,0.20710,-0.02031,0.43587,0.77507,-0.08160,0.03369,-0.03021,-0.02655,0.14359,0.28912,0.35412,2.16978,2.25200,0.72043,0.62500,0.80000,0.77061
30,0.0178,3047424,49431,0.01796,1.23e-04,0.2642,287.0450,0.00000,0.36200,0.00000,10.00000,940.53026,0.00000,0.67511,0.00000,0.00000,0.78550,0.00000,0.00000,0.00000,0.00000,0.36000,0.37171,1.59597,2.37458,0.77215,0.61364,0.85714,0.36400,0.20232,2.09075,2.23719,0.75949,0.65385,0.85714,1200.25024,-0.03120,-0.11890,0.21256,-0.02148,0.44115,0.78084,-0.08214,0.03443,-0.02581,-0.02656,0.14575,0.29463,0.35526,2.30000,2.41384,0.76582,0.63542,0.85714,0.77631
31,0.0184,3145728,48615,0.01364,1.02e-04,0.2643,274.3038,0.00000,0.36000,0.00000,10.00000,918.73390,0.00000,0.73628,0.00000,0.00000,0.78518,0.00000,0.00000,0.00000,0.00000,0.35600,0.37263,1.60677,2.26377,0.79518,0.67308,1.00000,0.36400,0.19752,2.12127,2.25393,0.73494,0.65517,0.50000,1190.01286,-0.03119,-0.11786,0.21361,-0.02055,0.44218,0.78067,-0.08235,0.04036,-0.02798,-0.02593,0.14793,0.29719,0.35546,2.25871,3.05714,0.76506,0.66364,0.77778,0.77730
32,0.0190,3244032,48084,0.01189,1.28e-04,0.2644,263.8451,0.00000,0.35800,0.00000,10.00000,941.34811,0.00000,0.75321,0.00000,0.00000,0.78513,0.00000,0.00000,0.00000,0.00000,0.35200,0.37304,1.57926,2.22077,0.77885,0.69444,0.85714,0.36400,0.19609,2.10609,2.27378,0.83654,0.76812,0.87500,1207.27783,-0.03160,-0.11960,0.20971,-0.02065,0.44042,0.78094,-0.08308,0.04171,-0.02902,-0.02641,0.14651,0.29277,0.35541,2.24658,1.78000,0.80769,0.73050,0.86667,0.77703
33,0.0195,3342336,48563,0.01557,9.13e-05,0.2645,277.8102,0.00000,0.35400,0.00000,10.00000,854.58798,0.00000,0.81522,0.00000,0.00000,0.78588,0.00000,0.00000,0.00000,0.00000,0.34800,0.37246,1.59121,2.27794,0.77174,0.72727,0.57143,0.36000,0.19303,2.11959,2.12747,0.82609,0.78261,0.85714,1182.67074,-0.03151,-0.11715,0.21357,-0.02073,0.44199,0.78168,-0.08271,0.04480,-0.02707,-0.02602,0.14750,0.29414,0.35587,2.19902,2.45333,0.79891,0.75556,0.71429,0.77933
34,0.0201,3440640,49051,0.01480,7.70e-05,0.2646,260.5886,0.00000,0.35000,0.00000,10.00000,994.37724,0.00000,0.68416,0.00000,0.00000,0.78666,0.00000,0.00000,0.00000,0.00000,0.34400,0.37070,1.58708,2.22730,0.83333,0.75758,0.80000,0.35600,0.19213,2.12853,2.33600,0.85185,0.79104,0.81818,1183.92651,-0.03154,-0.11720,0.21406,-0.02050,0.44306,0.78243,-0.08266,0.04866,-0.02766,-0.02666,0.14750,0.29298,0.35634,2.28201,2.42333,0.84259,0.77444,0.80952,0.78170
35,0.0207,3538944,48574,0.01338,8.39e-05,0.2646,246.5293,0.00000,0.34600,0.00000,10.00000,953.80406,0.00000,0.72222,0.00000,0.00000,0.78397,0.00000,0.00000,0.00000,0.00000,0.34000,0.37309,1.58374,2.17111,0.82000,0.74627,0.85714,0.35200,0.19262,2.08803,2.08323,0.82000,0.73016,0.88889,1166.32959,-0.03181,-0.11551,0.21368,-0.02020,0.44037,0.77975,-0.08293,0.04107,-0.02723,-0.02624,0.14652,0.29133,0.35499,2.12843,2.35286,0.82000,0.73846,0.87500,0.77496
36,0.0212,3637248,49301,0.01141,1.12e-04,0.2647,280.8692,0.00000,0.34200,0.00000,10.00000,846.91065,0.00000,0.84682,0.00000,0.00000,0.77779,0.00000,0.00000,0.00000,0.00000,0.33600,0.37101,1.57339,2.51413,0.76699,0.68000,1.00000,0.34800,0.18906,2.08308,2.14889,0.66990,0.58537,1.00000,1184.67228,-0.03173,-0.11733,0.21261,-0.02078,0.43634,0.77393,-0.08230,0.04823,-0.02762,-0.02634,0.14581,0.28960,0.35420,2.32449,1.60571,0.71845,0.63057,1.00000,0.77099
37,0.0218,3735552,49044,0.01718,8.88e-05,0.2648,256.7594,0.00000,0.33800,0.00000,10.00000,933.31982,0.00000,0.73495,0.00000,0.00000,0.78197,0.00000,0.00000,0.00000,0.00000,0.33200,0.37066,1.59737,2.54529,0.83333,0.76562,0.83333,0.34400,0.19012,2.10164,2.20364,0.77083,0.65079,1.00000,1191.46354,-0.03145,-0.11804,0.21518,-0.02023,0.43870,0.77788,-0.08184,0.04653,-0.02975,-0.02614,0.14763,0.29427,0.35495,2.37701,3.01818,0.80208,0.70866,0.91667,0.77476
38,0.0223,3833856,50871,0.01300,1.12e-04,0.2649,249.1539,0.00000,0.33400,0.00000,10.00000,923.36658,0.00000,0.68501,0.00000,0.00000,0.78542,0.00000,0.00000,0.00000,0.00000,0.32800,0.37078,1.59860,2.44493,0.79612,0.66129,1.00000,0.34000,0.19079,2.12810,2.14667,0.74757,0.63077,0.81818,1148.77140,-0.03132,-0.11380,0.21453,-0.02181,0.44128,0.78135,-0.08227,0.04870,-0.02480,-0.02595,0.14882,0.29717,0.35548,2.29580,2.26105,0.77184,0.64567,0.90476,0.77738
39,0.0229,3932160,49033,0.01161,1.38e-04,0.2650,270.4882,0.00000,0.33000,0.00000,10.00000,883.12580,0.00000,0.81633,0.00000,0.00000,0.78295,0.00000,0.00000,0.00000,0.00000,0.32400,0.36793,1.59646,2.30250,0.75510,0.68056,0.75000,0.33600,0.19172,2.11083,2.24944,0.75510,0.69444,0.66667,1171.09106,-0.03139,-0.11598,0.21399,-0.02119,0.44086,0.77916,-0.08216,0.05161,-0.02755,-0.02626,0.14948,0.29546,0.35562,2.27597,2.54571,0.75510,0.68750,0.70000,0.77811
40,0.0235,4030464,48795,0.01243,8.70e-05,0.2651,263.3921,0.00000,0.32600,0.00000,10.00000,909.23108,0.00000,0.78972,0.00000,0.00000,0.78223,0.00000,0.00000,0.00000,0.00000,0.32000,0.36563,1.59235,2.34333,0.74380,0.66292,0.85714,0.33200,0.19162,2.09910,2.45129,0.80992,0.74699,0.60000,1192.88582,-0.03144,-0.11808,0.21420,-0.02110,0.44132,0.77859,-0.08113,0.05546,-0.03020,-0.02669,0.14830,0.29361,0.35593,2.39403,2.65636,0.77686,0.70349,0.75000,0.77966
41,0.0240,4128768,49725,0.01140,1.12e-04,0.2651,264.2899,0.00000,0.32200,0.00000,10.00000,945.94286,0.00000,0.77342,0.00000,0.00000,0.78639,0.00000,0.00000,0.00000,0.00000,0.31600,0.36776,1.59728,2.16857,0.80392,0.72857,0.88889,0.32800,0.19254,2.12420,2.25526,0.82353,0.75000,1.00000,1153.48381,-0.03133,-0.11423,0.21826,-0.02170,0.44296,0.78250,-0.08090,0.05047,-0.02372,-0.02657,0.14939,0.29742,0.35615,2.21163,1.90000,0.81373,0.73944,0.94118,0.78075
42,0.0246,4227072,52098,0.01203,1.34e-04,0.2653,215.4983,0.00000,0.31800,0.00000,10.00000,935.76439,0.00000,0.79532,0.00000,0.00000,0.78126,0.00000,0.00000,0.00000,0.00000,0.31200,0.36657,1.60124,2.14794,0.82105,0.76119,0.50000,0.32400,0.19033,2.14524,2.30647,0.82105,0.78261,0.33333,1155.22624,-0.03128,-0.11440,0.21887,-0.02247,0.43879,0.77770,-0.08092,0.05711,-0.02545,-0.02609,0.15136,0.29901,0.35491,2.22720,1.92667,0.82105,0.77206,0.40000,0.77454
43,0.0251,4325376,48759,0.01304,1.44e-04,0.2654,242.6003,0.00000,0.31400,0.00000,10.00000,919.41841,0.00000,0.71338,0.00000,0.00000,0.77908,0.00000,0.00000,0.00000,0.00000,0.30800,0.36325,1.60713,2.10250,0.86364,0.78571,1.00000,0.32000,0.18765,2.15097,2.66067,0.77273,0.66667,0.87500,1156.30648,-0.03121,-0.11451,0.21823,-0.02104,0.43770,0.77560,-0.08102,0.06457,-0.02640,-0.02589,0.15239,0.29698,0.35503,2.37258,2.87750,0.81818,0.72566,0.94118,0.77515
44,0.0257,4423680,48702,0.01503,1.10e-04,0.2655,253.7565,0.00000,0.31000,0.00000,10.00000,940.39384,0.00000,0.74074,0.00000,0.00000,0.78646,0.00000,0.00000,0.00000,0.00000,0.30400,0.36255,1.64275,2.60551,0.81111,0.73333,1.00000,0.31600,0.18653,2.20965,2.10708,0.81111,0.75000,0.75000,1174.06527,-0.03060,-0.11620,0.22506,-0.02243,0.44148,0.78307,-0.08091,0.06922,-0.02689,-0.02610,0.15531,0.30417,0.35594,2.36373,3.26117,0.81111,0.74167,0.88889,0.77971
45,0.0263,4521984,49523,0.01259,1.21e-04,0.2656,216.3949,0.00000,0.30600,0.00000,10.00000,912.22266,0.00000,0.74653,0.00000,0.00000,0.79559,0.00000,0.00000,0.00000,0.00000,0.30000,0.36481,1.64961,2.36050,0.84375,0.80000,0.92308,0.31200,0.18627,2.24103,2.05463,0.83333,0.77966,0.72727,1154.09049,-0.03048,-0.11429,0.22652,-0.02209,0.44766,0.79194,-0.08068,0.06707,-0.02552,-0.02630,0.15747,0.30901,0.35735,2.22109,2.21428,0.83854,0.79070,0.83333,0.78676
46,0.0268,4620288,51840,0.01402,1.20e-04,0.2656,248.2757,0.00000,0.30200,0.00000,10.00000,944.64457,0.00000,0.75601,0.00000,0.00000,0.79608,0.00000,0.00000,0.00000,0.00000,0.29600,0.36514,1.65711,2.16580,0.86598,0.80303,1.00000,0.30800,0.18673,2.25093,2.18290,0.79381,0.71212,0.85714,1156.52433,-0.03043,-0.11453,0.22974,-0.02321,0.44818,0.79269,-0.08041,0.06748,-0.02716,-0.02625,0.15910,0.31114,0.35788,2.17435,3.26461,0.82990,0.75758,0.92857,0.78940
47,0.0274,4718592,48676,0.01480,1.00e-04,0.2657,195.9205,0.00000,0.29800,0.00000,10.00000,919.27900,0.00000,0.72115,0.00000,0.00000,0.79369,0.00000,0.00000,0.00000,0.00000,0.29200,0.36165,1.65449,2.29488,0.75000,0.70833,0.73333,0.30400,0.18234,2.22837,2.48794,0.86538,0.84127,0.73333,1151.09798,-0.03063,-0.11401,0.22716,-0.02281,0.44654,0.79067,-0.08026,0.07598,-0.02575,-0.02640,0.15822,0.30647,0.35728,2.38580,2.38480,0.80769,0.77037,0.73333,0.78639
48,0.0279,4816896,50062,0.01263,1.20e-04,0.2658,204.0292,0.00000,0.29400,0.00000,10.00000,950.91280,0.00000,0.72952,0.00000,0.00000,0.79159,0.00000,0.00000,0.00000,0.00000,0.28800,0.36010,1.65623,2.20343,0.79798,0.68750,1.00000,0.30000,0.17898,2.25139,1.93794,0.81818,0.74242,0.83333,1117.50594,-0.03047,-0.11068,0.22973,-0.02292,0.44605,0.78868,-0.07925,0.08426,-0.02390,-0.02603,0.15979,0.30871,0.35698,2.07261,2.37384,0.80808,0.71538,0.92308,0.78492
49,0.0285,4915200,50075,0.01320,1.60e-04,0.2659,217.8750,0.00000,0.29000,0.00000,10.00000,906.41275,0.00000,0.75713,0.00000,0.00000,0.79213,0.00000,0.00000,0.00000,0.00000,0.28400,0.35888,1.67211,2.00241,0.82301,0.75000,0.90000,0.29600,0.17566,2.26306,2.17384,0.75221,0.69231,0.60000,1103.60148,-0.03025,-0.10941,0.23192,-0.02304,0.44626,0.78937,-0.07817,0.08937,-0.02223,-0.02585,0.16152,0.30990,0.35699,2.08546,2.60375,0.78761,0.72078,0.75000,0.78493
50,0.0291,5013504,49162,0.01888,1.12e-04,0.2660,201.3740,0.00000,0.28600,0.00000,10.00000,947.13069,0.00000,0.79710,0.00000,0.00000,0.79633,0.00000,0.00000,0.00000,0.00000,0.28000,0.35940,1.69719,2.04366,0.77174,0.70000,1.00000,0.29200,0.17658,2.28382,2.49567,0.80435,0.74194,0.50000,1084.68669,-0.03014,-0.10752,0.23599,-0.02343,0.44940,0.79347,-0.07830,0.08590,-0.02195,-0.02558,0.16390,0.31571,0.35775,2.25069,1.66286,0.78804,0.71970,0.77778,0.78875
51,0.0296,5111808,49860,0.01281,1.31e-04,0.2661,205.5835,0.00000,0.28200,0.00000,10.00000,928.26689,0.00000,0.75000,0.00000,0.00000,0.79665,0.00000,0.00000,0.00000,0.00000,0.27600,0.35670,1.73281,2.05508,0.81250,0.72727,1.00000,0.28800,0.17576,2.31312,2.27862,0.82500,0.75472,0.83333,1086.57983,-0.02983,-0.10765,0.23913,-0.02372,0.45023,0.79386,-0.07737,0.09130,-0.02272,-0.02521,0.16853,0.32058,0.35744,2.16049,2.88588,0.81875,0.74074,0.94118,0.78722
52,0.0302,5210112,51199,0.01321,1.34e-04,0.2662,190.8367,0.00000,0.27800,0.00000,10.00000,904.60652,0.00000,0.89431,0.00000,0.00000,0.80082,0.00000,0.00000,0.00000,0.00000,0.27200,0.35336,1.76958,2.09619,0.89024,0.85484,1.00000,0.28400,0.17392,2.37679,2.19662,0.80488,0.77143,1.00000,1082.15763,-0.02920,-0.10731,0.24533,-0.02371,0.45392,0.79819,-0.07687,0.10215,-0.01982,-0.02531,0.17281,0.32689,0.35838,2.14940,1.81333,0.84756,0.81061,1.00000,0.79189
53,0.0307,5308416,53397,0.01410,1.12e-04,0.2664,188.4250,0.00000,0.27400,0.00000,10.00000,984.27248,0.00000,0.71279,0.00000,0.00000,0.81189,0.00000,0.00000,0.00000,0.00000,0.26800,0.35277,1.79174,2.15300,0.81132,0.72222,1.00000,0.28000,0.17185,2.39551,2.43859,0.90566,0.85938,0.90000,1096.78052,-0.02907,-0.10868,0.24908,-0.02291,0.46121,0.80914,-0.07601,0.10438,-0.02231,-0.02608,0.17467,0.32925,0.36042,2.28728,2.88210,0.85849,0.78676,0.95000,0.80210
54,0.0312,5406720,54343,0.01260,1.45e-04,0.2665,175.2715,0.00000,0.27000,0.00000,10.00000,1011.18538,0.00000,0.73495,0.00000,0.00000,0.81279,0.00000,0.00000,0.00000,0.00000,0.26400,0.35053,1.81272,2.08054,0.86458,0.83582,0.75000,0.27600,0.17008,2.38336,2.19156,0.91667,0.86667,1.00000,1077.69149,-0.02921,-0.10680,0.24979,-0.02325,0.46205,0.81034,-0.07650,0.10705,-0.02354,-0.02574,0.17670,0.32992,0.36085,2.13203,2.23733,0.89062,0.85039,0.86667,0.80425
55,0.0317,5505024,53490,0.01484,1.21e-04,0.2666,174.2474,0.00000,0.26600,0.00000,10.00000,951.62820,0.00000,0.77778,0.00000,0.00000,0.80946,0.00000,0.00000,0.00000,0.00000,0.26000,0.34807,1.82406,1.91284,0.86667,0.80282,1.00000,0.27200,0.16789,2.36608,2.07475,0.87619,0.88158,0.55556,1056.88493,-0.02925,-0.10467,0.24963,-0.02295,0.45963,0.80724,-0.07588,0.11197,-0.02192,-0.02564,0.17745,0.32885,0.36035,1.99329,2.38000,0.87143,0.84354,0.80000,0.80173
56,0.0322,5603328,54943,0.01343,1.74e-04,0.2667,191.6593,0.00000,0.26200,0.00000,10.00000,1012.45383,0.00000,0.76667,0.00000,0.00000,0.81155,0.00000,0.00000,0.00000,0.00000,0.25600,0.34642,1.83303,1.95805,0.81000,0.74667,1.00000,0.26800,0.16862,2.37139,2.34686,0.87000,0.82540,0.75000,1047.15731,-0.02918,-0.10383,0.25079,-0.02330,0.46171,0.80937,-0.07505,0.11421,-0.02100,-0.02548,0.17799,0.32932,0.36102,2.13710,2.08375,0.84000,0.78261,0.87500,0.80510
57,0.0328,5701632,50632,0.01638,1.24e-04,0.2668,173.5076,0.00000,0.25800,0.00000,10.00000,1027.69971,0.00000,0.72917,0.00000,0.00000,0.81227,0.00000,0.00000,0.00000,0.00000,0.25200,0.34675,1.84890,1.81415,0.89583,0.88136,0.57143,0.26400,0.16782,2.37351,2.05389,0.88542,0.83582,1.00000,1032.75114,-0.02896,-0.10230,0.25253,-0.02353,0.46241,0.81003,-0.07392,0.11214,-0.02076,-0.02565,0.17945,0.33220,0.36069,1.94015,2.21538,0.89062,0.85714,0.78571,0.80345
58,0.0334,5799936,47620,0.01385,1.21e-04,0.2669,178.4397,0.00000,0.25400,0.00000,10.00000,1020.47582,0.00000,0.72487,0.00000,0.00000,0.80759,0.00000,0.00000,0.00000,0.00000,0.24800,0.34559,1.85227,1.66827,0.90476,0.86765,0.87500,0.26000,0.16803,2.38102,2.20639,0.89524,0.85507,0.90000,1007.76571,-0.02888,-0.09992,0.25333,-0.02352,0.46065,0.80556,-0.07449,0.11504,-0.01872,-0.02532,0.18176,0.33361,0.36013,1.93184,2.46470,0.90000,0.86131,0.88889,0.80067
59,0.0339,5898240,47834,0.01722,8.70e-05,0.2669,161.8094,0.00000,0.25000,0.00000,10.00000,985.51411,0.00000,0.78256,0.00000,0.00000,0.80866,0.00000,0.00000,0.00000,0.00000,0.24400,0.34325,1.87050,1.88380,0.87097,0.84722,0.87500,0.25600,0.16513,2.37861,2.33333,0.86022,0.79661,0.83333,1008.95866,-0.02885,-0.10004,0.25425,-0.02262,0.46058,0.80675,-0.07375,0.12007,-0.01967,-0.02487,0.18319,0.33287,0.35993,2.08324,3.30333,0.86559,0.82443,0.85714,0.79964
60,0.0345,5996544,47621,0.01115,1.21e-04,0.2670,177.2946,0.00000,0.24600,0.00000,10.00000,963.25774,0.00000,0.80629,0.00000,0.00000,0.81281,0.00000,0.00000,0.00000,0.00000,0.24000,0.34166,1.87657,1.71163,0.88496,0.86250,0.75000,0.25200,0.16676,2.42689,2.34000,0.85841,0.80952,1.00000,1003.67106,-0.02861,-0.09952,0.25601,-0.02243,0.46381,0.81090,-0.07352,0.12633,-0.01907,-0.02529,0.18566,0.33660,0.36123,2.02763,2.43333,0.87168,0.83537,0.84615,0.80616
61,0.0351,6094848,47815,0.01329,1.33e-04,0.2672,157.3702,0.00000,0.24200,0.00000,10.00000,1067.51158,0.00000,0.70175,0.00000,0.00000,0.81641,0.00000,0.00000,0.00000,0.00000,0.23600,0.34164,1.87285,1.65000,0.92982,0.90909,0.85714,0.24800,0.16408,2.42270,2.14089,0.85965,0.80597,0.57143,1001.44124,-0.02868,-0.09923,0.25549,-0.02241,0.46610,0.81448,-0.07275,0.12767,-0.01866,-0.02546,0.18563,0.33535,0.36191,1.86781,1.77538,0.89474,0.86111,0.71429,0.80954
62,0.0357,6193152,47270,0.01288,1.45e-04,0.2673,178.0289,0.00000,0.23800,0.00000,10.00000,1034.20719,0.00000,0.73696,0.00000,0.00000,0.81346,0.00000,0.00000,0.00000,0.00000,0.23200,0.34120,1.88831,1.92540,0.83673,0.82353,0.55556,0.24400,0.16412,2.39224,2.28895,0.90816,0.88710,0.75000,992.58854,-0.02880,-0.09845,0.25747,-0.02266,0.46499,0.81157,-0.07196,0.12522,-0.01898,-0.02510,0.18537,0.33510,0.36163,2.09815,2.25286,0.87245,0.85385,0.64706,0.80813
63,0.0362,6291456,51641,0.01460,1.12e-04,0.2674,147.9612,0.00000,0.23400,0.00000,10.00000,1029.45320,0.00000,0.76880,0.00000,0.00000,0.80976,0.00000,0.00000,0.00000,0.00000,0.22800,0.33927,1.91907,1.67134,0.88889,0.84615,1.00000,0.24000,0.16085,2.39661,2.25417,0.87879,0.83333,1.00000,996.40771,-0.02865,-0.09873,0.25903,-0.02238,0.46237,0.80808,-0.07237,0.12931,-0.02074,-0.02491,0.18785,0.33741,0.36043,1.97324,3.66500,0.88384,0.83942,1.00000,0.80213
64,0.0368,6389760,51541,0.01250,1.31e-04,0.2675,168.6874,0.00000,0.23000,0.00000,10.00000,1048.88842,0.00000,0.72549,0.00000,0.00000,0.81311,0.00000,0.00000,0.00000,0.00000,0.22400,0.33868,1.93701,1.91771,0.85882,0.82812,0.88889,0.23600,0.16315,2.41983,1.87837,0.89412,0.87234,0.57143,999.93359,-0.02835,-0.09911,0.26177,-0.02303,0.46486,0.81139,-0.07189,0.12875,-0.01807,-0.02479,0.19032,0.34114,0.36083,1.90151,2.17833,0.87647,0.84685,0.75000,0.80414
65,0.0373,6488064,49689,0.01368,1.58e-04,0.2676,141.2794,0.00000,0.22600,0.00000,10.00000,1104.94082,0.00000,0.69740,0.00000,0.00000,0.81846,0.00000,0.00000,0.00000,0.00000,0.22000,0.33608,1.97943,1.82338,0.88298,0.87143,0.80000,0.23200,0.16403,2.45099,1.86453,0.91489,0.85417,0.88889,983.08040,-0.02792,-0.09746,0.26593,-0.02328,0.46856,0.81686,-0.07163,0.13383,-0.02023,-0.02478,0.19438,0.34689,0.36188,1.84015,2.50750,0.89894,0.86441,0.84211,0.80941
66,0.0379,6586368,49561,0.01555,1.25e-04,0.2677,154.5764,0.00000,0.22200,0.00000,10.00000,1087.93006,0.00000,0.71895,0.00000,0.00000,0.82545,0.00000,0.00000,0.00000,0.00000,0.21600,0.33515,2.00085,1.88419,0.95294,0.98148,0.70000,0.22800,0.16366,2.46385,2.28557,0.90588,0.87500,0.88889,989.46167,-0.02772,-0.09812,0.26830,-0.02349,0.47363,0.82392,-0.07101,0.13523,-0.01806,-0.02494,0.19568,0.34969,0.36373,2.08325,2.63625,0.92941,0.92727,0.78947,0.81866
67,0.0385,6684672,48292,0.01684,8.39e-05,0.2677,146.6160,0.00000,0.21800,0.00000,10.00000,977.16016,0.00000,0.84423,0.00000,0.00000,0.83267,0.00000,0.00000,0.00000,0.00000,0.21200,0.33430,2.03850,1.69342,0.88235,0.85135,0.80000,0.22400,0.16375,2.50092,2.38282,0.82353,0.79012,0.80000,955.22331,-0.02749,-0.09467,0.27281,-0.02384,0.47901,0.83121,-0.07104,0.13747,-0.01786,-0.02491,0.19966,0.35550,0.36461,2.05739,2.19250,0.85294,0.81935,0.80000,0.82303
68,0.0390,6782976,48848,0.01193,9.83e-05,0.2678,152.8646,0.00000,0.21400,0.00000,10.00000,1117.93297,0.00000,0.67460,0.00000,0.00000,0.83340,0.00000,0.00000,0.00000,0.00000,0.20800,0.33146,2.03987,1.86867,0.99107,0.98571,1.00000,0.22000,0.16131,2.50809,2.38208,0.90179,0.84848,0.93333,951.37020,-0.02755,-0.09435,0.27311,-0.02271,0.47982,0.83203,-0.07026,0.14649,-0.01683,-0.02482,0.20093,0.35454,0.36506,2.11575,2.21714,0.94643,0.91912,0.96552,0.82529
69,0.0396,6881280,47784,0.01195,1.21e-04,0.2679,165.9832,0.00000,0.21000,0.00000,10.00000,1115.26378,0.00000,0.74074,0.00000,0.00000,0.83296,0.00000,0.00000,0.00000,0.00000,0.20400,0.32967,2.05682,1.71942,0.95699,0.96825,0.75000,0.21600,0.16046,2.51107,2.31424,0.93548,0.90164,1.00000,910.04631,-0.02754,-0.09028,0.27459,-0.02309,0.47952,0.83156,-0.06926,0.15073,-0.01685,-0.02427,0.20173,0.35621,0.36474,2.01022,2.17692,0.94624,0.93548,0.86667,0.82370
70,0.0402,6979584,48221,0.01329,1.10e-04,0.2680,130.0244,0.00000,0.20600,0.00000,10.00000,1065.74581,0.00000,0.76389,0.00000,0.00000,0.82611,0.00000,0.00000,0.00000,0.00000,0.20000,0.32831,2.03742,1.88675,0.92857,0.90278,0.88889,0.21200,0.15749,2.49813,2.21654,0.87500,0.86585,0.62500,887.45044,-0.02772,-0.08810,0.27171,-0.02217,0.47627,0.82498,-0.06910,0.15570,-0.01440,-0.02438,0.20229,0.35217,0.36354,2.05267,2.92571,0.90179,0.88312,0.76471,0.81772
71,0.0408,7077888,48257,0.01449,1.18e-04,0.2680,129.5527,0.00000,0.20200,0.00000,10.00000,1084.89097,0.00000,0.79365,0.00000,0.00000,0.82190,0.00000,0.00000,0.00000,0.00000,0.19600,0.32589,2.04296,1.65086,0.94505,0.94030,0.75000,0.20800,0.15512,2.49469,2.45908,0.93407,0.92063,0.80000,909.56852,-0.02770,-0.09025,0.27165,-0.02144,0.47341,0.82085,-0.06889,0.16145,-0.01569,-0.02420,0.20266,0.34957,0.36307,2.04000,3.30000,0.93956,0.93077,0.77778,0.81536
72,0.0413,7176192,49039,0.01373,1.00e-04,0.2681,121.4790,0.00000,0.19800,0.00000,10.00000,1131.50850,0.00000,0.71528,0.00000,0.00000,0.82206,0.00000,0.00000,0.00000,0.00000,0.19200,0.32559,2.06446,1.84786,0.96250,0.94340,1.00000,0.20400,0.15343,2.52650,2.54377,0.91250,0.88000,0.80000,916.62614,-0.02740,-0.09098,0.27396,-0.02122,0.47275,0.82105,-0.06908,0.16617,-0.01357,-0.02364,0.20453,0.35299,0.36307,2.18624,2.72666,0.93750,0.91262,0.90000,0.81533
73,0.0419,7274496,48726,0.01032,1.44e-04,0.2682,133.9783,0.00000,0.19400,0.00000,10.00000,1121.22593,0.00000,0.78811,0.00000,0.00000,0.83062,0.00000,0.00000,0.00000,0.00000,0.18800,0.32566,2.09936,1.65833,0.97674,0.96552,1.00000,0.20000,0.15566,2.57195,2.11303,0.93023,0.90625,1.00000,917.34798,-0.02691,-0.09105,0.28008,-0.02189,0.47786,0.82950,-0.06922,0.16683,-0.01476,-0.02379,0.20828,0.36052,0.36409,1.89651,1.89500,0.95349,0.93443,1.00000,0.82047
74,0.0425,7372800,46750,0.01643,1.11e-04,0.2683,135.1274,0.00000,0.19000,0.00000,10.00000,1087.42420,0.00000,0.76923,0.00000,0.00000,0.83888,0.00000,0.00000,0.00000,0.00000,0.18400,0.32517,2.10796,1.76723,0.98077,0.98667,0.90000,0.19600,0.15713,2.58275,2.37352,0.86538,0.84058,0.70000,909.25936,-0.02702,-0.09030,0.28194,-0.02203,0.48339,0.83773,-0.06907,0.16708,-0.01216,-0.02427,0.20912,0.36242,0.36588,2.04675,2.94470,0.92308,0.91667,0.80000,0.82942
75,0.0431,7471104,49327,0.01242,1.31e-04,0.2684,133.4169,0.00000,0.18600,0.00000,10.00000,1067.99359,0.00000,0.78333,0.00000,0.00000,0.84048,0.00000,0.00000,0.00000,0.00000,0.18000,0.32454,2.10769,1.94889,0.97000,0.96923,0.87500,0.19200,0.15882,2.58297,2.26571,0.87000,0.84211,0.85714,934.72648,-0.02690,-0.09269,0.28210,-0.02262,0.48514,0.83940,-0.06844,0.16808,-0.01736,-0.02446,0.21002,0.36359,0.36683,2.11262,3.12923,0.92000,0.90071,0.86667,0.83413
76,0.0436,7569408,49113,0.01470,1.34e-04,0.2685,128.5028,0.00000,0.18200,0.00000,10.00000,1166.83430,0.00000,0.70370,0.00000,0.00000,0.84228,0.00000,0.00000,0.00000,0.00000,0.17600,0.32511,2.12167,1.72506,0.99048,1.00000,0.90909,0.18800,0.15842,2.58573,2.13333,0.90476,0.87500,0.71429,902.20662,-0.02670,-0.08950,0.28313,-0.02260,0.48662,0.84099,-0.06804,0.16594,-0.01507,-0.02445,0.21045,0.36549,0.36660,1.91090,2.64666,0.94762,0.93985,0.83333,0.83301
77,0.0442,7667712,49355,0.01450,1.25e-04,0.2686,126.9421,0.00000,0.17800,0.00000,10.00000,1165.25015,0.00000,0.73157,0.00000,0.00000,0.83942,0.00000,0.00000,0.00000,0.00000,0.17200,0.32346,2.12599,1.76400,0.99010,0.98529,1.00000,0.18400,0.15516,2.58557,1.95915,0.96040,0.95385,0.87500,876.58927,-0.02676,-0.08698,0.28203,-0.02214,0.48549,0.83841,-0.06750,0.17241,-0.01301,-0.02417,0.21121,0.36361,0.36612,1.85890,2.16428,0.97525,0.96992,0.93333,0.83062
78,0.0447,7766016,50420,0.01366,1.61e-04,0.2687,139.2956,0.00000,0.17400,0.00000,10.00000,1118.06322,0.00000,0.78231,0.00000,0.00000,0.83687,0.00000,0.00000,0.00000,0.00000,0.16800,0.32151,2.11602,1.78532,0.98980,1.00000,0.83333,0.18000,0.15616,2.58140,2.68554,0.92857,0.92188,0.66667,876.88501,-0.02695,-0.08705,0.28099,-0.02185,0.48325,0.83593,-0.06757,0.17632,-0.01301,-0.02396,0.21082,0.36242,0.36552,2.19167,3.32000,0.95918,0.96377,0.75000,0.82762
79,0.0453,7864320,48334,0.01430,1.20e-04,0.2689,128.3164,0.00000,0.17000,0.00000,10.00000,1134.82781,0.00000,0.75000,0.00000,0.00000,0.83752,0.00000,0.00000,0.00000,0.00000,0.16400,0.32151,2.11561,1.68000,0.97000,0.97015,0.88889,0.17600,0.15797,2.60349,2.26667,0.91000,0.91176,0.62500,916.33708,-0.02663,-0.09093,0.28216,-0.02224,0.48424,0.83657,-0.06757,0.17689,-0.01349,-0.02410,0.21146,0.36366,0.36622,1.95917,2.75714,0.94000,0.94074,0.76471,0.83109
80,0.0459,7962624,46893,0.01433,1.10e-04,0.2689,149.1886,0.00000,0.16600,0.00000,10.00000,1203.24227,0.00000,0.67836,0.00000,0.00000,0.84321,0.00000,0.00000,0.00000,0.00000,0.16000,0.32113,2.11887,1.90529,1.00000,1.00000,1.00000,0.17200,0.15792,2.64392,2.26226,0.97895,0.98214,0.87500,913.94727,-0.02637,-0.09070,0.28478,-0.02252,0.48852,0.84224,-0.06794,0.18121,-0.01462,-0.02429,0.21228,0.36661,0.36790,2.07554,2.92800,0.98947,0.99138,0.93750,0.83952
81,0.0465,8060928,48134,0.01371,1.01e-04,0.2690,137.4973,0.00000,0.16200,0.00000,10.00000,1120.21977,0.00000,0.82035,0.00000,0.00000,0.84286,0.00000,0.00000,0.00000,0.00000,0.15600,0.32031,2.11774,1.80568,0.96262,0.95181,1.00000,0.16800,0.15448,2.65591,2.31974,0.93458,0.93333,0.77778,888.24178,-0.02653,-0.08821,0.28549,-0.02245,0.48850,0.84200,-0.06788,0.18804,-0.01317,-0.02419,0.21257,0.36621,0.36769,2.04723,2.66857,0.94860,0.94304,0.87500,0.83846
82,0.0471,8159232,46363,0.01068,1.11e-04,0.2691,129.0305,0.00000,0.15800,0.00000,10.00000,1154.22278,0.00000,0.77509,0.00000,0.00000,0.84302,0.00000,0.00000,0.00000,0.00000,0.15200,0.31841,2.10543,1.68778,0.95968,0.97647,0.50000,0.16400,0.15340,2.65610,2.29780,0.92742,0.90909,0.85714,874.50903,-0.02661,-0.08688,0.28403,-0.02147,0.48855,0.84201,-0.06721,0.19317,-0.01311,-0.02420,0.21273,0.36426,0.36761,1.99447,1.97818,0.94355,0.94220,0.69231,0.83806
83,0.0476,8257536,48394,0.01281,1.11e-04,0.2692,124.5895,0.00000,0.15400,0.00000,10.00000,1140.79117,0.00000,0.77403,0.00000,0.00000,0.84059,0.00000,0.00000,0.00000,0.00000,0.14800,0.31746,2.08661,1.71353,0.96629,0.96774,0.87500,0.16000,0.15306,2.64765,2.30954,0.93258,0.91935,0.80000,873.21802,-0.02669,-0.08671,0.28160,-0.02280,0.48709,0.83981,-0.06707,0.19591,-0.01370,-0.02383,0.21157,0.36198,0.36695,2.00481,2.83454,0.94944,0.94355,0.84615,0.83476
84,0.0482,8355840,48153,0.01979,7.70e-05,0.2693,119.5440,0.00000,0.15000,0.00000,10.00000,1187.42969,0.00000,0.74561,0.00000,0.00000,0.83759,0.00000,0.00000,0.00000,0.00000,0.14400,0.31787,2.09178,1.76790,0.96491,1.00000,0.40000,0.15600,0.15164,2.66660,2.24935,0.94737,0.92000,1.00000,874.62354,-0.02662,-0.08688,0.28309,-0.02183,0.48420,0.83678,-0.06739,0.19818,-0.01301,-0.02402,0.21244,0.36305,0.36589,2.00253,2.93750,0.95614,0.96078,0.70000,0.82945
85,0.0488,8454144,47937,0.01085,1.00e-04,0.2694,143.0280,0.00000,0.14600,0.00000,10.00000,1141.18951,0.00000,0.72072,0.00000,0.00000,0.83624,0.00000,0.00000,0.00000,0.00000,0.14000,0.31736,2.09449,1.88792,0.93243,0.91489,0.88889,0.15200,0.15145,2.69110,2.30490,0.94595,0.91837,1.00000,883.65609,-0.02660,-0.08781,0.28403,-0.02202,0.48364,0.83544,-0.06758,0.20121,-0.01217,-0.02337,0.21398,0.36533,0.36581,2.09641,2.61733,0.93919,0.91667,0.93333,0.82907
86,0.0494,8552448,48252,0.01428,1.01e-04,0.2695,121.4227,0.00000,0.14200,0.00000,10.00000,1141.60586,0.00000,0.76779,0.00000,0.00000,0.84106,0.00000,0.00000,0.00000,0.00000,0.13600,0.31638,2.11528,1.66212,0.98876,0.98361,1.00000,0.14800,0.15253,2.71445,2.47151,0.93258,0.91935,0.85714,890.96696,-0.02645,-0.08846,0.28680,-0.02183,0.48585,0.84024,-0.06722,0.20292,-0.01394,-0.02373,0.21630,0.36848,0.36648,2.06682,3.14333,0.96067,0.95122,0.92308,0.83239
87,0.0499,8650752,48702,0.01407,9.24e-05,0.2696,138.0588,0.00000,0.13800,0.00000,10.00000,1184.68934,0.00000,0.71242,0.00000,0.00000,0.84350,0.00000,0.00000,0.00000,0.00000,0.13200,0.31627,2.11576,1.82676,0.97647,0.98214,0.91667,0.14400,0.15088,2.73189,2.38164,0.97647,0.96226,1.00000,892.30208,-0.02635,-0.08858,0.28774,-0.02187,0.48806,0.84270,-0.06790,0.20803,-0.01309,-0.02354,0.21638,0.36901,0.36770,2.08915,2.88571,0.97647,0.97248,0.95238,0.83852
88,0.0505,8749056,48081,0.01646,6.99e-05,0.2697,100.2800,0.00000,0.13400,0.00000,10.00000,1184.51884,0.00000,0.80997,0.00000,0.00000,0.84450,0.00000,0.00000,0.00000,0.00000,0.12800,0.31730,2.12271,1.77000,1.00000,1.00000,1.00000,0.14000,0.14869,2.72303,2.14692,0.93458,0.90909,1.00000,883.02043,-0.02635,-0.08773,0.28767,-0.02212,0.48895,0.84381,-0.06807,0.20690,-0.01359,-0.02395,0.21666,0.36861,0.36811,1.95148,3.03778,0.96729,0.95513,1.00000,0.84055
89,0.0511,8847360,50081,0.02044,6.71e-05,0.2698,116.1211,0.00000,0.13000,0.00000,10.00000,1200.47907,0.00000,0.67956,0.00000,0.00000,0.84583,0.00000,0.00000,0.00000,0.00000,0.12400,0.31871,2.11473,1.75181,0.97321,1.00000,0.81250,0.13600,0.14640,2.72447,2.06447,0.92857,0.88235,1.00000,882.10335,-0.02634,-0.08761,0.28793,-0.02204,0.48974,0.84515,-0.06744,0.20658,-0.01259,-0.02414,0.21639,0.36870,0.36840,1.90126,2.32384,0.95089,0.94161,0.89286,0.84198
90,0.0516,8945664,49897,0.01266,8.59e-05,0.2698,104.2733,0.00000,0.12600,0.00000,10.00000,1166.18874,0.00000,0.81408,0.00000,0.00000,0.84395,0.00000,0.00000,0.00000,0.00000,0.12000,0.31744,2.12464,1.85605,0.98020,0.98684,0.83333,0.13200,0.14554,2.73852,2.31000,0.93069,0.91667,0.83333,848.82943,-0.02629,-0.08436,0.28851,-0.02154,0.48961,0.84333,-0.06770,0.21074,-0.01084,-0.02352,0.21794,0.36925,0.36819,2.07277,2.94200,0.95545,0.95270,0.83333,0.84094
91,0.0522,9043968,49139,0.01286,1.11e-04,0.2699,111.0657,0.00000,0.12200,0.00000,10.00000,1182.99397,0.00000,0.78658,0.00000,0.00000,0.84190,0.00000,0.00000,0.00000,0.00000,0.11600,0.31698,2.10221,1.61000,0.98020,0.98649,0.83333,0.12800,0.14558,2.73000,2.22466,0.95050,0.92754,1.00000,837.66593,-0.02645,-0.08326,0.28721,-0.02145,0.48841,0.84132,-0.06662,0.21158,-0.01098,-0.02359,0.21715,0.36742,0.36734,1.90715,2.34363,0.96535,0.95804,0.91667,0.83670
92,0.0528,9142272,48017,0.01421,1.10e-04,0.2700,115.6483,0.00000,0.11800,0.00000,10.00000,1196.56259,0.00000,0.80247,0.00000,0.00000,0.83905,0.00000,0.00000,0.00000,0.00000,0.11200,0.31471,2.09926,1.82833,0.96667,1.00000,0.62500,0.12400,0.14395,2.75377,1.89594,0.96667,0.95238,1.00000,853.70353,-0.02640,-0.08483,0.28760,-0.02096,0.48612,0.83850,-0.06678,0.22079,-0.01187,-0.02332,0.21753,0.36689,0.36653,1.86142,2.47000,0.96667,0.97692,0.80000,0.83265
93,0.0533,9240576,48397,0.01271,1.34e-04,0.2701,107.1747,0.00000,0.11400,0.00000,10.00000,1255.44464,0.00000,0.69273,0.00000,0.00000,0.83917,0.00000,0.00000,0.00000,0.00000,0.10800,0.31464,2.10788,1.75932,0.98765,1.00000,0.80000,0.12000,0.14356,2.78673,2.44468,0.95062,0.93478,0.75000,849.57243,-0.02623,-0.08444,0.28909,-0.02125,0.48573,0.83855,-0.06778,0.22439,-0.01070,-0.02295,0.21902,0.36914,0.36674,2.06321,2.45428,0.96914,0.97030,0.77778,0.83370
94,0.0539,9338880,48092,0.01380,1.44e-04,0.2702,118.3486,0.00000,0.11000,0.00000,10.00000,1140.97010,0.00000,0.79183,0.00000,0.00000,0.84095,0.00000,0.00000,0.00000,0.00000,0.10400,0.31497,2.11544,1.92735,0.96552,0.96825,0.85714,0.11600,0.14277,2.80603,2.08338,0.93103,0.91803,0.85714,869.23779,-0.02605,-0.08632,0.29120,-0.02140,0.48754,0.84045,-0.06785,0.22662,-0.01232,-0.02332,0.22040,0.37147,0.36731,2.00361,2.92154,0.94828,0.94355,0.85714,0.83655
95,0.0545,9437184,49512,0.01517,1.12e-04,0.2704,124.2853,0.00000,0.10600,0.00000,10.00000,1195.88173,0.00000,0.79758,0.00000,0.00000,0.84537,0.00000,0.00000,0.00000,0.00000,0.10000,0.31550,2.11392,1.76850,0.97030,0.97297,0.85714,0.11200,0.14196,2.79368,2.11067,0.96040,0.97183,0.66667,866.06405,-0.02617,-0.08608,0.29073,-0.02117,0.49029,0.84476,-0.06783,0.22539,-0.01214,-0.02363,0.21940,0.37035,0.36847,1.93406,2.14600,0.96535,0.97241,0.76923,0.84236
96,0.0551,9535488,48712,0.01662,8.67e-05,0.2705,111.6521,0.00000,0.10200,0.00000,10.00000,1201.83610,0.00000,0.71995,0.00000,0.00000,0.84438,0.00000,0.00000,0.00000,0.00000,0.09600,0.31673,2.12403,1.85364,0.94898,0.96721,0.62500,0.10800,0.14116,2.79391,1.87362,0.91837,0.89394,0.88889,860.29240,-0.02627,-0.08543,0.29197,-0.02126,0.48946,0.84376,-0.06809,0.22326,-0.01179,-0.02352,0.21995,0.37199,0.36811,1.86385,2.46308,0.93367,0.92913,0.76471,0.84057
97,0.0556,9633792,46851,0.01259,7.61e-05,0.2706,101.4546,0.00000,0.09800,0.00000,10.00000,1250.97749,0.00000,0.68298,0.00000,0.00000,0.84407,0.00000,0.00000,0.00000,0.00000,0.09200,0.31525,2.12834,1.86262,0.98165,1.00000,0.83333,0.10400,0.13996,2.77254,1.85697,0.96330,0.93333,1.00000,849.20394,-0.02643,-0.08436,0.28977,-0.02054,0.48865,0.84351,-0.06798,0.22352,-0.01020,-0.02347,0.21985,0.36916,0.36759,1.86013,2.82105,0.97248,0.97015,0.90476,0.83793
98,0.0562,9732096,47821,0.01291,9.32e-05,0.2706,116.2528,0.00000,0.09400,0.00000,10.00000,1241.08601,0.00000,0.71197,0.00000,0.00000,0.83929,0.00000,0.00000,0.00000,0.00000,0.08800,0.31443,2.11684,1.90873,0.97087,0.96970,0.85714,0.10000,0.14005,2.75230,1.99919,0.96117,0.95455,0.87500,844.10107,-0.02654,-0.08389,0.28798,-0.01986,0.48680,0.83885,-0.06688,0.22347,-0.01025,-0.02342,0.21858,0.36629,0.36714,1.95490,2.48428,0.96602,0.96212,0.86667,0.83570
99,0.0568,9830400,48445,0.01358,9.24e-05,0.2708,111.7319,0.00000,0.09000,0.00000,10.00000,1240.16470,0.00000,0.76531,0.00000,0.00000,0.83583,0.00000,0.00000,0.00000,0.00000,0.08400,0.31463,2.09684,1.80187,1.00000,1.00000,1.00000,0.09600,0.14108,2.73150,1.82639,0.97959,0.97015,1.00000,838.42847,-0.02671,-0.08335,0.28643,-0.02051,0.48440,0.83530,-0.06689,0.21968,-0.01066,-0.02342,0.21679,0.36448,0.36626,1.81388,2.24286,0.98980,0.98519,1.00000,0.83129
100,0.0574,9928704,47394,0.01310,1.01e-04,0.2709,97.0472,0.00000,0.08600,0.00000,10.00000,1198.90412,0.00000,0.72952,0.00000,0.00000,0.83267,0.00000,0.00000,0.00000,0.00000,0.08000,0.31341,2.09819,1.94540,0.97980,0.98485,0.88889,0.09200,0.14171,2.71998,2.16418,0.90909,0.87500,0.87500,851.57023,-0.02680,-0.08463,0.28494,-0.02032,0.48298,0.83225,-0.06723,0.22030,-0.01041,-0.02325,0.21618,0.36345,0.36621,2.04936,2.81866,0.94444,0.93077,0.88235,0.83103
101,0.0580,10027008,48017,0.01640,6.99e-05,0.2710,104.1469,0.00000,0.08200,0.00000,10.00000,1219.55306,0.00000,0.74653,0.00000,0.00000,0.83343,0.00000,0.00000,0.00000,0.00000,0.07600,0.31264,2.10095,2.01486,0.97917,1.00000,0.75000,0.08800,0.14075,2.71710,2.05625,0.94792,0.91935,1.00000,848.66064,-0.02684,-0.08435,0.28472,-0.02086,0.48272,0.83298,-0.06717,0.22204,-0.01009,-0.02308,0.21572,0.36170,0.36609,2.03406,3.06833,0.96354,0.96124,0.84615,0.83047
102,0.0586,10125312,47137,0.01377,8.19e-05,0.2712,108.4956,0.00000,0.07800,0.00000,10.00000,1218.24749,0.00000,0.70755,0.00000,0.00000,0.83146,0.00000,0.00000,0.00000,0.00000,0.07200,0.31367,2.07574,1.67589,0.95283,0.97015,0.72727,0.08400,0.14182,2.70545,1.99787,0.96226,0.94118,1.00000,855.49740,-0.02708,-0.08504,0.28300,-0.02025,0.48023,0.83098,-0.06745,0.21809,-0.01061,-0.02340,0.21380,0.35980,0.36543,1.83905,2.33176,0.95755,0.95556,0.85000,0.82716
103,0.0592,10223616,48889,0.01475,6.96e-05,0.2713,107.8655,0.00000,0.07400,0.00000,10.00000,1204.24299,0.00000,0.82240,0.00000,0.00000,0.83084,0.00000,0.00000,0.00000,0.00000,0.06800,0.31467,2.04647,1.93714,0.99213,0.98980,1.00000,0.08000,0.14161,2.66694,1.92979,0.93701,0.92222,0.87500,871.84359,-0.02733,-0.08667,0.27844,-0.02063,0.47991,0.83036,-0.06717,0.21369,-0.01038,-0.02404,0.20976,0.35482,0.36548,1.93367,1.70857,0.96457,0.95745,0.93333,0.82741
104,0.0597,10321920,48379,0.01410,6.34e-05,0.2713,112.0692,0.00000,0.07000,0.00000,10.00000,1187.66969,0.00000,0.83333,0.00000,0.00000,0.82744,0.00000,0.00000,0.00000,0.00000,0.06400,0.31490,2.03983,1.79101,0.95349,0.97059,0.33333,0.07600,0.14147,2.66593,1.89896,0.88372,0.83607,1.00000,866.85457,-0.02741,-0.08615,0.27809,-0.02114,0.47744,0.82703,-0.06753,0.21233,-0.01097,-0.02356,0.20947,0.35444,0.36483,1.84031,3.03200,0.91860,0.90698,0.71429,0.82417
105,0.0603,10420224,49990,0.01143,8.05e-05,0.2714,103.0117,0.00000,0.06600,0.00000,10.00000,1221.61343,0.00000,0.77991,0.00000,0.00000,0.82328,0.00000,0.00000,0.00000,0.00000,0.06000,0.31335,2.05180,1.97309,0.96154,0.94937,1.00000,0.07200,0.14190,2.66844,2.19855,0.94231,0.92537,0.80000,870.65519,-0.02720,-0.08653,0.27887,-0.02084,0.47466,0.82282,-0.06726,0.21558,-0.01103,-0.02353,0.21021,0.35562,0.36361,2.07680,2.22800,0.95192,0.93836,0.90000,0.81805
106,0.0608,10518528,49690,0.01234,8.35e-05,0.2715,121.8561,0.00000,0.06200,0.00000,10.00000,1243.39343,0.00000,0.72650,0.00000,0.00000,0.82420,0.00000,0.00000,0.00000,0.00000,0.05600,0.31362,2.06509,1.96161,0.98718,1.00000,0.88889,0.06800,0.14054,2.69090,1.86982,0.94872,0.93750,0.91667,880.99601,-0.02713,-0.08760,0.28090,-0.02058,0.47528,0.82379,-0.06791,0.21688,-0.00949,-0.02313,0.21178,0.35749,0.36410,1.91765,2.23789,0.96795,0.97059,0.90476,0.82051
107,0.0614,10616832,49626,0.01322,1.11e-04,0.2716,100.4779,0.00000,0.05800,0.00000,10.00000,1230.08400,0.00000,0.73707,0.00000,0.00000,0.82942,0.00000,0.00000,0.00000,0.00000,0.05200,0.31292,2.07713,1.74475,0.96040,0.98667,0.62500,0.06400,0.14102,2.73301,1.87687,0.93069,0.89831,0.90000,895.31624,-0.02678,-0.08897,0.28325,-0.02118,0.47844,0.82897,-0.06799,0.22239,-0.01089,-0.02364,0.21394,0.36110,0.36532,1.80347,1.69067,0.94554,0.94776,0.77778,0.82660
108,0.0620,10715136,47682,0.01439,1.12e-04,0.2717,106.9302,0.00000,0.05400,0.00000,10.00000,1202.85835,0.00000,0.79365,0.00000,0.00000,0.83470,0.00000,0.00000,0.00000,0.00000,0.04800,0.31314,2.07447,1.91600,0.98810,1.00000,0.90000,0.06000,0.13959,2.75733,1.95606,0.94048,0.93220,0.88889,892.93327,-0.02689,-0.08872,0.28471,-0.02121,0.48115,0.83430,-0.06801,0.22634,-0.01115,-0.02349,0.21470,0.36241,0.36597,1.93544,2.46222,0.96429,0.96667,0.89474,0.82986
109,0.0625,10813440,49126,0.01436,1.34e-04,0.2719,106.7132,0.00000,0.05000,0.00000,10.00000,1189.90716,0.00000,0.77131,0.00000,0.00000,0.83745,0.00000,0.00000,0.00000,0.00000,0.04400,0.31259,2.07388,2.16734,0.98058,1.00000,0.75000,0.05600,0.13938,2.77704,2.05676,0.91262,0.88732,0.85714,875.02767,-0.02666,-0.08693,0.28510,-0.02037,0.48310,0.83700,-0.06860,0.22988,-0.01062,-0.02374,0.21559,0.36324,0.36675,2.11385,2.64154,0.94660,0.94406,0.80000,0.83376
110,0.0631,10911744,53970,0.01493,1.20e-04,0.2720,126.7015,0.00000,0.04600,0.00000,10.00000,1223.86339,0.00000,0.67196,0.00000,0.00000,0.83640,0.00000,0.00000,0.00000,0.00000,0.04000,0.31297,2.06035,1.84231,0.97143,0.98529,0.84615,0.05200,0.13975,2.74707,2.20500,0.93333,0.91525,0.84615,889.35205,-0.02689,-0.08827,0.28292,-0.02089,0.48290,0.83599,-0.06830,0.22671,-0.01215,-0.02429,0.21372,0.36074,0.36666,2.01123,3.01739,0.95238,0.95276,0.84615,0.83330
111,0.0636,11010048,54001,0.01585,8.70e-05,0.2722,115.2144,0.00000,0.04200,0.00000,10.00000,1199.62293,0.00000,0.81613,0.00000,0.00000,0.83233,0.00000,0.00000,0.00000,0.00000,0.03600,0.31246,2.05333,1.98022,0.99115,1.00000,0.87500,0.04800,0.13985,2.74629,1.92163,0.94690,0.92683,1.00000,890.38639,-0.02706,-0.08843,0.28320,-0.02081,0.47922,0.83190,-0.06874,0.22700,-0.01092,-0.02416,0.21325,0.36009,0.36550,1.95175,1.96823,0.96903,0.96386,0.94444,0.82749
112,0.0641,11108352,50775,0.01318,8.39e-05,0.2723,119.6659,0.00000,0.03800,0.00000,10.00000,1216.99958,0.00000,0.79106,0.00000,0.00000,0.82770,0.00000,0.00000,0.00000,0.00000,0.03200,0.31345,2.03492,2.15111,0.98913,0.98529,1.00000,0.04400,0.13881,2.70517,2.12554,0.94565,0.93651,0.75000,892.97990,-0.02720,-0.08869,0.27989,-0.02006,0.47621,0.82723,-0.06862,0.22197,-0.01019,-0.02370,0.21087,0.35511,0.36498,2.13898,3.03750,0.96739,0.96183,0.88889,0.82492
113,0.0646,11206656,53591,0.01588,7.16e-05,0.2724,100.5037,0.00000,0.03400,0.00000,10.00000,1208.77557,0.00000,0.76389,0.00000,0.00000,0.82154,0.00000,0.00000,0.00000,0.00000,0.02800,0.31331,2.02936,1.90444,0.96591,0.95522,1.00000,0.04000,0.13647,2.69727,2.32526,0.92045,0.90741,0.71429,898.67741,-0.02730,-0.08923,0.27844,-0.01960,0.47222,0.82117,-0.06907,0.22350,-0.01184,-0.02361,0.21059,0.35305,0.36373,2.09039,3.12154,0.94318,0.93388,0.85714,0.81863
114,0.0651,11304960,54627,0.01048,1.03e-04,0.2725,104.3520,0.00000,0.03000,0.00000,10.00000,1209.91609,0.00000,0.82305,0.00000,0.00000,0.82185,0.00000,0.00000,0.00000,0.00000,0.02400,0.31307,2.04202,2.03647,0.98765,0.98462,1.00000,0.03600,0.13714,2.70917,1.85586,0.95062,0.92727,1.00000,909.29801,-0.02722,-0.09028,0.27938,-0.01992,0.47171,0.82149,-0.07010,0.22307,-0.01195,-0.02326,0.21199,0.35475,0.36381,1.95333,2.17555,0.96914,0.95833,1.00000,0.81903
115,0.0657,11403264,54738,0.01387,9.13e-05,0.2726,106.7894,0.00000,0.02600,0.00000,10.00000,1226.22527,0.00000,0.78465,0.00000,0.00000,0.82586,0.00000,0.00000,0.00000,0.00000,0.02000,0.31204,2.05087,1.89636,0.95876,0.97183,0.75000,0.03200,0.13966,2.73603,2.00203,0.94845,0.92424,1.00000,903.02824,-0.02698,-0.08975,0.28159,-0.02077,0.47472,0.82553,-0.07055,0.22507,-0.01032,-0.02359,0.21285,0.35745,0.36488,1.94630,2.08857,0.95361,0.94891,0.86667,0.82438
116,0.0662,11501568,54840,0.01650,9.12e-05,0.2727,101.5204,0.00000,0.02200,0.00000,10.00000,1196.45766,0.00000,0.80048,0.00000,0.00000,0.82967,0.00000,0.00000,0.00000,0.00000,0.01600,0.31267,2.03056,1.85134,0.96774,0.95385,1.00000,0.02800,0.13916,2.72769,1.97797,0.92473,0.89855,1.00000,912.41366,-0.02713,-0.09064,0.28016,-0.01991,0.47780,0.82926,-0.06953,0.22392,-0.01172,-0.02390,0.21127,0.35587,0.36570,1.91559,2.38000,0.94624,0.92537,1.00000,0.82852
117,0.0667,11599872,55244,0.01273,1.09e-04,0.2728,100.9707,0.00000,0.01800,0.00000,10.00000,1266.90074,0.00000,0.69841,0.00000,0.00000,0.82678,0.00000,0.00000,0.00000,0.00000,0.01200,0.31205,2.02639,2.15105,0.98095,0.98529,0.90000,0.02400,0.14007,2.72951,1.96056,0.98095,0.96875,1.00000,911.23893,-0.02705,-0.09056,0.28000,-0.02039,0.47648,0.82644,-0.06949,0.22437,-0.01103,-0.02396,0.21124,0.35553,0.36540,2.05905,2.89666,0.98095,0.97727,0.94737,0.82698
118,0.0672,11698176,54273,0.01884,7.77e-05,0.2729,115.8321,0.00000,0.01400,0.00000,10.00000,1178.94070,0.00000,0.80000,0.00000,0.00000,0.82684,0.00000,0.00000,0.00000,0.00000,0.00800,0.31088,2.00506,2.02940,0.98000,0.98701,0.87500,0.02000,0.13986,2.71796,2.20029,0.92000,0.88060,1.00000,901.80241,-0.02724,-0.08959,0.27668,-0.01964,0.47563,0.82648,-0.06920,0.22667,-0.01109,-0.02412,0.20882,0.35139,0.36496,2.10697,2.72933,0.95000,0.93750,0.93750,0.82482
119,0.0677,11796480,53769,0.01745,6.82e-05,0.2730,114.6336,0.00000,0.01000,0.00000,10.00000,1188.78376,0.00000,0.79365,0.00000,0.00000,0.82030,0.00000,0.00000,0.00000,0.00000,0.00400,0.31123,1.98142,1.87119,0.97321,0.98750,0.71429,0.01600,0.14067,2.70803,2.09825,0.92857,0.90000,1.00000,905.93929,-0.02742,-0.09000,0.27423,-0.02026,0.47082,0.81983,-0.06960,0.22670,-0.00926,-0.02415,0.20667,0.34934,0.36386,1.98195,2.08615,0.95089,0.94375,0.86667,0.81928
120,0.0682,11894784,55300,0.01185,6.99e-05,0.2732,119.4150,0.00000,0.00600,0.00000,10.00000,1189.16007,0.00000,0.78502,0.00000,0.00000,0.81466,0.00000,0.00000,0.00000,0.00000,0.00000,0.31110,1.95946,2.04486,0.94565,0.96923,0.77778,0.01200,0.13891,2.67498,2.07662,0.93478,0.92308,0.90000,925.22298,-0.02753,-0.09190,0.27035,-0.01935,0.46746,0.81430,-0.07009,0.22633,-0.01285,-0.02384,0.20439,0.34389,0.36330,2.06085,2.27250,0.94022,0.94615,0.84211,0.81650
121,0.0687,11993088,54973,0.01243,9.83e-05,0.2733,119.6244,0.00000,0.00400,0.00000,10.00000,1208.50480,0.00000,0.78658,0.00000,0.00000,0.81482,0.00000,0.00000,0.00000,0.00000,0.00000,0.31197,1.95088,2.11627,0.96040,0.98611,0.57143,0.00800,0.13976,2.68482,2.04564,0.97030,0.95775,1.00000,938.14307,-0.02757,-0.09317,0.27063,-0.01944,0.46659,0.81443,-0.07089,0.22474,-0.01210,-0.02416,0.20284,0.34397,0.36308,2.08026,2.39846,0.96535,0.97203,0.81250,0.81538
122,0.0692,12091392,54325,0.01470,9.13e-05,0.2734,116.7976,0.00000,0.00200,0.00000,10.00000,1217.16375,0.00000,0.76880,0.00000,0.00000,0.81717,0.00000,0.00000,0.00000,0.00000,0.00000,0.31283,1.94132,1.88027,0.95960,0.94366,1.00000,0.00400,0.13849,2.69526,2.08239,0.93939,0.90909,1.00000,937.32812,-0.02765,-0.09305,0.27060,-0.02007,0.46683,0.81684,-0.07157,0.22564,-0.01180,-0.02428,0.20293,0.34369,0.36331,1.97563,1.85571,0.94949,0.92701,1.00000,0.81657
123,0.0697,12189696,53566,0.01373,9.13e-05,0.2735,132.1393,0.00000,0.00000,0.00000,10.00000,1137.57524,0.00000,0.81582,0.00000,0.00000,0.81459,0.00000,0.00000,0.00000,0.00000,0.00000,0.31216,1.92422,2.15846,0.94595,0.94186,0.88889,0.00000,0.13914,2.69006,2.33750,0.90991,0.90909,0.70000,946.51090,-0.02769,-0.09400,0.26915,-0.02043,0.46575,0.81424,-0.07128,0.22790,-0.01097,-0.02438,0.20132,0.34186,0.36308,2.24222,2.55250,0.92793,0.92638,0.78947,0.81540
124,0.0703,12288000,53259,0.02438,7.77e-05,0.2736,129.8595,0.00000,0.00000,0.00000,10.00000,1183.46242,0.00000,0.80939,0.00000,0.00000,0.81556,0.00000,0.00000,0.00000,0.00000,0.00000,0.31188,1.88750,2.03149,0.99138,1.00000,0.88889,0.00000,0.13994,2.68003,2.10000,0.92241,0.90361,0.88889,946.81641,-0.02798,-0.09405,0.26572,-0.01969,0.46593,0.81520,-0.07028,0.22743,-0.01101,-0.02480,0.19774,0.33705,0.36323,2.06402,2.06000,0.95690,0.95266,0.88889,0.81616
125,0.0708,12386304,54376,0.01761,5.39e-05,0.2737,138.4500,0.00000,0.00000,0.00000,10.00000,1153.56654,0.00000,0.78027,0.00000,0.00000,0.80965,0.00000,0.00000,0.00000,0.00000,0.00000,0.31266,1.87938,2.33517,0.91011,0.91667,0.50000,0.00000,0.13962,2.68850,2.04677,0.92135,0.92308,0.66667,957.22909,-0.02793,-0.09499,0.26585,-0.02014,0.46184,0.80929,-0.07138,0.22948,-0.01298,-0.02441,0.19787,0.33748,0.36229,2.18276,2.03750,0.91573,0.92000,0.58333,0.81146
126,0.0713,12484608,53586,0.01024,6.64e-05,0.2738,128.0694,0.00000,0.00000,0.00000,10.00000,1173.41986,0.00000,0.83058,0.00000,0.00000,0.80515,0.00000,0.00000,0.00000,0.00000,0.00000,0.31160,1.86249,2.36187,0.98020,0.97222,1.00000,0.00000,0.13698,2.69497,2.23461,0.95050,0.93671,1.00000,969.02157,-0.02807,-0.09624,0.26347,-0.01997,0.45817,0.80481,-0.07132,0.23444,-0.01174,-0.02447,0.19689,0.33374,0.36145,2.29699,2.58250,0.96535,0.95364,1.00000,0.80726
127,0.0718,12582912,54692,0.00934,8.52e-05,0.2739,119.5856,0.00000,0.00000,0.00000,10.00000,1229.47469,0.00000,0.66667,0.00000,0.00000,0.80263,0.00000,0.00000,0.00000,0.00000,0.00000,0.31292,1.86362,2.21724,0.94667,0.93878,0.90909,0.00000,0.13844,2.72417,2.24708,0.97333,0.97561,0.88889,968.36947,-0.02776,-0.09616,0.26610,-0.02012,0.45706,0.80227,-0.07230,0.23376,-0.01091,-0.02393,0.19843,0.33769,0.36161,2.23075,2.17333,0.96000,0.95556,0.90000,0.80803
128,0.0723,12681216,54377,0.01308,9.87e-05,0.2740,135.6315,0.00000,0.00000,0.00000,10.00000,1192.76265,0.00000,0.74074,0.00000,0.00000,0.80731,0.00000,0.00000,0.00000,0.00000,0.00000,0.31526,1.88170,2.11470,0.95238,0.96053,0.83333,0.00000,0.13619,2.72466,2.36232,0.96190,0.95312,0.88889,983.04663,-0.02763,-0.09762,0.26808,-0.02006,0.46025,0.80693,-0.07240,0.23126,-0.01061,-0.02479,0.19843,0.33975,0.36248,2.22710,2.88333,0.95714,0.95714,0.85714,0.81242
129,0.0728,12779520,54176,0.01397,7.61e-05,0.2741,107.6902,0.00000,0.00000,0.00000,10.00000,1127.24948,0.00000,0.75702,0.00000,0.00000,0.81566,0.00000,0.00000,0.00000,0.00000,0.00000,0.31614,1.91214,2.36515,0.94505,0.93548,0.87500,0.00000,0.13672,2.75875,2.44508,0.87912,0.83871,0.88889,990.87663,-0.02747,-0.09844,0.27235,-0.02034,0.46540,0.81528,-0.07207,0.23133,-0.01193,-0.02432,0.20170,0.34533,0.36405,2.40418,2.78266,0.91209,0.88710,0.88235,0.82027
130,0.0733,12877824,54298,0.01079,1.11e-04,0.2742,115.9429,0.00000,0.00000,0.00000,10.00000,1132.87289,0.00000,0.81111,0.00000,0.00000,0.82129,0.00000,0.00000,0.00000,0.00000,0.00000,0.31616,1.90678,2.34368,0.88000,0.85526,0.87500,0.00000,0.13672,2.77825,2.02192,0.94000,0.94286,0.75000,965.44792,-0.02731,-0.09587,0.27309,-0.02069,0.46903,0.82095,-0.07153,0.23315,-0.01255,-0.02458,0.20299,0.34700,0.36525,2.18604,2.74714,0.91000,0.89726,0.81250,0.82624
131,0.0738,12976128,54115,0.01117,1.31e-04,0.2742,111.0636,0.00000,0.00000,0.00000,10.00000,1094.11400,0.00000,0.73355,0.00000,0.00000,0.82023,0.00000,0.00000,0.00000,0.00000,0.00000,0.31408,1.91597,2.59515,0.87379,0.83077,0.83333,0.00000,0.13527,2.76830,2.23380,0.87379,0.83099,0.91667,933.63753,-0.02734,-0.09273,0.27305,-0.02098,0.46955,0.81990,-0.07082,0.23750,-0.01005,-0.02447,0.20405,0.34627,0.36470,2.40788,2.34190,0.87379,0.83088,0.87500,0.82352
132,0.0744,13074432,53332,0.01413,1.16e-04,0.2744,116.2202,0.00000,0.00000,0.00000,10.00000,1209.22198,0.00000,0.70881,0.00000,0.00000,0.81819,0.00000,0.00000,0.00000,0.00000,0.00000,0.31353,1.91920,2.34895,0.93966,0.91549,0.91667,0.00000,0.13452,2.75685,2.00642,0.93966,0.90909,1.00000,932.13208,-0.02734,-0.09264,0.27279,-0.01984,0.46834,0.81784,-0.07035,0.23756,-0.01106,-0.02445,0.20386,0.34551,0.36401,2.17223,2.38900,0.93966,0.91216,0.95238,0.82007
133,0.0749,13172736,53794,0.01296,1.31e-04,0.2745,113.6540,0.00000,0.00000,0.00000,10.00000,1192.34358,0.00000,0.84249,0.00000,0.00000,0.81770,0.00000,0.00000,0.00000,0.00000,0.00000,0.31433,1.91739,2.14156,0.92308,0.89706,1.00000,0.00000,0.13506,2.74389,2.25768,0.95604,0.95714,0.50000,946.87752,-0.02732,-0.09407,0.27268,-0.02002,0.46805,0.81732,-0.07039,0.23416,-0.01016,-0.02431,0.20274,0.34548,0.36374,2.20180,1.98667,0.93956,0.92754,0.75000,0.81870
134,0.0754,13271040,55283,0.01590,1.03e-04,0.2746,108.6239,0.00000,0.00000,0.00000,10.00000,1178.73645,0.00000,0.76975,0.00000,0.00000,0.81707,0.00000,0.00000,0.00000,0.00000,0.00000,0.31455,1.93145,2.61500,0.90361,0.86885,1.00000,0.00000,0.13330,2.75938,1.93467,0.96386,0.94444,1.00000,931.62427,-0.02719,-0.09259,0.27387,-0.02036,0.46699,0.81678,-0.07107,0.23633,-0.00993,-0.02406,0.20497,0.34766,0.36321,2.28580,2.66750,0.93373,0.90435,1.00000,0.81603
135,0.0759,13369344,54244,0.01377,9.12e-05,0.2748,102.9518,0.00000,0.00000,0.00000,10.00000,1134.67798,0.00000,0.85470,0.00000,0.00000,0.81662,0.00000,0.00000,0.00000,0.00000,0.00000,0.31348,1.94862,2.66613,0.96154,0.95082,1.00000,0.00000,0.13267,2.78168,2.28678,0.94872,0.93220,1.00000,930.10693,-0.02720,-0.09237,0.27532,-0.02019,0.46717,0.81634,-0.07082,0.24098,-0.01161,-0.02384,0.20775,0.34967,0.36335,2.48116,3.17750,0.95513,0.94167,1.00000,0.81674
136,0.0764,13467648,54342,0.01076,1.24e-04,0.2749,100.6523,0.00000,0.00000,0.00000,10.00000,1080.74061,0.00000,0.83588,0.00000,0.00000,0.81914,0.00000,0.00000,0.00000,0.00000,0.00000,0.31320,1.95459,2.84049,0.88073,0.85882,0.87500,0.00000,0.13218,2.79626,2.24026,0.88991,0.88608,0.66667,926.56844,-0.02722,-0.09205,0.27656,-0.01976,0.46860,0.81888,-0.07107,0.24267,-0.01057,-0.02441,0.20884,0.35062,0.36398,2.55177,3.29385,0.88532,0.87195,0.76471,0.81990
137,0.0769,13565952,54630,0.01466,1.49e-04,0.2750,110.2346,0.00000,0.00000,0.00000,10.00000,1189.92253,0.00000,0.84656,0.00000,0.00000,0.82274,0.00000,0.00000,0.00000,0.00000,0.00000,0.31332,1.94671,2.41576,0.95238,0.93939,1.00000,0.00000,0.13322,2.80775,2.07906,0.95238,0.95161,0.75000,934.18628,-0.02714,-0.09285,0.27692,-0.02013,0.47193,0.82237,-0.07077,0.24350,-0.00911,-0.02427,0.20816,0.35119,0.36515,2.25000,2.03667,0.95238,0.94531,0.85714,0.82576
138,0.0774,13664256,52591,0.01502,1.03e-04,0.2751,118.4252,0.00000,0.00000,0.00000,10.00000,1159.76335,0.00000,0.74747,0.00000,0.00000,0.82336,0.00000,0.00000,0.00000,0.00000,0.00000,0.31352,1.94110,2.82650,0.92727,0.91139,0.90909,0.00000,0.13349,2.80568,2.13813,0.93636,0.91304,0.91667,933.52816,-0.02716,-0.09271,0.27658,-0.02009,0.47201,0.82303,-0.07117,0.24291,-0.01163,-0.02450,0.20779,0.35075,0.36517,2.49975,2.48545,0.93182,0.91216,0.91304,0.82586
139,0.0780,13762560,54350,0.01435,1.16e-04,0.2752,115.2974,0.00000,0.00000,0.00000,10.00000,1173.38297,0.00000,0.76797,0.00000,0.00000,0.82316,0.00000,0.00000,0.00000,0.00000,0.00000,0.31465,1.93805,2.22548,0.92157,0.88889,1.00000,0.00000,0.13266,2.80298,2.43493,0.95098,0.92754,1.00000,922.14258,-0.02717,-0.09164,0.27641,-0.02045,0.47237,0.82277,-0.07097,0.24184,-0.00973,-0.02432,0.20775,0.35079,0.36550,2.33162,1.82500,0.93627,0.90780,1.00000,0.82748
140,0.0785,13860864,53981,0.01727,7.16e-05,0.2753,110.7693,0.00000,0.00000,0.00000,10.00000,1131.98246,0.00000,0.82323,0.00000,0.00000,0.81860,0.00000,0.00000,0.00000,0.00000,0.00000,0.31469,1.93386,2.71195,0.94545,0.92857,1.00000,0.00000,0.13152,2.78552,2.38718,0.92727,0.91139,0.83333,927.77596,-0.02727,-0.09218,0.27602,-0.01951,0.46911,0.81819,-0.07098,0.24222,-0.01190,-0.02439,0.20734,0.34961,0.36439,2.55362,2.81250,0.93636,0.92025,0.87500,0.82196
141,0.0790,13959168,53624,0.01218,1.03e-04,0.2754,116.9623,0.00000,0.00000,0.00000,10.00000,1142.41612,0.00000,0.72650,0.00000,0.00000,0.81784,0.00000,0.00000,0.00000,0.00000,0.00000,0.31381,1.95063,2.86828,0.94505,0.95161,0.81818,0.00000,0.13139,2.76689,2.61067,0.92308,0.89474,0.90000,925.95793,-0.02727,-0.09205,0.27519,-0.01903,0.46862,0.81747,-0.07099,0.24001,-0.01092,-0.02398,0.20728,0.34903,0.36425,2.74938,1.98842,0.93407,0.92437,0.85714,0.82125
142,0.0795,14057472,54428,0.01562,7.61e-05,0.2755,106.5295,0.00000,0.00000,0.00000,10.00000,1156.85801,0.00000,0.73883,0.00000,0.00000,0.81999,0.00000,0.00000,0.00000,0.00000,0.00000,0.31333,1.96459,2.68232,0.90722,0.86765,1.00000,0.00000,0.13096,2.74606,2.22818,0.92784,0.93443,0.72727,952.95142,-0.02726,-0.09463,0.27466,-0.01968,0.46907,0.81967,-0.07091,0.23788,-0.01360,-0.02429,0.20752,0.34843,0.36376,2.46030,2.17368,0.91753,0.89922,0.85714,0.81880
143,0.0800,14155776,53426,0.01068,1.10e-04,0.2757,125.1505,0.00000,0.00000,0.00000,10.00000,1171.69242,0.00000,0.78189,0.00000,0.00000,0.82349,0.00000,0.00000,0.00000,0.00000,0.00000,0.31364,1.98444,2.36977,0.90741,0.89535,0.85714,0.00000,0.13299,2.75409,2.19169,0.94444,0.90909,1.00000,943.61418,-0.02700,-0.09376,0.27741,-0.02075,0.47252,0.82312,-0.07077,0.23582,-0.01125,-0.02447,0.20870,0.35194,0.36467,2.29311,1.96400,0.92593,0.90132,0.90909,0.82335
144,0.0805,14254080,54439,0.01365,1.10e-04,0.2758,112.8236,0.00000,0.00000,0.00000,10.00000,1154.27357,0.00000,0.79922,0.00000,0.00000,0.82658,0.00000,0.00000,0.00000,0.00000,0.00000,0.31471,1.98445,2.81349,0.93860,0.91566,1.00000,0.00000,0.13161,2.76205,1.95325,0.94737,0.93827,0.85714,941.69718,-0.02698,-0.09350,0.27812,-0.02066,0.47515,0.82620,-0.07030,0.23588,-0.01282,-0.02469,0.20867,0.35356,0.36539,2.39100,1.74000,0.94298,0.92683,0.93750,0.82694
145,0.0810,14352384,54750,0.01512,9.13e-05,0.2760,113.7166,0.00000,0.00000,0.00000,10.00000,1178.04169,0.00000,0.80128,0.00000,0.00000,0.82610,0.00000,0.00000,0.00000,0.00000,0.00000,0.31337,1.96318,2.65095,0.95192,0.94937,0.88889,0.00000,0.13335,2.73517,2.02411,0.95192,0.94366,0.83333,927.05013,-0.02724,-0.09208,0.27514,-0.02013,0.47505,0.82576,-0.06978,0.23316,-0.01215,-0.02490,0.20681,0.34988,0.36566,2.35949,2.16000,0.95192,0.94667,0.86667,0.82829
146,0.0815,14450688,54402,0.01391,1.01e-04,0.2761,124.3329,0.00000,0.00000,0.00000,10.00000,1216.41260,0.00000,0.79365,0.00000,0.00000,0.82129,0.00000,0.00000,0.00000,0.00000,0.00000,0.31223,1.97386,2.19315,0.94505,0.92958,1.00000,0.00000,0.13392,2.75838,1.99115,0.95604,0.93220,1.00000,917.15658,-0.02711,-0.09110,0.27743,-0.02030,0.47256,0.82087,-0.06917,0.23753,-0.01059,-0.02425,0.20875,0.35215,0.36438,2.10119,2.08182,0.95055,0.93077,1.00000,0.82192
147,0.0820,14548992,54891,0.01458,1.11e-04,0.2763,128.5994,0.00000,0.00000,0.00000,10.00000,1199.97590,0.00000,0.78605,0.00000,0.00000,0.82223,0.00000,0.00000,0.00000,0.00000,0.00000,0.31171,1.97505,2.52109,0.93617,0.91667,1.00000,0.00000,0.13371,2.75615,2.11763,0.95745,0.93443,1.00000,924.27799,-0.02719,-0.09180,0.27684,-0.01962,0.47242,0.82187,-0.06956,0.23768,-0.01116,-0.02430,0.20898,0.35148,0.36449,2.34076,2.15750,0.94681,0.92481,1.00000,0.82247
148,0.0826,14647296,54264,0.01541,8.70e-05,0.2764,103.1438,0.00000,0.00000,0.00000,10.00000,1198.42668,0.00000,0.73260,0.00000,0.00000,0.81755,0.00000,0.00000,0.00000,0.00000,0.00000,0.30936,1.99322,2.44892,0.95604,0.93103,1.00000,0.00000,0.13301,2.77204,2.21362,0.96703,0.95161,1.00000,908.80509,-0.02712,-0.09027,0.27828,-0.01981,0.46967,0.81721,-0.07022,0.24409,-0.01149,-0.02381,0.21111,0.35337,0.36381,2.32776,2.25100,0.96154,0.94167,1.00000,0.81904
149,0.0831,14745600,53140,0.01421,6.71e-05,0.2765,100.6464,0.00000,0.00000,0.00000,10.00000,1236.79883,0.00000,0.68287,0.00000,0.00000,0.81878,0.00000,0.00000,0.00000,0.00000,0.00000,0.31007,2.00018,2.52895,0.94792,0.93548,0.88889,0.00000,0.13098,2.75237,2.02000,0.95833,0.92857,1.00000,911.32699,-0.02714,-0.09051,0.27771,-0.01904,0.46938,0.81851,-0.07052,0.24159,-0.01117,-0.02406,0.21148,0.35228,0.36353,2.28231,2.13895,0.95312,0.93220,0.95000,0.81767
150,0.0836,14843904,55741,0.01193,7.70e-05,0.2766,118.3504,0.00000,0.00000,0.00000,10.00000,1188.30030,0.00000,0.83021,0.00000,0.00000,0.82170,0.00000,0.00000,0.00000,0.00000,0.00000,0.30951,2.01129,2.47800,0.94382,0.92424,1.00000,0.00000,0.13131,2.74831,1.88366,0.95506,0.94030,1.00000,913.07536,-0.02710,-0.09069,0.27807,-0.01942,0.47134,0.82144,-0.07083,0.24075,-0.01137,-0.02418,0.21152,0.35253,0.36451,2.17872,2.69714,0.94944,0.93233,1.00000,0.82254
151,0.0841,14942208,55502,0.01240,1.00e-04,0.2768,115.1707,0.00000,0.00000,0.00000,10.00000,1184.36909,0.00000,0.73728,0.00000,0.00000,0.82444,0.00000,0.00000,0.00000,0.00000,0.00000,0.30971,2.01654,2.35275,0.96262,0.97222,0.81818,0.00000,0.13330,2.75527,2.47013,0.95327,0.94286,0.90909,919.65690,-0.02696,-0.09136,0.27979,-0.01935,0.47446,0.82414,-0.06995,0.24025,-0.01175,-0.02450,0.21179,0.35492,0.36530,2.41107,2.86421,0.95794,0.95775,0.86364,0.82652
152,0.0846,15040512,54095,0.01548,8.35e-05,0.2769,109.1027,0.00000,0.00000,0.00000,10.00000,1179.15223,0.00000,0.76319,0.00000,0.00000,0.82744,0.00000,0.00000,0.00000,0.00000,0.00000,0.31002,2.02071,2.44883,0.95960,0.95775,0.90000,0.00000,0.13226,2.76636,2.03030,0.91919,0.89231,0.88889,901.60010,-0.02700,-0.08962,0.28041,-0.01988,0.47635,0.82712,-0.06992,0.24111,-0.00928,-0.02437,0.21182,0.35577,0.36592,2.25566,2.23647,0.93939,0.92647,0.89474,0.82961
153,0.0851,15138816,54458,0.01442,9.24e-05,0.2770,115.5494,0.00000,0.00000,0.00000,10.00000,1150.92364,0.00000,0.76329,0.00000,0.00000,0.82675,0.00000,0.00000,0.00000,0.00000,0.00000,0.30842,2.01276,2.54186,0.93913,0.92405,0.91667,0.00000,0.13424,2.76220,2.36000,0.93043,0.91139,0.87500,913.78011,-0.02696,-0.09075,0.27953,-0.02042,0.47542,0.82642,-0.06967,0.24236,-0.01092,-0.02485,0.21177,0.35515,0.36546,2.45365,1.85778,0.93478,0.91772,0.90000,0.82732
154,0.0856,15237120,54596,0.01375,1.11e-04,0.2772,112.4807,0.00000,0.00000,0.00000,10.00000,1149.79444,0.00000,0.86022,0.00000,0.00000,0.82588,0.00000,0.00000,0.00000,0.00000,0.00000,0.30836,2.01722,2.67333,0.92473,0.90541,1.00000,0.00000,0.13326,2.76008,2.41943,0.95699,0.95714,0.66667,896.64583,-0.02706,-0.08903,0.27973,-0.01961,0.47376,0.82551,-0.06986,0.24360,-0.01089,-0.02412,0.21163,0.35481,0.36469,2.54817,3.88400,0.94086,0.93056,0.83333,0.82345
155,0.0862,15335424,53998,0.01534,6.34e-05,0.2773,104.9845,0.00000,0.00000,0.00000,10.00000,1161.44610,0.00000,0.77356,0.00000,0.00000,0.82072,0.00000,0.00000,0.00000,0.00000,0.00000,0.30725,2.02329,2.26469,0.94937,0.93333,1.00000,0.00000,0.13320,2.78449,2.44245,0.94937,0.94000,0.90000,895.16081,-0.02695,-0.08897,0.28148,-0.01929,0.47049,0.82041,-0.07023,0.24861,-0.01007,-0.02359,0.21297,0.35647,0.36352,2.34843,2.61059,0.94937,0.93636,0.94444,0.81758
156,0.0867,15433728,55045,0.01129,7.70e-05,0.2774,94.2722,0.00000,0.00000,0.00000,10.00000,1160.98296,0.00000,0.85676,0.00000,0.00000,0.82398,0.00000,0.00000,0.00000,0.00000,0.00000,0.30751,2.05198,2.53045,0.96386,0.95312,1.00000,0.00000,0.13084,2.81649,2.31969,0.96386,0.95312,1.00000,897.91927,-0.02662,-0.08927,0.28382,-0.01923,0.47283,0.82372,-0.07080,0.25275,-0.00854,-0.02343,0.21620,0.35952,0.36449,2.42667,2.04500,0.96386,0.95312,1.00000,0.82243
157,0.0872,15532032,53775,0.01098,1.11e-04,0.2774,104.5105,0.00000,0.00000,0.00000,10.00000,1191.62215,0.00000,0.80128,0.00000,0.00000,0.83161,0.00000,0.00000,0.00000,0.00000,0.00000,0.30918,2.06627,2.43333,0.93269,0.90411,1.00000,0.00000,0.13268,2.81591,2.21750,0.97115,0.96104,1.00000,902.97168,-0.02652,-0.08972,0.28640,-0.02046,0.47846,0.83130,-0.07070,0.24767,-0.01009,-0.02444,0.21685,0.36304,0.36605,2.32193,1.99143,0.95192,0.93333,1.00000,0.83025
158,0.0877,15630336,53070,0.01571,8.59e-05,0.2776,96.0946,0.00000,0.00000,0.00000,10.00000,1189.78906,0.00000,0.76087,0.00000,0.00000,0.83367,0.00000,0.00000,0.00000,0.00000,0.00000,0.30932,2.06507,2.40901,0.95652,0.94030,1.00000,0.00000,0.13191,2.81751,2.34983,0.93478,0.91525,0.87500,882.30127,-0.02645,-0.08767,0.28641,-0.02023,0.48072,0.83333,-0.06931,0.24705,-0.00912,-0.02414,0.21696,0.36315,0.36635,2.38167,2.33000,0.94565,0.92857,0.93333,0.83174
159,0.0882,15728640,53676,0.01283,8.39e-05,0.2776,96.2501,0.00000,0.00000,0.00000,10.00000,1251.45949,0.00000,0.73560,0.00000,0.00000,0.83006,0.00000,0.00000,0.00000,0.00000,0.00000,0.30715,2.05608,2.33634,0.99074,1.00000,0.87500,0.00000,0.13061,2.79503,2.10987,0.99074,0.98529,1.00000,873.01278,-0.02671,-0.08677,0.28386,-0.01913,0.47827,0.82978,-0.06899,0.24904,-0.00957,-0.02424,0.21636,0.35969,0.36536,2.22667,2.38353,0.99074,0.99301,0.94444,0.82682
160,0.0887,15826944,54031,0.01168,1.12e-04,0.2777,91.2488,0.00000,0.00000,0.00000,10.00000,1198.53852,0.00000,0.70556,0.00000,0.00000,0.82919,0.00000,0.00000,0.00000,0.00000,0.00000,0.30669,2.04042,2.40597,0.93000,0.90769,0.87500,0.00000,0.13241,2.76935,2.17290,0.90000,0.83871,1.00000,867.97388,-0.02691,-0.08629,0.28143,-0.01986,0.47740,0.82888,-0.06903,0.24619,-0.00981,-0.02410,0.21423,0.35737,0.36496,2.29395,2.08000,0.91500,0.87402,0.93333,0.82478
161,0.0892,15925248,54780,0.01443,1.20e-04,0.2779,105.3232,0.00000,0.00000,0.00000,10.00000,1197.48377,0.00000,0.78209,0.00000,0.00000,0.82420,0.00000,0.00000,0.00000,0.00000,0.00000,0.30612,2.03032,2.50822,0.96117,0.94444,1.00000,0.00000,0.13151,2.75106,2.27351,0.95146,0.93151,1.00000,869.60840,-0.02705,-0.08646,0.28021,-0.01965,0.47460,0.82390,-0.06894,0.24682,-0.00901,-0.02391,0.21293,0.35522,0.36441,2.39007,2.85636,0.95631,0.93793,1.00000,0.82206
162,0.0898,16023552,53975,0.01631,9.87e-05,0.2779,108.5710,0.00000,0.00000,0.00000,10.00000,1249.54093,0.00000,0.72917,0.00000,0.00000,0.82159,0.00000,0.00000,0.00000,0.00000,0.00000,0.30639,2.02932,2.03735,0.95833,0.93651,1.00000,0.00000,0.13093,2.74618,2.04515,0.94792,0.92063,1.00000,885.55444,-0.02698,-0.08797,0.27959,-0.01950,0.47324,0.82135,-0.06918,0.24633,-0.01037,-0.02395,0.21265,0.35450,0.36421,2.04119,2.39333,0.95312,0.92857,1.00000,0.82106
163,0.0903,16121856,53851,0.01186,1.12e-04,0.2780,120.1054,0.00000,0.00000,0.00000,10.00000,1216.55734,0.00000,0.72816,0.00000,0.00000,0.82233,0.00000,0.00000,0.00000,0.00000,0.00000,0.30794,2.02976,2.21195,0.93204,0.92647,0.85714,0.00000,0.13172,2.74749,2.16842,0.97087,0.97015,0.90909,907.43099,-0.02693,-0.09018,0.28041,-0.01977,0.47331,0.82199,-0.06903,0.24289,-0.00953,-0.02434,0.21174,0.35539,0.36390,2.19033,2.20000,0.95146,0.94815,0.88000,0.81951
164,0.0908,16220160,53345,0.01531,6.99e-05,0.2781,102.6319,0.00000,0.00000,0.00000,10.00000,1187.72521,0.00000,0.77098,0.00000,0.00000,0.82481,0.00000,0.00000,0.00000,0.00000,0.00000,0.30826,2.03524,2.38704,0.94898,0.92754,1.00000,0.00000,0.13168,2.75127,2.47515,0.92857,0.91045,0.75000,901.74528,-0.02702,-0.08959,0.28072,-0.01970,0.47474,0.82449,-0.06963,0.24196,-0.01050,-0.02419,0.21202,0.35602,0.36455,2.42949,2.48800,0.93878,0.91912,0.90909,0.82277
165,0.0913,16318464,53702,0.01063,1.01e-04,0.2782,115.0400,0.00000,0.00000,0.00000,10.00000,1179.86609,0.00000,0.80808,0.00000,0.00000,0.82781,0.00000,0.00000,0.00000,0.00000,0.00000,0.30916,2.04174,2.04825,0.96694,0.96667,0.90000,0.00000,0.13170,2.74082,2.14989,0.95041,0.94186,0.88889,907.98315,-0.02699,-0.09020,0.28154,-0.01993,0.47726,0.82746,-0.06913,0.23910,-0.01054,-0.02476,0.21185,0.35696,0.36507,2.09688,2.36353,0.95868,0.95455,0.89474,0.82537
166,0.0918,16416768,52815,0.01402,1.12e-04,0.2783,113.6460,0.00000,0.00000,0.00000,10.00000,1195.61535,0.00000,0.74619,0.00000,0.00000,0.82897,0.00000,0.00000,0.00000,0.00000,0.00000,0.30883,2.03085,2.57769,0.96078,0.94444,1.00000,0.00000,0.13204,2.72545,2.05261,0.92157,0.90769,0.75000,884.74487,-0.02710,-0.08791,0.27956,-0.01967,0.47792,0.82866,-0.06882,0.23647,-0.00939,-0.02435,0.21107,0.35459,0.36529,2.33902,2.13571,0.94118,0.92701,0.87500,0.82645
167,0.0923,16515072,54680,0.01404,9.83e-05,0.2784,90.2580,0.00000,0.00000,0.00000,10.00000,1233.58396,0.00000,0.81287,0.00000,0.00000,0.82197,0.00000,0.00000,0.00000,0.00000,0.00000,0.30752,2.04436,2.21500,0.98947,0.98571,1.00000,0.00000,0.13135,2.73772,1.94955,0.93684,0.91304,1.00000,872.90120,-0.02697,-0.08674,0.28128,-0.02008,0.47373,0.82166,-0.06888,0.24162,-0.01093,-0.02402,0.21303,0.35667,0.36384,2.08705,1.98000,0.96316,0.94964,1.00000,0.81918
168,0.0929,16613376,53874,0.01386,9.32e-05,0.2785,108.2071,0.00000,0.00000,0.00000,10.00000,1191.58620,0.00000,0.78914,0.00000,0.00000,0.82089,0.00000,0.00000,0.00000,0.00000,0.00000,0.30670,2.03995,2.21944,0.98864,1.00000,0.87500,0.00000,0.12964,2.71848,2.09030,0.94318,0.93548,0.88889,877.24674,-0.02707,-0.08718,0.27878,-0.01871,0.47197,0.82063,-0.06860,0.24239,-0.01103,-0.02383,0.21231,0.35365,0.36332,2.15723,2.36000,0.96591,0.96800,0.88235,0.81658
169,0.0934,16711680,53444,0.01411,9.13e-05,0.2786,109.8075,0.00000,0.00000,0.00000,10.00000,1188.82847,0.00000,0.76543,0.00000,0.00000,0.81996,0.00000,0.00000,0.00000,0.00000,0.00000,0.30672,2.07213,2.30895,0.96667,0.95082,1.00000,0.00000,0.12945,2.73081,2.07000,0.94444,0.93651,0.90909,890.02848,-0.02690,-0.08850,0.28163,-0.01930,0.47219,0.81962,-0.06894,0.24271,-0.00936,-0.02376,0.21401,0.35720,0.36365,2.18686,2.12210,0.95556,0.94355,0.95000,0.81826
170,0.0939,16809984,54710,0.01628,8.88e-05,0.2787,111.4005,0.00000,0.00000,0.00000,10.00000,1157.32096,0.00000,0.73495,0.00000,0.00000,0.82637,0.00000,0.00000,0.00000,0.00000,0.00000,0.30711,2.09316,2.24057,0.93750,0.92308,0.90909,0.00000,0.12979,2.74036,2.04400,0.89583,0.85484,0.91667,888.37337,-0.02680,-0.08830,0.28455,-0.01962,0.47585,0.82602,-0.06874,0.24225,-0.01179,-0.02379,0.21553,0.36103,0.36442,2.14592,1.96091,0.91667,0.88976,0.91304,0.82209
171,0.0944,16908288,53580,0.01321,8.70e-05,0.2788,103.1193,0.00000,0.00000,0.00000,10.00000,1153.02046,0.00000,0.83047,0.00000,0.00000,0.83122,0.00000,0.00000,0.00000,0.00000,0.00000,0.30606,2.11920,2.37026,0.95876,0.94595,1.00000,0.00000,0.13002,2.77187,2.10735,0.87629,0.85915,0.66667,870.70125,-0.02658,-0.08655,0.28749,-0.01997,0.47970,0.83093,-0.06855,0.24680,-0.01000,-0.02395,0.21875,0.36495,0.36549,2.24611,3.39400,0.91753,0.90345,0.81818,0.82746
172,0.0949,17006592,53488,0.01250,8.39e-05,0.2789,95.2128,0.00000,0.00000,0.00000,10.00000,1209.87883,0.00000,0.67308,0.00000,0.00000,0.83227,0.00000,0.00000,0.00000,0.00000,0.00000,0.30474,2.10913,2.32545,0.97115,0.95385,1.00000,0.00000,0.12964,2.76941,2.19118,0.93269,0.90164,0.92857,871.23975,-0.02666,-0.08659,0.28618,-0.01904,0.48102,0.83196,-0.06759,0.24963,-0.00983,-0.02418,0.21884,0.36316,0.36578,2.26248,2.55357,0.95192,0.92857,0.96552,0.82890
173,0.0954,17104896,54540,0.01305,9.83e-05,0.2791,111.3235,0.00000,0.00000,0.00000,10.00000,1215.87129,0.00000,0.76880,0.00000,0.00000,0.83170,0.00000,0.00000,0.00000,0.00000,0.00000,0.30467,2.09814,2.05507,0.95960,0.94286,1.00000,0.00000,0.12860,2.76180,2.25710,0.95960,0.94030,1.00000,858.44336,-0.02677,-0.08539,0.28456,-0.02001,0.48038,0.83142,-0.06758,0.25064,-0.00947,-0.02415,0.21796,0.36161,0.36528,2.15324,2.50461,0.95960,0.94161,1.00000,0.82639
174,0.0959,17203200,54067,0.01232,1.12e-04,0.2792,104.3985,0.00000,0.00000,0.00000,10.00000,1215.58684,0.00000,0.78171,0.00000,0.00000,0.82786,0.00000,0.00000,0.00000,0.00000,0.00000,0.30426,2.08220,2.22340,0.97345,0.96512,1.00000,0.00000,0.13034,2.75124,1.97000,0.93805,0.90411,1.00000,861.33927,-0.02688,-0.08558,0.28346,-0.01949,0.47801,0.82753,-0.06747,0.25017,-0.01052,-0.02415,0.21641,0.36014,0.36463,2.11178,2.13000,0.95575,0.93711,1.00000,0.82315
175,0.0965,17301504,53352,0.01481,9.13e-05,0.2793,103.7732,0.00000,0.00000,0.00000,10.00000,1253.52055,0.00000,0.76691,0.00000,0.00000,0.82654,0.00000,0.00000,0.00000,0.00000,0.00000,0.30487,2.07875,2.31938,0.96739,0.95238,1.00000,0.00000,0.12878,2.75528,1.82454,0.95652,0.93750,1.00000,875.48560,-0.02690,-0.08699,0.28289,-0.01951,0.47664,0.82619,-0.06789,0.25070,-0.01038,-0.02388,0.21614,0.35955,0.36453,2.07008,2.14000,0.96196,0.94488,1.00000,0.82266
176,0.0970,17399808,53817,0.01524,7.77e-05,0.2794,101.2143,0.00000,0.00000,0.00000,10.00000,1204.27695,0.00000,0.75000,0.00000,0.00000,0.82601,0.00000,0.00000,0.00000,0.00000,0.00000,0.30475,2.09260,2.18305,0.98750,0.98113,1.00000,0.00000,0.12895,2.77209,1.97900,0.92500,0.89091,1.00000,882.98201,-0.02672,-0.08771,0.28490,-0.01982,0.47566,0.82574,-0.06854,0.25264,-0.01081,-0.02365,0.21746,0.36150,0.36454,2.08017,1.96222,0.95625,0.93519,1.00000,0.82270
177,0.0975,17498112,53662,0.01298,1.01e-04,0.2796,91.0091,0.00000,0.00000,0.00000,10.00000,1255.19207,0.00000,0.79268,0.00000,0.00000,0.82663,0.00000,0.00000,0.00000,0.00000,0.00000,0.30482,2.11273,2.17656,0.98780,0.98413,1.00000,0.00000,0.12851,2.80119,2.04654,0.98780,0.98148,1.00000,880.92920,-0.02656,-0.08756,0.28772,-0.01939,0.47618,0.82633,-0.06887,0.25538,-0.00894,-0.02365,0.21945,0.36457,0.36465,2.11647,1.74000,0.98780,0.98291,1.00000,0.82323
178,0.0980,17596416,53246,0.01303,1.34e-04,0.2797,99.2440,0.00000,0.00000,0.00000,10.00000,1204.01695,0.00000,0.78616,0.00000,0.00000,0.83178,0.00000,0.00000,0.00000,0.00000,0.00000,0.30520,2.11385,2.00506,0.99057,0.98718,1.00000,0.00000,0.12807,2.80130,2.23387,0.93396,0.91667,0.90000,874.61532,-0.02643,-0.08692,0.28808,-0.01961,0.48018,0.83146,-0.06835,0.25524,-0.01045,-0.02421,0.21958,0.36573,0.36566,2.11099,2.27368,0.96226,0.95333,0.95000,0.82828
179,0.0985,17694720,54075,0.01487,1.34e-04,0.2798,107.6042,0.00000,0.00000,0.00000,10.00000,1173.50578,0.00000,0.85069,0.00000,0.00000,0.83659,0.00000,0.00000,0.00000,0.00000,0.00000,0.30572,2.12225,2.26175,0.96875,0.95946,1.00000,0.00000,0.12965,2.82598,1.92348,0.89583,0.86301,1.00000,873.00049,-0.02632,-0.08681,0.29082,-0.02002,0.48359,0.83624,-0.06827,0.25488,-0.00863,-0.02412,0.22093,0.36925,0.36717,2.10510,2.84308,0.93229,0.91156,1.00000,0.83584
180,0.0991,17793024,51693,0.01661,9.24e-05,0.2800,112.9838,0.00000,0.00000,0.00000,10.00000,1180.84241,0.00000,0.79894,0.00000,0.00000,0.84059,0.00000,0.00000,0.00000,0.00000,0.00000,0.30683,2.11597,2.37721,1.00000,1.00000,1.00000,0.00000,0.13146,2.81481,2.33038,0.93333,0.92105,0.90000,868.50382,-0.02633,-0.08628,0.29043,-0.02052,0.48569,0.84022,-0.06810,0.25074,-0.01033,-0.02449,0.22016,0.36896,0.36718,2.35479,2.23200,0.96667,0.96026,0.95238,0.83588
181,0.0996,17891328,54390,0.01250,1.10e-04,0.2801,101.7371,0.00000,0.00000,0.00000,10.00000,1211.49531,0.00000,0.79444,0.00000,0.00000,0.83825,0.00000,0.00000,0.00000,0.00000,0.00000,0.30623,2.10869,2.34518,0.98000,0.97260,1.00000,0.00000,0.13012,2.81749,1.92267,0.96000,0.95714,0.88889,872.01359,-0.02647,-0.08671,0.29036,-0.02000,0.48478,0.83791,-0.06800,0.25406,-0.01020,-0.02422,0.21990,0.36801,0.36739,2.14205,3.03555,0.97000,0.96503,0.94737,0.83696
182,0.1001,17989632,56006,0.01456,1.04e-04,0.2802,92.2594,0.00000,0.00000,0.00000,10.00000,1224.05802,0.00000,0.82755,0.00000,0.00000,0.83454,0.00000,0.00000,0.00000,0.00000,0.00000,0.30468,2.10335,1.96759,0.98958,0.98649,1.00000,0.00000,0.12975,2.79591,2.05324,0.96875,0.95652,1.00000,869.83773,-0.02651,-0.08650,0.28758,-0.01946,0.48222,0.83419,-0.06775,0.25451,-0.00979,-0.02407,0.21902,0.36456,0.36653,2.00902,1.79384,0.97917,0.97203,1.00000,0.83266
183,0.1006,18087936,55045,0.01417,1.18e-04,0.2804,108.8200,0.00000,0.00000,0.00000,10.00000,1228.72113,0.00000,0.74074,0.00000,0.00000,0.83492,0.00000,0.00000,0.00000,0.00000,0.00000,0.30549,2.11016,2.26099,0.98095,0.98667,0.87500,0.00000,0.12977,2.79407,2.10800,0.93333,0.90769,0.90000,861.53621,-0.02650,-0.08567,0.28800,-0.02046,0.48189,0.83457,-0.06770,0.25258,-0.00958,-0.02408,0.21900,0.36582,0.36631,2.19007,3.19059,0.95714,0.95000,0.88889,0.83157
184,0.1011,18186240,53310,0.01632,7.77e-05,0.2805,103.3114,0.00000,0.00000,0.00000,10.00000,1228.61761,0.00000,0.77061,0.00000,0.00000,0.83290,0.00000,0.00000,0.00000,0.00000,0.00000,0.30612,2.11073,1.92435,0.98925,0.98413,1.00000,0.00000,0.12922,2.78020,2.22591,0.94624,0.92424,1.00000,858.77604,-0.02666,-0.08539,0.28724,-0.02010,0.48081,0.83256,-0.06765,0.25025,-0.00914,-0.02396,0.21917,0.36515,0.36569,2.07728,2.04500,0.96774,0.95349,1.00000,0.82845
185,0.1016,18284544,54939,0.01289,1.04e-04,0.2806,105.6498,0.00000,0.00000,0.00000,10.00000,1216.00332,0.00000,0.80138,0.00000,0.00000,0.82961,0.00000,0.00000,0.00000,0.00000,0.00000,0.30478,2.10732,2.31634,0.97345,0.96512,1.00000,0.00000,0.13042,2.75747,2.13679,0.95575,0.93506,1.00000,881.30119,-0.02675,-0.08762,0.28591,-0.01957,0.47855,0.82926,-0.06782,0.24863,-0.01047,-0.02456,0.21776,0.36339,0.36521,2.23276,2.51250,0.96460,0.95092,1.00000,0.82605
186,0.1021,18382848,54665,0.02075,7.70e-05,0.2807,122.9051,0.00000,0.00000,0.00000,10.00000,1234.58306,0.00000,0.76511,0.00000,0.00000,0.83040,0.00000,0.00000,0.00000,0.00000,0.00000,0.30453,2.09232,2.02988,0.98246,0.97403,1.00000,0.00000,0.13025,2.74812,2.17753,0.94737,0.92500,1.00000,886.56104,-0.02674,-0.08806,0.28477,-0.02026,0.48024,0.83005,-0.06744,0.24998,-0.01084,-0.02484,0.21560,0.36157,0.36589,2.10280,2.13428,0.96491,0.94904,1.00000,0.82944
187,0.1026,18481152,54121,0.01177,1.00e-04,0.2809,123.7034,0.00000,0.00000,0.00000,10.00000,1187.82430,0.00000,0.80499,0.00000,0.00000,0.83205,0.00000,0.00000,0.00000,0.00000,0.00000,0.30603,2.08646,1.99867,0.97959,0.97059,1.00000,0.00000,0.12973,2.74865,1.83270,0.89796,0.87838,0.88889,877.26343,-0.02682,-0.08719,0.28528,-0.02036,0.48069,0.83166,-0.06704,0.24777,-0.01064,-0.02454,0.21502,0.36187,0.36586,1.91624,2.02000,0.93878,0.92254,0.94444,0.82930
188,0.1031,18579456,54508,0.01424,9.83e-05,0.2810,115.2346,0.00000,0.00000,0.00000,10.00000,1201.08775,0.00000,0.85297,0.00000,0.00000,0.82897,0.00000,0.00000,0.00000,0.00000,0.00000,0.30559,2.11013,2.05316,0.96970,0.96053,1.00000,0.00000,0.12943,2.77035,1.84805,0.91919,0.90789,0.75000,871.83089,-0.02658,-0.08663,0.28771,-0.02041,0.47921,0.82857,-0.06740,0.25084,-0.00952,-0.02427,0.21748,0.36541,0.36510,1.95338,3.06000,0.94444,0.93421,0.85714,0.82550
189,0.1037,18677760,53724,0.01311,1.12e-04,0.2811,129.2112,0.00000,0.00000,0.00000,10.00000,1231.40450,0.00000,0.74510,0.00000,0.00000,0.82884,0.00000,0.00000,0.00000,0.00000,0.00000,0.30540,2.10980,1.98956,1.00000,1.00000,1.00000,0.00000,0.13012,2.77425,2.20833,0.95294,0.92727,1.00000,885.03101,-0.02672,-0.08793,0.28786,-0.02039,0.47940,0.82848,-0.06736,0.25131,-0.01114,-0.02411,0.21756,0.36568,0.36546,2.09132,2.24667,0.97647,0.96491,1.00000,0.82730
190,0.1042,18776064,55732,0.01609,9.13e-05,0.2813,86.3598,0.00000,0.00000,0.00000,10.00000,1240.05369,0.00000,0.70331,0.00000,0.00000,0.83017,0.00000,0.00000,0.00000,0.00000,0.00000,0.30368,2.12866,2.25294,0.98936,0.98361,1.00000,0.00000,0.12858,2.80033,2.03428,0.94681,0.93103,0.88889,885.19865,-0.02640,-0.08801,0.28879,-0.02046,0.47997,0.82988,-0.06757,0.25761,-0.00972,-0.02403,0.21953,0.36693,0.36583,2.14778,2.33125,0.96809,0.95798,0.94118,0.82915
191,0.1047,18874368,55265,0.01428,8.39e-05,0.2814,99.5622,0.00000,0.00000,0.00000,10.00000,1224.80230,0.00000,0.73203,0.00000,0.00000,0.83575,0.00000,0.00000,0.00000,0.00000,0.00000,0.30365,2.13161,1.99815,0.96471,0.96610,0.88889,0.00000,0.12932,2.80333,1.96100,0.95294,0.94340,0.90909,875.24137,-0.02637,-0.08705,0.28945,-0.02045,0.48388,0.83543,-0.06745,0.25654,-0.00939,-0.02405,0.22019,0.36771,0.36709,1.98032,1.96444,0.95882,0.95536,0.90000,0.83546
192,0.1052,18972672,54370,0.01270,1.12e-04,0.2815,106.4538,0.00000,0.00000,0.00000,10.00000,1182.94141,0.00000,0.83878,0.00000,0.00000,0.83595,0.00000,0.00000,0.00000,0.00000,0.00000,0.30247,2.15810,2.01384,0.97059,0.96000,1.00000,0.00000,0.12831,2.82429,2.07428,0.92157,0.91139,0.80000,852.60588,-0.02620,-0.08484,0.29203,-0.01966,0.48424,0.83565,-0.06695,0.26209,-0.00887,-0.02414,0.22310,0.37056,0.36685,2.04387,2.40889,0.94608,0.93506,0.90000,0.83425
193,0.1057,19070976,55065,0.01403,1.42e-04,0.2816,99.1326,0.00000,0.00000,0.00000,10.00000,1181.54227,0.00000,0.73909,0.00000,0.00000,0.83891,0.00000,0.00000,0.00000,0.00000,0.00000,0.30336,2.14709,2.31181,0.96429,0.97222,0.85714,0.00000,0.12862,2.80694,2.35568,0.94643,0.92208,1.00000,843.10693,-0.02626,-0.08386,0.29176,-0.02038,0.48646,0.83861,-0.06661,0.25831,-0.00791,-0.02435,0.22194,0.36981,0.36721,2.33438,2.72667,0.95536,0.94631,0.93103,0.83605
194,0.1062,19169280,53842,0.01358,1.04e-04,0.2817,115.3952,0.00000,0.00000,0.00000,10.00000,1256.26605,0.00000,0.77658,0.00000,0.00000,0.83710,0.00000,0.00000,0.00000,0.00000,0.00000,0.30275,2.13333,1.94718,1.00000,1.00000,1.00000,0.00000,0.12665,2.80515,1.93821,0.95699,0.93443,1.00000,861.72396,-0.02642,-0.08566,0.29015,-0.01938,0.48458,0.83679,-0.06628,0.26176,-0.00986,-0.02423,0.22124,0.36745,0.36681,1.94303,2.07111,0.97849,0.96923,1.00000,0.83407
195,0.1067,19267584,53644,0.01190,1.10e-04,0.2818,136.1261,0.00000,0.00000,0.00000,10.00000,1218.54102,0.00000,0.77381,0.00000,0.00000,0.83518,0.00000,0.00000,0.00000,0.00000,0.00000,0.30203,2.11662,2.01820,0.97321,0.97590,0.87500,0.00000,0.12726,2.79558,1.89387,0.91964,0.90411,0.77778,869.94499,-0.02660,-0.08650,0.28747,-0.01943,0.48290,0.83485,-0.06695,0.26208,-0.00969,-0.02443,0.21987,0.36489,0.36629,1.96134,1.84267,0.94643,0.94231,0.82353,0.83145
196,0.1072,19365888,55353,0.01657,9.24e-05,0.2820,111.4348,0.00000,0.00000,0.00000,10.00000,1179.18432,0.00000,0.84860,0.00000,0.00000,0.83424,0.00000,0.00000,0.00000,0.00000,0.00000,0.30229,2.12382,1.93178,0.96703,0.95588,1.00000,0.00000,0.12808,2.81225,2.00028,0.92308,0.90141,1.00000,877.13045,-0.02629,-0.08721,0.28898,-0.01948,0.48263,0.83396,-0.06695,0.26268,-0.00979,-0.02417,0.22038,0.36679,0.36642,1.96579,2.29692,0.94505,0.92806,1.00000,0.83211
197,0.1077,19464192,54417,0.01480,7.77e-05,0.2821,97.9691,0.00000,0.00000,0.00000,10.00000,1257.52539,0.00000,0.75694,0.00000,0.00000,0.83470,0.00000,0.00000,0.00000,0.00000,0.00000,0.30174,2.13898,1.86344,1.00000,1.00000,1.00000,0.00000,0.12877,2.85334,2.04526,0.96250,0.98113,0.71429,859.67480,-0.02604,-0.08549,0.29224,-0.01970,0.48294,0.83441,-0.06773,0.26673,-0.00817,-0.02393,0.22337,0.37099,0.36648,1.94909,2.42615,0.98125,0.99083,0.86667,0.83241
198,0.1082,19562496,54261,0.01078,1.12e-04,0.2822,98.2125,0.00000,0.00000,0.00000,10.00000,1277.70076,0.00000,0.78165,0.00000,0.00000,0.83800,0.00000,0.00000,0.00000,0.00000,0.00000,0.30210,2.16195,1.82206,1.00000,1.00000,1.00000,0.00000,0.12639,2.88975,1.97403,0.95349,0.92857,1.00000,850.79224,-0.02571,-0.08461,0.29633,-0.01956,0.48626,0.83772,-0.06725,0.27272,-0.00997,-0.02368,0.22637,0.37499,0.36722,1.89136,1.76000,0.97674,0.96694,1.00000,0.83608
199,0.1087,19660800,55039,0.01356,1.21e-04,0.2823,107.8908,0.00000,0.00000,0.00000,10.00000,1280.96665,0.00000,0.71047,0.00000,0.00000,0.84445,0.00000,0.00000,0.00000,0.00000,0.00000,0.30273,2.15526,1.90827,1.00000,1.00000,1.00000,0.00000,0.12826,2.90576,2.27027,0.96154,0.93939,1.00000,870.78646,-0.02573,-0.08661,0.29688,-0.02087,0.49054,0.84412,-0.06698,0.27149,-0.00878,-0.02435,0.22672,0.37606,0.36909,2.08805,2.56778,0.98077,0.96992,1.00000,0.84544
200,0.1093,19759104,54070,0.01502,9.83e-05,0.2824,91.9789,0.00000,0.00000,0.00000,10.00000,1232.87867,0.00000,0.80000,0.00000,0.00000,0.84707,0.00000,0.00000,0.00000,0.00000,0.00000,0.30207,2.15841,2.01952,0.99000,1.00000,0.83333,0.00000,0.12775,2.91611,2.12469,0.93000,0.89231,1.00000,857.35376,-0.02577,-0.08529,0.29706,-0.02030,0.49243,0.84675,-0.06699,0.27492,-0.00883,-0.02421,0.22677,0.37668,0.36933,2.06500,2.06000,0.96000,0.95139,0.90909,0.84663
201,0.1098,19857408,54890,0.01180,1.34e-04,0.2826,107.0562,0.00000,0.00000,0.00000,10.00000,1219.91124,0.00000,0.78307,0.00000,0.00000,0.84502,0.00000,0.00000,0.00000,0.00000,0.00000,0.30223,2.14433,1.93741,0.98095,0.97403,1.00000,0.00000,0.12752,2.89154,1.95875,0.95238,0.94366,0.92308,849.99089,-0.02593,-0.08454,0.29533,-0.01988,0.49089,0.84467,-0.06626,0.27270,-0.00841,-0.02430,0.22511,0.37429,0.36901,1.94776,2.08818,0.96667,0.95946,0.95652,0.84507
202,0.1103,19955712,56510,0.01446,1.21e-04,0.2827,94.8314,0.00000,0.00000,0.00000,10.00000,1248.93974,0.00000,0.79758,0.00000,0.00000,0.84493,0.00000,0.00000,0.00000,0.00000,0.00000,0.30253,2.13747,1.73342,0.96040,0.94366,1.00000,0.00000,0.12789,2.86740,2.09139,0.97030,0.95946,1.00000,850.15690,-0.02590,-0.08450,0.29398,-0.02006,0.49087,0.84460,-0.06583,0.26929,-0.00990,-0.02447,0.22378,0.37246,0.36891,1.91947,2.31000,0.96535,0.95172,1.00000,0.84456
203,0.1108,20054016,54252,0.01619,1.04e-04,0.2829,104.8588,0.00000,0.00000,0.00000,10.00000,1197.92012,0.00000,0.83333,0.00000,0.00000,0.84177,0.00000,0.00000,0.00000,0.00000,0.00000,0.30263,2.13019,2.11452,1.00000,1.00000,1.00000,0.00000,0.12843,2.85164,2.17528,0.92857,0.92958,0.75000,848.32617,-0.02607,-0.08428,0.29236,-0.01998,0.48909,0.84146,-0.06572,0.26693,-0.01058,-0.02415,0.22295,0.37101,0.36805,2.14256,1.87571,0.96429,0.96599,0.87500,0.84025
204,0.1113,20152320,54639,0.01403,9.24e-05,0.2830,104.2314,0.00000,0.00000,0.00000,10.00000,1216.28711,0.00000,0.77222,0.00000,0.00000,0.83731,0.00000,0.00000,0.00000,0.00000,0.00000,0.30279,2.12642,1.84692,0.97000,0.97183,0.90000,0.00000,0.12748,2.84730,2.08901,0.94000,0.91176,1.00000,845.63110,-0.02615,-0.08406,0.29141,-0.02030,0.48619,0.83699,-0.06547,0.26732,-0.00854,-0.02448,0.22284,0.37035,0.36730,1.96228,2.48444,0.95500,0.94245,0.94737,0.83648
205,0.1118,20250624,55878,0.01496,7.76e-05,0.2831,132.3498,0.00000,0.00000,0.00000,10.00000,1250.55230,0.00000,0.77778,0.00000,0.00000,0.83384,0.00000,0.00000,0.00000,0.00000,0.00000,0.30182,2.12878,1.79127,0.97895,0.98485,0.85714,0.00000,0.12792,2.82377,2.04914,0.96842,0.97015,0.83333,860.56649,-0.02628,-0.08557,0.29091,-0.02007,0.48380,0.83352,-0.06639,0.26571,-0.00917,-0.02423,0.22159,0.36878,0.36685,1.91929,1.73636,0.97368,0.97744,0.84615,0.83425
206,0.1123,20348928,54221,0.01147,8.39e-05,0.2832,141.5372,0.00000,0.00000,0.00000,10.00000,1242.78067,0.00000,0.77362,0.00000,0.00000,0.83471,0.00000,0.00000,0.00000,0.00000,0.00000,0.30247,2.12631,2.02927,0.97196,0.96154,1.00000,0.00000,0.12779,2.80677,2.23547,0.98131,0.97183,1.00000,874.20581,-0.02633,-0.08692,0.28939,-0.01965,0.48416,0.83431,-0.06686,0.26158,-0.00941,-0.02460,0.22012,0.36698,0.36715,2.12777,3.05692,0.97664,0.96644,1.00000,0.83573
207,0.1128,20447232,54021,0.01310,1.10e-04,0.2834,132.2896,0.00000,0.00000,0.00000,10.00000,1278.16041,0.00000,0.77509,0.00000,0.00000,0.83544,0.00000,0.00000,0.00000,0.00000,0.00000,0.30282,2.11068,2.00589,0.99194,0.98901,1.00000,0.00000,0.12959,2.78331,1.88690,0.95968,0.95122,0.83333,880.11947,-0.02657,-0.08748,0.28767,-0.02024,0.48496,0.83508,-0.06639,0.25738,-0.00945,-0.02489,0.21811,0.36528,0.36712,1.95005,2.85400,0.97581,0.97110,0.90000,0.83558
208,0.1133,20545536,54676,0.01873,1.07e-04,0.2835,100.7090,0.00000,0.00000,0.00000,10.00000,1243.32198,0.00000,0.76155,0.00000,0.00000,0.83527,0.00000,0.00000,0.00000,0.00000,0.00000,0.30353,2.10237,1.91365,0.98876,0.98305,1.00000,0.00000,0.12979,2.77369,2.08781,0.94382,0.92063,1.00000,870.29370,-0.02667,-0.08655,0.28675,-0.02032,0.48432,0.83498,-0.06599,0.25414,-0.01110,-0.02442,0.21730,0.36449,0.36693,2.00142,2.60400,0.96629,0.95082,1.00000,0.83467
209,0.1138,20643840,55646,0.01561,8.22e-05,0.2835,117.2813,0.00000,0.00000,0.00000,10.00000,1245.74164,0.00000,0.79435,0.00000,0.00000,0.83272,0.00000,0.00000,0.00000,0.00000,0.00000,0.30324,2.11285,1.89123,0.95614,0.94318,1.00000,0.00000,0.12914,2.82558,2.16658,0.95614,0.93333,1.00000,863.40731,-0.02624,-0.08589,0.28944,-0.02039,0.48280,0.83240,-0.06592,0.26238,-0.00836,-0.02454,0.21987,0.36832,0.36630,2.01806,2.79111,0.95614,0.93865,1.00000,0.83150
210,0.1143,20742144,55803,0.01005,1.07e-04,0.2836,103.2044,0.00000,0.00000,0.00000,10.00000,1248.66871,0.00000,0.75075,0.00000,0.00000,0.83311,0.00000,0.00000,0.00000,0.00000,0.00000,0.30186,2.10852,1.96159,0.98649,0.98113,1.00000,0.00000,0.12755,2.82695,1.89428,0.97297,0.97872,0.90000,859.07764,-0.02635,-0.08544,0.28883,-0.01992,0.48293,0.83281,-0.06652,0.26591,-0.01040,-0.02409,0.22107,0.36719,0.36631,1.92991,2.02300,0.97973,0.98000,0.95000,0.83156
211,0.1148,20840448,55192,0.01060,1.61e-04,0.2837,93.6109,0.00000,0.00000,0.00000,10.00000,1245.42205,0.00000,0.81773,0.00000,0.00000,0.83208,0.00000,0.00000,0.00000,0.00000,0.00000,0.30153,2.11993,1.74712,0.98876,0.98507,1.00000,0.00000,0.12610,2.84230,2.15765,0.95506,0.93750,1.00000,870.39640,-0.02629,-0.08652,0.28949,-0.01977,0.48243,0.83181,-0.06726,0.26971,-0.01063,-0.02406,0.22218,0.36821,0.36599,1.94511,1.77286,0.97191,0.96183,1.00000,0.82995
212,0.1154,20938752,52355,0.01301,1.61e-04,0.2838,100.3801,0.00000,0.00000,0.00000,10.00000,1258.59807,0.00000,0.75163,0.00000,0.00000,0.83517,0.00000,0.00000,0.00000,0.00000,0.00000,0.30202,2.11730,1.72000,0.98824,0.98214,1.00000,0.00000,0.12667,2.87144,2.05823,0.97647,0.96610,1.00000,877.78564,-0.02620,-0.08732,0.29151,-0.02028,0.48393,0.83490,-0.06792,0.27152,-0.00897,-0.02392,0.22194,0.36984,0.36683,1.89557,1.70421,0.98235,0.97391,1.00000,0.83415
213,0.1159,21037056,54484,0.01476,1.31e-04,0.2839,102.0336,0.00000,0.00000,0.00000,10.00000,1228.98379,0.00000,0.86189,0.00000,0.00000,0.84050,0.00000,0.00000,0.00000,0.00000,0.00000,0.30237,2.13541,1.94368,0.98131,0.97647,1.00000,0.00000,0.12647,2.88994,2.06420,0.96262,0.95062,1.00000,878.21338,-0.02583,-0.08732,0.29449,-0.02035,0.48758,0.84017,-0.06710,0.27288,-0.00918,-0.02461,0.22364,0.37319,0.36791,2.00178,1.72250,0.97196,0.96386,1.00000,0.83955
214,0.1164,21135360,54883,0.01431,9.32e-05,0.2840,99.9791,0.00000,0.00000,0.00000,10.00000,1243.45522,0.00000,0.70933,0.00000,0.00000,0.84493,0.00000,0.00000,0.00000,0.00000,0.00000,0.30300,2.14201,2.06602,0.99107,1.00000,0.94737,0.00000,0.12859,2.88467,2.04270,0.93750,0.94118,0.75000,845.69922,-0.02584,-0.08413,0.29534,-0.02080,0.49133,0.84460,-0.06608,0.26914,-0.00798,-0.02470,0.22360,0.37472,0.36861,2.05569,1.70357,0.96429,0.97203,0.87097,0.84307
215,0.1169,21233664,53627,0.01223,1.01e-04,0.2842,114.6377,0.00000,0.00000,0.00000,10.00000,1286.70916,0.00000,0.77008,0.00000,0.00000,0.84247,0.00000,0.00000,0.00000,0.00000,0.00000,0.30261,2.14625,1.92481,0.97030,0.95946,1.00000,0.00000,0.12871,2.89630,2.15159,0.99010,0.98485,1.00000,831.04549,-0.02570,-0.08259,0.29646,-0.02035,0.49024,0.84212,-0.06502,0.27116,-0.00917,-0.02440,0.22537,0.37605,0.36801,2.03054,1.95818,0.98020,0.97143,1.00000,0.84003
216,0.1174,21331968,54372,0.01238,1.25e-04,0.2843,118.6144,0.00000,0.00000,0.00000,10.00000,1224.30701,0.00000,0.81958,0.00000,0.00000,0.84095,0.00000,0.00000,0.00000,0.00000,0.00000,0.30195,2.13000,2.02289,0.98020,0.97260,1.00000,0.00000,0.12756,2.85981,2.05870,0.97030,0.96053,1.00000,846.95687,-0.02600,-0.08422,0.29270,-0.01931,0.48796,0.84058,-0.06573,0.27035,-0.00926,-0.02451,0.22345,0.37072,0.36772,2.04091,2.31778,0.97525,0.96644,1.00000,0.83862
217,0.1179,21430272,53640,0.01680,6.82e-05,0.2844,111.4686,0.00000,0.00000,0.00000,10.00000,1225.10825,0.00000,0.80864,0.00000,0.00000,0.83988,0.00000,0.00000,0.00000,0.00000,0.00000,0.30201,2.13711,1.83395,0.97778,0.97143,1.00000,0.00000,0.12863,2.86469,2.05969,0.93333,0.93443,0.75000,851.84269,-0.02594,-0.08468,0.29340,-0.02037,0.48806,0.83954,-0.06679,0.26923,-0.00957,-0.02441,0.22341,0.37201,0.36773,1.93714,2.73384,0.95556,0.95420,0.86667,0.83863
218,0.1184,21528576,53416,0.01081,9.32e-05,0.2845,111.5907,0.00000,0.00000,0.00000,10.00000,1285.05411,0.00000,0.76818,0.00000,0.00000,0.84028,0.00000,0.00000,0.00000,0.00000,0.00000,0.30152,2.16755,1.80554,0.98765,0.98276,1.00000,0.00000,0.12968,2.89639,1.98610,1.00000,1.00000,1.00000,847.67839,-0.02564,-0.08433,0.29788,-0.02057,0.48815,0.83996,-0.06606,0.27209,-0.00947,-0.02409,0.22619,0.37781,0.36748,1.89145,1.80667,0.99383,0.99107,1.00000,0.83740
219,0.1190,21626880,53583,0.01339,9.13e-05,0.2846,100.8671,0.00000,0.00000,0.00000,10.00000,1320.64772,0.00000,0.74713,0.00000,0.00000,0.84323,0.00000,0.00000,0.00000,0.00000,0.00000,0.30020,2.18111,2.01657,0.98851,0.98485,1.00000,0.00000,0.12996,2.91764,1.78037,0.97701,0.96078,1.00000,833.11182,-0.02553,-0.08284,0.29906,-0.02028,0.48984,0.84296,-0.06669,0.27626,-0.00871,-0.02401,0.22789,0.37908,0.36831,1.91371,1.76667,0.98276,0.97436,1.00000,0.84156
220,0.1195,21725184,52903,0.01484,8.19e-05,0.2847,84.4323,0.00000,0.00000,0.00000,10.00000,1211.73584,0.00000,0.83058,0.00000,0.00000,0.84413,0.00000,0.00000,0.00000,0.00000,0.00000,0.30126,2.18032,2.03558,0.98020,0.97333,1.00000,0.00000,0.12664,2.89342,2.09308,0.95050,0.94737,0.85714,832.52205,-0.02564,-0.08285,0.29793,-0.02060,0.49096,0.84380,-0.06662,0.27502,-0.00729,-0.02432,0.22722,0.37716,0.36831,2.06452,1.96600,0.96535,0.96026,0.90909,0.84154
221,0.1200,21823488,54571,0.01381,6.47e-05,0.2849,115.2333,0.00000,0.00000,0.00000,10.00000,1250.52639,0.00000,0.79365,0.00000,0.00000,0.84483,0.00000,0.00000,0.00000,0.00000,0.00000,0.29939,2.18580,1.85875,0.97959,0.97222,1.00000,0.00000,0.12783,2.88918,1.91805,0.95918,0.94118,1.00000,849.74658,-0.02567,-0.08446,0.29820,-0.02015,0.49124,0.84453,-0.06646,0.27585,-0.00923,-0.02433,0.22743,0.37680,0.36830,1.88684,1.59500,0.96939,0.95714,1.00000,0.84151
222,0.1205,21921792,54390,0.01322,6.96e-05,0.2850,102.4816,0.00000,0.00000,0.00000,10.00000,1196.19280,0.00000,0.79511,0.00000,0.00000,0.84592,0.00000,0.00000,0.00000,0.00000,0.00000,0.29917,2.17050,2.04506,0.99083,1.00000,0.91667,0.00000,0.12914,2.88218,2.12184,0.93578,0.92500,0.91667,849.21012,-0.02571,-0.08445,0.29698,-0.02010,0.49184,0.84558,-0.06633,0.27517,-0.00920,-0.02452,0.22617,0.37552,0.36876,2.08345,1.97818,0.96330,0.96154,0.91667,0.84378
223,0.1210,22020096,53587,0.01170,1.00e-04,0.2852,109.7977,0.00000,0.00000,0.00000,10.00000,1249.63615,0.00000,0.80906,0.00000,0.00000,0.84437,0.00000,0.00000,0.00000,0.00000,0.00000,0.30078,2.15946,1.75275,0.99029,0.98630,1.00000,0.00000,0.12931,2.88036,1.95111,0.96117,0.94805,1.00000,840.93831,-0.02569,-0.08365,0.29606,-0.02064,0.49236,0.84404,-0.06545,0.27206,-0.00897,-0.02441,0.22562,0.37545,0.36850,1.85255,1.99875,0.97573,0.96667,1.00000,0.84250
224,0.1215,22118400,53764,0.01354,1.12e-04,0.2853,97.2328,0.00000,0.00000,0.00000,10.00000,1229.66095,0.00000,0.81066,0.00000,0.00000,0.84222,0.00000,0.00000,0.00000,0.00000,0.00000,0.30058,2.14987,1.81696,1.00000,1.00000,1.00000,0.00000,0.12729,2.87659,1.96526,0.94898,0.92958,1.00000,829.12891,-0.02584,-0.08248,0.29487,-0.02033,0.49062,0.84192,-0.06538,0.27497,-0.00793,-0.02437,0.22484,0.37367,0.36805,1.88968,1.74133,0.97449,0.96503,1.00000,0.84023
225,0.1221,22216704,54246,0.01333,1.21e-04,0.2854,112.6594,0.00000,0.00000,0.00000,10.00000,1278.64260,0.00000,0.71829,0.00000,0.00000,0.83722,0.00000,0.00000,0.00000,0.00000,0.00000,0.29981,2.14462,1.78972,1.00000,1.00000,1.00000,0.00000,0.12607,2.88424,1.86431,0.93939,0.90476,1.00000,841.43799,-0.02577,-0.08368,0.29467,-0.01928,0.48742,0.83685,-0.06533,0.27885,-0.00943,-0.02440,0.22520,0.37259,0.36727,1.82511,1.66667,0.96970,0.95312,1.00000,0.83634
226,0.1226,22315008,53925,0.01286,1.45e-04,0.2856,104.2110,0.00000,0.00000,0.00000,10.00000,1226.35840,0.00000,0.74074,0.00000,0.00000,0.83767,0.00000,0.00000,0.00000,0.00000,0.00000,0.30019,2.14996,1.97944,0.95833,0.94118,1.00000,0.00000,0.12580,2.87957,2.15400,0.92708,0.90000,0.85714,841.61743,-0.02580,-0.08374,0.29388,-0.01883,0.48743,0.83734,-0.06636,0.27808,-0.00914,-0.02412,0.22533,0.37203,0.36748,2.05939,1.50923,0.94271,0.92188,0.92857,0.83741
227,0.1231,22413312,53700,0.01476,1.10e-04,0.2857,109.2057,0.00000,0.00000,0.00000,10.00000,1241.30985,0.00000,0.77568,0.00000,0.00000,0.83949,0.00000,0.00000,0.00000,0.00000,0.00000,0.30123,2.14178,1.87882,0.98113,0.97368,1.00000,0.00000,0.12608,2.85299,1.98769,0.94340,0.93056,0.90909,864.77091,-0.02611,-0.08600,0.29187,-0.01929,0.48825,0.83921,-0.06624,0.27291,-0.00831,-0.02458,0.22320,0.37029,0.36808,1.93092,1.89619,0.96226,0.95270,0.95455,0.84041
228,0.1236,22511616,54526,0.01556,9.66e-05,0.2859,126.8777,0.00000,0.00000,0.00000,10.00000,1261.57776,0.00000,0.80927,0.00000,0.00000,0.84192,0.00000,0.00000,0.00000,0.00000,0.00000,0.30238,2.12610,1.83257,0.96850,0.95876,1.00000,0.00000,0.12872,2.83219,1.81588,0.97638,0.96591,1.00000,867.21606,-0.02603,-0.08623,0.29083,-0.02070,0.48999,0.84156,-0.06585,0.26688,-0.00951,-0.02513,0.22098,0.36908,0.36866,1.82455,2.12909,0.97244,0.96216,1.00000,0.84329
229,0.1241,22609920,52951,0.01222,1.25e-04,0.2860,113.5956,0.00000,0.00000,0.00000,10.00000,1253.09529,0.00000,0.78165,0.00000,0.00000,0.84088,0.00000,0.00000,0.00000,0.00000,0.00000,0.30292,2.13481,1.98831,0.94186,0.93846,0.80000,0.00000,0.12857,2.83755,1.99533,0.97674,0.96429,1.00000,855.35270,-0.02593,-0.08506,0.29191,-0.02036,0.48884,0.84055,-0.06578,0.26558,-0.00855,-0.02457,0.22125,0.37024,0.36814,1.99168,1.86667,0.95930,0.95041,0.90000,0.84070
230,0.1246,22708224,54317,0.01188,1.16e-04,0.2861,114.8701,0.00000,0.00000,0.00000,10.00000,1225.99053,0.00000,0.90278,0.00000,0.00000,0.83751,0.00000,0.00000,0.00000,0.00000,0.00000,0.30141,2.13765,1.92818,0.96154,0.96591,0.75000,0.00000,0.12886,2.84438,1.89291,0.96154,0.95062,1.00000,869.91032,-0.02593,-0.08646,0.29207,-0.02013,0.48653,0.83720,-0.06608,0.26932,-0.01080,-0.02491,0.22244,0.37067,0.36756,1.91150,1.96500,0.96154,0.95858,0.80000,0.83782
231,0.1251,22806528,55595,0.01409,1.39e-04,0.2862,104.5735,0.00000,0.00000,0.00000,10.00000,1227.73858,0.00000,0.74074,0.00000,0.00000,0.83946,0.00000,0.00000,0.00000,0.00000,0.00000,0.30164,2.16130,1.98433,0.96154,0.94231,1.00000,0.00000,0.12707,2.87212,1.84889,0.97436,0.98077,0.92308,867.69596,-0.02574,-0.08622,0.29465,-0.01940,0.48719,0.83910,-0.06651,0.27281,-0.00995,-0.02425,0.22496,0.37384,0.36786,1.91496,1.86174,0.96795,0.96154,0.95833,0.83932
232,0.1256,22904832,53842,0.01370,1.25e-04,0.2863,97.3603,0.00000,0.00000,0.00000,10.00000,1261.99799,0.00000,0.77008,0.00000,0.00000,0.84340,0.00000,0.00000,0.00000,0.00000,0.00000,0.30223,2.17635,1.72372,0.99010,0.98701,1.00000,0.00000,0.12664,2.90402,1.86294,0.95050,0.95238,0.77778,871.63257,-0.02539,-0.08673,0.29786,-0.02011,0.49151,0.84310,-0.06614,0.27574,-0.00906,-0.02459,0.22716,0.37758,0.36932,1.78519,1.59059,0.97030,0.97143,0.89474,0.84659
233,0.1261,23003136,55454,0.01415,1.21e-04,0.2865,115.7147,0.00000,0.00000,0.00000,10.00000,1254.81771,0.00000,0.70106,0.00000,0.00000,0.84910,0.00000,0.00000,0.00000,0.00000,0.00000,0.30302,2.19395,1.96333,1.00000,1.00000,1.00000,0.00000,0.12726,2.91934,2.16590,0.97619,1.00000,0.81818,864.71924,-0.02535,-0.08597,0.29996,-0.02016,0.49500,0.84874,-0.06612,0.27481,-0.00943,-0.02431,0.22853,0.38099,0.36981,2.06063,2.03524,0.98810,1.00000,0.91304,0.84905
234,0.1266,23101440,56835,0.01519,1.12e-04,0.2866,103.6284,0.00000,0.00000,0.00000,10.00000,1247.96063,0.00000,0.77670,0.00000,0.00000,0.85005,0.00000,0.00000,0.00000,0.00000,0.00000,0.30189,2.20412,2.14024,1.00000,1.00000,1.00000,0.00000,0.12750,2.93324,1.74613,0.95146,0.94286,0.88889,848.38241,-0.02522,-0.08437,0.30134,-0.02074,0.49634,0.84973,-0.06566,0.27770,-0.00749,-0.02461,0.22996,0.38251,0.37006,1.95197,2.60500,0.97573,0.97222,0.94118,0.85030
235,0.1271,23199744,55226,0.01249,1.20e-04,0.2868,115.6018,0.00000,0.00000,0.00000,10.00000,1300.82470,0.00000,0.67196,0.00000,0.00000,0.85365,0.00000,0.00000,0.00000,0.00000,0.00000,0.30155,2.19270,1.73083,0.99048,0.98387,1.00000,0.00000,0.12756,2.93374,2.21514,0.98095,0.98462,0.85714,832.21956,-0.02537,-0.08280,0.30131,-0.02054,0.49872,0.85330,-0.06488,0.27910,-0.00785,-0.02497,0.22898,0.38193,0.37073,1.96958,1.91059,0.98571,0.98425,0.94444,0.85363
236,0.1276,23298048,54598,0.01475,1.01e-04,0.2870,116.0439,0.00000,0.00000,0.00000,10.00000,1251.76452,0.00000,0.76205,0.00000,0.00000,0.85093,0.00000,0.00000,0.00000,0.00000,0.00000,0.30156,2.18140,1.98099,1.00000,1.00000,1.00000,0.00000,0.12719,2.94207,1.94780,0.94690,0.92593,1.00000,835.01449,-0.02533,-0.08303,0.30081,-0.02048,0.49644,0.85055,-0.06489,0.28126,-0.00817,-0.02486,0.22934,0.38119,0.37008,1.96429,1.74769,0.97345,0.96129,1.00000,0.85040
237,0.1282,23396352,54498,0.01399,1.10e-04,0.2871,115.7138,0.00000,0.00000,0.00000,10.00000,1277.93784,0.00000,0.78502,0.00000,0.00000,0.84674,0.00000,0.00000,0.00000,0.00000,0.00000,0.30232,2.16434,1.74274,0.98913,0.98529,1.00000,0.00000,0.12717,2.90693,1.83303,0.98913,0.98387,1.00000,823.78581,-0.02556,-0.08196,0.29757,-0.01981,0.49319,0.84638,-0.06571,0.27637,-0.00699,-0.02444,0.22719,0.37751,0.36913,1.78561,1.99273,0.98913,0.98462,1.00000,0.84564
238,0.1287,23494656,53806,0.01494,1.00e-04,0.2873,99.6470,0.00000,0.00000,0.00000,10.00000,1284.58407,0.00000,0.78914,0.00000,0.00000,0.84218,0.00000,0.00000,0.00000,0.00000,0.00000,0.30136,2.16103,1.93612,0.97727,0.98438,0.80000,0.00000,0.12746,2.88705,1.90750,1.00000,1.00000,1.00000,841.37467,-0.02566,-0.08366,0.29553,-0.01943,0.49003,0.84191,-0.06570,0.27578,-0.00881,-0.02416,0.22668,0.37466,0.36868,1.92214,2.64857,0.98864,0.99200,0.87500,0.84341
239,0.1292,23592960,54104,0.01732,1.04e-04,0.2874,94.0463,0.00000,0.00000,0.00000,10.00000,1254.60619,0.00000,0.80933,0.00000,0.00000,0.84259,0.00000,0.00000,0.00000,0.00000,0.00000,0.30205,2.18074,1.90242,0.98765,0.98413,1.00000,0.00000,0.12715,2.90169,2.19052,0.97531,0.98182,0.75000,845.45483,-0.02550,-0.08411,0.29799,-0.02073,0.49011,0.84232,-0.06566,0.27530,-0.00920,-0.02438,0.22763,0.37828,0.36842,2.03593,2.53143,0.98148,0.98305,0.87500,0.84211
240,0.1297,23691264,54533,0.01168,1.16e-04,0.2875,87.7975,0.00000,0.00000,0.00000,10.00000,1258.17800,0.00000,0.76174,0.00000,0.00000,0.84436,0.00000,0.00000,0.00000,0.00000,0.00000,0.30108,2.19668,1.82877,1.00000,1.00000,1.00000,0.00000,0.12698,2.92763,1.88757,0.94845,0.92857,1.00000,830.08301,-0.02536,-0.08261,0.30024,-0.01997,0.49096,0.84408,-0.06610,0.28006,-0.00746,-0.02428,0.22962,0.38089,0.36863,1.85837,1.85889,0.97423,0.96241,1.00000,0.84317
241,0.1302,23789568,54071,0.01549,9.32e-05,0.2876,92.4315,0.00000,0.00000,0.00000,10.00000,1240.34619,0.00000,0.83632,0.00000,0.00000,0.84754,0.00000,0.00000,0.00000,0.00000,0.00000,0.30123,2.19177,2.11108,0.98925,0.98611,1.00000,0.00000,0.12550,2.91008,2.12788,0.95699,0.94118,1.00000,837.70166,-0.02551,-0.08333,0.29911,-0.02002,0.49331,0.84723,-0.06641,0.28000,-0.00848,-0.02430,0.22852,0.37906,0.36950,2.11900,1.98000,0.97312,0.96429,1.00000,0.84748
242,0.1307,23887872,55465,0.01224,1.21e-04,0.2878,97.3620,0.00000,0.00000,0.00000,10.00000,1268.00759,0.00000,0.73545,0.00000,0.00000,0.84726,0.00000,0.00000,0.00000,0.00000,0.00000,0.30181,2.19816,1.93704,0.98095,1.00000,0.77778,0.00000,0.12512,2.90838,2.00000,0.96190,0.93846,1.00000,833.31535,-0.02539,-0.08288,0.29997,-0.01999,0.49345,0.84692,-0.06618,0.27830,-0.00884,-0.02448,0.22883,0.37992,0.36906,1.96688,2.22111,0.97143,0.97122,0.90000,0.84532
243,0.1312,23986176,54362,0.01467,1.04e-04,0.2879,117.7012,0.00000,0.00000,0.00000,10.00000,1279.39430,0.00000,0.77222,0.00000,0.00000,0.84721,0.00000,0.00000,0.00000,0.00000,0.00000,0.30220,2.19317,1.74518,0.98000,0.97436,1.00000,0.00000,0.12514,2.88857,1.87735,0.99000,0.98361,1.00000,822.87695,-0.02546,-0.08187,0.29895,-0.02038,0.49362,0.84688,-0.06569,0.27591,-0.00800,-0.02452,0.22773,0.37882,0.36889,1.80392,1.87000,0.98500,0.97842,1.00000,0.84445
244,0.1317,24084480,54134,0.01302,1.00e-04,0.2880,106.0541,0.00000,0.00000,0.00000,10.00000,1246.36147,0.00000,0.81349,0.00000,0.00000,0.84392,0.00000,0.00000,0.00000,0.00000,0.00000,0.30186,2.19451,1.98337,0.98214,0.97619,1.00000,0.00000,0.12656,2.87317,1.98094,0.96429,0.96250,0.87500,818.38851,-0.02559,-0.08138,0.29834,-0.02020,0.49210,0.84361,-0.06558,0.27253,-0.00794,-0.02456,0.22755,0.37823,0.36837,1.98218,2.37286,0.97321,0.96951,0.92857,0.84185
245,0.1322,24182784,55037,0.01465,8.39e-05,0.2881,93.9167,0.00000,0.00000,0.00000,10.00000,1291.25781,0.00000,0.72464,0.00000,0.00000,0.84043,0.00000,0.00000,0.00000,0.00000,0.00000,0.30003,2.18316,1.99735,1.00000,1.00000,1.00000,0.00000,0.12610,2.84663,1.93652,0.98913,0.98333,1.00000,816.09367,-0.02573,-0.08121,0.29511,-0.01971,0.48934,0.84015,-0.06584,0.27269,-0.00669,-0.02413,0.22643,0.37407,0.36792,1.96671,1.76778,0.99457,0.99167,1.00000,0.83961
246,0.1327,24281088,54183,0.01391,9.31e-05,0.2883,105.6151,0.00000,0.00000,0.00000,10.00000,1273.85272,0.00000,0.73707,0.00000,0.00000,0.83805,0.00000,0.00000,0.00000,0.00000,0.00000,0.29859,2.17874,1.84282,0.98020,0.97143,1.00000,0.00000,0.12649,2.83047,2.03382,0.95050,0.93750,0.88889,818.10067,-0.02580,-0.08138,0.29326,-0.01940,0.48732,0.83779,-0.06593,0.27359,-0.00876,-0.02431,0.22551,0.37189,0.36737,1.93178,2.30117,0.96535,0.95522,0.94444,0.83683
247,0.1333,24379392,54431,0.01284,9.32e-05,0.2884,104.2795,0.00000,0.00000,0.00000,10.00000,1231.39283,0.00000,0.82492,0.00000,0.00000,0.83693,0.00000,0.00000,0.00000,0.00000,0.00000,0.29861,2.17340,1.85229,0.97980,0.97368,1.00000,0.00000,0.12675,2.83008,1.96351,0.94949,0.92958,1.00000,834.25529,-0.02586,-0.08304,0.29332,-0.01980,0.48640,0.83664,-0.06593,0.27423,-0.00791,-0.02427,0.22453,0.37172,0.36695,1.90471,1.87250,0.96465,0.95238,1.00000,0.83477
248,0.1338,24477696,54066,0.01600,7.60e-05,0.2885,102.0077,0.00000,0.00000,0.00000,10.00000,1271.60417,0.00000,0.77077,0.00000,0.00000,0.83496,0.00000,0.00000,0.00000,0.00000,0.00000,0.29872,2.15056,1.85294,0.99099,0.98734,1.00000,0.00000,0.12776,2.81181,1.96366,0.96396,0.96000,0.88889,848.35376,-0.02596,-0.08440,0.29016,-0.01904,0.48508,0.83466,-0.06584,0.27072,-0.00750,-0.02464,0.22271,0.36783,0.36698,1.90730,1.94267,0.97748,0.97403,0.93750,0.83490
249,0.1343,24576000,52663,0.01102,1.16e-04,0.2887,99.4004,0.00000,0.00000,0.00000,10.00000,1274.78112,0.00000,0.77107,0.00000,0.00000,0.83543,0.00000,0.00000,0.00000,0.00000,0.00000,0.29970,2.12208,1.88308,0.98276,0.97590,1.00000,0.00000,0.12932,2.78303,2.05181,0.97414,0.96154,1.00000,845.46257,-0.02617,-0.08405,0.28779,-0.01955,0.48507,0.83510,-0.06551,0.26491,-0.00985,-0.02489,0.21936,0.36505,0.36670,1.96356,2.07000,0.97845,0.96894,1.00000,0.83350
250,0.1348,24674304,54358,0.01633,8.70e-05,0.2888,116.3129,0.00000,0.00000,0.00000,10.00000,1252.83366,0.00000,0.76155,0.00000,0.00000,0.83154,0.00000,0.00000,0.00000,0.00000,0.00000,0.30045,2.12498,1.93636,0.97753,0.96825,1.00000,0.00000,0.12836,2.78949,1.99419,0.95506,0.93220,1.00000,865.09733,-0.02622,-0.08600,0.28938,-0.02039,0.48255,0.83124,-0.06563,0.26496,-0.00980,-0.02461,0.21924,0.36648,0.36552,1.96437,2.06400,0.96629,0.95082,1.00000,0.82761
251,0.1354,24772608,54021,0.01263,1.18e-04,0.2889,105.1687,0.00000,0.00000,0.00000,10.00000,1266.30623,0.00000,0.79758,0.00000,0.00000,0.83259,0.00000,0.00000,0.00000,0.00000,0.00000,0.29904,2.12087,1.95917,1.00000,1.00000,1.00000,0.00000,0.12816,2.79836,2.04108,0.95050,0.93421,1.00000,860.63135,-0.02609,-0.08558,0.28768,-0.02001,0.48254,0.83226,-0.06615,0.26808,-0.00916,-0.02488,0.21902,0.36486,0.36585,2.00068,2.35600,0.97525,0.96552,1.00000,0.82927
252,0.1359,24870912,53014,0.01502,9.13e-05,0.2891,106.1458,0.00000,0.00000,0.00000,10.00000,1297.02625,0.00000,0.64444,0.00000,0.00000,0.83304,0.00000,0.00000,0.00000,0.00000,0.00000,0.29817,2.13777,1.77054,0.97333,0.95455,1.00000,0.00000,0.12796,2.84538,1.88840,0.97333,0.97674,0.88889,868.72046,-0.02598,-0.08636,0.29155,-0.02080,0.48255,0.83275,-0.06665,0.27567,-0.00974,-0.02436,0.22192,0.36954,0.36610,1.82667,1.68571,0.97333,0.96552,0.95455,0.83050
253,0.1364,24969216,53716,0.01366,1.01e-04,0.2892,103.6317,0.00000,0.00000,0.00000,10.00000,1261.99375,0.00000,0.76190,0.00000,0.00000,0.83562,0.00000,0.00000,0.00000,0.00000,0.00000,0.29880,2.14233,1.77471,1.00000,1.00000,1.00000,0.00000,0.12657,2.87065,2.01886,0.95238,0.94030,0.87500,868.62126,-0.02580,-0.08638,0.29274,-0.01989,0.48435,0.83531,-0.06743,0.27992,-0.01014,-0.02472,0.22286,0.37114,0.36708,1.88357,2.16000,0.97619,0.97222,0.94444,0.83539
254,0.1369,25067520,54234,0.01318,1.21e-04,0.2893,117.5346,0.00000,0.00000,0.00000,10.00000,1286.43707,0.00000,0.72039,0.00000,0.00000,0.84227,0.00000,0.00000,0.00000,0.00000,0.00000,0.30042,2.15475,1.89273,0.98901,1.00000,0.83333,0.00000,0.12665,2.89196,2.05483,0.96703,0.94737,1.00000,881.43604,-0.02563,-0.08765,0.29488,-0.02045,0.48905,0.84195,-0.06744,0.27872,-0.00930,-0.02469,0.22393,0.37404,0.36858,1.96855,1.58222,0.97802,0.97458,0.90000,0.84290
255,0.1374,25165824,53062,0.01927,8.35e-05,0.2894,111.2176,0.00000,0.00000,0.00000,10.00000,1276.41922,0.00000,0.77778,0.00000,0.00000,0.84632,0.00000,0.00000,0.00000,0.00000,0.00000,0.30072,2.16702,1.88684,0.98000,0.97183,1.00000,0.00000,0.12742,2.89987,1.83055,0.95000,0.92754,1.00000,874.71859,-0.02554,-0.08694,0.29609,-0.02084,0.49157,0.84596,-0.06706,0.27808,-0.01019,-0.02508,0.22466,0.37624,0.36938,1.85946,2.00571,0.96500,0.95000,1.00000,0.84688
256,0.1379,25264128,54689,0.01387,7.77e-05,0.2896,113.6031,0.00000,0.00000,0.00000,10.00000,1282.07979,0.00000,0.71737,0.00000,0.00000,0.84485,0.00000,0.00000,0.00000,0.00000,0.00000,0.30089,2.16124,1.74458,0.99029,0.98630,1.00000,0.00000,0.12525,2.88101,1.91778,0.96117,0.95000,0.92857,866.89535,-0.02570,-0.08624,0.29495,-0.02030,0.49157,0.84450,-0.06619,0.27834,-0.00917,-0.02490,0.22410,0.37470,0.36914,1.82503,1.80417,0.97573,0.96992,0.96000,0.84568
257,0.1384,25362432,54479,0.01503,6.71e-05,0.2897,104.4907,0.00000,0.00000,0.00000,10.00000,1257.43184,0.00000,0.74234,0.00000,0.00000,0.84341,0.00000,0.00000,0.00000,0.00000,0.00000,0.30000,2.16315,1.83023,0.98276,0.98734,0.90000,0.00000,0.12612,2.87400,2.13373,0.97414,0.96053,1.00000,836.30330,-0.02579,-0.08321,0.29467,-0.02050,0.49038,0.84303,-0.06615,0.27761,-0.00784,-0.02506,0.22443,0.37376,0.36884,1.97754,1.65000,0.97845,0.97419,0.95000,0.84422
258,0.1390,25460736,54387,0.01160,8.59e-05,0.2898,115.2515,0.00000,0.00000,0.00000,10.00000,1259.13110,0.00000,0.89744,0.00000,0.00000,0.84113,0.00000,0.00000,0.00000,0.00000,0.00000,0.30081,2.14585,1.69385,0.98901,0.98701,1.00000,0.00000,0.12672,2.87039,1.96294,0.95604,0.94286,1.00000,840.41935,-0.02600,-0.08353,0.29424,-0.02045,0.48900,0.84077,-0.06581,0.27589,-0.00869,-0.02457,0.22361,0.37256,0.36822,1.81918,1.42000,0.97253,0.96599,1.00000,0.84109
259,0.1395,25559040,55132,0.01346,1.09e-04,0.2899,118.1038,0.00000,0.00000,0.00000,10.00000,1219.11954,0.00000,0.82329,0.00000,0.00000,0.83646,0.00000,0.00000,0.00000,0.00000,0.00000,0.30054,2.14381,1.78377,1.00000,1.00000,1.00000,0.00000,0.12523,2.86595,2.07681,0.95181,0.93548,1.00000,864.46273,-0.02594,-0.08593,0.29336,-0.01955,0.48555,0.83612,-0.06619,0.27703,-0.00925,-0.02460,0.22332,0.37154,0.36756,1.93029,2.19444,0.97590,0.96748,1.00000,0.83780
260,0.1400,25657344,55398,0.01414,9.13e-05,0.2901,101.6901,0.00000,0.00000,0.00000,10.00000,1241.48878,0.00000,0.84046,0.00000,0.00000,0.83833,0.00000,0.00000,0.00000,0.00000,0.00000,0.30103,2.17065,1.76746,0.93590,0.91803,1.00000,0.00000,0.12622,2.89605,2.04407,0.98718,0.98246,1.00000,858.02637,-0.02552,-0.08536,0.29648,-0.02067,0.48760,0.83807,-0.06669,0.27771,-0.00736,-0.02447,0.22602,0.37572,0.36810,1.90576,1.44667,0.96154,0.94915,1.00000,0.84048
261,0.1405,25755648,54848,0.01517,8.70e-05,0.2902,101.9199,0.00000,0.00000,0.00000,10.00000,1264.16958,0.00000,0.76453,0.00000,0.00000,0.84439,0.00000,0.00000,0.00000,0.00000,0.00000,0.30019,2.18584,1.94325,0.99083,0.98701,1.00000,0.00000,0.12649,2.91883,2.03854,0.98165,0.97260,1.00000,834.82975,-0.02543,-0.08305,0.29914,-0.02063,0.49123,0.84418,-0.06626,0.28052,-0.00929,-0.02478,0.22817,0.37907,0.36871,1.98976,2.45905,0.98624,0.98000,1.00000,0.84353
262,0.1410,25853952,54474,0.01436,7.77e-05,0.2903,96.4035,0.00000,0.00000,0.00000,10.00000,1266.37026,0.00000,0.78704,0.00000,0.00000,0.84401,0.00000,0.00000,0.00000,0.00000,0.00000,0.29893,2.18342,1.74742,0.98810,0.98333,1.00000,0.00000,0.12603,2.89552,1.95931,0.94048,0.91525,1.00000,842.14396,-0.02561,-0.08379,0.29732,-0.01999,0.49097,0.84371,-0.06616,0.28166,-0.00904,-0.02438,0.22800,0.37701,0.36856,1.84983,1.73333,0.96429,0.94958,1.00000,0.84281
263,0.1415,25952256,53028,0.01276,1.04e-04,0.2905,97.5460,0.00000,0.00000,0.00000,10.00000,1260.93381,0.00000,0.74747,0.00000,0.00000,0.84315,0.00000,0.00000,0.00000,0.00000,0.00000,0.29977,2.19248,2.00927,0.98182,0.98571,0.92857,0.00000,0.12718,2.88320,1.90139,0.96364,0.96154,0.90000,854.04297,-0.02552,-0.08497,0.29772,-0.02012,0.49027,0.84281,-0.06553,0.27727,-0.00819,-0.02503,0.22713,0.37749,0.36864,1.95405,1.80000,0.97273,0.97297,0.91667,0.84319
264,0.1420,26050560,54775,0.01393,9.24e-05,0.2906,98.6866,0.00000,0.00000,0.00000,10.00000,1275.56250,0.00000,0.74619,0.00000,0.00000,0.84196,0.00000,0.00000,0.00000,0.00000,0.00000,0.30047,2.18166,1.75840,0.99020,0.98551,1.00000,0.00000,0.12585,2.86342,2.08338,0.96078,0.94118,1.00000,844.72241,-0.02578,-0.08402,0.29599,-0.02077,0.49040,0.84165,-0.06554,0.27530,-0.00789,-0.02475,0.22590,0.37543,0.36868,1.91644,1.96286,0.97549,0.96350,1.00000,0.84339
265,0.1425,26148864,55670,0.01237,1.10e-04,0.2907,118.5428,0.00000,0.00000,0.00000,10.00000,1251.09517,0.00000,0.84343,0.00000,0.00000,0.84063,0.00000,0.00000,0.00000,0.00000,0.00000,0.29997,2.16968,1.96073,0.98182,0.97468,1.00000,0.00000,0.12677,2.84633,1.91450,0.98182,0.97727,1.00000,848.20776,-0.02581,-0.08435,0.29446,-0.02065,0.48915,0.84034,-0.06542,0.27261,-0.00957,-0.02495,0.22469,0.37346,0.36831,1.93642,2.15400,0.98182,0.97605,1.00000,0.84156
266,0.1430,26247168,54374,0.01475,1.04e-04,0.2908,96.4113,0.00000,0.00000,0.00000,10.00000,1233.88711,0.00000,0.76313,0.00000,0.00000,0.84068,0.00000,0.00000,0.00000,0.00000,0.00000,0.29927,2.16650,1.96453,1.00000,1.00000,1.00000,0.00000,0.12887,2.85288,1.88732,0.96703,0.96825,0.90909,835.71354,-0.02572,-0.08314,0.29410,-0.02044,0.48906,0.84035,-0.06525,0.27313,-0.00827,-0.02443,0.22438,0.37343,0.36841,1.92699,1.90609,0.98352,0.98400,0.95833,0.84206
267,0.1435,26345472,55029,0.01175,1.50e-04,0.2910,98.2235,0.00000,0.00000,0.00000,10.00000,1220.04269,0.00000,0.77320,0.00000,0.00000,0.83836,0.00000,0.00000,0.00000,0.00000,0.00000,0.29933,2.15543,2.12575,0.95876,0.94521,1.00000,0.00000,0.12675,2.85270,1.75217,0.93814,0.91935,0.91667,828.35905,-0.02581,-0.08238,0.29363,-0.02038,0.48814,0.83812,-0.06515,0.27503,-0.00899,-0.02464,0.22397,0.37238,0.36781,1.95275,1.77545,0.94845,0.93333,0.95652,0.83903
268,0.1440,26443776,55045,0.01623,9.24e-05,0.2911,120.3975,0.00000,0.00000,0.00000,10.00000,1232.97656,0.00000,0.82819,0.00000,0.00000,0.83654,0.00000,0.00000,0.00000,0.00000,0.00000,0.29850,2.15514,1.64886,1.00000,1.00000,1.00000,0.00000,0.12739,2.84929,2.21200,0.95370,0.95062,0.87500,848.66886,-0.02588,-0.08440,0.29375,-0.02048,0.48702,0.83623,-0.06503,0.27651,-0.01030,-0.02478,0.22363,0.37202,0.36753,1.92555,2.14533,0.97685,0.97516,0.93750,0.83765
269,0.1445,26542080,53285,0.01204,1.20e-04,0.2912,110.3820,0.00000,0.00000,0.00000,10.00000,1262.28495,0.00000,0.77973,0.00000,0.00000,0.83941,0.00000,0.00000,0.00000,0.00000,0.00000,0.29805,2.15627,2.00110,0.99123,0.98795,1.00000,0.00000,0.12706,2.85024,1.76921,0.94737,0.92208,1.00000,852.56559,-0.02588,-0.08476,0.29295,-0.02030,0.48824,0.83906,-0.06454,0.27810,-0.00939,-0.02487,0.22306,0.37080,0.36791,1.89557,1.84500,0.96930,0.95625,1.00000,0.83954
270,0.1451,26640384,55012,0.01578,1.11e-04,0.2914,109.8842,0.00000,0.00000,0.00000,10.00000,1236.17533,0.00000,0.81197,0.00000,0.00000,0.83816,0.00000,0.00000,0.00000,0.00000,0.00000,0.29938,2.13905,1.86322,0.98077,0.97403,1.00000,0.00000,0.12757,2.82765,2.07000,0.96154,0.94667,1.00000,842.23397,-0.02597,-0.08373,0.29130,-0.02060,0.48750,0.83780,-0.06466,0.27366,-0.00918,-0.02496,0.22141,0.36909,0.36750,1.96227,1.94100,0.97115,0.96053,1.00000,0.83749
271,0.1456,26738688,54658,0.01370,1.10e-04,0.2915,110.7209,0.00000,0.00000,0.00000,10.00000,1233.21154,0.00000,0.84249,0.00000,0.00000,0.83590,0.00000,0.00000,0.00000,0.00000,0.00000,0.30045,2.15169,2.01324,0.98901,0.98592,1.00000,0.00000,0.12614,2.82891,2.16811,0.96703,0.95522,1.00000,849.63379,-0.02596,-0.08453,0.29186,-0.02042,0.48605,0.83558,-0.06486,0.27210,-0.00809,-0.02483,0.22200,0.37013,0.36676,2.08797,1.98500,0.97802,0.97101,1.00000,0.83382
272,0.1461,26836992,53980,0.01270,1.44e-04,0.2916,125.7229,0.00000,0.00000,0.00000,10.00000,1279.27194,0.00000,0.80378,0.00000,0.00000,0.83548,0.00000,0.00000,0.00000,0.00000,0.00000,0.29937,2.14670,1.84194,0.98936,0.98529,1.00000,0.00000,0.12704,2.82351,2.02411,1.00000,1.00000,1.00000,853.71924,-0.02607,-0.08491,0.29101,-0.02014,0.48536,0.83519,-0.06516,0.27244,-0.00833,-0.02455,0.22205,0.36889,0.36697,1.93365,2.51400,0.99468,0.99265,1.00000,0.83487
273,0.1466,26935296,54669,0.01804,9.83e-05,0.2918,97.5632,0.00000,0.00000,0.00000,10.00000,1277.95828,0.00000,0.70818,0.00000,0.00000,0.83754,0.00000,0.00000,0.00000,0.00000,0.00000,0.29989,2.17048,1.86580,0.97802,0.96610,1.00000,0.00000,0.12616,2.85430,2.07363,0.98901,0.98246,1.00000,870.15877,-0.02580,-0.08654,0.29431,-0.02008,0.48613,0.83724,-0.06596,0.27524,-0.00934,-0.02485,0.22382,0.37287,0.36737,1.96741,1.94909,0.98352,0.97414,1.00000,0.83685
274,0.1471,27033600,54615,0.01276,1.41e-04,0.2919,97.5586,0.00000,0.00000,0.00000,10.00000,1267.43709,0.00000,0.75810,0.00000,0.00000,0.84255,0.00000,0.00000,0.00000,0.00000,0.00000,0.29976,2.18610,1.95946,1.00000,1.00000,1.00000,0.00000,0.12682,2.86775,1.79205,0.96875,0.95455,1.00000,864.23999,-0.02577,-0.08597,0.29617,-0.02081,0.48969,0.84220,-0.06585,0.27628,-0.00891,-0.02487,0.22542,0.37552,0.36850,1.87633,1.57158,0.98438,0.97710,1.00000,0.84249
275,0.1476,27131904,53617,0.01554,1.12e-04,0.2920,122.7140,0.00000,0.00000,0.00000,10.00000,1258.31013,0.00000,0.75531,0.00000,0.00000,0.84757,0.00000,0.00000,0.00000,0.00000,0.00000,0.30004,2.21105,2.16609,0.98876,0.98462,1.00000,0.00000,0.12761,2.87897,2.07186,0.96629,0.94643,1.00000,876.73600,-0.02564,-0.08717,0.29782,-0.02082,0.49291,0.84726,-0.06588,0.27512,-0.00979,-0.02504,0.22741,0.37881,0.36954,2.12265,2.20363,0.97753,0.96694,1.00000,0.84772
276,0.1481,27230208,54317,0.01268,1.34e-04,0.2921,134.7508,0.00000,0.00000,0.00000,10.00000,1272.97313,0.00000,0.74247,0.00000,0.00000,0.85180,0.00000,0.00000,0.00000,0.00000,0.00000,0.30056,2.20693,1.67367,0.98131,0.98592,0.88889,0.00000,0.12900,2.89890,1.93600,0.97196,0.95833,1.00000,874.41439,-0.02543,-0.08695,0.29920,-0.02160,0.49626,0.85147,-0.06567,0.27564,-0.00871,-0.02546,0.22748,0.38087,0.37073,1.80566,1.89600,0.97664,0.97203,0.95000,0.85364
277,0.1486,27328512,53903,0.01758,6.96e-05,0.2923,116.3226,0.00000,0.00000,0.00000,10.00000,1250.54396,0.00000,0.76880,0.00000,0.00000,0.85642,0.00000,0.00000,0.00000,0.00000,0.00000,0.30040,2.21130,1.88385,1.00000,1.00000,1.00000,0.00000,0.12783,2.91719,2.32961,0.96970,0.95714,1.00000,862.55615,-0.02553,-0.08575,0.30081,-0.02132,0.49956,0.85603,-0.06520,0.27987,-0.00873,-0.02518,0.22775,0.38174,0.37105,2.10529,1.94200,0.98485,0.97810,1.00000,0.85524
278,0.1492,27426816,53983,0.01351,6.47e-05,0.2923,113.7126,0.00000,0.00000,0.00000,10.00000,1272.61712,0.00000,0.72947,0.00000,0.00000,0.85201,0.00000,0.00000,0.00000,0.00000,0.00000,0.30006,2.19631,2.03778,0.99130,0.98765,1.00000,0.00000,0.12717,2.91406,2.12907,0.97391,0.95714,1.00000,841.27604,-0.02556,-0.08366,0.30016,-0.02115,0.49680,0.85167,-0.06451,0.28111,-0.00973,-0.02525,0.22813,0.38067,0.36980,2.07927,1.65412,0.98261,0.97351,1.00000,0.84901
279,0.1497,27525120,54203,0.01090,9.32e-05,0.2924,103.3291,0.00000,0.00000,0.00000,10.00000,1261.85803,0.00000,0.82437,0.00000,0.00000,0.84590,0.00000,0.00000,0.00000,0.00000,0.00000,0.29919,2.18228,1.79750,0.98925,0.98592,1.00000,0.00000,0.12572,2.89688,2.04746,0.97849,0.97015,1.00000,827.47127,-0.02565,-0.08225,0.29813,-0.02050,0.49428,0.84566,-0.06430,0.28183,-0.00914,-0.02474,0.22738,0.37716,0.36901,1.91798,1.41500,0.98387,0.97826,1.00000,0.84505
280,0.1502,27623424,54683,0.01166,1.34e-04,0.2926,113.8627,0.00000,0.00000,0.00000,10.00000,1201.68691,0.00000,0.77356,0.00000,0.00000,0.84412,0.00000,0.00000,0.00000,0.00000,0.00000,0.29863,2.19176,1.95356,0.97468,0.96226,1.00000,0.00000,0.12608,2.91050,2.44000,0.94937,0.94737,0.85714,850.41162,-0.02547,-0.08455,0.29923,-0.02047,0.49250,0.84380,-0.06436,0.28340,-0.00852,-0.02467,0.22813,0.37871,0.36850,2.19882,2.82857,0.96203,0.95455,0.93333,0.84248
281,0.1507,27721728,53965,0.01404,1.12e-04,0.2927,106.5031,0.00000,0.00000,0.00000,10.00000,1264.10533,0.00000,0.83668,0.00000,0.00000,0.84677,0.00000,0.00000,0.00000,0.00000,0.00000,0.29825,2.21457,1.82428,0.98795,1.00000,0.80000,0.00000,0.12736,2.94439,2.06300,0.95181,0.93220,1.00000,839.46663,-0.02520,-0.08350,0.30241,-0.02080,0.49363,0.84647,-0.06466,0.28653,-0.00794,-0.02450,0.23076,0.38298,0.36921,1.93446,2.08000,0.96988,0.96800,0.87500,0.84604
282,0.1512,27820032,54475,0.01324,1.01e-04,0.2928,97.5398,0.00000,0.00000,0.00000,10.00000,1253.32662,0.00000,0.78526,0.00000,0.00000,0.85351,0.00000,0.00000,0.00000,0.00000,0.00000,0.29789,2.23017,1.83238,0.99038,0.98684,1.00000,0.00000,0.12672,2.95779,1.67162,0.94231,0.91549,1.00000,837.11353,-0.02501,-0.08330,0.30404,-0.02093,0.49806,0.85321,-0.06490,0.28991,-0.00756,-0.02505,0.23218,0.38491,0.37062,1.75709,1.71778,0.96635,0.95238,1.00000,0.85308
283,0.1517,27918336,54667,0.01833,9.57e-05,0.2929,111.1508,0.00000,0.00000,0.00000,10.00000,1304.26817,0.00000,0.73671,0.00000,0.00000,0.85563,0.00000,0.00000,0.00000,0.00000,0.00000,0.29826,2.23788,1.68603,1.00000,1.00000,1.00000,0.00000,0.12622,2.96246,2.09694,0.98913,0.98462,1.00000,841.41960,-0.02501,-0.08371,0.30516,-0.02128,0.50046,0.85525,-0.06450,0.29099,-0.00786,-0.02476,0.23230,0.38616,0.37122,1.90518,1.96428,0.99457,0.99180,1.00000,0.85608
284,0.1522,28016640,53701,0.01439,7.76e-05,0.2930,100.3254,0.00000,0.00000,0.00000,10.00000,1296.05179,0.00000,0.72531,0.00000,0.00000,0.85664,0.00000,0.00000,0.00000,0.00000,0.00000,0.29763,2.22193,1.77488,1.00000,1.00000,1.00000,0.00000,0.12772,2.95718,1.98532,0.99074,0.98551,1.00000,832.54533,-0.02507,-0.08278,0.30347,-0.02091,0.50055,0.85633,-0.06452,0.28925,-0.00796,-0.02514,0.23113,0.38434,0.37127,1.87814,1.57809,0.99537,0.99291,1.00000,0.85636
285,0.1527,28114944,54194,0.01255,7.77e-05,0.2931,114.5324,0.00000,0.00000,0.00000,10.00000,1260.18703,0.00000,0.77222,0.00000,0.00000,0.85454,0.00000,0.00000,0.00000,0.00000,0.00000,0.29781,2.21505,1.74557,0.98000,0.97297,1.00000,0.00000,0.12759,2.92910,2.09433,0.95000,0.93846,0.83333,834.60563,-0.02522,-0.08300,0.30168,-0.02152,0.49966,0.85415,-0.06423,0.28695,-0.00877,-0.02502,0.23040,0.38221,0.37076,1.90562,1.69000,0.96500,0.95683,0.92308,0.85378
286,0.1533,28213248,54080,0.01221,1.10e-04,0.2933,107.6637,0.00000,0.00000,0.00000,10.00000,1227.37834,0.00000,0.90076,0.00000,0.00000,0.84854,0.00000,0.00000,0.00000,0.00000,0.00000,0.29742,2.19755,1.85191,0.99029,0.98864,1.00000,0.00000,0.12610,2.91225,1.98734,0.97087,0.96203,1.00000,823.65218,-0.02534,-0.08194,0.29882,-0.01996,0.49575,0.84819,-0.06411,0.28745,-0.00734,-0.02477,0.22879,0.37864,0.36988,1.91376,1.36444,0.98058,0.97605,1.00000,0.84940
287,0.1538,28311552,53497,0.01304,1.25e-04,0.2935,104.2923,0.00000,0.00000,0.00000,10.00000,1244.82056,0.00000,0.82755,0.00000,0.00000,0.84596,0.00000,0.00000,0.00000,0.00000,0.00000,0.29774,2.20319,1.73947,0.98958,1.00000,0.87500,0.00000,0.12602,2.89480,2.16123,0.98958,0.98667,1.00000,838.07178,-0.02544,-0.08333,0.29937,-0.02069,0.49378,0.84567,-0.06470,0.28432,-0.00873,-0.02477,0.22826,0.37832,0.36937,1.95846,2.27000,0.98958,0.99301,0.93333,0.84683
288,0.1543,28409856,54119,0.01295,1.31e-04,0.2936,105.4931,0.00000,0.00000,0.00000,10.00000,1264.78671,0.00000,0.71197,0.00000,0.00000,0.84403,0.00000,0.00000,0.00000,0.00000,0.00000,0.29704,2.19220,1.89855,0.97087,0.97222,0.92857,0.00000,0.12619,2.88874,1.90435,0.97087,0.96667,0.91667,843.76929,-0.02567,-0.08392,0.29728,-0.01989,0.49144,0.84374,-0.06513,0.28385,-0.00798,-0.02486,0.22750,0.37579,0.36849,1.90118,1.59667,0.97087,0.96970,0.92308,0.84243
289,0.1548,28508160,53583,0.01552,1.12e-04,0.2938,116.4855,0.00000,0.00000,0.00000,10.00000,1243.93144,0.00000,0.82200,0.00000,0.00000,0.84450,0.00000,0.00000,0.00000,0.00000,0.00000,0.29669,2.18290,1.72513,0.98980,0.98571,1.00000,0.00000,0.12708,2.88784,2.18789,0.94898,0.93333,1.00000,856.35360,-0.02561,-0.08517,0.29650,-0.02048,0.49161,0.84425,-0.06565,0.28281,-0.00764,-0.02500,0.22670,0.37542,0.36888,1.95960,2.13800,0.96939,0.95862,1.00000,0.84438
290,0.1553,28606464,54321,0.01384,1.11e-04,0.2939,116.8009,0.00000,0.00000,0.00000,10.00000,1276.50310,0.00000,0.74839,0.00000,0.00000,0.84655,0.00000,0.00000,0.00000,0.00000,0.00000,0.29668,2.16990,1.66093,0.99174,0.98750,1.00000,0.00000,0.12764,2.86760,1.95864,0.95868,0.93976,1.00000,863.86637,-0.02578,-0.08585,0.29478,-0.02035,0.49307,0.84623,-0.06584,0.28074,-0.00900,-0.02534,0.22452,0.37312,0.36950,1.81149,2.18250,0.97521,0.96319,1.00000,0.84749
291,0.1558,28704768,54460,0.01412,1.12e-04,0.2941,133.9016,0.00000,0.00000,0.00000,10.00000,1280.97932,0.00000,0.76253,0.00000,0.00000,0.84389,0.00000,0.00000,0.00000,0.00000,0.00000,0.29908,2.15459,1.88000,1.00000,1.00000,1.00000,0.00000,0.12706,2.83873,2.00518,0.98039,0.97183,1.00000,867.55379,-0.02590,-0.08623,0.29305,-0.02117,0.49195,0.84354,-0.06494,0.27533,-0.01002,-0.02541,0.22202,0.37129,0.36899,1.94298,2.31545,0.99020,0.98571,1.00000,0.84496
292,0.1563,28803072,54614,0.01491,1.10e-04,0.2943,106.8317,0.00000,0.00000,0.00000,10.00000,1294.91661,0.00000,0.83041,0.00000,0.00000,0.83975,0.00000,0.00000,0.00000,0.00000,0.00000,0.29832,2.16378,1.69641,1.00000,1.00000,1.00000,0.00000,0.12761,2.84728,2.03606,0.98947,0.98529,1.00000,867.00944,-0.02584,-0.08623,0.29319,-0.02057,0.48882,0.83949,-0.06500,0.27585,-0.00801,-0.02516,0.22272,0.37191,0.36810,1.85825,1.31429,0.99474,0.99296,1.00000,0.84050
293,0.1568,28901376,55298,0.01506,9.24e-05,0.2944,121.7312,0.00000,0.00000,0.00000,10.00000,1270.14364,0.00000,0.79545,0.00000,0.00000,0.84065,0.00000,0.00000,0.00000,0.00000,0.00000,0.29893,2.16743,1.89890,1.00000,1.00000,1.00000,0.00000,0.12780,2.85059,2.04265,0.98864,0.98387,1.00000,860.56291,-0.02574,-0.08558,0.29408,-0.02116,0.48967,0.84034,-0.06483,0.27498,-0.00829,-0.02522,0.22332,0.37330,0.36792,1.96823,1.66750,0.99432,0.99206,1.00000,0.83959
294,0.1573,28999680,54913,0.01378,1.09e-04,0.2946,101.0035,0.00000,0.00000,0.00000,10.00000,1291.81033,0.00000,0.71605,0.00000,0.00000,0.83903,0.00000,0.00000,0.00000,0.00000,0.00000,0.29801,2.18675,1.78448,0.98889,0.98276,1.00000,0.00000,0.12756,2.87871,2.12469,0.97778,0.98276,0.87500,853.08040,-0.02547,-0.08483,0.29655,-0.02109,0.48928,0.83875,-0.06523,0.28016,-0.00877,-0.02495,0.22585,0.37667,0.36788,1.95069,1.85647,0.98333,0.98276,0.94444,0.83941
295,0.1578,29097984,55102,0.01856,6.34e-05,0.2947,100.8894,0.00000,0.00000,0.00000,10.00000,1269.44694,0.00000,0.71759,0.00000,0.00000,0.84502,0.00000,0.00000,0.00000,0.00000,0.00000,0.29886,2.19001,1.84747,1.00000,1.00000,1.00000,0.00000,0.12744,2.88121,1.94147,0.95833,0.95000,0.90000,871.76676,-0.02538,-0.08667,0.29706,-0.02044,0.49281,0.84470,-0.06463,0.27872,-0.00868,-0.02533,0.22583,0.37728,0.36917,1.89217,1.82762,0.97917,0.97581,0.95238,0.84584
296,0.1584,29196288,54666,0.01217,6.99e-05,0.2948,96.9239,0.00000,0.00000,0.00000,10.00000,1323.32523,0.00000,0.71019,0.00000,0.00000,0.84816,0.00000,0.00000,0.00000,0.00000,0.00000,0.29929,2.20740,1.82857,0.98969,0.98485,1.00000,0.00000,0.12732,2.90215,1.99193,0.97938,0.96552,1.00000,855.73934,-0.02539,-0.08512,0.29985,-0.02085,0.49418,0.84786,-0.06574,0.27967,-0.00852,-0.02503,0.22816,0.38034,0.36991,1.90530,3.18200,0.98454,0.97581,1.00000,0.84955
297,0.1589,29294592,54704,0.01434,6.99e-05,0.2949,106.7802,0.00000,0.00000,0.00000,10.00000,1277.55499,0.00000,0.69979,0.00000,0.00000,0.84973,0.00000,0.00000,0.00000,0.00000,0.00000,0.29856,2.20727,1.73827,0.98077,0.97143,1.00000,0.00000,0.12579,2.89109,2.08507,0.97115,0.95082,1.00000,860.31689,-0.02553,-0.08552,0.29909,-0.02071,0.49510,0.84939,-0.06500,0.28182,-0.00872,-0.02537,0.22723,0.37871,0.36970,1.90026,2.13680,0.97596,0.96183,1.00000,0.84848
298,0.1594,29392896,53438,0.01522,5.83e-05,0.2950,112.6959,0.00000,0.00000,0.00000,10.00000,1267.20660,0.00000,0.79686,0.00000,0.00000,0.85073,0.00000,0.00000,0.00000,0.00000,0.00000,0.29898,2.19865,1.83309,0.98990,0.98684,1.00000,0.00000,0.12789,2.89107,2.07114,0.96970,0.95455,1.00000,836.17879,-0.02548,-0.08316,0.29873,-0.02153,0.49607,0.85040,-0.06483,0.27851,-0.00832,-0.02536,0.22705,0.37951,0.36948,1.94344,1.50182,0.97980,0.97183,1.00000,0.84740
299,0.1599,29491200,54039,0.01183,8.39e-05,0.2951,110.0505,0.00000,0.00000,0.00000,10.00000,1273.54784,0.00000,0.79154,0.00000,0.00000,0.84583,0.00000,0.00000,0.00000,0.00000,0.00000,0.29751,2.17839,1.72391,0.99115,1.00000,0.90909,0.00000,0.12578,2.87593,1.78518,0.97345,0.96203,1.00000,838.91178,-0.02565,-0.08343,0.29545,-0.02012,0.49354,0.84553,-0.06444,0.28173,-0.00814,-0.02534,0.22603,0.37492,0.36858,1.75333,1.69263,0.98230,0.98137,0.95000,0.84291
300,0.1604,29589504,54768,0.01401,8.35e-05,0.2952,122.2574,0.00000,0.00000,0.00000,10.00000,1264.07201,0.00000,0.77295,0.00000,0.00000,0.84175,0.00000,0.00000,0.00000,0.00000,0.00000,0.29753,2.17004,1.89787,1.00000,1.00000,1.00000,0.00000,0.12524,2.86769,2.07586,0.96739,0.94828,1.00000,849.09937,-0.02572,-0.08446,0.29423,-0.01986,0.49051,0.84150,-0.06501,0.28173,-0.00857,-0.02503,0.22537,0.37347,0.36800,1.97549,1.83000,0.98370,0.97656,1.00000,0.84000
301,0.1609,29687808,53256,0.01336,6.96e-05,0.2954,110.6476,0.00000,0.00000,0.00000,10.00000,1277.66777,0.00000,0.70833,0.00000,0.00000,0.84134,0.00000,0.00000,0.00000,0.00000,0.00000,0.29840,2.20346,1.68952,1.00000,1.00000,1.00000,0.00000,0.12378,2.87401,2.17094,0.97500,0.97959,0.83333,843.58423,-0.02546,-0.08396,0.29651,-0.01984,0.49026,0.84101,-0.06538,0.28141,-0.00748,-0.02476,0.22668,0.37580,0.36814,1.90948,1.75867,0.98750,0.99020,0.93750,0.84070
302,0.1615,29786112,55058,0.01112,9.13e-05,0.2955,114.9690,0.00000,0.00000,0.00000,10.00000,1270.56822,0.00000,0.81978,0.00000,0.00000,0.84340,0.00000,0.00000,0.00000,0.00000,0.00000,0.29830,2.22695,2.04557,1.00000,1.00000,1.00000,0.00000,0.12492,2.89191,1.92400,0.98780,0.98413,1.00000,858.15430,-0.02533,-0.08528,0.30000,-0.02047,0.49101,0.84315,-0.06520,0.28123,-0.00900,-0.02501,0.22932,0.37991,0.36835,1.98286,1.43667,0.99390,0.99174,1.00000,0.84173
303,0.1620,29884416,54507,0.01285,1.12e-04,0.2956,95.1630,0.00000,0.00000,0.00000,10.00000,1290.26165,0.00000,0.73375,0.00000,0.00000,0.84866,0.00000,0.00000,0.00000,0.00000,0.00000,0.29724,2.21834,1.81846,0.99057,0.98592,1.00000,0.00000,0.12730,2.91181,2.27325,0.99057,0.98551,1.00000,840.01449,-0.02529,-0.08357,0.30011,-0.02063,0.49492,0.84838,-0.06571,0.28336,-0.00705,-0.02540,0.22954,0.38096,0.36974,2.04439,1.69647,0.99057,0.98571,1.00000,0.84868
304,0.1625,29982720,53165,0.01448,1.12e-04,0.2958,103.6603,0.00000,0.00000,0.00000,10.00000,1282.83317,0.00000,0.78125,0.00000,0.00000,0.85061,0.00000,0.00000,0.00000,0.00000,0.00000,0.29667,2.21750,1.82667,1.00000,1.00000,1.00000,0.00000,0.12735,2.92434,1.99492,0.96875,0.95161,1.00000,839.86833,-0.02526,-0.08357,0.30083,-0.02060,0.49672,0.85027,-0.06512,0.28675,-0.00685,-0.02516,0.22994,0.38147,0.37060,1.90441,1.81000,0.98438,0.97778,1.00000,0.85298
305,0.1630,30081024,54534,0.01571,1.10e-04,0.2960,101.5878,0.00000,0.00000,0.00000,10.00000,1262.06890,0.00000,0.76190,0.00000,0.00000,0.85057,0.00000,0.00000,0.00000,0.00000,0.00000,0.29700,2.20437,1.86900,0.99048,0.98571,1.00000,0.00000,0.12618,2.93913,1.84125,0.96190,0.94595,1.00000,843.94906,-0.02524,-0.08397,0.30145,-0.02059,0.49672,0.85018,-0.06487,0.28975,-0.00755,-0.02536,0.22957,0.38111,0.37069,1.85512,2.04571,0.97619,0.96528,1.00000,0.85346
306,0.1635,30179328,53461,0.01552,1.01e-04,0.2961,96.2761,0.00000,0.00000,0.00000,10.00000,1273.85047,0.00000,0.75000,0.00000,0.00000,0.84928,0.00000,0.00000,0.00000,0.00000,0.00000,0.29754,2.19217,1.83200,0.98000,0.97059,1.00000,0.00000,0.12579,2.93108,2.19200,0.98000,0.97015,1.00000,830.64266,-0.02537,-0.08260,0.30019,-0.02006,0.49539,0.84895,-0.06474,0.28800,-0.00839,-0.02525,0.22908,0.37981,0.36991,2.01200,1.90000,0.98000,0.97037,1.00000,0.84957
307,0.1640,30277632,53271,0.01126,1.20e-04,0.2962,122.3176,0.00000,0.00000,0.00000,10.00000,1279.78052,0.00000,0.79861,0.00000,0.00000,0.84455,0.00000,0.00000,0.00000,0.00000,0.00000,0.29679,2.17966,2.03870,1.00000,1.00000,1.00000,0.00000,0.12537,2.91642,1.84676,0.96875,0.95588,1.00000,839.28499,-0.02544,-0.08348,0.29758,-0.02019,0.49216,0.84421,-0.06494,0.28963,-0.00741,-0.02503,0.22820,0.37727,0.36890,1.94662,1.62461,0.98438,0.97826,1.00000,0.84448
308,0.1646,30375936,53881,0.01380,1.18e-04,0.2964,103.4415,0.00000,0.00000,0.00000,10.00000,1276.59807,0.00000,0.74603,0.00000,0.00000,0.84582,0.00000,0.00000,0.00000,0.00000,0.00000,0.29618,2.19029,1.92614,1.00000,1.00000,1.00000,0.00000,0.12516,2.92632,2.10222,0.97143,0.95238,1.00000,843.73242,-0.02536,-0.08393,0.29845,-0.02003,0.49272,0.84550,-0.06525,0.29120,-0.00835,-0.02507,0.22840,0.37811,0.36904,2.00537,1.88818,0.98571,0.97872,1.00000,0.84521
309,0.1651,30474240,53547,0.01390,1.41e-04,0.2965,116.3184,0.00000,0.00000,0.00000,10.00000,1270.20699,0.00000,0.78853,0.00000,0.00000,0.84721,0.00000,0.00000,0.00000,0.00000,0.00000,0.29628,2.17767,1.71280,1.00000,1.00000,1.00000,0.00000,0.12687,2.94212,1.81823,0.94624,0.93750,0.85714,832.89860,-0.02531,-0.08286,0.29846,-0.02031,0.49479,0.84695,-0.06497,0.29208,-0.00812,-0.02509,0.22871,0.37892,0.36977,1.76294,1.64428,0.97312,0.96970,0.92857,0.84887
310,0.1656,30572544,55021,0.01654,1.00e-04,0.2968,106.4568,0.00000,0.00000,0.00000,10.00000,1253.80752,0.00000,0.80138,0.00000,0.00000,0.84788,0.00000,0.00000,0.00000,0.00000,0.00000,0.29654,2.17576,1.99930,0.98230,0.97468,1.00000,0.00000,0.12566,2.95224,1.83818,0.98230,0.97619,1.00000,834.38631,-0.02522,-0.08299,0.29949,-0.02077,0.49575,0.84759,-0.06444,0.29485,-0.00841,-0.02547,0.22842,0.37904,0.36999,1.91782,1.67200,0.98230,0.97546,1.00000,0.84996
311,0.1661,30670848,55288,0.01507,7.61e-05,0.2969,89.3040,0.00000,0.00000,0.00000,10.00000,1265.12870,0.00000,0.80897,0.00000,0.00000,0.84684,0.00000,0.00000,0.00000,0.00000,0.00000,0.29740,2.15386,1.81077,0.98246,0.98837,0.85714,0.00000,0.12592,2.92673,1.83759,0.96491,0.96250,0.85714,841.95841,-0.02545,-0.08375,0.29730,-0.02097,0.49466,0.84655,-0.06487,0.29094,-0.00786,-0.02582,0.22584,0.37605,0.36993,1.82356,1.62500,0.97368,0.97590,0.85714,0.84965
312,0.1666,30769152,53632,0.01365,9.13e-05,0.2971,125.5020,0.00000,0.00000,0.00000,10.00000,1273.01419,0.00000,0.76531,0.00000,0.00000,0.84215,0.00000,0.00000,0.00000,0.00000,0.00000,0.29817,2.13577,1.77231,0.98980,0.98571,1.00000,0.00000,0.12410,2.89340,2.11314,0.96939,0.95385,1.00000,850.14282,-0.02567,-0.08452,0.29398,-0.02026,0.49146,0.84182,-0.06556,0.28865,-0.00869,-0.02532,0.22331,0.37212,0.36885,1.93351,1.64250,0.97959,0.97037,1.00000,0.84427
313,0.1671,30867456,55187,0.01091,1.31e-04,0.2972,103.5142,0.00000,0.00000,0.00000,10.00000,1260.48343,0.00000,0.81369,0.00000,0.00000,0.84047,0.00000,0.00000,0.00000,0.00000,0.00000,0.29852,2.14832,1.84083,0.98990,0.98571,1.00000,0.00000,0.12453,2.89712,1.81260,0.94949,0.93333,1.00000,876.37964,-0.02563,-0.08713,0.29436,-0.02035,0.48932,0.84014,-0.06608,0.28656,-0.00993,-0.02542,0.22407,0.37334,0.36832,1.82662,1.62333,0.96970,0.95862,1.00000,0.84162
314,0.1676,30965760,54675,0.02565,9.57e-05,0.2974,120.2935,0.00000,0.00000,0.00000,10.00000,1267.18796,0.00000,0.75817,0.00000,0.00000,0.84377,0.00000,0.00000,0.00000,0.00000,0.00000,0.30022,2.15780,1.71522,0.98824,0.98276,1.00000,0.00000,0.12610,2.90711,1.66781,0.96471,0.96552,0.88889,868.98193,-0.02547,-0.08643,0.29687,-0.02109,0.49203,0.84345,-0.06594,0.28309,-0.00900,-0.02539,0.22467,0.37625,0.36930,1.69206,1.49529,0.97647,0.97414,0.94444,0.84649
315,0.1681,31064064,53645,0.01356,8.22e-05,0.2975,97.4763,0.00000,0.00000,0.00000,10.00000,1280.06433,0.00000,0.75650,0.00000,0.00000,0.84775,0.00000,0.00000,0.00000,0.00000,0.00000,0.29932,2.20214,2.05000,1.00000,1.00000,1.00000,0.00000,0.12513,2.95344,1.94528,0.95745,0.94030,1.00000,855.35612,-0.02505,-0.08510,0.30235,-0.02166,0.49558,0.84743,-0.06520,0.28950,-0.00785,-0.02542,0.22876,0.38277,0.36998,1.99690,1.94500,0.97872,0.96875,1.00000,0.84993
316,0.1686,31162368,54897,0.01127,7.76e-05,0.2976,102.5525,0.00000,0.00000,0.00000,10.00000,1190.49844,0.00000,0.79739,0.00000,0.00000,0.85262,0.00000,0.00000,0.00000,0.00000,0.00000,0.29790,2.20828,1.90338,0.97647,0.96667,1.00000,0.00000,0.12452,2.98054,2.10970,0.94118,0.91935,1.00000,846.78548,-0.02501,-0.08427,0.30414,-0.02072,0.49847,0.85233,-0.06515,0.29566,-0.00784,-0.02527,0.23103,0.38410,0.37079,2.00887,2.00111,0.95882,0.94262,1.00000,0.85394
317,0.1691,31260672,54568,0.01182,9.32e-05,0.2977,115.0201,0.00000,0.00000,0.00000,10.00000,1297.16085,0.00000,0.78431,0.00000,0.00000,0.85600,0.00000,0.00000,0.00000,0.00000,0.00000,0.29775,2.21857,1.96482,0.99020,0.98718,1.00000,0.00000,0.12484,3.01520,1.86639,1.00000,1.00000,1.00000,854.09611,-0.02479,-0.08496,0.30627,-0.02123,0.50099,0.85572,-0.06568,0.29970,-0.00857,-0.02555,0.23302,0.38738,0.37185,1.91910,2.39500,0.99510,0.99306,1.00000,0.85926
318,0.1697,31358976,53326,0.01283,1.25e-04,0.2979,111.6518,0.00000,0.00000,0.00000,10.00000,1292.96987,0.00000,0.69940,0.00000,0.00000,0.86073,0.00000,0.00000,0.00000,0.00000,0.00000,0.29764,2.21796,1.74729,0.98214,0.97260,1.00000,0.00000,0.12445,3.01639,2.16575,0.99107,0.98529,1.00000,849.39746,-0.02474,-0.08445,0.30657,-0.02069,0.50374,0.86039,-0.06522,0.30058,-0.00861,-0.02573,0.23298,0.38732,0.37262,1.95018,2.00741,0.98661,0.97872,1.00000,0.86310
319,0.1702,31457280,54740,0.01582,1.10e-04,0.2980,89.8953,0.00000,0.00000,0.00000,10.00000,1283.98438,0.00000,0.77658,0.00000,0.00000,0.85820,0.00000,0.00000,0.00000,0.00000,0.00000,0.29759,2.20716,1.89943,0.97849,0.96970,1.00000,0.00000,0.12398,3.00799,1.92278,0.98925,0.98438,1.00000,844.90910,-0.02487,-0.08406,0.30527,-0.02040,0.50216,0.85792,-0.06502,0.30037,-0.00817,-0.02547,0.23237,0.38597,0.37203,1.91127,1.56400,0.98387,0.97692,1.00000,0.86017
320,0.1707,31555584,54867,0.01437,1.10e-04,0.2982,117.7821,0.00000,0.00000,0.00000,10.00000,1279.12891,0.00000,0.81349,0.00000,0.00000,0.85350,0.00000,0.00000,0.00000,0.00000,0.00000,0.29702,2.19448,1.71533,0.99107,1.00000,0.85714,0.00000,0.12410,2.97675,1.91034,0.98214,0.97500,1.00000,833.91479,-0.02508,-0.08297,0.30173,-0.02018,0.49918,0.85318,-0.06464,0.29766,-0.00735,-0.02564,0.23070,0.38264,0.37128,1.81119,1.61000,0.98661,0.98780,0.93333,0.85639
321,0.1712,31653888,53966,0.01389,1.33e-04,0.2983,87.6565,0.00000,0.00000,0.00000,10.00000,1276.77473,0.00000,0.81197,0.00000,0.00000,0.85191,0.00000,0.00000,0.00000,0.00000,0.00000,0.29789,2.20140,1.85463,0.97802,0.96825,1.00000,0.00000,0.12414,2.97393,1.76324,0.98901,0.98571,1.00000,817.59326,-0.02508,-0.08132,0.30230,-0.02038,0.49802,0.85162,-0.06428,0.29523,-0.00794,-0.02524,0.23138,0.38373,0.37068,1.80667,1.72600,0.98352,0.97744,1.00000,0.85341
322,0.1717,31752192,54775,0.01536,1.21e-04,0.2985,90.6224,0.00000,0.00000,0.00000,10.00000,1259.83496,0.00000,0.75000,0.00000,0.00000,0.84791,0.00000,0.00000,0.00000,0.00000,0.00000,0.29687,2.20677,1.83138,0.96250,0.94340,1.00000,0.00000,0.12439,2.98084,1.90613,1.00000,1.00000,1.00000,816.94303,-0.02500,-0.08127,0.30279,-0.02051,0.49560,0.84764,-0.06418,0.29693,-0.00704,-0.02503,0.23224,0.38432,0.37033,1.87000,2.07600,0.98125,0.97222,1.00000,0.85165
323,0.1722,31850496,54569,0.01521,1.04e-04,0.2987,98.6591,0.00000,0.00000,0.00000,10.00000,1299.49028,0.00000,0.79457,0.00000,0.00000,0.84781,0.00000,0.00000,0.00000,0.00000,0.00000,0.29621,2.22922,1.93681,0.97674,0.97015,1.00000,0.00000,0.12307,2.99815,1.70786,0.97674,0.98214,0.50000,817.80412,-0.02468,-0.08139,0.30510,-0.02009,0.49584,0.84751,-0.06481,0.30288,-0.00744,-0.02493,0.23378,0.38665,0.37040,1.83424,2.80800,0.97674,0.97561,0.83333,0.85199
324,0.1727,31948800,53597,0.01617,7.16e-05,0.2989,120.6826,0.00000,0.00000,0.00000,10.00000,1284.30574,0.00000,0.76389,0.00000,0.00000,0.85234,0.00000,0.00000,0.00000,0.00000,0.00000,0.29680,2.22052,1.70000,0.99038,1.00000,0.88889,0.00000,0.12258,2.97380,1.83000,0.97115,0.96053,1.00000,826.59237,-0.02496,-0.08223,0.30416,-0.01999,0.49803,0.85207,-0.06501,0.29884,-0.00777,-0.02552,0.23271,0.38449,0.37093,1.76710,2.06133,0.98077,0.97902,0.93750,0.85467
325,0.1732,32047104,55027,0.01088,9.13e-05,0.2990,100.3180,0.00000,0.00000,0.00000,10.00000,1282.61414,0.00000,0.76667,0.00000,0.00000,0.85420,0.00000,0.00000,0.00000,0.00000,0.00000,0.29580,2.21638,1.83500,0.99000,0.98611,1.00000,0.00000,0.12342,2.97543,1.86869,0.95000,0.93939,0.85714,835.54899,-0.02507,-0.08309,0.30309,-0.02036,0.49914,0.85394,-0.06522,0.29963,-0.00799,-0.02541,0.23178,0.38342,0.37151,1.85060,1.58000,0.97000,0.96377,0.93333,0.85754
326,0.1737,32145408,54421,0.01286,1.12e-04,0.2991,108.5158,0.00000,0.00000,0.00000,10.00000,1249.01339,0.00000,0.80952,0.00000,0.00000,0.85515,0.00000,0.00000,0.00000,0.00000,0.00000,0.29651,2.20918,1.91622,1.00000,1.00000,1.00000,0.00000,0.12499,2.96445,2.03122,0.97143,0.95946,1.00000,848.03377,-0.02504,-0.08433,0.30232,-0.02076,0.50033,0.85485,-0.06455,0.29580,-0.00858,-0.02556,0.23141,0.38331,0.37177,1.97105,2.48762,0.98571,0.98039,1.00000,0.85884
327,0.1742,32243712,54598,0.01366,9.66e-05,0.2993,99.3068,0.00000,0.00000,0.00000,10.00000,1290.69137,0.00000,0.70957,0.00000,0.00000,0.85551,0.00000,0.00000,0.00000,0.00000,0.00000,0.29669,2.20802,1.92472,0.98020,0.96923,1.00000,0.00000,0.12474,2.96652,1.94203,0.98020,0.98438,0.85714,834.03792,-0.02510,-0.08296,0.30250,-0.02111,0.50005,0.85523,-0.06481,0.29595,-0.00753,-0.02568,0.23064,0.38340,0.37146,1.93319,2.34533,0.98020,0.97674,0.93750,0.85731
328,0.1748,32342016,54798,0.01297,7.77e-05,0.2994,95.6517,0.00000,0.00000,0.00000,10.00000,1316.27894,0.00000,0.75964,0.00000,0.00000,0.85412,0.00000,0.00000,0.00000,0.00000,0.00000,0.29715,2.20220,1.72222,0.98980,0.98507,1.00000,0.00000,0.12376,2.95011,1.70274,0.98980,0.98507,1.00000,836.07666,-0.02518,-0.08314,0.30168,-0.02009,0.49925,0.85383,-0.06447,0.29487,-0.00875,-0.02556,0.22988,0.38200,0.37111,1.71241,2.15231,0.98980,0.98507,1.00000,0.85557
329,0.1753,32440320,54281,0.01149,1.01e-04,0.2995,94.2582,0.00000,0.00000,0.00000,10.00000,1283.64086,0.00000,0.76667,0.00000,0.00000,0.84919,0.00000,0.00000,0.00000,0.00000,0.00000,0.29553,2.21613,1.94918,1.00000,1.00000,1.00000,0.00000,0.12317,2.92270,1.87859,1.00000,1.00000,1.00000,835.92513,-0.02538,-0.08314,0.30049,-0.02015,0.49593,0.84893,-0.06444,0.29358,-0.00822,-0.02547,0.22990,0.38032,0.37006,1.91705,1.74667,1.00000,1.00000,1.00000,0.85030
330,0.1758,32538624,53665,0.01252,1.20e-04,0.2997,94.8310,0.00000,0.00000,0.00000,10.00000,1277.21423,0.00000,0.80702,0.00000,0.00000,0.84565,0.00000,0.00000,0.00000,0.00000,0.00000,0.29499,2.21650,1.74225,1.00000,1.00000,1.00000,0.00000,0.12371,2.89216,1.84203,0.96842,0.95522,1.00000,838.98250,-0.02555,-0.08346,0.29912,-0.01999,0.49395,0.84543,-0.06413,0.28974,-0.00891,-0.02538,0.22885,0.37834,0.36951,1.78846,1.74428,0.98421,0.97826,1.00000,0.84755
331,0.1763,32636928,54283,0.01411,1.11e-04,0.2998,115.4268,0.00000,0.00000,0.00000,10.00000,1273.60850,0.00000,0.81516,0.00000,0.00000,0.84565,0.00000,0.00000,0.00000,0.00000,0.00000,0.29568,2.21298,1.86410,0.99065,0.98718,1.00000,0.00000,0.12456,2.88431,1.75488,0.95327,0.93671,1.00000,846.18156,-0.02553,-0.08416,0.29912,-0.02044,0.49336,0.84534,-0.06407,0.28690,-0.00810,-0.02568,0.22805,0.37816,0.36935,1.80982,2.20000,0.97196,0.96178,1.00000,0.84673
332,0.1768,32735232,54179,0.01524,6.96e-05,0.3000,97.8583,0.00000,0.00000,0.00000,10.00000,1303.54814,0.00000,0.75269,0.00000,0.00000,0.84730,0.00000,0.00000,0.00000,0.00000,0.00000,0.29613,2.20448,1.77681,1.00000,1.00000,1.00000,0.00000,0.12557,2.87296,1.77550,0.95968,0.93671,1.00000,850.30998,-0.02553,-0.08456,0.29775,-0.02034,0.49492,0.84695,-0.06379,0.28390,-0.00826,-0.02597,0.22741,0.37713,0.36972,1.77621,1.72364,0.97984,0.97024,1.00000,0.84861
333,0.1773,32833536,54568,0.01186,8.39e-05,0.3001,115.8880,0.00000,0.00000,0.00000,10.00000,1287.34796,0.00000,0.78652,0.00000,0.00000,0.84582,0.00000,0.00000,0.00000,0.00000,0.00000,0.29587,2.18920,1.72219,0.98876,0.98507,1.00000,0.00000,0.12588,2.86225,2.07415,0.97753,0.96610,1.00000,845.58675,-0.02571,-0.08410,0.29598,-0.02000,0.49363,0.84554,-0.06418,0.28272,-0.00880,-0.02568,0.22522,0.37478,0.36952,1.88797,1.55286,0.98315,0.97619,1.00000,0.84761
334,0.1778,32931840,53917,0.01369,9.13e-05,0.3002,109.1559,0.00000,0.00000,0.00000,10.00000,1300.51837,0.00000,0.80409,0.00000,0.00000,0.84142,0.00000,0.00000,0.00000,0.00000,0.00000,0.29630,2.18710,1.94093,1.00000,1.00000,1.00000,0.00000,0.12614,2.87496,1.95218,0.99123,1.00000,0.75000,848.81885,-0.02553,-0.08445,0.29636,-0.02011,0.49035,0.84113,-0.06489,0.28384,-0.00839,-0.02575,0.22595,0.37634,0.36836,1.94659,1.63000,0.99561,1.00000,0.88889,0.84182
335,0.1784,33030144,53697,0.01298,1.12e-04,0.3003,109.5006,0.00000,0.00000,0.00000,10.00000,1319.68919,0.00000,0.69069,0.00000,0.00000,0.84130,0.00000,0.00000,0.00000,0.00000,0.00000,0.29602,2.19574,1.74690,1.00000,1.00000,1.00000,0.00000,0.12534,2.88176,1.82118,0.98649,1.00000,0.88889,869.90080,-0.02542,-0.08653,0.29711,-0.02030,0.49057,0.84101,-0.06460,0.28577,-0.01016,-0.02549,0.22650,0.37708,0.36836,1.78165,1.80823,0.99324,1.00000,0.94444,0.84180
336,0.1789,33128448,54019,0.01190,1.31e-04,0.3005,119.7204,0.00000,0.00000,0.00000,10.00000,1310.49921,0.00000,0.72409,0.00000,0.00000,0.84592,0.00000,0.00000,0.00000,0.00000,0.00000,0.29579,2.22081,1.73200,0.97753,0.96875,1.00000,0.00000,0.12625,2.91944,1.75310,0.96629,0.98077,0.75000,866.06942,-0.02509,-0.08616,0.30066,-0.02057,0.49332,0.84558,-0.06468,0.28887,-0.00843,-0.02581,0.22922,0.38144,0.36945,1.74156,1.80000,0.97191,0.97414,0.87500,0.84723
337,0.1794,33226752,54954,0.01352,1.34e-04,0.3006,97.9727,0.00000,0.00000,0.00000,10.00000,1296.60487,0.00000,0.67320,0.00000,0.00000,0.85104,0.00000,0.00000,0.00000,0.00000,0.00000,0.29512,2.21975,1.77344,0.98824,0.98148,1.00000,0.00000,0.12580,2.94608,2.15500,0.97647,0.95918,1.00000,861.97038,-0.02509,-0.08569,0.30180,-0.02031,0.49644,0.85077,-0.06482,0.29353,-0.00997,-0.02555,0.23049,0.38302,0.37020,1.95150,1.87474,0.98235,0.97087,1.00000,0.85102
338,0.1799,33325056,53771,0.02186,9.31e-05,0.3007,106.0363,0.00000,0.00000,0.00000,10.00000,1297.47006,0.00000,0.77882,0.00000,0.00000,0.85275,0.00000,0.00000,0.00000,0.00000,0.00000,0.29436,2.23084,2.01585,0.99065,0.98701,1.00000,0.00000,0.12559,2.97401,1.93040,0.98131,0.98630,1.00000,851.50684,-0.02490,-0.08470,0.30441,-0.02090,0.49785,0.85249,-0.06473,0.29834,-0.00946,-0.02601,0.23212,0.38602,0.37046,1.97503,1.75750,0.98598,0.98667,1.00000,0.85232
339,0.1804,33423360,54518,0.01385,7.61e-05,0.3008,92.4214,0.00000,0.00000,0.00000,10.00000,1300.29088,0.00000,0.69444,0.00000,0.00000,0.85768,0.00000,0.00000,0.00000,0.00000,0.00000,0.29413,2.23270,1.80869,1.00000,1.00000,1.00000,0.00000,0.12567,2.96439,1.77975,0.99107,0.98413,1.00000,830.52677,-0.02507,-0.08267,0.30393,-0.02027,0.50097,0.85737,-0.06442,0.29757,-0.00737,-0.02574,0.23157,0.38496,0.37160,1.79523,1.86364,0.99554,0.99286,1.00000,0.85798
340,0.1809,33521664,54552,0.01344,9.13e-05,0.3009,95.4162,0.00000,0.00000,0.00000,10.00000,1296.84715,0.00000,0.75358,0.00000,0.00000,0.85786,0.00000,0.00000,0.00000,0.00000,0.00000,0.29480,2.24065,1.84205,0.98020,0.97260,1.00000,0.00000,0.12544,2.95651,1.74406,0.97030,0.95312,1.00000,832.01742,-0.02489,-0.08274,0.30469,-0.02063,0.50181,0.85750,-0.06383,0.29568,-0.00940,-0.02552,0.23235,0.38537,0.37103,1.79605,2.07286,0.97525,0.96350,1.00000,0.85516
341,0.1814,33619968,52937,0.01349,1.21e-04,0.3011,112.1684,0.00000,0.00000,0.00000,10.00000,1283.08478,0.00000,0.77008,0.00000,0.00000,0.85588,0.00000,0.00000,0.00000,0.00000,0.00000,0.29542,2.22971,1.84128,1.00000,1.00000,1.00000,0.00000,0.12617,2.93121,1.93267,0.97030,0.95588,1.00000,833.90308,-0.02505,-0.08294,0.30340,-0.02023,0.50060,0.85553,-0.06359,0.29008,-0.00937,-0.02594,0.23111,0.38372,0.37081,1.88483,2.04363,0.98515,0.97857,1.00000,0.85407
342,0.1819,33718272,54371,0.01503,9.32e-05,0.3012,90.2201,0.00000,0.00000,0.00000,10.00000,1282.04488,0.00000,0.80864,0.00000,0.00000,0.85356,0.00000,0.00000,0.00000,0.00000,0.00000,0.29409,2.23386,1.79324,1.00000,1.00000,1.00000,0.00000,0.12699,2.93336,1.77213,0.95556,0.95082,0.75000,825.60417,-0.02511,-0.08212,0.30337,-0.02056,0.49866,0.85327,-0.06434,0.29152,-0.00927,-0.02559,0.23203,0.38335,0.37051,1.78370,1.93143,0.97778,0.97710,0.87500,0.85255
343,0.1825,33816576,53342,0.01393,1.01e-04,0.3014,89.4260,0.00000,0.00000,0.00000,10.00000,1329.99633,0.00000,0.69273,0.00000,0.00000,0.84979,0.00000,0.00000,0.00000,0.00000,0.00000,0.29305,2.24270,1.82889,1.00000,1.00000,1.00000,0.00000,0.12504,2.94597,1.85279,0.98765,0.98148,1.00000,828.87842,-0.02495,-0.08246,0.30399,-0.01989,0.49571,0.84954,-0.06477,0.29696,-0.00838,-0.02527,0.23324,0.38402,0.36954,1.84156,1.65000,0.99383,0.99010,1.00000,0.84768
344,0.1830,33914880,53214,0.01418,1.10e-04,0.3015,88.7846,0.00000,0.00000,0.00000,10.00000,1294.31250,0.00000,0.75990,0.00000,0.00000,0.84984,0.00000,0.00000,0.00000,0.00000,0.00000,0.29358,2.25246,1.67134,1.00000,1.00000,1.00000,0.00000,0.12404,2.94566,1.87033,0.98851,0.98214,1.00000,854.61499,-0.02479,-0.08501,0.30412,-0.01987,0.49612,0.84961,-0.06505,0.29730,-0.00962,-0.02561,0.23316,0.38461,0.37004,1.76535,2.40000,0.99425,0.99160,1.00000,0.85020
345,0.1835,34013184,54689,0.01382,1.21e-04,0.3017,105.9012,0.00000,0.00000,0.00000,10.00000,1263.49528,0.00000,0.85809,0.00000,0.00000,0.85640,0.00000,0.00000,0.00000,0.00000,0.00000,0.29428,2.25360,1.83011,0.98020,0.97619,1.00000,0.00000,0.12560,2.92061,1.86389,0.98020,0.97222,1.00000,835.64705,-0.02504,-0.08310,0.30377,-0.02091,0.49985,0.85611,-0.06467,0.29029,-0.00839,-0.02578,0.23182,0.38411,0.37092,1.84578,1.80428,0.98020,0.97436,1.00000,0.85458
346,0.1840,34111488,54561,0.01302,1.61e-04,0.3019,73.5329,0.00000,0.00000,0.00000,10.00000,1279.94149,0.00000,0.77098,0.00000,0.00000,0.85637,0.00000,0.00000,0.00000,0.00000,0.00000,0.29407,2.26204,1.72959,1.00000,1.00000,1.00000,0.00000,0.12534,2.92234,1.85402,0.97959,0.97143,1.00000,842.77848,-0.02498,-0.08381,0.30416,-0.02061,0.50066,0.85610,-0.06452,0.29198,-0.00841,-0.02587,0.23253,0.38486,0.37097,1.79347,1.76750,0.98980,0.98529,1.00000,0.85486
347,0.1845,34209792,54390,0.01775,8.70e-05,0.3020,104.2444,0.00000,0.00000,0.00000,10.00000,1293.97878,0.00000,0.71356,0.00000,0.00000,0.85645,0.00000,0.00000,0.00000,0.00000,0.00000,0.29374,2.24323,1.72463,1.00000,1.00000,1.00000,0.00000,0.12639,2.91912,1.94108,0.95413,0.92754,1.00000,840.39909,-0.02502,-0.08355,0.30270,-0.02006,0.50032,0.85622,-0.06442,0.29136,-0.00954,-0.02612,0.23113,0.38335,0.37088,1.82731,1.88571,0.97706,0.96429,1.00000,0.85440
348,0.1850,34308096,53785,0.01077,1.25e-04,0.3022,113.4128,0.00000,0.00000,0.00000,10.00000,1269.65155,0.00000,0.80906,0.00000,0.00000,0.85431,0.00000,0.00000,0.00000,0.00000,0.00000,0.29369,2.22948,1.74262,1.00000,1.00000,1.00000,0.00000,0.12615,2.92663,1.95487,0.97087,0.95946,1.00000,833.63965,-0.02506,-0.08290,0.30186,-0.02050,0.49899,0.85400,-0.06402,0.29331,-0.00802,-0.02583,0.23053,0.38244,0.37009,1.84481,1.68000,0.98544,0.98000,1.00000,0.85044
349,0.1856,34406400,53534,0.01345,1.25e-04,0.3023,102.3105,0.00000,0.00000,0.00000,10.00000,1261.49275,0.00000,0.79365,0.00000,0.00000,0.85182,0.00000,0.00000,0.00000,0.00000,0.00000,0.29393,2.20658,2.02474,0.98980,0.98571,1.00000,0.00000,0.12645,2.91808,1.89500,0.96939,0.97143,0.88889,840.21151,-0.02521,-0.08359,0.29923,-0.02009,0.49728,0.85154,-0.06456,0.29258,-0.00843,-0.02596,0.22900,0.37974,0.37003,1.95987,1.85867,0.97959,0.97857,0.93750,0.85015
350,0.1861,34504704,54364,0.01324,1.50e-04,0.3024,102.3189,0.00000,0.00000,0.00000,10.00000,1251.91611,0.00000,0.79125,0.00000,0.00000,0.84602,0.00000,0.00000,0.00000,0.00000,0.00000,0.29363,2.19560,1.74975,1.00000,1.00000,1.00000,0.00000,0.12683,2.90886,1.84351,0.95960,0.95652,0.88889,839.33472,-0.02530,-0.08345,0.29849,-0.02019,0.49341,0.84577,-0.06487,0.29223,-0.00816,-0.02581,0.22831,0.37801,0.36905,1.79480,1.77125,0.97980,0.97872,0.94118,0.84525
351,0.1866,34603008,55469,0.01594,1.00e-04,0.3025,91.0999,0.00000,0.00000,0.00000,10.00000,1294.91943,0.00000,0.77546,0.00000,0.00000,0.84567,0.00000,0.00000,0.00000,0.00000,0.00000,0.29484,2.19319,1.71468,1.00000,1.00000,1.00000,0.00000,0.12641,2.90411,2.01147,0.98958,0.98387,1.00000,863.50317,-0.02521,-0.08584,0.29896,-0.02064,0.49332,0.84534,-0.06468,0.29014,-0.00997,-0.02596,0.22711,0.37832,0.36897,1.85197,2.23143,0.99479,0.99254,1.00000,0.84485
352,0.1871,34701312,54694,0.01455,1.01e-04,0.3026,93.4607,0.00000,0.00000,0.00000,10.00000,1306.58328,0.00000,0.72327,0.00000,0.00000,0.84745,0.00000,0.00000,0.00000,0.00000,0.00000,0.29477,2.19605,1.74130,0.99057,0.98485,1.00000,0.00000,0.12611,2.89990,1.85675,1.00000,1.00000,1.00000,865.81104,-0.02526,-0.08608,0.29845,-0.02049,0.49400,0.84716,-0.06484,0.28972,-0.00902,-0.02618,0.22662,0.37811,0.36940,1.80013,2.21100,0.99528,0.99275,1.00000,0.84702
353,0.1876,34799616,54113,0.00988,1.45e-04,0.3027,124.4763,0.00000,0.00000,0.00000,10.00000,1265.83169,0.00000,0.80927,0.00000,0.00000,0.84949,0.00000,0.00000,0.00000,0.00000,0.00000,0.29469,2.17106,1.68606,0.99213,0.98889,1.00000,0.00000,0.12690,2.87763,1.99260,0.97638,0.96842,1.00000,873.12256,-0.02542,-0.08679,0.29529,-0.02093,0.49600,0.84920,-0.06455,0.28627,-0.00997,-0.02689,0.22408,0.37440,0.37051,1.84010,2.05111,0.98425,0.97838,1.00000,0.85257
354,0.1881,34897920,55122,0.01544,1.04e-04,0.3029,104.3543,0.00000,0.00000,0.00000,10.00000,1308.41406,0.00000,0.79457,0.00000,0.00000,0.84732,0.00000,0.00000,0.00000,0.00000,0.00000,0.29494,2.16656,1.73000,0.98837,0.98462,1.00000,0.00000,0.12937,2.89459,1.80258,0.98837,0.98276,1.00000,869.84399,-0.02548,-0.08647,0.29663,-0.02155,0.49468,0.84701,-0.06464,0.28586,-0.00928,-0.02619,0.22424,0.37674,0.36988,1.76461,1.64000,0.98837,0.98374,1.00000,0.84941
355,0.1886,34996224,53259,0.01326,1.12e-04,0.3030,103.6716,0.00000,0.00000,0.00000,10.00000,1327.29703,0.00000,0.76389,0.00000,0.00000,0.84373,0.00000,0.00000,0.00000,0.00000,0.00000,0.29422,2.17227,1.57474,0.98077,0.97297,1.00000,0.00000,0.12724,2.89821,1.89836,1.00000,1.00000,1.00000,862.36271,-0.02553,-0.08572,0.29649,-0.02049,0.49188,0.84346,-0.06464,0.28989,-0.00926,-0.02640,0.22505,0.37624,0.36887,1.73329,1.26750,0.99038,0.98601,1.00000,0.84433
356,0.1891,35094528,54389,0.01384,1.10e-04,0.3031,91.3194,0.00000,0.00000,0.00000,10.00000,1300.66116,0.00000,0.70513,0.00000,0.00000,0.84481,0.00000,0.00000,0.00000,0.00000,0.00000,0.29486,2.18942,1.78036,1.00000,1.00000,1.00000,0.00000,0.12625,2.90287,1.88373,0.98718,1.00000,0.90909,849.36768,-0.02537,-0.08446,0.29788,-0.02075,0.49207,0.84457,-0.06489,0.28968,-0.00921,-0.02573,0.22631,0.37769,0.36891,1.83386,1.86400,0.99359,1.00000,0.93750,0.84454
357,0.1897,35192832,54271,0.01404,1.18e-04,0.3032,104.0142,0.00000,0.00000,0.00000,10.00000,1267.32109,0.00000,0.74257,0.00000,0.00000,0.84689,0.00000,0.00000,0.00000,0.00000,0.00000,0.29466,2.20534,1.78913,0.98020,0.97297,1.00000,0.00000,0.12577,2.92516,2.04781,0.94059,0.91803,0.87500,867.24373,-0.02518,-0.08619,0.30081,-0.02066,0.49380,0.84658,-0.06505,0.29358,-0.01135,-0.02613,0.22807,0.38121,0.36925,1.90331,1.72875,0.96040,0.94815,0.94118,0.84623
358,0.1902,35291136,53782,0.01861,5.80e-05,0.3034,83.4770,0.00000,0.00000,0.00000,10.00000,1297.29278,0.00000,0.68122,0.00000,0.00000,0.85050,0.00000,0.00000,0.00000,0.00000,0.00000,0.29528,2.22338,1.74031,1.00000,1.00000,1.00000,0.00000,0.12543,2.94151,1.93818,0.96429,0.93750,1.00000,870.16406,-0.02514,-0.08653,0.30285,-0.02061,0.49569,0.85021,-0.06549,0.29398,-0.00910,-0.02584,0.22963,0.38301,0.37028,1.83100,1.92300,0.98214,0.97087,1.00000,0.85138
359,0.1907,35389440,54214,0.01062,8.35e-05,0.3035,80.0886,0.00000,0.00000,0.00000,10.00000,1290.77291,0.00000,0.77670,0.00000,0.00000,0.85259,0.00000,0.00000,0.00000,0.00000,0.00000,0.29440,2.23129,1.82494,0.98058,0.97436,1.00000,0.00000,0.12440,2.94510,1.84767,0.98058,0.96970,1.00000,857.98543,-0.02503,-0.08535,0.30204,-0.02043,0.49742,0.85232,-0.06502,0.29633,-0.00872,-0.02615,0.23073,0.38308,0.37073,1.83544,1.92941,0.98058,0.97222,1.00000,0.85365
360,0.1912,35487744,55852,0.01106,1.20e-04,0.3036,91.1726,0.00000,0.00000,0.00000,10.00000,1285.60461,0.00000,0.74074,0.00000,0.00000,0.85611,0.00000,0.00000,0.00000,0.00000,0.00000,0.29502,2.22771,1.68548,1.00000,1.00000,1.00000,0.00000,0.12499,2.93215,1.86410,0.96190,0.96970,0.85714,854.19897,-0.02511,-0.08497,0.30222,-0.02107,0.50030,0.85583,-0.06463,0.29359,-0.00853,-0.02615,0.23003,0.38335,0.37139,1.77148,1.66000,0.98095,0.98571,0.91667,0.85697
361,0.1917,35586048,55406,0.01420,1.20e-04,0.3038,96.4512,0.00000,0.00000,0.00000,10.00000,1334.25996,0.00000,0.76205,0.00000,0.00000,0.85454,0.00000,0.00000,0.00000,0.00000,0.00000,0.29532,2.23080,1.60359,1.00000,1.00000,1.00000,0.00000,0.12568,2.93781,1.84615,1.00000,1.00000,1.00000,854.81738,-0.02512,-0.08500,0.30324,-0.02101,0.49980,0.85426,-0.06468,0.29331,-0.00877,-0.02619,0.23077,0.38454,0.37116,1.73420,1.81571,1.00000,1.00000,1.00000,0.85582
362,0.1922,35684352,55801,0.01495,1.01e-04,0.3040,115.6485,0.00000,0.00000,0.00000,10.00000,1285.37126,0.00000,0.80314,0.00000,0.00000,0.85347,0.00000,0.00000,0.00000,0.00000,0.00000,0.29527,2.21702,1.74960,1.00000,1.00000,1.00000,0.00000,0.12536,2.90990,1.83449,0.97826,0.96875,1.00000,852.11589,-0.02520,-0.08470,0.30038,-0.02048,0.49861,0.85320,-0.06388,0.29005,-0.01070,-0.02627,0.22897,0.38085,0.37029,1.79028,1.88923,0.98913,0.98496,1.00000,0.85147
363,0.1927,35782656,55516,0.01405,1.18e-04,0.3041,81.2837,0.00000,0.00000,0.00000,10.00000,1286.87686,0.00000,0.80177,0.00000,0.00000,0.85097,0.00000,0.00000,0.00000,0.00000,0.00000,0.29337,2.21925,1.76507,0.98864,0.98438,1.00000,0.00000,0.12748,2.93535,1.91657,1.00000,1.00000,1.00000,840.56095,-0.02497,-0.08360,0.30149,-0.02125,0.49726,0.85070,-0.06382,0.29439,-0.00744,-0.02596,0.23024,0.38235,0.37021,1.84028,1.86933,0.99432,0.99213,1.00000,0.85103
364,0.1932,35880960,53767,0.01509,1.00e-04,0.3043,96.7014,0.00000,0.00000,0.00000,10.00000,1287.09298,0.00000,0.81619,0.00000,0.00000,0.85078,0.00000,0.00000,0.00000,0.00000,0.00000,0.29352,2.22364,1.74373,0.98765,0.98214,1.00000,0.00000,0.12652,2.96797,1.85043,1.00000,1.00000,1.00000,843.71672,-0.02491,-0.08391,0.30273,-0.02096,0.49711,0.85053,-0.06465,0.29915,-0.00870,-0.02569,0.23155,0.38454,0.37029,1.80125,1.77600,0.99383,0.99160,1.00000,0.85147
365,0.1937,35979264,54143,0.01253,1.24e-04,0.3044,78.5501,0.00000,0.00000,0.00000,10.00000,1279.22777,0.00000,0.77892,0.00000,0.00000,0.85196,0.00000,0.00000,0.00000,0.00000,0.00000,0.29411,2.23772,1.97075,1.00000,1.00000,1.00000,0.00000,0.12501,2.98694,1.89784,1.00000,1.00000,1.00000,845.07585,-0.02476,-0.08402,0.30598,-0.02069,0.49699,0.85172,-0.06481,0.30165,-0.00959,-0.02613,0.23336,0.38724,0.37003,1.93571,2.38889,1.00000,1.00000,1.00000,0.85017
366,0.1942,36077568,54585,0.01582,1.01e-04,0.3046,102.1472,0.00000,0.00000,0.00000,10.00000,1251.91902,0.00000,0.86619,0.00000,0.00000,0.85345,0.00000,0.00000,0.00000,0.00000,0.00000,0.29378,2.22892,1.87151,1.00000,1.00000,1.00000,0.00000,0.12403,2.95615,2.01750,0.97849,0.97368,1.00000,848.34432,-0.02502,-0.08436,0.30359,-0.02052,0.49825,0.85319,-0.06485,0.30039,-0.00875,-0.02605,0.23170,0.38389,0.37030,1.94784,1.84889,0.98925,0.98621,1.00000,0.85150
367,0.1947,36175872,55141,0.01415,1.01e-04,0.3047,103.6477,0.00000,0.00000,0.00000,10.00000,1272.36235,0.00000,0.77778,0.00000,0.00000,0.85475,0.00000,0.00000,0.00000,0.00000,0.00000,0.29426,2.23194,1.87798,1.00000,1.00000,1.00000,0.00000,0.12505,2.97001,1.86822,0.96190,0.94118,1.00000,872.88501,-0.02492,-0.08681,0.30469,-0.02093,0.49898,0.85443,-0.06454,0.29993,-0.00919,-0.02636,0.23163,0.38557,0.37089,1.87358,1.85789,0.98095,0.97279,1.00000,0.85446
368,0.1952,36274176,54419,0.01384,9.13e-05,0.3049,97.2521,0.00000,0.00000,0.00000,10.00000,1273.43328,0.00000,0.77778,0.00000,0.00000,0.85794,0.00000,0.00000,0.00000,0.00000,0.00000,0.29483,2.22739,1.80987,0.96000,0.95833,0.85714,0.00000,0.12517,2.97007,1.91703,0.99000,0.98529,1.00000,864.76326,-0.02484,-0.08599,0.30460,-0.02166,0.50187,0.85760,-0.06396,0.29836,-0.00909,-0.02639,0.23076,0.38592,0.37181,1.86309,1.60923,0.97500,0.97143,0.92857,0.85904
369,0.1957,36372480,53939,0.01359,9.66e-05,0.3050,92.2896,0.00000,0.00000,0.00000,10.00000,1261.17411,0.00000,0.84821,0.00000,0.00000,0.85907,0.00000,0.00000,0.00000,0.00000,0.00000,0.29457,2.23352,1.79684,0.98214,0.97778,1.00000,0.00000,0.12484,2.96983,1.85928,0.98214,0.97531,1.00000,847.14103,-0.02482,-0.08428,0.30553,-0.02129,0.50269,0.85871,-0.06412,0.29891,-0.00868,-0.02654,0.23165,0.38636,0.37213,1.82614,1.45333,0.98214,0.97661,1.00000,0.86065
370,0.1963,36470784,54966,0.01530,8.39e-05,0.3051,90.6470,0.00000,0.00000,0.00000,10.00000,1275.25331,0.00000,0.78502,0.00000,0.00000,0.85868,0.00000,0.00000,0.00000,0.00000,0.00000,0.29485,2.23630,1.79718,1.00000,1.00000,1.00000,0.00000,0.12436,2.97103,1.89105,0.98913,0.98529,1.00000,843.74056,-0.02493,-0.08389,0.30513,-0.02139,0.50285,0.85835,-0.06371,0.29892,-0.00863,-0.02621,0.23196,0.38685,0.37224,1.84571,2.17000,0.99457,0.99231,1.00000,0.86120
371,0.1968,36569088,54844,0.01272,9.32e-05,0.3052,98.0926,0.00000,0.00000,0.00000,10.00000,1295.84901,0.00000,0.75908,0.00000,0.00000,0.85690,0.00000,0.00000,0.00000,0.00000,0.00000,0.29307,2.24004,1.82144,0.99010,0.98630,1.00000,0.00000,0.12507,2.97609,1.74222,0.98020,0.96923,1.00000,833.51099,-0.02496,-0.08297,0.30525,-0.02109,0.50137,0.85658,-0.06371,0.30201,-0.00731,-0.02638,0.23226,0.38694,0.37151,1.78464,1.86600,0.98515,0.97826,1.00000,0.85753
372,0.1973,36667392,54002,0.01312,1.04e-04,0.3054,93.4327,0.00000,0.00000,0.00000,10.00000,1282.70825,0.00000,0.75758,0.00000,0.00000,0.85455,0.00000,0.00000,0.00000,0.00000,0.00000,0.29230,2.22980,1.91526,0.97980,0.98571,0.87500,0.00000,0.12469,2.96607,2.02712,0.98990,0.98462,1.00000,860.51945,-0.02514,-0.08553,0.30434,-0.02098,0.49960,0.85424,-0.06453,0.30284,-0.01058,-0.02636,0.23142,0.38544,0.37119,1.97007,1.66375,0.98485,0.98519,0.94118,0.85596
373,0.1978,36765696,54931,0.01392,1.10e-04,0.3055,123.0360,0.00000,0.00000,0.00000,10.00000,1308.24254,0.00000,0.75075,0.00000,0.00000,0.85371,0.00000,0.00000,0.00000,0.00000,0.00000,0.29342,2.22648,1.78300,0.98198,0.97368,1.00000,0.00000,0.12431,2.93309,2.00759,0.99099,0.98649,1.00000,867.40649,-0.02525,-0.08627,0.30196,-0.02087,0.49933,0.85340,-0.06482,0.29701,-0.00864,-0.02659,0.22948,0.38272,0.37109,1.89459,1.62667,0.98649,0.98000,1.00000,0.85546
374,0.1983,36864000,54400,0.01226,1.34e-04,0.3057,115.7951,0.00000,0.00000,0.00000,10.00000,1279.35129,0.00000,0.81897,0.00000,0.00000,0.85718,0.00000,0.00000,0.00000,0.00000,0.00000,0.29510,2.21143,1.67118,0.99138,0.98837,1.00000,0.00000,0.12613,2.91247,1.88652,0.98276,0.97647,1.00000,869.60929,-0.02519,-0.08645,0.30052,-0.02136,0.50156,0.85679,-0.06345,0.28936,-0.00999,-0.02702,0.22729,0.38183,0.37169,1.77648,1.69000,0.98707,0.98246,1.00000,0.85846
375,0.1988,36962304,52862,0.01560,1.10e-04,0.3059,91.8666,0.00000,0.00000,0.00000,10.00000,1261.54091,0.00000,0.84894,0.00000,0.00000,0.85278,0.00000,0.00000,0.00000,0.00000,0.00000,0.29462,2.21796,1.75370,1.00000,1.00000,1.00000,0.00000,0.12545,2.90844,1.98194,0.98876,0.98529,1.00000,856.44759,-0.02522,-0.08513,0.30031,-0.02094,0.49894,0.85247,-0.06370,0.29004,-0.00873,-0.02636,0.22802,0.38188,0.37072,1.86703,2.16600,0.99438,0.99265,1.00000,0.85362
376,0.1993,37060608,53963,0.01252,1.25e-04,0.3060,122.6762,0.00000,0.00000,0.00000,10.00000,1284.45862,0.00000,0.82508,0.00000,0.00000,0.84915,0.00000,0.00000,0.00000,0.00000,0.00000,0.29397,2.21157,1.78831,1.00000,1.00000,1.00000,0.00000,0.12510,2.89843,1.84927,1.00000,1.00000,1.00000,864.43416,-0.02531,-0.08593,0.29985,-0.02086,0.49612,0.84881,-0.06395,0.29129,-0.01050,-0.02656,0.22660,0.38084,0.36985,1.81975,1.86889,1.00000,1.00000,1.00000,0.84925
377,0.1998,37158912,54160,0.01356,1.12e-04,0.3061,93.7462,0.00000,0.00000,0.00000,10.00000,1288.36177,0.00000,0.74074,0.00000,0.00000,0.84788,0.00000,0.00000,0.00000,0.00000,0.00000,0.29272,2.23008,1.74787,1.00000,1.00000,1.00000,0.00000,0.12514,2.92513,2.08630,0.97333,0.97959,0.83333,864.29598,-0.02527,-0.08598,0.30147,-0.02097,0.49525,0.84759,-0.06455,0.29617,-0.00846,-0.02607,0.22931,0.38255,0.37000,1.90678,1.78800,0.98667,0.99000,0.93750,0.85001
378,0.2004,37257216,53239,0.01384,1.12e-04,0.3062,94.3127,0.00000,0.00000,0.00000,10.00000,1299.96161,0.00000,0.73545,0.00000,0.00000,0.84971,0.00000,0.00000,0.00000,0.00000,0.00000,0.29169,2.23097,1.73600,1.00000,1.00000,1.00000,0.00000,0.12514,2.95017,1.94268,0.98095,0.98649,0.90000,861.55135,-0.02505,-0.08568,0.30307,-0.02120,0.49690,0.84947,-0.06434,0.30130,-0.00886,-0.02648,0.23034,0.38434,0.37031,1.84395,1.55158,0.99048,0.99281,0.95000,0.85155
379,0.2009,37355520,54468,0.01185,1.50e-04,0.3064,107.2361,0.00000,0.00000,0.00000,10.00000,1310.89689,0.00000,0.76313,0.00000,0.00000,0.85473,0.00000,0.00000,0.00000,0.00000,0.00000,0.29103,2.24410,1.82366,0.98901,0.98413,1.00000,0.00000,0.12444,2.98870,1.86706,0.98901,0.98387,1.00000,862.73153,-0.02485,-0.08580,0.30563,-0.02121,0.49975,0.85447,-0.06440,0.30743,-0.00865,-0.02637,0.23189,0.38734,0.37124,1.84489,1.75200,0.98901,0.98400,1.00000,0.85620
380,0.2014,37453824,54650,0.01630,1.00e-04,0.3065,99.2426,0.00000,0.00000,0.00000,10.00000,1315.59562,0.00000,0.79444,0.00000,0.00000,0.85873,0.00000,0.00000,0.00000,0.00000,0.00000,0.29124,2.23648,1.69400,1.00000,1.00000,1.00000,0.00000,0.12413,3.00637,1.88213,1.00000,1.00000,1.00000,862.68107,-0.02483,-0.08581,0.30666,-0.02128,0.50200,0.85846,-0.06455,0.31038,-0.00960,-0.02656,0.23253,0.38797,0.37210,1.78503,1.86167,1.00000,1.00000,1.00000,0.86051
381,0.2019,37552128,53665,0.01779,6.17e-05,0.3066,110.1145,0.00000,0.00000,0.00000,10.00000,1301.38122,0.00000,0.70119,0.00000,0.00000,0.86088,0.00000,0.00000,0.00000,0.00000,0.00000,0.29303,2.23092,1.80581,1.00000,1.00000,1.00000,0.00000,0.12361,3.00801,1.82648,0.99029,0.98305,1.00000,843.63810,-0.02485,-0.08397,0.30658,-0.02098,0.50411,0.86057,-0.06418,0.30858,-0.00802,-0.02653,0.23209,0.38790,0.37266,1.81516,1.82500,0.99515,0.99231,1.00000,0.86328
382,0.2024,37650432,54359,0.01109,8.88e-05,0.3067,81.8645,0.00000,0.00000,0.00000,10.00000,1289.76657,0.00000,0.74713,0.00000,0.00000,0.85827,0.00000,0.00000,0.00000,0.00000,0.00000,0.29348,2.21812,1.74444,1.00000,1.00000,1.00000,0.00000,0.12254,2.99600,1.82144,0.95690,0.94805,0.88889,833.37980,-0.02490,-0.08292,0.30447,-0.02080,0.50225,0.85798,-0.06418,0.30692,-0.00746,-0.02683,0.23185,0.38592,0.37174,1.78139,1.97789,0.97845,0.97436,0.95000,0.85871
383,0.2029,37748736,53928,0.01211,1.12e-04,0.3069,109.7575,0.00000,0.00000,0.00000,10.00000,1288.34967,0.00000,0.87912,0.00000,0.00000,0.85571,0.00000,0.00000,0.00000,0.00000,0.00000,0.29282,2.20416,1.83444,1.00000,1.00000,1.00000,0.00000,0.12367,2.98794,1.83297,0.98901,0.98630,1.00000,836.93571,-0.02484,-0.08324,0.30346,-0.02073,0.50022,0.85538,-0.06413,0.30661,-0.00814,-0.02648,0.23074,0.38448,0.37135,1.83370,2.06667,0.99451,0.99306,1.00000,0.85673
384,0.2034,37847040,54106,0.01495,9.31e-05,0.3071,102.0218,0.00000,0.00000,0.00000,10.00000,1262.51873,0.00000,0.81660,0.00000,0.00000,0.85270,0.00000,0.00000,0.00000,0.00000,0.00000,0.29309,2.23012,1.71915,1.00000,1.00000,1.00000,0.00000,0.12333,2.98784,1.84554,0.97590,0.98305,0.87500,847.47575,-0.02486,-0.08424,0.30582,-0.02084,0.49887,0.85237,-0.06425,0.30684,-0.00932,-0.02620,0.23208,0.38715,0.37052,1.77956,1.44267,0.98795,0.99180,0.93750,0.85260
385,0.2040,37945344,53968,0.01591,6.47e-05,0.3073,98.0826,0.00000,0.00000,0.00000,10.00000,1324.41326,0.00000,0.76923,0.00000,0.00000,0.85209,0.00000,0.00000,0.00000,0.00000,0.00000,0.29232,2.25557,1.65279,1.00000,1.00000,1.00000,0.00000,0.12269,2.98520,1.73491,0.98718,0.98077,1.00000,860.91911,-0.02471,-0.08561,0.30672,-0.02045,0.49802,0.85180,-0.06493,0.30732,-0.01053,-0.02640,0.23395,0.38802,0.37060,1.69172,1.88000,0.99359,0.99074,1.00000,0.85301
386,0.2045,38043648,54648,0.01251,6.47e-05,0.3074,104.0488,0.00000,0.00000,0.00000,10.00000,1299.39507,0.00000,0.78491,0.00000,0.00000,0.85664,0.00000,0.00000,0.00000,0.00000,0.00000,0.29196,2.26967,1.65124,0.99083,0.98750,1.00000,0.00000,0.12375,2.99786,2.01756,0.99083,0.98649,1.00000,860.34440,-0.02456,-0.08555,0.30787,-0.02089,0.50101,0.85632,-0.06497,0.30734,-0.00960,-0.02663,0.23503,0.38985,0.37180,1.82690,1.60667,0.99083,0.98701,1.00000,0.85898
387,0.2050,38141952,54562,0.00997,9.32e-05,0.3075,106.6486,0.00000,0.00000,0.00000,10.00000,1312.82803,0.00000,0.77381,0.00000,0.00000,0.86402,0.00000,0.00000,0.00000,0.00000,0.00000,0.29311,2.27509,1.58164,1.00000,1.00000,1.00000,0.00000,0.12390,2.98006,1.72469,0.97619,0.96667,1.00000,848.50464,-0.02465,-0.08436,0.30861,-0.02132,0.50580,0.86368,-0.06455,0.30274,-0.00950,-0.02659,0.23408,0.39083,0.37295,1.65488,1.69778,0.98810,0.98291,1.00000,0.86473
388,0.2055,38240256,53166,0.01546,7.70e-05,0.3077,77.0372,0.00000,0.00000,0.00000,10.00000,1293.06989,0.00000,0.74747,0.00000,0.00000,0.86211,0.00000,0.00000,0.00000,0.00000,0.00000,0.29143,2.27117,1.77326,1.00000,1.00000,1.00000,0.00000,0.12389,2.98157,1.99718,0.97273,0.97183,0.88889,841.23617,-0.02475,-0.08367,0.30734,-0.02046,0.50528,0.86184,-0.06440,0.30630,-0.00916,-0.02680,0.23440,0.38941,0.37268,1.87784,1.77300,0.98636,0.98649,0.95238,0.86339
389,0.2060,38338560,53311,0.01186,8.39e-05,0.3078,104.4425,0.00000,0.00000,0.00000,10.00000,1278.67716,0.00000,0.79521,0.00000,0.00000,0.85749,0.00000,0.00000,0.00000,0.00000,0.00000,0.29142,2.24510,1.80024,1.00000,1.00000,1.00000,0.00000,0.12333,2.95848,1.96263,0.98039,0.97183,1.00000,830.22355,-0.02508,-0.08260,0.30426,-0.02050,0.50166,0.85718,-0.06468,0.30503,-0.00840,-0.02663,0.23239,0.38565,0.37130,1.87835,1.69000,0.99020,0.98630,1.00000,0.85649
390,0.2065,38436864,53051,0.01372,8.70e-05,0.3080,104.8558,0.00000,0.00000,0.00000,10.00000,1299.09730,0.00000,0.80303,0.00000,0.00000,0.85297,0.00000,0.00000,0.00000,0.00000,0.00000,0.29233,2.23894,1.87262,0.99091,0.98765,1.00000,0.00000,0.12300,2.93869,1.79156,0.99091,0.98718,1.00000,837.61686,-0.02520,-0.08335,0.30311,-0.02036,0.49885,0.85262,-0.06481,0.30175,-0.00825,-0.02672,0.23041,0.38365,0.37068,1.83233,1.58200,0.99091,0.98742,1.00000,0.85342
391,0.2071,38535168,53560,0.01642,7.10e-05,0.3082,113.2545,0.00000,0.00000,0.00000,10.00000,1307.50009,0.00000,0.70208,0.00000,0.00000,0.85364,0.00000,0.00000,0.00000,0.00000,0.00000,0.29217,2.23723,1.83412,0.98901,0.98361,1.00000,0.00000,0.12448,2.94382,1.75582,0.97802,0.96296,1.00000,850.56193,-0.02516,-0.08454,0.30408,-0.02096,0.49880,0.85328,-0.06471,0.30080,-0.01004,-0.02660,0.23064,0.38445,0.37057,1.79526,1.71714,0.98352,0.97391,1.00000,0.85287
392,0.2076,38633472,53488,0.01243,6.82e-05,0.3084,91.7413,0.00000,0.00000,0.00000,10.00000,1288.32410,0.00000,0.76747,0.00000,0.00000,0.85139,0.00000,0.00000,0.00000,0.00000,0.00000,0.29164,2.23228,1.76461,1.00000,1.00000,1.00000,0.00000,0.12523,2.93776,1.81227,0.97938,0.97015,1.00000,849.31779,-0.02527,-0.08442,0.30302,-0.02113,0.49726,0.85109,-0.06521,0.30024,-0.00861,-0.02662,0.22993,0.38330,0.37051,1.78797,1.91400,0.98969,0.98507,1.00000,0.85257
