iter,hours,steps,fps,kl,lr,std,value_loss,act_sat,assist,distance,ep_len_s,ep_return,fall_rate,floored_share,glove_speed,head_share,height,hit_speed,hit_speed_max,hits_per_s,knockdowns_per_min,matt_assist,matt_reward_per_step,matt_time_to_stand,matt_up_rate,matt_up_rate_from_floor,matt_up_rate_unaided,power,rt_act,rt_energy,rt_face,rt_feet,rt_head,rt_height,rt_limit,rt_pose,rt_qvel,rt_rate,rt_still,rt_stood,rt_upright,time_to_stand,time_to_stand_unaided,up_rate,up_rate_from_floor,up_rate_unaided,upright,zombie_assist,zombie_reward_per_step,zombie_time_to_stand,zombie_up_rate,zombie_up_rate_from_floor,zombie_up_rate_unaided
0,0.0007,98304,36586,0.01949,1.60e-04,0.5586,916.0746,0.00000,0.50200,0.00000,10.00000,4.28867,0.00000,0.00624,0.00000,0.00000,0.95286,0.00000,0.00000,0.00000,0.00000,0.34200,0.48913,0.00000,0.00000,0.00000,0.00000,650.68205,-0.02773,-0.06468,0.06303,-0.01032,0.56132,0.94820,-0.03070,0.07644,-0.00624,-0.07005,0.01435,0.08147,0.38980,0.00000,0.00000,0.00000,0.00000,0.00000,0.94902,0.66200,0.44863,0.00000,0.00000,0.00000,0.00000
1,0.0013,196608,55003,0.00915,2.76e-04,0.5589,425.6262,0.00000,0.50200,0.00000,10.00000,19.68212,0.00000,0.41804,0.00000,0.00000,0.65885,0.00000,0.00000,0.00000,0.00000,0.34200,0.73296,0.00000,0.16832,0.00000,0.00000,1230.34497,-0.03174,-0.12098,0.09184,-0.01419,0.36263,0.65351,-0.04887,0.09821,-0.02815,-0.06427,0.02175,0.12056,0.32492,0.00000,0.00000,0.15347,0.00000,0.00000,0.62462,0.66200,0.72044,0.00000,0.13861,0.00000,0.00000
2,0.0018,294912,54210,0.01409,2.94e-04,0.5592,258.0851,0.00000,0.50200,0.00000,10.00000,38.98494,0.00000,0.63704,0.00000,0.00000,0.49361,0.00000,0.00000,0.00000,0.00000,0.34200,0.73129,0.00000,0.18667,0.00000,0.00000,1554.03613,-0.02968,-0.15232,0.09203,-0.01693,0.25507,0.48973,-0.04565,0.09941,-0.03677,-0.06408,0.02152,0.12332,0.28825,0.00000,0.00000,0.22000,0.00000,0.00000,0.44123,0.66200,0.76430,0.00000,0.25333,0.00000,0.00000
3,0.0023,393216,53126,0.01103,2.58e-04,0.5593,291.4892,0.00000,0.50400,0.00000,10.00000,47.47950,0.00000,0.73545,0.00000,0.00000,0.50350,0.00000,0.00000,0.00000,0.00000,0.34200,0.73536,0.50000,0.26667,0.00000,0.00000,1935.51855,-0.03032,-0.18975,0.09287,-0.01798,0.25461,0.50076,-0.05808,0.10021,-0.04249,-0.06502,0.02286,0.12504,0.29385,0.50000,0.50000,0.19048,0.00000,0.00000,0.46926,0.66600,0.84099,0.00000,0.11429,0.00000,0.00000
4,0.0028,491520,54929,0.00836,3.31e-04,0.5594,337.0149,0.00000,0.50600,0.00000,10.00000,78.53312,0.00000,0.72650,0.00000,0.00000,0.56330,0.00000,0.00000,0.00000,0.00000,0.34200,0.80128,0.50000,0.23077,0.00000,0.00000,2368.19531,-0.03129,-0.23191,0.09809,-0.01758,0.27939,0.56080,-0.06970,0.10454,-0.05145,-0.06638,0.02526,0.13170,0.30656,0.50000,0.50000,0.23626,0.00000,0.00000,0.53281,0.67000,0.98087,0.00000,0.24176,0.00000,0.00000
5,0.0033,589824,54651,0.01038,4.78e-04,0.5595,349.6180,0.00000,0.50800,0.00000,10.00000,109.53815,0.00000,0.70556,0.00000,0.00000,0.63364,0.00000,0.00000,0.00000,0.00000,0.34200,0.90739,0.50000,0.21000,0.00000,0.00000,2678.12305,-0.03183,-0.26212,0.10807,-0.01882,0.31294,0.63074,-0.07719,0.11336,-0.05867,-0.06797,0.02837,0.14622,0.31888,0.73200,0.50000,0.25500,0.00787,0.00000,0.59442,0.67400,1.14910,1.08000,0.30000,0.01754,0.00000
6,0.0038,688128,55382,0.01043,4.77e-04,0.5596,310.1308,0.00000,0.51200,0.00000,10.00000,116.48495,0.00000,0.69579,0.00000,0.00000,0.68306,0.00000,0.00000,0.00000,0.00000,0.34600,1.01480,1.01000,0.14563,0.03030,0.00000,2594.45687,-0.03201,-0.25427,0.12185,-0.02271,0.34708,0.67927,-0.07950,0.12793,-0.05293,-0.06779,0.03260,0.16791,0.33038,1.18842,0.50000,0.20874,0.07752,0.00000,0.65191,0.67800,1.34131,1.27077,0.27184,0.12698,0.00000
7,0.0043,786432,54379,0.01109,4.71e-04,0.5597,301.8031,0.00000,0.51600,0.00000,10.00000,167.71126,0.00000,0.69923,0.00000,0.00000,0.70295,0.00000,0.00000,0.00000,0.00000,0.35000,1.09093,1.41846,0.31034,0.11842,0.00000,2516.47900,-0.03177,-0.24664,0.14067,-0.02539,0.36601,0.69879,-0.07910,0.14659,-0.04884,-0.06767,0.03740,0.19413,0.33569,1.57486,0.50000,0.36638,0.18493,0.00000,0.67845,0.68200,1.50815,1.66727,0.42241,0.25714,0.00000
8,0.0048,884736,55608,0.01105,5.66e-04,0.5598,304.3456,0.00000,0.52000,0.00000,10.00000,206.43409,0.00000,0.79365,0.00000,0.00000,0.71061,0.00000,0.00000,0.00000,0.00000,0.35400,1.14074,2.19500,0.27473,0.10000,0.00000,2438.20719,-0.03158,-0.23909,0.15363,-0.02816,0.37595,0.70609,-0.07852,0.16010,-0.04592,-0.06735,0.04164,0.21255,0.33790,1.95823,0.50000,0.36813,0.18462,0.00000,0.68950,0.68600,1.60317,1.88538,0.46154,0.28333,0.00000
9,0.0053,983040,54901,0.02783,3.80e-04,0.5600,267.2941,0.00000,0.52400,0.00000,10.00000,252.34269,0.00000,0.66934,0.00000,0.00000,0.71242,0.00000,0.00000,0.00000,0.00000,0.35800,1.19180,1.79684,0.39759,0.25926,0.00000,2410.91976,-0.03145,-0.23661,0.16182,-0.02843,0.37791,0.70771,-0.07863,0.16813,-0.04304,-0.06706,0.04404,0.22345,0.33783,1.87583,0.51000,0.49398,0.37000,0.00000,0.68914,0.69000,1.65346,1.92759,0.59036,0.50000,0.00000
10,0.0058,1081344,55592,0.01487,3.04e-04,0.5603,248.2830,0.00000,0.52800,0.00000,10.00000,269.57267,0.00000,0.79060,0.00000,0.00000,0.71380,0.00000,0.00000,0.00000,0.00000,0.36200,1.23602,1.96470,0.32051,0.17544,0.00000,2413.24528,-0.03116,-0.23683,0.16748,-0.02920,0.38045,0.70934,-0.07861,0.17501,-0.04071,-0.06702,0.04611,0.23120,0.33858,1.99370,0.00000,0.42949,0.31532,0.00000,0.69288,0.69400,1.69485,2.00703,0.53846,0.46296,0.00000
11,0.0063,1179648,55299,0.00996,4.56e-04,0.5605,247.0740,0.00000,0.53200,0.00000,10.00000,304.26534,0.00000,0.74924,0.00000,0.00000,0.72234,0.00000,0.00000,0.00000,0.00000,0.36600,1.26677,2.23212,0.38532,0.28000,0.00000,2390.34180,-0.03112,-0.23482,0.17461,-0.03058,0.38852,0.71805,-0.07994,0.18132,-0.03755,-0.06716,0.04829,0.23966,0.34097,2.31520,0.50000,0.46330,0.37415,0.00000,0.70486,0.69800,1.75290,2.38047,0.54128,0.47222,0.00000
12,0.0068,1277952,54815,0.01240,5.04e-04,0.5607,219.1306,0.00000,0.53400,0.00000,10.00000,377.68524,0.00000,0.75397,0.00000,0.00000,0.73191,0.00000,0.00000,0.00000,0.00000,0.37000,1.28990,1.84235,0.42857,0.22222,0.00000,2372.32878,-0.03097,-0.23289,0.17967,-0.03015,0.39712,0.72752,-0.07897,0.18591,-0.03828,-0.06741,0.04988,0.24569,0.34335,2.23448,0.62667,0.50000,0.35965,0.00000,0.71677,0.69800,1.78715,2.39707,0.57143,0.48333,0.00000
13,0.0073,1376256,54383,0.01107,6.87e-04,0.5608,234.2670,0.00000,0.53600,0.00000,10.00000,402.38121,0.00000,0.72222,0.00000,0.00000,0.73618,0.00000,0.00000,0.00000,0.00000,0.37400,1.31001,2.96857,0.51818,0.52000,0.00000,2337.87126,-0.03084,-0.22948,0.18246,-0.03084,0.40035,0.73181,-0.07868,0.18838,-0.03783,-0.06720,0.05128,0.24927,0.34377,2.78245,0.50000,0.58636,0.58741,0.00000,0.71887,0.69800,1.79594,2.62245,0.65455,0.66176,0.00000
14,0.0078,1474560,54406,0.01285,8.06e-04,0.5609,249.9728,0.00000,0.53800,0.00000,10.00000,451.75747,0.00000,0.78431,0.00000,0.00000,0.73823,0.00000,0.00000,0.00000,0.00000,0.37800,1.31517,2.51619,0.50980,0.44000,0.00000,2329.51937,-0.03065,-0.22885,0.18489,-0.03051,0.40269,0.73369,-0.07800,0.19157,-0.03898,-0.06759,0.05186,0.25269,0.34382,2.45273,0.50000,0.58333,0.54167,0.00000,0.71908,0.69800,1.81645,2.40596,0.65686,0.65217,0.00000
15,0.0083,1572864,54782,0.01586,6.35e-04,0.5611,239.0830,0.00000,0.53800,0.00000,10.00000,529.10316,0.00000,0.79798,0.00000,0.00000,0.74016,0.00000,0.00000,0.00000,0.00000,0.37800,1.32884,2.73216,0.55455,0.48810,0.00000,2326.09733,-0.03061,-0.22856,0.18736,-0.03099,0.40385,0.73553,-0.07751,0.19490,-0.03661,-0.06744,0.05263,0.25544,0.34426,2.67025,0.50000,0.62273,0.55696,0.00000,0.72128,0.69800,1.83993,2.62242,0.69091,0.63514,0.00000
16,0.0088,1671168,55829,0.01481,4.38e-04,0.5613,225.6900,0.00000,0.53800,0.00000,10.00000,569.31924,0.00000,0.65324,0.00000,0.00000,0.74165,0.00000,0.00000,0.00000,0.00000,0.37800,1.34060,3.01946,0.53846,0.50847,0.00000,2314.52523,-0.03072,-0.22745,0.18821,-0.02976,0.40504,0.73711,-0.07927,0.19602,-0.03380,-0.06711,0.05262,0.25727,0.34544,2.85488,0.50000,0.62088,0.59813,0.00000,0.72719,0.69800,1.84955,2.71955,0.70330,0.70833,0.00000
17,0.0093,1769472,55435,0.01336,4.38e-04,0.5616,233.0267,0.00000,0.53800,0.00000,10.00000,576.20590,0.00000,0.71019,0.00000,0.00000,0.74630,0.00000,0.00000,0.00000,0.00000,0.37800,1.36921,2.93024,0.53608,0.48387,0.00000,2297.14893,-0.03071,-0.22564,0.19204,-0.03079,0.40784,0.74177,-0.07887,0.19837,-0.03664,-0.06706,0.05374,0.26086,0.34612,2.75290,0.50000,0.61340,0.61290,0.00000,0.73061,0.69800,1.86355,2.61308,0.69072,0.74194,0.00000
18,0.0098,1867776,55261,0.01768,3.57e-04,0.5617,216.9155,0.00000,0.53800,0.00000,10.00000,653.83955,0.00000,0.79218,0.00000,0.00000,0.74755,0.00000,0.00000,0.00000,0.00000,0.37800,1.37270,3.16654,0.57407,0.51282,0.00000,2293.69499,-0.03056,-0.22525,0.19506,-0.03178,0.41016,0.74288,-0.07835,0.20059,-0.03491,-0.06719,0.05414,0.26440,0.34696,2.92231,0.00000,0.66667,0.63636,0.00000,0.73479,0.69800,1.88935,2.73826,0.75926,0.76316,0.00000
19,0.0103,1966080,54901,0.01103,4.29e-04,0.5619,228.7632,0.00000,0.53800,0.00000,10.00000,718.53399,0.00000,0.76023,0.00000,0.00000,0.74872,0.00000,0.00000,0.00000,0.00000,0.37800,1.36741,3.07446,0.57018,0.53750,0.00000,2292.01888,-0.03046,-0.22509,0.19412,-0.03224,0.41269,0.74397,-0.07801,0.20160,-0.03632,-0.06752,0.05437,0.26517,0.34782,2.96224,0.50000,0.65351,0.63462,0.00000,0.73909,0.69800,1.88305,2.85652,0.73684,0.73684,0.00000
20,0.0108,2064384,55834,0.01635,2.70e-04,0.5621,248.8246,0.00000,0.53800,0.00000,10.00000,772.02825,0.00000,0.71581,0.00000,0.00000,0.75121,0.00000,0.00000,0.00000,0.00000,0.37800,1.37583,3.16415,0.57692,0.53521,0.00000,2279.65381,-0.03041,-0.22406,0.19293,-0.03152,0.41372,0.74665,-0.07634,0.20005,-0.03413,-0.06742,0.05368,0.26298,0.34795,2.98875,0.50000,0.67308,0.66418,0.00000,0.73976,0.69800,1.86173,2.83118,0.76923,0.80952,0.00000
21,0.0114,2162688,53740,0.01466,2.76e-04,0.5622,240.6238,0.00000,0.53800,0.00000,10.00000,794.25094,0.00000,0.78144,0.00000,0.00000,0.74821,0.00000,0.00000,0.00000,0.00000,0.37800,1.39679,3.73480,0.56044,0.50725,0.00000,2295.69743,-0.03038,-0.22528,0.19424,-0.03184,0.41256,0.74355,-0.07655,0.20184,-0.03594,-0.06753,0.05426,0.26530,0.34760,3.34703,0.50000,0.70879,0.67969,0.00000,0.73802,0.69800,1.86486,3.01276,0.85714,0.88136,0.00000
22,0.0118,2260992,56233,0.00999,3.80e-04,0.5623,215.2637,0.00000,0.53600,0.00000,10.00000,814.47723,0.00000,0.76832,0.00000,0.00000,0.74610,0.00000,0.00000,0.00000,0.00000,0.37800,1.41410,3.17407,0.57447,0.52857,0.00000,2295.46794,-0.03036,-0.22545,0.19676,-0.03188,0.41207,0.74166,-0.07606,0.20280,-0.03531,-0.06756,0.05449,0.26709,0.34717,2.87222,0.50000,0.69681,0.66154,0.00000,0.73587,0.69400,1.85981,2.57037,0.81915,0.81667,0.00000
23,0.0124,2359296,53946,0.01293,3.31e-04,0.5624,215.4448,0.00000,0.53400,0.00000,10.00000,782.47699,0.00000,0.70208,0.00000,0.00000,0.74901,0.00000,0.00000,0.00000,0.00000,0.37800,1.44735,3.13909,0.60440,0.63793,0.00000,2311.09863,-0.03055,-0.22709,0.20131,-0.03241,0.41201,0.74448,-0.07704,0.20690,-0.03433,-0.06720,0.05609,0.27292,0.34742,2.84929,0.50000,0.67033,0.72174,0.00000,0.73710,0.69000,1.88717,2.61745,0.73626,0.80702,0.00000
24,0.0129,2457600,53717,0.01326,3.98e-04,0.5625,207.7177,0.00000,0.53200,0.00000,10.00000,731.68302,0.00000,0.70602,0.00000,0.00000,0.75749,0.00000,0.00000,0.00000,0.00000,0.37800,1.47014,3.46731,0.48958,0.49296,0.00000,2307.58187,-0.03054,-0.22674,0.20443,-0.03312,0.41592,0.75311,-0.07779,0.20786,-0.03380,-0.06764,0.05703,0.27545,0.34870,3.10673,0.50667,0.63542,0.63934,0.00000,0.74351,0.68600,1.89399,2.72408,0.78125,0.84314,0.00000
25,0.0134,2555904,55316,0.01520,3.27e-04,0.5627,199.1216,0.00000,0.53000,0.00000,10.00000,850.86903,0.00000,0.72409,0.00000,0.00000,0.76386,0.00000,0.00000,0.00000,0.00000,0.37800,1.50515,3.17560,0.66292,0.63333,0.00000,2284.60417,-0.03065,-0.22461,0.20550,-0.03337,0.41988,0.75938,-0.07769,0.20907,-0.03420,-0.06722,0.05729,0.27778,0.34979,2.88419,0.50000,0.72472,0.72414,0.00000,0.74895,0.68200,1.89402,2.61927,0.78652,0.82143,0.00000
26,0.0139,2654208,54787,0.01416,2.73e-04,0.5628,179.4044,0.00000,0.52800,0.00000,10.00000,811.99445,0.00000,0.75805,0.00000,0.00000,0.76428,0.00000,0.00000,0.00000,0.00000,0.37800,1.52176,2.84594,0.58879,0.58667,0.00000,2275.88981,-0.03054,-0.22374,0.20624,-0.03376,0.42057,0.75983,-0.07732,0.20880,-0.03110,-0.06740,0.05719,0.27815,0.34981,2.87059,0.50000,0.67757,0.69863,0.00000,0.74903,0.67800,1.87875,2.89250,0.76636,0.81690,0.00000
27,0.0144,2752512,53898,0.01661,2.30e-04,0.5630,207.5036,0.00000,0.52600,0.00000,10.00000,809.68269,0.00000,0.70146,0.00000,0.00000,0.76543,0.00000,0.00000,0.00000,0.00000,0.37800,1.53584,2.81222,0.54545,0.55072,0.00000,2278.18294,-0.03063,-0.22376,0.20766,-0.03449,0.42145,0.76114,-0.07669,0.20954,-0.03461,-0.06746,0.05737,0.27971,0.35031,2.60105,0.50000,0.66667,0.68800,0.00000,0.75154,0.67400,1.85816,2.41100,0.78788,0.85714,0.00000
28,0.0149,2850816,55004,0.01960,1.83e-04,0.5632,197.3134,0.00000,0.52400,0.00000,10.00000,823.54728,0.00000,0.71498,0.00000,0.00000,0.76199,0.00000,0.00000,0.00000,0.00000,0.37800,1.54353,3.07486,0.63478,0.67073,0.00000,2266.73258,-0.03057,-0.22260,0.20721,-0.03187,0.41875,0.75775,-0.07631,0.20722,-0.03520,-0.06736,0.05703,0.27800,0.34949,2.77778,0.50000,0.70435,0.74324,0.00000,0.74747,0.67000,1.83374,2.45784,0.77391,0.83333,0.00000
29,0.0154,2949120,53626,0.01214,2.02e-04,0.5633,206.5149,0.00000,0.52200,0.00000,10.00000,902.60223,0.00000,0.81840,0.00000,0.00000,0.75764,0.00000,0.00000,0.00000,0.00000,0.37800,1.55332,3.13866,0.72043,0.70000,0.00000,2273.96240,-0.03059,-0.22342,0.20533,-0.03308,0.41717,0.75367,-0.07653,0.20442,-0.03333,-0.06742,0.05713,0.27484,0.34881,2.78365,0.50000,0.79032,0.77372,0.00000,0.74404,0.66600,1.80304,2.46091,0.86022,0.85075,0.00000
30,0.0159,3047424,54684,0.01202,1.92e-04,0.5634,211.8034,0.00000,0.52000,0.00000,10.00000,867.91614,0.00000,0.65401,0.00000,0.00000,0.75316,0.00000,0.00000,0.00000,0.00000,0.37800,1.56393,2.82840,0.64557,0.69231,0.00000,2263.58838,-0.03067,-0.22242,0.20452,-0.03318,0.41280,0.74918,-0.07661,0.20381,-0.03156,-0.06741,0.05664,0.27438,0.34731,2.59326,0.51333,0.71519,0.78495,0.00000,0.73656,0.66200,1.78808,2.31333,0.78481,0.90244,0.00000
31,0.0164,3145728,54633,0.01062,2.76e-04,0.5636,185.6597,0.00000,0.51800,0.00000,10.00000,878.57304,0.00000,0.74297,0.00000,0.00000,0.74907,0.00000,0.00000,0.00000,0.00000,0.37800,1.58027,3.25923,0.67470,0.65079,0.00000,2278.12272,-0.03083,-0.22398,0.20484,-0.03398,0.40957,0.74516,-0.07729,0.20279,-0.02925,-0.06720,0.05582,0.27393,0.34709,2.96242,3.34000,0.75301,0.74775,0.00000,0.73546,0.65800,1.76741,2.63404,0.83133,0.87500,0.00000
32,0.0169,3244032,53667,0.01149,3.72e-04,0.5637,199.5894,0.00000,0.51600,0.00000,10.00000,804.14348,0.00000,0.77991,0.00000,0.00000,0.74958,0.00000,0.00000,0.00000,0.00000,0.37800,1.56611,3.43107,0.64423,0.64935,0.00000,2288.79980,-0.03081,-0.22467,0.20356,-0.03431,0.41015,0.74598,-0.07769,0.20167,-0.03627,-0.06746,0.05575,0.27221,0.34756,2.95910,0.50000,0.67308,0.69178,0.00000,0.73780,0.65400,1.74645,2.51449,0.70192,0.73913,0.00000
33,0.0174,3342336,55110,0.01458,4.56e-04,0.5638,212.4795,0.00000,0.51400,0.00000,10.00000,834.20584,0.00000,0.74275,0.00000,0.00000,0.75449,0.00000,0.00000,0.00000,0.00000,0.37800,1.58856,2.85673,0.66304,0.68116,0.00000,2282.53825,-0.03091,-0.22418,0.20309,-0.03383,0.41107,0.75075,-0.07757,0.20070,-0.03480,-0.06740,0.05569,0.27171,0.34771,2.69495,0.50000,0.71196,0.73171,0.00000,0.73856,0.65000,1.72495,2.53607,0.76087,0.79630,0.00000
34,0.0180,3440640,54450,0.01146,5.04e-04,0.5640,210.0370,0.00000,0.51200,0.00000,10.00000,839.10511,0.00000,0.72016,0.00000,0.00000,0.75290,0.00000,0.00000,0.00000,0.00000,0.37800,1.60947,2.91045,0.72222,0.79730,0.00000,2268.85270,-0.03104,-0.22301,0.20070,-0.03272,0.41182,0.74916,-0.07701,0.19673,-0.03316,-0.06734,0.05530,0.26828,0.34769,2.66549,0.61200,0.69444,0.75714,0.00000,0.73845,0.64600,1.68600,2.40906,0.66667,0.71212,0.00000
35,0.0185,3538944,54831,0.01356,4.20e-04,0.5642,220.0339,0.00000,0.50800,0.00000,10.00000,863.04844,0.00000,0.71111,0.00000,0.00000,0.75093,0.00000,0.00000,0.00000,0.00000,0.37400,1.60310,3.31836,0.75000,0.78788,0.00000,2280.84391,-0.03107,-0.22387,0.19844,-0.03258,0.40879,0.74717,-0.07667,0.19334,-0.03330,-0.06700,0.05423,0.26475,0.34675,2.83697,0.50000,0.71000,0.72656,0.00000,0.73377,0.64200,1.64785,2.33069,0.67000,0.66129,0.00000
36,0.0190,3637248,56313,0.01238,5.35e-04,0.5644,232.6994,0.00000,0.50400,0.00000,10.00000,857.05901,0.00000,0.82524,0.00000,0.00000,0.74344,0.00000,0.00000,0.00000,0.00000,0.37000,1.59177,3.02946,0.70874,0.72619,0.00000,2293.17839,-0.03116,-0.22514,0.19605,-0.03327,0.40298,0.73976,-0.07663,0.19078,-0.03403,-0.06755,0.05317,0.26087,0.34534,2.70780,0.50000,0.70388,0.73856,0.00000,0.72668,0.63800,1.60724,2.35254,0.69903,0.75362,0.00000
37,0.0195,3735552,54774,0.01496,6.09e-04,0.5646,211.2702,0.00000,0.50000,0.00000,10.00000,818.47697,0.00000,0.74074,0.00000,0.00000,0.74079,0.00000,0.00000,0.00000,0.00000,0.36600,1.59939,3.25397,0.70833,0.75362,0.00000,2297.32601,-0.03115,-0.22566,0.19522,-0.03293,0.39837,0.73750,-0.07632,0.18946,-0.03768,-0.06737,0.05261,0.25940,0.34409,2.81107,0.50000,0.66146,0.68750,0.00000,0.72043,0.63400,1.58158,2.33000,0.61458,0.61017,0.00000
38,0.0200,3833856,54226,0.01301,5.73e-04,0.5649,203.0680,0.00000,0.49600,0.00000,10.00000,842.66459,0.00000,0.67422,0.00000,0.00000,0.73587,0.00000,0.00000,0.00000,0.00000,0.36200,1.59028,2.81437,0.72816,0.81538,0.00000,2303.20573,-0.03124,-0.22604,0.19085,-0.03164,0.39533,0.73265,-0.07673,0.18508,-0.03679,-0.06752,0.05105,0.25326,0.34362,2.38592,0.55333,0.64563,0.68000,0.00000,0.71812,0.63000,1.53247,1.93639,0.56311,0.53333,0.00000
39,0.0205,3932160,54538,0.01648,4.26e-04,0.5650,227.0590,0.00000,0.49200,0.00000,10.00000,838.45281,0.00000,0.81633,0.00000,0.00000,0.73323,0.00000,0.00000,0.00000,0.00000,0.35800,1.58571,3.24086,0.74490,0.76623,0.00000,2296.91374,-0.03146,-0.22533,0.18864,-0.03096,0.39197,0.73005,-0.07733,0.18258,-0.03672,-0.06721,0.05072,0.25044,0.34300,2.83167,0.50000,0.68878,0.69444,0.00000,0.71499,0.62600,1.50120,2.36968,0.63265,0.61194,0.00000
40,0.0210,4030464,54564,0.01113,4.77e-04,0.5651,234.6262,0.00000,0.48800,0.00000,10.00000,823.48224,0.00000,0.78972,0.00000,0.00000,0.73111,0.00000,0.00000,0.00000,0.00000,0.35400,1.56651,2.98102,0.70248,0.70115,0.00000,2313.37093,-0.03143,-0.22679,0.18291,-0.03094,0.38719,0.72779,-0.07658,0.17711,-0.03908,-0.06769,0.04890,0.24258,0.34133,2.73631,0.53333,0.67769,0.67442,0.00000,0.70665,0.62200,1.44620,2.47838,0.65289,0.64706,0.00000
41,0.0215,4128768,55266,0.01383,5.47e-04,0.5653,245.2894,0.00000,0.48400,0.00000,10.00000,783.29672,0.00000,0.78431,0.00000,0.00000,0.72318,0.00000,0.00000,0.00000,0.00000,0.35000,1.56071,3.16500,0.60784,0.64474,0.00000,2314.34912,-0.03143,-0.22707,0.17813,-0.02944,0.38150,0.71997,-0.07570,0.17199,-0.03729,-0.06755,0.04753,0.23551,0.33905,2.60750,0.50000,0.60294,0.61806,0.00000,0.69524,0.61800,1.38478,2.05000,0.59804,0.58824,0.00000
42,0.0220,4227072,53753,0.01113,6.88e-04,0.5655,226.7139,0.00000,0.48000,0.00000,10.00000,868.93947,0.00000,0.77193,0.00000,0.00000,0.71214,0.00000,0.00000,0.00000,0.00000,0.34600,1.55941,3.00806,0.74737,0.72464,0.00000,2315.71517,-0.03161,-0.22711,0.17578,-0.03027,0.37301,0.70915,-0.07576,0.16899,-0.03948,-0.06774,0.04713,0.23279,0.33642,2.66513,0.50000,0.63684,0.58333,0.00000,0.68211,0.61400,1.34422,2.27854,0.52632,0.42857,0.00000
43,0.0225,4325376,53020,0.01309,6.42e-04,0.5657,251.2090,0.00000,0.47600,0.00000,10.00000,808.00266,0.00000,0.75126,0.00000,0.00000,0.70588,0.00000,0.00000,0.00000,0.00000,0.34200,1.53150,2.36000,0.72727,0.75410,0.00000,2364.75065,-0.03164,-0.23163,0.17115,-0.02912,0.36758,0.70300,-0.07610,0.16472,-0.04031,-0.06799,0.04531,0.22697,0.33499,2.27490,0.50000,0.61932,0.61345,0.00000,0.67494,0.61000,1.30931,2.17130,0.51136,0.46552,0.00000
44,0.0230,4423680,54605,0.01772,4.56e-04,0.5660,226.7538,0.00000,0.47200,0.00000,10.00000,778.51936,0.00000,0.76543,0.00000,0.00000,0.70097,0.00000,0.00000,0.00000,0.00000,0.33800,1.54884,2.72276,0.67778,0.75806,0.00000,2389.27767,-0.03191,-0.23432,0.16928,-0.02930,0.36143,0.69795,-0.07670,0.16224,-0.04090,-0.06788,0.04513,0.22459,0.33412,2.43018,0.50000,0.58333,0.64516,0.00000,0.67059,0.60600,1.27528,2.10384,0.48889,0.53226,0.00000
45,0.0235,4521984,55891,0.01333,5.07e-04,0.5662,220.6465,0.00000,0.46800,0.00000,10.00000,705.71151,0.00000,0.75810,0.00000,0.00000,0.70260,0.00000,0.00000,0.00000,0.00000,0.33400,1.55947,2.91384,0.62500,0.65079,0.00000,2394.80632,-0.03191,-0.23486,0.16743,-0.02934,0.36114,0.69978,-0.07721,0.15993,-0.03840,-0.06781,0.04387,0.22215,0.33390,2.57160,0.50000,0.51562,0.50382,0.00000,0.66951,0.60200,1.24156,2.20083,0.40625,0.36765,0.00000
46,0.0240,4620288,54838,0.01050,6.57e-04,0.5664,247.6618,0.00000,0.46600,0.00000,10.00000,803.43170,0.00000,0.81901,0.00000,0.00000,0.70121,0.00000,0.00000,0.00000,0.00000,0.33000,1.56762,2.71935,0.79381,0.81159,0.00000,2413.57357,-0.03184,-0.23674,0.16705,-0.02921,0.35992,0.69838,-0.07660,0.15812,-0.04113,-0.06835,0.04267,0.22027,0.33362,2.49899,0.00000,0.63402,0.61538,0.00000,0.66808,0.60200,1.21339,2.25930,0.47423,0.43243,0.00000
47,0.0245,4718592,55595,0.01473,4.26e-04,0.5667,230.7686,0.00000,0.46400,0.00000,10.00000,723.05228,0.00000,0.72115,0.00000,0.00000,0.70025,0.00000,0.00000,0.00000,0.00000,0.32600,1.55048,2.42407,0.59615,0.60938,0.00000,2403.84538,-0.03201,-0.23560,0.16245,-0.02835,0.35649,0.69739,-0.07601,0.15332,-0.04067,-0.06816,0.04209,0.21424,0.33201,2.48446,0.50000,0.52404,0.53333,0.00000,0.66004,0.60200,1.17024,2.54069,0.45192,0.46479,0.00000
48,0.0250,4816896,54311,0.01244,5.12e-04,0.5669,232.4250,0.00000,0.46200,0.00000,10.00000,798.02478,0.00000,0.74074,0.00000,0.00000,0.69432,0.00000,0.00000,0.00000,0.00000,0.32200,1.54130,3.11147,0.72727,0.72059,0.00000,2385.65641,-0.03218,-0.23376,0.15886,-0.02701,0.35370,0.69160,-0.07619,0.14909,-0.03853,-0.06817,0.04153,0.20981,0.33117,2.74019,0.50000,0.60101,0.57576,0.00000,0.65583,0.60200,1.13455,2.23689,0.47475,0.42188,0.00000
49,0.0256,4915200,53237,0.01571,3.89e-04,0.5670,237.2517,0.00000,0.46000,0.00000,10.00000,691.43819,0.00000,0.80138,0.00000,0.00000,0.68823,0.00000,0.00000,0.00000,0.00000,0.31800,1.51434,2.71354,0.61947,0.63415,0.00000,2381.00423,-0.03233,-0.23319,0.15441,-0.02645,0.34762,0.68552,-0.07608,0.14368,-0.04236,-0.06800,0.04023,0.20267,0.32941,2.45712,0.50000,0.48230,0.47853,0.00000,0.64704,0.60200,1.08708,2.17933,0.34513,0.32099,0.00000
50,0.0261,5013504,53592,0.01304,4.29e-04,0.5673,223.7865,0.00000,0.45800,0.00000,10.00000,777.84783,0.00000,0.84541,0.00000,0.00000,0.68135,0.00000,0.00000,0.00000,0.00000,0.31400,1.49638,2.89536,0.73913,0.70769,0.00000,2385.42057,-0.03237,-0.23381,0.15348,-0.02631,0.34213,0.67864,-0.07629,0.14262,-0.04102,-0.06796,0.03963,0.20107,0.32757,2.66414,0.00000,0.58696,0.55714,0.00000,0.63783,0.60200,1.07793,2.42873,0.43478,0.42667,0.00000
51,0.0266,5111808,53105,0.02693,2.94e-04,0.5675,227.1119,0.00000,0.45600,0.00000,10.00000,728.24927,0.00000,0.77778,0.00000,0.00000,0.67083,0.00000,0.00000,0.00000,0.00000,0.31000,1.48328,2.12415,0.61250,0.67241,0.00000,2419.41569,-0.03253,-0.23677,0.15030,-0.02564,0.33581,0.66832,-0.07648,0.13926,-0.04442,-0.06785,0.03928,0.19685,0.32531,2.35213,0.50000,0.52500,0.55357,0.00000,0.62656,0.60200,1.04631,2.64683,0.43750,0.42593,0.00000
52,0.0272,5210112,52635,0.01105,3.52e-04,0.5678,207.7852,0.00000,0.45400,0.00000,10.00000,646.43054,0.00000,0.92818,0.00000,0.00000,0.66804,0.00000,0.00000,0.00000,0.00000,0.30600,1.48640,3.06847,0.69512,0.68571,0.00000,2451.50244,-0.03258,-0.24007,0.15012,-0.02541,0.33230,0.66550,-0.07650,0.13888,-0.03995,-0.06791,0.03877,0.19666,0.32466,2.71091,0.50000,0.51220,0.46715,0.00000,0.62328,0.60200,1.04517,2.18350,0.32927,0.23881,0.00000
53,0.0277,5308416,52198,0.01710,2.71e-04,0.5679,235.1168,0.00000,0.45200,0.00000,10.00000,711.00442,0.00000,0.76520,0.00000,0.00000,0.67318,0.00000,0.00000,0.00000,0.00000,0.30200,1.47960,2.62291,0.71698,0.72727,0.00000,2442.74463,-0.03256,-0.23948,0.14885,-0.02468,0.33551,0.67048,-0.07691,0.13724,-0.04040,-0.06798,0.03817,0.19455,0.32576,2.38036,0.50000,0.49528,0.44521,0.00000,0.62881,0.60200,1.04540,2.14631,0.27358,0.21250,0.00000
54,0.0282,5406720,52518,0.01127,2.64e-04,0.5681,226.0800,0.00000,0.45000,0.00000,10.00000,699.88867,0.00000,0.79861,0.00000,0.00000,0.67579,0.00000,0.00000,0.00000,0.00000,0.29800,1.46425,2.53074,0.68750,0.66154,0.00000,2447.23665,-0.03270,-0.23974,0.14654,-0.02455,0.33529,0.67312,-0.07642,0.13474,-0.04330,-0.06777,0.03744,0.19206,0.32577,2.48767,0.50000,0.48958,0.43478,0.00000,0.62883,0.60200,1.03494,2.43600,0.29167,0.23288,0.00000
55,0.0287,5505024,52030,0.01011,3.10e-04,0.5682,232.1433,0.00000,0.44800,0.00000,10.00000,641.32001,0.00000,0.80423,0.00000,0.00000,0.67112,0.00000,0.00000,0.00000,0.00000,0.29400,1.43490,2.95492,0.65714,0.70130,0.00000,2447.62435,-0.03286,-0.23963,0.14390,-0.02450,0.33340,0.66855,-0.07660,0.13290,-0.04185,-0.06780,0.03710,0.18912,0.32506,2.66288,0.53200,0.45714,0.43421,0.00000,0.62528,0.60200,1.02636,2.21415,0.25714,0.16000,0.00000
56,0.0293,5603328,52206,0.01509,2.47e-04,0.5683,241.1921,0.00000,0.44600,0.00000,10.00000,675.94242,0.00000,0.78889,0.00000,0.00000,0.66887,0.00000,0.00000,0.00000,0.00000,0.29000,1.39822,2.61214,0.69000,0.68254,0.00000,2431.55257,-0.03288,-0.23817,0.14178,-0.02369,0.33048,0.66630,-0.07758,0.13161,-0.04082,-0.06765,0.03681,0.18635,0.32470,2.51060,0.50000,0.50000,0.44366,0.00000,0.62352,0.60200,1.03526,2.38136,0.31000,0.25316,0.00000
57,0.0298,5701632,53461,0.00900,3.55e-04,0.5685,214.3980,0.00000,0.44400,0.00000,10.00000,733.63281,0.00000,0.76389,0.00000,0.00000,0.66614,0.00000,0.00000,0.00000,0.00000,0.28600,1.37261,2.96000,0.71875,0.71014,0.00000,2432.49316,-0.03286,-0.23826,0.14018,-0.02432,0.32907,0.66353,-0.07752,0.13061,-0.04438,-0.06750,0.03545,0.18421,0.32436,2.70417,0.50000,0.52604,0.44697,0.00000,0.62178,0.60200,1.03393,2.27529,0.33333,0.15873,0.00000
58,0.0303,5799936,51613,0.01153,3.98e-04,0.5686,242.8613,0.00000,0.44200,0.00000,10.00000,625.87158,0.00000,0.78307,0.00000,0.00000,0.66186,0.00000,0.00000,0.00000,0.00000,0.28200,1.35695,3.01639,0.66667,0.71429,0.00000,2444.31885,-0.03280,-0.23930,0.13863,-0.02395,0.32605,0.65940,-0.07737,0.12882,-0.04477,-0.06784,0.03529,0.18181,0.32329,2.68945,0.50000,0.45714,0.44595,0.00000,0.61647,0.60200,1.02019,2.28245,0.24762,0.20513,0.00000
59,0.0309,5898240,47043,0.01242,4.66e-04,0.5688,213.5460,0.00000,0.44000,0.00000,10.00000,586.57115,0.00000,0.83632,0.00000,0.00000,0.65936,0.00000,0.00000,0.00000,0.00000,0.27800,1.33758,2.57920,0.55914,0.53125,0.00000,2433.79590,-0.03288,-0.23844,0.13725,-0.02434,0.32457,0.65693,-0.07764,0.12721,-0.04284,-0.06737,0.03473,0.17944,0.32271,2.72857,0.59500,0.39247,0.35000,0.00000,0.61353,0.60200,1.02381,2.91073,0.22581,0.19737,0.00000
60,0.0315,5996544,47837,0.01195,5.73e-04,0.5690,252.8828,0.00000,0.43800,0.00000,10.00000,625.99585,0.00000,0.88004,0.00000,0.00000,0.65674,0.00000,0.00000,0.00000,0.00000,0.27400,1.31300,2.73173,0.68142,0.68539,0.00000,2443.34961,-0.03280,-0.23940,0.13788,-0.02461,0.32436,0.65429,-0.07767,0.12864,-0.04623,-0.06765,0.03468,0.18052,0.32237,2.48590,0.50000,0.46903,0.43575,0.00000,0.61186,0.60200,1.04089,2.09362,0.25664,0.18889,0.00000
61,0.0321,6094848,46615,0.02109,5.47e-04,0.5691,227.8160,0.00000,0.43600,0.00000,10.00000,620.67044,0.00000,0.81871,0.00000,0.00000,0.65814,0.00000,0.00000,0.00000,0.00000,0.27000,1.28668,2.79862,0.62281,0.57692,0.00000,2424.97038,-0.03276,-0.23763,0.13604,-0.02438,0.32494,0.65565,-0.07702,0.12778,-0.04151,-0.06748,0.03485,0.17835,0.32317,2.62021,0.67000,0.41667,0.34524,0.00000,0.61586,0.60200,1.05628,2.34054,0.21053,0.14444,0.00000
62,0.0327,6193152,46605,0.01939,4.00e-04,0.5693,239.2920,0.00000,0.43600,0.00000,10.00000,616.93953,0.00000,0.82200,0.00000,0.00000,0.65588,0.00000,0.00000,0.00000,0.00000,0.26600,1.24116,2.75333,0.60204,0.59420,0.00000,2435.50846,-0.03275,-0.23853,0.13491,-0.02368,0.32543,0.65324,-0.07733,0.12776,-0.04114,-0.06749,0.03461,0.17680,0.32330,2.66193,0.50000,0.43878,0.40000,0.00000,0.61649,0.60600,1.08618,2.55095,0.27551,0.22368,0.00000
63,0.0333,6291456,44229,0.01255,4.69e-04,0.5694,229.1485,0.00000,0.43600,0.00000,10.00000,694.37224,0.00000,0.84175,0.00000,0.00000,0.64755,0.00000,0.00000,0.00000,0.00000,0.26200,1.22317,2.75738,0.64646,0.62338,0.00000,2459.07096,-0.03281,-0.24098,0.13537,-0.02363,0.31912,0.64509,-0.07730,0.12772,-0.04435,-0.06762,0.03443,0.17711,0.32173,2.65725,0.50000,0.47475,0.40667,0.00000,0.60865,0.61000,1.09335,2.50829,0.30303,0.17808,0.00000
64,0.0339,6389760,48025,0.01153,4.56e-04,0.5697,243.5519,0.00000,0.43600,0.00000,10.00000,537.23934,0.00000,0.81046,0.00000,0.00000,0.64613,0.00000,0.00000,0.00000,0.00000,0.25800,1.21483,2.57045,0.52941,0.48214,0.00000,2468.59619,-0.03311,-0.24185,0.13433,-0.02368,0.31864,0.64366,-0.07891,0.12679,-0.04323,-0.06748,0.03448,0.17588,0.32164,2.81243,0.50000,0.34706,0.29032,0.00000,0.60818,0.61400,1.09549,3.16733,0.16471,0.13235,0.00000
65,0.0345,6488064,48874,0.01249,3.89e-04,0.5698,224.6770,0.00000,0.43600,0.00000,10.00000,610.75607,0.00000,0.73877,0.00000,0.00000,0.64826,0.00000,0.00000,0.00000,0.00000,0.25400,1.21036,2.77611,0.55319,0.49057,0.00000,2489.65495,-0.03321,-0.24359,0.13476,-0.02308,0.32114,0.64577,-0.07961,0.12825,-0.04579,-0.06723,0.03456,0.17732,0.32210,2.62300,0.59200,0.42021,0.34400,0.00000,0.61048,0.61800,1.12412,2.49773,0.28723,0.23611,0.00000
66,0.0350,6586368,50183,0.01128,5.66e-04,0.5700,235.2026,0.00000,0.43600,0.00000,10.00000,569.61471,0.00000,0.75817,0.00000,0.00000,0.65585,0.00000,0.00000,0.00000,0.00000,0.25000,1.19186,2.72706,0.44706,0.40351,0.00000,2492.04199,-0.03305,-0.24406,0.13660,-0.02402,0.32644,0.65348,-0.08016,0.13090,-0.04734,-0.06770,0.03541,0.17975,0.32420,2.69710,0.50000,0.38235,0.31897,0.00000,0.62100,0.62200,1.16822,2.66800,0.31765,0.23729,0.00000
67,0.0356,6684672,48964,0.01647,4.26e-04,0.5700,224.5597,0.00000,0.43800,0.00000,10.00000,560.84406,0.00000,0.90959,0.00000,0.00000,0.65831,0.00000,0.00000,0.00000,0.00000,0.25000,1.19066,3.16316,0.50000,0.47674,0.00000,2479.28027,-0.03308,-0.24296,0.13831,-0.02437,0.32989,0.65597,-0.08051,0.13312,-0.04225,-0.06733,0.03576,0.18246,0.32582,3.12577,0.50000,0.41667,0.37126,0.00000,0.62910,0.62600,1.21565,3.07250,0.33333,0.25926,0.00000
68,0.0361,6782976,49439,0.01656,3.89e-04,0.5702,229.9207,0.00000,0.44000,0.00000,10.00000,552.29531,0.00000,0.75397,0.00000,0.00000,0.66386,0.00000,0.00000,0.00000,0.00000,0.25000,1.15972,2.78893,0.46429,0.43243,0.00000,2476.87174,-0.03312,-0.24271,0.13991,-0.02431,0.33299,0.66124,-0.08023,0.13504,-0.04241,-0.06763,0.03632,0.18408,0.32641,2.82185,0.50000,0.37946,0.33553,0.00000,0.63207,0.63000,1.25512,2.85280,0.29464,0.24359,0.00000
69,0.0367,6881280,47833,0.02192,3.17e-04,0.5704,247.1475,0.00000,0.44200,0.00000,10.00000,564.69968,0.00000,0.80645,0.00000,0.00000,0.66630,0.00000,0.00000,0.00000,0.00000,0.25000,1.14822,2.73850,0.47312,0.43939,0.00000,2471.65267,-0.03306,-0.24212,0.14078,-0.02474,0.33560,0.66361,-0.08090,0.13726,-0.04221,-0.06760,0.03677,0.18616,0.32767,2.69797,0.61000,0.38710,0.32593,0.00000,0.63835,0.63400,1.28550,2.65641,0.30108,0.21739,0.00000
70,0.0373,6979584,47820,0.01305,3.31e-04,0.5706,218.8049,0.00000,0.44400,0.00000,10.00000,563.97607,0.00000,0.85813,0.00000,0.00000,0.66989,0.00000,0.00000,0.00000,0.00000,0.25000,1.15658,3.16800,0.48214,0.45455,0.00000,2418.34945,-0.03293,-0.23712,0.14317,-0.02506,0.34068,0.66712,-0.08024,0.14018,-0.03997,-0.06797,0.03784,0.18978,0.32890,3.07184,0.50000,0.41071,0.37572,0.00000,0.64452,0.63800,1.31474,2.96166,0.33929,0.29412,0.00000
71,0.0379,7077888,48539,0.02054,1.33e-04,0.5707,231.5985,0.00000,0.44600,0.00000,10.00000,644.75348,0.00000,0.85470,0.00000,0.00000,0.67090,0.00000,0.00000,0.00000,0.00000,0.25000,1.14456,3.04490,0.52747,0.50000,0.00000,2436.20312,-0.03293,-0.23888,0.14603,-0.02559,0.34093,0.66813,-0.08070,0.14338,-0.04301,-0.06791,0.03852,0.19340,0.32873,3.03892,0.50000,0.49451,0.45714,0.00000,0.64364,0.64200,1.35339,3.03227,0.46154,0.41429,0.00000
72,0.0384,7176192,48482,0.01106,2.07e-04,0.5707,219.0112,0.00000,0.44800,0.00000,10.00000,617.45166,0.00000,0.74306,0.00000,0.00000,0.66948,0.00000,0.00000,0.00000,0.00000,0.25000,1.13451,3.11371,0.52500,0.49091,0.00000,2455.49040,-0.03298,-0.24078,0.14679,-0.02524,0.34056,0.66656,-0.08140,0.14402,-0.04215,-0.06773,0.03886,0.19439,0.32911,3.27757,0.50000,0.48750,0.43925,0.00000,0.64553,0.64600,1.38876,3.46258,0.45000,0.38462,0.00000
73,0.0390,7274496,48083,0.01071,2.98e-04,0.5708,253.2037,0.00000,0.45000,0.00000,10.00000,670.80859,0.00000,0.83979,0.00000,0.00000,0.67182,0.00000,0.00000,0.00000,0.00000,0.25000,1.13321,2.90174,0.56977,0.51471,0.00000,2471.15430,-0.03304,-0.24221,0.14851,-0.02602,0.34253,0.66888,-0.08270,0.14550,-0.04371,-0.06773,0.03947,0.19654,0.33008,2.89547,0.50000,0.52326,0.43846,0.00000,0.65039,0.65000,1.42085,2.88789,0.47674,0.35484,0.00000
74,0.0396,7372800,49533,0.01218,3.42e-04,0.5709,224.6255,0.00000,0.45000,0.00000,10.00000,592.14806,0.00000,0.79594,0.00000,0.00000,0.68491,0.00000,0.00000,0.00000,0.00000,0.25000,1.12020,2.87911,0.48077,0.41892,0.00000,2472.82552,-0.03298,-0.24246,0.14949,-0.02645,0.34971,0.68193,-0.08250,0.14745,-0.04156,-0.06783,0.04020,0.19860,0.33214,3.09333,0.50000,0.45673,0.40268,0.00000,0.66072,0.65000,1.46505,3.30755,0.43269,0.38667,0.00000
75,0.0401,7471104,49089,0.01133,4.64e-04,0.5710,233.5776,0.00000,0.45000,0.00000,10.00000,586.63496,0.00000,0.78889,0.00000,0.00000,0.69079,0.00000,0.00000,0.00000,0.00000,0.25000,1.12778,3.21545,0.43000,0.38462,0.00000,2451.01123,-0.03294,-0.24047,0.15304,-0.02563,0.35420,0.68764,-0.08247,0.15204,-0.04007,-0.06782,0.04148,0.20490,0.33317,3.32268,0.50000,0.44500,0.36620,0.00000,0.66587,0.65000,1.51740,3.44684,0.46000,0.34375,0.00000
76,0.0407,7569408,47771,0.01512,3.27e-04,0.5710,240.8008,0.00000,0.45000,0.00000,10.00000,622.95930,0.00000,0.77249,0.00000,0.00000,0.69682,0.00000,0.00000,0.00000,0.00000,0.25000,1.14048,3.29736,0.48571,0.47297,0.00000,2427.33626,-0.03287,-0.23811,0.15774,-0.02694,0.36188,0.69358,-0.08197,0.15688,-0.04076,-0.06782,0.04282,0.21072,0.33538,3.46323,0.50000,0.50952,0.49315,0.00000,0.67689,0.65000,1.56954,3.65435,0.53333,0.51389,0.00000
77,0.0413,7667712,49436,0.01206,3.93e-04,0.5711,236.4148,0.00000,0.45000,0.00000,10.00000,670.10613,0.00000,0.76458,0.00000,0.00000,0.69781,0.00000,0.00000,0.00000,0.00000,0.25000,1.13148,3.13447,0.54455,0.48571,0.00000,2406.46582,-0.03262,-0.23617,0.16168,-0.02747,0.36415,0.69449,-0.08167,0.16151,-0.04036,-0.06790,0.04426,0.21601,0.33629,3.28903,0.50000,0.53960,0.46763,0.00000,0.68143,0.65000,1.61695,3.44695,0.53465,0.44928,0.00000
78,0.0418,7766016,48230,0.01377,4.64e-04,0.5712,245.7870,0.00000,0.45000,0.00000,10.00000,615.77400,0.00000,0.81066,0.00000,0.00000,0.69950,0.00000,0.00000,0.00000,0.00000,0.25000,1.12218,2.92609,0.46939,0.44444,0.00000,2385.95654,-0.03250,-0.23431,0.16478,-0.02656,0.36510,0.69621,-0.08158,0.16559,-0.03482,-0.06761,0.04541,0.22016,0.33625,3.67284,0.50000,0.53061,0.50350,0.00000,0.68126,0.65000,1.66697,4.37387,0.59184,0.56338,0.00000
79,0.0424,7864320,48629,0.01888,2.76e-04,0.5714,238.5924,0.00000,0.45000,0.00000,10.00000,626.86180,0.00000,0.78333,0.00000,0.00000,0.70339,0.00000,0.00000,0.00000,0.00000,0.25000,1.13829,2.80186,0.45000,0.43836,0.00000,2415.27116,-0.03227,-0.23697,0.16768,-0.02828,0.36965,0.70020,-0.08124,0.16925,-0.04087,-0.06780,0.04604,0.22375,0.33754,3.45917,0.50000,0.53000,0.53901,0.00000,0.68770,0.65000,1.68857,3.98259,0.61000,0.64706,0.00000
80,0.0430,7962624,47435,0.01307,3.31e-04,0.5714,225.7790,0.00000,0.45000,0.00000,10.00000,631.28096,0.00000,0.72515,0.00000,0.00000,0.70738,0.00000,0.00000,0.00000,0.00000,0.25000,1.16576,2.57666,0.34737,0.27778,0.00000,2398.37435,-0.03220,-0.23549,0.17095,-0.02857,0.37458,0.70405,-0.08126,0.17223,-0.03594,-0.06779,0.04687,0.22847,0.33888,3.38240,0.50000,0.49474,0.40323,0.00000,0.69440,0.65000,1.72060,4.12615,0.64211,0.57692,0.00000
81,0.0436,8060928,47388,0.01145,3.89e-04,0.5715,221.1547,0.00000,0.45000,0.00000,10.00000,597.31871,0.00000,0.84112,0.00000,0.00000,0.70806,0.00000,0.00000,0.00000,0.00000,0.25000,1.16463,3.64145,0.43925,0.44048,0.00000,2387.66569,-0.03200,-0.23443,0.17301,-0.02983,0.37569,0.70495,-0.08027,0.17375,-0.03761,-0.06827,0.04648,0.22992,0.33936,3.75982,0.50000,0.50935,0.51235,0.00000,0.69679,0.65000,1.72190,3.86833,0.57944,0.58974,0.00000
82,0.0441,8159232,48584,0.01182,5.12e-04,0.5716,211.4389,0.00000,0.45000,0.00000,10.00000,650.18397,0.00000,0.81541,0.00000,0.00000,0.71063,0.00000,0.00000,0.00000,0.00000,0.25000,1.17311,3.91052,0.45968,0.42424,0.00000,2368.29069,-0.03200,-0.23259,0.17322,-0.02854,0.37735,0.70740,-0.07962,0.17352,-0.03515,-0.06801,0.04679,0.22919,0.33952,3.49701,0.50000,0.54435,0.48901,0.00000,0.69759,0.65000,1.71414,3.16028,0.62903,0.56627,0.00000
83,0.0447,8257536,49094,0.01681,4.10e-04,0.5718,210.1128,0.00000,0.45000,0.00000,10.00000,663.89019,0.00000,0.78652,0.00000,0.00000,0.71033,0.00000,0.00000,0.00000,0.00000,0.25000,1.18251,3.41613,0.39326,0.30303,0.00000,2353.20898,-0.03198,-0.23110,0.17403,-0.02940,0.37768,0.70725,-0.07870,0.17413,-0.03442,-0.06795,0.04714,0.23118,0.33915,3.27658,0.50000,0.56180,0.50794,0.00000,0.69573,0.65000,1.70751,3.19176,0.73034,0.73333,0.00000
84,0.0453,8355840,48616,0.01660,2.96e-04,0.5720,216.3579,0.00000,0.45000,0.00000,10.00000,754.04962,0.00000,0.77485,0.00000,0.00000,0.70662,0.00000,0.00000,0.00000,0.00000,0.25000,1.18286,2.93319,0.46491,0.35714,0.00000,2375.25879,-0.03200,-0.23314,0.17462,-0.02925,0.37515,0.70354,-0.07902,0.17445,-0.03675,-0.06809,0.04751,0.23153,0.33807,3.03763,0.00000,0.59211,0.51572,0.00000,0.69033,0.65000,1.70838,3.11555,0.71930,0.69333,0.00000
85,0.0459,8454144,49062,0.01201,3.42e-04,0.5722,222.6679,0.00000,0.45000,0.00000,10.00000,645.84966,0.00000,0.71321,0.00000,0.00000,0.70737,0.00000,0.00000,0.00000,0.00000,0.25000,1.19635,3.25567,0.47297,0.49057,0.00000,2394.40234,-0.03210,-0.23519,0.17453,-0.02876,0.37573,0.70429,-0.07935,0.17412,-0.03453,-0.06794,0.04778,0.23171,0.33779,3.15452,0.50000,0.56081,0.57895,0.00000,0.68894,0.65000,1.71199,3.05055,0.64865,0.69048,0.00000
86,0.0465,8552448,45850,0.01291,4.10e-04,0.5723,204.7420,0.00000,0.45000,0.00000,10.00000,673.15524,0.00000,0.78652,0.00000,0.00000,0.70794,0.00000,0.00000,0.00000,0.00000,0.25000,1.20327,3.35714,0.41573,0.40278,0.00000,2407.51335,-0.03211,-0.23626,0.17679,-0.02865,0.37583,0.70477,-0.07949,0.17506,-0.03781,-0.06779,0.04809,0.23372,0.33754,3.33935,0.50000,0.58989,0.57143,0.00000,0.68770,0.65000,1.72269,3.32470,0.76404,0.79630,0.00000
87,0.0470,8650752,47952,0.01253,4.64e-04,0.5724,249.0435,0.00000,0.45000,0.00000,10.00000,648.40754,0.00000,0.75817,0.00000,0.00000,0.71387,0.00000,0.00000,0.00000,0.00000,0.25000,1.21923,3.10757,0.37647,0.36066,0.00000,2395.12923,-0.03205,-0.23510,0.17856,-0.02899,0.37840,0.71055,-0.07922,0.17649,-0.03667,-0.06783,0.04864,0.23573,0.33848,3.02244,0.50000,0.53529,0.57759,0.00000,0.69241,0.65000,1.73320,2.96302,0.69412,0.81818,0.00000
88,0.0476,8749056,48514,0.01537,3.51e-04,0.5725,223.8347,0.00000,0.45000,0.00000,10.00000,738.36821,0.00000,0.83593,0.00000,0.00000,0.71531,0.00000,0.00000,0.00000,0.00000,0.25000,1.22115,3.23440,0.51402,0.46429,0.00000,2392.04883,-0.03200,-0.23476,0.17764,-0.02936,0.38097,0.71232,-0.07967,0.17563,-0.03926,-0.06800,0.04862,0.23475,0.33929,3.12033,0.50000,0.63551,0.60248,0.00000,0.69645,0.65000,1.72709,3.04111,0.75701,0.75325,0.00000
89,0.0482,8847360,49328,0.01264,3.42e-04,0.5726,187.0972,0.00000,0.44800,0.00000,10.00000,705.12932,0.00000,0.69940,0.00000,0.00000,0.71797,0.00000,0.00000,0.00000,0.00000,0.25000,1.23363,2.94407,0.45536,0.45455,0.05263,2389.14681,-0.03190,-0.23475,0.17952,-0.02929,0.38240,0.71471,-0.07916,0.17804,-0.03480,-0.06814,0.04867,0.23724,0.33965,2.89233,0.50000,0.58929,0.62411,0.02564,0.69825,0.64600,1.73352,2.84229,0.72321,0.82812,0.00000
90,0.0487,8945664,49765,0.01346,3.65e-04,0.5727,184.9282,0.00000,0.44600,0.00000,10.00000,678.47386,0.00000,0.81958,0.00000,0.00000,0.71859,0.00000,0.00000,0.00000,0.00000,0.25000,1.24919,3.04263,0.38614,0.32468,0.00000,2368.71696,-0.03194,-0.23267,0.18120,-0.03029,0.38232,0.71535,-0.07890,0.17901,-0.03490,-0.06807,0.04968,0.23934,0.33964,2.91283,0.50000,0.56931,0.54362,0.00000,0.69819,0.64200,1.73404,2.84029,0.75248,0.77778,0.00000
91,0.0493,9043968,47830,0.02804,2.02e-04,0.5728,196.5929,0.00000,0.44400,0.00000,10.00000,744.18657,0.00000,0.79758,0.00000,0.00000,0.71962,0.00000,0.00000,0.00000,0.00000,0.25000,1.24980,3.68920,0.50495,0.49351,0.00000,2363.02214,-0.03183,-0.23205,0.18097,-0.02931,0.38450,0.71619,-0.07740,0.17961,-0.03808,-0.06850,0.04940,0.23908,0.34043,3.28973,0.50000,0.62376,0.61379,0.00000,0.70217,0.63800,1.71887,2.97270,0.74257,0.75000,0.00000
92,0.0499,9142272,48146,0.01275,2.53e-04,0.5730,212.7578,0.00000,0.44200,0.00000,10.00000,717.34583,0.00000,0.82716,0.00000,0.00000,0.71733,0.00000,0.00000,0.00000,0.00000,0.25000,1.27390,2.98980,0.51111,0.51351,0.00000,2379.07389,-0.03178,-0.23372,0.18184,-0.02945,0.38339,0.71392,-0.07835,0.18077,-0.03553,-0.06827,0.04970,0.24055,0.33994,2.85196,0.50000,0.57778,0.55970,0.00000,0.69969,0.63400,1.71334,2.71412,0.64444,0.61667,0.00000
93,0.0505,9240576,46486,0.01222,2.25e-04,0.5732,197.0613,0.00000,0.44000,0.00000,10.00000,778.29562,0.00000,0.75446,0.00000,0.00000,0.71574,0.00000,0.00000,0.00000,0.00000,0.25000,1.29061,3.24930,0.46914,0.39286,0.00000,2383.83464,-0.03173,-0.23404,0.18361,-0.03005,0.38256,0.71277,-0.07823,0.18129,-0.03789,-0.06806,0.05038,0.24142,0.34025,2.81383,0.50000,0.61111,0.59091,0.00000,0.70126,0.63000,1.71783,2.44666,0.75309,0.79630,0.00000
94,0.0510,9338880,49098,0.01232,2.53e-04,0.5733,202.7308,0.00000,0.43800,0.00000,10.00000,749.65423,0.00000,0.77267,0.00000,0.00000,0.71684,0.00000,0.00000,0.00000,0.00000,0.25000,1.32056,2.89077,0.50575,0.46970,0.00000,2411.47412,-0.03180,-0.23675,0.18432,-0.03067,0.38256,0.71377,-0.07809,0.18129,-0.03566,-0.06859,0.05077,0.24268,0.34027,2.69978,0.50000,0.62069,0.59504,0.00000,0.70135,0.62600,1.70103,2.55654,0.73563,0.74545,0.00000
95,0.0516,9437184,48284,0.01221,3.22e-04,0.5735,202.5451,0.00000,0.43600,0.00000,10.00000,728.41476,0.00000,0.84708,0.00000,0.00000,0.72370,0.00000,0.00000,0.00000,0.00000,0.25000,1.32481,3.47272,0.55446,0.54321,0.00000,2396.16423,-0.03196,-0.23534,0.18437,-0.03014,0.38481,0.72055,-0.07768,0.18117,-0.03619,-0.06827,0.05028,0.24290,0.34036,3.08492,0.50000,0.64851,0.65584,0.00000,0.70182,0.62200,1.69420,2.76657,0.74257,0.78082,0.00000
96,0.0522,9535488,45922,0.01413,3.87e-04,0.5736,213.5206,0.00000,0.43400,0.00000,10.00000,782.63847,0.00000,0.74830,0.00000,0.00000,0.72063,0.00000,0.00000,0.00000,0.00000,0.25000,1.32844,3.53560,0.60204,0.58904,0.00000,2401.08887,-0.03200,-0.23588,0.18460,-0.03008,0.38311,0.71737,-0.07725,0.18089,-0.03712,-0.06849,0.04994,0.24184,0.34027,3.18114,0.68000,0.68367,0.68939,0.00000,0.70134,0.61800,1.68597,2.85891,0.76531,0.81356,0.00000
97,0.0528,9633792,48524,0.01360,3.87e-04,0.5736,194.3737,0.00000,0.43200,0.00000,10.00000,793.02358,0.00000,0.69827,0.00000,0.00000,0.71975,0.00000,0.00000,0.00000,0.00000,0.25000,1.31236,3.05019,0.63303,0.59701,0.00000,2391.12028,-0.03205,-0.23472,0.18308,-0.03095,0.38176,0.71656,-0.07731,0.17992,-0.03639,-0.06880,0.04933,0.24054,0.33973,2.95135,0.76000,0.63761,0.62044,0.00000,0.69865,0.61400,1.67904,2.87612,0.64220,0.64286,0.00000
98,0.0533,9732096,48818,0.01833,2.70e-04,0.5737,190.2072,0.00000,0.43000,0.00000,10.00000,783.54278,0.00000,0.70119,0.00000,0.00000,0.71743,0.00000,0.00000,0.00000,0.00000,0.25000,1.31945,3.32000,0.55340,0.50000,0.00000,2374.50114,-0.03196,-0.23315,0.18117,-0.02997,0.38092,0.71440,-0.07708,0.17837,-0.03615,-0.06887,0.04878,0.23767,0.33932,3.08666,0.50000,0.64078,0.60000,0.00000,0.69658,0.61000,1.64742,2.88415,0.72816,0.72414,0.00000
99,0.0539,9830400,48465,0.01146,3.89e-04,0.5738,227.0180,0.00000,0.42800,0.00000,10.00000,718.74538,0.00000,0.75397,0.00000,0.00000,0.71491,0.00000,0.00000,0.00000,0.00000,0.25000,1.32906,3.33625,0.51020,0.50667,0.00000,2377.81331,-0.03186,-0.23338,0.18074,-0.03040,0.37915,0.71186,-0.07621,0.17711,-0.03861,-0.06892,0.04814,0.23649,0.33936,2.92000,0.50000,0.59184,0.57143,0.00000,0.69680,0.60600,1.61177,2.53577,0.67347,0.65517,0.00000
100,0.0545,9928704,48066,0.01777,3.17e-04,0.5740,194.0222,0.00000,0.42600,0.00000,10.00000,774.88447,0.00000,0.72391,0.00000,0.00000,0.71140,0.00000,0.00000,0.00000,0.00000,0.25000,1.34131,2.94723,0.56566,0.55714,0.00000,2377.09993,-0.03195,-0.23338,0.17935,-0.03067,0.37643,0.70855,-0.07602,0.17567,-0.03553,-0.06914,0.04758,0.23502,0.33803,3.01000,0.50000,0.63636,0.62016,0.00000,0.69014,0.60200,1.58649,3.06784,0.70707,0.69492,0.00000
101,0.0551,10027008,48328,0.01273,2.76e-04,0.5741,202.9130,0.00000,0.42400,0.00000,10.00000,757.58276,0.00000,0.76968,0.00000,0.00000,0.70935,0.00000,0.00000,0.00000,0.00000,0.25000,1.32637,3.35811,0.56250,0.56338,0.00000,2392.27035,-0.03200,-0.23474,0.17629,-0.03083,0.37156,0.70654,-0.07604,0.17246,-0.03655,-0.06900,0.04633,0.23060,0.33611,3.02881,0.50000,0.62500,0.63158,0.00000,0.68053,0.59800,1.55471,2.71714,0.68750,0.70968,0.00000
102,0.0557,10125312,48980,0.01180,3.57e-04,0.5742,208.5941,0.00000,0.42200,0.00000,10.00000,751.66030,0.00000,0.73375,0.00000,0.00000,0.70657,0.00000,0.00000,0.00000,0.00000,0.25000,1.34060,3.26784,0.50943,0.48718,0.08333,2398.74316,-0.03211,-0.23530,0.17448,-0.02958,0.36998,0.70356,-0.07603,0.16947,-0.03932,-0.06881,0.04578,0.22717,0.33591,2.88936,0.60500,0.59906,0.57857,0.04000,0.67953,0.59400,1.50471,2.55655,0.68868,0.69355,0.00000
103,0.0562,10223616,49933,0.01383,3.98e-04,0.5743,215.6418,0.00000,0.42000,0.00000,10.00000,708.56576,0.00000,0.83990,0.00000,0.00000,0.70757,0.00000,0.00000,0.00000,0.00000,0.25000,1.34515,3.35306,0.56693,0.56000,0.00000,2389.64909,-0.03213,-0.23450,0.17258,-0.02984,0.37109,0.70460,-0.07576,0.16673,-0.03609,-0.06915,0.04475,0.22428,0.33607,2.97987,0.50000,0.58661,0.58854,0.00000,0.68033,0.59000,1.46698,2.62557,0.60630,0.61957,0.00000
104,0.0568,10321920,48163,0.01483,3.72e-04,0.5744,220.2049,0.00000,0.41800,0.00000,10.00000,747.51708,0.00000,0.83333,0.00000,0.00000,0.70232,0.00000,0.00000,0.00000,0.00000,0.25000,1.36131,3.31080,0.59302,0.54545,0.00000,2375.75798,-0.03240,-0.23315,0.17051,-0.02968,0.36420,0.69943,-0.07548,0.16453,-0.03718,-0.06874,0.04455,0.22242,0.33367,3.04294,0.50000,0.62791,0.58140,0.00000,0.66836,0.58600,1.42298,2.78538,0.66279,0.61905,0.00000
105,0.0574,10420224,47946,0.01837,2.30e-04,0.5745,215.3365,0.00000,0.41600,0.00000,10.00000,750.34931,0.00000,0.81731,0.00000,0.00000,0.69473,0.00000,0.00000,0.00000,0.00000,0.25000,1.35498,3.70151,0.63462,0.58442,0.00000,2411.21517,-0.03249,-0.23633,0.16715,-0.02897,0.35911,0.69203,-0.07600,0.16053,-0.04195,-0.06877,0.04354,0.21795,0.33187,3.24465,0.00000,0.63462,0.58170,0.00000,0.65933,0.58200,1.37830,2.86032,0.63462,0.57895,0.00000
106,0.0579,10518528,47893,0.01425,2.02e-04,0.5746,223.0224,0.00000,0.41400,0.00000,10.00000,701.97646,0.00000,0.72650,0.00000,0.00000,0.69548,0.00000,0.00000,0.00000,0.00000,0.25000,1.37814,3.55515,0.48718,0.48000,0.00000,2448.11963,-0.03250,-0.24004,0.16784,-0.02876,0.35871,0.69269,-0.07611,0.16092,-0.03939,-0.06918,0.04311,0.21879,0.33173,2.62265,0.50000,0.50000,0.51961,0.00000,0.65866,0.57800,1.37532,2.00720,0.51282,0.55769,0.00000
107,0.0585,10616832,50483,0.01239,2.30e-04,0.5747,194.3326,0.00000,0.41200,0.00000,10.00000,741.64325,0.00000,0.75358,0.00000,0.00000,0.69509,0.00000,0.00000,0.00000,0.00000,0.25000,1.40849,2.78509,0.58416,0.58904,0.00000,2446.58675,-0.03251,-0.24003,0.16945,-0.02884,0.35793,0.69214,-0.07603,0.16072,-0.03755,-0.06902,0.04395,0.22117,0.33162,2.60547,0.50000,0.56436,0.55474,0.00000,0.65810,0.57400,1.37035,2.41176,0.54455,0.51562,0.00000
108,0.0591,10715136,48145,0.01091,2.98e-04,0.5748,212.3846,0.00000,0.41000,0.00000,10.00000,702.33803,0.00000,0.75397,0.00000,0.00000,0.69956,0.00000,0.00000,0.00000,0.00000,0.25000,1.42223,3.58727,0.61905,0.67241,0.00000,2469.16374,-0.03257,-0.24201,0.16735,-0.02885,0.35952,0.69686,-0.07619,0.15866,-0.03891,-0.06914,0.04366,0.21858,0.33193,2.93804,0.50000,0.55952,0.59649,0.00000,0.65965,0.57000,1.33507,2.34292,0.50000,0.51786,0.00000
109,0.0596,10813440,48216,0.01284,3.89e-04,0.5749,226.6793,0.00000,0.40800,0.00000,10.00000,727.49386,0.00000,0.79288,0.00000,0.00000,0.69869,0.00000,0.00000,0.00000,0.00000,0.25000,1.42521,3.39678,0.61165,0.60256,0.00000,2470.98486,-0.03269,-0.24207,0.16455,-0.02880,0.35631,0.69595,-0.07635,0.15570,-0.04362,-0.06922,0.04267,0.21469,0.33129,2.97702,0.50000,0.61165,0.60544,0.00000,0.65643,0.56600,1.28299,2.57172,0.61165,0.60870,0.00000
110,0.0602,10911744,48616,0.01894,2.76e-04,0.5750,249.2038,0.00000,0.40600,0.00000,10.00000,727.97887,0.00000,0.68783,0.00000,0.00000,0.69890,0.00000,0.00000,0.00000,0.00000,0.25000,1.42315,3.02370,0.60000,0.65625,0.00000,2474.13314,-0.03276,-0.24239,0.16167,-0.02854,0.35427,0.69616,-0.07621,0.15253,-0.04296,-0.06916,0.04184,0.21125,0.32990,2.66788,0.50000,0.54286,0.55385,0.00000,0.64951,0.56200,1.24461,2.24089,0.48571,0.45455,0.00000
111,0.0608,11010048,48215,0.01348,3.32e-04,0.5750,237.5036,0.00000,0.40400,0.00000,10.00000,700.11871,0.00000,0.81121,0.00000,0.00000,0.69591,0.00000,0.00000,0.00000,0.00000,0.25000,1.43988,3.47200,0.56637,0.57955,0.00000,2468.15641,-0.03281,-0.24182,0.16049,-0.02797,0.35193,0.69306,-0.07598,0.15077,-0.04339,-0.06974,0.04104,0.20908,0.32883,3.08528,0.50000,0.56195,0.56364,0.00000,0.64414,0.55800,1.21399,2.66633,0.55752,0.54545,0.00000
112,0.0614,11108352,48921,0.01273,3.80e-04,0.5750,236.3639,0.00000,0.40400,0.00000,10.00000,722.60768,0.00000,0.79710,0.00000,0.00000,0.69083,0.00000,0.00000,0.00000,0.00000,0.25000,1.44627,2.73346,0.57609,0.53521,0.00000,2456.94352,-0.03281,-0.24065,0.15973,-0.02703,0.34895,0.68802,-0.07528,0.14936,-0.04277,-0.06944,0.04169,0.20745,0.32742,2.74734,0.50000,0.56522,0.51515,0.00000,0.63711,0.55800,1.17726,2.76304,0.55435,0.49180,0.00000
113,0.0619,11206656,49435,0.02087,1.92e-04,0.5751,216.5424,0.00000,0.40400,0.00000,10.00000,716.50950,0.00000,0.77652,0.00000,0.00000,0.68351,0.00000,0.00000,0.00000,0.00000,0.25000,1.45940,3.31591,0.59091,0.57377,0.00000,2472.93538,-0.03289,-0.24209,0.15861,-0.02736,0.34273,0.68087,-0.07524,0.14744,-0.04107,-0.06975,0.04134,0.20611,0.32625,2.87000,0.50000,0.55114,0.52033,0.00000,0.63124,0.55800,1.14241,2.44348,0.51136,0.46774,0.00000
114,0.0625,11304960,47807,0.01449,1.83e-04,0.5751,214.0326,0.00000,0.40400,0.00000,10.00000,689.43229,0.00000,0.85048,0.00000,0.00000,0.67842,0.00000,0.00000,0.00000,0.00000,0.25000,1.47183,3.02792,0.69136,0.69355,0.00000,2501.49414,-0.03299,-0.24506,0.15848,-0.02745,0.33908,0.67587,-0.07582,0.14785,-0.04297,-0.06991,0.04107,0.20646,0.32527,2.79125,0.50000,0.54321,0.50000,0.00000,0.62637,0.55800,1.12030,2.49953,0.39506,0.30645,0.00000
115,0.0631,11403264,48093,0.01127,2.20e-04,0.5752,218.4903,0.00000,0.40400,0.00000,10.00000,704.64030,0.00000,0.80183,0.00000,0.00000,0.67952,0.00000,0.00000,0.00000,0.00000,0.25000,1.46942,3.02746,0.63918,0.68919,0.00000,2523.86263,-0.03284,-0.24719,0.15625,-0.02728,0.33906,0.67711,-0.07649,0.14565,-0.04854,-0.07006,0.04022,0.20379,0.32494,2.80719,0.50000,0.56186,0.57143,0.00000,0.62471,0.55800,1.09283,2.49319,0.48454,0.43939,0.00000
116,0.0636,11501568,48780,0.01107,2.02e-04,0.5752,215.5525,0.00000,0.40400,0.00000,10.00000,737.67364,0.00000,0.84229,0.00000,0.00000,0.67760,0.00000,0.00000,0.00000,0.00000,0.25000,1.45903,3.17709,0.69892,0.69863,0.00000,2538.44938,-0.03286,-0.24843,0.15210,-0.02703,0.33789,0.67526,-0.07522,0.14126,-0.04523,-0.06999,0.03889,0.19787,0.32471,2.80741,0.50000,0.56989,0.51773,0.00000,0.62354,0.55800,1.04385,2.30913,0.44086,0.32353,0.00000
117,0.0642,11599872,49479,0.01024,2.30e-04,0.5753,223.0304,0.00000,0.40400,0.00000,10.00000,707.90246,0.00000,0.73545,0.00000,0.00000,0.67472,0.00000,0.00000,0.00000,0.00000,0.25000,1.46707,3.31311,0.64762,0.64789,0.00000,2520.10514,-0.03306,-0.24664,0.15201,-0.02659,0.33465,0.67234,-0.07598,0.14061,-0.04644,-0.06969,0.03914,0.19736,0.32294,3.04106,0.50000,0.53810,0.49640,0.00000,0.61472,0.55800,1.02341,2.72192,0.42857,0.33824,0.00000
118,0.0648,11698176,48189,0.01394,2.06e-04,0.5752,217.7036,0.00000,0.40200,0.00000,10.00000,641.14371,0.00000,0.81667,0.00000,0.00000,0.67361,0.00000,0.00000,0.00000,0.00000,0.24600,1.46040,2.72492,0.68000,0.70833,0.00000,2481.72738,-0.03309,-0.24292,0.15012,-0.02574,0.33461,0.67131,-0.07556,0.13885,-0.04708,-0.06948,0.03861,0.19516,0.32330,2.65692,0.63600,0.48000,0.46259,0.00000,0.61648,0.55800,1.00733,2.56046,0.28000,0.22667,0.00000
119,0.0653,11796480,48635,0.01563,1.79e-04,0.5752,220.2447,0.00000,0.40000,0.00000,10.00000,652.68073,0.00000,0.83333,0.00000,0.00000,0.67051,0.00000,0.00000,0.00000,0.00000,0.24200,1.46174,2.93754,0.63393,0.63218,0.00000,2483.47640,-0.03312,-0.24328,0.15036,-0.02565,0.33344,0.66808,-0.07490,0.13941,-0.04359,-0.06933,0.03830,0.19590,0.32296,2.80460,0.50000,0.50893,0.47619,0.00000,0.61480,0.55800,1.01065,2.62458,0.38393,0.30864,0.00000
120,0.0659,11894784,48207,0.01149,2.07e-04,0.5753,205.4150,0.00000,0.39800,0.00000,10.00000,609.56373,0.00000,0.82729,0.00000,0.00000,0.67097,0.00000,0.00000,0.00000,0.00000,0.23800,1.46168,3.00235,0.59783,0.62857,0.00000,2493.40706,-0.03313,-0.24424,0.14984,-0.02610,0.33244,0.66854,-0.07459,0.13855,-0.04385,-0.06932,0.03802,0.19453,0.32267,2.74955,0.50000,0.47826,0.45985,0.00000,0.61333,0.55800,0.99978,2.41897,0.35870,0.28358,0.00000
121,0.0665,11993088,47480,0.01598,1.86e-04,0.5753,222.9746,0.00000,0.39600,0.00000,10.00000,590.86893,0.00000,0.83608,0.00000,0.00000,0.67222,0.00000,0.00000,0.00000,0.00000,0.23400,1.47869,3.10250,0.58416,0.57895,0.00000,2514.97591,-0.03313,-0.24637,0.14948,-0.02620,0.33207,0.66979,-0.07489,0.13823,-0.04761,-0.06947,0.03831,0.19446,0.32270,2.83961,0.50000,0.44059,0.41447,0.00000,0.61350,0.55800,0.98199,2.51956,0.29703,0.25000,0.00000
122,0.0671,12091392,48387,0.01378,1.77e-04,0.5753,227.1026,0.00000,0.39400,0.00000,10.00000,649.19235,0.00000,0.84175,0.00000,0.00000,0.67140,0.00000,0.00000,0.00000,0.00000,0.23000,1.48656,3.36031,0.70707,0.69444,0.00000,2504.51090,-0.03314,-0.24537,0.14906,-0.02613,0.33201,0.66918,-0.07538,0.13679,-0.04601,-0.06926,0.03809,0.19334,0.32289,3.22870,0.50000,0.54040,0.50667,0.00000,0.61447,0.55800,0.96816,3.03727,0.37374,0.33333,0.00000
123,0.0676,12189696,49132,0.01017,1.98e-04,0.5753,221.9315,0.00000,0.39200,0.00000,10.00000,597.19390,0.00000,0.86086,0.00000,0.00000,0.67174,0.00000,0.00000,0.00000,0.00000,0.22600,1.48168,3.46925,0.69369,0.72289,0.00000,2503.18880,-0.03322,-0.24503,0.14726,-0.02638,0.33305,0.66942,-0.07517,0.13499,-0.04682,-0.06907,0.03755,0.19097,0.32280,3.29035,0.50000,0.50901,0.50000,0.00000,0.61398,0.55800,0.95189,3.03532,0.32432,0.29213,0.00000
124,0.0682,12288000,49661,0.01233,1.89e-04,0.5753,229.9063,0.00000,0.39000,0.00000,10.00000,633.28058,0.00000,0.83333,0.00000,0.00000,0.66992,0.00000,0.00000,0.00000,0.00000,0.22200,1.46245,2.90522,0.68103,0.70115,0.00000,2490.40690,-0.03318,-0.24391,0.14395,-0.02484,0.33288,0.66780,-0.07482,0.13297,-0.04157,-0.06899,0.03715,0.18829,0.32298,2.79192,0.50000,0.49569,0.45402,0.00000,0.61488,0.55800,0.94162,2.59650,0.31034,0.20690,0.00000
125,0.0687,12386304,50457,0.01088,2.73e-04,0.5753,217.0384,0.00000,0.38800,0.00000,10.00000,643.98056,0.00000,0.83645,0.00000,0.00000,0.66600,0.00000,0.00000,0.00000,0.00000,0.21800,1.46540,3.14875,0.62921,0.62857,0.00000,2501.48389,-0.03328,-0.24504,0.14508,-0.02592,0.32824,0.66375,-0.07456,0.13416,-0.04518,-0.06894,0.03699,0.18952,0.32208,2.80613,0.50000,0.46629,0.41791,0.00000,0.61042,0.55800,0.93988,1.89250,0.30337,0.18750,0.00000
126,0.0693,12484608,54044,0.01296,3.27e-04,0.5753,215.3663,0.00000,0.38600,0.00000,10.00000,631.63471,0.00000,0.85809,0.00000,0.00000,0.66378,0.00000,0.00000,0.00000,0.00000,0.21400,1.45859,2.84406,0.66337,0.68235,0.00000,2525.39779,-0.03346,-0.24729,0.14331,-0.02560,0.32583,0.66164,-0.07543,0.13243,-0.04422,-0.06891,0.03650,0.18739,0.32070,2.70800,0.50000,0.49505,0.44872,0.00000,0.60352,0.55800,0.92920,2.34692,0.32673,0.16901,0.00000
127,0.0698,12582912,54362,0.01644,2.06e-04,0.5753,218.2057,0.00000,0.38400,0.00000,10.00000,618.70214,0.00000,0.72593,0.00000,0.00000,0.65980,0.00000,0.00000,0.00000,0.00000,0.21000,1.46453,2.70744,0.62667,0.68889,0.00000,2526.42464,-0.03348,-0.24745,0.14414,-0.02515,0.32421,0.65742,-0.07606,0.13270,-0.04643,-0.06879,0.03660,0.18761,0.32060,2.64000,0.50000,0.43333,0.41837,0.00000,0.60300,0.55800,0.93139,2.51391,0.24000,0.18868,0.00000
128,0.0703,12681216,52796,0.01301,2.02e-04,0.5754,243.5575,0.00000,0.38200,0.00000,10.00000,554.62269,0.00000,0.82011,0.00000,0.00000,0.66169,0.00000,0.00000,0.00000,0.00000,0.20600,1.45865,3.34892,0.60952,0.64474,0.00000,2551.30013,-0.03343,-0.25000,0.14455,-0.02505,0.32321,0.65925,-0.07581,0.13320,-0.04673,-0.06918,0.03677,0.18787,0.32056,3.07611,0.50000,0.44286,0.42581,0.00000,0.60281,0.55800,0.93913,2.60947,0.27619,0.21519,0.00000
129,0.0708,12779520,51489,0.01306,2.06e-04,0.5754,220.3727,0.00000,0.38000,0.00000,10.00000,620.55529,0.00000,0.80586,0.00000,0.00000,0.66553,0.00000,0.00000,0.00000,0.00000,0.20200,1.46095,3.04415,0.63736,0.66667,0.00000,2587.14258,-0.03347,-0.25347,0.14663,-0.02483,0.32533,0.66324,-0.07703,0.13508,-0.04740,-0.06921,0.03723,0.18988,0.32142,3.09325,0.50000,0.45055,0.42424,0.00000,0.60709,0.55800,0.96364,3.18963,0.26374,0.18182,0.00000
130,0.0714,12877824,52184,0.01342,2.15e-04,0.5754,229.8031,0.00000,0.38000,0.00000,10.00000,605.54598,0.00000,0.85000,0.00000,0.00000,0.67008,0.00000,0.00000,0.00000,0.00000,0.19800,1.46145,3.02687,0.67000,0.69737,0.00000,2541.57096,-0.03341,-0.24889,0.14584,-0.02596,0.32850,0.66788,-0.07653,0.13427,-0.04599,-0.06896,0.03729,0.18925,0.32197,3.20687,0.00000,0.50500,0.48366,0.00000,0.60987,0.56200,0.96410,3.56687,0.34000,0.27273,0.00000
131,0.0719,12976128,52011,0.01126,2.76e-04,0.5754,224.8872,0.00000,0.38000,0.00000,10.00000,591.34838,0.00000,0.75512,0.00000,0.00000,0.66957,0.00000,0.00000,0.00000,0.00000,0.19400,1.44079,2.64516,0.58252,0.64865,0.00000,2530.47054,-0.03353,-0.24772,0.14495,-0.02544,0.33051,0.66750,-0.07613,0.13309,-0.04629,-0.06890,0.03701,0.18796,0.32251,2.76000,0.65200,0.43204,0.42143,0.00000,0.61253,0.56600,0.96634,3.00552,0.28155,0.16667,0.00000
132,0.0724,13074432,54471,0.01757,2.55e-04,0.5754,215.8782,0.00000,0.38000,0.00000,10.00000,672.96100,0.00000,0.79023,0.00000,0.00000,0.66589,0.00000,0.00000,0.00000,0.00000,0.19000,1.42478,2.80730,0.69828,0.74699,0.00000,2524.57633,-0.03349,-0.24725,0.14479,-0.02526,0.32885,0.66369,-0.07649,0.13333,-0.04537,-0.06874,0.03674,0.18807,0.32224,2.42661,0.50000,0.50431,0.47879,0.00000,0.61120,0.57000,0.97365,1.73951,0.31034,0.20732,0.00000
133,0.0729,13172736,53868,0.01201,3.51e-04,0.5754,216.4758,0.00000,0.38000,0.00000,10.00000,615.70287,0.00000,0.92186,0.00000,0.00000,0.66521,0.00000,0.00000,0.00000,0.00000,0.18600,1.39603,3.04000,0.65934,0.63636,0.00000,2541.60449,-0.03332,-0.24883,0.14414,-0.02558,0.32721,0.66290,-0.07562,0.13351,-0.04796,-0.06910,0.03663,0.18740,0.32099,2.94282,0.00000,0.46703,0.41060,0.00000,0.60494,0.57400,0.98321,2.77706,0.27473,0.17568,0.00000
134,0.0734,13271040,53890,0.01556,2.48e-04,0.5755,205.8066,0.00000,0.38000,0.00000,10.00000,538.96028,0.00000,0.85007,0.00000,0.00000,0.65951,0.00000,0.00000,0.00000,0.00000,0.18200,1.38410,2.93680,0.62651,0.66667,0.00000,2535.30892,-0.03339,-0.24853,0.14300,-0.02547,0.32405,0.65738,-0.07572,0.13242,-0.03958,-0.06871,0.03640,0.18625,0.32105,3.08795,0.50000,0.45783,0.44882,0.00000,0.60526,0.57800,1.00540,3.35785,0.28916,0.23438,0.00000
135,0.0740,13369344,52235,0.01071,3.31e-04,0.5755,192.3502,0.00000,0.38000,0.00000,10.00000,618.33218,0.00000,0.84758,0.00000,0.00000,0.66223,0.00000,0.00000,0.00000,0.00000,0.17800,1.39562,3.09280,0.61538,0.59016,0.00000,2558.44206,-0.03332,-0.25069,0.14532,-0.02583,0.32619,0.66004,-0.07656,0.13384,-0.04595,-0.06852,0.03776,0.18895,0.32167,3.06361,0.00000,0.48718,0.42017,0.00000,0.60836,0.58200,1.01989,2.99727,0.35897,0.24138,0.00000
136,0.0745,13467648,50380,0.01066,4.29e-04,0.5755,223.9696,0.00000,0.38000,0.00000,10.00000,565.73129,0.00000,0.83588,0.00000,0.00000,0.66865,0.00000,0.00000,0.00000,0.00000,0.17400,1.39612,3.14516,0.64220,0.67500,0.00000,2558.41781,-0.03328,-0.25057,0.14736,-0.02597,0.33092,0.66643,-0.07632,0.13591,-0.04384,-0.06876,0.03761,0.19205,0.32277,2.96329,0.50000,0.45872,0.43902,0.00000,0.61383,0.58600,1.06056,2.57448,0.27523,0.21429,0.00000
137,0.0750,13565952,52657,0.01607,4.10e-04,0.5754,229.7767,0.00000,0.38000,0.00000,10.00000,593.85091,0.00000,0.85317,0.00000,0.00000,0.67737,0.00000,0.00000,0.00000,0.00000,0.17000,1.39099,3.04213,0.59524,0.55385,0.00000,2575.95312,-0.03322,-0.25220,0.15037,-0.02606,0.33838,0.67485,-0.07620,0.13971,-0.04751,-0.06882,0.03924,0.19575,0.32536,3.01737,0.50000,0.44643,0.37984,0.00000,0.62681,0.59000,1.09907,2.97724,0.29762,0.20312,0.00000
138,0.0756,13664256,47234,0.01719,3.81e-04,0.5754,222.9949,0.00000,0.38000,0.00000,10.00000,624.69268,0.00000,0.76263,0.00000,0.00000,0.68417,0.00000,0.00000,0.00000,0.00000,0.16600,1.38915,2.91901,0.68182,0.72603,0.00000,2556.29948,-0.03314,-0.25045,0.15265,-0.02619,0.34236,0.68146,-0.07597,0.14293,-0.04309,-0.06872,0.03942,0.19910,0.32652,3.11742,0.50000,0.50909,0.49669,0.00000,0.63258,0.59400,1.15561,3.42000,0.33636,0.28205,0.00000
139,0.0762,13762560,49460,0.01282,4.05e-04,0.5754,254.6677,0.00000,0.38000,0.00000,10.00000,637.27156,0.00000,0.81155,0.00000,0.00000,0.69089,0.00000,0.00000,0.00000,0.00000,0.16200,1.37101,2.74131,0.64706,0.65333,0.00000,2545.40902,-0.03302,-0.24942,0.15483,-0.02634,0.34788,0.68800,-0.07629,0.14628,-0.04416,-0.06873,0.04035,0.20239,0.32896,2.73208,0.50000,0.51471,0.47651,0.00000,0.64482,0.59800,1.21120,2.71800,0.38235,0.29730,0.00000
140,0.0768,13860864,49063,0.01592,2.73e-04,0.5754,226.5342,0.00000,0.38000,0.00000,10.00000,599.93381,0.00000,0.89394,0.00000,0.00000,0.69366,0.00000,0.00000,0.00000,0.00000,0.15800,1.36678,2.65676,0.58182,0.55556,0.00000,2514.75944,-0.03304,-0.24646,0.15813,-0.02659,0.35000,0.69063,-0.07594,0.15010,-0.04062,-0.06882,0.04128,0.20732,0.32918,2.92954,0.50000,0.47727,0.41243,0.00000,0.64588,0.60200,1.26888,3.38195,0.37273,0.26437,0.00000
141,0.0773,13959168,47407,0.01634,1.47e-04,0.5755,237.6336,0.00000,0.38000,0.00000,10.00000,593.11045,0.00000,0.75702,0.00000,0.00000,0.69426,0.00000,0.00000,0.00000,0.00000,0.15400,1.33136,3.04755,0.60440,0.66129,0.00000,2543.37565,-0.03296,-0.24927,0.16080,-0.02685,0.35378,0.69116,-0.07646,0.15349,-0.04453,-0.06899,0.04188,0.21041,0.33055,3.35012,0.50000,0.48901,0.48387,0.00000,0.65275,0.60600,1.32512,3.85125,0.37363,0.30645,0.00000
142,0.0779,14057472,46647,0.00992,2.11e-04,0.5755,208.8898,0.00000,0.38000,0.00000,10.00000,599.28798,0.00000,0.79038,0.00000,0.00000,0.69715,0.00000,0.00000,0.00000,0.00000,0.15000,1.30344,2.71630,0.60825,0.66176,0.00000,2558.02100,-0.03276,-0.25070,0.16280,-0.02726,0.35641,0.69394,-0.07635,0.15641,-0.04496,-0.06889,0.04273,0.21309,0.33084,2.84804,0.50000,0.47938,0.47826,0.00000,0.65422,0.61000,1.38339,3.06363,0.35052,0.30000,0.00000
143,0.0785,14155776,48296,0.01080,2.85e-04,0.5756,242.6635,0.00000,0.38000,0.00000,10.00000,603.23503,0.00000,0.86934,0.00000,0.00000,0.69958,0.00000,0.00000,0.00000,0.00000,0.14600,1.28405,2.60825,0.56481,0.51852,0.00000,2521.03060,-0.03268,-0.24715,0.16493,-0.02792,0.35882,0.69622,-0.07625,0.15997,-0.04431,-0.06879,0.04304,0.21619,0.33167,3.08346,0.50000,0.47222,0.42012,0.00000,0.65836,0.61400,1.43578,3.81366,0.37963,0.32955,0.00000
144,0.0791,14254080,47636,0.01176,3.67e-04,0.5757,240.8631,0.00000,0.38000,0.00000,10.00000,604.79571,0.00000,0.78947,0.00000,0.00000,0.70415,0.00000,0.00000,0.00000,0.00000,0.14200,1.26790,3.00291,0.55263,0.50617,0.00000,2531.81543,-0.03250,-0.24839,0.16582,-0.02861,0.36272,0.70081,-0.07632,0.16215,-0.03964,-0.06890,0.04379,0.21736,0.33283,3.58495,0.50000,0.50877,0.44444,0.00000,0.66414,0.61800,1.47993,4.28087,0.46491,0.38272,0.00000
145,0.0797,14352384,46091,0.01321,4.10e-04,0.5758,224.6865,0.00000,0.38000,0.00000,10.00000,539.30946,0.00000,0.83868,0.00000,0.00000,0.70420,0.00000,0.00000,0.00000,0.00000,0.13800,1.23684,2.94842,0.42308,0.42169,0.00000,2497.48291,-0.03245,-0.24492,0.16574,-0.02711,0.36503,0.70080,-0.07523,0.16211,-0.04028,-0.06909,0.04340,0.21680,0.33461,3.21340,0.50000,0.40385,0.36943,0.00000,0.67306,0.62200,1.49692,3.59100,0.38462,0.31081,0.00000
146,0.0803,14450688,47188,0.01734,3.06e-04,0.5758,218.8531,0.00000,0.38000,0.00000,10.00000,672.68063,0.00000,0.79976,0.00000,0.00000,0.69949,0.00000,0.00000,0.00000,0.00000,0.13800,1.21293,2.87911,0.61538,0.55556,0.00000,2503.87533,-0.03240,-0.24580,0.16760,-0.02829,0.36367,0.69613,-0.07630,0.16517,-0.03838,-0.06893,0.04406,0.22025,0.33402,3.48635,0.50000,0.58791,0.52672,0.00000,0.67009,0.62200,1.54685,4.16950,0.56044,0.50000,0.00000
147,0.0809,14548992,47682,0.01394,2.27e-04,0.5759,234.5794,0.00000,0.38000,0.00000,10.00000,677.34279,0.00000,0.82742,0.00000,0.00000,0.70141,0.00000,0.00000,0.00000,0.00000,0.13800,1.19496,2.61115,0.57447,0.52055,0.00000,2506.72852,-0.03239,-0.24596,0.16638,-0.02795,0.36557,0.69796,-0.07685,0.16533,-0.04031,-0.06870,0.04495,0.21969,0.33436,3.06088,0.71333,0.57447,0.50714,0.00000,0.67180,0.62200,1.56743,3.66051,0.57447,0.49254,0.00000
148,0.0814,14647296,47889,0.01311,2.47e-04,0.5760,198.2518,0.00000,0.38000,0.00000,10.00000,674.17316,0.00000,0.72650,0.00000,0.00000,0.69963,0.00000,0.00000,0.00000,0.00000,0.13800,1.19470,3.02920,0.60440,0.64062,0.00000,2524.51855,-0.03244,-0.24761,0.16922,-0.02794,0.36440,0.69627,-0.07679,0.16863,-0.03838,-0.06887,0.04559,0.22355,0.33484,3.38264,0.50000,0.60989,0.62185,0.00000,0.67419,0.62200,1.61037,3.81366,0.61538,0.60000,0.00000
149,0.0820,14745600,48337,0.01076,3.55e-04,0.5760,212.0216,0.00000,0.38000,0.00000,10.00000,667.63493,0.00000,0.73495,0.00000,0.00000,0.70002,0.00000,0.00000,0.00000,0.00000,0.13800,1.16337,2.84408,0.51042,0.48485,0.00000,2543.25130,-0.03245,-0.24936,0.16739,-0.02859,0.36460,0.69663,-0.07665,0.16717,-0.04033,-0.06897,0.04522,0.22136,0.33533,3.22783,0.50000,0.53646,0.51181,0.00000,0.67665,0.62200,1.61549,3.61958,0.56250,0.54098,0.00000
150,0.0826,14843904,47827,0.01658,2.27e-04,0.5760,213.6363,0.00000,0.38000,0.00000,10.00000,666.80197,0.00000,0.81773,0.00000,0.00000,0.70488,0.00000,0.00000,0.00000,0.00000,0.13800,1.16432,2.75522,0.46067,0.45833,0.00000,2562.11035,-0.03238,-0.25109,0.16904,-0.02825,0.36770,0.70143,-0.07741,0.16891,-0.04622,-0.06951,0.04561,0.22261,0.33662,3.16244,0.50000,0.57303,0.54962,0.00000,0.68310,0.62200,1.62492,3.58818,0.68539,0.66102,0.00000
151,0.0832,14942208,46572,0.01091,3.04e-04,0.5760,233.9833,0.00000,0.38000,0.00000,10.00000,698.11076,0.00000,0.74247,0.00000,0.00000,0.70693,0.00000,0.00000,0.00000,0.00000,0.13800,1.16985,2.82274,0.53271,0.52564,0.00000,2558.73421,-0.03240,-0.25096,0.16941,-0.02851,0.37123,0.70318,-0.07676,0.16958,-0.03969,-0.06920,0.04507,0.22337,0.33785,3.18061,0.50000,0.58879,0.55944,0.00000,0.68923,0.62200,1.64192,3.56893,0.64486,0.60000,0.00000
152,0.0838,15040512,47313,0.01229,4.38e-04,0.5760,231.3697,0.00000,0.38000,0.00000,10.00000,723.13415,0.00000,0.78563,0.00000,0.00000,0.71242,0.00000,0.00000,0.00000,0.00000,0.13800,1.16877,2.32193,0.51515,0.54667,0.00000,2546.40462,-0.03224,-0.24984,0.16950,-0.02874,0.37446,0.70868,-0.07666,0.17016,-0.04223,-0.06920,0.04497,0.22358,0.33843,2.80661,0.56500,0.61616,0.65000,0.00000,0.69214,0.62200,1.65054,3.31593,0.71717,0.76923,0.00000
153,0.0844,15138816,48737,0.01658,3.22e-04,0.5761,230.9775,0.00000,0.38000,0.00000,10.00000,679.07167,0.00000,0.80676,0.00000,0.00000,0.71310,0.00000,0.00000,0.00000,0.00000,0.13800,1.17947,3.07851,0.54783,0.55435,0.00000,2538.53076,-0.03227,-0.24904,0.17061,-0.02814,0.37514,0.70920,-0.07609,0.17123,-0.03939,-0.06924,0.04553,0.22497,0.33851,3.18217,0.50000,0.60000,0.59880,0.00000,0.69254,0.62200,1.65900,3.29419,0.65217,0.65333,0.00000
154,0.0849,15237120,49179,0.01543,2.69e-04,0.5760,239.9073,0.00000,0.38000,0.00000,10.00000,712.40121,0.00000,0.87814,0.00000,0.00000,0.71309,0.00000,0.00000,0.00000,0.00000,0.13800,1.18356,3.53000,0.48387,0.44156,0.00000,2555.72038,-0.03215,-0.25065,0.17118,-0.02887,0.37417,0.70938,-0.07591,0.17250,-0.04121,-0.06932,0.04477,0.22524,0.33814,3.43547,0.00000,0.60215,0.56463,0.00000,0.69071,0.62200,1.64966,3.35724,0.72043,0.70000,0.00000
155,0.0855,15335424,49148,0.01322,2.25e-04,0.5760,221.0733,0.00000,0.38000,0.00000,10.00000,620.22795,0.00000,0.81575,0.00000,0.00000,0.71151,0.00000,0.00000,0.00000,0.00000,0.13800,1.19597,2.92270,0.46835,0.46552,0.00000,2554.97738,-0.03209,-0.25056,0.17248,-0.02836,0.37376,0.70786,-0.07648,0.17397,-0.04205,-0.06920,0.04574,0.22781,0.33738,3.34977,0.50000,0.55696,0.57759,0.00000,0.68688,0.62200,1.66945,3.67224,0.64557,0.68966,0.00000
156,0.0860,15433728,51443,0.01206,2.73e-04,0.5760,202.2965,0.00000,0.38000,0.00000,10.00000,674.86968,0.00000,0.79652,0.00000,0.00000,0.71091,0.00000,0.00000,0.00000,0.00000,0.13800,1.21503,3.40250,0.48193,0.40323,0.00000,2561.02132,-0.03208,-0.25131,0.17601,-0.02958,0.37385,0.70727,-0.07614,0.17770,-0.03947,-0.06917,0.04734,0.23214,0.33724,3.32795,0.50000,0.59036,0.52101,0.00000,0.68619,0.62200,1.69800,3.28117,0.69880,0.64912,0.00000
157,0.0866,15532032,51651,0.01365,2.76e-04,0.5760,224.3360,0.00000,0.38000,0.00000,10.00000,705.35840,0.00000,0.77991,0.00000,0.00000,0.71822,0.00000,0.00000,0.00000,0.00000,0.13800,1.23480,3.91454,0.52885,0.50000,0.00000,2552.72233,-0.03195,-0.25037,0.17795,-0.03024,0.37824,0.71481,-0.07657,0.17968,-0.04192,-0.06959,0.04826,0.23503,0.33865,3.69036,0.50000,0.63462,0.60959,0.00000,0.69323,0.62200,1.70255,3.46618,0.74038,0.74242,0.00000
158,0.0871,15630336,54843,0.01603,2.13e-04,0.5760,203.8595,0.00000,0.38000,0.00000,10.00000,708.75594,0.00000,0.77899,0.00000,0.00000,0.72133,0.00000,0.00000,0.00000,0.00000,0.13800,1.24905,2.93289,0.46739,0.42254,0.00000,2515.65397,-0.03192,-0.24680,0.17877,-0.03027,0.38254,0.71790,-0.07610,0.18056,-0.03810,-0.06939,0.04856,0.23615,0.33967,3.05979,0.50000,0.57609,0.54264,0.00000,0.69837,0.62200,1.70985,3.16754,0.68478,0.68966,0.00000
159,0.0876,15728640,54368,0.01134,2.37e-04,0.5761,211.7465,0.00000,0.38000,0.00000,10.00000,685.53400,0.00000,0.78189,0.00000,0.00000,0.72048,0.00000,0.00000,0.00000,0.00000,0.13800,1.25711,3.00481,0.46296,0.41975,0.00000,2502.28971,-0.03178,-0.24559,0.18026,-0.03014,0.38216,0.71706,-0.07471,0.18123,-0.03669,-0.06949,0.04896,0.23720,0.33941,2.94101,0.50000,0.56019,0.53947,0.00000,0.69703,0.62200,1.70256,2.88800,0.65741,0.67606,0.00000
160,0.0881,15826944,53742,0.01247,3.42e-04,0.5762,206.9550,0.00000,0.38000,0.00000,10.00000,785.91945,0.00000,0.73333,0.00000,0.00000,0.71906,0.00000,0.00000,0.00000,0.00000,0.13800,1.23941,2.98846,0.56000,0.51316,0.00000,2467.21875,-0.03190,-0.24218,0.17833,-0.02969,0.38022,0.71567,-0.07506,0.17896,-0.03825,-0.06931,0.04852,0.23440,0.33865,2.82250,0.50000,0.65000,0.59848,0.00000,0.69324,0.62200,1.68522,2.65654,0.74000,0.71429,0.00000
161,0.0886,15925248,53507,0.01466,3.42e-04,0.5762,204.0159,0.00000,0.37800,0.00000,10.00000,739.23172,0.00000,0.78209,0.00000,0.00000,0.71357,0.00000,0.00000,0.00000,0.00000,0.13800,1.21605,3.24468,0.51456,0.45000,0.00000,2473.13590,-0.03182,-0.24280,0.17611,-0.03024,0.37908,0.71045,-0.07528,0.17725,-0.03872,-0.06931,0.04751,0.23196,0.33865,3.30039,0.82000,0.64078,0.57931,0.00000,0.69324,0.61800,1.67413,3.34714,0.76699,0.73846,0.00000
162,0.0891,16023552,52885,0.01407,3.87e-04,0.5762,224.2101,0.00000,0.37600,0.00000,10.00000,735.44271,0.00000,0.75231,0.00000,0.00000,0.71164,0.00000,0.00000,0.00000,0.00000,0.13800,1.22379,3.78226,0.46875,0.45205,0.00000,2479.59717,-0.03184,-0.24339,0.17601,-0.02898,0.37863,0.70845,-0.07464,0.17716,-0.03858,-0.06933,0.04816,0.23255,0.33840,3.05600,0.55750,0.58854,0.57692,0.00000,0.69199,0.61400,1.67792,2.38070,0.70833,0.73684,0.00000
163,0.0897,16121856,53915,0.01659,2.37e-04,0.5762,207.6954,0.00000,0.37400,0.00000,10.00000,705.21602,0.00000,0.71737,0.00000,0.00000,0.70966,0.00000,0.00000,0.00000,0.00000,0.13800,1.22933,3.51098,0.53398,0.53425,0.00000,2484.05778,-0.03191,-0.24398,0.17761,-0.03016,0.37723,0.70637,-0.07486,0.17854,-0.03647,-0.06919,0.04844,0.23421,0.33816,3.15750,0.50000,0.59223,0.60150,0.00000,0.69080,0.61000,1.68505,2.81736,0.65049,0.68333,0.00000
164,0.0902,16220160,54234,0.01295,2.47e-04,0.5762,223.8991,0.00000,0.37200,0.00000,10.00000,800.01953,0.00000,0.80499,0.00000,0.00000,0.71181,0.00000,0.00000,0.00000,0.00000,0.13800,1.23404,3.13187,0.57143,0.56790,0.00000,2506.23079,-0.03193,-0.24603,0.17765,-0.03068,0.37759,0.70854,-0.07498,0.17855,-0.03610,-0.06914,0.04849,0.23370,0.33827,3.03934,0.76000,0.68878,0.68310,0.00000,0.69137,0.60600,1.68141,2.93544,0.80612,0.83607,0.00000
165,0.0907,16318464,54283,0.01629,2.55e-04,0.5763,230.7605,0.00000,0.37000,0.00000,10.00000,705.19977,0.00000,0.82645,0.00000,0.00000,0.71682,0.00000,0.00000,0.00000,0.00000,0.13800,1.23584,3.72474,0.47107,0.44792,0.00000,2522.30697,-0.03203,-0.24741,0.17682,-0.02983,0.37819,0.71354,-0.07469,0.17720,-0.04268,-0.06948,0.04768,0.23229,0.33832,3.33757,0.00000,0.64050,0.63333,0.00000,0.69162,0.60200,1.65473,3.05555,0.80992,0.84524,0.00000
166,0.0912,16416768,54067,0.01497,1.89e-04,0.5764,217.4385,0.00000,0.36800,0.00000,10.00000,708.14047,0.00000,0.77342,0.00000,0.00000,0.71733,0.00000,0.00000,0.00000,0.00000,0.13800,1.24707,3.10880,0.53922,0.51351,0.00000,2485.16488,-0.03189,-0.24384,0.17643,-0.02976,0.37866,0.71416,-0.07363,0.17676,-0.03988,-0.06934,0.04755,0.23212,0.33799,3.03754,0.50000,0.62745,0.62676,0.00000,0.68995,0.59800,1.63626,2.98187,0.71569,0.75000,0.00000
167,0.0917,16515072,53737,0.01299,2.24e-04,0.5764,189.3246,0.00000,0.36600,0.00000,10.00000,806.61291,0.00000,0.79532,0.00000,0.00000,0.70723,0.00000,0.00000,0.00000,0.00000,0.13800,1.25470,3.41192,0.66316,0.60563,0.00000,2479.66113,-0.03180,-0.24337,0.17593,-0.02986,0.37249,0.70429,-0.07405,0.17645,-0.03711,-0.06933,0.04780,0.23111,0.33596,3.07982,0.50000,0.71579,0.66912,0.00000,0.67978,0.59400,1.62382,2.78207,0.76842,0.73846,0.00000
168,0.0922,16613376,53358,0.01370,2.27e-04,0.5765,208.8635,0.00000,0.36400,0.00000,10.00000,710.30522,0.00000,0.79545,0.00000,0.00000,0.70584,0.00000,0.00000,0.00000,0.00000,0.13800,1.24476,3.80431,0.56818,0.58824,0.00000,2485.54818,-0.03194,-0.24387,0.17268,-0.02903,0.37059,0.70304,-0.07356,0.17308,-0.03890,-0.06924,0.04700,0.22718,0.33557,3.35200,0.00000,0.63636,0.67460,0.00000,0.67786,0.59000,1.59461,2.92481,0.70455,0.77586,0.00000
169,0.0927,16711680,54011,0.01368,2.27e-04,0.5765,216.4384,0.00000,0.36200,0.00000,10.00000,697.21753,0.00000,0.75309,0.00000,0.00000,0.70522,0.00000,0.00000,0.00000,0.00000,0.13800,1.25448,3.52468,0.58889,0.62121,0.00000,2525.99951,-0.03217,-0.24801,0.17488,-0.03030,0.36967,0.70228,-0.07493,0.17522,-0.03769,-0.06939,0.04690,0.22988,0.33535,3.28262,0.50000,0.62222,0.64754,0.00000,0.67673,0.58600,1.61345,3.06384,0.65556,0.67857,0.00000
170,0.0933,16809984,53469,0.01388,2.27e-04,0.5766,214.9112,0.00000,0.36000,0.00000,10.00000,710.05933,0.00000,0.76389,0.00000,0.00000,0.70804,0.00000,0.00000,0.00000,0.00000,0.13800,1.26376,3.20127,0.53125,0.53521,0.00000,2544.84831,-0.03202,-0.24955,0.17419,-0.03018,0.37142,0.70503,-0.07547,0.17459,-0.04136,-0.06955,0.04668,0.22919,0.33631,3.10057,0.50000,0.63021,0.66667,0.00000,0.68157,0.58200,1.59544,3.01754,0.72917,0.81967,0.00000
171,0.0938,16908288,53130,0.01182,2.30e-04,0.5765,217.5527,0.00000,0.35800,0.00000,10.00000,706.86614,0.00000,0.83620,0.00000,0.00000,0.71324,0.00000,0.00000,0.00000,0.00000,0.13800,1.29337,3.59149,0.52577,0.48718,0.00000,2526.93571,-0.03211,-0.24803,0.17564,-0.03076,0.37346,0.71032,-0.07613,0.17509,-0.03792,-0.06946,0.04681,0.23102,0.33663,3.00154,0.50000,0.60309,0.56849,0.00000,0.68317,0.57800,1.59878,2.51509,0.68041,0.66176,0.00000
172,0.0943,17006592,53915,0.01366,2.76e-04,0.5765,199.6901,0.00000,0.35600,0.00000,10.00000,705.55364,0.00000,0.69444,0.00000,0.00000,0.71367,0.00000,0.00000,0.00000,0.00000,0.13800,1.30222,2.88040,0.49038,0.48571,0.00000,2519.50570,-0.03225,-0.24719,0.17427,-0.02962,0.37213,0.71084,-0.07483,0.17245,-0.04110,-0.06950,0.04678,0.22840,0.33665,2.94782,0.50000,0.54327,0.54615,0.00000,0.68324,0.57400,1.55356,3.00400,0.59615,0.61667,0.00000
173,0.0948,17104896,52807,0.01149,3.98e-04,0.5764,225.7586,0.00000,0.35400,0.00000,10.00000,722.96031,0.00000,0.81930,0.00000,0.00000,0.71099,0.00000,0.00000,0.00000,0.00000,0.13800,1.29621,2.93689,0.57576,0.58025,0.00000,2535.56152,-0.03210,-0.24869,0.17357,-0.03056,0.37029,0.70846,-0.07422,0.17135,-0.04295,-0.06969,0.04643,0.22649,0.33570,2.95095,1.50000,0.61111,0.59589,0.00000,0.67848,0.57000,1.52332,2.96526,0.64646,0.61538,0.00000
174,0.0954,17203200,52633,0.01260,3.98e-04,0.5763,245.6695,0.00000,0.35200,0.00000,10.00000,722.43211,0.00000,0.80138,0.00000,0.00000,0.70889,0.00000,0.00000,0.00000,0.00000,0.13800,1.31877,3.38258,0.59292,0.59524,0.00000,2518.57568,-0.03227,-0.24690,0.17143,-0.03017,0.36757,0.70635,-0.07406,0.16926,-0.04330,-0.06970,0.04586,0.22451,0.33405,3.00686,0.50000,0.61504,0.63804,0.00000,0.67027,0.56600,1.47682,2.68333,0.63717,0.68354,0.00000
175,0.0959,17301504,55104,0.02745,1.86e-04,0.5763,209.7929,0.00000,0.35000,0.00000,10.00000,809.90829,0.00000,0.75483,0.00000,0.00000,0.70299,0.00000,0.00000,0.00000,0.00000,0.13800,1.32338,3.48745,0.65217,0.60294,0.00000,2544.76644,-0.03240,-0.24944,0.16885,-0.02915,0.36198,0.70037,-0.07419,0.16643,-0.04350,-0.06932,0.04472,0.22199,0.33222,3.15516,0.00000,0.67935,0.61600,0.00000,0.66109,0.56200,1.43306,2.77000,0.70652,0.63158,0.00000
176,0.0964,17399808,53857,0.01011,2.69e-04,0.5763,226.6129,0.00000,0.34800,0.00000,10.00000,690.73911,0.00000,0.74306,0.00000,0.00000,0.69965,0.00000,0.00000,0.00000,0.00000,0.13800,1.32249,3.09500,0.57500,0.60345,0.00000,2554.20654,-0.03269,-0.25055,0.16645,-0.02973,0.35655,0.69707,-0.07553,0.16304,-0.04158,-0.06943,0.04414,0.21794,0.33047,2.78090,0.50000,0.58750,0.58879,0.00000,0.65234,0.55800,1.41238,2.41317,0.60000,0.57143,0.00000
177,0.0969,17498112,53471,0.01257,3.04e-04,0.5762,220.3951,0.00000,0.34600,0.00000,10.00000,771.74890,0.00000,0.85366,0.00000,0.00000,0.69659,0.00000,0.00000,0.00000,0.00000,0.13800,1.33982,3.18360,0.60976,0.55882,0.00000,2594.98893,-0.03275,-0.25433,0.16605,-0.02900,0.35385,0.69393,-0.07555,0.16135,-0.04596,-0.06903,0.04361,0.21668,0.33012,3.04602,0.00000,0.67073,0.61111,0.00000,0.65058,0.55400,1.38059,2.91622,0.73171,0.67241,0.00000
178,0.0974,17596416,50641,0.01233,3.55e-04,0.5762,239.0234,0.00000,0.34400,0.00000,10.00000,700.62743,0.00000,0.78092,0.00000,0.00000,0.69510,0.00000,0.00000,0.00000,0.00000,0.13800,1.35428,3.33250,0.60377,0.59459,0.00000,2576.44271,-0.03289,-0.25257,0.16314,-0.02860,0.35366,0.69247,-0.07620,0.15864,-0.04301,-0.06909,0.04296,0.21401,0.32992,2.96200,0.50000,0.55660,0.55034,0.00000,0.64959,0.55000,1.33417,2.63781,0.50943,0.50667,0.00000
179,0.0980,17694720,53334,0.01297,3.98e-04,0.5763,230.3414,0.00000,0.34200,0.00000,10.00000,717.45182,0.00000,0.85648,0.00000,0.00000,0.69496,0.00000,0.00000,0.00000,0.00000,0.13800,1.37985,3.43672,0.63542,0.64557,0.00000,2576.37321,-0.03291,-0.25253,0.16331,-0.02735,0.35189,0.69249,-0.07544,0.15859,-0.04320,-0.06880,0.04359,0.21392,0.32849,2.93074,0.50000,0.60417,0.60811,0.00000,0.64247,0.54600,1.30378,2.41633,0.57292,0.56522,0.00000
180,0.0985,17793024,52249,0.01265,4.56e-04,0.5763,222.0313,0.00000,0.34000,0.00000,10.00000,691.46540,0.00000,0.80423,0.00000,0.00000,0.69288,0.00000,0.00000,0.00000,0.00000,0.13800,1.36960,3.54059,0.62857,0.65000,0.00000,2571.53353,-0.03277,-0.25206,0.15932,-0.02742,0.35085,0.69053,-0.07542,0.15469,-0.04159,-0.06896,0.04267,0.20821,0.32812,3.26306,0.94000,0.57143,0.57895,0.00000,0.64061,0.54200,1.26701,2.93684,0.51429,0.50000,0.00000
181,0.0990,17891328,52485,0.01286,4.46e-04,0.5764,220.5195,0.00000,0.33800,0.00000,10.00000,669.13273,0.00000,0.79444,0.00000,0.00000,0.69442,0.00000,0.00000,0.00000,0.00000,0.13800,1.37264,3.29640,0.55000,0.52703,0.00000,2588.14827,-0.03286,-0.25360,0.15882,-0.02810,0.34861,0.69209,-0.07500,0.15415,-0.04502,-0.06942,0.04225,0.20770,0.32699,3.03769,0.60000,0.52500,0.51049,0.00000,0.63493,0.53800,1.24185,2.79815,0.50000,0.49275,0.00000
182,0.0996,17989632,50312,0.01796,2.92e-04,0.5763,216.5636,0.00000,0.33600,0.00000,10.00000,683.12728,0.00000,0.83912,0.00000,0.00000,0.68956,0.00000,0.00000,0.00000,0.00000,0.13800,1.36115,3.56207,0.59375,0.59494,0.00000,2577.67822,-0.03308,-0.25264,0.15588,-0.02821,0.34465,0.68724,-0.07493,0.15045,-0.04272,-0.06929,0.04098,0.20409,0.32585,3.02679,0.50000,0.56771,0.54483,0.00000,0.62925,0.53400,1.21379,2.38000,0.54167,0.48485,0.00000
183,0.1001,18087936,52382,0.01429,3.32e-04,0.5764,219.6205,0.00000,0.33600,0.00000,10.00000,678.72500,0.00000,0.75132,0.00000,0.00000,0.68227,0.00000,0.00000,0.00000,0.00000,0.13800,1.36726,3.18656,0.60000,0.62162,0.06667,2585.85889,-0.03329,-0.25330,0.15310,-0.02697,0.34034,0.68012,-0.07535,0.14706,-0.04580,-0.06925,0.04058,0.20011,0.32483,2.81561,0.70500,0.52857,0.52113,0.03333,0.62414,0.53400,1.16191,2.38868,0.45714,0.41176,0.00000
184,0.1006,18186240,52956,0.01376,3.50e-04,0.5764,226.9589,0.00000,0.33600,0.00000,10.00000,664.75008,0.00000,0.78853,0.00000,0.00000,0.67955,0.00000,0.00000,0.00000,0.00000,0.13800,1.36732,3.24869,0.56989,0.57143,0.11111,2593.93978,-0.03324,-0.25418,0.15127,-0.02632,0.33690,0.67746,-0.07514,0.14434,-0.04576,-0.06898,0.03941,0.19665,0.32372,2.96400,3.40000,0.49462,0.47727,0.05263,0.61859,0.53400,1.12694,2.66636,0.41935,0.37097,0.00000
185,0.1011,18284544,53142,0.01453,3.24e-04,0.5764,216.4548,0.00000,0.33600,0.00000,10.00000,697.14519,0.00000,0.82596,0.00000,0.00000,0.67836,0.00000,0.00000,0.00000,0.00000,0.13800,1.38021,3.36000,0.65487,0.64286,0.00000,2605.18294,-0.03325,-0.25522,0.15114,-0.02715,0.33563,0.67632,-0.07506,0.14384,-0.04657,-0.06919,0.03955,0.19687,0.32369,3.10992,0.50000,0.54425,0.51190,0.00000,0.61843,0.53400,1.10788,2.81322,0.43363,0.38095,0.00000
186,0.1017,18382848,51063,0.01802,2.06e-04,0.5765,236.5145,0.00000,0.33600,0.00000,10.00000,665.38096,0.00000,0.81384,0.00000,0.00000,0.68190,0.00000,0.00000,0.00000,0.00000,0.13800,1.40185,3.09698,0.63158,0.64444,0.11111,2593.27344,-0.03337,-0.25407,0.15002,-0.02767,0.33916,0.67983,-0.07514,0.14210,-0.04937,-0.06914,0.03882,0.19562,0.32462,2.86052,1.90667,0.50000,0.45509,0.05556,0.62309,0.53400,1.06809,2.43951,0.36842,0.23377,0.00000
187,0.1022,18481152,51355,0.01379,2.06e-04,0.5766,229.5413,0.00000,0.33600,0.00000,10.00000,681.78986,0.00000,0.79932,0.00000,0.00000,0.67979,0.00000,0.00000,0.00000,0.00000,0.13800,1.40038,3.48542,0.65306,0.68354,0.11111,2589.25814,-0.03355,-0.25370,0.14903,-0.02688,0.33618,0.67760,-0.07426,0.14080,-0.04736,-0.06935,0.03826,0.19460,0.32354,3.26392,2.90666,0.59184,0.58156,0.05263,0.61770,0.53400,1.04965,2.96000,0.53061,0.45161,0.00000
188,0.1027,18579456,53844,0.01332,1.87e-04,0.5766,238.9633,0.00000,0.33400,0.00000,10.00000,642.42491,0.00000,0.89226,0.00000,0.00000,0.67262,0.00000,0.00000,0.00000,0.00000,0.13400,1.40796,3.14966,0.68687,0.65000,0.25000,2599.90544,-0.03346,-0.25463,0.14958,-0.02657,0.33136,0.67053,-0.07480,0.14105,-0.04889,-0.06915,0.03870,0.19513,0.32168,3.02077,2.39000,0.53535,0.47170,0.12500,0.60839,0.53400,1.04316,2.84500,0.38384,0.29114,0.00000
189,0.1033,18677760,54028,0.01322,2.06e-04,0.5765,232.0944,0.00000,0.33200,0.00000,10.00000,621.08102,0.00000,0.77778,0.00000,0.00000,0.67306,0.00000,0.00000,0.00000,0.00000,0.13000,1.41333,3.25961,0.61176,0.63492,0.00000,2632.43343,-0.03355,-0.25760,0.14974,-0.02717,0.33372,0.67088,-0.07544,0.14124,-0.05241,-0.06898,0.03870,0.19537,0.32243,2.93186,0.64000,0.48824,0.46218,0.00000,0.61215,0.53400,1.03608,2.43059,0.36471,0.26786,0.00000
190,0.1038,18776064,53479,0.01448,2.27e-04,0.5765,196.1291,0.00000,0.33200,0.00000,10.00000,643.45275,0.00000,0.75059,0.00000,0.00000,0.67375,0.00000,0.00000,0.00000,0.00000,0.13000,1.44668,3.22560,0.54255,0.54545,0.00000,2621.38249,-0.03371,-0.25658,0.14997,-0.02697,0.33287,0.67164,-0.07552,0.14091,-0.04806,-0.06904,0.03966,0.19642,0.32165,2.73046,0.50000,0.47340,0.42520,0.00000,0.60827,0.53400,1.03251,2.04278,0.40426,0.29508,0.00000
191,0.1043,18874368,53176,0.01381,1.89e-04,0.5765,216.0376,0.00000,0.33000,0.00000,10.00000,601.49127,0.00000,0.77778,0.00000,0.00000,0.67642,0.00000,0.00000,0.00000,0.00000,0.12600,1.45531,3.14133,0.60000,0.63333,0.00000,2621.00781,-0.03380,-0.25669,0.14909,-0.02699,0.33475,0.67438,-0.07605,0.14047,-0.04967,-0.06907,0.03935,0.19614,0.32285,2.89629,0.50000,0.47059,0.47899,0.00000,0.61425,0.53400,1.00497,2.59000,0.34118,0.32203,0.00000
192,0.1048,18972672,53454,0.01187,2.53e-04,0.5764,233.8609,0.00000,0.32800,0.00000,10.00000,642.09176,0.00000,0.85512,0.00000,0.00000,0.67455,0.00000,0.00000,0.00000,0.00000,0.12200,1.46757,3.33631,0.67647,0.65854,0.33333,2617.64014,-0.03373,-0.25622,0.15019,-0.02675,0.33461,0.67245,-0.07605,0.14109,-0.04850,-0.06911,0.03930,0.19694,0.32302,3.14796,3.45333,0.54412,0.48408,0.16667,0.61511,0.53400,1.00697,2.86325,0.41176,0.29333,0.00000
193,0.1053,19070976,53867,0.01276,2.70e-04,0.5764,227.2472,0.00000,0.32600,0.00000,10.00000,603.13846,0.00000,0.77381,0.00000,0.00000,0.67568,0.00000,0.00000,0.00000,0.00000,0.11800,1.44287,3.26571,0.63393,0.72289,0.05882,2607.14274,-0.03372,-0.25528,0.14804,-0.02641,0.33624,0.67364,-0.07531,0.13885,-0.04999,-0.06882,0.03895,0.19424,0.32315,3.07750,1.14571,0.48661,0.50000,0.02857,0.61576,0.53400,0.99560,2.76381,0.33929,0.24658,0.00000
194,0.1059,19169280,53107,0.02024,2.43e-04,0.5764,228.5948,0.00000,0.32400,0.00000,10.00000,607.62664,0.00000,0.81243,0.00000,0.00000,0.67621,0.00000,0.00000,0.00000,0.00000,0.11400,1.44520,2.95017,0.68817,0.71212,0.00000,2593.49902,-0.03370,-0.25411,0.14753,-0.02653,0.33582,0.67405,-0.07530,0.13901,-0.04832,-0.06873,0.03839,0.19368,0.32289,2.80764,0.53000,0.48387,0.44853,0.00000,0.61445,0.53400,0.99583,2.55375,0.27957,0.20000,0.00000
195,0.1064,19267584,53081,0.01202,3.32e-04,0.5765,232.7818,0.00000,0.32200,0.00000,10.00000,613.83587,0.00000,0.84821,0.00000,0.00000,0.67739,0.00000,0.00000,0.00000,0.00000,0.11000,1.42445,2.97800,0.66964,0.67442,0.11111,2615.09180,-0.03382,-0.25591,0.14672,-0.02563,0.33403,0.67516,-0.07512,0.13843,-0.05045,-0.06862,0.03798,0.19239,0.32240,2.94829,1.49600,0.51786,0.47953,0.05263,0.61199,0.53400,1.00113,2.89756,0.36607,0.28235,0.00000
196,0.1069,19365888,52200,0.01229,3.72e-04,0.5765,221.8284,0.00000,0.32000,0.00000,10.00000,606.56563,0.00000,0.86691,0.00000,0.00000,0.67105,0.00000,0.00000,0.00000,0.00000,0.10600,1.40772,3.43645,0.65934,0.68919,0.00000,2626.34570,-0.03385,-0.25721,0.14630,-0.02604,0.33045,0.66892,-0.07595,0.13766,-0.05244,-0.06911,0.03799,0.19096,0.32120,3.31894,0.00000,0.51099,0.49296,0.00000,0.60599,0.53400,0.99975,3.09818,0.36264,0.27941,0.00000
197,0.1074,19464192,53648,0.01356,3.72e-04,0.5765,216.2127,0.00000,0.31800,0.00000,10.00000,626.84561,0.00000,0.79167,0.00000,0.00000,0.66789,0.00000,0.00000,0.00000,0.00000,0.10200,1.42472,3.09689,0.67500,0.64286,0.33333,2631.79215,-0.03393,-0.25753,0.14762,-0.02651,0.33042,0.66570,-0.07708,0.13812,-0.05384,-0.06860,0.03859,0.19206,0.32154,3.23367,2.94000,0.52500,0.47368,0.16667,0.60768,0.53400,0.99784,3.41470,0.37500,0.31034,0.00000
198,0.1079,19562496,53399,0.02095,1.87e-04,0.5766,201.3854,0.00000,0.31600,0.00000,10.00000,696.75104,0.00000,0.81395,0.00000,0.00000,0.66653,0.00000,0.00000,0.00000,0.00000,0.09800,1.43292,3.09321,0.72093,0.64516,0.50000,2642.75212,-0.03406,-0.25857,0.14808,-0.02524,0.32915,0.66437,-0.07820,0.13844,-0.05213,-0.06811,0.03951,0.19274,0.32137,3.22262,4.65000,0.56395,0.46825,0.25000,0.60684,0.53400,1.00132,3.44387,0.40698,0.29688,0.00000
199,0.1085,19660800,52339,0.01264,1.89e-04,0.5766,231.2213,0.00000,0.31400,0.00000,10.00000,703.49046,0.00000,0.73718,0.00000,0.00000,0.67153,0.00000,0.00000,0.00000,0.00000,0.09400,1.43176,3.03365,0.73077,0.71429,0.20000,2659.18864,-0.03396,-0.26036,0.14811,-0.02623,0.33034,0.66948,-0.07801,0.13845,-0.05127,-0.06856,0.03899,0.19273,0.32197,2.91520,2.02800,0.54327,0.46377,0.09524,0.60987,0.53400,0.99692,2.71351,0.35577,0.20588,0.00000
200,0.1091,19759104,49057,0.01132,2.27e-04,0.5766,207.3868,0.00000,0.31200,0.00000,10.00000,582.31039,0.00000,0.86111,0.00000,0.00000,0.67583,0.00000,0.00000,0.00000,0.00000,0.09000,1.43241,3.21934,0.63000,0.59459,0.00000,2653.86540,-0.03411,-0.25987,0.14770,-0.02577,0.33320,0.67362,-0.07828,0.13738,-0.04617,-0.06820,0.03887,0.19173,0.32225,3.25220,2.36333,0.49500,0.45806,0.00000,0.61124,0.53400,1.00771,3.30359,0.36000,0.33333,0.00000
201,0.1096,19857408,53631,0.01575,2.44e-04,0.5766,232.4733,0.00000,0.31000,0.00000,10.00000,571.95525,0.00000,0.80952,0.00000,0.00000,0.67481,0.00000,0.00000,0.00000,0.00000,0.08600,1.41470,3.37393,0.60952,0.61644,0.00000,2635.06689,-0.03419,-0.25801,0.14617,-0.02637,0.33354,0.67260,-0.07807,0.13571,-0.04868,-0.06837,0.03852,0.19009,0.32221,3.36695,1.32500,0.48095,0.45752,0.00000,0.61106,0.53400,0.99448,3.35692,0.35238,0.31250,0.00000
202,0.1101,19955712,53012,0.01420,1.98e-04,0.5766,218.7711,0.00000,0.30800,0.00000,10.00000,572.04127,0.00000,0.88009,0.00000,0.00000,0.67545,0.00000,0.00000,0.00000,0.00000,0.08200,1.41586,2.80800,0.54455,0.54762,0.11111,2614.20540,-0.03417,-0.25586,0.14595,-0.02588,0.33407,0.67326,-0.07737,0.13667,-0.04816,-0.06855,0.03853,0.19100,0.32206,2.96224,1.42000,0.44059,0.40625,0.05556,0.61031,0.53400,0.99451,3.25405,0.33663,0.25000,0.00000
203,0.1106,20054016,52846,0.01842,1.30e-04,0.5767,218.6231,0.00000,0.30600,0.00000,10.00000,582.34917,0.00000,0.83333,0.00000,0.00000,0.66909,0.00000,0.00000,0.00000,0.00000,0.07800,1.38558,3.15035,0.61224,0.58333,0.00000,2602.03483,-0.03432,-0.25467,0.14415,-0.02605,0.33030,0.66695,-0.07727,0.13560,-0.05020,-0.06835,0.03810,0.18830,0.32109,3.15977,0.50000,0.45408,0.39456,0.00000,0.60546,0.53400,0.98969,3.17677,0.29592,0.21333,0.00000
204,0.1112,20152320,51765,0.01112,1.47e-04,0.5767,209.0556,0.00000,0.30400,0.00000,10.00000,544.71031,0.00000,0.82778,0.00000,0.00000,0.66223,0.00000,0.00000,0.00000,0.00000,0.07400,1.35354,3.05846,0.57000,0.54054,0.10000,2624.58724,-0.03421,-0.25711,0.14308,-0.02610,0.32694,0.66003,-0.07668,0.13561,-0.04744,-0.06840,0.03740,0.18708,0.32003,3.03566,0.50000,0.43000,0.38255,0.04545,0.60015,0.53400,1.00237,2.99742,0.29000,0.22667,0.00000
205,0.1117,20250624,53613,0.01207,1.86e-04,0.5768,246.7324,0.00000,0.30400,0.00000,10.00000,589.55929,0.00000,0.83041,0.00000,0.00000,0.66480,0.00000,0.00000,0.00000,0.00000,0.07000,1.33911,3.25100,0.63158,0.62500,0.00000,2642.18180,-0.03428,-0.25867,0.14225,-0.02556,0.32862,0.66251,-0.07815,0.13507,-0.05156,-0.06834,0.03737,0.18587,0.32080,3.42417,0.59000,0.47895,0.43662,0.00000,0.60400,0.53800,1.01466,3.75935,0.32632,0.24286,0.00000
206,0.1122,20348928,53558,0.00985,2.69e-04,0.5767,235.5351,0.00000,0.30400,0.00000,10.00000,652.43232,0.00000,0.77882,0.00000,0.00000,0.66715,0.00000,0.00000,0.00000,0.00000,0.06600,1.32612,3.16254,0.70093,0.68421,0.12500,2652.81510,-0.03430,-0.25970,0.14144,-0.02574,0.32968,0.66478,-0.07794,0.13553,-0.04838,-0.06860,0.03689,0.18577,0.32142,2.99166,0.93200,0.51869,0.46667,0.05263,0.60711,0.54200,1.03475,2.66545,0.33645,0.24324,0.00000
207,0.1127,20447232,54219,0.01118,3.04e-04,0.5767,227.7569,0.00000,0.30400,0.00000,10.00000,618.36265,0.00000,0.84677,0.00000,0.00000,0.66508,0.00000,0.00000,0.00000,0.00000,0.06200,1.28571,3.24560,0.63710,0.60215,0.12500,2652.12191,-0.03435,-0.25961,0.13980,-0.02498,0.32961,0.66264,-0.07790,0.13419,-0.05054,-0.06888,0.03638,0.18288,0.32217,3.36109,1.44571,0.47984,0.42328,0.05882,0.61086,0.54600,1.03741,3.52453,0.32258,0.25000,0.00000
208,0.1132,20545536,53880,0.02022,2.30e-04,0.5767,233.3353,0.00000,0.30400,0.00000,10.00000,655.14765,0.00000,0.80524,0.00000,0.00000,0.66152,0.00000,0.00000,0.00000,0.00000,0.05800,1.25982,2.98143,0.53933,0.48571,0.16667,2645.36263,-0.03436,-0.25902,0.13731,-0.02420,0.32757,0.65920,-0.07834,0.13173,-0.04804,-0.06874,0.03566,0.17963,0.32131,2.91704,1.42000,0.47753,0.41085,0.07143,0.60656,0.55000,1.03541,2.80437,0.41573,0.32203,0.00000
209,0.1138,20643840,53524,0.01442,2.11e-04,0.5768,223.1155,0.00000,0.30400,0.00000,10.00000,616.84478,0.00000,0.86257,0.00000,0.00000,0.66127,0.00000,0.00000,0.00000,0.00000,0.05400,1.26125,2.85915,0.63158,0.56818,0.00000,2655.67301,-0.03433,-0.26014,0.13742,-0.02401,0.32578,0.65892,-0.07871,0.13201,-0.05046,-0.06875,0.03550,0.18047,0.32027,3.17055,2.99000,0.47807,0.39548,0.00000,0.60134,0.55400,1.05258,3.76811,0.32456,0.22472,0.00000
210,0.1143,20742144,53778,0.01280,1.79e-04,0.5767,216.8229,0.00000,0.30400,0.00000,10.00000,534.10832,0.00000,0.75826,0.00000,0.00000,0.66274,0.00000,0.00000,0.00000,0.00000,0.05000,1.25628,3.40850,0.58108,0.56000,0.18182,2655.51383,-0.03422,-0.26011,0.13895,-0.02523,0.32869,0.66064,-0.07889,0.13329,-0.04978,-0.06847,0.03618,0.18225,0.32171,3.67174,1.66500,0.42568,0.39604,0.08696,0.60854,0.55800,1.07348,4.12956,0.27027,0.23529,0.00000
211,0.1148,20840448,53685,0.01402,2.20e-04,0.5767,207.6112,0.00000,0.30400,0.00000,10.00000,589.64019,0.00000,0.85518,0.00000,0.00000,0.66377,0.00000,0.00000,0.00000,0.00000,0.04600,1.25337,3.04964,0.67416,0.67647,0.12500,2668.53857,-0.03433,-0.26137,0.14150,-0.02545,0.32911,0.66163,-0.07972,0.13612,-0.04850,-0.06825,0.03727,0.18594,0.32194,2.93057,2.41000,0.48876,0.47445,0.05882,0.60971,0.56200,1.11849,2.71548,0.30337,0.27536,0.00000
212,0.1153,20938752,54015,0.01555,1.44e-04,0.5768,223.2020,0.00000,0.30400,0.00000,10.00000,572.31117,0.00000,0.81046,0.00000,0.00000,0.67075,0.00000,0.00000,0.00000,0.00000,0.04200,1.25627,3.03836,0.56471,0.58730,0.15385,2695.43538,-0.03430,-0.26405,0.14284,-0.02554,0.33209,0.66842,-0.08038,0.13761,-0.05044,-0.06850,0.03778,0.18796,0.32324,3.04968,1.37750,0.50000,0.52419,0.07407,0.61621,0.56600,1.14251,3.06227,0.43529,0.45902,0.00000
213,0.1158,21037056,52673,0.01407,1.33e-04,0.5767,206.8289,0.00000,0.30200,0.00000,10.00000,641.93093,0.00000,0.85151,0.00000,0.00000,0.67441,0.00000,0.00000,0.00000,0.00000,0.03800,1.24133,2.98147,0.62617,0.58824,0.33333,2680.17236,-0.03430,-0.26254,0.14327,-0.02607,0.33512,0.67198,-0.08048,0.13877,-0.04747,-0.06862,0.03766,0.18890,0.32413,3.31574,2.31000,0.55140,0.50000,0.16667,0.62066,0.56600,1.18188,3.88400,0.47664,0.40506,0.00000
214,0.1164,21135360,53156,0.01186,1.30e-04,0.5767,206.2125,0.00000,0.30200,0.00000,10.00000,568.02215,0.00000,0.75397,0.00000,0.00000,0.67879,0.00000,0.00000,0.00000,0.00000,0.03800,1.23513,2.82355,0.54464,0.53333,0.22222,2618.89323,-0.03425,-0.25676,0.14498,-0.02527,0.33947,0.67609,-0.08024,0.14145,-0.04510,-0.06824,0.03845,0.19177,0.32628,3.13632,3.66500,0.45089,0.42763,0.10526,0.63140,0.56600,1.22122,3.67500,0.35714,0.32468,0.00000
215,0.1169,21233664,53385,0.01173,1.72e-04,0.5767,224.9402,0.00000,0.30200,0.00000,10.00000,612.42764,0.00000,0.82508,0.00000,0.00000,0.68134,0.00000,0.00000,0.00000,0.00000,0.03800,1.22242,3.10766,0.63366,0.59211,0.16667,2631.13216,-0.03396,-0.25766,0.14805,-0.02632,0.34170,0.67855,-0.07930,0.14459,-0.04719,-0.06843,0.03941,0.19547,0.32653,3.30063,0.82000,0.49010,0.42000,0.06667,0.63266,0.56600,1.26666,3.63143,0.34653,0.24324,0.00000
216,0.1174,21331968,53368,0.01409,1.56e-04,0.5767,229.8523,0.00000,0.30200,0.00000,10.00000,598.98820,0.00000,0.86359,0.00000,0.00000,0.68668,0.00000,0.00000,0.00000,0.00000,0.03800,1.19142,3.34666,0.54455,0.50000,0.00000,2634.89893,-0.03378,-0.25811,0.14919,-0.02733,0.34624,0.68385,-0.07849,0.14676,-0.04616,-0.06868,0.03963,0.19751,0.32754,3.88183,0.50000,0.51980,0.46497,0.00000,0.63768,0.56600,1.31365,4.46846,0.49505,0.42667,0.00000
217,0.1179,21430272,52494,0.01330,1.53e-04,0.5767,220.7151,0.00000,0.30200,0.00000,10.00000,565.01398,0.00000,0.84568,0.00000,0.00000,0.68669,0.00000,0.00000,0.00000,0.00000,0.03800,1.20890,3.15208,0.53333,0.47059,0.28571,2646.79313,-0.03375,-0.25932,0.15160,-0.02673,0.34740,0.68403,-0.07962,0.14970,-0.04769,-0.06862,0.04057,0.20096,0.32790,3.60988,3.52000,0.46667,0.41606,0.13333,0.63951,0.56600,1.33067,4.20378,0.40000,0.36232,0.00000
218,0.1184,21528576,53909,0.01195,1.44e-04,0.5768,220.2414,0.00000,0.30200,0.00000,10.00000,568.00641,0.00000,0.79561,0.00000,0.00000,0.68536,0.00000,0.00000,0.00000,0.00000,0.03800,1.22677,3.90533,0.49383,0.37288,0.20000,2653.24626,-0.03374,-0.25999,0.15533,-0.02772,0.34654,0.68263,-0.07947,0.15282,-0.05024,-0.06882,0.04118,0.20538,0.32788,4.20677,3.05333,0.50617,0.41379,0.07692,0.63939,0.56600,1.34992,4.46514,0.51852,0.45614,0.00000
219,0.1189,21626880,54286,0.01276,1.56e-04,0.5768,222.7136,0.00000,0.30200,0.00000,10.00000,694.40454,0.00000,0.76628,0.00000,0.00000,0.68677,0.00000,0.00000,0.00000,0.00000,0.03800,1.23225,3.31000,0.65517,0.58182,0.00000,2652.44938,-0.03370,-0.25999,0.15522,-0.02748,0.34674,0.68407,-0.07971,0.15271,-0.04760,-0.06869,0.04116,0.20428,0.32853,3.45816,0.50000,0.59195,0.54167,0.00000,0.64264,0.56600,1.35496,3.59644,0.52874,0.50769,0.00000
220,0.1195,21725184,53296,0.01271,1.79e-04,0.5769,223.0462,0.00000,0.30200,0.00000,10.00000,606.25924,0.00000,0.83608,0.00000,0.00000,0.69403,0.00000,0.00000,0.00000,0.00000,0.03800,1.21978,3.38691,0.48515,0.45000,0.00000,2641.08757,-0.03362,-0.25882,0.15535,-0.02707,0.35033,0.69099,-0.07918,0.15292,-0.04448,-0.06874,0.04112,0.20382,0.32900,3.49470,0.50000,0.46040,0.39474,0.00000,0.64499,0.56600,1.37946,3.62085,0.43564,0.33333,0.00000
221,0.1200,21823488,53856,0.01292,1.87e-04,0.5769,231.4920,0.00000,0.30200,0.00000,10.00000,604.10041,0.00000,0.79365,0.00000,0.00000,0.69587,0.00000,0.00000,0.00000,0.00000,0.03800,1.24170,3.40808,0.56122,0.50000,0.14286,2668.91357,-0.03341,-0.26148,0.15874,-0.02859,0.35211,0.69311,-0.07856,0.15608,-0.04857,-0.06919,0.04133,0.20826,0.32913,3.92559,2.60666,0.53571,0.47857,0.05882,0.64567,0.56600,1.37355,4.58195,0.51020,0.45455,0.00000
222,0.1205,21921792,54040,0.01336,2.47e-04,0.5769,220.3337,0.00000,0.30200,0.00000,10.00000,564.44965,0.00000,0.81549,0.00000,0.00000,0.70021,0.00000,0.00000,0.00000,0.00000,0.03800,1.25445,3.86222,0.52294,0.46591,0.58333,2630.95964,-0.03342,-0.25789,0.16061,-0.02880,0.35573,0.69743,-0.07818,0.15847,-0.04486,-0.06905,0.04134,0.21111,0.33011,4.04871,4.89333,0.50917,0.45000,0.28000,0.65053,0.56600,1.39112,4.35789,0.49541,0.43056,0.00000
223,0.1210,22020096,54267,0.01263,2.85e-04,0.5770,222.5405,0.00000,0.30200,0.00000,10.00000,630.82543,0.00000,0.81985,0.00000,0.00000,0.69728,0.00000,0.00000,0.00000,0.00000,0.03800,1.24940,3.80813,0.59223,0.59036,0.25000,2603.07113,-0.03350,-0.25517,0.16083,-0.02846,0.35673,0.69426,-0.07835,0.15872,-0.04538,-0.06896,0.04255,0.21222,0.33048,3.74078,3.79500,0.58738,0.55263,0.11765,0.65242,0.56600,1.40012,3.64837,0.58252,0.50725,0.00000
224,0.1215,22118400,53547,0.01831,2.70e-04,0.5770,212.4444,0.00000,0.30200,0.00000,10.00000,573.92889,0.00000,0.83900,0.00000,0.00000,0.69587,0.00000,0.00000,0.00000,0.00000,0.03800,1.23015,3.79800,0.54082,0.50000,0.40000,2625.36963,-0.03359,-0.25719,0.15956,-0.02855,0.35528,0.69296,-0.07760,0.15818,-0.04821,-0.06931,0.04283,0.21145,0.33019,3.79269,3.06000,0.51020,0.46622,0.20000,0.65095,0.56600,1.39295,3.78545,0.47959,0.42857,0.00000
225,0.1220,22216704,53682,0.01569,2.06e-04,0.5770,216.2290,0.00000,0.30200,0.00000,10.00000,660.15854,0.00000,0.76319,0.00000,0.00000,0.69504,0.00000,0.00000,0.00000,0.00000,0.03800,1.23559,3.25137,0.53535,0.45833,0.30000,2617.48031,-0.03337,-0.25662,0.16207,-0.02844,0.35540,0.69202,-0.07787,0.16063,-0.04594,-0.06931,0.04317,0.21390,0.32983,3.31634,2.93143,0.52020,0.44118,0.14286,0.64913,0.56600,1.42096,3.39524,0.50505,0.42188,0.00000
226,0.1226,22315008,53244,0.01520,1.77e-04,0.5771,209.2717,0.00000,0.30200,0.00000,10.00000,663.66850,0.00000,0.77546,0.00000,0.00000,0.69945,0.00000,0.00000,0.00000,0.00000,0.03800,1.24572,3.66500,0.58333,0.47222,0.85714,2625.10010,-0.03333,-0.25722,0.16387,-0.02836,0.35767,0.69637,-0.07842,0.16175,-0.04285,-0.06893,0.04369,0.21512,0.33050,3.73361,5.80333,0.59375,0.51493,0.37500,0.65250,0.56600,1.44414,3.83473,0.60417,0.56452,0.00000
227,0.1231,22413312,53955,0.01326,1.58e-04,0.5772,213.3414,0.00000,0.30200,0.00000,10.00000,632.78103,0.00000,0.78092,0.00000,0.00000,0.70243,0.00000,0.00000,0.00000,0.00000,0.03800,1.24743,4.35115,0.61321,0.58442,0.25000,2623.41699,-0.03333,-0.25711,0.16328,-0.02909,0.35848,0.69943,-0.07777,0.16085,-0.04790,-0.06923,0.04314,0.21450,0.33089,3.99009,2.72000,0.59906,0.59732,0.12000,0.65445,0.56600,1.41961,3.64872,0.58491,0.61111,0.00000
228,0.1236,22511616,53708,0.01163,2.06e-04,0.5773,219.6974,0.00000,0.30200,0.00000,10.00000,658.32517,0.00000,0.80927,0.00000,0.00000,0.70188,0.00000,0.00000,0.00000,0.00000,0.03800,1.22038,3.95411,0.62205,0.56383,0.36364,2614.57357,-0.03336,-0.25621,0.16098,-0.02937,0.35935,0.69886,-0.07719,0.15959,-0.04635,-0.06935,0.04223,0.21234,0.33138,3.65970,3.41333,0.59055,0.55135,0.18182,0.65689,0.56600,1.42051,3.36529,0.55906,0.53846,0.00000
229,0.1241,22609920,53662,0.01438,2.07e-04,0.5773,223.1004,0.00000,0.30200,0.00000,10.00000,651.87082,0.00000,0.82041,0.00000,0.00000,0.69939,0.00000,0.00000,0.00000,0.00000,0.03800,1.22872,3.35024,0.54651,0.46269,0.40000,2630.37109,-0.03332,-0.25787,0.16122,-0.02837,0.35786,0.69652,-0.07749,0.15919,-0.04556,-0.06911,0.04250,0.21227,0.33167,3.39852,5.45000,0.58140,0.49606,0.20000,0.65833,0.56600,1.41884,3.44800,0.61628,0.53333,0.00000
230,0.1246,22708224,54990,0.01505,1.56e-04,0.5773,210.1207,0.00000,0.30200,0.00000,10.00000,632.96289,0.00000,0.90278,0.00000,0.00000,0.70079,0.00000,0.00000,0.00000,0.00000,0.03800,1.24767,3.42517,0.59615,0.53488,0.00000,2648.68050,-0.03311,-0.25959,0.16374,-0.02842,0.35941,0.69758,-0.07690,0.16170,-0.04572,-0.06967,0.04236,0.21490,0.33176,3.54923,0.50000,0.54808,0.50296,0.00000,0.65882,0.56600,1.43638,3.67118,0.50000,0.46988,0.00000
231,0.1251,22806528,52778,0.01448,1.60e-04,0.5773,219.3677,0.00000,0.30200,0.00000,10.00000,610.64839,0.00000,0.77635,0.00000,0.00000,0.70578,0.00000,0.00000,0.00000,0.00000,0.03800,1.27321,3.67636,0.55128,0.57895,0.23077,2638.86654,-0.03298,-0.25857,0.16798,-0.02992,0.36134,0.70255,-0.07682,0.16558,-0.04978,-0.06953,0.04407,0.22036,0.33198,3.40023,2.70000,0.53846,0.56881,0.11538,0.65990,0.56600,1.46383,3.11767,0.52564,0.55769,0.00000
232,0.1257,22904832,53095,0.01145,1.71e-04,0.5773,205.7133,0.00000,0.30200,0.00000,10.00000,676.30964,0.00000,0.77008,0.00000,0.00000,0.71116,0.00000,0.00000,0.00000,0.00000,0.03800,1.29376,3.58641,0.56436,0.47826,0.22222,2663.82731,-0.03294,-0.26101,0.17119,-0.02997,0.36519,0.70796,-0.07718,0.16832,-0.04938,-0.06981,0.04418,0.22434,0.33315,3.55278,2.32800,0.58416,0.54286,0.10000,0.66577,0.56600,1.48309,3.52036,0.60396,0.60563,0.00000
233,0.1262,23003136,53951,0.01272,2.06e-04,0.5773,209.2121,0.00000,0.30200,0.00000,10.00000,684.77325,0.00000,0.71429,0.00000,0.00000,0.71784,0.00000,0.00000,0.00000,0.00000,0.03800,1.31679,4.05957,0.65476,0.64912,0.33333,2643.15495,-0.03295,-0.25891,0.17284,-0.03090,0.36900,0.71457,-0.07774,0.17084,-0.04732,-0.06930,0.04534,0.22767,0.33415,3.91878,3.14500,0.63095,0.62963,0.16667,0.67073,0.56600,1.50552,3.72971,0.60714,0.60784,0.00000
234,0.1267,23101440,53032,0.01545,1.56e-04,0.5772,193.1198,0.00000,0.30200,0.00000,10.00000,705.13767,0.00000,0.75512,0.00000,0.00000,0.71768,0.00000,0.00000,0.00000,0.00000,0.03800,1.33263,3.44321,0.61165,0.58108,0.11111,2618.77165,-0.03303,-0.25671,0.17392,-0.03100,0.36933,0.71426,-0.07676,0.17192,-0.04187,-0.06944,0.04608,0.22975,0.33422,3.41215,2.72333,0.65049,0.62857,0.05263,0.67108,0.56600,1.51448,3.37804,0.68932,0.68182,0.00000
235,0.1272,23199744,53736,0.01231,1.56e-04,0.5772,228.4600,0.00000,0.30200,0.00000,10.00000,670.03348,0.00000,0.74074,0.00000,0.00000,0.71729,0.00000,0.00000,0.00000,0.00000,0.03800,1.31917,3.09382,0.52381,0.46053,0.33333,2610.00749,-0.03302,-0.25590,0.17327,-0.03042,0.37094,0.71395,-0.07632,0.17053,-0.04325,-0.06959,0.04567,0.22755,0.33477,3.17832,1.04364,0.53333,0.49286,0.14286,0.67385,0.56600,1.49805,3.26769,0.54286,0.53125,0.00000
236,0.1277,23298048,53765,0.01305,1.89e-04,0.5772,203.4646,0.00000,0.30200,0.00000,10.00000,714.03713,0.00000,0.77679,0.00000,0.00000,0.71499,0.00000,0.00000,0.00000,0.00000,0.03800,1.31342,4.02706,0.61062,0.54348,0.75000,2611.41618,-0.03291,-0.25611,0.17246,-0.03009,0.36946,0.71164,-0.07655,0.16998,-0.04401,-0.06974,0.04500,0.22625,0.33467,3.63772,2.64400,0.64159,0.57595,0.33333,0.67334,0.56600,1.49235,3.15636,0.67257,0.62121,0.00000
237,0.1283,23396352,52533,0.01521,1.79e-04,0.5772,219.1488,0.00000,0.30200,0.00000,10.00000,696.27089,0.00000,0.81522,0.00000,0.00000,0.71464,0.00000,0.00000,0.00000,0.00000,0.03800,1.29366,3.84384,0.61957,0.56164,0.50000,2614.50879,-0.03300,-0.25627,0.17063,-0.03048,0.36789,0.71148,-0.07670,0.16890,-0.04793,-0.06962,0.04465,0.22435,0.33375,3.68367,6.26499,0.63043,0.58519,0.23077,0.66873,0.56600,1.47459,3.50261,0.64130,0.61290,0.00000
238,0.1288,23494656,53258,0.01727,1.47e-04,0.5772,210.6328,0.00000,0.30200,0.00000,10.00000,702.14324,0.00000,0.81439,0.00000,0.00000,0.71206,0.00000,0.00000,0.00000,0.00000,0.03800,1.29123,3.31403,0.61364,0.59155,0.33333,2646.86165,-0.03316,-0.25917,0.16960,-0.03061,0.36563,0.70886,-0.07662,0.16703,-0.04523,-0.06943,0.04390,0.22308,0.33348,3.28563,1.12667,0.63636,0.60465,0.14286,0.66741,0.56600,1.46686,3.25043,0.65909,0.62069,0.00000
239,0.1293,23592960,53206,0.01196,1.60e-04,0.5772,207.7589,0.00000,0.30200,0.00000,10.00000,707.03400,0.00000,0.82990,0.00000,0.00000,0.70831,0.00000,0.00000,0.00000,0.00000,0.03800,1.30226,3.28089,0.61728,0.54839,0.25000,2640.37272,-0.03320,-0.25878,0.16926,-0.02975,0.36429,0.70517,-0.07690,0.16621,-0.04447,-0.06938,0.04402,0.22238,0.33326,3.35537,1.84000,0.64198,0.61157,0.10000,0.66629,0.56600,1.46999,3.42240,0.66667,0.67797,0.00000
240,0.1298,23691264,52527,0.01592,1.11e-04,0.5772,201.2181,0.00000,0.30200,0.00000,10.00000,703.69265,0.00000,0.76174,0.00000,0.00000,0.71163,0.00000,0.00000,0.00000,0.00000,0.03800,1.32965,4.25085,0.61856,0.60000,0.44444,2630.77002,-0.03318,-0.25792,0.17235,-0.03023,0.36470,0.70833,-0.07672,0.16802,-0.04377,-0.06924,0.04484,0.22562,0.33280,3.82654,3.30666,0.62371,0.60902,0.20000,0.66398,0.56600,1.47724,3.30500,0.62887,0.62069,0.00000
241,0.1304,23789568,53414,0.01062,1.49e-04,0.5772,215.7823,0.00000,0.30200,0.00000,10.00000,617.08863,0.00000,0.89606,0.00000,0.00000,0.71740,0.00000,0.00000,0.00000,0.00000,0.03800,1.33097,3.55773,0.54839,0.48052,0.33333,2651.14014,-0.03308,-0.25987,0.17387,-0.03080,0.36809,0.71399,-0.07636,0.17050,-0.04586,-0.06963,0.04520,0.22771,0.33389,3.55238,1.65333,0.54839,0.48667,0.12500,0.66943,0.56600,1.47778,3.54692,0.54839,0.49315,0.00000
242,0.1309,23887872,53973,0.01271,1.92e-04,0.5771,203.8352,0.00000,0.30200,0.00000,10.00000,682.22098,0.00000,0.76720,0.00000,0.00000,0.72022,0.00000,0.00000,0.00000,0.00000,0.03800,1.34422,3.39484,0.59048,0.57895,0.16667,2615.87988,-0.03311,-0.25673,0.17527,-0.03116,0.36984,0.71679,-0.07664,0.17304,-0.03964,-0.06940,0.04539,0.23003,0.33393,3.30212,3.20000,0.58571,0.57241,0.08333,0.66963,0.56600,1.50695,3.18941,0.58095,0.56522,0.00000
243,0.1314,23986176,52648,0.01672,1.43e-04,0.5771,197.7918,0.00000,0.30200,0.00000,10.00000,654.97410,0.00000,0.82222,0.00000,0.00000,0.72041,0.00000,0.00000,0.00000,0.00000,0.03800,1.34476,3.50666,0.60000,0.56000,0.30000,2591.85303,-0.03293,-0.25428,0.17588,-0.03110,0.37110,0.71703,-0.07546,0.17393,-0.03997,-0.06922,0.04599,0.23129,0.33444,3.28550,1.90250,0.58000,0.56081,0.14286,0.67220,0.56600,1.50918,3.04105,0.56000,0.56164,0.00000
244,0.1319,24084480,53789,0.01218,1.87e-04,0.5772,217.5623,0.00000,0.30200,0.00000,10.00000,697.91804,0.00000,0.82837,0.00000,0.00000,0.71949,0.00000,0.00000,0.00000,0.00000,0.03800,1.34393,3.52901,0.57143,0.55556,0.44444,2599.94189,-0.03286,-0.25494,0.17765,-0.03157,0.37240,0.71607,-0.07503,0.17587,-0.04298,-0.06932,0.04655,0.23299,0.33476,3.37398,1.87111,0.61607,0.58683,0.22222,0.67378,0.56600,1.51793,3.19645,0.66071,0.62338,0.00000
245,0.1324,24182784,53274,0.02135,1.04e-04,0.5771,205.2648,0.00000,0.30200,0.00000,10.00000,705.73064,0.00000,0.74879,0.00000,0.00000,0.72128,0.00000,0.00000,0.00000,0.00000,0.03800,1.34977,3.56107,0.63043,0.58824,0.40000,2575.51009,-0.03279,-0.25267,0.17688,-0.03043,0.37303,0.71775,-0.07512,0.17489,-0.04319,-0.06922,0.04673,0.23158,0.33412,3.52333,2.69333,0.62500,0.58871,0.19048,0.67061,0.56600,1.50686,3.47739,0.61957,0.58929,0.00000
246,0.1329,24281088,53691,0.01070,1.49e-04,0.5771,188.4712,0.00000,0.30200,0.00000,10.00000,688.89132,0.00000,0.77008,0.00000,0.00000,0.72038,0.00000,0.00000,0.00000,0.00000,0.03800,1.36284,3.61423,0.58416,0.52632,0.37500,2563.40951,-0.03291,-0.25126,0.17702,-0.03128,0.37209,0.71697,-0.07523,0.17555,-0.04402,-0.06932,0.04699,0.23311,0.33423,3.39927,1.81428,0.57921,0.53571,0.15000,0.67113,0.56600,1.49667,3.15059,0.57426,0.54688,0.00000
247,0.1335,24379392,53628,0.01381,1.43e-04,0.5771,213.2566,0.00000,0.30200,0.00000,10.00000,657.13782,0.00000,0.84736,0.00000,0.00000,0.72173,0.00000,0.00000,0.00000,0.00000,0.03800,1.37525,3.76033,0.64646,0.63636,0.12500,2607.67318,-0.03291,-0.25553,0.17729,-0.03023,0.37345,0.71832,-0.07507,0.17477,-0.04704,-0.06957,0.04664,0.23292,0.33415,3.54509,0.50000,0.60606,0.59603,0.05882,0.67076,0.56600,1.47702,3.28680,0.56566,0.55405,0.00000
248,0.1340,24477696,52679,0.01278,1.89e-04,0.5771,204.4285,0.00000,0.30200,0.00000,10.00000,711.46094,0.00000,0.78579,0.00000,0.00000,0.72662,0.00000,0.00000,0.00000,0.00000,0.03800,1.38097,3.50590,0.61261,0.56098,0.40000,2569.16699,-0.03283,-0.25172,0.17731,-0.03139,0.37623,0.72312,-0.07465,0.17431,-0.04612,-0.06964,0.04655,0.23246,0.33469,3.30545,2.29091,0.61712,0.59236,0.19048,0.67344,0.56600,1.48415,3.10166,0.62162,0.62667,0.00000
249,0.1345,24576000,53337,0.01362,2.25e-04,0.5770,216.5365,0.00000,0.30200,0.00000,10.00000,743.35298,0.00000,0.76628,0.00000,0.00000,0.72751,0.00000,0.00000,0.00000,0.00000,0.03800,1.39121,3.36545,0.67241,0.62791,0.25000,2541.52669,-0.03275,-0.24918,0.17784,-0.03151,0.37825,0.72403,-0.07355,0.17452,-0.04395,-0.06959,0.04691,0.23365,0.33529,3.37140,2.38000,0.64655,0.60000,0.11111,0.67643,0.56600,1.47453,3.37854,0.62069,0.56757,0.00000
250,0.1350,24674304,54373,0.01428,2.27e-04,0.5770,233.0692,0.00000,0.30200,0.00000,10.00000,709.91139,0.00000,0.80524,0.00000,0.00000,0.72769,0.00000,0.00000,0.00000,0.00000,0.03800,1.40635,3.56480,0.60674,0.55072,0.40000,2541.35173,-0.03294,-0.24919,0.17906,-0.03197,0.37717,0.72422,-0.07481,0.17546,-0.04634,-0.06917,0.04693,0.23548,0.33436,3.48741,4.53000,0.60674,0.54264,0.18182,0.67181,0.56600,1.47855,3.38820,0.60674,0.53333,0.00000
251,0.1356,24772608,52738,0.01443,2.06e-04,0.5769,205.0396,0.00000,0.30200,0.00000,10.00000,717.50449,0.00000,0.79208,0.00000,0.00000,0.72593,0.00000,0.00000,0.00000,0.00000,0.03800,1.40542,4.16508,0.66337,0.61250,0.00000,2576.81673,-0.03290,-0.25249,0.17852,-0.03230,0.37646,0.72263,-0.07447,0.17491,-0.04686,-0.06965,0.04652,0.23452,0.33469,3.50430,0.50000,0.63861,0.57639,0.00000,0.67344,0.56600,1.46657,2.69208,0.61386,0.53125,0.00000
252,0.1361,24870912,54020,0.01409,2.06e-04,0.5769,210.8564,0.00000,0.30200,0.00000,10.00000,693.24714,0.00000,0.67407,0.00000,0.00000,0.72672,0.00000,0.00000,0.00000,0.00000,0.03800,1.42627,4.39463,0.65333,0.56250,0.54545,2581.15120,-0.03315,-0.25300,0.18169,-0.03214,0.37621,0.72315,-0.07518,0.17814,-0.04528,-0.06934,0.04813,0.23892,0.33448,3.88194,5.22000,0.58667,0.53846,0.25000,0.67238,0.56600,1.49788,3.20387,0.52000,0.51163,0.00000
253,0.1366,24969216,53915,0.01543,1.76e-04,0.5770,212.2942,0.00000,0.30200,0.00000,10.00000,689.97158,0.00000,0.78307,0.00000,0.00000,0.73089,0.00000,0.00000,0.00000,0.00000,0.03800,1.41946,3.15969,0.63810,0.58108,0.41667,2596.72738,-0.03281,-0.25472,0.18297,-0.03167,0.37958,0.72711,-0.07568,0.17960,-0.04367,-0.06954,0.04815,0.24015,0.33567,3.18548,1.94000,0.60476,0.60135,0.19231,0.67837,0.56600,1.53421,3.21300,0.57143,0.62162,0.00000
254,0.1371,25067520,53204,0.01451,1.76e-04,0.5770,219.0327,0.00000,0.30200,0.00000,10.00000,764.26408,0.00000,0.74481,0.00000,0.00000,0.73623,0.00000,0.00000,0.00000,0.00000,0.03800,1.44129,3.70178,0.63736,0.54545,0.50000,2608.45329,-0.03275,-0.25575,0.18608,-0.03453,0.38336,0.73266,-0.07594,0.18227,-0.04477,-0.06958,0.04890,0.24395,0.33766,3.51168,2.60000,0.65385,0.59016,0.20000,0.68830,0.56600,1.54457,3.27511,0.67033,0.64286,0.00000
255,0.1376,25165824,53492,0.01216,2.27e-04,0.5770,207.3048,0.00000,0.30200,0.00000,10.00000,734.60305,0.00000,0.76111,0.00000,0.00000,0.74325,0.00000,0.00000,0.00000,0.00000,0.03800,1.45921,3.86724,0.67000,0.67532,0.00000,2610.11442,-0.03275,-0.25603,0.18861,-0.03391,0.38637,0.73959,-0.07626,0.18576,-0.04188,-0.07006,0.04989,0.24792,0.33900,3.70548,2.78666,0.66500,0.63504,0.00000,0.69501,0.56600,1.57380,3.45182,0.66000,0.58333,0.00000
256,0.1381,25264128,54452,0.01526,1.76e-04,0.5770,230.7415,0.00000,0.30200,0.00000,10.00000,680.57661,0.00000,0.72816,0.00000,0.00000,0.75026,0.00000,0.00000,0.00000,0.00000,0.03800,1.47515,2.96241,0.57282,0.54930,0.26667,2576.04248,-0.03280,-0.25252,0.18899,-0.03372,0.39227,0.74660,-0.07550,0.18618,-0.04270,-0.06963,0.05010,0.24921,0.34010,3.21684,1.67833,0.58252,0.58519,0.12500,0.70050,0.56600,1.57754,3.48035,0.59223,0.62500,0.00000
257,0.1387,25362432,54240,0.01333,2.13e-04,0.5770,206.4868,0.00000,0.30200,0.00000,10.00000,753.62305,0.00000,0.74713,0.00000,0.00000,0.74851,0.00000,0.00000,0.00000,0.00000,0.03800,1.48617,3.20373,0.67241,0.65476,0.27273,2538.98958,-0.03293,-0.24894,0.19051,-0.03433,0.39357,0.74489,-0.07603,0.18787,-0.04061,-0.06950,0.05043,0.25144,0.34129,3.11615,1.94400,0.62500,0.62179,0.12000,0.70644,0.56600,1.58642,3.00667,0.57759,0.58333,0.00000
258,0.1392,25460736,53855,0.01416,1.56e-04,0.5770,222.7079,0.00000,0.30200,0.00000,10.00000,743.40762,0.00000,0.89744,0.00000,0.00000,0.74690,0.00000,0.00000,0.00000,0.00000,0.03800,1.50218,3.37714,0.74725,0.71429,1.00000,2521.44678,-0.03290,-0.24714,0.19152,-0.03407,0.39231,0.74355,-0.07522,0.18804,-0.04242,-0.06936,0.05128,0.25273,0.34006,3.52333,3.57000,0.72527,0.68027,0.50000,0.70030,0.56600,1.56786,3.68491,0.70330,0.64286,0.00000
259,0.1397,25559040,53777,0.01374,1.87e-04,0.5772,207.6408,0.00000,0.30000,0.00000,10.00000,737.63832,0.00000,0.79652,0.00000,0.00000,0.74160,0.00000,0.00000,0.00000,0.00000,0.03400,1.50293,3.28000,0.72289,0.70769,0.60000,2571.72900,-0.03284,-0.25203,0.19135,-0.03387,0.38997,0.73809,-0.07537,0.18837,-0.04162,-0.06961,0.05101,0.25270,0.33924,3.07736,2.80000,0.66265,0.65546,0.30000,0.69620,0.56600,1.55910,2.78046,0.60241,0.59259,0.00000
260,0.1402,25657344,53362,0.01522,1.86e-04,0.5773,208.0713,0.00000,0.29600,0.00000,10.00000,761.16882,0.00000,0.85470,0.00000,0.00000,0.74153,0.00000,0.00000,0.00000,0.00000,0.03000,1.52951,3.07585,0.62821,0.57812,0.50000,2538.98714,-0.03287,-0.24903,0.19346,-0.03475,0.38824,0.73787,-0.07522,0.18996,-0.03788,-0.06940,0.05142,0.25458,0.33821,3.26514,1.60000,0.71154,0.68333,0.22222,0.69108,0.56200,1.57331,3.45808,0.79487,0.80357,0.00000
261,0.1407,25755648,53928,0.01429,1.71e-04,0.5773,199.4470,0.00000,0.29200,0.00000,10.00000,733.26663,0.00000,0.76962,0.00000,0.00000,0.74165,0.00000,0.00000,0.00000,0.00000,0.02600,1.54819,3.80176,0.64220,0.56790,0.72727,2530.88737,-0.03287,-0.24848,0.19399,-0.03499,0.39037,0.73834,-0.07502,0.18961,-0.03838,-0.06949,0.05198,0.25487,0.33878,3.40377,5.17750,0.63303,0.58278,0.36364,0.69392,0.55800,1.55657,2.90259,0.62385,0.60000,0.00000
262,0.1412,25853952,53500,0.01417,1.44e-04,0.5773,205.0001,0.00000,0.28800,0.00000,10.00000,803.89109,0.00000,0.80026,0.00000,0.00000,0.74194,0.00000,0.00000,0.00000,0.00000,0.02200,1.53352,2.98207,0.70238,0.66667,0.50000,2532.00374,-0.03292,-0.24836,0.19174,-0.03408,0.39021,0.73866,-0.07494,0.18741,-0.03936,-0.06923,0.05189,0.25148,0.33886,3.23358,1.28800,0.72619,0.68595,0.22222,0.69431,0.55400,1.53907,3.53750,0.75000,0.70909,0.00000
263,0.1418,25952256,54052,0.01364,1.79e-04,0.5772,212.6756,0.00000,0.28400,0.00000,10.00000,745.24886,0.00000,0.74747,0.00000,0.00000,0.74076,0.00000,0.00000,0.00000,0.00000,0.01800,1.54491,3.51538,0.70000,0.68293,0.53846,2547.58057,-0.03284,-0.24979,0.19242,-0.03474,0.38932,0.73752,-0.07503,0.18732,-0.03901,-0.06975,0.05147,0.25220,0.33918,3.42591,4.32545,0.65909,0.66216,0.25000,0.69591,0.55000,1.53054,3.29666,0.61818,0.63636,0.00000
264,0.1423,26050560,53495,0.01509,1.60e-04,0.5772,201.7724,0.00000,0.28000,0.00000,10.00000,822.30185,0.00000,0.75163,0.00000,0.00000,0.74284,0.00000,0.00000,0.00000,0.00000,0.01400,1.53519,3.24788,0.80392,0.77027,0.71429,2539.05990,-0.03278,-0.24901,0.19077,-0.03333,0.39044,0.73964,-0.07465,0.18561,-0.03924,-0.06976,0.05089,0.24997,0.33982,3.17923,2.31500,0.73529,0.73188,0.29412,0.69908,0.54600,1.52497,3.09800,0.66667,0.68750,0.00000
265,0.1428,26148864,53480,0.01391,1.60e-04,0.5772,208.2378,0.00000,0.27600,0.00000,10.00000,753.35192,0.00000,0.84848,0.00000,0.00000,0.73892,0.00000,0.00000,0.00000,0.00000,0.01000,1.52559,3.50075,0.74545,0.73118,0.40000,2517.23698,-0.03280,-0.24683,0.18850,-0.03397,0.38734,0.73574,-0.07468,0.18414,-0.03911,-0.06955,0.05047,0.24778,0.33862,3.41600,4.60000,0.68636,0.67262,0.18182,0.69310,0.54200,1.50439,3.29273,0.62727,0.60000,0.00000
266,0.1433,26247168,53975,0.01087,2.15e-04,0.5773,190.2397,0.00000,0.27200,0.00000,10.00000,724.07495,0.00000,0.77534,0.00000,0.00000,0.73366,0.00000,0.00000,0.00000,0.00000,0.00600,1.52280,3.41449,0.72527,0.70588,0.58333,2507.61882,-0.03300,-0.24620,0.18753,-0.03418,0.38242,0.73050,-0.07456,0.18309,-0.03883,-0.06932,0.05006,0.24681,0.33636,3.32382,4.45400,0.66484,0.66142,0.28000,0.68179,0.53800,1.47623,3.18782,0.60440,0.61017,0.00000
267,0.1438,26345472,54067,0.01353,2.15e-04,0.5773,196.6907,0.00000,0.26800,0.00000,10.00000,752.70401,0.00000,0.75029,0.00000,0.00000,0.72669,0.00000,0.00000,0.00000,0.00000,0.00200,1.49547,3.27134,0.80412,0.75000,0.84615,2526.39176,-0.03308,-0.24769,0.18341,-0.03310,0.37885,0.72368,-0.07491,0.17906,-0.04171,-0.06943,0.04886,0.24105,0.33561,3.19815,4.28666,0.67010,0.64122,0.42308,0.67803,0.53400,1.43920,3.10384,0.53608,0.53731,0.00000
268,0.1443,26443776,53459,0.01929,1.53e-04,0.5774,225.0542,0.00000,0.26500,0.00000,10.00000,773.60308,0.00000,0.80761,0.00000,0.00000,0.72093,0.00000,0.00000,0.00000,0.00000,0.00000,1.47996,3.23077,0.73148,0.73256,0.25000,2555.47721,-0.03307,-0.25048,0.18069,-0.03283,0.37327,0.71795,-0.07493,0.17626,-0.03980,-0.06972,0.04747,0.23643,0.33440,3.13298,4.69500,0.68056,0.66242,0.12500,0.67201,0.53000,1.41275,2.99678,0.62963,0.57746,0.00000
269,0.1449,26542080,53035,0.01410,1.33e-04,0.5775,221.2308,0.00000,0.26300,0.00000,10.00000,754.04317,0.00000,0.80409,0.00000,0.00000,0.71825,0.00000,0.00000,0.00000,0.00000,0.00000,1.45665,3.04117,0.75439,0.73333,0.42857,2568.05501,-0.03315,-0.25177,0.17805,-0.03221,0.37097,0.71544,-0.07505,0.17322,-0.04016,-0.06950,0.04650,0.23213,0.33377,3.08310,1.09143,0.68421,0.66061,0.17647,0.66883,0.52600,1.39443,3.14561,0.61404,0.57333,0.00000
270,0.1454,26640384,53534,0.01343,1.41e-04,0.5775,229.0756,0.00000,0.26100,0.00000,10.00000,734.38987,0.00000,0.82265,0.00000,0.00000,0.71515,0.00000,0.00000,0.00000,0.00000,0.00000,1.42625,3.18175,0.75962,0.75862,0.60000,2576.55778,-0.03320,-0.25263,0.17328,-0.03190,0.36874,0.71220,-0.07534,0.16821,-0.03931,-0.06946,0.04542,0.22613,0.33312,3.16677,3.51000,0.67788,0.67532,0.28571,0.66561,0.52200,1.36233,3.14280,0.59615,0.56716,0.00000
271,0.1459,26738688,52842,0.01161,1.44e-04,0.5775,231.4779,0.00000,0.25900,0.00000,10.00000,757.85337,0.00000,0.84860,0.00000,0.00000,0.70921,0.00000,0.00000,0.00000,0.00000,0.00000,1.42231,3.18590,0.70330,0.63889,0.80000,2614.09505,-0.03326,-0.25614,0.17066,-0.03159,0.36278,0.70643,-0.07592,0.16581,-0.04271,-0.06946,0.04515,0.22352,0.33175,3.04923,1.94571,0.68132,0.64029,0.36364,0.65874,0.51800,1.33017,2.90036,0.65934,0.64179,0.00000
272,0.1464,26836992,52721,0.01101,1.71e-04,0.5775,229.6876,0.00000,0.25900,0.00000,10.00000,723.27045,0.00000,0.86879,0.00000,0.00000,0.71194,0.00000,0.00000,0.00000,0.00000,0.00000,1.43887,3.01117,0.63830,0.56410,1.00000,2619.52604,-0.03315,-0.25664,0.16862,-0.03151,0.36327,0.70910,-0.07538,0.16353,-0.04516,-0.06945,0.04426,0.22072,0.33119,2.98826,4.21200,0.61170,0.55102,0.45455,0.65594,0.51800,1.29325,2.95887,0.58511,0.53623,0.00000
273,0.1469,26935296,53820,0.01318,1.92e-04,0.5775,221.4375,0.00000,0.25900,0.00000,10.00000,749.04026,0.00000,0.72039,0.00000,0.00000,0.70983,0.00000,0.00000,0.00000,0.00000,0.00000,1.47509,3.31778,0.71429,0.68750,0.50000,2641.40299,-0.03331,-0.25886,0.17097,-0.03202,0.35969,0.70705,-0.07583,0.16498,-0.04475,-0.06957,0.04507,0.22358,0.32946,3.27226,3.85333,0.63736,0.60169,0.24000,0.64731,0.51800,1.28185,3.20558,0.56044,0.50000,0.00000
274,0.1475,27033600,52457,0.01393,2.20e-04,0.5775,225.1089,0.00000,0.25900,0.00000,10.00000,733.89404,0.00000,0.74653,0.00000,0.00000,0.70685,0.00000,0.00000,0.00000,0.00000,0.00000,1.47671,3.19651,0.67708,0.68056,0.33333,2670.83757,-0.03340,-0.26168,0.16867,-0.03125,0.35725,0.70394,-0.07523,0.16245,-0.04315,-0.06950,0.04489,0.22069,0.32900,3.08312,3.44889,0.62500,0.62791,0.16000,0.64499,0.51800,1.24931,2.92782,0.57292,0.56140,0.00000
275,0.1480,27131904,52677,0.01577,1.53e-04,0.5775,249.3110,0.00000,0.25900,0.00000,10.00000,752.95506,0.00000,0.79900,0.00000,0.00000,0.71064,0.00000,0.00000,0.00000,0.00000,0.00000,1.48599,3.03700,0.74157,0.67692,0.66667,2708.01318,-0.03340,-0.26509,0.16817,-0.03129,0.35849,0.70795,-0.07573,0.16282,-0.04670,-0.06978,0.04487,0.22061,0.32929,2.94523,2.76500,0.64045,0.57812,0.28571,0.64646,0.51800,1.24236,2.82808,0.53933,0.47619,0.00000
276,0.1485,27230208,53615,0.01040,1.60e-04,0.5776,238.3830,0.00000,0.25900,0.00000,10.00000,722.98598,0.00000,0.76843,0.00000,0.00000,0.71237,0.00000,0.00000,0.00000,0.00000,0.00000,1.49767,3.06304,0.67290,0.65060,0.50000,2715.75618,-0.03339,-0.26581,0.16723,-0.03193,0.36066,0.70959,-0.07525,0.16235,-0.04894,-0.07010,0.04375,0.21995,0.33092,3.01355,2.52833,0.59813,0.57432,0.25000,0.65461,0.51800,1.21818,2.92666,0.52336,0.47692,0.00000
277,0.1490,27328512,53199,0.01036,2.30e-04,0.5776,245.5165,0.00000,0.25900,0.00000,10.00000,735.66525,0.00000,0.74074,0.00000,0.00000,0.71915,0.00000,0.00000,0.00000,0.00000,0.00000,1.52244,3.18956,0.72727,0.68056,0.70000,2711.59570,-0.03351,-0.26543,0.16915,-0.03225,0.36396,0.71618,-0.07508,0.16310,-0.05043,-0.07007,0.04374,0.22136,0.33145,3.12159,2.08182,0.62626,0.56818,0.30435,0.65725,0.51800,1.20705,3.01500,0.52525,0.43333,0.00000
278,0.1496,27426816,54219,0.01381,2.48e-04,0.5776,216.8848,0.00000,0.25900,0.00000,10.00000,712.68899,0.00000,0.74879,0.00000,0.00000,0.71427,0.00000,0.00000,0.00000,0.00000,0.00000,1.52515,3.37324,0.73913,0.65385,0.72727,2681.61003,-0.03361,-0.26244,0.16799,-0.03229,0.36144,0.71149,-0.07449,0.16188,-0.04527,-0.06979,0.04355,0.21973,0.33081,3.16848,3.60462,0.60435,0.52258,0.32000,0.65405,0.51800,1.19151,2.87137,0.46957,0.38961,0.00000
279,0.1501,27525120,53228,0.01436,2.07e-04,0.5777,208.1274,0.00000,0.25900,0.00000,10.00000,754.94598,0.00000,0.84229,0.00000,0.00000,0.70872,0.00000,0.00000,0.00000,0.00000,0.00000,1.52481,3.34406,0.79570,0.78667,0.33333,2658.76090,-0.03365,-0.26056,0.16628,-0.03084,0.35905,0.70589,-0.07436,0.16026,-0.04411,-0.06970,0.04339,0.21781,0.32937,3.06270,2.64000,0.63978,0.59574,0.16667,0.64688,0.51800,1.16459,2.60047,0.48387,0.37879,0.00000
280,0.1506,27623424,52908,0.01251,2.98e-04,0.5776,232.6947,0.00000,0.25900,0.00000,10.00000,705.86783,0.00000,0.80169,0.00000,0.00000,0.70376,0.00000,0.00000,0.00000,0.00000,0.00000,1.53908,3.87968,0.77215,0.75806,0.57143,2689.56771,-0.03373,-0.26337,0.16624,-0.03165,0.35444,0.70107,-0.07469,0.15987,-0.05134,-0.06973,0.04368,0.21850,0.32742,3.55961,2.93428,0.64557,0.64035,0.23529,0.63710,0.51800,1.13397,3.04256,0.51899,0.50000,0.00000
281,0.1511,27721728,53915,0.01438,2.76e-04,0.5776,217.8771,0.00000,0.25900,0.00000,10.00000,627.92578,0.00000,0.90361,0.00000,0.00000,0.70313,0.00000,0.00000,0.00000,0.00000,0.00000,1.55674,3.47309,0.62651,0.57353,0.33333,2688.36117,-0.03385,-0.26308,0.16760,-0.03113,0.35380,0.70047,-0.07523,0.16045,-0.05080,-0.06961,0.04411,0.21960,0.32748,3.16425,4.64000,0.50602,0.45926,0.12500,0.63742,0.51800,1.14192,2.72872,0.38554,0.34328,0.00000
282,0.1516,27820032,53021,0.01307,3.57e-04,0.5776,228.5305,0.00000,0.25900,0.00000,10.00000,682.61719,0.00000,0.81731,0.00000,0.00000,0.70953,0.00000,0.00000,0.00000,0.00000,0.00000,1.57245,3.18128,0.76923,0.71250,0.88889,2674.70622,-0.03371,-0.26198,0.16957,-0.03214,0.35882,0.70681,-0.07498,0.16266,-0.04630,-0.06965,0.04489,0.22265,0.32930,3.12302,3.35800,0.59615,0.54248,0.42105,0.64649,0.51800,1.16463,3.01219,0.42308,0.35616,0.00000
283,0.1522,27918336,53068,0.01519,2.58e-04,0.5776,216.8634,0.00000,0.25900,0.00000,10.00000,721.14665,0.00000,0.74879,0.00000,0.00000,0.71617,0.00000,0.00000,0.00000,0.00000,0.00000,1.58718,3.57344,0.66304,0.59155,0.75000,2676.92643,-0.03377,-0.26212,0.17104,-0.03196,0.36384,0.71335,-0.07527,0.16423,-0.04630,-0.06961,0.04536,0.22514,0.33072,3.44787,2.95800,0.61413,0.53226,0.35294,0.65360,0.51800,1.18336,3.21576,0.56522,0.45283,0.00000
284,0.1527,28016640,54328,0.01482,2.92e-04,0.5776,221.5294,0.00000,0.25900,0.00000,10.00000,695.30990,0.00000,0.78189,0.00000,0.00000,0.71780,0.00000,0.00000,0.00000,0.00000,0.00000,1.60707,3.55050,0.75000,0.67089,0.90909,2655.46289,-0.03368,-0.26010,0.17112,-0.03271,0.36528,0.71507,-0.07546,0.16372,-0.04453,-0.06981,0.04550,0.22502,0.33100,3.31984,2.90154,0.59259,0.52632,0.41667,0.65500,0.51800,1.16301,2.92723,0.43519,0.36986,0.00000
285,0.1532,28114944,52846,0.01952,1.71e-04,0.5777,226.6093,0.00000,0.25900,0.00000,10.00000,650.76738,0.00000,0.78333,0.00000,0.00000,0.71867,0.00000,0.00000,0.00000,0.00000,0.00000,1.59532,3.33397,0.76000,0.70833,0.66667,2626.91309,-0.03370,-0.25736,0.17159,-0.03266,0.36558,0.71593,-0.07432,0.16429,-0.04355,-0.06938,0.04551,0.22545,0.33119,3.57906,2.67167,0.59500,0.53191,0.31579,0.65593,0.51800,1.17815,4.10529,0.43000,0.34783,0.00000
286,0.1537,28213248,53886,0.01405,1.32e-04,0.5777,219.7424,0.00000,0.25900,0.00000,10.00000,611.05950,0.00000,0.89536,0.00000,0.00000,0.71632,0.00000,0.00000,0.00000,0.00000,0.00000,1.57560,3.31973,0.72816,0.70588,0.66667,2616.81348,-0.03379,-0.25632,0.17014,-0.03248,0.36281,0.71359,-0.07385,0.16331,-0.04201,-0.06957,0.04548,0.22331,0.33017,3.50367,4.14000,0.54369,0.49398,0.22222,0.65086,0.51800,1.17726,3.92727,0.35922,0.27160,0.00000
287,0.1542,28311552,53872,0.01141,1.89e-04,0.5777,228.0447,0.00000,0.25900,0.00000,10.00000,652.72449,0.00000,0.84491,0.00000,0.00000,0.71353,0.00000,0.00000,0.00000,0.00000,0.00000,1.54935,3.52026,0.81250,0.81818,0.62500,2633.49707,-0.03378,-0.25799,0.17041,-0.03175,0.36221,0.71058,-0.07468,0.16349,-0.04558,-0.06966,0.04562,0.22303,0.33022,3.48000,2.50000,0.59896,0.59589,0.26316,0.65108,0.51800,1.19839,3.40790,0.38542,0.34783,0.00000
288,0.1547,28409856,54088,0.01289,1.92e-04,0.5777,228.0478,0.00000,0.25900,0.00000,10.00000,635.04866,0.00000,0.76052,0.00000,0.00000,0.71382,0.00000,0.00000,0.00000,0.00000,0.00000,1.55988,3.35027,0.73786,0.68571,0.71429,2661.45020,-0.03396,-0.26067,0.17109,-0.03294,0.36455,0.71102,-0.07536,0.16440,-0.04683,-0.06939,0.04563,0.22503,0.33135,3.42306,2.55333,0.55340,0.50355,0.34483,0.65673,0.51800,1.19422,3.56865,0.36893,0.32394,0.00000
289,0.1553,28508160,53713,0.01494,1.71e-04,0.5777,224.7542,0.00000,0.25900,0.00000,10.00000,659.78719,0.00000,0.86168,0.00000,0.00000,0.71584,0.00000,0.00000,0.00000,0.00000,0.00000,1.56392,3.37792,0.76531,0.74699,0.66667,2663.46777,-0.03397,-0.26091,0.17189,-0.03286,0.36643,0.71293,-0.07589,0.16514,-0.04645,-0.06925,0.04608,0.22589,0.33229,3.66495,1.50750,0.62755,0.58553,0.30769,0.66143,0.51800,1.20244,4.21750,0.48980,0.39130,0.00000
290,0.1558,28606464,52598,0.01340,2.07e-04,0.5777,238.8191,0.00000,0.25900,0.00000,10.00000,698.96933,0.00000,0.78972,0.00000,0.00000,0.72153,0.00000,0.00000,0.00000,0.00000,0.00000,1.55597,3.20902,0.74380,0.69565,0.77778,2625.62549,-0.03390,-0.25723,0.17075,-0.03202,0.36942,0.71865,-0.07581,0.16553,-0.04159,-0.06924,0.04590,0.22502,0.33355,3.14687,2.20800,0.57851,0.50000,0.36842,0.66776,0.51800,1.22743,3.03609,0.41322,0.27500,0.00000
291,0.1563,28704768,53036,0.01506,1.79e-04,0.5777,236.9634,0.00000,0.25900,0.00000,10.00000,695.07491,0.00000,0.80610,0.00000,0.00000,0.72057,0.00000,0.00000,0.00000,0.00000,0.00000,1.53825,3.25317,0.76471,0.73750,0.81818,2648.87354,-0.03378,-0.25898,0.17091,-0.03251,0.37032,0.71763,-0.07545,0.16563,-0.04877,-0.06969,0.04575,0.22542,0.33366,3.20172,3.39166,0.58824,0.55405,0.39130,0.66828,0.51800,1.21857,3.07765,0.41176,0.33824,0.00000
292,0.1568,28803072,53880,0.01008,2.58e-04,0.5776,216.0415,0.00000,0.25900,0.00000,10.00000,693.71727,0.00000,0.87719,0.00000,0.00000,0.71275,0.00000,0.00000,0.00000,0.00000,0.00000,1.54358,3.21068,0.73684,0.71053,0.75000,2622.48926,-0.03369,-0.25673,0.17013,-0.03199,0.36582,0.70995,-0.07487,0.16440,-0.04111,-0.06950,0.04561,0.22322,0.33157,3.45982,1.51500,0.60000,0.56667,0.37500,0.65784,0.51800,1.22401,3.90341,0.46316,0.41892,0.00000
293,0.1573,28901376,53870,0.01357,2.47e-04,0.5776,237.8615,0.00000,0.25900,0.00000,10.00000,671.70814,0.00000,0.77652,0.00000,0.00000,0.70731,0.00000,0.00000,0.00000,0.00000,0.00000,1.51974,2.85682,0.72727,0.68182,0.66667,2636.42090,-0.03373,-0.25825,0.16942,-0.03203,0.36265,0.70464,-0.07474,0.16460,-0.04317,-0.06944,0.04549,0.22289,0.33081,3.37806,2.91250,0.61364,0.54472,0.33333,0.65405,0.51800,1.22103,4.47266,0.50000,0.38596,0.00000
294,0.1578,28999680,54721,0.01485,2.30e-04,0.5776,211.8378,0.00000,0.25900,0.00000,10.00000,714.37305,0.00000,0.72840,0.00000,0.00000,0.70889,0.00000,0.00000,0.00000,0.00000,0.00000,1.53325,3.55900,0.76667,0.75000,0.50000,2659.03418,-0.03363,-0.26029,0.17174,-0.03152,0.36372,0.70620,-0.07556,0.16621,-0.04621,-0.06967,0.04582,0.22488,0.33183,3.77474,2.68666,0.65000,0.63559,0.22727,0.65915,0.51800,1.23698,4.10666,0.53333,0.50000,0.00000
295,0.1584,29097984,53340,0.01379,2.27e-04,0.5775,220.0928,0.00000,0.25900,0.00000,10.00000,724.11076,0.00000,0.74653,0.00000,0.00000,0.71432,0.00000,0.00000,0.00000,0.00000,0.00000,1.54590,3.29178,0.85417,0.80882,0.90909,2640.85384,-0.03367,-0.25866,0.17304,-0.03193,0.36687,0.71146,-0.07601,0.16742,-0.04323,-0.06932,0.04650,0.22639,0.33310,3.25211,2.39384,0.66146,0.61240,0.41667,0.66551,0.51800,1.24863,3.17166,0.46875,0.39344,0.00000
296,0.1589,29196288,53542,0.01596,1.98e-04,0.5775,225.8797,0.00000,0.25900,0.00000,10.00000,751.01128,0.00000,0.77892,0.00000,0.00000,0.71730,0.00000,0.00000,0.00000,0.00000,0.00000,1.57118,2.74954,0.70103,0.66216,0.60000,2663.03646,-0.03373,-0.26095,0.17431,-0.03154,0.36781,0.71449,-0.07679,0.16901,-0.04701,-0.06967,0.04751,0.22818,0.33326,3.04377,2.18857,0.61856,0.57353,0.25000,0.66628,0.51800,1.23761,3.51024,0.53608,0.46774,0.00000
297,0.1594,29294592,52842,0.01395,1.98e-04,0.5776,224.6537,0.00000,0.25900,0.00000,10.00000,687.58436,0.00000,0.76923,0.00000,0.00000,0.72105,0.00000,0.00000,0.00000,0.00000,0.00000,1.57534,3.07139,0.79808,0.78873,0.61538,2676.02148,-0.03358,-0.26191,0.17347,-0.03188,0.37024,0.71809,-0.07594,0.16897,-0.04665,-0.06997,0.04671,0.22763,0.33385,3.14203,2.60533,0.62500,0.61806,0.26667,0.66927,0.51800,1.22794,3.25592,0.45192,0.45205,0.00000
298,0.1599,29392896,53228,0.01388,1.71e-04,0.5776,204.4929,0.00000,0.25900,0.00000,10.00000,669.81258,0.00000,0.85859,0.00000,0.00000,0.72213,0.00000,0.00000,0.00000,0.00000,0.00000,1.57544,3.36931,0.83838,0.82667,0.66667,2643.74707,-0.03363,-0.25884,0.17395,-0.03283,0.37122,0.71922,-0.07532,0.16976,-0.04601,-0.06980,0.04642,0.22818,0.33345,3.53203,2.24286,0.63636,0.60784,0.28571,0.66727,0.51800,1.23187,3.76960,0.43434,0.39744,0.00000
299,0.1605,29491200,52528,0.01297,2.07e-04,0.5776,218.7375,0.00000,0.25900,0.00000,10.00000,635.23161,0.00000,0.80629,0.00000,0.00000,0.72251,0.00000,0.00000,0.00000,0.00000,0.00000,1.57249,3.67000,0.69912,0.66265,0.40000,2630.61800,-0.03358,-0.25765,0.17467,-0.03220,0.37185,0.71963,-0.07505,0.17061,-0.04330,-0.06998,0.04714,0.22931,0.33336,3.52504,2.62000,0.55752,0.52439,0.17391,0.66682,0.51800,1.24103,3.30902,0.41593,0.38272,0.00000
300,0.1610,29589504,53699,0.01367,2.30e-04,0.5776,237.6240,0.00000,0.25900,0.00000,10.00000,696.65082,0.00000,0.86957,0.00000,0.00000,0.72357,0.00000,0.00000,0.00000,0.00000,0.00000,1.58382,3.40735,0.81522,0.77143,0.75000,2644.33008,-0.03341,-0.25884,0.17569,-0.03214,0.37243,0.72063,-0.07523,0.17122,-0.04693,-0.06996,0.04748,0.22991,0.33404,3.29464,2.01333,0.61957,0.56250,0.33333,0.67020,0.51800,1.23960,3.12045,0.42391,0.36486,0.00000
301,0.1615,29687808,53558,0.01327,2.76e-04,0.5776,215.8338,0.00000,0.25900,0.00000,10.00000,659.48721,0.00000,0.79167,0.00000,0.00000,0.72051,0.00000,0.00000,0.00000,0.00000,0.00000,1.58571,3.20433,0.78750,0.78689,0.50000,2642.47754,-0.03354,-0.25874,0.17696,-0.03210,0.37058,0.71756,-0.07559,0.17234,-0.04911,-0.06985,0.04802,0.23180,0.33323,3.28905,2.92000,0.56875,0.55263,0.17647,0.66616,0.51800,1.25590,3.50083,0.35000,0.28302,0.00000
302,0.1620,29786112,52324,0.01592,2.07e-04,0.5777,223.4226,0.00000,0.25900,0.00000,10.00000,668.04802,0.00000,0.90108,0.00000,0.00000,0.71988,0.00000,0.00000,0.00000,0.00000,0.00000,1.59850,3.28686,0.68293,0.67105,0.66667,2680.16911,-0.03353,-0.26235,0.17853,-0.03266,0.37002,0.71687,-0.07560,0.17402,-0.04382,-0.06947,0.04827,0.23387,0.33278,3.40202,7.19000,0.57927,0.53383,0.33333,0.66390,0.51800,1.27692,3.64312,0.47561,0.35088,0.00000
303,0.1626,29884416,53187,0.01195,2.30e-04,0.5777,213.9721,0.00000,0.25900,0.00000,10.00000,679.69915,0.00000,0.78092,0.00000,0.00000,0.72688,0.00000,0.00000,0.00000,0.00000,0.00000,1.62235,3.22833,0.70755,0.64935,0.70000,2641.14274,-0.03358,-0.25880,0.17903,-0.03260,0.37489,0.72369,-0.07551,0.17453,-0.04584,-0.06961,0.04842,0.23500,0.33437,3.16939,2.36923,0.55660,0.51007,0.31818,0.67186,0.51800,1.26522,3.07070,0.40566,0.36111,0.00000
304,0.1631,29982720,53080,0.01367,2.30e-04,0.5777,222.4505,0.00000,0.25900,0.00000,10.00000,732.44816,0.00000,0.80440,0.00000,0.00000,0.73269,0.00000,0.00000,0.00000,0.00000,0.00000,1.65741,3.26145,0.76042,0.70270,0.83333,2626.43685,-0.03357,-0.25728,0.18255,-0.03321,0.37962,0.72971,-0.07557,0.17736,-0.04696,-0.06951,0.04967,0.23947,0.33593,3.16841,2.13555,0.63021,0.56835,0.35714,0.67964,0.51800,1.26687,2.99947,0.50000,0.41538,0.00000
305,0.1636,30081024,53469,0.01430,1.92e-04,0.5777,213.5286,0.00000,0.25900,0.00000,10.00000,744.75104,0.00000,0.74603,0.00000,0.00000,0.73443,0.00000,0.00000,0.00000,0.00000,0.00000,1.67513,3.03188,0.73333,0.68421,0.66667,2636.36995,-0.03360,-0.25808,0.18388,-0.03345,0.38138,0.73138,-0.07542,0.17857,-0.04524,-0.06987,0.04947,0.24097,0.33611,3.26177,1.81428,0.64762,0.59574,0.28571,0.68053,0.51800,1.26376,3.62227,0.56190,0.49231,0.00000
306,0.1641,30179328,53430,0.01401,2.07e-04,0.5776,199.5168,0.00000,0.25900,0.00000,10.00000,741.88117,0.00000,0.77222,0.00000,0.00000,0.73252,0.00000,0.00000,0.00000,0.00000,0.00000,1.68884,3.50763,0.82000,0.81081,0.60000,2605.32861,-0.03362,-0.25510,0.18511,-0.03335,0.38069,0.72931,-0.07444,0.17915,-0.04268,-0.06942,0.04960,0.24193,0.33598,3.31120,2.90500,0.67500,0.64748,0.30000,0.67990,0.51800,1.25737,3.00653,0.53000,0.46154,0.00000
307,0.1647,30277632,52793,0.01362,2.15e-04,0.5776,222.7203,0.00000,0.25900,0.00000,10.00000,718.72201,0.00000,0.85648,0.00000,0.00000,0.72991,0.00000,0.00000,0.00000,0.00000,0.00000,1.67299,3.12883,0.82292,0.82278,0.50000,2603.90983,-0.03364,-0.25518,0.18432,-0.03355,0.37809,0.72673,-0.07453,0.17910,-0.04085,-0.06927,0.05000,0.24102,0.33563,3.22400,2.97333,0.61979,0.60135,0.23077,0.67814,0.51800,1.26495,3.41684,0.41667,0.34783,0.00000
308,0.1652,30375936,52819,0.01459,2.11e-04,0.5776,214.0640,0.00000,0.25900,0.00000,10.00000,702.49048,0.00000,0.72487,0.00000,0.00000,0.73075,0.00000,0.00000,0.00000,0.00000,0.00000,1.67453,3.21436,0.80952,0.73529,0.84615,2619.21159,-0.03355,-0.25661,0.18404,-0.03242,0.37926,0.72766,-0.07523,0.18004,-0.04324,-0.06944,0.04997,0.24114,0.33545,3.34690,2.97765,0.63810,0.56934,0.39286,0.67723,0.51800,1.27354,3.57095,0.46667,0.40580,0.00000
309,0.1657,30474240,52778,0.01447,1.41e-04,0.5776,221.8502,0.00000,0.25900,0.00000,10.00000,729.98051,0.00000,0.79450,0.00000,0.00000,0.73451,0.00000,0.00000,0.00000,0.00000,0.00000,1.68089,3.14363,0.82796,0.77612,0.88889,2614.29460,-0.03341,-0.25604,0.18329,-0.03336,0.38245,0.73135,-0.07506,0.17872,-0.04268,-0.06956,0.05049,0.24031,0.33614,2.94054,2.61273,0.65054,0.60150,0.42105,0.68069,0.51800,1.26659,2.63591,0.47312,0.42424,0.00000
310,0.1662,30572544,53535,0.01201,1.44e-04,0.5776,208.3416,0.00000,0.25900,0.00000,10.00000,685.99882,0.00000,0.84071,0.00000,0.00000,0.73589,0.00000,0.00000,0.00000,0.00000,0.00000,1.69870,3.40244,0.74336,0.71579,0.75000,2591.08285,-0.03332,-0.25383,0.18553,-0.03392,0.38283,0.73280,-0.07441,0.18099,-0.04173,-0.06954,0.05094,0.24341,0.33555,3.49401,3.44750,0.56637,0.52632,0.35294,0.67776,0.51800,1.27224,3.71675,0.38938,0.28947,0.00000
311,0.1667,30670848,53019,0.01164,2.07e-04,0.5775,208.0358,0.00000,0.25900,0.00000,10.00000,731.70525,0.00000,0.85770,0.00000,0.00000,0.73680,0.00000,0.00000,0.00000,0.00000,0.00000,1.68859,3.20537,0.81579,0.81053,0.71429,2579.51156,-0.03333,-0.25259,0.18523,-0.03315,0.38287,0.73375,-0.07427,0.18126,-0.03964,-0.06969,0.05139,0.24321,0.33527,3.36262,2.20250,0.67544,0.67045,0.31250,0.67633,0.51800,1.27613,3.64384,0.53509,0.50617,0.00000
312,0.1673,30769152,52848,0.01312,2.25e-04,0.5775,226.8905,0.00000,0.25900,0.00000,10.00000,754.19444,0.00000,0.78231,0.00000,0.00000,0.73633,0.00000,0.00000,0.00000,0.00000,0.00000,1.67212,2.86889,0.78571,0.71622,1.00000,2570.52067,-0.03343,-0.25185,0.18362,-0.03382,0.38238,0.73341,-0.07496,0.17911,-0.04315,-0.06932,0.05069,0.24041,0.33513,3.07752,3.21250,0.64286,0.56522,0.44444,0.67567,0.51800,1.26240,3.44390,0.50000,0.39062,0.00000
313,0.1678,30867456,53483,0.01503,2.25e-04,0.5775,220.2250,0.00000,0.25900,0.00000,10.00000,765.57513,0.00000,0.83614,0.00000,0.00000,0.73237,0.00000,0.00000,0.00000,0.00000,0.00000,1.68878,2.82877,0.76768,0.72500,1.00000,2587.95589,-0.03360,-0.25354,0.18484,-0.03333,0.37960,0.72946,-0.07589,0.17882,-0.04428,-0.06937,0.05052,0.24127,0.33444,2.89580,2.13500,0.63636,0.57718,0.42857,0.67218,0.51800,1.25934,3.00217,0.50505,0.40580,0.00000
314,0.1683,30965760,52649,0.01533,1.56e-04,0.5775,216.1352,0.00000,0.25900,0.00000,10.00000,719.87891,0.00000,0.75817,0.00000,0.00000,0.73147,0.00000,0.00000,0.00000,0.00000,0.00000,1.68659,3.35029,0.82353,0.78689,0.87500,2576.04883,-0.03356,-0.25240,0.18391,-0.03334,0.37904,0.72853,-0.07570,0.17773,-0.04269,-0.06911,0.05035,0.23926,0.33436,3.42380,2.56200,0.65294,0.62069,0.36842,0.67182,0.51800,1.25572,3.58000,0.48235,0.43636,0.00000
315,0.1688,31064064,52961,0.01244,1.89e-04,0.5775,218.5613,0.00000,0.25900,0.00000,10.00000,694.02755,0.00000,0.78605,0.00000,0.00000,0.73160,0.00000,0.00000,0.00000,0.00000,0.00000,1.70612,3.32767,0.77660,0.74324,0.88889,2595.69320,-0.03358,-0.25435,0.18696,-0.03395,0.38049,0.72879,-0.07578,0.18161,-0.04229,-0.06919,0.05192,0.24426,0.33494,3.14705,2.55091,0.57447,0.53383,0.38095,0.67469,0.51800,1.28581,2.73500,0.37234,0.27119,0.00000
316,0.1694,31162368,54067,0.01478,1.72e-04,0.5775,208.2885,0.00000,0.25900,0.00000,10.00000,705.60055,0.00000,0.79085,0.00000,0.00000,0.73959,0.00000,0.00000,0.00000,0.00000,0.00000,1.72577,2.78647,0.88235,0.84127,1.00000,2614.10563,-0.03335,-0.25601,0.18791,-0.03432,0.38519,0.73670,-0.07524,0.18282,-0.04153,-0.06935,0.05276,0.24607,0.33617,2.74804,2.08133,0.63529,0.60331,0.45455,0.68085,0.51800,1.28890,2.67117,0.38824,0.34483,0.00000
317,0.1699,31260672,53773,0.01362,2.30e-04,0.5776,204.5597,0.00000,0.25900,0.00000,10.00000,701.64622,0.00000,0.83333,0.00000,0.00000,0.74428,0.00000,0.00000,0.00000,0.00000,0.00000,1.74390,3.14722,0.77451,0.72368,0.83333,2611.88216,-0.03353,-0.25588,0.19071,-0.03458,0.38734,0.74118,-0.07588,0.18552,-0.04340,-0.06919,0.05292,0.24987,0.33593,3.27569,2.78800,0.60784,0.55556,0.41667,0.67965,0.51800,1.30908,3.48591,0.44118,0.38961,0.00000
318,0.1704,31358976,53449,0.01330,2.76e-04,0.5775,211.5760,0.00000,0.25900,0.00000,10.00000,698.85491,0.00000,0.74901,0.00000,0.00000,0.74571,0.00000,0.00000,0.00000,0.00000,0.00000,1.74447,3.41975,0.81250,0.76923,0.85714,2613.95426,-0.03342,-0.25610,0.19153,-0.03427,0.38906,0.74261,-0.07548,0.18648,-0.04330,-0.06961,0.05327,0.25019,0.33701,3.36219,3.13263,0.63393,0.60265,0.37500,0.68504,0.51800,1.30296,3.25956,0.45536,0.42466,0.00000
319,0.1709,31457280,53490,0.01662,2.11e-04,0.5775,193.0516,0.00000,0.25900,0.00000,10.00000,754.48740,0.00000,0.79450,0.00000,0.00000,0.74494,0.00000,0.00000,0.00000,0.00000,0.00000,1.75683,2.90853,0.84946,0.82857,0.77778,2599.43066,-0.03364,-0.25470,0.19291,-0.03465,0.38926,0.74203,-0.07558,0.18756,-0.04068,-0.06946,0.05325,0.25214,0.33778,3.08237,3.06545,0.68817,0.66165,0.36842,0.68888,0.51800,1.30117,3.38558,0.52688,0.47619,0.00000
320,0.1714,31555584,53119,0.01303,2.53e-04,0.5775,224.1338,0.00000,0.25900,0.00000,10.00000,731.71463,0.00000,0.81845,0.00000,0.00000,0.74229,0.00000,0.00000,0.00000,0.00000,0.00000,1.75845,2.86136,0.82143,0.79070,0.80000,2574.53516,-0.03377,-0.25222,0.19050,-0.03436,0.38802,0.73948,-0.07538,0.18539,-0.04443,-0.06931,0.05297,0.24950,0.33733,3.12415,2.07800,0.66071,0.61818,0.40000,0.68663,0.51800,1.26737,3.61617,0.50000,0.43038,0.00000
321,0.1719,31653888,53372,0.01451,2.02e-04,0.5776,185.1811,0.00000,0.25900,0.00000,10.00000,733.59693,0.00000,0.84249,0.00000,0.00000,0.74175,0.00000,0.00000,0.00000,0.00000,0.00000,1.77422,2.75402,0.76923,0.73684,0.83333,2553.59033,-0.03365,-0.25016,0.19198,-0.03472,0.38799,0.73886,-0.07512,0.18744,-0.04483,-0.06932,0.05339,0.25188,0.33744,2.87393,1.49714,0.63736,0.58696,0.38462,0.68721,0.51800,1.27558,3.13771,0.50549,0.40323,0.00000
322,0.1725,31752192,53003,0.01341,2.15e-04,0.5777,204.5891,0.00000,0.25900,0.00000,10.00000,746.92700,0.00000,0.76389,0.00000,0.00000,0.73902,0.00000,0.00000,0.00000,0.00000,0.00000,1.79354,3.26355,0.82500,0.80000,0.75000,2549.09310,-0.03362,-0.24970,0.19291,-0.03487,0.38679,0.73616,-0.07492,0.18724,-0.04197,-0.06891,0.05383,0.25306,0.33642,3.23326,1.56222,0.66875,0.63636,0.35294,0.68212,0.51800,1.27555,3.17636,0.51250,0.44000,0.00000
323,0.1730,31850496,53823,0.01421,1.87e-04,0.5776,200.0544,0.00000,0.25900,0.00000,10.00000,764.74936,0.00000,0.83333,0.00000,0.00000,0.73987,0.00000,0.00000,0.00000,0.00000,0.00000,1.79613,3.13806,0.88372,0.84848,1.00000,2567.07975,-0.03361,-0.25154,0.19267,-0.03499,0.38522,0.73690,-0.07475,0.18676,-0.04189,-0.06898,0.05432,0.25277,0.33549,3.51247,2.26000,0.68605,0.63566,0.20000,0.67744,0.51800,1.27972,4.10769,0.48837,0.41270,0.00000
324,0.1735,31948800,53399,0.01274,2.47e-04,0.5776,210.5411,0.00000,0.25900,0.00000,10.00000,771.42954,0.00000,0.76389,0.00000,0.00000,0.74359,0.00000,0.00000,0.00000,0.00000,0.00000,1.77182,2.90321,0.81731,0.79012,0.77778,2577.74170,-0.03373,-0.25250,0.19175,-0.03453,0.38778,0.74048,-0.07505,0.18578,-0.04216,-0.06916,0.05403,0.25104,0.33697,2.99483,2.19800,0.68269,0.62937,0.35000,0.68486,0.51800,1.28023,3.18513,0.54808,0.41935,0.00000
325,0.1740,32047104,53423,0.01431,1.98e-04,0.5777,195.1097,0.00000,0.25900,0.00000,10.00000,731.97523,0.00000,0.78889,0.00000,0.00000,0.74643,0.00000,0.00000,0.00000,0.00000,0.00000,1.77778,3.10000,0.83000,0.76389,1.00000,2573.79915,-0.03367,-0.25208,0.19130,-0.03410,0.38871,0.74342,-0.07493,0.18535,-0.04260,-0.06901,0.05433,0.25014,0.33723,3.21182,3.94666,0.61500,0.54225,0.47059,0.68616,0.51800,1.27708,3.41538,0.40000,0.31429,0.00000
326,0.1745,32145408,53775,0.01379,1.89e-04,0.5778,195.2570,0.00000,0.25900,0.00000,10.00000,777.71332,0.00000,0.79365,0.00000,0.00000,0.74556,0.00000,0.00000,0.00000,0.00000,0.00000,1.75443,2.80458,0.87619,0.84211,1.00000,2578.08382,-0.03343,-0.25265,0.19131,-0.03404,0.39006,0.74244,-0.07477,0.18614,-0.04142,-0.06941,0.05427,0.25047,0.33723,2.88947,2.16667,0.67619,0.65333,0.43478,0.68617,0.51800,1.29794,3.03040,0.47619,0.45946,0.00000
327,0.1751,32243712,53253,0.01537,1.92e-04,0.5779,219.0460,0.00000,0.25900,0.00000,10.00000,763.50410,0.00000,0.79758,0.00000,0.00000,0.74754,0.00000,0.00000,0.00000,0.00000,0.00000,1.76676,2.79645,0.84158,0.82051,0.85714,2592.23210,-0.03344,-0.25387,0.19206,-0.03483,0.39224,0.74455,-0.07464,0.18769,-0.04424,-0.06958,0.05494,0.25252,0.33762,2.79983,3.37714,0.66337,0.60690,0.37500,0.68812,0.51800,1.29513,2.80619,0.48515,0.35821,0.00000
328,0.1756,32342016,52711,0.01378,2.06e-04,0.5779,204.6998,0.00000,0.25900,0.00000,10.00000,809.35874,0.00000,0.77098,0.00000,0.00000,0.74970,0.00000,0.00000,0.00000,0.00000,0.00000,1.76872,2.91111,0.84694,0.83099,0.75000,2563.07015,-0.03354,-0.25111,0.19260,-0.03395,0.39207,0.74651,-0.07499,0.18736,-0.04036,-0.06953,0.05428,0.25300,0.33767,2.81051,2.50200,0.67857,0.64706,0.35294,0.68836,0.51800,1.30137,2.65304,0.51020,0.44615,0.00000
329,0.1761,32440320,54379,0.01678,1.19e-04,0.5779,193.1828,0.00000,0.25900,0.00000,10.00000,755.93102,0.00000,0.76111,0.00000,0.00000,0.74463,0.00000,0.00000,0.00000,0.00000,0.00000,1.74478,3.01626,0.92000,0.89552,0.88889,2569.95296,-0.03352,-0.25173,0.19277,-0.03475,0.39007,0.74145,-0.07450,0.18796,-0.04288,-0.06949,0.05448,0.25288,0.33706,3.28862,2.39833,0.71500,0.67883,0.38095,0.68530,0.51800,1.31627,3.71416,0.51000,0.47143,0.00000
330,0.1766,32538624,53803,0.01247,1.58e-04,0.5779,188.8392,0.00000,0.25900,0.00000,10.00000,750.90691,0.00000,0.78947,0.00000,0.00000,0.74203,0.00000,0.00000,0.00000,0.00000,0.00000,1.72818,3.11948,0.88421,0.88732,0.71429,2566.28044,-0.03337,-0.25134,0.19046,-0.03473,0.38885,0.73898,-0.07427,0.18662,-0.04231,-0.06946,0.05384,0.25062,0.33727,3.32431,2.06500,0.68947,0.66667,0.29412,0.68634,0.51800,1.31577,3.72872,0.49474,0.42188,0.00000
331,0.1771,32636928,52675,0.01504,1.32e-04,0.5779,202.2820,0.00000,0.25900,0.00000,10.00000,741.01760,0.00000,0.78920,0.00000,0.00000,0.73970,0.00000,0.00000,0.00000,0.00000,0.00000,1.72785,3.12619,0.81308,0.76829,0.88889,2567.97640,-0.03344,-0.25157,0.19014,-0.03379,0.38807,0.73669,-0.07347,0.18697,-0.04512,-0.06941,0.05387,0.24967,0.33762,3.10350,2.02308,0.65421,0.61842,0.40000,0.68809,0.51800,1.30424,3.06755,0.49533,0.44286,0.00000
332,0.1777,32735232,53625,0.01440,1.17e-04,0.5779,195.0193,0.00000,0.25900,0.00000,10.00000,773.14138,0.00000,0.79301,0.00000,0.00000,0.74150,0.00000,0.00000,0.00000,0.00000,0.00000,1.71241,2.71000,0.80645,0.77419,0.66667,2580.44450,-0.03333,-0.25296,0.18934,-0.03416,0.39032,0.73817,-0.07372,0.18584,-0.04271,-0.06973,0.05311,0.24810,0.33836,2.96443,1.39333,0.66935,0.62147,0.26667,0.69182,0.51800,1.30810,3.42240,0.53226,0.45238,0.00000
333,0.1782,32833536,53661,0.01097,1.69e-04,0.5778,199.6747,0.00000,0.25900,0.00000,10.00000,711.55723,0.00000,0.79900,0.00000,0.00000,0.74469,0.00000,0.00000,0.00000,0.00000,0.00000,1.72140,2.99507,0.87640,0.87500,0.57143,2565.31885,-0.03316,-0.25129,0.18998,-0.03367,0.39087,0.74152,-0.07368,0.18632,-0.04072,-0.06980,0.05382,0.24931,0.33806,3.20529,2.09667,0.62921,0.58594,0.26667,0.69030,0.51800,1.31516,3.57459,0.38202,0.29688,0.00000
334,0.1787,32931840,52414,0.01332,1.72e-04,0.5778,202.0669,0.00000,0.25900,0.00000,10.00000,781.41975,0.00000,0.81871,0.00000,0.00000,0.74326,0.00000,0.00000,0.00000,0.00000,0.00000,1.73797,2.94863,0.75439,0.72826,0.75000,2557.25260,-0.03325,-0.25078,0.19323,-0.03528,0.39042,0.74002,-0.07355,0.18964,-0.04175,-0.06954,0.05418,0.25369,0.33784,3.13343,2.74500,0.67544,0.62500,0.30000,0.68922,0.51800,1.33664,3.46530,0.59649,0.50000,0.00000
335,0.1792,33030144,53419,0.01233,2.25e-04,0.5778,210.6847,0.00000,0.25900,0.00000,10.00000,713.75940,0.00000,0.73574,0.00000,0.00000,0.74468,0.00000,0.00000,0.00000,0.00000,0.00000,1.76001,3.09965,0.79730,0.71698,1.00000,2569.13786,-0.03321,-0.25174,0.19545,-0.03498,0.39218,0.74128,-0.07385,0.19126,-0.04132,-0.06967,0.05507,0.25655,0.33780,3.13975,3.02546,0.62838,0.56122,0.42857,0.68902,0.51800,1.34916,3.23667,0.45946,0.37778,0.00000
336,0.1797,33128448,53355,0.01503,2.37e-04,0.5779,202.3417,0.00000,0.25900,0.00000,10.00000,838.29617,0.00000,0.74906,0.00000,0.00000,0.74668,0.00000,0.00000,0.00000,0.00000,0.00000,1.75850,2.75045,0.93258,0.91667,0.87500,2578.75846,-0.03310,-0.25281,0.19787,-0.03579,0.39255,0.74338,-0.07346,0.19341,-0.04019,-0.06992,0.05505,0.25940,0.33812,3.03648,2.99111,0.74719,0.72500,0.41176,0.69059,0.51800,1.38351,3.50390,0.56180,0.53333,0.00000
337,0.1803,33226752,53899,0.01471,2.06e-04,0.5779,196.4083,0.00000,0.25900,0.00000,10.00000,783.35965,0.00000,0.69281,0.00000,0.00000,0.75097,0.00000,0.00000,0.00000,0.00000,0.00000,1.77722,2.74689,0.83529,0.79630,0.81818,2600.82292,-0.03301,-0.25486,0.19885,-0.03601,0.39546,0.74782,-0.07355,0.19494,-0.03975,-0.07010,0.05537,0.26165,0.33917,2.99060,1.72000,0.67647,0.65094,0.36000,0.69587,0.51800,1.37790,3.32714,0.51765,0.50000,0.00000
338,0.1808,33325056,53466,0.01421,1.87e-04,0.5780,205.8177,0.00000,0.25900,0.00000,10.00000,738.39033,0.00000,0.83074,0.00000,0.00000,0.75686,0.00000,0.00000,0.00000,0.00000,0.00000,1.80003,3.03619,0.83178,0.83333,0.50000,2592.97575,-0.03304,-0.25406,0.20077,-0.03627,0.39926,0.75336,-0.07392,0.19709,-0.04272,-0.07002,0.05607,0.26384,0.33981,3.11861,1.61143,0.62617,0.58750,0.25000,0.69904,0.51800,1.38816,3.26913,0.42056,0.31579,0.00000
339,0.1813,33423360,52363,0.01456,1.44e-04,0.5780,195.6877,0.00000,0.25900,0.00000,10.00000,761.27330,0.00000,0.71429,0.00000,0.00000,0.75954,0.00000,0.00000,0.00000,0.00000,0.00000,1.79181,2.85111,0.87500,0.84058,0.88889,2564.22331,-0.03320,-0.25135,0.19987,-0.03587,0.40103,0.75577,-0.07426,0.19556,-0.04065,-0.06989,0.05594,0.26265,0.34020,2.86949,2.27700,0.68750,0.67361,0.42105,0.70102,0.51800,1.37983,2.89517,0.50000,0.52000,0.00000
340,0.1818,33521664,53827,0.01328,1.43e-04,0.5780,192.5045,0.00000,0.25900,0.00000,10.00000,812.57921,0.00000,0.75908,0.00000,0.00000,0.76011,0.00000,0.00000,0.00000,0.00000,0.00000,1.78369,2.83838,0.89109,0.85714,0.85714,2575.76937,-0.03327,-0.25247,0.20035,-0.03661,0.39987,0.75654,-0.07429,0.19566,-0.04247,-0.06979,0.05626,0.26280,0.33974,2.95915,2.87143,0.70297,0.67391,0.37500,0.69870,0.51800,1.38225,3.16227,0.51485,0.48529,0.00000
341,0.1823,33619968,53737,0.01142,1.89e-04,0.5780,210.4534,0.00000,0.25900,0.00000,10.00000,788.31451,0.00000,0.79208,0.00000,0.00000,0.76032,0.00000,0.00000,0.00000,0.00000,0.00000,1.77703,2.99444,0.85149,0.84000,0.60000,2576.64779,-0.03318,-0.25225,0.20016,-0.03737,0.40185,0.75682,-0.07420,0.19612,-0.04563,-0.06991,0.05614,0.26345,0.34039,3.16416,3.38000,0.70792,0.68750,0.25000,0.70196,0.51800,1.38077,3.41875,0.56436,0.52174,0.00000
342,0.1829,33718272,53962,0.01373,1.87e-04,0.5779,189.4562,0.00000,0.25900,0.00000,10.00000,787.09323,0.00000,0.83333,0.00000,0.00000,0.75674,0.00000,0.00000,0.00000,0.00000,0.00000,1.78394,2.32116,0.82222,0.77941,0.85714,2550.90267,-0.03339,-0.25004,0.20009,-0.03633,0.40044,0.75333,-0.07409,0.19520,-0.04198,-0.06983,0.05612,0.26291,0.33977,2.70454,1.18889,0.69444,0.66667,0.40000,0.69886,0.51800,1.38399,3.23360,0.56667,0.55224,0.00000
343,0.1834,33816576,53911,0.01298,2.06e-04,0.5778,195.2541,0.00000,0.25900,0.00000,10.00000,890.64140,0.00000,0.70645,0.00000,0.00000,0.75551,0.00000,0.00000,0.00000,0.00000,0.00000,1.79155,2.84617,0.90123,0.90164,0.87500,2576.59831,-0.03337,-0.25236,0.20113,-0.03754,0.39835,0.75206,-0.07473,0.19512,-0.04663,-0.06963,0.05623,0.26308,0.33887,3.07460,2.72000,0.78395,0.77670,0.43750,0.69435,0.51800,1.37225,3.56000,0.66667,0.59524,0.00000
344,0.1839,33914880,53269,0.01324,2.25e-04,0.5778,193.6131,0.00000,0.25900,0.00000,10.00000,744.67470,0.00000,0.83014,0.00000,0.00000,0.75820,0.00000,0.00000,0.00000,0.00000,0.00000,1.81438,2.82348,0.82759,0.78261,1.00000,2589.06104,-0.03336,-0.25371,0.20315,-0.03664,0.39907,0.75462,-0.07499,0.19712,-0.04212,-0.06967,0.05656,0.26591,0.33931,2.94811,2.51666,0.67241,0.62308,0.38462,0.69655,0.51800,1.39270,3.18054,0.51724,0.44262,0.00000
345,0.1844,34013184,53037,0.02482,1.19e-04,0.5778,213.4570,0.00000,0.25900,0.00000,10.00000,727.99180,0.00000,0.86359,0.00000,0.00000,0.76343,0.00000,0.00000,0.00000,0.00000,0.00000,1.81890,3.15756,0.86139,0.83750,0.85714,2563.12386,-0.03326,-0.25124,0.20362,-0.03651,0.40339,0.76005,-0.07394,0.19750,-0.04377,-0.06993,0.05720,0.26667,0.34031,3.14768,2.51714,0.69307,0.65605,0.42857,0.70155,0.51800,1.38624,3.12883,0.52475,0.46753,0.00000
346,0.1849,34111488,52537,0.01563,1.08e-04,0.5778,183.4186,0.00000,0.25900,0.00000,10.00000,728.91095,0.00000,0.78798,0.00000,0.00000,0.76569,0.00000,0.00000,0.00000,0.00000,0.00000,1.82302,2.84363,0.82653,0.82432,0.55556,2553.58122,-0.03336,-0.25023,0.20371,-0.03643,0.40382,0.76213,-0.07480,0.19767,-0.04378,-0.06968,0.05743,0.26720,0.34044,3.11196,2.26182,0.66327,0.62590,0.26316,0.70221,0.51800,1.39013,3.62850,0.50000,0.40000,0.00000
347,0.1854,34209792,55006,0.01180,1.44e-04,0.5777,187.7506,0.00000,0.25900,0.00000,10.00000,801.94467,0.00000,0.74414,0.00000,0.00000,0.76454,0.00000,0.00000,0.00000,0.00000,0.00000,1.81368,2.82651,0.80734,0.79012,0.84615,2544.06022,-0.03334,-0.24911,0.20285,-0.03622,0.40467,0.76101,-0.07426,0.19668,-0.04456,-0.06996,0.05738,0.26540,0.34102,3.14463,2.60923,0.72018,0.70548,0.42308,0.70512,0.51800,1.38454,3.71458,0.63303,0.60000,0.00000
348,0.1860,34308096,53193,0.01326,1.44e-04,0.5777,224.0640,0.00000,0.25900,0.00000,10.00000,769.91740,0.00000,0.82524,0.00000,0.00000,0.75797,0.00000,0.00000,0.00000,0.00000,0.00000,1.80774,2.78756,0.82524,0.80000,0.75000,2546.93197,-0.03347,-0.24944,0.20055,-0.03595,0.40126,0.75450,-0.07436,0.19512,-0.04547,-0.06992,0.05725,0.26349,0.34009,2.95428,1.98222,0.68932,0.66013,0.35294,0.70043,0.51800,1.35594,3.22235,0.55340,0.50685,0.00000
349,0.1865,34406400,54269,0.01577,1.30e-04,0.5777,199.8770,0.00000,0.25900,0.00000,10.00000,790.47728,0.00000,0.78798,0.00000,0.00000,0.75412,0.00000,0.00000,0.00000,0.00000,0.00000,1.78485,2.91512,0.91837,0.89189,1.00000,2560.87923,-0.03347,-0.25071,0.19755,-0.03577,0.39700,0.75069,-0.07442,0.19234,-0.04557,-0.06980,0.05627,0.25917,0.33855,2.95887,2.37667,0.73469,0.69784,0.47368,0.69274,0.51800,1.32977,3.04428,0.55102,0.47692,0.00000
350,0.1870,34504704,53445,0.01369,1.08e-04,0.5777,197.7668,0.00000,0.25900,0.00000,10.00000,775.51941,0.00000,0.80247,0.00000,0.00000,0.75067,0.00000,0.00000,0.00000,0.00000,0.00000,1.77886,2.42346,0.85859,0.87671,0.81818,2562.89242,-0.03346,-0.25115,0.19763,-0.03533,0.39592,0.74731,-0.07423,0.19269,-0.04491,-0.06959,0.05584,0.25948,0.33879,2.69354,1.68308,0.68182,0.67832,0.40909,0.69395,0.51800,1.33875,3.14000,0.50505,0.47143,0.00000
351,0.1875,34603008,53008,0.01088,1.56e-04,0.5777,185.9064,0.00000,0.25900,0.00000,10.00000,780.72168,0.00000,0.79282,0.00000,0.00000,0.75362,0.00000,0.00000,0.00000,0.00000,0.00000,1.80359,2.74324,0.87500,0.84507,0.88889,2565.36930,-0.03344,-0.25134,0.19880,-0.03615,0.39828,0.75033,-0.07426,0.19374,-0.04424,-0.06969,0.05629,0.26104,0.33929,2.89210,2.32000,0.69792,0.65693,0.44444,0.69647,0.51800,1.34094,3.13689,0.52083,0.45455,0.00000
352,0.1881,34701312,53660,0.01483,1.55e-04,0.5777,183.6324,0.00000,0.25900,0.00000,10.00000,795.40072,0.00000,0.71803,0.00000,0.00000,0.75765,0.00000,0.00000,0.00000,0.00000,0.00000,1.82088,2.92381,0.86792,0.87179,0.75000,2556.50000,-0.03340,-0.25050,0.20114,-0.03583,0.40032,0.75410,-0.07458,0.19536,-0.04243,-0.06994,0.05679,0.26327,0.33962,2.79206,2.21500,0.66981,0.64964,0.36000,0.69809,0.51800,1.34950,2.49297,0.47170,0.35593,0.00000
353,0.1886,34799616,53617,0.01233,2.24e-04,0.5778,202.6714,0.00000,0.25900,0.00000,10.00000,766.75172,0.00000,0.81802,0.00000,0.00000,0.76079,0.00000,0.00000,0.00000,0.00000,0.00000,1.78828,2.99038,0.88189,0.88000,0.70000,2550.11263,-0.03325,-0.24981,0.20110,-0.03595,0.40365,0.75735,-0.07380,0.19586,-0.04346,-0.07004,0.05721,0.26265,0.34099,3.17262,2.71091,0.71654,0.70053,0.33333,0.70493,0.51800,1.36915,3.51107,0.55118,0.49425,0.00000
354,0.1891,34897920,53619,0.01489,1.89e-04,0.5779,187.8649,0.00000,0.25900,0.00000,10.00000,826.98574,0.00000,0.82041,0.00000,0.00000,0.76070,0.00000,0.00000,0.00000,0.00000,0.00000,1.80887,2.52567,0.88372,0.86567,0.75000,2534.01497,-0.03333,-0.24828,0.20307,-0.03642,0.40466,0.75729,-0.07438,0.19755,-0.04356,-0.06986,0.05713,0.26616,0.34086,2.89911,2.25500,0.76163,0.72441,0.33333,0.70430,0.51800,1.37758,3.44304,0.63953,0.56667,0.00000
355,0.1896,34996224,53008,0.01513,1.58e-04,0.5778,194.8866,0.00000,0.25900,0.00000,10.00000,883.69366,0.00000,0.76923,0.00000,0.00000,0.75417,0.00000,0.00000,0.00000,0.00000,0.00000,1.80523,2.74024,0.91346,0.91250,0.50000,2540.97754,-0.03336,-0.24897,0.20184,-0.03622,0.39955,0.75084,-0.07401,0.19595,-0.04297,-0.07021,0.05765,0.26503,0.33945,2.85061,2.19200,0.76923,0.72917,0.22222,0.69723,0.51800,1.36532,3.03917,0.62500,0.50000,0.00000
356,0.1901,35094528,53286,0.01523,1.49e-04,0.5778,197.6562,0.00000,0.25900,0.00000,10.00000,781.03971,0.00000,0.73362,0.00000,0.00000,0.75409,0.00000,0.00000,0.00000,0.00000,0.00000,1.80434,2.48159,0.82051,0.79630,0.76923,2526.48714,-0.03357,-0.24762,0.20169,-0.03700,0.39822,0.75075,-0.07532,0.19619,-0.04415,-0.06921,0.05779,0.26486,0.33918,2.41980,2.03778,0.67308,0.66990,0.38462,0.69590,0.51800,1.36863,2.32250,0.52564,0.53061,0.00000
357,0.1906,35192832,53629,0.01226,1.56e-04,0.5779,208.6736,0.00000,0.25900,0.00000,10.00000,789.39016,0.00000,0.75908,0.00000,0.00000,0.75637,0.00000,0.00000,0.00000,0.00000,0.00000,1.83400,2.42959,0.86139,0.83824,0.70000,2565.98584,-0.03331,-0.25132,0.20454,-0.03640,0.40115,0.75305,-0.07507,0.19844,-0.04577,-0.06982,0.05852,0.26757,0.34011,3.02355,2.60250,0.71287,0.69565,0.33333,0.70057,0.51800,1.37287,3.87372,0.56436,0.55714,0.00000
358,0.1912,35291136,53345,0.01417,1.87e-04,0.5780,215.1290,0.00000,0.25900,0.00000,10.00000,827.51674,0.00000,0.74074,0.00000,0.00000,0.76347,0.00000,0.00000,0.00000,0.00000,0.00000,1.84066,2.73015,0.89286,0.87931,0.90000,2578.94824,-0.03344,-0.25261,0.20644,-0.03784,0.40419,0.76025,-0.07465,0.20112,-0.04420,-0.06980,0.05914,0.27114,0.34078,2.87727,2.89400,0.75000,0.75000,0.40909,0.70392,0.51800,1.40728,3.10651,0.60714,0.61111,0.00000
359,0.1917,35389440,52862,0.01373,1.72e-04,0.5780,185.1896,0.00000,0.25900,0.00000,10.00000,790.65488,0.00000,0.78209,0.00000,0.00000,0.76485,0.00000,0.00000,0.00000,0.00000,0.00000,1.83243,2.72642,0.91262,0.88158,1.00000,2582.48275,-0.03327,-0.25303,0.20444,-0.03656,0.40585,0.76152,-0.07515,0.19839,-0.04598,-0.07014,0.05963,0.26867,0.34137,3.01905,2.13333,0.73301,0.69655,0.44444,0.70687,0.51800,1.39809,3.54578,0.55340,0.49275,0.00000
360,0.1922,35487744,53787,0.01422,1.71e-04,0.5780,194.2107,0.00000,0.25900,0.00000,10.00000,791.97202,0.00000,0.73016,0.00000,0.00000,0.77027,0.00000,0.00000,0.00000,0.00000,0.00000,1.84544,2.73873,0.86667,0.80882,0.93333,2539.85677,-0.03321,-0.24918,0.20526,-0.03621,0.40977,0.76696,-0.07456,0.19947,-0.04104,-0.07000,0.05942,0.26984,0.34279,2.86400,1.91368,0.71429,0.68841,0.45161,0.71397,0.51800,1.40733,3.04071,0.56190,0.57143,0.00000
361,0.1927,35586048,53935,0.01436,1.71e-04,0.5780,201.1193,0.00000,0.25900,0.00000,10.00000,841.62652,0.00000,0.80138,0.00000,0.00000,0.76735,0.00000,0.00000,0.00000,0.00000,0.00000,1.84309,2.52449,0.90265,0.88172,1.00000,2568.42643,-0.03333,-0.25155,0.20454,-0.03696,0.40744,0.76383,-0.07512,0.19796,-0.04380,-0.07022,0.05900,0.26794,0.34202,2.66065,2.32533,0.75664,0.72393,0.50000,0.71009,0.51800,1.38481,2.90327,0.61062,0.51429,0.00000
362,0.1932,35684352,53388,0.01448,1.47e-04,0.5780,206.7388,0.00000,0.25900,0.00000,10.00000,785.28006,0.00000,0.80918,0.00000,0.00000,0.76636,0.00000,0.00000,0.00000,0.00000,0.00000,1.82319,2.42228,0.81522,0.79167,0.71429,2534.85205,-0.03330,-0.24846,0.20367,-0.03544,0.40617,0.76276,-0.07436,0.19801,-0.04441,-0.07005,0.05821,0.26771,0.34129,2.62839,2.49000,0.66848,0.62687,0.35714,0.70643,0.51800,1.39449,2.97190,0.52174,0.43548,0.00000
363,0.1938,35782656,53488,0.01370,1.32e-04,0.5780,187.3983,0.00000,0.25900,0.00000,10.00000,751.80398,0.00000,0.80177,0.00000,0.00000,0.76166,0.00000,0.00000,0.00000,0.00000,0.00000,1.81469,3.06089,0.88636,0.86364,0.85714,2546.68327,-0.03338,-0.24959,0.20494,-0.03627,0.40423,0.75816,-0.07485,0.19892,-0.04268,-0.07036,0.05808,0.26920,0.34139,3.35057,2.42666,0.72159,0.69291,0.40000,0.70696,0.51800,1.40623,3.87513,0.55682,0.50820,0.00000
364,0.1943,35880960,52523,0.01272,1.56e-04,0.5780,187.3590,0.00000,0.25900,0.00000,10.00000,820.52189,0.00000,0.82990,0.00000,0.00000,0.75994,0.00000,0.00000,0.00000,0.00000,0.00000,1.83237,2.61200,0.90123,0.91045,0.66667,2562.63444,-0.03317,-0.25120,0.20579,-0.03644,0.40374,0.75659,-0.07502,0.19952,-0.04542,-0.07002,0.05951,0.27040,0.34100,2.78832,1.88333,0.75926,0.76860,0.33333,0.70499,0.51800,1.40405,3.07535,0.61728,0.59259,0.00000
365,0.1948,35979264,52699,0.01289,1.89e-04,0.5781,182.7154,0.00000,0.25900,0.00000,10.00000,786.14570,0.00000,0.77320,0.00000,0.00000,0.76128,0.00000,0.00000,0.00000,0.00000,0.00000,1.86082,2.72605,0.85567,0.83333,0.77778,2547.98275,-0.03314,-0.24973,0.20822,-0.03725,0.40456,0.75797,-0.07494,0.20195,-0.04215,-0.07014,0.06004,0.27367,0.34095,3.03949,2.98666,0.73196,0.71111,0.35000,0.70475,0.51800,1.41739,3.59349,0.60825,0.57143,0.00000
366,0.1953,36077568,53018,0.01310,2.25e-04,0.5781,194.0525,0.00000,0.25900,0.00000,10.00000,801.54528,0.00000,0.86022,0.00000,0.00000,0.76611,0.00000,0.00000,0.00000,0.00000,0.00000,1.83952,2.56487,0.88172,0.86076,1.00000,2541.14648,-0.03313,-0.24920,0.20761,-0.03685,0.40806,0.76260,-0.07442,0.20150,-0.03837,-0.07038,0.05981,0.27200,0.34205,2.86471,1.87667,0.75806,0.72222,0.50000,0.71023,0.51800,1.43143,3.38444,0.63441,0.55385,0.00000
367,0.1959,36175872,53446,0.01618,1.79e-04,0.5782,194.8576,0.00000,0.25900,0.00000,10.00000,816.08869,0.00000,0.80423,0.00000,0.00000,0.76611,0.00000,0.00000,0.00000,0.00000,0.00000,1.84651,2.64168,0.90476,0.86842,1.00000,2566.18099,-0.03320,-0.25148,0.20899,-0.03671,0.40773,0.76248,-0.07470,0.20237,-0.03939,-0.07028,0.05993,0.27337,0.34187,2.82774,2.38727,0.73333,0.71053,0.45455,0.70935,0.51800,1.43733,3.08949,0.56190,0.55263,0.00000
368,0.1964,36274176,52816,0.01486,1.43e-04,0.5782,200.6414,0.00000,0.25900,0.00000,10.00000,820.65867,0.00000,0.78889,0.00000,0.00000,0.76655,0.00000,0.00000,0.00000,0.00000,0.00000,1.84776,2.47634,0.88000,0.84615,1.00000,2542.18669,-0.03317,-0.24932,0.20907,-0.03702,0.40920,0.76309,-0.07450,0.20234,-0.03863,-0.07035,0.05983,0.27357,0.34239,2.64885,1.27333,0.73500,0.71831,0.42105,0.71193,0.51800,1.43150,2.93755,0.59000,0.56250,0.00000
369,0.1969,36372480,52862,0.01499,1.30e-04,0.5782,183.3214,0.00000,0.25900,0.00000,10.00000,757.55713,0.00000,0.86806,0.00000,0.00000,0.76780,0.00000,0.00000,0.00000,0.00000,0.00000,1.85201,2.40258,0.87500,0.85556,0.85714,2508.07747,-0.03314,-0.24595,0.20755,-0.03578,0.40954,0.76423,-0.07421,0.20105,-0.03830,-0.07013,0.05995,0.27165,0.34207,2.88786,2.04222,0.71875,0.69714,0.37500,0.71034,0.51800,1.42415,3.67965,0.56250,0.52941,0.00000
370,0.1974,36470784,52670,0.01319,1.44e-04,0.5782,173.4942,0.00000,0.25900,0.00000,10.00000,776.75178,0.00000,0.78502,0.00000,0.00000,0.76489,0.00000,0.00000,0.00000,0.00000,0.00000,1.84971,2.64800,0.88043,0.85507,1.00000,2508.26449,-0.03314,-0.24596,0.20760,-0.03615,0.40678,0.76155,-0.07404,0.20071,-0.03700,-0.07011,0.06021,0.27139,0.34164,2.87765,2.45833,0.73370,0.71538,0.47619,0.70818,0.51800,1.41895,3.26909,0.58696,0.55738,0.00000
371,0.1980,36569088,52774,0.01258,2.07e-04,0.5783,200.3025,0.00000,0.25900,0.00000,10.00000,822.37570,0.00000,0.75358,0.00000,0.00000,0.76383,0.00000,0.00000,0.00000,0.00000,0.00000,1.85019,2.60205,0.90099,0.87324,0.90909,2504.91536,-0.03313,-0.24558,0.20746,-0.03577,0.40591,0.76045,-0.07403,0.20054,-0.03730,-0.06987,0.06040,0.27146,0.34144,2.82724,2.78545,0.75248,0.75182,0.43478,0.70722,0.51800,1.42090,3.18571,0.60396,0.62121,0.00000
372,0.1985,36667392,53413,0.01417,2.25e-04,0.5782,202.1352,0.00000,0.25900,0.00000,10.00000,844.85969,0.00000,0.78002,0.00000,0.00000,0.76498,0.00000,0.00000,0.00000,0.00000,0.00000,1.84733,2.47418,0.86869,0.86667,1.00000,2531.95394,-0.03325,-0.24832,0.20726,-0.03630,0.40535,0.76144,-0.07401,0.20015,-0.03857,-0.07010,0.06020,0.27071,0.34093,2.74032,2.24000,0.75758,0.74101,0.50000,0.70465,0.51800,1.41561,3.18766,0.64646,0.59375,0.00000
373,0.1990,36765696,54140,0.01950,1.30e-04,0.5782,216.7198,0.00000,0.25900,0.00000,10.00000,811.37831,0.00000,0.77578,0.00000,0.00000,0.76688,0.00000,0.00000,0.00000,0.00000,0.00000,1.83047,2.57952,0.88288,0.85185,0.87500,2529.18083,-0.03325,-0.24807,0.20602,-0.03615,0.40612,0.76325,-0.07454,0.19973,-0.03847,-0.07020,0.05999,0.26993,0.34112,2.95073,1.69273,0.72523,0.68387,0.36842,0.70562,0.51800,1.42112,3.53207,0.56757,0.50000,0.00000
374,0.1995,36864000,53537,0.01337,1.49e-04,0.5783,201.6499,0.00000,0.25900,0.00000,10.00000,823.42154,0.00000,0.80939,0.00000,0.00000,0.76780,0.00000,0.00000,0.00000,0.00000,0.00000,1.83789,2.88666,0.87931,0.87209,0.71429,2516.76367,-0.03306,-0.24671,0.20623,-0.03667,0.40808,0.76440,-0.07340,0.19921,-0.03920,-0.07028,0.05970,0.26912,0.34184,3.06531,2.01250,0.78017,0.77515,0.29412,0.70920,0.51800,1.40178,3.28422,0.68103,0.67470,0.00000
375,0.2000,36962304,53365,0.01510,1.10e-04,0.5783,184.1152,0.00000,0.25900,0.00000,10.00000,802.13167,0.00000,0.87391,0.00000,0.00000,0.76424,0.00000,0.00000,0.00000,0.00000,0.00000,1.82983,2.47789,0.88764,0.86667,1.00000,2495.42285,-0.03321,-0.24473,0.20692,-0.03523,0.40531,0.76078,-0.07454,0.19922,-0.04254,-0.06996,0.05997,0.26955,0.34111,2.88359,2.87666,0.75843,0.74286,0.45455,0.70554,0.51800,1.40630,3.47654,0.62921,0.60000,0.00000
376,0.2006,37060608,52722,0.01093,1.43e-04,0.5782,192.7756,0.00000,0.25900,0.00000,10.00000,819.58810,0.00000,0.83058,0.00000,0.00000,0.76153,0.00000,0.00000,0.00000,0.00000,0.00000,1.83187,2.79302,0.88119,0.86905,0.80000,2510.97510,-0.03315,-0.24636,0.20615,-0.03661,0.40370,0.75804,-0.07337,0.19923,-0.04051,-0.07028,0.05951,0.26907,0.34086,2.99244,3.05714,0.74752,0.72848,0.36364,0.70428,0.51800,1.40087,3.34245,0.61386,0.55224,0.00000
377,0.2011,37158912,53652,0.01194,1.89e-04,0.5782,174.4255,0.00000,0.25900,0.00000,10.00000,781.97609,0.00000,0.69630,0.00000,0.00000,0.76314,0.00000,0.00000,0.00000,0.00000,0.00000,1.85113,2.79148,0.92000,0.89583,1.00000,2517.67008,-0.03324,-0.24697,0.20853,-0.03610,0.40459,0.75957,-0.07421,0.20109,-0.04193,-0.06986,0.06080,0.27231,0.34080,3.13191,2.31167,0.74000,0.73404,0.40909,0.70402,0.51800,1.42137,3.65714,0.56000,0.56522,0.00000
378,0.2016,37257216,53365,0.01447,1.71e-04,0.5781,181.7196,0.00000,0.25900,0.00000,10.00000,824.64323,0.00000,0.72487,0.00000,0.00000,0.76551,0.00000,0.00000,0.00000,0.00000,0.00000,1.87465,2.35902,0.85714,0.83117,0.80000,2517.43978,-0.03322,-0.24683,0.20972,-0.03730,0.40724,0.76209,-0.07431,0.20255,-0.03907,-0.06967,0.06119,0.27432,0.34191,2.59680,2.31692,0.72381,0.71533,0.33333,0.70955,0.51800,1.42188,3.05023,0.59048,0.56667,0.00000
379,0.2021,37355520,52705,0.01419,1.98e-04,0.5782,193.3125,0.00000,0.25900,0.00000,10.00000,841.77945,0.00000,0.73871,0.00000,0.00000,0.77087,0.00000,0.00000,0.00000,0.00000,0.00000,1.90308,2.50657,0.85714,0.81818,0.87500,2516.98975,-0.03325,-0.24693,0.21232,-0.03714,0.41138,0.76721,-0.07524,0.20530,-0.03804,-0.06965,0.06235,0.27804,0.34312,2.95143,2.65778,0.76923,0.73554,0.41176,0.71560,0.51800,1.44269,3.69286,0.68132,0.63636,0.00000
380,0.2026,37453824,53461,0.01469,1.71e-04,0.5782,202.6835,0.00000,0.25900,0.00000,10.00000,831.87328,0.00000,0.82222,0.00000,0.00000,0.77449,0.00000,0.00000,0.00000,0.00000,0.00000,1.90688,2.74304,0.93000,0.93506,0.80000,2534.46191,-0.03315,-0.24851,0.21181,-0.03744,0.41335,0.77101,-0.07467,0.20455,-0.04070,-0.07023,0.06198,0.27727,0.34363,3.03731,4.13000,0.78000,0.77703,0.30769,0.71817,0.51800,1.42783,3.46000,0.63000,0.60563,0.00000
381,0.2032,37552128,52885,0.01344,1.89e-04,0.5782,190.9368,0.00000,0.25900,0.00000,10.00000,777.49166,0.00000,0.74973,0.00000,0.00000,0.78150,0.00000,0.00000,0.00000,0.00000,0.00000,1.90877,2.46741,0.91262,0.90141,0.84615,2521.71729,-0.03308,-0.24725,0.21286,-0.03763,0.41782,0.77792,-0.07458,0.20569,-0.03988,-0.06999,0.06152,0.27832,0.34486,2.71701,1.99714,0.71845,0.71942,0.36667,0.72428,0.51800,1.44315,3.15652,0.52427,0.52941,0.00000
382,0.2037,37650432,52570,0.01425,2.07e-04,0.5782,182.2019,0.00000,0.25900,0.00000,10.00000,791.16224,0.00000,0.77107,0.00000,0.00000,0.78350,0.00000,0.00000,0.00000,0.00000,0.00000,1.92743,2.61483,0.88793,0.87059,0.81818,2485.25439,-0.03328,-0.24381,0.21658,-0.03874,0.41977,0.78000,-0.07484,0.20845,-0.03593,-0.07011,0.06319,0.28339,0.34541,2.85782,3.06571,0.71552,0.70186,0.36000,0.72703,0.51800,1.46479,3.23069,0.54310,0.51316,0.00000
383,0.2042,37748736,53512,0.01417,1.71e-04,0.5781,193.7068,0.00000,0.25900,0.00000,10.00000,804.02756,0.00000,0.89133,0.00000,0.00000,0.78273,0.00000,0.00000,0.00000,0.00000,0.00000,1.94099,2.38666,0.85714,0.83117,1.00000,2470.31803,-0.03321,-0.24215,0.21887,-0.03715,0.42124,0.77878,-0.07369,0.21091,-0.03753,-0.06992,0.06441,0.28643,0.34574,2.88529,2.12000,0.72527,0.67808,0.50000,0.72869,0.51800,1.47570,3.61796,0.59341,0.50725,0.00000
384,0.2047,37847040,53021,0.01535,1.19e-04,0.5781,189.2411,0.00000,0.25900,0.00000,10.00000,776.20063,0.00000,0.78983,0.00000,0.00000,0.78159,0.00000,0.00000,0.00000,0.00000,0.00000,1.94830,2.99114,0.89157,0.91935,0.77778,2474.37663,-0.03303,-0.24275,0.22134,-0.03759,0.42076,0.77771,-0.07381,0.21393,-0.03803,-0.06982,0.06501,0.28940,0.34535,3.09491,2.44000,0.72892,0.73729,0.36842,0.72673,0.51800,1.50767,3.27650,0.56627,0.53571,0.00000
385,0.2053,37945344,52878,0.01102,1.56e-04,0.5781,179.3713,0.00000,0.25900,0.00000,10.00000,858.67188,0.00000,0.77635,0.00000,0.00000,0.78091,0.00000,0.00000,0.00000,0.00000,0.00000,1.96283,2.82164,0.91026,0.89655,0.75000,2502.50456,-0.03281,-0.24543,0.22281,-0.03773,0.42137,0.77724,-0.07434,0.21639,-0.03811,-0.07013,0.06619,0.29201,0.34565,3.08868,3.58000,0.78846,0.76147,0.33333,0.72823,0.51800,1.52460,3.51737,0.66667,0.60784,0.00000
386,0.2058,38043648,54023,0.01377,1.87e-04,0.5779,176.7283,0.00000,0.25900,0.00000,10.00000,825.85945,0.00000,0.78491,0.00000,0.00000,0.78457,0.00000,0.00000,0.00000,0.00000,0.00000,1.97690,2.57304,0.90826,0.88095,1.00000,2482.44027,-0.03289,-0.24363,0.22423,-0.03740,0.42248,0.78086,-0.07454,0.21797,-0.03433,-0.06993,0.06598,0.29371,0.34595,3.05676,2.26400,0.76147,0.74675,0.45000,0.72975,0.51800,1.54153,3.94680,0.61468,0.58571,0.00000
387,0.2063,38141952,52846,0.01444,1.92e-04,0.5779,192.5150,0.00000,0.25900,0.00000,10.00000,876.58575,0.00000,0.80026,0.00000,0.00000,0.78948,0.00000,0.00000,0.00000,0.00000,0.00000,1.96950,2.53886,0.92857,0.91176,1.00000,2454.83154,-0.03298,-0.24094,0.22261,-0.03784,0.42575,0.78575,-0.07505,0.21583,-0.03592,-0.06977,0.06579,0.29145,0.34709,3.01982,1.33333,0.80357,0.78512,0.50000,0.73545,0.51800,1.52252,3.80279,0.67857,0.62264,0.00000
388,0.2068,38240256,53125,0.01439,1.87e-04,0.5779,175.7909,0.00000,0.25900,0.00000,10.00000,830.93807,0.00000,0.75253,0.00000,0.00000,0.78627,0.00000,0.00000,0.00000,0.00000,0.00000,1.96015,2.61783,0.92727,0.92105,0.83333,2478.55892,-0.03305,-0.24288,0.22079,-0.03823,0.42308,0.78282,-0.07480,0.21378,-0.03647,-0.06979,0.06536,0.28917,0.34657,3.09365,2.43714,0.78182,0.80537,0.37037,0.73285,0.51800,1.49668,3.73064,0.63636,0.68493,0.00000
389,0.2073,38338560,53435,0.01449,2.11e-04,0.5779,194.5986,0.00000,0.25900,0.00000,10.00000,852.26065,0.00000,0.77887,0.00000,0.00000,0.78309,0.00000,0.00000,0.00000,0.00000,0.00000,1.92754,2.60000,0.90196,0.86486,1.00000,2470.62354,-0.03291,-0.24216,0.21810,-0.03693,0.42045,0.77943,-0.07449,0.21160,-0.03684,-0.06985,0.06467,0.28547,0.34539,2.90409,2.36200,0.77941,0.76923,0.41176,0.72697,0.51800,1.48833,3.30421,0.65686,0.66667,0.00000
390,0.2079,38436864,52857,0.01528,1.76e-04,0.5778,191.3164,0.00000,0.25900,0.00000,10.00000,880.61399,0.00000,0.78788,0.00000,0.00000,0.78237,0.00000,0.00000,0.00000,0.00000,0.00000,1.92500,2.39820,0.92727,0.90476,1.00000,2471.35612,-0.03285,-0.24233,0.21846,-0.03804,0.41972,0.77867,-0.07402,0.21242,-0.03743,-0.06999,0.06439,0.28615,0.34487,2.68156,2.12571,0.78182,0.75641,0.50000,0.72435,0.51800,1.49543,3.16654,0.63636,0.58333,0.00000
391,0.2084,38535168,52865,0.01408,1.47e-04,0.5778,190.7171,0.00000,0.25900,0.00000,10.00000,822.62208,0.00000,0.71429,0.00000,0.00000,0.78158,0.00000,0.00000,0.00000,0.00000,0.00000,1.92588,2.77676,0.96703,0.94915,1.00000,2471.43213,-0.03283,-0.24250,0.21937,-0.03789,0.41916,0.77799,-0.07316,0.21367,-0.03765,-0.07013,0.06370,0.28702,0.34514,2.99403,2.54933,0.77473,0.76068,0.48000,0.72569,0.51800,1.50507,3.31522,0.58242,0.56897,0.00000
392,0.2089,38633472,53166,0.01306,2.11e-04,0.5778,172.5060,0.00000,0.25900,0.00000,10.00000,835.41245,0.00000,0.75029,0.00000,0.00000,0.78157,0.00000,0.00000,0.00000,0.00000,0.00000,1.90446,2.72825,0.92784,0.94521,0.70000,2442.16423,-0.03284,-0.23957,0.21873,-0.03815,0.41947,0.77793,-0.07428,0.21326,-0.03471,-0.06994,0.06402,0.28596,0.34556,3.02136,1.90182,0.79897,0.82443,0.30435,0.72779,0.51800,1.53351,3.47231,0.67010,0.67241,0.00000
393,0.2094,38731776,52350,0.01601,1.32e-04,0.5778,184.6779,0.00000,0.25900,0.00000,10.00000,858.54565,0.00000,0.80247,0.00000,0.00000,0.78100,0.00000,0.00000,0.00000,0.00000,0.00000,1.90034,2.52644,0.88889,0.88095,0.85714,2465.21549,-0.03277,-0.24180,0.21902,-0.03685,0.41994,0.77727,-0.07412,0.21339,-0.03750,-0.06979,0.06427,0.28607,0.34571,2.82567,1.74000,0.76852,0.75641,0.40000,0.72857,0.51800,1.53693,3.30778,0.64815,0.61111,0.00000
394,0.2100,38830080,53247,0.01271,1.89e-04,0.5778,187.8544,0.00000,0.25700,0.00000,10.00000,888.68832,0.00000,0.76998,0.00000,0.00000,0.78118,0.00000,0.00000,0.00000,0.00000,0.00000,1.89458,2.57912,0.94737,0.93182,1.00000,2460.01042,-0.03278,-0.24150,0.21714,-0.03679,0.41959,0.77762,-0.07345,0.21168,-0.03390,-0.06986,0.06343,0.28359,0.34596,2.89813,2.08800,0.82456,0.82278,0.28571,0.72978,0.51400,1.52285,3.39017,0.70175,0.68571,0.00000
395,0.2105,38928384,53358,0.01331,2.11e-04,0.5778,195.9011,0.00000,0.25500,0.00000,10.00000,800.82557,0.00000,0.81731,0.00000,0.00000,0.77823,0.00000,0.00000,0.00000,0.00000,0.00000,1.86384,2.39949,0.82692,0.78750,0.85714,2447.12939,-0.03306,-0.24004,0.21371,-0.03577,0.41919,0.77469,-0.07397,0.20904,-0.03628,-0.06952,0.06357,0.27933,0.34578,2.82618,1.87143,0.69712,0.67974,0.33333,0.72888,0.51000,1.50394,3.41754,0.56731,0.56164,0.00000
396,0.2110,39026688,51128,0.01629,1.92e-04,0.5778,196.3966,0.00000,0.25300,0.00000,10.00000,911.61281,0.00000,0.80586,0.00000,0.00000,0.77434,0.00000,0.00000,0.00000,0.00000,0.00000,1.88066,2.32323,0.87912,0.85075,1.00000,2464.01758,-0.03301,-0.24159,0.21535,-0.03749,0.41675,0.77105,-0.07386,0.20994,-0.03859,-0.06972,0.06361,0.28072,0.34503,2.53197,2.25667,0.79670,0.78788,0.50000,0.72514,0.50600,1.49474,2.79481,0.71429,0.72308,0.00000
397,0.2116,39124992,50466,0.01415,1.79e-04,0.5778,167.9406,0.00000,0.25100,0.00000,10.00000,878.42844,0.00000,0.82742,0.00000,0.00000,0.76994,0.00000,0.00000,0.00000,0.00000,0.00000,1.88375,2.43684,0.95745,0.94521,1.00000,2465.32520,-0.03285,-0.24179,0.21547,-0.03731,0.41260,0.76658,-0.07311,0.21066,-0.03723,-0.06962,0.06268,0.28124,0.34328,2.62734,1.79000,0.80851,0.79286,0.40000,0.71638,0.50200,1.48328,2.90577,0.65957,0.62687,0.00000
398,0.2121,39223296,51761,0.01330,1.92e-04,0.5778,162.1070,0.00000,0.24900,0.00000,10.00000,800.94136,0.00000,0.76313,0.00000,0.00000,0.76695,0.00000,0.00000,0.00000,0.00000,0.00000,1.89008,2.62472,0.90110,0.88889,0.90909,2491.00081,-0.03277,-0.24431,0.21582,-0.03756,0.41087,0.76358,-0.07370,0.21185,-0.03733,-0.06984,0.06331,0.28203,0.34280,2.69350,2.54923,0.71429,0.72000,0.41667,0.71399,0.49800,1.49218,2.79667,0.52747,0.54839,0.00000
399,0.2126,39321600,52315,0.01411,1.69e-04,0.5778,173.5570,0.00000,0.24700,0.00000,10.00000,853.98812,0.00000,0.69444,0.00000,0.00000,0.77190,0.00000,0.00000,0.00000,0.00000,0.00000,1.90022,2.40514,0.90625,0.85714,1.00000,2508.46810,-0.03265,-0.24598,0.21596,-0.03766,0.41195,0.76895,-0.07376,0.21145,-0.03908,-0.07035,0.06323,0.28164,0.34351,2.91339,2.26800,0.77604,0.75000,0.45833,0.71757,0.49400,1.47453,3.61098,0.64583,0.63158,0.00000
400,0.2132,39419904,53750,0.01311,1.92e-04,0.5777,184.9721,0.00000,0.24500,0.00000,10.00000,847.85288,0.00000,0.76155,0.00000,0.00000,0.77395,0.00000,0.00000,0.00000,0.00000,0.00000,1.92404,2.79314,0.87640,0.86154,0.83333,2510.83398,-0.03269,-0.24623,0.21607,-0.03751,0.41190,0.77072,-0.07391,0.21089,-0.03634,-0.07009,0.06322,0.28166,0.34332,2.88793,4.41000,0.74719,0.73770,0.35714,0.71658,0.49000,1.46099,3.04975,0.61798,0.59649,0.00000
401,0.2137,39518208,53399,0.01246,2.07e-04,0.5777,188.1634,0.00000,0.24300,0.00000,10.00000,866.01343,0.00000,0.73209,0.00000,0.00000,0.77678,0.00000,0.00000,0.00000,0.00000,0.00000,1.93245,2.20805,0.92523,0.90411,0.90909,2493.93343,-0.03263,-0.24457,0.21477,-0.03803,0.41423,0.77374,-0.07359,0.20945,-0.03509,-0.07007,0.06310,0.28003,0.34389,2.59308,1.91571,0.74766,0.72340,0.43478,0.71943,0.48600,1.44688,3.21215,0.57009,0.52941,0.00000
402,0.2142,39616512,52747,0.01237,2.98e-04,0.5777,202.2539,0.00000,0.24300,0.00000,10.00000,816.73998,0.00000,0.74635,0.00000,0.00000,0.77719,0.00000,0.00000,0.00000,0.00000,0.00000,1.93697,2.58700,0.87879,0.87671,0.77778,2469.81217,-0.03268,-0.24237,0.21461,-0.03776,0.41517,0.77409,-0.07305,0.20950,-0.03478,-0.06996,0.06337,0.28074,0.34406,2.93802,2.94909,0.72222,0.72180,0.31818,0.72030,0.48600,1.44035,3.62293,0.56566,0.53333,0.00000
403,0.2147,39714816,53076,0.01643,2.15e-04,0.5777,185.8513,0.00000,0.24300,0.00000,10.00000,837.37969,0.00000,0.71981,0.00000,0.00000,0.77437,0.00000,0.00000,0.00000,0.00000,0.00000,1.92974,2.51214,0.89565,0.85333,0.92308,2479.67773,-0.03281,-0.24315,0.21268,-0.03654,0.41144,0.77131,-0.07281,0.20741,-0.03614,-0.06981,0.06355,0.27783,0.34235,2.76720,2.00667,0.73478,0.69128,0.44444,0.71173,0.48600,1.41476,3.17923,0.57391,0.52703,0.00000
404,0.2153,39813120,53501,0.01118,2.47e-04,0.5777,185.7606,0.00000,0.24300,0.00000,10.00000,891.93162,0.00000,0.81840,0.00000,0.00000,0.76946,0.00000,0.00000,0.00000,0.00000,0.00000,1.93037,2.68794,0.93548,0.93151,1.00000,2475.11344,-0.03284,-0.24271,0.21191,-0.03698,0.40911,0.76623,-0.07305,0.20581,-0.03951,-0.06979,0.06278,0.27601,0.34176,2.84677,3.93333,0.78495,0.74453,0.50000,0.70881,0.48600,1.38347,3.08833,0.63441,0.53125,0.00000
405,0.2158,39911424,51763,0.01791,2.20e-04,0.5778,184.2550,0.00000,0.24300,0.00000,10.00000,860.58979,0.00000,0.74543,0.00000,0.00000,0.76624,0.00000,0.00000,0.00000,0.00000,0.00000,1.95332,2.64750,0.88608,0.86885,0.83333,2483.71517,-0.03291,-0.24347,0.21259,-0.03697,0.40747,0.76309,-0.07385,0.20565,-0.03679,-0.06943,0.06296,0.27678,0.34158,2.62970,2.68333,0.74051,0.73585,0.31250,0.70791,0.48600,1.37713,2.59714,0.59494,0.55556,0.00000
406,0.2163,40009728,54170,0.01479,1.44e-04,0.5778,184.4308,0.00000,0.24300,0.00000,10.00000,911.08810,0.00000,0.72959,0.00000,0.00000,0.76385,0.00000,0.00000,0.00000,0.00000,0.00000,1.97231,2.47491,0.92771,0.91379,0.75000,2510.48828,-0.03292,-0.24629,0.21361,-0.03610,0.40544,0.76098,-0.07481,0.20616,-0.03783,-0.06951,0.06369,0.27751,0.34093,2.53583,2.85333,0.77711,0.75229,0.33333,0.70465,0.48600,1.36929,2.63297,0.62651,0.56863,0.00000
407,0.2168,40108032,53757,0.01405,1.33e-04,0.5777,187.3563,0.00000,0.24300,0.00000,10.00000,851.18870,0.00000,0.79594,0.00000,0.00000,0.76756,0.00000,0.00000,0.00000,0.00000,0.00000,1.98046,2.57954,0.93269,0.92593,0.83333,2554.37288,-0.03303,-0.25025,0.21336,-0.03671,0.40624,0.76456,-0.07439,0.20596,-0.04081,-0.06967,0.06407,0.27707,0.34144,2.65259,1.91750,0.75962,0.75168,0.31250,0.70721,0.48600,1.35401,2.78500,0.58654,0.54412,0.00000
408,0.2174,40206336,53343,0.01014,1.92e-04,0.5777,201.3044,0.00000,0.24300,0.00000,10.00000,820.71221,0.00000,0.78502,0.00000,0.00000,0.77507,0.00000,0.00000,0.00000,0.00000,0.00000,1.99152,2.70225,0.90217,0.91045,0.71429,2526.65690,-0.03303,-0.24766,0.21394,-0.03665,0.41056,0.77185,-0.07411,0.20642,-0.04014,-0.06976,0.06386,0.27796,0.34258,2.82922,1.84500,0.73913,0.72308,0.31250,0.71292,0.48600,1.35873,3.03409,0.57609,0.52381,0.00000
409,0.2179,40304640,53549,0.01472,1.76e-04,0.5776,195.4713,0.00000,0.24300,0.00000,10.00000,769.58435,0.00000,0.82819,0.00000,0.00000,0.77803,0.00000,0.00000,0.00000,0.00000,0.00000,2.00338,2.69875,0.95370,0.96552,0.81818,2501.28532,-0.03299,-0.24533,0.21415,-0.03602,0.41199,0.77453,-0.07383,0.20696,-0.03614,-0.07007,0.06349,0.27884,0.34299,2.84013,2.40833,0.73611,0.74534,0.37500,0.71495,0.48600,1.35942,3.10627,0.51852,0.48649,0.00000
410,0.2184,40402944,52630,0.02060,8.99e-05,0.5775,206.0754,0.00000,0.24300,0.00000,10.00000,867.47992,0.00000,0.71667,0.00000,0.00000,0.77518,0.00000,0.00000,0.00000,0.00000,0.00000,1.99013,2.58712,0.92000,0.88060,1.00000,2502.32227,-0.03310,-0.24517,0.21199,-0.03681,0.41183,0.77190,-0.07394,0.20556,-0.04194,-0.06972,0.06314,0.27687,0.34274,2.59400,1.60833,0.73000,0.69767,0.44444,0.71372,0.48600,1.33210,2.60468,0.54000,0.50000,0.00000
411,0.2189,40501248,52966,0.01424,6.93e-05,0.5775,193.2406,0.00000,0.24300,0.00000,10.00000,853.58927,0.00000,0.81446,0.00000,0.00000,0.77067,0.00000,0.00000,0.00000,0.00000,0.00000,1.97892,2.58839,0.95146,0.93506,1.00000,2448.18669,-0.03311,-0.24019,0.21132,-0.03734,0.40914,0.76751,-0.07419,0.20402,-0.03869,-0.06944,0.06331,0.27519,0.34193,2.63363,1.86500,0.75728,0.71523,0.50000,0.70967,0.48600,1.33686,2.70549,0.56311,0.48649,0.00000
412,0.2194,40599552,53400,0.00895,1.11e-04,0.5775,175.6451,0.00000,0.24300,0.00000,10.00000,844.42350,0.00000,0.76968,0.00000,0.00000,0.76649,0.00000,0.00000,0.00000,0.00000,0.00000,1.96752,2.29028,0.97917,0.96970,1.00000,2472.00537,-0.03304,-0.24224,0.20973,-0.03603,0.40694,0.76335,-0.07426,0.20316,-0.03492,-0.06938,0.06320,0.27385,0.34124,2.45250,2.46222,0.76562,0.74436,0.38889,0.70622,0.48600,1.33935,2.69583,0.55208,0.52239,0.00000
413,0.2200,40697856,52534,0.01002,1.60e-04,0.5776,204.5146,0.00000,0.24300,0.00000,10.00000,843.75364,0.00000,0.72276,0.00000,0.00000,0.76206,0.00000,0.00000,0.00000,0.00000,0.00000,1.95948,2.45129,0.93204,0.93243,0.81818,2481.65088,-0.03311,-0.24317,0.20954,-0.03640,0.40568,0.75893,-0.07408,0.20299,-0.04123,-0.06956,0.06265,0.27344,0.34096,2.65286,1.95200,0.70874,0.70896,0.34615,0.70481,0.48600,1.32187,3.07073,0.48544,0.43333,0.00000
414,0.2205,40796160,54000,0.01298,1.92e-04,0.5776,172.3381,0.00000,0.24300,0.00000,10.00000,848.56649,0.00000,0.80499,0.00000,0.00000,0.76184,0.00000,0.00000,0.00000,0.00000,0.00000,1.95258,2.39210,0.93878,0.94667,0.75000,2489.51562,-0.03316,-0.24390,0.20901,-0.03559,0.40538,0.75859,-0.07397,0.20249,-0.03617,-0.06934,0.06234,0.27308,0.34131,2.71025,3.10500,0.73980,0.72535,0.27273,0.70657,0.48600,1.32885,3.27256,0.54082,0.47761,0.00000
415,0.2210,40894464,53837,0.01376,2.06e-04,0.5776,178.0646,0.00000,0.24300,0.00000,10.00000,853.94983,0.00000,0.75758,0.00000,0.00000,0.76339,0.00000,0.00000,0.00000,0.00000,0.00000,1.94937,2.39075,0.96694,0.95294,1.00000,2473.07943,-0.03321,-0.24240,0.20666,-0.03582,0.40611,0.76020,-0.07393,0.20008,-0.03883,-0.06941,0.06167,0.26988,0.34162,2.53267,1.88500,0.74793,0.70303,0.47368,0.70808,0.48600,1.30236,2.80204,0.52893,0.43750,0.00000
416,0.2215,40992768,51604,0.01340,2.25e-04,0.5776,186.1914,0.00000,0.24300,0.00000,10.00000,817.97626,0.00000,0.81155,0.00000,0.00000,0.76080,0.00000,0.00000,0.00000,0.00000,0.00000,1.91822,2.39218,0.94118,0.93421,1.00000,2461.15641,-0.03326,-0.24113,0.20361,-0.03531,0.40373,0.75751,-0.07338,0.19719,-0.03606,-0.06915,0.06045,0.26501,0.34038,2.82849,1.98000,0.73039,0.73826,0.47826,0.70191,0.48600,1.28824,3.55846,0.51961,0.53425,0.00000
417,0.2220,41091072,53802,0.01593,1.92e-04,0.5776,185.5771,0.00000,0.24300,0.00000,10.00000,858.50000,0.00000,0.83041,0.00000,0.00000,0.75359,0.00000,0.00000,0.00000,0.00000,0.00000,1.91360,2.40025,0.94737,0.93421,1.00000,2496.44303,-0.03315,-0.24461,0.20315,-0.03420,0.39706,0.75022,-0.07257,0.19739,-0.04065,-0.06951,0.06041,0.26495,0.33858,2.52487,1.28800,0.76316,0.71831,0.42857,0.69291,0.48600,1.28044,2.77100,0.57895,0.46970,0.00000
418,0.2226,41189376,53397,0.01462,1.32e-04,0.5776,193.1683,0.00000,0.24300,0.00000,10.00000,832.45961,0.00000,0.77020,0.00000,0.00000,0.75274,0.00000,0.00000,0.00000,0.00000,0.00000,1.90852,2.56228,0.88636,0.86567,1.00000,2497.46973,-0.03306,-0.24463,0.20327,-0.03523,0.39629,0.74959,-0.07226,0.19730,-0.03914,-0.06943,0.05980,0.26497,0.33859,2.98273,1.79555,0.70455,0.68033,0.42857,0.69293,0.48600,1.28362,3.71850,0.52273,0.45455,0.00000
419,0.2231,41287680,52702,0.01081,1.71e-04,0.5775,196.8872,0.00000,0.24300,0.00000,10.00000,785.74219,0.00000,0.76543,0.00000,0.00000,0.75454,0.00000,0.00000,0.00000,0.00000,0.00000,1.92483,2.58823,0.93333,0.91803,0.88889,2528.70443,-0.03304,-0.24776,0.20531,-0.03489,0.39699,0.75114,-0.07306,0.19920,-0.04291,-0.06942,0.06116,0.26714,0.33846,2.75384,2.39000,0.69444,0.66935,0.40000,0.69230,0.48600,1.30462,3.06666,0.45556,0.42857,0.00000
420,0.2236,41385984,53078,0.01084,2.47e-04,0.5775,197.2299,0.00000,0.24300,0.00000,10.00000,738.93034,0.00000,0.79861,0.00000,0.00000,0.76138,0.00000,0.00000,0.00000,0.00000,0.00000,1.92654,2.51171,0.88542,0.87324,0.84615,2548.06380,-0.03297,-0.24969,0.20691,-0.03654,0.39967,0.75806,-0.07338,0.20138,-0.04050,-0.06951,0.06222,0.26969,0.33939,2.85350,2.25000,0.68229,0.66667,0.42308,0.69694,0.48600,1.32870,3.59105,0.47917,0.44776,0.00000
421,0.2241,41484288,53620,0.01394,2.27e-04,0.5774,169.1688,0.00000,0.24300,0.00000,10.00000,823.91229,0.00000,0.80756,0.00000,0.00000,0.76557,0.00000,0.00000,0.00000,0.00000,0.00000,1.94755,2.39342,0.91753,0.90789,0.83333,2556.22021,-0.03306,-0.25047,0.20915,-0.03563,0.40362,0.76243,-0.07396,0.20316,-0.04344,-0.06982,0.06209,0.27237,0.34102,2.72000,1.93428,0.72680,0.68794,0.38462,0.70509,0.48600,1.33372,3.43666,0.53608,0.43077,0.00000
422,0.2247,41582592,52333,0.01389,2.27e-04,0.5773,196.2026,0.00000,0.24300,0.00000,10.00000,805.67465,0.00000,0.70513,0.00000,0.00000,0.76844,0.00000,0.00000,0.00000,0.00000,0.00000,1.96988,2.42241,0.94231,0.95775,0.76923,2528.73242,-0.03319,-0.24787,0.20970,-0.03700,0.40541,0.76537,-0.07422,0.20354,-0.03958,-0.06943,0.06193,0.27302,0.34161,2.87294,2.39714,0.74038,0.74242,0.33333,0.70804,0.48600,1.32256,3.91166,0.53846,0.49180,0.00000
423,0.2252,41680896,53538,0.01309,2.96e-04,0.5774,201.4903,0.00000,0.24300,0.00000,10.00000,772.51413,0.00000,0.81930,0.00000,0.00000,0.77208,0.00000,0.00000,0.00000,0.00000,0.00000,1.98070,2.67027,0.92929,0.90141,1.00000,2492.54395,-0.03319,-0.24436,0.20924,-0.03694,0.40836,0.76887,-0.07406,0.20371,-0.03924,-0.06948,0.06260,0.27403,0.34191,2.99897,3.00571,0.71717,0.67123,0.46667,0.70956,0.48600,1.32284,3.56465,0.50505,0.45333,0.00000
424,0.2257,41779200,53354,0.01515,2.85e-04,0.5774,204.6160,0.00000,0.24300,0.00000,10.00000,818.19891,0.00000,0.77679,0.00000,0.00000,0.77117,0.00000,0.00000,0.00000,0.00000,0.00000,1.97031,2.49560,0.91150,0.88889,0.90909,2467.68164,-0.03309,-0.24211,0.21026,-0.03686,0.40918,0.76781,-0.07315,0.20491,-0.03559,-0.06948,0.06264,0.27482,0.34246,2.67718,1.53385,0.69027,0.64557,0.41667,0.71229,0.48600,1.34839,3.00117,0.46903,0.38961,0.00000
425,0.2262,41877504,53615,0.01436,2.24e-04,0.5774,186.4654,0.00000,0.24300,0.00000,10.00000,867.79203,0.00000,0.82126,0.00000,0.00000,0.77071,0.00000,0.00000,0.00000,0.00000,0.00000,1.97448,2.11649,0.94565,0.92857,1.00000,2477.83073,-0.03313,-0.24290,0.21199,-0.03774,0.40918,0.76739,-0.07325,0.20575,-0.03857,-0.06961,0.06363,0.27601,0.34279,2.40547,1.70400,0.76630,0.72794,0.44444,0.71396,0.48600,1.35127,2.90279,0.58696,0.51515,0.00000
426,0.2267,41975808,52955,0.01741,1.43e-04,0.5773,185.3433,0.00000,0.24300,0.00000,10.00000,765.33862,0.00000,0.77083,0.00000,0.00000,0.76860,0.00000,0.00000,0.00000,0.00000,0.00000,1.98566,2.35000,0.91250,0.93103,0.70000,2474.28678,-0.03305,-0.24265,0.21374,-0.03668,0.40753,0.76515,-0.07367,0.20705,-0.03789,-0.06944,0.06417,0.27894,0.34184,2.71732,1.71833,0.68750,0.68468,0.33333,0.70920,0.48600,1.36502,3.49935,0.46250,0.41509,0.00000
427,0.2273,42074112,52429,0.01257,1.56e-04,0.5773,176.5902,0.00000,0.24300,0.00000,10.00000,908.92073,0.00000,0.73848,0.00000,0.00000,0.77038,0.00000,0.00000,0.00000,0.00000,0.00000,2.01133,2.63778,0.92683,0.90476,1.00000,2480.77507,-0.03302,-0.24313,0.21571,-0.03717,0.40860,0.76718,-0.07382,0.20892,-0.03846,-0.06922,0.06446,0.28139,0.34162,3.01474,2.54000,0.79878,0.73394,0.40000,0.70810,0.48600,1.36953,3.75687,0.67073,0.50000,0.00000
428,0.2278,42172416,53463,0.01140,1.76e-04,0.5772,180.9746,0.00000,0.24300,0.00000,10.00000,814.12375,0.00000,0.74423,0.00000,0.00000,0.77317,0.00000,0.00000,0.00000,0.00000,0.00000,2.01051,2.70511,0.94340,0.93671,0.88889,2484.03516,-0.03305,-0.24352,0.21585,-0.03589,0.41010,0.76978,-0.07411,0.20864,-0.04016,-0.06923,0.06453,0.28070,0.34228,3.03785,2.61555,0.73113,0.69718,0.38095,0.71141,0.48600,1.36482,3.85543,0.51887,0.39683,0.00000
429,0.2283,42270720,53589,0.01355,1.89e-04,0.5773,192.7399,0.00000,0.24300,0.00000,10.00000,838.18896,0.00000,0.76968,0.00000,0.00000,0.77302,0.00000,0.00000,0.00000,0.00000,0.00000,2.00238,2.64084,0.94792,0.93750,0.85714,2484.37614,-0.03309,-0.24353,0.21473,-0.03654,0.41014,0.76958,-0.07379,0.20787,-0.04229,-0.06964,0.06415,0.27936,0.34263,2.89692,1.85333,0.72917,0.69173,0.40000,0.71315,0.48600,1.35002,3.29217,0.51042,0.46377,0.00000
430,0.2288,42369024,53659,0.01425,2.13e-04,0.5773,194.7379,0.00000,0.24300,0.00000,10.00000,777.57455,0.00000,0.78307,0.00000,0.00000,0.77224,0.00000,0.00000,0.00000,0.00000,0.00000,1.98648,2.50353,0.96190,0.94667,1.00000,2493.08854,-0.03304,-0.24427,0.21295,-0.03662,0.40971,0.76898,-0.07320,0.20644,-0.04106,-0.06947,0.06365,0.27739,0.34242,2.76598,1.32714,0.70476,0.66892,0.45455,0.71211,0.48600,1.34443,3.29714,0.44762,0.38356,0.00000
431,0.2293,42467328,53772,0.01538,1.60e-04,0.5773,193.6224,0.00000,0.24300,0.00000,10.00000,851.30047,0.00000,0.74444,0.00000,0.00000,0.77245,0.00000,0.00000,0.00000,0.00000,0.00000,1.97579,2.47424,0.93000,0.94366,0.57143,2460.43750,-0.03306,-0.24122,0.21236,-0.03641,0.41047,0.76925,-0.07357,0.20639,-0.04407,-0.06944,0.06394,0.27716,0.34234,2.73824,2.03714,0.73500,0.73881,0.23529,0.71172,0.48600,1.34876,3.20829,0.54000,0.50794,0.00000
432,0.2299,42565632,53392,0.01100,2.15e-04,0.5772,176.6462,0.00000,0.24300,0.00000,10.00000,811.08057,0.00000,0.82755,0.00000,0.00000,0.76858,0.00000,0.00000,0.00000,0.00000,0.00000,1.96402,2.58530,0.88542,0.87179,1.00000,2459.17122,-0.03311,-0.24092,0.21132,-0.03646,0.40975,0.76507,-0.07319,0.20507,-0.04223,-0.06981,0.06383,0.27551,0.34233,2.82666,1.83667,0.71875,0.69231,0.46154,0.71167,0.48600,1.34424,3.32750,0.55208,0.47692,0.00000
433,0.2304,42663936,52281,0.01356,2.48e-04,0.5771,182.1345,0.00000,0.24300,0.00000,10.00000,852.68981,0.00000,0.70370,0.00000,0.00000,0.76697,0.00000,0.00000,0.00000,0.00000,0.00000,1.95711,2.53797,0.93333,0.92754,0.83333,2460.96989,-0.03308,-0.24117,0.21230,-0.03654,0.40985,0.76355,-0.07352,0.20658,-0.04160,-0.06946,0.06418,0.27732,0.34299,2.76524,2.15571,0.73333,0.71429,0.37037,0.71494,0.48600,1.36621,3.14723,0.53333,0.48438,0.00000
434,0.2309,42762240,53793,0.01773,1.44e-04,0.5770,184.2413,0.00000,0.24300,0.00000,10.00000,794.15911,0.00000,0.78853,0.00000,0.00000,0.77056,0.00000,0.00000,0.00000,0.00000,0.00000,1.96323,2.42205,0.97849,0.97143,1.00000,2487.36556,-0.03308,-0.24353,0.21348,-0.03673,0.41216,0.76704,-0.07362,0.20797,-0.04036,-0.06940,0.06337,0.27831,0.34346,2.61893,1.86000,0.72043,0.68182,0.47368,0.71728,0.48600,1.37824,3.07059,0.46237,0.35484,0.00000
435,0.2314,42860544,54272,0.01462,1.24e-04,0.5770,175.1859,0.00000,0.24300,0.00000,10.00000,788.49993,0.00000,0.83088,0.00000,0.00000,0.77331,0.00000,0.00000,0.00000,0.00000,0.00000,1.97158,2.48348,0.91150,0.89888,0.87500,2477.59701,-0.03311,-0.24278,0.21362,-0.03598,0.41468,0.76953,-0.07325,0.20895,-0.03965,-0.06930,0.06392,0.27939,0.34490,2.69555,2.05555,0.72566,0.69822,0.41176,0.72451,0.48600,1.38887,3.07077,0.53982,0.47500,0.00000
436,0.2319,42958848,52690,0.01244,1.44e-04,0.5769,185.8118,0.00000,0.24300,0.00000,10.00000,840.42448,0.00000,0.82359,0.00000,0.00000,0.77732,0.00000,0.00000,0.00000,0.00000,0.00000,1.97200,2.31326,0.92982,0.92135,1.00000,2473.16455,-0.03305,-0.24238,0.21322,-0.03748,0.41587,0.77372,-0.07374,0.21059,-0.03704,-0.06938,0.06427,0.28011,0.34497,2.69087,2.55250,0.77193,0.75740,0.43750,0.72485,0.48600,1.39706,3.35518,0.61404,0.57500,0.00000
437,0.2325,43057152,52563,0.01089,2.07e-04,0.5769,197.7190,0.00000,0.24300,0.00000,10.00000,857.25877,0.00000,0.75964,0.00000,0.00000,0.77563,0.00000,0.00000,0.00000,0.00000,0.00000,1.95713,2.61342,0.94898,0.94366,0.85714,2453.39535,-0.03307,-0.24037,0.21088,-0.03606,0.41422,0.77205,-0.07394,0.20765,-0.04094,-0.06927,0.06392,0.27642,0.34426,2.82444,2.71250,0.76531,0.74627,0.35294,0.72128,0.48600,1.37625,3.21561,0.58163,0.52381,0.00000
438,0.2330,43155456,53259,0.01393,2.27e-04,0.5769,172.5647,0.00000,0.24300,0.00000,10.00000,872.34320,0.00000,0.83614,0.00000,0.00000,0.76708,0.00000,0.00000,0.00000,0.00000,0.00000,1.96478,2.33350,0.95960,0.94872,1.00000,2467.68945,-0.03300,-0.24189,0.21299,-0.03646,0.40936,0.76364,-0.07369,0.20862,-0.04066,-0.06927,0.06417,0.27868,0.34259,2.62635,1.89333,0.73737,0.69799,0.42857,0.71297,0.48600,1.37256,3.10449,0.51515,0.42254,0.00000
439,0.2335,43253760,53014,0.01703,1.92e-04,0.5769,174.8022,0.00000,0.24300,0.00000,10.00000,843.70588,0.00000,0.71895,0.00000,0.00000,0.76651,0.00000,0.00000,0.00000,0.00000,0.00000,1.96327,2.57290,0.91765,0.94643,0.62500,2471.02116,-0.03312,-0.24207,0.21233,-0.03585,0.40852,0.76304,-0.07346,0.20680,-0.04087,-0.06932,0.06390,0.27687,0.34192,2.87981,1.82800,0.72353,0.74545,0.26316,0.70960,0.48600,1.35591,3.32232,0.52941,0.53704,0.00000
440,0.2340,43352064,53412,0.01261,1.92e-04,0.5770,189.7049,0.00000,0.24300,0.00000,10.00000,817.44299,0.00000,0.76241,0.00000,0.00000,0.76669,0.00000,0.00000,0.00000,0.00000,0.00000,1.99530,2.37054,0.94681,0.95312,0.81818,2493.77458,-0.03292,-0.24449,0.21547,-0.03653,0.40887,0.76313,-0.07399,0.21017,-0.03826,-0.06961,0.06458,0.28064,0.34184,2.77951,1.81375,0.73404,0.72093,0.39130,0.70920,0.48600,1.37366,3.41000,0.52128,0.49231,0.00000
441,0.2346,43450368,53213,0.01374,2.27e-04,0.5769,184.9951,0.00000,0.24300,0.00000,10.00000,844.81664,0.00000,0.73856,0.00000,0.00000,0.77236,0.00000,0.00000,0.00000,0.00000,0.00000,1.99292,2.47441,0.97647,0.96610,1.00000,2514.58854,-0.03295,-0.24626,0.21486,-0.03644,0.41249,0.76885,-0.07372,0.20977,-0.04165,-0.06989,0.06459,0.28068,0.34325,2.79113,2.45000,0.76471,0.76991,0.47826,0.71625,0.48600,1.37305,3.35789,0.55294,0.55556,0.00000
442,0.2351,43548672,53305,0.01565,1.65e-04,0.5768,181.8275,0.00000,0.24300,0.00000,10.00000,860.26409,0.00000,0.78976,0.00000,0.00000,0.77621,0.00000,0.00000,0.00000,0.00000,0.00000,2.00993,2.29392,0.91176,0.89610,0.66667,2488.77051,-0.03307,-0.24415,0.21648,-0.03766,0.41447,0.77272,-0.07509,0.21181,-0.03907,-0.06940,0.06508,0.28333,0.34448,2.68661,1.02500,0.74510,0.69655,0.22222,0.72240,0.48600,1.38824,3.37600,0.57843,0.47059,0.00000
443,0.2356,43646976,52652,0.01221,1.71e-04,0.5768,178.8376,0.00000,0.24300,0.00000,10.00000,792.18966,0.00000,0.71925,0.00000,0.00000,0.77611,0.00000,0.00000,0.00000,0.00000,0.00000,2.01333,2.63622,0.92857,0.90541,0.94118,2484.73063,-0.03300,-0.24335,0.21653,-0.03663,0.41622,0.77268,-0.07397,0.21168,-0.04070,-0.06962,0.06570,0.28245,0.34505,2.81453,2.22400,0.71429,0.68966,0.45714,0.72527,0.48600,1.37505,3.14204,0.50000,0.46479,0.00000
444,0.2361,43745280,53329,0.01500,1.98e-04,0.5768,176.8705,0.00000,0.24300,0.00000,10.00000,855.35223,0.00000,0.76464,0.00000,0.00000,0.77620,0.00000,0.00000,0.00000,0.00000,0.00000,2.03204,2.41648,0.95699,0.94203,1.00000,2451.92188,-0.03292,-0.24032,0.21684,-0.03592,0.41647,0.77278,-0.07378,0.21219,-0.03812,-0.06927,0.06601,0.28328,0.34488,2.61035,1.60600,0.76344,0.73438,0.43750,0.72440,0.48600,1.37288,2.96900,0.56989,0.49153,0.00000
445,0.2366,43843584,53953,0.01332,1.87e-04,0.5768,189.0451,0.00000,0.24300,0.00000,10.00000,830.93645,0.00000,0.79861,0.00000,0.00000,0.77420,0.00000,0.00000,0.00000,0.00000,0.00000,2.01406,2.52500,0.95536,0.93827,1.00000,2442.61410,-0.03289,-0.23952,0.21546,-0.03638,0.41618,0.77096,-0.07315,0.21050,-0.03913,-0.06945,0.06563,0.28165,0.34542,2.81694,1.68000,0.75000,0.72050,0.47368,0.72708,0.48600,1.36059,3.27571,0.54464,0.50000,0.00000
446,0.2372,43941888,53375,0.01605,1.69e-04,0.5768,184.5168,0.00000,0.24300,0.00000,10.00000,867.38590,0.00000,0.79365,0.00000,0.00000,0.77219,0.00000,0.00000,0.00000,0.00000,0.00000,2.02387,2.20540,0.97802,0.98529,0.83333,2430.87305,-0.03304,-0.23831,0.21531,-0.03612,0.41354,0.76892,-0.07370,0.20980,-0.03939,-0.06916,0.06564,0.28068,0.34441,2.61292,1.53143,0.75824,0.73846,0.38462,0.72203,0.48600,1.35643,3.38615,0.53846,0.46774,0.00000
447,0.2377,44040192,50798,0.01191,1.92e-04,0.5768,160.9677,0.00000,0.24300,0.00000,10.00000,788.71523,0.00000,0.87500,0.00000,0.00000,0.76973,0.00000,0.00000,0.00000,0.00000,0.00000,2.03794,2.29826,0.95000,0.95238,0.85714,2433.29980,-0.03310,-0.23844,0.21639,-0.03522,0.41188,0.76644,-0.07455,0.21030,-0.03878,-0.06926,0.06615,0.28165,0.34310,2.60707,1.41111,0.72500,0.74603,0.37500,0.71551,0.48600,1.35915,3.06042,0.50000,0.53968,0.00000
448,0.2382,44138496,51814,0.01350,1.92e-04,0.5767,175.4854,0.00000,0.24300,0.00000,10.00000,906.47402,0.00000,0.76873,0.00000,0.00000,0.76881,0.00000,0.00000,0.00000,0.00000,0.00000,2.04491,2.25739,0.94186,0.92537,1.00000,2472.57943,-0.03315,-0.24235,0.21859,-0.03596,0.41151,0.76549,-0.07542,0.21214,-0.04324,-0.06906,0.06679,0.28442,0.34342,2.52442,1.16000,0.77907,0.72269,0.50000,0.71709,0.48600,1.36552,3.05085,0.61628,0.46154,0.00000
449,0.2388,44236800,53559,0.01356,1.58e-04,0.5767,176.6454,0.00000,0.24300,0.00000,10.00000,849.99790,0.00000,0.77991,0.00000,0.00000,0.77418,0.00000,0.00000,0.00000,0.00000,0.00000,2.04182,2.06643,0.97115,0.96053,1.00000,2456.55990,-0.03315,-0.24069,0.21804,-0.03635,0.41545,0.77097,-0.07546,0.21190,-0.03777,-0.06924,0.06718,0.28436,0.34490,2.45739,1.62923,0.76923,0.74658,0.47619,0.72449,0.48600,1.37773,3.06555,0.56731,0.51429,0.00000
450,0.2393,44335104,53163,0.01399,1.76e-04,0.5766,183.4388,0.00000,0.24300,0.00000,10.00000,830.07492,0.00000,0.77778,0.00000,0.00000,0.77860,0.00000,0.00000,0.00000,0.00000,0.00000,2.06395,2.19893,0.94000,0.94444,0.71429,2453.93506,-0.03334,-0.24045,0.21765,-0.03683,0.41763,0.77530,-0.07650,0.21175,-0.04175,-0.06911,0.06688,0.28487,0.34575,2.68983,1.86571,0.75500,0.73571,0.31250,0.72874,0.48600,1.35651,3.50800,0.57000,0.51471,0.00000
451,0.2398,44433408,53060,0.01721,1.08e-04,0.5766,186.7886,0.00000,0.24300,0.00000,10.00000,867.56711,0.00000,0.71429,0.00000,0.00000,0.78330,0.00000,0.00000,0.00000,0.00000,0.00000,2.06742,2.22617,0.94286,0.91892,1.00000,2434.72624,-0.03325,-0.23858,0.21845,-0.03688,0.41935,0.78000,-0.07604,0.21260,-0.03946,-0.06928,0.06642,0.28568,0.34583,2.76372,1.64461,0.77619,0.76296,0.45833,0.72917,0.48600,1.36255,3.67083,0.60952,0.57377,0.00000
452,0.2403,44531712,52964,0.01316,1.17e-04,0.5766,191.0841,0.00000,0.24300,0.00000,10.00000,821.67876,0.00000,0.79208,0.00000,0.00000,0.78286,0.00000,0.00000,0.00000,0.00000,0.00000,2.06369,2.53610,0.93069,0.92000,0.87500,2402.11768,-0.03331,-0.23561,0.21950,-0.03698,0.41839,0.77941,-0.07566,0.21321,-0.03807,-0.06924,0.06681,0.28648,0.34528,2.61901,2.07000,0.72277,0.68056,0.41176,0.72640,0.48600,1.37578,2.79333,0.51485,0.42029,0.00000
453,0.2409,44630016,54071,0.01149,1.69e-04,0.5766,188.2498,0.00000,0.24300,0.00000,10.00000,875.61974,0.00000,0.75964,0.00000,0.00000,0.77651,0.00000,0.00000,0.00000,0.00000,0.00000,2.05695,2.57390,0.94898,0.93243,1.00000,2413.12142,-0.03320,-0.23649,0.21990,-0.03774,0.41538,0.77335,-0.07465,0.21303,-0.03792,-0.06929,0.06689,0.28546,0.34418,2.84358,1.81800,0.77551,0.76119,0.47059,0.72088,0.48600,1.36682,3.38292,0.60204,0.55000,0.00000
454,0.2414,44728320,54320,0.01414,1.43e-04,0.5767,186.0622,0.00000,0.24300,0.00000,10.00000,878.29609,0.00000,0.74444,0.00000,0.00000,0.77338,0.00000,0.00000,0.00000,0.00000,0.00000,2.04336,2.24075,0.97000,0.95775,1.00000,2417.75130,-0.03332,-0.23701,0.21800,-0.03760,0.41399,0.77036,-0.07532,0.21145,-0.03635,-0.06913,0.06698,0.28368,0.34396,2.69061,1.79200,0.79500,0.79104,0.47826,0.71980,0.48600,1.35945,3.41040,0.62000,0.60317,0.00000
455,0.2419,44826624,52339,0.01207,2.06e-04,0.5767,187.5699,0.00000,0.24300,0.00000,10.00000,834.04128,0.00000,0.82456,0.00000,0.00000,0.77406,0.00000,0.00000,0.00000,0.00000,0.00000,2.04192,2.41136,0.98947,0.98649,1.00000,2431.73812,-0.03332,-0.23834,0.21625,-0.03641,0.41433,0.77075,-0.07587,0.21024,-0.03818,-0.06902,0.06673,0.28218,0.34473,2.61252,1.66444,0.74737,0.74468,0.41176,0.72364,0.48600,1.35754,2.93840,0.50526,0.47761,0.00000
456,0.2424,44924928,52449,0.01394,2.53e-04,0.5768,188.8736,0.00000,0.24300,0.00000,10.00000,851.20641,0.00000,0.78401,0.00000,0.00000,0.77590,0.00000,0.00000,0.00000,0.00000,0.00000,2.02911,2.41841,0.94393,0.95000,0.90000,2408.52458,-0.03329,-0.23604,0.21368,-0.03601,0.41512,0.77262,-0.07606,0.20766,-0.03654,-0.06903,0.06629,0.27885,0.34413,2.72098,1.75167,0.78505,0.78808,0.42857,0.72065,0.48600,1.34302,3.20509,0.62617,0.60563,0.00000
457,0.2430,45023232,52730,0.01590,1.89e-04,0.5767,168.0200,0.00000,0.24300,0.00000,10.00000,834.46818,0.00000,0.80197,0.00000,0.00000,0.77632,0.00000,0.00000,0.00000,0.00000,0.00000,2.02244,2.57896,0.96774,0.95604,1.00000,2413.94857,-0.03318,-0.23664,0.21317,-0.03595,0.41646,0.77312,-0.07551,0.20740,-0.03858,-0.06914,0.06592,0.27836,0.34441,2.64905,2.38889,0.71371,0.67039,0.40000,0.72204,0.48600,1.32947,2.77846,0.45968,0.37500,0.00000
458,0.2435,45121536,51213,0.01752,1.33e-04,0.5768,189.4788,0.00000,0.24300,0.00000,10.00000,812.97867,0.00000,0.84894,0.00000,0.00000,0.77497,0.00000,0.00000,0.00000,0.00000,0.00000,2.01203,2.27813,0.96629,0.95775,1.00000,2408.69173,-0.03321,-0.23629,0.21427,-0.03586,0.41525,0.77170,-0.07535,0.20884,-0.03618,-0.06922,0.06630,0.27980,0.34410,2.51207,2.59000,0.73034,0.73529,0.46667,0.72050,0.48600,1.35908,2.94000,0.49438,0.49231,0.00000
459,0.2440,45219840,51700,0.01177,1.92e-04,0.5767,184.6001,0.00000,0.24300,0.00000,10.00000,879.74883,0.00000,0.80409,0.00000,0.00000,0.77234,0.00000,0.00000,0.00000,0.00000,0.00000,2.00985,2.19033,0.94737,0.93258,1.00000,2426.41016,-0.03331,-0.23789,0.21426,-0.03587,0.41223,0.76901,-0.07607,0.20880,-0.03856,-0.06913,0.06633,0.28006,0.34289,2.74559,1.84667,0.81140,0.77576,0.50000,0.71447,0.48600,1.36544,3.71731,0.67544,0.59211,0.00000
460,0.2446,45318144,49111,0.01375,2.07e-04,0.5766,176.5995,0.00000,0.24300,0.00000,10.00000,857.24419,0.00000,0.69820,0.00000,0.00000,0.77303,0.00000,0.00000,0.00000,0.00000,0.00000,2.00281,2.28536,1.00000,1.00000,1.00000,2415.64583,-0.03344,-0.23678,0.21434,-0.03513,0.41323,0.76973,-0.07637,0.20867,-0.03915,-0.06891,0.06658,0.28023,0.34391,2.62831,1.97600,0.76351,0.75269,0.40000,0.71955,0.48600,1.37845,3.21030,0.52703,0.48889,0.00000
461,0.2452,45416448,47156,0.01319,2.06e-04,0.5765,172.1112,0.00000,0.24300,0.00000,10.00000,875.33304,0.00000,0.77403,0.00000,0.00000,0.77173,0.00000,0.00000,0.00000,0.00000,0.00000,2.00354,2.18563,0.96629,0.95588,1.00000,2442.05990,-0.03357,-0.23941,0.21563,-0.03578,0.41184,0.76843,-0.07719,0.20901,-0.04023,-0.06891,0.06681,0.28121,0.34349,2.59737,2.44286,0.78090,0.76613,0.35714,0.71745,0.48600,1.38364,3.27721,0.59551,0.53571,0.00000
462,0.2458,45514752,47140,0.01564,1.72e-04,0.5765,168.7498,0.00000,0.24300,0.00000,10.00000,778.03888,0.00000,0.77778,0.00000,0.00000,0.77394,0.00000,0.00000,0.00000,0.00000,0.00000,2.00456,2.54714,0.98824,1.00000,0.90909,2434.65072,-0.03352,-0.23853,0.21612,-0.03566,0.41332,0.77066,-0.07787,0.20908,-0.03845,-0.06882,0.06711,0.28166,0.34354,2.90218,2.30154,0.71765,0.72269,0.40000,0.71771,0.48600,1.39157,3.52350,0.44706,0.45000,0.00000
463,0.2463,45613056,50031,0.01511,1.56e-04,0.5765,179.6601,0.00000,0.24300,0.00000,10.00000,846.17334,0.00000,0.82035,0.00000,0.00000,0.77440,0.00000,0.00000,0.00000,0.00000,0.00000,2.01062,2.36073,0.95327,0.93671,1.00000,2419.42253,-0.03353,-0.23711,0.21686,-0.03533,0.41378,0.77138,-0.07754,0.20905,-0.03772,-0.06891,0.06765,0.28224,0.34394,2.85200,1.90571,0.76168,0.72785,0.45455,0.71970,0.48600,1.39300,3.54655,0.57009,0.51899,0.00000
464,0.2469,45711360,51896,0.01282,2.06e-04,0.5765,169.5633,0.00000,0.24300,0.00000,10.00000,802.13135,0.00000,0.71925,0.00000,0.00000,0.77575,0.00000,0.00000,0.00000,0.00000,0.00000,2.00752,2.47682,0.91964,0.89333,0.93750,2415.47884,-0.03335,-0.23674,0.21782,-0.03508,0.41650,0.77257,-0.07689,0.21013,-0.03632,-0.06896,0.06774,0.28305,0.34544,2.71833,2.46933,0.69643,0.67586,0.42857,0.72720,0.48600,1.39913,3.20136,0.47321,0.44286,0.00000
465,0.2474,45809664,51613,0.01415,2.06e-04,0.5765,194.9398,0.00000,0.24300,0.00000,10.00000,848.35767,0.00000,0.80308,0.00000,0.00000,0.77842,0.00000,0.00000,0.00000,0.00000,0.00000,2.01810,2.31950,0.98020,0.98630,1.00000,2408.82275,-0.03339,-0.23605,0.21906,-0.03698,0.41931,0.77522,-0.07728,0.21172,-0.03573,-0.06865,0.06820,0.28545,0.34603,2.69039,1.82400,0.75743,0.73973,0.43750,0.73015,0.48600,1.41204,3.29592,0.53465,0.49315,0.00000
466,0.2479,45907968,52046,0.01475,1.87e-04,0.5765,171.7452,0.00000,0.24300,0.00000,10.00000,902.62624,0.00000,0.81958,0.00000,0.00000,0.77939,0.00000,0.00000,0.00000,0.00000,0.00000,2.01680,2.22167,0.99010,1.00000,0.83333,2380.43913,-0.03340,-0.23323,0.21797,-0.03597,0.42092,0.77598,-0.07728,0.21084,-0.03858,-0.06869,0.06781,0.28416,0.34633,2.61943,1.69143,0.79208,0.78523,0.38462,0.73167,0.48600,1.40376,3.21607,0.59406,0.54930,0.00000
467,0.2485,46006272,51415,0.01502,1.60e-04,0.5765,186.1351,0.00000,0.24300,0.00000,10.00000,825.89410,0.00000,0.79630,0.00000,0.00000,0.77364,0.00000,0.00000,0.00000,0.00000,0.00000,2.02644,2.52000,0.97778,0.97015,1.00000,2396.37484,-0.03339,-0.23490,0.22037,-0.03688,0.41753,0.77023,-0.07725,0.21363,-0.03832,-0.06851,0.06878,0.28744,0.34563,2.85876,2.12667,0.72778,0.70543,0.46667,0.72816,0.48600,1.41085,3.50154,0.47778,0.41935,0.00000
468,0.2490,46104576,50590,0.01288,1.72e-04,0.5765,174.1912,0.00000,0.24300,0.00000,10.00000,930.13069,0.00000,0.72016,0.00000,0.00000,0.77240,0.00000,0.00000,0.00000,0.00000,0.00000,2.04753,2.14625,0.98765,0.98214,1.00000,2415.97949,-0.03336,-0.23678,0.22137,-0.03657,0.41544,0.76899,-0.07734,0.21365,-0.03956,-0.06858,0.06911,0.28816,0.34454,2.77495,2.31400,0.85185,0.85714,0.50000,0.72270,0.48600,1.40124,3.71070,0.71605,0.71429,0.00000
469,0.2496,46202880,50620,0.01419,1.72e-04,0.5766,166.3877,0.00000,0.24300,0.00000,10.00000,845.22450,0.00000,0.79183,0.00000,0.00000,0.77470,0.00000,0.00000,0.00000,0.00000,0.00000,2.07137,2.50747,0.95402,0.94030,1.00000,2417.77311,-0.03338,-0.23713,0.22244,-0.03825,0.41637,0.77146,-0.07793,0.21406,-0.03674,-0.06870,0.06912,0.28978,0.34431,2.90393,2.07200,0.77011,0.74194,0.50000,0.72155,0.48600,1.39462,3.61190,0.58621,0.50877,0.00000
470,0.2501,46301184,49096,0.01748,1.30e-04,0.5766,168.7001,0.00000,0.24300,0.00000,10.00000,874.50240,0.00000,0.73157,0.00000,0.00000,0.77980,0.00000,0.00000,0.00000,0.00000,0.00000,2.06816,2.39701,0.98020,0.96774,1.00000,2423.81494,-0.03323,-0.23767,0.22231,-0.03677,0.41970,0.77624,-0.07740,0.21394,-0.03704,-0.06897,0.06860,0.28848,0.34599,2.87241,1.26857,0.76238,0.70677,0.41667,0.72996,0.48600,1.39198,3.52245,0.54455,0.47887,0.00000
471,0.2507,46399488,49970,0.01081,1.87e-04,0.5765,171.1556,0.00000,0.24300,0.00000,10.00000,843.30062,0.00000,0.77098,0.00000,0.00000,0.78137,0.00000,0.00000,0.00000,0.00000,0.00000,2.07706,2.48987,0.93878,0.93333,0.90000,2425.46387,-0.03316,-0.23769,0.22202,-0.03666,0.41925,0.77805,-0.07667,0.21421,-0.03658,-0.06908,0.06911,0.28904,0.34567,2.70382,1.76933,0.77041,0.75735,0.45000,0.72836,0.48600,1.39647,3.05040,0.60204,0.54098,0.00000
472,0.2512,46497792,50708,0.01292,2.27e-04,0.5765,180.4239,0.00000,0.24300,0.00000,10.00000,851.15854,0.00000,0.74414,0.00000,0.00000,0.78281,0.00000,0.00000,0.00000,0.00000,0.00000,2.06841,2.12809,0.96330,0.96154,0.91667,2390.12793,-0.03302,-0.23432,0.22083,-0.03707,0.42168,0.77956,-0.07605,0.21315,-0.03273,-0.06901,0.06863,0.28714,0.34567,2.29403,2.04000,0.76147,0.75342,0.44000,0.72836,0.48600,1.39871,2.62222,0.55963,0.51471,0.00000
473,0.2518,46596096,51478,0.01543,2.06e-04,0.5765,175.0617,0.00000,0.24300,0.00000,10.00000,879.57175,0.00000,0.77670,0.00000,0.00000,0.77899,0.00000,0.00000,0.00000,0.00000,0.00000,2.06656,2.32723,0.94175,0.92105,1.00000,2390.84652,-0.03313,-0.23448,0.22256,-0.03712,0.42037,0.77554,-0.07593,0.21488,-0.03554,-0.06912,0.06909,0.28960,0.34570,2.64105,2.33273,0.77184,0.75694,0.47059,0.72850,0.48600,1.40509,3.16200,0.60194,0.57353,0.00000
474,0.2523,46694400,51962,0.01316,2.70e-04,0.5765,183.3388,0.00000,0.24300,0.00000,10.00000,853.57797,0.00000,0.77664,0.00000,0.00000,0.77622,0.00000,0.00000,0.00000,0.00000,0.00000,2.04169,2.18849,0.90816,0.88406,0.83333,2384.44141,-0.03306,-0.23380,0.22067,-0.03636,0.41824,0.77282,-0.07546,0.21333,-0.03707,-0.06905,0.06855,0.28717,0.34536,2.64252,2.63000,0.76020,0.73723,0.31250,0.72680,0.48600,1.39666,3.36304,0.61224,0.58824,0.00000
475,0.2528,46792704,51354,0.01470,2.53e-04,0.5765,189.6012,0.00000,0.24300,0.00000,10.00000,871.88471,0.00000,0.74635,0.00000,0.00000,0.77608,0.00000,0.00000,0.00000,0.00000,0.00000,2.05832,2.46773,0.97980,0.97015,1.00000,2417.71061,-0.03301,-0.23685,0.22061,-0.03585,0.41865,0.77252,-0.07517,0.21291,-0.03858,-0.06907,0.06905,0.28667,0.34559,2.67210,1.56000,0.79293,0.78947,0.42105,0.72795,0.48600,1.38419,2.98490,0.60606,0.60606,0.00000
476,0.2534,46891008,51192,0.01336,2.53e-04,0.5765,188.5825,0.00000,0.24300,0.00000,10.00000,840.26758,0.00000,0.82176,0.00000,0.00000,0.77819,0.00000,0.00000,0.00000,0.00000,0.00000,2.05541,2.28511,0.97917,0.97403,1.00000,2427.41569,-0.03300,-0.23781,0.22044,-0.03560,0.41905,0.77473,-0.07601,0.21332,-0.03729,-0.06891,0.06944,0.28643,0.34586,2.56434,2.23833,0.76562,0.74648,0.50000,0.72932,0.48600,1.39706,3.12279,0.55208,0.47692,0.00000
477,0.2539,46989312,50698,0.01424,2.93e-04,0.5765,180.0771,0.00000,0.24300,0.00000,10.00000,822.90743,0.00000,0.78616,0.00000,0.00000,0.78404,0.00000,0.00000,0.00000,0.00000,0.00000,2.05935,2.26024,0.98113,0.97403,1.00000,2416.04557,-0.03296,-0.23702,0.22209,-0.03699,0.42131,0.78057,-0.07673,0.21532,-0.03411,-0.06937,0.06958,0.28904,0.34638,2.73294,1.93000,0.77830,0.78667,0.40909,0.73191,0.48600,1.42069,3.49654,0.57547,0.58904,0.00000
478,0.2545,47087616,50687,0.02760,1.33e-04,0.5764,171.1807,0.00000,0.24300,0.00000,10.00000,877.90127,0.00000,0.77865,0.00000,0.00000,0.78758,0.00000,0.00000,0.00000,0.00000,0.00000,2.04783,2.34763,0.95276,0.94949,0.90909,2378.02083,-0.03317,-0.23320,0.22174,-0.03693,0.42369,0.78414,-0.07649,0.21532,-0.03796,-0.06887,0.06913,0.28871,0.34709,2.50194,1.92000,0.74409,0.71348,0.45455,0.73543,0.48600,1.41972,2.81054,0.53543,0.41772,0.00000
479,0.2550,47185920,50915,0.01337,1.33e-04,0.5765,171.9264,0.00000,0.24300,0.00000,10.00000,792.69658,0.00000,0.89147,0.00000,0.00000,0.78398,0.00000,0.00000,0.00000,0.00000,0.00000,2.05257,2.34800,0.95349,0.94521,1.00000,2368.85010,-0.03303,-0.23246,0.22293,-0.03607,0.42291,0.78037,-0.07635,0.21533,-0.03554,-0.06880,0.06958,0.28883,0.34704,2.53156,0.90500,0.72093,0.69565,0.28571,0.73522,0.48600,1.42766,2.93647,0.48837,0.41538,0.00000
480,0.2556,47284224,51300,0.01432,1.53e-04,0.5764,189.1833,0.00000,0.24300,0.00000,10.00000,884.47025,0.00000,0.81197,0.00000,0.00000,0.78245,0.00000,0.00000,0.00000,0.00000,0.00000,2.05552,2.27643,0.97115,0.96386,1.00000,2363.73161,-0.03299,-0.23171,0.22370,-0.03554,0.42253,0.77890,-0.07616,0.21653,-0.03630,-0.06896,0.07041,0.28991,0.34685,2.62902,1.37333,0.77404,0.73026,0.37500,0.73425,0.48600,1.43634,3.23347,0.57692,0.44928,0.00000
481,0.2561,47382528,50286,0.01157,2.02e-04,0.5765,186.0761,0.00000,0.24300,0.00000,10.00000,797.44416,0.00000,0.76211,0.00000,0.00000,0.78050,0.00000,0.00000,0.00000,0.00000,0.00000,2.05300,2.36174,0.97436,0.96610,1.00000,2402.10010,-0.03294,-0.23562,0.22554,-0.03723,0.42118,0.77689,-0.07666,0.21906,-0.03626,-0.06884,0.07086,0.29278,0.34632,2.93600,2.27538,0.75641,0.77570,0.45833,0.73158,0.48600,1.45751,4.03667,0.53846,0.54167,0.00000
482,0.2566,47480832,52768,0.01235,2.30e-04,0.5764,170.1827,0.00000,0.24300,0.00000,10.00000,860.56830,0.00000,0.83058,0.00000,0.00000,0.78490,0.00000,0.00000,0.00000,0.00000,0.00000,2.07501,2.15864,1.00000,1.00000,1.00000,2399.09342,-0.03291,-0.23529,0.22749,-0.03702,0.42341,0.78118,-0.07637,0.22125,-0.03434,-0.06898,0.07152,0.29614,0.34740,2.51443,1.85400,0.78713,0.80132,0.42105,0.73700,0.48600,1.48080,3.11654,0.57426,0.57746,0.00000
483,0.2571,47579136,54293,0.01379,2.06e-04,0.5764,195.2847,0.00000,0.24300,0.00000,10.00000,868.72396,0.00000,0.70106,0.00000,0.00000,0.79228,0.00000,0.00000,0.00000,0.00000,0.00000,2.08454,2.29731,0.98810,0.98276,1.00000,2418.01302,-0.03302,-0.23714,0.22772,-0.03706,0.42763,0.78866,-0.07711,0.22234,-0.03678,-0.06936,0.07201,0.29699,0.34856,2.72699,2.08000,0.78571,0.77358,0.45455,0.74281,0.48600,1.48631,3.52666,0.58333,0.52083,0.00000
484,0.2577,47677440,53460,0.01356,2.11e-04,0.5764,170.9151,0.00000,0.24300,0.00000,10.00000,884.04134,0.00000,0.75512,0.00000,0.00000,0.79494,0.00000,0.00000,0.00000,0.00000,0.00000,2.11495,2.20141,0.97087,0.96053,1.00000,2396.31950,-0.03291,-0.23479,0.23071,-0.03796,0.43025,0.79135,-0.07636,0.22486,-0.03541,-0.06955,0.07246,0.30003,0.34906,2.66552,1.58000,0.80097,0.78571,0.47368,0.74528,0.48600,1.48735,3.47061,0.63107,0.57812,0.00000
485,0.2582,47775744,52733,0.01466,2.27e-04,0.5764,172.3236,0.00000,0.24300,0.00000,10.00000,889.05796,0.00000,0.69312,0.00000,0.00000,0.79671,0.00000,0.00000,0.00000,0.00000,0.00000,2.11578,2.23122,0.98095,0.97101,1.00000,2353.29248,-0.03277,-0.23074,0.23084,-0.03735,0.43213,0.79312,-0.07613,0.22554,-0.03403,-0.06916,0.07315,0.30051,0.34997,2.64472,1.79867,0.78095,0.77863,0.46667,0.74987,0.48600,1.48465,3.39822,0.58095,0.56452,0.00000
486,0.2587,47874048,54121,0.01689,1.60e-04,0.5765,182.9467,0.00000,0.24300,0.00000,10.00000,834.73749,0.00000,0.78663,0.00000,0.00000,0.79621,0.00000,0.00000,0.00000,0.00000,0.00000,2.09679,2.44477,0.99115,0.98750,1.00000,2344.39290,-0.03288,-0.22984,0.23009,-0.03673,0.43156,0.79255,-0.07663,0.22466,-0.03275,-0.06926,0.07332,0.29896,0.34938,2.71741,2.64182,0.77434,0.75000,0.47368,0.74688,0.48600,1.50334,3.18784,0.55752,0.51250,0.00000
487,0.2592,47972352,54726,0.01473,1.20e-04,0.5765,182.1656,0.00000,0.24300,0.00000,10.00000,947.02403,0.00000,0.69444,0.00000,0.00000,0.79284,0.00000,0.00000,0.00000,0.00000,0.00000,2.08444,2.04617,0.96739,0.95238,1.00000,2341.74984,-0.03291,-0.22970,0.22975,-0.03616,0.43090,0.78923,-0.07659,0.22415,-0.03430,-0.06919,0.07291,0.29792,0.34945,2.71982,1.76500,0.82065,0.80000,0.46154,0.74724,0.48600,1.50347,3.76091,0.67391,0.61538,0.00000
488,0.2597,48070656,53480,0.01304,1.41e-04,0.5765,186.4460,0.00000,0.24300,0.00000,10.00000,870.51261,0.00000,0.77652,0.00000,0.00000,0.78866,0.00000,0.00000,0.00000,0.00000,0.00000,2.08959,2.51465,0.97727,0.96875,1.00000,2381.58024,-0.03300,-0.23363,0.23054,-0.03736,0.42743,0.78493,-0.07740,0.22544,-0.03313,-0.06916,0.07291,0.29963,0.34879,2.95373,2.31000,0.82386,0.82114,0.46667,0.74397,0.48600,1.50841,3.61702,0.67045,0.66102,0.00000
489,0.2603,48168960,52940,0.01246,2.02e-04,0.5764,166.2469,0.00000,0.24300,0.00000,10.00000,878.47261,0.00000,0.81619,0.00000,0.00000,0.79019,0.00000,0.00000,0.00000,0.00000,0.00000,2.10607,2.30030,0.96296,0.98387,0.80000,2384.81462,-0.03317,-0.23385,0.23141,-0.03645,0.42705,0.78650,-0.07809,0.22599,-0.03506,-0.06873,0.07395,0.30111,0.34873,2.63596,2.71000,0.81481,0.82353,0.36364,0.74366,0.48600,1.51665,3.15116,0.66667,0.64912,0.00000
490,0.2608,48267264,53037,0.01419,2.07e-04,0.5764,167.8574,0.00000,0.24300,0.00000,10.00000,875.44024,0.00000,0.75601,0.00000,0.00000,0.79184,0.00000,0.00000,0.00000,0.00000,0.00000,2.11456,2.36025,0.95876,0.94521,1.00000,2389.84847,-0.03308,-0.23450,0.23177,-0.03683,0.42839,0.78833,-0.07839,0.22543,-0.03661,-0.06885,0.07439,0.30131,0.34934,2.86571,1.94909,0.80412,0.79545,0.42105,0.74669,0.48600,1.50442,3.74478,0.64948,0.61017,0.00000
491,0.2613,48365568,52417,0.01561,1.44e-04,0.5763,179.8753,0.00000,0.24300,0.00000,10.00000,896.36870,0.00000,0.81243,0.00000,0.00000,0.79767,0.00000,0.00000,0.00000,0.00000,0.00000,2.11696,2.49631,0.97849,0.98611,0.80000,2360.99349,-0.03309,-0.23175,0.23193,-0.03706,0.43210,0.79398,-0.07840,0.22660,-0.03252,-0.06895,0.07389,0.30192,0.35005,2.69756,1.94286,0.79570,0.76471,0.40000,0.75024,0.48600,1.51430,3.02298,0.61290,0.51562,0.00000
492,0.2618,48463872,52462,0.01195,2.07e-04,0.5764,169.6514,0.00000,0.24300,0.00000,10.00000,852.21481,0.00000,0.79365,0.00000,0.00000,0.79497,0.00000,0.00000,0.00000,0.00000,0.00000,2.12142,2.34000,0.98095,0.98718,0.88889,2358.86849,-0.03300,-0.23162,0.23219,-0.03765,0.43116,0.79103,-0.07743,0.22713,-0.03593,-0.06909,0.07365,0.30260,0.34954,2.91507,2.45333,0.80952,0.82667,0.38095,0.74770,0.48600,1.50490,3.73933,0.63810,0.65278,0.00000
493,0.2624,48562176,53081,0.01621,1.49e-04,0.5764,173.9177,0.00000,0.24300,0.00000,10.00000,942.06687,0.00000,0.70556,0.00000,0.00000,0.79130,0.00000,0.00000,0.00000,0.00000,0.00000,2.09673,2.03895,0.99000,0.98551,1.00000,2335.78109,-0.03278,-0.22905,0.23012,-0.03613,0.43150,0.78753,-0.07635,0.22480,-0.03335,-0.06887,0.07334,0.29898,0.34993,2.34756,1.57636,0.80000,0.77953,0.38889,0.74963,0.48600,1.49841,2.89302,0.61000,0.53448,0.00000
494,0.2629,48660480,52068,0.01334,1.49e-04,0.5763,175.3721,0.00000,0.24300,0.00000,10.00000,902.10226,0.00000,0.77877,0.00000,0.00000,0.78867,0.00000,0.00000,0.00000,0.00000,0.00000,2.09429,2.18612,0.99107,1.00000,0.88889,2348.58398,-0.03279,-0.23039,0.23000,-0.03578,0.43039,0.78482,-0.07624,0.22445,-0.03410,-0.06952,0.07321,0.29829,0.34906,2.44884,1.76909,0.80804,0.79618,0.44444,0.74532,0.48600,1.49031,2.97428,0.62500,0.52941,0.00000
495,0.2634,48758784,53138,0.01868,1.11e-04,0.5763,190.8960,0.00000,0.24300,0.00000,10.00000,859.67655,0.00000,0.73068,0.00000,0.00000,0.78824,0.00000,0.00000,0.00000,0.00000,0.00000,2.09393,2.49200,0.97826,0.96429,1.00000,2336.10645,-0.03285,-0.22910,0.22908,-0.03545,0.42953,0.78461,-0.07668,0.22310,-0.03310,-0.06917,0.07390,0.29740,0.34911,2.76672,1.66500,0.75543,0.72727,0.45000,0.74555,0.48600,1.48369,3.13875,0.53261,0.52308,0.00000
496,0.2639,48857088,52487,0.01216,1.20e-04,0.5763,176.1474,0.00000,0.24300,0.00000,10.00000,904.45552,0.00000,0.72057,0.00000,0.00000,0.79131,0.00000,0.00000,0.00000,0.00000,0.00000,2.09764,2.09291,0.97030,0.97143,0.90909,2357.45980,-0.03288,-0.23120,0.23130,-0.03703,0.43122,0.78746,-0.07714,0.22607,-0.03762,-0.06917,0.07400,0.30066,0.34922,2.59140,1.73692,0.80198,0.79389,0.45455,0.74611,0.48600,1.50182,3.39510,0.63366,0.59016,0.00000
497,0.2645,48955392,52616,0.01325,1.44e-04,0.5762,160.4184,0.00000,0.24300,0.00000,10.00000,912.92693,0.00000,0.76880,0.00000,0.00000,0.79320,0.00000,0.00000,0.00000,0.00000,0.00000,2.10242,2.38641,0.97980,0.97222,1.00000,2346.56478,-0.03292,-0.23011,0.23031,-0.03682,0.43200,0.78901,-0.07663,0.22579,-0.03397,-0.06914,0.07369,0.30045,0.34905,2.78205,1.82333,0.81818,0.80292,0.40000,0.74524,0.48600,1.50744,3.41183,0.65657,0.61538,0.00000
498,0.2650,49053696,53851,0.01267,1.92e-04,0.5762,195.1788,0.00000,0.24300,0.00000,10.00000,865.64147,0.00000,0.80581,0.00000,0.00000,0.79213,0.00000,0.00000,0.00000,0.00000,0.00000,2.09272,2.24483,0.97297,0.96341,1.00000,2322.63346,-0.03299,-0.22800,0.22860,-0.03732,0.43090,0.78843,-0.07711,0.22381,-0.03306,-0.06891,0.07310,0.29802,0.34925,2.75025,2.09091,0.80180,0.80124,0.47619,0.74626,0.48600,1.49195,3.45784,0.63063,0.63291,0.00000
499,0.2655,49152000,52859,0.01441,1.56e-04,0.5761,186.0718,0.00000,0.24300,0.00000,10.00000,942.54755,0.00000,0.72797,0.00000,0.00000,0.79215,0.00000,0.00000,0.00000,0.00000,0.00000,2.08174,2.08822,0.95690,0.93976,1.00000,2329.84635,-0.03300,-0.22841,0.22719,-0.03574,0.43142,0.78840,-0.07659,0.22249,-0.03782,-0.06914,0.07278,0.29596,0.34956,2.47276,1.96800,0.80172,0.78289,0.47368,0.74779,0.48600,1.47242,3.15137,0.64655,0.59420,0.00000
500,0.2661,49250304,52658,0.01282,2.07e-04,0.5761,170.1245,0.00000,0.24300,0.00000,10.00000,881.00369,0.00000,0.82397,0.00000,0.00000,0.79083,0.00000,0.00000,0.00000,0.00000,0.00000,2.09912,2.11351,0.98876,0.98551,1.00000,2334.35221,-0.03307,-0.22904,0.22913,-0.03669,0.43007,0.78695,-0.07666,0.22378,-0.03334,-0.06874,0.07243,0.29853,0.34905,2.47624,1.68000,0.78090,0.76515,0.45455,0.74526,0.48600,1.48231,3.10046,0.57303,0.52381,0.00000
501,0.2666,49348608,54268,0.01506,1.56e-04,0.5761,182.4214,0.00000,0.24300,0.00000,10.00000,902.38954,0.00000,0.78658,0.00000,0.00000,0.79135,0.00000,0.00000,0.00000,0.00000,0.00000,2.10158,2.42024,0.97030,0.96104,1.00000,2368.98714,-0.03301,-0.23203,0.22911,-0.03731,0.42958,0.78752,-0.07658,0.22404,-0.03711,-0.06928,0.07263,0.29892,0.34845,2.68294,1.74000,0.81683,0.78322,0.50000,0.74223,0.48600,1.46836,3.15695,0.66337,0.57576,0.00000
502,0.2671,49446912,54189,0.01299,1.65e-04,0.5761,172.3256,0.00000,0.24300,0.00000,10.00000,895.49729,0.00000,0.65926,0.00000,0.00000,0.79275,0.00000,0.00000,0.00000,0.00000,0.00000,2.12386,2.24633,0.98667,0.97959,1.00000,2360.69727,-0.03308,-0.23142,0.23132,-0.03697,0.42936,0.78883,-0.07692,0.22576,-0.03787,-0.06883,0.07360,0.30083,0.34828,2.62087,1.88769,0.78667,0.78652,0.45833,0.74140,0.48600,1.48257,3.32312,0.58667,0.55000,0.00000
503,0.2676,49545216,53346,0.01595,1.43e-04,0.5761,165.5944,0.00000,0.24300,0.00000,10.00000,865.45387,0.00000,0.75661,0.00000,0.00000,0.79322,0.00000,0.00000,0.00000,0.00000,0.00000,2.11073,2.22025,0.98095,0.97143,1.00000,2366.77604,-0.03307,-0.23212,0.23021,-0.03699,0.42901,0.78928,-0.07784,0.22512,-0.03431,-0.06912,0.07290,0.29927,0.34859,2.44537,1.82125,0.77619,0.76923,0.44000,0.74296,0.48600,1.49347,2.77889,0.57143,0.57534,0.00000
504,0.2681,49643520,53189,0.01411,1.44e-04,0.5760,182.1019,0.00000,0.24300,0.00000,10.00000,902.54052,0.00000,0.73260,0.00000,0.00000,0.79310,0.00000,0.00000,0.00000,0.00000,0.00000,2.09226,2.38576,0.96703,0.95000,1.00000,2398.92074,-0.03306,-0.23494,0.22917,-0.03646,0.42864,0.78922,-0.07783,0.22420,-0.03735,-0.06921,0.07287,0.29819,0.34907,2.77060,1.87667,0.80769,0.80000,0.43750,0.74535,0.48600,1.49210,3.26863,0.64835,0.65000,0.00000
505,0.2686,49741824,53337,0.01335,1.47e-04,0.5760,170.1386,0.00000,0.24300,0.00000,10.00000,845.58586,0.00000,0.85556,0.00000,0.00000,0.79369,0.00000,0.00000,0.00000,0.00000,0.00000,2.10785,2.23461,0.97000,0.97561,0.85714,2382.15918,-0.03302,-0.23352,0.23028,-0.03708,0.42979,0.78966,-0.07728,0.22467,-0.03670,-0.06924,0.07289,0.29920,0.34915,2.61291,1.79333,0.79500,0.79870,0.40000,0.74574,0.48600,1.48461,3.26038,0.62000,0.59722,0.00000
506,0.2692,49840128,53322,0.01153,1.98e-04,0.5759,170.3948,0.00000,0.24300,0.00000,10.00000,890.89647,0.00000,0.70119,0.00000,0.00000,0.79573,0.00000,0.00000,0.00000,0.00000,0.00000,2.10583,2.25536,0.98058,0.97059,1.00000,2360.56527,-0.03299,-0.23146,0.22995,-0.03634,0.43065,0.79185,-0.07639,0.22455,-0.03710,-0.06937,0.07315,0.29841,0.34951,2.64586,2.33529,0.81553,0.83846,0.46875,0.74757,0.48600,1.48302,3.27372,0.65049,0.69355,0.00000
507,0.2697,49938432,54281,0.01239,2.85e-04,0.5758,169.3163,0.00000,0.24300,0.00000,10.00000,917.79937,0.00000,0.69923,0.00000,0.00000,0.79536,0.00000,0.00000,0.00000,0.00000,0.00000,2.11898,2.12869,0.98276,0.97531,1.00000,2340.12337,-0.03311,-0.22958,0.22901,-0.03665,0.43036,0.79156,-0.07659,0.22344,-0.03310,-0.06900,0.07296,0.29746,0.34931,2.52964,1.60308,0.80603,0.79452,0.44000,0.74654,0.48600,1.47111,3.28245,0.62931,0.56923,0.00000
508,0.2702,50036736,53563,0.01717,2.11e-04,0.5758,182.0599,0.00000,0.24300,0.00000,10.00000,941.79001,0.00000,0.75092,0.00000,0.00000,0.79465,0.00000,0.00000,0.00000,0.00000,0.00000,2.12225,2.36102,0.96703,0.94737,1.00000,2328.28499,-0.03306,-0.22826,0.22927,-0.03766,0.43182,0.79104,-0.07629,0.22368,-0.03585,-0.06902,0.07304,0.29810,0.34948,2.65307,1.46667,0.79121,0.70732,0.50000,0.74738,0.48600,1.45872,3.06333,0.61538,0.50000,0.00000
509,0.2707,50135040,54325,0.01698,1.20e-04,0.5758,184.7690,0.00000,0.24300,0.00000,10.00000,891.45077,0.00000,0.75636,0.00000,0.00000,0.79354,0.00000,0.00000,0.00000,0.00000,0.00000,2.14381,1.92089,0.98795,0.98333,1.00000,2368.82764,-0.03297,-0.23204,0.23090,-0.03703,0.43126,0.78953,-0.07640,0.22500,-0.03549,-0.06893,0.07320,0.30060,0.34897,2.35412,1.75555,0.77711,0.76106,0.41176,0.74485,0.48600,1.46061,3.18343,0.56627,0.50943,0.00000
510,0.2712,50233344,54150,0.01292,1.60e-04,0.5758,189.0256,0.00000,0.24300,0.00000,10.00000,926.67127,0.00000,0.81197,0.00000,0.00000,0.79536,0.00000,0.00000,0.00000,0.00000,0.00000,2.15849,2.00656,0.98718,0.98305,1.00000,2390.22493,-0.03296,-0.23422,0.23316,-0.03746,0.43105,0.79148,-0.07675,0.22671,-0.04016,-0.06908,0.07410,0.30288,0.34917,2.32686,2.14667,0.80769,0.78947,0.50000,0.74584,0.48600,1.47376,2.86631,0.62821,0.58182,0.00000
511,0.2717,50331648,53805,0.01617,1.02e-04,0.5758,154.8095,0.00000,0.24300,0.00000,10.00000,909.33780,0.00000,0.73904,0.00000,0.00000,0.79903,0.00000,0.00000,0.00000,0.00000,0.00000,2.17368,2.36225,0.99083,1.00000,0.87500,2367.54004,-0.03312,-0.23214,0.23456,-0.03714,0.43253,0.79508,-0.07753,0.22784,-0.03691,-0.06919,0.07481,0.30496,0.34931,2.69174,1.80667,0.81651,0.82069,0.36842,0.74657,0.48600,1.48682,3.29020,0.64220,0.59375,0.00000
512,0.2723,50429952,53073,0.01164,1.37e-04,0.5758,175.3462,0.00000,0.24300,0.00000,10.00000,952.25353,0.00000,0.78042,0.00000,0.00000,0.79709,0.00000,0.00000,0.00000,0.00000,0.00000,2.15497,2.18609,0.97619,0.96923,1.00000,2353.75781,-0.03328,-0.23060,0.23291,-0.03722,0.43359,0.79311,-0.07747,0.22620,-0.03459,-0.06886,0.07473,0.30333,0.34976,2.58214,1.81200,0.83929,0.82203,0.44444,0.74879,0.48600,1.47991,3.21767,0.70238,0.64151,0.00000
513,0.2728,50528256,52850,0.01246,1.77e-04,0.5758,166.3769,0.00000,0.24300,0.00000,10.00000,874.81477,0.00000,0.73232,0.00000,0.00000,0.79456,0.00000,0.00000,0.00000,0.00000,0.00000,2.13963,2.00636,0.97273,0.96000,1.00000,2346.70378,-0.03332,-0.23005,0.23260,-0.03729,0.43182,0.79082,-0.07701,0.22469,-0.03551,-0.06872,0.07468,0.30147,0.34925,2.46168,1.61733,0.75000,0.73103,0.48276,0.74627,0.48600,1.47435,3.19018,0.52727,0.48571,0.00000
514,0.2733,50626560,53396,0.01177,2.24e-04,0.5758,177.9621,0.00000,0.24300,0.00000,10.00000,894.87132,0.00000,0.75708,0.00000,0.00000,0.79674,0.00000,0.00000,0.00000,0.00000,0.00000,2.12882,2.07077,0.96078,0.94286,1.00000,2351.49316,-0.03330,-0.23053,0.23281,-0.03780,0.43285,0.79289,-0.07742,0.22463,-0.03596,-0.06877,0.07402,0.30194,0.34976,2.36527,1.72308,0.78431,0.76259,0.50000,0.74882,0.48600,1.47921,2.81568,0.60784,0.57971,0.00000
515,0.2738,50724864,53241,0.01301,2.11e-04,0.5758,181.8619,0.00000,0.24300,0.00000,10.00000,900.28807,0.00000,0.81818,0.00000,0.00000,0.79626,0.00000,0.00000,0.00000,0.00000,0.00000,2.14195,2.33568,0.99091,0.98824,1.00000,2335.47965,-0.03310,-0.22891,0.23133,-0.03733,0.43371,0.79238,-0.07743,0.22361,-0.03405,-0.06900,0.07468,0.30085,0.35016,2.43930,1.02889,0.80909,0.77778,0.40000,0.75081,0.48600,1.47151,2.60214,0.62727,0.54545,0.00000
516,0.2743,50823168,52991,0.01353,2.27e-04,0.5758,174.0290,0.00000,0.24300,0.00000,10.00000,889.39397,0.00000,0.73260,0.00000,0.00000,0.79649,0.00000,0.00000,0.00000,0.00000,0.00000,2.15129,2.31250,1.00000,1.00000,1.00000,2320.85970,-0.03306,-0.22768,0.23192,-0.03763,0.43260,0.79254,-0.07641,0.22457,-0.03305,-0.06875,0.07462,0.30161,0.34968,2.74626,1.12444,0.78022,0.78333,0.31579,0.74841,0.48600,1.47260,3.47256,0.56044,0.51852,0.00000
517,0.2749,50921472,54090,0.01424,2.47e-04,0.5757,168.0210,0.00000,0.24300,0.00000,10.00000,852.04752,0.00000,0.73883,0.00000,0.00000,0.79560,0.00000,0.00000,0.00000,0.00000,0.00000,2.14295,2.32383,0.97938,0.98438,0.90000,2344.06006,-0.03303,-0.22992,0.23134,-0.03749,0.43117,0.79190,-0.07703,0.22419,-0.03422,-0.06882,0.07435,0.30024,0.34906,2.70424,2.07273,0.75773,0.74419,0.39130,0.74530,0.48600,1.46701,3.32133,0.53608,0.50769,0.00000
518,0.2754,51019776,53609,0.01578,1.43e-04,0.5757,193.7204,0.00000,0.24300,0.00000,10.00000,903.93967,0.00000,0.81276,0.00000,0.00000,0.79600,0.00000,0.00000,0.00000,0.00000,0.00000,2.13923,2.28533,0.97222,0.97674,1.00000,2348.55241,-0.03314,-0.23028,0.23068,-0.03714,0.43185,0.79238,-0.07799,0.22316,-0.03550,-0.06897,0.07481,0.29907,0.34934,2.60356,1.33333,0.81019,0.79747,0.33333,0.74669,0.48600,1.46385,3.11500,0.64815,0.58333,0.00000
519,0.2759,51118080,52119,0.01354,1.65e-04,0.5757,170.4755,0.00000,0.24300,0.00000,10.00000,900.45936,0.00000,0.79435,0.00000,0.00000,0.79521,0.00000,0.00000,0.00000,0.00000,0.00000,2.14343,2.28467,0.95614,0.95238,1.00000,2345.71891,-0.03303,-0.22993,0.22953,-0.03663,0.43191,0.79168,-0.07705,0.22245,-0.03657,-0.06927,0.07439,0.29831,0.34891,2.58619,1.60000,0.78070,0.77301,0.37500,0.74456,0.48600,1.44418,3.00369,0.60526,0.58228,0.00000
520,0.2764,51216384,53867,0.01198,2.24e-04,0.5757,175.9141,0.00000,0.24300,0.00000,10.00000,929.95515,0.00000,0.73184,0.00000,0.00000,0.79424,0.00000,0.00000,0.00000,0.00000,0.00000,2.12076,2.38482,0.94231,0.93243,0.88889,2311.59684,-0.03305,-0.22665,0.22779,-0.03633,0.43160,0.79059,-0.07633,0.21983,-0.03545,-0.06876,0.07421,0.29502,0.34844,2.57615,1.94667,0.79327,0.78102,0.40000,0.74219,0.48600,1.42925,2.88154,0.64423,0.60317,0.00000
521,0.2769,51314688,53214,0.01770,1.71e-04,0.5757,167.8643,0.00000,0.24300,0.00000,10.00000,902.59916,0.00000,0.79365,0.00000,0.00000,0.78870,0.00000,0.00000,0.00000,0.00000,0.00000,2.12383,2.13127,1.00000,1.00000,1.00000,2345.19987,-0.03309,-0.22976,0.22939,-0.03701,0.42875,0.78488,-0.07616,0.22160,-0.03886,-0.06898,0.07451,0.29699,0.34739,2.79743,2.14800,0.80769,0.78462,0.40000,0.73694,0.48600,1.43482,3.82565,0.61538,0.55556,0.00000
522,0.2775,51412992,53182,0.01163,1.86e-04,0.5757,173.3951,0.00000,0.24300,0.00000,10.00000,875.61154,0.00000,0.82151,0.00000,0.00000,0.78877,0.00000,0.00000,0.00000,0.00000,0.00000,2.14562,2.18415,0.94681,0.93151,1.00000,2333.87744,-0.03291,-0.22892,0.22925,-0.03671,0.42804,0.78491,-0.07565,0.22246,-0.03641,-0.06904,0.07428,0.29792,0.34725,2.45857,1.88444,0.75532,0.71223,0.50000,0.73625,0.48600,1.43457,2.88979,0.56383,0.46970,0.00000
523,0.2780,51511296,54427,0.01306,2.13e-04,0.5756,171.1749,0.00000,0.24300,0.00000,10.00000,878.98832,0.00000,0.72650,0.00000,0.00000,0.78953,0.00000,0.00000,0.00000,0.00000,0.00000,2.17027,2.22447,0.96703,0.96875,0.91667,2331.56934,-0.03296,-0.22885,0.23205,-0.03650,0.42849,0.78585,-0.07636,0.22494,-0.03176,-0.06894,0.07615,0.30154,0.34772,2.62330,2.09286,0.75275,0.74790,0.44000,0.73862,0.48600,1.46402,3.29689,0.53846,0.49091,0.00000
524,0.2785,51609600,54191,0.01194,2.69e-04,0.5755,165.3069,0.00000,0.24300,0.00000,10.00000,906.43449,0.00000,0.72338,0.00000,0.00000,0.79483,0.00000,0.00000,0.00000,0.00000,0.00000,2.17857,2.10753,1.00000,1.00000,1.00000,2358.52507,-0.03296,-0.23123,0.23468,-0.03689,0.43098,0.79106,-0.07675,0.22697,-0.03616,-0.06907,0.07635,0.30385,0.34845,2.38051,1.53167,0.80208,0.80000,0.40909,0.74223,0.48600,1.46931,2.90600,0.60417,0.56140,0.00000
525,0.2790,51707904,53872,0.01493,2.37e-04,0.5755,178.0570,0.00000,0.24300,0.00000,10.00000,900.41222,0.00000,0.76155,0.00000,0.00000,0.80407,0.00000,0.00000,0.00000,0.00000,0.00000,2.20285,1.92984,0.97753,0.96721,1.00000,2358.55990,-0.03289,-0.23137,0.23675,-0.03778,0.43665,0.80026,-0.07753,0.22853,-0.03329,-0.06871,0.07748,0.30678,0.35036,2.38303,1.21000,0.79775,0.77049,0.42857,0.75181,0.48600,1.50006,3.00979,0.61798,0.57377,0.00000
526,0.2795,51806208,53785,0.01354,2.53e-04,0.5754,166.1341,0.00000,0.24300,0.00000,10.00000,900.91370,0.00000,0.76843,0.00000,0.00000,0.80755,0.00000,0.00000,0.00000,0.00000,0.00000,2.20426,2.00428,0.98131,0.97368,1.00000,2342.71484,-0.03285,-0.22954,0.23661,-0.03704,0.43954,0.80389,-0.07649,0.22844,-0.03480,-0.06939,0.07745,0.30670,0.35146,2.48942,1.31200,0.79907,0.79054,0.40000,0.75730,0.48600,1.49287,3.24407,0.61682,0.59722,0.00000
527,0.2800,51904512,52856,0.01449,2.47e-04,0.5754,178.4069,0.00000,0.24300,0.00000,10.00000,928.18868,0.00000,0.71829,0.00000,0.00000,0.80649,0.00000,0.00000,0.00000,0.00000,0.00000,2.18725,2.05200,0.97980,0.98485,1.00000,2328.67871,-0.03280,-0.22817,0.23569,-0.03696,0.43900,0.80266,-0.07558,0.22765,-0.03509,-0.06902,0.07711,0.30528,0.35065,2.44349,1.89273,0.80808,0.82031,0.40909,0.75326,0.48600,1.48534,3.01921,0.63636,0.64516,0.00000
528,0.2806,52002816,54199,0.01737,1.33e-04,0.5753,170.9429,0.00000,0.24300,0.00000,10.00000,894.54647,0.00000,0.72464,0.00000,0.00000,0.80319,0.00000,0.00000,0.00000,0.00000,0.00000,2.17443,1.94850,0.98261,0.97333,1.00000,2305.23128,-0.03280,-0.22608,0.23515,-0.03726,0.43699,0.79925,-0.07558,0.22762,-0.03607,-0.06885,0.07688,0.30444,0.34951,2.54130,1.87333,0.80435,0.79333,0.48000,0.74754,0.48600,1.48536,3.55255,0.62609,0.61333,0.00000
529,0.2811,52101120,53478,0.01169,1.92e-04,0.5753,180.1996,0.00000,0.24300,0.00000,10.00000,908.77974,0.00000,0.85424,0.00000,0.00000,0.79834,0.00000,0.00000,0.00000,0.00000,0.00000,2.14940,2.10640,0.97849,0.97297,1.00000,2317.07959,-0.03283,-0.22718,0.23332,-0.03654,0.43314,0.79477,-0.07565,0.22562,-0.03385,-0.06905,0.07699,0.30154,0.34870,2.59762,6.89999,0.81183,0.77622,0.25000,0.74348,0.48600,1.48723,3.32000,0.64516,0.56522,0.00000
530,0.2816,52199424,53314,0.01331,1.89e-04,0.5753,157.0208,0.00000,0.24300,0.00000,10.00000,931.05726,0.00000,0.71730,0.00000,0.00000,0.79463,0.00000,0.00000,0.00000,0.00000,0.00000,2.14457,2.12000,0.98734,0.98305,1.00000,2318.51383,-0.03288,-0.22734,0.23518,-0.03622,0.43197,0.79078,-0.07583,0.22771,-0.03499,-0.06870,0.07777,0.30467,0.34854,2.32000,1.84167,0.80380,0.79412,0.44444,0.74268,0.48600,1.51882,2.72606,0.62025,0.53488,0.00000
531,0.2821,52297728,53008,0.01366,1.87e-04,0.5752,169.3768,0.00000,0.24300,0.00000,10.00000,920.95378,0.00000,0.82999,0.00000,0.00000,0.79407,0.00000,0.00000,0.00000,0.00000,0.00000,2.14814,1.98089,0.98795,0.98438,1.00000,2348.80566,-0.03280,-0.23035,0.23549,-0.03634,0.43161,0.79040,-0.07623,0.22803,-0.03552,-0.06859,0.07797,0.30517,0.34862,2.39610,1.42000,0.81325,0.79032,0.37500,0.74310,0.48600,1.52463,3.00087,0.63855,0.58333,0.00000
532,0.2826,52396032,52893,0.01184,2.11e-04,0.5752,176.5839,0.00000,0.24300,0.00000,10.00000,925.02096,0.00000,0.71581,0.00000,0.00000,0.79890,0.00000,0.00000,0.00000,0.00000,0.00000,2.15685,2.29086,0.96154,0.95946,0.87500,2364.27311,-0.03275,-0.23189,0.23468,-0.03506,0.43397,0.79528,-0.07635,0.22705,-0.03747,-0.06922,0.07802,0.30372,0.34906,2.71875,1.57555,0.81731,0.80597,0.38889,0.74528,0.48600,1.50839,3.45617,0.67308,0.61667,0.00000
533,0.2832,52494336,52653,0.01372,2.24e-04,0.5752,174.8176,0.00000,0.24300,0.00000,10.00000,835.49592,0.00000,0.83937,0.00000,0.00000,0.80485,0.00000,0.00000,0.00000,0.00000,0.00000,2.17269,2.17816,0.95652,0.95833,0.83333,2366.48226,-0.03288,-0.23212,0.23598,-0.03681,0.43744,0.80112,-0.07716,0.22927,-0.03643,-0.06920,0.07825,0.30617,0.35035,2.55328,1.28000,0.75000,0.74820,0.33333,0.75176,0.48600,1.51725,3.13510,0.54348,0.52239,0.00000
534,0.2837,52592640,53440,0.01425,1.87e-04,0.5752,190.7133,0.00000,0.24300,0.00000,10.00000,930.80317,0.00000,0.75103,0.00000,0.00000,0.80782,0.00000,0.00000,0.00000,0.00000,0.00000,2.18859,1.95643,0.99074,1.00000,0.90000,2336.10954,-0.03274,-0.22899,0.23680,-0.03757,0.44130,0.80402,-0.07666,0.23037,-0.03631,-0.06889,0.07849,0.30821,0.35152,2.29157,2.19538,0.81481,0.82192,0.39130,0.75759,0.48600,1.51940,2.79428,0.63889,0.63889,0.00000
535,0.2842,52690944,53046,0.02015,1.04e-04,0.5751,166.3732,0.00000,0.24300,0.00000,10.00000,957.24867,0.00000,0.70000,0.00000,0.00000,0.80753,0.00000,0.00000,0.00000,0.00000,0.00000,2.18817,2.10865,1.00000,1.00000,1.00000,2324.37581,-0.03270,-0.22786,0.23763,-0.03772,0.44204,0.80358,-0.07607,0.23081,-0.03671,-0.06880,0.07882,0.30849,0.35172,2.62149,2.16800,0.85500,0.84921,0.44444,0.75858,0.48600,1.51940,3.42893,0.71000,0.68333,0.00000
536,0.2847,52789248,53221,0.01119,1.33e-04,0.5751,163.6417,0.00000,0.24300,0.00000,10.00000,906.78186,0.00000,0.79827,0.00000,0.00000,0.80444,0.00000,0.00000,0.00000,0.00000,0.00000,2.16093,1.98889,0.98058,0.97403,1.00000,2299.23340,-0.03289,-0.22526,0.23660,-0.03685,0.43885,0.80052,-0.07639,0.22919,-0.03537,-0.06862,0.07835,0.30687,0.35065,2.45244,2.02800,0.81068,0.77703,0.45455,0.75323,0.48600,1.52351,3.26869,0.64078,0.56338,0.00000
537,0.2852,52887552,53780,0.01482,1.20e-04,0.5750,166.1992,0.00000,0.24300,0.00000,10.00000,904.68538,0.00000,0.72338,0.00000,0.00000,0.80142,0.00000,0.00000,0.00000,0.00000,0.00000,2.16221,2.08970,0.97917,0.98361,0.83333,2331.12126,-0.03268,-0.22836,0.23718,-0.03757,0.43704,0.79766,-0.07587,0.22939,-0.03838,-0.06895,0.07803,0.30691,0.35007,2.60125,3.34400,0.80208,0.79200,0.29412,0.75036,0.48600,1.50917,3.33522,0.62500,0.60938,0.00000
538,0.2858,52985856,52942,0.01008,1.72e-04,0.5749,165.3378,0.00000,0.24300,0.00000,10.00000,911.20146,0.00000,0.74434,0.00000,0.00000,0.80111,0.00000,0.00000,0.00000,0.00000,0.00000,2.17398,2.02072,0.98058,0.97183,1.00000,2320.32161,-0.03280,-0.22736,0.23655,-0.03648,0.43738,0.79717,-0.07629,0.22955,-0.03453,-0.06868,0.07843,0.30645,0.34971,2.31676,1.63600,0.79126,0.80435,0.46429,0.74855,0.48600,1.51485,2.78038,0.60194,0.62687,0.00000
539,0.2863,53084160,53952,0.01406,1.76e-04,0.5748,160.6448,0.00000,0.24300,0.00000,10.00000,947.21014,0.00000,0.75964,0.00000,0.00000,0.80122,0.00000,0.00000,0.00000,0.00000,0.00000,2.18828,1.92394,0.98980,0.98485,1.00000,2318.33952,-0.03282,-0.22735,0.23709,-0.03721,0.43769,0.79745,-0.07662,0.22996,-0.03336,-0.06858,0.07830,0.30715,0.34996,2.59760,2.04000,0.82143,0.79851,0.46154,0.74981,0.48600,1.50764,3.48333,0.65306,0.61765,0.00000
540,0.2868,53182464,53384,0.01594,1.43e-04,0.5747,161.2653,0.00000,0.24300,0.00000,10.00000,901.17853,0.00000,0.78053,0.00000,0.00000,0.80453,0.00000,0.00000,0.00000,0.00000,0.00000,2.18159,2.02639,0.95041,0.93258,1.00000,2293.02197,-0.03277,-0.22491,0.23695,-0.03692,0.44074,0.80057,-0.07647,0.23024,-0.03382,-0.06889,0.07798,0.30745,0.35087,2.43032,1.59818,0.79752,0.77059,0.44444,0.75435,0.48600,1.52084,3.08333,0.64463,0.59259,0.00000
541,0.2873,53280768,52534,0.01306,1.87e-04,0.5747,168.5802,0.00000,0.24300,0.00000,10.00000,892.34138,0.00000,0.78976,0.00000,0.00000,0.80404,0.00000,0.00000,0.00000,0.00000,0.00000,2.15873,2.12976,1.00000,1.00000,1.00000,2276.74919,-0.03292,-0.22333,0.23475,-0.03666,0.43985,0.80009,-0.07619,0.22854,-0.03250,-0.06865,0.07746,0.30503,0.35088,2.47400,1.99091,0.81863,0.82759,0.42857,0.75440,0.48600,1.51523,2.99036,0.63725,0.64286,0.00000
542,0.2879,53379072,53137,0.01456,1.77e-04,0.5747,174.2482,0.00000,0.24100,0.00000,10.00000,969.85288,0.00000,0.74854,0.00000,0.00000,0.79583,0.00000,0.00000,0.00000,0.00000,0.00000,2.15652,2.02746,0.97895,0.96875,1.00000,2275.71029,-0.03304,-0.22310,0.23442,-0.03613,0.43458,0.79192,-0.07697,0.22838,-0.03284,-0.06844,0.07765,0.30478,0.34949,2.49182,2.35600,0.84211,0.80469,0.50000,0.74746,0.48200,1.50893,3.14000,0.70526,0.64062,0.00000
543,0.2884,53477376,53008,0.01354,1.43e-04,0.5747,179.4828,0.00000,0.23900,0.00000,10.00000,914.60671,0.00000,0.76389,0.00000,0.00000,0.79422,0.00000,0.00000,0.00000,0.00000,0.00000,2.15426,2.01743,0.98864,0.98387,1.00000,2308.98861,-0.03286,-0.22642,0.23442,-0.03606,0.43341,0.79037,-0.07697,0.22791,-0.03373,-0.06859,0.07822,0.30368,0.34939,2.43008,2.16400,0.81250,0.80165,0.47059,0.74694,0.47800,1.50447,3.04468,0.63636,0.61017,0.00000
544,0.2889,53575680,52793,0.01188,1.72e-04,0.5747,158.5854,0.00000,0.23700,0.00000,10.00000,932.93524,0.00000,0.67901,0.00000,0.00000,0.79741,0.00000,0.00000,0.00000,0.00000,0.00000,2.19037,2.05194,0.98889,0.98214,1.00000,2326.93424,-0.03293,-0.22783,0.23567,-0.03645,0.43585,0.79367,-0.07760,0.22881,-0.03506,-0.06859,0.07927,0.30641,0.34972,2.61185,1.48769,0.82222,0.82727,0.47826,0.74862,0.47400,1.49898,3.52683,0.65556,0.66667,0.00000
545,0.2894,53673984,53508,0.01595,9.98e-05,0.5747,168.4175,0.00000,0.23500,0.00000,10.00000,885.33358,0.00000,0.71181,0.00000,0.00000,0.80164,0.00000,0.00000,0.00000,0.00000,0.00000,2.20245,2.41887,0.96875,0.96721,0.90000,2325.27523,-0.03308,-0.22767,0.23540,-0.03664,0.43789,0.79810,-0.07754,0.22790,-0.03706,-0.06859,0.07915,0.30524,0.35020,2.71426,1.76909,0.76562,0.75610,0.39130,0.75100,0.47000,1.47967,3.19091,0.56250,0.54839,0.00000
546,0.2899,53772288,53137,0.01053,1.44e-04,0.5747,178.9415,0.00000,0.23300,0.00000,10.00000,944.20675,0.00000,0.80756,0.00000,0.00000,0.80281,0.00000,0.00000,0.00000,0.00000,0.00000,2.19927,2.14049,0.96907,0.97368,1.00000,2340.28809,-0.03300,-0.22914,0.23640,-0.03661,0.43759,0.79908,-0.07762,0.22957,-0.03830,-0.06858,0.08004,0.30671,0.35003,2.39117,1.36000,0.83505,0.84397,0.46154,0.75014,0.46600,1.49994,2.77185,0.70103,0.69231,0.00000
547,0.2905,53870592,53778,0.00968,2.07e-04,0.5747,167.7862,0.00000,0.23100,0.00000,10.00000,869.13747,0.00000,0.73184,0.00000,0.00000,0.80453,0.00000,0.00000,0.00000,0.00000,0.00000,2.20449,2.01977,0.98077,0.98649,0.92857,2321.90544,-0.03288,-0.22741,0.23485,-0.03777,0.43831,0.80102,-0.07717,0.22878,-0.03556,-0.06881,0.07924,0.30594,0.35014,2.41464,1.86210,0.75000,0.75912,0.41935,0.75070,0.46200,1.47997,3.10960,0.51923,0.49206,0.00000
548,0.2910,53968896,53202,0.01503,1.69e-04,0.5747,173.0649,0.00000,0.23100,0.00000,10.00000,906.06779,0.00000,0.79686,0.00000,0.00000,0.79979,0.00000,0.00000,0.00000,0.00000,0.00000,2.20004,2.01086,0.98990,0.98667,1.00000,2295.95003,-0.03297,-0.22481,0.23588,-0.03715,0.43731,0.79618,-0.07722,0.22938,-0.03399,-0.06865,0.07936,0.30659,0.34955,2.25228,1.48857,0.79798,0.78169,0.42857,0.74775,0.46200,1.47868,2.67739,0.60606,0.55224,0.00000
549,0.2915,54067200,53758,0.01316,1.72e-04,0.5747,180.4271,0.00000,0.23100,0.00000,10.00000,910.94075,0.00000,0.72763,0.00000,0.00000,0.79469,0.00000,0.00000,0.00000,0.00000,0.00000,2.18954,2.16460,0.96460,0.94737,1.00000,2301.57910,-0.03291,-0.22558,0.23413,-0.03690,0.43428,0.79114,-0.07641,0.22745,-0.03859,-0.06850,0.07838,0.30369,0.34862,2.48165,2.15200,0.80088,0.79730,0.50000,0.74310,0.46200,1.44292,2.95724,0.63717,0.63889,0.00000
550,0.2920,54165504,53409,0.01239,2.15e-04,0.5747,192.1157,0.00000,0.22900,0.00000,10.00000,973.26427,0.00000,0.78502,0.00000,0.00000,0.79405,0.00000,0.00000,0.00000,0.00000,0.00000,2.19703,1.89569,1.00000,1.00000,1.00000,2309.64567,-0.03302,-0.22647,0.23189,-0.03573,0.43196,0.79039,-0.07643,0.22502,-0.03553,-0.06850,0.07797,0.30028,0.34787,2.39951,1.42000,0.86957,0.87692,0.44444,0.73934,0.45800,1.43080,3.30409,0.73913,0.70909,0.00000
551,0.2926,54263808,53658,0.01397,2.06e-04,0.5747,182.1969,0.00000,0.22700,0.00000,10.00000,891.91602,0.00000,0.77083,0.00000,0.00000,0.79009,0.00000,0.00000,0.00000,0.00000,0.00000,2.19649,1.96269,1.00000,1.00000,1.00000,2321.81315,-0.03319,-0.22741,0.23166,-0.03658,0.42768,0.78656,-0.07665,0.22421,-0.03745,-0.06834,0.07774,0.30048,0.34709,2.25238,2.03000,0.74375,0.76577,0.45000,0.73545,0.45400,1.41532,2.76316,0.48750,0.50943,0.00000
552,0.2931,54362112,54012,0.01381,1.92e-04,0.5748,153.5283,0.00000,0.22500,0.00000,10.00000,977.19426,0.00000,0.81301,0.00000,0.00000,0.78720,0.00000,0.00000,0.00000,0.00000,0.00000,2.19933,1.90294,1.00000,1.00000,1.00000,2338.60352,-0.03321,-0.22919,0.23099,-0.03666,0.42563,0.78376,-0.07799,0.22399,-0.03551,-0.06819,0.07808,0.30009,0.34656,2.28000,1.20667,0.84756,0.84167,0.40000,0.73281,0.45000,1.41932,2.89047,0.69512,0.64815,0.00000
553,0.2936,54460416,53852,0.01167,2.76e-04,0.5747,164.8112,0.00000,0.22500,0.00000,10.00000,948.87552,0.00000,0.72327,0.00000,0.00000,0.78822,0.00000,0.00000,0.00000,0.00000,0.00000,2.18954,2.02762,1.00000,1.00000,1.00000,2351.50374,-0.03326,-0.23030,0.22888,-0.03637,0.42678,0.78486,-0.07825,0.22153,-0.04015,-0.06861,0.07713,0.29705,0.34699,2.25298,2.27091,0.79717,0.77536,0.42857,0.73494,0.45000,1.38344,2.65574,0.59434,0.50794,0.00000
554,0.2941,54558720,53292,0.01267,2.98e-04,0.5747,158.1541,0.00000,0.22500,0.00000,10.00000,888.87541,0.00000,0.79282,0.00000,0.00000,0.78831,0.00000,0.00000,0.00000,0.00000,0.00000,2.19884,2.22946,1.00000,1.00000,1.00000,2373.53353,-0.03329,-0.23269,0.22834,-0.03631,0.42613,0.78486,-0.07829,0.22055,-0.03691,-0.06873,0.07646,0.29669,0.34659,2.56410,1.89000,0.76562,0.74453,0.38462,0.73297,0.45000,1.37315,3.08000,0.53125,0.48529,0.00000
555,0.2946,54657024,53115,0.01578,2.27e-04,0.5746,171.8933,0.00000,0.22500,0.00000,10.00000,897.97173,0.00000,0.76190,0.00000,0.00000,0.78801,0.00000,0.00000,0.00000,0.00000,0.00000,2.18533,2.01859,0.97143,0.98649,0.90909,2342.54248,-0.03334,-0.22931,0.22574,-0.03649,0.42587,0.78480,-0.07776,0.21819,-0.03913,-0.06838,0.07582,0.29387,0.34662,2.40800,1.38118,0.75714,0.75694,0.43478,0.73312,0.45000,1.34740,3.00982,0.54286,0.51429,0.00000
556,0.2952,54755328,51786,0.01646,1.76e-04,0.5746,164.6481,0.00000,0.22500,0.00000,10.00000,918.49398,0.00000,0.77778,0.00000,0.00000,0.78562,0.00000,0.00000,0.00000,0.00000,0.00000,2.18624,1.84076,0.99000,0.98630,1.00000,2333.24137,-0.03328,-0.22850,0.22406,-0.03499,0.42416,0.78233,-0.07718,0.21683,-0.03846,-0.06825,0.07709,0.29232,0.34620,2.24127,1.92571,0.76500,0.75714,0.37500,0.73099,0.45000,1.33368,2.91447,0.54000,0.50746,0.00000
557,0.2957,54853632,52283,0.01290,1.87e-04,0.5746,170.7120,0.00000,0.22500,0.00000,10.00000,871.33057,0.00000,0.80440,0.00000,0.00000,0.78389,0.00000,0.00000,0.00000,0.00000,0.00000,2.18613,2.12267,0.96875,0.95890,1.00000,2306.53597,-0.03332,-0.22599,0.22387,-0.03456,0.42287,0.78069,-0.07662,0.21532,-0.03543,-0.06804,0.07653,0.29046,0.34565,2.63475,2.23333,0.75521,0.72662,0.30000,0.72825,0.45000,1.32531,3.45191,0.54167,0.46970,0.00000
558,0.2962,54951936,52519,0.01340,2.15e-04,0.5746,176.5742,0.00000,0.22500,0.00000,10.00000,871.66004,0.00000,0.74603,0.00000,0.00000,0.78095,0.00000,0.00000,0.00000,0.00000,0.00000,2.18626,2.34094,0.99048,0.98630,1.00000,2325.68685,-0.03328,-0.22785,0.22504,-0.03548,0.42116,0.77766,-0.07726,0.21600,-0.03652,-0.06827,0.07642,0.29120,0.34508,2.51970,1.79375,0.75238,0.75887,0.44444,0.72542,0.45000,1.32653,2.83625,0.51429,0.51471,0.00000
559,0.2967,55050240,53676,0.01558,1.49e-04,0.5745,169.4876,0.00000,0.22500,0.00000,10.00000,888.60618,0.00000,0.73477,0.00000,0.00000,0.77886,0.00000,0.00000,0.00000,0.00000,0.00000,2.17829,1.98273,0.96774,0.96667,1.00000,2333.76953,-0.03334,-0.22870,0.22444,-0.03541,0.41941,0.77556,-0.07645,0.21606,-0.03621,-0.06825,0.07669,0.29014,0.34410,2.47794,1.55250,0.74194,0.70732,0.37500,0.72049,0.45000,1.32489,3.27512,0.51613,0.46032,0.00000
560,0.2973,55148544,54351,0.01183,1.56e-04,0.5745,155.3544,0.00000,0.22500,0.00000,10.00000,888.71032,0.00000,0.76205,0.00000,0.00000,0.77900,0.00000,0.00000,0.00000,0.00000,0.00000,2.16896,2.20591,0.98230,0.98750,0.87500,2340.24902,-0.03356,-0.22933,0.22362,-0.03549,0.41868,0.77562,-0.07776,0.21555,-0.03642,-0.06793,0.07678,0.28937,0.34410,2.52441,2.00182,0.75664,0.73548,0.41176,0.72048,0.45000,1.33175,3.10833,0.53097,0.46667,0.00000
561,0.2978,55246848,53390,0.01146,2.25e-04,0.5745,164.2403,0.00000,0.22500,0.00000,10.00000,915.73650,0.00000,0.76023,0.00000,0.00000,0.78307,0.00000,0.00000,0.00000,0.00000,0.00000,2.15908,1.93704,1.00000,1.00000,1.00000,2335.98519,-0.03360,-0.22868,0.22041,-0.03500,0.42117,0.77977,-0.07794,0.21336,-0.03960,-0.06808,0.07618,0.28600,0.34552,2.32643,2.18800,0.78947,0.75000,0.43750,0.72759,0.45000,1.30424,2.98538,0.57895,0.48000,0.00000
562,0.2983,55345152,53485,0.01414,2.43e-04,0.5744,169.1750,0.00000,0.22500,0.00000,10.00000,926.45185,0.00000,0.75397,0.00000,0.00000,0.78238,0.00000,0.00000,0.00000,0.00000,0.00000,2.15816,1.91892,1.00000,1.00000,1.00000,2315.99528,-0.03357,-0.22664,0.21944,-0.03497,0.42028,0.77916,-0.07757,0.21254,-0.03970,-0.06789,0.07585,0.28522,0.34483,2.33349,1.53333,0.81122,0.81203,0.41176,0.72414,0.45000,1.28979,2.95959,0.62245,0.62121,0.00000
563,0.2988,55443456,53125,0.01357,1.89e-04,0.5744,184.8442,0.00000,0.22500,0.00000,10.00000,955.73019,0.00000,0.75758,0.00000,0.00000,0.77677,0.00000,0.00000,0.00000,0.00000,0.00000,2.16249,1.94727,0.98990,0.98667,1.00000,2309.45459,-0.03368,-0.22630,0.21942,-0.03525,0.41495,0.77353,-0.07788,0.21181,-0.03501,-0.06768,0.07537,0.28512,0.34297,2.23328,1.41000,0.80303,0.76296,0.42857,0.71485,0.45000,1.29681,2.75762,0.61616,0.48333,0.00000
564,0.2993,55541760,52668,0.01295,2.07e-04,0.5743,169.1403,0.00000,0.22500,0.00000,10.00000,855.23713,0.00000,0.71895,0.00000,0.00000,0.77330,0.00000,0.00000,0.00000,0.00000,0.00000,2.15068,1.94697,0.97647,0.96429,1.00000,2343.97884,-0.03372,-0.22937,0.21730,-0.03450,0.41330,0.77004,-0.07804,0.20895,-0.04190,-0.06806,0.07547,0.28192,0.34271,2.38180,1.83273,0.74118,0.73636,0.50000,0.71354,0.45000,1.26266,3.22588,0.50588,0.50000,0.00000
565,0.2999,55640064,53390,0.01247,2.27e-04,0.5743,176.6830,0.00000,0.22500,0.00000,10.00000,859.13647,0.00000,0.75650,0.00000,0.00000,0.77603,0.00000,0.00000,0.00000,0.00000,0.00000,2.17841,1.98256,0.97872,0.98529,0.90909,2371.86898,-0.03365,-0.23215,0.21922,-0.03478,0.41515,0.77277,-0.07878,0.21129,-0.04098,-0.06806,0.07603,0.28515,0.34347,2.38581,1.99833,0.74468,0.71875,0.45455,0.71733,0.45000,1.27780,3.19231,0.51064,0.41667,0.00000
566,0.3004,55738368,53196,0.01418,2.73e-04,0.5743,195.6728,0.00000,0.22500,0.00000,10.00000,854.43778,0.00000,0.71895,0.00000,0.00000,0.78276,0.00000,0.00000,0.00000,0.00000,0.00000,2.19495,2.19091,0.98824,0.98276,1.00000,2360.27262,-0.03355,-0.23113,0.22068,-0.03546,0.41904,0.77955,-0.07860,0.21251,-0.04047,-0.06821,0.07683,0.28714,0.34457,2.45284,2.06000,0.73529,0.70909,0.42857,0.72285,0.45000,1.28757,3.04896,0.48235,0.40385,0.00000
567,0.3009,55836672,53541,0.01523,2.53e-04,0.5742,171.1284,0.00000,0.22500,0.00000,10.00000,866.24104,0.00000,0.84423,0.00000,0.00000,0.78753,0.00000,0.00000,0.00000,0.00000,0.00000,2.23103,2.06488,0.98039,0.97403,1.00000,2361.96777,-0.03363,-0.23106,0.22466,-0.03558,0.42254,0.78413,-0.07910,0.21588,-0.04311,-0.06829,0.07810,0.29202,0.34556,2.42511,2.31333,0.77941,0.75484,0.45455,0.72780,0.45000,1.30132,3.00431,0.57843,0.53846,0.00000
568,0.3014,55934976,53517,0.01423,2.73e-04,0.5742,183.6163,0.00000,0.22500,0.00000,10.00000,869.00467,0.00000,0.68948,0.00000,0.00000,0.78836,0.00000,0.00000,0.00000,0.00000,0.00000,2.22408,2.13247,0.99107,1.00000,0.93333,2331.47933,-0.03360,-0.22817,0.22527,-0.03551,0.42369,0.78495,-0.07855,0.21623,-0.03880,-0.06819,0.07781,0.29244,0.34600,2.48821,2.04000,0.75893,0.76259,0.42424,0.73002,0.45000,1.31124,3.10530,0.52679,0.51471,0.00000
569,0.3019,56033280,53210,0.01605,1.87e-04,0.5742,181.2487,0.00000,0.22500,0.00000,10.00000,843.06771,0.00000,0.78256,0.00000,0.00000,0.78870,0.00000,0.00000,0.00000,0.00000,0.00000,2.20544,2.00649,0.97849,0.97101,1.00000,2332.96842,-0.03364,-0.22837,0.22460,-0.03502,0.42451,0.78533,-0.07889,0.21530,-0.03800,-0.06797,0.07820,0.29169,0.34594,2.45054,1.68800,0.72581,0.69466,0.44444,0.72968,0.45000,1.31965,3.48666,0.47312,0.38710,0.00000
570,0.3025,56131584,53738,0.01432,1.56e-04,0.5742,184.2481,0.00000,0.22500,0.00000,10.00000,911.50119,0.00000,0.70933,0.00000,0.00000,0.78615,0.00000,0.00000,0.00000,0.00000,0.00000,2.18557,2.08779,0.99107,0.98592,1.00000,2319.44043,-0.03357,-0.22707,0.22221,-0.03418,0.42338,0.78292,-0.07876,0.21385,-0.03683,-0.06768,0.07799,0.28855,0.34564,2.60717,2.00250,0.77679,0.73427,0.37500,0.72821,0.45000,1.31762,3.53721,0.56250,0.48611,0.00000
571,0.3030,56229888,54737,0.01173,2.27e-04,0.5741,176.3506,0.00000,0.22500,0.00000,10.00000,873.80881,0.00000,0.81807,0.00000,0.00000,0.77934,0.00000,0.00000,0.00000,0.00000,0.00000,2.19576,1.82316,0.95604,0.95775,0.85714,2343.80387,-0.03356,-0.22941,0.22291,-0.03529,0.41922,0.77628,-0.07824,0.21410,-0.04064,-0.06792,0.07838,0.28941,0.34442,2.42052,1.94333,0.75824,0.74627,0.42857,0.72209,0.45000,1.29721,3.55550,0.56044,0.50794,0.00000
572,0.3035,56328192,53257,0.01366,2.70e-04,0.5740,184.3990,0.00000,0.22500,0.00000,10.00000,882.98760,0.00000,0.77778,0.00000,0.00000,0.77962,0.00000,0.00000,0.00000,0.00000,0.00000,2.21162,2.01000,0.98750,0.98333,1.00000,2354.06429,-0.03373,-0.23031,0.22354,-0.03476,0.41707,0.77638,-0.07915,0.21444,-0.03979,-0.06788,0.07844,0.28978,0.34317,2.37530,2.13143,0.75000,0.74107,0.40000,0.71583,0.45000,1.29691,3.12875,0.51250,0.46154,0.00000
573,0.3040,56426496,54111,0.01500,2.47e-04,0.5739,166.1994,0.00000,0.22500,0.00000,10.00000,872.13636,0.00000,0.87855,0.00000,0.00000,0.78327,0.00000,0.00000,0.00000,0.00000,0.00000,2.23629,1.89013,0.97674,0.97222,1.00000,2352.67090,-0.03374,-0.23026,0.22581,-0.03519,0.42049,0.77986,-0.07962,0.21719,-0.03935,-0.06779,0.07903,0.29297,0.34439,2.47207,1.28800,0.77326,0.74265,0.42857,0.72197,0.45000,1.31538,3.53658,0.56977,0.48438,0.00000
574,0.3045,56524800,53964,0.01598,2.24e-04,0.5739,149.1007,0.00000,0.22500,0.00000,10.00000,917.88950,0.00000,0.72650,0.00000,0.00000,0.78664,0.00000,0.00000,0.00000,0.00000,0.00000,2.23130,1.97000,0.99038,0.98507,1.00000,2346.40479,-0.03367,-0.22950,0.22538,-0.03585,0.42266,0.78317,-0.07902,0.21691,-0.03736,-0.06784,0.07910,0.29295,0.34487,2.42430,1.44000,0.76442,0.72794,0.38889,0.72436,0.45000,1.30653,3.13957,0.53846,0.47826,0.00000
575,0.3050,56623104,52637,0.01343,3.06e-04,0.5739,173.0292,0.00000,0.22500,0.00000,10.00000,826.50984,0.00000,0.84444,0.00000,0.00000,0.78797,0.00000,0.00000,0.00000,0.00000,0.00000,2.24545,1.93833,0.96000,0.96104,0.87500,2310.21061,-0.03365,-0.22635,0.22605,-0.03563,0.42394,0.78463,-0.07982,0.21843,-0.03814,-0.06778,0.07945,0.29433,0.34465,2.39877,1.34364,0.71500,0.69079,0.41176,0.72326,0.45000,1.31183,3.23956,0.47000,0.41333,0.00000
576,0.3056,56721408,53592,0.01390,2.24e-04,0.5740,161.8548,0.00000,0.22500,0.00000,10.00000,867.58973,0.00000,0.78307,0.00000,0.00000,0.78958,0.00000,0.00000,0.00000,0.00000,0.00000,2.24518,2.22046,1.00000,1.00000,1.00000,2302.06217,-0.03355,-0.22536,0.22707,-0.03505,0.42607,0.78630,-0.07908,0.21881,-0.03706,-0.06788,0.07957,0.29485,0.34551,2.61203,1.67833,0.75238,0.77027,0.40909,0.72753,0.45000,1.31573,3.32851,0.50476,0.52113,0.00000
577,0.3061,56819712,53670,0.01379,2.44e-04,0.5739,178.9474,0.00000,0.22500,0.00000,10.00000,865.93557,0.00000,0.79758,0.00000,0.00000,0.78871,0.00000,0.00000,0.00000,0.00000,0.00000,2.23176,1.91570,1.00000,1.00000,1.00000,2309.93180,-0.03344,-0.22619,0.22662,-0.03507,0.42547,0.78553,-0.07762,0.21832,-0.04224,-0.06835,0.07944,0.29349,0.34534,2.43524,2.04857,0.75743,0.73103,0.40000,0.72669,0.45000,1.30518,3.38977,0.51485,0.45833,0.00000
578,0.3066,56918016,54072,0.01581,1.89e-04,0.5739,167.5460,0.00000,0.22500,0.00000,10.00000,895.61711,0.00000,0.79365,0.00000,0.00000,0.78558,0.00000,0.00000,0.00000,0.00000,0.00000,2.21240,1.97682,0.98980,0.98750,1.00000,2299.92399,-0.03332,-0.22517,0.22422,-0.03465,0.42365,0.78244,-0.07733,0.21720,-0.03987,-0.06815,0.07880,0.29155,0.34444,2.16436,1.36000,0.76531,0.73571,0.47059,0.72222,0.45000,1.30880,2.53111,0.54082,0.40000,0.00000
579,0.3071,57016320,52624,0.01710,1.10e-04,0.5740,172.0671,0.00000,0.22500,0.00000,10.00000,839.72789,0.00000,0.76667,0.00000,0.00000,0.78330,0.00000,0.00000,0.00000,0.00000,0.00000,2.19550,2.06389,0.98000,0.96970,1.00000,2291.64941,-0.03347,-0.22454,0.22371,-0.03471,0.42249,0.78014,-0.07790,0.21622,-0.03626,-0.06797,0.07872,0.29053,0.34392,2.45983,2.39667,0.72000,0.68841,0.50000,0.71962,0.45000,1.32474,3.16883,0.46000,0.43056,0.00000
580,0.3076,57114624,53400,0.00938,1.58e-04,0.5739,166.7864,0.00000,0.22500,0.00000,10.00000,943.98766,0.00000,0.72515,0.00000,0.00000,0.78417,0.00000,0.00000,0.00000,0.00000,0.00000,2.19902,2.00162,0.98947,0.98551,1.00000,2306.34928,-0.03356,-0.22577,0.22433,-0.03437,0.42227,0.78095,-0.07856,0.21645,-0.03544,-0.06764,0.07858,0.29076,0.34466,2.57426,1.56333,0.79474,0.77419,0.33333,0.72331,0.45000,1.32890,3.60780,0.60000,0.50909,0.00000
581,0.3082,57212928,53851,0.01111,2.11e-04,0.5739,156.4154,0.00000,0.22500,0.00000,10.00000,812.79534,0.00000,0.80478,0.00000,0.00000,0.78219,0.00000,0.00000,0.00000,0.00000,0.00000,2.18041,2.07865,1.00000,1.00000,1.00000,2298.93848,-0.03367,-0.22511,0.22289,-0.03442,0.42228,0.77904,-0.07864,0.21471,-0.03810,-0.06790,0.07816,0.28841,0.34472,2.56686,2.26364,0.71495,0.69032,0.47619,0.72360,0.45000,1.31397,3.53244,0.42991,0.36842,0.00000
582,0.3087,57311232,54251,0.01287,2.25e-04,0.5738,168.2894,0.00000,0.22500,0.00000,10.00000,882.66293,0.00000,0.78853,0.00000,0.00000,0.78051,0.00000,0.00000,0.00000,0.00000,0.00000,2.16776,2.06371,0.99194,0.98876,1.00000,2270.78760,-0.03356,-0.22229,0.22107,-0.03451,0.42174,0.77728,-0.07809,0.21370,-0.03725,-0.06765,0.07703,0.28642,0.34477,2.60013,1.87273,0.74194,0.70455,0.47059,0.72385,0.45000,1.29831,3.54618,0.49194,0.41379,0.00000
583,0.3092,57409536,53261,0.01357,2.70e-04,0.5739,181.6492,0.00000,0.22500,0.00000,10.00000,880.06268,0.00000,0.77403,0.00000,0.00000,0.77791,0.00000,0.00000,0.00000,0.00000,0.00000,2.15376,1.84588,0.98876,0.98438,1.00000,2276.11198,-0.03346,-0.22309,0.22025,-0.03463,0.41934,0.77459,-0.07735,0.21365,-0.03731,-0.06791,0.07700,0.28590,0.34338,2.34952,1.59333,0.74157,0.70968,0.38462,0.71689,0.45000,1.30798,3.27513,0.49438,0.41667,0.00000
584,0.3097,57507840,53053,0.01911,1.37e-04,0.5739,170.6060,0.00000,0.22500,0.00000,10.00000,867.28002,0.00000,0.85283,0.00000,0.00000,0.77508,0.00000,0.00000,0.00000,0.00000,0.00000,2.16498,1.98229,0.99123,0.98901,1.00000,2293.95866,-0.03353,-0.22490,0.22203,-0.03426,0.41802,0.77177,-0.07849,0.21558,-0.03213,-0.06775,0.07780,0.28857,0.34347,2.31534,1.80500,0.73684,0.69143,0.45455,0.71735,0.45000,1.33833,2.95480,0.48246,0.36905,0.00000
585,0.3102,57606144,55302,0.01203,1.98e-04,0.5739,176.6783,0.00000,0.22500,0.00000,10.00000,847.86381,0.00000,0.75826,0.00000,0.00000,0.77777,0.00000,0.00000,0.00000,0.00000,0.00000,2.16825,1.91250,1.00000,1.00000,1.00000,2334.85221,-0.03355,-0.22860,0.22293,-0.03500,0.41985,0.77459,-0.07922,0.21669,-0.03605,-0.06771,0.07852,0.28989,0.34446,2.49250,1.77833,0.75000,0.76238,0.45455,0.72228,0.45000,1.34027,3.65250,0.50000,0.48936,0.00000
586,0.3107,57704448,53395,0.01286,2.55e-04,0.5739,181.9617,0.00000,0.22500,0.00000,10.00000,884.23034,0.00000,0.78652,0.00000,0.00000,0.78273,0.00000,0.00000,0.00000,0.00000,0.00000,2.19813,1.93642,0.98876,0.98387,1.00000,2350.55062,-0.03353,-0.23023,0.22555,-0.03547,0.42298,0.77942,-0.07916,0.21862,-0.03603,-0.06800,0.07951,0.29326,0.34552,2.36198,1.38400,0.74719,0.72222,0.35714,0.72758,0.45000,1.35357,3.01000,0.50562,0.46875,0.00000
587,0.3112,57802752,53609,0.01395,2.93e-04,0.5738,171.6031,0.00000,0.22500,0.00000,10.00000,880.15285,0.00000,0.68627,0.00000,0.00000,0.79033,0.00000,0.00000,0.00000,0.00000,0.00000,2.23608,2.03303,0.97647,0.96154,1.00000,2311.22493,-0.03354,-0.22650,0.22818,-0.03559,0.42799,0.78708,-0.07940,0.22030,-0.03453,-0.06784,0.08000,0.29603,0.34678,2.39196,1.44000,0.76471,0.76190,0.50000,0.73391,0.45000,1.35670,2.96975,0.55294,0.56604,0.00000
588,0.3118,57901056,54226,0.01659,1.65e-04,0.5739,161.1884,0.00000,0.22500,0.00000,10.00000,951.51562,0.00000,0.78920,0.00000,0.00000,0.79030,0.00000,0.00000,0.00000,0.00000,0.00000,2.24459,2.03153,0.99065,0.98734,1.00000,2313.91064,-0.03364,-0.22652,0.22945,-0.03602,0.42824,0.78699,-0.07957,0.22129,-0.03666,-0.06804,0.08064,0.29761,0.34668,2.39127,1.69555,0.82243,0.80921,0.50000,0.73342,0.45000,1.36202,2.92772,0.65421,0.61644,0.00000
589,0.3123,57999360,53258,0.01454,1.56e-04,0.5739,158.1230,0.00000,0.22500,0.00000,10.00000,865.45933,0.00000,0.70933,0.00000,0.00000,0.78816,0.00000,0.00000,0.00000,0.00000,0.00000,2.22475,2.14659,0.96429,0.94521,1.00000,2284.56413,-0.03348,-0.22406,0.22927,-0.03496,0.42839,0.78485,-0.07855,0.22034,-0.03484,-0.06799,0.08025,0.29673,0.34689,2.44806,1.78300,0.74107,0.74126,0.44444,0.73443,0.45000,1.35887,2.96823,0.51786,0.52857,0.00000
590,0.3128,58097664,53207,0.01273,2.25e-04,0.5739,168.4146,0.00000,0.22500,0.00000,10.00000,868.63420,0.00000,0.78658,0.00000,0.00000,0.78700,0.00000,0.00000,0.00000,0.00000,0.00000,2.22856,2.06699,0.98020,0.98649,1.00000,2282.32340,-0.03358,-0.22365,0.22922,-0.03462,0.42884,0.78397,-0.07892,0.21958,-0.03706,-0.06758,0.08067,0.29683,0.34731,2.61716,1.49273,0.76238,0.73427,0.50000,0.73653,0.45000,1.35144,3.65500,0.54455,0.46377,0.00000
591,0.3133,58195968,53226,0.01626,1.43e-04,0.5740,160.4080,0.00000,0.22500,0.00000,10.00000,903.65269,0.00000,0.73707,0.00000,0.00000,0.78723,0.00000,0.00000,0.00000,0.00000,0.00000,2.23100,1.93757,0.98020,0.97015,1.00000,2273.95833,-0.03350,-0.22246,0.23006,-0.03559,0.42854,0.78407,-0.07793,0.21994,-0.03731,-0.06802,0.08044,0.29739,0.34659,2.52631,1.64857,0.77228,0.72388,0.50000,0.73296,0.45000,1.33920,3.61550,0.56436,0.47761,0.00000
592,0.3138,58294272,53248,0.00990,2.06e-04,0.5740,164.9358,0.00000,0.22500,0.00000,10.00000,929.17622,0.00000,0.75926,0.00000,0.00000,0.78311,0.00000,0.00000,0.00000,0.00000,0.00000,2.22541,1.90444,0.98889,0.98485,1.00000,2266.62744,-0.03355,-0.22191,0.22915,-0.03504,0.42605,0.77977,-0.07807,0.21966,-0.03879,-0.06776,0.08083,0.29684,0.34638,2.33037,1.67250,0.78889,0.76423,0.42857,0.73190,0.45000,1.34201,3.18222,0.58889,0.50877,0.00000
593,0.3144,58392576,53850,0.01539,1.92e-04,0.5741,174.4395,0.00000,0.22500,0.00000,10.00000,934.73833,0.00000,0.74760,0.00000,0.00000,0.78204,0.00000,0.00000,0.00000,0.00000,0.00000,2.22362,2.00119,0.98765,0.98305,1.00000,2314.26676,-0.03349,-0.22662,0.22721,-0.03451,0.42428,0.77878,-0.07874,0.21872,-0.03542,-0.06770,0.08113,0.29515,0.34577,2.46897,1.74600,0.82099,0.82569,0.50000,0.72884,0.45000,1.35132,3.25250,0.65432,0.64000,0.00000
594,0.3149,58490880,52872,0.01572,1.43e-04,0.5741,177.7100,0.00000,0.22500,0.00000,10.00000,821.20268,0.00000,0.85568,0.00000,0.00000,0.78630,0.00000,0.00000,0.00000,0.00000,0.00000,2.26517,1.91151,1.00000,1.00000,1.00000,2293.18717,-0.03354,-0.22454,0.23025,-0.03526,0.42714,0.78293,-0.07949,0.22138,-0.03800,-0.06772,0.08202,0.29965,0.34649,2.61043,1.78750,0.73563,0.72388,0.42857,0.73246,0.45000,1.35423,3.77000,0.47126,0.44776,0.00000
595,0.3154,58589184,52762,0.01171,2.06e-04,0.5741,166.2715,0.00000,0.22500,0.00000,10.00000,894.45390,0.00000,0.78108,0.00000,0.00000,0.79586,0.00000,0.00000,0.00000,0.00000,0.00000,2.27102,2.11013,0.99010,0.98649,1.00000,2288.35954,-0.03358,-0.22414,0.23170,-0.03600,0.43247,0.79252,-0.07986,0.22179,-0.03680,-0.06784,0.08169,0.30069,0.34804,2.48033,1.54000,0.75248,0.71127,0.36364,0.74019,0.45000,1.35865,3.14325,0.51485,0.41176,0.00000
596,0.3159,58687488,53416,0.01353,2.96e-04,0.5740,161.2086,0.00000,0.22500,0.00000,10.00000,899.17427,0.00000,0.74830,0.00000,0.00000,0.79640,0.00000,0.00000,0.00000,0.00000,0.00000,2.28228,1.93055,0.98980,1.00000,1.00000,2259.97087,-0.03352,-0.22151,0.23390,-0.03637,0.43469,0.79276,-0.08003,0.22409,-0.03558,-0.06778,0.08283,0.30375,0.34899,2.28526,1.65111,0.72959,0.70455,0.44444,0.74496,0.45000,1.38048,2.89333,0.46939,0.42647,0.00000
597,0.3164,58785792,53105,0.01795,1.92e-04,0.5740,158.1964,0.00000,0.22500,0.00000,10.00000,887.67797,0.00000,0.75433,0.00000,0.00000,0.79552,0.00000,0.00000,0.00000,0.00000,0.00000,2.26471,1.90773,1.00000,1.00000,1.00000,2253.03874,-0.03326,-0.22074,0.23412,-0.03546,0.43569,0.79190,-0.07847,0.22566,-0.03522,-0.06782,0.08269,0.30458,0.34880,2.50460,1.98154,0.76606,0.75000,0.45833,0.74402,0.45000,1.39982,3.53451,0.53211,0.47887,0.00000
598,0.3170,58884096,53138,0.01400,2.06e-04,0.5740,168.9290,0.00000,0.22500,0.00000,10.00000,880.14897,0.00000,0.80367,0.00000,0.00000,0.79484,0.00000,0.00000,0.00000,0.00000,0.00000,2.23412,2.14891,1.00000,1.00000,1.00000,2258.48730,-0.03320,-0.22134,0.23298,-0.03519,0.43511,0.79130,-0.07865,0.22511,-0.03566,-0.06797,0.08268,0.30291,0.34927,2.64394,1.32500,0.77670,0.75839,0.40000,0.74635,0.45000,1.41948,3.48245,0.55340,0.50000,0.00000
599,0.3175,58982400,52543,0.01700,1.24e-04,0.5740,171.0927,0.00000,0.22500,0.00000,10.00000,892.41829,0.00000,0.77664,0.00000,0.00000,0.79311,0.00000,0.00000,0.00000,0.00000,0.00000,2.21155,1.91860,0.94898,0.94737,0.90000,2244.97656,-0.03325,-0.22000,0.23061,-0.03531,0.43260,0.78974,-0.07848,0.22322,-0.03337,-0.06773,0.08164,0.29966,0.34830,2.27844,1.58667,0.75000,0.73723,0.45000,0.74149,0.45000,1.41645,3.01524,0.55102,0.47541,0.00000
600,0.3180,59080704,52696,0.01245,1.49e-04,0.5740,171.6888,0.00000,0.22500,0.00000,10.00000,867.22680,0.00000,0.78002,0.00000,0.00000,0.78699,0.00000,0.00000,0.00000,0.00000,0.00000,2.19996,2.12691,0.95960,0.94444,1.00000,2259.04313,-0.03340,-0.22126,0.22932,-0.03501,0.42955,0.78366,-0.07930,0.22185,-0.03474,-0.06750,0.08228,0.29781,0.34750,2.51181,1.81667,0.75253,0.73381,0.45000,0.73752,0.45000,1.39968,3.18956,0.54545,0.50746,0.00000
601,0.3186,59179008,53372,0.01322,1.43e-04,0.5739,181.3236,0.00000,0.22500,0.00000,10.00000,884.79810,0.00000,0.86806,0.00000,0.00000,0.78542,0.00000,0.00000,0.00000,0.00000,0.00000,2.19470,1.99835,1.00000,1.00000,1.00000,2291.32015,-0.03335,-0.22426,0.22945,-0.03495,0.42890,0.78203,-0.07858,0.22222,-0.03610,-0.06788,0.08013,0.29761,0.34782,2.42203,2.07600,0.81250,0.82667,0.35714,0.73911,0.45000,1.39781,3.10151,0.62500,0.62857,0.00000
602,0.3191,59277312,53433,0.01327,1.71e-04,0.5739,165.9581,0.00000,0.22500,0.00000,10.00000,898.32783,0.00000,0.78092,0.00000,0.00000,0.78556,0.00000,0.00000,0.00000,0.00000,0.00000,2.19080,1.82250,0.99057,0.98734,1.00000,2255.51546,-0.03350,-0.22100,0.22778,-0.03447,0.42796,0.78230,-0.07878,0.21995,-0.03440,-0.06783,0.08107,0.29531,0.34779,2.27528,1.47467,0.78774,0.78523,0.43478,0.73893,0.45000,1.38673,3.04154,0.58491,0.55714,0.00000
603,0.3196,59375616,53956,0.01735,1.11e-04,0.5739,187.9430,0.00000,0.22500,0.00000,10.00000,918.04208,0.00000,0.73053,0.00000,0.00000,0.78704,0.00000,0.00000,0.00000,0.00000,0.00000,2.16946,1.85653,0.98425,0.97727,1.00000,2247.46810,-0.03349,-0.22027,0.22530,-0.03437,0.42944,0.78357,-0.07858,0.21791,-0.03554,-0.06760,0.08019,0.29265,0.34773,2.34648,1.59454,0.75197,0.70060,0.47619,0.73866,0.45000,1.37957,3.36808,0.51969,0.39241,0.00000
604,0.3201,59473920,52619,0.01191,1.60e-04,0.5738,161.4564,0.00000,0.22500,0.00000,10.00000,897.16134,0.00000,0.81395,0.00000,0.00000,0.78606,0.00000,0.00000,0.00000,0.00000,0.00000,2.17473,2.10845,0.97674,0.97015,1.00000,2246.22575,-0.03357,-0.22006,0.22673,-0.03453,0.42878,0.78270,-0.07851,0.21948,-0.03417,-0.06746,0.08012,0.29486,0.34803,2.49161,1.85600,0.76744,0.72222,0.44444,0.74017,0.45000,1.39523,3.15512,0.55814,0.44068,0.00000
605,0.3207,59572224,49533,0.01297,1.71e-04,0.5737,170.6317,0.00000,0.22500,0.00000,10.00000,953.04252,0.00000,0.80128,0.00000,0.00000,0.77833,0.00000,0.00000,0.00000,0.00000,0.00000,2.16669,2.02384,0.98077,0.98667,0.75000,2274.61458,-0.03353,-0.22278,0.22580,-0.03477,0.42481,0.77513,-0.07889,0.21833,-0.03413,-0.06782,0.08058,0.29361,0.34641,2.46993,1.13000,0.83173,0.81333,0.33333,0.73207,0.45000,1.38109,3.04033,0.68269,0.64000,0.00000
606,0.3212,59670528,51812,0.02054,1.22e-04,0.5738,171.9765,0.00000,0.22500,0.00000,10.00000,838.03841,0.00000,0.69801,0.00000,0.00000,0.77957,0.00000,0.00000,0.00000,0.00000,0.00000,2.18448,1.95147,0.98718,0.98000,1.00000,2287.16943,-0.03356,-0.22398,0.22613,-0.03500,0.42486,0.77639,-0.07953,0.21867,-0.03478,-0.06762,0.08077,0.29420,0.34599,2.36674,1.78857,0.71795,0.69388,0.45833,0.72995,0.45000,1.37634,3.27143,0.44872,0.39583,0.00000
607,0.3217,59768832,53551,0.01274,1.30e-04,0.5738,182.1475,0.00000,0.22500,0.00000,10.00000,915.89766,0.00000,0.77008,0.00000,0.00000,0.78427,0.00000,0.00000,0.00000,0.00000,0.00000,2.20688,1.91573,0.98020,0.97101,1.00000,2281.37288,-0.03342,-0.22350,0.22877,-0.03434,0.42716,0.78084,-0.07962,0.22079,-0.03394,-0.06764,0.08092,0.29687,0.34636,2.41550,1.69333,0.78218,0.77857,0.42105,0.73179,0.45000,1.39502,3.10963,0.58416,0.59155,0.00000
608,0.3223,59867136,53368,0.01374,1.32e-04,0.5738,186.5498,0.00000,0.22500,0.00000,10.00000,921.34022,0.00000,0.72751,0.00000,0.00000,0.78869,0.00000,0.00000,0.00000,0.00000,0.00000,2.22243,1.97164,0.96429,0.98276,0.77778,2284.92318,-0.03330,-0.22375,0.23144,-0.03558,0.43007,0.78498,-0.07888,0.22302,-0.03540,-0.06790,0.08139,0.30013,0.34737,2.42018,1.57167,0.77976,0.81818,0.33333,0.73683,0.45000,1.40471,3.11907,0.59524,0.63462,0.00000
609,0.3228,59965440,53770,0.01335,1.44e-04,0.5738,177.2739,0.00000,0.22500,0.00000,10.00000,879.22474,0.00000,0.80906,0.00000,0.00000,0.79198,0.00000,0.00000,0.00000,0.00000,0.00000,2.23094,2.08827,0.98058,0.97436,1.00000,2296.42855,-0.03314,-0.22512,0.23029,-0.03452,0.43212,0.78847,-0.07844,0.22362,-0.03221,-0.06794,0.08145,0.30003,0.34803,2.44323,1.92615,0.76214,0.74000,0.50000,0.74017,0.45000,1.40807,3.07347,0.54369,0.48611,0.00000
610,0.3233,60063744,53889,0.01248,1.87e-04,0.5738,168.6828,0.00000,0.22500,0.00000,10.00000,907.83876,0.00000,0.72487,0.00000,0.00000,0.79701,0.00000,0.00000,0.00000,0.00000,0.00000,2.23680,1.90667,0.97143,0.97183,0.87500,2262.56641,-0.03315,-0.22164,0.23098,-0.03475,0.43562,0.79359,-0.07892,0.22369,-0.03540,-0.06818,0.08227,0.30058,0.34832,2.26879,1.63833,0.76667,0.76642,0.29167,0.74160,0.45000,1.40568,2.79185,0.56190,0.54545,0.00000
611,0.3238,60162048,52697,0.01515,1.92e-04,0.5738,154.7098,0.00000,0.22500,0.00000,10.00000,920.83635,0.00000,0.76696,0.00000,0.00000,0.79788,0.00000,0.00000,0.00000,0.00000,0.00000,2.23490,1.92791,0.99115,0.98780,1.00000,2243.04232,-0.03321,-0.21984,0.23314,-0.03515,0.43683,0.79443,-0.07916,0.22566,-0.03157,-0.06828,0.08255,0.30290,0.34889,2.26621,1.48909,0.77876,0.74359,0.47368,0.74443,0.45000,1.43180,2.80631,0.56637,0.47297,0.00000
612,0.3243,60260352,53481,0.01338,2.06e-04,0.5737,173.2936,0.00000,0.22500,0.00000,10.00000,854.20729,0.00000,0.80314,0.00000,0.00000,0.79780,0.00000,0.00000,0.00000,0.00000,0.00000,2.22770,1.92324,0.97826,0.97015,1.00000,2230.45964,-0.03327,-0.21865,0.23542,-0.03625,0.43822,0.79414,-0.07907,0.22845,-0.03293,-0.06762,0.08357,0.30592,0.34949,2.43070,2.21714,0.71739,0.66917,0.50000,0.74745,0.45000,1.45559,3.36950,0.45652,0.36364,0.00000
613,0.3249,60358656,54099,0.01469,2.11e-04,0.5736,159.4229,0.00000,0.22500,0.00000,10.00000,881.51332,0.00000,0.80177,0.00000,0.00000,0.79295,0.00000,0.00000,0.00000,0.00000,0.00000,2.23113,2.00944,0.98864,0.98462,1.00000,2259.44531,-0.03339,-0.22137,0.23498,-0.03464,0.43477,0.78945,-0.07966,0.22800,-0.03426,-0.06774,0.08380,0.30563,0.34886,2.42474,2.40750,0.78977,0.77165,0.46667,0.74429,0.45000,1.45439,3.13666,0.59091,0.54839,0.00000
614,0.3254,60456960,53551,0.01547,1.56e-04,0.5736,150.8907,0.00000,0.22500,0.00000,10.00000,950.50068,0.00000,0.79561,0.00000,0.00000,0.79135,0.00000,0.00000,0.00000,0.00000,0.00000,2.25255,2.07219,1.00000,1.00000,1.00000,2294.20345,-0.03323,-0.22456,0.23635,-0.03553,0.43492,0.78774,-0.07961,0.22898,-0.03783,-0.06814,0.08433,0.30771,0.34862,2.38715,1.28000,0.82099,0.81034,0.40000,0.74309,0.45000,1.44288,2.83511,0.64198,0.60714,0.00000
615,0.3259,60555264,53844,0.01495,1.41e-04,0.5736,159.2813,0.00000,0.22500,0.00000,10.00000,957.16108,0.00000,0.72165,0.00000,0.00000,0.79611,0.00000,0.00000,0.00000,0.00000,0.00000,2.28017,1.98597,1.00000,1.00000,1.00000,2291.66471,-0.03325,-0.22438,0.23818,-0.03488,0.43741,0.79268,-0.08054,0.22930,-0.03611,-0.06791,0.08608,0.30890,0.34942,2.41770,1.57800,0.80412,0.77778,0.41176,0.74708,0.45000,1.44789,2.94363,0.60825,0.57576,0.00000
616,0.3264,60653568,54050,0.01323,1.30e-04,0.5735,169.0209,0.00000,0.22500,0.00000,10.00000,905.36332,0.00000,0.84229,0.00000,0.00000,0.80136,0.00000,0.00000,0.00000,0.00000,0.00000,2.28508,2.11538,1.00000,1.00000,1.00000,2260.46468,-0.03312,-0.22141,0.23795,-0.03555,0.44171,0.79791,-0.08028,0.22961,-0.03427,-0.06780,0.08587,0.30885,0.35144,2.68215,1.54286,0.82258,0.80851,0.50000,0.75719,0.45000,1.44306,3.53231,0.64516,0.60294,0.00000
617,0.3269,60751872,52603,0.01117,1.72e-04,0.5735,173.3299,0.00000,0.22500,0.00000,10.00000,925.19583,0.00000,0.74603,0.00000,0.00000,0.80306,0.00000,0.00000,0.00000,0.00000,0.00000,2.30645,1.99284,0.99048,1.00000,0.85714,2236.32764,-0.03313,-0.21914,0.23943,-0.03471,0.44146,0.79937,-0.07967,0.23097,-0.03560,-0.06805,0.08650,0.31034,0.35065,2.30394,1.63000,0.80000,0.80851,0.31579,0.75327,0.45000,1.44358,2.79804,0.60952,0.59701,0.00000
618,0.3274,60850176,52751,0.01389,1.87e-04,0.5735,179.7994,0.00000,0.22500,0.00000,10.00000,905.24891,0.00000,0.75556,0.00000,0.00000,0.80181,0.00000,0.00000,0.00000,0.00000,0.00000,2.29227,1.87897,0.97000,1.00000,0.75000,2263.54036,-0.03314,-0.22156,0.23868,-0.03441,0.44005,0.79829,-0.07934,0.23121,-0.03707,-0.06823,0.08664,0.30951,0.34981,2.10286,1.42400,0.75000,0.73529,0.31579,0.74906,0.45000,1.43759,2.52878,0.53000,0.45455,0.00000
619,0.3280,60948480,53411,0.01318,2.70e-04,0.5734,158.1502,0.00000,0.22500,0.00000,10.00000,912.53927,0.00000,0.82341,0.00000,0.00000,0.79860,0.00000,0.00000,0.00000,0.00000,0.00000,2.26294,2.07275,0.99107,0.98810,1.00000,2243.49268,-0.03310,-0.21971,0.23714,-0.03414,0.43773,0.79518,-0.07898,0.23061,-0.03512,-0.06795,0.08620,0.30751,0.34893,2.53077,1.80600,0.79464,0.77711,0.46667,0.74465,0.45000,1.45040,3.17200,0.59821,0.56098,0.00000
620,0.3285,61046784,52176,0.01479,2.96e-04,0.5733,178.5908,0.00000,0.22500,0.00000,10.00000,845.43691,0.00000,0.82729,0.00000,0.00000,0.79612,0.00000,0.00000,0.00000,0.00000,0.00000,2.25306,2.00582,0.98913,0.98529,1.00000,2251.83675,-0.03291,-0.22068,0.23701,-0.03502,0.43690,0.79262,-0.07799,0.23185,-0.03600,-0.06833,0.08585,0.30756,0.34859,2.39923,1.51385,0.76087,0.77372,0.50000,0.74297,0.45000,1.46112,3.00863,0.53261,0.56522,0.00000
621,0.3290,61145088,53603,0.01851,1.89e-04,0.5733,154.8459,0.00000,0.22500,0.00000,10.00000,916.31026,0.00000,0.75358,0.00000,0.00000,0.79770,0.00000,0.00000,0.00000,0.00000,0.00000,2.25185,1.88561,0.99010,0.98611,1.00000,2239.94694,-0.03295,-0.21944,0.23768,-0.03522,0.43806,0.79428,-0.07836,0.23271,-0.03259,-0.06805,0.08655,0.30915,0.34888,2.19606,1.56615,0.79703,0.78832,0.45455,0.74439,0.45000,1.48236,2.70520,0.60396,0.56923,0.00000
622,0.3295,61243392,53480,0.01488,1.76e-04,0.5734,170.0262,0.00000,0.22500,0.00000,10.00000,907.07584,0.00000,0.76319,0.00000,0.00000,0.80069,0.00000,0.00000,0.00000,0.00000,0.00000,2.26042,2.09838,0.98990,0.98485,1.00000,2233.43864,-0.03286,-0.21890,0.23818,-0.03424,0.44053,0.79731,-0.07790,0.23302,-0.03397,-0.06839,0.08668,0.30940,0.34980,2.38437,1.78400,0.79798,0.77941,0.47059,0.74902,0.45000,1.48196,2.77629,0.60606,0.58571,0.00000
623,0.3301,61341696,52948,0.01482,1.89e-04,0.5734,171.8686,0.00000,0.22500,0.00000,10.00000,923.78688,0.00000,0.78078,0.00000,0.00000,0.80233,0.00000,0.00000,0.00000,0.00000,0.00000,2.26880,1.86689,0.97297,0.96386,1.00000,2204.18327,-0.03270,-0.21612,0.23820,-0.03521,0.44154,0.79900,-0.07777,0.23341,-0.03318,-0.06830,0.08626,0.30944,0.35021,2.38342,1.72923,0.80180,0.80128,0.45000,0.75103,0.45000,1.47967,3.13322,0.63063,0.61644,0.00000
624,0.3306,61440000,53682,0.01325,2.37e-04,0.5734,182.7513,0.00000,0.22500,0.00000,10.00000,930.23013,0.00000,0.79502,0.00000,0.00000,0.79812,0.00000,0.00000,0.00000,0.00000,0.00000,2.22759,1.82064,0.99138,0.98824,1.00000,2238.73454,-0.03286,-0.21937,0.23551,-0.03394,0.43857,0.79476,-0.07752,0.22955,-0.03027,-0.06817,0.08469,0.30450,0.34958,2.33895,1.46200,0.79741,0.78313,0.44444,0.74790,0.45000,1.45992,3.14233,0.60345,0.56790,0.00000
625,0.3311,61538304,53464,0.01430,2.69e-04,0.5734,178.0738,0.00000,0.22500,0.00000,10.00000,891.12877,0.00000,0.79900,0.00000,0.00000,0.79457,0.00000,0.00000,0.00000,0.00000,0.00000,2.22202,1.96087,0.98876,0.98438,1.00000,2257.21436,-0.03286,-0.22114,0.23482,-0.03389,0.43716,0.79135,-0.07704,0.22915,-0.03253,-0.06846,0.08423,0.30327,0.34944,2.55774,1.50000,0.79775,0.76562,0.45455,0.74718,0.45000,1.46111,3.45304,0.60674,0.54688,0.00000
626,0.3316,61636608,54002,0.01927,1.58e-04,0.5735,164.0960,0.00000,0.22500,0.00000,10.00000,961.29889,0.00000,0.81408,0.00000,0.00000,0.79344,0.00000,0.00000,0.00000,0.00000,0.00000,2.23891,1.92916,1.00000,1.00000,1.00000,2252.15739,-0.03279,-0.22052,0.23448,-0.03452,0.43596,0.79023,-0.07682,0.22953,-0.03411,-0.06851,0.08401,0.30365,0.34879,2.26906,1.63428,0.86139,0.85811,0.45455,0.74393,0.45000,1.44578,2.77286,0.72277,0.70000,0.00000
627,0.3321,61734912,53507,0.01328,1.89e-04,0.5735,161.0407,0.00000,0.22500,0.00000,10.00000,932.23708,0.00000,0.65926,0.00000,0.00000,0.79274,0.00000,0.00000,0.00000,0.00000,0.00000,2.27539,1.97288,0.97333,0.97917,0.90909,2241.24235,-0.03286,-0.21966,0.23951,-0.03609,0.43524,0.78952,-0.07724,0.23404,-0.03241,-0.06825,0.08578,0.30986,0.34779,2.19978,1.91000,0.77333,0.79775,0.41667,0.73895,0.45000,1.46691,2.60545,0.57333,0.58537,0.00000
628,0.3326,61833216,53040,0.01340,2.13e-04,0.5734,163.2132,0.00000,0.22500,0.00000,10.00000,902.21793,0.00000,0.73016,0.00000,0.00000,0.79747,0.00000,0.00000,0.00000,0.00000,0.00000,2.26371,1.92099,1.00000,1.00000,1.00000,2269.34359,-0.03285,-0.22215,0.23889,-0.03559,0.43739,0.79399,-0.07805,0.23370,-0.03241,-0.06827,0.08640,0.30961,0.34861,2.40210,1.94400,0.80000,0.79710,0.44000,0.74304,0.45000,1.48127,3.15154,0.60000,0.58824,0.00000
629,0.3332,61931520,54131,0.01272,2.37e-04,0.5734,171.4831,0.00000,0.22500,0.00000,10.00000,952.56542,0.00000,0.74481,0.00000,0.00000,0.80126,0.00000,0.00000,0.00000,0.00000,0.00000,2.26740,1.67750,0.98901,0.98438,1.00000,2274.80811,-0.03292,-0.22281,0.23839,-0.03588,0.44015,0.79794,-0.07853,0.23291,-0.03252,-0.06818,0.08637,0.30880,0.35017,2.22991,1.49111,0.80220,0.77049,0.52941,0.75087,0.45000,1.47622,3.20000,0.61538,0.53448,0.00000
630,0.3337,62029824,53965,0.01313,3.42e-04,0.5733,167.7132,0.00000,0.22500,0.00000,10.00000,926.19609,0.00000,0.82778,0.00000,0.00000,0.80392,0.00000,0.00000,0.00000,0.00000,0.00000,2.27580,1.78128,1.00000,1.00000,1.00000,2237.73812,-0.03295,-0.21920,0.23945,-0.03591,0.44307,0.80050,-0.07873,0.23357,-0.03229,-0.06810,0.08648,0.31020,0.35077,2.35347,1.32667,0.79000,0.77852,0.42857,0.75385,0.45000,1.48611,3.06190,0.58000,0.57143,0.00000
631,0.3342,62128128,53750,0.01597,2.37e-04,0.5733,161.6312,0.00000,0.22500,0.00000,10.00000,925.80856,0.00000,0.71737,0.00000,0.00000,0.80708,0.00000,0.00000,0.00000,0.00000,0.00000,2.27199,1.93333,1.00000,1.00000,1.00000,2218.17334,-0.03296,-0.21742,0.23942,-0.03622,0.44493,0.80359,-0.07844,0.23393,-0.03590,-0.06816,0.08708,0.31077,0.35079,2.51985,1.36333,0.82524,0.85714,0.43333,0.75395,0.45000,1.48037,3.35333,0.65049,0.70769,0.00000
632,0.3347,62226432,53409,0.01347,2.24e-04,0.5732,187.5566,0.00000,0.22500,0.00000,10.00000,896.03852,0.00000,0.78065,0.00000,0.00000,0.80577,0.00000,0.00000,0.00000,0.00000,0.00000,2.27357,1.89091,0.97414,0.96591,1.00000,2228.42415,-0.03286,-0.21830,0.23962,-0.03539,0.44388,0.80233,-0.07864,0.23409,-0.03218,-0.06809,0.08748,0.31076,0.35074,2.39658,1.39692,0.77586,0.76687,0.48000,0.75369,0.45000,1.48864,3.34113,0.57759,0.53333,0.00000
633,0.3352,62324736,53400,0.01510,1.60e-04,0.5732,148.9192,0.00000,0.22500,0.00000,10.00000,966.08439,0.00000,0.81807,0.00000,0.00000,0.80320,0.00000,0.00000,0.00000,0.00000,0.00000,2.26241,2.10817,1.00000,1.00000,1.00000,2237.10954,-0.03307,-0.21918,0.23842,-0.03533,0.44117,0.79964,-0.07845,0.23230,-0.03231,-0.06804,0.08690,0.30906,0.34954,2.47967,1.11000,0.82967,0.79851,0.33333,0.74768,0.45000,1.47385,3.01796,0.65934,0.57812,0.00000
634,0.3357,62423040,54132,0.01580,1.30e-04,0.5732,150.8011,0.00000,0.22500,0.00000,10.00000,885.95256,0.00000,0.72289,0.00000,0.00000,0.79676,0.00000,0.00000,0.00000,0.00000,0.00000,2.25993,1.85903,0.98795,0.98182,1.00000,2224.81689,-0.03307,-0.21813,0.23777,-0.03505,0.43764,0.79312,-0.07865,0.23186,-0.03335,-0.06779,0.08754,0.30822,0.34831,2.51383,1.46889,0.75904,0.73148,0.44444,0.74156,0.45000,1.47504,3.78250,0.53012,0.47170,0.00000
635,0.3363,62521344,54319,0.01278,1.72e-04,0.5731,160.6950,0.00000,0.22500,0.00000,10.00000,910.53275,0.00000,0.77635,0.00000,0.00000,0.79658,0.00000,0.00000,0.00000,0.00000,0.00000,2.27067,1.88774,1.00000,1.00000,1.00000,2228.38428,-0.03299,-0.21835,0.24085,-0.03440,0.43946,0.79310,-0.07904,0.23437,-0.03188,-0.06782,0.08912,0.31185,0.34864,2.36516,1.67200,0.76923,0.73394,0.44444,0.74321,0.45000,1.50363,3.32000,0.53846,0.43137,0.00000
636,0.3368,62619648,54615,0.01329,2.07e-04,0.5731,156.9596,0.00000,0.22500,0.00000,10.00000,919.26971,0.00000,0.76962,0.00000,0.00000,0.80331,0.00000,0.00000,0.00000,0.00000,0.00000,2.27989,1.92500,1.00000,1.00000,1.00000,2224.96712,-0.03283,-0.21824,0.24304,-0.03556,0.44321,0.79971,-0.07942,0.23624,-0.03094,-0.06784,0.09023,0.31430,0.35033,2.32706,1.72750,0.80734,0.80132,0.38889,0.75165,0.45000,1.53251,2.97654,0.61468,0.59459,0.00000
637,0.3373,62717952,53156,0.01521,1.92e-04,0.5731,168.4588,0.00000,0.22500,0.00000,10.00000,953.01786,0.00000,0.82672,0.00000,0.00000,0.80668,0.00000,0.00000,0.00000,0.00000,0.00000,2.26262,1.96000,1.00000,1.00000,1.00000,2229.50602,-0.03299,-0.21851,0.24201,-0.03591,0.44621,0.80312,-0.07989,0.23585,-0.03194,-0.06787,0.08950,0.31440,0.35165,2.32769,1.48400,0.80952,0.78400,0.44444,0.75825,0.45000,1.53777,2.82040,0.61905,0.56452,0.00000
638,0.3378,62816256,54176,0.01659,1.20e-04,0.5731,163.3077,0.00000,0.22500,0.00000,10.00000,926.19979,0.00000,0.69192,0.00000,0.00000,0.80500,0.00000,0.00000,0.00000,0.00000,0.00000,2.26027,1.81671,0.99091,0.98529,1.00000,2226.87044,-0.03296,-0.21818,0.24264,-0.03542,0.44566,0.80139,-0.08000,0.23642,-0.03127,-0.06811,0.08972,0.31482,0.35137,2.11969,1.50875,0.76364,0.72993,0.42308,0.75685,0.45000,1.54540,2.59840,0.53636,0.47826,0.00000
639,0.3383,62914560,53684,0.01339,1.32e-04,0.5731,169.1781,0.00000,0.22500,0.00000,10.00000,962.67946,0.00000,0.74619,0.00000,0.00000,0.80371,0.00000,0.00000,0.00000,0.00000,0.00000,2.23638,1.97590,1.00000,1.00000,1.00000,2235.28548,-0.03294,-0.21895,0.23953,-0.03494,0.44373,0.80024,-0.07945,0.23397,-0.03138,-0.06788,0.08852,0.31097,0.35061,2.25000,1.79385,0.83333,0.82482,0.50000,0.75306,0.45000,1.52520,2.66363,0.66667,0.62500,0.00000
640,0.3388,63012864,53905,0.01421,1.56e-04,0.5731,166.9876,0.00000,0.22500,0.00000,10.00000,976.87386,0.00000,0.74747,0.00000,0.00000,0.79783,0.00000,0.00000,0.00000,0.00000,0.00000,2.23781,1.79975,0.98182,0.97333,1.00000,2213.47949,-0.03289,-0.21699,0.23821,-0.03491,0.44093,0.79440,-0.07928,0.23274,-0.03163,-0.06795,0.08823,0.30922,0.34962,2.24103,1.28667,0.82727,0.79054,0.50000,0.74810,0.45000,1.49953,2.87143,0.67273,0.60274,0.00000
641,0.3393,63111168,53207,0.01427,1.89e-04,0.5730,153.8359,0.00000,0.22500,0.00000,10.00000,991.52661,0.00000,0.67155,0.00000,0.00000,0.79652,0.00000,0.00000,0.00000,0.00000,0.00000,2.23628,1.85882,0.97802,0.96721,1.00000,2227.38835,-0.03281,-0.21832,0.23913,-0.03502,0.43955,0.79321,-0.07875,0.23295,-0.03170,-0.06791,0.08900,0.30970,0.34939,2.26691,2.11000,0.82967,0.83636,0.35000,0.74695,0.45000,1.50348,2.92762,0.68132,0.67347,0.00000
642,0.3399,63209472,53091,0.01503,1.43e-04,0.5730,163.0336,0.00000,0.22500,0.00000,10.00000,952.70892,0.00000,0.72165,0.00000,0.00000,0.79801,0.00000,0.00000,0.00000,0.00000,0.00000,2.23424,1.88082,0.98969,1.00000,0.88889,2240.46712,-0.03294,-0.21962,0.23809,-0.03377,0.43956,0.79473,-0.07902,0.23267,-0.03310,-0.06792,0.08911,0.30888,0.34960,2.37062,1.64769,0.82474,0.84127,0.36364,0.74801,0.45000,1.50656,3.02073,0.65979,0.67742,0.00000
643,0.3404,63307776,53527,0.01384,1.56e-04,0.5731,160.4850,0.00000,0.22500,0.00000,10.00000,955.50130,0.00000,0.77160,0.00000,0.00000,0.80058,0.00000,0.00000,0.00000,0.00000,0.00000,2.23836,1.88975,1.00000,1.00000,1.00000,2228.24544,-0.03287,-0.21862,0.23847,-0.03452,0.44072,0.79715,-0.07934,0.23293,-0.03087,-0.06792,0.08861,0.30935,0.35003,2.37915,1.65428,0.83796,0.82000,0.38462,0.75014,0.45000,1.51589,3.02098,0.67593,0.64000,0.00000
644,0.3409,63406080,53623,0.01565,1.20e-04,0.5731,177.5171,0.00000,0.22500,0.00000,10.00000,939.28379,0.00000,0.76023,0.00000,0.00000,0.80466,0.00000,0.00000,0.00000,0.00000,0.00000,2.23701,1.77163,1.00000,1.00000,1.00000,2187.95280,-0.03294,-0.21475,0.23872,-0.03539,0.44293,0.80118,-0.07887,0.23286,-0.03023,-0.06786,0.08850,0.30943,0.35009,2.31292,1.25091,0.80263,0.77564,0.44444,0.75043,0.45000,1.51774,3.11552,0.60526,0.55128,0.00000
645,0.3414,63504384,53535,0.01199,1.72e-04,0.5731,192.2813,0.00000,0.22500,0.00000,10.00000,930.94989,0.00000,0.74786,0.00000,0.00000,0.80544,0.00000,0.00000,0.00000,0.00000,0.00000,2.23056,1.90850,0.95192,0.95714,0.80000,2188.79232,-0.03289,-0.21458,0.23778,-0.03570,0.44385,0.80194,-0.07886,0.23263,-0.02975,-0.06790,0.08798,0.30863,0.35047,2.41765,1.51000,0.80288,0.80714,0.38095,0.75235,0.45000,1.50466,3.14500,0.65385,0.65714,0.00000
646,0.3419,63602688,53421,0.01325,1.56e-04,0.5730,185.7961,0.00000,0.22500,0.00000,10.00000,959.76391,0.00000,0.78144,0.00000,0.00000,0.80089,0.00000,0.00000,0.00000,0.00000,0.00000,2.23484,1.88116,1.00000,1.00000,1.00000,2212.65739,-0.03302,-0.21684,0.23846,-0.03585,0.44155,0.79747,-0.07938,0.23331,-0.03320,-0.06749,0.08836,0.30967,0.34984,2.44083,1.83600,0.83516,0.83594,0.40000,0.74921,0.45000,1.50892,3.19804,0.67033,0.66667,0.00000
647,0.3425,63700992,53627,0.01176,2.25e-04,0.5730,175.2652,0.00000,0.22300,0.00000,10.00000,989.17562,0.00000,0.75650,0.00000,0.00000,0.79916,0.00000,0.00000,0.00000,0.00000,0.00000,2.22631,1.93267,0.94681,0.94118,1.00000,2237.80908,-0.03308,-0.21923,0.23774,-0.03385,0.44003,0.79562,-0.07894,0.23185,-0.03431,-0.06770,0.08810,0.30746,0.34927,2.47869,1.36800,0.83511,0.82031,0.33333,0.74633,0.44600,1.50173,3.23882,0.72340,0.68333,0.00000
648,0.3430,63799296,53324,0.01345,2.37e-04,0.5729,172.5599,0.00000,0.22100,0.00000,10.00000,940.39904,0.00000,0.70818,0.00000,0.00000,0.80145,0.00000,0.00000,0.00000,0.00000,0.00000,2.26417,1.87371,0.97802,0.98387,0.87500,2253.41650,-0.03303,-0.22078,0.24139,-0.03575,0.44062,0.79798,-0.07848,0.23580,-0.03428,-0.06810,0.08909,0.31252,0.34949,2.45097,1.55400,0.82418,0.83621,0.35000,0.74744,0.44200,1.51519,3.39070,0.67033,0.66667,0.00000
649,0.3435,63897600,53388,0.01773,1.72e-04,0.5729,154.2832,0.00000,0.21900,0.00000,10.00000,937.93140,0.00000,0.72338,0.00000,0.00000,0.80622,0.00000,0.00000,0.00000,0.00000,0.00000,2.28543,1.89605,1.00000,1.00000,1.00000,2220.70312,-0.03303,-0.21780,0.24296,-0.03552,0.44332,0.80279,-0.07899,0.23721,-0.03246,-0.06766,0.09049,0.31464,0.35004,2.19883,1.68923,0.81250,0.81600,0.45833,0.75020,0.43800,1.53070,2.72182,0.62500,0.61667,0.00000
650,0.3441,63995904,53026,0.01334,1.89e-04,0.5729,149.9842,0.00000,0.21700,0.00000,10.00000,931.59138,0.00000,0.79900,0.00000,0.00000,0.80730,0.00000,0.00000,0.00000,0.00000,0.00000,2.31089,1.76263,0.98876,0.98571,1.00000,2207.22331,-0.03293,-0.21630,0.24537,-0.03638,0.44513,0.80390,-0.07856,0.23981,-0.03145,-0.06770,0.09098,0.31778,0.35046,2.18950,2.05000,0.80337,0.80469,0.42857,0.75230,0.43400,1.53309,2.92682,0.61798,0.58621,0.00000
651,0.3446,64094208,52769,0.01348,1.89e-04,0.5728,152.1264,0.00000,0.21500,0.00000,10.00000,907.56790,0.00000,0.77362,0.00000,0.00000,0.80739,0.00000,0.00000,0.00000,0.00000,0.00000,2.31250,1.97724,0.98131,0.97500,1.00000,2185.78288,-0.03290,-0.21426,0.24555,-0.03525,0.44492,0.80390,-0.07883,0.23914,-0.03188,-0.06757,0.09195,0.31690,0.35025,2.26782,1.31692,0.78972,0.77852,0.40000,0.75125,0.43000,1.52176,2.76353,0.59813,0.55072,0.00000
652,0.3451,64192512,53576,0.01479,1.60e-04,0.5727,149.9235,0.00000,0.21300,0.00000,10.00000,919.43608,0.00000,0.71829,0.00000,0.00000,0.80744,0.00000,0.00000,0.00000,0.00000,0.00000,2.28615,2.02439,1.00000,1.00000,1.00000,2172.65072,-0.03295,-0.21315,0.24299,-0.03437,0.44485,0.80403,-0.07900,0.23704,-0.02984,-0.06752,0.09048,0.31351,0.35039,2.45686,1.96923,0.80303,0.81250,0.45833,0.75195,0.42600,1.52137,3.36615,0.60606,0.57895,0.00000
653,0.3456,64290816,53430,0.01112,2.07e-04,0.5727,158.4597,0.00000,0.21100,0.00000,10.00000,898.40768,0.00000,0.78261,0.00000,0.00000,0.80167,0.00000,0.00000,0.00000,0.00000,0.00000,2.26291,1.95404,0.98261,0.97619,1.00000,2189.30192,-0.03299,-0.21448,0.24199,-0.03552,0.44254,0.79845,-0.07815,0.23701,-0.03264,-0.06767,0.09005,0.31310,0.35021,2.48857,1.92714,0.78261,0.79012,0.46154,0.75103,0.42200,1.51394,3.23851,0.58261,0.58974,0.00000
654,0.3461,64389120,53143,0.01518,1.89e-04,0.5727,175.6329,0.00000,0.20900,0.00000,10.00000,1015.38928,0.00000,0.77658,0.00000,0.00000,0.79992,0.00000,0.00000,0.00000,0.00000,0.00000,2.24745,1.99159,1.00000,1.00000,1.00000,2231.53630,-0.03308,-0.21859,0.23982,-0.03504,0.43943,0.79655,-0.07868,0.23504,-0.03174,-0.06775,0.08933,0.31026,0.34957,2.61645,0.94000,0.87097,0.86154,0.25000,0.74783,0.41800,1.50035,3.40036,0.74194,0.70968,0.00000
655,0.3467,64487424,52993,0.01346,1.92e-04,0.5727,161.4310,0.00000,0.20700,0.00000,10.00000,903.22132,0.00000,0.74543,0.00000,0.00000,0.79455,0.00000,0.00000,0.00000,0.00000,0.00000,2.27155,1.80719,1.00000,1.00000,1.00000,2249.82650,-0.03296,-0.22036,0.24053,-0.03575,0.43660,0.79138,-0.07870,0.23622,-0.03278,-0.06796,0.08952,0.31148,0.34883,2.33148,1.53555,0.77848,0.76415,0.44444,0.74416,0.41400,1.48894,3.23838,0.55696,0.50000,0.00000
656,0.3472,64585728,54792,0.01407,1.92e-04,0.5726,149.1781,0.00000,0.20700,0.00000,10.00000,909.02466,0.00000,0.86345,0.00000,0.00000,0.79371,0.00000,0.00000,0.00000,0.00000,0.00000,2.29003,1.90055,1.00000,1.00000,1.00000,2252.70475,-0.03296,-0.22083,0.24071,-0.03625,0.43558,0.79064,-0.07885,0.23530,-0.03194,-0.06789,0.08948,0.31079,0.34854,2.44598,1.50286,0.79518,0.78295,0.50000,0.74268,0.41400,1.46766,3.31866,0.59036,0.54839,0.00000
657,0.3477,64684032,53327,0.01352,1.92e-04,0.5726,154.7233,0.00000,0.20700,0.00000,10.00000,947.76029,0.00000,0.77991,0.00000,0.00000,0.79761,0.00000,0.00000,0.00000,0.00000,0.00000,2.29828,1.97023,0.98077,0.98765,1.00000,2246.04183,-0.03290,-0.22010,0.24049,-0.03552,0.43699,0.79451,-0.07872,0.23551,-0.03347,-0.06818,0.08993,0.31059,0.34825,2.27153,2.72572,0.79808,0.80822,0.41176,0.74126,0.41400,1.45726,2.81265,0.61538,0.58462,0.00000
658,0.3482,64782336,53433,0.01404,2.06e-04,0.5726,160.9404,0.00000,0.20500,0.00000,10.00000,974.07677,0.00000,0.79106,0.00000,0.00000,0.80157,0.00000,0.00000,0.00000,0.00000,0.00000,2.31863,1.80946,0.98913,1.00000,1.00000,2232.70085,-0.03295,-0.21872,0.23972,-0.03502,0.43785,0.79843,-0.07841,0.23432,-0.03017,-0.06779,0.08985,0.30943,0.34810,2.12000,1.45750,0.82609,0.83206,0.40000,0.74049,0.41000,1.44195,2.53036,0.66304,0.65079,0.00000
659,0.3487,64880640,53695,0.01454,1.98e-04,0.5727,157.6898,0.00000,0.20500,0.00000,10.00000,904.87420,0.00000,0.76132,0.00000,0.00000,0.79970,0.00000,0.00000,0.00000,0.00000,0.00000,2.31446,1.94143,0.99074,0.98611,1.00000,2225.31510,-0.03316,-0.21788,0.23734,-0.03426,0.43544,0.79645,-0.07880,0.23127,-0.03470,-0.06784,0.08930,0.30643,0.34712,2.28028,2.34286,0.77778,0.76351,0.48000,0.73559,0.41000,1.40133,2.78857,0.56481,0.55263,0.00000
660,0.3492,64978944,53687,0.01362,2.27e-04,0.5727,157.1286,0.00000,0.20500,0.00000,10.00000,997.42289,0.00000,0.72222,0.00000,0.00000,0.78997,0.00000,0.00000,0.00000,0.00000,0.00000,2.28635,1.88282,0.98000,0.98571,1.00000,2210.33138,-0.03325,-0.21637,0.23393,-0.03365,0.43185,0.78701,-0.07837,0.22793,-0.03481,-0.06753,0.08909,0.30224,0.34657,2.16500,1.33333,0.81000,0.80769,0.44444,0.73285,0.41000,1.37465,2.57259,0.64000,0.60000,0.00000
661,0.3498,65077248,52380,0.01344,2.73e-04,0.5727,173.5281,0.00000,0.20500,0.00000,10.00000,948.52677,0.00000,0.80367,0.00000,0.00000,0.78680,0.00000,0.00000,0.00000,0.00000,0.00000,2.26890,1.91227,1.00000,1.00000,1.00000,2213.47640,-0.03327,-0.21683,0.23187,-0.03354,0.42965,0.78374,-0.07816,0.22568,-0.03611,-0.06764,0.08857,0.29959,0.34608,2.31437,1.50333,0.82524,0.79866,0.45455,0.73041,0.41000,1.35769,3.06723,0.65049,0.54545,0.00000
662,0.3503,65175552,53908,0.01604,1.56e-04,0.5727,162.6641,0.00000,0.20500,0.00000,10.00000,937.33065,0.00000,0.75810,0.00000,0.00000,0.78291,0.00000,0.00000,0.00000,0.00000,0.00000,2.26067,1.73397,1.00000,1.00000,1.00000,2224.38900,-0.03330,-0.21778,0.23050,-0.03355,0.42788,0.77978,-0.07814,0.22427,-0.03493,-0.06731,0.08767,0.29742,0.34534,2.16800,1.59200,0.79167,0.78626,0.45000,0.72668,0.41000,1.34995,2.77731,0.58333,0.58209,0.00000
663,0.3508,65273856,52749,0.01306,1.69e-04,0.5727,156.7025,0.00000,0.20500,0.00000,10.00000,912.41421,0.00000,0.74973,0.00000,0.00000,0.77968,0.00000,0.00000,0.00000,0.00000,0.00000,2.24883,1.83388,1.00000,1.00000,1.00000,2253.62109,-0.03341,-0.22060,0.22942,-0.03248,0.42464,0.77676,-0.07847,0.22272,-0.03747,-0.06753,0.08780,0.29552,0.34456,2.00451,1.44706,0.76699,0.76978,0.44444,0.72281,0.41000,1.33891,2.30667,0.53398,0.51515,0.00000
664,0.3513,65372160,53596,0.01599,1.76e-04,0.5726,158.9222,0.00000,0.20500,0.00000,10.00000,921.45639,0.00000,0.79932,0.00000,0.00000,0.77873,0.00000,0.00000,0.00000,0.00000,0.00000,2.24288,1.88054,0.98980,0.98571,1.00000,2249.61995,-0.03339,-0.22055,0.22843,-0.03378,0.42296,0.77589,-0.07896,0.22153,-0.03358,-0.06752,0.08745,0.29486,0.34433,2.30000,1.92400,0.79082,0.75887,0.36364,0.72165,0.41000,1.33900,2.89692,0.59184,0.53521,0.00000
665,0.3519,65470464,53351,0.01303,1.49e-04,0.5726,165.1985,0.00000,0.20500,0.00000,10.00000,961.24057,0.00000,0.77594,0.00000,0.00000,0.78268,0.00000,0.00000,0.00000,0.00000,0.00000,2.24843,1.78958,1.00000,1.00000,1.00000,2240.20150,-0.03332,-0.21943,0.22820,-0.03279,0.42580,0.77953,-0.07783,0.22182,-0.03482,-0.06774,0.08677,0.29461,0.34512,2.34229,1.39000,0.78512,0.77515,0.41176,0.72560,0.41000,1.32504,3.21213,0.57025,0.52500,0.00000
666,0.3524,65568768,53421,0.01277,1.56e-04,0.5726,176.4015,0.00000,0.20500,0.00000,10.00000,944.81204,0.00000,0.75708,0.00000,0.00000,0.78116,0.00000,0.00000,0.00000,0.00000,0.00000,2.22947,1.73951,1.00000,1.00000,1.00000,2237.53255,-0.03331,-0.21903,0.22524,-0.03363,0.42386,0.77814,-0.07749,0.21956,-0.03464,-0.06761,0.08595,0.29158,0.34475,2.08711,1.33000,0.79412,0.79137,0.45455,0.72377,0.41000,1.30219,2.60852,0.58824,0.57353,0.00000
667,0.3529,65667072,53698,0.01396,2.07e-04,0.5725,152.8913,0.00000,0.20500,0.00000,10.00000,921.03512,0.00000,0.83626,0.00000,0.00000,0.77605,0.00000,0.00000,0.00000,0.00000,0.00000,2.24966,1.77973,0.97895,0.97260,1.00000,2255.68587,-0.03358,-0.22084,0.22617,-0.03349,0.41992,0.77300,-0.07862,0.22016,-0.03498,-0.06711,0.08723,0.29257,0.34314,2.26480,1.86000,0.77895,0.73427,0.42857,0.71568,0.41000,1.30453,2.99240,0.57895,0.48571,0.00000
668,0.3534,65765376,53010,0.01452,1.72e-04,0.5724,139.5650,0.00000,0.20500,0.00000,10.00000,889.04936,0.00000,0.79545,0.00000,0.00000,0.77290,0.00000,0.00000,0.00000,0.00000,0.00000,2.24278,1.93507,0.96591,0.95588,1.00000,2260.25472,-0.03359,-0.22120,0.22448,-0.03196,0.41803,0.77000,-0.07858,0.21759,-0.03645,-0.06733,0.08670,0.29030,0.34273,2.24407,1.98500,0.77841,0.77778,0.43750,0.71364,0.41000,1.28384,2.80800,0.59091,0.56897,0.00000
669,0.3539,65863680,53641,0.01529,1.47e-04,0.5723,185.2304,0.00000,0.20500,0.00000,10.00000,890.14444,0.00000,0.75309,0.00000,0.00000,0.77295,0.00000,0.00000,0.00000,0.00000,0.00000,2.27294,1.92606,0.97778,0.96610,1.00000,2265.73893,-0.03342,-0.22192,0.22601,-0.03195,0.41906,0.77019,-0.07844,0.21835,-0.03408,-0.06743,0.08751,0.29214,0.34349,2.34301,1.43833,0.74444,0.72951,0.36842,0.71745,0.41000,1.29095,2.92851,0.51111,0.50794,0.00000
670,0.3544,65961984,53265,0.01195,1.98e-04,0.5723,173.9922,0.00000,0.20500,0.00000,10.00000,917.94312,0.00000,0.72338,0.00000,0.00000,0.77849,0.00000,0.00000,0.00000,0.00000,0.00000,2.28625,1.86973,1.00000,1.00000,1.00000,2297.68799,-0.03347,-0.22487,0.22599,-0.03204,0.42161,0.77571,-0.07860,0.21767,-0.03780,-0.06749,0.08769,0.29206,0.34414,2.17193,1.28000,0.74479,0.72800,0.45455,0.72069,0.41000,1.27620,2.66889,0.48958,0.44262,0.00000
671,0.3550,66060288,52816,0.01425,1.60e-04,0.5722,174.4749,0.00000,0.20500,0.00000,10.00000,944.69080,0.00000,0.81329,0.00000,0.00000,0.78224,0.00000,0.00000,0.00000,0.00000,0.00000,2.30056,1.81160,1.00000,1.00000,1.00000,2308.05127,-0.03362,-0.22589,0.22749,-0.03300,0.42250,0.77954,-0.07962,0.21890,-0.03522,-0.06740,0.08807,0.29387,0.34467,2.25845,1.87750,0.81959,0.80986,0.46154,0.72333,0.41000,1.28678,3.01250,0.63918,0.59701,0.00000
672,0.3555,66158592,53659,0.01318,1.43e-04,0.5722,151.7719,0.00000,0.20500,0.00000,10.00000,902.49429,0.00000,0.71581,0.00000,0.00000,0.78670,0.00000,0.00000,0.00000,0.00000,0.00000,2.30427,1.88265,1.00000,1.00000,1.00000,2311.63704,-0.03358,-0.22622,0.22832,-0.03273,0.42495,0.78360,-0.07976,0.21883,-0.03484,-0.06729,0.08856,0.29442,0.34515,2.24076,1.53444,0.72596,0.70896,0.45161,0.72576,0.41000,1.29109,2.84735,0.45192,0.40000,0.00000
673,0.3560,66256896,54695,0.01324,1.87e-04,0.5722,164.9668,0.00000,0.20500,0.00000,10.00000,883.34162,0.00000,0.82492,0.00000,0.00000,0.79085,0.00000,0.00000,0.00000,0.00000,0.00000,2.31075,1.84500,0.96970,0.96000,1.00000,2272.77897,-0.03363,-0.22251,0.22973,-0.03272,0.42822,0.78776,-0.07998,0.22102,-0.03582,-0.06749,0.08909,0.29678,0.34573,2.39015,1.44857,0.74242,0.72109,0.42857,0.72863,0.41000,1.30607,3.29875,0.51515,0.47222,0.00000
674,0.3565,66355200,53860,0.01327,2.27e-04,0.5721,168.9715,0.00000,0.20500,0.00000,10.00000,888.86387,0.00000,0.74238,0.00000,0.00000,0.78899,0.00000,0.00000,0.00000,0.00000,0.00000,2.30873,1.82867,0.99115,0.98750,1.00000,2252.49300,-0.03348,-0.22057,0.22977,-0.03331,0.42940,0.78606,-0.07913,0.22367,-0.03317,-0.06757,0.08940,0.29857,0.34610,2.26956,1.44857,0.75221,0.71523,0.45833,0.73048,0.41000,1.32272,3.13217,0.51327,0.40845,0.00000
675,0.3570,66453504,54323,0.01381,2.24e-04,0.5721,160.8872,0.00000,0.20500,0.00000,10.00000,964.09367,0.00000,0.78502,0.00000,0.00000,0.78493,0.00000,0.00000,0.00000,0.00000,0.00000,2.30113,1.77479,1.00000,1.00000,1.00000,2240.16016,-0.03351,-0.21930,0.22897,-0.03301,0.42768,0.78211,-0.07941,0.22274,-0.03556,-0.06728,0.08953,0.29752,0.34524,2.43210,1.46400,0.83696,0.81538,0.50000,0.72619,0.41000,1.31676,3.47521,0.67391,0.61290,0.00000
676,0.3575,66551808,54480,0.01435,1.87e-04,0.5721,148.7118,0.00000,0.20500,0.00000,10.00000,829.18730,0.00000,0.79861,0.00000,0.00000,0.78434,0.00000,0.00000,0.00000,0.00000,0.00000,2.32646,1.92714,0.98750,0.98387,1.00000,2245.14925,-0.03343,-0.21979,0.23290,-0.03344,0.42711,0.78143,-0.07939,0.22517,-0.03491,-0.06720,0.09112,0.30118,0.34503,2.22725,1.94889,0.71875,0.70435,0.42105,0.72514,0.41000,1.33228,2.88375,0.45000,0.37736,0.00000
677,0.3581,66650112,52402,0.01817,1.70e-04,0.5720,170.1019,0.00000,0.20500,0.00000,10.00000,911.68969,0.00000,0.79946,0.00000,0.00000,0.78758,0.00000,0.00000,0.00000,0.00000,0.00000,2.33956,1.79367,1.00000,1.00000,1.00000,2247.89518,-0.03337,-0.22015,0.23602,-0.03356,0.42939,0.78457,-0.07978,0.22850,-0.03455,-0.06722,0.09184,0.30497,0.34562,2.24350,1.08667,0.78049,0.72881,0.40000,0.72809,0.41000,1.36293,2.97297,0.56098,0.46667,0.00000
678,0.3586,66748416,54232,0.01684,1.22e-04,0.5720,159.7969,0.00000,0.20500,0.00000,10.00000,886.03051,0.00000,0.76520,0.00000,0.00000,0.79022,0.00000,0.00000,0.00000,0.00000,0.00000,2.32692,1.98900,1.00000,1.00000,1.00000,2232.44303,-0.03346,-0.21866,0.23593,-0.03356,0.43121,0.78731,-0.08028,0.22762,-0.03317,-0.06701,0.09198,0.30464,0.34631,2.36784,1.88600,0.75472,0.72603,0.42857,0.73156,0.41000,1.36756,3.04133,0.50943,0.46667,0.00000
679,0.3591,66846720,53388,0.01256,1.18e-04,0.5720,170.8810,0.00000,0.20500,0.00000,10.00000,895.70483,0.00000,0.83912,0.00000,0.00000,0.79032,0.00000,0.00000,0.00000,0.00000,0.00000,2.29984,1.90325,1.00000,1.00000,1.00000,2239.86410,-0.03368,-0.21918,0.23295,-0.03278,0.43025,0.78742,-0.08094,0.22543,-0.03442,-0.06675,0.09085,0.30091,0.34664,2.28369,1.47428,0.78646,0.77241,0.46667,0.73320,0.41000,1.36131,2.89240,0.57292,0.54167,0.00000
680,0.3596,66945024,53469,0.01015,1.76e-04,0.5719,160.9071,0.00000,0.20500,0.00000,10.00000,862.86659,0.00000,0.79365,0.00000,0.00000,0.78901,0.00000,0.00000,0.00000,0.00000,0.00000,2.29110,1.77605,0.99048,0.98649,1.00000,2232.96761,-0.03344,-0.21849,0.23186,-0.03379,0.43094,0.78618,-0.08028,0.22441,-0.03583,-0.06727,0.09028,0.29962,0.34662,2.31767,1.47400,0.74762,0.72667,0.36842,0.73310,0.41000,1.34877,3.23167,0.50476,0.47368,0.00000
681,0.3601,67043328,53657,0.01522,1.20e-04,0.5719,164.5428,0.00000,0.20500,0.00000,10.00000,917.41016,0.00000,0.76111,0.00000,0.00000,0.79130,0.00000,0.00000,0.00000,0.00000,0.00000,2.29292,1.68691,0.98000,0.97297,1.00000,2190.16032,-0.03344,-0.21454,0.23240,-0.03316,0.43188,0.78843,-0.08002,0.22557,-0.03463,-0.06696,0.09097,0.30076,0.34670,2.49038,1.04333,0.78000,0.75912,0.44444,0.73350,0.41000,1.36473,3.79200,0.58000,0.50794,0.00000
682,0.3606,67141632,53545,0.01082,1.71e-04,0.5719,188.5798,0.00000,0.20500,0.00000,10.00000,861.24504,0.00000,0.84491,0.00000,0.00000,0.78947,0.00000,0.00000,0.00000,0.00000,0.00000,2.29990,1.86361,0.96875,0.96104,1.00000,2205.76172,-0.03343,-0.21583,0.23354,-0.03290,0.43100,0.78628,-0.07972,0.22662,-0.03414,-0.06722,0.09044,0.30178,0.34595,2.30672,1.91000,0.72917,0.70548,0.50000,0.72975,0.41000,1.36113,3.12400,0.48958,0.42029,0.00000
683,0.3612,67239936,53436,0.01197,2.47e-04,0.5719,179.8704,0.00000,0.20500,0.00000,10.00000,891.95394,0.00000,0.71958,0.00000,0.00000,0.78971,0.00000,0.00000,0.00000,0.00000,0.00000,2.30319,1.96048,0.99048,0.98592,1.00000,2236.57357,-0.03365,-0.21876,0.23224,-0.03285,0.42987,0.78665,-0.08062,0.22578,-0.03666,-0.06725,0.09108,0.30079,0.34588,2.50152,2.03571,0.77619,0.77206,0.44444,0.72942,0.41000,1.34891,3.43708,0.56190,0.53846,0.00000
684,0.3617,67338240,53695,0.01476,2.06e-04,0.5719,178.2584,0.00000,0.20500,0.00000,10.00000,927.44204,0.00000,0.75269,0.00000,0.00000,0.78765,0.00000,0.00000,0.00000,0.00000,0.00000,2.29319,1.76620,0.97849,0.96923,1.00000,2237.02393,-0.03375,-0.21890,0.23168,-0.03301,0.42915,0.78459,-0.08161,0.22515,-0.03555,-0.06707,0.09035,0.30011,0.34627,2.42719,1.41750,0.80108,0.79365,0.41176,0.73133,0.41000,1.34978,3.51860,0.62366,0.60656,0.00000
685,0.3622,67436544,54465,0.01578,1.92e-04,0.5719,166.4697,0.00000,0.20500,0.00000,10.00000,905.66406,0.00000,0.83088,0.00000,0.00000,0.78820,0.00000,0.00000,0.00000,0.00000,0.00000,2.29703,1.81613,0.99115,0.98837,1.00000,2214.62223,-0.03366,-0.21702,0.23119,-0.03288,0.43025,0.78524,-0.08119,0.22444,-0.03578,-0.06683,0.09035,0.29924,0.34665,2.39425,1.58500,0.78761,0.77515,0.43750,0.73323,0.41000,1.34729,3.29033,0.58407,0.55422,0.00000
686,0.3627,67534848,53902,0.01430,1.87e-04,0.5719,167.0790,0.00000,0.20500,0.00000,10.00000,906.15200,0.00000,0.81871,0.00000,0.00000,0.78817,0.00000,0.00000,0.00000,0.00000,0.00000,2.28005,1.82899,0.99123,0.98810,1.00000,2216.21484,-0.03390,-0.21689,0.22944,-0.03254,0.42971,0.78518,-0.08104,0.22260,-0.03757,-0.06702,0.08928,0.29696,0.34649,2.36639,1.65428,0.77632,0.75000,0.35714,0.73246,0.41000,1.32700,3.19103,0.56140,0.51190,0.00000
687,0.3632,67633152,53687,0.01487,1.32e-04,0.5718,188.7050,0.00000,0.20500,0.00000,10.00000,889.32143,0.00000,0.81633,0.00000,0.00000,0.78581,0.00000,0.00000,0.00000,0.00000,0.00000,2.26465,1.79275,1.00000,1.00000,1.00000,2229.34473,-0.03374,-0.21807,0.22691,-0.03281,0.42808,0.78276,-0.07992,0.22073,-0.03743,-0.06707,0.08781,0.29434,0.34574,2.30147,1.49846,0.74490,0.72917,0.47368,0.72872,0.41000,1.31311,3.02821,0.48980,0.46575,0.00000
688,0.3637,67731456,53621,0.01055,1.76e-04,0.5718,171.8265,0.00000,0.20500,0.00000,10.00000,968.67622,0.00000,0.77441,0.00000,0.00000,0.78392,0.00000,0.00000,0.00000,0.00000,0.00000,2.27814,1.73918,1.00000,1.00000,1.00000,2245.08382,-0.03372,-0.21963,0.22964,-0.03324,0.42615,0.78086,-0.07996,0.22238,-0.03948,-0.06721,0.08920,0.29723,0.34530,2.36371,1.30000,0.80808,0.76087,0.50000,0.72649,0.41000,1.32723,3.25764,0.61616,0.52174,0.00000
689,0.3643,67829760,53331,0.01413,2.06e-04,0.5717,172.0380,0.00000,0.20500,0.00000,10.00000,916.24789,0.00000,0.79085,0.00000,0.00000,0.78546,0.00000,0.00000,0.00000,0.00000,0.00000,2.26433,1.90551,0.98824,0.98333,1.00000,2220.25716,-0.03375,-0.21731,0.22929,-0.03333,0.42697,0.78255,-0.08051,0.22281,-0.03536,-0.06701,0.08846,0.29728,0.34576,2.21111,1.98000,0.77647,0.77686,0.45000,0.72880,0.41000,1.34651,2.65041,0.56471,0.57377,0.00000
690,0.3648,67928064,53392,0.01896,1.30e-04,0.5717,153.3512,0.00000,0.20500,0.00000,10.00000,897.05743,0.00000,0.73286,0.00000,0.00000,0.78340,0.00000,0.00000,0.00000,0.00000,0.00000,2.28065,1.69552,1.00000,1.00000,1.00000,2243.56038,-0.03376,-0.21946,0.23077,-0.03369,0.42591,0.78030,-0.08115,0.22460,-0.03547,-0.06718,0.08953,0.29933,0.34498,2.36163,1.59333,0.76064,0.74194,0.42857,0.72492,0.41000,1.35466,3.39953,0.52128,0.51515,0.00000
691,0.3653,68026368,54200,0.01521,1.27e-04,0.5717,159.9050,0.00000,0.20500,0.00000,10.00000,907.17188,0.00000,0.77778,0.00000,0.00000,0.78823,0.00000,0.00000,0.00000,0.00000,0.00000,2.28539,2.00927,1.00000,1.00000,1.00000,2257.33073,-0.03368,-0.22086,0.23049,-0.03319,0.42823,0.78512,-0.08090,0.22468,-0.03604,-0.06699,0.08909,0.29930,0.34607,2.44830,2.37636,0.80000,0.82353,0.42857,0.73033,0.41000,1.35532,3.06653,0.60000,0.64407,0.00000
692,0.3658,68124672,54179,0.01198,1.53e-04,0.5717,160.5998,0.00000,0.20500,0.00000,10.00000,917.75130,0.00000,0.77887,0.00000,0.00000,0.79286,0.00000,0.00000,0.00000,0.00000,0.00000,2.32441,1.67421,0.99020,0.98592,1.00000,2239.55518,-0.03365,-0.21924,0.23479,-0.03463,0.43219,0.78961,-0.08154,0.22854,-0.03546,-0.06702,0.09044,0.30454,0.34692,2.26333,0.98500,0.76471,0.70629,0.45455,0.73458,0.41000,1.37288,3.15880,0.53922,0.43056,0.00000
693,0.3663,68222976,53932,0.01386,1.20e-04,0.5717,167.4560,0.00000,0.20500,0.00000,10.00000,886.99812,0.00000,0.72421,0.00000,0.00000,0.79655,0.00000,0.00000,0.00000,0.00000,0.00000,2.33364,1.92818,1.00000,1.00000,1.00000,2217.94173,-0.03352,-0.21714,0.23587,-0.03442,0.43595,0.79318,-0.08053,0.23007,-0.03507,-0.06731,0.09067,0.30596,0.34743,2.37323,1.50667,0.75446,0.75342,0.40000,0.73714,0.41000,1.37578,3.24355,0.50893,0.48571,0.00000
694,0.3668,68321280,52954,0.01231,1.49e-04,0.5716,155.8769,0.00000,0.20500,0.00000,10.00000,893.05108,0.00000,0.75866,0.00000,0.00000,0.79595,0.00000,0.00000,0.00000,0.00000,0.00000,2.32520,1.84297,0.98925,0.98438,1.00000,2205.01139,-0.03352,-0.21589,0.23545,-0.03513,0.43450,0.79295,-0.07998,0.23014,-0.03333,-0.06708,0.09149,0.30535,0.34670,2.15229,1.88800,0.73118,0.68504,0.52632,0.73348,0.41000,1.37982,2.80628,0.47312,0.38095,0.00000
695,0.3673,68419584,54521,0.01423,1.41e-04,0.5715,163.4796,0.00000,0.20500,0.00000,10.00000,959.38937,0.00000,0.74901,0.00000,0.00000,0.79368,0.00000,0.00000,0.00000,0.00000,0.00000,2.29102,1.68470,0.99107,0.98734,1.00000,2211.05973,-0.03348,-0.21634,0.23418,-0.03355,0.43412,0.79054,-0.07941,0.22894,-0.03740,-0.06705,0.09088,0.30328,0.34709,2.36359,1.63428,0.78125,0.75497,0.37500,0.73546,0.41000,1.38018,3.32533,0.57143,0.50000,0.00000
696,0.3679,68517888,54085,0.01391,1.60e-04,0.5715,178.0422,0.00000,0.20500,0.00000,10.00000,919.92436,0.00000,0.79365,0.00000,0.00000,0.79260,0.00000,0.00000,0.00000,0.00000,0.00000,2.28437,1.79060,1.00000,1.00000,1.00000,2194.41976,-0.03350,-0.21509,0.23390,-0.03392,0.43332,0.78949,-0.08005,0.22910,-0.03337,-0.06693,0.09048,0.30314,0.34714,2.34612,1.50000,0.77473,0.74615,0.30000,0.73568,0.41000,1.40477,3.16089,0.54945,0.50746,0.00000
697,0.3684,68616192,53275,0.01285,2.07e-04,0.5716,146.7755,0.00000,0.20500,0.00000,10.00000,876.93105,0.00000,0.82639,0.00000,0.00000,0.78795,0.00000,0.00000,0.00000,0.00000,0.00000,2.29796,1.64925,0.98750,0.98361,1.00000,2184.56413,-0.03351,-0.21389,0.23461,-0.03365,0.43129,0.78468,-0.08033,0.22992,-0.03254,-0.06684,0.09156,0.30487,0.34653,2.34491,1.46750,0.76875,0.76471,0.40000,0.73267,0.41000,1.41309,3.42883,0.55000,0.53448,0.00000
698,0.3689,68714496,53378,0.01610,1.43e-04,0.5716,160.8826,0.00000,0.20500,0.00000,10.00000,919.53025,0.00000,0.83979,0.00000,0.00000,0.78627,0.00000,0.00000,0.00000,0.00000,0.00000,2.30820,1.82528,1.00000,1.00000,1.00000,2216.56510,-0.03346,-0.21714,0.23643,-0.03483,0.42999,0.78325,-0.08099,0.23090,-0.03194,-0.06693,0.09262,0.30632,0.34622,2.14018,1.98400,0.78488,0.74615,0.50000,0.73108,0.41000,1.41079,2.69317,0.56977,0.46774,0.00000
699,0.3694,68812800,53315,0.01136,2.06e-04,0.5716,171.8567,0.00000,0.20500,0.00000,10.00000,883.94884,0.00000,0.83868,0.00000,0.00000,0.79396,0.00000,0.00000,0.00000,0.00000,0.00000,2.29243,1.77012,0.99038,0.98701,1.00000,2219.42025,-0.03337,-0.21736,0.23627,-0.03414,0.43479,0.79088,-0.08060,0.22962,-0.03205,-0.06700,0.09196,0.30461,0.34752,2.22297,1.38667,0.75000,0.73885,0.42105,0.73759,0.41000,1.42151,2.83397,0.50962,0.50000,0.00000
700,0.3700,68911104,54438,0.01358,2.06e-04,0.5717,160.8829,0.00000,0.20500,0.00000,10.00000,890.37492,0.00000,0.77778,0.00000,0.00000,0.79523,0.00000,0.00000,0.00000,0.00000,0.00000,2.30583,1.89895,1.00000,1.00000,1.00000,2252.83822,-0.03324,-0.22058,0.23763,-0.03538,0.43569,0.79199,-0.08020,0.23191,-0.03414,-0.06742,0.09269,0.30774,0.34776,2.48590,1.85250,0.80000,0.78571,0.40000,0.73880,0.41000,1.42628,3.45565,0.60000,0.57143,0.00000
701,0.3705,69009408,54137,0.01279,2.48e-04,0.5717,176.7476,0.00000,0.20500,0.00000,10.00000,894.59182,0.00000,0.80423,0.00000,0.00000,0.79708,0.00000,0.00000,0.00000,0.00000,0.00000,2.28424,1.77885,1.00000,1.00000,1.00000,2217.46257,-0.03327,-0.21717,0.23662,-0.03435,0.43701,0.79394,-0.08022,0.23100,-0.03334,-0.06737,0.09235,0.30611,0.34817,2.15464,1.44308,0.76667,0.76316,0.43478,0.74087,0.41000,1.43659,2.79568,0.53333,0.52000,0.00000
702,0.3710,69107712,53438,0.01512,2.07e-04,0.5717,149.2223,0.00000,0.20500,0.00000,10.00000,970.89109,0.00000,0.73157,0.00000,0.00000,0.79816,0.00000,0.00000,0.00000,0.00000,0.00000,2.26580,1.82051,0.99010,0.98630,1.00000,2243.23828,-0.03330,-0.21940,0.23538,-0.03471,0.43749,0.79496,-0.08008,0.23018,-0.03503,-0.06757,0.09089,0.30488,0.34851,2.18968,1.38600,0.80693,0.78195,0.40000,0.74257,0.41000,1.43701,2.83778,0.62376,0.53333,0.00000
703,0.3715,69206016,54217,0.01499,2.02e-04,0.5716,175.8595,0.00000,0.20500,0.00000,10.00000,929.74729,0.00000,0.76531,0.00000,0.00000,0.79493,0.00000,0.00000,0.00000,0.00000,0.00000,2.26069,1.86685,0.98980,0.98529,1.00000,2226.13997,-0.03339,-0.21793,0.23422,-0.03501,0.43485,0.79163,-0.08022,0.22910,-0.03245,-0.06731,0.09047,0.30305,0.34757,2.34924,1.36000,0.77551,0.74815,0.35714,0.73786,0.41000,1.41738,3.11478,0.56122,0.50746,0.00000
704,0.3720,69304320,53899,0.01759,1.08e-04,0.5716,173.2341,0.00000,0.20500,0.00000,10.00000,903.96672,0.00000,0.76111,0.00000,0.00000,0.79136,0.00000,0.00000,0.00000,0.00000,0.00000,2.26040,1.83788,0.98000,0.97260,1.00000,2206.97298,-0.03330,-0.21621,0.23560,-0.03460,0.43413,0.78798,-0.08001,0.23083,-0.03626,-0.06724,0.09095,0.30515,0.34708,2.22139,1.50143,0.77500,0.76642,0.50000,0.73539,0.41000,1.43125,2.96227,0.57000,0.53125,0.00000
705,0.3725,69402624,54357,0.01175,1.43e-04,0.5716,159.6628,0.00000,0.20500,0.00000,10.00000,909.09687,0.00000,0.78363,0.00000,0.00000,0.79308,0.00000,0.00000,0.00000,0.00000,0.00000,2.28369,1.74415,0.97895,0.97101,1.00000,2211.66390,-0.03327,-0.21656,0.23636,-0.03404,0.43556,0.78975,-0.07990,0.23156,-0.03314,-0.06755,0.09209,0.30616,0.34745,2.16726,1.20500,0.76316,0.75373,0.47368,0.73723,0.41000,1.43412,2.86042,0.54737,0.52308,0.00000
706,0.3730,69500928,54579,0.01429,1.60e-04,0.5715,169.8859,0.00000,0.20500,0.00000,10.00000,959.93100,0.00000,0.74247,0.00000,0.00000,0.79617,0.00000,0.00000,0.00000,0.00000,0.00000,2.27714,1.89805,1.00000,1.00000,1.00000,2206.42090,-0.03317,-0.21590,0.23671,-0.03435,0.43622,0.79304,-0.07904,0.23219,-0.03346,-0.06744,0.09166,0.30685,0.34782,2.23188,1.50000,0.79907,0.78322,0.38889,0.73910,0.41000,1.44512,2.72071,0.59813,0.54412,0.00000
707,0.3735,69599232,54176,0.01120,2.30e-04,0.5715,167.0193,0.00000,0.20500,0.00000,10.00000,940.66343,0.00000,0.77509,0.00000,0.00000,0.79520,0.00000,0.00000,0.00000,0.00000,0.00000,2.25877,1.71167,1.00000,1.00000,1.00000,2218.64616,-0.03320,-0.21735,0.23495,-0.03348,0.43711,0.79201,-0.07898,0.23088,-0.03489,-0.06762,0.09111,0.30471,0.34856,2.13616,1.88750,0.79839,0.76301,0.47059,0.74282,0.41000,1.43365,2.87709,0.59677,0.51765,0.00000
708,0.3741,69697536,54170,0.01370,2.47e-04,0.5715,163.7999,0.00000,0.20500,0.00000,10.00000,941.31487,0.00000,0.77403,0.00000,0.00000,0.79598,0.00000,0.00000,0.00000,0.00000,0.00000,2.26204,1.69183,0.98876,0.98462,1.00000,2208.50911,-0.03314,-0.21634,0.23581,-0.03456,0.43694,0.79274,-0.07883,0.23178,-0.03372,-0.06747,0.09124,0.30551,0.34811,1.98175,1.20364,0.78090,0.76613,0.46667,0.74056,0.41000,1.44147,2.46046,0.57303,0.52542,0.00000
709,0.3746,69795840,53475,0.01587,1.71e-04,0.5715,149.7554,0.00000,0.20500,0.00000,10.00000,960.79688,0.00000,0.82359,0.00000,0.00000,0.79244,0.00000,0.00000,0.00000,0.00000,0.00000,2.26767,1.81853,0.99123,0.98876,1.00000,2196.50212,-0.03315,-0.21491,0.23497,-0.03349,0.43508,0.78939,-0.07955,0.23076,-0.03604,-0.06752,0.09205,0.30497,0.34745,2.40751,1.38000,0.85088,0.83432,0.50000,0.73724,0.41000,1.43396,3.31000,0.71053,0.66250,0.00000
710,0.3751,69894144,53788,0.01909,1.11e-04,0.5715,154.7613,0.00000,0.20500,0.00000,10.00000,860.75628,0.00000,0.74324,0.00000,0.00000,0.79041,0.00000,0.00000,0.00000,0.00000,0.00000,2.26985,1.84467,0.98649,0.98000,1.00000,2201.84684,-0.03307,-0.21581,0.23594,-0.03455,0.43471,0.78731,-0.07870,0.23187,-0.03491,-0.06769,0.09134,0.30619,0.34700,2.45434,1.24615,0.76351,0.76768,0.45455,0.73498,0.41000,1.43711,3.39231,0.54054,0.55102,0.00000
711,0.3756,69992448,53961,0.01395,9.25e-05,0.5715,163.9241,0.00000,0.20500,0.00000,10.00000,890.02230,0.00000,0.78652,0.00000,0.00000,0.79437,0.00000,0.00000,0.00000,0.00000,0.00000,2.28381,1.90119,1.00000,1.00000,1.00000,2236.45150,-0.03299,-0.21899,0.23905,-0.03513,0.43656,0.79106,-0.07956,0.23518,-0.03506,-0.06764,0.09253,0.31001,0.34776,2.38555,2.27428,0.78090,0.76190,0.43750,0.73880,0.41000,1.47337,3.17707,0.56180,0.54545,0.00000
712,0.3761,70090752,53155,0.01106,1.30e-04,0.5715,169.9244,0.00000,0.20500,0.00000,10.00000,937.49660,0.00000,0.71242,0.00000,0.00000,0.79911,0.00000,0.00000,0.00000,0.00000,0.00000,2.27744,1.94273,1.00000,1.00000,1.00000,2240.81478,-0.03311,-0.21925,0.24029,-0.03457,0.43943,0.79586,-0.07973,0.23580,-0.03472,-0.06777,0.09330,0.31057,0.34880,2.19333,1.30461,0.81176,0.83486,0.39130,0.74402,0.41000,1.49316,2.58714,0.62353,0.65385,0.00000
713,0.3766,70189056,54278,0.01220,1.71e-04,0.5715,151.8584,0.00000,0.20500,0.00000,10.00000,955.15618,0.00000,0.79439,0.00000,0.00000,0.79981,0.00000,0.00000,0.00000,0.00000,0.00000,2.27766,1.78667,0.98131,0.98649,1.00000,2247.37500,-0.03305,-0.22014,0.24104,-0.03494,0.43998,0.79669,-0.08008,0.23665,-0.03496,-0.06765,0.09381,0.31174,0.34944,2.38535,1.17556,0.80374,0.77124,0.50000,0.74722,0.41000,1.50256,3.11500,0.62617,0.56962,0.00000
714,0.3772,70287360,53140,0.01284,1.87e-04,0.5715,168.4837,0.00000,0.20500,0.00000,10.00000,943.28132,0.00000,0.67956,0.00000,0.00000,0.80277,0.00000,0.00000,0.00000,0.00000,0.00000,2.28819,1.94500,0.99107,1.00000,0.94737,2246.47412,-0.03311,-0.21972,0.24076,-0.03532,0.44283,0.79953,-0.08039,0.23611,-0.03993,-0.06763,0.09387,0.31190,0.34974,2.28743,1.59167,0.82143,0.86861,0.46154,0.74870,0.41000,1.47183,2.85000,0.65179,0.71875,0.00000
715,0.3777,70385664,53633,0.01508,1.60e-04,0.5715,162.9713,0.00000,0.20500,0.00000,10.00000,882.57418,0.00000,0.84708,0.00000,0.00000,0.80372,0.00000,0.00000,0.00000,0.00000,0.00000,2.29218,1.91791,0.99010,0.98734,1.00000,2201.74886,-0.03329,-0.21568,0.24067,-0.03527,0.44404,0.80050,-0.08069,0.23630,-0.03576,-0.06731,0.09377,0.31236,0.35019,2.25856,1.49091,0.76238,0.75325,0.47059,0.75096,0.41000,1.48185,2.81132,0.53465,0.50667,0.00000
716,0.3782,70483968,54136,0.01251,1.19e-04,0.5715,174.8418,0.00000,0.20500,0.00000,10.00000,963.47030,0.00000,0.77008,0.00000,0.00000,0.80231,0.00000,0.00000,0.00000,0.00000,0.00000,2.27140,1.72846,0.98020,0.97368,1.00000,2196.86654,-0.03329,-0.21504,0.23963,-0.03473,0.44349,0.79898,-0.07961,0.23576,-0.03464,-0.06767,0.09289,0.31084,0.34969,2.29165,1.30400,0.82178,0.81429,0.30000,0.74847,0.41000,1.48615,3.18816,0.66337,0.62500,0.00000
717,0.3787,70582272,51497,0.01325,1.56e-04,0.5715,148.9545,0.00000,0.20500,0.00000,10.00000,935.70608,0.00000,0.79012,0.00000,0.00000,0.79552,0.00000,0.00000,0.00000,0.00000,0.00000,2.26280,1.80917,1.00000,1.00000,1.00000,2190.29980,-0.03322,-0.21448,0.23849,-0.03424,0.43813,0.79230,-0.07982,0.23509,-0.03421,-0.06763,0.09267,0.30968,0.34758,2.21949,2.50000,0.80556,0.78906,0.46667,0.73788,0.41000,1.48070,2.84808,0.61111,0.57143,0.00000
718,0.3792,70680576,52939,0.01316,1.72e-04,0.5715,154.2927,0.00000,0.20500,0.00000,10.00000,940.20293,0.00000,0.80247,0.00000,0.00000,0.79328,0.00000,0.00000,0.00000,0.00000,0.00000,2.26785,1.79529,1.00000,1.00000,1.00000,2212.41976,-0.03318,-0.21655,0.24032,-0.03551,0.43664,0.79020,-0.08074,0.23588,-0.03414,-0.06721,0.09324,0.31096,0.34784,2.18296,1.55555,0.83951,0.85470,0.46667,0.73921,0.41000,1.49153,2.74383,0.67901,0.69643,0.00000
719,0.3798,70778880,53817,0.01461,1.76e-04,0.5715,150.5941,0.00000,0.20500,0.00000,10.00000,949.84671,0.00000,0.78544,0.00000,0.00000,0.79336,0.00000,0.00000,0.00000,0.00000,0.00000,2.28093,1.85402,1.00000,1.00000,1.00000,2244.83887,-0.03311,-0.21959,0.24087,-0.03570,0.43628,0.79021,-0.08109,0.23688,-0.03554,-0.06756,0.09332,0.31262,0.34775,2.28825,1.34500,0.83908,0.83740,0.50000,0.73875,0.41000,1.48728,2.97061,0.67816,0.62963,0.00000
720,0.3803,70877184,53278,0.01306,1.87e-04,0.5716,172.5991,0.00000,0.20500,0.00000,10.00000,960.15671,0.00000,0.77558,0.00000,0.00000,0.80103,0.00000,0.00000,0.00000,0.00000,0.00000,2.28352,1.74411,1.00000,1.00000,1.00000,2243.65723,-0.03313,-0.21960,0.24029,-0.03550,0.44017,0.79785,-0.08069,0.23686,-0.03230,-0.06752,0.09323,0.31193,0.34919,2.34496,2.23600,0.81683,0.80142,0.41667,0.74597,0.41000,1.49478,3.12821,0.63366,0.61644,0.00000
721,0.3808,70975488,53477,0.01513,1.56e-04,0.5716,166.5272,0.00000,0.20500,0.00000,10.00000,947.36193,0.00000,0.73696,0.00000,0.00000,0.80652,0.00000,0.00000,0.00000,0.00000,0.00000,2.31421,1.78810,0.94898,0.94444,1.00000,2248.99512,-0.03307,-0.22007,0.24164,-0.03428,0.44377,0.80334,-0.08107,0.23754,-0.03339,-0.06785,0.09422,0.31355,0.34987,2.20910,1.93555,0.78061,0.75385,0.44444,0.74936,0.41000,1.49082,2.96500,0.61224,0.51724,0.00000
722,0.3813,71073792,53750,0.01347,1.56e-04,0.5716,160.2410,0.00000,0.20500,0.00000,10.00000,894.64270,0.00000,0.80020,0.00000,0.00000,0.80623,0.00000,0.00000,0.00000,0.00000,0.00000,2.29711,1.85868,0.99083,1.00000,0.90909,2213.43034,-0.03321,-0.21663,0.24184,-0.03511,0.44411,0.80300,-0.08017,0.23779,-0.03304,-0.06781,0.09351,0.31346,0.35000,2.31787,1.38143,0.78440,0.78981,0.43478,0.75001,0.41000,1.49178,3.02610,0.57798,0.57143,0.00000
723,0.3818,71172096,53317,0.01336,1.71e-04,0.5716,151.5397,0.00000,0.20500,0.00000,10.00000,969.99636,0.00000,0.77670,0.00000,0.00000,0.80251,0.00000,0.00000,0.00000,0.00000,0.00000,2.27669,1.70023,1.00000,1.00000,1.00000,2195.09570,-0.03322,-0.21472,0.24097,-0.03587,0.44282,0.79900,-0.07991,0.23766,-0.03325,-0.06726,0.09308,0.31301,0.34946,2.19363,1.95250,0.82039,0.79861,0.50000,0.74729,0.41000,1.50322,3.03240,0.64078,0.56716,0.00000
724,0.3824,71270400,54105,0.01447,2.27e-04,0.5717,169.5147,0.00000,0.20500,0.00000,10.00000,892.11416,0.00000,0.80499,0.00000,0.00000,0.79717,0.00000,0.00000,0.00000,0.00000,0.00000,2.26231,1.76385,0.98980,0.98571,1.00000,2185.71924,-0.03328,-0.21390,0.23949,-0.03474,0.43951,0.79394,-0.08006,0.23714,-0.03321,-0.06729,0.09319,0.31146,0.34856,2.25531,1.31333,0.76020,0.73944,0.50000,0.74280,0.41000,1.50176,3.02200,0.53061,0.50000,0.00000
725,0.3829,71368704,53008,0.01609,1.92e-04,0.5717,157.6784,0.00000,0.20500,0.00000,10.00000,941.47727,0.00000,0.75196,0.00000,0.00000,0.79618,0.00000,0.00000,0.00000,0.00000,0.00000,2.25297,1.91436,0.98990,0.98551,1.00000,2224.37142,-0.03325,-0.21770,0.23869,-0.03435,0.43823,0.79281,-0.08008,0.23594,-0.03297,-0.06762,0.09284,0.30990,0.34829,2.28922,1.80200,0.78283,0.76866,0.45000,0.74144,0.41000,1.50165,2.87400,0.57576,0.53846,0.00000
726,0.3834,71467008,54019,0.01284,2.25e-04,0.5717,164.4361,0.00000,0.20500,0.00000,10.00000,959.60498,0.00000,0.75231,0.00000,0.00000,0.79888,0.00000,0.00000,0.00000,0.00000,0.00000,2.25196,2.13594,1.00000,1.00000,1.00000,2208.34245,-0.03338,-0.21611,0.23966,-0.03487,0.44000,0.79547,-0.08097,0.23646,-0.03527,-0.06742,0.09293,0.31072,0.34892,2.50959,3.11000,0.82292,0.82308,0.30769,0.74462,0.41000,1.50805,2.91491,0.64583,0.67143,0.00000
727,0.3839,71565312,53520,0.01339,2.53e-04,0.5716,181.9461,0.00000,0.20500,0.00000,10.00000,942.47634,0.00000,0.76520,0.00000,0.00000,0.80046,0.00000,0.00000,0.00000,0.00000,0.00000,2.24461,1.98988,1.00000,1.00000,1.00000,2219.50358,-0.03347,-0.21726,0.23945,-0.03481,0.44104,0.79690,-0.08105,0.23580,-0.03306,-0.06713,0.09397,0.31045,0.34917,2.30196,1.46000,0.81132,0.80822,0.47826,0.74586,0.41000,1.51787,2.78678,0.62264,0.60000,0.00000
728,0.3844,71663616,53416,0.01213,3.42e-04,0.5717,176.2954,0.00000,0.20500,0.00000,10.00000,970.85199,0.00000,0.77428,0.00000,0.00000,0.80365,0.00000,0.00000,0.00000,0.00000,0.00000,2.23973,1.77143,0.99213,0.98913,1.00000,2212.61784,-0.03349,-0.21647,0.23823,-0.03491,0.44305,0.80002,-0.08068,0.23503,-0.03201,-0.06721,0.09334,0.30980,0.34987,2.37095,1.36444,0.82283,0.80791,0.38889,0.74933,0.41000,1.51351,3.21028,0.65354,0.61176,0.00000
729,0.3849,71761920,54422,0.02251,1.44e-04,0.5717,174.2835,0.00000,0.20500,0.00000,10.00000,923.05178,0.00000,0.84625,0.00000,0.00000,0.80144,0.00000,0.00000,0.00000,0.00000,0.00000,2.25963,1.74500,1.00000,1.00000,1.00000,2217.96175,-0.03336,-0.21695,0.23747,-0.03451,0.44162,0.79800,-0.08085,0.23433,-0.03575,-0.06755,0.09276,0.30923,0.34928,2.20667,1.43200,0.77326,0.76336,0.50000,0.74641,0.41000,1.47875,2.89916,0.54651,0.51562,0.00000
730,0.3855,71860224,53801,0.01321,1.87e-04,0.5717,147.2187,0.00000,0.20500,0.00000,10.00000,950.53290,0.00000,0.83868,0.00000,0.00000,0.79649,0.00000,0.00000,0.00000,0.00000,0.00000,2.27154,1.85155,0.97115,0.96512,1.00000,2231.17839,-0.03342,-0.21834,0.23840,-0.03422,0.43836,0.79311,-0.08082,0.23488,-0.03271,-0.06781,0.09440,0.30959,0.34804,2.14528,1.68000,0.77404,0.74522,0.44444,0.74018,0.41000,1.47748,2.63481,0.57692,0.47887,0.00000
731,0.3860,71958528,53121,0.01622,1.22e-04,0.5716,153.1597,0.00000,0.20500,0.00000,10.00000,919.04928,0.00000,0.65527,0.00000,0.00000,0.79614,0.00000,0.00000,0.00000,0.00000,0.00000,2.28251,1.88069,0.98718,0.97778,1.00000,2232.08464,-0.03339,-0.21855,0.24001,-0.03495,0.43808,0.79272,-0.08073,0.23545,-0.03173,-0.06775,0.09397,0.31109,0.34830,2.34708,1.58588,0.78205,0.79348,0.50000,0.74150,0.41000,1.47938,3.05895,0.57692,0.61702,0.00000
732,0.3865,72056832,53826,0.01005,1.98e-04,0.5716,151.4148,0.00000,0.20500,0.00000,10.00000,938.37577,0.00000,0.77558,0.00000,0.00000,0.79607,0.00000,0.00000,0.00000,0.00000,0.00000,2.29095,1.81262,0.98020,0.97260,1.00000,2236.14062,-0.03348,-0.21872,0.23944,-0.03432,0.43816,0.79276,-0.08171,0.23489,-0.03353,-0.06743,0.09419,0.31057,0.34841,2.32746,1.88308,0.81683,0.81560,0.52381,0.74206,0.41000,1.47152,3.07310,0.65347,0.64706,0.00000
733,0.3870,72155136,54562,0.01750,1.30e-04,0.5716,171.1234,0.00000,0.20500,0.00000,10.00000,900.69438,0.00000,0.70106,0.00000,0.00000,0.80328,0.00000,0.00000,0.00000,0.00000,0.00000,2.32488,1.73687,0.98810,0.98148,1.00000,2260.99251,-0.03336,-0.22123,0.24113,-0.03460,0.44220,0.79995,-0.08177,0.23705,-0.03633,-0.06776,0.09440,0.31267,0.34952,2.12283,1.66500,0.73810,0.71698,0.45455,0.74758,0.41000,1.46975,2.82857,0.48810,0.44231,0.00000
734,0.3875,72253440,54036,0.01348,1.43e-04,0.5715,149.3370,0.00000,0.20500,0.00000,10.00000,947.16300,0.00000,0.75512,0.00000,0.00000,0.80704,0.00000,0.00000,0.00000,0.00000,0.00000,2.33719,1.77410,0.99029,0.98630,1.00000,2232.21598,-0.03325,-0.21840,0.24517,-0.03580,0.44536,0.80357,-0.08139,0.24074,-0.03681,-0.06779,0.09526,0.31777,0.35022,2.29659,1.68571,0.78155,0.75000,0.40000,0.75109,0.41000,1.50140,3.09568,0.57282,0.49254,0.00000
735,0.3880,72351744,54128,0.01355,1.60e-04,0.5715,160.0976,0.00000,0.20500,0.00000,10.00000,918.22001,0.00000,0.75661,0.00000,0.00000,0.80753,0.00000,0.00000,0.00000,0.00000,0.00000,2.31529,1.79146,1.00000,1.00000,1.00000,2191.66357,-0.03335,-0.21458,0.24364,-0.03449,0.44609,0.80410,-0.08074,0.23965,-0.03584,-0.06756,0.09528,0.31584,0.35049,2.26899,1.51000,0.81429,0.84615,0.48387,0.75244,0.41000,1.49623,2.97733,0.62857,0.68116,0.00000
736,0.3885,72450048,54216,0.01474,1.58e-04,0.5715,155.8734,0.00000,0.20500,0.00000,10.00000,915.67665,0.00000,0.76696,0.00000,0.00000,0.80319,0.00000,0.00000,0.00000,0.00000,0.00000,2.30739,1.77595,0.99115,0.98718,1.00000,2196.21777,-0.03348,-0.21498,0.24162,-0.03463,0.44299,0.79995,-0.08114,0.23751,-0.03186,-0.06761,0.09506,0.31272,0.34933,2.36709,1.42857,0.77876,0.75000,0.37500,0.74666,0.41000,1.48468,3.23824,0.56637,0.51282,0.00000
737,0.3890,72548352,53750,0.01433,1.44e-04,0.5716,156.9397,0.00000,0.20500,0.00000,10.00000,931.98981,0.00000,0.83333,0.00000,0.00000,0.80260,0.00000,0.00000,0.00000,0.00000,0.00000,2.28971,1.84428,1.00000,1.00000,1.00000,2185.76693,-0.03345,-0.21400,0.24083,-0.03413,0.44343,0.79937,-0.08093,0.23672,-0.03431,-0.06754,0.09447,0.31157,0.34956,2.32887,1.42000,0.80435,0.79710,0.46154,0.74778,0.41000,1.47880,3.15959,0.60870,0.53333,0.00000
738,0.3896,72646656,54059,0.01625,1.14e-04,0.5716,153.6664,0.00000,0.20500,0.00000,10.00000,923.42383,0.00000,0.81439,0.00000,0.00000,0.79681,0.00000,0.00000,0.00000,0.00000,0.00000,2.30493,1.90274,0.98864,0.98485,1.00000,2208.15592,-0.03360,-0.21592,0.24093,-0.03504,0.43980,0.79370,-0.08054,0.23609,-0.03741,-0.06763,0.09353,0.31206,0.34861,2.25508,2.30200,0.77841,0.75969,0.53333,0.74303,0.41000,1.45428,2.74038,0.56818,0.52381,0.12500
739,0.3901,72744960,52737,0.01469,9.14e-05,0.5717,147.2982,0.00000,0.20500,0.00000,10.00000,988.22926,0.00000,0.72016,0.00000,0.00000,0.79771,0.00000,0.00000,0.00000,0.00000,0.00000,2.31537,1.74467,0.98765,0.98214,1.00000,2205.66911,-0.03369,-0.21587,0.24250,-0.03436,0.43971,0.79431,-0.08152,0.23766,-0.03407,-0.06750,0.09430,0.31454,0.34860,2.23286,1.59667,0.80247,0.77143,0.40000,0.74301,0.41000,1.48502,3.00368,0.61728,0.53061,0.00000
740,0.3906,72843264,53339,0.01077,1.32e-04,0.5716,146.3349,0.00000,0.20500,0.00000,10.00000,918.23188,0.00000,0.77320,0.00000,0.00000,0.80434,0.00000,0.00000,0.00000,0.00000,0.00000,2.31577,1.78100,0.97938,0.97143,1.00000,2237.59131,-0.03361,-0.21917,0.24510,-0.03417,0.44310,0.80085,-0.08170,0.24076,-0.03433,-0.06779,0.09528,0.31775,0.35012,2.00851,1.45000,0.74742,0.71852,0.50000,0.75059,0.41000,1.52408,2.34555,0.51546,0.44615,0.00000
741,0.3911,72941568,53537,0.01380,1.71e-04,0.5716,174.7244,0.00000,0.20500,0.00000,10.00000,970.64667,0.00000,0.78256,0.00000,0.00000,0.80958,0.00000,0.00000,0.00000,0.00000,0.00000,2.28726,1.74082,0.97849,0.98529,0.80000,2221.49544,-0.03354,-0.21754,0.24282,-0.03454,0.44642,0.80608,-0.08137,0.23943,-0.03498,-0.06780,0.09399,0.31535,0.35141,2.33040,1.79333,0.81720,0.81679,0.40000,0.75706,0.41000,1.52589,3.15807,0.65591,0.63492,0.00000
742,0.3916,73039872,53904,0.01182,2.07e-04,0.5716,159.7283,0.00000,0.20500,0.00000,10.00000,927.03906,0.00000,0.81481,0.00000,0.00000,0.80722,0.00000,0.00000,0.00000,0.00000,0.00000,2.28750,1.77591,0.99048,0.98734,1.00000,2220.05225,-0.03336,-0.21729,0.24333,-0.03542,0.44533,0.80384,-0.08082,0.24030,-0.03287,-0.06779,0.09399,0.31540,0.35096,2.14883,1.41375,0.81905,0.83117,0.45455,0.75482,0.41000,1.53611,2.64606,0.64762,0.66667,0.00000
743,0.3922,73138176,53370,0.01375,2.11e-04,0.5715,166.8933,0.00000,0.20500,0.00000,10.00000,957.43687,0.00000,0.76111,0.00000,0.00000,0.80769,0.00000,0.00000,0.00000,0.00000,0.00000,2.28674,1.78286,0.99000,1.00000,0.88889,2179.45768,-0.03347,-0.21338,0.24279,-0.03474,0.44646,0.80430,-0.08107,0.24057,-0.03369,-0.06753,0.09485,0.31581,0.35110,2.22642,1.55454,0.83500,0.85401,0.40000,0.75549,0.41000,1.53185,2.92943,0.68000,0.67742,0.00000
744,0.3927,73236480,53447,0.01614,1.69e-04,0.5715,169.2980,0.00000,0.20500,0.00000,10.00000,952.69747,0.00000,0.76389,0.00000,0.00000,0.80617,0.00000,0.00000,0.00000,0.00000,0.00000,2.28154,1.84230,1.00000,1.00000,1.00000,2173.37337,-0.03357,-0.21284,0.24163,-0.03524,0.44492,0.80294,-0.08068,0.23993,-0.03326,-0.06772,0.09395,0.31485,0.35062,2.39412,1.36400,0.80804,0.78571,0.43750,0.75312,0.41000,1.52776,3.25143,0.61607,0.55405,0.00000
745,0.3932,73334784,53851,0.01605,9.25e-05,0.5715,162.2149,0.00000,0.20500,0.00000,10.00000,1003.62177,0.00000,0.70048,0.00000,0.00000,0.80262,0.00000,0.00000,0.00000,0.00000,0.00000,2.26833,1.73013,1.00000,1.00000,1.00000,2174.28141,-0.03354,-0.21286,0.24103,-0.03416,0.44346,0.79917,-0.08044,0.23804,-0.03154,-0.06748,0.09390,0.31300,0.35049,2.21950,1.51667,0.84783,0.85345,0.47619,0.75247,0.41000,1.52487,3.14000,0.69565,0.63830,0.00000
746,0.3937,73433088,53199,0.00980,1.44e-04,0.5715,156.0201,0.00000,0.20500,0.00000,10.00000,930.01617,0.00000,0.78658,0.00000,0.00000,0.79982,0.00000,0.00000,0.00000,0.00000,0.00000,2.26867,1.87079,0.99010,1.00000,0.91667,2205.61735,-0.03346,-0.21586,0.24072,-0.03439,0.44149,0.79649,-0.08006,0.23704,-0.03356,-0.06749,0.09345,0.31195,0.35019,2.43850,1.65867,0.81683,0.84615,0.45833,0.75093,0.41000,1.50915,3.30965,0.64356,0.66667,0.00000
747,0.3942,73531392,54587,0.01170,1.92e-04,0.5715,162.6561,0.00000,0.20500,0.00000,10.00000,977.41604,0.00000,0.75196,0.00000,0.00000,0.80186,0.00000,0.00000,0.00000,0.00000,0.00000,2.28518,1.74693,0.98990,0.98592,1.00000,2219.47087,-0.03356,-0.21727,0.24193,-0.03519,0.44234,0.79841,-0.08051,0.23845,-0.03425,-0.06741,0.09390,0.31393,0.34999,2.23744,1.23667,0.80808,0.78358,0.30769,0.74996,0.41000,1.50926,2.97320,0.62626,0.55556,0.00000
748,0.3947,73629696,54410,0.01437,1.87e-04,0.5715,149.5096,0.00000,0.20500,0.00000,10.00000,923.49381,0.00000,0.78579,0.00000,0.00000,0.80315,0.00000,0.00000,0.00000,0.00000,0.00000,2.28185,1.83730,0.96396,0.96429,0.85714,2193.64014,-0.03365,-0.21482,0.24125,-0.03469,0.44278,0.79977,-0.08121,0.23757,-0.03252,-0.06737,0.09400,0.31289,0.35023,2.42286,1.34889,0.80631,0.80892,0.33333,0.75113,0.41000,1.50921,3.32138,0.64865,0.63014,0.00000
749,0.3953,73728000,53256,0.01563,1.65e-04,0.5715,154.5275,0.00000,0.20500,0.00000,10.00000,994.84038,0.00000,0.76149,0.00000,0.00000,0.80305,0.00000,0.00000,0.00000,0.00000,0.00000,2.26193,1.84872,0.99138,0.98837,1.00000,2153.44873,-0.03356,-0.21095,0.23991,-0.03495,0.44277,0.79974,-0.08055,0.23598,-0.03296,-0.06736,0.09341,0.31082,0.35036,2.34662,1.32000,0.84483,0.83648,0.44444,0.75178,0.41000,1.49887,3.08952,0.69828,0.65753,0.00000
750,0.3958,73826304,53841,0.01458,1.47e-04,0.5714,168.9192,0.00000,0.20300,0.00000,10.00000,954.22156,0.00000,0.79276,0.00000,0.00000,0.79938,0.00000,0.00000,0.00000,0.00000,0.00000,2.28183,1.76600,1.00000,1.00000,1.00000,2169.09684,-0.03351,-0.21228,0.23979,-0.03426,0.44092,0.79613,-0.08041,0.23760,-0.03357,-0.06728,0.09340,0.31195,0.34924,2.17743,1.34333,0.84270,0.83465,0.40000,0.74621,0.40600,1.49447,2.79021,0.68539,0.65574,0.00000
751,0.3963,73924608,55109,0.01144,1.86e-04,0.5714,155.7317,0.00000,0.20100,0.00000,10.00000,979.09290,0.00000,0.79208,0.00000,0.00000,0.79636,0.00000,0.00000,0.00000,0.00000,0.00000,2.28800,1.81679,1.00000,1.00000,1.00000,2157.21956,-0.03348,-0.21112,0.23929,-0.03407,0.43925,0.79319,-0.08033,0.23635,-0.03589,-0.06732,0.09404,0.31087,0.34876,2.38992,1.82000,0.84158,0.82639,0.50000,0.74379,0.40200,1.47908,3.24963,0.68317,0.63768,0.00000
752,0.3968,74022912,53861,0.01136,2.11e-04,0.5713,144.9431,0.00000,0.19900,0.00000,10.00000,873.87448,0.00000,0.70370,0.00000,0.00000,0.79375,0.00000,0.00000,0.00000,0.00000,0.00000,2.30222,1.65100,0.98667,0.97917,1.00000,2169.27230,-0.03366,-0.21247,0.24205,-0.03440,0.43837,0.79061,-0.08171,0.23796,-0.03108,-0.06687,0.09539,0.31311,0.34843,2.13810,1.71375,0.77333,0.77895,0.48000,0.74216,0.39800,1.49828,2.97314,0.56000,0.57447,0.00000
753,0.3973,74121216,54663,0.01375,2.85e-04,0.5712,137.7763,0.00000,0.19700,0.00000,10.00000,931.64680,0.00000,0.74603,0.00000,0.00000,0.79747,0.00000,0.00000,0.00000,0.00000,0.00000,2.33087,1.79756,1.00000,1.00000,1.00000,2191.51497,-0.03354,-0.21450,0.24322,-0.03449,0.44058,0.79441,-0.08174,0.23848,-0.03323,-0.06699,0.09680,0.31442,0.34891,2.45704,1.26000,0.80000,0.80851,0.44000,0.74456,0.39400,1.48007,3.35833,0.60000,0.61429,0.00000
754,0.3978,74219520,54289,0.01864,1.76e-04,0.5712,143.4958,0.00000,0.19700,0.00000,10.00000,1002.19943,0.00000,0.66545,0.00000,0.00000,0.80325,0.00000,0.00000,0.00000,0.00000,0.00000,2.35522,1.76424,0.98901,0.98333,1.00000,2193.42350,-0.03369,-0.21470,0.24438,-0.03430,0.44292,0.80024,-0.08195,0.23973,-0.03306,-0.06706,0.09738,0.31627,0.34962,2.09733,1.14909,0.80220,0.77064,0.40000,0.74812,0.39400,1.48544,2.66102,0.61538,0.51020,0.00000
755,0.3984,74317824,53774,0.01398,1.72e-04,0.5712,158.5061,0.00000,0.19500,0.00000,10.00000,937.02313,0.00000,0.80000,0.00000,0.00000,0.80654,0.00000,0.00000,0.00000,0.00000,0.00000,2.34923,1.83947,0.99000,0.98571,1.00000,2186.96956,-0.03361,-0.21405,0.24356,-0.03489,0.44410,0.80334,-0.08103,0.23897,-0.03185,-0.06716,0.09656,0.31520,0.34954,2.35710,1.71714,0.83500,0.82639,0.42857,0.74770,0.39000,1.48443,2.99161,0.68000,0.67568,0.00000
756,0.3989,74416128,54181,0.01275,2.25e-04,0.5712,162.5190,0.00000,0.19300,0.00000,10.00000,935.54650,0.00000,0.69040,0.00000,0.00000,0.80652,0.00000,0.00000,0.00000,0.00000,0.00000,2.32880,1.92946,1.00000,1.00000,1.00000,2187.88379,-0.03348,-0.21430,0.24322,-0.03443,0.44540,0.80314,-0.08032,0.23898,-0.03519,-0.06763,0.09475,0.31519,0.35066,2.37908,1.50000,0.80583,0.81250,0.46667,0.75332,0.38600,1.47881,2.96281,0.61165,0.64706,0.00000
757,0.3994,74514432,53367,0.01733,1.33e-04,0.5712,153.1649,0.00000,0.19100,0.00000,10.00000,960.05280,0.00000,0.79023,0.00000,0.00000,0.80101,0.00000,0.00000,0.00000,0.00000,0.00000,2.31566,1.86167,0.99138,0.98876,1.00000,2196.14030,-0.03348,-0.21483,0.24150,-0.03474,0.44209,0.79793,-0.07989,0.23734,-0.03418,-0.06739,0.09446,0.31320,0.34948,2.20490,1.64667,0.82328,0.85455,0.36364,0.74741,0.38200,1.46527,2.72793,0.65517,0.69737,0.00000
758,0.3999,74612736,53312,0.01071,1.92e-04,0.5713,162.6157,0.00000,0.18900,0.00000,10.00000,903.60105,0.00000,0.87302,0.00000,0.00000,0.79712,0.00000,0.00000,0.00000,0.00000,0.00000,2.29371,1.87139,0.98901,0.98592,1.00000,2173.97428,-0.03341,-0.21289,0.23810,-0.03345,0.43963,0.79407,-0.07955,0.23394,-0.03398,-0.06719,0.09427,0.30861,0.34843,2.38640,2.22000,0.80220,0.76224,0.50000,0.74217,0.37800,1.44450,3.08604,0.61538,0.54167,0.00000
759,0.4004,74711040,53912,0.01259,1.92e-04,0.5713,139.3163,0.00000,0.18700,0.00000,10.00000,996.71386,0.00000,0.70281,0.00000,0.00000,0.79366,0.00000,0.00000,0.00000,0.00000,0.00000,2.30368,1.77273,1.00000,1.00000,1.00000,2208.83366,-0.03342,-0.21595,0.23791,-0.03411,0.43670,0.79079,-0.08032,0.23432,-0.03424,-0.06735,0.09367,0.30894,0.34700,2.21633,1.18000,0.83133,0.83810,0.41176,0.73501,0.37400,1.43258,2.89721,0.66265,0.63043,0.00000
760,0.4009,74809344,53501,0.01344,2.07e-04,0.5713,168.7699,0.00000,0.18500,0.00000,10.00000,949.86508,0.00000,0.83333,0.00000,0.00000,0.79027,0.00000,0.00000,0.00000,0.00000,0.00000,2.31371,1.70271,0.98718,0.98214,1.00000,2249.90137,-0.03350,-0.21986,0.23924,-0.03421,0.43353,0.78747,-0.08035,0.23434,-0.03834,-0.06747,0.09368,0.30886,0.34672,2.13566,1.42800,0.81410,0.81197,0.44444,0.73359,0.37000,1.42035,2.67915,0.64103,0.65574,0.00000
761,0.4015,74907648,53909,0.01489,1.92e-04,0.5712,147.8578,0.00000,0.18300,0.00000,10.00000,913.55648,0.00000,0.77472,0.00000,0.00000,0.79482,0.00000,0.00000,0.00000,0.00000,0.00000,2.33845,1.74315,1.00000,1.00000,1.00000,2256.40104,-0.03332,-0.22093,0.24071,-0.03425,0.43469,0.79198,-0.07989,0.23585,-0.03649,-0.06780,0.09471,0.31059,0.34682,2.20723,1.65636,0.78440,0.76974,0.50000,0.73409,0.36600,1.42332,3.00154,0.56881,0.52703,0.00000
762,0.4020,75005952,54412,0.01413,2.25e-04,0.5712,157.5919,0.00000,0.18100,0.00000,10.00000,1007.79929,0.00000,0.74735,0.00000,0.00000,0.79824,0.00000,0.00000,0.00000,0.00000,0.00000,2.34002,1.98551,1.00000,1.00000,1.00000,2218.38346,-0.03339,-0.21713,0.23856,-0.03446,0.43733,0.79516,-0.08057,0.23469,-0.03137,-0.06738,0.09433,0.30919,0.34742,2.46576,1.64571,0.86905,0.85841,0.50000,0.73709,0.36200,1.41682,3.25476,0.73810,0.67347,0.00000
763,0.4025,75104256,53644,0.01421,2.73e-04,0.5713,152.5115,0.00000,0.17900,0.00000,10.00000,914.84212,0.00000,0.76768,0.00000,0.00000,0.79482,0.00000,0.00000,0.00000,0.00000,0.00000,2.33399,1.78163,0.99091,0.98701,1.00000,2232.56266,-0.03370,-0.21846,0.23772,-0.03416,0.43494,0.79181,-0.08093,0.23301,-0.03536,-0.06755,0.09415,0.30714,0.34700,2.05528,1.17067,0.77727,0.77632,0.40000,0.73498,0.35800,1.39098,2.49111,0.56364,0.56000,0.00000
764,0.4030,75202560,54157,0.01581,2.27e-04,0.5713,162.6897,0.00000,0.17700,0.00000,10.00000,955.52834,0.00000,0.76797,0.00000,0.00000,0.79199,0.00000,0.00000,0.00000,0.00000,0.00000,2.33022,1.74575,0.98039,0.98684,0.80000,2242.49609,-0.03371,-0.21949,0.23613,-0.03399,0.43378,0.78906,-0.08048,0.23066,-0.03420,-0.06721,0.09264,0.30484,0.34668,2.19815,1.09429,0.82353,0.82979,0.26667,0.73339,0.35400,1.36228,2.92200,0.66667,0.64615,0.00000
765,0.4035,75300864,54087,0.01624,1.87e-04,0.5712,139.1950,0.00000,0.17500,0.00000,10.00000,952.04730,0.00000,0.83333,0.00000,0.00000,0.79250,0.00000,0.00000,0.00000,0.00000,0.00000,2.34236,1.91422,1.00000,1.00000,1.00000,2224.68538,-0.03377,-0.21760,0.23491,-0.03392,0.43447,0.78949,-0.08061,0.22968,-0.03423,-0.06764,0.09251,0.30361,0.34707,2.13852,1.68667,0.82727,0.81212,0.45455,0.73536,0.35000,1.34062,2.48068,0.65455,0.61250,0.00000
766,0.4040,75399168,53995,0.01366,2.48e-04,0.5712,161.0798,0.00000,0.17300,0.00000,10.00000,904.12646,0.00000,0.72650,0.00000,0.00000,0.78852,0.00000,0.00000,0.00000,0.00000,0.00000,2.34491,1.83130,0.98901,1.00000,0.90000,2196.97721,-0.03386,-0.21495,0.23549,-0.03364,0.43160,0.78559,-0.08008,0.22997,-0.03289,-0.06705,0.09331,0.30426,0.34534,2.31712,1.30833,0.76923,0.76471,0.39130,0.72669,0.34600,1.34692,3.11524,0.54945,0.52542,0.00000
767,0.4045,75497472,54215,0.01714,1.30e-04,0.5712,156.9459,0.00000,0.17100,0.00000,10.00000,941.98727,0.00000,0.71019,0.00000,0.00000,0.78416,0.00000,0.00000,0.00000,0.00000,0.00000,2.32222,1.83189,1.00000,1.00000,1.00000,2214.39469,-0.03395,-0.21674,0.23232,-0.03373,0.42875,0.78128,-0.08045,0.22671,-0.03398,-0.06705,0.09318,0.30034,0.34468,2.03265,1.36571,0.80412,0.79839,0.43478,0.72338,0.34200,1.32592,2.37814,0.60825,0.58333,0.00000
768,0.4050,75595776,53865,0.01256,1.43e-04,0.5711,146.1275,0.00000,0.16900,0.00000,10.00000,962.92043,0.00000,0.78704,0.00000,0.00000,0.78203,0.00000,0.00000,0.00000,0.00000,0.00000,2.30640,1.62171,0.99074,1.00000,0.85714,2232.08724,-0.03404,-0.21842,0.23044,-0.03322,0.42648,0.77899,-0.08019,0.22509,-0.03353,-0.06728,0.09206,0.29830,0.34436,2.15958,1.38444,0.81019,0.79085,0.40000,0.72181,0.33800,1.31870,2.87097,0.62963,0.58974,0.00000
769,0.4056,75694080,53170,0.01078,2.25e-04,0.5711,146.3756,0.00000,0.16700,0.00000,10.00000,962.09875,0.00000,0.75049,0.00000,0.00000,0.77761,0.00000,0.00000,0.00000,0.00000,0.00000,2.29382,1.77675,0.99123,1.00000,0.85714,2229.38070,-0.03408,-0.21804,0.22776,-0.03283,0.42255,0.77481,-0.07981,0.22157,-0.03472,-0.06708,0.09070,0.29435,0.34317,2.50000,1.21600,0.84649,0.84416,0.35294,0.71583,0.33400,1.27936,3.32657,0.70175,0.70370,0.00000
770,0.4061,75792384,54989,0.01421,2.58e-04,0.5711,169.1906,0.00000,0.16500,0.00000,10.00000,944.74715,0.00000,0.74252,0.00000,0.00000,0.77268,0.00000,0.00000,0.00000,0.00000,0.00000,2.26807,1.79446,1.00000,1.00000,1.00000,2214.71012,-0.03406,-0.21654,0.22328,-0.03153,0.42034,0.77015,-0.07924,0.21700,-0.03516,-0.06694,0.08922,0.28815,0.34251,2.38601,1.29454,0.80288,0.79137,0.45000,0.71257,0.33000,1.23640,3.36800,0.60577,0.55385,0.00000
771,0.4066,75890688,53007,0.01544,2.25e-04,0.5711,161.4830,0.00000,0.16500,0.00000,10.00000,919.24433,0.00000,0.77534,0.00000,0.00000,0.76581,0.00000,0.00000,0.00000,0.00000,0.00000,2.27899,1.78000,1.00000,1.00000,1.00000,2239.31901,-0.03411,-0.21901,0.22359,-0.03177,0.41520,0.76324,-0.07947,0.21755,-0.03871,-0.06696,0.09009,0.28865,0.34016,2.18430,1.47200,0.75275,0.70866,0.45455,0.70079,0.33000,1.22165,2.91842,0.50549,0.41270,0.00000
772,0.4071,75988992,53326,0.02100,1.86e-04,0.5711,151.6755,0.00000,0.16500,0.00000,10.00000,900.12766,0.00000,0.79196,0.00000,0.00000,0.76587,0.00000,0.00000,0.00000,0.00000,0.00000,2.28184,1.87384,1.00000,1.00000,1.00000,2245.76514,-0.03412,-0.21979,0.22153,-0.03180,0.41374,0.76334,-0.07980,0.21522,-0.03665,-0.06698,0.08974,0.28632,0.33935,2.36649,1.60000,0.79787,0.76119,0.45455,0.69676,0.33000,1.20070,3.43389,0.59574,0.47541,0.00000
773,0.4076,76087296,53685,0.01292,1.89e-04,0.5711,139.7083,0.00000,0.16500,0.00000,10.00000,908.09409,0.00000,0.73260,0.00000,0.00000,0.76454,0.00000,0.00000,0.00000,0.00000,0.00000,2.31242,1.72952,0.98901,0.98214,1.00000,2242.81673,-0.03417,-0.21935,0.22272,-0.03154,0.41333,0.76200,-0.08056,0.21580,-0.03507,-0.06700,0.09063,0.28802,0.33956,2.30804,1.77111,0.77473,0.76667,0.38095,0.69779,0.33000,1.20179,3.13636,0.56044,0.57812,0.00000
774,0.4081,76185600,53827,0.01364,2.47e-04,0.5710,154.0968,0.00000,0.16500,0.00000,10.00000,873.86328,0.00000,0.76389,0.00000,0.00000,0.76318,0.00000,0.00000,0.00000,0.00000,0.00000,2.32039,1.76718,0.97917,0.97101,1.00000,2262.30029,-0.03399,-0.22131,0.22300,-0.03197,0.41465,0.76062,-0.07985,0.21571,-0.03681,-0.06705,0.09029,0.28737,0.34029,2.08713,1.46000,0.69792,0.65909,0.45000,0.70145,0.33000,1.18139,2.76162,0.41667,0.31746,0.00000
775,0.4087,76283904,54730,0.02150,1.08e-04,0.5709,152.0033,0.00000,0.16500,0.00000,10.00000,908.18021,0.00000,0.78027,0.00000,0.00000,0.76646,0.00000,0.00000,0.00000,0.00000,0.00000,2.33827,1.84305,0.96629,0.95455,1.00000,2299.80029,-0.03401,-0.22495,0.22523,-0.03183,0.41546,0.76397,-0.07983,0.21814,-0.03930,-0.06740,0.09139,0.28991,0.34038,2.27170,1.26286,0.75281,0.72000,0.42857,0.70191,0.33000,1.19127,3.17941,0.53933,0.45763,0.00000
776,0.4092,76382208,53407,0.01187,1.33e-04,0.5709,169.8027,0.00000,0.16500,0.00000,10.00000,869.52453,0.00000,0.74247,0.00000,0.00000,0.77061,0.00000,0.00000,0.00000,0.00000,0.00000,2.33676,1.83175,0.99065,0.98592,1.00000,2264.89095,-0.03416,-0.22148,0.22291,-0.03127,0.41718,0.76808,-0.08006,0.21636,-0.03630,-0.06724,0.09155,0.28796,0.34106,2.15580,1.82000,0.72430,0.68531,0.42857,0.70528,0.33000,1.18282,2.82051,0.45794,0.38889,0.00000
777,0.4097,76480512,52658,0.01241,1.60e-04,0.5709,155.4273,0.00000,0.16500,0.00000,10.00000,883.53307,0.00000,0.74635,0.00000,0.00000,0.77317,0.00000,0.00000,0.00000,0.00000,0.00000,2.34200,1.75215,1.00000,1.00000,1.00000,2270.22526,-0.03405,-0.22190,0.22292,-0.03163,0.41890,0.77067,-0.07922,0.21667,-0.03953,-0.06746,0.09156,0.28779,0.34131,1.99681,1.31857,0.71717,0.67669,0.45833,0.70655,0.33000,1.16639,2.48000,0.43434,0.33846,0.00000
778,0.4102,76578816,53086,0.01532,1.30e-04,0.5708,152.8297,0.00000,0.16500,0.00000,10.00000,879.65958,0.00000,0.76329,0.00000,0.00000,0.77005,0.00000,0.00000,0.00000,0.00000,0.00000,2.33682,1.85161,0.99130,0.98795,1.00000,2209.38965,-0.03421,-0.21630,0.22252,-0.03157,0.41744,0.76741,-0.07968,0.21637,-0.03463,-0.06689,0.09148,0.28761,0.34065,2.31353,1.48615,0.73913,0.71519,0.41667,0.70327,0.33000,1.17776,3.31256,0.48696,0.41333,0.00000
779,0.4107,76677120,52823,0.01205,1.43e-04,0.5708,151.6937,0.00000,0.16500,0.00000,10.00000,867.06527,0.00000,0.86619,0.00000,0.00000,0.76370,0.00000,0.00000,0.00000,0.00000,0.00000,2.32308,1.76638,0.98925,0.98551,1.00000,2194.00911,-0.03434,-0.21466,0.22171,-0.03071,0.41407,0.76125,-0.07952,0.21483,-0.03461,-0.06669,0.09161,0.28609,0.34008,2.33910,1.20000,0.74731,0.69655,0.25000,0.70038,0.33000,1.16549,3.28000,0.50538,0.43421,0.00000
780,0.4113,76775424,53296,0.01223,1.89e-04,0.5708,164.4519,0.00000,0.16500,0.00000,10.00000,883.48210,0.00000,0.74543,0.00000,0.00000,0.75739,0.00000,0.00000,0.00000,0.00000,0.00000,2.31831,1.60540,0.98734,1.00000,0.85714,2224.12093,-0.03438,-0.21750,0.22171,-0.03075,0.41028,0.75492,-0.07896,0.21439,-0.03788,-0.06666,0.09089,0.28560,0.33864,2.09915,1.01818,0.70253,0.66981,0.35294,0.69318,0.33000,1.15280,3.10258,0.41772,0.30000,0.00000
781,0.4118,76873728,53213,0.01152,2.73e-04,0.5707,139.5131,0.00000,0.16500,0.00000,10.00000,924.04170,0.00000,0.80991,0.00000,0.00000,0.75546,0.00000,0.00000,0.00000,0.00000,0.00000,2.33081,1.84686,1.00000,1.00000,1.00000,2254.07389,-0.03444,-0.22052,0.22159,-0.03066,0.40787,0.75303,-0.08030,0.21371,-0.03874,-0.06650,0.09172,0.28546,0.33811,2.24990,1.10400,0.77108,0.72727,0.37500,0.69053,0.33000,1.14826,3.00000,0.54217,0.42105,0.00000
782,0.4123,76972032,52758,0.02264,9.91e-05,0.5706,128.7465,0.00000,0.16500,0.00000,10.00000,887.48107,0.00000,0.79060,0.00000,0.00000,0.76063,0.00000,0.00000,0.00000,0.00000,0.00000,2.33859,1.61475,0.99038,0.98592,1.00000,2272.20345,-0.03455,-0.22216,0.22082,-0.03159,0.41028,0.75810,-0.08116,0.21317,-0.03781,-0.06681,0.09136,0.28499,0.33938,2.12688,1.54667,0.72596,0.68243,0.50000,0.69689,0.33000,1.13651,3.10238,0.46154,0.40260,0.00000
783,0.4128,77070336,52589,0.01325,8.26e-05,0.5706,150.4873,0.00000,0.16500,0.00000,10.00000,881.20814,0.00000,0.77899,0.00000,0.00000,0.76515,0.00000,0.00000,0.00000,0.00000,0.00000,2.34988,1.75855,0.97826,0.98333,0.88889,2253.57992,-0.03447,-0.22030,0.22209,-0.03157,0.41321,0.76261,-0.08067,0.21383,-0.03664,-0.06656,0.09170,0.28637,0.34040,2.08782,1.54727,0.69022,0.64341,0.44444,0.70200,0.33000,1.14343,2.64195,0.40217,0.34783,0.00000
784,0.4134,77168640,53172,0.00944,1.30e-04,0.5706,159.8238,0.00000,0.16500,0.00000,10.00000,903.65017,0.00000,0.70473,0.00000,0.00000,0.76620,0.00000,0.00000,0.00000,0.00000,0.00000,2.34046,1.75870,1.00000,1.00000,1.00000,2217.30859,-0.03456,-0.21696,0.22087,-0.03081,0.41329,0.76343,-0.08085,0.21233,-0.03463,-0.06635,0.09191,0.28478,0.33970,2.36717,1.46308,0.75000,0.70803,0.45833,0.69850,0.33000,1.15421,3.45674,0.50000,0.43662,0.00000
785,0.4139,77266944,54460,0.01181,1.72e-04,0.5705,161.2224,0.00000,0.16500,0.00000,10.00000,842.54234,0.00000,0.83889,0.00000,0.00000,0.76350,0.00000,0.00000,0.00000,0.00000,0.00000,2.32354,1.70650,1.00000,1.00000,1.00000,2234.14030,-0.03450,-0.21843,0.22036,-0.03017,0.41410,0.76089,-0.08052,0.21183,-0.03547,-0.06659,0.09149,0.28404,0.34049,2.29651,1.30000,0.72500,0.70199,0.41176,0.70245,0.33000,1.14824,3.43535,0.45000,0.40000,0.00000
786,0.4144,77365248,53068,0.01389,1.92e-04,0.5704,153.7927,0.00000,0.16500,0.00000,10.00000,871.22558,0.00000,0.78209,0.00000,0.00000,0.76281,0.00000,0.00000,0.00000,0.00000,0.00000,2.31733,1.94395,1.00000,1.00000,1.00000,2237.87126,-0.03459,-0.21883,0.22087,-0.03060,0.41510,0.76011,-0.08084,0.21165,-0.03864,-0.06662,0.09093,0.28429,0.34108,2.28072,2.26000,0.70388,0.63448,0.45455,0.70540,0.33000,1.14328,3.19000,0.40777,0.23188,0.00000
787,0.4149,77463552,53411,0.01404,2.02e-04,0.5704,157.2413,0.00000,0.16500,0.00000,10.00000,907.10449,0.00000,0.71759,0.00000,0.00000,0.76135,0.00000,0.00000,0.00000,0.00000,0.00000,2.31833,1.83013,1.00000,1.00000,1.00000,2220.06803,-0.03449,-0.21724,0.21954,-0.03112,0.41428,0.75878,-0.08041,0.21138,-0.03229,-0.06681,0.09047,0.28366,0.34048,2.19302,1.53231,0.73958,0.69355,0.50000,0.70241,0.33000,1.15280,3.15655,0.47917,0.33333,0.00000
788,0.4154,77561856,53587,0.01433,1.72e-04,0.5704,163.1666,0.00000,0.16500,0.00000,10.00000,800.95859,0.00000,0.78209,0.00000,0.00000,0.76172,0.00000,0.00000,0.00000,0.00000,0.00000,2.29415,1.80024,0.98058,1.00000,0.83333,2218.72331,-0.03460,-0.21687,0.21881,-0.03053,0.41257,0.75916,-0.08027,0.21028,-0.03761,-0.06658,0.09078,0.28299,0.34077,2.32869,1.91059,0.66990,0.64828,0.37037,0.70387,0.33000,1.14896,3.45333,0.35922,0.31081,0.00000
789,0.4160,77660160,52992,0.01248,2.25e-04,0.5704,156.6503,0.00000,0.16500,0.00000,10.00000,876.97074,0.00000,0.79365,0.00000,0.00000,0.75967,0.00000,0.00000,0.00000,0.00000,0.00000,2.28581,1.90649,1.00000,1.00000,1.00000,2233.60026,-0.03469,-0.21824,0.21967,-0.03093,0.41172,0.75708,-0.08096,0.21077,-0.03829,-0.06630,0.09092,0.28318,0.34025,2.44530,1.94500,0.73980,0.69286,0.46154,0.70125,0.33000,1.15912,3.48250,0.47959,0.37681,0.00000
790,0.4165,77758464,53004,0.01531,1.71e-04,0.5705,162.7470,0.00000,0.16500,0.00000,10.00000,897.15586,0.00000,0.80808,0.00000,0.00000,0.76189,0.00000,0.00000,0.00000,0.00000,0.00000,2.27889,1.87333,1.00000,1.00000,1.00000,2246.77767,-0.03454,-0.21964,0.21835,-0.03117,0.41355,0.75919,-0.08100,0.20995,-0.03480,-0.06670,0.09011,0.28115,0.34086,2.42688,1.63636,0.77686,0.74432,0.55556,0.70432,0.33000,1.15680,3.42327,0.55372,0.47674,0.11111
791,0.4170,77856768,49936,0.01356,1.89e-04,0.5704,167.8386,0.00000,0.16500,0.00000,10.00000,901.29289,0.00000,0.71895,0.00000,0.00000,0.76003,0.00000,0.00000,0.00000,0.00000,0.00000,2.26859,1.65973,1.00000,1.00000,1.00000,2234.10010,-0.03470,-0.21841,0.21709,-0.03063,0.41312,0.75719,-0.08133,0.20957,-0.03741,-0.06635,0.08910,0.28013,0.34073,2.23946,1.32600,0.74020,0.68939,0.42105,0.70363,0.33000,1.14742,3.44722,0.48039,0.36923,0.00000
792,0.4176,77955072,52261,0.01414,1.89e-04,0.5705,157.0147,0.00000,0.16500,0.00000,10.00000,871.03183,0.00000,0.85380,0.00000,0.00000,0.75471,0.00000,0.00000,0.00000,0.00000,0.00000,2.27299,1.68861,0.96842,0.96053,1.00000,2266.77653,-0.03482,-0.22160,0.21748,-0.03016,0.40899,0.75195,-0.08148,0.21088,-0.03816,-0.06634,0.08946,0.28126,0.33944,2.27765,1.70000,0.74737,0.70548,0.42857,0.69719,0.33000,1.15600,3.44100,0.52632,0.42857,0.00000
793,0.4181,78053376,51906,0.01420,1.87e-04,0.5705,173.4758,0.00000,0.16500,0.00000,10.00000,856.38015,0.00000,0.79545,0.00000,0.00000,0.75725,0.00000,0.00000,0.00000,0.00000,0.00000,2.28664,1.82985,0.98864,0.98305,1.00000,2261.46501,-0.03463,-0.22106,0.21718,-0.03039,0.41060,0.75446,-0.08140,0.21051,-0.04022,-0.06659,0.09044,0.28116,0.33949,2.36740,2.39333,0.73864,0.70635,0.40000,0.69744,0.33000,1.14345,3.36571,0.48864,0.46269,0.00000
794,0.4186,78151680,52896,0.01364,2.30e-04,0.5705,150.7620,0.00000,0.16500,0.00000,10.00000,845.36545,0.00000,0.74074,0.00000,0.00000,0.75764,0.00000,0.00000,0.00000,0.00000,0.00000,2.32297,1.65457,1.00000,1.00000,1.00000,2250.56641,-0.03445,-0.22022,0.22137,-0.03177,0.41222,0.75498,-0.08186,0.21488,-0.03622,-0.06649,0.09130,0.28657,0.33999,2.18396,1.70769,0.70000,0.65833,0.42857,0.69994,0.33000,1.16998,3.37935,0.40000,0.30508,0.00000
795,0.4192,78249984,50596,0.01771,1.24e-04,0.5705,149.2310,0.00000,0.16500,0.00000,10.00000,846.12581,0.00000,0.73495,0.00000,0.00000,0.76435,0.00000,0.00000,0.00000,0.00000,0.00000,2.32438,1.71296,0.98958,1.00000,1.00000,2256.90625,-0.03440,-0.22058,0.22317,-0.03213,0.41569,0.76178,-0.08176,0.21649,-0.03866,-0.06683,0.09178,0.28818,0.34156,2.16524,1.39867,0.68229,0.63780,0.43478,0.70781,0.33000,1.18284,3.16875,0.37500,0.30303,0.00000
796,0.4198,78348288,47543,0.01222,1.30e-04,0.5706,158.5532,0.00000,0.16500,0.00000,10.00000,882.14675,0.00000,0.73310,0.00000,0.00000,0.76909,0.00000,0.00000,0.00000,0.00000,0.00000,2.33783,1.70914,0.98969,0.98438,1.00000,2257.90527,-0.03446,-0.22084,0.22442,-0.03175,0.41730,0.76641,-0.08249,0.21763,-0.03878,-0.06676,0.09285,0.28965,0.34194,2.19265,1.75667,0.71134,0.62500,0.46154,0.70972,0.33000,1.19825,3.40143,0.43299,0.26562,0.00000
797,0.4203,78446592,53030,0.01282,1.58e-04,0.5706,157.5293,0.00000,0.16500,0.00000,10.00000,835.31100,0.00000,0.74786,0.00000,0.00000,0.77473,0.00000,0.00000,0.00000,0.00000,0.00000,2.33854,1.67000,0.98077,0.98551,0.93750,2273.96257,-0.03423,-0.22241,0.22621,-0.03211,0.42114,0.77176,-0.08175,0.21940,-0.03788,-0.06689,0.09291,0.29171,0.34284,1.98590,1.50105,0.70192,0.67857,0.46875,0.71418,0.33000,1.21587,2.68421,0.42308,0.38028,0.00000
798,0.4208,78544896,52653,0.01213,1.72e-04,0.5705,155.7099,0.00000,0.16500,0.00000,10.00000,908.35227,0.00000,0.78002,0.00000,0.00000,0.77633,0.00000,0.00000,0.00000,0.00000,0.00000,2.35111,1.67316,0.97980,0.97260,1.00000,2245.46468,-0.03426,-0.21954,0.22684,-0.03201,0.42330,0.77351,-0.08106,0.22026,-0.03748,-0.06675,0.09388,0.29293,0.34327,2.32852,1.34000,0.76263,0.73381,0.42857,0.71636,0.33000,1.21615,3.53256,0.54545,0.46970,0.00000
799,0.4213,78643200,51503,0.01319,2.06e-04,0.5704,146.8837,0.00000,0.16500,0.00000,10.00000,866.08186,0.00000,0.78663,0.00000,0.00000,0.77424,0.00000,0.00000,0.00000,0.00000,0.00000,2.35583,1.80000,0.98230,0.97753,1.00000,2227.65755,-0.03432,-0.21766,0.22687,-0.03180,0.42276,0.77135,-0.08144,0.21932,-0.04160,-0.06696,0.09389,0.29239,0.34291,2.19956,1.72615,0.72124,0.68750,0.50000,0.71454,0.33000,1.19210,3.32055,0.46018,0.32394,0.00000
800,0.4219,78741504,50333,0.01470,2.15e-04,0.5705,167.3684,0.00000,0.16500,0.00000,10.00000,889.81199,0.00000,0.85749,0.00000,0.00000,0.77367,0.00000,0.00000,0.00000,0.00000,0.00000,2.34437,1.72974,0.95652,0.94667,1.00000,2212.16471,-0.03448,-0.21637,0.22547,-0.03071,0.42034,0.77089,-0.08157,0.21752,-0.03815,-0.06633,0.09389,0.29060,0.34201,2.28459,2.45000,0.76630,0.73239,0.44444,0.71005,0.33000,1.20140,3.26818,0.57609,0.49254,0.00000
801,0.4225,78839808,51852,0.01238,2.76e-04,0.5705,159.0882,0.00000,0.16500,0.00000,10.00000,858.65723,0.00000,0.72917,0.00000,0.00000,0.76902,0.00000,0.00000,0.00000,0.00000,0.00000,2.35429,1.90918,1.00000,1.00000,1.00000,2234.80729,-0.03426,-0.21836,0.22582,-0.03155,0.41907,0.76639,-0.08114,0.21759,-0.03961,-0.06683,0.09490,0.29112,0.34145,2.20045,1.82600,0.70625,0.66667,0.42105,0.70725,0.33000,1.20002,2.83500,0.41250,0.32692,0.00000
802,0.4230,78938112,48695,0.01734,1.58e-04,0.5705,139.7454,0.00000,0.16500,0.00000,10.00000,889.74219,0.00000,0.81301,0.00000,0.00000,0.76923,0.00000,0.00000,0.00000,0.00000,0.00000,2.36973,1.77246,1.00000,1.00000,1.00000,2256.94401,-0.03420,-0.22051,0.22797,-0.03179,0.41856,0.76644,-0.08176,0.21923,-0.03736,-0.06683,0.09531,0.29321,0.34122,2.29140,1.33000,0.75000,0.68333,0.50000,0.70612,0.33000,1.20838,3.28062,0.50000,0.38710,0.00000
803,0.4236,79036416,49990,0.01240,2.27e-04,0.5705,150.1365,0.00000,0.16500,0.00000,10.00000,832.88392,0.00000,0.80189,0.00000,0.00000,0.77503,0.00000,0.00000,0.00000,0.00000,0.00000,2.36802,1.74341,0.98113,0.97403,1.00000,2256.28288,-0.03409,-0.22056,0.22794,-0.03207,0.42188,0.77220,-0.08110,0.21946,-0.03880,-0.06692,0.09507,0.29297,0.34191,2.23291,1.52286,0.71226,0.67974,0.50000,0.70954,0.33000,1.20658,3.33743,0.44340,0.38158,0.00000
804,0.4242,79134720,48386,0.01517,2.06e-04,0.5704,158.6214,0.00000,0.16500,0.00000,10.00000,934.23193,0.00000,0.75810,0.00000,0.00000,0.77742,0.00000,0.00000,0.00000,0.00000,0.00000,2.38463,1.85550,0.98958,0.98630,1.00000,2227.53613,-0.03416,-0.21793,0.22963,-0.03137,0.42370,0.77464,-0.08165,0.22209,-0.03523,-0.06680,0.09522,0.29577,0.34273,2.26410,1.55200,0.77083,0.73282,0.46667,0.71364,0.33000,1.22586,3.14757,0.55208,0.41379,0.00000
805,0.4247,79233024,46863,0.01655,1.20e-04,0.5704,159.1792,0.00000,0.16500,0.00000,10.00000,866.92396,0.00000,0.79894,0.00000,0.00000,0.77720,0.00000,0.00000,0.00000,0.00000,0.00000,2.37752,1.64404,1.00000,1.00000,1.00000,2202.25602,-0.03417,-0.21539,0.22973,-0.03275,0.42516,0.77434,-0.08176,0.22191,-0.03647,-0.06658,0.09502,0.29595,0.34331,2.27825,1.60545,0.76667,0.75497,0.42857,0.71653,0.33000,1.22855,3.45416,0.53333,0.47887,0.00000
806,0.4253,79331328,47312,0.01172,1.49e-04,0.5704,148.5297,0.00000,0.16500,0.00000,10.00000,885.42852,0.00000,0.78333,0.00000,0.00000,0.77490,0.00000,0.00000,0.00000,0.00000,0.00000,2.34901,1.81157,0.97000,0.97333,0.87500,2214.07340,-0.03415,-0.21639,0.22834,-0.03233,0.42372,0.77209,-0.08047,0.22081,-0.03824,-0.06705,0.09410,0.29407,0.34254,2.38262,1.72400,0.74000,0.71631,0.38889,0.71270,0.33000,1.22679,3.59795,0.51000,0.42424,0.00000
807,0.4259,79429632,48446,0.01477,1.33e-04,0.5704,174.2242,0.00000,0.16500,0.00000,10.00000,851.94784,0.00000,0.84491,0.00000,0.00000,0.77049,0.00000,0.00000,0.00000,0.00000,0.00000,2.31004,1.74405,0.97917,1.00000,0.83333,2240.31396,-0.03434,-0.21897,0.22421,-0.03100,0.42006,0.76781,-0.08141,0.21742,-0.03807,-0.06653,0.09323,0.28924,0.34250,2.56374,2.78333,0.73958,0.72603,0.38462,0.71251,0.33000,1.22331,3.80163,0.50000,0.48718,0.00000
808,0.4265,79527936,48757,0.01113,1.56e-04,0.5704,158.3023,0.00000,0.16500,0.00000,10.00000,839.79613,0.00000,0.77249,0.00000,0.00000,0.77415,0.00000,0.00000,0.00000,0.00000,0.00000,2.32146,1.66674,0.99048,0.98649,1.00000,2240.98617,-0.03419,-0.21905,0.22493,-0.03211,0.42276,0.77142,-0.08126,0.21830,-0.03969,-0.06684,0.09325,0.29061,0.34307,2.07233,1.59428,0.68095,0.64384,0.46154,0.71533,0.33000,1.22846,3.09823,0.37143,0.29167,0.00000
809,0.4270,79626240,49210,0.01408,1.79e-04,0.5704,169.9345,0.00000,0.16500,0.00000,10.00000,851.73950,0.00000,0.77061,0.00000,0.00000,0.77598,0.00000,0.00000,0.00000,0.00000,0.00000,2.32170,1.64293,0.98925,0.98507,1.00000,2226.48226,-0.03441,-0.21775,0.22560,-0.03171,0.42407,0.77319,-0.08202,0.21990,-0.03572,-0.06655,0.09351,0.29233,0.34304,2.30518,1.37800,0.72043,0.67442,0.47368,0.71521,0.33000,1.24881,3.81030,0.45161,0.33871,0.00000
810,0.4276,79724544,49097,0.01256,1.87e-04,0.5704,161.6943,0.00000,0.16500,0.00000,10.00000,893.23908,0.00000,0.81121,0.00000,0.00000,0.77134,0.00000,0.00000,0.00000,0.00000,0.00000,2.30270,1.82295,0.99115,0.98876,1.00000,2237.38802,-0.03439,-0.21859,0.22490,-0.03248,0.42163,0.76838,-0.08179,0.21868,-0.04017,-0.06692,0.09376,0.29127,0.34274,2.25248,1.21000,0.74779,0.70909,0.40000,0.71372,0.33000,1.23233,3.13956,0.50442,0.38158,0.00000
811,0.4282,79822848,48989,0.01479,1.87e-04,0.5704,173.8775,0.00000,0.16500,0.00000,10.00000,914.70724,0.00000,0.76998,0.00000,0.00000,0.77006,0.00000,0.00000,0.00000,0.00000,0.00000,2.28089,1.70884,1.00000,1.00000,1.00000,2238.40902,-0.03437,-0.21860,0.22375,-0.03221,0.42113,0.76727,-0.08138,0.21737,-0.04129,-0.06691,0.09300,0.28931,0.34258,2.46482,1.31500,0.75877,0.72152,0.43750,0.71290,0.33000,1.22363,3.73961,0.51754,0.44304,0.00000
812,0.4287,79921152,47709,0.01480,1.44e-04,0.5703,157.6584,0.00000,0.16500,0.00000,10.00000,912.69157,0.00000,0.75964,0.00000,0.00000,0.76714,0.00000,0.00000,0.00000,0.00000,0.00000,2.25671,1.87975,0.98980,0.98551,1.00000,2227.88314,-0.03451,-0.21775,0.22004,-0.03128,0.41956,0.76439,-0.08107,0.21476,-0.03809,-0.06659,0.09166,0.28559,0.34160,2.27617,1.71077,0.73469,0.70149,0.50000,0.70800,0.33000,1.21438,3.04000,0.47959,0.40000,0.00000
813,0.4293,80019456,47479,0.01087,1.87e-04,0.5703,159.9928,0.00000,0.16500,0.00000,10.00000,930.63550,0.00000,0.78563,0.00000,0.00000,0.76308,0.00000,0.00000,0.00000,0.00000,0.00000,2.27297,1.80107,0.95960,0.94667,1.00000,2222.86019,-0.03469,-0.21715,0.22041,-0.03125,0.41498,0.76051,-0.08166,0.21416,-0.04170,-0.06636,0.09233,0.28537,0.34016,2.40000,1.24500,0.77273,0.71429,0.33333,0.70082,0.33000,1.20045,3.61405,0.58586,0.44615,0.00000
814,0.4299,80117760,47880,0.01380,1.92e-04,0.5703,169.9411,0.00000,0.16500,0.00000,10.00000,891.84816,0.00000,0.74510,0.00000,0.00000,0.76203,0.00000,0.00000,0.00000,0.00000,0.00000,2.26411,1.79403,0.98824,0.98276,1.00000,2267.84115,-0.03484,-0.22163,0.21972,-0.03095,0.41302,0.75932,-0.08263,0.21343,-0.03724,-0.06651,0.09220,0.28453,0.33978,2.21939,1.16167,0.71176,0.69298,0.45000,0.69890,0.33000,1.20597,3.11000,0.43529,0.39286,0.00000
815,0.4305,80216064,47380,0.01440,2.30e-04,0.5703,173.0050,0.00000,0.16500,0.00000,10.00000,837.51529,0.00000,0.78605,0.00000,0.00000,0.76488,0.00000,0.00000,0.00000,0.00000,0.00000,2.30509,1.79948,1.00000,1.00000,1.00000,2303.65999,-0.03467,-0.22510,0.22349,-0.03208,0.41512,0.76216,-0.08283,0.21676,-0.04141,-0.06683,0.09381,0.28946,0.34098,2.37268,1.65846,0.70213,0.67669,0.45455,0.70490,0.33000,1.21125,3.63371,0.40426,0.34848,0.00000
816,0.4311,80314368,48460,0.01842,1.53e-04,0.5704,153.6097,0.00000,0.16500,0.00000,10.00000,893.06893,0.00000,0.75163,0.00000,0.00000,0.77446,0.00000,0.00000,0.00000,0.00000,0.00000,2.31316,1.70143,1.00000,1.00000,1.00000,2277.09456,-0.03454,-0.22255,0.22367,-0.03263,0.42074,0.77171,-0.08337,0.21685,-0.03989,-0.06657,0.09331,0.29005,0.34228,2.31711,1.52667,0.74118,0.73043,0.45455,0.71142,0.33000,1.21648,3.58470,0.48235,0.43636,0.00000
817,0.4316,80412672,48630,0.01186,1.20e-04,0.5704,171.9532,0.00000,0.16500,0.00000,10.00000,887.40395,0.00000,0.81699,0.00000,0.00000,0.77869,0.00000,0.00000,0.00000,0.00000,0.00000,2.34906,1.72582,0.97059,0.95946,1.00000,2264.23812,-0.03449,-0.22129,0.22665,-0.03256,0.42546,0.77579,-0.08256,0.22059,-0.04153,-0.06659,0.09519,0.29480,0.34295,2.44240,1.10286,0.73039,0.67333,0.45455,0.71474,0.33000,1.23489,3.49074,0.49020,0.39474,0.00000
818,0.4322,80510976,47960,0.01129,1.72e-04,0.5705,151.7848,0.00000,0.16500,0.00000,10.00000,872.26109,0.00000,0.69444,0.00000,0.00000,0.78127,0.00000,0.00000,0.00000,0.00000,0.00000,2.32964,1.75735,0.98214,0.97143,1.00000,2225.18083,-0.03441,-0.21750,0.22611,-0.03218,0.42715,0.77828,-0.08229,0.22002,-0.03838,-0.06647,0.09471,0.29407,0.34360,2.25360,1.65625,0.69196,0.65000,0.41935,0.71801,0.33000,1.25160,3.23428,0.40179,0.32857,0.00000
819,0.4328,80609280,49663,0.01466,1.76e-04,0.5705,187.3507,0.00000,0.16500,0.00000,10.00000,878.24622,0.00000,0.77658,0.00000,0.00000,0.77941,0.00000,0.00000,0.00000,0.00000,0.00000,2.31206,1.78747,1.00000,1.00000,1.00000,2230.55339,-0.03442,-0.21791,0.22764,-0.03290,0.42668,0.77661,-0.08182,0.22228,-0.03925,-0.06686,0.09477,0.29576,0.34340,2.42495,1.69200,0.72581,0.71538,0.47368,0.71698,0.33000,1.27458,3.68316,0.45161,0.42188,0.00000
820,0.4333,80707584,49255,0.01311,2.53e-04,0.5705,160.4844,0.00000,0.16500,0.00000,10.00000,880.15590,0.00000,0.78373,0.00000,0.00000,0.77698,0.00000,0.00000,0.00000,0.00000,0.00000,2.28248,1.76675,0.97321,0.96154,1.00000,2218.54362,-0.03445,-0.21661,0.22659,-0.03193,0.42627,0.77430,-0.08227,0.22187,-0.03920,-0.06691,0.09431,0.29418,0.34429,2.32394,1.38333,0.73661,0.69620,0.40000,0.72147,0.33000,1.28701,3.37500,0.50000,0.43750,0.00000
821,0.4339,80805888,49090,0.02959,1.33e-04,0.5705,170.1436,0.00000,0.16500,0.00000,10.00000,887.53649,0.00000,0.79976,0.00000,0.00000,0.77481,0.00000,0.00000,0.00000,0.00000,0.00000,2.29218,1.77171,0.96703,0.95385,1.00000,2222.47754,-0.03439,-0.21729,0.22730,-0.03320,0.42483,0.77192,-0.08212,0.22252,-0.03397,-0.06669,0.09379,0.29471,0.34368,2.41053,1.33250,0.74725,0.70229,0.41667,0.71842,0.33000,1.29712,3.42682,0.52747,0.45455,0.00000
822,0.4345,80904192,47223,0.01166,1.33e-04,0.5705,165.2547,0.00000,0.16500,0.00000,10.00000,860.67227,0.00000,0.77083,0.00000,0.00000,0.77524,0.00000,0.00000,0.00000,0.00000,0.00000,2.31637,1.79312,1.00000,1.00000,1.00000,2247.00602,-0.03432,-0.21950,0.23010,-0.03296,0.42476,0.77247,-0.08214,0.22478,-0.03541,-0.06704,0.09457,0.29734,0.34370,2.36687,2.52222,0.77500,0.75676,0.47059,0.71849,0.33000,1.30560,3.41600,0.55000,0.50909,0.00000
823,0.4351,81002496,48335,0.01181,1.92e-04,0.5705,160.9281,0.00000,0.16500,0.00000,10.00000,849.83067,0.00000,0.83333,0.00000,0.00000,0.77840,0.00000,0.00000,0.00000,0.00000,0.00000,2.34418,1.84686,0.98837,0.98462,1.00000,2234.60319,-0.03435,-0.21848,0.23290,-0.03369,0.42601,0.77550,-0.08278,0.22780,-0.03709,-0.06669,0.09596,0.30080,0.34424,2.43677,1.34000,0.75581,0.70543,0.33333,0.72121,0.33000,1.31835,3.67187,0.52326,0.42188,0.00000
824,0.4356,81100800,49252,0.01515,1.76e-04,0.5706,162.6376,0.00000,0.16500,0.00000,10.00000,941.51645,0.00000,0.68910,0.00000,0.00000,0.78414,0.00000,0.00000,0.00000,0.00000,0.00000,2.34157,1.77091,1.00000,1.00000,1.00000,2228.02718,-0.03447,-0.21782,0.23238,-0.03328,0.43017,0.78124,-0.08333,0.22781,-0.03745,-0.06688,0.09612,0.30146,0.34519,2.69008,1.60857,0.81250,0.79070,0.38889,0.72593,0.33000,1.31856,4.45950,0.62500,0.54237,0.00000
825,0.4362,81199104,50314,0.01484,1.47e-04,0.5705,165.6906,0.00000,0.16500,0.00000,10.00000,924.48625,0.00000,0.78333,0.00000,0.00000,0.78667,0.00000,0.00000,0.00000,0.00000,0.00000,2.35976,1.67407,1.00000,1.00000,1.00000,2252.19482,-0.03438,-0.21999,0.23173,-0.03337,0.43060,0.78378,-0.08336,0.22663,-0.04007,-0.06692,0.09673,0.30008,0.34553,2.20896,1.07250,0.75000,0.71631,0.40000,0.72763,0.33000,1.29247,3.19363,0.50000,0.39394,0.00000
826,0.4367,81297408,54391,0.01318,1.56e-04,0.5705,152.3152,0.00000,0.16500,0.00000,10.00000,867.32307,0.00000,0.78307,0.00000,0.00000,0.78875,0.00000,0.00000,0.00000,0.00000,0.00000,2.35659,1.76488,0.99048,0.98667,1.00000,2226.81152,-0.03457,-0.21758,0.23219,-0.03299,0.43159,0.78571,-0.08393,0.22624,-0.04030,-0.06670,0.09610,0.29988,0.34562,2.28597,1.69714,0.72381,0.70270,0.45833,0.72808,0.33000,1.29238,3.21958,0.45714,0.41096,0.00000
827,0.4372,81395712,53895,0.01350,1.87e-04,0.5705,168.3612,0.00000,0.16500,0.00000,10.00000,918.71101,0.00000,0.77558,0.00000,0.00000,0.78672,0.00000,0.00000,0.00000,0.00000,0.00000,2.35069,1.77663,0.99010,0.98649,1.00000,2182.55599,-0.03468,-0.21331,0.23195,-0.03312,0.42938,0.78361,-0.08367,0.22701,-0.03690,-0.06637,0.09556,0.30020,0.34507,2.01795,1.34286,0.75743,0.73050,0.52941,0.72537,0.33000,1.30598,2.47318,0.52475,0.44776,0.00000
828,0.4377,81494016,52866,0.01445,1.49e-04,0.5706,167.7147,0.00000,0.16500,0.00000,10.00000,894.76658,0.00000,0.79932,0.00000,0.00000,0.78185,0.00000,0.00000,0.00000,0.00000,0.00000,2.34043,1.68718,0.98980,0.98592,1.00000,2186.54590,-0.03445,-0.21366,0.22952,-0.03255,0.42851,0.77901,-0.08290,0.22412,-0.03961,-0.06661,0.09551,0.29692,0.34495,2.24208,1.88000,0.76020,0.73050,0.47059,0.72474,0.33000,1.27246,3.16298,0.53061,0.47143,0.00000
829,0.4383,81592320,50868,0.01232,1.43e-04,0.5706,162.1852,0.00000,0.16500,0.00000,10.00000,868.54430,0.00000,0.78333,0.00000,0.00000,0.77992,0.00000,0.00000,0.00000,0.00000,0.00000,2.33306,1.75976,0.99000,0.98649,1.00000,2195.40316,-0.03454,-0.21453,0.22872,-0.03220,0.42752,0.77694,-0.08333,0.22338,-0.03746,-0.06669,0.09532,0.29656,0.34458,2.37575,1.46615,0.75000,0.72340,0.50000,0.72292,0.33000,1.28116,3.57907,0.51000,0.43284,0.00000
830,0.4388,81690624,53173,0.01315,1.76e-04,0.5706,145.7266,0.00000,0.16500,0.00000,10.00000,930.63191,0.00000,0.74269,0.00000,0.00000,0.77951,0.00000,0.00000,0.00000,0.00000,0.00000,2.30745,1.83606,1.00000,1.00000,1.00000,2195.43799,-0.03455,-0.21470,0.22751,-0.03215,0.42648,0.77641,-0.08342,0.22224,-0.03599,-0.06648,0.09467,0.29487,0.34448,2.19171,1.37500,0.77895,0.74803,0.41176,0.72238,0.33000,1.28889,2.82300,0.55789,0.49206,0.00000
831,0.4393,81788928,52461,0.01507,1.30e-04,0.5705,161.1509,0.00000,0.16500,0.00000,10.00000,868.91173,0.00000,0.83074,0.00000,0.00000,0.77904,0.00000,0.00000,0.00000,0.00000,0.00000,2.29453,1.76067,0.99065,1.00000,0.87500,2219.87240,-0.03443,-0.21697,0.22680,-0.03242,0.42694,0.77616,-0.08305,0.22137,-0.03651,-0.06669,0.09400,0.29368,0.34474,2.13662,1.36428,0.72430,0.70625,0.36842,0.72372,0.33000,1.28318,2.72000,0.45794,0.39744,0.00000
832,0.4398,81887232,52322,0.01085,1.71e-04,0.5706,152.9659,0.00000,0.16500,0.00000,10.00000,950.05192,0.00000,0.79301,0.00000,0.00000,0.78179,0.00000,0.00000,0.00000,0.00000,0.00000,2.28113,1.67731,0.99194,0.98947,1.00000,2189.88265,-0.03442,-0.21406,0.22649,-0.03202,0.42769,0.77877,-0.08290,0.22097,-0.03701,-0.06675,0.09384,0.29346,0.34486,2.20048,1.30200,0.80645,0.78531,0.50000,0.72431,0.33000,1.28880,3.07806,0.62097,0.54878,0.00000
833,0.4404,81985536,53078,0.01366,1.98e-04,0.5706,168.8498,0.00000,0.16500,0.00000,10.00000,898.85358,0.00000,0.78027,0.00000,0.00000,0.77733,0.00000,0.00000,0.00000,0.00000,0.00000,2.25149,1.71851,1.00000,1.00000,1.00000,2230.37744,-0.03461,-0.21773,0.22516,-0.03279,0.42484,0.77428,-0.08260,0.21975,-0.04039,-0.06693,0.09263,0.29143,0.34357,2.31107,1.37555,0.74157,0.70400,0.46667,0.71785,0.33000,1.27632,3.19333,0.48315,0.43077,0.00000
834,0.4409,82083840,51877,0.01674,1.43e-04,0.5705,168.8546,0.00000,0.16500,0.00000,10.00000,930.85170,0.00000,0.76998,0.00000,0.00000,0.77037,0.00000,0.00000,0.00000,0.00000,0.00000,2.24810,1.71279,0.98246,0.97500,1.00000,2196.90902,-0.03461,-0.21496,0.22440,-0.03182,0.42074,0.76750,-0.08304,0.21954,-0.03770,-0.06656,0.09242,0.29049,0.34286,2.20301,1.65000,0.77193,0.72152,0.50000,0.71428,0.33000,1.28529,3.10000,0.56140,0.46154,0.00000
835,0.4414,82182144,52115,0.01269,1.76e-04,0.5705,158.5257,0.00000,0.16500,0.00000,10.00000,873.01858,0.00000,0.72823,0.00000,0.00000,0.76889,0.00000,0.00000,0.00000,0.00000,0.00000,2.25898,1.75250,0.98649,0.97959,1.00000,2252.23535,-0.03452,-0.22001,0.22603,-0.03232,0.42159,0.76607,-0.08263,0.22071,-0.04065,-0.06673,0.09212,0.29138,0.34347,2.34259,2.00500,0.73649,0.73196,0.36842,0.71733,0.33000,1.27807,3.48207,0.48649,0.47917,0.00000
836,0.4420,82280448,51941,0.01506,1.10e-04,0.5705,157.2102,0.00000,0.16500,0.00000,10.00000,890.59428,0.00000,0.78652,0.00000,0.00000,0.77376,0.00000,0.00000,0.00000,0.00000,0.00000,2.29424,1.77838,0.98876,0.98507,1.00000,2260.18311,-0.03453,-0.22085,0.22748,-0.03393,0.42361,0.77106,-0.08321,0.22223,-0.03810,-0.06687,0.09428,0.29420,0.34421,2.24312,1.83250,0.76404,0.73810,0.46667,0.72104,0.33000,1.29554,3.22571,0.53933,0.45763,0.00000
837,0.4425,82378752,50610,0.01050,1.58e-04,0.5705,156.9985,0.00000,0.16500,0.00000,10.00000,815.62096,0.00000,0.78431,0.00000,0.00000,0.78259,0.00000,0.00000,0.00000,0.00000,0.00000,2.32463,1.66000,0.97647,0.96721,1.00000,2257.13070,-0.03445,-0.22055,0.23086,-0.03359,0.42748,0.77979,-0.08332,0.22552,-0.03914,-0.06676,0.09537,0.29819,0.34465,2.17582,1.35368,0.70000,0.69167,0.48148,0.72326,0.33000,1.30818,3.10683,0.42353,0.40678,0.00000
838,0.4431,82477056,50044,0.01397,1.72e-04,0.5705,150.4073,0.00000,0.16500,0.00000,10.00000,912.91435,0.00000,0.85151,0.00000,0.00000,0.78850,0.00000,0.00000,0.00000,0.00000,0.00000,2.35942,1.71494,0.94393,0.94118,1.00000,2248.21566,-0.03438,-0.21947,0.23495,-0.03339,0.43114,0.78539,-0.08280,0.22974,-0.03958,-0.06710,0.09715,0.30340,0.34528,2.37867,1.40000,0.76636,0.73780,0.50000,0.72639,0.33000,1.32709,3.40237,0.58879,0.51899,0.00000
839,0.4436,82575360,48091,0.01368,1.89e-04,0.5705,168.8642,0.00000,0.16500,0.00000,10.00000,863.38574,0.00000,0.71925,0.00000,0.00000,0.79344,0.00000,0.00000,0.00000,0.00000,0.00000,2.36333,1.64439,0.99107,0.98649,1.00000,2198.95703,-0.03417,-0.21504,0.23575,-0.03375,0.43469,0.79034,-0.08268,0.23056,-0.03672,-0.06721,0.09707,0.30391,0.34606,2.22771,1.47905,0.73661,0.74483,0.45946,0.73030,0.33000,1.33244,3.31102,0.48214,0.49296,0.00000
840,0.4442,82673664,49172,0.01412,2.07e-04,0.5704,157.1218,0.00000,0.16500,0.00000,10.00000,928.51779,0.00000,0.76458,0.00000,0.00000,0.79102,0.00000,0.00000,0.00000,0.00000,0.00000,2.35536,1.66974,0.99010,0.98592,1.00000,2206.48649,-0.03411,-0.21556,0.23515,-0.03294,0.43569,0.78793,-0.08210,0.23045,-0.04049,-0.06710,0.09775,0.30368,0.34650,2.40528,1.60571,0.79208,0.75540,0.46667,0.73251,0.33000,1.33184,3.62596,0.59406,0.51471,0.00000
841,0.4448,82771968,48737,0.01742,1.30e-04,0.5704,153.1869,0.00000,0.16500,0.00000,10.00000,964.02081,0.00000,0.77558,0.00000,0.00000,0.78901,0.00000,0.00000,0.00000,0.00000,0.00000,2.33382,1.77675,0.99010,0.98667,1.00000,2209.99756,-0.03427,-0.21577,0.23246,-0.03285,0.43316,0.78605,-0.08169,0.22810,-0.04138,-0.06700,0.09719,0.30091,0.34569,2.19260,1.60667,0.79703,0.76596,0.41667,0.72844,0.33000,1.31564,2.90042,0.60396,0.51515,0.00000
842,0.4454,82870272,46097,0.01198,1.72e-04,0.5704,159.5949,0.00000,0.16500,0.00000,10.00000,876.86276,0.00000,0.79012,0.00000,0.00000,0.78340,0.00000,0.00000,0.00000,0.00000,0.00000,2.34401,1.68811,0.96667,0.95238,1.00000,2188.71403,-0.03428,-0.21414,0.23193,-0.03218,0.43013,0.78046,-0.08238,0.22630,-0.03750,-0.06665,0.09750,0.29948,0.34497,2.28917,1.17778,0.73889,0.70312,0.42857,0.72487,0.33000,1.31134,3.32600,0.51111,0.46154,0.00000
843,0.4460,82968576,48342,0.01461,1.49e-04,0.5703,156.9617,0.00000,0.16500,0.00000,10.00000,948.24113,0.00000,0.74074,0.00000,0.00000,0.78188,0.00000,0.00000,0.00000,0.00000,0.00000,2.36025,1.71062,1.00000,1.00000,1.00000,2193.14258,-0.03440,-0.21446,0.23385,-0.03226,0.42860,0.77910,-0.08338,0.22751,-0.03776,-0.06655,0.09876,0.30151,0.34481,2.12134,1.12000,0.80247,0.78704,0.50000,0.72404,0.33000,1.31507,2.77850,0.60494,0.55769,0.00000
844,0.4465,83066880,47249,0.01061,2.15e-04,0.5702,164.9896,0.00000,0.16500,0.00000,10.00000,917.42771,0.00000,0.71520,0.00000,0.00000,0.78178,0.00000,0.00000,0.00000,0.00000,0.00000,2.37346,1.97226,1.00000,1.00000,1.00000,2212.64600,-0.03439,-0.21635,0.23511,-0.03298,0.42873,0.77878,-0.08432,0.22884,-0.03576,-0.06650,0.09936,0.30341,0.34527,2.39768,1.70333,0.77586,0.72321,0.42857,0.72634,0.33000,1.32267,3.19697,0.55172,0.44643,0.00000
845,0.4471,83165184,47585,0.01521,1.43e-04,0.5702,158.5559,0.00000,0.16500,0.00000,10.00000,957.29293,0.00000,0.77008,0.00000,0.00000,0.78872,0.00000,0.00000,0.00000,0.00000,0.00000,2.36904,1.69519,0.99010,0.98649,1.00000,2223.42497,-0.03437,-0.21729,0.23398,-0.03348,0.43204,0.78579,-0.08378,0.22842,-0.03963,-0.06681,0.09888,0.30241,0.34609,2.32016,1.76000,0.79208,0.75000,0.41667,0.73047,0.33000,1.31325,3.41733,0.59406,0.48485,0.00000
846,0.4477,83263488,49501,0.01308,1.60e-04,0.5702,157.9202,0.00000,0.16500,0.00000,10.00000,909.11703,0.00000,0.78231,0.00000,0.00000,0.79073,0.00000,0.00000,0.00000,0.00000,0.00000,2.37977,1.74475,1.00000,1.00000,1.00000,2202.48031,-0.03438,-0.21544,0.23542,-0.03438,0.43323,0.78786,-0.08379,0.22977,-0.03414,-0.06669,0.09948,0.30390,0.34591,2.23328,1.71400,0.76531,0.73913,0.52632,0.72957,0.33000,1.33380,3.10178,0.53061,0.47059,0.00000
847,0.4483,83361792,47394,0.01354,1.87e-04,0.5701,158.1780,0.00000,0.16500,0.00000,10.00000,933.01978,0.00000,0.72885,0.00000,0.00000,0.79207,0.00000,0.00000,0.00000,0.00000,0.00000,2.36409,1.67902,1.00000,1.00000,1.00000,2185.02344,-0.03441,-0.21354,0.23280,-0.03335,0.43403,0.78920,-0.08312,0.22720,-0.03648,-0.06682,0.09785,0.30104,0.34620,2.16667,1.32714,0.79817,0.78322,0.43478,0.73102,0.33000,1.31507,2.96640,0.59633,0.56338,0.00000
848,0.4488,83460096,49336,0.01428,2.06e-04,0.5700,169.4393,0.00000,0.16500,0.00000,10.00000,898.32335,0.00000,0.79288,0.00000,0.00000,0.78842,0.00000,0.00000,0.00000,0.00000,0.00000,2.34333,1.86800,0.97087,0.95588,1.00000,2177.17253,-0.03452,-0.21289,0.23215,-0.03324,0.43196,0.78582,-0.08336,0.22669,-0.03864,-0.06681,0.09734,0.29943,0.34557,2.63194,1.78727,0.75243,0.72109,0.50000,0.72786,0.33000,1.30885,3.60305,0.53398,0.51899,0.00000
849,0.4494,83558400,48424,0.01478,1.56e-04,0.5700,155.5751,0.00000,0.16500,0.00000,10.00000,885.71811,0.00000,0.78798,0.00000,0.00000,0.78259,0.00000,0.00000,0.00000,0.00000,0.00000,2.32627,1.70963,0.97959,0.97260,1.00000,2164.99398,-0.03455,-0.21161,0.23039,-0.03240,0.42855,0.77989,-0.08280,0.22496,-0.03875,-0.06649,0.09680,0.29732,0.34457,2.39571,1.89818,0.75510,0.72662,0.47368,0.72283,0.33000,1.29543,3.63066,0.53061,0.45455,0.00000
850,0.4500,83656704,48845,0.01349,1.76e-04,0.5701,162.3233,0.00000,0.16500,0.00000,10.00000,883.12547,0.00000,0.81930,0.00000,0.00000,0.78066,0.00000,0.00000,0.00000,0.00000,0.00000,2.32194,1.71807,0.97980,0.97333,1.00000,2183.35921,-0.03466,-0.21328,0.23010,-0.03260,0.42734,0.77783,-0.08268,0.22509,-0.03895,-0.06652,0.09661,0.29769,0.34419,2.24412,1.37273,0.74747,0.73288,0.42105,0.72094,0.33000,1.29853,3.06792,0.51515,0.47887,0.00000
851,0.4506,83755008,48469,0.01369,1.86e-04,0.5700,174.3998,0.00000,0.16500,0.00000,10.00000,904.68913,0.00000,0.80440,0.00000,0.00000,0.77922,0.00000,0.00000,0.00000,0.00000,0.00000,2.33061,1.70075,0.98958,0.98649,1.00000,2194.77604,-0.03467,-0.21468,0.23005,-0.03254,0.42645,0.77636,-0.08339,0.22514,-0.03797,-0.06656,0.09648,0.29729,0.34368,2.17328,1.12000,0.77083,0.75540,0.43750,0.71841,0.33000,1.29437,3.01333,0.55208,0.49231,0.00000
852,0.4511,83853312,48838,0.01546,1.71e-04,0.5700,167.5825,0.00000,0.16500,0.00000,10.00000,916.10377,0.00000,0.75472,0.00000,0.00000,0.78072,0.00000,0.00000,0.00000,0.00000,0.00000,2.34427,1.57095,0.98113,0.97368,1.00000,2195.62549,-0.03468,-0.21465,0.22951,-0.03337,0.42668,0.77783,-0.08338,0.22533,-0.03845,-0.06642,0.09584,0.29727,0.34413,2.34413,1.20600,0.75943,0.74306,0.38095,0.72064,0.33000,1.27697,3.89047,0.53774,0.48529,0.00000
853,0.4517,83951616,49154,0.01483,1.56e-04,0.5700,163.8203,0.00000,0.16500,0.00000,10.00000,904.40108,0.00000,0.79615,0.00000,0.00000,0.78322,0.00000,0.00000,0.00000,0.00000,0.00000,2.32366,1.68037,0.98425,0.97959,1.00000,2154.30534,-0.03475,-0.21052,0.22719,-0.03221,0.42938,0.78018,-0.08342,0.22311,-0.04021,-0.06621,0.09476,0.29473,0.34513,2.13532,1.63636,0.75197,0.71429,0.45000,0.72566,0.33000,1.26746,3.08980,0.51969,0.40476,0.00000
854,0.4523,84049920,48888,0.01228,2.06e-04,0.5700,157.3336,0.00000,0.16500,0.00000,10.00000,894.97347,0.00000,0.82687,0.00000,0.00000,0.77943,0.00000,0.00000,0.00000,0.00000,0.00000,2.32812,1.79970,1.00000,1.00000,1.00000,2174.89941,-0.03472,-0.21253,0.22782,-0.03279,0.42751,0.77659,-0.08242,0.22291,-0.03673,-0.06637,0.09504,0.29494,0.34412,2.28919,1.10400,0.75581,0.71094,0.44444,0.72062,0.33000,1.26701,3.03454,0.51163,0.43077,0.00000
855,0.4528,84148224,48631,0.01462,2.07e-04,0.5699,161.6240,0.00000,0.16500,0.00000,10.00000,917.70568,0.00000,0.84936,0.00000,0.00000,0.77605,0.00000,0.00000,0.00000,0.00000,0.00000,2.33846,1.68595,0.99038,1.00000,0.80000,2160.40007,-0.03449,-0.21119,0.22855,-0.03291,0.42652,0.77311,-0.08127,0.22428,-0.03674,-0.06638,0.09535,0.29617,0.34400,2.23452,2.05600,0.78365,0.76101,0.40000,0.72001,0.33000,1.27433,3.13804,0.57692,0.51899,0.00000
856,0.4534,84246528,48922,0.01509,2.06e-04,0.5698,165.3409,0.00000,0.16500,0.00000,10.00000,909.54227,0.00000,0.67664,0.00000,0.00000,0.77835,0.00000,0.00000,0.00000,0.00000,0.00000,2.34620,1.58193,1.00000,1.00000,1.00000,2175.41878,-0.03457,-0.21263,0.22960,-0.03243,0.42692,0.77547,-0.08251,0.22539,-0.03920,-0.06619,0.09762,0.29748,0.34435,2.21582,1.25818,0.75641,0.73684,0.40909,0.72176,0.33000,1.28792,3.57103,0.51282,0.40476,0.00000
857,0.4540,84344832,48240,0.01457,2.07e-04,0.5698,150.5287,0.00000,0.16500,0.00000,10.00000,895.02351,0.00000,0.73707,0.00000,0.00000,0.78018,0.00000,0.00000,0.00000,0.00000,0.00000,2.34039,1.73387,0.98020,0.97015,1.00000,2201.11475,-0.03452,-0.21518,0.23183,-0.03366,0.42782,0.77727,-0.08282,0.22733,-0.03933,-0.06667,0.09750,0.29986,0.34524,2.32649,1.30000,0.72772,0.67164,0.42105,0.72621,0.33000,1.31940,3.46615,0.47525,0.37313,0.00000
858,0.4545,84443136,48543,0.01748,1.44e-04,0.5697,144.3088,0.00000,0.16500,0.00000,10.00000,907.45554,0.00000,0.73413,0.00000,0.00000,0.78309,0.00000,0.00000,0.00000,0.00000,0.00000,2.34633,1.70757,1.00000,1.00000,1.00000,2219.64779,-0.03453,-0.21688,0.23356,-0.03366,0.42976,0.78009,-0.08288,0.22881,-0.03947,-0.06652,0.09724,0.30180,0.34633,2.26634,1.59454,0.74405,0.73874,0.40000,0.73163,0.33000,1.32158,3.32000,0.48810,0.45283,0.00000
859,0.4551,84541440,48499,0.01545,1.17e-04,0.5697,155.3031,0.00000,0.16500,0.00000,10.00000,952.07502,0.00000,0.73355,0.00000,0.00000,0.78573,0.00000,0.00000,0.00000,0.00000,0.00000,2.35877,1.69467,0.99029,0.98507,1.00000,2220.63704,-0.03452,-0.21709,0.23360,-0.03358,0.43009,0.78284,-0.08324,0.22856,-0.03722,-0.06643,0.09827,0.30178,0.34598,2.34944,1.42222,0.80097,0.77941,0.44444,0.72990,0.33000,1.32219,3.33160,0.61165,0.57971,0.00000
860,0.4557,84639744,49220,0.01121,1.30e-04,0.5697,170.6645,0.00000,0.16500,0.00000,10.00000,894.23385,0.00000,0.74074,0.00000,0.00000,0.78837,0.00000,0.00000,0.00000,0.00000,0.00000,2.35448,1.78204,1.00000,1.00000,1.00000,2188.50911,-0.03450,-0.21391,0.23257,-0.03357,0.43214,0.78534,-0.08351,0.22806,-0.03778,-0.06661,0.09832,0.30086,0.34601,2.22118,1.64631,0.75238,0.73571,0.51613,0.73006,0.33000,1.31936,3.04340,0.50476,0.44776,0.06250
861,0.4563,84738048,48500,0.01263,1.71e-04,0.5697,163.4356,0.00000,0.16500,0.00000,10.00000,930.58449,0.00000,0.77679,0.00000,0.00000,0.78941,0.00000,0.00000,0.00000,0.00000,0.00000,2.38874,1.81864,0.97345,0.96296,1.00000,2167.04443,-0.03437,-0.21175,0.23607,-0.03361,0.43416,0.78616,-0.08310,0.23149,-0.03818,-0.06656,0.09951,0.30579,0.34624,2.55863,1.78444,0.79646,0.77215,0.47059,0.73120,0.33000,1.33352,3.68138,0.61947,0.57143,0.00000
862,0.4568,84836352,47807,0.01364,2.11e-04,0.5697,162.2565,0.00000,0.16500,0.00000,10.00000,912.08356,0.00000,0.79710,0.00000,0.00000,0.79056,0.00000,0.00000,0.00000,0.00000,0.00000,2.35880,1.78261,1.00000,1.00000,1.00000,2161.23893,-0.03440,-0.21120,0.23609,-0.03449,0.43580,0.78755,-0.08317,0.23180,-0.04035,-0.06672,0.09969,0.30540,0.34723,2.19423,1.50667,0.76087,0.71970,0.41667,0.73617,0.33000,1.34085,2.87047,0.52174,0.45588,0.00000
863,0.4574,84934656,49333,0.01528,1.89e-04,0.5698,158.8756,0.00000,0.16500,0.00000,10.00000,875.66149,0.00000,0.83333,0.00000,0.00000,0.78924,0.00000,0.00000,0.00000,0.00000,0.00000,2.34380,1.69658,1.00000,1.00000,1.00000,2205.30615,-0.03433,-0.21535,0.23648,-0.03330,0.43477,0.78613,-0.08347,0.23176,-0.04137,-0.06663,0.09976,0.30524,0.34687,2.09470,1.34200,0.76136,0.75758,0.50000,0.73437,0.33000,1.36450,2.83268,0.52273,0.50000,0.00000
864,0.4580,85032960,48784,0.01528,2.06e-04,0.5697,157.9380,0.00000,0.16500,0.00000,10.00000,947.47261,0.00000,0.76132,0.00000,0.00000,0.78861,0.00000,0.00000,0.00000,0.00000,0.00000,2.36150,1.66800,0.98765,1.00000,1.00000,2202.08708,-0.03429,-0.21539,0.23896,-0.03427,0.43477,0.78552,-0.08387,0.23508,-0.03763,-0.06675,0.10107,0.30972,0.34688,2.30560,1.21143,0.77778,0.73874,0.40000,0.73440,0.33000,1.39577,3.26200,0.56790,0.47273,0.00000
865,0.4585,85131264,49124,0.01490,1.60e-04,0.5697,151.4577,0.00000,0.16500,0.00000,10.00000,921.56870,0.00000,0.77320,0.00000,0.00000,0.79544,0.00000,0.00000,0.00000,0.00000,0.00000,2.38965,1.72231,0.97938,0.97143,1.00000,2189.71859,-0.03425,-0.21418,0.24048,-0.03492,0.43849,0.79232,-0.08503,0.23708,-0.03592,-0.06687,0.10239,0.31216,0.34794,2.43312,1.52200,0.77835,0.77037,0.42105,0.73972,0.33000,1.41099,3.54200,0.57732,0.55385,0.00000
866,0.4591,85229568,47930,0.01241,1.71e-04,0.5697,155.1864,0.00000,0.16500,0.00000,10.00000,952.92129,0.00000,0.76464,0.00000,0.00000,0.79969,0.00000,0.00000,0.00000,0.00000,0.00000,2.38718,1.81653,1.00000,1.00000,1.00000,2184.14795,-0.03417,-0.21336,0.23987,-0.03389,0.44164,0.79660,-0.08372,0.23598,-0.03703,-0.06687,0.10235,0.31059,0.34893,2.35654,1.35200,0.77419,0.71875,0.44444,0.74466,0.33000,1.38923,3.51371,0.54839,0.36842,0.00000
867,0.4597,85327872,47473,0.01323,1.98e-04,0.5698,170.8359,0.00000,0.16500,0.00000,10.00000,902.25818,0.00000,0.76190,0.00000,0.00000,0.79643,0.00000,0.00000,0.00000,0.00000,0.00000,2.37488,1.78428,0.99048,1.00000,1.00000,2196.56185,-0.03417,-0.21472,0.23907,-0.03332,0.43908,0.79349,-0.08389,0.23548,-0.03895,-0.06671,0.10160,0.30911,0.34782,2.45352,1.41882,0.77619,0.75694,0.54167,0.73909,0.33000,1.37935,3.42276,0.56190,0.51389,0.08333
868,0.4603,85426176,48210,0.01468,1.56e-04,0.5698,140.5670,0.00000,0.16500,0.00000,10.00000,842.77055,0.00000,0.85000,0.00000,0.00000,0.79683,0.00000,0.00000,0.00000,0.00000,0.00000,2.34636,1.76729,0.99000,1.00000,0.87500,2179.88346,-0.03417,-0.21310,0.23643,-0.03412,0.43821,0.79390,-0.08326,0.23342,-0.03983,-0.06667,0.10110,0.30624,0.34802,2.37093,1.57600,0.75500,0.76471,0.36842,0.74009,0.33000,1.38100,3.32111,0.52000,0.52632,0.00000
869,0.4608,85524480,47909,0.01472,1.47e-04,0.5697,174.9082,0.00000,0.16500,0.00000,10.00000,946.28271,0.00000,0.77877,0.00000,0.00000,0.79159,0.00000,0.00000,0.00000,0.00000,0.00000,2.33285,1.71182,0.99107,0.98780,1.00000,2175.07894,-0.03430,-0.21252,0.23525,-0.03292,0.43638,0.78861,-0.08377,0.23294,-0.03612,-0.06645,0.10012,0.30521,0.34761,2.40141,1.59333,0.82143,0.80892,0.42857,0.73805,0.33000,1.38392,3.52518,0.65179,0.61333,0.00000
870,0.4614,85622784,49419,0.01263,1.71e-04,0.5697,160.2677,0.00000,0.16500,0.00000,10.00000,925.63876,0.00000,0.79710,0.00000,0.00000,0.78986,0.00000,0.00000,0.00000,0.00000,0.00000,2.32388,1.54027,0.98913,0.98507,1.00000,2168.81755,-0.03442,-0.21190,0.23461,-0.03378,0.43497,0.78703,-0.08379,0.23223,-0.03909,-0.06644,0.09914,0.30422,0.34785,2.11606,1.35250,0.79348,0.78788,0.41176,0.73927,0.33000,1.37701,3.00375,0.59783,0.58462,0.00000
871,0.4620,85721088,49036,0.01405,1.72e-04,0.5696,174.8312,0.00000,0.16500,0.00000,10.00000,935.85775,0.00000,0.70407,0.00000,0.00000,0.79054,0.00000,0.00000,0.00000,0.00000,0.00000,2.32539,1.90571,0.98020,0.96774,1.00000,2181.63900,-0.03446,-0.21309,0.23388,-0.03348,0.43451,0.78773,-0.08417,0.23115,-0.03795,-0.06647,0.09933,0.30318,0.34760,2.44509,1.34000,0.77228,0.73438,0.42857,0.73801,0.33000,1.37464,3.30318,0.56436,0.51515,0.00000
872,0.4626,85819392,47786,0.01788,1.14e-04,0.5696,145.0376,0.00000,0.16500,0.00000,10.00000,918.08759,0.00000,0.75758,0.00000,0.00000,0.79123,0.00000,0.00000,0.00000,0.00000,0.00000,2.33970,1.70167,1.00000,1.00000,1.00000,2167.73535,-0.03445,-0.21226,0.23559,-0.03418,0.43383,0.78820,-0.08426,0.23254,-0.03483,-0.06635,0.09939,0.30560,0.34731,2.31097,1.71555,0.77273,0.74074,0.43750,0.73655,0.33000,1.38473,3.15461,0.54545,0.50000,0.00000
873,0.4631,85917696,49456,0.01009,1.58e-04,0.5696,157.0215,0.00000,0.16500,0.00000,10.00000,925.93560,0.00000,0.78579,0.00000,0.00000,0.79398,0.00000,0.00000,0.00000,0.00000,0.00000,2.34631,1.65070,0.99099,1.00000,1.00000,2163.96924,-0.03434,-0.21179,0.23651,-0.03383,0.43546,0.79085,-0.08374,0.23332,-0.03798,-0.06658,0.09910,0.30649,0.34762,2.35197,2.18833,0.76126,0.75796,0.45000,0.73811,0.33000,1.37981,3.34065,0.53153,0.52500,0.00000
874,0.4637,86016000,48876,0.01433,1.58e-04,0.5696,164.9781,0.00000,0.16500,0.00000,10.00000,907.61537,0.00000,0.77586,0.00000,0.00000,0.79519,0.00000,0.00000,0.00000,0.00000,0.00000,2.33036,1.63482,0.99138,0.98701,1.00000,2186.37923,-0.03430,-0.21405,0.23539,-0.03422,0.43710,0.79196,-0.08305,0.23255,-0.03533,-0.06645,0.09879,0.30485,0.34801,2.50769,1.42000,0.78017,0.74691,0.50000,0.74007,0.33000,1.37888,3.78689,0.56897,0.52941,0.00000
875,0.4642,86114304,48487,0.01341,1.58e-04,0.5697,150.6847,0.00000,0.16500,0.00000,10.00000,928.47323,0.00000,0.81773,0.00000,0.00000,0.79186,0.00000,0.00000,0.00000,0.00000,0.00000,2.33521,1.63944,0.98876,0.98485,1.00000,2185.19336,-0.03430,-0.21343,0.23621,-0.03367,0.43575,0.78869,-0.08311,0.23368,-0.03728,-0.06647,0.09921,0.30574,0.34751,2.24051,1.63143,0.79775,0.77863,0.50000,0.73755,0.33000,1.38645,3.16826,0.60674,0.56923,0.00000
876,0.4648,86212608,48659,0.03132,1.30e-04,0.5697,176.9776,0.00000,0.16500,0.00000,10.00000,973.59506,0.00000,0.77558,0.00000,0.00000,0.79227,0.00000,0.00000,0.00000,0.00000,0.00000,2.33507,1.65089,0.99010,1.00000,1.00000,2176.10970,-0.03427,-0.21291,0.23527,-0.03439,0.43312,0.78921,-0.08250,0.23295,-0.03537,-0.06651,0.09937,0.30487,0.34653,2.23785,1.04400,0.79208,0.75887,0.33333,0.73266,0.33000,1.38419,3.14706,0.59406,0.47692,0.00000
877,0.4654,86310912,47578,0.01316,1.43e-04,0.5697,159.9100,0.00000,0.16500,0.00000,10.00000,910.01760,0.00000,0.72593,0.00000,0.00000,0.79063,0.00000,0.00000,0.00000,0.00000,0.00000,2.33801,1.64500,1.00000,1.00000,1.00000,2200.46322,-0.03417,-0.21491,0.23658,-0.03405,0.43259,0.78747,-0.08354,0.23452,-0.03623,-0.06648,0.09980,0.30620,0.34632,2.14059,1.48714,0.78000,0.79592,0.45833,0.73160,0.33000,1.39486,2.86585,0.56000,0.59184,0.00000
878,0.4660,86409216,48731,0.01389,1.58e-04,0.5696,154.7134,0.00000,0.16500,0.00000,10.00000,924.85253,0.00000,0.75661,0.00000,0.00000,0.79188,0.00000,0.00000,0.00000,0.00000,0.00000,2.34965,1.63333,0.99048,0.98667,1.00000,2181.93913,-0.03413,-0.21342,0.23705,-0.03379,0.43331,0.78865,-0.08302,0.23438,-0.03418,-0.06659,0.10032,0.30647,0.34652,2.24292,2.11077,0.80000,0.79720,0.48000,0.73260,0.33000,1.39809,3.30360,0.60952,0.58824,0.00000
879,0.4666,86507520,47112,0.01325,1.71e-04,0.5696,149.2088,0.00000,0.16500,0.00000,10.00000,934.90118,0.00000,0.73871,0.00000,0.00000,0.79305,0.00000,0.00000,0.00000,0.00000,0.00000,2.36617,1.56348,0.98901,0.98333,1.00000,2181.08936,-0.03402,-0.21337,0.23811,-0.03485,0.43629,0.78991,-0.08300,0.23583,-0.03459,-0.06653,0.10093,0.30800,0.34779,2.33842,1.15077,0.79121,0.76860,0.50000,0.73894,0.33000,1.39702,3.52666,0.59341,0.55738,0.00000
880,0.4671,86605824,46947,0.01493,1.56e-04,0.5696,165.3432,0.00000,0.16500,0.00000,10.00000,934.05875,0.00000,0.77222,0.00000,0.00000,0.79527,0.00000,0.00000,0.00000,0.00000,0.00000,2.35294,1.68108,0.98000,0.97015,1.00000,2179.56022,-0.03403,-0.21344,0.23810,-0.03344,0.43703,0.79203,-0.08218,0.23537,-0.03493,-0.06681,0.09960,0.30706,0.34738,2.23693,1.22000,0.76500,0.70504,0.53846,0.73692,0.33000,1.40095,3.05960,0.55000,0.45833,0.00000
881,0.4677,86704128,50232,0.01422,1.65e-04,0.5697,154.4958,0.00000,0.16500,0.00000,10.00000,939.45684,0.00000,0.63107,0.00000,0.00000,0.79598,0.00000,0.00000,0.00000,0.00000,0.00000,2.33768,1.84028,1.00000,1.00000,1.00000,2203.62337,-0.03402,-0.21550,0.23744,-0.03435,0.43839,0.79267,-0.08213,0.23588,-0.03651,-0.06689,0.09938,0.30709,0.34792,2.42810,1.56222,0.75728,0.73504,0.41379,0.73961,0.33000,1.39938,3.35555,0.51456,0.46552,0.00000
882,0.4683,86802432,49231,0.01353,1.56e-04,0.5697,143.9864,0.00000,0.16500,0.00000,10.00000,961.41319,0.00000,0.73755,0.00000,0.00000,0.79451,0.00000,0.00000,0.00000,0.00000,0.00000,2.33295,1.61425,1.00000,1.00000,1.00000,2167.88672,-0.03401,-0.21208,0.23547,-0.03333,0.43752,0.79132,-0.08214,0.23413,-0.03654,-0.06680,0.09991,0.30513,0.34732,2.13262,1.26533,0.80172,0.79870,0.44000,0.73661,0.33000,1.39387,3.01854,0.60345,0.56338,0.00000
883,0.4689,86900736,46889,0.01647,1.23e-04,0.5697,158.6108,0.00000,0.16500,0.00000,10.00000,938.48635,0.00000,0.86081,0.00000,0.00000,0.79173,0.00000,0.00000,0.00000,0.00000,0.00000,2.32252,1.71703,0.96703,0.95890,1.00000,2185.60335,-0.03403,-0.21376,0.23646,-0.03423,0.43683,0.78852,-0.08202,0.23558,-0.03807,-0.06672,0.09973,0.30635,0.34753,2.17620,0.98667,0.79121,0.74468,0.50000,0.73764,0.33000,1.39716,2.89915,0.61538,0.51471,0.00000
884,0.4694,86999040,48504,0.01125,1.86e-04,0.5697,156.8881,0.00000,0.16500,0.00000,10.00000,923.82709,0.00000,0.72959,0.00000,0.00000,0.79185,0.00000,0.00000,0.00000,0.00000,0.00000,2.32890,1.83672,1.00000,1.00000,1.00000,2198.74935,-0.03407,-0.21511,0.23757,-0.03344,0.43536,0.78830,-0.08273,0.23612,-0.03917,-0.06633,0.09997,0.30699,0.34727,2.42563,2.00182,0.81325,0.80734,0.47368,0.73637,0.33000,1.41163,3.52166,0.62651,0.58824,0.00000
885,0.4700,87097344,48475,0.01532,1.76e-04,0.5697,157.2058,0.00000,0.16500,0.00000,10.00000,947.54327,0.00000,0.80484,0.00000,0.00000,0.79285,0.00000,0.00000,0.00000,0.00000,0.00000,2.36086,1.82698,1.00000,1.00000,1.00000,2214.58138,-0.03403,-0.21648,0.23985,-0.03385,0.43617,0.78962,-0.08365,0.23801,-0.03741,-0.06655,0.10102,0.31004,0.34764,2.35417,1.55500,0.80769,0.77876,0.37500,0.73819,0.33000,1.41429,3.18450,0.61538,0.52830,0.00000
886,0.4706,87195648,48471,0.01491,1.47e-04,0.5696,163.5116,0.00000,0.16500,0.00000,10.00000,937.09561,0.00000,0.77472,0.00000,0.00000,0.79616,0.00000,0.00000,0.00000,0.00000,0.00000,2.38287,1.61953,1.00000,1.00000,1.00000,2198.40332,-0.03408,-0.21491,0.24070,-0.03462,0.43755,0.79288,-0.08417,0.23909,-0.03523,-0.06652,0.10182,0.31185,0.34848,2.21959,1.28800,0.77982,0.76316,0.50000,0.74242,0.33000,1.42004,3.04226,0.55963,0.53846,0.00000
887,0.4711,87293952,52882,0.01319,1.56e-04,0.5696,145.2957,0.00000,0.16500,0.00000,10.00000,895.98726,0.00000,0.85317,0.00000,0.00000,0.80226,0.00000,0.00000,0.00000,0.00000,0.00000,2.39465,1.79265,1.00000,1.00000,1.00000,2179.84977,-0.03386,-0.21323,0.24129,-0.03401,0.44217,0.79909,-0.08343,0.23937,-0.03516,-0.06661,0.10180,0.31216,0.34924,2.34776,1.31500,0.75595,0.71318,0.50000,0.74619,0.33000,1.41682,3.13416,0.51190,0.42188,0.20000
888,0.4716,87392256,53643,0.01393,1.87e-04,0.5695,145.6348,0.00000,0.16500,0.00000,10.00000,901.25902,0.00000,0.76768,0.00000,0.00000,0.80127,0.00000,0.00000,0.00000,0.00000,0.00000,2.41190,1.62776,1.00000,1.00000,1.00000,2139.31559,-0.03387,-0.20933,0.24197,-0.03444,0.44358,0.79815,-0.08327,0.23999,-0.03182,-0.06669,0.10263,0.31264,0.34942,2.13057,1.35231,0.73636,0.71711,0.44000,0.74709,0.33000,1.41425,2.90763,0.47273,0.44872,0.00000
889,0.4721,87490560,51705,0.01451,2.11e-04,0.5694,151.9779,0.00000,0.16500,0.00000,10.00000,926.03638,0.00000,0.81155,0.00000,0.00000,0.79712,0.00000,0.00000,0.00000,0.00000,0.00000,2.38440,1.71143,0.99020,0.98701,1.00000,2130.84766,-0.03402,-0.20851,0.23938,-0.03305,0.44080,0.79397,-0.08278,0.23785,-0.03402,-0.06627,0.10236,0.30939,0.34863,2.32380,1.79818,0.79412,0.78523,0.50000,0.74315,0.33000,1.39856,3.21069,0.59804,0.56944,0.00000
890,0.4727,87588864,53155,0.01427,2.06e-04,0.5694,144.5729,0.00000,0.16500,0.00000,10.00000,977.75270,0.00000,0.74242,0.00000,0.00000,0.79242,0.00000,0.00000,0.00000,0.00000,0.00000,2.35883,1.73487,0.99091,0.98649,1.00000,2129.23210,-0.03409,-0.20809,0.23808,-0.03355,0.43658,0.78946,-0.08262,0.23604,-0.03519,-0.06623,0.10165,0.30673,0.34770,2.49060,2.13000,0.78636,0.73469,0.40000,0.73851,0.33000,1.39032,3.58222,0.58182,0.47945,0.00000
891,0.4732,87687168,52538,0.01847,1.44e-04,0.5694,150.3054,0.00000,0.16500,0.00000,10.00000,885.04301,0.00000,0.76313,0.00000,0.00000,0.78875,0.00000,0.00000,0.00000,0.00000,0.00000,2.35370,1.67147,1.00000,1.00000,1.00000,2129.77620,-0.03390,-0.20852,0.23877,-0.03283,0.43519,0.78573,-0.08122,0.23682,-0.03362,-0.06638,0.10132,0.30729,0.34699,2.07464,1.58154,0.75824,0.74400,0.47826,0.73493,0.33000,1.40146,2.89189,0.51648,0.47541,0.00000
892,0.4737,87785472,52129,0.01462,1.24e-04,0.5694,131.1909,0.00000,0.16500,0.00000,10.00000,931.59351,0.00000,0.72738,0.00000,0.00000,0.78617,0.00000,0.00000,0.00000,0.00000,0.00000,2.33475,1.79342,0.97938,0.97015,1.00000,2137.87321,-0.03399,-0.20916,0.23588,-0.03305,0.43449,0.78333,-0.08194,0.23422,-0.03504,-0.06623,0.10142,0.30430,0.34705,2.63557,1.68923,0.78351,0.78740,0.45455,0.73526,0.33000,1.38928,4.02695,0.58763,0.58333,0.00000
893,0.4743,87883776,52324,0.01324,1.19e-04,0.5694,152.4077,0.00000,0.16500,0.00000,10.00000,997.87355,0.00000,0.74588,0.00000,0.00000,0.78703,0.00000,0.00000,0.00000,0.00000,0.00000,2.33232,1.77038,0.99074,0.98611,1.00000,2150.72591,-0.03409,-0.21021,0.23538,-0.03289,0.43410,0.78412,-0.08251,0.23382,-0.03596,-0.06637,0.10049,0.30408,0.34671,2.29746,1.48400,0.84259,0.82069,0.46667,0.73355,0.33000,1.38066,2.95841,0.69444,0.65753,0.00000
894,0.4748,87982080,52296,0.01531,1.10e-04,0.5694,148.2625,0.00000,0.16500,0.00000,10.00000,976.68819,0.00000,0.69201,0.00000,0.00000,0.78832,0.00000,0.00000,0.00000,0.00000,0.00000,2.32932,1.62579,0.98246,0.97222,1.00000,2153.83594,-0.03420,-0.21064,0.23267,-0.03338,0.43287,0.78532,-0.08286,0.23064,-0.03432,-0.06628,0.09949,0.30101,0.34677,2.33468,1.58800,0.78947,0.76056,0.33333,0.73383,0.33000,1.35288,3.45708,0.59649,0.54286,0.00000
895,0.4753,88080384,52465,0.01275,1.08e-04,0.5694,161.8589,0.00000,0.16500,0.00000,10.00000,911.21439,0.00000,0.79594,0.00000,0.00000,0.78673,0.00000,0.00000,0.00000,0.00000,0.00000,2.31070,1.66325,1.00000,1.00000,1.00000,2137.44792,-0.03435,-0.20891,0.23009,-0.03242,0.43324,0.78382,-0.08272,0.22823,-0.03448,-0.06636,0.09852,0.29791,0.34671,2.27068,1.06823,0.78365,0.77852,0.50000,0.73354,0.33000,1.33531,3.14133,0.56731,0.55405,0.00000
896,0.4758,88178688,52975,0.01286,1.32e-04,0.5694,166.8290,0.00000,0.16500,0.00000,10.00000,953.26125,0.00000,0.78144,0.00000,0.00000,0.78234,0.00000,0.00000,0.00000,0.00000,0.00000,2.31589,1.75370,0.98901,0.98529,1.00000,2142.88314,-0.03454,-0.20949,0.23150,-0.03274,0.43134,0.77950,-0.08352,0.22923,-0.03511,-0.06592,0.09927,0.30002,0.34618,2.32122,1.78667,0.82418,0.80469,0.45455,0.73090,0.33000,1.34922,3.30762,0.65934,0.60000,0.00000
897,0.4764,88276992,52294,0.01307,1.89e-04,0.5694,163.4787,0.00000,0.16500,0.00000,10.00000,988.83552,0.00000,0.78014,0.00000,0.00000,0.78198,0.00000,0.00000,0.00000,0.00000,0.00000,2.30062,1.71627,1.00000,1.00000,1.00000,2165.88525,-0.03448,-0.21149,0.23139,-0.03255,0.42994,0.77897,-0.08310,0.22828,-0.03816,-0.06617,0.09872,0.29892,0.34570,2.20393,2.05333,0.83511,0.81061,0.40000,0.72851,0.33000,1.34836,2.98213,0.67021,0.59016,0.00000
898,0.4769,88375296,51923,0.01422,1.87e-04,0.5694,158.4775,0.00000,0.16500,0.00000,10.00000,924.97433,0.00000,0.73871,0.00000,0.00000,0.78114,0.00000,0.00000,0.00000,0.00000,0.00000,2.30014,1.75763,1.00000,1.00000,1.00000,2194.56136,-0.03454,-0.21442,0.23285,-0.03255,0.42820,0.77822,-0.08372,0.23041,-0.03911,-0.06600,0.09991,0.30112,0.34511,2.29372,1.75857,0.80220,0.80992,0.48000,0.72556,0.33000,1.37141,3.19911,0.60440,0.59649,0.00000
899,0.4775,88473600,49313,0.01314,2.70e-04,0.5695,158.3325,0.00000,0.16500,0.00000,10.00000,964.31763,0.00000,0.74074,0.00000,0.00000,0.78553,0.00000,0.00000,0.00000,0.00000,0.00000,2.28554,1.60895,1.00000,1.00000,1.00000,2210.48210,-0.03454,-0.21609,0.23214,-0.03279,0.42997,0.78272,-0.08438,0.22996,-0.03799,-0.06589,0.09900,0.30030,0.34569,2.19682,1.33667,0.80208,0.79688,0.42857,0.72843,0.33000,1.38805,3.09040,0.60417,0.57377,0.00000
900,0.4781,88571904,48968,0.01573,2.55e-04,0.5695,160.2345,0.00000,0.16500,0.00000,10.00000,947.19040,0.00000,0.79276,0.00000,0.00000,0.78832,0.00000,0.00000,0.00000,0.00000,0.00000,2.32364,1.64128,1.00000,1.00000,1.00000,2203.30680,-0.03437,-0.21544,0.23539,-0.03353,0.43281,0.78548,-0.08434,0.23357,-0.03640,-0.06647,0.09972,0.30381,0.34693,2.25074,1.42800,0.79213,0.77165,0.50000,0.73466,0.33000,1.39435,3.35628,0.58427,0.48214,0.00000
901,0.4787,88670208,47611,0.01573,1.86e-04,0.5695,159.1228,0.00000,0.16500,0.00000,10.00000,903.24971,0.00000,0.78401,0.00000,0.00000,0.79313,0.00000,0.00000,0.00000,0.00000,0.00000,2.33538,1.74259,1.00000,1.00000,1.00000,2177.28760,-0.03429,-0.21312,0.23655,-0.03327,0.43556,0.79020,-0.08378,0.23379,-0.03670,-0.06639,0.10038,0.30489,0.34793,2.43014,1.71333,0.74766,0.71523,0.47619,0.73964,0.33000,1.39888,3.49272,0.49533,0.43421,0.00000
902,0.4792,88768512,48270,0.01486,1.19e-04,0.5695,164.5532,0.00000,0.16500,0.00000,10.00000,923.22491,0.00000,0.80808,0.00000,0.00000,0.79694,0.00000,0.00000,0.00000,0.00000,0.00000,2.33896,1.62976,0.98990,0.98649,1.00000,2168.26286,-0.03440,-0.21194,0.23777,-0.03352,0.43884,0.79404,-0.08378,0.23452,-0.03491,-0.06605,0.10105,0.30676,0.34929,2.09519,1.65800,0.75758,0.75694,0.38095,0.74647,0.33000,1.41360,2.84353,0.52525,0.51429,0.00000
903,0.4798,88866816,49521,0.01175,1.56e-04,0.5695,159.4328,0.00000,0.16500,0.00000,10.00000,942.07425,0.00000,0.71981,0.00000,0.00000,0.79584,0.00000,0.00000,0.00000,0.00000,0.00000,2.33949,1.76800,1.00000,1.00000,1.00000,2142.99235,-0.03433,-0.20973,0.23813,-0.03365,0.43795,0.79288,-0.08327,0.23634,-0.03598,-0.06634,0.10134,0.30826,0.34880,2.31825,1.25733,0.80000,0.77852,0.45833,0.74398,0.33000,1.41898,3.37191,0.60000,0.52857,0.00000
904,0.4804,88965120,47805,0.01306,2.07e-04,0.5695,160.7897,0.00000,0.16500,0.00000,10.00000,928.30486,0.00000,0.80048,0.00000,0.00000,0.79251,0.00000,0.00000,0.00000,0.00000,0.00000,2.34393,1.76925,0.96774,0.95455,1.00000,2145.84619,-0.03431,-0.20972,0.23867,-0.03419,0.43733,0.78960,-0.08350,0.23752,-0.03702,-0.06625,0.10220,0.30965,0.34826,2.52938,2.63000,0.79570,0.73881,0.50000,0.74132,0.33000,1.42006,3.63652,0.62366,0.52941,0.00000
905,0.4809,89063424,48233,0.01377,1.98e-04,0.5695,170.4308,0.00000,0.16500,0.00000,10.00000,902.76226,0.00000,0.75246,0.00000,0.00000,0.79343,0.00000,0.00000,0.00000,0.00000,0.00000,2.35353,1.76483,0.98734,0.98039,1.00000,2157.73161,-0.03433,-0.21087,0.24087,-0.03304,0.43759,0.79046,-0.08411,0.23823,-0.03774,-0.06619,0.10302,0.31150,0.34825,2.54812,1.67636,0.75949,0.72897,0.47059,0.74123,0.33000,1.43509,3.60465,0.53165,0.50000,0.00000
906,0.4815,89161728,49307,0.01343,2.27e-04,0.5695,162.1304,0.00000,0.16500,0.00000,10.00000,932.02880,0.00000,0.81660,0.00000,0.00000,0.79625,0.00000,0.00000,0.00000,0.00000,0.00000,2.37017,1.68328,1.00000,1.00000,1.00000,2170.08919,-0.03436,-0.21225,0.24210,-0.03367,0.43808,0.79350,-0.08463,0.23961,-0.03527,-0.06610,0.10462,0.31284,0.34783,2.38073,1.26800,0.78916,0.75410,0.44444,0.73917,0.33000,1.45495,3.46744,0.57831,0.49153,0.00000
907,0.4821,89260032,48214,0.01497,2.27e-04,0.5695,157.2322,0.00000,0.16500,0.00000,10.00000,944.02644,0.00000,0.77457,0.00000,0.00000,0.79954,0.00000,0.00000,0.00000,0.00000,0.00000,2.38330,1.55922,0.99038,0.98592,1.00000,2198.62793,-0.03431,-0.21470,0.24237,-0.03382,0.44090,0.79666,-0.08484,0.24027,-0.03848,-0.06621,0.10471,0.31341,0.34876,2.21485,1.34889,0.79327,0.76552,0.47059,0.74378,0.33000,1.43850,3.13273,0.59615,0.55405,0.10000
908,0.4827,89358336,46909,0.01537,2.53e-04,0.5695,147.7399,0.00000,0.16500,0.00000,10.00000,962.91984,0.00000,0.74275,0.00000,0.00000,0.80608,0.00000,0.00000,0.00000,0.00000,0.00000,2.40093,1.79562,1.00000,1.00000,1.00000,2169.50781,-0.03424,-0.21218,0.24361,-0.03397,0.44426,0.80326,-0.08467,0.24167,-0.03441,-0.06592,0.10477,0.31521,0.34973,2.42684,1.55000,0.82065,0.82114,0.47059,0.74867,0.33000,1.45315,3.47409,0.64130,0.62069,0.00000
909,0.4832,89456640,48380,0.01567,2.11e-04,0.5694,153.2613,0.00000,0.16500,0.00000,10.00000,919.92896,0.00000,0.77675,0.00000,0.00000,0.80637,0.00000,0.00000,0.00000,0.00000,0.00000,2.38489,1.81231,0.99074,0.98734,1.00000,2157.41471,-0.03426,-0.21088,0.24308,-0.03446,0.44491,0.80357,-0.08420,0.24113,-0.03605,-0.06639,0.10463,0.31446,0.35023,2.32163,1.57733,0.77778,0.76821,0.48000,0.75116,0.33000,1.45170,3.14928,0.56481,0.52778,0.00000
910,0.4838,89554944,48761,0.01547,2.06e-04,0.5694,135.2280,0.00000,0.16500,0.00000,10.00000,910.87352,0.00000,0.77778,0.00000,0.00000,0.80391,0.00000,0.00000,0.00000,0.00000,0.00000,2.36826,1.64795,0.97000,0.95775,1.00000,2137.69222,-0.03430,-0.20909,0.24324,-0.03388,0.44391,0.80076,-0.08391,0.24094,-0.03419,-0.06619,0.10379,0.31437,0.35015,2.40511,1.41200,0.78000,0.75714,0.47368,0.75073,0.33000,1.46412,3.56314,0.59000,0.55072,0.00000
911,0.4844,89653248,48608,0.01562,1.71e-04,0.5694,150.3841,0.00000,0.16500,0.00000,10.00000,965.96018,0.00000,0.82524,0.00000,0.00000,0.79909,0.00000,0.00000,0.00000,0.00000,0.00000,2.34940,1.69741,0.99029,0.98734,1.00000,2112.61507,-0.03433,-0.20630,0.24069,-0.03391,0.44142,0.79599,-0.08350,0.23880,-0.03611,-0.06575,0.10269,0.31163,0.34896,2.14695,1.62000,0.83495,0.81046,0.60000,0.74478,0.33000,1.44322,2.82928,0.67961,0.62162,0.00000
912,0.4850,89751552,48168,0.01440,1.72e-04,0.5695,178.0921,0.00000,0.16500,0.00000,10.00000,922.48258,0.00000,0.78704,0.00000,0.00000,0.79074,0.00000,0.00000,0.00000,0.00000,0.00000,2.33406,1.67041,0.97917,0.96970,1.00000,2137.67155,-0.03432,-0.20891,0.23858,-0.03449,0.43591,0.78800,-0.08301,0.23728,-0.03684,-0.06581,0.10245,0.30853,0.34749,2.39106,1.24222,0.77604,0.75735,0.41176,0.73747,0.33000,1.42425,3.44320,0.57292,0.55714,0.00000
913,0.4855,89849856,47783,0.01213,1.89e-04,0.5696,172.5580,0.00000,0.16500,0.00000,10.00000,899.76388,0.00000,0.78749,0.00000,0.00000,0.79315,0.00000,0.00000,0.00000,0.00000,0.00000,2.33361,1.67928,0.96117,0.94595,1.00000,2121.36458,-0.03446,-0.20761,0.23911,-0.03375,0.43545,0.79006,-0.08361,0.23744,-0.03375,-0.06598,0.10220,0.30876,0.34692,2.31135,1.65231,0.75728,0.76027,0.44000,0.73460,0.33000,1.43815,3.24280,0.55340,0.56944,0.00000
914,0.4861,89948160,47425,0.01571,1.58e-04,0.5696,163.1908,0.00000,0.16500,0.00000,10.00000,962.15848,0.00000,0.82766,0.00000,0.00000,0.79212,0.00000,0.00000,0.00000,0.00000,0.00000,2.33335,1.69219,0.97959,0.97403,1.00000,2139.36214,-0.03453,-0.20923,0.23708,-0.03439,0.43456,0.78918,-0.08327,0.23517,-0.03671,-0.06598,0.10127,0.30643,0.34680,2.46895,1.54571,0.81122,0.81507,0.46154,0.73399,0.33000,1.40403,3.51311,0.64286,0.63768,0.00000
915,0.4867,90046464,49036,0.01452,1.72e-04,0.5696,156.6600,0.00000,0.16500,0.00000,10.00000,930.01653,0.00000,0.81267,0.00000,0.00000,0.79407,0.00000,0.00000,0.00000,0.00000,0.00000,2.32524,1.75742,1.00000,1.00000,1.00000,2147.54606,-0.03451,-0.20984,0.23576,-0.03344,0.43529,0.79103,-0.08355,0.23455,-0.03827,-0.06615,0.10131,0.30485,0.34712,2.36951,1.36222,0.80579,0.79661,0.41176,0.73560,0.33000,1.39525,3.35079,0.61157,0.56627,0.00000
916,0.4872,90144768,48832,0.01237,2.06e-04,0.5696,163.1227,0.00000,0.16500,0.00000,10.00000,909.93283,0.00000,0.76797,0.00000,0.00000,0.78963,0.00000,0.00000,0.00000,0.00000,0.00000,2.29083,1.81759,0.98039,0.97222,1.00000,2137.79134,-0.03451,-0.20894,0.23303,-0.03296,0.43324,0.78671,-0.08282,0.23153,-0.03631,-0.06627,0.09969,0.30072,0.34730,2.42569,1.36923,0.76471,0.75177,0.47826,0.73652,0.33000,1.38289,3.36037,0.54902,0.52174,0.00000
917,0.4878,90243072,48496,0.01663,1.22e-04,0.5696,158.4687,0.00000,0.16500,0.00000,10.00000,969.79622,0.00000,0.83041,0.00000,0.00000,0.79083,0.00000,0.00000,0.00000,0.00000,0.00000,2.32637,1.88425,0.97895,0.97403,1.00000,2153.97835,-0.03452,-0.21051,0.23617,-0.03420,0.43359,0.78785,-0.08299,0.23432,-0.03539,-0.06611,0.10063,0.30536,0.34714,2.45338,1.26000,0.82632,0.80986,0.50000,0.73571,0.33000,1.39649,3.36400,0.67368,0.61538,0.00000
918,0.4884,90341376,48346,0.01416,1.19e-04,0.5695,161.1373,0.00000,0.16500,0.00000,10.00000,916.11390,0.00000,0.76389,0.00000,0.00000,0.79183,0.00000,0.00000,0.00000,0.00000,0.00000,2.33413,1.64743,0.96591,0.95238,1.00000,2136.13151,-0.03478,-0.20883,0.23694,-0.03434,0.43284,0.78886,-0.08395,0.23385,-0.03196,-0.06591,0.10127,0.30591,0.34672,2.26626,1.14364,0.77273,0.76033,0.47059,0.73360,0.33000,1.40228,3.22889,0.57955,0.55172,0.00000
919,0.4890,90439680,49499,0.01148,1.56e-04,0.5695,146.9482,0.00000,0.16500,0.00000,10.00000,967.82882,0.00000,0.72840,0.00000,0.00000,0.79172,0.00000,0.00000,0.00000,0.00000,0.00000,2.35581,1.73583,1.00000,1.00000,1.00000,2174.20492,-0.03478,-0.21243,0.23885,-0.03322,0.43302,0.78872,-0.08501,0.23627,-0.03533,-0.06606,0.10303,0.30858,0.34687,2.24827,1.30800,0.82222,0.83051,0.40000,0.73434,0.33000,1.41688,3.08682,0.64444,0.62963,0.00000
920,0.4895,90537984,47518,0.01290,2.07e-04,0.5695,158.6491,0.00000,0.16500,0.00000,10.00000,924.13631,0.00000,0.72917,0.00000,0.00000,0.79763,0.00000,0.00000,0.00000,0.00000,0.00000,2.35714,1.68513,1.00000,1.00000,1.00000,2154.16357,-0.03477,-0.21079,0.24066,-0.03415,0.43706,0.79463,-0.08559,0.23818,-0.03365,-0.06585,0.10274,0.31078,0.34833,2.20491,1.52000,0.78125,0.76984,0.48000,0.74166,0.33000,1.44378,3.21850,0.56250,0.51667,0.00000
921,0.4901,90636288,47612,0.01475,2.06e-04,0.5695,145.4504,0.00000,0.16500,0.00000,10.00000,926.67800,0.00000,0.84765,0.00000,0.00000,0.80014,0.00000,0.00000,0.00000,0.00000,0.00000,2.38115,1.89476,1.00000,1.00000,1.00000,2164.45280,-0.03461,-0.21160,0.24359,-0.03473,0.43947,0.79708,-0.08536,0.24110,-0.03497,-0.06586,0.10409,0.31465,0.34891,2.47814,1.64000,0.81443,0.80405,0.46154,0.74457,0.33000,1.45680,3.35321,0.62887,0.58571,0.00000
922,0.4907,90734592,48346,0.01521,1.56e-04,0.5695,156.5602,0.00000,0.16500,0.00000,10.00000,948.24264,0.00000,0.68376,0.00000,0.00000,0.80444,0.00000,0.00000,0.00000,0.00000,0.00000,2.38241,1.60210,0.99038,0.98361,1.00000,2138.72656,-0.03447,-0.20912,0.24350,-0.03513,0.44262,0.80123,-0.08441,0.24155,-0.03347,-0.06602,0.10438,0.31460,0.34998,2.27500,1.59875,0.79327,0.78125,0.50000,0.74992,0.33000,1.46282,3.25846,0.59615,0.59701,0.00000
923,0.4913,90832896,49318,0.01493,1.56e-04,0.5694,144.1531,0.00000,0.16500,0.00000,10.00000,985.83720,0.00000,0.76319,0.00000,0.00000,0.80280,0.00000,0.00000,0.00000,0.00000,0.00000,2.37904,1.69631,0.98990,0.98611,1.00000,2104.23877,-0.03450,-0.20568,0.24227,-0.03434,0.44313,0.79980,-0.08427,0.24048,-0.03344,-0.06605,0.10444,0.31316,0.34994,2.31854,1.54400,0.82828,0.80882,0.41667,0.74972,0.33000,1.45152,3.32468,0.66667,0.60938,0.00000
924,0.4918,90931200,47643,0.01540,1.19e-04,0.5693,135.6612,0.00000,0.16500,0.00000,10.00000,948.32093,0.00000,0.77188,0.00000,0.00000,0.79646,0.00000,0.00000,0.00000,0.00000,0.00000,2.36012,1.62395,1.00000,1.00000,1.00000,2070.72656,-0.03444,-0.20262,0.24107,-0.03367,0.44090,0.79346,-0.08376,0.23912,-0.02973,-0.06593,0.10348,0.31091,0.34954,2.25027,1.05091,0.79646,0.79618,0.35000,0.74769,0.33000,1.45058,3.11903,0.59292,0.58974,0.00000
925,0.4924,91029504,49095,0.01171,1.71e-04,0.5693,164.9166,0.00000,0.16500,0.00000,10.00000,983.63511,0.00000,0.73671,0.00000,0.00000,0.79418,0.00000,0.00000,0.00000,0.00000,0.00000,2.34269,1.73913,0.98913,0.98462,1.00000,2113.64811,-0.03443,-0.20658,0.24092,-0.03400,0.43919,0.79119,-0.08279,0.23993,-0.03404,-0.06597,0.10320,0.31168,0.34839,2.40684,1.36000,0.83152,0.79508,0.44444,0.74193,0.33000,1.45120,3.43066,0.67391,0.57895,0.00000
926,0.4930,91127808,46614,0.01477,1.43e-04,0.5692,150.4917,0.00000,0.16500,0.00000,10.00000,928.74990,0.00000,0.71528,0.00000,0.00000,0.79191,0.00000,0.00000,0.00000,0.00000,0.00000,2.35032,1.86000,1.00000,1.00000,1.00000,2118.04834,-0.03444,-0.20707,0.24164,-0.03490,0.43734,0.78898,-0.08344,0.24113,-0.03366,-0.06598,0.10357,0.31306,0.34807,2.27204,1.97454,0.78125,0.75728,0.50000,0.74033,0.33000,1.46557,3.16258,0.56250,0.45652,0.00000
927,0.4936,91226112,48582,0.01601,1.41e-04,0.5692,158.0204,0.00000,0.16500,0.00000,10.00000,956.72132,0.00000,0.86043,0.00000,0.00000,0.79939,0.00000,0.00000,0.00000,0.00000,0.00000,2.38124,1.84677,1.00000,1.00000,1.00000,2157.78190,-0.03446,-0.21091,0.24412,-0.03415,0.44043,0.79615,-0.08434,0.24430,-0.03412,-0.06612,0.10475,0.31681,0.34881,2.56276,1.36000,0.83537,0.81102,0.40000,0.74405,0.33000,1.48435,3.47529,0.67073,0.62500,0.00000
928,0.4941,91324416,50280,0.01487,1.19e-04,0.5692,157.0901,0.00000,0.16500,0.00000,10.00000,925.17726,0.00000,0.74948,0.00000,0.00000,0.80308,0.00000,0.00000,0.00000,0.00000,0.00000,2.39693,1.68769,0.97170,0.95652,1.00000,2139.03792,-0.03431,-0.20908,0.24507,-0.03407,0.44442,0.80006,-0.08483,0.24458,-0.03350,-0.06649,0.10563,0.31718,0.34977,2.52504,1.41000,0.80189,0.78322,0.45000,0.74883,0.33000,1.47427,3.67088,0.63208,0.62162,0.00000
929,0.4947,91422720,47840,0.01258,1.33e-04,0.5692,164.2839,0.00000,0.16500,0.00000,10.00000,885.16195,0.00000,0.85648,0.00000,0.00000,0.80720,0.00000,0.00000,0.00000,0.00000,0.00000,2.39392,1.73759,1.00000,1.00000,1.00000,2146.35400,-0.03431,-0.20972,0.24594,-0.03454,0.44681,0.80426,-0.08420,0.24609,-0.03495,-0.06631,0.10628,0.31834,0.35069,2.42625,1.51000,0.76042,0.74324,0.42857,0.75345,0.33000,1.49072,3.69644,0.52083,0.46479,0.00000
930,0.4953,91521024,48813,0.01679,9.26e-05,0.5692,151.7907,0.00000,0.16500,0.00000,10.00000,935.32068,0.00000,0.74074,0.00000,0.00000,0.80760,0.00000,0.00000,0.00000,0.00000,0.00000,2.38289,1.81256,0.97143,0.97101,0.90000,2125.96810,-0.03434,-0.20769,0.24465,-0.03461,0.44704,0.80445,-0.08378,0.24597,-0.03677,-0.06611,0.10596,0.31730,0.35069,2.47328,1.51143,0.79524,0.77857,0.45455,0.75346,0.33000,1.49021,3.34678,0.61905,0.59155,0.08333
931,0.4958,91619328,48406,0.00960,1.17e-04,0.5692,169.8166,0.00000,0.16500,0.00000,10.00000,919.20000,0.00000,0.78889,0.00000,0.00000,0.80594,0.00000,0.00000,0.00000,0.00000,0.00000,2.38101,1.65351,1.00000,1.00000,1.00000,2104.60075,-0.03431,-0.20588,0.24447,-0.03482,0.44828,0.80284,-0.08362,0.24581,-0.03336,-0.06633,0.10506,0.31784,0.35114,2.22320,1.27555,0.77000,0.74648,0.43750,0.75569,0.33000,1.49056,3.13708,0.54000,0.50000,0.00000
932,0.4964,91717632,48838,0.01108,1.60e-04,0.5692,167.5166,0.00000,0.16500,0.00000,10.00000,950.59359,0.00000,0.79861,0.00000,0.00000,0.80491,0.00000,0.00000,0.00000,0.00000,0.00000,2.38032,1.67000,1.00000,1.00000,1.00000,2110.93506,-0.03430,-0.20625,0.24524,-0.03505,0.44763,0.80196,-0.08301,0.24632,-0.03562,-0.06629,0.10451,0.31845,0.35087,2.21984,1.40571,0.81250,0.81159,0.46154,0.75434,0.33000,1.48645,3.20000,0.62500,0.58065,0.00000
933,0.4969,91815936,53056,0.01286,1.71e-04,0.5692,151.9912,0.00000,0.16500,0.00000,10.00000,969.93557,0.00000,0.69841,0.00000,0.00000,0.80276,0.00000,0.00000,0.00000,0.00000,0.00000,2.35882,1.67375,0.99048,0.98551,1.00000,2127.85124,-0.03459,-0.20788,0.24449,-0.03406,0.44518,0.79965,-0.08403,0.24421,-0.03536,-0.06631,0.10409,0.31654,0.35007,2.17328,1.56444,0.79048,0.79545,0.44444,0.75037,0.33000,1.48777,2.91333,0.59048,0.58730,0.00000
934,0.4974,91914240,53011,0.01515,1.56e-04,0.5693,152.4542,0.00000,0.16500,0.00000,10.00000,967.63777,0.00000,0.71087,0.00000,0.00000,0.80098,0.00000,0.00000,0.00000,0.00000,0.00000,2.34048,1.76232,1.00000,1.00000,1.00000,2113.24609,-0.03457,-0.20668,0.24279,-0.03430,0.44337,0.79789,-0.08415,0.24275,-0.03402,-0.06593,0.10448,0.31473,0.35007,2.26885,1.30800,0.80108,0.78151,0.44444,0.75033,0.33000,1.49377,3.06318,0.60215,0.55172,0.00000
935,0.4980,92012544,52181,0.01498,1.30e-04,0.5693,145.3753,0.00000,0.16500,0.00000,10.00000,966.35855,0.00000,0.77188,0.00000,0.00000,0.79998,0.00000,0.00000,0.00000,0.00000,0.00000,2.32563,1.74417,0.95575,0.94118,1.00000,2114.94368,-0.03456,-0.20676,0.24163,-0.03360,0.44251,0.79683,-0.08384,0.24105,-0.03257,-0.06615,0.10460,0.31269,0.34978,2.14783,1.75111,0.79204,0.75796,0.47059,0.74892,0.33000,1.49724,2.85423,0.62832,0.54167,0.00000
936,0.4985,92110848,53023,0.01453,1.22e-04,0.5692,173.1901,0.00000,0.16500,0.00000,10.00000,972.96286,0.00000,0.76023,0.00000,0.00000,0.80067,0.00000,0.00000,0.00000,0.00000,0.00000,2.31776,1.78953,1.00000,1.00000,1.00000,2111.43099,-0.03455,-0.20638,0.24017,-0.03439,0.44370,0.79770,-0.08331,0.23932,-0.03379,-0.06634,0.10427,0.31071,0.35008,2.45570,1.58333,0.82018,0.78846,0.50000,0.75038,0.33000,1.47308,3.36508,0.64035,0.57692,0.00000
937,0.4990,92209152,53171,0.01077,1.76e-04,0.5692,175.2677,0.00000,0.16500,0.00000,10.00000,943.88736,0.00000,0.77098,0.00000,0.00000,0.79986,0.00000,0.00000,0.00000,0.00000,0.00000,2.31376,1.71653,0.98980,0.98507,1.00000,2108.84066,-0.03456,-0.20607,0.23931,-0.03480,0.44404,0.79686,-0.08399,0.23821,-0.03094,-0.06626,0.10248,0.30916,0.35088,2.30460,1.27167,0.80102,0.78676,0.47368,0.75441,0.33000,1.46500,3.16941,0.61224,0.59420,0.00000
938,0.4995,92307456,52339,0.01282,2.07e-04,0.5692,167.2759,0.00000,0.16500,0.00000,10.00000,1019.63376,0.00000,0.80808,0.00000,0.00000,0.79340,0.00000,0.00000,0.00000,0.00000,0.00000,2.31976,1.76167,0.98990,0.98765,1.00000,2136.70833,-0.03479,-0.20879,0.23986,-0.03391,0.43969,0.79032,-0.08481,0.23875,-0.03437,-0.06580,0.10336,0.31106,0.34961,2.30617,2.54400,0.87879,0.85417,0.57143,0.74806,0.33000,1.46530,3.18577,0.76768,0.68254,0.25000
939,0.5001,92405760,52251,0.01507,1.76e-04,0.5691,156.9708,0.00000,0.16500,0.00000,10.00000,967.99210,0.00000,0.72549,0.00000,0.00000,0.79313,0.00000,0.00000,0.00000,0.00000,0.00000,2.32872,1.67969,0.98824,0.98246,1.00000,2133.01058,-0.03489,-0.20837,0.23802,-0.03409,0.43815,0.78995,-0.08490,0.23631,-0.03521,-0.06578,0.10323,0.30906,0.34905,2.28764,1.27800,0.81765,0.82883,0.42105,0.74527,0.33000,1.43957,3.16578,0.64706,0.66667,0.00000
940,0.5006,92504064,52710,0.01404,1.60e-04,0.5691,174.0289,0.00000,0.16500,0.00000,10.00000,960.12799,0.00000,0.73286,0.00000,0.00000,0.79420,0.00000,0.00000,0.00000,0.00000,0.00000,2.36427,1.54373,0.96809,0.96825,1.00000,2171.22868,-0.03481,-0.21208,0.24193,-0.03556,0.44019,0.79092,-0.08551,0.23957,-0.03676,-0.06569,0.10520,0.31366,0.34979,2.10896,1.30500,0.79787,0.79839,0.50000,0.74895,0.33000,1.44967,2.95680,0.62766,0.62295,0.00000
941,0.5011,92602368,53171,0.01310,1.58e-04,0.5691,154.3248,0.00000,0.16500,0.00000,10.00000,943.96360,0.00000,0.71242,0.00000,0.00000,0.80256,0.00000,0.00000,0.00000,0.00000,0.00000,2.37845,1.61437,1.00000,1.00000,1.00000,2176.53760,-0.03477,-0.21282,0.24197,-0.03485,0.44394,0.79942,-0.08566,0.23949,-0.03584,-0.06592,0.10556,0.31357,0.35112,2.33096,1.61111,0.81765,0.81651,0.45000,0.75559,0.33000,1.45097,3.47750,0.63529,0.62963,0.00000
942,0.5017,92700672,53082,0.01304,1.60e-04,0.5691,165.2548,0.00000,0.16500,0.00000,10.00000,1002.15824,0.00000,0.76797,0.00000,0.00000,0.80692,0.00000,0.00000,0.00000,0.00000,0.00000,2.41077,1.78691,1.00000,1.00000,1.00000,2136.23226,-0.03465,-0.20908,0.24741,-0.03503,0.44826,0.80367,-0.08605,0.24377,-0.03381,-0.06586,0.10756,0.32001,0.35176,2.38682,1.46400,0.84804,0.83688,0.45455,0.75878,0.33000,1.49150,3.33961,0.69608,0.64615,0.00000
943,0.5022,92798976,52792,0.01340,1.71e-04,0.5691,156.0829,0.00000,0.16300,0.00000,10.00000,944.76235,0.00000,0.71429,0.00000,0.00000,0.81059,0.00000,0.00000,0.00000,0.00000,0.00000,2.40934,1.70978,0.99107,0.98684,1.00000,2131.17676,-0.03450,-0.20823,0.24760,-0.03548,0.45026,0.80744,-0.08542,0.24361,-0.03609,-0.06610,0.10768,0.31998,0.35253,2.11236,1.35059,0.79911,0.81250,0.45161,0.76265,0.32600,1.48376,2.78333,0.60714,0.61765,0.00000
944,0.5027,92897280,50858,0.01378,1.72e-04,0.5691,156.8722,0.00000,0.16100,0.00000,10.00000,929.88357,0.00000,0.78853,0.00000,0.00000,0.81293,0.00000,0.00000,0.00000,0.00000,0.00000,2.40646,1.69070,0.97849,0.98387,1.00000,2111.32992,-0.03462,-0.20632,0.24782,-0.03443,0.45130,0.80970,-0.08611,0.24421,-0.03580,-0.06594,0.10902,0.32056,0.35266,2.38431,1.43636,0.81720,0.84091,0.47368,0.76329,0.32200,1.49694,3.21898,0.65591,0.71429,0.00000
945,0.5032,92995584,53882,0.01328,1.79e-04,0.5691,158.9949,0.00000,0.15900,0.00000,10.00000,973.85979,0.00000,0.75397,0.00000,0.00000,0.81304,0.00000,0.00000,0.00000,0.00000,0.00000,2.39223,1.76184,0.98214,0.97500,1.00000,2098.58285,-0.03460,-0.20529,0.24735,-0.03520,0.45150,0.80957,-0.08549,0.24418,-0.03055,-0.06596,0.10845,0.32050,0.35271,2.20958,1.46500,0.81696,0.79605,0.43750,0.76354,0.31800,1.51005,2.89298,0.65179,0.59722,0.00000
946,0.5038,93093888,52771,0.01364,1.47e-04,0.5690,149.8875,0.00000,0.15700,0.00000,10.00000,982.82993,0.00000,0.75702,0.00000,0.00000,0.80812,0.00000,0.00000,0.00000,0.00000,0.00000,2.38893,1.68535,1.00000,1.00000,1.00000,2135.47526,-0.03463,-0.20876,0.24802,-0.03490,0.44800,0.80498,-0.08569,0.24482,-0.03558,-0.06611,0.10847,0.32067,0.35174,2.35815,1.43143,0.82967,0.81452,0.50000,0.75870,0.31400,1.50826,3.35333,0.65934,0.61017,0.00000
947,0.5043,93192192,52728,0.01454,1.44e-04,0.5690,147.4683,0.00000,0.15500,0.00000,10.00000,971.21406,0.00000,0.70139,0.00000,0.00000,0.80694,0.00000,0.00000,0.00000,0.00000,0.00000,2.40937,1.62070,1.00000,1.00000,1.00000,2135.90641,-0.03454,-0.20862,0.25056,-0.03599,0.44754,0.80397,-0.08568,0.24695,-0.03627,-0.06605,0.10923,0.32333,0.35151,2.22234,1.48750,0.80000,0.77228,0.43750,0.75755,0.31000,1.51477,3.14919,0.60000,0.54902,0.00000
948,0.5048,93290496,53197,0.01672,1.33e-04,0.5690,160.7765,0.00000,0.15300,0.00000,10.00000,949.26599,0.00000,0.81395,0.00000,0.00000,0.80790,0.00000,0.00000,0.00000,0.00000,0.00000,2.45395,1.64774,0.97674,0.96667,1.00000,2144.28613,-0.03452,-0.20965,0.25200,-0.03491,0.44720,0.80509,-0.08597,0.24839,-0.03468,-0.06602,0.10983,0.32496,0.35147,2.40035,1.24500,0.81395,0.78571,0.42857,0.75734,0.30600,1.50015,3.31529,0.65116,0.62121,0.00000
949,0.5053,93388800,51480,0.01162,1.49e-04,0.5689,147.1757,0.00000,0.15100,0.00000,10.00000,982.41294,0.00000,0.73184,0.00000,0.00000,0.81002,0.00000,0.00000,0.00000,0.00000,0.00000,2.43793,1.76175,0.99038,0.98592,1.00000,2130.30648,-0.03461,-0.20811,0.24952,-0.03461,0.44916,0.80714,-0.08597,0.24570,-0.03546,-0.06597,0.10867,0.32135,0.35238,2.36897,1.45333,0.82692,0.82482,0.47368,0.76188,0.30200,1.48323,3.23643,0.66346,0.65152,0.00000
950,0.5059,93487104,53455,0.01256,1.92e-04,0.5689,151.6967,0.00000,0.14900,0.00000,10.00000,966.78023,0.00000,0.77778,0.00000,0.00000,0.80956,0.00000,0.00000,0.00000,0.00000,0.00000,2.45066,1.58753,1.00000,1.00000,1.00000,2103.65934,-0.03452,-0.20578,0.24907,-0.03472,0.44826,0.80637,-0.08564,0.24629,-0.03370,-0.06590,0.10929,0.32221,0.35146,2.29412,1.29000,0.80000,0.77857,0.43750,0.75729,0.29800,1.47804,3.21627,0.60000,0.55714,0.00000
951,0.5064,93585408,52963,0.01571,1.30e-04,0.5689,154.3980,0.00000,0.14700,0.00000,10.00000,921.19249,0.00000,0.76720,0.00000,0.00000,0.80467,0.00000,0.00000,0.00000,0.00000,0.00000,2.43426,1.75933,0.98095,0.97403,1.00000,2095.34342,-0.03454,-0.20476,0.24768,-0.03440,0.44577,0.80168,-0.08510,0.24445,-0.03368,-0.06578,0.10858,0.31959,0.35065,2.30210,1.73625,0.79048,0.79310,0.52000,0.75323,0.29400,1.45953,3.22377,0.60000,0.58824,0.00000
952,0.5069,93683712,52737,0.01245,1.60e-04,0.5689,153.0511,0.00000,0.14500,0.00000,10.00000,977.65656,0.00000,0.76458,0.00000,0.00000,0.80195,0.00000,0.00000,0.00000,0.00000,0.00000,2.42642,1.65710,0.99010,0.98611,1.00000,2089.19824,-0.03455,-0.20430,0.24467,-0.03355,0.44460,0.79905,-0.08469,0.24112,-0.03324,-0.06551,0.10782,0.31558,0.35007,2.23456,1.45200,0.80693,0.78417,0.30769,0.75037,0.29000,1.42919,3.13020,0.62376,0.56716,0.00000
953,0.5075,93782016,52603,0.01429,1.60e-04,0.5690,148.7152,0.00000,0.14500,0.00000,10.00000,949.30301,0.00000,0.77664,0.00000,0.00000,0.79669,0.00000,0.00000,0.00000,0.00000,0.00000,2.39481,1.70897,0.98980,0.98571,1.00000,2096.76042,-0.03471,-0.20505,0.23990,-0.03329,0.44058,0.79391,-0.08478,0.23658,-0.03417,-0.06551,0.10660,0.30933,0.34941,2.35554,1.92222,0.81122,0.78832,0.50000,0.74704,0.29000,1.40137,3.32538,0.63265,0.58209,0.00000
954,0.5080,93880320,52306,0.01338,1.87e-04,0.5690,147.4777,0.00000,0.14300,0.00000,10.00000,939.78688,0.00000,0.76111,0.00000,0.00000,0.79221,0.00000,0.00000,0.00000,0.00000,0.00000,2.38426,1.58195,1.00000,1.00000,1.00000,2082.68783,-0.03465,-0.20372,0.23942,-0.03281,0.43689,0.78943,-0.08450,0.23605,-0.03330,-0.06569,0.10662,0.30901,0.34827,2.18179,1.45000,0.81500,0.81752,0.50000,0.74136,0.28600,1.40401,3.12769,0.63000,0.62687,0.00000
955,0.5085,93978624,51201,0.01552,1.65e-04,0.5690,159.7463,0.00000,0.14300,0.00000,10.00000,975.83676,0.00000,0.75439,0.00000,0.00000,0.79181,0.00000,0.00000,0.00000,0.00000,0.00000,2.36534,1.58054,1.00000,1.00000,1.00000,2099.88639,-0.03462,-0.20536,0.23816,-0.03299,0.43601,0.78898,-0.08442,0.23571,-0.03424,-0.06599,0.10530,0.30787,0.34724,2.07950,1.60500,0.78947,0.78295,0.43750,0.73621,0.28600,1.40601,2.86510,0.57895,0.54839,0.00000
956,0.5091,94076928,52298,0.01242,1.89e-04,0.5690,155.9294,0.00000,0.14300,0.00000,10.00000,934.93706,0.00000,0.79958,0.00000,0.00000,0.79293,0.00000,0.00000,0.00000,0.00000,0.00000,2.36845,1.63011,1.00000,1.00000,1.00000,2120.22559,-0.03449,-0.20720,0.23857,-0.03358,0.43737,0.79023,-0.08373,0.23650,-0.03357,-0.06606,0.10431,0.30872,0.34720,2.16467,1.23250,0.78505,0.76623,0.37500,0.73599,0.28600,1.40647,3.15583,0.57009,0.49296,0.00000
957,0.5096,94175232,51015,0.01350,2.07e-04,0.5690,153.3252,0.00000,0.14300,0.00000,10.00000,968.53030,0.00000,0.76613,0.00000,0.00000,0.79442,0.00000,0.00000,0.00000,0.00000,0.00000,2.35697,1.61178,0.98387,0.97701,1.00000,2132.41097,-0.03458,-0.20841,0.23667,-0.03287,0.43766,0.79179,-0.08426,0.23295,-0.03495,-0.06612,0.10424,0.30497,0.34790,2.24667,1.15600,0.81048,0.77778,0.30769,0.73949,0.28600,1.37439,3.15365,0.63710,0.57143,0.00000
958,0.5101,94273536,51616,0.01570,1.56e-04,0.5690,161.4548,0.00000,0.14300,0.00000,10.00000,950.84454,0.00000,0.80524,0.00000,0.00000,0.79351,0.00000,0.00000,0.00000,0.00000,0.00000,2.35840,1.55600,0.98876,0.98529,1.00000,2105.29134,-0.03462,-0.20584,0.23595,-0.03305,0.43774,0.79080,-0.08419,0.23255,-0.03343,-0.06572,0.10372,0.30450,0.34847,2.06311,1.23600,0.76404,0.74419,0.46667,0.74235,0.28600,1.37658,2.87234,0.53933,0.47541,0.00000
959,0.5107,94371840,49992,0.01432,1.56e-04,0.5690,160.9515,0.00000,0.14300,0.00000,10.00000,967.67900,0.00000,0.81871,0.00000,0.00000,0.78901,0.00000,0.00000,0.00000,0.00000,0.00000,2.36786,1.61172,0.98246,0.97590,1.00000,2134.32064,-0.03467,-0.20843,0.23733,-0.03359,0.43523,0.78635,-0.08377,0.23405,-0.03742,-0.06593,0.10469,0.30672,0.34729,2.07745,1.38000,0.80702,0.76786,0.44444,0.73644,0.28600,1.37749,2.73097,0.63158,0.56471,0.00000
960,0.5113,94470144,47942,0.01220,1.92e-04,0.5689,167.7893,0.00000,0.14300,0.00000,10.00000,963.78938,0.00000,0.69820,0.00000,0.00000,0.79185,0.00000,0.00000,0.00000,0.00000,0.00000,2.36164,1.54175,0.98649,0.97917,1.00000,2155.69059,-0.03473,-0.21066,0.23903,-0.03408,0.43586,0.78923,-0.08413,0.23518,-0.03734,-0.06612,0.10445,0.30825,0.34759,2.12581,1.36143,0.75000,0.70968,0.52632,0.73793,0.28600,1.39659,3.05055,0.51351,0.42222,0.00000
961,0.5119,94568448,47347,0.01497,1.43e-04,0.5689,147.2487,0.00000,0.14300,0.00000,10.00000,970.05004,0.00000,0.77403,0.00000,0.00000,0.79310,0.00000,0.00000,0.00000,0.00000,0.00000,2.37750,1.63549,0.98876,0.98413,1.00000,2133.79590,-0.03482,-0.20860,0.24179,-0.03457,0.43765,0.79019,-0.08444,0.23801,-0.03486,-0.06579,0.10527,0.31193,0.34751,2.13726,2.06667,0.82022,0.81452,0.47059,0.73757,0.28600,1.42724,2.91174,0.65169,0.63934,0.00000
962,0.5124,94666752,48194,0.01225,2.06e-04,0.5689,161.2574,0.00000,0.14300,0.00000,10.00000,974.85570,0.00000,0.64052,0.00000,0.00000,0.79438,0.00000,0.00000,0.00000,0.00000,0.00000,2.37231,1.66836,0.98824,0.98182,1.00000,2129.41667,-0.03481,-0.20807,0.23982,-0.03331,0.43856,0.79159,-0.08478,0.23700,-0.03385,-0.06568,0.10558,0.31030,0.34830,2.17431,1.51000,0.79412,0.79592,0.46154,0.74152,0.28600,1.42834,3.14286,0.60000,0.55814,0.00000
963,0.5130,94765056,48504,0.01561,1.33e-04,0.5689,164.0443,0.00000,0.14300,0.00000,10.00000,937.52716,0.00000,0.80997,0.00000,0.00000,0.79320,0.00000,0.00000,0.00000,0.00000,0.00000,2.36730,1.54899,1.00000,1.00000,1.00000,2150.69906,-0.03467,-0.21019,0.23983,-0.03380,0.43825,0.79054,-0.08428,0.23790,-0.03554,-0.06638,0.10539,0.31061,0.34817,2.30715,1.82667,0.81776,0.78846,0.50000,0.74085,0.28600,1.42424,3.71291,0.63551,0.54795,0.00000
964,0.5136,94863360,49318,0.01089,1.56e-04,0.5690,176.5709,0.00000,0.14300,0.00000,10.00000,936.13518,0.00000,0.66468,0.00000,0.00000,0.79483,0.00000,0.00000,0.00000,0.00000,0.00000,2.35107,1.81735,0.97321,0.97015,0.94118,2129.61898,-0.03464,-0.20815,0.23972,-0.03368,0.43979,0.79196,-0.08395,0.23807,-0.03458,-0.06648,0.10452,0.31024,0.34872,2.32162,1.59619,0.77232,0.78358,0.45714,0.74358,0.28600,1.43272,3.11132,0.57143,0.59701,0.00000
965,0.5141,94961664,49153,0.01431,1.56e-04,0.5690,152.5718,0.00000,0.14300,0.00000,10.00000,955.86077,0.00000,0.76458,0.00000,0.00000,0.79794,0.00000,0.00000,0.00000,0.00000,0.00000,2.35452,1.61284,0.98020,0.97297,1.00000,2158.54736,-0.03454,-0.21089,0.24098,-0.03470,0.44174,0.79511,-0.08385,0.23927,-0.03662,-0.06622,0.10458,0.31089,0.34957,2.23754,1.30444,0.81683,0.79137,0.50000,0.74786,0.28600,1.44095,3.27020,0.65347,0.58462,0.00000
966,0.5147,95059968,48160,0.01291,2.06e-04,0.5690,154.0097,0.00000,0.14300,0.00000,10.00000,979.92311,0.00000,0.77558,0.00000,0.00000,0.79464,0.00000,0.00000,0.00000,0.00000,0.00000,2.34162,1.60481,0.99010,1.00000,0.85714,2147.96924,-0.03459,-0.20985,0.23855,-0.03419,0.44134,0.79187,-0.08345,0.23712,-0.03517,-0.06641,0.10342,0.30841,0.34998,2.35349,1.31250,0.81188,0.79433,0.46154,0.74992,0.28600,1.41965,3.53640,0.63366,0.57971,0.00000
967,0.5153,95158272,47337,0.01547,1.56e-04,0.5691,169.5427,0.00000,0.14300,0.00000,10.00000,911.28264,0.00000,0.79012,0.00000,0.00000,0.79257,0.00000,0.00000,0.00000,0.00000,0.00000,2.34578,1.86638,0.98889,0.98438,1.00000,2127.44010,-0.03464,-0.20796,0.23898,-0.03358,0.43896,0.78984,-0.08394,0.23682,-0.03341,-0.06598,0.10408,0.30845,0.34929,2.74525,1.59143,0.78889,0.76562,0.42857,0.74644,0.28600,1.42831,3.98285,0.58889,0.54688,0.00000
968,0.5159,95256576,48516,0.01243,2.25e-04,0.5691,167.3392,0.00000,0.14300,0.00000,10.00000,974.05912,0.00000,0.72702,0.00000,0.00000,0.78904,0.00000,0.00000,0.00000,0.00000,0.00000,2.36911,1.66528,0.97531,0.97959,0.80000,2132.03695,-0.03459,-0.20858,0.24085,-0.03336,0.43638,0.78626,-0.08353,0.23860,-0.03291,-0.06612,0.10465,0.31071,0.34785,2.44120,1.32400,0.82099,0.81132,0.30769,0.73923,0.28600,1.43116,3.31617,0.66667,0.66667,0.00000
969,0.5165,95354880,47850,0.01868,1.30e-04,0.5691,139.8653,0.00000,0.14300,0.00000,10.00000,979.23222,0.00000,0.77267,0.00000,0.00000,0.78961,0.00000,0.00000,0.00000,0.00000,0.00000,2.40937,1.59371,1.00000,1.00000,1.00000,2143.37939,-0.03479,-0.20946,0.24196,-0.03397,0.43601,0.78696,-0.08501,0.23847,-0.03573,-0.06614,0.10730,0.31200,0.34742,2.18017,1.24000,0.80460,0.78512,0.42857,0.73712,0.28600,1.40318,3.09244,0.60920,0.54386,0.00000
970,0.5170,95453184,48361,0.01280,1.43e-04,0.5691,145.1168,0.00000,0.14300,0.00000,10.00000,986.42992,0.00000,0.73157,0.00000,0.00000,0.79434,0.00000,0.00000,0.00000,0.00000,0.00000,2.39927,1.67378,0.99010,0.98529,1.00000,2116.16195,-0.03477,-0.20694,0.24041,-0.03316,0.43788,0.79158,-0.08508,0.23652,-0.03335,-0.06622,0.10765,0.30982,0.34822,2.28333,2.39143,0.78218,0.71429,0.58333,0.74109,0.28600,1.39404,3.26391,0.57426,0.43077,0.16667
971,0.5176,95551488,47672,0.01365,1.55e-04,0.5691,159.9899,0.00000,0.14300,0.00000,10.00000,938.24235,0.00000,0.75964,0.00000,0.00000,0.79751,0.00000,0.00000,0.00000,0.00000,0.00000,2.41132,1.76305,1.00000,1.00000,1.00000,2115.04460,-0.03484,-0.20683,0.24048,-0.03304,0.43986,0.79480,-0.08570,0.23651,-0.03446,-0.06588,0.10750,0.31049,0.34849,2.42774,1.28222,0.78571,0.75373,0.40000,0.74243,0.28600,1.39262,3.34807,0.57143,0.51471,0.00000
972,0.5182,95649792,49354,0.01383,1.47e-04,0.5690,149.4474,0.00000,0.14300,0.00000,10.00000,917.61181,0.00000,0.77472,0.00000,0.00000,0.80110,0.00000,0.00000,0.00000,0.00000,0.00000,2.40499,1.60952,0.99083,0.98667,1.00000,2106.57585,-0.03496,-0.20613,0.23966,-0.03323,0.44032,0.79818,-0.08575,0.23591,-0.03362,-0.06574,0.10734,0.30923,0.34804,2.47930,1.80400,0.80275,0.80263,0.43478,0.74018,0.28600,1.38894,3.71762,0.61468,0.62338,0.00000
973,0.5187,95748096,49234,0.02176,9.04e-05,0.5690,150.3642,0.00000,0.14300,0.00000,10.00000,930.35884,0.00000,0.76052,0.00000,0.00000,0.79550,0.00000,0.00000,0.00000,0.00000,0.00000,2.40668,1.56421,0.99029,0.98551,1.00000,2113.14844,-0.03487,-0.20664,0.24026,-0.03304,0.43814,0.79269,-0.08504,0.23610,-0.03500,-0.06617,0.10699,0.30951,0.34741,2.23818,1.39750,0.78155,0.75177,0.43750,0.73705,0.28600,1.37810,3.37644,0.57282,0.52778,0.00000
974,0.5193,95846400,48149,0.01077,1.30e-04,0.5690,155.6499,0.00000,0.14300,0.00000,10.00000,948.60587,0.00000,0.78231,0.00000,0.00000,0.79390,0.00000,0.00000,0.00000,0.00000,0.00000,2.39663,1.62800,1.00000,1.00000,1.00000,2103.81136,-0.03486,-0.20578,0.23907,-0.03315,0.43844,0.79106,-0.08461,0.23614,-0.03403,-0.06575,0.10596,0.30889,0.34761,2.25263,1.37333,0.82143,0.81884,0.37500,0.73806,0.28600,1.38099,3.19547,0.64286,0.60938,0.00000
975,0.5199,95944704,48690,0.01207,1.87e-04,0.5690,138.4453,0.00000,0.14300,0.00000,10.00000,986.91611,0.00000,0.70707,0.00000,0.00000,0.79257,0.00000,0.00000,0.00000,0.00000,0.00000,2.39027,1.60838,0.98990,0.98529,1.00000,2095.62744,-0.03495,-0.20478,0.23874,-0.03317,0.43723,0.78980,-0.08488,0.23531,-0.03526,-0.06571,0.10647,0.30849,0.34704,2.26763,1.45667,0.79798,0.77778,0.37500,0.73522,0.28600,1.37450,3.37636,0.60606,0.53448,0.00000
976,0.5204,96043008,49495,0.01597,1.32e-04,0.5690,155.4938,0.00000,0.14300,0.00000,10.00000,950.69661,0.00000,0.75231,0.00000,0.00000,0.78926,0.00000,0.00000,0.00000,0.00000,0.00000,2.37582,1.80135,0.97917,0.96970,1.00000,2093.94954,-0.03490,-0.20468,0.23665,-0.03231,0.43491,0.78650,-0.08477,0.23349,-0.03482,-0.06558,0.10630,0.30581,0.34671,2.27850,1.36444,0.81250,0.79231,0.50000,0.73357,0.28600,1.36736,3.04608,0.64583,0.60938,0.00000
977,0.5210,96141312,49139,0.01398,1.44e-04,0.5690,140.1169,0.00000,0.14300,0.00000,10.00000,924.61402,0.00000,0.71803,0.00000,0.00000,0.78878,0.00000,0.00000,0.00000,0.00000,0.00000,2.34964,1.71275,0.98113,0.97101,1.00000,2112.13411,-0.03500,-0.20628,0.23449,-0.03261,0.43359,0.78606,-0.08464,0.23158,-0.03700,-0.06578,0.10522,0.30295,0.34690,2.24915,1.53750,0.76415,0.73723,0.52000,0.73450,0.28600,1.35370,3.12490,0.54717,0.50000,0.07692
978,0.5216,96239616,49133,0.01356,1.37e-04,0.5689,159.2686,0.00000,0.14300,0.00000,10.00000,895.68135,0.00000,0.79615,0.00000,0.00000,0.78997,0.00000,0.00000,0.00000,0.00000,0.00000,2.32030,1.68843,0.98425,0.98925,0.90000,2119.83398,-0.03510,-0.20712,0.23312,-0.03272,0.43379,0.78723,-0.08513,0.23119,-0.03638,-0.06585,0.10406,0.30181,0.34739,2.34609,1.64923,0.74803,0.72527,0.42857,0.73693,0.28600,1.36247,3.48305,0.51181,0.44944,0.00000
979,0.5221,96337920,49685,0.01481,1.04e-04,0.5689,160.7427,0.00000,0.14300,0.00000,10.00000,988.66842,0.00000,0.78811,0.00000,0.00000,0.78786,0.00000,0.00000,0.00000,0.00000,0.00000,2.32428,1.64831,1.00000,1.00000,1.00000,2121.75570,-0.03523,-0.20729,0.23501,-0.03156,0.43304,0.78478,-0.08568,0.23319,-0.03814,-0.06550,0.10404,0.30420,0.34678,2.32310,1.35333,0.81977,0.77869,0.50000,0.73390,0.28600,1.38017,3.18314,0.63953,0.55738,0.00000
980,0.5227,96436224,48281,0.01299,1.20e-04,0.5689,160.7390,0.00000,0.14300,0.00000,10.00000,979.55927,0.00000,0.77457,0.00000,0.00000,0.78635,0.00000,0.00000,0.00000,0.00000,0.00000,2.33699,1.83610,0.98077,0.97333,1.00000,2132.61035,-0.03530,-0.20820,0.23429,-0.03225,0.43097,0.78353,-0.08633,0.23154,-0.03746,-0.06530,0.10391,0.30296,0.34650,2.27286,2.67333,0.81250,0.77931,0.37500,0.73248,0.28600,1.36540,2.95918,0.64423,0.57143,0.00000
981,0.5233,96534528,49503,0.01302,1.43e-04,0.5689,144.6457,0.00000,0.14300,0.00000,10.00000,906.37831,0.00000,0.73362,0.00000,0.00000,0.78948,0.00000,0.00000,0.00000,0.00000,0.00000,2.35263,1.63939,0.98718,1.00000,0.91667,2130.71549,-0.03542,-0.20830,0.23442,-0.03179,0.43081,0.78672,-0.08796,0.23106,-0.03323,-0.06485,0.10467,0.30259,0.34614,2.22981,1.70182,0.77564,0.79612,0.45833,0.73069,0.28600,1.36980,3.25526,0.56410,0.56250,0.00000
982,0.5238,96632832,48129,0.01360,1.58e-04,0.5689,138.7423,0.00000,0.14300,0.00000,10.00000,930.25928,0.00000,0.80308,0.00000,0.00000,0.79030,0.00000,0.00000,0.00000,0.00000,0.00000,2.37075,1.65634,1.00000,1.00000,1.00000,2117.73877,-0.03522,-0.20713,0.23734,-0.03364,0.43351,0.78773,-0.08753,0.23412,-0.03434,-0.06568,0.10504,0.30645,0.34736,2.42521,1.79385,0.81188,0.80822,0.52632,0.73682,0.28600,1.38254,3.47600,0.62376,0.61644,0.10000
983,0.5244,96731136,46604,0.01353,1.71e-04,0.5689,156.8210,0.00000,0.14300,0.00000,10.00000,941.71084,0.00000,0.71429,0.00000,0.00000,0.79273,0.00000,0.00000,0.00000,0.00000,0.00000,2.38381,1.53682,0.98810,0.98148,1.00000,2147.90202,-0.03514,-0.20965,0.23922,-0.03300,0.43639,0.79005,-0.08722,0.23564,-0.03892,-0.06553,0.10617,0.30857,0.34827,2.33514,1.30154,0.74405,0.71296,0.47619,0.74133,0.28600,1.38444,3.47818,0.50000,0.44444,0.00000
984,0.5250,96829440,48109,0.01699,1.02e-04,0.5688,157.6590,0.00000,0.14300,0.00000,10.00000,960.89396,0.00000,0.75512,0.00000,0.00000,0.79530,0.00000,0.00000,0.00000,0.00000,0.00000,2.38689,1.71786,1.00000,1.00000,1.00000,2136.30794,-0.03506,-0.20890,0.24041,-0.03359,0.43860,0.79260,-0.08716,0.23701,-0.03569,-0.06580,0.10689,0.31045,0.34879,2.23484,1.59500,0.79612,0.77857,0.41176,0.74396,0.28600,1.40161,3.22182,0.59223,0.50794,0.00000
985,0.5256,96927744,48571,0.01088,1.19e-04,0.5688,157.7520,0.00000,0.14300,0.00000,10.00000,944.94055,0.00000,0.70899,0.00000,0.00000,0.79778,0.00000,0.00000,0.00000,0.00000,0.00000,2.38924,1.57041,0.98095,0.96774,1.00000,2118.59261,-0.03495,-0.20703,0.24151,-0.03346,0.44041,0.79504,-0.08615,0.23826,-0.03498,-0.06591,0.10689,0.31120,0.34949,2.45714,1.44167,0.80476,0.80597,0.44444,0.74747,0.28600,1.41191,3.53600,0.62857,0.66667,0.00000
986,0.5261,97026048,48537,0.01343,1.22e-04,0.5688,154.5118,0.00000,0.14300,0.00000,10.00000,961.59762,0.00000,0.77188,0.00000,0.00000,0.79784,0.00000,0.00000,0.00000,0.00000,0.00000,2.40297,1.53341,0.97345,0.96386,1.00000,2099.99886,-0.03496,-0.20500,0.24172,-0.03371,0.44055,0.79516,-0.08630,0.23798,-0.03597,-0.06577,0.10793,0.31164,0.34865,2.07648,1.63143,0.80531,0.78344,0.37500,0.74324,0.28600,1.40096,2.96148,0.63717,0.58108,0.00000
987,0.5267,97124352,48991,0.01334,1.56e-04,0.5688,149.1685,0.00000,0.14300,0.00000,10.00000,945.20907,0.00000,0.83333,0.00000,0.00000,0.79377,0.00000,0.00000,0.00000,0.00000,0.00000,2.37821,1.55079,1.00000,1.00000,1.00000,2105.78109,-0.03504,-0.20564,0.23828,-0.03330,0.43721,0.79101,-0.08585,0.23513,-0.03463,-0.06570,0.10684,0.30757,0.34677,2.27323,2.58857,0.82065,0.79710,0.58333,0.73387,0.28600,1.37828,3.29000,0.64130,0.58824,0.16667
988,0.5273,97222656,48770,0.01329,1.89e-04,0.5688,139.5144,0.00000,0.14300,0.00000,10.00000,929.09597,0.00000,0.78914,0.00000,0.00000,0.78866,0.00000,0.00000,0.00000,0.00000,0.00000,2.38437,1.62927,0.97727,0.96774,1.00000,2110.31641,-0.03514,-0.20615,0.23775,-0.03238,0.43320,0.78599,-0.08654,0.23374,-0.03603,-0.06558,0.10725,0.30622,0.34631,2.25929,1.45250,0.77273,0.72800,0.57143,0.73156,0.28600,1.36693,3.24727,0.56818,0.49206,0.14286
989,0.5279,97320960,47786,0.01413,1.76e-04,0.5688,145.6565,0.00000,0.14300,0.00000,10.00000,972.69840,0.00000,0.74760,0.00000,0.00000,0.79113,0.00000,0.00000,0.00000,0.00000,0.00000,2.40349,1.61600,0.97531,0.98113,0.50000,2139.52214,-0.03522,-0.20905,0.24023,-0.03325,0.43452,0.78845,-0.08729,0.23609,-0.03600,-0.06560,0.10794,0.30989,0.34695,2.36758,1.09000,0.77160,0.71560,0.14286,0.73473,0.28600,1.38558,3.40100,0.56790,0.46429,0.00000
990,0.5284,97419264,48029,0.01539,1.49e-04,0.5688,155.2980,0.00000,0.14300,0.00000,10.00000,928.18444,0.00000,0.79611,0.00000,0.00000,0.79842,0.00000,0.00000,0.00000,0.00000,0.00000,2.43862,1.69769,0.98969,0.98592,1.00000,2143.39209,-0.03514,-0.20937,0.24263,-0.03333,0.43968,0.79545,-0.08774,0.23878,-0.03670,-0.06561,0.10828,0.31385,0.34899,2.32107,1.58000,0.80412,0.79856,0.41176,0.74496,0.28600,1.39880,3.23849,0.61856,0.60294,0.00000
991,0.5290,97517568,46330,0.01153,2.15e-04,0.5688,142.8249,0.00000,0.14300,0.00000,10.00000,930.64172,0.00000,0.85424,0.00000,0.00000,0.80131,0.00000,0.00000,0.00000,0.00000,0.00000,2.43463,1.50055,0.97849,0.97101,1.00000,2098.34049,-0.03519,-0.20494,0.24215,-0.03378,0.44153,0.79853,-0.08740,0.23881,-0.03513,-0.06549,0.10793,0.31308,0.34904,2.05631,1.22000,0.78495,0.75524,0.44444,0.74518,0.28600,1.39670,2.76807,0.59140,0.55405,0.00000
992,0.5296,97615872,49127,0.01808,1.30e-04,0.5688,141.2464,0.00000,0.14300,0.00000,10.00000,932.18140,0.00000,0.78836,0.00000,0.00000,0.79735,0.00000,0.00000,0.00000,0.00000,0.00000,2.42224,1.77738,0.98095,0.97333,1.00000,2113.93441,-0.03515,-0.20655,0.24165,-0.03301,0.43885,0.79453,-0.08731,0.23894,-0.03538,-0.06555,0.10845,0.31234,0.34798,2.42044,2.23555,0.82857,0.81879,0.50000,0.73992,0.28600,1.39787,3.45923,0.67619,0.66216,0.00000
993,0.5302,97714176,48203,0.01378,1.47e-04,0.5688,152.8775,0.00000,0.14300,0.00000,10.00000,960.03172,0.00000,0.71667,0.00000,0.00000,0.79600,0.00000,0.00000,0.00000,0.00000,0.00000,2.39397,1.61268,0.99000,0.98413,1.00000,2099.55420,-0.03519,-0.20512,0.23791,-0.03217,0.43956,0.79334,-0.08626,0.23609,-0.03409,-0.06561,0.10674,0.30863,0.34859,2.30454,1.46545,0.78500,0.75194,0.42105,0.74294,0.28600,1.39020,3.32791,0.58000,0.53030,0.00000
994,0.5308,97812480,46715,0.01725,8.49e-05,0.5687,158.7874,0.00000,0.14300,0.00000,10.00000,941.71938,0.00000,0.77877,0.00000,0.00000,0.79399,0.00000,0.00000,0.00000,0.00000,0.00000,2.37480,1.58159,0.99107,0.98765,1.00000,2107.03467,-0.03524,-0.20589,0.23819,-0.03208,0.43830,0.79127,-0.08609,0.23533,-0.03537,-0.06552,0.10598,0.30825,0.34856,2.33095,1.47250,0.79464,0.77707,0.43750,0.74279,0.28600,1.39690,3.67673,0.59821,0.55263,0.00000
995,0.5313,97910784,48262,0.01230,1.08e-04,0.5687,156.5706,0.00000,0.14300,0.00000,10.00000,905.22537,0.00000,0.79710,0.00000,0.00000,0.79015,0.00000,0.00000,0.00000,0.00000,0.00000,2.35930,1.61253,0.98913,0.98462,1.00000,2099.79541,-0.03525,-0.20518,0.23767,-0.03220,0.43584,0.78744,-0.08651,0.23500,-0.03347,-0.06531,0.10581,0.30690,0.34815,2.43628,2.02167,0.82065,0.83333,0.47619,0.74074,0.28600,1.40273,3.58037,0.65217,0.68657,0.00000
996,0.5319,98009088,47336,0.01331,1.32e-04,0.5687,143.7931,0.00000,0.14300,0.00000,10.00000,947.19005,0.00000,0.77558,0.00000,0.00000,0.78862,0.00000,0.00000,0.00000,0.00000,0.00000,2.35532,1.71605,1.00000,1.00000,1.00000,2097.75716,-0.03529,-0.20510,0.23674,-0.03286,0.43575,0.78607,-0.08704,0.23390,-0.03302,-0.06532,0.10571,0.30627,0.34778,2.26904,1.84000,0.81683,0.82979,0.47619,0.73890,0.28600,1.40108,3.23959,0.63366,0.63077,0.00000
997,0.5325,98107392,47603,0.01269,1.56e-04,0.5687,155.6859,0.00000,0.14300,0.00000,10.00000,924.54261,0.00000,0.83053,0.00000,0.00000,0.79198,0.00000,0.00000,0.00000,0.00000,0.00000,2.35581,1.64963,0.96970,0.96053,1.00000,2099.97249,-0.03528,-0.20536,0.23753,-0.03289,0.43699,0.78923,-0.08683,0.23490,-0.03259,-0.06552,0.10614,0.30754,0.34855,2.28420,1.90750,0.77778,0.77703,0.43750,0.74275,0.28600,1.41373,3.18596,0.58586,0.58333,0.00000
998,0.5331,98205696,49128,0.01640,1.11e-04,0.5687,141.0393,0.00000,0.14300,0.00000,10.00000,979.70165,0.00000,0.74575,0.00000,0.00000,0.79154,0.00000,0.00000,0.00000,0.00000,0.00000,2.34731,1.61483,1.00000,1.00000,1.00000,2080.29753,-0.03526,-0.20339,0.23734,-0.03268,0.43659,0.78856,-0.08689,0.23453,-0.03047,-0.06527,0.10653,0.30680,0.34819,2.23361,1.86461,0.79730,0.76510,0.52381,0.74095,0.28600,1.42016,3.23491,0.59459,0.50000,0.09091
999,0.5336,98304000,49020,0.01147,1.19e-04,0.5687,165.5212,0.00000,0.14300,0.00000,10.00000,946.71040,0.00000,0.78065,0.00000,0.00000,0.78940,0.00000,0.00000,0.00000,0.00000,0.00000,2.31837,1.69363,0.98276,0.97619,1.00000,2067.97526,-0.03536,-0.20196,0.23344,-0.03295,0.43515,0.78668,-0.08650,0.23041,-0.03353,-0.06539,0.10477,0.30178,0.34799,2.33933,1.73400,0.80172,0.77301,0.47059,0.73995,0.28600,1.37540,3.35241,0.62069,0.55696,0.00000
1000,0.5342,98402304,52504,0.01291,1.56e-04,0.5687,178.7314,0.00000,0.14300,0.00000,10.00000,977.98192,0.00000,0.78652,0.00000,0.00000,0.78423,0.00000,0.00000,0.00000,0.00000,0.00000,2.31062,1.73823,1.00000,1.00000,1.00000,2092.95443,-0.03540,-0.20425,0.23317,-0.03347,0.43147,0.78147,-0.08654,0.23121,-0.03750,-0.06543,0.10480,0.30208,0.34726,2.30754,1.96000,0.79213,0.75397,0.55556,0.73629,0.28600,1.37317,3.14913,0.58427,0.50794,0.00000
1001,0.5347,98500608,52991,0.01401,1.89e-04,0.5687,159.3580,0.00000,0.14300,0.00000,10.00000,906.86580,0.00000,0.86909,0.00000,0.00000,0.78495,0.00000,0.00000,0.00000,0.00000,0.00000,2.32010,1.59860,1.00000,1.00000,1.00000,2104.70264,-0.03543,-0.20562,0.23286,-0.03332,0.43221,0.78219,-0.08705,0.23126,-0.03473,-0.06522,0.10457,0.30229,0.34711,2.43528,1.24571,0.80198,0.78481,0.45455,0.73556,0.28600,1.38227,3.67586,0.60396,0.55844,0.00000
1002,0.5352,98598912,52897,0.01649,1.44e-04,0.5687,146.7022,0.00000,0.14300,0.00000,10.00000,927.31490,0.00000,0.70370,0.00000,0.00000,0.78427,0.00000,0.00000,0.00000,0.00000,0.00000,2.34221,1.64067,1.00000,1.00000,1.00000,2109.25260,-0.03554,-0.20605,0.23647,-0.03299,0.43304,0.78154,-0.08862,0.23382,-0.03436,-0.06516,0.10651,0.30557,0.34767,2.24121,1.52667,0.80000,0.80000,0.56000,0.73835,0.28600,1.40181,3.16513,0.60000,0.59574,0.15385
1003,0.5357,98697216,53713,0.01205,1.71e-04,0.5687,153.3076,0.00000,0.14300,0.00000,10.00000,917.59144,0.00000,0.73545,0.00000,0.00000,0.78940,0.00000,0.00000,0.00000,0.00000,0.00000,2.36507,1.62927,0.99048,0.98529,1.00000,2130.74333,-0.03530,-0.20825,0.23882,-0.03359,0.43551,0.78694,-0.08740,0.23688,-0.03369,-0.06548,0.10742,0.30946,0.34799,2.42677,1.57412,0.76190,0.73381,0.51852,0.73997,0.28600,1.41596,3.78916,0.53333,0.49296,0.00000
1004,0.5363,98795520,54076,0.01779,1.20e-04,0.5687,147.6810,0.00000,0.14300,0.00000,10.00000,936.02035,0.00000,0.78144,0.00000,0.00000,0.79501,0.00000,0.00000,0.00000,0.00000,0.00000,2.38283,1.66543,1.00000,1.00000,1.00000,2114.22298,-0.03529,-0.20663,0.24085,-0.03373,0.43845,0.79221,-0.08826,0.23873,-0.03255,-0.06547,0.10843,0.31246,0.34904,2.25050,1.41111,0.80769,0.79688,0.43750,0.74520,0.28600,1.43826,3.06960,0.61538,0.60000,0.00000
1005,0.5368,98893824,54602,0.01093,1.72e-04,0.5686,147.3985,0.00000,0.14300,0.00000,10.00000,991.56922,0.00000,0.78889,0.00000,0.00000,0.79911,0.00000,0.00000,0.00000,0.00000,0.00000,2.38964,1.56545,0.97000,0.95833,1.00000,2123.68880,-0.03521,-0.20735,0.24189,-0.03476,0.44157,0.79635,-0.08763,0.23962,-0.03498,-0.06571,0.10847,0.31296,0.34990,2.24768,1.07500,0.82500,0.80986,0.38462,0.74952,0.28600,1.43355,3.10885,0.68000,0.65714,0.00000
1006,0.5373,98992128,53732,0.01524,1.79e-04,0.5686,141.2994,0.00000,0.14300,0.00000,10.00000,902.10316,0.00000,0.76052,0.00000,0.00000,0.80229,0.00000,0.00000,0.00000,0.00000,0.00000,2.39893,1.76000,1.00000,1.00000,1.00000,2062.83464,-0.03518,-0.20160,0.24250,-0.03420,0.44265,0.79936,-0.08722,0.24064,-0.03402,-0.06554,0.10876,0.31420,0.34954,2.46614,1.83111,0.78641,0.77305,0.60000,0.74770,0.28600,1.44003,3.43559,0.57282,0.57895,0.14286
1007,0.5378,99090432,51865,0.01301,1.58e-04,0.5685,162.3730,0.00000,0.14300,0.00000,10.00000,934.66480,0.00000,0.76149,0.00000,0.00000,0.79755,0.00000,0.00000,0.00000,0.00000,0.00000,2.39600,1.60747,0.99138,0.98765,1.00000,2043.32682,-0.03529,-0.19969,0.24205,-0.03360,0.44072,0.79477,-0.08759,0.23950,-0.03385,-0.06529,0.10916,0.31340,0.34855,2.51347,1.74571,0.81897,0.80503,0.52174,0.74277,0.28600,1.43094,3.91084,0.64655,0.61538,0.08333
1008,0.5383,99188736,52567,0.01313,1.72e-04,0.5685,144.1626,0.00000,0.14300,0.00000,10.00000,956.18776,0.00000,0.82418,0.00000,0.00000,0.79515,0.00000,0.00000,0.00000,0.00000,0.00000,2.36674,1.69134,0.98901,0.98507,1.00000,2091.05273,-0.03533,-0.20418,0.23959,-0.03325,0.43919,0.79232,-0.08751,0.23676,-0.03316,-0.06547,0.10753,0.30944,0.34847,2.35260,1.52000,0.81868,0.77037,0.33333,0.74233,0.28600,1.41749,3.20461,0.64835,0.55882,0.00000
1009,0.5389,99287040,51730,0.01324,1.87e-04,0.5685,139.0038,0.00000,0.14300,0.00000,10.00000,920.51214,0.00000,0.76305,0.00000,0.00000,0.79152,0.00000,0.00000,0.00000,0.00000,0.00000,2.36302,1.95875,0.98795,0.98214,1.00000,2077.69580,-0.03547,-0.20318,0.23869,-0.03293,0.43608,0.78885,-0.08783,0.23568,-0.03216,-0.06545,0.10767,0.30826,0.34786,2.63615,1.94000,0.77108,0.75439,0.50000,0.73929,0.28600,1.41907,3.59955,0.55422,0.53448,0.00000
1010,0.5394,99385344,53089,0.01420,2.27e-04,0.5685,135.5832,0.00000,0.14300,0.00000,10.00000,948.52564,0.00000,0.82621,0.00000,0.00000,0.79175,0.00000,0.00000,0.00000,0.00000,0.00000,2.38211,1.75864,1.00000,1.00000,1.00000,2085.10612,-0.03533,-0.20381,0.24132,-0.03382,0.43696,0.78903,-0.08774,0.23950,-0.03015,-0.06532,0.10868,0.31317,0.34854,2.15822,2.52666,0.78846,0.75000,0.33333,0.74268,0.28600,1.44638,2.71952,0.57692,0.50000,0.20000
1011,0.5399,99483648,53287,0.02138,1.04e-04,0.5685,163.9251,0.00000,0.14300,0.00000,10.00000,957.54795,0.00000,0.77472,0.00000,0.00000,0.79661,0.00000,0.00000,0.00000,0.00000,0.00000,2.40697,1.64535,1.00000,1.00000,1.00000,2108.04248,-0.03531,-0.20591,0.24199,-0.03335,0.43915,0.79370,-0.08815,0.23897,-0.03535,-0.06582,0.11022,0.31302,0.34932,2.01778,1.42889,0.80275,0.78289,0.44444,0.74660,0.28600,1.42797,2.67143,0.60550,0.55405,0.00000
1012,0.5404,99581952,53939,0.01155,1.49e-04,0.5685,153.8078,0.00000,0.14300,0.00000,10.00000,1009.43331,0.00000,0.81349,0.00000,0.00000,0.80241,0.00000,0.00000,0.00000,0.00000,0.00000,2.40011,1.65662,0.97619,0.97015,1.00000,2108.13021,-0.03521,-0.20590,0.24135,-0.03355,0.44200,0.79969,-0.08813,0.23791,-0.03426,-0.06568,0.11049,0.31190,0.35017,2.15699,1.27600,0.83929,0.80488,0.57143,0.75086,0.28600,1.42973,3.00286,0.70238,0.60714,0.00000
1013,0.5410,99680256,52501,0.01413,1.22e-04,0.5685,156.5982,0.00000,0.14300,0.00000,10.00000,928.32990,0.00000,0.77273,0.00000,0.00000,0.80295,0.00000,0.00000,0.00000,0.00000,0.00000,2.40722,1.66822,1.00000,1.00000,1.00000,2118.38851,-0.03513,-0.20708,0.24289,-0.03306,0.44172,0.80016,-0.08850,0.23935,-0.03499,-0.06590,0.11097,0.31323,0.34920,2.21530,1.29294,0.78636,0.79085,0.44444,0.74600,0.28600,1.43371,3.04983,0.57273,0.57333,0.00000
1014,0.5415,99778560,53460,0.01155,1.58e-04,0.5685,158.3228,0.00000,0.14300,0.00000,10.00000,908.88909,0.00000,0.81155,0.00000,0.00000,0.80298,0.00000,0.00000,0.00000,0.00000,0.00000,2.39414,1.61317,1.00000,1.00000,1.00000,2119.57194,-0.03511,-0.20721,0.24198,-0.03331,0.44269,0.80027,-0.08774,0.23875,-0.03483,-0.06581,0.10981,0.31193,0.34924,2.29237,1.34182,0.77451,0.75839,0.44444,0.74619,0.28600,1.42294,3.26947,0.54902,0.52000,0.00000
1015,0.5420,99876864,50352,0.01340,1.87e-04,0.5685,152.1056,0.00000,0.14300,0.00000,10.00000,960.91179,0.00000,0.79293,0.00000,0.00000,0.80080,0.00000,0.00000,0.00000,0.00000,0.00000,2.39986,1.73700,1.00000,1.00000,1.00000,2090.60938,-0.03523,-0.20440,0.24212,-0.03356,0.44140,0.79798,-0.08779,0.23850,-0.03430,-0.06568,0.10905,0.31188,0.34871,2.53381,1.88500,0.83182,0.80255,0.33333,0.74353,0.28600,1.41397,3.61423,0.66364,0.61250,0.00000
1016,0.5426,99975168,51074,0.01503,1.79e-04,0.5685,151.9336,0.00000,0.14300,0.00000,10.00000,940.01348,0.00000,0.75092,0.00000,0.00000,0.79621,0.00000,0.00000,0.00000,0.00000,0.00000,2.38973,1.76167,0.96703,0.96923,0.88889,2096.51204,-0.03515,-0.20488,0.24131,-0.03353,0.43916,0.79349,-0.08745,0.23850,-0.03733,-0.06550,0.11043,0.31118,0.34832,2.32974,2.42600,0.80220,0.80488,0.42857,0.74158,0.28600,1.41612,3.28093,0.63736,0.62069,0.08333
1017,0.5431,100073472,51492,0.01385,1.71e-04,0.5684,152.0632,0.00000,0.14300,0.00000,10.00000,947.42107,0.00000,0.76174,0.00000,0.00000,0.79864,0.00000,0.00000,0.00000,0.00000,0.00000,2.37763,1.69732,0.97938,0.98630,0.90000,2091.15479,-0.03516,-0.20450,0.24113,-0.03295,0.43992,0.79583,-0.08819,0.23757,-0.03491,-0.06565,0.11025,0.31037,0.34899,2.16076,1.96667,0.79897,0.78947,0.50000,0.74496,0.28600,1.43396,2.93632,0.61856,0.55000,0.16667
1018,0.5437,100171776,51591,0.01309,2.07e-04,0.5684,137.3393,0.00000,0.14300,0.00000,10.00000,947.11429,0.00000,0.83333,0.00000,0.00000,0.79810,0.00000,0.00000,0.00000,0.00000,0.00000,2.39039,1.59319,0.99074,0.98851,1.00000,2094.53841,-0.03525,-0.20464,0.24182,-0.03267,0.44136,0.79527,-0.08789,0.23877,-0.03224,-0.06552,0.11020,0.31194,0.34953,2.14456,2.21400,0.83333,0.81481,0.62500,0.74767,0.28600,1.44087,3.08691,0.67593,0.61333,0.25000
1019,0.5442,100270080,49736,0.01640,1.33e-04,0.5683,189.1906,0.00000,0.14300,0.00000,10.00000,935.95175,0.00000,0.77973,0.00000,0.00000,0.79961,0.00000,0.00000,0.00000,0.00000,0.00000,2.38220,1.78909,1.00000,1.00000,1.00000,2101.41667,-0.03521,-0.20536,0.24119,-0.03370,0.44216,0.79675,-0.08721,0.23858,-0.03428,-0.06578,0.10875,0.31147,0.34950,2.26452,1.40000,0.77632,0.73125,0.50000,0.74748,0.28600,1.43014,2.98586,0.55263,0.46250,0.00000
1020,0.5448,100368384,50530,0.01171,1.72e-04,0.5683,163.6126,0.00000,0.14300,0.00000,10.00000,934.33263,0.00000,0.77457,0.00000,0.00000,0.79971,0.00000,0.00000,0.00000,0.00000,0.00000,2.35139,1.85901,0.98077,0.97297,1.00000,2094.13867,-0.03532,-0.20454,0.23900,-0.03266,0.44198,0.79688,-0.08736,0.23669,-0.03669,-0.06572,0.10755,0.30845,0.34966,2.39657,1.43111,0.79808,0.77931,0.41176,0.74829,0.28600,1.42206,3.21811,0.61538,0.57746,0.00000
1021,0.5453,100466688,50605,0.01568,1.47e-04,0.5684,156.7163,0.00000,0.14300,0.00000,10.00000,1026.23935,0.00000,0.73260,0.00000,0.00000,0.79568,0.00000,0.00000,0.00000,0.00000,0.00000,2.36984,1.64298,1.00000,1.00000,1.00000,2104.10026,-0.03530,-0.20554,0.24003,-0.03199,0.43975,0.79301,-0.08786,0.23650,-0.03371,-0.06543,0.10911,0.30950,0.34907,2.18857,1.08500,0.87363,0.85833,0.33333,0.74533,0.28600,1.42676,3.00089,0.74725,0.69643,0.00000
1022,0.5459,100564992,50222,0.01364,1.58e-04,0.5684,148.9956,0.00000,0.14300,0.00000,10.00000,941.53740,0.00000,0.80378,0.00000,0.00000,0.79416,0.00000,0.00000,0.00000,0.00000,0.00000,2.35519,1.69342,0.98936,0.98611,1.00000,2117.89762,-0.03543,-0.20705,0.23897,-0.03240,0.43761,0.79155,-0.08733,0.23524,-0.03822,-0.06546,0.10886,0.30770,0.34844,2.50203,1.56000,0.82979,0.80882,0.40000,0.74221,0.28600,1.41087,3.68384,0.67021,0.60938,0.00000
1023,0.5464,100663296,50836,0.01683,1.10e-04,0.5684,144.5760,0.00000,0.14300,0.00000,10.00000,913.65496,0.00000,0.76923,0.00000,0.00000,0.79251,0.00000,0.00000,0.00000,0.00000,0.00000,2.39300,1.79595,0.98901,0.98507,1.00000,2078.06445,-0.03547,-0.20336,0.24212,-0.03315,0.43763,0.78988,-0.08851,0.23901,-0.03736,-0.06507,0.11067,0.31307,0.34843,2.33236,1.85875,0.78571,0.78571,0.52174,0.74215,0.28600,1.43417,3.29545,0.58242,0.55932,0.00000
1024,0.5469,100761600,51340,0.01464,9.98e-05,0.5684,151.2459,0.00000,0.14300,0.00000,10.00000,954.30656,0.00000,0.71759,0.00000,0.00000,0.79581,0.00000,0.00000,0.00000,0.00000,0.00000,2.39959,1.72877,1.00000,1.00000,1.00000,2083.53548,-0.03544,-0.20383,0.24246,-0.03271,0.43921,0.79322,-0.08809,0.23844,-0.03236,-0.06519,0.11072,0.31261,0.34911,2.37918,1.44000,0.81250,0.80645,0.45455,0.74556,0.28600,1.43829,3.34816,0.62500,0.60656,0.00000
1025,0.5475,100859904,53441,0.01133,1.02e-04,0.5685,150.8980,0.00000,0.14300,0.00000,10.00000,970.66380,0.00000,0.75531,0.00000,0.00000,0.79938,0.00000,0.00000,0.00000,0.00000,0.00000,2.41462,1.49224,0.98876,0.98387,1.00000,2111.97917,-0.03538,-0.20655,0.24399,-0.03329,0.44230,0.79695,-0.08789,0.23983,-0.03736,-0.06556,0.11220,0.31410,0.35007,2.26238,1.61428,0.83708,0.81818,0.46154,0.75036,0.28600,1.43096,3.49095,0.68539,0.64407,0.00000
1026,0.5480,100958208,52793,0.01074,1.47e-04,0.5684,150.4942,0.00000,0.14300,0.00000,10.00000,977.66764,0.00000,0.72170,0.00000,0.00000,0.80093,0.00000,0.00000,0.00000,0.00000,0.00000,2.40728,1.75038,1.00000,1.00000,1.00000,2085.45540,-0.03544,-0.20378,0.24347,-0.03263,0.44292,0.79830,-0.08843,0.23916,-0.03721,-0.06554,0.11246,0.31353,0.35009,2.32985,1.80428,0.81308,0.79137,0.47619,0.75044,0.28600,1.42906,3.10576,0.62617,0.57971,0.08333
1027,0.5485,101056512,53044,0.01480,1.33e-04,0.5683,151.5129,0.00000,0.14300,0.00000,10.00000,971.92622,0.00000,0.67901,0.00000,0.00000,0.80120,0.00000,0.00000,0.00000,0.00000,0.00000,2.39812,1.61618,1.00000,1.00000,1.00000,2085.54883,-0.03540,-0.20375,0.24421,-0.03221,0.44291,0.79851,-0.08813,0.24001,-0.03370,-0.06557,0.11286,0.31383,0.35000,2.24983,1.35333,0.77778,0.75207,0.40909,0.75002,0.28600,1.44441,3.14750,0.55556,0.51613,0.00000
1028,0.5490,101154816,53237,0.01287,1.49e-04,0.5683,153.1495,0.00000,0.14300,0.00000,10.00000,939.04205,0.00000,0.75362,0.00000,0.00000,0.79982,0.00000,0.00000,0.00000,0.00000,0.00000,2.38332,1.66042,0.99130,0.98765,1.00000,2061.01693,-0.03553,-0.20137,0.24295,-0.03334,0.44224,0.79715,-0.08893,0.23983,-0.03329,-0.06513,0.11170,0.31310,0.35020,2.32623,1.53875,0.82609,0.82692,0.51852,0.75098,0.28600,1.45081,3.36933,0.66087,0.65333,0.00000
1029,0.5496,101253120,52947,0.01289,2.15e-04,0.5683,160.8069,0.00000,0.14300,0.00000,10.00000,915.99546,0.00000,0.89008,0.00000,0.00000,0.79640,0.00000,0.00000,0.00000,0.00000,0.00000,2.37690,1.61447,0.97849,0.97368,1.00000,2063.87760,-0.03549,-0.20171,0.24129,-0.03250,0.44037,0.79380,-0.08857,0.23792,-0.03639,-0.06514,0.11106,0.31064,0.34989,2.19540,2.08000,0.79570,0.75839,0.50000,0.74943,0.28600,1.42939,3.07840,0.61290,0.53425,0.00000
1030,0.5501,101351424,53160,0.01622,1.44e-04,0.5683,137.8941,0.00000,0.14300,0.00000,10.00000,888.19482,0.00000,0.80169,0.00000,0.00000,0.79644,0.00000,0.00000,0.00000,0.00000,0.00000,2.38609,1.70261,1.00000,1.00000,1.00000,2088.95898,-0.03539,-0.20416,0.24407,-0.03262,0.43969,0.79365,-0.08858,0.24109,-0.03259,-0.06538,0.11120,0.31468,0.34907,2.40264,1.61000,0.74684,0.74561,0.47368,0.74537,0.28600,1.46407,3.70811,0.49367,0.46296,0.00000
1031,0.5506,101449728,53598,0.01251,2.07e-04,0.5683,141.7923,0.00000,0.14300,0.00000,10.00000,1002.97016,0.00000,0.71620,0.00000,0.00000,0.79841,0.00000,0.00000,0.00000,0.00000,0.00000,2.40978,1.68452,1.00000,1.00000,1.00000,2089.17822,-0.03536,-0.20431,0.24697,-0.03325,0.44091,0.79561,-0.08925,0.24371,-0.03341,-0.06536,0.11332,0.31752,0.34959,2.36729,1.56400,0.83133,0.79439,0.50000,0.74794,0.28600,1.48735,3.61235,0.66265,0.56000,0.00000
1032,0.5511,101548032,52700,0.01677,1.32e-04,0.5683,154.9146,0.00000,0.14300,0.00000,10.00000,962.96447,0.00000,0.77991,0.00000,0.00000,0.80483,0.00000,0.00000,0.00000,0.00000,0.00000,2.42623,1.70469,0.99038,0.98649,1.00000,2062.49447,-0.03537,-0.20162,0.24857,-0.03398,0.44575,0.80194,-0.08990,0.24520,-0.03282,-0.06527,0.11451,0.32024,0.35155,2.55826,2.13555,0.82692,0.80137,0.56250,0.75776,0.28600,1.49804,3.77123,0.66346,0.61111,0.12500
1033,0.5516,101646336,53126,0.01360,1.44e-04,0.5683,160.0384,0.00000,0.14300,0.00000,10.00000,989.16610,0.00000,0.72464,0.00000,0.00000,0.80973,0.00000,0.00000,0.00000,0.00000,0.00000,2.43524,1.71000,0.98913,1.00000,0.83333,2092.49186,-0.03527,-0.20428,0.24824,-0.03386,0.44848,0.80681,-0.08884,0.24517,-0.03593,-0.06559,0.11417,0.32047,0.35240,2.24354,1.17143,0.83152,0.82500,0.33333,0.76202,0.28600,1.47793,3.04978,0.67391,0.63158,0.00000
1034,0.5522,101744640,53203,0.01393,1.60e-04,0.5683,158.9839,0.00000,0.14300,0.00000,10.00000,973.26497,0.00000,0.74588,0.00000,0.00000,0.81116,0.00000,0.00000,0.00000,0.00000,0.00000,2.43796,1.76000,0.99074,0.98701,1.00000,2080.03874,-0.03534,-0.20323,0.24937,-0.03297,0.44931,0.80816,-0.08934,0.24518,-0.03438,-0.06581,0.11440,0.32112,0.35239,2.48772,2.27571,0.84722,0.83448,0.60870,0.76194,0.28600,1.49011,3.61123,0.70370,0.66176,0.25000
1035,0.5527,101842944,52456,0.01449,1.60e-04,0.5683,170.5958,0.00000,0.14300,0.00000,10.00000,940.52047,0.00000,0.75000,0.00000,0.00000,0.81191,0.00000,0.00000,0.00000,0.00000,0.00000,2.42877,1.81111,0.99000,0.98462,1.00000,2057.06315,-0.03523,-0.20095,0.24903,-0.03309,0.45041,0.80893,-0.08897,0.24484,-0.03524,-0.06561,0.11413,0.32029,0.35244,2.49161,1.64857,0.81000,0.78519,0.43750,0.76220,0.28600,1.48833,3.43384,0.63000,0.60000,0.00000
1036,0.5532,101941248,54785,0.01350,1.89e-04,0.5683,173.3874,0.00000,0.14300,0.00000,10.00000,1038.95320,0.00000,0.77131,0.00000,0.00000,0.80865,0.00000,0.00000,0.00000,0.00000,0.00000,2.40704,1.53050,1.00000,1.00000,1.00000,2070.47493,-0.03535,-0.20233,0.24762,-0.03330,0.44826,0.80576,-0.08846,0.24472,-0.03746,-0.06565,0.11369,0.31894,0.35180,2.27547,1.32333,0.87379,0.85315,0.50000,0.75898,0.28600,1.49044,3.32105,0.74757,0.69118,0.00000
1037,0.5537,102039552,51972,0.01329,2.47e-04,0.5682,143.5195,0.00000,0.14100,0.00000,10.00000,932.99032,0.00000,0.79282,0.00000,0.00000,0.80503,0.00000,0.00000,0.00000,0.00000,0.00000,2.38879,1.64744,1.00000,1.00000,1.00000,2075.72135,-0.03543,-0.20266,0.24543,-0.03331,0.44498,0.80207,-0.08912,0.24285,-0.03812,-0.06549,0.11277,0.31642,0.35086,2.52821,1.23714,0.81771,0.82482,0.45000,0.75428,0.28200,1.47910,3.75500,0.63542,0.64706,0.00000
1038,0.5543,102137856,53568,0.01620,1.44e-04,0.5682,151.7553,0.00000,0.13900,0.00000,10.00000,963.42726,0.00000,0.75512,0.00000,0.00000,0.80178,0.00000,0.00000,0.00000,0.00000,0.00000,2.38041,1.68846,0.99029,0.98507,1.00000,2073.86751,-0.03524,-0.20264,0.24410,-0.03264,0.44456,0.79872,-0.08877,0.24214,-0.03348,-0.06555,0.11292,0.31530,0.35022,2.32328,2.20286,0.83981,0.82857,0.57143,0.75112,0.27800,1.48196,3.12193,0.68932,0.68493,0.10000
1039,0.5548,102236160,53963,0.01423,1.19e-04,0.5682,140.5659,0.00000,0.13700,0.00000,10.00000,976.59016,0.00000,0.74263,0.00000,0.00000,0.80177,0.00000,0.00000,0.00000,0.00000,0.00000,2.37041,1.59781,1.00000,1.00000,1.00000,2067.71452,-0.03524,-0.20215,0.24439,-0.03228,0.44364,0.79895,-0.08806,0.24285,-0.03011,-0.06567,0.11192,0.31494,0.35024,2.42672,2.35500,0.84694,0.82443,0.50000,0.75119,0.27400,1.49900,3.59038,0.69388,0.64615,0.00000
1040,0.5553,102334464,53707,0.01439,1.08e-04,0.5682,149.6632,0.00000,0.13500,0.00000,10.00000,1005.02098,0.00000,0.72544,0.00000,0.00000,0.79972,0.00000,0.00000,0.00000,0.00000,0.00000,2.34806,1.78636,0.98347,0.97500,1.00000,2060.21338,-0.03522,-0.20122,0.24262,-0.03269,0.44250,0.79683,-0.08718,0.24156,-0.03643,-0.06588,0.11059,0.31273,0.34996,2.37537,1.26200,0.83058,0.81013,0.44444,0.74978,0.27000,1.47623,3.25390,0.67769,0.64103,0.00000
1041,0.5558,102432768,53651,0.01263,1.43e-04,0.5682,138.5269,0.00000,0.13300,0.00000,10.00000,921.70435,0.00000,0.77887,0.00000,0.00000,0.80093,0.00000,0.00000,0.00000,0.00000,0.00000,2.33251,1.66900,1.00000,1.00000,1.00000,2053.40088,-0.03509,-0.20086,0.24146,-0.03310,0.44311,0.79814,-0.08713,0.24181,-0.03051,-0.06593,0.10881,0.31189,0.35031,2.55518,1.67600,0.79412,0.79021,0.45455,0.75155,0.26600,1.49061,3.79895,0.58824,0.58904,0.00000
1042,0.5563,102531072,53801,0.01135,2.06e-04,0.5682,149.1912,0.00000,0.13100,0.00000,10.00000,960.10683,0.00000,0.87719,0.00000,0.00000,0.79941,0.00000,0.00000,0.00000,0.00000,0.00000,2.35343,1.68762,1.00000,1.00000,1.00000,2070.67773,-0.03514,-0.20229,0.24429,-0.03395,0.44313,0.79638,-0.08788,0.24568,-0.03292,-0.06584,0.11005,0.31651,0.35025,2.28884,1.99500,0.83684,0.81333,0.57143,0.75125,0.26200,1.50397,3.22407,0.67368,0.60000,0.00000
1043,0.5568,102629376,52279,0.01384,2.06e-04,0.5682,159.4283,0.00000,0.12900,0.00000,10.00000,926.85431,0.00000,0.76389,0.00000,0.00000,0.79518,0.00000,0.00000,0.00000,0.00000,0.00000,2.35181,1.65408,0.98864,0.98438,1.00000,2061.56852,-0.03506,-0.20167,0.24286,-0.03333,0.44151,0.79246,-0.08696,0.24414,-0.03083,-0.06564,0.11074,0.31439,0.34986,2.46139,1.50200,0.79545,0.77686,0.43750,0.74930,0.25800,1.49679,3.76409,0.60227,0.54386,0.00000
