iter,hours,steps,fps,kl,lr,std,value_loss,act_sat,assist,distance,ep_len_s,ep_return,fall_rate,floored_share,glove_speed,grandpa_assist,grandpa_pose_err,grandpa_reward_per_step,grandpa_time_to_stand,grandpa_up_rate,grandpa_up_rate_from_floor,grandpa_up_rate_unaided,head_share,height,hit_speed,hit_speed_max,hits_per_s,knockdowns_per_min,power,rt_act,rt_energy,rt_face,rt_feet,rt_head,rt_height,rt_limit,rt_pose,rt_qvel,rt_rate,rt_still,rt_stood,rt_upright,time_to_stand,time_to_stand_unaided,up_rate,up_rate_from_floor,up_rate_unaided,upright,zombie_assist,zombie_pose_err,zombie_reward_per_step,zombie_time_to_stand,zombie_up_rate,zombie_up_rate_from_floor,zombie_up_rate_unaided
0,0.0006,98304,47403,0.04841,8.61e-05,0.3378,1083.3430,0.00000,0.15000,0.00000,10.00000,5.06438,0.00000,0.02497,0.00000,0.30000,0.18055,0.60009,0.00000,0.00000,0.00000,0.00000,0.00000,0.93540,0.00000,0.00000,0.00000,0.00000,501.72424,-0.03893,-0.04967,0.06097,-0.01168,0.55721,0.93380,-0.03472,0.10131,-0.00925,-0.04737,0.02806,0.08010,0.39017,0.00000,0.00000,0.00000,0.00000,0.00000,0.95085,0.00000,0.22940,0.43966,0.00000,0.00000,0.00000,0.00000
1,0.0010,196608,58965,0.00864,1.15e-04,0.3379,504.4255,0.00000,0.15200,0.00000,10.00000,21.57237,0.00000,0.52805,0.00000,0.30400,0.21828,0.77656,0.00000,0.16832,0.00000,0.00000,0.00000,0.61107,0.00000,0.00000,0.00000,0.00000,973.95654,-0.03790,-0.09552,0.08847,-0.01383,0.34965,0.60947,-0.05431,0.11109,-0.05959,-0.03494,0.04356,0.11494,0.32453,0.00000,0.00000,0.15842,0.00000,0.00000,0.62264,0.00000,0.24256,0.69556,0.00000,0.14851,0.00000,0.00000
2,0.0015,294912,57267,0.01252,1.00e-04,0.3379,364.8344,0.00000,0.15400,0.00000,10.00000,41.07955,0.00000,0.68148,0.00000,0.30800,0.18915,0.83989,0.00000,0.17333,0.00000,0.00000,0.00000,0.46120,0.00000,0.00000,0.00000,0.00000,1076.03727,-0.03741,-0.10521,0.08771,-0.00999,0.24126,0.45972,-0.05927,0.14713,-0.04796,-0.02997,0.05040,0.11342,0.28729,0.50000,0.50000,0.19333,0.00000,0.00000,0.43646,0.00000,0.20606,0.76984,0.50000,0.21333,0.00000,0.00000
3,0.0020,393216,57178,0.01347,1.12e-04,0.3380,407.7177,0.00000,0.15600,0.00000,10.00000,52.24858,0.00000,0.78836,0.00000,0.31200,0.16499,0.90633,0.50000,0.24762,0.00000,0.00000,0.00000,0.46950,0.00000,0.00000,0.00000,0.00000,1282.99642,-0.03766,-0.12595,0.08855,-0.00930,0.24347,0.46808,-0.07488,0.16762,-0.04494,-0.03015,0.05452,0.11447,0.29011,0.50000,0.00000,0.18571,0.00000,0.00000,0.45057,0.00000,0.19583,0.87488,0.00000,0.12381,0.00000,0.00000
4,0.0025,491520,57681,0.01013,1.61e-04,0.3380,513.3849,0.00000,0.15800,0.00000,10.00000,89.82406,0.00000,0.76313,0.00000,0.31600,0.17515,0.98971,0.50000,0.19780,0.00000,0.00000,0.00000,0.53722,0.00000,0.00000,0.00000,0.00000,1569.68376,-0.03630,-0.15415,0.10577,-0.01331,0.27829,0.53563,-0.08616,0.18435,-0.06424,-0.03232,0.06320,0.13766,0.30142,0.74500,0.00000,0.23077,0.00800,0.00000,0.50711,0.00000,0.20657,1.14463,1.48000,0.26374,0.01639,0.00000
5,0.0030,589824,58252,0.01305,1.50e-04,0.3381,595.1473,0.00000,0.16000,0.00000,10.00000,125.91741,0.00000,0.78333,0.00000,0.32000,0.19554,1.11858,1.13333,0.24000,0.04054,0.00000,0.00000,0.61785,0.00000,0.00000,0.00000,0.00000,1703.34831,-0.03357,-0.16759,0.13559,-0.01832,0.32862,0.61593,-0.08899,0.21659,-0.07856,-0.03468,0.07873,0.17886,0.31599,1.39579,1.24000,0.30000,0.09220,0.08333,0.57993,0.00000,0.21151,1.54947,1.51692,0.36000,0.14925,0.14286
6,0.0034,688128,58590,0.01351,1.31e-04,0.3381,587.2552,0.00000,0.16200,0.00000,10.00000,149.02114,0.00000,0.73355,0.00000,0.32400,0.19951,1.25689,1.62428,0.31068,0.13846,0.00000,0.00000,0.68767,0.00000,0.00000,0.00000,0.00000,1584.41390,-0.03064,-0.15602,0.16546,-0.02373,0.37515,0.68535,-0.08476,0.26663,-0.08165,-0.03542,0.09617,0.21932,0.32972,1.70121,1.24500,0.34466,0.18382,0.07692,0.64860,0.00000,0.20761,1.95412,1.75789,0.37864,0.22535,0.18182
7,0.0039,786432,58849,0.01630,1.24e-04,0.3382,519.7551,0.00000,0.16400,0.00000,10.00000,207.11636,0.00000,0.74713,0.00000,0.32800,0.19994,1.38830,1.60250,0.32759,0.15000,0.00000,0.00000,0.72235,0.00000,0.00000,0.00000,0.00000,1429.81055,-0.02826,-0.14086,0.19253,-0.02739,0.40419,0.71985,-0.08031,0.31282,-0.07567,-0.03560,0.11123,0.25522,0.33822,1.67355,1.62800,0.46983,0.33333,0.13636,0.69109,0.00000,0.20491,2.26647,1.69826,0.61207,0.52632,0.25000
8,0.0044,884736,59063,0.01319,1.03e-04,0.3382,481.2504,0.00000,0.16600,0.00000,10.00000,270.05707,0.00000,0.83028,0.00000,0.33200,0.19570,1.49601,2.04800,0.43956,0.30986,0.00000,0.00000,0.73715,0.00000,0.00000,0.00000,0.00000,1321.50456,-0.02700,-0.13045,0.20672,-0.02731,0.41770,0.73435,-0.07670,0.35093,-0.06668,-0.03494,0.12264,0.27284,0.34200,1.90104,1.82000,0.63736,0.52941,0.33333,0.71000,0.00000,0.19796,2.42233,1.83038,0.83516,0.76923,1.00000
9,0.0049,983040,58726,0.00916,1.49e-04,0.3383,440.6518,0.00000,0.16800,0.00000,10.00000,318.19696,0.00000,0.74967,0.00000,0.33600,0.18877,1.62110,2.14500,0.49398,0.45763,0.00000,0.00000,0.74227,0.00000,0.00000,0.00000,0.00000,1272.15951,-0.02606,-0.12559,0.21608,-0.02739,0.42321,0.73933,-0.07473,0.37913,-0.05774,-0.03462,0.13054,0.28541,0.34318,1.88250,1.57555,0.65060,0.57143,0.44444,0.71592,0.00000,0.19499,2.49315,1.70750,0.80723,0.69811,1.00000
10,0.0053,1081344,59386,0.03141,7.98e-05,0.3383,428.2190,0.00000,0.17000,0.00000,10.00000,388.00794,0.00000,0.77635,0.00000,0.34000,0.17726,1.72659,2.23214,0.53846,0.42593,0.00000,0.00000,0.74925,0.00000,0.00000,0.00000,0.00000,1251.10872,-0.02518,-0.12363,0.22453,-0.02730,0.42910,0.74627,-0.07333,0.40793,-0.05273,-0.03434,0.13704,0.29517,0.34535,2.00481,1.42667,0.69872,0.63303,0.30000,0.72673,0.00000,0.19348,2.57087,1.88000,0.85897,0.83636,0.60000
11,0.0058,1179648,59520,0.01396,1.01e-04,0.3384,405.2388,0.00000,0.17200,0.00000,10.00000,429.39679,0.00000,0.81549,0.00000,0.34400,0.17369,1.80509,2.31574,0.53211,0.50000,0.00000,0.00000,0.76182,0.00000,0.00000,0.00000,0.00000,1229.27116,-0.02464,-0.12142,0.23205,-0.02647,0.43613,0.75848,-0.07308,0.42065,-0.05067,-0.03465,0.14234,0.30304,0.34750,2.07085,1.93333,0.74312,0.71250,0.47368,0.73749,0.00000,0.19481,2.61224,1.93049,0.95413,0.93590,1.00000
12,0.0063,1277952,59590,0.01245,7.98e-05,0.3384,334.3120,0.00000,0.17400,0.00000,10.00000,565.44782,0.00000,0.79365,0.00000,0.34800,0.17028,1.86453,2.76500,0.69048,0.58929,0.00000,0.00000,0.77049,0.00000,0.00000,0.00000,0.00000,1206.01139,-0.02427,-0.11918,0.23601,-0.02650,0.44191,0.76708,-0.07214,0.43136,-0.04658,-0.03438,0.14548,0.30649,0.34971,2.25886,1.51000,0.83333,0.79167,0.40000,0.74853,0.00000,0.19410,2.62045,1.94738,0.97619,0.96875,1.00000
13,0.0067,1376256,59929,0.01144,8.05e-05,0.3385,340.8768,0.00000,0.17600,0.00000,10.00000,551.79538,0.00000,0.75758,0.00000,0.35200,0.16375,1.90614,2.74591,0.55455,0.52632,0.00000,0.00000,0.77284,0.00000,0.00000,0.00000,0.00000,1155.87174,-0.02393,-0.11432,0.23806,-0.02577,0.44531,0.76931,-0.07087,0.44584,-0.04259,-0.03426,0.14822,0.30884,0.35050,2.20047,1.73067,0.72727,0.68667,0.53571,0.75249,0.00000,0.19215,2.64324,1.90780,0.90000,0.85135,1.00000
14,0.0072,1474560,59679,0.01236,9.13e-05,0.3385,320.5034,0.00000,0.17800,0.00000,10.00000,693.41391,0.00000,0.80610,0.00000,0.35600,0.16320,1.92005,2.84151,0.74510,0.69444,0.00000,0.00000,0.77355,0.00000,0.00000,0.00000,0.00000,1145.25586,-0.02388,-0.11320,0.23993,-0.02545,0.44627,0.76986,-0.07014,0.45159,-0.04507,-0.03410,0.15054,0.31046,0.35058,2.38155,2.22286,0.83824,0.80405,0.63636,0.75288,0.00000,0.19068,2.65156,2.06079,0.93137,0.90789,1.00000
15,0.0077,1572864,58870,0.01574,7.25e-05,0.3386,297.3688,0.00000,0.17800,0.00000,10.00000,725.50675,0.00000,0.80808,0.00000,0.35600,0.16446,1.93797,2.80308,0.60909,0.51852,0.00000,0.00000,0.77086,0.00000,0.00000,0.00000,0.00000,1155.38338,-0.02374,-0.11408,0.24057,-0.02575,0.44554,0.76710,-0.07030,0.45329,-0.04248,-0.03431,0.15093,0.31089,0.34995,2.38103,2.11000,0.78636,0.73750,0.50000,0.74973,0.00000,0.18966,2.64194,2.11976,0.96364,0.96203,0.83333
16,0.0081,1671168,59340,0.01326,8.52e-05,0.3386,290.0272,0.00000,0.17800,0.00000,10.00000,849.67651,0.00000,0.70818,0.00000,0.35600,0.15802,1.96134,2.99019,0.70330,0.76190,0.00000,0.00000,0.77155,0.00000,0.00000,0.00000,0.00000,1141.89347,-0.02377,-0.11281,0.23952,-0.02419,0.44540,0.76789,-0.07062,0.46485,-0.04304,-0.03379,0.15240,0.30943,0.35002,2.45333,1.56800,0.83516,0.84483,0.45455,0.75010,0.00000,0.18653,2.64325,2.01873,0.96703,0.94340,1.00000
17,0.0086,1769472,61443,0.01102,8.70e-05,0.3387,298.3291,0.00000,0.17800,0.00000,10.00000,863.40480,0.00000,0.76174,0.00000,0.35600,0.16169,1.97902,2.97461,0.61856,0.63768,0.00000,0.00000,0.77114,0.00000,0.00000,0.00000,0.00000,1131.57780,-0.02366,-0.11175,0.24131,-0.02437,0.44591,0.76756,-0.07108,0.46648,-0.04218,-0.03391,0.15424,0.31222,0.35052,2.26922,1.55000,0.80412,0.80451,0.50000,0.75260,0.00000,0.18560,2.65384,1.78658,0.98969,0.98438,1.00000
18,0.0090,1867776,62334,0.01461,7.61e-05,0.3387,292.3394,0.00000,0.17800,0.00000,10.00000,947.85605,0.00000,0.81790,0.00000,0.35600,0.15870,2.00656,3.16764,0.76852,0.78205,0.00000,0.00000,0.77438,0.00000,0.00000,0.00000,0.00000,1120.76799,-0.02328,-0.11076,0.24342,-0.02345,0.44813,0.77087,-0.07074,0.47738,-0.04031,-0.03388,0.15546,0.31465,0.35122,2.56562,1.74857,0.86111,0.86164,0.46667,0.75609,0.00000,0.18389,2.67966,2.08400,0.95370,0.93827,1.00000
19,0.0095,1966080,61754,0.01172,8.59e-05,0.3388,290.0057,0.00000,0.17800,0.00000,10.00000,1039.08601,0.00000,0.77485,0.00000,0.35600,0.15934,1.98735,3.62656,0.74561,0.74359,0.00000,0.00000,0.77514,0.00000,0.00000,0.00000,0.00000,1102.59733,-0.02342,-0.10895,0.24274,-0.02426,0.44966,0.77164,-0.06994,0.48034,-0.04364,-0.03373,0.15600,0.31373,0.35139,2.69772,1.43714,0.84211,0.83648,0.37500,0.75697,0.00000,0.18093,2.68462,1.93878,0.93860,0.92593,0.85714
20,0.0099,2064384,61980,0.01134,1.09e-04,0.3388,307.4456,0.00000,0.17800,0.00000,10.00000,1163.25608,0.00000,0.72650,0.00000,0.35600,0.16025,1.96929,3.31333,0.75962,0.77465,0.00000,0.00000,0.77410,0.00000,0.00000,0.00000,0.00000,1108.55697,-0.02362,-0.10965,0.23942,-0.02400,0.44862,0.77066,-0.06919,0.47228,-0.04153,-0.03382,0.15362,0.31006,0.35087,2.53627,1.56600,0.86538,0.86029,0.50000,0.75435,0.00000,0.18137,2.64731,1.84676,0.97115,0.95385,1.00000
21,0.0103,2162688,62135,0.01279,1.11e-04,0.3388,292.3547,0.00000,0.17800,0.00000,10.00000,1184.64028,0.00000,0.81807,0.00000,0.35600,0.16029,1.97733,3.50276,0.80220,0.80597,0.00000,0.00000,0.76854,0.00000,0.00000,0.00000,0.00000,1099.78825,-0.02343,-0.10869,0.24002,-0.02394,0.44626,0.76521,-0.06961,0.47548,-0.04210,-0.03362,0.15477,0.31114,0.35022,2.69344,1.92667,0.89011,0.88806,0.50000,0.75112,0.00000,0.18066,2.66372,2.02286,0.97802,0.97015,1.00000
22,0.0108,2260992,61711,0.01273,1.10e-04,0.3389,275.0486,0.00000,0.17800,0.00000,10.00000,1167.30519,0.00000,0.77423,0.00000,0.35600,0.15948,1.98037,3.45854,0.76596,0.72059,0.00000,0.00000,0.76802,0.00000,0.00000,0.00000,0.00000,1117.57397,-0.02352,-0.11042,0.23951,-0.02384,0.44613,0.76472,-0.06951,0.47724,-0.04393,-0.03356,0.15444,0.31079,0.35039,2.83603,3.33600,0.86702,0.83206,0.62500,0.75193,0.00000,0.18015,2.65676,2.31727,0.96809,0.95238,1.00000
23,0.0112,2359296,61939,0.01461,8.39e-05,0.3390,260.2086,0.00000,0.17800,0.00000,10.00000,1185.02704,0.00000,0.70208,0.00000,0.35600,0.15878,2.01226,3.42157,0.78022,0.84483,0.00000,0.00000,0.76731,0.00000,0.00000,0.00000,0.00000,1117.70589,-0.02341,-0.11041,0.24241,-0.02409,0.44521,0.76383,-0.07040,0.48648,-0.04273,-0.03364,0.15623,0.31359,0.35029,2.59350,2.17000,0.87912,0.92174,0.40909,0.75146,0.00000,0.17798,2.68316,1.95364,0.97802,1.00000,0.81818
24,0.0117,2457600,61820,0.01145,1.21e-04,0.3391,241.9202,0.00000,0.17800,0.00000,10.00000,1122.66414,0.00000,0.77546,0.00000,0.35600,0.15727,2.02602,3.37723,0.72917,0.80000,0.00000,0.00000,0.76880,0.00000,0.00000,0.00000,0.00000,1114.22835,-0.02342,-0.11013,0.24169,-0.02371,0.44566,0.76531,-0.07018,0.48992,-0.03785,-0.03363,0.15663,0.31298,0.35011,2.63081,1.85714,0.85417,0.88060,0.47826,0.75053,0.00000,0.17670,2.67723,1.93771,0.97917,0.98305,0.91667
25,0.0121,2555904,62183,0.01788,1.04e-04,0.3391,256.0400,0.00000,0.17600,0.00000,10.00000,1163.38053,0.00000,0.76155,0.00000,0.35200,0.15451,2.04150,3.27760,0.74157,0.73770,0.00000,0.00000,0.77121,0.00000,0.00000,0.00000,0.00000,1105.50374,-0.02341,-0.10923,0.24236,-0.02325,0.44658,0.76769,-0.07094,0.49668,-0.03882,-0.03357,0.15757,0.31326,0.35074,2.60496,1.59714,0.84270,0.83607,0.46667,0.75371,0.00000,0.17506,2.68618,2.10298,0.94382,0.93443,0.87500
26,0.0126,2654208,62198,0.01426,8.05e-05,0.3392,237.8052,0.00000,0.17400,0.00000,10.00000,1258.51636,0.00000,0.74766,0.00000,0.34800,0.15602,2.03434,3.16542,0.79439,0.80000,0.00000,0.00000,0.77380,0.00000,0.00000,0.00000,0.00000,1091.96590,-0.02318,-0.10794,0.24268,-0.02325,0.44955,0.77027,-0.07021,0.49745,-0.03862,-0.03360,0.15780,0.31466,0.35164,2.37418,1.88667,0.89252,0.89583,0.52941,0.75819,0.00000,0.17499,2.70538,1.80488,0.99065,0.98649,1.00000
27,0.0130,2752512,61916,0.01292,8.05e-05,0.3393,251.6680,0.00000,0.17200,0.00000,10.00000,1165.46520,0.00000,0.74074,0.00000,0.34400,0.15505,2.02874,3.28178,0.72727,0.76812,0.00000,0.00000,0.77403,0.00000,0.00000,0.00000,0.00000,1078.57731,-0.02324,-0.10665,0.24246,-0.02285,0.45020,0.77053,-0.06954,0.50060,-0.03759,-0.03360,0.15888,0.31447,0.35223,2.56640,2.23250,0.84343,0.85606,0.36842,0.76116,0.00000,0.17367,2.71849,1.98580,0.95960,0.95238,0.87500
28,0.0135,2850816,61835,0.01281,9.24e-05,0.3393,225.5689,0.00000,0.17000,0.00000,10.00000,1087.46556,0.00000,0.77295,0.00000,0.34000,0.15567,2.03393,3.58615,0.66957,0.69880,0.00000,0.00000,0.77113,0.00000,0.00000,0.00000,0.00000,1052.96265,-0.02308,-0.10408,0.24344,-0.02294,0.44861,0.76756,-0.06946,0.50520,-0.03589,-0.03345,0.15966,0.31591,0.35113,2.64644,1.64000,0.80870,0.81250,0.44000,0.75567,0.00000,0.17171,2.72571,1.91928,0.94783,0.93506,0.91667
29,0.0139,2949120,62372,0.01587,6.82e-05,0.3394,226.3394,0.00000,0.16800,0.00000,10.00000,1158.49908,0.00000,0.83632,0.00000,0.33600,0.15194,2.04434,3.29280,0.69892,0.64286,0.00000,0.00000,0.76584,0.00000,0.00000,0.00000,0.00000,1051.37842,-0.02315,-0.10403,0.24259,-0.02242,0.44674,0.76232,-0.06980,0.51259,-0.03466,-0.03314,0.16021,0.31445,0.35069,2.54215,4.66000,0.83333,0.80000,0.40000,0.75345,0.00000,0.16925,2.72349,2.01352,0.96774,0.95714,1.00000
30,0.0144,3047424,62320,0.01325,7.40e-05,0.3394,198.3829,0.00000,0.16600,0.00000,10.00000,1223.23714,0.00000,0.66807,0.00000,0.33200,0.15165,2.05220,3.14087,0.77215,0.82692,0.00000,0.00000,0.76353,0.00000,0.00000,0.00000,0.00000,1058.94857,-0.02306,-0.10470,0.24272,-0.02263,0.44530,0.76004,-0.06981,0.51397,-0.03671,-0.03317,0.16053,0.31460,0.35018,2.53458,2.09428,0.88608,0.90526,0.43750,0.75091,0.00000,0.16866,2.71905,1.97680,1.00000,1.00000,1.00000
31,0.0148,3145728,61763,0.01124,8.70e-05,0.3395,200.4870,0.00000,0.16400,0.00000,10.00000,1177.72666,0.00000,0.79652,0.00000,0.32800,0.15091,2.06897,2.72638,0.71084,0.69841,0.00000,0.00000,0.76342,0.00000,0.00000,0.00000,0.00000,1073.63599,-0.02291,-0.10608,0.24417,-0.02248,0.44552,0.75994,-0.06974,0.52172,-0.03769,-0.03316,0.16192,0.31607,0.35068,2.30243,2.11500,0.84940,0.84034,0.40000,0.75338,0.00000,0.16609,2.73804,1.97033,0.98795,1.00000,0.80000
32,0.0152,3244032,62217,0.01385,6.99e-05,0.3395,204.9070,0.00000,0.16200,0.00000,10.00000,1184.38537,0.00000,0.79594,0.00000,0.32400,0.14994,2.07132,3.34687,0.75962,0.79221,0.00000,0.00000,0.76776,0.00000,0.00000,0.00000,0.00000,1056.04801,-0.02292,-0.10450,0.24507,-0.02220,0.44699,0.76429,-0.07008,0.52578,-0.03353,-0.03306,0.16272,0.31629,0.35130,2.68000,2.15200,0.87981,0.89262,0.35714,0.75651,0.00000,0.16462,2.76065,2.12571,1.00000,1.00000,1.00000
33,0.0157,3342336,61724,0.01163,9.13e-05,0.3396,209.7038,0.00000,0.16000,0.00000,10.00000,1151.52615,0.00000,0.81522,0.00000,0.32000,0.15221,2.07812,3.02688,0.72826,0.76812,0.00000,0.00000,0.77119,0.00000,0.00000,0.00000,0.00000,1048.99504,-0.02273,-0.10378,0.24699,-0.02280,0.44958,0.76776,-0.06975,0.52526,-0.03336,-0.03304,0.16373,0.31864,0.35226,2.51817,1.93500,0.84239,0.85926,0.37500,0.76132,0.00000,0.16535,2.76806,2.07486,0.95652,0.95455,0.85714
34,0.0161,3440640,62139,0.01406,1.00e-04,0.3396,192.7812,0.00000,0.15800,0.00000,10.00000,1231.77156,0.00000,0.72531,0.00000,0.31600,0.14995,2.08453,2.99803,0.78704,0.83333,0.00000,0.00000,0.77264,0.00000,0.00000,0.00000,0.00000,1037.82422,-0.02268,-0.10273,0.24725,-0.02235,0.45087,0.76918,-0.06887,0.53006,-0.03417,-0.03324,0.16413,0.31874,0.35232,2.52029,2.54750,0.87963,0.90780,0.38095,0.76158,0.00000,0.16414,2.77533,2.13684,0.97222,0.98551,0.80000
35,0.0166,3538944,61164,0.01379,1.44e-04,0.3397,203.8631,0.00000,0.15600,0.00000,10.00000,1210.84250,0.00000,0.73889,0.00000,0.31200,0.15119,2.06721,3.19087,0.75000,0.76812,0.10000,0.00000,0.77308,0.00000,0.00000,0.00000,0.00000,1017.11979,-0.02275,-0.10072,0.24578,-0.02204,0.45209,0.76974,-0.06908,0.52883,-0.03543,-0.03304,0.16400,0.31872,0.35280,2.54929,1.93500,0.86500,0.86466,0.47059,0.76400,0.00000,0.16377,2.78267,2.02686,0.98000,0.96875,1.00000
36,0.0170,3637248,61931,0.02066,7.60e-05,0.3398,195.9680,0.00000,0.15400,0.00000,10.00000,1171.27852,0.00000,0.85221,0.00000,0.30800,0.15258,2.07040,3.22904,0.80583,0.82353,0.00000,0.00000,0.77185,0.00000,0.00000,0.00000,0.00000,1034.99398,-0.02300,-0.10244,0.24523,-0.02257,0.44937,0.76848,-0.06932,0.52571,-0.03386,-0.03316,0.16375,0.31745,0.35232,2.63823,2.77500,0.88835,0.88608,0.37500,0.76162,0.00000,0.16351,2.75950,2.05540,0.97087,0.95890,1.00000
37,0.0175,3735552,62048,0.01264,7.70e-05,0.3399,195.9789,0.00000,0.15200,0.00000,10.00000,1202.83146,0.00000,0.75231,0.00000,0.30400,0.15284,2.06438,3.05382,0.71875,0.74242,0.00000,0.00000,0.76780,0.00000,0.00000,0.00000,0.00000,1039.90495,-0.02296,-0.10280,0.24468,-0.02236,0.44812,0.76444,-0.06978,0.52866,-0.03317,-0.03306,0.16380,0.31735,0.35155,2.41229,1.42571,0.83854,0.84615,0.26667,0.75777,0.00000,0.16175,2.77358,1.88567,0.95833,0.95312,0.80000
38,0.0179,3833856,62112,0.01365,9.12e-05,0.3400,184.5832,0.00000,0.15000,0.00000,10.00000,1234.52769,0.00000,0.68501,0.00000,0.30000,0.15154,2.06879,2.86214,0.74757,0.80597,0.00000,0.00000,0.76711,0.00000,0.00000,0.00000,0.00000,1010.81974,-0.02297,-0.10006,0.24437,-0.02241,0.44852,0.76393,-0.06978,0.53213,-0.03259,-0.03265,0.16433,0.31675,0.35189,2.38698,1.90909,0.87379,0.89764,0.43478,0.75944,0.00000,0.16014,2.77325,2.00686,1.00000,1.00000,1.00000
39,0.0184,3932160,61676,0.01397,7.60e-05,0.3401,212.9000,0.00000,0.14800,0.00000,10.00000,1230.35419,0.00000,0.84467,0.00000,0.29600,0.15181,2.06418,3.28750,0.82653,0.83784,0.16667,0.00000,0.76869,0.00000,0.00000,0.00000,0.00000,1022.97526,-0.02298,-0.10125,0.24375,-0.02197,0.44988,0.76550,-0.06993,0.53072,-0.03263,-0.03282,0.16373,0.31606,0.35267,2.55532,2.81200,0.90306,0.90604,0.50000,0.76333,0.00000,0.15976,2.76631,1.94675,0.97959,0.97333,1.00000
40,0.0188,4030464,61665,0.01467,6.96e-05,0.3401,214.2023,0.00000,0.14600,0.00000,10.00000,1215.64127,0.00000,0.79890,0.00000,0.29200,0.15294,2.05086,3.27239,0.78512,0.76744,0.00000,0.00000,0.76828,0.00000,0.00000,0.00000,0.00000,1042.82243,-0.02311,-0.10311,0.24256,-0.02223,0.44920,0.76507,-0.06972,0.52616,-0.03536,-0.03333,0.16256,0.31519,0.35238,2.60494,1.69750,0.88430,0.87356,0.53846,0.76192,0.00000,0.16057,2.74520,2.10610,0.98347,0.97727,1.00000
41,0.0193,4128768,61844,0.01355,9.24e-05,0.3402,216.2696,0.00000,0.14400,0.00000,10.00000,1112.27206,0.00000,0.78976,0.00000,0.28800,0.15355,2.04282,3.51762,0.67647,0.71429,0.00000,0.00000,0.76909,0.00000,0.00000,0.00000,0.00000,1026.90267,-0.02326,-0.10165,0.24163,-0.02188,0.44817,0.76587,-0.06956,0.52140,-0.03670,-0.03310,0.16238,0.31321,0.35203,2.73197,1.84400,0.82353,0.82759,0.42105,0.76015,0.00000,0.16105,2.72941,2.09698,0.97059,0.95588,1.00000
42,0.0197,4227072,61021,0.01318,1.16e-04,0.3403,205.9738,0.00000,0.14200,0.00000,10.00000,1226.31127,0.00000,0.82456,0.00000,0.28400,0.15083,2.07500,3.38064,0.77895,0.76389,0.00000,0.00000,0.76764,0.00000,0.00000,0.00000,0.00000,1023.76969,-0.02316,-0.10138,0.24338,-0.02198,0.44647,0.76441,-0.06904,0.53384,-0.03472,-0.03277,0.16434,0.31553,0.35162,2.65985,1.64000,0.88947,0.87943,0.33333,0.75812,0.00000,0.15833,2.75659,2.03042,1.00000,1.00000,1.00000
43,0.0202,4325376,61468,0.01423,1.03e-04,0.3404,219.0944,0.00000,0.14000,0.00000,10.00000,1200.89400,0.00000,0.74495,0.00000,0.28000,0.15371,2.08023,3.33807,0.77273,0.80000,0.00000,0.00000,0.76656,0.00000,0.00000,0.00000,0.00000,1029.11475,-0.02310,-0.10183,0.24354,-0.02218,0.44552,0.76335,-0.07009,0.53124,-0.03199,-0.03291,0.16400,0.31608,0.35110,2.65367,2.77333,0.87500,0.88136,0.52941,0.75552,0.00000,0.15836,2.75019,2.10615,0.97727,0.96552,1.00000
44,0.0206,4423680,61377,0.01167,1.49e-04,0.3405,189.2393,0.00000,0.13800,0.00000,10.00000,1168.62908,0.00000,0.75926,0.00000,0.27600,0.14847,2.13066,3.55000,0.72222,0.75806,0.00000,0.00000,0.76673,0.00000,0.00000,0.00000,0.00000,1063.55990,-0.02284,-0.10521,0.24729,-0.02175,0.44582,0.76344,-0.06967,0.54423,-0.03556,-0.03305,0.16641,0.31968,0.35127,2.60638,1.89818,0.84444,0.85366,0.50000,0.75635,0.00000,0.15842,2.76468,1.92261,0.96667,0.95082,1.00000
45,0.0211,4521984,61859,0.01643,1.09e-04,0.3406,186.7636,0.00000,0.13600,0.00000,10.00000,1181.37199,0.00000,0.78125,0.00000,0.27200,0.14615,2.14653,3.27220,0.77083,0.84848,0.00000,0.00000,0.77235,0.00000,0.00000,0.00000,0.00000,1039.64591,-0.02268,-0.10279,0.24815,-0.02192,0.44983,0.76913,-0.06982,0.54854,-0.03524,-0.03290,0.16764,0.32072,0.35266,2.53338,1.62667,0.88021,0.92593,0.45833,0.76330,0.00000,0.15873,2.77784,1.98850,0.98958,1.00000,0.91667
46,0.0215,4620288,62036,0.01340,1.31e-04,0.3406,179.8142,0.00000,0.13400,0.00000,10.00000,1179.58497,0.00000,0.80756,0.00000,0.26800,0.14559,2.16077,2.89245,0.71134,0.70833,0.00000,0.00000,0.77485,0.00000,0.00000,0.00000,0.00000,1034.89600,-0.02253,-0.10237,0.25112,-0.02224,0.45275,0.77153,-0.06978,0.55467,-0.03490,-0.03313,0.16966,0.32443,0.35350,2.36254,1.95714,0.84021,0.82979,0.50000,0.76749,0.00000,0.15907,2.81276,1.97781,0.96907,0.95652,1.00000
47,0.0220,4718592,61818,0.02232,1.03e-04,0.3407,166.8195,0.00000,0.13200,0.00000,10.00000,1191.47964,0.00000,0.73184,0.00000,0.26400,0.14475,2.16826,3.33714,0.71154,0.77612,0.00000,0.00000,0.77745,0.00000,0.00000,0.00000,0.00000,1022.24316,-0.02244,-0.10117,0.25111,-0.02179,0.45485,0.77409,-0.06887,0.55524,-0.03162,-0.03302,0.17047,0.32420,0.35412,2.54690,1.91867,0.85096,0.88321,0.48276,0.77059,0.00000,0.15911,2.80851,2.01373,0.99038,0.98571,1.00000
48,0.0224,4816896,61706,0.01470,9.13e-05,0.3407,160.4423,0.00000,0.13000,0.00000,10.00000,1253.55398,0.00000,0.74074,0.00000,0.26000,0.14321,2.16144,3.40947,0.76768,0.78261,0.00000,0.00000,0.77684,0.00000,0.00000,0.00000,0.00000,1007.45247,-0.02260,-0.09975,0.24873,-0.02087,0.45397,0.77350,-0.06883,0.55361,-0.03028,-0.03295,0.16995,0.32139,0.35379,2.60976,1.30000,0.88384,0.88636,0.46667,0.76893,0.00000,0.15844,2.79377,1.95857,1.00000,1.00000,1.00000
49,0.0229,4915200,61474,0.01286,1.16e-04,0.3408,184.1588,0.00000,0.12800,0.00000,10.00000,1209.76051,0.00000,0.77679,0.00000,0.25600,0.14331,2.14282,3.09710,0.77876,0.82927,0.00000,0.00000,0.77262,0.00000,0.00000,0.00000,0.00000,998.21851,-0.02271,-0.09874,0.24794,-0.02152,0.45117,0.76931,-0.06880,0.55117,-0.03060,-0.03284,0.16917,0.32063,0.35308,2.48605,1.65800,0.87168,0.88608,0.47619,0.76540,0.00000,0.15891,2.78340,1.97807,0.96460,0.94737,1.00000
50,0.0233,5013504,61627,0.01421,1.09e-04,0.3408,175.8050,0.00000,0.12600,0.00000,10.00000,1248.29042,0.00000,0.81522,0.00000,0.25200,0.14236,2.12565,3.26979,0.75000,0.70312,0.00000,0.00000,0.76928,0.00000,0.00000,0.00000,0.00000,994.23608,-0.02289,-0.09844,0.24742,-0.02094,0.44820,0.76590,-0.06960,0.54943,-0.02875,-0.03253,0.16887,0.31920,0.35212,2.45008,1.92000,0.87500,0.85926,0.55556,0.76059,0.00000,0.15902,2.78890,1.94316,1.00000,1.00000,1.00000
51,0.0238,5111808,61227,0.01461,1.19e-04,0.3409,167.2767,0.00000,0.12400,0.00000,10.00000,1172.46396,0.00000,0.76389,0.00000,0.24800,0.14012,2.11889,2.94231,0.72500,0.81356,0.00000,0.00000,0.76302,0.00000,0.00000,0.00000,0.00000,996.73006,-0.02290,-0.09865,0.24774,-0.02111,0.44514,0.75985,-0.07001,0.55129,-0.03105,-0.03218,0.16999,0.31916,0.35073,2.35368,1.31867,0.85625,0.89091,0.50000,0.75365,0.00000,0.15937,2.80154,1.86000,0.98750,0.98039,1.00000
52,0.0242,5210112,61388,0.01368,1.03e-04,0.3410,164.8690,0.00000,0.12200,0.00000,10.00000,1223.53335,0.00000,0.88753,0.00000,0.24400,0.14077,2.11711,3.07000,0.86585,0.85507,0.66667,0.00000,0.76355,0.00000,0.00000,0.00000,0.00000,988.05119,-0.02282,-0.09789,0.24949,-0.02065,0.44588,0.76039,-0.07054,0.55530,-0.03417,-0.03215,0.17154,0.32055,0.35106,2.59312,1.91500,0.93293,0.92366,0.80000,0.75531,0.00000,0.15772,2.83554,2.11625,1.00000,1.00000,1.00000
53,0.0247,5308416,61794,0.01450,8.59e-05,0.3411,169.1259,0.00000,0.12000,0.00000,10.00000,1247.28818,0.00000,0.72851,0.00000,0.24000,0.13983,2.11401,3.24703,0.76415,0.80303,0.00000,0.00000,0.76811,0.00000,0.00000,0.00000,0.00000,996.78109,-0.02282,-0.09874,0.24887,-0.02045,0.44849,0.76498,-0.07035,0.55339,-0.03054,-0.03245,0.17121,0.31948,0.35176,2.47761,1.81778,0.87264,0.89209,0.42857,0.75878,0.00000,0.15810,2.83809,1.95825,0.98113,0.97260,1.00000
54,0.0251,5406720,61487,0.01349,9.24e-05,0.3411,163.5375,0.00000,0.11800,0.00000,10.00000,1244.99463,0.00000,0.75810,0.00000,0.23600,0.14241,2.10793,2.72766,0.75000,0.71875,0.14286,0.00000,0.76961,0.00000,0.00000,0.00000,0.00000,998.71623,-0.02288,-0.09892,0.24920,-0.02073,0.45014,0.76644,-0.07040,0.55025,-0.03318,-0.03258,0.17068,0.32020,0.35231,2.25667,1.61555,0.85938,0.84733,0.53333,0.76155,0.00000,0.15859,2.83254,1.95342,0.96875,0.97015,0.87500
55,0.0256,5505024,61500,0.01290,1.11e-04,0.3412,168.0069,0.00000,0.11600,0.00000,10.00000,1232.33162,0.00000,0.79894,0.00000,0.23200,0.14264,2.08612,3.14657,0.80000,0.85897,0.00000,0.00000,0.76957,0.00000,0.00000,0.00000,0.00000,1002.16724,-0.02282,-0.09927,0.24859,-0.02072,0.45063,0.76644,-0.06972,0.54875,-0.03218,-0.03275,0.17062,0.31937,0.35261,2.51655,1.61200,0.88571,0.90728,0.47368,0.76303,0.00000,0.15825,2.83899,1.97210,0.97143,0.95890,1.00000
56,0.0260,5603328,61356,0.01520,8.05e-05,0.3413,186.8131,0.00000,0.11400,0.00000,10.00000,1245.61352,0.00000,0.78333,0.00000,0.22800,0.14318,2.06709,3.20533,0.78000,0.79710,0.00000,0.00000,0.76990,0.00000,0.00000,0.00000,0.00000,1004.72746,-0.02315,-0.09946,0.24729,-0.02094,0.44915,0.76687,-0.07013,0.54362,-0.03275,-0.03279,0.16910,0.31749,0.35223,2.44188,1.58750,0.88000,0.88652,0.50000,0.76116,0.00000,0.15893,2.82313,1.85461,0.98000,0.97222,1.00000
57,0.0265,5701632,60159,0.01387,9.27e-05,0.3414,155.6367,0.00000,0.11200,0.00000,10.00000,1271.04899,0.00000,0.75231,0.00000,0.22400,0.14338,2.06564,2.98291,0.77083,0.77143,0.00000,0.00000,0.76603,0.00000,0.00000,0.00000,0.00000,981.90649,-0.02310,-0.09725,0.24681,-0.02099,0.44705,0.76293,-0.06967,0.54361,-0.03331,-0.03265,0.16910,0.31659,0.35141,2.51289,3.01715,0.88021,0.86923,0.53846,0.75707,0.00000,0.15792,2.81523,2.12121,0.98958,0.98333,1.00000
58,0.0269,5799936,60609,0.01179,1.33e-04,0.3414,164.7519,0.00000,0.11000,0.00000,10.00000,1227.08393,0.00000,0.75132,0.00000,0.22000,0.14092,2.07612,2.91016,0.74286,0.79730,0.00000,0.00000,0.76161,0.00000,0.00000,0.00000,0.00000,968.81274,-0.02320,-0.09602,0.24520,-0.01963,0.44484,0.75863,-0.07011,0.54441,-0.03157,-0.03230,0.16938,0.31469,0.35092,2.34266,1.43555,0.85238,0.87324,0.35000,0.75458,0.00000,0.15758,2.79780,1.84611,0.96190,0.95588,0.87500
59,0.0274,5898240,54523,0.01385,1.09e-04,0.3415,155.4230,0.00000,0.10800,0.00000,10.00000,1184.09224,0.00000,0.83035,0.00000,0.21600,0.13965,2.08757,3.21158,0.77419,0.82090,0.00000,0.00000,0.76029,0.00000,0.00000,0.00000,0.00000,980.76766,-0.02342,-0.09708,0.24474,-0.01987,0.44334,0.75733,-0.07012,0.54369,-0.03082,-0.03217,0.16831,0.31419,0.35054,2.47669,1.71750,0.86559,0.89209,0.41176,0.75270,0.00000,0.15845,2.77073,1.92553,0.95699,0.95833,0.87500
60,0.0279,5996544,53911,0.01287,1.09e-04,0.3416,165.4551,0.00000,0.10600,0.00000,10.00000,1156.30566,0.00000,0.82104,0.00000,0.21200,0.13837,2.09556,3.00059,0.65487,0.65169,0.00000,0.00000,0.75954,0.00000,0.00000,0.00000,0.00000,1002.70052,-0.02349,-0.09914,0.24352,-0.01950,0.44296,0.75658,-0.07012,0.54326,-0.03254,-0.03249,0.16830,0.31313,0.35031,2.33660,1.53111,0.81858,0.80838,0.40000,0.75156,0.00000,0.15863,2.75069,1.80541,0.98230,0.98718,0.85714
61,0.0284,6094848,55930,0.01307,1.31e-04,0.3416,159.4404,0.00000,0.10400,0.00000,10.00000,1244.98109,0.00000,0.75536,0.00000,0.20800,0.13893,2.07734,3.26925,0.80702,0.80769,0.12500,0.00000,0.76063,0.00000,0.00000,0.00000,0.00000,1009.54956,-0.02362,-0.09991,0.24141,-0.01968,0.44313,0.75769,-0.07010,0.53593,-0.02917,-0.03256,0.16677,0.31045,0.35058,2.65269,2.77143,0.88158,0.87097,0.50000,0.75290,0.00000,0.15965,2.72814,2.12308,0.95614,0.93506,1.00000
62,0.0290,6193152,54384,0.01712,1.00e-04,0.3417,173.4773,0.00000,0.10200,0.00000,10.00000,1209.16869,0.00000,0.78231,0.00000,0.20400,0.13651,2.03931,2.94490,0.71429,0.72464,0.00000,0.00000,0.75777,0.00000,0.00000,0.00000,0.00000,1003.39738,-0.02380,-0.09932,0.23978,-0.01956,0.44130,0.75487,-0.07008,0.53323,-0.03002,-0.03230,0.16543,0.30734,0.34957,2.40201,2.16600,0.84694,0.84783,0.47059,0.74786,0.00000,0.15989,2.73230,2.02342,0.97959,0.97101,1.00000
63,0.0295,6291456,55755,0.01336,9.24e-05,0.3418,156.3526,0.00000,0.10000,0.00000,10.00000,1276.05098,0.00000,0.81369,0.00000,0.20000,0.13821,2.02864,3.16031,0.83838,0.82895,0.00000,0.00000,0.75100,0.00000,0.00000,0.00000,0.00000,1017.63647,-0.02379,-0.10064,0.24083,-0.01906,0.43786,0.74803,-0.07022,0.53214,-0.03288,-0.03237,0.16582,0.30826,0.34885,2.53582,2.02000,0.89899,0.88276,0.50000,0.74425,0.00000,0.16031,2.74627,1.94754,0.95960,0.94203,1.00000
64,0.0299,6389760,56397,0.01397,9.24e-05,0.3418,184.8411,0.00000,0.09800,0.00000,10.00000,1216.88134,0.00000,0.75163,0.00000,0.19600,0.13984,2.01055,3.14923,0.70588,0.71154,0.00000,0.00000,0.74911,0.00000,0.00000,0.00000,0.00000,994.71232,-0.02382,-0.09846,0.24016,-0.01886,0.43685,0.74611,-0.07127,0.52973,-0.03200,-0.03220,0.16531,0.30732,0.34845,2.34782,1.64000,0.84118,0.85217,0.47368,0.74227,0.00000,0.15936,2.75917,1.90760,0.97647,0.96825,1.00000
65,0.0304,6488064,55763,0.01261,1.33e-04,0.3419,149.3661,0.00000,0.09600,0.00000,10.00000,1283.05610,0.00000,0.72695,0.00000,0.19200,0.13908,2.02698,2.76578,0.76596,0.77358,0.09091,0.00000,0.75053,0.00000,0.00000,0.00000,0.00000,1005.36051,-0.02367,-0.09946,0.24303,-0.01940,0.43749,0.74746,-0.07144,0.53679,-0.03098,-0.03204,0.16723,0.31065,0.34821,2.23122,2.06923,0.87234,0.88618,0.52381,0.74105,0.00000,0.15895,2.79015,1.92282,0.97872,0.97143,1.00000
66,0.0309,6586368,55117,0.01588,8.35e-05,0.3420,147.9392,0.00000,0.09400,0.00000,10.00000,1228.21838,0.00000,0.71895,0.00000,0.18800,0.13948,2.01080,3.53200,0.78824,0.84483,0.18182,0.00000,0.75316,0.00000,0.00000,0.00000,0.00000,1006.22925,-0.02362,-0.09969,0.24211,-0.01949,0.44039,0.75019,-0.07183,0.53305,-0.02844,-0.03221,0.16733,0.30979,0.34898,2.73043,2.73500,0.89412,0.91818,0.52632,0.74489,0.00000,0.15999,2.80061,1.99567,1.00000,1.00000,1.00000
67,0.0314,6684672,55687,0.01335,8.59e-05,0.3421,146.5194,0.00000,0.09200,0.00000,10.00000,1110.80423,0.00000,0.87146,0.00000,0.18400,0.13971,2.01674,3.64085,0.74510,0.76471,0.00000,0.00000,0.75903,0.00000,0.00000,0.00000,0.00000,1006.98722,-0.02342,-0.09973,0.24379,-0.01944,0.44313,0.75603,-0.07163,0.53695,-0.03265,-0.03233,0.16901,0.31196,0.35005,2.85315,2.15600,0.83824,0.83125,0.40000,0.75026,0.00000,0.15976,2.83108,2.09781,0.93137,0.90667,1.00000
68,0.0319,6782976,59074,0.01189,1.09e-04,0.3422,160.6017,0.00000,0.09000,0.00000,10.00000,1243.78878,0.00000,0.70437,0.00000,0.18000,0.14307,2.00585,2.90892,0.75000,0.83562,0.05882,0.00000,0.76107,0.00000,0.00000,0.00000,0.00000,985.58960,-0.02346,-0.09762,0.24339,-0.01965,0.44512,0.75803,-0.07111,0.53601,-0.03263,-0.03246,0.16919,0.31225,0.35102,2.31103,1.91733,0.86607,0.90141,0.46667,0.75511,0.00000,0.15840,2.83262,1.82525,0.98214,0.97101,1.00000
69,0.0324,6881280,59452,0.01439,1.11e-04,0.3422,166.8278,0.00000,0.08800,0.00000,10.00000,1222.84392,0.00000,0.73477,0.00000,0.17600,0.14065,2.01881,3.18727,0.69892,0.69355,0.00000,0.00000,0.75883,0.00000,0.00000,0.00000,0.00000,976.76440,-0.02361,-0.09671,0.24297,-0.01968,0.44382,0.75570,-0.07031,0.53862,-0.02848,-0.03238,0.16876,0.31219,0.35047,2.40594,1.62286,0.84409,0.83740,0.43750,0.75235,0.00000,0.15854,2.82357,1.89283,0.98925,0.98361,1.00000
70,0.0328,6979584,59403,0.01559,1.00e-04,0.3423,170.2167,0.00000,0.08600,0.00000,10.00000,1229.73186,0.00000,0.78869,0.00000,0.17200,0.13966,2.01839,3.14137,0.75893,0.80460,0.00000,0.00000,0.75839,0.00000,0.00000,0.00000,0.00000,960.76978,-0.02364,-0.09523,0.24057,-0.01861,0.44372,0.75529,-0.06939,0.53712,-0.02936,-0.03232,0.16773,0.30906,0.35044,2.43072,1.72000,0.87500,0.88679,0.47368,0.75221,0.00000,0.15730,2.79375,1.78225,0.99107,0.98611,1.00000
71,0.0333,7077888,59056,0.01302,1.31e-04,0.3424,155.1964,0.00000,0.08400,0.00000,10.00000,1202.22982,0.00000,0.84860,0.00000,0.16800,0.13910,2.00865,3.37233,0.75824,0.76712,0.16667,0.00000,0.75324,0.00000,0.00000,0.00000,0.00000,970.35034,-0.02370,-0.09614,0.23984,-0.01815,0.43990,0.75019,-0.06984,0.53678,-0.03160,-0.03220,0.16798,0.30767,0.34911,2.54822,2.57333,0.86813,0.86331,0.50000,0.74554,0.00000,0.15626,2.78760,1.83159,0.97802,0.96970,1.00000
72,0.0338,7176192,57869,0.01626,8.59e-05,0.3425,152.8653,0.00000,0.08200,0.00000,10.00000,1287.24219,0.00000,0.74306,0.00000,0.16400,0.13849,2.02790,2.96286,0.77500,0.77778,0.14286,0.00000,0.74937,0.00000,0.00000,0.00000,0.00000,984.40259,-0.02369,-0.09745,0.24086,-0.01833,0.43712,0.74633,-0.07080,0.54025,-0.02976,-0.03206,0.16886,0.30860,0.34868,2.42849,1.87555,0.87500,0.86916,0.53846,0.74340,0.00000,0.15565,2.79095,1.96912,0.97500,0.96226,1.00000
73,0.0343,7274496,59129,0.01192,1.00e-04,0.3425,149.2801,0.00000,0.08000,0.00000,10.00000,1187.63953,0.00000,0.82041,0.00000,0.16000,0.13591,2.03535,3.36036,0.74419,0.72857,0.25000,0.00000,0.74985,0.00000,0.00000,0.00000,0.00000,998.18351,-0.02347,-0.09885,0.24225,-0.01841,0.43657,0.74677,-0.07089,0.54398,-0.03388,-0.03226,0.16963,0.30976,0.34834,2.82852,1.43500,0.87209,0.85039,0.50000,0.74172,0.00000,0.15626,2.80369,2.32373,1.00000,1.00000,1.00000
74,0.0347,7372800,58541,0.01313,1.11e-04,0.3426,152.9941,0.00000,0.07800,0.00000,10.00000,1216.57302,0.00000,0.77991,0.00000,0.15600,0.13472,2.02233,3.12872,0.70192,0.72603,0.00000,0.00000,0.75699,0.00000,0.00000,0.00000,0.00000,989.18880,-0.02352,-0.09810,0.24150,-0.01839,0.44070,0.75393,-0.07111,0.54162,-0.02936,-0.03227,0.16898,0.30867,0.34941,2.41449,2.07818,0.85096,0.86301,0.47619,0.74707,0.00000,0.15720,2.81273,1.94120,1.00000,1.00000,1.00000
75,0.0352,7471104,58836,0.01448,9.96e-05,0.3427,147.6357,0.00000,0.07600,0.00000,10.00000,1207.61266,0.00000,0.80000,0.00000,0.15200,0.13697,2.00517,3.21739,0.79000,0.83750,0.00000,0.00000,0.75811,0.00000,0.00000,0.00000,0.00000,1011.31462,-0.02362,-0.10015,0.24170,-0.01892,0.44154,0.75508,-0.07081,0.53848,-0.03210,-0.03242,0.16866,0.30887,0.34938,2.58425,1.82000,0.89000,0.90278,0.50000,0.74692,0.00000,0.15760,2.81703,1.97750,0.99000,0.98438,1.00000
76,0.0357,7569408,58766,0.01386,9.12e-05,0.3427,150.4282,0.00000,0.07400,0.00000,10.00000,1153.35833,0.00000,0.77778,0.00000,0.14800,0.13642,1.99000,3.37387,0.68571,0.69333,0.00000,0.00000,0.75701,0.00000,0.00000,0.00000,0.00000,995.41634,-0.02370,-0.09861,0.24144,-0.01857,0.44062,0.75399,-0.07053,0.53855,-0.03200,-0.03233,0.16845,0.30823,0.34927,2.65944,1.71846,0.82857,0.82313,0.52381,0.74634,0.00000,0.15713,2.82680,2.11259,0.97143,0.95833,1.00000
77,0.0361,7667712,58508,0.01424,8.05e-05,0.3428,176.0418,0.00000,0.07200,0.00000,10.00000,1224.38892,0.00000,0.76458,0.00000,0.14400,0.13756,1.97503,3.11132,0.70297,0.69014,0.00000,0.00000,0.75563,0.00000,0.00000,0.00000,0.00000,983.28963,-0.02381,-0.09747,0.24091,-0.01801,0.43937,0.75267,-0.07043,0.53817,-0.03304,-0.03221,0.16895,0.30742,0.34885,2.47449,2.75428,0.84653,0.83453,0.46667,0.74424,0.00000,0.15551,2.83002,2.01838,0.99010,0.98529,1.00000
78,0.0366,7766016,58942,0.01161,8.35e-05,0.3429,184.9971,0.00000,0.07000,0.00000,10.00000,1191.01818,0.00000,0.80499,0.00000,0.14000,0.13721,1.97062,3.21019,0.72449,0.69118,0.14286,0.00000,0.75447,0.00000,0.00000,0.00000,0.00000,987.14299,-0.02372,-0.09779,0.23922,-0.01755,0.43871,0.75154,-0.07079,0.53487,-0.02940,-0.03226,0.16784,0.30555,0.34902,2.59437,3.26333,0.85204,0.83803,0.50000,0.74510,0.00000,0.15573,2.81436,2.18649,0.97959,0.97297,1.00000
79,0.0371,7864320,58642,0.01362,9.66e-05,0.3430,136.9567,0.00000,0.06800,0.00000,10.00000,1199.79922,0.00000,0.77778,0.00000,0.13600,0.13702,1.94637,3.03931,0.72000,0.76056,0.00000,0.00000,0.74978,0.00000,0.00000,0.00000,0.00000,1005.79736,-0.02390,-0.09957,0.23926,-0.01777,0.43636,0.74683,-0.07145,0.53239,-0.03206,-0.03225,0.16785,0.30498,0.34819,2.44940,1.49091,0.84000,0.85714,0.40000,0.74095,0.00000,0.15642,2.82463,1.99921,0.96000,0.95652,0.88889
80,0.0376,7962624,58669,0.01233,1.11e-04,0.3431,160.6539,0.00000,0.06600,0.00000,10.00000,1184.23906,0.00000,0.76023,0.00000,0.13200,0.13434,1.92462,3.12127,0.64211,0.62121,0.00000,0.00000,0.74728,0.00000,0.00000,0.00000,0.00000,1015.27043,-0.02410,-0.10039,0.23723,-0.01708,0.43487,0.74431,-0.07227,0.53344,-0.03192,-0.03216,0.16709,0.30293,0.34747,2.44940,1.51000,0.80000,0.77692,0.47059,0.73733,0.00000,0.15557,2.83010,1.99828,0.95789,0.93750,1.00000
81,0.0380,8060928,58524,0.01425,1.31e-04,0.3432,161.0860,0.00000,0.06400,0.00000,10.00000,1165.07732,0.00000,0.83593,0.00000,0.12800,0.13735,1.90221,3.30857,0.74766,0.77215,0.00000,0.00000,0.74789,0.00000,0.00000,0.00000,0.00000,1002.26082,-0.02415,-0.09916,0.23609,-0.01737,0.43425,0.74498,-0.07164,0.52943,-0.03393,-0.03235,0.16598,0.30131,0.34761,2.66653,2.20286,0.84112,0.85093,0.41176,0.73805,0.00000,0.15417,2.82356,2.18500,0.93458,0.92683,0.87500
82,0.0385,8159232,58703,0.01540,1.04e-04,0.3433,174.5628,0.00000,0.06200,0.00000,10.00000,1213.88143,0.00000,0.82885,0.00000,0.12400,0.13991,1.86146,3.33146,0.78226,0.79798,0.00000,0.00000,0.74493,0.00000,0.00000,0.00000,0.00000,990.93262,-0.02432,-0.09810,0.23278,-0.01778,0.43324,0.74205,-0.07227,0.51877,-0.03179,-0.03244,0.16333,0.29754,0.34686,2.63041,2.84500,0.87903,0.87568,0.36364,0.73431,0.00000,0.15455,2.79763,1.96965,0.97581,0.96512,1.00000
83,0.0390,8257536,58437,0.01331,1.03e-04,0.3433,165.5586,0.00000,0.06000,0.00000,10.00000,1183.75316,0.00000,0.82397,0.00000,0.12000,0.13762,1.82496,3.09447,0.66292,0.64706,0.00000,0.00000,0.73766,0.00000,0.00000,0.00000,0.00000,985.39388,-0.02468,-0.09753,0.22877,-0.01658,0.42966,0.73486,-0.07227,0.51344,-0.03356,-0.03205,0.16091,0.29258,0.34596,2.36898,1.74250,0.83146,0.81818,0.53846,0.72980,0.00000,0.15428,2.76775,1.88873,1.00000,1.00000,1.00000
84,0.0395,8355840,58156,0.01748,8.67e-05,0.3434,164.0413,0.00000,0.05800,0.00000,10.00000,1277.74712,0.00000,0.75536,0.00000,0.11600,0.13343,1.78833,3.44428,0.73684,0.69231,0.00000,0.00000,0.73016,0.00000,0.00000,0.00000,0.00000,1005.88110,-0.02488,-0.09958,0.22608,-0.01661,0.42430,0.72741,-0.07288,0.51096,-0.03434,-0.03193,0.15968,0.28906,0.34431,2.42949,2.02000,0.86404,0.83871,0.45455,0.72153,0.00000,0.15442,2.77319,1.72790,0.99123,0.98701,1.00000
85,0.0399,8454144,58844,0.01226,8.59e-05,0.3435,179.5914,0.00000,0.05600,0.00000,10.00000,1163.57644,0.00000,0.72823,0.00000,0.11200,0.13611,1.76201,3.57789,0.66216,0.66038,0.12500,0.00000,0.72885,0.00000,0.00000,0.00000,0.00000,1012.42407,-0.02514,-0.10022,0.22466,-0.01658,0.42120,0.72615,-0.07401,0.50446,-0.03444,-0.03174,0.15922,0.28719,0.34309,2.64879,1.94727,0.81081,0.79381,0.55556,0.71546,0.00000,0.15417,2.77779,1.98264,0.95946,0.95455,0.90000
86,0.0404,8552448,57978,0.01408,1.04e-04,0.3435,152.7198,0.00000,0.05400,0.00000,10.00000,1169.01922,0.00000,0.80524,0.00000,0.10800,0.14073,1.76847,2.71750,0.64045,0.65714,0.00000,0.00000,0.72758,0.00000,0.00000,0.00000,0.00000,1006.48079,-0.02495,-0.09969,0.22639,-0.01640,0.42167,0.72494,-0.07430,0.50378,-0.03337,-0.03186,0.16108,0.28935,0.34321,2.34847,1.62000,0.80337,0.79845,0.35714,0.71604,0.00000,0.15384,2.79584,2.06730,0.96629,0.96610,0.83333
87,0.0409,8650752,58284,0.01164,1.38e-04,0.3436,162.5772,0.00000,0.05200,0.00000,10.00000,1133.05175,0.00000,0.75163,0.00000,0.10400,0.13559,1.76387,3.38650,0.67059,0.68421,0.09091,0.00000,0.72783,0.00000,0.00000,0.00000,0.00000,1020.10791,-0.02487,-0.10106,0.22694,-0.01648,0.42280,0.72526,-0.07478,0.50822,-0.03490,-0.03195,0.16097,0.28973,0.34352,2.57009,2.56000,0.80588,0.80000,0.56522,0.71758,0.00000,0.15472,2.80186,2.08269,0.94118,0.91379,1.00000
88,0.0413,8749056,58996,0.01246,1.50e-04,0.3437,144.8779,0.00000,0.05000,0.00000,10.00000,1157.52702,0.00000,0.84112,0.00000,0.10000,0.13794,1.74793,3.40931,0.65421,0.61905,0.00000,0.00000,0.72935,0.00000,0.00000,0.00000,0.00000,1013.94393,-0.02488,-0.10031,0.22666,-0.01685,0.42501,0.72675,-0.07484,0.50685,-0.03329,-0.03192,0.16017,0.28947,0.34414,2.54865,1.25333,0.82243,0.79630,0.50000,0.72068,0.00000,0.15397,2.82167,1.94723,0.99065,0.98718,1.00000
89,0.0418,8847360,58308,0.01523,1.24e-04,0.3438,160.9115,0.00000,0.04800,0.00000,10.00000,1134.94768,0.00000,0.72421,0.00000,0.09600,0.13840,1.73767,3.81333,0.61607,0.59459,0.07143,0.00000,0.73198,0.00000,0.00000,0.00000,0.00000,1001.18009,-0.02486,-0.09913,0.22639,-0.01686,0.42637,0.72936,-0.07515,0.50701,-0.03260,-0.03196,0.15991,0.28949,0.34469,2.67136,2.36375,0.79018,0.77397,0.51724,0.72344,0.00000,0.15367,2.82930,2.01881,0.96429,0.95833,0.93333
90,0.0423,8945664,58330,0.01354,1.38e-04,0.3439,152.4240,0.00000,0.04600,0.00000,10.00000,1175.50642,0.00000,0.83608,0.00000,0.09200,0.14138,1.72616,3.29643,0.70297,0.68831,0.14286,0.00000,0.73065,0.00000,0.00000,0.00000,0.00000,994.29728,-0.02486,-0.09847,0.22693,-0.01661,0.42518,0.72808,-0.07399,0.50405,-0.03487,-0.03178,0.16070,0.29036,0.34440,2.47541,1.80250,0.84158,0.82895,0.53846,0.72202,0.00000,0.15443,2.83520,1.89342,0.98020,0.97333,1.00000
91,0.0428,9043968,58037,0.01374,1.39e-04,0.3440,142.2458,0.00000,0.04400,0.00000,10.00000,1131.75248,0.00000,0.80858,0.00000,0.08800,0.13957,1.70728,3.27846,0.53465,0.45333,0.00000,0.00000,0.73136,0.00000,0.00000,0.00000,0.00000,990.47786,-0.02502,-0.09806,0.22488,-0.01675,0.42455,0.72880,-0.07359,0.49832,-0.03614,-0.03202,0.15867,0.28714,0.34425,2.32155,2.14333,0.76238,0.71429,0.50000,0.72127,0.00000,0.15519,2.80677,1.83688,0.99010,0.98611,1.00000
92,0.0432,9142272,59006,0.01617,1.16e-04,0.3441,139.3378,0.00000,0.04200,0.00000,10.00000,1140.18759,0.00000,0.81481,0.00000,0.08400,0.13878,1.71232,3.38381,0.60000,0.57353,0.00000,0.00000,0.72517,0.00000,0.00000,0.00000,0.00000,992.00863,-0.02506,-0.09819,0.22491,-0.01609,0.42103,0.72263,-0.07458,0.50175,-0.03573,-0.03167,0.15902,0.28692,0.34281,2.42491,2.61250,0.80000,0.78030,0.53333,0.71405,0.00000,0.15344,2.80448,1.86555,1.00000,1.00000,1.00000
93,0.0437,9240576,58927,0.01503,1.31e-04,0.3442,134.7795,0.00000,0.04000,0.00000,10.00000,1234.17583,0.00000,0.76132,0.00000,0.08000,0.13550,1.71512,4.10588,0.66667,0.58929,0.00000,0.00000,0.72044,0.00000,0.00000,0.00000,0.00000,990.66821,-0.02505,-0.09804,0.22432,-0.01564,0.41829,0.71793,-0.07492,0.50414,-0.03216,-0.03135,0.15905,0.28579,0.34206,2.79978,2.09500,0.83333,0.79279,0.50000,0.71029,0.00000,0.15267,2.81599,2.04712,1.00000,1.00000,1.00000
94,0.0442,9338880,58029,0.01465,1.16e-04,0.3443,138.2848,0.00000,0.03800,0.00000,10.00000,1080.93436,0.00000,0.81098,0.00000,0.07600,0.13466,1.69887,3.23143,0.52874,0.49254,0.00000,0.00000,0.71998,0.00000,0.00000,0.00000,0.00000,1007.69124,-0.02506,-0.09980,0.22401,-0.01579,0.41818,0.71752,-0.07564,0.50441,-0.03292,-0.03172,0.15907,0.28501,0.34246,2.43714,2.16667,0.74138,0.70866,0.38462,0.71229,0.00000,0.15177,2.83197,1.99587,0.95402,0.95000,0.83333
95,0.0447,9437184,58346,0.01244,1.33e-04,0.3444,148.7377,0.00000,0.03600,0.00000,10.00000,1152.79324,0.00000,0.84708,0.00000,0.07200,0.13447,1.66586,3.05957,0.58416,0.52564,0.16667,0.00000,0.72264,0.00000,0.00000,0.00000,0.00000,1015.72257,-0.02522,-0.10053,0.22301,-0.01589,0.41978,0.72025,-0.07528,0.49878,-0.03216,-0.03167,0.15836,0.28382,0.34241,2.35736,2.09500,0.78713,0.75325,0.61538,0.71203,0.00000,0.15341,2.83493,1.95488,0.99010,0.98684,1.00000
96,0.0451,9535488,57824,0.01531,1.11e-04,0.3444,135.5553,0.00000,0.03400,0.00000,10.00000,1128.88130,0.00000,0.73696,0.00000,0.06800,0.13427,1.65144,3.57892,0.52041,0.47222,0.00000,0.00000,0.72277,0.00000,0.00000,0.00000,0.00000,1000.87020,-0.02525,-0.09912,0.22229,-0.01546,0.41978,0.72054,-0.07600,0.49812,-0.03298,-0.03158,0.15881,0.28376,0.34259,2.52812,1.70750,0.75000,0.69231,0.47059,0.71295,0.00000,0.15378,2.86052,1.92062,0.97959,0.96552,1.00000
97,0.0456,9633792,59144,0.01853,8.67e-05,0.3445,130.0097,0.00000,0.03200,0.00000,10.00000,1192.53942,0.00000,0.72375,0.00000,0.06400,0.13419,1.63094,3.05100,0.60550,0.50725,0.00000,0.00000,0.72388,0.00000,0.00000,0.00000,0.00000,993.43213,-0.02519,-0.09843,0.22224,-0.01562,0.41980,0.72167,-0.07531,0.49730,-0.03275,-0.03166,0.15776,0.28358,0.34264,2.36229,2.13833,0.78899,0.73944,0.57143,0.71321,0.00000,0.15346,2.86948,2.02634,0.97248,0.95890,1.00000
98,0.0461,9732096,58631,0.01399,7.16e-05,0.3446,150.6973,0.00000,0.03200,0.00000,10.00000,1134.05052,0.00000,0.76052,0.00000,0.06400,0.13511,1.60110,3.88619,0.59223,0.54167,0.00000,0.00000,0.71889,0.00000,0.00000,0.00000,0.00000,977.15007,-0.02553,-0.09675,0.22011,-0.01529,0.41726,0.71675,-0.07526,0.49395,-0.03260,-0.03148,0.15735,0.28075,0.34139,2.65374,1.86750,0.78155,0.74468,0.43750,0.70695,0.00000,0.15213,2.85874,1.94466,0.97087,0.95652,1.00000
99,0.0466,9830400,58093,0.01037,9.66e-05,0.3446,153.3846,0.00000,0.03200,0.00000,10.00000,1076.85850,0.00000,0.80499,0.00000,0.06400,0.13169,1.55725,3.36000,0.54082,0.52000,0.00000,0.00000,0.71142,0.00000,0.00000,0.00000,0.00000,967.29289,-0.02564,-0.09582,0.21733,-0.01503,0.41385,0.70929,-0.07546,0.49110,-0.03367,-0.03128,0.15550,0.27723,0.34018,2.62053,1.76800,0.75510,0.73239,0.33333,0.70089,0.00000,0.15163,2.84974,2.18310,0.96939,0.97015,0.83333
100,0.0471,9928704,57865,0.01349,1.15e-04,0.3447,123.1519,0.00000,0.03200,0.00000,10.00000,1186.82402,0.00000,0.73513,0.00000,0.06400,0.13145,1.53112,3.60513,0.62626,0.54545,0.12500,0.00000,0.70612,0.00000,0.00000,0.00000,0.00000,968.73560,-0.02594,-0.09591,0.21532,-0.01462,0.41055,0.70406,-0.07666,0.48909,-0.03261,-0.03126,0.15439,0.27449,0.33989,2.45428,1.73600,0.80808,0.76336,0.58824,0.69945,0.00000,0.14995,2.84758,1.83945,0.98990,0.98462,1.00000
101,0.0475,10027008,58605,0.01548,8.67e-05,0.3448,133.9669,0.00000,0.03200,0.00000,10.00000,1151.61507,0.00000,0.78704,0.00000,0.06400,0.13443,1.48668,3.54465,0.62500,0.57971,0.00000,0.00000,0.70203,0.00000,0.00000,0.00000,0.00000,984.47770,-0.02616,-0.09739,0.21238,-0.01396,0.40732,0.70004,-0.07696,0.48032,-0.03376,-0.03105,0.15264,0.27054,0.33862,2.65196,1.91400,0.80729,0.77941,0.53333,0.69309,0.00000,0.14934,2.83685,2.13324,0.98958,0.98507,1.00000
102,0.0480,10125312,58622,0.01040,1.25e-04,0.3449,145.0741,0.00000,0.03200,0.00000,10.00000,1136.13952,0.00000,0.74423,0.00000,0.06400,0.13658,1.45270,3.34182,0.54717,0.51899,0.00000,0.00000,0.69999,0.00000,0.00000,0.00000,0.00000,1007.39111,-0.02635,-0.09975,0.20977,-0.01458,0.40553,0.69800,-0.07727,0.47052,-0.03523,-0.03129,0.15022,0.26684,0.33770,2.47441,1.71333,0.77358,0.73239,0.52381,0.68849,0.00000,0.15012,2.80975,1.95865,1.00000,1.00000,1.00000
103,0.0485,10223616,58494,0.01067,1.80e-04,0.3450,144.1785,0.00000,0.03200,0.00000,10.00000,1052.49373,0.00000,0.85739,0.00000,0.06400,0.13426,1.42518,3.40075,0.49606,0.43434,0.20000,0.00000,0.70149,0.00000,0.00000,0.00000,0.00000,1009.38167,-0.02658,-0.10004,0.20719,-0.01489,0.40550,0.69966,-0.07659,0.46527,-0.03526,-0.03161,0.14809,0.26330,0.33759,2.51688,2.40363,0.73622,0.69898,0.52941,0.68797,0.00000,0.15046,2.78459,2.05307,0.97638,0.96907,1.00000
104,0.0489,10321920,58918,0.01604,1.56e-04,0.3451,159.8820,0.00000,0.03200,0.00000,10.00000,1125.44867,0.00000,0.84625,0.00000,0.06400,0.13303,1.41354,2.97200,0.52326,0.43939,0.00000,0.00000,0.69805,0.00000,0.00000,0.00000,0.00000,993.52311,-0.02674,-0.09844,0.20692,-0.01459,0.40189,0.69622,-0.07719,0.46469,-0.03400,-0.03103,0.14756,0.26286,0.33672,2.32959,2.74666,0.76163,0.71756,0.42857,0.68359,0.00000,0.15061,2.79433,2.04618,1.00000,1.00000,1.00000
105,0.0494,10420224,56943,0.01010,2.24e-04,0.3451,131.0876,0.00000,0.03200,0.00000,10.00000,1115.25180,0.00000,0.80662,0.00000,0.06400,0.13240,1.39618,3.70074,0.49038,0.34667,0.20000,0.00000,0.69147,0.00000,0.00000,0.00000,0.00000,1013.89486,-0.02667,-0.10029,0.20669,-0.01461,0.39947,0.68973,-0.07759,0.46476,-0.03765,-0.03130,0.14702,0.26280,0.33591,2.35679,3.38000,0.73077,0.65563,0.60000,0.67954,0.00000,0.15053,2.79616,1.89747,0.97115,0.96053,1.00000
106,0.0499,10518528,58797,0.01401,1.66e-04,0.3452,170.8416,0.00000,0.03200,0.00000,10.00000,1078.60377,0.00000,0.71225,0.00000,0.06400,0.13553,1.39768,3.19120,0.46154,0.38462,0.16667,0.00000,0.69456,0.00000,0.00000,0.00000,0.00000,1019.23275,-0.02652,-0.10088,0.20838,-0.01554,0.40088,0.69278,-0.07805,0.46677,-0.03681,-0.03116,0.14797,0.26577,0.33673,2.29275,2.42909,0.71795,0.66000,0.52381,0.68365,0.00000,0.15089,2.83811,1.88436,0.97436,0.95833,1.00000
107,0.0504,10616832,58533,0.01140,1.72e-04,0.3452,141.5327,0.00000,0.03200,0.00000,10.00000,1111.41824,0.00000,0.77008,0.00000,0.06400,0.13560,1.41344,3.24727,0.52475,0.44286,0.10000,0.00000,0.69763,0.00000,0.00000,0.00000,0.00000,1022.68709,-0.02631,-0.10129,0.21044,-0.01495,0.40275,0.69582,-0.07821,0.47230,-0.03800,-0.03130,0.15020,0.26837,0.33701,2.49794,2.12000,0.74257,0.69286,0.47059,0.68504,0.00000,0.15029,2.86870,2.16378,0.96040,0.94286,1.00000
108,0.0508,10715136,58153,0.01237,2.48e-04,0.3453,134.4781,0.00000,0.03200,0.00000,10.00000,1009.81213,0.00000,0.80688,0.00000,0.06400,0.13794,1.43128,3.47739,0.39286,0.32258,0.00000,0.00000,0.70336,0.00000,0.00000,0.00000,0.00000,1012.99080,-0.02624,-0.10037,0.21131,-0.01520,0.40522,0.70158,-0.07867,0.47579,-0.03608,-0.03131,0.15137,0.26969,0.33792,2.31099,1.81333,0.67262,0.63115,0.47368,0.68958,0.00000,0.14852,2.87677,1.91647,0.95238,0.95000,0.90000
109,0.0513,10813440,58640,0.01552,1.80e-04,0.3454,150.0081,0.00000,0.03200,0.00000,10.00000,1093.23908,0.00000,0.75512,0.00000,0.06400,0.13867,1.43624,3.43280,0.43689,0.29730,0.25000,0.00000,0.70491,0.00000,0.00000,0.00000,0.00000,1002.74609,-0.02612,-0.09943,0.21182,-0.01501,0.40651,0.70313,-0.07804,0.47782,-0.03564,-0.03149,0.15168,0.27069,0.33762,2.21898,1.70200,0.71359,0.62143,0.62500,0.68809,0.00000,0.14784,2.88132,1.80329,0.99029,0.98485,1.00000
110,0.0518,10911744,58485,0.01329,2.06e-04,0.3455,172.0370,0.00000,0.03200,0.00000,10.00000,1132.65640,0.00000,0.69312,0.00000,0.06400,0.13372,1.42370,3.62125,0.49524,0.36923,0.20000,0.00000,0.70532,0.00000,0.00000,0.00000,0.00000,1023.52995,-0.02630,-0.10137,0.20985,-0.01507,0.40713,0.70355,-0.07759,0.47593,-0.03844,-0.03159,0.14998,0.26792,0.33798,2.43369,2.37000,0.74762,0.68702,0.57143,0.68988,0.00000,0.14843,2.85598,1.95266,1.00000,1.00000,1.00000
111,0.0523,11010048,58451,0.01382,1.66e-04,0.3456,161.5582,0.00000,0.03200,0.00000,10.00000,1046.01321,0.00000,0.85054,0.00000,0.06400,0.13783,1.42878,3.35767,0.44248,0.41304,0.10000,0.00000,0.70434,0.00000,0.00000,0.00000,0.00000,1012.72754,-0.02632,-0.10033,0.21006,-0.01474,0.40714,0.70266,-0.07770,0.47596,-0.03820,-0.03166,0.15003,0.26853,0.33812,2.31323,2.46500,0.71681,0.68208,0.47059,0.69060,0.00000,0.14732,2.86400,1.79701,0.99115,0.98765,1.00000
112,0.0527,11108352,58987,0.01249,1.58e-04,0.3457,171.0371,0.00000,0.03200,0.00000,10.00000,1064.16585,0.00000,0.82126,0.00000,0.06400,0.14070,1.40961,3.24600,0.44565,0.34286,0.16667,0.00000,0.70627,0.00000,0.00000,0.00000,0.00000,1044.44751,-0.02634,-0.10336,0.20951,-0.01582,0.40840,0.70460,-0.07727,0.47003,-0.04166,-0.03176,0.14899,0.26780,0.33856,2.43258,2.76571,0.70652,0.63971,0.50000,0.69279,0.00000,0.14857,2.84697,2.06836,0.96739,0.95455,1.00000
113,0.0532,11206656,58816,0.01270,2.06e-04,0.3458,153.6054,0.00000,0.03200,0.00000,10.00000,1127.08292,0.00000,0.77652,0.00000,0.06400,0.14149,1.43758,3.72285,0.51136,0.38983,0.12500,0.00000,0.70516,0.00000,0.00000,0.00000,0.00000,1021.11117,-0.02622,-0.10105,0.21050,-0.01532,0.40734,0.70345,-0.07758,0.47348,-0.03608,-0.03171,0.14997,0.26949,0.33845,2.40918,2.41555,0.75000,0.69919,0.53333,0.69225,0.00000,0.14792,2.86175,1.88371,0.98864,0.98438,1.00000
114,0.0537,11304960,57250,0.01398,2.00e-04,0.3459,142.6574,0.00000,0.03200,0.00000,10.00000,1035.90085,0.00000,0.87791,0.00000,0.06400,0.14043,1.46848,3.42320,0.41975,0.33333,0.00000,0.00000,0.70212,0.00000,0.00000,0.00000,0.00000,1019.68856,-0.02599,-0.10102,0.21310,-0.01493,0.40584,0.70044,-0.07828,0.48294,-0.03636,-0.03145,0.15253,0.27219,0.33765,2.36064,2.13333,0.69753,0.66406,0.33333,0.68823,0.00000,0.14572,2.87514,1.97000,0.97531,0.98462,0.75000
115,0.0542,11403264,57753,0.01519,1.50e-04,0.3461,150.5713,0.00000,0.03200,0.00000,10.00000,1063.97978,0.00000,0.79611,0.00000,0.06400,0.13966,1.48931,4.48242,0.50515,0.43662,0.11111,0.00000,0.70560,0.00000,0.00000,0.00000,0.00000,1024.75887,-0.02594,-0.10146,0.21450,-0.01517,0.40733,0.70389,-0.07810,0.48841,-0.03773,-0.03157,0.15402,0.27348,0.33816,2.80321,1.81250,0.74742,0.70504,0.46667,0.69079,0.00000,0.14431,2.88135,2.04411,0.98969,0.98529,1.00000
116,0.0546,11501568,57898,0.01245,1.99e-04,0.3461,149.8341,0.00000,0.03200,0.00000,10.00000,1045.50143,0.00000,0.83632,0.00000,0.06400,0.13682,1.50578,3.60207,0.41935,0.35065,0.20000,0.00000,0.71229,0.00000,0.00000,0.00000,0.00000,1012.44718,-0.02587,-0.10026,0.21469,-0.01572,0.41124,0.71051,-0.07739,0.48974,-0.03762,-0.03172,0.15303,0.27352,0.33988,2.42926,3.19200,0.70430,0.63571,0.55556,0.69939,0.00000,0.14492,2.86546,1.91394,0.98925,0.98413,1.00000
117,0.0551,11599872,58383,0.01259,2.06e-04,0.3462,146.6561,0.00000,0.03200,0.00000,10.00000,1155.26287,0.00000,0.72487,0.00000,0.06400,0.13719,1.51935,3.23278,0.53333,0.45070,0.09091,0.00000,0.71037,0.00000,0.00000,0.00000,0.00000,1000.75366,-0.02566,-0.09919,0.21661,-0.01632,0.41112,0.70851,-0.07684,0.49313,-0.03579,-0.03161,0.15385,0.27568,0.33916,2.29982,1.52667,0.76190,0.70803,0.52381,0.69580,0.00000,0.14498,2.87579,1.85200,0.99048,0.98485,1.00000
118,0.0556,11698176,58433,0.01467,2.31e-04,0.3464,156.5444,0.00000,0.03200,0.00000,10.00000,1055.43195,0.00000,0.81667,0.00000,0.06400,0.13912,1.52256,3.99800,0.47000,0.35616,0.33333,0.00000,0.71179,0.00000,0.00000,0.00000,0.00000,1009.63656,-0.02578,-0.10001,0.21566,-0.01555,0.41174,0.70991,-0.07601,0.49155,-0.03596,-0.03190,0.15269,0.27424,0.33936,2.44418,2.83091,0.72500,0.66667,0.64706,0.69681,0.00000,0.14365,2.84750,1.86150,0.98000,0.97297,1.00000
119,0.0561,11796480,57590,0.01344,2.31e-04,0.3464,174.7044,0.00000,0.03200,0.00000,10.00000,1062.91588,0.00000,0.79861,0.00000,0.06400,0.13699,1.53589,4.76812,0.44643,0.34940,0.00000,0.00000,0.71389,0.00000,0.00000,0.00000,0.00000,1002.22909,-0.02589,-0.09927,0.21531,-0.01595,0.41200,0.71201,-0.07607,0.49329,-0.03720,-0.03205,0.15240,0.27398,0.33952,2.74803,2.66000,0.71875,0.65839,0.46667,0.69760,0.00000,0.14341,2.84126,1.98753,0.99107,0.98718,1.00000
120,0.0566,11894784,58225,0.01498,1.99e-04,0.3465,166.6210,0.00000,0.03200,0.00000,10.00000,1110.84485,0.00000,0.81522,0.00000,0.06400,0.13884,1.54492,3.32488,0.54348,0.54167,0.10000,0.00000,0.71406,0.00000,0.00000,0.00000,0.00000,1012.03809,-0.02588,-0.10017,0.21550,-0.01567,0.41181,0.71225,-0.07606,0.49258,-0.03515,-0.03172,0.15289,0.27464,0.34010,2.41009,2.20600,0.77174,0.75556,0.52632,0.70049,0.00000,0.14347,2.83891,1.88917,1.00000,1.00000,1.00000
121,0.0570,11993088,58500,0.01470,1.80e-04,0.3466,167.7799,0.00000,0.03200,0.00000,10.00000,1001.05430,0.00000,0.84708,0.00000,0.06400,0.13854,1.57025,3.67706,0.40594,0.37805,0.00000,0.00000,0.71542,0.00000,0.00000,0.00000,0.00000,1016.04915,-0.02575,-0.10059,0.21657,-0.01529,0.41218,0.71358,-0.07643,0.49701,-0.03398,-0.03179,0.15413,0.27610,0.33982,2.38768,1.47714,0.68812,0.64935,0.43750,0.69908,0.00000,0.14272,2.84503,1.82564,0.97030,0.95833,1.00000
122,0.0575,12091392,58398,0.01290,2.59e-04,0.3468,144.7943,0.00000,0.03200,0.00000,10.00000,1088.88581,0.00000,0.80247,0.00000,0.06400,0.13666,1.58016,3.93931,0.47475,0.34722,0.28571,0.00000,0.71700,0.00000,0.00000,0.00000,0.00000,1014.70369,-0.02569,-0.10048,0.21755,-0.01510,0.41389,0.71506,-0.07645,0.49914,-0.03553,-0.03191,0.15502,0.27691,0.34063,2.42267,2.34500,0.73232,0.66434,0.61538,0.70316,0.00000,0.14343,2.84654,1.84395,0.98990,0.98592,1.00000
123,0.0580,12189696,58640,0.01853,1.87e-04,0.3469,160.2626,0.00000,0.03200,0.00000,10.00000,1080.24451,0.00000,0.84585,0.00000,0.06400,0.13595,1.58267,4.13727,0.53153,0.50000,0.00000,0.00000,0.71851,0.00000,0.00000,0.00000,0.00000,1004.34359,-0.02588,-0.09944,0.21670,-0.01533,0.41405,0.71652,-0.07675,0.49428,-0.03523,-0.03209,0.15342,0.27620,0.34083,2.59474,1.74500,0.76126,0.75148,0.38889,0.70414,0.00000,0.14560,2.82360,1.86495,0.99099,1.00000,0.87500
124,0.0585,12288000,57562,0.01388,1.66e-04,0.3469,169.6907,0.00000,0.03200,0.00000,10.00000,1103.22959,0.00000,0.81897,0.00000,0.06400,0.13729,1.55974,3.64800,0.54310,0.48864,0.11111,0.00000,0.72099,0.00000,0.00000,0.00000,0.00000,1004.99528,-0.02611,-0.09948,0.21449,-0.01528,0.41524,0.71906,-0.07630,0.48768,-0.03769,-0.03229,0.15196,0.27321,0.34096,2.48518,2.12667,0.76293,0.72515,0.52941,0.70478,0.00000,0.14565,2.79656,1.90378,0.98276,0.97590,1.00000
125,0.0589,12386304,58437,0.01405,1.58e-04,0.3470,177.2433,0.00000,0.03200,0.00000,10.00000,1060.74412,0.00000,0.81773,0.00000,0.06400,0.13906,1.57338,3.60343,0.49438,0.44444,0.16667,0.00000,0.71626,0.00000,0.00000,0.00000,0.00000,998.25277,-0.02617,-0.09894,0.21565,-0.01562,0.41243,0.71444,-0.07699,0.48739,-0.03477,-0.03202,0.15231,0.27445,0.34033,2.57232,2.42571,0.73596,0.67939,0.58333,0.70163,0.00000,0.14600,2.80201,2.00844,0.97753,0.96610,1.00000
126,0.0594,12484608,58170,0.01337,2.06e-04,0.3471,160.5927,0.00000,0.03200,0.00000,10.00000,1089.55809,0.00000,0.83058,0.00000,0.06400,0.14070,1.58586,3.97850,0.52475,0.46341,0.20000,0.00000,0.71309,0.00000,0.00000,0.00000,0.00000,1002.66520,-0.02618,-0.09932,0.21559,-0.01582,0.40957,0.71130,-0.07719,0.48892,-0.03486,-0.03175,0.15278,0.27431,0.33942,2.66732,2.10857,0.75248,0.69536,0.60000,0.69711,0.00000,0.14414,2.78752,1.93889,0.98020,0.97101,1.00000
127,0.0599,12582912,58330,0.01508,1.67e-04,0.3472,143.6359,0.00000,0.03200,0.00000,10.00000,1190.53281,0.00000,0.69630,0.00000,0.06400,0.13802,1.62174,3.21916,0.58667,0.48889,0.11111,0.00000,0.71215,0.00000,0.00000,0.00000,0.00000,1012.07585,-0.02597,-0.10010,0.21708,-0.01527,0.40900,0.71031,-0.07707,0.49694,-0.03393,-0.03166,0.15456,0.27634,0.33918,2.30506,2.50333,0.78667,0.74468,0.60000,0.69589,0.00000,0.14313,2.79890,1.93322,0.98667,0.97959,1.00000
128,0.0604,12681216,57962,0.01082,2.14e-04,0.3473,169.9349,0.00000,0.03200,0.00000,10.00000,1102.25551,0.00000,0.77249,0.00000,0.06400,0.13949,1.61753,3.66400,0.51429,0.42466,0.10000,0.00000,0.71679,0.00000,0.00000,0.00000,0.00000,1036.73226,-0.02581,-0.10264,0.21921,-0.01626,0.41137,0.71495,-0.07662,0.49863,-0.03563,-0.03210,0.15477,0.27911,0.34023,2.33000,1.75571,0.73810,0.69178,0.54545,0.70114,0.00000,0.14438,2.82557,1.76747,0.96190,0.95890,0.91667
129,0.0608,12779520,58082,0.02015,1.49e-04,0.3474,148.4555,0.00000,0.03200,0.00000,10.00000,1087.38693,0.00000,0.81197,0.00000,0.06400,0.13954,1.64671,3.46055,0.49451,0.45714,0.11111,0.00000,0.72334,0.00000,0.00000,0.00000,0.00000,1037.08789,-0.02553,-0.10269,0.22281,-0.01682,0.41603,0.72137,-0.07639,0.50531,-0.03412,-0.03231,0.15661,0.28363,0.34111,2.46686,1.96222,0.73626,0.69925,0.52941,0.70556,0.00000,0.14540,2.86768,1.94840,0.97802,0.96825,1.00000
130,0.0613,12877824,58861,0.01420,1.66e-04,0.3475,143.0781,0.00000,0.03200,0.00000,10.00000,1085.52734,0.00000,0.85556,0.00000,0.06400,0.13771,1.64205,4.01909,0.58000,0.52564,0.37500,0.00000,0.72909,0.00000,0.00000,0.00000,0.00000,1026.00041,-0.02548,-0.10154,0.22261,-0.01641,0.41989,0.72705,-0.07595,0.50915,-0.03499,-0.03228,0.15769,0.28370,0.34216,2.68286,3.26000,0.79000,0.75974,0.64286,0.71079,0.00000,0.14407,2.88068,1.96585,1.00000,1.00000,1.00000
131,0.0618,12976128,58695,0.01370,1.31e-04,0.3476,151.8435,0.00000,0.03200,0.00000,10.00000,1117.04346,0.00000,0.76052,0.00000,0.06400,0.13830,1.63142,3.80468,0.56311,0.56579,0.07692,0.00000,0.72843,0.00000,0.00000,0.00000,0.00000,995.91138,-0.02553,-0.09863,0.22154,-0.01692,0.42083,0.72646,-0.07611,0.50628,-0.03395,-0.03232,0.15692,0.28234,0.34272,2.71041,2.50545,0.77670,0.75887,0.47826,0.71358,0.00000,0.14398,2.86977,2.01540,0.99029,0.98462,1.00000
132,0.0623,13074432,57664,0.01267,1.58e-04,0.3477,135.7217,0.00000,0.03200,0.00000,10.00000,1101.59873,0.00000,0.74713,0.00000,0.06400,0.13723,1.64083,3.44916,0.54310,0.50000,0.08333,0.00000,0.72422,0.00000,0.00000,0.00000,0.00000,980.98291,-0.02539,-0.09715,0.22118,-0.01594,0.42022,0.72224,-0.07557,0.50847,-0.03159,-0.03227,0.15697,0.28207,0.34236,2.65578,1.99714,0.75000,0.69872,0.54167,0.71181,0.00000,0.14305,2.86462,2.17975,0.95690,0.93056,1.00000
133,0.0627,13172736,57950,0.01154,1.78e-04,0.3477,150.3019,0.00000,0.03200,0.00000,10.00000,1146.00464,0.00000,0.84860,0.00000,0.06400,0.13676,1.63300,3.93436,0.60440,0.53425,0.00000,0.00000,0.71930,0.00000,0.00000,0.00000,0.00000,993.20500,-0.02546,-0.09843,0.22042,-0.01639,0.41806,0.71733,-0.07532,0.50653,-0.03233,-0.03209,0.15577,0.28116,0.34137,2.63589,2.35000,0.79670,0.74820,0.50000,0.70683,0.00000,0.14339,2.84179,1.89118,0.98901,0.98485,1.00000
134,0.0632,13271040,58449,0.01532,1.09e-04,0.3478,141.2287,0.00000,0.03200,0.00000,10.00000,1129.81062,0.00000,0.80991,0.00000,0.06400,0.13786,1.62114,3.66111,0.60241,0.55738,0.14286,0.00000,0.71671,0.00000,0.00000,0.00000,0.00000,1003.97909,-0.02557,-0.09943,0.22029,-0.01643,0.41542,0.71479,-0.07596,0.50526,-0.03438,-0.03213,0.15594,0.28061,0.34099,2.47980,1.93800,0.78313,0.75207,0.62500,0.70494,0.00000,0.14281,2.84686,1.83545,0.96386,0.95000,1.00000
135,0.0637,13369344,58155,0.01092,1.50e-04,0.3479,135.0486,0.00000,0.03200,0.00000,10.00000,1071.04607,0.00000,0.87607,0.00000,0.06400,0.13597,1.63646,3.93889,0.55128,0.51562,0.00000,0.00000,0.71764,0.00000,0.00000,0.00000,0.00000,1005.03117,-0.02543,-0.09948,0.22182,-0.01566,0.41595,0.71575,-0.07575,0.51225,-0.03603,-0.03200,0.15750,0.28221,0.34070,2.59816,1.46500,0.76923,0.73984,0.50000,0.70351,0.00000,0.14147,2.87647,1.81968,0.98718,0.98305,1.00000
136,0.0641,13467648,58644,0.01407,1.39e-04,0.3480,142.2580,0.00000,0.03200,0.00000,10.00000,1090.58386,0.00000,0.82569,0.00000,0.06400,0.13777,1.63432,3.86280,0.60550,0.58537,0.10000,0.00000,0.71832,0.00000,0.00000,0.00000,0.00000,1007.76872,-0.02536,-0.09973,0.22233,-0.01541,0.41734,0.71651,-0.07581,0.51268,-0.03688,-0.03215,0.15853,0.28297,0.34105,2.66444,2.42750,0.78440,0.77160,0.44444,0.70524,0.00000,0.14101,2.88472,1.95953,0.96330,0.96250,0.87500
137,0.0646,13565952,58471,0.01325,1.50e-04,0.3481,151.8863,0.00000,0.03200,0.00000,10.00000,1105.34710,0.00000,0.84656,0.00000,0.06400,0.13669,1.63993,3.71866,0.52381,0.44615,0.00000,0.00000,0.72335,0.00000,0.00000,0.00000,0.00000,1002.30355,-0.02535,-0.09934,0.22293,-0.01644,0.42073,0.72148,-0.07533,0.51439,-0.03529,-0.03222,0.15867,0.28383,0.34194,2.42379,1.86000,0.75000,0.70312,0.42857,0.70971,0.00000,0.14161,2.89040,1.82615,0.97619,0.96825,1.00000
138,0.0651,13664256,57880,0.01375,1.49e-04,0.3482,170.1181,0.00000,0.03200,0.00000,10.00000,1117.99304,0.00000,0.76263,0.00000,0.06400,0.13458,1.67061,3.49555,0.52727,0.45205,0.07692,0.00000,0.72513,0.00000,0.00000,0.00000,0.00000,999.34733,-0.02525,-0.09889,0.22419,-0.01602,0.42158,0.72320,-0.07615,0.51969,-0.03385,-0.03230,0.15973,0.28535,0.34217,2.40164,2.49167,0.74545,0.70861,0.50000,0.71083,0.00000,0.14133,2.88863,1.94372,0.96364,0.94872,1.00000
139,0.0656,13762560,57917,0.01307,1.80e-04,0.3482,166.3647,0.00000,0.03200,0.00000,10.00000,1066.24563,0.00000,0.81155,0.00000,0.06400,0.13758,1.68851,3.44375,0.42157,0.37975,0.00000,0.00000,0.72934,0.00000,0.00000,0.00000,0.00000,998.20768,-0.02519,-0.09881,0.22446,-0.01634,0.42315,0.72729,-0.07550,0.51800,-0.03295,-0.03225,0.15932,0.28603,0.34352,2.37815,1.93667,0.71078,0.67114,0.37500,0.71758,0.00000,0.14136,2.87422,1.92947,1.00000,1.00000,1.00000
140,0.0660,13860864,58581,0.01485,1.92e-04,0.3483,142.3567,0.00000,0.03200,0.00000,10.00000,1092.48814,0.00000,0.84848,0.00000,0.06400,0.13718,1.71976,3.25500,0.48182,0.39535,0.16667,0.00000,0.73101,0.00000,0.00000,0.00000,0.00000,987.67489,-0.02504,-0.09785,0.22748,-0.01706,0.42378,0.72892,-0.07476,0.52301,-0.03186,-0.03242,0.16068,0.28984,0.34334,2.30796,2.49000,0.73182,0.67857,0.37500,0.71672,0.00000,0.14288,2.88058,1.89219,0.98182,0.97561,1.00000
141,0.0665,13959168,60792,0.01242,2.06e-04,0.3484,159.8722,0.00000,0.03200,0.00000,10.00000,1118.50378,0.00000,0.74481,0.00000,0.06400,0.13710,1.71599,3.98750,0.53846,0.45161,0.20000,0.00000,0.72968,0.00000,0.00000,0.00000,0.00000,1007.29118,-0.02504,-0.09964,0.22762,-0.01655,0.42446,0.72763,-0.07471,0.52438,-0.03449,-0.03241,0.16072,0.28977,0.34350,2.66667,2.25692,0.75275,0.69672,0.61905,0.71751,0.00000,0.14204,2.88380,2.06286,0.96703,0.95000,1.00000
142,0.0670,14057472,60702,0.01637,1.50e-04,0.3485,153.8475,0.00000,0.03200,0.00000,10.00000,1146.24855,0.00000,0.77892,0.00000,0.06400,0.13544,1.72684,4.04727,0.61856,0.61765,0.00000,0.00000,0.73406,0.00000,0.00000,0.00000,0.00000,1018.68107,-0.02505,-0.10090,0.22764,-0.01658,0.42608,0.73206,-0.07510,0.52795,-0.03333,-0.03245,0.16134,0.29005,0.34389,2.70459,1.99600,0.80928,0.80882,0.47619,0.71946,0.00000,0.14128,2.90182,1.94718,1.00000,1.00000,1.00000
143,0.0674,14155776,60838,0.01315,1.50e-04,0.3486,150.1825,0.00000,0.03200,0.00000,10.00000,1082.71087,0.00000,0.86420,0.00000,0.06400,0.13646,1.73254,3.63853,0.51852,0.42683,0.00000,0.00000,0.73538,0.00000,0.00000,0.00000,0.00000,988.32259,-0.02481,-0.09793,0.22941,-0.01678,0.42709,0.73340,-0.07532,0.53089,-0.03148,-0.03259,0.16260,0.29226,0.34429,2.43679,1.50250,0.74537,0.70238,0.58333,0.72144,0.00000,0.14101,2.92267,1.88933,0.97222,0.96512,1.00000
144,0.0679,14254080,61349,0.01426,1.39e-04,0.3487,139.7233,0.00000,0.03200,0.00000,10.00000,1172.10033,0.00000,0.81384,0.00000,0.06400,0.13547,1.72612,3.68035,0.65789,0.62353,0.12500,0.00000,0.73312,0.00000,0.00000,0.00000,0.00000,990.30396,-0.02482,-0.09806,0.22846,-0.01605,0.42698,0.73117,-0.07475,0.53060,-0.03357,-0.03238,0.16304,0.29073,0.34390,2.55238,2.05200,0.82456,0.80240,0.58824,0.71952,0.00000,0.14000,2.90846,1.85824,0.99123,0.98780,1.00000
145,0.0683,14352384,60811,0.01669,8.05e-05,0.3488,138.3095,0.00000,0.03200,0.00000,10.00000,1122.85682,0.00000,0.82799,0.00000,0.06400,0.13325,1.68021,3.50591,0.57692,0.52564,0.22222,0.00000,0.73035,0.00000,0.00000,0.00000,0.00000,985.06006,-0.02526,-0.09756,0.22256,-0.01547,0.42527,0.72849,-0.07493,0.51826,-0.03077,-0.03245,0.15918,0.28408,0.34389,2.49953,2.43273,0.78365,0.75484,0.61111,0.71943,0.00000,0.14096,2.86496,1.97859,0.99038,0.98701,1.00000
146,0.0688,14450688,59723,0.01870,6.34e-05,0.3489,150.9382,0.00000,0.03200,0.00000,10.00000,1190.75094,0.00000,0.82418,0.00000,0.06400,0.13537,1.66791,3.21238,0.67033,0.60000,0.20000,0.00000,0.72546,0.00000,0.00000,0.00000,0.00000,983.42310,-0.02523,-0.09737,0.22351,-0.01558,0.42167,0.72353,-0.07538,0.51468,-0.03329,-0.03228,0.15927,0.28539,0.34239,2.31043,1.95714,0.81868,0.78519,0.63636,0.71197,0.00000,0.14295,2.87232,1.79151,0.96703,0.95714,1.00000
147,0.0692,14548992,60231,0.01187,9.13e-05,0.3490,159.4451,0.00000,0.03200,0.00000,10.00000,1177.22000,0.00000,0.83924,0.00000,0.06400,0.13924,1.65712,3.40524,0.62766,0.53425,0.50000,0.00000,0.72392,0.00000,0.00000,0.00000,0.00000,990.89201,-0.02540,-0.09814,0.22297,-0.01618,0.42138,0.72205,-0.07549,0.51063,-0.03266,-0.03220,0.15884,0.28411,0.34272,2.51456,2.35200,0.80851,0.75352,0.83333,0.71359,0.00000,0.14192,2.86339,1.99500,0.98936,0.98551,1.00000
148,0.0697,14647296,60187,0.01475,9.31e-05,0.3491,143.6355,0.00000,0.03200,0.00000,10.00000,1153.91690,0.00000,0.72650,0.00000,0.06400,0.14195,1.66388,3.21333,0.60440,0.58462,0.18182,0.00000,0.71946,0.00000,0.00000,0.00000,0.00000,994.42855,-0.02540,-0.09843,0.22349,-0.01595,0.41857,0.71761,-0.07595,0.51237,-0.03516,-0.03216,0.15950,0.28517,0.34204,2.53238,2.00000,0.79670,0.76471,0.55000,0.71020,0.00000,0.14060,2.87039,2.07841,0.98901,0.98148,1.00000
149,0.0702,14745600,60487,0.01251,8.39e-05,0.3491,139.7602,0.00000,0.03200,0.00000,10.00000,1230.55387,0.00000,0.70023,0.00000,0.06400,0.14347,1.66136,3.23946,0.61458,0.55556,0.10000,0.00000,0.71797,0.00000,0.00000,0.00000,0.00000,1007.57218,-0.02540,-0.09973,0.22250,-0.01626,0.41805,0.71611,-0.07582,0.50970,-0.03154,-0.03251,0.15869,0.28455,0.34159,2.37431,2.36500,0.80729,0.76860,0.47059,0.70795,0.00000,0.14062,2.85343,1.88185,1.00000,1.00000,1.00000
150,0.0706,14843904,60581,0.01174,1.12e-04,0.3492,146.7585,0.00000,0.03200,0.00000,10.00000,1114.98350,0.00000,0.83021,0.00000,0.06400,0.14101,1.66368,3.51476,0.59551,0.55714,0.16667,0.00000,0.72203,0.00000,0.00000,0.00000,0.00000,993.25773,-0.02527,-0.09837,0.22334,-0.01596,0.42030,0.72021,-0.07601,0.51477,-0.03160,-0.03224,0.15912,0.28553,0.34240,2.49218,2.35111,0.78090,0.74436,0.64286,0.71198,0.00000,0.14007,2.88262,1.86059,0.96629,0.95238,1.00000
151,0.0711,14942208,60566,0.01535,1.15e-04,0.3493,140.4916,0.00000,0.03200,0.00000,10.00000,1106.17093,0.00000,0.77882,0.00000,0.06400,0.14077,1.66445,3.87571,0.57009,0.51948,0.18182,0.00000,0.72784,0.00000,0.00000,0.00000,0.00000,1004.94312,-0.02534,-0.09957,0.22427,-0.01613,0.42350,0.72596,-0.07591,0.51626,-0.03122,-0.03237,0.15933,0.28627,0.34330,2.71000,2.86667,0.77103,0.74000,0.54545,0.71651,0.00000,0.14026,2.89773,2.11293,0.97196,0.97260,0.90909
152,0.0715,15040512,60524,0.01356,8.52e-05,0.3494,142.5973,0.00000,0.03200,0.00000,10.00000,1149.03685,0.00000,0.78563,0.00000,0.06400,0.14132,1.65388,3.84808,0.62626,0.59722,0.27273,0.00000,0.72856,0.00000,0.00000,0.00000,0.00000,1005.54867,-0.02538,-0.09962,0.22432,-0.01683,0.42378,0.72678,-0.07590,0.51529,-0.03093,-0.03246,0.15871,0.28591,0.34332,2.60887,2.05000,0.81313,0.79286,0.60000,0.71661,0.00000,0.14008,2.89655,1.85247,1.00000,1.00000,1.00000
153,0.0720,15138816,60354,0.01341,7.25e-05,0.3495,157.4327,0.00000,0.03200,0.00000,10.00000,1121.37785,0.00000,0.77295,0.00000,0.06400,0.14209,1.65668,3.97591,0.56522,0.48235,0.25000,0.00000,0.72858,0.00000,0.00000,0.00000,0.00000,1001.61808,-0.02539,-0.09917,0.22325,-0.01670,0.42301,0.72672,-0.07511,0.51250,-0.03222,-0.03260,0.15804,0.28463,0.34296,2.60733,2.03714,0.77826,0.71875,0.70000,0.71482,0.00000,0.13996,2.87805,1.91517,0.99130,0.98667,1.00000
154,0.0725,15237120,60000,0.01202,9.32e-05,0.3495,132.5720,0.00000,0.03200,0.00000,10.00000,1128.91793,0.00000,0.86619,0.00000,0.06400,0.13988,1.67236,3.60600,0.56989,0.51316,0.00000,0.00000,0.72725,0.00000,0.00000,0.00000,0.00000,1001.87183,-0.02547,-0.09912,0.22427,-0.01630,0.42204,0.72542,-0.07549,0.51580,-0.03207,-0.03226,0.15828,0.28530,0.34283,2.50339,1.40000,0.78495,0.74483,0.50000,0.71415,0.00000,0.14007,2.87430,1.89083,1.00000,1.00000,1.00000
155,0.0729,15335424,59243,0.01390,9.13e-05,0.3496,145.5422,0.00000,0.03200,0.00000,10.00000,1087.09405,0.00000,0.77356,0.00000,0.06400,0.14212,1.70250,4.27285,0.54430,0.47170,0.20000,0.00000,0.72745,0.00000,0.00000,0.00000,0.00000,1011.93416,-0.02524,-0.10016,0.22615,-0.01644,0.42168,0.72558,-0.07551,0.52102,-0.03144,-0.03246,0.16040,0.28808,0.34310,2.68571,2.08800,0.75949,0.72727,0.55556,0.71548,0.00000,0.13878,2.89145,1.98032,0.97468,0.96491,1.00000
156,0.0734,15433728,59184,0.01374,9.83e-05,0.3497,136.3572,0.00000,0.03200,0.00000,10.00000,1119.55393,0.00000,0.85676,0.00000,0.06400,0.13822,1.72846,3.55070,0.60241,0.56716,0.20000,0.00000,0.72721,0.00000,0.00000,0.00000,0.00000,1011.55949,-0.02479,-0.10015,0.22978,-0.01645,0.42256,0.72529,-0.07549,0.53326,-0.03060,-0.03226,0.16296,0.29201,0.34306,2.53159,1.92800,0.79518,0.76562,0.55556,0.71529,0.00000,0.13829,2.93423,1.84687,0.98795,0.98361,1.00000
157,0.0739,15532032,59384,0.01377,9.13e-05,0.3498,140.7603,0.00000,0.03200,0.00000,10.00000,1153.22153,0.00000,0.80662,0.00000,0.06400,0.13716,1.75397,3.98122,0.63462,0.60000,0.00000,0.00000,0.73197,0.00000,0.00000,0.00000,0.00000,993.64331,-0.02459,-0.09841,0.23112,-0.01588,0.42656,0.72998,-0.07506,0.53890,-0.02804,-0.03242,0.16423,0.29361,0.34404,2.70614,1.93500,0.81250,0.78146,0.57143,0.72019,0.00000,0.13737,2.94646,1.90513,0.99038,0.98592,1.00000
158,0.0743,15630336,58619,0.01593,6.47e-05,0.3498,142.3789,0.00000,0.03200,0.00000,10.00000,1154.01325,0.00000,0.77295,0.00000,0.06400,0.13862,1.75127,3.79243,0.60870,0.57143,0.00000,0.00000,0.73648,0.00000,0.00000,0.00000,0.00000,986.94230,-0.02458,-0.09778,0.23193,-0.01711,0.43017,0.73449,-0.07424,0.53943,-0.02857,-0.03238,0.16421,0.29512,0.34521,2.69308,1.65667,0.79891,0.78125,0.40000,0.72607,0.00000,0.13794,2.95549,2.11200,0.98913,0.98462,1.00000
159,0.0748,15728640,58408,0.01256,8.70e-05,0.3499,125.3096,0.00000,0.03200,0.00000,10.00000,1153.18171,0.00000,0.75103,0.00000,0.06400,0.13726,1.73637,3.80625,0.62963,0.56757,0.27273,0.00000,0.73771,0.00000,0.00000,0.00000,0.00000,977.12158,-0.02458,-0.09686,0.23113,-0.01703,0.43078,0.73579,-0.07357,0.53916,-0.03124,-0.03273,0.16349,0.29387,0.34535,2.75152,2.50363,0.79167,0.75342,0.52632,0.72673,0.00000,0.13784,2.95328,2.09402,0.95370,0.94444,0.87500
160,0.0753,15826944,59078,0.01250,8.39e-05,0.3500,131.8028,0.00000,0.03200,0.00000,10.00000,1183.72383,0.00000,0.72778,0.00000,0.06400,0.13716,1.72926,3.85450,0.61000,0.52174,0.14286,0.00000,0.73308,0.00000,0.00000,0.00000,0.00000,963.05477,-0.02479,-0.09542,0.22957,-0.01645,0.42832,0.73115,-0.07358,0.53650,-0.02755,-0.03238,0.16236,0.29189,0.34452,2.70403,2.89333,0.80000,0.74046,0.60000,0.72259,0.00000,0.13746,2.92645,2.03710,0.99000,0.98387,1.00000
161,0.0757,15925248,58833,0.01459,6.47e-05,0.3501,138.7727,0.00000,0.03200,0.00000,10.00000,1180.53345,0.00000,0.78209,0.00000,0.06400,0.13752,1.70928,3.89692,0.67961,0.62821,0.33333,0.00000,0.72951,0.00000,0.00000,0.00000,0.00000,981.28532,-0.02509,-0.09717,0.22608,-0.01606,0.42504,0.72761,-0.07370,0.53057,-0.03058,-0.03225,0.16057,0.28750,0.34382,2.86902,2.58857,0.82524,0.77931,0.63636,0.71908,0.00000,0.13609,2.88613,2.10543,0.97087,0.95522,1.00000
162,0.0762,16023552,59100,0.01258,7.77e-05,0.3502,128.9752,0.00000,0.03200,0.00000,10.00000,1220.21932,0.00000,0.71759,0.00000,0.06400,0.13745,1.71519,3.52051,0.61458,0.52239,0.37500,0.00000,0.72777,0.00000,0.00000,0.00000,0.00000,973.02035,-0.02512,-0.09632,0.22684,-0.01639,0.42453,0.72594,-0.07401,0.53003,-0.03031,-0.03230,0.16097,0.28866,0.34396,2.57039,2.89400,0.79688,0.73387,0.60000,0.71979,0.00000,0.13773,2.89309,1.98222,0.97917,0.98246,0.85714
163,0.0767,16121856,56996,0.01158,9.24e-05,0.3504,151.1476,0.00000,0.03200,0.00000,10.00000,1123.35444,0.00000,0.75512,0.00000,0.06400,0.13749,1.73410,3.79571,0.52427,0.48000,0.23077,0.00000,0.72811,0.00000,0.00000,0.00000,0.00000,995.58154,-0.02508,-0.09853,0.22778,-0.01694,0.42339,0.72619,-0.07359,0.53109,-0.03060,-0.03265,0.16063,0.28940,0.34364,2.59383,2.92375,0.76214,0.72143,0.61538,0.71818,0.00000,0.13783,2.88061,1.94667,1.00000,1.00000,1.00000
164,0.0772,16220160,55475,0.01385,1.03e-04,0.3505,128.8409,0.00000,0.03200,0.00000,10.00000,1172.85180,0.00000,0.79932,0.00000,0.06400,0.13781,1.74185,4.22727,0.65306,0.58904,0.00000,0.00000,0.72887,0.00000,0.00000,0.00000,0.00000,1000.04932,-0.02527,-0.09904,0.22628,-0.01589,0.42316,0.72689,-0.07438,0.52902,-0.03187,-0.03264,0.16021,0.28764,0.34320,2.75345,1.64000,0.81633,0.77305,0.60000,0.71598,0.00000,0.13696,2.85842,1.85278,0.97959,0.97059,1.00000
165,0.0781,16318464,30217,0.01170,1.49e-04,0.3506,151.6986,0.00000,0.03200,0.00000,10.00000,1076.80527,0.00000,0.84481,0.00000,0.06400,0.13607,1.73783,3.93176,0.53719,0.48421,0.30000,0.00000,0.72915,0.00000,0.00000,0.00000,0.00000,1012.48242,-0.02543,-0.10023,0.22482,-0.01599,0.42317,0.72716,-0.07425,0.52786,-0.03109,-0.03269,0.15910,0.28551,0.34353,2.62939,2.12308,0.76446,0.72826,0.65000,0.71764,0.00000,0.13673,2.83877,1.95163,0.99174,0.98876,1.00000
166,0.0790,16416768,29584,0.01616,1.20e-04,0.3507,132.4016,0.00000,0.03200,0.00000,10.00000,1180.17831,0.00000,0.80065,0.00000,0.06400,0.13953,1.71091,3.33111,0.61765,0.58667,0.11111,0.00000,0.72971,0.00000,0.00000,0.00000,0.00000,1011.36865,-0.02560,-0.10018,0.22311,-0.01649,0.42346,0.72775,-0.07416,0.51806,-0.03215,-0.03270,0.15744,0.28307,0.34362,2.39887,2.53778,0.80392,0.78231,0.52941,0.71809,0.00000,0.13767,2.81197,1.86785,0.99020,0.98611,1.00000
167,0.0800,16515072,29772,0.01236,1.58e-04,0.3508,136.3176,0.00000,0.03200,0.00000,10.00000,1174.48010,0.00000,0.84795,0.00000,0.06400,0.13959,1.71151,3.43416,0.63158,0.57333,0.25000,0.00000,0.72507,0.00000,0.00000,0.00000,0.00000,1020.32080,-0.02552,-0.10100,0.22426,-0.01662,0.42020,0.72310,-0.07456,0.51940,-0.03597,-0.03261,0.15859,0.28480,0.34276,2.59600,1.70500,0.81053,0.77241,0.57143,0.71382,0.00000,0.13855,2.82396,2.03722,0.98947,0.98571,1.00000
168,0.0809,16613376,30603,0.01791,9.24e-05,0.3509,140.3438,0.00000,0.03200,0.00000,10.00000,1137.82040,0.00000,0.82071,0.00000,0.06400,0.13717,1.71154,3.30000,0.62500,0.62857,0.22222,0.00000,0.72567,0.00000,0.00000,0.00000,0.00000,1015.82113,-0.02554,-0.10049,0.22288,-0.01623,0.41927,0.72365,-0.07406,0.51984,-0.03126,-0.03250,0.15740,0.28312,0.34232,2.54370,2.54000,0.81250,0.80000,0.56250,0.71159,0.00000,0.13805,2.81897,1.95672,1.00000,1.00000,1.00000
169,0.0818,16711680,30097,0.01164,1.33e-04,0.3510,137.6912,0.00000,0.03200,0.00000,10.00000,1119.62066,0.00000,0.79012,0.00000,0.06400,0.13959,1.73262,3.73317,0.54444,0.50000,0.36364,0.00000,0.72451,0.00000,0.00000,0.00000,0.00000,1022.19832,-0.02525,-0.10107,0.22672,-0.01702,0.41967,0.72239,-0.07460,0.52409,-0.02917,-0.03258,0.15941,0.28800,0.34223,2.55798,2.38769,0.76667,0.72656,0.65000,0.71117,0.00000,0.13918,2.85579,1.84941,0.98889,0.98333,1.00000
170,0.0825,16809984,37162,0.01673,1.00e-04,0.3511,141.1894,0.00000,0.03200,0.00000,10.00000,1121.33024,0.00000,0.78125,0.00000,0.06400,0.13693,1.74217,3.79744,0.60417,0.59722,0.25000,0.00000,0.72748,0.00000,0.00000,0.00000,0.00000,1005.75977,-0.02507,-0.09951,0.22863,-0.01681,0.42344,0.72538,-0.07422,0.53290,-0.02986,-0.03265,0.16048,0.29008,0.34341,2.73058,2.24714,0.80208,0.78519,0.60870,0.71704,0.00000,0.13785,2.89069,2.05297,1.00000,1.00000,1.00000
171,0.0830,16908288,59122,0.02006,5.83e-05,0.3512,137.1455,0.00000,0.03200,0.00000,10.00000,1174.29857,0.00000,0.87629,0.00000,0.06400,0.13589,1.73516,3.31815,0.65979,0.61538,0.50000,0.00000,0.73135,0.00000,0.00000,0.00000,0.00000,1004.71566,-0.02499,-0.09949,0.23026,-0.01677,0.42644,0.72921,-0.07427,0.53604,-0.03228,-0.03266,0.16161,0.29180,0.34425,2.53985,3.47428,0.82474,0.79739,0.70000,0.72126,0.00000,0.13833,2.92504,2.00102,0.98969,0.98667,1.00000
172,0.0838,17006592,32764,0.01131,6.96e-05,0.3513,131.3457,0.00000,0.03200,0.00000,10.00000,1161.89603,0.00000,0.70513,0.00000,0.06400,0.13792,1.72835,3.26619,0.54808,0.51429,0.18750,0.00000,0.73459,0.00000,0.00000,0.00000,0.00000,973.11084,-0.02496,-0.09648,0.22965,-0.01666,0.42884,0.73236,-0.07350,0.53363,-0.03071,-0.03266,0.16140,0.29177,0.34504,2.38632,2.11333,0.76442,0.72727,0.58065,0.72521,0.00000,0.13848,2.92738,1.89360,0.98077,0.96774,1.00000
173,0.0852,17104896,19888,0.01257,8.59e-05,0.3513,137.8845,0.00000,0.03200,0.00000,10.00000,1158.30690,0.00000,0.81369,0.00000,0.06400,0.13909,1.72590,3.76042,0.62626,0.58442,0.28571,0.00000,0.73436,0.00000,0.00000,0.00000,0.00000,977.07357,-0.02515,-0.09681,0.22853,-0.01732,0.42807,0.73209,-0.07320,0.53211,-0.03103,-0.03254,0.16119,0.29033,0.34443,2.57716,2.01111,0.79798,0.75862,0.64286,0.72217,0.00000,0.13706,2.90688,1.81534,0.96970,0.95588,1.00000
174,0.0867,17203200,18840,0.01404,1.04e-04,0.3513,149.6850,0.00000,0.03200,0.00000,10.00000,1186.89519,0.00000,0.81121,0.00000,0.06400,0.14093,1.71033,3.58620,0.68142,0.63415,0.40000,0.00000,0.72972,0.00000,0.00000,0.00000,0.00000,984.43660,-0.02526,-0.09746,0.22604,-0.01653,0.42488,0.72743,-0.07373,0.52497,-0.03284,-0.03282,0.15915,0.28743,0.34339,2.60765,2.70571,0.83628,0.81212,0.68421,0.71694,0.00000,0.13684,2.86888,1.98396,0.99115,0.98795,1.00000
175,0.0882,17301504,17791,0.01266,1.09e-04,0.3514,148.5072,0.00000,0.03200,0.00000,10.00000,1220.57889,0.00000,0.77899,0.00000,0.06400,0.13885,1.69748,3.94340,0.68478,0.63768,0.20000,0.00000,0.72502,0.00000,0.00000,0.00000,0.00000,1005.01921,-0.02542,-0.09948,0.22454,-0.01700,0.42268,0.72267,-0.07409,0.52277,-0.03455,-0.03269,0.15879,0.28584,0.34265,2.75441,1.76333,0.83696,0.79845,0.60000,0.71326,0.00000,0.13762,2.85343,1.88125,0.98913,0.98333,1.00000
176,0.0899,17399808,16557,0.01540,8.67e-05,0.3515,143.0658,0.00000,0.03200,0.00000,10.00000,1159.68945,0.00000,0.74306,0.00000,0.06400,0.13821,1.70490,3.65473,0.58750,0.57143,0.18182,0.00000,0.72466,0.00000,0.00000,0.00000,0.00000,1027.61800,-0.02548,-0.10173,0.22466,-0.01628,0.42055,0.72232,-0.07510,0.52539,-0.03437,-0.03270,0.15902,0.28603,0.34246,2.54604,1.99555,0.78750,0.76636,0.50000,0.71228,0.00000,0.13651,2.86578,1.81965,0.98750,0.98039,1.00000
177,0.0914,17498112,18171,0.01393,8.59e-05,0.3516,141.7461,0.00000,0.03200,0.00000,10.00000,1210.79649,0.00000,0.81301,0.00000,0.06400,0.13615,1.74354,3.46700,0.68293,0.61667,0.00000,0.00000,0.72892,0.00000,0.00000,0.00000,0.00000,1010.67065,-0.02520,-0.10007,0.22752,-0.01650,0.42277,0.72658,-0.07535,0.53338,-0.03126,-0.03263,0.16143,0.28979,0.34323,2.56760,1.14000,0.82317,0.79167,0.20000,0.71616,0.00000,0.13689,2.90409,1.96800,0.96341,0.96667,0.50000
178,0.0931,17596416,16232,0.01463,8.39e-05,0.3517,167.1227,0.00000,0.03200,0.00000,10.00000,1183.12146,0.00000,0.77568,0.00000,0.06400,0.13915,1.75802,3.31348,0.61321,0.59459,0.00000,0.00000,0.73432,0.00000,0.00000,0.00000,0.00000,994.24609,-0.02499,-0.09843,0.23031,-0.01720,0.42732,0.73200,-0.07488,0.53436,-0.03214,-0.03290,0.16226,0.29317,0.34419,2.38567,2.09600,0.79245,0.78378,0.42857,0.72093,0.00000,0.13800,2.90882,1.85876,0.97170,0.97297,0.90000
179,0.0947,17694720,16527,0.01413,8.05e-05,0.3518,165.2365,0.00000,0.03200,0.00000,10.00000,1120.69995,0.00000,0.85648,0.00000,0.06400,0.13776,1.78430,4.22428,0.68750,0.66234,0.33333,0.00000,0.73714,0.00000,0.00000,0.00000,0.00000,982.18628,-0.02486,-0.09725,0.23190,-0.01712,0.42905,0.73489,-0.07468,0.53882,-0.03068,-0.03257,0.16308,0.29515,0.34460,2.91333,2.56200,0.83333,0.81757,0.64286,0.72300,0.00000,0.13847,2.91306,1.98405,0.97917,0.98592,0.87500
180,0.0964,17793024,16689,0.01288,1.00e-04,0.3518,130.8763,0.00000,0.03200,0.00000,10.00000,1088.14762,0.00000,0.80952,0.00000,0.06400,0.13771,1.77365,4.17811,0.61905,0.61250,0.10000,0.00000,0.73831,0.00000,0.00000,0.00000,0.00000,985.80054,-0.02497,-0.09756,0.23054,-0.01670,0.42990,0.73614,-0.07440,0.53776,-0.03205,-0.03257,0.16268,0.29328,0.34502,2.91474,2.53231,0.79048,0.77124,0.57143,0.72511,0.00000,0.13720,2.90245,2.07775,0.96190,0.94521,1.00000
181,0.0978,17891328,19498,0.01430,9.32e-05,0.3519,127.4837,0.00000,0.03200,0.00000,10.00000,1169.82609,0.00000,0.79444,0.00000,0.06400,0.13708,1.75353,4.19755,0.67000,0.64384,0.22222,0.00000,0.73669,0.00000,0.00000,0.00000,0.00000,999.42147,-0.02502,-0.09897,0.22969,-0.01706,0.42962,0.73456,-0.07440,0.53662,-0.03126,-0.03271,0.16187,0.29273,0.34481,2.71504,1.99833,0.83500,0.81818,0.63158,0.72407,0.00000,0.13745,2.90846,1.80700,1.00000,1.00000,1.00000
182,0.0996,17989632,14813,0.01097,1.34e-04,0.3520,134.4947,0.00000,0.03200,0.00000,10.00000,1097.26676,0.00000,0.88542,0.00000,0.06400,0.13495,1.73974,3.51143,0.61458,0.57692,0.42857,0.00000,0.73318,0.00000,0.00000,0.00000,0.00000,996.95866,-0.02521,-0.09876,0.22786,-0.01676,0.42766,0.73105,-0.07387,0.53492,-0.03145,-0.03278,0.16080,0.29050,0.34425,2.56625,2.64666,0.79688,0.77124,0.69231,0.72127,0.00000,0.13724,2.89529,1.98000,0.97917,0.97333,1.00000
183,0.1013,18087936,16086,0.01470,1.44e-04,0.3521,132.7426,0.00000,0.03200,0.00000,10.00000,1201.97493,0.00000,0.77249,0.00000,0.06400,0.13610,1.74417,3.24846,0.65714,0.63514,0.25000,0.00000,0.73315,0.00000,0.00000,0.00000,0.00000,987.26929,-0.02515,-0.09782,0.22819,-0.01698,0.42706,0.73105,-0.07383,0.53635,-0.03145,-0.03272,0.16110,0.29081,0.34398,2.55489,2.76769,0.82857,0.81507,0.57143,0.71991,0.00000,0.13603,2.90284,2.10963,1.00000,1.00000,1.00000
184,0.1029,18186240,17368,0.01433,1.60e-04,0.3522,131.1638,0.00000,0.03200,0.00000,10.00000,1132.90239,0.00000,0.80645,0.00000,0.06400,0.13574,1.74201,3.53592,0.61290,0.58333,0.33333,0.00000,0.73295,0.00000,0.00000,0.00000,0.00000,977.60392,-0.02522,-0.09681,0.22902,-0.01705,0.42700,0.73088,-0.07399,0.53702,-0.03398,-0.03232,0.16189,0.29176,0.34410,2.49563,2.68182,0.80108,0.77037,0.64706,0.72050,0.00000,0.13673,2.90453,1.76743,0.98925,0.98413,1.00000
185,0.1046,18284544,16497,0.01630,1.50e-04,0.3523,133.7497,0.00000,0.03200,0.00000,10.00000,1185.54605,0.00000,0.81121,0.00000,0.06400,0.13572,1.73834,4.07807,0.67257,0.58750,0.42857,0.00000,0.73448,0.00000,0.00000,0.00000,0.00000,998.26261,-0.02541,-0.09884,0.22801,-0.01685,0.42619,0.73238,-0.07414,0.53453,-0.03620,-0.03283,0.16092,0.29017,0.34390,2.64455,2.49000,0.83186,0.79394,0.75000,0.71950,0.00000,0.13674,2.89111,1.84301,0.99115,0.98824,1.00000
186,0.1062,18382848,17198,0.01569,1.16e-04,0.3524,179.0164,0.00000,0.03200,0.00000,10.00000,1140.86397,0.00000,0.80409,0.00000,0.06400,0.13749,1.73687,3.32629,0.61404,0.56818,0.25000,0.00000,0.73618,0.00000,0.00000,0.00000,0.00000,1002.16927,-0.02541,-0.09932,0.22674,-0.01709,0.42735,0.73411,-0.07405,0.53173,-0.03441,-0.03294,0.16040,0.28876,0.34459,2.47474,2.36667,0.78070,0.73333,0.60000,0.72297,0.00000,0.13601,2.87181,1.89266,0.94737,0.92208,1.00000
187,0.1079,18481152,16145,0.01475,9.66e-05,0.3525,148.4386,0.00000,0.03000,0.00000,10.00000,1161.72608,0.00000,0.79932,0.00000,0.06000,0.13815,1.73769,3.76072,0.67347,0.67532,0.22222,0.00000,0.73764,0.00000,0.00000,0.00000,0.00000,993.16772,-0.02544,-0.09854,0.22674,-0.01705,0.42841,0.73550,-0.07342,0.52832,-0.03347,-0.03294,0.15984,0.28951,0.34433,2.62304,2.13200,0.81633,0.80851,0.50000,0.72165,0.00000,0.13836,2.86634,1.72914,0.95918,0.96875,0.77778
188,0.1096,18579456,16263,0.01334,9.24e-05,0.3526,158.7348,0.00000,0.03000,0.00000,10.00000,1154.77509,0.00000,0.87542,0.00000,0.06000,0.14041,1.74795,3.12117,0.63636,0.58025,0.50000,0.00000,0.73371,0.00000,0.00000,0.00000,0.00000,995.23910,-0.02508,-0.09864,0.22901,-0.01748,0.42631,0.73167,-0.07330,0.53399,-0.03376,-0.03284,0.16171,0.29256,0.34401,2.42077,2.73600,0.81818,0.78205,0.71429,0.72004,0.00000,0.13693,2.89813,1.96282,1.00000,1.00000,1.00000
189,0.1113,18677760,16106,0.01370,1.09e-04,0.3527,176.1438,0.00000,0.03000,0.00000,10.00000,1118.28842,0.00000,0.78431,0.00000,0.06000,0.13888,1.75627,3.90976,0.62353,0.60317,0.22222,0.00000,0.73488,0.00000,0.00000,0.00000,0.00000,1024.19295,-0.02523,-0.10132,0.22881,-0.01727,0.42635,0.73288,-0.07337,0.53554,-0.03490,-0.03284,0.16148,0.29266,0.34418,2.75685,2.07384,0.80000,0.77500,0.63158,0.72091,0.00000,0.13733,2.89066,1.99415,0.97647,0.96491,1.00000
190,0.1130,18776064,16218,0.01301,1.11e-04,0.3528,126.1307,0.00000,0.02800,0.00000,10.00000,1168.60214,0.00000,0.73286,0.00000,0.05600,0.13879,1.78507,3.92127,0.67021,0.64615,0.27273,0.00000,0.73713,0.00000,0.00000,0.00000,0.00000,1005.96883,-0.02505,-0.09962,0.23150,-0.01759,0.42643,0.73509,-0.07431,0.54269,-0.03338,-0.03285,0.16342,0.29539,0.34427,2.91714,1.98545,0.82447,0.80645,0.52632,0.72134,0.00000,0.13605,2.91801,2.19108,0.97872,0.98305,0.87500
191,0.1148,18874368,15141,0.01329,1.31e-04,0.3528,145.8734,0.00000,0.02800,0.00000,10.00000,1109.65230,0.00000,0.77124,0.00000,0.05600,0.13540,1.78469,3.36540,0.57647,0.55738,0.18182,0.00000,0.73976,0.00000,0.00000,0.00000,0.00000,997.94507,-0.02502,-0.09894,0.23141,-0.01685,0.42979,0.73768,-0.07451,0.54744,-0.03166,-0.03274,0.16399,0.29536,0.34547,2.49822,2.09454,0.77059,0.74576,0.55000,0.72736,0.00000,0.13531,2.92792,1.99687,0.96471,0.94737,1.00000
192,0.1164,18972672,16552,0.01448,1.20e-04,0.3529,144.6736,0.00000,0.02800,0.00000,10.00000,1135.48300,0.00000,0.84423,0.00000,0.05600,0.13612,1.80762,3.70653,0.58824,0.55952,0.00000,0.00000,0.74146,0.00000,0.00000,0.00000,0.00000,982.25627,-0.02488,-0.09743,0.23349,-0.01721,0.43085,0.73934,-0.07409,0.55231,-0.03106,-0.03282,0.16539,0.29819,0.34548,2.55415,1.71500,0.78431,0.75484,0.40000,0.72740,0.00000,0.13502,2.94801,1.79108,0.98039,0.98592,0.80000
193,0.1180,19070976,17425,0.01500,9.32e-05,0.3530,159.4485,0.00000,0.02800,0.00000,10.00000,1072.23640,0.00000,0.78373,0.00000,0.05600,0.13552,1.80350,4.19923,0.54464,0.53571,0.20000,0.00000,0.74677,0.00000,0.00000,0.00000,0.00000,975.69743,-0.02494,-0.09672,0.23290,-0.01717,0.43383,0.74457,-0.07362,0.55013,-0.03322,-0.03286,0.16475,0.29690,0.34661,2.70949,2.04706,0.76339,0.74051,0.58621,0.73307,0.00000,0.13526,2.93049,1.81908,0.98214,0.97297,1.00000
194,0.1195,19169280,18790,0.01331,8.59e-05,0.3531,151.8985,0.00000,0.02600,0.00000,10.00000,1214.20472,0.00000,0.78256,0.00000,0.05200,0.13710,1.81124,4.03800,0.70968,0.70769,0.11111,0.00000,0.74754,0.00000,0.00000,0.00000,0.00000,992.19328,-0.02511,-0.09834,0.23263,-0.01772,0.43326,0.74527,-0.07304,0.54843,-0.03345,-0.03278,0.16435,0.29720,0.34626,2.81564,2.24200,0.85484,0.85496,0.52941,0.73130,0.00000,0.13580,2.91363,1.98973,1.00000,1.00000,1.00000
195,0.1212,19267584,16229,0.01308,1.24e-04,0.3532,157.5735,0.00000,0.02400,0.00000,10.00000,1174.56669,0.00000,0.79861,0.00000,0.04800,0.13792,1.81919,3.90428,0.65179,0.59756,0.14286,0.00000,0.74926,0.00000,0.00000,0.00000,0.00000,997.44076,-0.02517,-0.09882,0.23158,-0.01787,0.43233,0.74699,-0.07373,0.54445,-0.03096,-0.03309,0.16339,0.29610,0.34676,2.69100,1.96250,0.81696,0.78261,0.57143,0.73382,0.00000,0.13616,2.89322,1.88214,0.98214,0.97468,1.00000
196,0.1229,19365888,16208,0.01667,8.05e-05,0.3533,154.6335,0.00000,0.02200,0.00000,10.00000,1119.79782,0.00000,0.86081,0.00000,0.04400,0.14001,1.83207,3.71800,0.63736,0.61333,0.33333,0.00000,0.74605,0.00000,0.00000,0.00000,0.00000,987.53507,-0.02510,-0.09785,0.23267,-0.01746,0.43042,0.74381,-0.07440,0.54529,-0.03361,-0.03297,0.16406,0.29769,0.34563,2.71574,2.24500,0.81868,0.79433,0.66667,0.72815,0.00000,0.13599,2.89269,2.01972,1.00000,1.00000,1.00000
197,0.1245,19464192,16848,0.01259,7.61e-05,0.3533,134.7070,0.00000,0.02200,0.00000,10.00000,1185.68916,0.00000,0.76389,0.00000,0.04400,0.13588,1.85913,3.79764,0.61250,0.54545,0.25000,0.00000,0.74133,0.00000,0.00000,0.00000,0.00000,991.79810,-0.02493,-0.09830,0.23305,-0.01706,0.42774,0.73912,-0.07427,0.55384,-0.03353,-0.03258,0.16496,0.29757,0.34457,2.49752,2.87400,0.80625,0.77273,0.62500,0.72286,0.00000,0.13394,2.88758,1.79587,1.00000,1.00000,1.00000
198,0.1262,19562496,16331,0.01097,1.10e-04,0.3534,123.0723,0.00000,0.02000,0.00000,10.00000,1264.02380,0.00000,0.80749,0.00000,0.04000,0.13216,1.87873,3.41953,0.72093,0.66667,0.25000,0.00000,0.74334,0.00000,0.00000,0.00000,0.00000,993.43864,-0.02477,-0.09845,0.23414,-0.01721,0.42849,0.74117,-0.07496,0.56071,-0.03074,-0.03264,0.16622,0.29863,0.34505,2.43222,3.03000,0.86047,0.83200,0.57143,0.72527,0.00000,0.13357,2.90812,1.77908,1.00000,1.00000,1.00000
199,0.1279,19660800,16017,0.01489,1.00e-04,0.3535,139.7110,0.00000,0.01800,0.00000,10.00000,1264.41241,0.00000,0.73718,0.00000,0.03600,0.13282,1.85317,3.61321,0.71154,0.67568,0.40000,0.00000,0.74251,0.00000,0.00000,0.00000,0.00000,1003.24870,-0.02485,-0.09936,0.23362,-0.01690,0.42953,0.74030,-0.07538,0.55565,-0.03411,-0.03270,0.16553,0.29800,0.34537,2.54504,2.65833,0.85096,0.81884,0.66667,0.72683,0.00000,0.13529,2.90077,1.70253,0.99038,0.98438,1.00000
200,0.1296,19759104,15622,0.01293,1.31e-04,0.3536,128.6156,0.00000,0.01600,0.00000,10.00000,1213.81039,0.00000,0.83889,0.00000,0.03200,0.13038,1.83447,3.52582,0.72000,0.66667,0.40000,0.00000,0.74243,0.00000,0.00000,0.00000,0.00000,1000.41195,-0.02507,-0.09916,0.23142,-0.01665,0.42933,0.74026,-0.07585,0.55340,-0.02864,-0.03273,0.16415,0.29487,0.34491,2.61704,2.75143,0.85000,0.82781,0.63636,0.72456,0.00000,0.13444,2.90012,1.99225,0.98000,0.98684,0.83333
201,0.1314,19857408,16030,0.01708,6.99e-05,0.3537,160.4420,0.00000,0.01400,0.00000,10.00000,1182.40357,0.00000,0.79894,0.00000,0.02800,0.13095,1.78416,3.57298,0.67619,0.66667,0.30769,0.00000,0.74099,0.00000,0.00000,0.00000,0.00000,1008.75033,-0.02530,-0.09999,0.22906,-0.01636,0.42817,0.73894,-0.07547,0.54507,-0.03383,-0.03270,0.16188,0.29134,0.34471,2.59338,1.98500,0.82857,0.82119,0.57143,0.72356,0.00000,0.13514,2.88450,1.91244,0.98095,0.97368,1.00000
202,0.1329,19955712,17563,0.00983,1.01e-04,0.3538,144.1586,0.00000,0.01200,0.00000,10.00000,1175.78110,0.00000,0.83058,0.00000,0.02400,0.13153,1.75402,3.45966,0.68317,0.65854,0.50000,0.00000,0.74080,0.00000,0.00000,0.00000,0.00000,990.47852,-0.02545,-0.09819,0.22792,-0.01637,0.42716,0.73880,-0.07520,0.54111,-0.03202,-0.03285,0.16102,0.29007,0.34407,2.54504,2.61333,0.82178,0.78808,0.69231,0.72036,0.00000,0.13540,2.89306,1.77211,0.96040,0.94203,1.00000
203,0.1347,20054016,15547,0.01198,1.45e-04,0.3538,156.9998,0.00000,0.01000,0.00000,10.00000,1125.20057,0.00000,0.83333,0.00000,0.02000,0.13365,1.71685,3.62261,0.59184,0.53425,0.25000,0.00000,0.73430,0.00000,0.00000,0.00000,0.00000,997.82121,-0.02562,-0.09891,0.22618,-0.01692,0.42399,0.73234,-0.07510,0.53256,-0.03276,-0.03277,0.15914,0.28793,0.34310,2.54928,2.14600,0.78061,0.75510,0.56250,0.71551,0.00000,0.13645,2.87604,1.92430,0.96939,0.97297,0.87500
204,0.1365,20152320,15467,0.01708,8.19e-05,0.3539,149.2700,0.00000,0.00800,0.00000,10.00000,1083.02039,0.00000,0.81667,0.00000,0.01600,0.13129,1.71765,4.14458,0.59000,0.57143,0.20000,0.00000,0.73167,0.00000,0.00000,0.00000,0.00000,1005.03459,-0.02575,-0.09959,0.22504,-0.01620,0.42211,0.72979,-0.07495,0.53361,-0.03166,-0.03280,0.15887,0.28590,0.34284,2.76945,1.95833,0.78500,0.76190,0.60000,0.71421,0.00000,0.13502,2.87171,1.93392,0.98000,0.97143,1.00000
205,0.1382,20250624,16178,0.01387,8.88e-05,0.3540,159.2503,0.00000,0.00600,0.00000,10.00000,1194.72484,0.00000,0.78363,0.00000,0.01200,0.13261,1.70499,3.36410,0.58947,0.51429,0.16667,0.00000,0.72820,0.00000,0.00000,0.00000,0.00000,999.99626,-0.02576,-0.09903,0.22517,-0.01656,0.42021,0.72629,-0.07546,0.53248,-0.03144,-0.03254,0.15883,0.28602,0.34191,2.35815,1.88857,0.78947,0.73881,0.58333,0.70953,0.00000,0.13529,2.87622,1.78956,0.98947,0.98438,1.00000
206,0.1399,20348928,15998,0.01407,7.61e-05,0.3541,159.7334,0.00000,0.00400,0.00000,10.00000,1206.08360,0.00000,0.78920,0.00000,0.00800,0.13190,1.69804,3.28040,0.65421,0.58974,0.28571,0.00000,0.72921,0.00000,0.00000,0.00000,0.00000,1036.43009,-0.02571,-0.10259,0.22439,-0.01627,0.42088,0.72738,-0.07564,0.52989,-0.03057,-0.03289,0.15731,0.28495,0.34208,2.38661,2.72666,0.81308,0.76974,0.64286,0.71042,0.00000,0.13591,2.86482,1.82800,0.97196,0.95946,1.00000
207,0.1414,20447232,18157,0.01120,1.20e-04,0.3542,141.8179,0.00000,0.00400,0.00000,10.00000,1225.47681,0.00000,0.77957,0.00000,0.00800,0.13126,1.65225,3.57132,0.65323,0.55172,0.42857,0.00000,0.72779,0.00000,0.00000,0.00000,0.00000,1027.45361,-0.02600,-0.10173,0.22080,-0.01623,0.42102,0.72601,-0.07563,0.52279,-0.03425,-0.03312,0.15507,0.28022,0.34240,2.50943,3.36000,0.81048,0.75287,0.63636,0.71199,0.00000,0.13532,2.85034,1.86253,0.96774,0.95402,1.00000
208,0.1429,20545536,18145,0.01426,1.25e-04,0.3543,133.0655,0.00000,0.00400,0.00000,10.00000,1177.09480,0.00000,0.77403,0.00000,0.00800,0.13310,1.60646,3.18195,0.58427,0.53623,0.28571,0.00000,0.72001,0.00000,0.00000,0.00000,0.00000,1006.95117,-0.02627,-0.09966,0.21791,-0.01637,0.41714,0.71828,-0.07583,0.51641,-0.03376,-0.03257,0.15326,0.27668,0.34090,2.35643,2.66500,0.78652,0.73387,0.58333,0.70450,0.00000,0.13423,2.84142,1.79233,0.98876,0.98182,1.00000
209,0.1444,20643840,17905,0.01625,1.30e-04,0.3544,135.9155,0.00000,0.00400,0.00000,10.00000,1194.12212,0.00000,0.83821,0.00000,0.00800,0.12996,1.60035,3.10346,0.62281,0.55682,0.00000,0.00000,0.71211,0.00000,0.00000,0.00000,0.00000,1020.71932,-0.02625,-0.10114,0.21732,-0.01563,0.41164,0.71036,-0.07535,0.51756,-0.03304,-0.03274,0.15362,0.27589,0.33854,2.36786,1.65500,0.80702,0.77326,0.44444,0.69269,0.00000,0.13413,2.84542,1.93318,0.99123,1.00000,0.80000
210,0.1461,20742144,16525,0.01240,1.38e-04,0.3544,122.2608,0.00000,0.00400,0.00000,10.00000,1146.01066,0.00000,0.77327,0.00000,0.00800,0.12967,1.56604,2.75500,0.55405,0.50000,0.36364,0.00000,0.71168,0.00000,0.00000,0.00000,0.00000,1012.31071,-0.02650,-0.10027,0.21505,-0.01518,0.41043,0.70995,-0.07666,0.51126,-0.03424,-0.03236,0.15221,0.27296,0.33871,2.19494,2.68154,0.77027,0.73786,0.65000,0.69353,0.00000,0.13442,2.84248,1.89119,0.98649,0.98039,1.00000
211,0.1479,20840448,15428,0.01535,9.12e-05,0.3545,126.6215,0.00000,0.00400,0.00000,10.00000,1129.60481,0.00000,0.80524,0.00000,0.00800,0.13092,1.56115,3.44500,0.61798,0.54545,0.42857,0.00000,0.70853,0.00000,0.00000,0.00000,0.00000,1025.47502,-0.02636,-0.10149,0.21557,-0.01535,0.40885,0.70683,-0.07722,0.51324,-0.03254,-0.03248,0.15260,0.27373,0.33747,2.67364,2.83000,0.78652,0.74419,0.64286,0.68736,0.00000,0.13317,2.86475,2.21313,0.95506,0.95238,0.85714
212,0.1494,20938752,18143,0.01131,9.24e-05,0.3546,145.5205,0.00000,0.00400,0.00000,10.00000,1062.28410,0.00000,0.77124,0.00000,0.00800,0.13244,1.57078,3.89143,0.49412,0.48438,0.23077,0.00000,0.70921,0.00000,0.00000,0.00000,0.00000,1039.53678,-0.02628,-0.10298,0.21537,-0.01564,0.40969,0.70755,-0.07775,0.51084,-0.03169,-0.03263,0.15233,0.27357,0.33734,2.57495,1.87571,0.74118,0.71186,0.58333,0.68670,0.00000,0.13370,2.85317,1.85500,0.98824,0.98148,1.00000
213,0.1511,21037056,16129,0.01302,1.11e-04,0.3546,144.1219,0.00000,0.00400,0.00000,10.00000,1132.78921,0.00000,0.85151,0.00000,0.00800,0.13273,1.55651,3.61866,0.56075,0.48235,0.40000,0.00000,0.71229,0.00000,0.00000,0.00000,0.00000,1055.24032,-0.02631,-0.10455,0.21501,-0.01530,0.41066,0.71061,-0.07687,0.51049,-0.03507,-0.03295,0.15206,0.27279,0.33816,2.55515,2.06333,0.77570,0.72561,0.66667,0.69081,0.00000,0.13285,2.86076,1.97855,0.99065,0.98734,1.00000
214,0.1527,21135360,16902,0.01168,1.44e-04,0.3547,159.4135,0.00000,0.00400,0.00000,10.00000,1145.17229,0.00000,0.74405,0.00000,0.00800,0.13126,1.54471,3.72470,0.60714,0.49351,0.68750,0.00000,0.71467,0.00000,0.00000,0.00000,0.00000,1032.36629,-0.02633,-0.10225,0.21389,-0.01565,0.41263,0.71306,-0.07690,0.50924,-0.02904,-0.03288,0.15122,0.27121,0.33905,2.55014,3.12689,0.78571,0.72667,0.80000,0.69525,0.00000,0.13275,2.86727,1.87708,0.96429,0.97260,0.89474
215,0.1545,21233664,15836,0.01431,1.31e-04,0.3548,151.4386,0.00000,0.00400,0.00000,10.00000,1183.05739,0.00000,0.80308,0.00000,0.00800,0.13700,1.51508,3.37500,0.58416,0.50000,0.00000,0.00000,0.71210,0.00000,0.00000,0.00000,0.00000,1023.86385,-0.02621,-0.10142,0.21551,-0.01575,0.41241,0.71055,-0.07672,0.50543,-0.03396,-0.03283,0.15140,0.27377,0.33893,2.38169,1.48500,0.78713,0.73973,0.58333,0.69464,0.00000,0.13451,2.89105,1.87231,0.99010,0.98611,1.00000
216,0.1562,21331968,16018,0.01372,1.44e-04,0.3548,175.6700,0.00000,0.00400,0.00000,10.00000,1101.52197,0.00000,0.83608,0.00000,0.00800,0.13376,1.49207,3.43946,0.50495,0.41975,0.40000,0.00000,0.71426,0.00000,0.00000,0.00000,0.00000,1031.39404,-0.02648,-0.10213,0.21344,-0.01569,0.41281,0.71270,-0.07680,0.50305,-0.03546,-0.03285,0.15015,0.27110,0.33905,2.45696,2.41428,0.74752,0.69079,0.60000,0.69526,0.00000,0.13442,2.88086,1.97227,0.99010,1.00000,0.80000
217,0.1578,21430272,16792,0.01794,7.70e-05,0.3550,168.9301,0.00000,0.00400,0.00000,10.00000,1072.64991,0.00000,0.83333,0.00000,0.00800,0.13658,1.49072,3.18857,0.47778,0.39394,0.12500,0.00000,0.71011,0.00000,0.00000,0.00000,0.00000,1030.42586,-0.02644,-0.10211,0.21423,-0.01597,0.41050,0.70857,-0.07823,0.50151,-0.03566,-0.03264,0.15029,0.27192,0.33798,2.47980,2.76750,0.72778,0.68889,0.53333,0.68992,0.00000,0.13485,2.88292,2.21520,0.97778,0.97101,1.00000
218,0.1593,21528576,17771,0.01406,8.67e-05,0.3550,170.8885,0.00000,0.00400,0.00000,10.00000,1189.71798,0.00000,0.77503,0.00000,0.00800,0.13531,1.49048,3.23828,0.59259,0.52542,0.16667,0.00000,0.70678,0.00000,0.00000,0.00000,0.00000,1053.98136,-0.02640,-0.10435,0.21452,-0.01560,0.40748,0.70524,-0.07741,0.50517,-0.03750,-0.03270,0.15093,0.27194,0.33720,2.40851,1.61250,0.79012,0.74336,0.58333,0.68599,0.00000,0.13337,2.89626,1.91627,0.98765,0.98148,1.00000
219,0.1610,21626880,16338,0.01117,1.11e-04,0.3551,150.1786,0.00000,0.00400,0.00000,10.00000,1208.84393,0.00000,0.76628,0.00000,0.00800,0.13486,1.48359,3.65448,0.59770,0.44828,0.40000,0.00000,0.70881,0.00000,0.00000,0.00000,0.00000,1046.44019,-0.02636,-0.10366,0.21524,-0.01584,0.40839,0.70727,-0.07819,0.50701,-0.03541,-0.03262,0.15212,0.27293,0.33744,2.46000,2.58286,0.79310,0.72500,0.70000,0.68718,0.00000,0.13350,2.92675,1.93515,0.98851,0.98387,1.00000
220,0.1628,21725184,15416,0.01241,1.04e-04,0.3551,148.1085,0.00000,0.00400,0.00000,10.00000,1054.27924,0.00000,0.83608,0.00000,0.00800,0.13705,1.47939,3.67838,0.45545,0.40000,0.00000,0.00000,0.71341,0.00000,0.00000,0.00000,0.00000,1056.34367,-0.02622,-0.10456,0.21542,-0.01603,0.41185,0.71185,-0.07822,0.50534,-0.03684,-0.03284,0.15183,0.27321,0.33864,2.57125,1.50500,0.71782,0.67105,0.36364,0.69322,0.00000,0.13368,2.92292,2.02507,0.98020,0.97222,1.00000
221,0.1645,21823488,16497,0.01254,1.00e-04,0.3552,161.9324,0.00000,0.00400,0.00000,10.00000,1066.19699,0.00000,0.80499,0.00000,0.00800,0.13570,1.51384,3.58833,0.39796,0.26389,0.25000,0.00000,0.71741,0.00000,0.00000,0.00000,0.00000,1050.71313,-0.02602,-0.10408,0.21708,-0.01614,0.41470,0.71584,-0.07806,0.51283,-0.03407,-0.03299,0.15321,0.27560,0.33958,2.25165,2.19333,0.69898,0.62676,0.64706,0.69790,0.00000,0.13266,2.93838,1.84557,1.00000,1.00000,1.00000
222,0.1661,21921792,16770,0.01790,6.82e-05,0.3553,147.6010,0.00000,0.00400,0.00000,10.00000,1089.62550,0.00000,0.80020,0.00000,0.00800,0.13722,1.52688,3.67789,0.45872,0.42169,0.15385,0.00000,0.72347,0.00000,0.00000,0.00000,0.00000,1050.04378,-0.02601,-0.10405,0.21797,-0.01646,0.41774,0.72185,-0.07780,0.51284,-0.03602,-0.03313,0.15303,0.27672,0.34055,2.35333,2.16461,0.72936,0.69427,0.54167,0.70273,0.00000,0.13308,2.92833,1.76118,1.00000,1.00000,1.00000
223,0.1678,22020096,15922,0.00979,9.32e-05,0.3554,152.4946,0.00000,0.00400,0.00000,10.00000,1037.31910,0.00000,0.82524,0.00000,0.00800,0.13849,1.53886,4.04216,0.46602,0.39286,0.50000,0.00000,0.72486,0.00000,0.00000,0.00000,0.00000,1011.62093,-0.02585,-0.10035,0.21966,-0.01665,0.41899,0.72319,-0.07681,0.51596,-0.03529,-0.03280,0.15470,0.27941,0.34092,2.66789,2.47400,0.71359,0.64706,0.66667,0.70459,0.00000,0.13363,2.94820,1.96167,0.96117,0.95652,0.85714
224,0.1695,22118400,16917,0.01323,1.01e-04,0.3555,168.3899,0.00000,0.00400,0.00000,10.00000,1071.27742,0.00000,0.83900,0.00000,0.00800,0.13985,1.54806,4.31043,0.53061,0.49367,0.33333,0.00000,0.72392,0.00000,0.00000,0.00000,0.00000,1004.65177,-0.02599,-0.09954,0.22003,-0.01608,0.41829,0.72223,-0.07661,0.51705,-0.03487,-0.03284,0.15491,0.27984,0.34062,2.84918,2.76400,0.76531,0.72973,0.62500,0.70311,0.00000,0.13268,2.93623,1.96474,1.00000,1.00000,1.00000
225,0.1711,22216704,17169,0.01261,1.45e-04,0.3556,184.2112,0.00000,0.00400,0.00000,10.00000,1122.14402,0.00000,0.74074,0.00000,0.00800,0.13665,1.54543,4.35600,0.56566,0.42647,0.60000,0.00000,0.71974,0.00000,0.00000,0.00000,0.00000,1021.31624,-0.02618,-0.10127,0.21937,-0.01572,0.41510,0.71799,-0.07674,0.51951,-0.03733,-0.03287,0.15454,0.27798,0.33982,2.72796,3.01846,0.75253,0.66667,0.70588,0.69910,0.00000,0.13105,2.92745,1.89000,0.93939,0.92188,0.85714
226,0.1727,22315008,16467,0.01427,1.45e-04,0.3557,145.8393,0.00000,0.00400,0.00000,10.00000,1108.01921,0.00000,0.79861,0.00000,0.00800,0.13976,1.56306,4.10353,0.54167,0.44118,0.25000,0.00000,0.72023,0.00000,0.00000,0.00000,0.00000,1027.96704,-0.02619,-0.10186,0.21963,-0.01607,0.41442,0.71844,-0.07730,0.51684,-0.03535,-0.03275,0.15445,0.27850,0.34000,2.63688,2.24000,0.76042,0.71014,0.60000,0.70000,0.00000,0.13150,2.91250,1.97200,0.97917,0.97143,1.00000
227,0.1744,22413312,16026,0.01654,9.24e-05,0.3558,166.6396,0.00000,0.00400,0.00000,10.00000,1015.66377,0.00000,0.82285,0.00000,0.00800,0.13577,1.56056,4.51111,0.41509,0.35366,0.25000,0.00000,0.72135,0.00000,0.00000,0.00000,0.00000,1030.24528,-0.02624,-0.10208,0.21834,-0.01550,0.41581,0.71952,-0.07736,0.51812,-0.03713,-0.03275,0.15394,0.27677,0.34036,2.81554,2.51384,0.70755,0.66242,0.59091,0.70181,0.00000,0.13121,2.89685,2.09741,1.00000,1.00000,1.00000
228,0.1761,22511616,16162,0.01268,1.01e-04,0.3558,181.3526,0.00000,0.00400,0.00000,10.00000,1106.86946,0.00000,0.81802,0.00000,0.00800,0.13410,1.55854,3.86083,0.53543,0.42553,0.54545,0.00000,0.72196,0.00000,0.00000,0.00000,0.00000,1023.15177,-0.02644,-0.10141,0.21709,-0.01600,0.41681,0.72011,-0.07701,0.51512,-0.03503,-0.03305,0.15316,0.27532,0.34075,2.55102,2.73600,0.75591,0.69519,0.75000,0.70376,0.00000,0.13207,2.87775,1.91596,0.97638,0.96774,1.00000
229,0.1778,22609920,16422,0.01200,1.45e-04,0.3559,147.5480,0.00000,0.00400,0.00000,10.00000,1080.91061,0.00000,0.82041,0.00000,0.00800,0.13742,1.55492,4.44000,0.54651,0.44615,0.40000,0.00000,0.71951,0.00000,0.00000,0.00000,0.00000,1032.57007,-0.02647,-0.10223,0.21676,-0.01609,0.41459,0.71772,-0.07740,0.51227,-0.03657,-0.03286,0.15283,0.27536,0.34002,2.86360,2.76000,0.76744,0.70866,0.70000,0.70012,0.00000,0.13210,2.86933,2.05151,0.98837,0.98387,1.00000
230,0.1795,22708224,15917,0.01682,1.01e-04,0.3560,172.5753,0.00000,0.00400,0.00000,10.00000,1118.43570,0.00000,0.91346,0.00000,0.00800,0.13622,1.56650,4.05170,0.61538,0.53488,1.00000,0.00000,0.71628,0.00000,0.00000,0.00000,0.00000,1024.43180,-0.02634,-0.10155,0.21771,-0.01645,0.41253,0.71451,-0.07792,0.51366,-0.03488,-0.03303,0.15261,0.27606,0.33945,2.73243,2.12400,0.79808,0.75439,1.00000,0.69727,0.00000,0.13271,2.87420,1.92873,0.98077,0.97647,1.00000
231,0.1813,22806528,15871,0.01431,1.01e-04,0.3561,164.5797,0.00000,0.00400,0.00000,10.00000,1088.56881,0.00000,0.76923,0.00000,0.00800,0.13497,1.56622,3.98378,0.60256,0.53704,0.53846,0.00000,0.71720,0.00000,0.00000,0.00000,0.00000,1039.41187,-0.02629,-0.10302,0.21892,-0.01664,0.41200,0.71538,-0.07843,0.51913,-0.03414,-0.03275,0.15367,0.27754,0.33895,2.70396,2.62666,0.78205,0.75000,0.70833,0.69473,0.00000,0.13199,2.90706,1.96406,0.96154,0.96296,0.90909
232,0.1829,22904832,16246,0.01249,1.31e-04,0.3562,146.0696,0.00000,0.00400,0.00000,10.00000,1162.16476,0.00000,0.75908,0.00000,0.00800,0.13713,1.57343,4.08457,0.59406,0.46970,0.33333,0.00000,0.72138,0.00000,0.00000,0.00000,0.00000,1043.70378,-0.02608,-0.10341,0.22009,-0.01617,0.41558,0.71955,-0.07816,0.52202,-0.03686,-0.03304,0.15525,0.27949,0.34056,2.58431,2.40308,0.79208,0.73913,0.68421,0.70279,0.00000,0.13122,2.93185,1.93605,0.99010,0.98611,1.00000
233,0.1847,23003136,15711,0.01282,1.89e-04,0.3563,152.6079,0.00000,0.00400,0.00000,10.00000,1078.07933,0.00000,0.74074,0.00000,0.00800,0.13764,1.59261,3.83187,0.51190,0.41667,0.50000,0.00000,0.72523,0.00000,0.00000,0.00000,0.00000,1036.49626,-0.02589,-0.10269,0.22210,-0.01660,0.41955,0.72340,-0.07789,0.52749,-0.03686,-0.03283,0.15706,0.28211,0.34173,2.63553,2.32444,0.74405,0.66964,0.75000,0.70866,0.00000,0.13057,2.95589,2.01806,0.97619,0.96154,1.00000
234,0.1861,23101440,18946,0.02112,7.60e-05,0.3564,143.9722,0.00000,0.00400,0.00000,10.00000,1090.74416,0.00000,0.79288,0.00000,0.00800,0.13766,1.60227,3.86187,0.48544,0.40789,0.11111,0.00000,0.72766,0.00000,0.00000,0.00000,0.00000,1013.05648,-0.02579,-0.10040,0.22314,-0.01654,0.42093,0.72577,-0.07735,0.52911,-0.03322,-0.03297,0.15776,0.28401,0.34168,2.46018,2.57111,0.73301,0.68027,0.52941,0.70842,0.00000,0.13153,2.97494,1.87766,0.98058,0.97183,1.00000
235,0.1875,23199744,19846,0.01257,7.70e-05,0.3565,168.7534,0.00000,0.00400,0.00000,10.00000,1148.52865,0.00000,0.71958,0.00000,0.00800,0.13388,1.58970,3.73714,0.52381,0.40541,0.33333,0.00000,0.72899,0.00000,0.00000,0.00000,0.00000,996.62101,-0.02588,-0.09879,0.22195,-0.01586,0.42214,0.72716,-0.07627,0.52904,-0.03447,-0.03308,0.15689,0.28182,0.34204,2.51371,2.11833,0.75238,0.66912,0.63158,0.71020,0.00000,0.13123,2.96159,1.90200,0.98095,0.98387,0.90000
236,0.1893,23298048,15865,0.01160,1.11e-04,0.3566,125.4121,0.00000,0.00400,0.00000,10.00000,1146.66303,0.00000,0.77188,0.00000,0.00800,0.13335,1.58309,4.03743,0.52212,0.43529,0.14286,0.00000,0.72352,0.00000,0.00000,0.00000,0.00000,982.51782,-0.02588,-0.09741,0.22179,-0.01661,0.41977,0.72166,-0.07693,0.52866,-0.03341,-0.03287,0.15681,0.28138,0.34097,2.56322,1.89250,0.75664,0.68790,0.57143,0.70486,0.00000,0.13115,2.95629,1.83544,0.99115,0.98611,1.00000
237,0.1910,23396352,16190,0.01201,1.60e-04,0.3567,172.9252,0.00000,0.00400,0.00000,10.00000,1151.10284,0.00000,0.83333,0.00000,0.00800,0.13468,1.56833,3.53800,0.57609,0.54167,0.00000,0.00000,0.72180,0.00000,0.00000,0.00000,0.00000,1008.92033,-0.02609,-0.09991,0.22016,-0.01602,0.41872,0.71994,-0.07660,0.52424,-0.03504,-0.03292,0.15504,0.27892,0.34082,2.39375,1.78000,0.78804,0.76087,0.50000,0.70409,0.00000,0.13029,2.92623,1.75805,1.00000,1.00000,1.00000
238,0.1927,23494656,15655,0.02074,6.34e-05,0.3568,128.7426,0.00000,0.00400,0.00000,10.00000,1116.29466,0.00000,0.83965,0.00000,0.00800,0.13328,1.54948,3.54838,0.51136,0.40580,0.60000,0.00000,0.71703,0.00000,0.00000,0.00000,0.00000,1017.54565,-0.02629,-0.10078,0.21780,-0.01555,0.41526,0.71521,-0.07680,0.52045,-0.03803,-0.03283,0.15430,0.27616,0.33986,2.35580,2.33500,0.75568,0.69173,0.80000,0.69930,0.00000,0.13019,2.91112,1.82000,1.00000,1.00000,1.00000
239,0.1944,23592960,16060,0.01144,6.42e-05,0.3568,148.7826,0.00000,0.00400,0.00000,10.00000,1088.35397,0.00000,0.84362,0.00000,0.00800,0.13279,1.57098,4.06687,0.53086,0.44262,0.00000,0.00000,0.71506,0.00000,0.00000,0.00000,0.00000,1023.08276,-0.02621,-0.10148,0.21855,-0.01546,0.41353,0.71323,-0.07717,0.52246,-0.03352,-0.03295,0.15519,0.27775,0.33956,2.70021,1.58000,0.75309,0.70732,0.50000,0.69782,0.00000,0.13079,2.92186,2.01687,0.97531,0.96774,1.00000
240,0.1961,23691264,16134,0.01178,9.24e-05,0.3569,158.2212,0.00000,0.00400,0.00000,10.00000,1150.99444,0.00000,0.76747,0.00000,0.00800,0.13737,1.58300,3.96731,0.53608,0.50000,0.11111,0.00000,0.71843,0.00000,0.00000,0.00000,0.00000,1015.91911,-0.02603,-0.10074,0.22116,-0.01645,0.41468,0.71662,-0.07759,0.52285,-0.03388,-0.03293,0.15625,0.28072,0.33959,2.65036,1.54000,0.76804,0.72388,0.55556,0.69794,0.00000,0.13145,2.93846,1.86783,1.00000,1.00000,1.00000
241,0.1978,23789568,16025,0.01665,6.47e-05,0.3570,168.1636,0.00000,0.00400,0.00000,10.00000,1081.88903,0.00000,0.87814,0.00000,0.00800,0.13610,1.58697,3.73200,0.52688,0.46753,0.25000,0.00000,0.72229,0.00000,0.00000,0.00000,0.00000,1036.88338,-0.02603,-0.10270,0.22102,-0.01709,0.41877,0.72039,-0.07794,0.52457,-0.03287,-0.03307,0.15545,0.28062,0.34095,2.48165,1.17000,0.74731,0.70068,0.50000,0.70475,0.00000,0.13123,2.92862,1.75681,0.96774,0.95714,1.00000
242,0.1995,23887872,16761,0.01394,5.97e-05,0.3571,157.5377,0.00000,0.00400,0.00000,10.00000,1139.57842,0.00000,0.76720,0.00000,0.00800,0.13545,1.59255,3.38800,0.58095,0.46575,0.58333,0.00000,0.72436,0.00000,0.00000,0.00000,0.00000,1032.48096,-0.02587,-0.10232,0.22223,-0.01663,0.41975,0.72245,-0.07702,0.52841,-0.03401,-0.03312,0.15604,0.28200,0.34115,2.49377,3.17000,0.77143,0.70345,0.76190,0.70578,0.00000,0.13109,2.94913,1.97117,0.96190,0.94444,1.00000
243,0.2011,23986176,16515,0.01237,6.34e-05,0.3571,165.7422,0.00000,0.00400,0.00000,10.00000,1161.67937,0.00000,0.80000,0.00000,0.00800,0.13372,1.59429,3.84952,0.63000,0.54412,0.40000,0.00000,0.72921,0.00000,0.00000,0.00000,0.00000,1009.63021,-0.02590,-0.10007,0.22295,-0.01677,0.42106,0.72733,-0.07672,0.53106,-0.03278,-0.03304,0.15654,0.28244,0.34185,2.62322,2.52500,0.81000,0.77778,0.64706,0.70923,0.00000,0.13084,2.96258,1.99512,0.99000,0.98684,1.00000
244,0.2028,24084480,16563,0.00961,9.13e-05,0.3572,166.4544,0.00000,0.00400,0.00000,10.00000,1046.26053,0.00000,0.84325,0.00000,0.00800,0.13687,1.58616,3.73000,0.41071,0.31461,0.44444,0.00000,0.72932,0.00000,0.00000,0.00000,0.00000,1006.23291,-0.02579,-0.09983,0.22361,-0.01642,0.42239,0.72745,-0.07645,0.53037,-0.03591,-0.03318,0.15732,0.28395,0.34227,2.38183,2.23800,0.69196,0.62941,0.60000,0.71133,0.00000,0.13091,2.97547,1.80405,0.97321,0.97531,0.83333
245,0.2045,24182784,15833,0.01253,1.31e-04,0.3573,161.3648,0.00000,0.00400,0.00000,10.00000,1113.48989,0.00000,0.74275,0.00000,0.00800,0.13685,1.59746,3.78437,0.48913,0.36364,0.50000,0.00000,0.72951,0.00000,0.00000,0.00000,0.00000,990.63127,-0.02600,-0.09836,0.22269,-0.01616,0.42177,0.72765,-0.07633,0.53071,-0.03446,-0.03282,0.15733,0.28313,0.34224,2.56783,2.54154,0.72826,0.64228,0.72222,0.71120,0.00000,0.13006,2.95854,1.96892,0.96739,0.96491,1.00000
246,0.2062,24281088,16574,0.01766,6.47e-05,0.3575,154.2976,0.00000,0.00400,0.00000,10.00000,1179.31482,0.00000,0.74257,0.00000,0.00800,0.13899,1.58967,4.07285,0.61386,0.51429,0.44444,0.00000,0.72671,0.00000,0.00000,0.00000,0.00000,1011.81234,-0.02606,-0.10037,0.22216,-0.01642,0.41895,0.72490,-0.07579,0.52852,-0.03853,-0.03306,0.15685,0.28261,0.34130,2.67621,2.76154,0.80198,0.74815,0.66667,0.70651,0.00000,0.12976,2.93542,1.88351,0.99010,1.00000,0.88889
247,0.2078,24379392,17333,0.00954,9.32e-05,0.3575,178.5455,0.00000,0.00400,0.00000,10.00000,1125.31629,0.00000,0.83614,0.00000,0.00800,0.13533,1.59660,3.81052,0.53535,0.47368,0.14286,0.00000,0.72587,0.00000,0.00000,0.00000,0.00000,1018.93840,-0.02634,-0.10102,0.22067,-0.01572,0.41812,0.72401,-0.07688,0.52772,-0.03758,-0.03306,0.15551,0.28005,0.34124,2.51395,2.08600,0.76263,0.72483,0.62500,0.70619,0.00000,0.12947,2.91512,1.90568,0.98990,0.98630,1.00000
248,0.2096,24477696,14617,0.01322,1.00e-04,0.3576,181.7034,0.00000,0.00400,0.00000,10.00000,1122.08544,0.00000,0.78579,0.00000,0.00800,0.14006,1.59878,3.89866,0.54054,0.42683,0.60000,0.00000,0.72642,0.00000,0.00000,0.00000,0.00000,1034.37467,-0.02632,-0.10258,0.22022,-0.01652,0.41914,0.72456,-0.07646,0.52127,-0.03735,-0.03338,0.15433,0.27902,0.34162,2.51355,2.48000,0.75676,0.68153,0.76471,0.70809,0.00000,0.12966,2.88464,1.72456,0.97297,0.96000,1.00000
249,0.2112,24576000,17123,0.01454,9.32e-05,0.3577,162.5725,0.00000,0.00400,0.00000,10.00000,1142.27074,0.00000,0.79502,0.00000,0.00800,0.13864,1.60771,4.20560,0.59483,0.50000,0.50000,0.00000,0.72886,0.00000,0.00000,0.00000,0.00000,1040.85213,-0.02640,-0.10306,0.21874,-0.01618,0.42025,0.72708,-0.07529,0.51913,-0.03518,-0.03345,0.15364,0.27734,0.34193,2.79852,2.59077,0.78017,0.72289,0.70588,0.70963,0.00000,0.12982,2.85480,1.97082,0.96552,0.96250,0.88889
250,0.2129,24674304,16829,0.01577,8.70e-05,0.3578,170.8438,0.00000,0.00400,0.00000,10.00000,1172.43961,0.00000,0.83021,0.00000,0.00800,0.13871,1.61008,3.76829,0.60674,0.51471,0.60000,0.00000,0.72470,0.00000,0.00000,0.00000,0.00000,1031.59180,-0.02624,-0.10225,0.21951,-0.01671,0.41828,0.72297,-0.07588,0.51968,-0.03457,-0.03333,0.15340,0.27832,0.34135,2.53802,2.61750,0.80337,0.75188,0.80000,0.70673,0.00000,0.13059,2.86622,1.81743,1.00000,1.00000,1.00000
251,0.2143,24772608,20008,0.01360,8.35e-05,0.3578,173.7834,0.00000,0.00400,0.00000,10.00000,1111.38397,0.00000,0.80858,0.00000,0.00800,0.13784,1.60204,4.43030,0.49505,0.37975,0.33333,0.00000,0.72279,0.00000,0.00000,0.00000,0.00000,1037.98112,-0.02631,-0.10280,0.21939,-0.01635,0.41664,0.72115,-0.07572,0.52007,-0.04112,-0.03322,0.15381,0.27856,0.34108,2.68196,2.93500,0.73762,0.65306,0.66667,0.70538,0.00000,0.13112,2.85879,1.84580,0.98020,0.97059,1.00000
252,0.2160,24870912,16169,0.01030,1.20e-04,0.3579,167.0921,0.00000,0.00400,0.00000,10.00000,1213.29083,0.00000,0.67407,0.00000,0.00800,0.13760,1.61379,4.29526,0.68000,0.65306,0.36364,0.00000,0.72247,0.00000,0.00000,0.00000,0.00000,1056.35897,-0.02624,-0.10465,0.22087,-0.01660,0.41743,0.72081,-0.07663,0.52452,-0.04111,-0.03327,0.15446,0.28023,0.34127,2.84322,2.36941,0.84000,0.81319,0.70833,0.70634,0.00000,0.13073,2.88494,1.84000,1.00000,1.00000,1.00000
253,0.2174,24969216,19384,0.01665,7.76e-05,0.3580,178.0796,0.00000,0.00400,0.00000,10.00000,1092.03162,0.00000,0.80423,0.00000,0.00800,0.13729,1.60774,4.10638,0.59048,0.48000,0.66667,0.00000,0.72480,0.00000,0.00000,0.00000,0.00000,1077.20573,-0.02623,-0.10666,0.22099,-0.01659,0.41840,0.72312,-0.07683,0.52546,-0.03936,-0.03350,0.15469,0.28074,0.34143,2.75318,3.19778,0.77619,0.71711,0.81818,0.70716,0.00000,0.13063,2.90491,2.00494,0.96190,0.94805,1.00000
254,0.2191,25067520,16366,0.01218,7.77e-05,0.3581,189.2471,0.00000,0.00400,0.00000,10.00000,1215.36693,0.00000,0.77534,0.00000,0.00800,0.13886,1.61775,3.94232,0.69231,0.60606,0.60000,0.00000,0.73109,0.00000,0.00000,0.00000,0.00000,1077.96061,-0.02599,-0.10677,0.22318,-0.01750,0.42322,0.72945,-0.07727,0.52619,-0.03740,-0.03370,0.15594,0.28339,0.34269,2.76071,2.02182,0.84066,0.78740,0.84615,0.71347,0.00000,0.13199,2.93616,2.02435,0.98901,0.98361,1.00000
255,0.2207,25165824,16366,0.01144,1.12e-04,0.3582,185.5949,0.00000,0.00400,0.00000,10.00000,1155.69680,0.00000,0.80556,0.00000,0.00800,0.13948,1.61356,4.02041,0.60000,0.54430,0.42857,0.00000,0.73615,0.00000,0.00000,0.00000,0.00000,1059.54435,-0.02581,-0.10496,0.22552,-0.01741,0.42597,0.73447,-0.07681,0.52917,-0.04122,-0.03374,0.15710,0.28620,0.34352,2.77260,2.74400,0.79000,0.73793,0.71429,0.71762,0.00000,0.13278,2.97140,1.92901,0.98000,0.96970,1.00000
256,0.2224,25264128,16928,0.01767,6.34e-05,0.3583,180.2950,0.00000,0.00400,0.00000,10.00000,1136.75455,0.00000,0.76052,0.00000,0.00800,0.14059,1.61139,3.52325,0.55340,0.47887,0.35714,0.00000,0.73800,0.00000,0.00000,0.00000,0.00000,1042.92716,-0.02582,-0.10338,0.22533,-0.01751,0.42621,0.73634,-0.07590,0.53065,-0.03885,-0.03358,0.15724,0.28623,0.34373,2.48927,2.43200,0.77670,0.73759,0.62500,0.71863,0.00000,0.13160,2.96932,1.93350,1.00000,1.00000,1.00000
257,0.2241,25362432,15579,0.00872,9.66e-05,0.3583,167.5503,0.00000,0.00400,0.00000,10.00000,1120.23821,0.00000,0.76628,0.00000,0.00800,0.14052,1.61582,3.94978,0.54310,0.44706,0.45455,0.00000,0.73658,0.00000,0.00000,0.00000,0.00000,1027.64274,-0.02590,-0.10191,0.22436,-0.01646,0.42498,0.73506,-0.07575,0.53167,-0.03647,-0.03370,0.15750,0.28531,0.34338,2.70418,2.10308,0.75862,0.69375,0.65000,0.71688,0.00000,0.13013,2.96533,1.99024,0.97414,0.97333,0.88889
258,0.2258,25460736,16786,0.01416,8.39e-05,0.3584,179.8530,0.00000,0.00400,0.00000,10.00000,1094.25601,0.00000,0.94628,0.00000,0.00800,0.14163,1.63778,4.14895,0.54945,0.48718,0.00000,0.00000,0.73707,0.00000,0.00000,0.00000,0.00000,1027.08439,-0.02586,-0.10185,0.22490,-0.01698,0.42516,0.73557,-0.07534,0.53151,-0.03726,-0.03340,0.15808,0.28579,0.34376,2.60530,1.58000,0.76923,0.73548,0.66667,0.71879,0.00000,0.13016,2.94351,1.86278,0.98901,0.98701,1.00000
259,0.2274,25559040,16365,0.01281,8.59e-05,0.3585,178.6556,0.00000,0.00400,0.00000,10.00000,1139.89590,0.00000,0.80991,0.00000,0.00800,0.13918,1.63995,3.93581,0.61446,0.58462,0.50000,0.00000,0.73232,0.00000,0.00000,0.00000,0.00000,1043.06974,-0.02577,-0.10343,0.22540,-0.01640,0.42331,0.73086,-0.07577,0.53363,-0.04066,-0.03348,0.15783,0.28660,0.34275,2.66641,2.62500,0.80723,0.77686,0.70588,0.71377,0.00000,0.13113,2.93962,1.80000,1.00000,1.00000,1.00000
260,0.2292,25657344,15572,0.01421,1.03e-04,0.3585,169.5896,0.00000,0.00400,0.00000,10.00000,1113.53676,0.00000,0.86182,0.00000,0.00800,0.13837,1.68155,3.70114,0.56410,0.49180,0.25000,0.00000,0.73438,0.00000,0.00000,0.00000,0.00000,1053.56901,-0.02566,-0.10438,0.22765,-0.01689,0.42359,0.73302,-0.07594,0.53935,-0.03952,-0.03355,0.15945,0.28895,0.34334,2.52083,2.44667,0.77564,0.73554,0.50000,0.71671,0.00000,0.13080,2.95019,1.84361,0.98718,0.98333,1.00000
261,0.2310,25755648,15676,0.01813,7.40e-05,0.3586,153.3398,0.00000,0.00400,0.00000,10.00000,1155.60995,0.00000,0.76453,0.00000,0.00800,0.13806,1.72666,4.06044,0.59633,0.53247,0.27273,0.00000,0.74052,0.00000,0.00000,0.00000,0.00000,1040.07292,-0.02530,-0.10321,0.23032,-0.01680,0.42840,0.73904,-0.07522,0.54751,-0.03525,-0.03373,0.16148,0.29219,0.34492,2.58724,2.83600,0.78440,0.74000,0.63636,0.72458,0.00000,0.12979,2.96837,1.77878,0.97248,0.95890,1.00000
262,0.2327,25853952,15500,0.01483,6.34e-05,0.3586,148.4536,0.00000,0.00400,0.00000,10.00000,1200.86235,0.00000,0.82672,0.00000,0.00800,0.13566,1.72890,3.86227,0.65476,0.58209,0.66667,0.00000,0.74130,0.00000,0.00000,0.00000,0.00000,1027.31014,-0.02541,-0.10181,0.22920,-0.01723,0.42876,0.73979,-0.07541,0.54796,-0.03487,-0.03350,0.16094,0.29122,0.34486,2.70457,2.10000,0.82738,0.77600,0.83333,0.72430,0.00000,0.12991,2.94948,1.86951,1.00000,1.00000,1.00000
263,0.2344,25952256,16152,0.01346,5.69e-05,0.3587,159.1432,0.00000,0.00400,0.00000,10.00000,1130.05298,0.00000,0.75253,0.00000,0.00800,0.13256,1.75254,3.66566,0.56364,0.50000,0.46154,0.00000,0.73916,0.00000,0.00000,0.00000,0.00000,1042.25081,-0.02521,-0.10327,0.23094,-0.01729,0.42832,0.73761,-0.07430,0.55291,-0.03328,-0.03375,0.16123,0.29315,0.34412,2.63600,2.61428,0.76818,0.70470,0.73077,0.72058,0.00000,0.13101,2.95014,1.92727,0.97273,0.95522,1.00000
264,0.2361,26050560,16370,0.01167,7.76e-05,0.3587,153.4177,0.00000,0.00400,0.00000,10.00000,1186.34268,0.00000,0.78976,0.00000,0.00800,0.13349,1.73513,3.87622,0.67647,0.59740,0.71429,0.00000,0.74135,0.00000,0.00000,0.00000,0.00000,1038.89917,-0.02537,-0.10304,0.22996,-0.01735,0.42938,0.73982,-0.07411,0.54923,-0.03755,-0.03372,0.16068,0.29217,0.34436,2.66645,2.47818,0.83824,0.78621,0.84615,0.72178,0.00000,0.13142,2.93694,1.80000,1.00000,1.00000,1.00000
265,0.2378,26148864,16181,0.01413,7.61e-05,0.3588,166.3201,0.00000,0.00400,0.00000,10.00000,1085.78580,0.00000,0.87374,0.00000,0.00800,0.13321,1.73441,3.81615,0.52727,0.48421,0.40000,0.00000,0.74082,0.00000,0.00000,0.00000,0.00000,1042.03166,-0.02550,-0.10328,0.22818,-0.01675,0.42846,0.73939,-0.07439,0.54662,-0.03651,-0.03388,0.15994,0.28955,0.34445,2.63776,2.57428,0.75909,0.71098,0.70000,0.72224,0.00000,0.13022,2.91603,1.89049,0.99091,0.98718,1.00000
266,0.2395,26247168,15811,0.01544,6.47e-05,0.3589,143.4767,0.00000,0.00400,0.00000,10.00000,1164.18698,0.00000,0.75702,0.00000,0.00800,0.13501,1.74321,3.74808,0.65934,0.64615,0.27273,0.00000,0.74009,0.00000,0.00000,0.00000,0.00000,1027.93628,-0.02555,-0.10193,0.22838,-0.01661,0.42725,0.73864,-0.07466,0.54545,-0.03727,-0.03358,0.15979,0.28945,0.34433,2.55373,1.97882,0.81868,0.80645,0.62500,0.72166,0.00000,0.12959,2.90158,1.76310,0.97802,0.98305,0.92308
267,0.2412,26345472,15968,0.01806,3.71e-05,0.3590,133.7632,0.00000,0.00400,0.00000,10.00000,1186.62726,0.00000,0.77320,0.00000,0.00800,0.13540,1.73722,3.94958,0.69072,0.60000,0.66667,0.00000,0.73781,0.00000,0.00000,0.00000,0.00000,1013.69564,-0.02564,-0.10051,0.22721,-0.01688,0.42492,0.73638,-0.07486,0.54240,-0.03427,-0.03350,0.15873,0.28809,0.34375,2.67814,2.83100,0.84536,0.80741,0.82609,0.71876,0.00000,0.12950,2.88645,1.92469,1.00000,1.00000,1.00000
268,0.2431,26443776,14956,0.00923,5.80e-05,0.3590,147.3233,0.00000,0.00400,0.00000,10.00000,1123.43605,0.00000,0.84877,0.00000,0.00800,0.13354,1.71963,4.10877,0.64815,0.61628,0.37500,0.00000,0.73197,0.00000,0.00000,0.00000,0.00000,1020.91260,-0.02572,-0.10122,0.22601,-0.01693,0.42241,0.73046,-0.07487,0.54106,-0.03530,-0.03353,0.15785,0.28700,0.34300,2.75634,2.73091,0.81481,0.78788,0.68750,0.71499,0.00000,0.13002,2.88067,1.84941,0.98148,0.97468,1.00000
269,0.2448,26542080,16195,0.00930,9.13e-05,0.3591,174.1827,0.00000,0.00400,0.00000,10.00000,1159.89213,0.00000,0.80897,0.00000,0.00800,0.13298,1.68846,4.01877,0.58772,0.50000,0.00000,0.00000,0.72950,0.00000,0.00000,0.00000,0.00000,1055.19491,-0.02594,-0.10454,0.22347,-0.01622,0.42094,0.72802,-0.07489,0.53411,-0.03493,-0.03385,0.15583,0.28312,0.34263,2.63200,1.95111,0.78947,0.72892,0.75000,0.71316,0.00000,0.13005,2.86075,1.84186,0.99123,0.98718,1.00000
270,0.2464,26640384,16938,0.01316,9.83e-05,0.3592,157.6722,0.00000,0.00400,0.00000,10.00000,1099.28959,0.00000,0.81731,0.00000,0.00800,0.13187,1.64844,3.80000,0.56731,0.50000,0.60000,0.00000,0.72998,0.00000,0.00000,0.00000,0.00000,1046.60441,-0.02610,-0.10365,0.22068,-0.01623,0.42107,0.72851,-0.07516,0.52508,-0.03554,-0.03368,0.15370,0.27958,0.34243,2.69343,2.50750,0.77885,0.72549,0.80000,0.71216,0.00000,0.13202,2.85041,1.98800,0.99038,0.98592,1.00000
271,0.2477,26738688,21264,0.00987,1.41e-04,0.3593,169.4837,0.00000,0.00400,0.00000,10.00000,1081.13702,0.00000,0.87302,0.00000,0.00800,0.13521,1.63537,3.95278,0.53846,0.44444,0.60000,0.00000,0.72683,0.00000,0.00000,0.00000,0.00000,1039.14648,-0.02607,-0.10304,0.22181,-0.01654,0.41912,0.72538,-0.07603,0.52638,-0.03668,-0.03342,0.15473,0.28110,0.34150,2.69119,3.11714,0.75824,0.70629,0.77778,0.70748,0.00000,0.13077,2.87997,2.06904,0.97802,0.97183,1.00000
272,0.2493,26836992,17525,0.01596,1.20e-04,0.3594,183.8549,0.00000,0.00400,0.00000,10.00000,1185.72083,0.00000,0.80969,0.00000,0.00800,0.13532,1.62712,3.65000,0.65957,0.58904,0.60000,0.00000,0.72967,0.00000,0.00000,0.00000,0.00000,1074.56510,-0.02609,-0.10645,0.22169,-0.01674,0.41992,0.72819,-0.07474,0.52775,-0.03794,-0.03362,0.15500,0.28120,0.34149,2.59339,2.88750,0.81915,0.76642,0.80000,0.70743,0.00000,0.13012,2.88519,1.83642,0.97872,0.96875,1.00000
273,0.2509,26935296,17194,0.01435,1.00e-04,0.3594,155.2362,0.00000,0.00400,0.00000,10.00000,1147.29971,0.00000,0.72650,0.00000,0.00800,0.13339,1.64576,4.82702,0.58242,0.46032,0.60000,0.00000,0.73001,0.00000,0.00000,0.00000,0.00000,1066.28109,-0.02583,-0.10567,0.22350,-0.01682,0.41979,0.72846,-0.07617,0.53216,-0.03738,-0.03396,0.15633,0.28392,0.34195,2.93294,3.45882,0.79121,0.71429,0.78947,0.70976,0.00000,0.13125,2.91863,1.85477,1.00000,1.00000,1.00000
274,0.2526,27033600,16280,0.01304,1.24e-04,0.3595,176.7128,0.00000,0.00400,0.00000,10.00000,1140.85938,0.00000,0.76968,0.00000,0.00800,0.13414,1.63805,3.54979,0.61458,0.58333,0.41667,0.00000,0.73387,0.00000,0.00000,0.00000,0.00000,1081.30998,-0.02582,-0.10706,0.22467,-0.01724,0.42222,0.73238,-0.07555,0.53242,-0.03876,-0.03399,0.15650,0.28529,0.34244,2.66914,2.17067,0.79167,0.75188,0.66667,0.71219,0.00000,0.13201,2.93521,2.02507,0.96875,0.95082,1.00000
275,0.2543,27131904,16024,0.01556,1.10e-04,0.3596,194.0685,0.00000,0.00400,0.00000,10.00000,1228.55381,0.00000,0.78652,0.00000,0.00800,0.13565,1.65192,3.64450,0.68539,0.59677,0.50000,0.00000,0.73613,0.00000,0.00000,0.00000,0.00000,1065.47738,-0.02560,-0.10565,0.22639,-0.01714,0.42442,0.73457,-0.07636,0.53714,-0.03774,-0.03393,0.15810,0.28706,0.34295,2.55717,3.07714,0.83146,0.78571,0.70000,0.71476,0.00000,0.13063,2.96437,1.89818,0.97753,0.96875,1.00000
276,0.2560,27230208,15985,0.01510,9.32e-05,0.3597,199.1234,0.00000,0.00400,0.00000,10.00000,1170.98167,0.00000,0.76843,0.00000,0.00800,0.13576,1.65394,3.97461,0.60748,0.55000,0.45455,0.00000,0.74199,0.00000,0.00000,0.00000,0.00000,1076.76025,-0.02570,-0.10675,0.22701,-0.01745,0.42654,0.74040,-0.07552,0.53676,-0.04095,-0.03429,0.15821,0.28812,0.34389,2.69228,3.61333,0.80374,0.75676,0.66667,0.71945,0.00000,0.13176,2.96424,1.80320,1.00000,1.00000,1.00000
277,0.2577,27328512,15671,0.01494,6.96e-05,0.3598,187.5705,0.00000,0.00400,0.00000,10.00000,1161.45241,0.00000,0.79125,0.00000,0.00800,0.13932,1.66378,3.21957,0.58586,0.51948,0.55556,0.00000,0.74375,0.00000,0.00000,0.00000,0.00000,1072.75911,-0.02562,-0.10637,0.22717,-0.01784,0.42920,0.74217,-0.07485,0.53575,-0.03852,-0.03423,0.15826,0.28849,0.34443,2.41917,2.69625,0.78283,0.72340,0.78947,0.72217,0.00000,0.13086,2.95834,1.90383,0.97980,0.96875,1.00000
278,0.2594,27426816,16195,0.01165,1.00e-04,0.3598,184.1121,0.00000,0.00400,0.00000,10.00000,1174.99552,0.00000,0.77295,0.00000,0.00800,0.13595,1.67206,3.89087,0.61739,0.48052,0.60000,0.00000,0.74181,0.00000,0.00000,0.00000,0.00000,1044.18766,-0.02568,-0.10358,0.22696,-0.01763,0.42638,0.74017,-0.07439,0.53851,-0.03799,-0.03403,0.15844,0.28774,0.34369,2.67620,2.80000,0.80435,0.74375,0.78947,0.71846,0.00000,0.13041,2.94294,2.06220,0.99130,0.98795,1.00000
279,0.2610,27525120,17034,0.01648,7.16e-05,0.3599,159.6528,0.00000,0.00400,0.00000,10.00000,1187.04032,0.00000,0.85424,0.00000,0.00800,0.13432,1.66833,3.70166,0.66667,0.60274,0.33333,0.00000,0.73757,0.00000,0.00000,0.00000,0.00000,1029.17432,-0.02581,-0.10211,0.22540,-0.01661,0.42493,0.73600,-0.07422,0.53658,-0.03883,-0.03374,0.15762,0.28549,0.34296,2.61250,1.62000,0.82796,0.79021,0.66667,0.71481,0.00000,0.13013,2.92073,1.88639,0.98925,0.98571,1.00000
280,0.2628,27623424,15974,0.01277,8.05e-05,0.3599,178.5061,0.00000,0.00400,0.00000,10.00000,1059.17830,0.00000,0.80872,0.00000,0.00800,0.13297,1.68713,4.21389,0.54430,0.45902,0.62500,0.00000,0.73535,0.00000,0.00000,0.00000,0.00000,1052.49634,-0.02588,-0.10438,0.22588,-0.01658,0.42303,0.73370,-0.07455,0.53950,-0.03877,-0.03374,0.15827,0.28617,0.34253,2.72316,2.47666,0.75316,0.69565,0.75000,0.71267,0.00000,0.13000,2.92099,1.81356,0.96203,0.96296,0.87500
281,0.2645,27721728,15835,0.01453,6.42e-05,0.3600,151.5083,0.00000,0.00400,0.00000,10.00000,1144.77410,0.00000,0.85676,0.00000,0.00800,0.13397,1.72504,3.87823,0.59036,0.50794,0.00000,0.00000,0.73626,0.00000,0.00000,0.00000,0.00000,1046.18530,-0.02542,-0.10366,0.22939,-0.01726,0.42381,0.73461,-0.07469,0.54720,-0.03525,-0.03363,0.16057,0.29098,0.34264,2.55134,1.64400,0.79518,0.75781,0.62500,0.71318,0.00000,0.13015,2.95067,1.90686,1.00000,1.00000,1.00000
282,0.2662,27820032,16277,0.01450,5.69e-05,0.3600,184.2106,0.00000,0.00400,0.00000,10.00000,1143.70245,0.00000,0.81731,0.00000,0.00800,0.13347,1.73971,3.78160,0.60577,0.50000,0.77778,0.00000,0.74054,0.00000,0.00000,0.00000,0.00000,1036.59928,-0.02510,-0.10279,0.23074,-0.01707,0.42816,0.73887,-0.07411,0.55106,-0.03279,-0.03397,0.16165,0.29243,0.34404,2.52855,3.03866,0.79327,0.73203,0.88235,0.72019,0.00000,0.12995,2.96599,1.75506,0.98077,0.97333,1.00000
283,0.2679,27918336,15954,0.01041,5.80e-05,0.3601,177.0069,0.00000,0.00400,0.00000,10.00000,1144.26444,0.00000,0.75483,0.00000,0.00800,0.13668,1.74867,4.64737,0.57609,0.50000,0.37500,0.00000,0.74538,0.00000,0.00000,0.00000,0.00000,1039.18815,-0.02504,-0.10299,0.23299,-0.01796,0.43243,0.74368,-0.07394,0.55080,-0.03546,-0.03404,0.16218,0.29555,0.34478,2.98356,3.08222,0.78804,0.72800,0.64286,0.72390,0.00000,0.13159,2.97658,1.98000,1.00000,1.00000,1.00000
284,0.2695,28016640,17121,0.01131,9.13e-05,0.3602,179.1900,0.00000,0.00400,0.00000,10.00000,1199.12551,0.00000,0.75103,0.00000,0.00800,0.13631,1.75781,4.09535,0.69444,0.61333,0.63636,0.00000,0.74628,0.00000,0.00000,0.00000,0.00000,1028.19206,-0.02514,-0.10194,0.23222,-0.01805,0.43298,0.74457,-0.07405,0.55131,-0.03337,-0.03404,0.16180,0.29474,0.34475,2.86726,2.53625,0.84259,0.79452,0.80000,0.72375,0.00000,0.13094,2.96185,1.99671,0.99074,0.98592,1.00000
285,0.2713,28114944,15411,0.01410,9.83e-05,0.3603,177.0642,0.00000,0.00400,0.00000,10.00000,1213.21242,0.00000,0.77222,0.00000,0.00800,0.13361,1.73892,4.13302,0.66000,0.56716,0.28571,0.00000,0.74552,0.00000,0.00000,0.00000,0.00000,1035.87508,-0.02536,-0.10270,0.22984,-0.01718,0.43278,0.74376,-0.07387,0.54991,-0.03519,-0.03394,0.16122,0.29189,0.34497,2.61702,2.34444,0.82500,0.78417,0.64286,0.72485,0.00000,0.13030,2.94990,1.78128,0.99000,0.98611,1.00000
286,0.2730,28213248,16441,0.01490,7.61e-05,0.3603,175.1305,0.00000,0.00400,0.00000,10.00000,1100.44342,0.00000,0.92233,0.00000,0.00800,0.13630,1.72429,3.63615,0.59223,0.53488,0.50000,0.00000,0.74458,0.00000,0.00000,0.00000,0.00000,1023.61410,-0.02555,-0.10151,0.22881,-0.01722,0.43027,0.74281,-0.07366,0.54673,-0.03663,-0.03389,0.16053,0.29055,0.34439,2.47801,1.75500,0.78641,0.75439,0.80000,0.72193,0.00000,0.12913,2.93873,1.80135,0.98058,0.97647,1.00000
287,0.2747,28311552,15735,0.01710,5.40e-05,0.3604,163.5982,0.00000,0.00400,0.00000,10.00000,1067.71452,0.00000,0.84491,0.00000,0.00800,0.13798,1.75822,3.95625,0.54167,0.50633,0.50000,0.00000,0.74628,0.00000,0.00000,0.00000,0.00000,1031.87061,-0.02546,-0.10238,0.23059,-0.01706,0.43020,0.74454,-0.07348,0.54865,-0.03403,-0.03408,0.16100,0.29287,0.34497,2.70250,2.99666,0.76042,0.71918,0.70588,0.72485,0.00000,0.12959,2.93677,1.86667,0.97917,0.97015,1.00000
288,0.2764,28409856,16579,0.01119,7.77e-05,0.3605,152.1017,0.00000,0.00400,0.00000,10.00000,1132.00614,0.00000,0.77131,0.00000,0.00800,0.13574,1.78244,4.42526,0.67961,0.63514,0.57143,0.00000,0.74446,0.00000,0.00000,0.00000,0.00000,1027.97648,-0.02534,-0.10198,0.23095,-0.01685,0.43026,0.74273,-0.07318,0.55187,-0.03415,-0.03416,0.16111,0.29310,0.34479,2.95768,2.38636,0.83010,0.79720,0.78571,0.72393,0.00000,0.12941,2.92193,1.92494,0.98058,0.97101,1.00000
289,0.2781,28508160,16032,0.01296,8.35e-05,0.3606,153.2042,0.00000,0.00400,0.00000,10.00000,1111.95392,0.00000,0.85034,0.00000,0.00800,0.13116,1.77104,4.17240,0.57143,0.50602,0.83333,0.00000,0.73988,0.00000,0.00000,0.00000,0.00000,1041.04565,-0.02545,-0.10321,0.22974,-0.01671,0.42849,0.73812,-0.07352,0.55474,-0.03340,-0.03386,0.16074,0.29153,0.34431,2.79383,3.99400,0.78061,0.72000,0.90000,0.72155,0.00000,0.12879,2.91577,1.80914,0.98980,0.98507,1.00000
290,0.2797,28606464,16684,0.01398,9.32e-05,0.3606,159.5154,0.00000,0.00400,0.00000,10.00000,1163.06650,0.00000,0.78512,0.00000,0.00800,0.13228,1.74077,4.14400,0.64463,0.57447,0.66667,0.00000,0.74096,0.00000,0.00000,0.00000,0.00000,1036.40723,-0.02571,-0.10258,0.22705,-0.01613,0.42812,0.73924,-0.07458,0.54534,-0.03291,-0.03406,0.15933,0.28813,0.34426,2.77551,2.31714,0.80992,0.74854,0.82353,0.72130,0.00000,0.12999,2.89691,1.69073,0.97521,0.96104,1.00000
291,0.2812,28704768,18340,0.01466,7.77e-05,0.3607,170.7796,0.00000,0.00400,0.00000,10.00000,1157.64040,0.00000,0.76797,0.00000,0.00800,0.13666,1.70670,4.43509,0.66667,0.58108,0.72727,0.00000,0.73927,0.00000,0.00000,0.00000,0.00000,1041.97225,-0.02589,-0.10326,0.22569,-0.01706,0.42734,0.73750,-0.07452,0.53382,-0.03595,-0.03410,0.15687,0.28666,0.34403,2.93252,3.04737,0.82353,0.76596,0.86364,0.72015,0.00000,0.13226,2.87254,1.91154,0.98039,0.97015,1.00000
292,0.2827,28803072,18153,0.01590,6.17e-05,0.3608,166.2545,0.00000,0.00400,0.00000,10.00000,1106.28396,0.00000,0.88304,0.00000,0.00800,0.13538,1.71995,4.46292,0.57895,0.49333,0.33333,0.00000,0.73547,0.00000,0.00000,0.00000,0.00000,1036.37533,-0.02575,-0.10275,0.22715,-0.01781,0.42536,0.73368,-0.07416,0.53944,-0.03288,-0.03406,0.15769,0.28845,0.34332,2.78202,1.93200,0.77895,0.73510,0.71429,0.71661,0.00000,0.13181,2.89582,1.89846,0.97895,0.97368,1.00000
293,0.2844,28901376,16567,0.01154,7.25e-05,0.3608,172.2898,0.00000,0.00400,0.00000,10.00000,1155.44469,0.00000,0.78914,0.00000,0.00800,0.13555,1.71503,3.51659,0.64773,0.61194,0.44444,0.00000,0.73493,0.00000,0.00000,0.00000,0.00000,1023.35986,-0.02559,-0.10146,0.22702,-0.01747,0.42569,0.73313,-0.07413,0.54169,-0.03190,-0.03385,0.15760,0.28844,0.34329,2.59657,2.86428,0.80682,0.76800,0.72222,0.71646,0.00000,0.13058,2.91190,1.92094,0.96591,0.94828,1.00000
294,0.2860,28999680,16963,0.01287,8.39e-05,0.3609,153.4627,0.00000,0.00400,0.00000,10.00000,1202.89800,0.00000,0.75926,0.00000,0.00800,0.13658,1.72164,3.75805,0.64444,0.58730,0.25000,0.00000,0.73338,0.00000,0.00000,0.00000,0.00000,1025.31559,-0.02537,-0.10172,0.22920,-0.01721,0.42484,0.73160,-0.07394,0.54677,-0.03317,-0.03363,0.15935,0.29146,0.34295,2.65688,2.81692,0.81111,0.77236,0.66667,0.71474,0.00000,0.13033,2.94292,1.99294,0.97778,0.96667,1.00000
295,0.2878,29097984,15292,0.01236,1.00e-04,0.3610,160.4047,0.00000,0.00400,0.00000,10.00000,1134.37956,0.00000,0.74653,0.00000,0.00800,0.13544,1.71541,3.68478,0.60417,0.50000,0.69231,0.00000,0.73627,0.00000,0.00000,0.00000,0.00000,1036.65617,-0.02544,-0.10276,0.22812,-0.01726,0.42684,0.73446,-0.07454,0.54642,-0.03599,-0.03404,0.15925,0.29011,0.34403,2.61008,2.51100,0.79167,0.72093,0.83333,0.72017,0.00000,0.12958,2.93325,1.91380,0.97917,0.96721,1.00000
296,0.2896,29196288,15609,0.01159,1.44e-04,0.3611,163.7994,0.00000,0.00400,0.00000,10.00000,1296.25467,0.00000,0.71019,0.00000,0.00800,0.13291,1.71230,3.71116,0.71134,0.60000,0.66667,0.00000,0.73898,0.00000,0.00000,0.00000,0.00000,1052.70142,-0.02537,-0.10436,0.22851,-0.01738,0.42773,0.73716,-0.07512,0.54988,-0.03492,-0.03399,0.15957,0.29039,0.34403,2.57215,3.24222,0.85052,0.78226,0.81818,0.72015,0.00000,0.12943,2.95879,1.80687,0.98969,0.98305,1.00000
297,0.2910,29294592,18570,0.02272,8.39e-05,0.3613,165.3855,0.00000,0.00400,0.00000,10.00000,1210.22957,0.00000,0.71047,0.00000,0.00800,0.13413,1.68529,4.21040,0.71154,0.63636,0.53846,0.00000,0.74105,0.00000,0.00000,0.00000,0.00000,1038.31714,-0.02546,-0.10288,0.22743,-0.01741,0.42886,0.73921,-0.07491,0.54543,-0.03679,-0.03413,0.15881,0.28907,0.34465,2.85442,2.99789,0.85577,0.81955,0.76000,0.72324,0.00000,0.12957,2.96276,1.99620,1.00000,1.00000,1.00000
298,0.2926,29392896,18063,0.01389,8.05e-05,0.3613,181.4533,0.00000,0.00400,0.00000,10.00000,1161.67906,0.00000,0.83053,0.00000,0.00800,0.13722,1.68236,3.71395,0.59596,0.50685,0.42857,0.00000,0.74093,0.00000,0.00000,0.00000,0.00000,1020.92904,-0.02559,-0.10121,0.22756,-0.01756,0.42875,0.73907,-0.07484,0.54109,-0.03322,-0.03393,0.15828,0.28930,0.34456,2.44892,1.84444,0.78283,0.73649,0.66667,0.72281,0.00000,0.13045,2.95698,1.75154,0.96970,0.96000,1.00000
299,0.2942,29491200,16678,0.01481,6.46e-05,0.3614,170.9260,0.00000,0.00400,0.00000,10.00000,1152.34976,0.00000,0.81613,0.00000,0.00800,0.13673,1.68988,4.09607,0.66372,0.60714,0.44444,0.00000,0.73886,0.00000,0.00000,0.00000,0.00000,1020.72965,-0.02573,-0.10113,0.22695,-0.01674,0.42798,0.73695,-0.07430,0.54120,-0.03292,-0.03390,0.15849,0.28786,0.34382,2.71528,2.77066,0.80973,0.77108,0.75000,0.71910,0.00000,0.12926,2.93156,1.83659,0.95575,0.93902,1.00000
300,0.2959,29589504,15971,0.01137,7.25e-05,0.3615,188.7134,0.00000,0.00400,0.00000,10.00000,1219.78320,0.00000,0.83937,0.00000,0.00800,0.14087,1.69556,3.89915,0.73913,0.67647,0.33333,0.00000,0.73789,0.00000,0.00000,0.00000,0.00000,1050.02417,-0.02568,-0.10406,0.22610,-0.01701,0.42608,0.73587,-0.07394,0.53553,-0.03315,-0.03413,0.15740,0.28681,0.34354,2.58017,1.96667,0.85326,0.82014,0.75000,0.71770,0.00000,0.12906,2.90476,1.73096,0.96739,0.95775,1.00000
301,0.2977,29687808,15377,0.01215,1.04e-04,0.3615,163.8788,0.00000,0.00400,0.00000,10.00000,1179.38457,0.00000,0.76389,0.00000,0.00800,0.13719,1.71007,3.95450,0.65000,0.61404,0.14286,0.00000,0.73626,0.00000,0.00000,0.00000,0.00000,1054.44702,-0.02537,-0.10451,0.22918,-0.01794,0.42626,0.73428,-0.07348,0.54350,-0.03370,-0.03418,0.15917,0.29081,0.34333,2.68224,1.99778,0.81250,0.78182,0.57143,0.71666,0.00000,0.13063,2.94380,1.80483,0.97500,0.96226,1.00000
302,0.2994,29786112,16833,0.01859,5.40e-05,0.3616,155.9260,0.00000,0.00400,0.00000,10.00000,1143.86157,0.00000,0.84011,0.00000,0.00800,0.13250,1.74414,3.80930,0.62195,0.54412,1.00000,0.00000,0.73934,0.00000,0.00000,0.00000,0.00000,1043.97616,-0.02507,-0.10349,0.23195,-0.01759,0.42820,0.73730,-0.07419,0.55363,-0.03241,-0.03412,0.16084,0.29408,0.34407,2.71627,1.98333,0.79878,0.73387,1.00000,0.72036,0.00000,0.13115,2.98259,1.91966,0.97561,0.96429,1.00000
303,0.3008,29884416,19437,0.00982,8.39e-05,0.3616,176.6430,0.00000,0.00400,0.00000,10.00000,1147.25590,0.00000,0.74948,0.00000,0.00800,0.13430,1.74041,4.54238,0.58491,0.52703,0.10000,0.00000,0.74518,0.00000,0.00000,0.00000,0.00000,1033.80778,-0.02492,-0.10253,0.23341,-0.01810,0.43335,0.74311,-0.07305,0.55591,-0.03469,-0.03429,0.16180,0.29637,0.34510,2.92552,2.90000,0.77830,0.73427,0.50000,0.72550,0.00000,0.13119,3.00098,2.00784,0.97170,0.95652,1.00000
304,0.3024,29982720,17158,0.01442,8.59e-05,0.3617,178.0636,0.00000,0.00400,0.00000,10.00000,1155.52848,0.00000,0.78125,0.00000,0.00800,0.13594,1.74650,3.82585,0.56250,0.44286,0.62500,0.00000,0.75269,0.00000,0.00000,0.00000,0.00000,1042.86532,-0.02506,-0.10340,0.23463,-0.01825,0.43669,0.75059,-0.07291,0.55729,-0.03805,-0.03428,0.16289,0.29796,0.34659,2.50881,2.53454,0.77083,0.69630,0.76923,0.73297,0.00000,0.13138,3.01057,1.71470,0.97917,0.96923,1.00000
305,0.3042,30081024,15426,0.01312,1.03e-04,0.3618,160.0123,0.00000,0.00400,0.00000,10.00000,1200.63341,0.00000,0.75132,0.00000,0.00800,0.13659,1.76981,3.91785,0.67619,0.57143,0.90909,0.00000,0.75232,0.00000,0.00000,0.00000,0.00000,1042.93660,-0.02509,-0.10341,0.23415,-0.01816,0.43600,0.75022,-0.07275,0.55795,-0.03334,-0.03448,0.16297,0.29752,0.34644,2.70818,2.70476,0.83810,0.76761,0.95455,0.73218,0.00000,0.13009,2.99284,1.81684,1.00000,1.00000,1.00000
306,0.3059,30179328,15702,0.01398,8.35e-05,0.3618,162.4341,0.00000,0.00400,0.00000,10.00000,1171.42469,0.00000,0.78889,0.00000,0.00800,0.13678,1.76749,3.90154,0.62000,0.55844,0.55556,0.00000,0.75052,0.00000,0.00000,0.00000,0.00000,1023.77295,-0.02504,-0.10155,0.23373,-0.01763,0.43597,0.74844,-0.07277,0.55667,-0.03622,-0.03443,0.16256,0.29706,0.34677,2.71675,2.44909,0.81000,0.76056,0.73333,0.73383,0.00000,0.13008,2.97798,1.84901,1.00000,1.00000,1.00000
307,0.3077,30277632,15633,0.01181,1.20e-04,0.3619,171.7301,0.00000,0.00400,0.00000,10.00000,1179.29557,0.00000,0.83333,0.00000,0.00800,0.13358,1.78197,3.59583,0.62500,0.54667,0.66667,0.00000,0.74744,0.00000,0.00000,0.00000,0.00000,1037.79272,-0.02509,-0.10287,0.23411,-0.01834,0.43434,0.74537,-0.07247,0.55844,-0.03312,-0.03443,0.16195,0.29694,0.34631,2.59919,3.08909,0.80729,0.75694,0.84615,0.73157,0.00000,0.13078,2.96141,1.96133,0.98958,0.98551,1.00000
308,0.3093,30375936,16700,0.01496,1.10e-04,0.3620,147.2806,0.00000,0.00400,0.00000,10.00000,1177.74807,0.00000,0.77249,0.00000,0.00800,0.13215,1.80949,3.89958,0.62857,0.56944,0.38462,0.00000,0.74850,0.00000,0.00000,0.00000,0.00000,1023.94930,-0.02491,-0.10163,0.23544,-0.01756,0.43383,0.74650,-0.07263,0.56365,-0.03222,-0.03421,0.16306,0.29793,0.34588,2.62369,2.16000,0.80476,0.77397,0.65217,0.72938,0.00000,0.13018,2.96899,1.87683,0.98095,0.97297,1.00000
309,0.3109,30474240,17434,0.01724,6.34e-05,0.3621,174.1310,0.00000,0.00400,0.00000,10.00000,1172.81586,0.00000,0.80048,0.00000,0.00800,0.13348,1.81015,3.76261,0.61290,0.55072,0.44444,0.00000,0.74800,0.00000,0.00000,0.00000,0.00000,1018.49748,-0.02496,-0.10103,0.23457,-0.01751,0.43417,0.74605,-0.07222,0.56214,-0.03149,-0.03422,0.16282,0.29716,0.34550,2.68610,2.04923,0.80645,0.76866,0.68750,0.72752,0.00000,0.12921,2.95322,1.99833,1.00000,1.00000,1.00000
310,0.3126,30572544,16172,0.01118,8.39e-05,0.3622,180.7906,0.00000,0.00400,0.00000,10.00000,1146.74433,0.00000,0.83088,0.00000,0.00800,0.13545,1.81516,3.87940,0.65487,0.61702,0.57143,0.00000,0.74840,0.00000,0.00000,0.00000,0.00000,1036.67212,-0.02504,-0.10278,0.23324,-0.01748,0.43466,0.74634,-0.07225,0.55815,-0.03414,-0.03469,0.16191,0.29575,0.34602,2.78403,2.94167,0.82301,0.78107,0.80000,0.73009,0.00000,0.12891,2.92320,1.88902,0.99115,0.98667,1.00000
311,0.3142,30670848,17156,0.01492,7.23e-05,0.3622,166.7353,0.00000,0.00400,0.00000,10.00000,1165.02111,0.00000,0.85283,0.00000,0.00800,0.13689,1.80179,3.60219,0.64912,0.61538,0.37500,0.00000,0.74993,0.00000,0.00000,0.00000,0.00000,1053.99878,-0.02535,-0.10447,0.23129,-0.01744,0.43492,0.74789,-0.07277,0.54946,-0.03263,-0.03473,0.15984,0.29344,0.34636,2.57776,2.74889,0.82018,0.79429,0.61538,0.73179,0.00000,0.13051,2.89297,1.83273,0.99123,0.98810,1.00000
312,0.3151,30769152,30444,0.01223,6.96e-05,0.3623,184.1715,0.00000,0.00400,0.00000,10.00000,1168.72903,0.00000,0.81066,0.00000,0.00800,0.13671,1.79428,3.66481,0.68367,0.61333,0.71429,0.00000,0.74860,0.00000,0.00000,0.00000,0.00000,1059.58586,-0.02549,-0.10491,0.22906,-0.01765,0.43303,0.74659,-0.07302,0.54450,-0.03480,-0.03477,0.15814,0.29104,0.34602,2.66961,2.61571,0.83163,0.78322,0.87500,0.73009,0.00000,0.13104,2.85975,1.95307,0.97959,0.97059,1.00000
313,0.3155,30867456,59806,0.01143,8.39e-05,0.3623,176.7365,0.00000,0.00400,0.00000,10.00000,1168.50876,0.00000,0.84175,0.00000,0.00800,0.13631,1.79957,4.23491,0.68687,0.63415,0.66667,0.00000,0.74229,0.00000,0.00000,0.00000,0.00000,1085.21419,-0.02529,-0.10750,0.23000,-0.01772,0.43019,0.74020,-0.07331,0.54657,-0.03591,-0.03478,0.15905,0.29229,0.34464,2.88762,2.58000,0.84343,0.80000,0.83333,0.72322,0.00000,0.13125,2.86748,1.84394,1.00000,1.00000,1.00000
314,0.3163,30965760,35043,0.01506,7.77e-05,0.3624,189.3689,0.00000,0.00400,0.00000,10.00000,1172.43667,0.00000,0.77778,0.00000,0.00800,0.13341,1.77967,3.38300,0.62353,0.53226,0.66667,0.00000,0.74193,0.00000,0.00000,0.00000,0.00000,1081.78418,-0.02520,-0.10717,0.22947,-0.01759,0.43021,0.73984,-0.07332,0.54794,-0.03667,-0.03463,0.15815,0.29116,0.34452,2.36302,2.76533,0.80588,0.74790,0.83333,0.72259,0.00000,0.13102,2.88198,1.74485,0.98824,0.98246,1.00000
315,0.3180,31064064,16378,0.01224,1.00e-04,0.3625,162.4968,0.00000,0.00400,0.00000,10.00000,1188.03740,0.00000,0.78014,0.00000,0.00800,0.13336,1.80683,4.08830,0.65957,0.62667,0.50000,0.00000,0.74523,0.00000,0.00000,0.00000,0.00000,1061.37126,-0.02498,-0.10522,0.23417,-0.01844,0.43250,0.74311,-0.07327,0.55688,-0.03352,-0.03461,0.16135,0.29718,0.34514,2.86135,2.75714,0.82447,0.78030,0.76471,0.72572,0.00000,0.13204,2.94594,1.86092,0.98936,0.98246,1.00000
316,0.3195,31162368,18818,0.01540,7.70e-05,0.3626,179.5868,0.00000,0.00400,0.00000,10.00000,1092.96921,0.00000,0.81046,0.00000,0.00800,0.13483,1.81957,3.97000,0.58824,0.56061,0.45455,0.00000,0.75214,0.00000,0.00000,0.00000,0.00000,1060.83366,-0.02484,-0.10523,0.23552,-0.01795,0.43648,0.75001,-0.07331,0.56221,-0.03656,-0.03475,0.16275,0.29871,0.34674,2.81436,2.76428,0.78824,0.75806,0.66667,0.73369,0.00000,0.13004,2.96124,1.98375,0.98824,0.98276,1.00000
317,0.3212,31260672,15432,0.01257,9.13e-05,0.3627,170.0590,0.00000,0.00400,0.00000,10.00000,1256.43842,0.00000,0.80065,0.00000,0.00800,0.13479,1.86735,3.61930,0.75490,0.68919,0.66667,0.00000,0.75516,0.00000,0.00000,0.00000,0.00000,1061.39144,-0.02463,-0.10529,0.23812,-0.01842,0.43805,0.75291,-0.07299,0.56897,-0.03200,-0.03493,0.16497,0.30233,0.34708,2.66222,2.45333,0.87745,0.84354,0.81818,0.73541,0.00000,0.12991,2.97306,1.96282,1.00000,1.00000,1.00000
318,0.3229,31358976,16289,0.01322,1.01e-04,0.3627,175.8545,0.00000,0.00400,0.00000,10.00000,1200.39607,0.00000,0.73909,0.00000,0.00800,0.13529,1.85111,4.07862,0.68750,0.59211,0.73333,0.00000,0.76047,0.00000,0.00000,0.00000,0.00000,1076.25456,-0.02467,-0.10664,0.23772,-0.01818,0.44018,0.75830,-0.07321,0.56746,-0.03738,-0.03510,0.16427,0.30204,0.34754,2.72127,3.42960,0.83482,0.77852,0.85714,0.73771,0.00000,0.13027,2.96598,1.78405,0.98214,0.97260,1.00000
319,0.3245,31457280,17194,0.01478,1.31e-04,0.3628,166.3179,0.00000,0.00400,0.00000,10.00000,1188.50605,0.00000,0.80048,0.00000,0.00800,0.13603,1.86947,3.94117,0.68817,0.61429,0.77778,0.00000,0.76318,0.00000,0.00000,0.00000,0.00000,1066.70654,-0.02466,-0.10577,0.23827,-0.01861,0.44207,0.76106,-0.07247,0.56879,-0.03700,-0.03506,0.16463,0.30289,0.34853,2.77454,3.14615,0.84409,0.79851,0.86667,0.74263,0.00000,0.13004,2.96315,1.92457,1.00000,1.00000,1.00000
320,0.3261,31555584,17005,0.01390,1.49e-04,0.3630,189.5060,0.00000,0.00200,0.00000,10.00000,1214.54994,0.00000,0.82341,0.00000,0.00400,0.13477,1.86642,4.09913,0.77679,0.73810,0.66667,0.00000,0.76015,0.00000,0.00000,0.00000,0.00000,1042.52311,-0.02479,-0.10337,0.23677,-0.01845,0.43907,0.75802,-0.07194,0.56522,-0.03329,-0.03494,0.16368,0.30088,0.34725,2.82509,3.38923,0.88393,0.86145,0.81250,0.73625,0.00000,0.13071,2.94047,1.82614,0.99107,0.98780,1.00000
321,0.3274,31653888,21058,0.01651,1.00e-04,0.3631,159.5995,0.00000,0.00000,0.00000,10.00000,1134.73189,0.00000,0.84249,0.00000,0.00000,0.13392,1.87915,3.78440,0.62637,0.58974,0.60000,0.00000,0.75625,0.00000,0.00000,0.00000,0.00000,1029.27498,-0.02468,-0.10202,0.23743,-0.01858,0.43749,0.75407,-0.07164,0.56683,-0.03049,-0.03463,0.16410,0.30187,0.34717,2.77509,2.64500,0.80769,0.76087,0.80000,0.73584,0.00000,0.13140,2.93963,1.98656,0.98901,0.98333,1.00000
322,0.3290,31752192,17458,0.01526,8.35e-05,0.3632,156.3222,0.00000,0.00000,0.00000,10.00000,1159.16221,0.00000,0.75694,0.00000,0.00000,0.13348,1.89539,4.00381,0.61250,0.55738,0.42857,0.00000,0.75416,0.00000,0.00000,0.00000,0.00000,1028.77832,-0.02438,-0.10196,0.24004,-0.01849,0.43726,0.75194,-0.07123,0.57279,-0.03464,-0.03462,0.16563,0.30502,0.34702,2.75691,2.15333,0.80000,0.74312,0.73333,0.73512,0.00000,0.13171,2.95538,1.80473,0.98750,0.97917,1.00000
323,0.3304,31850496,20506,0.01352,8.35e-05,0.3632,170.5823,0.00000,0.00000,0.00000,10.00000,1240.98456,0.00000,0.82041,0.00000,0.00000,0.13148,1.90097,3.85143,0.76744,0.69841,0.66667,0.00000,0.75169,0.00000,0.00000,0.00000,0.00000,1021.57202,-0.02433,-0.10128,0.24134,-0.01777,0.43645,0.74948,-0.07172,0.57926,-0.03080,-0.03433,0.16723,0.30594,0.34613,2.70754,3.34000,0.86628,0.82677,0.83333,0.73065,0.00000,0.13019,2.98658,1.84523,0.96512,0.95312,1.00000
324,0.3320,31948800,16223,0.01529,6.04e-05,0.3633,180.8183,0.00000,0.00000,0.00000,10.00000,1209.92511,0.00000,0.77457,0.00000,0.00000,0.13240,1.87232,3.89193,0.73077,0.70000,0.50000,0.00000,0.75662,0.00000,0.00000,0.00000,0.00000,1030.13932,-0.02460,-0.10213,0.23984,-0.01795,0.43825,0.75445,-0.07174,0.57301,-0.03230,-0.03456,0.16589,0.30365,0.34672,2.83941,2.83714,0.85577,0.82759,0.70588,0.73359,0.00000,0.13061,2.97476,1.94548,0.98077,0.98462,0.88889
325,0.3334,32047104,20419,0.01120,6.96e-05,0.3633,178.2786,0.00000,0.00000,0.00000,10.00000,1183.53656,0.00000,0.78333,0.00000,0.00000,0.13315,1.85009,4.27160,0.69000,0.61111,0.57143,0.00000,0.75912,0.00000,0.00000,0.00000,0.00000,1040.90967,-0.02494,-0.10321,0.23689,-0.01781,0.43793,0.75698,-0.07288,0.56434,-0.03427,-0.03471,0.16432,0.30078,0.34701,2.92211,2.44363,0.83000,0.78014,0.78571,0.73504,0.00000,0.13174,2.95861,1.99781,0.97000,0.95652,1.00000
326,0.3351,32145408,16125,0.00970,1.11e-04,0.3634,186.1744,0.00000,0.00000,0.00000,10.00000,1138.25871,0.00000,0.80952,0.00000,0.00000,0.13409,1.81713,3.89333,0.63810,0.57143,0.54545,0.00000,0.75419,0.00000,0.00000,0.00000,0.00000,1043.31348,-0.02503,-0.10346,0.23500,-0.01806,0.43584,0.75213,-0.07282,0.55695,-0.03500,-0.03485,0.16186,0.29812,0.34659,2.65912,2.68125,0.80476,0.77778,0.68182,0.73296,0.00000,0.13266,2.93914,1.91859,0.97143,0.98684,0.81818
327,0.3368,32243712,16218,0.01669,7.25e-05,0.3635,187.0408,0.00000,0.00000,0.00000,10.00000,1174.77351,0.00000,0.75908,0.00000,0.00000,0.13240,1.80609,4.09440,0.64356,0.56757,0.50000,0.00000,0.75314,0.00000,0.00000,0.00000,0.00000,1055.37826,-0.02519,-0.10467,0.23412,-0.01834,0.43362,0.75108,-0.07261,0.55795,-0.03413,-0.03478,0.16131,0.29703,0.34556,2.78099,2.82154,0.80693,0.74638,0.76471,0.72780,0.00000,0.13213,2.93529,1.85606,0.97030,0.95312,1.00000
328,0.3385,32342016,16305,0.01187,8.39e-05,0.3636,165.9735,0.00000,0.00000,0.00000,10.00000,1210.62946,0.00000,0.76531,0.00000,0.00000,0.13355,1.78433,3.75689,0.64286,0.56522,0.37500,0.00000,0.75243,0.00000,0.00000,0.00000,0.00000,1051.56372,-0.02542,-0.10423,0.23250,-0.01794,0.43259,0.75049,-0.07290,0.55348,-0.03650,-0.03459,0.16029,0.29439,0.34590,2.58827,3.15555,0.81122,0.77037,0.64286,0.72952,0.00000,0.13130,2.92120,1.84760,0.97959,0.98485,1.00000
329,0.3402,32440320,16202,0.01289,1.04e-04,0.3636,146.3993,0.00000,0.00000,0.00000,10.00000,1200.66031,0.00000,0.77222,0.00000,0.00000,0.13340,1.78025,3.72926,0.69000,0.60870,0.60000,0.00000,0.74611,0.00000,0.00000,0.00000,0.00000,1055.89714,-0.02546,-0.10460,0.23167,-0.01774,0.42905,0.74416,-0.07328,0.55263,-0.03408,-0.03468,0.16047,0.29345,0.34460,2.61530,3.03176,0.84000,0.79856,0.78947,0.72302,0.00000,0.13089,2.91459,1.84410,0.99000,0.98571,1.00000
330,0.3416,32538624,19213,0.01582,9.24e-05,0.3637,156.8115,0.00000,0.00000,0.00000,10.00000,1179.65641,0.00000,0.82456,0.00000,0.00000,0.13171,1.76577,4.28214,0.71579,0.65278,0.66667,0.00000,0.74047,0.00000,0.00000,0.00000,0.00000,1041.29061,-0.02551,-0.10325,0.23037,-0.01736,0.42795,0.73847,-0.07250,0.55135,-0.03393,-0.03424,0.15983,0.29179,0.34338,2.92530,2.59077,0.84737,0.80851,0.86667,0.71690,0.00000,0.13086,2.90777,1.92553,0.97895,0.97101,1.00000
331,0.3433,32636928,16264,0.01352,1.01e-04,0.3638,159.7451,0.00000,0.00000,0.00000,10.00000,1185.82696,0.00000,0.79958,0.00000,0.00000,0.13261,1.74980,3.83379,0.67290,0.61446,0.70000,0.00000,0.74115,0.00000,0.00000,0.00000,0.00000,1042.77091,-0.02543,-0.10340,0.22977,-0.01744,0.42897,0.73925,-0.07239,0.54727,-0.03419,-0.03454,0.15959,0.29143,0.34427,2.73806,2.53667,0.83178,0.79221,0.75000,0.72133,0.00000,0.13178,2.91435,1.90184,0.99065,1.00000,0.83333
332,0.3450,32735232,16155,0.01385,1.25e-04,0.3639,159.4968,0.00000,0.00000,0.00000,10.00000,1220.92956,0.00000,0.81541,0.00000,0.00000,0.13101,1.72538,3.86985,0.71774,0.65957,0.50000,0.00000,0.74340,0.00000,0.00000,0.00000,0.00000,1049.49146,-0.02559,-0.10415,0.22854,-0.01767,0.43029,0.74140,-0.07233,0.54452,-0.03678,-0.03471,0.15837,0.29024,0.34468,2.66188,2.62889,0.85081,0.81319,0.75000,0.72338,0.00000,0.13310,2.91434,1.78217,0.98387,0.97727,1.00000
333,0.3465,32833536,18176,0.01584,8.59e-05,0.3639,175.3076,0.00000,0.00000,0.00000,10.00000,1168.91775,0.00000,0.80524,0.00000,0.00000,0.13433,1.68379,3.84182,0.61798,0.56061,0.28571,0.00000,0.74222,0.00000,0.00000,0.00000,0.00000,1050.96908,-0.02593,-0.10425,0.22559,-0.01748,0.42774,0.74027,-0.07336,0.53531,-0.04019,-0.03452,0.15635,0.28694,0.34353,2.68526,2.36444,0.80899,0.77519,0.64286,0.71763,0.00000,0.13282,2.89666,1.95828,1.00000,1.00000,1.00000
334,0.3482,32931840,16238,0.01172,8.39e-05,0.3640,173.7813,0.00000,0.00000,0.00000,10.00000,1216.64419,0.00000,0.82846,0.00000,0.00000,0.13517,1.69888,3.88983,0.69298,0.61957,1.00000,0.00000,0.73756,0.00000,0.00000,0.00000,0.00000,1049.82633,-0.02575,-0.10406,0.22620,-0.01698,0.42470,0.73561,-0.07340,0.53806,-0.03686,-0.03455,0.15663,0.28704,0.34306,2.67625,3.22666,0.84649,0.79412,1.00000,0.71530,0.00000,0.13098,2.90329,1.78434,1.00000,1.00000,1.00000
335,0.3495,33030144,21211,0.01362,8.59e-05,0.3641,198.7395,0.00000,0.00000,0.00000,10.00000,1156.20861,0.00000,0.72823,0.00000,0.00000,0.13714,1.72550,4.22187,0.60811,0.55102,0.22222,0.00000,0.73628,0.00000,0.00000,0.00000,0.00000,1047.22746,-0.02553,-0.10387,0.22845,-0.01821,0.42581,0.73435,-0.07354,0.53932,-0.03409,-0.03440,0.15738,0.28973,0.34304,2.91091,2.91833,0.79730,0.76289,0.61111,0.71519,0.00000,0.13201,2.90941,2.16178,0.98649,0.97917,1.00000
336,0.3511,33128448,16744,0.01558,7.25e-05,0.3642,174.8625,0.00000,0.00000,0.00000,10.00000,1220.27906,0.00000,0.73034,0.00000,0.00000,0.13441,1.74913,3.62848,0.61798,0.51786,0.12500,0.00000,0.73946,0.00000,0.00000,0.00000,0.00000,1068.48869,-0.02537,-0.10595,0.23076,-0.01763,0.42729,0.73751,-0.07307,0.54731,-0.03585,-0.03468,0.15931,0.29248,0.34359,2.50940,2.64222,0.80337,0.76068,0.53333,0.71797,0.00000,0.13206,2.93255,1.95821,0.98876,0.98361,1.00000
337,0.3529,33226752,15496,0.01345,6.34e-05,0.3642,170.9864,0.00000,0.00000,0.00000,10.00000,1188.69789,0.00000,0.72549,0.00000,0.00000,0.13614,1.76372,3.67059,0.58824,0.47368,0.44444,0.00000,0.74479,0.00000,0.00000,0.00000,0.00000,1085.10189,-0.02541,-0.10748,0.23052,-0.01761,0.43096,0.74282,-0.07354,0.54770,-0.03903,-0.03481,0.15939,0.29203,0.34513,2.38727,1.87000,0.78824,0.72072,0.76190,0.72567,0.00000,0.13047,2.92034,1.71600,0.98824,0.98148,1.00000
338,0.3545,33325056,16937,0.00960,1.01e-04,0.3643,175.1859,0.00000,0.00000,0.00000,10.00000,1167.67969,0.00000,0.83074,0.00000,0.00000,0.13624,1.78308,4.16900,0.70093,0.63095,0.80000,0.00000,0.74896,0.00000,0.00000,0.00000,0.00000,1092.07397,-0.02534,-0.10822,0.23197,-0.01786,0.43173,0.74695,-0.07342,0.55232,-0.03745,-0.03491,0.15972,0.29402,0.34517,2.88449,4.23750,0.83645,0.78750,0.88889,0.72586,0.00000,0.13009,2.93150,1.89641,0.97196,0.96053,1.00000
339,0.3561,33423360,17698,0.01571,8.67e-05,0.3643,161.7590,0.00000,0.00000,0.00000,10.00000,1196.73591,0.00000,0.70933,0.00000,0.00000,0.13662,1.77054,3.99903,0.71429,0.59420,0.78947,0.00000,0.75130,0.00000,0.00000,0.00000,0.00000,1056.81657,-0.02526,-0.10473,0.23177,-0.01865,0.43372,0.74938,-0.07380,0.55223,-0.03678,-0.03487,0.15982,0.29411,0.34587,2.66272,2.78214,0.84375,0.79021,0.84848,0.72935,0.00000,0.13010,2.93476,1.68800,0.97321,0.97297,0.92857
340,0.3577,33521664,16470,0.01227,7.70e-05,0.3644,177.2879,0.00000,0.00000,0.00000,10.00000,1188.98793,0.00000,0.78108,0.00000,0.00000,0.13550,1.77464,3.80533,0.62376,0.54167,0.37500,0.00000,0.75048,0.00000,0.00000,0.00000,0.00000,1057.15788,-0.02527,-0.10481,0.23168,-0.01799,0.43341,0.74859,-0.07289,0.55372,-0.03589,-0.03472,0.16053,0.29442,0.34580,2.54167,2.50800,0.80198,0.75352,0.66667,0.72898,0.00000,0.13016,2.93940,1.78347,0.98020,0.97143,1.00000
341,0.3594,33619968,16364,0.00983,1.24e-04,0.3644,182.1987,0.00000,0.00000,0.00000,10.00000,1194.42713,0.00000,0.80858,0.00000,0.00000,0.13507,1.75867,4.09960,0.69307,0.61333,0.60000,0.00000,0.75048,0.00000,0.00000,0.00000,0.00000,1068.20540,-0.02528,-0.10588,0.23097,-0.01787,0.43329,0.74847,-0.07243,0.54950,-0.03825,-0.03498,0.15936,0.29328,0.34561,2.76488,2.62500,0.84158,0.79592,0.80000,0.72805,0.00000,0.13155,2.92565,1.86921,0.99010,0.98611,1.00000
342,0.3611,33718272,16580,0.01318,1.58e-04,0.3645,171.3257,0.00000,0.00000,0.00000,10.00000,1214.17387,0.00000,0.82716,0.00000,0.00000,0.13604,1.75475,3.94291,0.72222,0.63077,0.83333,0.00000,0.74802,0.00000,0.00000,0.00000,0.00000,1054.85246,-0.02546,-0.10464,0.23092,-0.01824,0.43165,0.74601,-0.07298,0.54911,-0.03805,-0.03478,0.15928,0.29283,0.34473,2.67686,3.63111,0.86111,0.82090,0.90000,0.72367,0.00000,0.13079,2.93052,1.84438,1.00000,1.00000,1.00000
343,0.3628,33816576,15830,0.01662,1.11e-04,0.3645,149.5525,0.00000,0.00000,0.00000,10.00000,1183.35764,0.00000,0.70645,0.00000,0.00000,0.13541,1.78124,4.01055,0.61728,0.51724,0.62500,0.00000,0.74498,0.00000,0.00000,0.00000,0.00000,1058.87223,-0.02532,-0.10482,0.23274,-0.01794,0.43043,0.74300,-0.07317,0.55568,-0.03812,-0.03435,0.16069,0.29488,0.34478,2.76376,2.86909,0.79012,0.69903,0.78571,0.72391,0.00000,0.12952,2.93748,1.84775,0.96296,0.93333,1.00000
344,0.3644,33914880,16771,0.01704,9.58e-05,0.3646,178.5183,0.00000,0.00000,0.00000,10.00000,1180.26814,0.00000,0.84291,0.00000,0.00000,0.13319,1.80300,3.86916,0.67816,0.63768,0.40000,0.00000,0.74876,0.00000,0.00000,0.00000,0.00000,1084.54199,-0.02521,-0.10744,0.23372,-0.01785,0.43121,0.74681,-0.07345,0.55994,-0.03590,-0.03459,0.16105,0.29617,0.34501,2.68174,2.73666,0.83908,0.81061,0.66667,0.72504,0.00000,0.12985,2.94966,1.83104,1.00000,1.00000,1.00000
345,0.3662,34013184,15364,0.01689,5.40e-05,0.3647,166.4229,0.00000,0.00000,0.00000,10.00000,1115.17698,0.00000,0.86909,0.00000,0.00000,0.13675,1.79598,4.33577,0.66337,0.60256,0.57143,0.00000,0.75479,0.00000,0.00000,0.00000,0.00000,1067.54899,-0.02518,-0.10577,0.23373,-0.01864,0.43539,0.75287,-0.07306,0.55613,-0.03668,-0.03476,0.16068,0.29649,0.34653,2.84350,2.97818,0.81188,0.77848,0.78571,0.73264,0.00000,0.13007,2.94281,1.93059,0.96040,0.95000,1.00000
346,0.3679,34111488,16416,0.01069,7.77e-05,0.3647,151.9210,0.00000,0.00000,0.00000,10.00000,1150.58530,0.00000,0.79932,0.00000,0.00000,0.13367,1.79498,3.67298,0.66327,0.63636,0.50000,0.00000,0.75507,0.00000,0.00000,0.00000,0.00000,1070.19295,-0.02494,-0.10611,0.23480,-0.01866,0.43685,0.75299,-0.07220,0.56239,-0.03673,-0.03493,0.16149,0.29797,0.34689,2.66992,2.33000,0.81633,0.78723,0.64706,0.73447,0.00000,0.13015,2.97063,1.82912,0.96939,0.96875,0.85714
347,0.3696,34209792,15714,0.01711,5.59e-05,0.3648,170.9413,0.00000,0.00000,0.00000,10.00000,1181.78455,0.00000,0.73394,0.00000,0.00000,0.13274,1.79951,4.45120,0.64220,0.53947,0.60000,0.00000,0.75562,0.00000,0.00000,0.00000,0.00000,1039.97786,-0.02497,-0.10314,0.23477,-0.01782,0.43790,0.75358,-0.07203,0.56464,-0.03649,-0.03486,0.16139,0.29763,0.34718,2.92484,3.15294,0.79358,0.72222,0.76190,0.73591,0.00000,0.12919,2.97100,1.89351,0.94495,0.92647,0.90909
348,0.3711,34308096,19181,0.01250,8.05e-05,0.3648,188.1955,0.00000,0.00000,0.00000,10.00000,1105.71352,0.00000,0.84142,0.00000,0.00000,0.13124,1.79591,4.25666,0.56311,0.48101,0.50000,0.00000,0.75320,0.00000,0.00000,0.00000,0.00000,1047.82666,-0.02509,-0.10385,0.23365,-0.01797,0.43656,0.75123,-0.07145,0.56291,-0.03622,-0.03469,0.16135,0.29622,0.34691,2.61873,2.05333,0.77670,0.73077,0.75000,0.73457,0.00000,0.12928,2.95751,1.79976,0.99029,0.98701,1.00000
349,0.3728,34406400,16108,0.01258,1.09e-04,0.3649,171.6449,0.00000,0.00000,0.00000,10.00000,1193.42474,0.00000,0.81066,0.00000,0.00000,0.13369,1.78048,3.95607,0.71429,0.64865,0.77778,0.00000,0.75161,0.00000,0.00000,0.00000,0.00000,1057.59578,-0.02535,-0.10473,0.23248,-0.01848,0.43473,0.74954,-0.07214,0.55741,-0.03672,-0.03497,0.16043,0.29524,0.34647,2.81569,3.15692,0.85204,0.81119,0.86667,0.73236,0.00000,0.12981,2.93731,1.95270,0.98980,0.98551,1.00000
350,0.3745,34504704,16341,0.01433,9.66e-05,0.3650,161.5982,0.00000,0.00000,0.00000,10.00000,1113.14781,0.00000,0.81930,0.00000,0.00000,0.13589,1.79964,3.96292,0.59596,0.50667,0.70000,0.00000,0.74763,0.00000,0.00000,0.00000,0.00000,1053.60872,-0.02542,-0.10440,0.23121,-0.01785,0.43111,0.74558,-0.07202,0.55570,-0.03287,-0.03464,0.16041,0.29401,0.34502,2.73152,4.23467,0.78788,0.73288,0.83333,0.72512,0.00000,0.12809,2.91021,1.96390,0.97980,0.97183,1.00000
351,0.3762,34603008,16151,0.01700,6.96e-05,0.3650,151.6577,0.00000,0.00000,0.00000,10.00000,1181.11410,0.00000,0.79282,0.00000,0.00000,0.13395,1.81109,4.20073,0.72917,0.68116,0.55556,0.00000,0.74659,0.00000,0.00000,0.00000,0.00000,1066.15055,-0.02526,-0.10563,0.23263,-0.01828,0.43126,0.74441,-0.07168,0.55802,-0.03670,-0.03464,0.16009,0.29594,0.34514,2.89581,2.86461,0.84375,0.81022,0.76471,0.72572,0.00000,0.13007,2.90733,1.92594,0.95833,0.94118,1.00000
352,0.3778,34701312,16348,0.01289,9.24e-05,0.3651,167.5577,0.00000,0.00000,0.00000,10.00000,1158.20652,0.00000,0.74423,0.00000,0.00000,0.13260,1.80386,4.39928,0.66981,0.61538,0.54545,0.00000,0.75005,0.00000,0.00000,0.00000,0.00000,1064.20947,-0.02538,-0.10543,0.23278,-0.01820,0.43281,0.74784,-0.07263,0.55965,-0.03811,-0.03486,0.15993,0.29558,0.34577,2.96046,2.60526,0.83019,0.78169,0.78261,0.72886,0.00000,0.12972,2.91766,1.88613,0.99057,0.98438,1.00000
353,0.3795,34799616,16375,0.01482,8.05e-05,0.3652,208.8053,0.00000,0.00000,0.00000,10.00000,1211.36134,0.00000,0.80927,0.00000,0.00000,0.13601,1.78085,3.63714,0.70079,0.64646,0.62500,0.00000,0.75192,0.00000,0.00000,0.00000,0.00000,1058.90039,-0.02546,-0.10502,0.22951,-0.01850,0.43457,0.74975,-0.07306,0.54984,-0.03636,-0.03521,0.15801,0.29220,0.34648,2.55536,2.36267,0.84252,0.80000,0.83333,0.73240,0.00000,0.12949,2.88735,1.74979,0.98425,0.97674,1.00000
354,0.3812,34897920,16114,0.01173,1.03e-04,0.3653,183.8316,0.00000,0.00000,0.00000,10.00000,1204.25536,0.00000,0.81395,0.00000,0.00000,0.13648,1.78738,3.42511,0.67442,0.60938,0.40000,0.00000,0.74903,0.00000,0.00000,0.00000,0.00000,1073.58464,-0.02546,-0.10630,0.23042,-0.01874,0.43293,0.74680,-0.07267,0.54799,-0.03753,-0.03520,0.15792,0.29341,0.34609,2.50370,2.45000,0.82558,0.78571,0.66667,0.73043,0.00000,0.13163,2.87947,1.89415,0.97674,0.96774,1.00000
355,0.3829,34996224,16399,0.01466,1.03e-04,0.3654,173.0957,0.00000,0.00000,0.00000,10.00000,1244.55634,0.00000,0.79060,0.00000,0.00000,0.13684,1.78340,3.69818,0.69231,0.60000,1.00000,0.00000,0.74778,0.00000,0.00000,0.00000,0.00000,1065.89144,-0.02530,-0.10563,0.23118,-0.01896,0.43090,0.74554,-0.07216,0.55119,-0.03965,-0.03504,0.15856,0.29427,0.34527,2.61270,2.76857,0.84615,0.78378,1.00000,0.72634,0.00000,0.13058,2.89746,1.77183,1.00000,1.00000,1.00000
356,0.3846,35094528,16098,0.01406,1.03e-04,0.3654,174.0969,0.00000,0.00000,0.00000,10.00000,1142.00090,0.00000,0.78348,0.00000,0.00000,0.13458,1.79692,3.58000,0.67949,0.69492,0.41667,0.00000,0.74892,0.00000,0.00000,0.00000,0.00000,1057.39372,-0.02537,-0.10483,0.23191,-0.01856,0.43073,0.74670,-0.07324,0.55521,-0.03749,-0.03470,0.15945,0.29493,0.34555,2.65961,3.26333,0.82692,0.81818,0.61111,0.72775,0.00000,0.13019,2.91249,1.85636,0.97436,0.96078,1.00000
357,0.3863,35192832,16323,0.01294,1.11e-04,0.3655,183.5456,0.00000,0.00000,0.00000,10.00000,1205.23824,0.00000,0.77558,0.00000,0.00000,0.13608,1.82235,3.98800,0.72277,0.63235,0.72727,0.00000,0.75062,0.00000,0.00000,0.00000,0.00000,1072.05721,-0.02506,-0.10622,0.23445,-0.01856,0.43200,0.74832,-0.07260,0.55913,-0.03806,-0.03497,0.16107,0.29835,0.34569,2.70912,3.08555,0.85644,0.81560,0.85000,0.72846,0.00000,0.13060,2.92653,1.84074,0.99010,0.98630,1.00000
358,0.3877,35291136,18931,0.01309,1.44e-04,0.3656,172.5457,0.00000,0.00000,0.00000,10.00000,1239.81669,0.00000,0.72751,0.00000,0.00000,0.13417,1.81229,3.51574,0.69048,0.60714,0.63636,0.00000,0.75175,0.00000,0.00000,0.00000,0.00000,1090.33496,-0.02502,-0.10802,0.23519,-0.01883,0.43381,0.74944,-0.07280,0.56221,-0.04184,-0.03501,0.16209,0.29848,0.34631,2.57143,2.38000,0.84524,0.80000,0.81818,0.73156,0.00000,0.13022,2.94614,1.88861,1.00000,1.00000,1.00000
359,0.3892,35389440,18446,0.01580,1.00e-04,0.3657,158.0732,0.00000,0.00000,0.00000,10.00000,1222.81569,0.00000,0.78209,0.00000,0.00000,0.13417,1.81364,4.05000,0.77670,0.70423,0.77778,0.00000,0.75270,0.00000,0.00000,0.00000,0.00000,1056.91406,-0.02481,-0.10478,0.23599,-0.01898,0.43526,0.75041,-0.07292,0.56547,-0.03573,-0.03508,0.16253,0.29983,0.34633,2.77669,2.95375,0.86408,0.82759,0.83333,0.73166,0.00000,0.12984,2.97188,1.80962,0.95146,0.94595,0.88889
360,0.3909,35487744,16452,0.01459,9.24e-05,0.3657,172.1934,0.00000,0.00000,0.00000,10.00000,1171.30424,0.00000,0.75661,0.00000,0.00000,0.12872,1.78067,3.85254,0.69524,0.63014,0.66667,0.00000,0.75192,0.00000,0.00000,0.00000,0.00000,1056.07292,-0.02508,-0.10467,0.23293,-0.01806,0.43556,0.74963,-0.07273,0.56510,-0.03921,-0.03488,0.16125,0.29608,0.34658,2.72701,2.55600,0.83810,0.79720,0.80000,0.73288,0.00000,0.12916,2.95943,1.87564,0.98095,0.97143,1.00000
361,0.3925,35586048,17108,0.01391,9.24e-05,0.3658,172.2193,0.00000,0.00000,0.00000,10.00000,1199.79853,0.00000,0.79154,0.00000,0.00000,0.13487,1.77086,4.14479,0.70796,0.64444,0.90000,0.00000,0.75146,0.00000,0.00000,0.00000,0.00000,1067.85620,-0.02523,-0.10587,0.23209,-0.01809,0.43411,0.74917,-0.07323,0.55698,-0.03951,-0.03517,0.16067,0.29498,0.34646,2.92713,3.54615,0.84071,0.78261,0.92857,0.73229,0.00000,0.12895,2.94850,1.72639,0.97345,0.95775,1.00000
362,0.3939,35684352,19627,0.01399,9.24e-05,0.3658,176.6375,0.00000,0.00000,0.00000,10.00000,1174.47546,0.00000,0.85749,0.00000,0.00000,0.13787,1.75497,3.53160,0.64130,0.54167,1.00000,0.00000,0.75268,0.00000,0.00000,0.00000,0.00000,1058.99854,-0.02537,-0.10498,0.23197,-0.01881,0.43382,0.75045,-0.07300,0.55045,-0.04150,-0.03506,0.15911,0.29457,0.34603,2.48301,2.72923,0.82065,0.76761,1.00000,0.73013,0.00000,0.13047,2.93360,1.79316,1.00000,1.00000,1.00000
363,0.3956,35782656,16130,0.01445,1.01e-04,0.3659,172.7625,0.00000,0.00000,0.00000,10.00000,1167.49148,0.00000,0.82071,0.00000,0.00000,0.13810,1.77141,3.92000,0.64773,0.56716,0.71429,0.00000,0.74728,0.00000,0.00000,0.00000,0.00000,1048.69482,-0.02532,-0.10390,0.23252,-0.01855,0.43174,0.74503,-0.07274,0.55314,-0.03905,-0.03482,0.16037,0.29587,0.34542,2.62193,2.44769,0.81818,0.76923,0.86667,0.72711,0.00000,0.13022,2.93340,1.80600,0.98864,0.98413,1.00000
364,0.3973,35880960,15739,0.01335,1.20e-04,0.3660,160.1388,0.00000,0.00000,0.00000,10.00000,1159.99855,0.00000,0.81619,0.00000,0.00000,0.13588,1.78096,3.98166,0.67901,0.66667,0.33333,0.00000,0.74351,0.00000,0.00000,0.00000,0.00000,1061.85555,-0.02532,-0.10533,0.23235,-0.01841,0.42976,0.74126,-0.07268,0.55716,-0.04066,-0.03467,0.16041,0.29537,0.34471,2.90942,2.34333,0.83333,0.80672,0.60000,0.72354,0.00000,0.12877,2.93326,1.99036,0.98765,0.98113,1.00000
365,0.3993,35979264,14150,0.01366,1.39e-04,0.3661,175.9731,0.00000,0.00000,0.00000,10.00000,1166.28375,0.00000,0.81901,0.00000,0.00000,0.13483,1.79122,3.66528,0.65979,0.61333,0.60000,0.00000,0.74652,0.00000,0.00000,0.00000,0.00000,1066.90446,-0.02526,-0.10581,0.23319,-0.01812,0.42971,0.74428,-0.07369,0.55978,-0.03901,-0.03502,0.16118,0.29561,0.34476,2.65861,3.14533,0.82474,0.79021,0.78947,0.72379,0.00000,0.12809,2.94773,1.96571,0.98969,0.98529,1.00000
366,0.4010,36077568,15805,0.01414,1.58e-04,0.3661,192.3806,0.00000,0.00000,0.00000,10.00000,1157.93599,0.00000,0.86022,0.00000,0.00000,0.13478,1.80428,4.00846,0.62366,0.56410,0.80000,0.00000,0.75230,0.00000,0.00000,0.00000,0.00000,1060.54818,-0.02521,-0.10516,0.23357,-0.01883,0.43346,0.75008,-0.07269,0.55844,-0.03507,-0.03494,0.16066,0.29620,0.34595,2.70885,3.12250,0.81183,0.76389,0.88889,0.72976,0.00000,0.12955,2.93599,1.74343,1.00000,1.00000,1.00000
367,0.4025,36175872,17884,0.01652,9.83e-05,0.3662,189.4215,0.00000,0.00000,0.00000,10.00000,1191.82619,0.00000,0.80423,0.00000,0.00000,0.13407,1.82809,3.71551,0.65714,0.58667,0.44444,0.00000,0.75445,0.00000,0.00000,0.00000,0.00000,1087.74650,-0.02506,-0.10782,0.23555,-0.01847,0.43402,0.75213,-0.07242,0.56274,-0.03882,-0.03530,0.16170,0.29870,0.34624,2.57338,2.81000,0.81905,0.78289,0.70588,0.73121,0.00000,0.13016,2.94135,1.90714,0.98095,0.97403,1.00000
368,0.4042,36274176,16809,0.01474,8.35e-05,0.3662,181.7320,0.00000,0.00000,0.00000,10.00000,1198.42922,0.00000,0.80556,0.00000,0.00000,0.13855,1.81128,3.78545,0.70000,0.61333,0.87500,0.00000,0.75475,0.00000,0.00000,0.00000,0.00000,1064.97819,-0.02502,-0.10553,0.23438,-0.01893,0.43548,0.75255,-0.07203,0.55574,-0.03825,-0.03519,0.16154,0.29808,0.34680,2.75175,3.08000,0.84500,0.79310,0.93333,0.73400,0.00000,0.13077,2.93438,2.00368,0.99000,0.98571,1.00000
369,0.4055,36372480,20094,0.01195,1.03e-04,0.3663,179.6890,0.00000,0.00000,0.00000,10.00000,1190.43792,0.00000,0.87798,0.00000,0.00000,0.13634,1.80867,3.97187,0.72321,0.65909,0.85714,0.00000,0.75435,0.00000,0.00000,0.00000,0.00000,1066.65031,-0.02513,-0.10566,0.23463,-0.01914,0.43586,0.75215,-0.07206,0.55687,-0.03807,-0.03530,0.16118,0.29804,0.34712,2.65270,2.59538,0.85714,0.82486,0.92857,0.73558,0.00000,0.13145,2.93175,1.76400,0.99107,0.98876,1.00000
370,0.4072,36470784,17037,0.01456,1.11e-04,0.3664,166.4431,0.00000,0.00000,0.00000,10.00000,1135.49185,0.00000,0.80918,0.00000,0.00000,0.13741,1.81279,4.10327,0.70652,0.68056,0.60000,0.00000,0.75494,0.00000,0.00000,0.00000,0.00000,1067.86296,-0.02486,-0.10584,0.23559,-0.01938,0.43669,0.75269,-0.07201,0.55828,-0.03947,-0.03509,0.16106,0.29943,0.34714,2.90377,2.69000,0.83152,0.80597,0.73684,0.73571,0.00000,0.13137,2.93867,1.91910,0.95652,0.95161,0.88889
371,0.4086,36569088,18826,0.01257,1.44e-04,0.3665,171.7818,0.00000,0.00000,0.00000,10.00000,1208.14047,0.00000,0.78658,0.00000,0.00000,0.13510,1.83186,4.10692,0.68317,0.58571,0.72727,0.00000,0.75637,0.00000,0.00000,0.00000,0.00000,1069.77295,-0.02486,-0.10591,0.23645,-0.01907,0.43746,0.75406,-0.07141,0.56180,-0.03890,-0.03512,0.16200,0.30048,0.34722,2.62015,3.04470,0.83663,0.79720,0.80952,0.73611,0.00000,0.13201,2.94253,1.67732,0.99010,1.00000,0.90000
372,0.4104,36667392,15590,0.01509,1.20e-04,0.3666,171.3706,0.00000,0.00000,0.00000,10.00000,1149.96165,0.00000,0.79125,0.00000,0.00000,0.13630,1.84599,4.53764,0.66667,0.61644,0.44444,0.00000,0.75892,0.00000,0.00000,0.00000,0.00000,1069.87630,-0.02486,-0.10605,0.23793,-0.01880,0.43899,0.75669,-0.07180,0.56335,-0.04014,-0.03529,0.16319,0.30210,0.34797,3.00161,2.40909,0.82323,0.78723,0.68750,0.73987,0.00000,0.13224,2.95184,1.92849,0.97980,0.97059,1.00000
373,0.4121,36765696,16025,0.01659,9.66e-05,0.3668,180.6163,0.00000,0.00000,0.00000,10.00000,1226.99733,0.00000,0.78078,0.00000,0.00000,0.13575,1.85829,3.92200,0.72072,0.62500,0.87500,0.00000,0.76252,0.00000,0.00000,0.00000,0.00000,1078.52930,-0.02493,-0.10691,0.23816,-0.01940,0.43995,0.76028,-0.07158,0.56569,-0.03890,-0.03536,0.16308,0.30237,0.34845,2.76259,2.68769,0.84685,0.78846,0.92857,0.74223,0.00000,0.13175,2.94553,1.88202,0.97297,0.96053,1.00000
374,0.4139,36864000,15501,0.01289,9.24e-05,0.3668,200.8501,0.00000,0.00000,0.00000,10.00000,1147.45218,0.00000,0.84770,0.00000,0.00000,0.13591,1.85446,4.28892,0.69828,0.62637,0.83333,0.00000,0.76176,0.00000,0.00000,0.00000,0.00000,1080.48804,-0.02482,-0.10700,0.23631,-0.01895,0.44120,0.75962,-0.07058,0.56249,-0.03882,-0.03557,0.16213,0.30030,0.34862,2.86828,2.71538,0.84052,0.79661,0.92857,0.74308,0.00000,0.13106,2.91690,1.86456,0.98276,0.97674,1.00000
375,0.4156,36962304,15611,0.01687,6.71e-05,0.3669,146.3311,0.00000,0.00000,0.00000,10.00000,1122.97454,0.00000,0.88639,0.00000,0.00000,0.13359,1.85261,4.02440,0.66292,0.61333,0.80000,0.00000,0.75820,0.00000,0.00000,0.00000,0.00000,1050.95890,-0.02472,-0.10410,0.23709,-0.01904,0.43944,0.75602,-0.07060,0.56662,-0.03521,-0.03517,0.16309,0.30135,0.34811,2.69322,2.71500,0.82584,0.79577,0.80000,0.74055,0.00000,0.13132,2.94325,1.75577,0.98876,1.00000,0.80000
376,0.4173,37060608,16111,0.01332,6.34e-05,0.3670,185.0515,0.00000,0.00000,0.00000,10.00000,1143.95452,0.00000,0.84708,0.00000,0.00000,0.13336,1.85793,3.65857,0.62376,0.59524,0.33333,0.00000,0.75566,0.00000,0.00000,0.00000,0.00000,1048.47974,-0.02486,-0.10391,0.23646,-0.01840,0.43740,0.75342,-0.07102,0.56721,-0.03756,-0.03528,0.16190,0.30051,0.34733,2.62930,2.39714,0.80693,0.77273,0.60000,0.73667,0.00000,0.13048,2.92838,1.83973,0.99010,0.98571,1.00000
377,0.4189,37158912,17416,0.01150,9.13e-05,0.3670,156.3511,0.00000,0.00000,0.00000,10.00000,1147.70135,0.00000,0.75556,0.00000,0.00000,0.13326,1.88241,4.34333,0.65333,0.59615,0.37500,0.00000,0.75316,0.00000,0.00000,0.00000,0.00000,1059.50521,-0.02479,-0.10495,0.23786,-0.01846,0.43564,0.75093,-0.07102,0.57026,-0.03708,-0.03490,0.16381,0.30192,0.34672,2.99229,2.51143,0.82667,0.79412,0.72222,0.73361,0.00000,0.13023,2.93094,2.18167,1.00000,1.00000,1.00000
378,0.4205,37257216,16731,0.01434,8.67e-05,0.3671,188.0425,0.00000,0.00000,0.00000,10.00000,1208.24665,0.00000,0.74074,0.00000,0.00000,0.13395,1.89443,4.44203,0.69524,0.61842,0.70000,0.00000,0.75437,0.00000,0.00000,0.00000,0.00000,1060.13534,-0.02482,-0.10509,0.23815,-0.01879,0.43736,0.75209,-0.07103,0.56959,-0.03699,-0.03514,0.16378,0.30245,0.34726,2.95773,3.07333,0.84286,0.78571,0.85000,0.73631,0.00000,0.13084,2.92046,1.75808,0.99048,0.98438,1.00000
379,0.4222,37355520,16615,0.01173,1.03e-04,0.3671,181.7511,0.00000,0.00000,0.00000,10.00000,1215.83482,0.00000,0.78755,0.00000,0.00000,0.13479,1.91455,3.96226,0.73626,0.67647,0.75000,0.00000,0.75715,0.00000,0.00000,0.00000,0.00000,1072.01709,-0.02457,-0.10625,0.23979,-0.01929,0.43905,0.75482,-0.07161,0.57070,-0.03393,-0.03528,0.16421,0.30434,0.34759,2.85066,2.71571,0.85714,0.81395,0.87500,0.73793,0.00000,0.13152,2.93000,1.97134,0.97802,0.96721,1.00000
380,0.4233,37453824,25318,0.01285,1.33e-04,0.3672,190.0636,0.00000,0.00000,0.00000,10.00000,1242.38484,0.00000,0.81111,0.00000,0.00000,0.13525,1.91487,3.41192,0.73000,0.67568,0.40000,0.00000,0.76157,0.00000,0.00000,0.00000,0.00000,1067.70418,-0.02461,-0.10583,0.24060,-0.01926,0.44202,0.75917,-0.07113,0.57432,-0.03717,-0.03526,0.16439,0.30479,0.34859,2.50106,2.59800,0.86000,0.82877,0.76923,0.74297,0.00000,0.12994,2.94279,1.90900,0.99000,0.98611,1.00000
381,0.4249,37552128,17137,0.01467,1.31e-04,0.3674,173.5305,0.00000,0.00000,0.00000,10.00000,1207.86666,0.00000,0.76052,0.00000,0.00000,0.13436,1.91195,3.67180,0.74757,0.69014,0.69231,0.00000,0.76630,0.00000,0.00000,0.00000,0.00000,1061.81396,-0.02469,-0.10534,0.24016,-0.01920,0.44398,0.76391,-0.07092,0.57471,-0.03586,-0.03529,0.16428,0.30443,0.34924,2.62000,2.49833,0.86408,0.83688,0.82759,0.74622,0.00000,0.13000,2.94488,1.85619,0.98058,0.98571,0.93750
382,0.4266,37650432,16047,0.01670,6.96e-05,0.3675,162.6173,0.00000,0.00000,0.00000,10.00000,1167.89817,0.00000,0.79981,0.00000,0.00000,0.13389,1.90988,3.89565,0.72414,0.66292,0.80000,0.00000,0.76598,0.00000,0.00000,0.00000,0.00000,1051.49284,-0.02473,-0.10421,0.23921,-0.01908,0.44333,0.76350,-0.07100,0.57464,-0.03781,-0.03541,0.16429,0.30380,0.34941,2.75401,2.99158,0.85345,0.80838,0.90476,0.74703,0.00000,0.12973,2.93499,1.85886,0.98276,0.97436,1.00000
383,0.4283,37748736,16122,0.01200,1.00e-04,0.3676,192.8004,0.00000,0.00000,0.00000,10.00000,1142.29936,0.00000,0.90965,0.00000,0.00000,0.13473,1.92741,4.09407,0.69231,0.65823,0.50000,0.00000,0.76346,0.00000,0.00000,0.00000,0.00000,1048.77620,-0.02466,-0.10395,0.24037,-0.01924,0.44271,0.76094,-0.07010,0.57453,-0.03538,-0.03531,0.16427,0.30497,0.34908,2.86179,3.33000,0.83516,0.80537,0.66667,0.74538,0.00000,0.13061,2.92099,1.89739,0.97802,0.97143,1.00000
384,0.4300,37847040,16531,0.01484,1.00e-04,0.3677,176.8657,0.00000,0.00000,0.00000,10.00000,1156.96018,0.00000,0.83668,0.00000,0.00000,0.13219,1.94756,3.81647,0.68675,0.64615,0.66667,0.00000,0.76090,0.00000,0.00000,0.00000,0.00000,1066.86068,-0.02458,-0.10561,0.24193,-0.01902,0.44101,0.75840,-0.07091,0.58190,-0.03740,-0.03514,0.16507,0.30642,0.34810,2.69119,2.34533,0.83735,0.80800,0.82353,0.74049,0.00000,0.12974,2.93087,1.83463,0.98795,0.98333,1.00000
385,0.4318,37945344,14821,0.01705,6.34e-05,0.3677,152.8737,0.00000,0.00000,0.00000,10.00000,1292.86308,0.00000,0.77635,0.00000,0.00000,0.13372,1.96143,3.48809,0.76923,0.66667,1.00000,0.00000,0.76037,0.00000,0.00000,0.00000,0.00000,1079.50928,-0.02444,-0.10693,0.24265,-0.01872,0.43965,0.75782,-0.07155,0.58428,-0.03651,-0.03530,0.16627,0.30750,0.34801,2.54333,2.72444,0.88462,0.83486,1.00000,0.74005,0.00000,0.12841,2.94418,1.88200,1.00000,1.00000,1.00000
386,0.4337,38043648,14658,0.00889,1.03e-04,0.3678,179.5205,0.00000,0.00000,0.00000,10.00000,1265.25416,0.00000,0.80020,0.00000,0.00000,0.13435,1.96830,3.90838,0.82569,0.77381,1.00000,0.00000,0.76210,0.00000,0.00000,0.00000,0.00000,1068.98779,-0.02432,-0.10595,0.24410,-0.01937,0.44150,0.75953,-0.07214,0.58716,-0.03471,-0.03530,0.16742,0.30967,0.34840,2.84282,2.56444,0.91284,0.87898,1.00000,0.74199,0.00000,0.12858,2.96421,1.88122,1.00000,1.00000,1.00000
387,0.4354,38141952,15639,0.01574,7.76e-05,0.3678,175.5863,0.00000,0.00000,0.00000,10.00000,1226.46624,0.00000,0.78042,0.00000,0.00000,0.13151,1.95069,3.77744,0.70238,0.64062,0.60000,0.00000,0.76820,0.00000,0.00000,0.00000,0.00000,1048.76652,-0.02429,-0.10401,0.24357,-0.01938,0.44693,0.76570,-0.07167,0.58696,-0.03676,-0.03528,0.16677,0.30874,0.35016,2.69650,3.41428,0.83929,0.78814,0.77778,0.75081,0.00000,0.12937,2.97243,1.78928,0.97619,0.96296,1.00000
388,0.4372,38240256,15747,0.01246,8.70e-05,0.3679,168.5876,0.00000,0.00000,0.00000,10.00000,1237.09801,0.00000,0.74747,0.00000,0.00000,0.12951,1.95127,3.70508,0.71818,0.67532,0.40000,0.00000,0.76847,0.00000,0.00000,0.00000,0.00000,1047.79956,-0.02436,-0.10387,0.24295,-0.01904,0.44589,0.76600,-0.07133,0.58784,-0.03760,-0.03552,0.16655,0.30783,0.34952,2.68169,2.86625,0.85909,0.83108,0.72727,0.74761,0.00000,0.12922,2.96386,1.95422,1.00000,1.00000,1.00000
389,0.4387,38338560,18528,0.01224,1.01e-04,0.3679,183.2693,0.00000,0.00000,0.00000,10.00000,1205.57537,0.00000,0.81155,0.00000,0.00000,0.12896,1.94658,3.95115,0.66667,0.59740,0.57143,0.00000,0.76362,0.00000,0.00000,0.00000,0.00000,1047.89209,-0.02460,-0.10377,0.24054,-0.01926,0.44262,0.76116,-0.07134,0.58318,-0.03526,-0.03534,0.16523,0.30501,0.34878,2.67725,2.47091,0.83333,0.79195,0.78571,0.74389,0.00000,0.12925,2.91933,1.83873,1.00000,1.00000,1.00000
390,0.4401,38436864,18551,0.01404,9.24e-05,0.3680,163.1593,0.00000,0.00000,0.00000,10.00000,1209.94375,0.00000,0.79798,0.00000,0.00000,0.12847,1.94513,4.47278,0.72727,0.64634,0.83333,0.00000,0.75986,0.00000,0.00000,0.00000,0.00000,1059.67253,-0.02472,-0.10482,0.24009,-0.01903,0.44026,0.75734,-0.07111,0.58130,-0.03495,-0.03553,0.16433,0.30420,0.34790,2.97617,3.14666,0.86364,0.81646,0.90000,0.73950,0.00000,0.12965,2.90550,1.83500,1.00000,1.00000,1.00000
391,0.4419,38535168,15586,0.01582,6.99e-05,0.3681,189.8327,0.00000,0.00000,0.00000,10.00000,1258.20012,0.00000,0.71429,0.00000,0.00000,0.12899,1.92620,3.96449,0.75824,0.66102,0.83333,0.00000,0.75901,0.00000,0.00000,0.00000,0.00000,1060.11320,-0.02473,-0.10509,0.23887,-0.01887,0.43936,0.75648,-0.07165,0.57840,-0.03491,-0.03531,0.16350,0.30276,0.34821,2.73579,2.96778,0.87363,0.82051,0.90000,0.74104,0.00000,0.12924,2.91424,1.80954,0.98901,0.98276,1.00000
392,0.4434,38633472,18139,0.01290,8.70e-05,0.3682,160.9916,0.00000,0.00000,0.00000,10.00000,1155.23937,0.00000,0.79038,0.00000,0.00000,0.13039,1.92428,3.38280,0.62887,0.58904,0.40000,0.00000,0.76086,0.00000,0.00000,0.00000,0.00000,1066.07585,-0.02470,-0.10572,0.23974,-0.01920,0.44046,0.75828,-0.07099,0.57903,-0.03493,-0.03539,0.16412,0.30403,0.34836,2.57790,2.19733,0.80412,0.76812,0.71429,0.74178,0.00000,0.12940,2.92711,2.03405,0.97938,0.96923,1.00000
393,0.4449,38731776,19132,0.01338,8.59e-05,0.3683,167.0709,0.00000,0.00000,0.00000,10.00000,1175.02959,0.00000,0.80761,0.00000,0.00000,0.13032,1.92566,4.17593,0.65741,0.57317,0.75000,0.00000,0.76245,0.00000,0.00000,0.00000,0.00000,1071.81315,-0.02461,-0.10619,0.24096,-0.01914,0.44226,0.75994,-0.07099,0.58306,-0.03660,-0.03549,0.16494,0.30521,0.34855,2.83855,3.55800,0.81944,0.77070,0.76923,0.74277,0.00000,0.12840,2.94786,1.83975,0.98148,0.98667,0.80000
394,0.4466,38830080,15926,0.01151,1.33e-04,0.3684,189.2563,0.00000,0.00000,0.00000,10.00000,1316.96916,0.00000,0.80897,0.00000,0.00000,0.13178,1.91938,3.21923,0.83333,0.80899,0.60000,0.00000,0.76570,0.00000,0.00000,0.00000,0.00000,1064.34668,-0.02462,-0.10553,0.24027,-0.01824,0.44365,0.76320,-0.07098,0.58080,-0.03632,-0.03560,0.16446,0.30450,0.34928,2.52360,2.58222,0.91667,0.89759,0.81818,0.74639,0.00000,0.12805,2.94570,1.86988,1.00000,1.00000,1.00000
395,0.4483,38928384,16298,0.01396,1.31e-04,0.3685,178.0366,0.00000,0.00000,0.00000,10.00000,1156.14791,0.00000,0.82265,0.00000,0.00000,0.13219,1.88571,3.65466,0.68269,0.61250,0.77778,0.00000,0.76399,0.00000,0.00000,0.00000,0.00000,1041.20321,-0.02492,-0.10320,0.23812,-0.01900,0.44238,0.76148,-0.07103,0.57291,-0.03414,-0.03540,0.16269,0.30184,0.34851,2.60042,2.34470,0.81731,0.76623,0.89474,0.74256,0.00000,0.12932,2.92971,1.82902,0.95192,0.93243,1.00000
396,0.4499,39026688,16314,0.01494,1.25e-04,0.3686,179.8970,0.00000,0.00000,0.00000,10.00000,1230.37732,0.00000,0.80586,0.00000,0.00000,0.13389,1.90371,3.84625,0.72527,0.63636,0.83333,0.00000,0.75793,0.00000,0.00000,0.00000,0.00000,1042.75643,-0.02477,-0.10346,0.23928,-0.01905,0.44025,0.75544,-0.07064,0.57555,-0.03432,-0.03521,0.16356,0.30339,0.34750,2.66533,2.91273,0.86264,0.81818,0.91667,0.73751,0.00000,0.12861,2.93042,1.87805,1.00000,1.00000,1.00000
397,0.4515,39124992,17225,0.01494,8.05e-05,0.3686,161.0790,0.00000,0.00000,0.00000,10.00000,1189.96501,0.00000,0.83924,0.00000,0.00000,0.13084,1.90707,3.95849,0.73404,0.68056,0.50000,0.00000,0.75753,0.00000,0.00000,0.00000,0.00000,1052.48730,-0.02473,-0.10427,0.23973,-0.01870,0.43873,0.75504,-0.07069,0.57899,-0.03630,-0.03538,0.16381,0.30349,0.34701,2.76800,2.01428,0.85106,0.81690,0.77778,0.73506,0.00000,0.12881,2.93143,1.89167,0.96809,0.95714,1.00000
398,0.4532,39223296,16321,0.01324,8.59e-05,0.3687,155.0011,0.00000,0.00000,0.00000,10.00000,1231.02610,0.00000,0.78144,0.00000,0.00000,0.13034,1.92485,3.64561,0.80220,0.76562,0.72727,0.00000,0.75682,0.00000,0.00000,0.00000,0.00000,1043.36914,-0.02445,-0.10344,0.24190,-0.01949,0.43872,0.75434,-0.07095,0.58491,-0.03257,-0.03514,0.16540,0.30652,0.34718,2.63123,2.38842,0.89011,0.86719,0.86364,0.73591,0.00000,0.12900,2.97121,1.83918,0.97802,0.96875,1.00000
399,0.4549,39321600,16127,0.01335,1.04e-04,0.3687,149.7930,0.00000,0.00000,0.00000,10.00000,1236.06624,0.00000,0.73495,0.00000,0.00000,0.12792,1.91708,3.50654,0.69792,0.64615,0.50000,0.00000,0.75881,0.00000,0.00000,0.00000,0.00000,1037.52498,-0.02453,-0.10291,0.24048,-0.01917,0.43945,0.75635,-0.07119,0.58648,-0.03114,-0.03534,0.16560,0.30498,0.34731,2.68410,2.17467,0.84375,0.81102,0.70000,0.73655,0.00000,0.12800,2.97395,2.07314,0.98958,0.98387,1.00000
400,0.4566,39419904,16061,0.01433,8.35e-05,0.3688,139.7721,0.00000,0.00000,0.00000,10.00000,1215.04889,0.00000,0.82397,0.00000,0.00000,0.13119,1.91667,3.51200,0.75281,0.72857,0.40000,0.00000,0.75824,0.00000,0.00000,0.00000,0.00000,1046.09302,-0.02459,-0.10376,0.24128,-0.01911,0.43963,0.75580,-0.07154,0.58415,-0.03352,-0.03526,0.16588,0.30541,0.34702,2.60032,2.43555,0.87079,0.85606,0.69231,0.73509,0.00000,0.12751,2.96842,1.87362,0.98876,1.00000,0.87500
401,0.4584,39518208,15797,0.01121,1.20e-04,0.3689,201.5937,0.00000,0.00000,0.00000,10.00000,1222.22335,0.00000,0.75805,0.00000,0.00000,0.12800,1.90608,3.34353,0.69159,0.60563,0.50000,0.00000,0.76268,0.00000,0.00000,0.00000,0.00000,1059.07764,-0.02463,-0.10504,0.24065,-0.01888,0.44143,0.76031,-0.07101,0.58521,-0.03750,-0.03553,0.16476,0.30437,0.34803,2.56477,2.35571,0.83178,0.78767,0.73684,0.74016,0.00000,0.12785,2.96700,2.08626,0.97196,0.96000,1.00000
402,0.4601,39616512,15866,0.01308,1.31e-04,0.3689,192.7025,0.00000,0.00000,0.00000,10.00000,1189.37610,0.00000,0.79125,0.00000,0.00000,0.13201,1.89433,4.17250,0.76768,0.75325,0.55556,0.00000,0.76737,0.00000,0.00000,0.00000,0.00000,1076.21362,-0.02462,-0.10668,0.23996,-0.01921,0.44336,0.76502,-0.07101,0.57816,-0.03605,-0.03578,0.16406,0.30400,0.34902,2.98248,2.89067,0.87374,0.85106,0.78947,0.74509,0.00000,0.12879,2.96051,1.93918,0.97980,0.96875,1.00000
403,0.4618,39714816,16348,0.01706,8.39e-05,0.3690,178.2927,0.00000,0.00000,0.00000,10.00000,1207.68641,0.00000,0.73913,0.00000,0.00000,0.13365,1.90479,3.72618,0.66957,0.57143,0.61538,0.00000,0.76758,0.00000,0.00000,0.00000,0.00000,1066.96826,-0.02473,-0.10581,0.23952,-0.01934,0.44377,0.76532,-0.07115,0.57601,-0.03676,-0.03594,0.16437,0.30407,0.34920,2.65248,2.79000,0.82609,0.77124,0.80000,0.74600,0.00000,0.12883,2.94683,1.96581,0.98261,0.97368,1.00000
404,0.4635,39813120,15653,0.01531,8.39e-05,0.3691,165.6782,0.00000,0.00000,0.00000,10.00000,1224.79427,0.00000,0.82437,0.00000,0.00000,0.13241,1.92864,3.65215,0.69892,0.62162,1.00000,0.00000,0.76993,0.00000,0.00000,0.00000,0.00000,1070.21159,-0.02464,-0.10604,0.24072,-0.01998,0.44371,0.76755,-0.07037,0.57952,-0.03840,-0.03592,0.16467,0.30600,0.34904,2.66949,2.88666,0.84946,0.79710,1.00000,0.74520,0.00000,0.12990,2.93865,1.92149,1.00000,1.00000,1.00000
405,0.4652,39911424,16895,0.01590,7.16e-05,0.3691,164.6548,0.00000,0.00000,0.00000,10.00000,1196.71756,0.00000,0.78059,0.00000,0.00000,0.13109,1.95130,3.52618,0.72152,0.70769,0.62500,0.00000,0.76589,0.00000,0.00000,0.00000,0.00000,1056.26595,-0.02450,-0.10475,0.24247,-0.01972,0.44230,0.76352,-0.07060,0.58620,-0.03609,-0.03557,0.16554,0.30785,0.34823,2.63345,2.10133,0.86076,0.82883,0.82353,0.74115,0.00000,0.12925,2.95511,1.74073,1.00000,1.00000,1.00000
406,0.4668,40009728,16454,0.01178,1.03e-04,0.3692,156.8922,0.00000,0.00000,0.00000,10.00000,1225.14721,0.00000,0.76305,0.00000,0.00000,0.12985,1.97907,4.20913,0.73494,0.65574,0.80000,0.00000,0.76357,0.00000,0.00000,0.00000,0.00000,1083.17464,-0.02426,-0.10741,0.24522,-0.01940,0.44212,0.76111,-0.07064,0.59566,-0.03699,-0.03542,0.16771,0.31077,0.34776,2.79709,3.59778,0.85542,0.79825,0.90000,0.73879,0.00000,0.12781,2.97396,1.65754,0.97590,0.96226,1.00000
407,0.4686,40108032,15955,0.01433,1.03e-04,0.3693,176.6321,0.00000,0.00000,0.00000,10.00000,1231.92533,0.00000,0.80662,0.00000,0.00000,0.12754,1.97647,3.69781,0.74038,0.67901,0.85714,0.00000,0.76799,0.00000,0.00000,0.00000,0.00000,1100.38550,-0.02426,-0.10905,0.24504,-0.01957,0.44395,0.76558,-0.07125,0.59792,-0.03920,-0.03580,0.16785,0.31057,0.34864,2.71333,2.82461,0.87019,0.82781,0.92857,0.74322,0.00000,0.12779,2.98422,1.89506,1.00000,1.00000,1.00000
408,0.4700,40206336,19588,0.01293,1.31e-04,0.3693,192.5555,0.00000,0.00000,0.00000,10.00000,1263.95805,0.00000,0.79710,0.00000,0.00000,0.13076,1.96839,3.89345,0.78261,0.73134,0.71429,0.00000,0.77415,0.00000,0.00000,0.00000,0.00000,1084.68351,-0.02434,-0.10748,0.24522,-0.01987,0.44750,0.77162,-0.07151,0.59300,-0.03595,-0.03585,0.16727,0.31071,0.35034,2.71905,2.84182,0.88587,0.85606,0.84615,0.75168,0.00000,0.12863,2.99310,1.80929,0.98913,0.98462,1.00000
409,0.4704,40304640,57445,0.01479,1.12e-04,0.3694,181.2853,0.00000,0.00000,0.00000,10.00000,1185.56648,0.00000,0.82819,0.00000,0.00000,0.13601,1.96505,3.36246,0.68519,0.64706,0.63636,0.00000,0.77848,0.00000,0.00000,0.00000,0.00000,1071.82430,-0.02430,-0.10624,0.24679,-0.01995,0.44961,0.77596,-0.07110,0.58955,-0.04003,-0.03602,0.16813,0.31265,0.35104,2.42431,2.17400,0.83796,0.80745,0.82609,0.75522,0.00000,0.12906,2.99238,1.73136,0.99074,0.98684,1.00000
410,0.4709,40402944,56445,0.01551,1.00e-04,0.3695,161.7928,0.00000,0.00000,0.00000,10.00000,1255.53852,0.00000,0.76111,0.00000,0.00000,0.13262,1.97745,3.54296,0.71000,0.61972,0.77778,0.00000,0.77781,0.00000,0.00000,0.00000,0.00000,1069.13932,-0.02441,-0.10604,0.24571,-0.01963,0.44957,0.77525,-0.07059,0.59327,-0.04075,-0.03587,0.16812,0.31113,0.35092,2.58432,3.05077,0.85000,0.79562,0.86667,0.75462,0.00000,0.12776,2.97092,1.85521,0.99000,0.98485,1.00000
411,0.4714,40501248,56204,0.01578,1.04e-04,0.3696,168.2605,0.00000,0.00000,0.00000,10.00000,1227.23726,0.00000,0.81985,0.00000,0.00000,0.13256,1.97799,4.29836,0.74757,0.69231,0.60000,0.00000,0.77496,0.00000,0.00000,0.00000,0.00000,1057.70785,-0.02447,-0.10484,0.24519,-0.01946,0.44779,0.77237,-0.06982,0.59074,-0.04154,-0.03579,0.16736,0.31050,0.35035,2.88403,2.57714,0.87379,0.84211,0.77778,0.75174,0.00000,0.12844,2.95560,1.77795,1.00000,1.00000,1.00000
412,0.4719,40599552,57806,0.01304,1.16e-04,0.3696,153.3090,0.00000,0.00000,0.00000,10.00000,1220.84538,0.00000,0.81019,0.00000,0.00000,0.13116,1.97575,3.49091,0.71875,0.67606,0.50000,0.00000,0.76809,0.00000,0.00000,0.00000,0.00000,1046.29810,-0.02453,-0.10373,0.24408,-0.01935,0.44405,0.76554,-0.07032,0.59065,-0.03901,-0.03553,0.16663,0.30919,0.34918,2.54214,2.42166,0.84896,0.82143,0.75000,0.74591,0.00000,0.12795,2.94210,1.85553,0.97917,0.97101,1.00000
413,0.4724,40697856,58411,0.01425,1.10e-04,0.3697,186.5571,0.00000,0.00000,0.00000,10.00000,1237.78914,0.00000,0.74973,0.00000,0.00000,0.13146,1.96579,4.00588,0.75728,0.72727,0.63636,0.00000,0.76256,0.00000,0.00000,0.00000,0.00000,1060.13224,-0.02462,-0.10511,0.24211,-0.01950,0.44214,0.76009,-0.07023,0.58530,-0.03766,-0.03578,0.16508,0.30666,0.34856,2.89100,2.66111,0.86893,0.83453,0.81818,0.74282,0.00000,0.12793,2.91551,1.83805,0.98058,0.96774,1.00000
414,0.4728,40796160,58108,0.01959,7.70e-05,0.3698,177.8121,0.00000,0.00000,0.00000,10.00000,1257.29361,0.00000,0.81633,0.00000,0.00000,0.13156,1.96538,2.93629,0.72449,0.68000,0.40000,0.00000,0.76648,0.00000,0.00000,0.00000,0.00000,1070.43343,-0.02469,-0.10606,0.24109,-0.01955,0.44243,0.76404,-0.07030,0.58007,-0.03609,-0.03587,0.16425,0.30542,0.34857,2.26219,1.90500,0.85204,0.82639,0.66667,0.74283,0.00000,0.12938,2.90314,1.77027,0.97959,0.98551,0.85714
415,0.4733,40894464,57944,0.01194,1.11e-04,0.3699,191.3254,0.00000,0.00000,0.00000,10.00000,1202.88701,0.00000,0.81726,0.00000,0.00000,0.13560,1.97152,4.07735,0.68595,0.59783,0.88889,0.00000,0.76757,0.00000,0.00000,0.00000,0.00000,1057.21834,-0.02473,-0.10489,0.24002,-0.02019,0.44305,0.76514,-0.07068,0.57427,-0.03533,-0.03610,0.16322,0.30469,0.34919,2.77497,3.25375,0.83471,0.78090,0.93750,0.74595,0.00000,0.12917,2.86997,1.80176,0.98347,0.97674,1.00000
416,0.4738,40992768,57003,0.01367,1.31e-04,0.3700,144.7202,0.00000,0.00000,0.00000,10.00000,1159.63588,0.00000,0.80065,0.00000,0.00000,0.13456,1.96321,4.18508,0.74510,0.66216,0.90909,0.00000,0.76468,0.00000,0.00000,0.00000,0.00000,1073.93099,-0.02495,-0.10631,0.23827,-0.02070,0.44218,0.76225,-0.06968,0.57141,-0.03651,-0.03596,0.16101,0.30217,0.34875,2.96892,2.88500,0.85294,0.80272,0.95238,0.74374,0.00000,0.12941,2.82910,2.07200,0.96078,0.94521,1.00000
417,0.4743,41091072,58551,0.02097,5.28e-05,0.3700,170.0683,0.00000,0.00000,0.00000,10.00000,1235.43988,0.00000,0.84795,0.00000,0.00000,0.13270,1.96475,3.77200,0.78947,0.73684,1.00000,0.00000,0.75987,0.00000,0.00000,0.00000,0.00000,1086.34017,-0.02488,-0.10760,0.23894,-0.02011,0.43880,0.75746,-0.06968,0.57459,-0.03637,-0.03602,0.16129,0.30261,0.34772,2.70759,3.53666,0.88421,0.84828,1.00000,0.73861,0.00000,0.12936,2.84914,1.78203,0.97895,0.97101,1.00000
418,0.4748,41189376,55427,0.01096,7.61e-05,0.3701,189.4265,0.00000,0.00000,0.00000,10.00000,1262.32608,0.00000,0.78283,0.00000,0.00000,0.13297,1.95983,3.85769,0.77273,0.71212,0.83333,0.00000,0.75899,0.00000,0.00000,0.00000,0.00000,1087.69987,-0.02468,-0.10763,0.23966,-0.02028,0.43943,0.75653,-0.06909,0.57513,-0.03274,-0.03602,0.16177,0.30357,0.34728,2.79809,3.23200,0.88636,0.84677,0.90909,0.73640,0.00000,0.12995,2.86519,1.92349,1.00000,1.00000,1.00000
419,0.4753,41287680,57736,0.01399,8.59e-05,0.3701,171.9620,0.00000,0.00000,0.00000,10.00000,1264.26918,0.00000,0.79012,0.00000,0.00000,0.13153,1.97716,3.88701,0.80000,0.76190,0.66667,0.00000,0.76015,0.00000,0.00000,0.00000,0.00000,1092.08822,-0.02451,-0.10817,0.24305,-0.02021,0.44051,0.75753,-0.06949,0.58430,-0.03604,-0.03588,0.16451,0.30749,0.34761,2.69848,2.24823,0.90000,0.88281,0.84211,0.73803,0.00000,0.13004,2.91537,1.79520,1.00000,1.00000,1.00000
420,0.4757,41385984,59242,0.01449,8.39e-05,0.3702,174.9727,0.00000,0.00000,0.00000,10.00000,1245.42912,0.00000,0.79861,0.00000,0.00000,0.13220,1.97378,3.54406,0.83333,0.81690,0.76923,0.00000,0.76479,0.00000,0.00000,0.00000,0.00000,1088.54012,-0.02448,-0.10792,0.24328,-0.02075,0.44352,0.76219,-0.07069,0.58428,-0.03204,-0.03598,0.16421,0.30784,0.34872,2.68377,2.77600,0.89583,0.87681,0.86957,0.74358,0.00000,0.12993,2.93498,1.88162,0.95833,0.94030,1.00000
421,0.4762,41484288,59629,0.01372,8.59e-05,0.3703,158.5813,0.00000,0.00000,0.00000,10.00000,1268.13096,0.00000,0.78465,0.00000,0.00000,0.13223,1.95952,3.97266,0.77320,0.70667,1.00000,0.00000,0.76692,0.00000,0.00000,0.00000,0.00000,1063.29362,-0.02431,-0.10551,0.24457,-0.02017,0.44530,0.76432,-0.07061,0.58972,-0.03697,-0.03591,0.16624,0.30958,0.34936,2.80504,2.62400,0.88660,0.83942,1.00000,0.74679,0.00000,0.12855,2.97816,1.75940,1.00000,1.00000,1.00000
422,0.4767,41582592,59494,0.01537,6.42e-05,0.3704,168.9383,0.00000,0.00000,0.00000,10.00000,1146.35397,0.00000,0.74786,0.00000,0.00000,0.13145,1.96512,4.04983,0.63462,0.58667,0.53333,0.00000,0.77036,0.00000,0.00000,0.00000,0.00000,1062.13753,-0.02431,-0.10534,0.24482,-0.02001,0.44641,0.76778,-0.06986,0.59190,-0.03503,-0.03587,0.16637,0.31009,0.34927,2.82594,2.59545,0.81250,0.77857,0.72414,0.74633,0.00000,0.12837,2.98093,1.91190,0.99038,1.00000,0.92857
423,0.4771,41680896,59185,0.01027,9.24e-05,0.3704,175.0901,0.00000,0.00000,0.00000,10.00000,1170.45328,0.00000,0.85859,0.00000,0.00000,0.13448,1.95593,4.33446,0.74747,0.71795,0.57143,0.00000,0.77119,0.00000,0.00000,0.00000,0.00000,1062.84717,-0.02459,-0.10540,0.24372,-0.01991,0.44650,0.76853,-0.06977,0.58699,-0.03707,-0.03598,0.16563,0.30865,0.34956,2.87000,2.81846,0.86364,0.84314,0.80000,0.74781,0.00000,0.12752,2.95840,1.69481,0.97980,0.97333,1.00000
424,0.4776,41779200,57032,0.01279,1.33e-04,0.3705,189.3253,0.00000,0.00000,0.00000,10.00000,1224.57536,0.00000,0.77188,0.00000,0.00000,0.13183,1.94316,3.78000,0.72566,0.64198,0.77778,0.00000,0.76894,0.00000,0.00000,0.00000,0.00000,1075.35767,-0.02470,-0.10664,0.24176,-0.01951,0.44509,0.76633,-0.06969,0.58447,-0.03549,-0.03599,0.16457,0.30627,0.34935,2.79986,2.38222,0.84513,0.79618,0.85000,0.74676,0.00000,0.12801,2.94228,2.06476,0.96460,0.96053,0.90909
425,0.4781,41877504,58531,0.01366,1.24e-04,0.3706,175.8856,0.00000,0.00000,0.00000,10.00000,1251.74830,0.00000,0.83937,0.00000,0.00000,0.13208,1.94455,3.72492,0.80435,0.76712,0.75000,0.00000,0.76710,0.00000,0.00000,0.00000,0.00000,1085.34416,-0.02473,-0.10751,0.24194,-0.01960,0.44382,0.76444,-0.06984,0.58319,-0.03308,-0.03593,0.16446,0.30650,0.34913,2.79077,2.35714,0.89674,0.87050,0.87500,0.74563,0.00000,0.12879,2.94345,1.96493,0.98913,0.98485,1.00000
426,0.4785,41975808,58596,0.01544,1.01e-04,0.3707,187.1385,0.00000,0.00000,0.00000,10.00000,1250.87236,0.00000,0.78472,0.00000,0.00000,0.13174,1.94447,3.68000,0.75000,0.71186,0.70000,0.00000,0.76521,0.00000,0.00000,0.00000,0.00000,1070.62093,-0.02449,-0.10606,0.24326,-0.01967,0.44266,0.76254,-0.07004,0.58814,-0.03487,-0.03573,0.16557,0.30840,0.34868,2.71789,3.03200,0.87500,0.84956,0.83333,0.74339,0.00000,0.12822,2.97146,1.91097,1.00000,1.00000,1.00000
427,0.4790,42074112,58668,0.01275,1.31e-04,0.3708,173.5687,0.00000,0.00000,0.00000,10.00000,1307.88491,0.00000,0.76558,0.00000,0.00000,0.13021,1.93896,3.62157,0.82927,0.80952,0.00000,0.00000,0.76506,0.00000,0.00000,0.00000,0.00000,1070.77938,-0.02437,-0.10613,0.24338,-0.01941,0.44218,0.76237,-0.07029,0.59242,-0.03687,-0.03576,0.16668,0.30893,0.34846,2.78116,2.64000,0.90854,0.88496,0.50000,0.74230,0.00000,0.12705,2.99663,1.95692,0.98780,0.98000,1.00000
428,0.4795,42172416,57765,0.01565,1.00e-04,0.3709,179.5964,0.00000,0.00000,0.00000,10.00000,1219.07451,0.00000,0.74948,0.00000,0.00000,0.12911,1.92376,3.88637,0.74528,0.70370,0.72727,0.00000,0.76753,0.00000,0.00000,0.00000,0.00000,1068.05330,-0.02439,-0.10588,0.24374,-0.01968,0.44454,0.76485,-0.07044,0.59119,-0.03453,-0.03586,0.16682,0.30937,0.34877,2.89500,2.67666,0.86321,0.82517,0.81818,0.74386,0.00000,0.12877,3.01507,1.93155,0.98113,0.98387,0.90909
429,0.4800,42270720,57260,0.01340,1.33e-04,0.3710,187.2574,0.00000,0.00000,0.00000,10.00000,1220.44336,0.00000,0.80440,0.00000,0.00000,0.12886,1.92428,3.83927,0.77083,0.67164,1.00000,0.00000,0.77048,0.00000,0.00000,0.00000,0.00000,1054.76457,-0.02449,-0.10468,0.24363,-0.01915,0.44560,0.76793,-0.07087,0.59211,-0.03587,-0.03585,0.16695,0.30914,0.34917,2.78892,3.48615,0.86458,0.82014,0.92308,0.74586,0.00000,0.12829,3.01644,2.01867,0.95833,0.95833,0.83333
430,0.4806,42369024,42147,0.01655,9.24e-05,0.3710,169.0648,0.00000,0.00000,0.00000,10.00000,1151.38780,0.00000,0.83069,0.00000,0.00000,0.13419,1.92341,3.91864,0.69524,0.64103,0.63636,0.00000,0.76950,0.00000,0.00000,0.00000,0.00000,1036.93905,-0.02443,-0.10285,0.24349,-0.01988,0.44524,0.76692,-0.06983,0.58749,-0.03592,-0.03589,0.16680,0.30943,0.34854,2.79542,2.43733,0.83333,0.80892,0.73684,0.74269,0.00000,0.12769,2.99951,2.01576,0.97143,0.97468,0.87500
431,0.4812,42467328,47781,0.01274,1.10e-04,0.3711,192.2314,0.00000,0.00000,0.00000,10.00000,1245.47781,0.00000,0.74444,0.00000,0.00000,0.13159,1.92984,3.89154,0.70000,0.62857,0.42857,0.00000,0.76793,0.00000,0.00000,0.00000,0.00000,1046.75586,-0.02466,-0.10381,0.24276,-0.01962,0.44457,0.76532,-0.06942,0.58795,-0.03587,-0.03578,0.16574,0.30788,0.34868,2.71564,2.52615,0.84500,0.79851,0.73333,0.74340,0.00000,0.12758,2.97481,1.86639,0.99000,0.98438,1.00000
432,0.4822,42565632,27797,0.01620,9.83e-05,0.3712,159.3073,0.00000,0.00000,0.00000,10.00000,1216.56470,0.00000,0.84491,0.00000,0.00000,0.13314,1.91668,3.76603,0.77083,0.71795,1.00000,0.00000,0.76609,0.00000,0.00000,0.00000,0.00000,1059.95133,-0.02466,-0.10512,0.24095,-0.01933,0.44244,0.76361,-0.06985,0.58048,-0.03419,-0.03595,0.16457,0.30544,0.34798,2.73058,2.70308,0.88542,0.84932,1.00000,0.73992,0.00000,0.12824,2.95066,1.86080,1.00000,1.00000,1.00000
433,0.4831,42663936,31242,0.01423,1.01e-04,0.3712,172.5411,0.00000,0.00000,0.00000,10.00000,1259.14807,0.00000,0.72487,0.00000,0.00000,0.13307,1.92140,3.85746,0.75238,0.65753,0.91667,0.00000,0.76628,0.00000,0.00000,0.00000,0.00000,1056.23153,-0.02476,-0.10480,0.24178,-0.01980,0.44198,0.76379,-0.06977,0.58341,-0.03511,-0.03593,0.16482,0.30674,0.34856,2.75280,2.98695,0.87619,0.81752,0.95833,0.74280,0.00000,0.12796,2.96072,1.83710,1.00000,1.00000,1.00000
434,0.4841,42762240,27867,0.01384,1.10e-04,0.3713,158.4122,0.00000,0.00000,0.00000,10.00000,1209.33829,0.00000,0.76464,0.00000,0.00000,0.13260,1.93300,4.17464,0.75269,0.66667,0.90000,0.00000,0.76642,0.00000,0.00000,0.00000,0.00000,1056.77743,-0.02475,-0.10479,0.24198,-0.01910,0.44199,0.76391,-0.07012,0.58370,-0.03413,-0.03579,0.16517,0.30721,0.34859,2.85424,2.86778,0.86559,0.81250,0.94737,0.74293,0.00000,0.12842,2.95886,1.78261,0.97849,0.96774,1.00000
435,0.4851,42860544,27612,0.01521,8.70e-05,0.3713,164.5704,0.00000,0.00000,0.00000,10.00000,1245.00996,0.00000,0.82104,0.00000,0.00000,0.13245,1.92493,3.91514,0.78761,0.75294,0.57143,0.00000,0.76522,0.00000,0.00000,0.00000,0.00000,1069.83976,-0.02492,-0.10606,0.24098,-0.01944,0.44230,0.76281,-0.07022,0.58151,-0.03773,-0.03595,0.16444,0.30607,0.34875,2.68747,2.56182,0.88938,0.86826,0.78571,0.74373,0.00000,0.12854,2.93950,1.71091,0.99115,0.98780,1.00000
436,0.4861,42958848,26859,0.01531,7.16e-05,0.3714,176.9848,0.00000,0.00000,0.00000,10.00000,1178.58813,0.00000,0.84308,0.00000,0.00000,0.13119,1.90701,4.44757,0.77193,0.72222,0.87500,0.00000,0.76500,0.00000,0.00000,0.00000,0.00000,1068.66479,-0.02501,-0.10589,0.23928,-0.01936,0.44212,0.76254,-0.07036,0.57597,-0.03528,-0.03604,0.16314,0.30374,0.34848,3.04363,2.89066,0.88596,0.85549,0.93750,0.74240,0.00000,0.13007,2.93075,1.90198,1.00000,1.00000,1.00000
437,0.4871,43057152,26813,0.01472,5.35e-05,0.3715,179.8221,0.00000,0.00000,0.00000,10.00000,1232.95839,0.00000,0.79365,0.00000,0.00000,0.13093,1.87267,3.84900,0.74490,0.69863,0.70000,0.00000,0.76127,0.00000,0.00000,0.00000,0.00000,1073.04801,-0.02517,-0.10643,0.23723,-0.01991,0.44122,0.75881,-0.07045,0.56709,-0.03789,-0.03606,0.16083,0.30081,0.34812,2.73304,3.34117,0.87245,0.84286,0.83333,0.74060,0.00000,0.13206,2.90628,1.84027,1.00000,1.00000,1.00000
438,0.4881,43155456,27193,0.01076,8.59e-05,0.3715,160.3453,0.00000,0.00000,0.00000,10.00000,1185.23374,0.00000,0.84175,0.00000,0.00000,0.13141,1.88604,3.94786,0.70707,0.63636,0.66667,0.00000,0.75977,0.00000,0.00000,0.00000,0.00000,1094.91846,-0.02519,-0.10861,0.23717,-0.01899,0.43841,0.75727,-0.07090,0.56937,-0.03612,-0.03611,0.16188,0.30066,0.34696,2.77169,2.40000,0.83333,0.78667,0.85714,0.73481,0.00000,0.13040,2.91406,1.88162,0.95960,0.94521,1.00000
439,0.4891,43253760,27625,0.01211,1.04e-04,0.3716,162.6478,0.00000,0.00000,0.00000,10.00000,1255.31774,0.00000,0.74510,0.00000,0.00000,0.13495,1.89312,3.82943,0.76471,0.71667,0.70000,0.00000,0.76034,0.00000,0.00000,0.00000,0.00000,1065.76790,-0.02512,-0.10573,0.23834,-0.01916,0.43804,0.75786,-0.07150,0.56902,-0.03465,-0.03577,0.16196,0.30204,0.34690,2.71809,2.83875,0.87647,0.85088,0.77778,0.73448,0.00000,0.12962,2.91418,1.76806,0.98824,1.00000,0.87500
440,0.4900,43352064,29817,0.01190,1.03e-04,0.3717,173.3109,0.00000,0.00000,0.00000,10.00000,1224.55768,0.00000,0.79787,0.00000,0.00000,0.13211,1.92427,4.16555,0.75532,0.70588,0.66667,0.00000,0.76025,0.00000,0.00000,0.00000,0.00000,1087.86613,-0.02492,-0.10786,0.23996,-0.01929,0.43838,0.75780,-0.07137,0.57718,-0.03794,-0.03604,0.16389,0.30462,0.34726,2.78562,3.06461,0.87766,0.85185,0.81250,0.73631,0.00000,0.12955,2.92963,1.77865,1.00000,1.00000,1.00000
441,0.4905,43450368,58821,0.01571,6.96e-05,0.3718,185.0303,0.00000,0.00000,0.00000,10.00000,1238.40827,0.00000,0.74510,0.00000,0.00000,0.13621,1.95308,3.97000,0.77647,0.71667,0.81818,0.00000,0.76824,0.00000,0.00000,0.00000,0.00000,1092.52938,-0.02472,-0.10831,0.24201,-0.01952,0.44279,0.76583,-0.07125,0.57670,-0.03584,-0.03618,0.16383,0.30710,0.34850,2.88859,3.02200,0.88824,0.85088,0.90909,0.74252,0.00000,0.12994,2.92758,1.95692,1.00000,1.00000,1.00000
442,0.4910,43548672,60299,0.01304,7.61e-05,0.3718,188.1398,0.00000,0.00000,0.00000,10.00000,1271.00904,0.00000,0.81155,0.00000,0.00000,0.13577,1.97065,3.73166,0.76471,0.70130,0.75000,0.00000,0.77063,0.00000,0.00000,0.00000,0.00000,1090.60677,-0.02450,-0.10812,0.24468,-0.01990,0.44640,0.76817,-0.07132,0.58208,-0.03840,-0.03633,0.16581,0.31045,0.34975,2.58744,2.38500,0.87745,0.83893,0.88889,0.74873,0.00000,0.13086,2.94701,1.69584,0.99020,0.98611,1.00000
443,0.4914,43646976,59877,0.01470,6.34e-05,0.3719,173.5280,0.00000,0.00000,0.00000,10.00000,1202.40778,0.00000,0.75397,0.00000,0.00000,0.13436,1.95541,4.08028,0.75893,0.70130,0.77778,0.00000,0.77120,0.00000,0.00000,0.00000,0.00000,1097.70931,-0.02467,-0.10873,0.24282,-0.01967,0.44712,0.76870,-0.07054,0.57964,-0.03840,-0.03665,0.16472,0.30825,0.35016,2.86729,3.21285,0.87946,0.84868,0.87500,0.75080,0.00000,0.13102,2.93376,1.91326,1.00000,1.00000,1.00000
444,0.4919,43745280,57433,0.01361,7.25e-05,0.3720,159.4546,0.00000,0.00000,0.00000,10.00000,1228.26193,0.00000,0.80048,0.00000,0.00000,0.13483,1.95492,3.88103,0.75269,0.70423,0.75000,0.00000,0.77087,0.00000,0.00000,0.00000,0.00000,1082.72526,-0.02472,-0.10738,0.24211,-0.01959,0.44552,0.76846,-0.07090,0.57807,-0.03683,-0.03616,0.16457,0.30754,0.34933,2.78855,2.71667,0.86022,0.82090,0.85714,0.74667,0.00000,0.13073,2.92771,1.82848,0.96774,0.95238,1.00000
445,0.4924,43843584,59002,0.01198,9.13e-05,0.3721,186.4648,0.00000,0.00000,0.00000,10.00000,1221.01395,0.00000,0.79365,0.00000,0.00000,0.13442,1.94310,4.30264,0.76786,0.69512,0.88889,0.00000,0.77041,0.00000,0.00000,0.00000,0.00000,1069.48600,-0.02482,-0.10607,0.24090,-0.01978,0.44489,0.76800,-0.07018,0.57544,-0.03811,-0.03638,0.16353,0.30574,0.34954,2.93881,3.69857,0.87946,0.83750,0.93333,0.74771,0.00000,0.13047,2.90721,1.82144,0.99107,0.98718,1.00000
446,0.4929,43941888,58331,0.01445,7.70e-05,0.3722,150.9657,0.00000,0.00000,0.00000,10.00000,1151.77301,0.00000,0.81807,0.00000,0.00000,0.13427,1.95354,3.85059,0.67033,0.65278,0.28571,0.00000,0.76590,0.00000,0.00000,0.00000,0.00000,1057.82593,-0.02488,-0.10491,0.24156,-0.01931,0.44201,0.76344,-0.06958,0.57692,-0.03781,-0.03598,0.16410,0.30647,0.34830,2.84017,2.46000,0.81868,0.79104,0.61538,0.74151,0.00000,0.13054,2.91011,2.04738,0.96703,0.95161,1.00000
447,0.4933,44040192,58658,0.01550,5.28e-05,0.3722,152.3537,0.00000,0.00000,0.00000,10.00000,1195.59063,0.00000,0.85417,0.00000,0.00000,0.13112,1.98861,3.69000,0.81250,0.80952,0.50000,0.00000,0.76462,0.00000,0.00000,0.00000,0.00000,1063.62712,-0.02458,-0.10542,0.24352,-0.01960,0.44201,0.76218,-0.06998,0.58748,-0.03605,-0.03568,0.16589,0.30895,0.34839,2.73949,2.54444,0.88750,0.88618,0.66667,0.74194,0.00000,0.12943,2.92733,1.89460,0.96250,0.96667,0.83333
448,0.4938,44138496,58574,0.01060,6.96e-05,0.3722,176.5466,0.00000,0.00000,0.00000,10.00000,1250.81477,0.00000,0.82687,0.00000,0.00000,0.13174,2.01102,4.19936,0.82558,0.80000,0.75000,0.00000,0.76892,0.00000,0.00000,0.00000,0.00000,1089.60221,-0.02429,-0.10807,0.24621,-0.01960,0.44329,0.76640,-0.07049,0.59432,-0.03733,-0.03593,0.16789,0.31230,0.34889,3.03593,3.07143,0.90698,0.88281,0.85714,0.74445,0.00000,0.12853,2.95736,1.81433,0.98837,0.98276,1.00000
449,0.4943,44236800,57706,0.01294,8.35e-05,0.3723,170.4581,0.00000,0.00000,0.00000,10.00000,1203.49129,0.00000,0.75855,0.00000,0.00000,0.13108,2.02965,3.66931,0.70192,0.62667,0.72727,0.00000,0.77703,0.00000,0.00000,0.00000,0.00000,1074.42033,-0.02422,-0.10657,0.24743,-0.01990,0.44811,0.77448,-0.07010,0.59673,-0.03568,-0.03626,0.16811,0.31371,0.35048,2.67646,3.16889,0.83654,0.78169,0.84211,0.75241,0.00000,0.12898,2.96204,1.87667,0.97115,0.95522,1.00000
450,0.4951,44335104,32454,0.01363,9.66e-05,0.3723,168.1818,0.00000,0.00000,0.00000,10.00000,1214.46273,0.00000,0.79444,0.00000,0.00000,0.12986,2.05857,4.05733,0.77000,0.75342,0.44444,0.00000,0.78023,0.00000,0.00000,0.00000,0.00000,1071.52116,-0.02387,-0.10626,0.24992,-0.02036,0.45193,0.77759,-0.06958,0.60459,-0.03366,-0.03632,0.16935,0.31713,0.35146,2.84132,2.77091,0.87500,0.86713,0.64706,0.75732,0.00000,0.12911,2.98303,1.88131,0.98000,0.98571,0.87500
451,0.4960,44433408,32765,0.02108,3.67e-05,0.3724,179.0915,0.00000,0.00000,0.00000,10.00000,1224.57530,0.00000,0.74074,0.00000,0.00000,0.12810,2.03275,4.01846,0.75238,0.67949,0.90909,0.00000,0.78169,0.00000,0.00000,0.00000,0.00000,1074.88411,-0.02408,-0.10657,0.24857,-0.01979,0.45220,0.77905,-0.06955,0.60156,-0.03682,-0.03648,0.16883,0.31554,0.35101,2.92250,2.57700,0.86667,0.80714,0.95238,0.75503,0.00000,0.13026,2.97494,1.91915,0.98095,0.96774,1.00000
452,0.4969,44531712,29983,0.01026,5.59e-05,0.3724,168.8605,0.00000,0.00000,0.00000,10.00000,1241.49575,0.00000,0.83608,0.00000,0.00000,0.13000,2.01218,3.44889,0.78218,0.74026,0.75000,0.00000,0.77900,0.00000,0.00000,0.00000,0.00000,1062.61027,-0.02429,-0.10538,0.24695,-0.02001,0.44957,0.77636,-0.07014,0.59638,-0.03787,-0.03629,0.16834,0.31391,0.35059,2.61476,2.16000,0.88614,0.86184,0.86667,0.75297,0.00000,0.13002,2.96494,1.97390,0.99010,0.98667,1.00000
453,0.4978,44630016,31656,0.01144,6.42e-05,0.3725,184.4853,0.00000,0.00000,0.00000,10.00000,1219.25925,0.00000,0.77664,0.00000,0.00000,0.13104,2.03280,3.71111,0.73469,0.67532,0.87500,0.00000,0.77639,0.00000,0.00000,0.00000,0.00000,1072.33830,-0.02428,-0.10619,0.24670,-0.01966,0.44820,0.77372,-0.06907,0.59495,-0.03665,-0.03638,0.16751,0.31358,0.35024,2.88307,2.83286,0.86735,0.81752,0.93333,0.75119,0.00000,0.12973,2.93699,2.10448,1.00000,1.00000,1.00000
454,0.4986,44728320,32414,0.01060,9.24e-05,0.3725,172.8494,0.00000,0.00000,0.00000,10.00000,1240.92719,0.00000,0.76667,0.00000,0.00000,0.13099,2.04418,4.09344,0.76000,0.68919,0.90909,0.00000,0.77616,0.00000,0.00000,0.00000,0.00000,1078.31974,-0.02424,-0.10688,0.24722,-0.02076,0.44904,0.77344,-0.06881,0.59619,-0.03813,-0.03650,0.16773,0.31383,0.35085,2.90370,2.62889,0.87500,0.82609,0.94737,0.75425,0.00000,0.12960,2.92430,1.83127,0.99000,0.98438,1.00000
455,0.4995,44826624,32299,0.01443,9.96e-05,0.3726,164.8369,0.00000,0.00000,0.00000,10.00000,1203.08339,0.00000,0.83041,0.00000,0.00000,0.12871,2.04894,4.01415,0.77895,0.73333,0.87500,0.00000,0.77620,0.00000,0.00000,0.00000,0.00000,1078.75651,-0.02443,-0.10690,0.24684,-0.01982,0.44840,0.77335,-0.06907,0.59608,-0.03769,-0.03638,0.16748,0.31285,0.35032,2.82547,2.95200,0.88421,0.85211,0.93750,0.75161,0.00000,0.13043,2.92272,1.78135,0.98947,0.98507,1.00000
456,0.5004,44924928,30349,0.01099,1.16e-04,0.3727,174.2001,0.00000,0.00000,0.00000,10.00000,1234.88084,0.00000,0.81516,0.00000,0.00000,0.13147,2.02954,3.55753,0.80374,0.76829,0.80000,0.00000,0.77594,0.00000,0.00000,0.00000,0.00000,1067.29574,-0.02445,-0.10586,0.24467,-0.01958,0.44854,0.77321,-0.06945,0.58878,-0.03468,-0.03644,0.16633,0.31051,0.35036,2.63189,2.42143,0.88785,0.87261,0.76471,0.75180,0.00000,0.13012,2.90314,1.78725,0.97196,0.98667,0.71429
457,0.5012,45023232,32600,0.01384,1.39e-04,0.3727,164.6127,0.00000,0.00000,0.00000,10.00000,1281.62626,0.00000,0.79749,0.00000,0.00000,0.13308,2.01157,4.10179,0.83065,0.80220,0.66667,0.00000,0.77596,0.00000,0.00000,0.00000,0.00000,1053.55762,-0.02461,-0.10446,0.24257,-0.01994,0.44782,0.77328,-0.06924,0.58278,-0.03383,-0.03651,0.16426,0.30833,0.35057,2.88199,2.29200,0.90726,0.89326,0.75000,0.75285,0.00000,0.13021,2.88154,1.85892,0.98387,0.98851,0.83333
458,0.5017,45121536,59242,0.01737,8.35e-05,0.3728,176.6863,0.00000,0.00000,0.00000,10.00000,1199.52721,0.00000,0.86142,0.00000,0.00000,0.13209,1.97246,3.89138,0.76404,0.75714,0.42857,0.00000,0.76789,0.00000,0.00000,0.00000,0.00000,1087.11605,-0.02493,-0.10774,0.24047,-0.02011,0.44194,0.76529,-0.06951,0.57856,-0.03792,-0.03642,0.16261,0.30550,0.34883,2.69197,2.84600,0.88202,0.87681,0.69231,0.74414,0.00000,0.13031,2.86482,1.75189,1.00000,1.00000,1.00000
459,0.5021,45219840,59558,0.01342,1.20e-04,0.3729,171.9832,0.00000,0.00000,0.00000,10.00000,1223.22437,0.00000,0.85283,0.00000,0.00000,0.12923,1.97669,3.85513,0.78070,0.73684,1.00000,0.00000,0.76598,0.00000,0.00000,0.00000,0.00000,1103.03890,-0.02487,-0.10925,0.23991,-0.01973,0.43900,0.76327,-0.06985,0.58008,-0.03693,-0.03645,0.16294,0.30528,0.34735,2.84161,2.36666,0.88596,0.85143,1.00000,0.73674,0.00000,0.13100,2.87226,1.88916,0.99123,0.98750,1.00000
460,0.5026,45318144,59593,0.01523,1.25e-04,0.3729,176.0590,0.00000,0.00000,0.00000,10.00000,1280.60315,0.00000,0.73574,0.00000,0.00000,0.12771,1.95576,3.52682,0.79730,0.74510,0.71429,0.00000,0.76519,0.00000,0.00000,0.00000,0.00000,1101.08057,-0.02485,-0.10908,0.23971,-0.01945,0.44061,0.76254,-0.07059,0.58059,-0.03857,-0.03617,0.16266,0.30469,0.34818,2.60545,2.84154,0.89865,0.86735,0.86667,0.74091,0.00000,0.13099,2.89029,1.86836,1.00000,1.00000,1.00000
461,0.5031,45416448,57959,0.01624,7.70e-05,0.3730,153.9657,0.00000,0.00000,0.00000,10.00000,1289.52616,0.00000,0.77403,0.00000,0.00000,0.12803,1.96731,3.29321,0.78652,0.78788,0.37500,0.00000,0.76711,0.00000,0.00000,0.00000,0.00000,1084.81274,-0.02462,-0.10761,0.24211,-0.02002,0.44189,0.76450,-0.07050,0.58753,-0.03682,-0.03635,0.16438,0.30775,0.34856,2.44896,1.75400,0.87079,0.85484,0.64286,0.74279,0.00000,0.13003,2.93624,1.66100,0.95506,0.93103,1.00000
462,0.5035,45514752,58919,0.01344,7.70e-05,0.3730,155.9912,0.00000,0.00000,0.00000,10.00000,1180.76866,0.00000,0.79085,0.00000,0.00000,0.13344,1.95431,3.98034,0.80000,0.76190,0.83333,0.00000,0.77136,0.00000,0.00000,0.00000,0.00000,1096.62305,-0.02455,-0.10870,0.24429,-0.02068,0.44524,0.76881,-0.07078,0.58912,-0.04107,-0.03639,0.16576,0.31090,0.34948,2.85181,3.28636,0.88824,0.85950,0.91667,0.74742,0.00000,0.12901,2.96597,1.87265,0.97647,0.96552,1.00000
463,0.5040,45613056,58866,0.01391,8.67e-05,0.3731,149.8165,0.00000,0.00000,0.00000,10.00000,1236.65216,0.00000,0.85670,0.00000,0.00000,0.13211,1.98905,3.56246,0.75701,0.71765,0.60000,0.00000,0.77694,0.00000,0.00000,0.00000,0.00000,1091.90161,-0.02432,-0.10826,0.24585,-0.02065,0.44757,0.77434,-0.06974,0.59463,-0.03811,-0.03671,0.16665,0.31257,0.35059,2.61796,1.90667,0.87383,0.84848,0.75000,0.75293,0.00000,0.12847,2.97303,1.86927,0.99065,0.98750,1.00000
464,0.5045,45711360,58925,0.01490,6.71e-05,0.3732,171.2974,0.00000,0.00000,0.00000,10.00000,1209.12765,0.00000,0.73909,0.00000,0.00000,0.13328,1.99495,3.95264,0.75893,0.69737,0.76471,0.00000,0.78112,0.00000,0.00000,0.00000,0.00000,1082.24438,-0.02430,-0.10736,0.24578,-0.02078,0.45014,0.77848,-0.06936,0.59248,-0.03711,-0.03689,0.16637,0.31292,0.35145,2.80407,2.78552,0.87946,0.84564,0.87879,0.75727,0.00000,0.12925,2.96302,1.92652,1.00000,1.00000,1.00000
465,0.5050,45809664,56775,0.01388,6.71e-05,0.3732,176.5218,0.00000,0.00000,0.00000,10.00000,1275.73020,0.00000,0.80308,0.00000,0.00000,0.13332,2.00436,3.78131,0.80198,0.73973,0.83333,0.00000,0.77980,0.00000,0.00000,0.00000,0.00000,1078.91545,-0.02436,-0.10694,0.24584,-0.02080,0.45035,0.77717,-0.06899,0.59218,-0.03745,-0.03677,0.16647,0.31331,0.35144,2.68316,2.41273,0.89604,0.86301,0.91667,0.75721,0.00000,0.12989,2.95404,1.82436,0.99010,0.98630,1.00000
466,0.5056,45907968,44757,0.01375,6.34e-05,0.3732,162.0199,0.00000,0.00000,0.00000,10.00000,1239.21310,0.00000,0.85259,0.00000,0.00000,0.13279,1.99274,3.88114,0.81188,0.79012,0.71429,0.00000,0.77886,0.00000,0.00000,0.00000,0.00000,1094.51799,-0.02459,-0.10853,0.24352,-0.02029,0.44881,0.77625,-0.06901,0.58675,-0.03887,-0.03678,0.16461,0.31037,0.35122,2.82987,2.18000,0.90099,0.88387,0.84615,0.75612,0.00000,0.13005,2.91964,1.91000,0.99010,0.98649,1.00000
467,0.5061,46006272,56902,0.01269,7.25e-05,0.3733,180.4756,0.00000,0.00000,0.00000,10.00000,1224.95530,0.00000,0.81481,0.00000,0.00000,0.13155,2.01010,3.97762,0.77778,0.73529,0.71429,0.00000,0.77611,0.00000,0.00000,0.00000,0.00000,1099.25122,-0.02449,-0.10902,0.24399,-0.02084,0.44612,0.77346,-0.06999,0.59061,-0.03612,-0.03671,0.16541,0.31084,0.35048,2.77562,2.76800,0.88333,0.86364,0.76923,0.75241,0.00000,0.12932,2.92613,1.74782,0.98889,1.00000,0.83333
468,0.5068,46104576,37611,0.01254,7.61e-05,0.3734,165.1826,0.00000,0.00000,0.00000,10.00000,1251.38098,0.00000,0.74760,0.00000,0.00000,0.13215,2.03619,3.80500,0.79012,0.71930,0.87500,0.00000,0.77621,0.00000,0.00000,0.00000,0.00000,1092.32544,-0.02428,-0.10831,0.24736,-0.02067,0.44589,0.77345,-0.06955,0.59906,-0.03883,-0.03649,0.16798,0.31465,0.34998,2.77257,2.70769,0.88889,0.84404,0.92857,0.74992,0.00000,0.12834,2.95404,1.90316,0.98765,0.98077,1.00000
469,0.5078,46202880,28569,0.01303,8.70e-05,0.3734,156.9591,0.00000,0.00000,0.00000,10.00000,1196.49093,0.00000,0.79821,0.00000,0.00000,0.13055,2.06270,4.20592,0.75862,0.72308,0.62500,0.00000,0.77741,0.00000,0.00000,0.00000,0.00000,1089.22982,-0.02397,-0.10798,0.25016,-0.02096,0.44861,0.77468,-0.06980,0.60574,-0.03440,-0.03636,0.16931,0.31805,0.35029,2.99724,3.30666,0.86782,0.84800,0.66667,0.75144,0.00000,0.12919,2.97918,1.94451,0.97701,0.98333,0.75000
470,0.5087,46301184,29018,0.01072,1.34e-04,0.3735,177.1311,0.00000,0.00000,0.00000,10.00000,1293.23175,0.00000,0.78658,0.00000,0.00000,0.12895,2.05495,3.72250,0.82178,0.75758,0.66667,0.00000,0.78303,0.00000,0.00000,0.00000,0.00000,1100.56071,-0.02415,-0.10903,0.24891,-0.02060,0.45192,0.78033,-0.06974,0.60465,-0.03665,-0.03665,0.16823,0.31652,0.35129,2.62263,2.40000,0.90594,0.88112,0.81818,0.75647,0.00000,0.12933,2.96864,1.86222,0.99010,0.98701,1.00000
471,0.5096,46399488,30456,0.01515,1.24e-04,0.3736,184.1677,0.00000,0.00000,0.00000,10.00000,1250.64062,0.00000,0.79932,0.00000,0.00000,0.12907,2.04730,3.61424,0.77551,0.77922,0.50000,0.00000,0.78411,0.00000,0.00000,0.00000,0.00000,1086.46549,-0.02410,-0.10773,0.25015,-0.02095,0.45305,0.78142,-0.07049,0.60506,-0.04043,-0.03671,0.16975,0.31830,0.35152,2.74909,4.23500,0.88265,0.87234,0.61538,0.75761,0.00000,0.13064,2.98999,1.88394,0.98980,0.98438,1.00000
472,0.5106,46497792,29033,0.01478,1.10e-04,0.3736,159.9876,0.00000,0.00000,0.00000,10.00000,1230.36325,0.00000,0.79511,0.00000,0.00000,0.12940,2.05227,3.99789,0.80734,0.78049,0.75000,0.00000,0.78497,0.00000,0.00000,0.00000,0.00000,1067.92871,-0.02418,-0.10597,0.24840,-0.02050,0.45272,0.78233,-0.07022,0.60159,-0.03295,-0.03659,0.16869,0.31553,0.35183,2.87063,3.10706,0.90367,0.88462,0.85000,0.75915,0.00000,0.12936,2.96597,1.82585,1.00000,1.00000,1.00000
473,0.5114,46596096,31603,0.01304,1.33e-04,0.3737,164.3704,0.00000,0.00000,0.00000,10.00000,1294.25925,0.00000,0.78749,0.00000,0.00000,0.13163,2.03222,3.84109,0.88350,0.86486,0.75000,0.00000,0.78152,0.00000,0.00000,0.00000,0.00000,1090.25781,-0.02412,-0.10798,0.24831,-0.02061,0.45071,0.77891,-0.06951,0.59786,-0.03838,-0.03688,0.16804,0.31583,0.35116,2.84908,2.97000,0.94175,0.93151,0.86667,0.75580,0.00000,0.13025,2.95905,1.93240,1.00000,1.00000,1.00000
474,0.5123,46694400,31643,0.01495,1.18e-04,0.3738,181.2224,0.00000,0.00000,0.00000,10.00000,1222.14477,0.00000,0.79932,0.00000,0.00000,0.12931,2.00665,3.96222,0.80612,0.74648,0.87500,0.00000,0.77797,0.00000,0.00000,0.00000,0.00000,1079.76904,-0.02424,-0.10706,0.24589,-0.02048,0.44930,0.77535,-0.06984,0.59651,-0.03671,-0.03673,0.16682,0.31253,0.35075,2.80057,2.85412,0.89286,0.85816,0.94444,0.75376,0.00000,0.12928,2.95124,1.86231,0.97959,0.97143,1.00000
475,0.5132,46792704,30740,0.01522,8.39e-05,0.3739,187.5468,0.00000,0.00000,0.00000,10.00000,1257.77723,0.00000,0.80808,0.00000,0.00000,0.13119,2.01847,3.40645,0.79798,0.76389,0.62500,0.00000,0.77781,0.00000,0.00000,0.00000,0.00000,1072.65145,-0.02433,-0.10650,0.24673,-0.02015,0.44867,0.77524,-0.06988,0.59771,-0.03756,-0.03657,0.16740,0.31351,0.35086,2.51135,2.49428,0.88889,0.86806,0.82353,0.75432,0.00000,0.12852,2.95833,1.80886,0.97980,0.97222,1.00000
476,0.5141,46891008,30880,0.01103,1.20e-04,0.3739,186.2656,0.00000,0.00000,0.00000,10.00000,1203.53947,0.00000,0.82755,0.00000,0.00000,0.13132,2.02690,3.71589,0.79167,0.77215,0.77778,0.00000,0.77910,0.00000,0.00000,0.00000,0.00000,1083.05436,-0.02430,-0.10742,0.24727,-0.02052,0.44919,0.77647,-0.07072,0.59745,-0.03704,-0.03651,0.16758,0.31430,0.35034,2.87028,3.35091,0.89062,0.86713,0.84615,0.75168,0.00000,0.12931,2.95687,1.94895,0.98958,0.98438,1.00000
477,0.5150,46989312,31345,0.01426,1.25e-04,0.3740,192.9524,0.00000,0.00000,0.00000,10.00000,1224.98187,0.00000,0.80713,0.00000,0.00000,0.13140,2.03056,3.84508,0.76415,0.69737,0.81818,0.00000,0.78262,0.00000,0.00000,0.00000,0.00000,1102.85246,-0.02442,-0.10932,0.24637,-0.02049,0.45011,0.77996,-0.07062,0.59540,-0.03812,-0.03688,0.16718,0.31347,0.35102,2.68539,2.36667,0.87736,0.84416,0.91304,0.75510,0.00000,0.12967,2.94307,1.86449,0.99057,0.98718,1.00000
478,0.5158,47087616,30882,0.01831,7.60e-05,0.3741,160.1282,0.00000,0.00000,0.00000,10.00000,1266.18467,0.00000,0.80052,0.00000,0.00000,0.13228,2.00660,3.60976,0.78740,0.76238,0.66667,0.00000,0.78285,0.00000,0.00000,0.00000,0.00000,1084.11312,-0.02454,-0.10748,0.24443,-0.02059,0.45075,0.78021,-0.07030,0.58842,-0.03673,-0.03687,0.16518,0.31157,0.35114,2.76000,3.67600,0.88976,0.86339,0.76923,0.75571,0.00000,0.13090,2.92625,1.93000,0.99213,0.98780,1.00000
479,0.5166,47185920,39143,0.01365,9.12e-05,0.3741,147.7052,0.00000,0.00000,0.00000,10.00000,1203.13645,0.00000,0.89147,0.00000,0.00000,0.13114,2.00383,3.66965,0.76744,0.73611,1.00000,0.00000,0.77731,0.00000,0.00000,0.00000,0.00000,1068.56291,-0.02451,-0.10593,0.24390,-0.02040,0.44839,0.77465,-0.07062,0.58913,-0.03402,-0.03652,0.16498,0.31072,0.35067,2.75254,4.05666,0.87791,0.85507,1.00000,0.75333,0.00000,0.13059,2.92817,1.97029,0.98837,0.98485,1.00000
480,0.5171,47284224,53580,0.01358,8.59e-05,0.3742,180.7604,0.00000,0.00000,0.00000,10.00000,1258.07069,0.00000,0.84402,0.00000,0.00000,0.13082,1.97930,3.73147,0.78846,0.74118,1.00000,0.00000,0.77442,0.00000,0.00000,0.00000,0.00000,1076.54036,-0.02465,-0.10675,0.24318,-0.02033,0.44673,0.77178,-0.07047,0.58721,-0.03821,-0.03670,0.16488,0.30960,0.34945,2.71548,2.85250,0.89423,0.86076,1.00000,0.74723,0.00000,0.13069,2.92907,1.82974,1.00000,1.00000,1.00000
481,0.5176,47382528,55540,0.01174,1.33e-04,0.3743,179.1191,0.00000,0.00000,0.00000,10.00000,1230.96284,0.00000,0.76923,0.00000,0.00000,0.13055,1.99117,3.97466,0.85897,0.85965,0.75000,0.00000,0.76944,0.00000,0.00000,0.00000,0.00000,1084.41130,-0.02462,-0.10746,0.24440,-0.02039,0.44405,0.76677,-0.07078,0.59091,-0.03836,-0.03634,0.16512,0.31058,0.34879,3.06266,2.89555,0.92949,0.92593,0.85714,0.74394,0.00000,0.12964,2.93355,2.15067,1.00000,1.00000,1.00000
482,0.5181,47480832,55823,0.01384,1.33e-04,0.3744,159.3800,0.00000,0.00000,0.00000,10.00000,1240.19322,0.00000,0.82508,0.00000,0.00000,0.13114,1.99072,3.60600,0.82178,0.78481,0.87500,0.00000,0.77286,0.00000,0.00000,0.00000,0.00000,1117.10962,-0.02469,-0.11069,0.24400,-0.01991,0.44454,0.77013,-0.07110,0.58982,-0.04060,-0.03680,0.16541,0.31032,0.34926,2.68027,2.44000,0.91089,0.88667,0.94118,0.74628,0.00000,0.12951,2.93578,1.87025,1.00000,1.00000,1.00000
483,0.5185,47579136,57688,0.01855,1.18e-04,0.3745,173.5536,0.00000,0.00000,0.00000,10.00000,1247.81920,0.00000,0.76720,0.00000,0.00000,0.13226,2.00780,3.53357,0.76190,0.71429,0.81818,0.00000,0.78009,0.00000,0.00000,0.00000,0.00000,1113.71322,-0.02451,-0.11039,0.24525,-0.02031,0.44808,0.77735,-0.07149,0.59115,-0.03818,-0.03676,0.16638,0.31249,0.35035,2.59339,2.60222,0.88095,0.84483,0.90000,0.75173,0.00000,0.13029,2.95331,1.74419,1.00000,1.00000,1.00000
484,0.5190,47677440,58538,0.01566,1.07e-04,0.3745,182.7247,0.00000,0.00000,0.00000,10.00000,1205.48832,0.00000,0.81985,0.00000,0.00000,0.13551,2.02884,3.76213,0.80583,0.75610,1.00000,0.00000,0.78072,0.00000,0.00000,0.00000,0.00000,1066.43066,-0.02423,-0.10587,0.24841,-0.02082,0.45039,0.77806,-0.07037,0.59634,-0.03476,-0.03668,0.16821,0.31681,0.35099,2.86549,2.94111,0.90291,0.86842,1.00000,0.75493,0.00000,0.12980,2.98179,2.00333,1.00000,1.00000,1.00000
485,0.5195,47775744,59090,0.01467,7.61e-05,0.3746,157.3416,0.00000,0.00000,0.00000,10.00000,1284.19747,0.00000,0.73545,0.00000,0.00000,0.13360,2.01458,3.92051,0.87619,0.82667,1.00000,0.00000,0.78296,0.00000,0.00000,0.00000,0.00000,1063.12573,-0.02442,-0.10553,0.24741,-0.02088,0.45191,0.78033,-0.06976,0.59657,-0.03630,-0.03682,0.16734,0.31504,0.35150,2.88599,2.43172,0.93333,0.89928,1.00000,0.75749,0.00000,0.12921,2.96789,1.86456,0.99048,0.98438,1.00000
486,0.5200,47874048,57361,0.01325,9.24e-05,0.3746,178.2445,0.00000,0.00000,0.00000,10.00000,1162.08919,0.00000,0.84562,0.00000,0.00000,0.13380,2.01555,3.83027,0.75221,0.73034,0.60000,0.00000,0.78059,0.00000,0.00000,0.00000,0.00000,1070.72314,-0.02441,-0.10620,0.24722,-0.02032,0.45069,0.77794,-0.07000,0.59394,-0.03685,-0.03677,0.16735,0.31523,0.35082,2.72134,2.51857,0.86283,0.84302,0.77778,0.75409,0.00000,0.13061,2.95802,1.80955,0.97345,0.96386,1.00000
487,0.5204,47972352,58322,0.01639,6.71e-05,0.3747,193.9270,0.00000,0.00000,0.00000,10.00000,1272.74168,0.00000,0.73068,0.00000,0.00000,0.13513,2.01330,3.59490,0.72826,0.65672,0.71429,0.00000,0.77734,0.00000,0.00000,0.00000,0.00000,1087.26164,-0.02453,-0.10771,0.24543,-0.02049,0.44843,0.77467,-0.06998,0.59043,-0.03715,-0.03670,0.16596,0.31292,0.35018,2.64752,2.52000,0.85870,0.80165,0.83333,0.75089,0.00000,0.12939,2.92670,1.81448,0.98913,0.98148,1.00000
488,0.5209,48070656,58850,0.01023,9.66e-05,0.3747,172.7102,0.00000,0.00000,0.00000,10.00000,1273.83478,0.00000,0.80808,0.00000,0.00000,0.13418,2.03391,3.78237,0.84091,0.81538,0.75000,0.00000,0.77670,0.00000,0.00000,0.00000,0.00000,1093.10392,-0.02428,-0.10833,0.24733,-0.02047,0.44684,0.77404,-0.06945,0.59669,-0.03968,-0.03699,0.16683,0.31499,0.34998,2.72793,2.36727,0.91477,0.89844,0.84615,0.74988,0.00000,0.12909,2.94586,1.79940,0.98864,0.98413,1.00000
489,0.5214,48168960,59009,0.01657,6.96e-05,0.3748,157.2691,0.00000,0.00000,0.00000,10.00000,1229.91831,0.00000,0.87791,0.00000,0.00000,0.13616,2.04532,3.66290,0.82716,0.80882,0.83333,0.00000,0.77574,0.00000,0.00000,0.00000,0.00000,1088.45435,-0.02399,-0.10792,0.25033,-0.02095,0.44748,0.77312,-0.06954,0.60143,-0.03736,-0.03665,0.16900,0.31880,0.35000,2.75181,2.02363,0.91358,0.89844,0.90909,0.74998,0.00000,0.12883,2.98523,1.88277,1.00000,1.00000,1.00000
490,0.5218,48267264,57908,0.01175,7.77e-05,0.3748,142.7974,0.00000,0.00000,0.00000,10.00000,1209.40101,0.00000,0.81329,0.00000,0.00000,0.13466,2.06574,4.12831,0.79381,0.76000,0.75000,0.00000,0.78078,0.00000,0.00000,0.00000,0.00000,1077.80501,-0.02387,-0.10694,0.25222,-0.02114,0.45143,0.77817,-0.06953,0.60843,-0.03644,-0.03652,0.17097,0.32131,0.35112,2.93942,3.46933,0.88660,0.85915,0.88235,0.75560,0.00000,0.12867,3.00914,1.89513,0.97938,0.97015,1.00000
491,0.5223,48365568,58054,0.01204,1.01e-04,0.3749,187.6911,0.00000,0.00000,0.00000,10.00000,1289.37088,0.00000,0.79450,0.00000,0.00000,0.13149,2.05115,3.61782,0.78495,0.73529,0.60000,0.00000,0.78746,0.00000,0.00000,0.00000,0.00000,1071.14746,-0.02388,-0.10625,0.25184,-0.02155,0.45507,0.78479,-0.06941,0.60998,-0.03568,-0.03668,0.17025,0.32037,0.35269,2.66231,3.65600,0.88710,0.85714,0.71429,0.76344,0.00000,0.12886,3.02593,1.86606,0.98925,0.98462,1.00000
492,0.5228,48463872,58329,0.01589,6.99e-05,0.3750,159.8920,0.00000,0.00000,0.00000,10.00000,1170.15126,0.00000,0.85714,0.00000,0.00000,0.13260,2.06871,3.70778,0.74286,0.69048,0.90909,0.00000,0.78796,0.00000,0.00000,0.00000,0.00000,1079.72786,-0.02370,-0.10709,0.25364,-0.02069,0.45595,0.78528,-0.06855,0.61194,-0.03463,-0.03698,0.17151,0.32256,0.35292,2.68887,2.60000,0.86667,0.83951,0.90909,0.76458,0.00000,0.12937,3.03468,1.85523,0.99048,1.00000,0.90909
493,0.5233,48562176,58675,0.01246,8.19e-05,0.3750,160.6276,0.00000,0.00000,0.00000,10.00000,1258.54805,0.00000,0.75556,0.00000,0.00000,0.13182,2.06760,3.83000,0.80000,0.78667,0.42857,0.00000,0.79101,0.00000,0.00000,0.00000,0.00000,1061.03670,-0.02380,-0.10523,0.25313,-0.02133,0.45828,0.78833,-0.06786,0.61320,-0.03675,-0.03682,0.17114,0.32165,0.35366,2.79415,2.29600,0.88500,0.86029,0.71429,0.76831,0.00000,0.12847,3.02133,1.78970,0.97000,0.95082,1.00000
494,0.5238,48660480,57107,0.01310,9.32e-05,0.3751,180.3523,0.00000,0.00000,0.00000,10.00000,1213.08789,0.00000,0.80853,0.00000,0.00000,0.13038,2.09476,3.94782,0.72321,0.66667,0.88889,0.00000,0.78774,0.00000,0.00000,0.00000,0.00000,1049.25269,-0.02371,-0.10412,0.25339,-0.02087,0.45705,0.78500,-0.06781,0.61582,-0.03420,-0.03686,0.17165,0.32187,0.35317,2.77115,2.97143,0.85714,0.80982,0.93333,0.76585,0.00000,0.12825,3.00593,1.73026,0.99107,0.98630,1.00000
495,0.5242,48758784,57912,0.01511,1.01e-04,0.3752,159.6003,0.00000,0.00000,0.00000,10.00000,1278.02573,0.00000,0.77295,0.00000,0.00000,0.13250,2.10077,3.90926,0.82609,0.75000,0.88889,0.00000,0.78392,0.00000,0.00000,0.00000,0.00000,1047.91602,-0.02381,-0.10402,0.25174,-0.02003,0.45459,0.78123,-0.06851,0.61298,-0.03251,-0.03660,0.17096,0.31990,0.35215,2.71149,3.22933,0.90217,0.86719,0.93750,0.76073,0.00000,0.12629,2.97125,1.82548,0.97826,0.97059,1.00000
496,0.5251,48857088,31621,0.01588,1.03e-04,0.3753,164.5516,0.00000,0.00000,0.00000,10.00000,1271.51965,0.00000,0.77558,0.00000,0.00000,0.13092,2.09393,3.63085,0.84158,0.81579,0.77778,0.00000,0.78239,0.00000,0.00000,0.00000,0.00000,1101.38029,-0.02395,-0.10922,0.25001,-0.02038,0.45266,0.77959,-0.06832,0.61004,-0.03596,-0.03695,0.16984,0.31829,0.35198,2.76887,2.53466,0.91089,0.89362,0.83333,0.75992,0.00000,0.12718,2.94984,1.93083,0.98020,0.98462,0.88889
497,0.5258,48955392,40585,0.01478,7.70e-05,0.3754,152.2578,0.00000,0.00000,0.00000,10.00000,1210.19026,0.00000,0.80247,0.00000,0.00000,0.13033,2.11060,3.67111,0.73737,0.67532,0.87500,0.00000,0.78485,0.00000,0.00000,0.00000,0.00000,1082.05900,-0.02391,-0.10725,0.25053,-0.02055,0.45333,0.78210,-0.06889,0.61022,-0.03369,-0.03699,0.16995,0.31878,0.35244,2.71794,2.26250,0.85354,0.80420,0.94118,0.76218,0.00000,0.12793,2.95012,1.89534,0.96970,0.95455,1.00000
498,0.5263,49053696,57599,0.01096,1.10e-04,0.3755,165.7363,0.00000,0.00000,0.00000,10.00000,1198.22325,0.00000,0.85586,0.00000,0.00000,0.13072,2.10198,3.82430,0.75676,0.74157,0.60000,0.00000,0.78520,0.00000,0.00000,0.00000,0.00000,1074.21517,-0.02397,-0.10655,0.25057,-0.02004,0.45372,0.78247,-0.06864,0.61017,-0.03565,-0.03682,0.16901,0.31854,0.35203,2.74753,2.61294,0.87387,0.85965,0.80000,0.76013,0.00000,0.12735,2.94196,1.81275,0.99099,0.98780,1.00000
499,0.5271,49152000,33210,0.01566,9.24e-05,0.3755,166.9939,0.00000,0.00000,0.00000,10.00000,1306.23976,0.00000,0.77586,0.00000,0.00000,0.13262,2.09588,2.98373,0.81034,0.75000,1.00000,0.00000,0.78532,0.00000,0.00000,0.00000,0.00000,1085.74268,-0.02421,-0.10762,0.24862,-0.02028,0.45376,0.78260,-0.06871,0.60298,-0.03590,-0.03716,0.16783,0.31665,0.35231,2.43248,2.41412,0.90086,0.85802,1.00000,0.76157,0.00000,0.12800,2.90610,1.92829,0.99138,0.98649,1.00000
500,0.5280,49250304,30537,0.01466,7.61e-05,0.3756,183.2040,0.00000,0.00000,0.00000,10.00000,1250.90406,0.00000,0.86767,0.00000,0.00000,0.13142,2.11025,3.59873,0.80899,0.78082,0.80000,0.00000,0.78214,0.00000,0.00000,0.00000,0.00000,1100.19889,-0.02416,-0.10904,0.24890,-0.02017,0.45101,0.77940,-0.06872,0.60524,-0.03657,-0.03702,0.16824,0.31673,0.35228,2.68970,2.59778,0.90449,0.88489,0.90000,0.76138,0.00000,0.12782,2.89956,1.88310,1.00000,1.00000,1.00000
501,0.5289,49348608,31603,0.01162,1.10e-04,0.3757,163.1102,0.00000,0.00000,0.00000,10.00000,1270.22502,0.00000,0.81408,0.00000,0.00000,0.13102,2.11510,3.99297,0.87129,0.83544,1.00000,0.00000,0.78350,0.00000,0.00000,0.00000,0.00000,1092.32853,-0.02402,-0.10821,0.25002,-0.02110,0.45180,0.78085,-0.06887,0.60824,-0.03656,-0.03688,0.16867,0.31837,0.35246,2.93396,2.92333,0.93564,0.91216,1.00000,0.76232,0.00000,0.12825,2.91343,1.88907,1.00000,1.00000,1.00000
502,0.5297,49446912,31812,0.01408,1.01e-04,0.3757,171.9835,0.00000,0.00000,0.00000,10.00000,1251.77427,0.00000,0.71852,0.00000,0.00000,0.12845,2.13312,3.67038,0.80000,0.75472,0.81818,0.00000,0.78436,0.00000,0.00000,0.00000,0.00000,1105.82153,-0.02388,-0.10962,0.25157,-0.02011,0.45241,0.78162,-0.06973,0.61586,-0.03504,-0.03675,0.17016,0.32048,0.35253,2.80819,2.29667,0.90000,0.86598,0.90000,0.76266,0.00000,0.12831,2.94488,1.96226,1.00000,1.00000,1.00000
503,0.5306,49545216,31152,0.01457,9.83e-05,0.3758,145.3395,0.00000,0.00000,0.00000,10.00000,1249.63795,0.00000,0.80423,0.00000,0.00000,0.12813,2.14931,3.89359,0.85714,0.82051,0.91667,0.00000,0.78899,0.00000,0.00000,0.00000,0.00000,1098.87069,-0.02372,-0.10894,0.25283,-0.02114,0.45539,0.78632,-0.06968,0.61881,-0.03799,-0.03714,0.17081,0.32231,0.35332,2.78562,3.21052,0.92381,0.90132,0.95000,0.76658,0.00000,0.12862,2.95463,1.73171,0.99048,0.98649,1.00000
504,0.5315,49643520,30866,0.01400,9.13e-05,0.3759,148.7278,0.00000,0.00000,0.00000,10.00000,1267.45913,0.00000,0.77534,0.00000,0.00000,0.13002,2.16416,3.92316,0.81319,0.75385,0.85714,0.00000,0.79217,0.00000,0.00000,0.00000,0.00000,1099.93701,-0.02347,-0.10906,0.25522,-0.02128,0.45850,0.78943,-0.06961,0.62023,-0.03316,-0.03726,0.17220,0.32545,0.35426,2.77403,2.39818,0.90659,0.87402,0.91667,0.77132,0.00000,0.12977,2.97829,1.79642,1.00000,1.00000,1.00000
505,0.5324,49741824,31177,0.01560,8.19e-05,0.3759,154.6497,0.00000,0.00000,0.00000,10.00000,1196.00883,0.00000,0.87778,0.00000,0.00000,0.12820,2.17227,3.63611,0.80000,0.78571,0.75000,0.00000,0.79198,0.00000,0.00000,0.00000,0.00000,1080.79940,-0.02333,-0.10724,0.25669,-0.02151,0.45938,0.78926,-0.06874,0.62805,-0.03444,-0.03721,0.17326,0.32689,0.35379,2.68261,2.66154,0.90000,0.88608,0.86667,0.76897,0.00000,0.12844,2.99236,1.83506,1.00000,1.00000,1.00000
506,0.5333,49840128,30346,0.01351,7.61e-05,0.3760,163.2893,0.00000,0.00000,0.00000,10.00000,1284.45449,0.00000,0.71197,0.00000,0.00000,0.12660,2.15176,3.95485,0.78641,0.73529,0.73333,0.00000,0.79102,0.00000,0.00000,0.00000,0.00000,1085.43180,-0.02376,-0.10756,0.25399,-0.02047,0.45852,0.78831,-0.06877,0.62389,-0.03673,-0.03710,0.17232,0.32297,0.35376,2.77930,2.81461,0.88835,0.85606,0.86207,0.76881,0.00000,0.12753,2.96679,1.78461,0.99029,0.98438,1.00000
507,0.5342,49938432,30637,0.01236,1.00e-04,0.3761,151.8093,0.00000,0.00000,0.00000,10.00000,1310.08230,0.00000,0.71839,0.00000,0.00000,0.12678,2.15397,3.40123,0.86207,0.81707,0.92308,0.00000,0.78876,0.00000,0.00000,0.00000,0.00000,1057.36906,-0.02380,-0.10494,0.25276,-0.02041,0.45581,0.78611,-0.06920,0.62007,-0.03207,-0.03711,0.17165,0.32174,0.35273,2.62604,2.74000,0.92241,0.89333,0.92000,0.76366,0.00000,0.12807,2.95141,1.82102,0.98276,0.98529,0.91667
508,0.5351,50036736,31836,0.01477,8.59e-05,0.3762,161.8537,0.00000,0.00000,0.00000,10.00000,1404.42316,0.00000,0.78144,0.00000,0.00000,0.12869,2.11386,3.49891,0.91209,0.88525,0.50000,0.00000,0.78289,0.00000,0.00000,0.00000,0.00000,1073.99471,-0.02396,-0.10646,0.24963,-0.02001,0.45324,0.78032,-0.06878,0.61133,-0.03590,-0.03689,0.16901,0.31753,0.35215,2.49785,1.82000,0.94505,0.92969,0.66667,0.76077,0.00000,0.12716,2.91868,1.66364,0.97802,0.97015,1.00000
509,0.5359,50135040,31986,0.01441,9.13e-05,0.3762,181.2517,0.00000,0.00000,0.00000,10.00000,1310.80120,0.00000,0.78313,0.00000,0.00000,0.12884,2.10240,3.36524,0.86747,0.84375,0.85714,0.00000,0.78005,0.00000,0.00000,0.00000,0.00000,1105.88371,-0.02403,-0.10970,0.24912,-0.02029,0.44988,0.77753,-0.06935,0.60831,-0.03767,-0.03703,0.16831,0.31683,0.35143,2.55459,2.36714,0.93373,0.91453,0.93333,0.75716,0.00000,0.12793,2.91772,1.74393,1.00000,1.00000,1.00000
510,0.5368,50233344,31259,0.01587,8.39e-05,0.3763,164.2736,0.00000,0.00000,0.00000,10.00000,1275.28285,0.00000,0.83333,0.00000,0.00000,0.12846,2.12121,3.98100,0.85897,0.83607,0.80000,0.00000,0.78141,0.00000,0.00000,0.00000,0.00000,1099.55428,-0.02376,-0.10898,0.25225,-0.02088,0.44944,0.77883,-0.06937,0.61499,-0.03763,-0.03689,0.17009,0.32096,0.35106,2.93479,2.82250,0.92308,0.91453,0.77778,0.75530,0.00000,0.12891,2.95488,1.87085,0.98718,1.00000,0.75000
511,0.5377,50331648,31118,0.01396,9.32e-05,0.3764,172.0213,0.00000,0.00000,0.00000,10.00000,1260.19194,0.00000,0.79001,0.00000,0.00000,0.12926,2.13949,3.62154,0.82569,0.80460,0.80000,0.00000,0.78411,0.00000,0.00000,0.00000,0.00000,1094.29354,-0.02345,-0.10850,0.25424,-0.02163,0.45271,0.78152,-0.06957,0.61857,-0.03255,-0.03703,0.17146,0.32336,0.35204,2.78276,2.79866,0.90826,0.88387,0.88235,0.76020,0.00000,0.12895,2.97447,1.89865,0.99083,0.98529,1.00000
512,0.5383,50429952,44746,0.01478,7.70e-05,0.3765,165.1103,0.00000,0.00000,0.00000,10.00000,1319.80320,0.00000,0.78704,0.00000,0.00000,0.12716,2.14049,3.16982,0.83333,0.79688,0.66667,0.00000,0.78784,0.00000,0.00000,0.00000,0.00000,1087.68400,-0.02353,-0.10787,0.25457,-0.02054,0.45667,0.78540,-0.06858,0.62118,-0.03426,-0.03697,0.17174,0.32317,0.35323,2.56125,2.28400,0.91071,0.88235,0.83333,0.76617,0.00000,0.12893,2.97873,1.97403,0.98810,0.98182,1.00000
513,0.5388,50528256,55220,0.01441,8.67e-05,0.3766,142.5990,0.00000,0.00000,0.00000,10.00000,1246.32528,0.00000,0.77273,0.00000,0.00000,0.12512,2.12307,3.92725,0.86364,0.82051,0.93333,0.00000,0.79077,0.00000,0.00000,0.00000,0.00000,1066.33773,-0.02373,-0.10579,0.25402,-0.02047,0.45697,0.78825,-0.06919,0.61972,-0.03431,-0.03710,0.17138,0.32216,0.35342,2.86417,2.91143,0.92273,0.89542,0.96552,0.76708,0.00000,0.12978,2.99398,1.89773,0.98182,0.97333,1.00000
514,0.5393,50626560,57200,0.01424,7.70e-05,0.3766,161.7028,0.00000,0.00000,0.00000,10.00000,1250.81924,0.00000,0.80065,0.00000,0.00000,0.12921,2.10171,3.56151,0.81373,0.77027,0.80000,0.00000,0.78697,0.00000,0.00000,0.00000,0.00000,1071.51514,-0.02385,-0.10635,0.25222,-0.02086,0.45472,0.78454,-0.06878,0.61455,-0.03440,-0.03713,0.17057,0.32075,0.35267,2.74027,3.13866,0.90686,0.88435,0.87500,0.76333,0.00000,0.12841,2.97384,2.05418,1.00000,1.00000,1.00000
515,0.5398,50724864,58389,0.01453,8.35e-05,0.3767,187.8360,0.00000,0.00000,0.00000,10.00000,1227.55611,0.00000,0.84343,0.00000,0.00000,0.13085,2.12298,4.03083,0.80000,0.74419,1.00000,0.00000,0.78264,0.00000,0.00000,0.00000,0.00000,1048.34025,-0.02385,-0.10407,0.25173,-0.02067,0.45355,0.78024,-0.06854,0.61243,-0.02970,-0.03709,0.16976,0.32048,0.35253,2.95342,3.65000,0.89091,0.85629,1.00000,0.76267,0.00000,0.12811,2.94946,1.98375,0.98182,0.97531,1.00000
516,0.5403,50823168,57119,0.01610,6.42e-05,0.3768,173.8895,0.00000,0.00000,0.00000,10.00000,1284.48944,0.00000,0.76313,0.00000,0.00000,0.13092,2.12858,3.42063,0.81319,0.75000,1.00000,0.00000,0.78100,0.00000,0.00000,0.00000,0.00000,1061.11336,-0.02384,-0.10526,0.25174,-0.02029,0.45230,0.77855,-0.06876,0.61142,-0.03385,-0.03684,0.16993,0.32012,0.35227,2.65938,2.60200,0.90659,0.86400,1.00000,0.76135,0.00000,0.12849,2.92797,1.93273,1.00000,1.00000,1.00000
517,0.5407,50921472,59200,0.01051,9.66e-05,0.3768,178.9230,0.00000,0.00000,0.00000,10.00000,1306.80646,0.00000,0.76174,0.00000,0.00000,0.12929,2.12901,3.89940,0.89691,0.86567,0.90000,0.00000,0.78272,0.00000,0.00000,0.00000,0.00000,1095.94499,-0.02410,-0.10870,0.24971,-0.01985,0.45104,0.78023,-0.06925,0.60906,-0.03588,-0.03706,0.16914,0.31734,0.35215,2.82817,2.58000,0.94845,0.93233,0.94737,0.76074,0.00000,0.12803,2.90504,1.87120,1.00000,1.00000,1.00000
518,0.5412,51019776,57828,0.01840,5.59e-05,0.3769,174.2177,0.00000,0.00000,0.00000,10.00000,1235.24783,0.00000,0.85391,0.00000,0.00000,0.13040,2.13463,3.45848,0.81481,0.81111,0.57143,0.00000,0.78428,0.00000,0.00000,0.00000,0.00000,1104.12785,-0.02399,-0.10949,0.24953,-0.02005,0.45180,0.78182,-0.06992,0.60696,-0.03499,-0.03747,0.16894,0.31738,0.35253,2.70918,3.17800,0.89815,0.88554,0.75000,0.76263,0.00000,0.12859,2.89863,1.96925,0.98148,0.97368,1.00000
519,0.5417,51118080,56887,0.00976,8.59e-05,0.3769,163.4820,0.00000,0.00000,0.00000,10.00000,1296.78906,0.00000,0.79922,0.00000,0.00000,0.13037,2.15111,3.65093,0.81579,0.76744,0.85714,0.00000,0.78297,0.00000,0.00000,0.00000,0.00000,1072.92594,-0.02394,-0.10643,0.24957,-0.02028,0.45239,0.78044,-0.06889,0.60537,-0.03219,-0.03743,0.16799,0.31769,0.35211,2.63515,3.50571,0.90789,0.87805,0.93333,0.76055,0.00000,0.13004,2.87961,1.74930,1.00000,1.00000,1.00000
520,0.5421,51216384,59375,0.01269,8.39e-05,0.3770,170.4308,0.00000,0.00000,0.00000,10.00000,1275.29222,0.00000,0.75855,0.00000,0.00000,0.12834,2.10788,3.80828,0.83654,0.78667,0.90000,0.00000,0.77685,0.00000,0.00000,0.00000,0.00000,1073.57926,-0.02434,-0.10643,0.24525,-0.02042,0.44969,0.77428,-0.06877,0.59729,-0.03332,-0.03710,0.16511,0.31197,0.35107,2.76335,3.10666,0.90865,0.87324,0.94444,0.75533,0.00000,0.12987,2.82812,1.76137,0.98077,0.97015,1.00000
521,0.5426,51314688,59619,0.01325,7.61e-05,0.3770,158.8377,0.00000,0.00000,0.00000,10.00000,1268.81087,0.00000,0.83639,0.00000,0.00000,0.12617,2.10068,3.89733,0.80220,0.74286,1.00000,0.00000,0.77273,0.00000,0.00000,0.00000,0.00000,1115.71208,-0.02447,-0.11048,0.24525,-0.02018,0.44669,0.77011,-0.06900,0.59863,-0.03750,-0.03721,0.16524,0.31176,0.35060,2.80733,3.72444,0.90110,0.86861,1.00000,0.75300,0.00000,0.13034,2.83667,1.88620,1.00000,1.00000,1.00000
522,0.5431,51412992,57806,0.01328,6.99e-05,0.3771,161.1703,0.00000,0.00000,0.00000,10.00000,1268.72241,0.00000,0.84515,0.00000,0.00000,0.12729,2.10339,3.88836,0.84043,0.80822,0.83333,0.00000,0.77494,0.00000,0.00000,0.00000,0.00000,1096.90715,-0.02439,-0.10871,0.24609,-0.02022,0.44634,0.77225,-0.06910,0.59912,-0.03471,-0.03727,0.16538,0.31272,0.35017,2.82877,4.80000,0.91489,0.89510,0.87500,0.75083,0.00000,0.13016,2.86010,1.84278,0.98936,0.98571,1.00000
523,0.5436,51511296,58645,0.01411,7.77e-05,0.3771,200.2388,0.00000,0.00000,0.00000,10.00000,1249.41836,0.00000,0.76923,0.00000,0.00000,0.13126,2.11855,3.65692,0.82418,0.80882,0.75000,0.00000,0.77608,0.00000,0.00000,0.00000,0.00000,1119.78410,-0.02410,-0.11097,0.24955,-0.02098,0.44757,0.77334,-0.06880,0.60297,-0.03770,-0.03728,0.16748,0.31774,0.35071,2.72940,2.61200,0.91209,0.89683,0.86957,0.75355,0.00000,0.13048,2.89120,1.85565,1.00000,1.00000,1.00000
524,0.5440,51609600,58914,0.01432,7.70e-05,0.3772,155.6168,0.00000,0.00000,0.00000,10.00000,1201.94499,0.00000,0.77546,0.00000,0.00000,0.13104,2.16484,4.08237,0.76042,0.70833,0.80000,0.00000,0.78730,0.00000,0.00000,0.00000,0.00000,1118.95540,-0.02376,-0.11093,0.25271,-0.02132,0.45298,0.78449,-0.06893,0.61064,-0.03447,-0.03752,0.16980,0.32213,0.35281,2.89411,2.51889,0.86979,0.82836,0.90000,0.76406,0.00000,0.13115,2.91988,1.89257,0.97917,0.96774,1.00000
525,0.5445,51707904,59079,0.01187,1.11e-04,0.3772,156.3014,0.00000,0.00000,0.00000,10.00000,1236.05890,0.00000,0.80524,0.00000,0.00000,0.13074,2.20317,3.46235,0.74157,0.66154,0.85714,0.00000,0.79213,0.00000,0.00000,0.00000,0.00000,1100.05794,-0.02334,-0.10909,0.25621,-0.02123,0.45670,0.78927,-0.06883,0.62041,-0.03396,-0.03736,0.17216,0.32654,0.35357,2.54925,2.14000,0.87079,0.82946,0.92308,0.76783,0.00000,0.13060,2.95116,1.88400,1.00000,1.00000,1.00000
526,0.5450,51806208,58132,0.01354,1.31e-04,0.3773,159.5315,0.00000,0.00000,0.00000,10.00000,1317.18064,0.00000,0.79958,0.00000,0.00000,0.13005,2.19325,3.23424,0.86916,0.83333,0.87500,0.00000,0.79400,0.00000,0.00000,0.00000,0.00000,1084.86214,-0.02364,-0.10756,0.25580,-0.02067,0.45836,0.79118,-0.06867,0.62133,-0.03378,-0.03750,0.17215,0.32583,0.35415,2.47282,2.22750,0.92056,0.89610,0.94118,0.77074,0.00000,0.12986,2.94880,1.80313,0.97196,0.96053,1.00000
527,0.5454,51904512,58695,0.01566,1.10e-04,0.3773,169.8812,0.00000,0.00000,0.00000,10.00000,1256.20873,0.00000,0.76880,0.00000,0.00000,0.13073,2.16691,3.87406,0.79798,0.77465,0.60000,0.00000,0.79302,0.00000,0.00000,0.00000,0.00000,1073.77246,-0.02367,-0.10657,0.25303,-0.02037,0.45826,0.79027,-0.06916,0.61473,-0.03316,-0.03733,0.17123,0.32297,0.35427,2.72936,2.74666,0.89899,0.88321,0.80952,0.77133,0.00000,0.12993,2.93509,1.77792,1.00000,1.00000,1.00000
528,0.5462,52002816,34555,0.01422,1.24e-04,0.3774,173.7209,0.00000,0.00000,0.00000,10.00000,1218.74185,0.00000,0.79227,0.00000,0.00000,0.13053,2.15862,3.69778,0.80870,0.80000,0.64286,0.00000,0.79195,0.00000,0.00000,0.00000,0.00000,1084.34220,-0.02380,-0.10766,0.25269,-0.02079,0.45701,0.78924,-0.06888,0.61298,-0.03458,-0.03757,0.17047,0.32207,0.35370,2.74553,2.57913,0.89130,0.87805,0.80769,0.76849,0.00000,0.12993,2.92500,1.87888,0.97391,0.96203,1.00000
529,0.5471,52101120,30581,0.01436,1.03e-04,0.3775,148.8468,0.00000,0.00000,0.00000,10.00000,1301.05444,0.00000,0.87814,0.00000,0.00000,0.13147,2.16237,3.64716,0.89247,0.86667,1.00000,0.00000,0.78792,0.00000,0.00000,0.00000,0.00000,1086.29647,-0.02375,-0.10777,0.25303,-0.02102,0.45541,0.78512,-0.06886,0.61084,-0.03282,-0.03736,0.16976,0.32244,0.35323,2.66343,3.54000,0.94086,0.92517,1.00000,0.76615,0.00000,0.13087,2.91283,1.76055,0.98925,0.98611,1.00000
530,0.5480,52199424,30241,0.01653,7.25e-05,0.3776,158.3561,0.00000,0.00000,0.00000,10.00000,1267.18434,0.00000,0.75949,0.00000,0.00000,0.13071,2.17429,3.97544,0.83544,0.83333,0.62500,0.00000,0.78652,0.00000,0.00000,0.00000,0.00000,1071.28727,-0.02350,-0.10630,0.25491,-0.02150,0.45505,0.78378,-0.06859,0.61707,-0.03293,-0.03707,0.17123,0.32504,0.35328,2.99835,2.32600,0.91139,0.89815,0.76923,0.76640,0.00000,0.13063,2.94728,1.92731,0.98734,0.97917,1.00000
531,0.5487,52297728,39742,0.01321,7.61e-05,0.3776,143.7896,0.00000,0.00000,0.00000,10.00000,1287.13921,0.00000,0.85007,0.00000,0.00000,0.13044,2.19919,3.66545,0.84337,0.79688,1.00000,0.00000,0.78686,0.00000,0.00000,0.00000,0.00000,1069.68506,-0.02330,-0.10612,0.25867,-0.02163,0.45669,0.78416,-0.06863,0.62647,-0.03155,-0.03720,0.17370,0.32948,0.35352,2.66049,3.33143,0.92169,0.89764,1.00000,0.76758,0.00000,0.13016,2.98667,1.83552,1.00000,1.00000,1.00000
532,0.5492,52396032,57775,0.01415,7.70e-05,0.3777,135.2133,0.00000,0.00000,0.00000,10.00000,1296.35998,0.00000,0.75855,0.00000,0.00000,0.12948,2.19668,3.57216,0.87500,0.84416,0.88889,0.00000,0.78952,0.00000,0.00000,0.00000,0.00000,1081.68791,-0.02338,-0.10725,0.25673,-0.02060,0.45793,0.78684,-0.06883,0.62658,-0.03321,-0.03740,0.17301,0.32709,0.35395,2.79186,3.25733,0.93269,0.90845,0.93750,0.76975,0.00000,0.12825,2.97359,1.97859,0.99038,0.98462,1.00000
533,0.5497,52494336,57883,0.01452,7.61e-05,0.3778,167.2281,0.00000,0.00000,0.00000,10.00000,1198.80919,0.00000,0.84541,0.00000,0.00000,0.12959,2.19399,3.77968,0.78261,0.75342,0.75000,0.00000,0.79466,0.00000,0.00000,0.00000,0.00000,1088.08626,-0.02329,-0.10798,0.25705,-0.02144,0.46008,0.79190,-0.06917,0.62675,-0.03284,-0.03740,0.17343,0.32836,0.35476,2.81573,3.61846,0.88587,0.86429,0.86667,0.77380,0.00000,0.12938,2.98865,1.98383,0.98913,0.98507,1.00000
534,0.5502,52592640,57639,0.01159,1.04e-04,0.3779,177.8773,0.00000,0.00000,0.00000,10.00000,1250.87500,0.00000,0.81790,0.00000,0.00000,0.12838,2.19643,3.66379,0.87963,0.83750,1.00000,0.00000,0.79509,0.00000,0.00000,0.00000,0.00000,1079.88053,-0.02314,-0.10716,0.25751,-0.02112,0.46160,0.79225,-0.06854,0.62907,-0.03122,-0.03757,0.17308,0.32822,0.35511,2.83440,3.29200,0.93519,0.91824,0.95000,0.77554,0.00000,0.12874,2.98874,2.09820,0.99074,1.00000,0.90000
535,0.5507,52690944,56796,0.01453,1.00e-04,0.3780,137.1349,0.00000,0.00000,0.00000,10.00000,1298.33789,0.00000,0.71111,0.00000,0.00000,0.12642,2.18969,4.01166,0.82000,0.80597,0.44444,0.00000,0.79437,0.00000,0.00000,0.00000,0.00000,1067.68327,-0.02328,-0.10591,0.25626,-0.02050,0.46090,0.79150,-0.06881,0.62897,-0.03376,-0.03735,0.17319,0.32625,0.35492,2.89344,3.41500,0.91000,0.89844,0.68750,0.77458,0.00000,0.12784,2.97730,1.90676,1.00000,1.00000,1.00000
536,0.5511,52789248,57488,0.01518,8.35e-05,0.3780,144.0491,0.00000,0.00000,0.00000,10.00000,1252.09413,0.00000,0.81985,0.00000,0.00000,0.12665,2.18150,3.78472,0.83495,0.79268,1.00000,0.00000,0.79165,0.00000,0.00000,0.00000,0.00000,1055.69189,-0.02345,-0.10477,0.25489,-0.02048,0.45861,0.78883,-0.06858,0.62543,-0.02918,-0.03734,0.17210,0.32443,0.35409,2.91292,3.21200,0.91748,0.88816,1.00000,0.77046,0.00000,0.12774,2.96184,2.07600,1.00000,1.00000,1.00000
537,0.5516,52887552,58081,0.01339,9.32e-05,0.3781,168.7176,0.00000,0.00000,0.00000,10.00000,1339.06779,0.00000,0.74653,0.00000,0.00000,0.12867,2.18196,3.84290,0.89583,0.87302,0.71429,0.00000,0.78769,0.00000,0.00000,0.00000,0.00000,1073.93384,-0.02349,-0.10648,0.25474,-0.02056,0.45603,0.78484,-0.06871,0.62246,-0.03160,-0.03749,0.17144,0.32408,0.35332,2.74057,2.09375,0.94792,0.93798,0.88889,0.76658,0.00000,0.12782,2.93962,1.85299,1.00000,1.00000,1.00000
538,0.5521,52985856,58033,0.01213,1.25e-04,0.3782,146.6424,0.00000,0.00000,0.00000,10.00000,1241.83647,0.00000,0.78749,0.00000,0.00000,0.12657,2.19803,3.79605,0.80583,0.77632,0.75000,0.00000,0.78769,0.00000,0.00000,0.00000,0.00000,1061.20068,-0.02348,-0.10520,0.25431,-0.02015,0.45628,0.78482,-0.06879,0.62466,-0.03009,-0.03729,0.17159,0.32366,0.35343,2.76392,2.73428,0.90291,0.88356,0.87500,0.76713,0.00000,0.12794,2.93954,1.87024,1.00000,1.00000,1.00000
539,0.5527,53084160,42418,0.01781,7.70e-05,0.3783,159.3278,0.00000,0.00000,0.00000,10.00000,1307.29695,0.00000,0.80499,0.00000,0.00000,0.12903,2.20072,3.34545,0.84694,0.79167,1.00000,0.00000,0.78693,0.00000,0.00000,0.00000,0.00000,1081.02897,-0.02349,-0.10725,0.25436,-0.02091,0.45599,0.78403,-0.06902,0.62308,-0.02870,-0.03754,0.17156,0.32470,0.35321,2.57225,2.35692,0.91837,0.88732,1.00000,0.76603,0.00000,0.12828,2.93190,1.90079,0.98980,0.98571,1.00000
540,0.5533,53182464,45758,0.01303,1.00e-04,0.3783,142.9651,0.00000,0.00000,0.00000,10.00000,1279.65780,0.00000,0.82185,0.00000,0.00000,0.12789,2.19125,3.59077,0.82645,0.76923,1.00000,0.00000,0.79091,0.00000,0.00000,0.00000,0.00000,1085.09229,-0.02369,-0.10754,0.25348,-0.02097,0.45816,0.78793,-0.06862,0.62127,-0.03253,-0.03781,0.17059,0.32294,0.35407,2.64982,2.47600,0.90909,0.88268,0.93333,0.77033,0.00000,0.12860,2.92204,1.87726,0.99174,1.00000,0.85714
541,0.5538,53280768,58335,0.01664,6.71e-05,0.3784,152.0771,0.00000,0.00000,0.00000,10.00000,1221.80561,0.00000,0.82789,0.00000,0.00000,0.12939,2.17143,3.95361,0.79412,0.75000,0.90000,0.00000,0.78974,0.00000,0.00000,0.00000,0.00000,1077.04508,-0.02382,-0.10679,0.25182,-0.02067,0.45721,0.78686,-0.06842,0.61377,-0.03107,-0.03777,0.16841,0.32065,0.35392,2.85218,3.64125,0.89216,0.86184,0.94118,0.76958,0.00000,0.12912,2.89766,1.84835,0.99020,0.98611,1.00000
542,0.5543,53379072,57678,0.01211,9.24e-05,0.3784,162.8619,0.00000,0.00000,0.00000,10.00000,1311.74803,0.00000,0.79532,0.00000,0.00000,0.12787,2.17693,3.72034,0.85263,0.81159,0.75000,0.00000,0.78400,0.00000,0.00000,0.00000,0.00000,1079.44425,-0.02385,-0.10701,0.25211,-0.02086,0.45261,0.78113,-0.06808,0.61771,-0.03168,-0.03758,0.16892,0.32082,0.35243,2.71492,3.38571,0.92632,0.90441,0.87500,0.76215,0.00000,0.12832,2.90084,1.87944,1.00000,1.00000,1.00000
543,0.5548,53477376,57250,0.01275,1.10e-04,0.3785,165.8538,0.00000,0.00000,0.00000,10.00000,1258.82573,0.00000,0.77652,0.00000,0.00000,0.12668,2.17378,3.56701,0.82955,0.79365,0.75000,0.00000,0.78300,0.00000,0.00000,0.00000,0.00000,1070.92594,-0.02386,-0.10632,0.25279,-0.02140,0.45177,0.78010,-0.06852,0.61941,-0.03203,-0.03738,0.16906,0.32149,0.35216,2.70726,2.75571,0.90909,0.88618,0.87500,0.76079,0.00000,0.12887,2.91441,1.97582,0.98864,0.98333,1.00000
544,0.5553,53575680,57763,0.01422,1.24e-04,0.3786,152.0625,0.00000,0.00000,0.00000,10.00000,1309.12517,0.00000,0.72222,0.00000,0.00000,0.12680,2.18078,3.59017,0.84444,0.82456,0.63636,0.00000,0.78309,0.00000,0.00000,0.00000,0.00000,1091.49699,-0.02370,-0.10820,0.25405,-0.02073,0.45294,0.78019,-0.06968,0.62312,-0.03286,-0.03732,0.17081,0.32305,0.35239,2.64784,2.94222,0.91111,0.90598,0.76190,0.76196,0.00000,0.12809,2.93362,1.85794,0.97778,0.98333,0.90000
545,0.5557,53673984,57126,0.01699,6.34e-05,0.3787,170.6984,0.00000,0.00000,0.00000,10.00000,1246.79207,0.00000,0.75810,0.00000,0.00000,0.12687,2.15887,3.90066,0.81250,0.74242,0.90909,0.00000,0.78817,0.00000,0.00000,0.00000,0.00000,1114.34481,-0.02379,-0.11050,0.25268,-0.02091,0.45500,0.78538,-0.07037,0.62033,-0.03507,-0.03757,0.16981,0.32128,0.35360,2.84992,2.40952,0.89062,0.84733,0.95455,0.76800,0.00000,0.12780,2.93712,2.00933,0.96875,0.95385,1.00000
546,0.5562,53772288,57258,0.01135,1.00e-04,0.3788,176.5073,0.00000,0.00000,0.00000,10.00000,1280.68782,0.00000,0.80183,0.00000,0.00000,0.12877,2.17718,3.69936,0.80412,0.77027,0.60000,0.00000,0.79521,0.00000,0.00000,0.00000,0.00000,1107.71387,-0.02342,-0.10991,0.25667,-0.02149,0.45796,0.79242,-0.06933,0.62408,-0.03508,-0.03778,0.17212,0.32666,0.35421,2.65308,3.16571,0.90206,0.87857,0.77778,0.77107,0.00000,0.12997,2.98332,1.71143,1.00000,1.00000,1.00000
547,0.5567,53870592,57880,0.01595,7.16e-05,0.3788,140.6170,0.00000,0.00000,0.00000,10.00000,1240.54214,0.00000,0.76923,0.00000,0.00000,0.13172,2.16779,3.50028,0.78846,0.77922,0.64286,0.00000,0.79648,0.00000,0.00000,0.00000,0.00000,1084.86312,-0.02340,-0.10760,0.25632,-0.02156,0.46017,0.79365,-0.06906,0.62186,-0.03341,-0.03781,0.17165,0.32682,0.35472,2.59047,2.59500,0.88942,0.88194,0.76923,0.77362,0.00000,0.12949,2.98425,1.76231,0.99038,1.00000,0.91667
548,0.5572,53968896,57219,0.01153,1.03e-04,0.3789,185.6925,0.00000,0.00000,0.00000,10.00000,1276.01373,0.00000,0.82492,0.00000,0.00000,0.13172,2.15899,3.68281,0.84848,0.82278,0.83333,0.00000,0.79399,0.00000,0.00000,0.00000,0.00000,1083.15967,-0.02349,-0.10751,0.25550,-0.02163,0.45992,0.79120,-0.06852,0.62031,-0.03506,-0.03795,0.17161,0.32572,0.35504,2.67493,2.53833,0.91919,0.89796,0.92308,0.77519,0.00000,0.12925,2.97068,1.72080,0.98990,0.98529,1.00000
549,0.5580,54067200,33013,0.01378,1.11e-04,0.3790,160.9553,0.00000,0.00000,0.00000,10.00000,1299.56914,0.00000,0.73255,0.00000,0.00000,0.13004,2.15232,3.74545,0.86726,0.81818,0.92308,0.00000,0.79360,0.00000,0.00000,0.00000,0.00000,1077.83504,-0.02375,-0.10700,0.25397,-0.02149,0.45889,0.79089,-0.06866,0.61961,-0.03222,-0.03772,0.17018,0.32394,0.35409,2.72893,3.01916,0.92478,0.89262,0.95833,0.77044,0.00000,0.12909,2.96268,1.77439,0.98230,0.97222,1.00000
550,0.5585,54165504,55696,0.01593,9.13e-05,0.3790,174.0713,0.00000,0.00000,0.00000,10.00000,1320.64436,0.00000,0.79106,0.00000,0.00000,0.13047,2.17859,3.30827,0.80435,0.76389,0.75000,0.00000,0.79326,0.00000,0.00000,0.00000,0.00000,1095.05078,-0.02356,-0.10856,0.25510,-0.02161,0.45805,0.79058,-0.06843,0.62061,-0.03322,-0.03786,0.17090,0.32517,0.35440,2.53636,2.01143,0.90217,0.87023,0.87500,0.77200,0.00000,0.12932,2.95158,1.82571,1.00000,1.00000,1.00000
551,0.5590,54263808,55934,0.01305,1.12e-04,0.3791,167.2065,0.00000,0.00000,0.00000,10.00000,1252.56104,0.00000,0.80556,0.00000,0.00000,0.12959,2.21554,3.25525,0.81250,0.77049,0.90000,0.00000,0.79371,0.00000,0.00000,0.00000,0.00000,1073.81909,-0.02343,-0.10643,0.25751,-0.02119,0.45780,0.79101,-0.06895,0.62765,-0.03070,-0.03732,0.17261,0.32816,0.35456,2.50536,2.52000,0.90625,0.87931,0.94737,0.77279,0.00000,0.12931,2.96720,1.81406,1.00000,1.00000,1.00000
552,0.5595,54362112,57884,0.01362,1.20e-04,0.3792,145.1911,0.00000,0.00000,0.00000,10.00000,1256.24886,0.00000,0.85366,0.00000,0.00000,0.12909,2.23054,3.34182,0.79268,0.75000,1.00000,0.00000,0.79399,0.00000,0.00000,0.00000,0.00000,1085.54964,-0.02324,-0.10771,0.26012,-0.02144,0.45740,0.79124,-0.06909,0.63483,-0.03100,-0.03741,0.17487,0.33160,0.35400,2.58261,2.33500,0.89634,0.86508,1.00000,0.77000,0.00000,0.12941,2.99937,1.88667,1.00000,1.00000,1.00000
553,0.5600,54460416,57892,0.01636,7.76e-05,0.3792,157.1893,0.00000,0.00000,0.00000,10.00000,1310.17173,0.00000,0.74423,0.00000,0.00000,0.12823,2.22881,3.51639,0.83019,0.78667,0.81818,0.00000,0.79842,0.00000,0.00000,0.00000,0.00000,1065.56372,-0.02329,-0.10567,0.25922,-0.02117,0.46068,0.79561,-0.06888,0.63445,-0.03211,-0.03778,0.17369,0.32981,0.35521,2.68939,2.73300,0.90566,0.87324,0.90476,0.77605,0.00000,0.12856,2.98981,1.89547,0.98113,0.97015,1.00000
554,0.5605,54558720,58020,0.01372,5.80e-05,0.3793,159.6874,0.00000,0.00000,0.00000,10.00000,1295.37964,0.00000,0.83333,0.00000,0.00000,0.13203,2.24530,3.62656,0.90625,0.87143,1.00000,0.00000,0.79780,0.00000,0.00000,0.00000,0.00000,1077.40275,-0.02318,-0.10696,0.26027,-0.02191,0.46215,0.79493,-0.06846,0.63343,-0.03179,-0.03789,0.17395,0.33151,0.35544,2.66867,3.01400,0.93229,0.90972,1.00000,0.77718,0.00000,0.12799,2.98281,1.82421,0.95833,0.94595,1.00000
555,0.5610,54657024,57298,0.00997,1.00e-04,0.3793,144.9570,0.00000,0.00000,0.00000,10.00000,1270.45833,0.00000,0.78836,0.00000,0.00000,0.12911,2.24192,3.52555,0.81905,0.76316,0.90000,0.00000,0.79851,0.00000,0.00000,0.00000,0.00000,1077.17635,-0.02334,-0.10683,0.25827,-0.02168,0.46225,0.79567,-0.06799,0.63164,-0.02887,-0.03775,0.17280,0.32900,0.35524,2.64792,3.05750,0.90000,0.86577,0.93750,0.77621,0.00000,0.12856,2.95583,1.82727,0.98095,0.97260,1.00000
556,0.5614,54755328,58128,0.01420,1.03e-04,0.3794,162.3323,0.00000,0.00000,0.00000,10.00000,1306.28375,0.00000,0.81111,0.00000,0.00000,0.12969,2.23081,3.43014,0.85000,0.85526,0.42857,0.00000,0.79761,0.00000,0.00000,0.00000,0.00000,1093.00146,-0.02338,-0.10843,0.25687,-0.02115,0.46174,0.79478,-0.06798,0.62614,-0.02983,-0.03782,0.17160,0.32787,0.35587,2.55450,2.58500,0.92500,0.92466,0.73333,0.77933,0.00000,0.12981,2.93751,1.75743,1.00000,1.00000,1.00000
557,0.5619,54853632,57892,0.01484,1.00e-04,0.3794,150.9218,0.00000,0.00000,0.00000,10.00000,1271.91789,0.00000,0.84491,0.00000,0.00000,0.12804,2.23497,3.32031,0.80208,0.76000,0.66667,0.00000,0.79879,0.00000,0.00000,0.00000,0.00000,1082.62565,-0.02333,-0.10730,0.25676,-0.02150,0.46185,0.79605,-0.06736,0.62710,-0.02900,-0.03767,0.17194,0.32737,0.35588,2.52859,1.74000,0.89583,0.86986,0.90000,0.77942,0.00000,0.13002,2.93464,1.87897,0.98958,0.98592,1.00000
558,0.5627,54951936,35984,0.01732,4.85e-05,0.3795,169.4100,0.00000,0.00000,0.00000,10.00000,1306.81324,0.00000,0.76190,0.00000,0.00000,0.12903,2.23924,3.87631,0.89524,0.85333,1.00000,0.00000,0.79619,0.00000,0.00000,0.00000,0.00000,1063.26440,-0.02317,-0.10542,0.25853,-0.02235,0.46080,0.79346,-0.06726,0.62942,-0.02792,-0.03763,0.17285,0.33056,0.35521,2.84645,2.84454,0.94762,0.92361,1.00000,0.77603,0.00000,0.13135,2.96014,1.85569,1.00000,1.00000,1.00000
559,0.5636,55050240,31369,0.00852,7.61e-05,0.3796,201.1480,0.00000,0.00000,0.00000,10.00000,1302.06468,0.00000,0.80048,0.00000,0.00000,0.12454,2.22369,3.40949,0.86022,0.82812,0.66667,0.00000,0.79245,0.00000,0.00000,0.00000,0.00000,1062.56624,-0.02340,-0.10547,0.25727,-0.02101,0.45951,0.78972,-0.06702,0.63320,-0.03064,-0.03743,0.17246,0.32810,0.35439,2.52866,3.00400,0.92473,0.91045,0.83333,0.77194,0.00000,0.13013,2.96304,1.83573,0.98925,0.98571,1.00000
560,0.5642,55148544,39834,0.01026,1.21e-04,0.3796,162.9798,0.00000,0.00000,0.00000,10.00000,1287.73009,0.00000,0.81613,0.00000,0.00000,0.12635,2.22138,3.92225,0.84956,0.82558,0.75000,0.00000,0.79170,0.00000,0.00000,0.00000,0.00000,1082.13713,-0.02349,-0.10730,0.25654,-0.02099,0.45715,0.78901,-0.06790,0.62937,-0.03051,-0.03765,0.17202,0.32635,0.35399,2.84848,2.76363,0.92478,0.90964,0.84615,0.76996,0.00000,0.12883,2.94621,1.83788,1.00000,1.00000,1.00000
561,0.5647,55246848,60149,0.01430,1.44e-04,0.3797,156.0267,0.00000,0.00000,0.00000,10.00000,1280.84814,0.00000,0.80897,0.00000,0.00000,0.12893,2.20936,3.45280,0.81579,0.78161,0.75000,0.00000,0.79302,0.00000,0.00000,0.00000,0.00000,1064.96061,-0.02359,-0.10570,0.25484,-0.02195,0.45830,0.79038,-0.06801,0.62147,-0.02900,-0.03753,0.17080,0.32471,0.35478,2.63687,3.07500,0.90789,0.88554,0.85714,0.77388,0.00000,0.12952,2.91491,1.91694,1.00000,1.00000,1.00000
562,0.5654,55345152,40668,0.01900,9.12e-05,0.3798,142.8425,0.00000,0.00000,0.00000,10.00000,1307.56920,0.00000,0.76531,0.00000,0.00000,0.12489,2.19130,3.50091,0.87755,0.83099,1.00000,0.00000,0.79052,0.00000,0.00000,0.00000,0.00000,1060.68400,-0.02385,-0.10526,0.25208,-0.02090,0.45714,0.78788,-0.06798,0.61933,-0.03005,-0.03736,0.16915,0.32166,0.35427,2.68015,2.93143,0.92347,0.88889,1.00000,0.77134,0.00000,0.13053,2.89497,1.89507,0.96939,0.95312,1.00000
563,0.5659,55443456,58132,0.02017,6.47e-05,0.3798,178.4305,0.00000,0.00000,0.00000,10.00000,1297.19863,0.00000,0.79686,0.00000,0.00000,0.12615,2.19754,3.71936,0.81818,0.77632,0.66667,0.00000,0.78645,0.00000,0.00000,0.00000,0.00000,1079.77238,-0.02369,-0.10706,0.25353,-0.02125,0.45520,0.78386,-0.06813,0.62161,-0.03212,-0.03747,0.17023,0.32360,0.35319,2.73523,2.93000,0.89899,0.86620,0.80000,0.76593,0.00000,0.13039,2.90983,1.80985,0.97980,0.96970,1.00000
564,0.5663,55541760,58768,0.01256,6.96e-05,0.3799,156.1139,0.00000,0.00000,0.00000,10.00000,1328.92886,0.00000,0.74510,0.00000,0.00000,0.12717,2.20172,3.08233,0.84706,0.83051,0.72727,0.00000,0.78732,0.00000,0.00000,0.00000,0.00000,1087.83325,-0.02364,-0.10786,0.25359,-0.02089,0.45577,0.78471,-0.06859,0.62073,-0.02814,-0.03751,0.17036,0.32345,0.35372,2.38097,2.13765,0.91176,0.90351,0.80952,0.76858,0.00000,0.13004,2.91272,1.71301,0.97647,0.98182,0.90000
565,0.5668,55640064,58150,0.01053,1.00e-04,0.3799,159.2914,0.00000,0.00000,0.00000,10.00000,1274.94024,0.00000,0.78605,0.00000,0.00000,0.12985,2.21414,3.51478,0.86170,0.85915,0.70000,0.00000,0.79050,0.00000,0.00000,0.00000,0.00000,1108.96444,-0.02353,-0.11002,0.25614,-0.02124,0.45717,0.78795,-0.06888,0.62339,-0.03441,-0.03780,0.17120,0.32662,0.35424,2.63986,2.87176,0.92553,0.91729,0.84211,0.77120,0.00000,0.12990,2.93537,1.78958,0.98936,0.98387,1.00000
566,0.5673,55738368,60128,0.01319,1.21e-04,0.3800,181.4706,0.00000,0.00000,0.00000,10.00000,1294.61057,0.00000,0.73856,0.00000,0.00000,0.12817,2.22772,3.36097,0.84706,0.80645,0.90000,0.00000,0.79640,0.00000,0.00000,0.00000,0.00000,1108.93685,-0.02328,-0.11000,0.25761,-0.02246,0.46047,0.79394,-0.06887,0.62676,-0.03105,-0.03784,0.17168,0.32825,0.35515,2.64520,2.35000,0.91765,0.88496,0.95238,0.77574,0.00000,0.13091,2.94794,1.91770,0.98824,0.98039,1.00000
567,0.5677,55836672,60298,0.01570,1.24e-04,0.3800,176.4047,0.00000,0.00000,0.00000,10.00000,1227.96768,0.00000,0.89325,0.00000,0.00000,0.12857,2.25713,3.57459,0.79412,0.77907,0.60000,0.00000,0.80107,0.00000,0.00000,0.00000,0.00000,1098.07048,-0.02301,-0.10884,0.26105,-0.02222,0.46293,0.79860,-0.06851,0.63568,-0.03131,-0.03800,0.17406,0.33273,0.35587,2.68129,3.28571,0.88725,0.87195,0.77778,0.77937,0.00000,0.13034,2.98868,1.86518,0.98039,0.97436,1.00000
568,0.5682,55934976,60063,0.01301,1.21e-04,0.3800,183.2294,0.00000,0.00000,0.00000,10.00000,1324.13728,0.00000,0.70933,0.00000,0.00000,0.12802,2.25183,3.59650,0.87500,0.83784,0.87500,0.00000,0.80080,0.00000,0.00000,0.00000,0.00000,1085.52441,-0.02317,-0.10762,0.26031,-0.02217,0.46410,0.79830,-0.06778,0.63687,-0.03202,-0.03803,0.17403,0.33181,0.35622,2.68790,2.90428,0.93750,0.91608,0.93103,0.78113,0.00000,0.12927,2.97792,1.80146,1.00000,1.00000,1.00000
569,0.5686,56033280,60257,0.01576,8.59e-05,0.3801,163.2008,0.00000,0.00000,0.00000,10.00000,1297.88777,0.00000,0.80048,0.00000,0.00000,0.12661,2.24453,3.50209,0.86022,0.81429,1.00000,0.00000,0.79910,0.00000,0.00000,0.00000,0.00000,1070.32397,-0.02336,-0.10615,0.25786,-0.02143,0.46325,0.79651,-0.06814,0.63507,-0.03082,-0.03762,0.17346,0.32898,0.35607,2.61174,2.46125,0.93011,0.90299,1.00000,0.78037,0.00000,0.12841,2.96175,1.77155,1.00000,1.00000,1.00000
570,0.5691,56131584,60172,0.01212,1.16e-04,0.3801,153.3191,0.00000,0.00000,0.00000,10.00000,1341.74679,0.00000,0.75397,0.00000,0.00000,0.12658,2.23255,3.66133,0.85714,0.80769,0.83333,0.00000,0.79787,0.00000,0.00000,0.00000,0.00000,1082.40999,-0.02354,-0.10734,0.25615,-0.02142,0.46182,0.79532,-0.06772,0.63037,-0.03389,-0.03782,0.17234,0.32643,0.35571,2.70624,2.49857,0.92411,0.89474,0.92857,0.77853,0.00000,0.12847,2.93256,1.83268,0.99107,0.98649,1.00000
571,0.5696,56229888,59778,0.01354,1.01e-04,0.3802,182.4019,0.00000,0.00000,0.00000,10.00000,1277.31164,0.00000,0.85470,0.00000,0.00000,0.12692,2.26775,3.23768,0.82418,0.81081,0.66667,0.00000,0.79581,0.00000,0.00000,0.00000,0.00000,1098.06169,-0.02331,-0.10890,0.25836,-0.02195,0.46021,0.79322,-0.06737,0.63299,-0.03261,-0.03803,0.17301,0.32937,0.35491,2.53049,1.94400,0.91209,0.90000,0.83333,0.77456,0.00000,0.13003,2.92793,1.85278,1.00000,1.00000,1.00000
572,0.5700,56328192,60517,0.01161,1.45e-04,0.3803,135.3480,0.00000,0.00000,0.00000,10.00000,1301.50645,0.00000,0.79861,0.00000,0.00000,0.12653,2.30921,3.50893,0.85000,0.82540,0.80000,0.00000,0.79750,0.00000,0.00000,0.00000,0.00000,1099.53109,-0.02317,-0.10903,0.26147,-0.02102,0.46053,0.79492,-0.06755,0.64385,-0.03028,-0.03761,0.17537,0.33272,0.35488,2.56887,2.81636,0.91875,0.89565,0.91667,0.77442,0.00000,0.12804,2.95438,1.67661,0.98750,0.98077,1.00000
573,0.5705,56426496,60457,0.01701,9.24e-05,0.3803,126.8947,0.00000,0.00000,0.00000,10.00000,1248.13617,0.00000,0.91731,0.00000,0.00000,0.12309,2.33166,3.62909,0.84884,0.82432,1.00000,0.00000,0.80023,0.00000,0.00000,0.00000,0.00000,1086.94938,-0.02277,-0.10783,0.26315,-0.02143,0.46287,0.79765,-0.06809,0.65191,-0.02932,-0.03763,0.17755,0.33474,0.35604,2.62910,2.97200,0.91279,0.89437,1.00000,0.78021,0.00000,0.12821,2.98490,1.65853,0.97674,0.97059,1.00000
574,0.5709,56524800,59842,0.01219,9.13e-05,0.3804,128.7601,0.00000,0.00000,0.00000,10.00000,1349.87500,0.00000,0.74252,0.00000,0.00000,0.12328,2.32630,3.77187,0.87500,0.84058,0.75000,0.00000,0.80578,0.00000,0.00000,0.00000,0.00000,1062.46452,-0.02268,-0.10549,0.26409,-0.02121,0.46680,0.80312,-0.06727,0.65332,-0.02771,-0.03776,0.17762,0.33589,0.35682,2.66228,2.83077,0.93269,0.91367,0.86667,0.78410,0.00000,0.12857,2.99822,1.72789,0.99038,0.98571,1.00000
575,0.5714,56623104,59643,0.01545,7.25e-05,0.3804,138.8998,0.00000,0.00000,0.00000,10.00000,1267.50688,0.00000,0.85000,0.00000,0.00000,0.12348,2.33636,3.48197,0.84000,0.81818,0.71429,0.00000,0.80458,0.00000,0.00000,0.00000,0.00000,1058.20654,-0.02269,-0.10497,0.26500,-0.02121,0.46651,0.80192,-0.06761,0.65636,-0.02970,-0.03766,0.17809,0.33636,0.35667,2.61158,2.44000,0.91500,0.90196,0.84615,0.78333,0.00000,0.12738,2.99591,1.84864,0.99000,0.98684,1.00000
576,0.5719,56721408,59561,0.01821,6.42e-05,0.3805,130.9902,0.00000,0.00000,0.00000,10.00000,1294.43988,0.00000,0.79894,0.00000,0.00000,0.12258,2.32796,3.73850,0.91429,0.89873,0.87500,0.00000,0.80350,0.00000,0.00000,0.00000,0.00000,1065.61475,-0.02278,-0.10559,0.26268,-0.02062,0.46661,0.80073,-0.06685,0.65240,-0.03147,-0.03769,0.17650,0.33336,0.35699,2.72604,2.04533,0.94762,0.93377,0.93750,0.78497,0.00000,0.12693,2.96096,1.70076,0.98095,0.97222,1.00000
577,0.5723,56819712,59926,0.01279,8.35e-05,0.3806,154.6800,0.00000,0.00000,0.00000,10.00000,1278.76431,0.00000,0.82508,0.00000,0.00000,0.12373,2.30727,3.40941,0.83168,0.80519,0.71429,0.00000,0.80277,0.00000,0.00000,0.00000,0.00000,1070.34546,-0.02305,-0.10612,0.26029,-0.02097,0.46554,0.80009,-0.06716,0.64373,-0.02927,-0.03803,0.17440,0.33057,0.35662,2.62054,2.14000,0.91584,0.90000,0.86667,0.78310,0.00000,0.12775,2.94146,1.95827,1.00000,1.00000,1.00000
578,0.5728,56918016,59690,0.01546,7.16e-05,0.3806,159.7558,0.00000,0.00000,0.00000,10.00000,1297.17363,0.00000,0.77098,0.00000,0.00000,0.12468,2.29889,3.51794,0.80612,0.79730,0.50000,0.00000,0.79982,0.00000,0.00000,0.00000,0.00000,1069.97567,-0.02317,-0.10604,0.25979,-0.02117,0.46345,0.79721,-0.06697,0.64056,-0.03039,-0.03781,0.17442,0.33069,0.35552,2.65526,2.96400,0.89796,0.88235,0.69231,0.77761,0.00000,0.12899,2.92643,1.77970,0.98980,0.98387,1.00000
579,0.5732,57016320,60039,0.01193,7.60e-05,0.3807,167.6933,0.00000,0.00000,0.00000,10.00000,1286.83906,0.00000,0.78889,0.00000,0.00000,0.12426,2.28089,3.16944,0.86000,0.81429,0.91667,0.00000,0.79537,0.00000,0.00000,0.00000,0.00000,1080.91520,-0.02325,-0.10710,0.25800,-0.02087,0.46067,0.79274,-0.06726,0.63562,-0.03409,-0.03789,0.17284,0.32844,0.35482,2.42601,2.11273,0.91000,0.88028,0.95652,0.77410,0.00000,0.12939,2.90336,1.76518,0.96000,0.94444,1.00000
580,0.5737,57114624,60199,0.01239,8.59e-05,0.3807,156.2782,0.00000,0.00000,0.00000,10.00000,1361.09548,0.00000,0.73684,0.00000,0.00000,0.12583,2.29303,3.47125,0.86316,0.83099,0.75000,0.00000,0.79267,0.00000,0.00000,0.00000,0.00000,1078.96354,-0.02337,-0.10691,0.25746,-0.02072,0.45942,0.78999,-0.06788,0.63314,-0.02894,-0.03758,0.17298,0.32791,0.35468,2.58172,2.16167,0.92632,0.89683,0.92308,0.77340,0.00000,0.12905,2.89031,1.69219,0.98947,0.98182,1.00000
581,0.5742,57212928,59681,0.01600,6.34e-05,0.3808,138.7686,0.00000,0.00000,0.00000,10.00000,1271.71583,0.00000,0.82035,0.00000,0.00000,0.12286,2.27245,3.40389,0.84112,0.78750,1.00000,0.00000,0.79358,0.00000,0.00000,0.00000,0.00000,1072.70304,-0.02358,-0.10638,0.25565,-0.02062,0.45880,0.79092,-0.06775,0.63353,-0.02800,-0.03759,0.17253,0.32531,0.35472,2.48751,2.94476,0.90187,0.86709,1.00000,0.77360,0.00000,0.12825,2.89300,1.68568,0.96262,0.94872,1.00000
582,0.5746,57311232,59738,0.01257,6.42e-05,0.3808,158.0860,0.00000,0.00000,0.00000,10.00000,1324.56855,0.00000,0.82885,0.00000,0.00000,0.12294,2.23646,3.57021,0.91935,0.90426,0.87500,0.00000,0.79353,0.00000,0.00000,0.00000,0.00000,1057.94491,-0.02381,-0.10492,0.25314,-0.02077,0.45901,0.79098,-0.06794,0.62578,-0.02870,-0.03770,0.17029,0.32222,0.35501,2.66710,3.09166,0.95161,0.94054,0.92308,0.77506,0.00000,0.12894,2.87747,1.78319,0.98387,0.97802,1.00000
583,0.5751,57409536,60203,0.01184,9.24e-05,0.3809,164.7551,0.00000,0.00000,0.00000,10.00000,1340.93662,0.00000,0.79276,0.00000,0.00000,0.12659,2.20695,3.22645,0.87640,0.83582,1.00000,0.00000,0.78632,0.00000,0.00000,0.00000,0.00000,1061.49178,-0.02373,-0.10532,0.25333,-0.02097,0.45587,0.78369,-0.06774,0.62008,-0.03140,-0.03762,0.16953,0.32214,0.35361,2.48687,1.99333,0.93258,0.90551,1.00000,0.76803,0.00000,0.12927,2.87607,1.79212,0.98876,0.98333,1.00000
584,0.5756,57507840,59534,0.01452,1.10e-04,0.3809,140.7052,0.00000,0.00000,0.00000,10.00000,1292.68339,0.00000,0.85283,0.00000,0.00000,0.12595,2.22136,3.32375,0.84211,0.80000,1.00000,0.00000,0.78356,0.00000,0.00000,0.00000,0.00000,1095.21891,-0.02372,-0.10860,0.25391,-0.02005,0.45366,0.78097,-0.06783,0.62368,-0.03313,-0.03779,0.16975,0.32297,0.35295,2.55952,3.45750,0.91228,0.88571,1.00000,0.76473,0.00000,0.12841,2.88032,1.85678,0.98246,0.97647,1.00000
585,0.5760,57606144,59491,0.01563,6.99e-05,0.3810,128.5806,0.00000,0.00000,0.00000,10.00000,1269.76858,0.00000,0.78078,0.00000,0.00000,0.12343,2.22818,3.72623,0.91892,0.92727,0.80000,0.00000,0.78627,0.00000,0.00000,0.00000,0.00000,1096.86670,-0.02370,-0.10874,0.25269,-0.02023,0.45455,0.78371,-0.06931,0.62369,-0.03122,-0.03753,0.17019,0.32248,0.35355,2.81680,2.81529,0.94595,0.96154,0.80000,0.76775,0.00000,0.12974,2.88530,1.86034,0.97297,1.00000,0.80000
586,0.5765,57704448,60215,0.01281,8.70e-05,0.3810,151.7165,0.00000,0.00000,0.00000,10.00000,1344.25913,0.00000,0.81149,0.00000,0.00000,0.12404,2.23682,3.06875,0.89888,0.87500,0.85714,0.00000,0.78731,0.00000,0.00000,0.00000,0.00000,1105.72746,-0.02358,-0.10958,0.25480,-0.02032,0.45541,0.78473,-0.06852,0.62843,-0.03305,-0.03758,0.17193,0.32486,0.35375,2.41782,1.98000,0.94944,0.93846,0.93333,0.76873,0.00000,0.12922,2.91093,1.85486,1.00000,1.00000,1.00000
587,0.5769,57802752,60144,0.01335,8.59e-05,0.3811,144.6579,0.00000,0.00000,0.00000,10.00000,1281.24430,0.00000,0.71242,0.00000,0.00000,0.12636,2.26059,4.03172,0.82353,0.77193,0.85714,0.00000,0.79507,0.00000,0.00000,0.00000,0.00000,1091.56836,-0.02338,-0.10816,0.25711,-0.02093,0.46007,0.79242,-0.06820,0.62989,-0.03262,-0.03773,0.17255,0.32772,0.35562,2.88390,3.36800,0.91176,0.88073,0.90909,0.77809,0.00000,0.12972,2.92060,1.77433,1.00000,1.00000,1.00000
588,0.5774,57901056,60126,0.01405,7.70e-05,0.3811,132.9073,0.00000,0.00000,0.00000,10.00000,1361.44918,0.00000,0.79958,0.00000,0.00000,0.12557,2.27639,3.35648,0.88785,0.85000,1.00000,0.00000,0.79732,0.00000,0.00000,0.00000,0.00000,1096.80770,-0.02318,-0.10878,0.25944,-0.02115,0.46178,0.79468,-0.06839,0.63580,-0.03292,-0.03811,0.17384,0.33130,0.35582,2.50172,3.12000,0.94393,0.92208,1.00000,0.77909,0.00000,0.13099,2.94986,1.68026,1.00000,1.00000,1.00000
589,0.5779,57999360,60218,0.01127,1.00e-04,0.3812,139.5433,0.00000,0.00000,0.00000,10.00000,1313.10435,0.00000,0.72421,0.00000,0.00000,0.12502,2.26939,3.36731,0.89286,0.85333,0.94444,0.00000,0.79687,0.00000,0.00000,0.00000,0.00000,1064.22616,-0.02336,-0.10555,0.25763,-0.02105,0.46179,0.79414,-0.06811,0.63464,-0.02687,-0.03790,0.17278,0.32824,0.35550,2.67302,2.61028,0.93750,0.91096,0.97143,0.77750,0.00000,0.12899,2.93179,2.01862,0.98214,0.97183,1.00000
590,0.5783,58097664,59991,0.01367,1.12e-04,0.3812,152.1535,0.00000,0.00000,0.00000,10.00000,1311.36866,0.00000,0.78658,0.00000,0.00000,0.12538,2.27085,3.51361,0.89109,0.87671,0.77778,0.00000,0.79391,0.00000,0.00000,0.00000,0.00000,1074.99609,-0.02345,-0.10656,0.25733,-0.02099,0.45986,0.79115,-0.06834,0.63550,-0.03150,-0.03771,0.17294,0.32745,0.35503,2.72676,3.42461,0.94554,0.93706,0.86667,0.77513,0.00000,0.12749,2.90897,1.98131,1.00000,1.00000,1.00000
591,0.5788,58195968,60565,0.01414,1.10e-04,0.3813,168.9685,0.00000,0.00000,0.00000,10.00000,1355.05028,0.00000,0.75358,0.00000,0.00000,0.12489,2.24525,3.33272,0.87129,0.84286,0.71429,0.00000,0.79396,0.00000,0.00000,0.00000,0.00000,1074.20426,-0.02357,-0.10653,0.25518,-0.02102,0.45909,0.79125,-0.06746,0.62866,-0.03183,-0.03787,0.17074,0.32441,0.35502,2.60503,2.02333,0.93069,0.91241,0.85714,0.77508,0.00000,0.12828,2.89120,1.94712,0.99010,0.98507,1.00000
592,0.5792,58294272,59699,0.01521,9.32e-05,0.3814,150.5120,0.00000,0.00000,0.00000,10.00000,1275.30130,0.00000,0.79630,0.00000,0.00000,0.12470,2.26006,3.97281,0.84444,0.81159,0.83333,0.00000,0.79143,0.00000,0.00000,0.00000,0.00000,1079.64461,-0.02354,-0.10710,0.25502,-0.02085,0.45733,0.78862,-0.06762,0.62828,-0.03067,-0.03804,0.17082,0.32407,0.35417,2.93318,2.60909,0.91667,0.89147,0.91667,0.77084,0.00000,0.12820,2.87988,1.90954,0.98889,0.98333,1.00000
593,0.5797,58392576,57327,0.01222,1.10e-04,0.3815,154.4530,0.00000,0.00000,0.00000,10.00000,1296.76553,0.00000,0.80247,0.00000,0.00000,0.12541,2.28957,3.60968,0.91358,0.88525,1.00000,0.00000,0.79071,0.00000,0.00000,0.00000,0.00000,1099.88143,-0.02321,-0.10908,0.25828,-0.02130,0.45746,0.78783,-0.06727,0.63541,-0.03198,-0.03775,0.17297,0.32854,0.35416,2.73124,3.09833,0.93827,0.93162,0.85714,0.77081,0.00000,0.12837,2.90227,1.80813,0.96296,0.98214,0.66667
594,0.5803,58490880,50388,0.01283,1.34e-04,0.3815,164.9975,0.00000,0.00000,0.00000,10.00000,1236.37850,0.00000,0.86845,0.00000,0.00000,0.12261,2.30820,3.63522,0.87356,0.86111,0.83333,0.00000,0.79437,0.00000,0.00000,0.00000,0.00000,1097.30111,-0.02304,-0.10881,0.25968,-0.02133,0.45970,0.79142,-0.06772,0.64227,-0.03412,-0.03788,0.17435,0.33044,0.35465,2.80832,3.60909,0.91954,0.91912,0.76923,0.77326,0.00000,0.12889,2.92573,2.01686,0.96552,0.98438,0.71429
595,0.5808,58589184,56413,0.01710,7.61e-05,0.3816,148.2732,0.00000,0.00000,0.00000,10.00000,1264.60040,0.00000,0.83608,0.00000,0.00000,0.12396,2.30565,3.47016,0.82178,0.77922,0.75000,0.00000,0.80133,0.00000,0.00000,0.00000,0.00000,1076.10522,-0.02304,-0.10678,0.26011,-0.02146,0.46423,0.79834,-0.06730,0.64111,-0.03039,-0.03795,0.17438,0.33141,0.35602,2.62239,2.17333,0.89109,0.86184,0.90000,0.78008,0.00000,0.12959,2.93973,1.94633,0.96040,0.94667,1.00000
596,0.5813,58687488,54743,0.01126,9.32e-05,0.3816,142.6872,0.00000,0.00000,0.00000,10.00000,1297.28045,0.00000,0.78798,0.00000,0.00000,0.12476,2.32120,3.72323,0.86735,0.85915,0.66667,0.00000,0.80455,0.00000,0.00000,0.00000,0.00000,1087.78825,-0.02290,-0.10785,0.26093,-0.02193,0.46590,0.80149,-0.06772,0.64365,-0.03302,-0.03827,0.17503,0.33276,0.35691,2.78333,2.38400,0.92857,0.92086,0.83333,0.78454,0.00000,0.12906,2.94104,1.94237,0.98980,0.98529,1.00000
597,0.5817,58785792,58830,0.01799,5.35e-05,0.3817,155.6869,0.00000,0.00000,0.00000,10.00000,1326.22334,0.00000,0.75943,0.00000,0.00000,0.12336,2.30085,3.35012,0.89908,0.87500,0.92308,0.00000,0.80278,0.00000,0.00000,0.00000,0.00000,1081.49748,-0.02305,-0.10725,0.25962,-0.02152,0.46520,0.79974,-0.06699,0.64150,-0.03433,-0.03816,0.17393,0.33073,0.35646,2.64765,3.03391,0.94495,0.93289,0.91667,0.78230,0.00000,0.12939,2.93074,1.90962,0.99083,1.00000,0.90909
598,0.5822,58884096,58564,0.01122,7.70e-05,0.3818,155.0042,0.00000,0.00000,0.00000,10.00000,1307.65731,0.00000,0.80906,0.00000,0.00000,0.12490,2.29185,3.46216,0.88350,0.84211,1.00000,0.00000,0.79955,0.00000,0.00000,0.00000,0.00000,1062.32275,-0.02308,-0.10545,0.25953,-0.02156,0.46340,0.79654,-0.06705,0.63940,-0.03058,-0.03815,0.17336,0.33043,0.35538,2.65013,2.79867,0.92718,0.90000,1.00000,0.77689,0.00000,0.12920,2.93240,1.87974,0.97087,0.95946,1.00000
599,0.5827,58982400,58468,0.01156,1.11e-04,0.3819,153.6214,0.00000,0.00000,0.00000,10.00000,1303.90139,0.00000,0.78231,0.00000,0.00000,0.12601,2.28548,3.56029,0.86735,0.82432,1.00000,0.00000,0.79853,0.00000,0.00000,0.00000,0.00000,1071.05208,-0.02326,-0.10629,0.25749,-0.02113,0.46160,0.79561,-0.06705,0.63595,-0.03116,-0.03796,0.17271,0.32788,0.35481,2.62386,2.83625,0.92857,0.89855,1.00000,0.77406,0.00000,0.12749,2.90576,1.71380,0.98980,0.98438,1.00000
600,0.5832,59080704,56604,0.01500,8.35e-05,0.3819,141.6824,0.00000,0.00000,0.00000,10.00000,1292.53314,0.00000,0.80808,0.00000,0.00000,0.12526,2.28380,3.61233,0.88889,0.84932,1.00000,0.00000,0.79575,0.00000,0.00000,0.00000,0.00000,1067.55078,-0.02341,-0.10594,0.25694,-0.02099,0.45964,0.79286,-0.06737,0.63406,-0.03363,-0.03796,0.17221,0.32708,0.35449,2.68147,2.71529,0.93939,0.91667,1.00000,0.77246,0.00000,0.12809,2.89074,1.79896,0.98990,0.98592,1.00000
601,0.5837,59179008,55499,0.01393,9.12e-05,0.3820,171.7181,0.00000,0.00000,0.00000,10.00000,1246.48446,0.00000,0.87384,0.00000,0.00000,0.12607,2.27965,3.38513,0.87500,0.86420,0.83333,0.00000,0.79326,0.00000,0.00000,0.00000,0.00000,1076.18473,-0.02356,-0.10681,0.25621,-0.02098,0.45839,0.79041,-0.06773,0.62988,-0.03280,-0.03779,0.17140,0.32635,0.35446,2.65169,2.40308,0.92708,0.91391,0.92857,0.77229,0.00000,0.12911,2.88050,1.89895,0.97917,0.97143,1.00000
602,0.5842,59277312,56897,0.01417,1.15e-04,0.3821,167.2577,0.00000,0.00000,0.00000,10.00000,1312.61144,0.00000,0.78616,0.00000,0.00000,0.12735,2.27387,3.46405,0.87736,0.85185,0.90909,0.00000,0.79394,0.00000,0.00000,0.00000,0.00000,1073.87646,-0.02366,-0.10657,0.25478,-0.02148,0.45869,0.79117,-0.06762,0.62462,-0.03241,-0.03801,0.17025,0.32439,0.35477,2.63497,2.55882,0.93396,0.92000,0.89474,0.77387,0.00000,0.12876,2.85709,1.77316,0.99057,1.00000,0.87500
603,0.5846,59375616,57260,0.01344,7.61e-05,0.3821,182.1905,0.00000,0.00000,0.00000,10.00000,1311.64481,0.00000,0.77865,0.00000,0.00000,0.12905,2.25152,3.70215,0.88189,0.86458,0.90000,0.00000,0.79386,0.00000,0.00000,0.00000,0.00000,1095.48592,-0.02371,-0.10865,0.25286,-0.02143,0.45917,0.79110,-0.06731,0.61663,-0.03468,-0.03842,0.16936,0.32334,0.35472,2.79384,2.88737,0.92913,0.91011,0.95000,0.77358,0.00000,0.13077,2.82861,1.84472,0.97638,0.96341,1.00000
604,0.5851,59473920,58439,0.01203,1.10e-04,0.3822,137.9119,0.00000,0.00000,0.00000,10.00000,1244.47356,0.00000,0.85917,0.00000,0.00000,0.12777,2.25462,3.26333,0.81395,0.77465,1.00000,0.00000,0.79074,0.00000,0.00000,0.00000,0.00000,1095.85693,-0.02368,-0.10863,0.25275,-0.02100,0.45751,0.78793,-0.06759,0.61706,-0.03321,-0.03806,0.16826,0.32285,0.35437,2.57696,2.82000,0.89535,0.86466,1.00000,0.77184,0.00000,0.13085,2.82902,1.94338,0.97674,0.96774,1.00000
605,0.5856,59572224,58957,0.01276,1.24e-04,0.3823,152.5016,0.00000,0.00000,0.00000,10.00000,1328.29041,0.00000,0.83333,0.00000,0.00000,0.12583,2.26907,3.28225,0.88462,0.85714,0.75000,0.00000,0.78805,0.00000,0.00000,0.00000,0.00000,1083.93424,-0.02360,-0.10738,0.25414,-0.02214,0.45617,0.78532,-0.06750,0.62256,-0.03049,-0.03818,0.16950,0.32418,0.35360,2.55059,2.36333,0.93750,0.92308,0.85714,0.76799,0.00000,0.13114,2.84625,1.91707,0.99038,0.98734,1.00000
606,0.5861,59670528,57942,0.01532,1.16e-04,0.3824,138.8622,0.00000,0.00000,0.00000,10.00000,1275.07943,0.00000,0.76211,0.00000,0.00000,0.12582,2.27492,3.41054,0.85897,0.83636,0.81818,0.00000,0.78822,0.00000,0.00000,0.00000,0.00000,1082.77083,-0.02354,-0.10728,0.25607,-0.02122,0.45637,0.78554,-0.06816,0.62866,-0.03226,-0.03775,0.17105,0.32648,0.35373,2.54724,2.30000,0.92308,0.90654,0.90476,0.76865,0.00000,0.13015,2.87612,1.76885,0.98718,0.98077,1.00000
607,0.5865,59768832,57837,0.01276,1.33e-04,0.3824,160.8233,0.00000,0.00000,0.00000,10.00000,1314.66909,0.00000,0.79208,0.00000,0.00000,0.12414,2.28699,3.52636,0.86139,0.83099,0.75000,0.00000,0.79017,0.00000,0.00000,0.00000,0.00000,1090.49325,-0.02339,-0.10809,0.25689,-0.02088,0.45785,0.78752,-0.06801,0.63302,-0.03194,-0.03794,0.17184,0.32786,0.35424,2.60470,2.45059,0.93069,0.91667,0.88889,0.77121,0.00000,0.13033,2.89342,1.87181,1.00000,1.00000,1.00000
608,0.5872,59867136,41840,0.01517,1.09e-04,0.3825,150.1192,0.00000,0.00000,0.00000,10.00000,1297.36598,0.00000,0.74735,0.00000,0.00000,0.12638,2.29674,3.30912,0.84524,0.83051,0.70000,0.00000,0.79623,0.00000,0.00000,0.00000,0.00000,1076.24740,-0.02333,-0.10673,0.25942,-0.02155,0.46070,0.79362,-0.06846,0.63639,-0.03029,-0.03793,0.17334,0.33084,0.35510,2.50487,2.75143,0.90476,0.88496,0.82353,0.77550,0.00000,0.12984,2.92525,1.71448,0.96429,0.94444,1.00000
609,0.5881,59965440,30512,0.01467,8.39e-05,0.3825,142.3589,0.00000,0.00000,0.00000,10.00000,1264.38167,0.00000,0.84682,0.00000,0.00000,0.12699,2.30429,3.83764,0.87379,0.87059,0.80000,0.00000,0.79819,0.00000,0.00000,0.00000,0.00000,1088.77108,-0.02318,-0.10801,0.26033,-0.02174,0.46234,0.79557,-0.06801,0.63853,-0.03203,-0.03814,0.17350,0.33133,0.35605,2.82687,2.53600,0.93204,0.92357,0.88235,0.78026,0.00000,0.12866,2.92266,1.72538,0.99029,0.98611,1.00000
610,0.5889,60063744,36883,0.01100,1.21e-04,0.3826,139.0663,0.00000,0.00000,0.00000,10.00000,1313.20893,0.00000,0.77778,0.00000,0.00000,0.12553,2.29636,3.42278,0.90476,0.88312,0.90000,0.00000,0.80000,0.00000,0.00000,0.00000,0.00000,1084.57007,-0.02329,-0.10748,0.25876,-0.02136,0.46354,0.79735,-0.06754,0.63443,-0.03275,-0.03848,0.17319,0.32909,0.35619,2.70782,2.78182,0.93810,0.91837,0.95652,0.78095,0.00000,0.12951,2.90373,2.01902,0.97143,0.95714,1.00000
611,0.5896,60162048,38233,0.01370,1.33e-04,0.3826,146.1503,0.00000,0.00000,0.00000,10.00000,1340.65749,0.00000,0.78663,0.00000,0.00000,0.12430,2.29048,3.41060,0.92035,0.90244,0.88889,0.00000,0.79745,0.00000,0.00000,0.00000,0.00000,1072.81038,-0.02331,-0.10628,0.25841,-0.02154,0.46241,0.79475,-0.06833,0.63504,-0.03352,-0.03829,0.17268,0.32862,0.35564,2.66739,3.14800,0.94690,0.93125,0.93750,0.77822,0.00000,0.12966,2.89582,1.91512,0.97345,0.96154,1.00000
612,0.5901,60260352,57171,0.01594,1.10e-04,0.3826,169.4928,0.00000,0.00000,0.00000,10.00000,1259.30766,0.00000,0.84541,0.00000,0.00000,0.12674,2.26383,3.74388,0.90217,0.88235,0.85714,0.00000,0.79789,0.00000,0.00000,0.00000,0.00000,1088.49219,-0.02354,-0.10798,0.25655,-0.02172,0.46102,0.79510,-0.06753,0.62781,-0.03342,-0.03818,0.17126,0.32662,0.35489,2.84764,2.87231,0.94022,0.92857,0.92857,0.77447,0.00000,0.12979,2.88751,2.06779,0.97826,0.97222,1.00000
613,0.5905,60358656,57274,0.01458,1.16e-04,0.3827,137.3626,0.00000,0.00000,0.00000,10.00000,1265.03498,0.00000,0.85859,0.00000,0.00000,0.12540,2.28887,3.07831,0.86364,0.84722,0.87500,0.00000,0.79620,0.00000,0.00000,0.00000,0.00000,1095.11214,-0.02329,-0.10853,0.25825,-0.02228,0.45988,0.79353,-0.06808,0.63389,-0.03325,-0.03817,0.17222,0.32877,0.35483,2.50072,2.62461,0.92045,0.91176,0.85714,0.77414,0.00000,0.12977,2.90177,1.89765,0.97727,0.98438,0.83333
614,0.5910,60456960,56984,0.01478,1.04e-04,0.3827,137.3298,0.00000,0.00000,0.00000,10.00000,1323.88985,0.00000,0.81619,0.00000,0.00000,0.12393,2.30475,3.50688,0.90123,0.88710,0.75000,0.00000,0.79675,0.00000,0.00000,0.00000,0.00000,1094.66813,-0.02306,-0.10861,0.26029,-0.02115,0.46097,0.79396,-0.06800,0.64204,-0.03630,-0.03811,0.17384,0.33120,0.35497,2.68773,2.75666,0.94444,0.93277,0.83333,0.77483,0.00000,0.12878,2.93382,1.82621,0.98765,0.98246,1.00000
615,0.5915,60555264,57376,0.01346,9.96e-05,0.3827,129.4372,0.00000,0.00000,0.00000,10.00000,1310.22254,0.00000,0.76747,0.00000,0.00000,0.12568,2.33269,3.26273,0.85567,0.81159,0.87500,0.00000,0.80163,0.00000,0.00000,0.00000,0.00000,1084.69344,-0.02285,-0.10762,0.26399,-0.02197,0.46477,0.79888,-0.06816,0.64667,-0.03169,-0.03835,0.17597,0.33556,0.35633,2.46594,2.16400,0.91237,0.88806,0.87500,0.78163,0.00000,0.12954,2.96716,1.73555,0.96907,0.96923,0.87500
616,0.5920,60653568,55815,0.01436,6.34e-05,0.3828,145.8686,0.00000,0.00000,0.00000,10.00000,1273.09887,0.00000,0.90800,0.00000,0.00000,0.12456,2.33379,3.51816,0.90323,0.88608,1.00000,0.00000,0.80623,0.00000,0.00000,0.00000,0.00000,1071.03548,-0.02295,-0.10613,0.26333,-0.02156,0.46822,0.80349,-0.06778,0.64683,-0.03052,-0.03819,0.17585,0.33462,0.35770,2.65881,2.90250,0.94624,0.93421,1.00000,0.78850,0.00000,0.12940,2.95738,1.78800,0.98925,0.98630,1.00000
617,0.5925,60751872,57478,0.00866,9.13e-05,0.3828,164.6821,0.00000,0.00000,0.00000,10.00000,1283.63884,0.00000,0.78307,0.00000,0.00000,0.12360,2.34376,3.76861,0.88571,0.85714,0.85714,0.00000,0.80631,0.00000,0.00000,0.00000,0.00000,1070.09432,-0.02290,-0.10613,0.26448,-0.02235,0.46702,0.80363,-0.06754,0.65087,-0.03333,-0.03849,0.17605,0.33607,0.35718,2.75560,2.56286,0.93333,0.91892,0.87500,0.78588,0.00000,0.12928,2.95777,1.82051,0.98095,0.98592,0.88889
618,0.5930,60850176,56558,0.01176,1.31e-04,0.3829,170.4005,0.00000,0.00000,0.00000,10.00000,1360.54984,0.00000,0.76667,0.00000,0.00000,0.12466,2.35111,3.08485,0.92000,0.90000,0.87500,0.00000,0.80483,0.00000,0.00000,0.00000,0.00000,1081.31795,-0.02296,-0.10725,0.26353,-0.02278,0.46631,0.80221,-0.06788,0.64771,-0.03179,-0.03845,0.17563,0.33515,0.35651,2.41296,2.31625,0.95000,0.93478,0.94118,0.78253,0.00000,0.12921,2.92993,1.78587,0.98000,0.97059,1.00000
619,0.5937,60948480,41160,0.01379,1.50e-04,0.3830,147.5574,0.00000,0.00000,0.00000,10.00000,1297.52358,0.00000,0.83829,0.00000,0.00000,0.12398,2.34637,3.40271,0.86607,0.83908,0.85714,0.00000,0.80406,0.00000,0.00000,0.00000,0.00000,1079.15731,-0.02310,-0.10703,0.26147,-0.02137,0.46541,0.80147,-0.06749,0.64548,-0.02739,-0.03849,0.17485,0.33282,0.35673,2.56190,1.89454,0.92857,0.91124,0.91667,0.78367,0.00000,0.12851,2.92678,1.77908,0.99107,0.98780,1.00000
620,0.5943,61046784,42135,0.01330,1.93e-04,0.3831,154.8501,0.00000,0.00000,0.00000,10.00000,1226.92052,0.00000,0.82729,0.00000,0.00000,0.12304,2.33883,3.75761,0.83696,0.81159,0.81818,0.00000,0.80160,0.00000,0.00000,0.00000,0.00000,1068.71753,-0.02284,-0.10602,0.26252,-0.02269,0.46488,0.79901,-0.06800,0.64862,-0.03110,-0.03836,0.17543,0.33434,0.35654,2.75314,3.36316,0.91304,0.90511,0.85000,0.78269,0.00000,0.12908,2.94107,1.86763,0.98913,1.00000,0.88889
621,0.5948,61145088,57365,0.02115,6.96e-05,0.3832,151.7008,0.00000,0.00000,0.00000,10.00000,1313.66368,0.00000,0.77558,0.00000,0.00000,0.12150,2.34621,3.25621,0.89109,0.86486,0.90909,0.00000,0.80165,0.00000,0.00000,0.00000,0.00000,1065.87500,-0.02296,-0.10575,0.26245,-0.02168,0.46475,0.79905,-0.06785,0.65144,-0.03081,-0.03830,0.17554,0.33417,0.35632,2.53986,2.51778,0.94059,0.92908,0.90000,0.78161,0.00000,0.12848,2.93856,1.83307,0.99010,1.00000,0.88889
622,0.5953,61243392,55732,0.01221,9.13e-05,0.3833,157.6284,0.00000,0.00000,0.00000,10.00000,1327.41304,0.00000,0.79686,0.00000,0.00000,0.12241,2.33467,3.36594,0.89899,0.88060,0.71429,0.00000,0.80257,0.00000,0.00000,0.00000,0.00000,1066.96810,-0.02304,-0.10576,0.26118,-0.02188,0.46408,0.80006,-0.06801,0.64623,-0.02909,-0.03833,0.17508,0.33234,0.35612,2.49468,2.31333,0.92929,0.91549,0.85714,0.78058,0.00000,0.12858,2.92799,1.78886,0.95960,0.94667,1.00000
623,0.5958,61341696,56068,0.01418,1.03e-04,0.3834,165.7326,0.00000,0.00000,0.00000,10.00000,1337.07517,0.00000,0.80581,0.00000,0.00000,0.12284,2.31186,3.39123,0.92793,0.93023,0.77778,0.00000,0.80236,0.00000,0.00000,0.00000,0.00000,1075.86060,-0.02309,-0.10667,0.26037,-0.02156,0.46364,0.79991,-0.06766,0.64291,-0.03222,-0.03842,0.17391,0.33169,0.35603,2.63070,2.55466,0.95495,0.95031,0.88235,0.78015,0.00000,0.12937,2.92432,1.79506,0.98198,0.97333,1.00000
624,0.5963,61440000,55791,0.01524,1.01e-04,0.3834,152.4794,0.00000,0.00000,0.00000,10.00000,1286.78529,0.00000,0.83812,0.00000,0.00000,0.12427,2.26099,3.56659,0.90517,0.88764,0.87500,0.00000,0.79840,0.00000,0.00000,0.00000,0.00000,1073.75846,-0.02364,-0.10643,0.25559,-0.02096,0.46101,0.79597,-0.06848,0.62971,-0.03137,-0.03840,0.17108,0.32577,0.35507,2.70681,2.31000,0.93966,0.92571,0.93333,0.77533,0.00000,0.12931,2.88818,1.87538,0.97414,0.96512,1.00000
625,0.5968,61538304,56749,0.01344,1.20e-04,0.3835,172.3936,0.00000,0.00000,0.00000,10.00000,1243.39308,0.00000,0.85518,0.00000,0.00000,0.12301,2.25096,3.41460,0.84270,0.81690,0.83333,0.00000,0.79357,0.00000,0.00000,0.00000,0.00000,1095.19954,-0.02377,-0.10848,0.25427,-0.02047,0.45851,0.79112,-0.06937,0.62966,-0.03278,-0.03809,0.17058,0.32462,0.35459,2.61729,2.51111,0.92135,0.90511,0.90000,0.77296,0.00000,0.12911,2.88697,1.89971,1.00000,1.00000,1.00000
626,0.5972,61636608,57388,0.01525,1.00e-04,0.3836,170.9786,0.00000,0.00000,0.00000,10.00000,1275.16607,0.00000,0.85259,0.00000,0.00000,0.12534,2.25142,3.36222,0.81188,0.78049,0.83333,0.00000,0.79587,0.00000,0.00000,0.00000,0.00000,1092.40999,-0.02367,-0.10828,0.25495,-0.02157,0.45875,0.79341,-0.06918,0.62869,-0.03328,-0.03844,0.17015,0.32598,0.35458,2.54753,2.87500,0.89604,0.87097,0.88889,0.77291,0.00000,0.12923,2.89687,1.75486,0.98020,0.97260,1.00000
627,0.5977,61734912,57257,0.01342,1.12e-04,0.3836,168.1189,0.00000,0.00000,0.00000,10.00000,1333.49010,0.00000,0.66667,0.00000,0.00000,0.12615,2.28461,3.33215,0.88000,0.84783,0.81818,0.00000,0.79547,0.00000,0.00000,0.00000,0.00000,1080.74089,-0.02325,-0.10725,0.25868,-0.02221,0.45888,0.79295,-0.06903,0.63495,-0.03097,-0.03815,0.17232,0.33101,0.35430,2.62188,2.16095,0.93333,0.91111,0.91304,0.77150,0.00000,0.13072,2.92868,1.96327,0.98667,0.97727,1.00000
628,0.5982,61833216,57126,0.01285,1.20e-04,0.3837,171.6865,0.00000,0.00000,0.00000,10.00000,1284.71250,0.00000,0.78307,0.00000,0.00000,0.12232,2.28938,3.79158,0.87619,0.85333,0.83333,0.00000,0.79561,0.00000,0.00000,0.00000,0.00000,1090.13721,-0.02333,-0.10811,0.25848,-0.02096,0.45914,0.79304,-0.06880,0.64027,-0.03324,-0.03815,0.17323,0.32981,0.35432,2.78987,3.38800,0.93333,0.91892,0.90909,0.77158,0.00000,0.12969,2.92712,1.86146,0.99048,0.98630,1.00000
629,0.5990,61931520,33934,0.01360,1.44e-04,0.3838,170.4655,0.00000,0.00000,0.00000,10.00000,1317.95570,0.00000,0.78144,0.00000,0.00000,0.12264,2.28857,3.37576,0.85714,0.82353,0.88889,0.00000,0.80024,0.00000,0.00000,0.00000,0.00000,1095.63110,-0.02346,-0.10860,0.25748,-0.02111,0.46007,0.79769,-0.06932,0.63933,-0.03360,-0.03819,0.17264,0.32888,0.35517,2.59293,2.33875,0.91758,0.89062,0.94118,0.77586,0.00000,0.12890,2.92039,1.82179,0.97802,0.96667,1.00000
630,0.5995,62029824,55578,0.01406,1.58e-04,0.3838,156.4453,0.00000,0.00000,0.00000,10.00000,1244.99781,0.00000,0.88333,0.00000,0.00000,0.12442,2.30171,3.60735,0.83000,0.80519,0.71429,0.00000,0.80342,0.00000,0.00000,0.00000,0.00000,1103.16870,-0.02328,-0.10936,0.25900,-0.02157,0.46257,0.80081,-0.06850,0.63943,-0.03115,-0.03861,0.17300,0.33050,0.35612,2.60588,2.41200,0.89500,0.88050,0.83333,0.78058,0.00000,0.12923,2.92464,1.80470,0.96000,0.95122,1.00000
631,0.6000,62128128,57559,0.01495,1.16e-04,0.3839,189.0880,0.00000,0.00000,0.00000,10.00000,1343.16368,0.00000,0.76052,0.00000,0.00000,0.12629,2.27648,3.25366,0.93204,0.90541,1.00000,0.00000,0.80428,0.00000,0.00000,0.00000,0.00000,1089.30794,-0.02323,-0.10802,0.25849,-0.02222,0.46502,0.80173,-0.06836,0.63536,-0.03434,-0.03869,0.17260,0.33049,0.35663,2.57056,2.67200,0.95631,0.93617,1.00000,0.78317,0.00000,0.13004,2.92478,1.84312,0.98058,0.97015,1.00000
632,0.6005,62226432,57243,0.01339,1.31e-04,0.3839,170.2990,0.00000,0.00000,0.00000,10.00000,1270.07934,0.00000,0.79502,0.00000,0.00000,0.12507,2.27587,3.20175,0.82759,0.80460,0.72727,0.00000,0.80334,0.00000,0.00000,0.00000,0.00000,1100.01156,-0.02330,-0.10895,0.25796,-0.02173,0.46354,0.80080,-0.06813,0.63657,-0.03614,-0.03861,0.17233,0.32975,0.35603,2.46296,1.84400,0.89655,0.87349,0.86957,0.78017,0.00000,0.12963,2.92032,1.79888,0.96552,0.94937,1.00000
633,0.6010,62324736,56777,0.01404,1.10e-04,0.3840,149.2856,0.00000,0.00000,0.00000,10.00000,1318.12792,0.00000,0.87302,0.00000,0.00000,0.12606,2.28419,3.28235,0.89011,0.86486,1.00000,0.00000,0.80364,0.00000,0.00000,0.00000,0.00000,1104.55949,-0.02342,-0.10950,0.25781,-0.02188,0.46257,0.80108,-0.06799,0.63474,-0.03329,-0.03853,0.17213,0.32924,0.35588,2.58323,2.14000,0.93407,0.91608,1.00000,0.77939,0.00000,0.12951,2.90960,1.88412,0.97802,0.97101,1.00000
634,0.6015,62423040,56473,0.01293,1.33e-04,0.3841,148.4679,0.00000,0.00000,0.00000,10.00000,1293.40512,0.00000,0.77644,0.00000,0.00000,0.12598,2.31420,3.68393,0.89157,0.88333,0.77778,0.00000,0.80095,0.00000,0.00000,0.00000,0.00000,1087.26367,-0.02313,-0.10780,0.25969,-0.02175,0.46076,0.79830,-0.06766,0.63962,-0.03103,-0.03834,0.17334,0.33153,0.35518,2.79600,2.41750,0.93976,0.93103,0.88889,0.77590,0.00000,0.12925,2.92131,1.94969,0.98795,0.98214,1.00000
635,0.6020,62521344,56926,0.01493,1.11e-04,0.3841,155.0910,0.00000,0.00000,0.00000,10.00000,1242.34996,0.00000,0.88319,0.00000,0.00000,0.12533,2.33614,3.51571,0.83333,0.80645,0.75000,0.00000,0.79923,0.00000,0.00000,0.00000,0.00000,1093.58895,-0.02282,-0.10841,0.26307,-0.02225,0.46234,0.79658,-0.06642,0.64882,-0.03288,-0.03817,0.17501,0.33571,0.35525,2.64958,2.83500,0.89744,0.87903,0.87500,0.77624,0.00000,0.12915,2.94249,1.87968,0.96154,0.95161,1.00000
636,0.6024,62619648,56012,0.01384,1.20e-04,0.3842,125.5738,0.00000,0.00000,0.00000,10.00000,1268.61683,0.00000,0.78491,0.00000,0.00000,0.12116,2.36196,3.72778,0.85321,0.81013,0.87500,0.00000,0.80410,0.00000,0.00000,0.00000,0.00000,1094.09212,-0.02286,-0.10853,0.26439,-0.02169,0.46504,0.80139,-0.06675,0.65671,-0.03120,-0.03845,0.17609,0.33657,0.35599,2.79311,2.70125,0.91284,0.88961,0.88889,0.77996,0.00000,0.12890,2.95880,1.97244,0.97248,0.97333,0.90000
637,0.6029,62717952,56961,0.01747,7.70e-05,0.3842,138.0515,0.00000,0.00000,0.00000,10.00000,1367.76479,0.00000,0.83995,0.00000,0.00000,0.12191,2.33994,3.25000,0.91667,0.90625,0.80000,0.00000,0.80540,0.00000,0.00000,0.00000,0.00000,1102.02026,-0.02299,-0.10922,0.26202,-0.02185,0.46541,0.80260,-0.06740,0.64989,-0.03272,-0.03853,0.17497,0.33366,0.35667,2.43969,2.24000,0.95833,0.95276,0.88889,0.78334,0.00000,0.12885,2.93403,1.66567,1.00000,1.00000,1.00000
638,0.6036,62816256,42219,0.01308,9.13e-05,0.3843,154.8056,0.00000,0.00000,0.00000,10.00000,1372.95881,0.00000,0.69697,0.00000,0.00000,0.12230,2.34019,3.46701,0.94545,0.91549,1.00000,0.00000,0.80500,0.00000,0.00000,0.00000,0.00000,1090.88965,-0.02283,-0.10819,0.26296,-0.02229,0.46574,0.80224,-0.06711,0.65027,-0.03080,-0.03870,0.17510,0.33489,0.35677,2.68389,2.89565,0.96818,0.94928,1.00000,0.78386,0.00000,0.12963,2.94899,1.90078,0.99091,0.98507,1.00000
639,0.6045,62914560,30833,0.01153,1.31e-04,0.3843,170.6185,0.00000,0.00000,0.00000,10.00000,1288.64629,0.00000,0.78976,0.00000,0.00000,0.12171,2.31524,3.58156,0.84314,0.80519,0.90000,0.00000,0.80455,0.00000,0.00000,0.00000,0.00000,1088.46240,-0.02310,-0.10798,0.26111,-0.02120,0.46509,0.80182,-0.06702,0.64592,-0.02960,-0.03846,0.17388,0.33251,0.35645,2.67947,2.79467,0.91667,0.88966,0.93750,0.78226,0.00000,0.12976,2.94096,1.74081,0.99020,0.98529,1.00000
640,0.6053,63012864,33608,0.01529,1.00e-04,0.3844,166.2648,0.00000,0.00000,0.00000,10.00000,1360.35284,0.00000,0.77778,0.00000,0.00000,0.12318,2.29943,3.17226,0.89091,0.86076,0.83333,0.00000,0.80257,0.00000,0.00000,0.00000,0.00000,1083.79940,-0.02324,-0.10744,0.25985,-0.02145,0.46316,0.79978,-0.06728,0.63941,-0.03449,-0.03860,0.17300,0.33076,0.35590,2.46680,2.93250,0.94545,0.92857,0.88889,0.77948,0.00000,0.13029,2.91609,1.78846,1.00000,1.00000,1.00000
641,0.6058,63111168,58230,0.01423,1.09e-04,0.3845,142.2984,0.00000,0.00000,0.00000,10.00000,1345.50438,0.00000,0.71429,0.00000,0.00000,0.12204,2.28495,3.33884,0.87912,0.86154,0.81818,0.00000,0.79938,0.00000,0.00000,0.00000,0.00000,1094.00537,-0.02327,-0.10845,0.25858,-0.02163,0.46136,0.79665,-0.06764,0.63783,-0.03322,-0.03837,0.17189,0.32924,0.35569,2.57576,2.76381,0.93407,0.92308,0.86364,0.77846,0.00000,0.13032,2.91367,1.74000,0.98901,1.00000,0.90909
642,0.6064,63209472,44051,0.01352,1.03e-04,0.3846,153.3377,0.00000,0.00000,0.00000,10.00000,1274.83465,0.00000,0.75029,0.00000,0.00000,0.12253,2.29763,3.50064,0.80412,0.76812,0.70000,0.00000,0.79876,0.00000,0.00000,0.00000,0.00000,1092.70435,-0.02336,-0.10831,0.25824,-0.02137,0.46039,0.79600,-0.06741,0.63680,-0.03114,-0.03853,0.17206,0.32872,0.35563,2.55318,2.58500,0.89175,0.86260,0.84211,0.77816,0.00000,0.13009,2.90507,1.71400,0.97938,0.96774,1.00000
643,0.6070,63307776,50733,0.01427,1.25e-04,0.3847,160.5639,0.00000,0.00000,0.00000,10.00000,1280.05223,0.00000,0.82819,0.00000,0.00000,0.12215,2.30956,3.48720,0.86111,0.82716,0.85714,0.00000,0.79946,0.00000,0.00000,0.00000,0.00000,1105.46305,-0.02324,-0.10957,0.25965,-0.02219,0.46138,0.79661,-0.06787,0.63860,-0.03098,-0.03868,0.17248,0.33030,0.35545,2.56087,2.36428,0.91667,0.89441,0.93333,0.77726,0.00000,0.13099,2.90162,1.75302,0.97222,0.96250,1.00000
644,0.6074,63406080,59643,0.01457,9.13e-05,0.3848,183.2385,0.00000,0.00000,0.00000,10.00000,1330.97464,0.00000,0.79435,0.00000,0.00000,0.12392,2.29094,3.04913,0.86842,0.85714,0.70000,0.00000,0.80132,0.00000,0.00000,0.00000,0.00000,1126.00317,-0.02351,-0.11147,0.25726,-0.02144,0.46143,0.79845,-0.06776,0.63016,-0.03456,-0.03902,0.17045,0.32707,0.35570,2.44587,1.79428,0.92982,0.92025,0.82353,0.77851,0.00000,0.13088,2.86179,1.87767,0.99123,0.98734,1.00000
645,0.6079,63504384,59250,0.01268,1.21e-04,0.3848,198.5623,0.00000,0.00000,0.00000,10.00000,1309.81535,0.00000,0.77457,0.00000,0.00000,0.12512,2.27459,3.57158,0.88462,0.83562,1.00000,0.00000,0.80157,0.00000,0.00000,0.00000,0.00000,1124.64176,-0.02370,-0.11143,0.25389,-0.02132,0.46111,0.79875,-0.06748,0.62004,-0.03428,-0.03906,0.16777,0.32342,0.35570,2.74614,2.98875,0.93269,0.91034,0.94118,0.77849,0.00000,0.13177,2.82050,1.93143,0.98077,0.98611,0.85714
646,0.6083,63602688,59616,0.01423,1.44e-04,0.3849,168.1534,0.00000,0.00000,0.00000,10.00000,1310.04370,0.00000,0.86081,0.00000,0.00000,0.12315,2.27193,3.18853,0.91209,0.88889,1.00000,0.00000,0.79641,0.00000,0.00000,0.00000,0.00000,1133.15617,-0.02365,-0.11216,0.25466,-0.02199,0.45801,0.79352,-0.06810,0.62318,-0.03571,-0.03877,0.16808,0.32434,0.35509,2.52340,2.29143,0.95604,0.94326,1.00000,0.77545,0.00000,0.13228,2.84083,1.90383,1.00000,1.00000,1.00000
647,0.6088,63700992,59127,0.01812,9.24e-05,0.3850,156.9421,0.00000,0.00000,0.00000,10.00000,1387.80485,0.00000,0.79787,0.00000,0.00000,0.12227,2.25237,3.31565,0.92553,0.90141,1.00000,0.00000,0.79303,0.00000,0.00000,0.00000,0.00000,1131.08382,-0.02358,-0.11205,0.25474,-0.02173,0.45684,0.79019,-0.06775,0.62307,-0.03193,-0.03873,0.16819,0.32390,0.35443,2.58529,2.56857,0.96277,0.94815,1.00000,0.77214,0.00000,0.13229,2.86040,1.83313,1.00000,1.00000,1.00000
648,0.6093,63799296,59591,0.01256,1.10e-04,0.3850,155.8555,0.00000,0.00000,0.00000,10.00000,1337.33723,0.00000,0.73260,0.00000,0.00000,0.12262,2.26771,3.28730,0.89011,0.84127,1.00000,0.00000,0.79461,0.00000,0.00000,0.00000,0.00000,1118.02946,-0.02349,-0.11090,0.25735,-0.02172,0.45702,0.79157,-0.06810,0.63169,-0.03325,-0.03867,0.17004,0.32728,0.35421,2.49401,2.42778,0.93407,0.90000,1.00000,0.77103,0.00000,0.13112,2.90529,1.71312,0.97802,0.96491,1.00000
649,0.6098,63897600,57116,0.01516,1.03e-04,0.3851,149.1587,0.00000,0.00000,0.00000,10.00000,1300.87874,0.00000,0.77546,0.00000,0.00000,0.12480,2.27562,3.15382,0.87500,0.83582,0.91667,0.00000,0.79716,0.00000,0.00000,0.00000,0.00000,1101.80273,-0.02335,-0.10934,0.25960,-0.02267,0.45962,0.79410,-0.06796,0.63517,-0.03159,-0.03869,0.17157,0.33005,0.35472,2.54370,2.51652,0.93229,0.91045,0.95833,0.77358,0.00000,0.13060,2.92973,2.01179,0.98958,0.98507,1.00000
650,0.6103,63995904,57079,0.01432,8.59e-05,0.3852,168.3514,0.00000,0.00000,0.00000,10.00000,1270.71743,0.00000,0.83645,0.00000,0.00000,0.12560,2.29252,3.38845,0.84270,0.81081,1.00000,0.00000,0.80019,0.00000,0.00000,0.00000,0.00000,1127.79712,-0.02343,-0.11178,0.26030,-0.02149,0.46164,0.79710,-0.06769,0.63839,-0.03347,-0.03876,0.17280,0.33121,0.35569,2.66288,2.40143,0.92135,0.89552,1.00000,0.77843,0.00000,0.12922,2.93254,1.90529,1.00000,1.00000,1.00000
651,0.6107,64094208,58555,0.01136,1.24e-04,0.3852,156.1623,0.00000,0.00000,0.00000,10.00000,1308.81732,0.00000,0.80997,0.00000,0.00000,0.12763,2.29620,3.38075,0.86916,0.84337,0.90000,0.00000,0.80769,0.00000,0.00000,0.00000,0.00000,1119.44344,-0.02331,-0.11101,0.26017,-0.02275,0.46532,0.80464,-0.06868,0.63510,-0.03323,-0.03905,0.17262,0.33183,0.35722,2.60709,2.91125,0.92991,0.91026,0.93750,0.78609,0.00000,0.13019,2.93057,1.81359,0.99065,0.98630,1.00000
652,0.6112,64192512,59355,0.01671,8.35e-05,0.3853,150.0048,0.00000,0.00000,0.00000,10.00000,1278.06518,0.00000,0.75758,0.00000,0.00000,0.12733,2.29502,4.04266,0.88889,0.87500,0.83333,0.00000,0.80842,0.00000,0.00000,0.00000,0.00000,1094.26562,-0.02306,-0.10858,0.26136,-0.02268,0.46667,0.80542,-0.06727,0.63749,-0.03513,-0.03883,0.17291,0.33348,0.35727,3.01635,3.59636,0.93939,0.93333,0.86957,0.78633,0.00000,0.13088,2.93756,1.96192,0.98990,1.00000,0.90909
653,0.6117,64290816,58247,0.01441,1.03e-04,0.3853,148.0800,0.00000,0.00000,0.00000,10.00000,1280.75666,0.00000,0.81159,0.00000,0.00000,0.12471,2.29922,3.21908,0.86957,0.86047,0.83333,0.00000,0.80408,0.00000,0.00000,0.00000,0.00000,1078.60173,-0.02325,-0.10700,0.26043,-0.02199,0.46437,0.80114,-0.06712,0.63951,-0.03319,-0.03877,0.17251,0.33192,0.35637,2.48180,2.36363,0.92174,0.91071,0.91667,0.78185,0.00000,0.13022,2.92444,1.77692,0.97391,0.96341,1.00000
654,0.6122,64389120,57462,0.01549,9.13e-05,0.3854,184.1060,0.00000,0.00000,0.00000,10.00000,1333.28721,0.00000,0.79450,0.00000,0.00000,0.12429,2.29748,3.73551,0.87097,0.82353,1.00000,0.00000,0.80070,0.00000,0.00000,0.00000,0.00000,1099.25789,-0.02330,-0.10895,0.25944,-0.02207,0.46288,0.79774,-0.06755,0.63854,-0.02988,-0.03878,0.17198,0.33053,0.35576,2.73853,1.54667,0.92473,0.89474,1.00000,0.77878,0.00000,0.12969,2.91456,1.84892,0.97849,0.96923,1.00000
655,0.6127,64487424,52808,0.01279,1.20e-04,0.3854,151.4900,0.00000,0.00000,0.00000,10.00000,1251.51998,0.00000,0.80872,0.00000,0.00000,0.12325,2.30442,3.35935,0.87342,0.85000,0.88889,0.00000,0.79794,0.00000,0.00000,0.00000,0.00000,1140.61930,-0.02331,-0.11292,0.26032,-0.02158,0.46065,0.79492,-0.06728,0.64014,-0.03506,-0.03881,0.17247,0.33136,0.35520,2.66919,2.55555,0.92405,0.90435,0.94444,0.77599,0.00000,0.13045,2.91658,1.97903,0.97468,0.96364,1.00000
656,0.6136,64585728,30900,0.01465,1.31e-04,0.3855,147.3643,0.00000,0.00000,0.00000,10.00000,1261.63441,0.00000,0.89692,0.00000,0.00000,0.12326,2.32008,3.47692,0.86747,0.84058,1.00000,0.00000,0.80436,0.00000,0.00000,0.00000,0.00000,1121.15251,-0.02302,-0.11118,0.26128,-0.02188,0.46283,0.80129,-0.06743,0.64280,-0.02926,-0.03877,0.17388,0.33316,0.35582,2.65833,2.92000,0.92771,0.91045,1.00000,0.77908,0.00000,0.13074,2.95020,1.86418,0.98795,0.98462,1.00000
657,0.6144,64684032,34333,0.01604,1.03e-04,0.3855,149.6485,0.00000,0.00000,0.00000,10.00000,1323.53365,0.00000,0.79594,0.00000,0.00000,0.12313,2.32699,3.55229,0.94231,0.92683,1.00000,0.00000,0.80543,0.00000,0.00000,0.00000,0.00000,1108.01196,-0.02281,-0.10983,0.26344,-0.02228,0.46504,0.80243,-0.06700,0.64785,-0.03076,-0.03904,0.17472,0.33589,0.35593,2.69850,2.49882,0.96635,0.95302,1.00000,0.77967,0.00000,0.13088,2.96054,1.77818,0.99038,0.98507,1.00000
658,0.6151,64782336,37431,0.01273,1.10e-04,0.3856,166.3172,0.00000,0.00000,0.00000,10.00000,1306.19633,0.00000,0.81522,0.00000,0.00000,0.12199,2.32349,3.16879,0.85870,0.82857,0.85714,0.00000,0.80761,0.00000,0.00000,0.00000,0.00000,1111.05070,-0.02297,-0.11011,0.26252,-0.02197,0.46584,0.80469,-0.06731,0.65017,-0.03335,-0.03872,0.17509,0.33481,0.35645,2.46353,2.47500,0.92391,0.90370,0.92308,0.78224,0.00000,0.12939,2.95864,1.79857,0.98913,0.98462,1.00000
659,0.6157,64880640,48290,0.01573,7.77e-05,0.3856,124.8389,0.00000,0.00000,0.00000,10.00000,1252.06366,0.00000,0.80247,0.00000,0.00000,0.12281,2.34205,3.65534,0.84259,0.80519,0.81818,0.00000,0.80960,0.00000,0.00000,0.00000,0.00000,1102.09359,-0.02293,-0.10927,0.26294,-0.02186,0.46728,0.80656,-0.06709,0.65143,-0.03093,-0.03892,0.17524,0.33451,0.35690,2.65125,2.69800,0.90741,0.88462,0.90909,0.78452,0.00000,0.12784,2.94752,1.80873,0.97222,0.96203,1.00000
660,0.6162,64978944,56951,0.01239,9.13e-05,0.3857,143.2174,0.00000,0.00000,0.00000,10.00000,1341.46563,0.00000,0.76667,0.00000,0.00000,0.12433,2.33634,3.28025,0.89000,0.86842,0.88889,0.00000,0.80858,0.00000,0.00000,0.00000,0.00000,1085.57699,-0.02300,-0.10773,0.26230,-0.02181,0.46727,0.80561,-0.06636,0.64801,-0.03106,-0.03862,0.17430,0.33405,0.35687,2.67401,2.85000,0.94000,0.92029,0.92857,0.78433,0.00000,0.12803,2.93539,1.95015,0.99000,0.98387,1.00000
661,0.6167,65077248,57087,0.01095,1.31e-04,0.3858,154.6832,0.00000,0.00000,0.00000,10.00000,1281.13107,0.00000,0.86300,0.00000,0.00000,0.12470,2.33352,3.37169,0.86408,0.83529,1.00000,0.00000,0.80774,0.00000,0.00000,0.00000,0.00000,1058.22982,-0.02301,-0.10501,0.26237,-0.02180,0.46748,0.80477,-0.06606,0.64662,-0.02850,-0.03857,0.17470,0.33453,0.35701,2.62700,2.25800,0.92233,0.90000,1.00000,0.78505,0.00000,0.12914,2.94328,1.91025,0.98058,0.97333,1.00000
662,0.6171,65175552,57226,0.01594,1.00e-04,0.3859,151.9321,0.00000,0.00000,0.00000,10.00000,1321.88118,0.00000,0.79282,0.00000,0.00000,0.12652,2.33575,3.44087,0.88542,0.83824,1.00000,0.00000,0.80624,0.00000,0.00000,0.00000,0.00000,1079.63558,-0.02295,-0.10705,0.26297,-0.02220,0.46682,0.80329,-0.06580,0.64640,-0.03354,-0.03858,0.17472,0.33585,0.35702,2.57822,2.48235,0.93750,0.91241,1.00000,0.78509,0.00000,0.12916,2.93339,1.80519,0.98958,0.98551,1.00000
663,0.6176,65273856,57558,0.01429,1.20e-04,0.3860,140.3673,0.00000,0.00000,0.00000,10.00000,1331.28626,0.00000,0.74973,0.00000,0.00000,0.12377,2.34574,3.18109,0.89320,0.85714,0.92308,0.00000,0.80411,0.00000,0.00000,0.00000,0.00000,1090.99618,-0.02317,-0.10825,0.26148,-0.02115,0.46463,0.80117,-0.06667,0.64742,-0.03064,-0.03863,0.17383,0.33373,0.35605,2.50477,2.59047,0.94660,0.92806,0.95455,0.78026,0.00000,0.12879,2.91828,1.87179,1.00000,1.00000,1.00000
664,0.6181,65372160,56927,0.01484,1.01e-04,0.3860,135.7991,0.00000,0.00000,0.00000,10.00000,1313.79002,0.00000,0.85034,0.00000,0.00000,0.12507,2.34076,3.48361,0.92857,0.93243,0.60000,0.00000,0.80254,0.00000,0.00000,0.00000,0.00000,1114.39648,-0.02318,-0.11038,0.26079,-0.02140,0.46376,0.79961,-0.06687,0.64460,-0.03172,-0.03880,0.17308,0.33237,0.35602,2.61363,2.31333,0.96429,0.96667,0.81818,0.78011,0.00000,0.12791,2.90000,1.84976,1.00000,1.00000,1.00000
665,0.6186,65470464,57118,0.01281,1.31e-04,0.3861,153.4261,0.00000,0.00000,0.00000,10.00000,1302.29636,0.00000,0.79890,0.00000,0.00000,0.12380,2.32105,3.22258,0.86777,0.86458,0.66667,0.00000,0.80464,0.00000,0.00000,0.00000,0.00000,1111.40771,-0.02320,-0.11013,0.25959,-0.02175,0.46583,0.80171,-0.06649,0.64114,-0.03281,-0.03898,0.17155,0.33081,0.35678,2.57695,2.62857,0.92149,0.91379,0.76471,0.78391,0.00000,0.12915,2.89004,1.86214,0.97521,0.97436,0.87500
666,0.6191,65568768,57607,0.01862,6.42e-05,0.3861,188.6934,0.00000,0.00000,0.00000,10.00000,1315.27773,0.00000,0.78431,0.00000,0.00000,0.12332,2.29155,3.35648,0.88235,0.85135,0.90000,0.00000,0.80351,0.00000,0.00000,0.00000,0.00000,1107.73787,-0.02353,-0.10971,0.25641,-0.02119,0.46417,0.80057,-0.06664,0.63290,-0.03171,-0.03908,0.16971,0.32672,0.35618,2.58199,2.36778,0.93627,0.91667,0.94444,0.78092,0.00000,0.12955,2.86247,1.83766,0.99020,0.98571,1.00000
667,0.6199,65667072,34544,0.01282,7.61e-05,0.3862,142.0671,0.00000,0.00000,0.00000,10.00000,1287.42656,0.00000,0.86550,0.00000,0.00000,0.12462,2.31920,3.30889,0.87368,0.85714,0.75000,0.00000,0.79751,0.00000,0.00000,0.00000,0.00000,1101.75033,-0.02343,-0.10920,0.25849,-0.02162,0.46025,0.79478,-0.06694,0.63815,-0.03209,-0.03886,0.17109,0.32990,0.35502,2.55411,2.45333,0.93684,0.92568,0.85714,0.77509,0.00000,0.12939,2.87983,1.81973,1.00000,1.00000,1.00000
668,0.6204,65765376,51370,0.01405,8.70e-05,0.3863,127.2168,0.00000,0.00000,0.00000,10.00000,1257.80149,0.00000,0.82071,0.00000,0.00000,0.12174,2.33580,3.53531,0.84091,0.80000,1.00000,0.00000,0.79576,0.00000,0.00000,0.00000,0.00000,1091.76506,-0.02345,-0.10819,0.25851,-0.02088,0.45937,0.79301,-0.06756,0.64180,-0.02936,-0.03857,0.17166,0.32938,0.35453,2.76275,3.21066,0.91477,0.88462,1.00000,0.77264,0.00000,0.12882,2.86959,2.02478,0.98864,0.98333,1.00000
669,0.6209,65863680,56826,0.01395,7.77e-05,0.3863,142.4010,0.00000,0.00000,0.00000,10.00000,1317.93090,0.00000,0.77778,0.00000,0.00000,0.12310,2.34496,3.25270,0.90000,0.86885,0.90000,0.00000,0.79732,0.00000,0.00000,0.00000,0.00000,1116.98999,-0.02333,-0.11062,0.25909,-0.02073,0.46032,0.79466,-0.06776,0.64185,-0.03209,-0.03874,0.17233,0.33014,0.35499,2.52104,2.47500,0.93889,0.92063,0.94118,0.77495,0.00000,0.12828,2.87913,1.88083,0.97778,0.96923,1.00000
670,0.6214,65961984,57172,0.01430,8.35e-05,0.3864,146.4142,0.00000,0.00000,0.00000,10.00000,1350.69360,0.00000,0.75810,0.00000,0.00000,0.12340,2.35192,3.32329,0.93750,0.92754,0.90000,0.00000,0.80216,0.00000,0.00000,0.00000,0.00000,1125.30029,-0.02324,-0.11152,0.26002,-0.02145,0.46363,0.79952,-0.06805,0.64118,-0.03152,-0.03891,0.17272,0.33207,0.35603,2.64521,2.67125,0.96875,0.96183,0.94118,0.78016,0.00000,0.13032,2.88841,1.92782,1.00000,1.00000,1.00000
671,0.6219,66060288,56914,0.01279,1.01e-04,0.3865,146.1460,0.00000,0.00000,0.00000,10.00000,1355.04961,0.00000,0.81901,0.00000,0.00000,0.12537,2.35490,3.33662,0.92784,0.91026,1.00000,0.00000,0.80681,0.00000,0.00000,0.00000,0.00000,1139.17798,-0.02312,-0.11289,0.26121,-0.02158,0.46559,0.80417,-0.06854,0.64363,-0.03290,-0.03891,0.17382,0.33431,0.35666,2.54067,2.48000,0.96392,0.95105,1.00000,0.78329,0.00000,0.12976,2.91407,1.67746,1.00000,1.00000,1.00000
672,0.6224,66158592,56767,0.01414,8.67e-05,0.3865,147.6169,0.00000,0.00000,0.00000,10.00000,1312.46364,0.00000,0.75855,0.00000,0.00000,0.12680,2.34920,3.56909,0.88462,0.86301,0.85714,0.00000,0.80807,0.00000,0.00000,0.00000,0.00000,1132.86540,-0.02288,-0.11223,0.26226,-0.02215,0.46698,0.80547,-0.06792,0.64396,-0.03162,-0.03922,0.17431,0.33554,0.35706,2.70214,2.57040,0.94231,0.92958,0.92593,0.78528,0.00000,0.13000,2.92524,1.88805,1.00000,1.00000,1.00000
673,0.6228,66256896,57132,0.01269,5.83e-05,0.3865,166.1280,0.00000,0.00000,0.00000,10.00000,1323.42503,0.00000,0.84175,0.00000,0.00000,0.12538,2.34756,3.13361,0.88889,0.86486,0.85714,0.00000,0.80739,0.00000,0.00000,0.00000,0.00000,1109.78231,-0.02303,-0.11001,0.26168,-0.02198,0.46720,0.80483,-0.06724,0.64553,-0.03020,-0.03911,0.17328,0.33483,0.35721,2.52026,2.48308,0.93939,0.92667,0.92857,0.78603,0.00000,0.12974,2.92237,1.98171,0.98990,0.98684,1.00000
674,0.6233,66355200,57448,0.01070,9.13e-05,0.3866,155.6985,0.00000,0.00000,0.00000,10.00000,1306.84721,0.00000,0.75221,0.00000,0.00000,0.12419,2.33990,3.20188,0.84956,0.82143,0.83333,0.00000,0.80684,0.00000,0.00000,0.00000,0.00000,1098.93701,-0.02312,-0.10887,0.26144,-0.02154,0.46684,0.80429,-0.06693,0.64587,-0.03076,-0.03908,0.17353,0.33396,0.35698,2.59100,3.10737,0.91150,0.88889,0.85714,0.78491,0.00000,0.12946,2.92480,1.89867,0.97345,0.97101,0.88889
675,0.6238,66453504,55301,0.01322,1.31e-04,0.3867,149.0227,0.00000,0.00000,0.00000,10.00000,1322.30724,0.00000,0.82126,0.00000,0.00000,0.12410,2.35048,3.05469,0.81522,0.79167,0.60000,0.00000,0.80379,0.00000,0.00000,0.00000,0.00000,1082.23535,-0.02303,-0.10734,0.26195,-0.02114,0.46632,0.80124,-0.06665,0.65022,-0.03123,-0.03881,0.17469,0.33499,0.35686,2.40682,2.86571,0.90761,0.88971,0.77778,0.78429,0.00000,0.12815,2.93170,1.79706,1.00000,1.00000,1.00000
676,0.6244,66551808,46687,0.01776,6.71e-05,0.3867,130.4914,0.00000,0.00000,0.00000,10.00000,1274.54980,0.00000,0.82639,0.00000,0.00000,0.12359,2.38035,3.33235,0.90000,0.89231,0.88889,0.00000,0.80385,0.00000,0.00000,0.00000,0.00000,1093.87907,-0.02300,-0.10843,0.26340,-0.02148,0.46478,0.80114,-0.06705,0.65383,-0.02797,-0.03867,0.17539,0.33610,0.35642,2.64045,2.71158,0.95000,0.94118,0.95000,0.78210,0.00000,0.12750,2.93506,1.91661,1.00000,1.00000,1.00000
677,0.6252,66650112,35662,0.01229,5.04e-05,0.3867,145.0628,0.00000,0.00000,0.00000,10.00000,1355.61452,0.00000,0.83333,0.00000,0.00000,0.12194,2.39794,3.17180,0.90244,0.87692,1.00000,0.00000,0.80442,0.00000,0.00000,0.00000,0.00000,1102.57340,-0.02275,-0.10928,0.26525,-0.02130,0.46529,0.80166,-0.06763,0.65929,-0.03029,-0.03885,0.17713,0.33800,0.35658,2.58413,3.48400,0.95122,0.93496,1.00000,0.78288,0.00000,0.12782,2.94494,1.98667,1.00000,1.00000,1.00000
678,0.6257,66748416,57375,0.01029,5.35e-05,0.3868,144.2065,0.00000,0.00000,0.00000,10.00000,1345.20814,0.00000,0.75996,0.00000,0.00000,0.12164,2.38441,3.41694,0.87736,0.86301,0.70000,0.00000,0.80572,0.00000,0.00000,0.00000,0.00000,1101.81152,-0.02283,-0.10911,0.26373,-0.02105,0.46665,0.80298,-0.06766,0.65574,-0.03011,-0.03901,0.17611,0.33613,0.35700,2.50363,2.32947,0.93396,0.92414,0.85714,0.78501,0.00000,0.12806,2.92918,1.70171,0.99057,0.98611,1.00000
679,0.6262,66846720,57038,0.01046,8.35e-05,0.3868,157.3089,0.00000,0.00000,0.00000,10.00000,1319.41659,0.00000,0.83333,0.00000,0.00000,0.12156,2.36012,3.29579,0.90625,0.89189,0.85714,0.00000,0.80663,0.00000,0.00000,0.00000,0.00000,1096.66105,-0.02295,-0.10866,0.26273,-0.02145,0.46698,0.80389,-0.06809,0.65177,-0.02843,-0.03875,0.17527,0.33485,0.35691,2.53791,2.31857,0.94792,0.93750,0.93333,0.78453,0.00000,0.12879,2.93588,1.78987,0.98958,0.98571,1.00000
680,0.6266,66945024,56882,0.01148,1.10e-04,0.3869,144.9091,0.00000,0.00000,0.00000,10.00000,1311.48512,0.00000,0.79894,0.00000,0.00000,0.12063,2.33895,3.45179,0.91429,0.89474,0.88889,0.00000,0.80608,0.00000,0.00000,0.00000,0.00000,1092.64193,-0.02314,-0.10833,0.26105,-0.02089,0.46725,0.80317,-0.06732,0.64933,-0.03181,-0.03915,0.17372,0.33249,0.35729,2.64503,2.40333,0.95714,0.94702,0.94737,0.78643,0.00000,0.12819,2.92630,1.90470,1.00000,1.00000,1.00000
681,0.6271,67043328,56321,0.01407,1.16e-04,0.3869,165.8247,0.00000,0.00000,0.00000,10.00000,1298.42172,0.00000,0.78333,0.00000,0.00000,0.12463,2.33492,3.47150,0.84000,0.82051,0.75000,0.00000,0.80620,0.00000,0.00000,0.00000,0.00000,1082.78434,-0.02319,-0.10735,0.26015,-0.02155,0.46574,0.80327,-0.06703,0.64380,-0.03105,-0.03905,0.17349,0.33233,0.35691,2.76227,2.74363,0.92000,0.90071,0.84615,0.78456,0.00000,0.12804,2.90801,2.00088,1.00000,1.00000,1.00000
682,0.6276,67141632,57588,0.01392,1.11e-04,0.3870,184.8739,0.00000,0.00000,0.00000,10.00000,1246.71126,0.00000,0.86806,0.00000,0.00000,0.12629,2.34254,3.49479,0.86458,0.83333,1.00000,0.00000,0.80455,0.00000,0.00000,0.00000,0.00000,1080.60018,-0.02326,-0.10708,0.25958,-0.02174,0.46380,0.80156,-0.06695,0.63956,-0.03016,-0.03919,0.17286,0.33213,0.35646,2.68648,3.10769,0.91667,0.89333,1.00000,0.78232,0.00000,0.12885,2.88838,1.89973,0.96875,0.95833,1.00000
683,0.6281,67239936,56694,0.01757,6.47e-05,0.3871,162.3803,0.00000,0.00000,0.00000,10.00000,1336.39062,0.00000,0.75132,0.00000,0.00000,0.12454,2.33901,3.23897,0.89524,0.85135,1.00000,0.00000,0.80063,0.00000,0.00000,0.00000,0.00000,1106.48511,-0.02342,-0.10970,0.25849,-0.02093,0.46174,0.79754,-0.06767,0.64199,-0.03129,-0.03939,0.17234,0.33108,0.35611,2.54115,3.01727,0.94286,0.91549,1.00000,0.78054,0.00000,0.12807,2.88123,1.84333,0.99048,0.98529,1.00000
684,0.6286,67338240,56114,0.01417,7.25e-05,0.3871,145.4970,0.00000,0.00000,0.00000,10.00000,1292.29763,0.00000,0.79450,0.00000,0.00000,0.12327,2.32122,3.28567,0.89247,0.88235,0.75000,0.00000,0.79920,0.00000,0.00000,0.00000,0.00000,1133.69303,-0.02352,-0.11228,0.25693,-0.02130,0.45993,0.79614,-0.06810,0.63839,-0.03247,-0.03948,0.17149,0.32849,0.35538,2.54811,2.15867,0.93011,0.91729,0.88235,0.77692,0.00000,0.12825,2.86478,1.85211,0.96774,0.95385,1.00000
685,0.6291,67436544,54693,0.01201,1.04e-04,0.3872,148.6493,0.00000,0.00000,0.00000,10.00000,1295.02378,0.00000,0.83088,0.00000,0.00000,0.12367,2.29880,3.45247,0.89381,0.86207,1.00000,0.00000,0.79805,0.00000,0.00000,0.00000,0.00000,1120.63908,-0.02341,-0.11094,0.25777,-0.02156,0.46176,0.79495,-0.06774,0.63547,-0.03421,-0.03949,0.17098,0.32880,0.35613,2.61310,2.57176,0.94248,0.92308,1.00000,0.78063,0.00000,0.12989,2.88278,1.81146,0.99115,0.98780,1.00000
686,0.6298,67534848,37188,0.01613,6.42e-05,0.3873,155.7855,0.00000,0.00000,0.00000,10.00000,1333.26398,0.00000,0.83333,0.00000,0.00000,0.12320,2.28132,3.16917,0.90351,0.88764,0.83333,0.00000,0.79832,0.00000,0.00000,0.00000,0.00000,1111.34001,-0.02373,-0.11010,0.25544,-0.02116,0.46132,0.79531,-0.06760,0.63219,-0.03291,-0.03953,0.16929,0.32570,0.35567,2.45260,2.50666,0.94737,0.93567,0.92308,0.77835,0.00000,0.12868,2.86467,1.76045,0.99123,0.98780,1.00000
687,0.6307,67633152,33439,0.01128,8.39e-05,0.3873,174.7457,0.00000,0.00000,0.00000,10.00000,1296.88162,0.00000,0.84467,0.00000,0.00000,0.12517,2.25747,3.40467,0.92857,0.90667,1.00000,0.00000,0.79492,0.00000,0.00000,0.00000,0.00000,1124.17122,-0.02395,-0.11143,0.25235,-0.02188,0.45832,0.79189,-0.06758,0.62155,-0.03299,-0.03933,0.16698,0.32252,0.35488,2.64348,2.62571,0.95408,0.94631,0.92857,0.77442,0.00000,0.13004,2.82820,1.89205,0.97959,0.98649,0.80000
688,0.6314,67731456,39689,0.00972,1.21e-04,0.3874,180.3785,0.00000,0.00000,0.00000,10.00000,1303.39339,0.00000,0.81930,0.00000,0.00000,0.12477,2.27079,3.69815,0.85859,0.82192,0.75000,0.00000,0.78985,0.00000,0.00000,0.00000,0.00000,1127.38232,-0.02376,-0.11162,0.25395,-0.02127,0.45605,0.78687,-0.06772,0.62552,-0.03293,-0.03944,0.16810,0.32463,0.35380,2.67600,2.99000,0.92424,0.90411,0.85714,0.76899,0.00000,0.13041,2.84296,1.79013,0.98990,0.98630,1.00000
689,0.6318,67829760,58353,0.01510,1.03e-04,0.3874,149.9517,0.00000,0.00000,0.00000,10.00000,1291.29108,0.00000,0.81699,0.00000,0.00000,0.12103,2.26672,3.44158,0.89412,0.88710,0.77778,0.00000,0.79076,0.00000,0.00000,0.00000,0.00000,1128.57926,-0.02390,-0.11175,0.25179,-0.02119,0.45633,0.78787,-0.06785,0.62766,-0.02881,-0.03910,0.16723,0.32171,0.35418,2.58473,2.87000,0.92941,0.92000,0.88235,0.77089,0.00000,0.12906,2.84113,1.79088,0.96471,0.95238,1.00000
690,0.6323,67928064,57726,0.01286,1.20e-04,0.3875,146.2885,0.00000,0.00000,0.00000,10.00000,1338.90741,0.00000,0.76241,0.00000,0.00000,0.12313,2.27704,3.09969,0.89362,0.85714,0.90000,0.00000,0.79180,0.00000,0.00000,0.00000,0.00000,1124.87622,-0.02364,-0.11147,0.25379,-0.02121,0.45691,0.78883,-0.06781,0.62922,-0.02782,-0.03943,0.16871,0.32475,0.35414,2.47915,2.17400,0.94681,0.93023,0.95238,0.77068,0.00000,0.12965,2.87743,1.96338,1.00000,1.00000,1.00000
691,0.6328,68026368,59538,0.01618,7.70e-05,0.3875,145.8742,0.00000,0.00000,0.00000,10.00000,1297.01930,0.00000,0.79739,0.00000,0.00000,0.12579,2.28852,3.46900,0.87059,0.83871,0.87500,0.00000,0.79511,0.00000,0.00000,0.00000,0.00000,1127.98600,-0.02359,-0.11183,0.25651,-0.02222,0.45972,0.79218,-0.06727,0.63239,-0.03043,-0.03939,0.16955,0.32843,0.35468,2.58846,2.66235,0.92941,0.90984,0.94444,0.77342,0.00000,0.12992,2.88517,1.83371,0.98824,0.98333,1.00000
692,0.6332,68124672,60143,0.01413,7.61e-05,0.3875,161.1821,0.00000,0.00000,0.00000,10.00000,1307.11474,0.00000,0.78976,0.00000,0.00000,0.12390,2.30331,3.41531,0.81373,0.78947,0.40000,0.00000,0.79939,0.00000,0.00000,0.00000,0.00000,1148.11857,-0.02353,-0.11375,0.25706,-0.02171,0.46202,0.79637,-0.06781,0.63755,-0.03443,-0.03967,0.17034,0.32878,0.35593,2.57141,3.02400,0.90196,0.88276,0.62500,0.77963,0.00000,0.12890,2.89707,1.81070,0.99020,0.98551,1.00000
693,0.6337,68222976,59712,0.01236,1.01e-04,0.3876,167.0405,0.00000,0.00000,0.00000,10.00000,1316.49107,0.00000,0.72917,0.00000,0.00000,0.12480,2.31320,3.16727,0.85714,0.83544,0.76923,0.00000,0.80360,0.00000,0.00000,0.00000,0.00000,1118.18571,-0.02335,-0.11083,0.25865,-0.02164,0.46520,0.80058,-0.06672,0.63890,-0.03189,-0.03969,0.17088,0.33067,0.35666,2.54718,2.58666,0.91071,0.89116,0.85714,0.78329,0.00000,0.12950,2.90870,1.94278,0.96429,0.95588,0.93333
694,0.6342,68321280,59938,0.01089,1.45e-04,0.3876,162.2368,0.00000,0.00000,0.00000,10.00000,1316.43280,0.00000,0.78256,0.00000,0.00000,0.12484,2.29983,3.24448,0.89247,0.85075,1.00000,0.00000,0.80301,0.00000,0.00000,0.00000,0.00000,1117.26424,-0.02333,-0.11083,0.25930,-0.02267,0.46475,0.80001,-0.06623,0.63943,-0.03185,-0.03941,0.17119,0.33105,0.35652,2.50275,2.23778,0.93548,0.90840,1.00000,0.78260,0.00000,0.12935,2.91893,1.80282,0.97849,0.96875,1.00000
695,0.6346,68419584,58885,0.01598,1.04e-04,0.3877,157.9264,0.00000,0.00000,0.00000,10.00000,1312.39927,0.00000,0.78869,0.00000,0.00000,0.12449,2.28616,3.33066,0.85714,0.83333,0.66667,0.00000,0.80569,0.00000,0.00000,0.00000,0.00000,1123.88883,-0.02354,-0.11144,0.25727,-0.02214,0.46488,0.80272,-0.06672,0.63488,-0.03190,-0.03965,0.16999,0.32842,0.35691,2.49019,2.25231,0.91964,0.89937,0.86667,0.78457,0.00000,0.12939,2.90040,1.72146,0.98214,0.97333,1.00000
696,0.6351,68517888,59307,0.01560,8.05e-05,0.3878,151.7221,0.00000,0.00000,0.00000,10.00000,1342.72158,0.00000,0.81807,0.00000,0.00000,0.12727,2.31362,3.24094,0.90110,0.87692,0.80000,0.00000,0.80595,0.00000,0.00000,0.00000,0.00000,1127.31535,-0.02329,-0.11163,0.26028,-0.02290,0.46573,0.80302,-0.06627,0.63941,-0.03333,-0.03966,0.17131,0.33224,0.35732,2.54941,2.72222,0.93407,0.91791,0.90000,0.78660,0.00000,0.12881,2.91416,1.93472,0.96703,0.95652,1.00000
697,0.6356,68616192,58846,0.01277,8.35e-05,0.3878,135.6005,0.00000,0.00000,0.00000,10.00000,1286.71816,0.00000,0.82639,0.00000,0.00000,0.12441,2.35992,3.19966,0.86250,0.85484,0.75000,0.00000,0.80398,0.00000,0.00000,0.00000,0.00000,1084.36214,-0.02289,-0.10757,0.26402,-0.02259,0.46513,0.80090,-0.06557,0.65393,-0.02907,-0.03924,0.17469,0.33660,0.35695,2.57447,2.95846,0.93125,0.92437,0.86667,0.78477,0.00000,0.12795,2.95356,1.99812,1.00000,1.00000,1.00000
698,0.6361,68714496,56790,0.01288,8.70e-05,0.3879,140.3653,0.00000,0.00000,0.00000,10.00000,1238.13990,0.00000,0.89147,0.00000,0.00000,0.12375,2.37725,3.63781,0.84884,0.81944,1.00000,0.00000,0.80410,0.00000,0.00000,0.00000,0.00000,1102.77824,-0.02270,-0.10941,0.26668,-0.02237,0.46618,0.80102,-0.06549,0.66156,-0.03153,-0.03917,0.17686,0.34027,0.35675,2.66394,3.10000,0.91860,0.89855,1.00000,0.78374,0.00000,0.12814,2.97626,1.74735,0.98837,0.98485,1.00000
699,0.6365,68812800,58176,0.01059,1.12e-04,0.3879,156.9791,0.00000,0.00000,0.00000,10.00000,1226.72183,0.00000,0.86538,0.00000,0.00000,0.12239,2.37910,3.67102,0.85577,0.82927,0.87500,0.00000,0.81267,0.00000,0.00000,0.00000,0.00000,1126.97762,-0.02283,-0.11176,0.26521,-0.02215,0.47024,0.80950,-0.06530,0.65768,-0.03009,-0.03978,0.17507,0.33791,0.35818,2.73843,2.47066,0.92308,0.90741,0.93750,0.79089,0.00000,0.12900,2.95573,1.91182,0.99038,0.98750,1.00000
700,0.6370,68911104,57944,0.01440,1.01e-04,0.3880,151.2923,0.00000,0.00000,0.00000,10.00000,1299.45641,0.00000,0.82222,0.00000,0.00000,0.12160,2.39386,3.52914,0.89000,0.86486,0.85714,0.00000,0.81419,0.00000,0.00000,0.00000,0.00000,1118.61532,-0.02269,-0.11089,0.26656,-0.02264,0.47059,0.81093,-0.06548,0.66114,-0.03099,-0.03988,0.17569,0.33950,0.35819,2.66257,2.49091,0.94000,0.92568,0.91667,0.79097,0.00000,0.12946,2.97004,1.88487,0.99000,0.98649,1.00000
701,0.6375,69009408,58478,0.01496,1.10e-04,0.3880,162.1487,0.00000,0.00000,0.00000,10.00000,1302.46265,0.00000,0.82011,0.00000,0.00000,0.12219,2.37475,3.34189,0.89524,0.86486,0.90909,0.00000,0.81406,0.00000,0.00000,0.00000,0.00000,1109.42082,-0.02268,-0.10997,0.26588,-0.02270,0.47149,0.81083,-0.06471,0.65880,-0.03140,-0.03965,0.17510,0.33888,0.35855,2.56715,2.04800,0.94286,0.92903,0.95238,0.79274,0.00000,0.12958,2.96409,1.93714,0.99048,0.98765,1.00000
702,0.6380,69107712,57576,0.01527,1.11e-04,0.3881,132.7722,0.00000,0.00000,0.00000,10.00000,1328.97896,0.00000,0.77008,0.00000,0.00000,0.12281,2.35386,3.43370,0.86139,0.83117,0.83333,0.00000,0.81381,0.00000,0.00000,0.00000,0.00000,1121.23893,-0.02295,-0.11120,0.26380,-0.02241,0.47017,0.81070,-0.06500,0.65309,-0.03220,-0.03993,0.17380,0.33594,0.35859,2.71220,3.24000,0.92574,0.90000,0.91667,0.79295,0.00000,0.12888,2.95164,1.93765,0.99010,0.98413,1.00000
703,0.6385,69206016,57175,0.01507,9.13e-05,0.3882,154.7219,0.00000,0.00000,0.00000,10.00000,1314.12675,0.00000,0.82200,0.00000,0.00000,0.12375,2.34528,3.27676,0.88776,0.84507,1.00000,0.00000,0.80814,0.00000,0.00000,0.00000,0.00000,1112.27580,-0.02311,-0.11022,0.26231,-0.02250,0.46624,0.80508,-0.06525,0.64858,-0.03079,-0.03975,0.17324,0.33394,0.35699,2.52199,2.01467,0.94388,0.92414,1.00000,0.78495,0.00000,0.12844,2.91416,1.90361,1.00000,1.00000,1.00000
704,0.6390,69304320,50878,0.01388,1.04e-04,0.3883,175.9806,0.00000,0.00000,0.00000,10.00000,1329.60328,0.00000,0.78889,0.00000,0.00000,0.12232,2.34700,3.03792,0.90000,0.89041,0.83333,0.00000,0.80135,0.00000,0.00000,0.00000,0.00000,1104.53092,-0.02310,-0.10948,0.26146,-0.02216,0.46338,0.79835,-0.06456,0.64998,-0.02993,-0.03950,0.17250,0.33314,0.35624,2.40091,2.78210,0.94000,0.92958,0.90476,0.78121,0.00000,0.12798,2.90772,1.75553,0.98000,0.97101,1.00000
705,0.6399,69402624,30157,0.01620,8.59e-05,0.3883,155.2318,0.00000,0.00000,0.00000,10.00000,1320.90954,0.00000,0.80702,0.00000,0.00000,0.12124,2.33971,3.56800,0.91579,0.89041,1.00000,0.00000,0.80152,0.00000,0.00000,0.00000,0.00000,1132.97990,-0.02338,-0.11228,0.25955,-0.02164,0.46234,0.79850,-0.06562,0.64615,-0.03367,-0.03944,0.17163,0.33097,0.35616,2.73671,2.71375,0.95263,0.93478,1.00000,0.78080,0.00000,0.12846,2.88702,1.85859,0.98947,0.98462,1.00000
706,0.6407,69500928,34180,0.01272,9.13e-05,0.3884,162.2312,0.00000,0.00000,0.00000,10.00000,1282.27629,0.00000,0.79958,0.00000,0.00000,0.12249,2.34704,3.70740,0.88785,0.86420,0.88889,0.00000,0.80388,0.00000,0.00000,0.00000,0.00000,1115.93311,-0.02347,-0.11064,0.25907,-0.02253,0.46350,0.80080,-0.06574,0.64349,-0.03184,-0.03952,0.17123,0.33085,0.35651,2.83515,2.21882,0.93458,0.91558,0.94118,0.78253,0.00000,0.12899,2.87597,1.95200,0.98131,0.97260,1.00000
707,0.6415,69599232,36460,0.01352,1.03e-04,0.3885,162.8630,0.00000,0.00000,0.00000,10.00000,1353.01462,0.00000,0.80645,0.00000,0.00000,0.12379,2.34875,3.08244,0.91129,0.91111,0.66667,0.00000,0.80399,0.00000,0.00000,0.00000,0.00000,1119.98031,-0.02344,-0.11103,0.25820,-0.02274,0.46408,0.80093,-0.06527,0.63993,-0.03165,-0.04005,0.17009,0.32971,0.35662,2.37883,2.04000,0.95161,0.95000,0.83333,0.78311,0.00000,0.12883,2.84728,1.73919,0.99194,0.98889,1.00000
708,0.6420,69697536,54642,0.01443,9.32e-05,0.3885,164.0560,0.00000,0.00000,0.00000,10.00000,1322.08199,0.00000,0.83021,0.00000,0.00000,0.12211,2.33667,3.11420,0.88764,0.85714,1.00000,0.00000,0.80018,0.00000,0.00000,0.00000,0.00000,1138.74129,-0.02357,-0.11279,0.25739,-0.02189,0.46180,0.79706,-0.06542,0.63669,-0.03366,-0.03988,0.16883,0.32791,0.35590,2.42044,2.70166,0.94382,0.92481,1.00000,0.77951,0.00000,0.13021,2.82866,1.71647,1.00000,1.00000,1.00000
709,0.6425,69795840,56878,0.01350,1.00e-04,0.3886,141.3158,0.00000,0.00000,0.00000,10.00000,1317.64254,0.00000,0.86257,0.00000,0.00000,0.12125,2.32521,3.42714,0.89474,0.86364,1.00000,0.00000,0.79459,0.00000,0.00000,0.00000,0.00000,1123.72648,-0.02353,-0.11142,0.25680,-0.02228,0.45971,0.79153,-0.06573,0.63724,-0.03220,-0.03967,0.16874,0.32692,0.35519,2.59773,2.33200,0.94298,0.92655,1.00000,0.77594,0.00000,0.12952,2.84042,1.84043,0.99123,0.98876,1.00000
710,0.6430,69894144,56472,0.01426,9.13e-05,0.3887,151.7932,0.00000,0.00000,0.00000,10.00000,1306.75179,0.00000,0.79580,0.00000,0.00000,0.12171,2.31374,3.44262,0.95946,0.98148,0.77778,0.00000,0.79496,0.00000,0.00000,0.00000,0.00000,1138.67529,-0.02353,-0.11282,0.25759,-0.02274,0.45994,0.79189,-0.06557,0.63842,-0.03519,-0.03960,0.16885,0.32780,0.35499,2.71244,2.72266,0.96622,0.98113,0.82353,0.77495,0.00000,0.12928,2.85408,1.94448,0.97297,0.98077,0.87500
711,0.6434,69992448,56834,0.01364,1.11e-04,0.3887,152.9979,0.00000,0.00000,0.00000,10.00000,1308.41854,0.00000,0.83645,0.00000,0.00000,0.12336,2.32912,3.61661,0.95506,0.93651,1.00000,0.00000,0.79918,0.00000,0.00000,0.00000,0.00000,1149.88501,-0.02315,-0.11397,0.26056,-0.02274,0.46140,0.79616,-0.06617,0.64477,-0.03638,-0.03978,0.17090,0.33197,0.35540,2.70727,2.55714,0.96629,0.95522,1.00000,0.77702,0.00000,0.12892,2.89861,1.94949,0.97753,0.97183,1.00000
712,0.6439,70090752,57683,0.01408,1.00e-04,0.3888,167.9633,0.00000,0.00000,0.00000,10.00000,1307.87335,0.00000,0.75163,0.00000,0.00000,0.12246,2.33863,3.64000,0.90588,0.86667,1.00000,0.00000,0.80514,0.00000,0.00000,0.00000,0.00000,1137.92896,-0.02305,-0.11284,0.26220,-0.02266,0.46465,0.80212,-0.06616,0.64906,-0.03326,-0.03973,0.17228,0.33383,0.35650,2.77800,2.98000,0.95294,0.93043,1.00000,0.78249,0.00000,0.12942,2.92852,1.91600,1.00000,1.00000,1.00000
713,0.6444,70189056,57305,0.01413,1.16e-04,0.3889,143.2840,0.00000,0.00000,0.00000,10.00000,1337.69758,0.00000,0.83593,0.00000,0.00000,0.12304,2.35976,3.24333,0.87850,0.83544,1.00000,0.00000,0.80995,0.00000,0.00000,0.00000,0.00000,1143.53914,-0.02291,-0.11337,0.26513,-0.02335,0.46777,0.80708,-0.06600,0.65562,-0.03569,-0.03990,0.17428,0.33698,0.35773,2.43595,2.42666,0.92991,0.90683,1.00000,0.78866,0.00000,0.12864,2.94921,1.71827,0.98131,0.97561,1.00000
714,0.6449,70287360,57256,0.01550,8.05e-05,0.3889,169.0141,0.00000,0.00000,0.00000,10.00000,1345.53237,0.00000,0.67956,0.00000,0.00000,0.12127,2.37461,3.16046,0.90179,0.88158,0.89474,0.00000,0.81409,0.00000,0.00000,0.00000,0.00000,1114.56820,-0.02277,-0.11053,0.26560,-0.02318,0.47063,0.81116,-0.06548,0.65875,-0.03021,-0.04004,0.17424,0.33750,0.35861,2.48975,2.39548,0.94196,0.91971,0.93939,0.79304,0.00000,0.12878,2.95716,1.71027,0.98214,0.96721,1.00000
715,0.6455,70385664,43591,0.01212,9.24e-05,0.3890,134.7353,0.00000,0.00000,0.00000,10.00000,1264.74087,0.00000,0.85809,0.00000,0.00000,0.12358,2.34886,3.38701,0.87129,0.86420,0.75000,0.00000,0.81188,0.00000,0.00000,0.00000,0.00000,1091.92887,-0.02292,-0.10835,0.26567,-0.02270,0.46975,0.80891,-0.06520,0.65588,-0.03374,-0.03967,0.17418,0.33801,0.35844,2.60739,2.22333,0.92574,0.91667,0.85714,0.79222,0.00000,0.12912,2.96465,1.85700,0.98020,0.97333,1.00000
716,0.6462,70483968,38829,0.01305,1.04e-04,0.3890,160.0264,0.00000,0.00000,0.00000,10.00000,1317.30384,0.00000,0.79208,0.00000,0.00000,0.12298,2.32703,3.44206,0.84158,0.79221,1.00000,0.00000,0.80617,0.00000,0.00000,0.00000,0.00000,1083.18058,-0.02328,-0.10744,0.26229,-0.02217,0.46646,0.80317,-0.06501,0.65075,-0.03210,-0.03965,0.17306,0.33385,0.35755,2.58863,3.14000,0.91584,0.88194,1.00000,0.78776,0.00000,0.12788,2.93433,1.77127,0.99010,0.98507,1.00000
717,0.6467,70582272,57820,0.01241,1.16e-04,0.3891,145.0956,0.00000,0.00000,0.00000,10.00000,1302.70425,0.00000,0.82099,0.00000,0.00000,0.12172,2.32057,3.28735,0.91111,0.89552,0.87500,0.00000,0.79804,0.00000,0.00000,0.00000,0.00000,1092.03304,-0.02344,-0.10832,0.26025,-0.02128,0.46111,0.79511,-0.06572,0.64917,-0.03281,-0.03937,0.17215,0.33115,0.35601,2.52746,2.59467,0.95556,0.94737,0.93750,0.78005,0.00000,0.12676,2.91045,1.82919,1.00000,1.00000,1.00000
718,0.6472,70680576,56875,0.01615,9.96e-05,0.3892,135.6626,0.00000,0.00000,0.00000,10.00000,1261.63079,0.00000,0.82305,0.00000,0.00000,0.11998,2.32043,3.55484,0.87654,0.89062,0.57143,0.00000,0.79409,0.00000,0.00000,0.00000,0.00000,1103.10881,-0.02341,-0.10939,0.25918,-0.02131,0.45883,0.79112,-0.06668,0.64994,-0.03398,-0.03933,0.17296,0.33060,0.35505,2.67839,2.08833,0.93210,0.93333,0.78571,0.77525,0.00000,0.12690,2.91022,1.80193,0.98765,0.98214,1.00000
719,0.6477,70778880,57437,0.01214,1.09e-04,0.3892,159.8743,0.00000,0.00000,0.00000,10.00000,1324.95887,0.00000,0.83653,0.00000,0.00000,0.12165,2.32566,3.25370,0.91954,0.91667,0.87500,0.00000,0.79718,0.00000,0.00000,0.00000,0.00000,1128.71802,-0.02321,-0.11195,0.26120,-0.02224,0.46011,0.79420,-0.06698,0.65181,-0.03371,-0.03969,0.17305,0.33308,0.35560,2.64548,2.59454,0.95402,0.94656,0.91667,0.77802,0.00000,0.12715,2.93177,1.92935,0.98851,0.98305,1.00000
720,0.6482,70877184,57444,0.01199,1.39e-04,0.3893,177.8296,0.00000,0.00000,0.00000,10.00000,1341.54239,0.00000,0.80858,0.00000,0.00000,0.12323,2.30114,3.20116,0.90099,0.86301,1.00000,0.00000,0.80463,0.00000,0.00000,0.00000,0.00000,1126.89681,-0.02314,-0.11175,0.26173,-0.02260,0.46399,0.80164,-0.06736,0.64720,-0.03514,-0.03977,0.17230,0.33334,0.35683,2.53133,2.33818,0.93564,0.91156,1.00000,0.78417,0.00000,0.12885,2.94929,1.96074,0.97030,0.95946,1.00000
721,0.6486,70975488,57026,0.01464,1.21e-04,0.3894,159.5691,0.00000,0.00000,0.00000,10.00000,1326.05477,0.00000,0.74830,0.00000,0.00000,0.12429,2.29124,3.49631,0.90816,0.88571,0.90000,0.00000,0.80717,0.00000,0.00000,0.00000,0.00000,1133.68050,-0.02305,-0.11242,0.26253,-0.02239,0.46636,0.80422,-0.06745,0.64961,-0.03716,-0.03996,0.17305,0.33478,0.35701,2.65548,2.69444,0.93878,0.91667,0.94737,0.78503,0.00000,0.12809,2.97620,1.74257,0.96939,0.95161,1.00000
722,0.6491,71073792,57255,0.01381,1.33e-04,0.3895,160.1643,0.00000,0.00000,0.00000,10.00000,1283.74212,0.00000,0.83078,0.00000,0.00000,0.12562,2.26941,3.49841,0.91743,0.89157,1.00000,0.00000,0.80751,0.00000,0.00000,0.00000,0.00000,1116.33138,-0.02321,-0.11065,0.26117,-0.02260,0.46720,0.80459,-0.06633,0.64581,-0.03461,-0.04004,0.17251,0.33357,0.35717,2.61425,2.59200,0.94037,0.92025,1.00000,0.78584,0.00000,0.12789,2.97385,1.70953,0.96330,0.95000,1.00000
723,0.6496,71172096,57008,0.01470,1.49e-04,0.3896,139.1034,0.00000,0.00000,0.00000,10.00000,1291.27579,0.00000,0.80906,0.00000,0.00000,0.12311,2.26602,3.26210,0.87379,0.83951,1.00000,0.00000,0.80638,0.00000,0.00000,0.00000,0.00000,1117.94442,-0.02334,-0.11077,0.26018,-0.02226,0.46511,0.80347,-0.06637,0.64481,-0.03626,-0.03975,0.17168,0.33246,0.35651,2.66210,2.62750,0.92718,0.90000,1.00000,0.78257,0.00000,0.12933,2.96234,2.06210,0.98058,0.97101,1.00000
724,0.6501,71270400,56375,0.01694,9.32e-05,0.3897,165.0134,0.00000,0.00000,0.00000,10.00000,1293.16247,0.00000,0.82200,0.00000,0.00000,0.12507,2.24824,3.55685,0.88776,0.87143,0.77778,0.00000,0.80055,0.00000,0.00000,0.00000,0.00000,1108.51139,-0.02336,-0.10992,0.25992,-0.02265,0.46327,0.79761,-0.06587,0.64161,-0.03444,-0.03994,0.17128,0.33205,0.35615,2.64397,2.69866,0.93878,0.93103,0.87500,0.78077,0.00000,0.12906,2.96533,1.85506,0.98980,0.98667,1.00000
725,0.6510,71368704,31437,0.01287,1.10e-04,0.3898,153.8232,0.00000,0.00000,0.00000,10.00000,1310.69239,0.00000,0.78563,0.00000,0.00000,0.12424,2.25151,3.57652,0.86869,0.82609,0.88889,0.00000,0.79811,0.00000,0.00000,0.00000,0.00000,1119.83960,-0.02338,-0.11099,0.25956,-0.02207,0.46171,0.79516,-0.06612,0.64228,-0.03551,-0.03998,0.17119,0.33169,0.35543,2.65570,3.08889,0.92929,0.91429,0.89474,0.77714,0.00000,0.12884,2.95730,1.86150,0.98990,1.00000,0.90000
726,0.6515,71467008,57372,0.01501,9.32e-05,0.3899,146.9920,0.00000,0.00000,0.00000,10.00000,1362.74642,0.00000,0.79282,0.00000,0.00000,0.12272,2.24427,3.22166,0.90625,0.86154,1.00000,0.00000,0.79967,0.00000,0.00000,0.00000,0.00000,1116.08903,-0.02348,-0.11075,0.25865,-0.02215,0.46120,0.79671,-0.06688,0.64118,-0.03414,-0.03967,0.17069,0.33034,0.35532,2.44986,2.41166,0.94792,0.92701,1.00000,0.77661,0.00000,0.12899,2.95712,1.87100,0.98958,0.98611,1.00000
727,0.6519,71565312,57258,0.01371,9.32e-05,0.3899,184.0633,0.00000,0.00000,0.00000,10.00000,1328.25722,0.00000,0.78616,0.00000,0.00000,0.12117,2.22424,3.29231,0.88679,0.84615,1.00000,0.00000,0.79833,0.00000,0.00000,0.00000,0.00000,1131.87427,-0.02353,-0.11221,0.25740,-0.02269,0.46161,0.79535,-0.06714,0.63838,-0.03614,-0.03984,0.16924,0.32843,0.35563,2.51087,2.26190,0.94340,0.92000,1.00000,0.77817,0.00000,0.12943,2.94692,1.76756,1.00000,1.00000,1.00000
728,0.6524,71663616,57358,0.01468,8.19e-05,0.3900,161.4853,0.00000,0.00000,0.00000,10.00000,1333.40613,0.00000,0.80052,0.00000,0.00000,0.12199,2.20523,3.42729,0.85827,0.81053,1.00000,0.00000,0.79855,0.00000,0.00000,0.00000,0.00000,1114.84749,-0.02365,-0.11060,0.25648,-0.02266,0.46195,0.79558,-0.06706,0.63505,-0.03756,-0.03994,0.16837,0.32689,0.35568,2.54143,2.58933,0.92913,0.90164,1.00000,0.77841,0.00000,0.12912,2.93735,1.75708,1.00000,1.00000,1.00000
729,0.6529,71761920,56638,0.01233,7.61e-05,0.3900,157.9087,0.00000,0.00000,0.00000,10.00000,1272.24464,0.00000,0.89147,0.00000,0.00000,0.12392,2.24125,3.60174,0.87209,0.86111,0.80000,0.00000,0.79917,0.00000,0.00000,0.00000,0.00000,1117.84025,-0.02359,-0.11086,0.25832,-0.02303,0.46257,0.79627,-0.06658,0.63663,-0.03618,-0.03990,0.16937,0.32884,0.35569,2.65743,2.90444,0.93605,0.92754,0.90000,0.77847,0.00000,0.12904,2.92548,1.73972,1.00000,1.00000,1.00000
730,0.6534,71860224,54464,0.01173,1.20e-04,0.3901,162.0641,0.00000,0.00000,0.00000,10.00000,1281.95328,0.00000,0.86538,0.00000,0.00000,0.12310,2.26603,3.48200,0.85577,0.84706,0.60000,0.00000,0.79864,0.00000,0.00000,0.00000,0.00000,1117.36930,-0.02345,-0.11083,0.25958,-0.02259,0.46199,0.79563,-0.06657,0.64151,-0.03812,-0.03986,0.17057,0.33033,0.35558,2.64541,2.45428,0.91827,0.90741,0.75000,0.77791,0.00000,0.12856,2.93064,1.79823,0.98077,0.97403,1.00000
731,0.6539,71958528,56074,0.01357,1.60e-04,0.3902,169.6278,0.00000,0.00000,0.00000,10.00000,1326.69671,0.00000,0.67664,0.00000,0.00000,0.12302,2.31190,3.35654,0.84615,0.78723,0.84615,0.00000,0.80122,0.00000,0.00000,0.00000,0.00000,1109.08529,-0.02324,-0.11003,0.26097,-0.02284,0.46283,0.79811,-0.06687,0.64855,-0.03452,-0.03970,0.17212,0.33292,0.35597,2.63315,2.76400,0.91667,0.88421,0.90909,0.77984,0.00000,0.12739,2.93186,1.96143,0.98718,0.97917,1.00000
732,0.6544,72056832,56488,0.01590,1.00e-04,0.3902,164.6077,0.00000,0.00000,0.00000,10.00000,1285.54533,0.00000,0.76458,0.00000,0.00000,0.12175,2.32640,3.49083,0.89109,0.85915,0.90909,0.00000,0.80212,0.00000,0.00000,0.00000,0.00000,1125.98039,-0.02306,-0.11168,0.26193,-0.02288,0.46440,0.79894,-0.06669,0.65218,-0.03526,-0.04005,0.17313,0.33481,0.35615,2.66400,3.22470,0.92574,0.89928,0.94444,0.78073,0.00000,0.12846,2.94007,1.84849,0.96040,0.94118,1.00000
733,0.6549,72155136,57005,0.01412,1.24e-04,0.3903,159.5334,0.00000,0.00000,0.00000,10.00000,1237.02083,0.00000,0.76720,0.00000,0.00000,0.11946,2.35127,3.81390,0.80952,0.80952,0.70000,0.00000,0.80790,0.00000,0.00000,0.00000,0.00000,1158.31217,-0.02314,-0.11484,0.26259,-0.02240,0.46620,0.80472,-0.06698,0.65634,-0.03562,-0.04010,0.17325,0.33489,0.35714,2.77672,2.49647,0.90476,0.89655,0.85000,0.78570,0.00000,0.12808,2.94445,1.80540,1.00000,1.00000,1.00000
734,0.6555,72253440,45118,0.01806,6.42e-05,0.3904,131.0731,0.00000,0.00000,0.00000,10.00000,1308.74590,0.00000,0.76591,0.00000,0.00000,0.12233,2.36743,3.39909,0.83495,0.77027,1.00000,0.00000,0.81216,0.00000,0.00000,0.00000,0.00000,1142.89445,-0.02265,-0.11331,0.26573,-0.02379,0.46904,0.80900,-0.06629,0.65829,-0.03343,-0.04037,0.17471,0.33950,0.35792,2.55900,3.29000,0.90291,0.85915,1.00000,0.78959,0.00000,0.12943,2.96941,1.80973,0.97087,0.95588,1.00000
735,0.6564,72351744,31610,0.01085,9.24e-05,0.3904,188.8549,0.00000,0.00000,0.00000,10.00000,1273.28140,0.00000,0.79894,0.00000,0.00000,0.12117,2.37414,3.43080,0.90476,0.87342,1.00000,0.00000,0.81700,0.00000,0.00000,0.00000,0.00000,1107.14657,-0.02269,-0.10996,0.26621,-0.02370,0.47271,0.81382,-0.06525,0.66063,-0.03209,-0.04035,0.17450,0.33942,0.35905,2.59709,3.15214,0.95238,0.93377,1.00000,0.79525,0.00000,0.12912,2.96499,1.74376,1.00000,1.00000,1.00000
736,0.6572,72450048,33254,0.01696,8.67e-05,0.3904,150.7153,0.00000,0.00000,0.00000,10.00000,1327.43473,0.00000,0.81121,0.00000,0.00000,0.12090,2.38357,3.30125,0.89381,0.86047,1.00000,0.00000,0.81222,0.00000,0.00000,0.00000,0.00000,1096.35726,-0.02283,-0.10882,0.26629,-0.02288,0.47068,0.80895,-0.06555,0.66327,-0.03265,-0.03999,0.17506,0.33924,0.35818,2.46655,2.36533,0.94690,0.92727,1.00000,0.79088,0.00000,0.12776,2.95636,1.70773,1.00000,1.00000,1.00000
737,0.6577,72548352,58012,0.01320,7.70e-05,0.3905,164.4352,0.00000,0.00000,0.00000,10.00000,1277.85054,0.00000,0.84541,0.00000,0.00000,0.12165,2.35792,3.62973,0.90217,0.89873,0.83333,0.00000,0.80773,0.00000,0.00000,0.00000,0.00000,1104.18962,-0.02321,-0.10948,0.26205,-0.02167,0.46864,0.80453,-0.06606,0.65165,-0.03570,-0.03981,0.17271,0.33411,0.35760,2.83482,2.70363,0.95109,0.94286,0.91667,0.78802,0.00000,0.12811,2.89921,1.93313,1.00000,1.00000,1.00000
738,0.6582,72646656,58510,0.01426,7.70e-05,0.3906,143.6257,0.00000,0.00000,0.00000,10.00000,1289.09224,0.00000,0.83965,0.00000,0.00000,0.12303,2.36718,3.17344,0.86364,0.85075,0.75000,0.00000,0.80330,0.00000,0.00000,0.00000,0.00000,1114.07601,-0.02311,-0.11052,0.26234,-0.02346,0.46520,0.80011,-0.06590,0.65123,-0.03548,-0.04001,0.17310,0.33487,0.35655,2.40642,2.54000,0.92614,0.91729,0.84615,0.78277,0.00000,0.12810,2.89211,1.70514,0.98864,0.98485,1.00000
739,0.6586,72744960,57892,0.01328,8.39e-05,0.3906,146.9897,0.00000,0.00000,0.00000,10.00000,1336.11613,0.00000,0.78189,0.00000,0.00000,0.11977,2.40129,3.03773,0.83951,0.78333,1.00000,0.00000,0.80449,0.00000,0.00000,0.00000,0.00000,1136.61377,-0.02296,-0.11256,0.26426,-0.02300,0.46492,0.80114,-0.06613,0.65968,-0.03580,-0.03991,0.17403,0.33763,0.35641,2.41856,3.38444,0.91975,0.88596,1.00000,0.78207,0.00000,0.12922,2.90253,1.85276,1.00000,1.00000,1.00000
740,0.6591,72843264,57084,0.01604,5.40e-05,0.3907,139.4220,0.00000,0.00000,0.00000,10.00000,1315.80332,0.00000,0.75601,0.00000,0.00000,0.11899,2.43240,3.56426,0.90722,0.87324,1.00000,0.00000,0.81099,0.00000,0.00000,0.00000,0.00000,1143.54801,-0.02270,-0.11350,0.26658,-0.02344,0.46804,0.80749,-0.06661,0.66670,-0.03333,-0.04026,0.17543,0.34028,0.35767,2.72284,3.17176,0.94845,0.92424,1.00000,0.78834,0.00000,0.12885,2.92568,1.76667,0.98969,0.98361,1.00000
741,0.6596,72941568,60179,0.01148,7.25e-05,0.3907,148.0541,0.00000,0.00000,0.00000,10.00000,1294.79099,0.00000,0.84827,0.00000,0.00000,0.11948,2.42044,3.17676,0.90323,0.87500,1.00000,0.00000,0.81790,0.00000,0.00000,0.00000,0.00000,1131.31274,-0.02278,-0.11227,0.26642,-0.02376,0.47229,0.81443,-0.06591,0.66471,-0.03497,-0.04031,0.17515,0.33959,0.35936,2.58451,2.73000,0.95161,0.93662,1.00000,0.79679,0.00000,0.12897,2.92526,2.04027,1.00000,1.00000,1.00000
742,0.6600,73039872,60141,0.01204,9.32e-05,0.3908,143.5565,0.00000,0.00000,0.00000,10.00000,1303.62827,0.00000,0.83069,0.00000,0.00000,0.11917,2.43319,3.12188,0.91429,0.90123,0.90909,0.00000,0.81773,0.00000,0.00000,0.00000,0.00000,1106.03003,-0.02243,-0.10980,0.26866,-0.02363,0.47304,0.81410,-0.06519,0.67216,-0.03350,-0.04006,0.17711,0.34304,0.35919,2.51250,3.00235,0.95238,0.94268,0.94444,0.79597,0.00000,0.12885,2.96457,1.88843,0.99048,0.98684,1.00000
743,0.6605,73138176,59511,0.01364,1.10e-04,0.3908,137.4229,0.00000,0.00000,0.00000,10.00000,1319.13781,0.00000,0.78333,0.00000,0.00000,0.11761,2.42251,3.17486,0.87000,0.85526,0.77778,0.00000,0.81516,0.00000,0.00000,0.00000,0.00000,1104.60742,-0.02273,-0.10951,0.26674,-0.02358,0.47183,0.81161,-0.06528,0.66838,-0.03106,-0.03981,0.17627,0.34059,0.35844,2.55333,2.66533,0.93000,0.92199,0.83333,0.79218,0.00000,0.12958,2.93538,1.92329,0.99000,1.00000,0.88889
744,0.6610,73236480,57896,0.01718,6.47e-05,0.3909,151.0310,0.00000,0.00000,0.00000,10.00000,1355.71987,0.00000,0.78869,0.00000,0.00000,0.11767,2.41040,3.24762,0.91071,0.88095,1.00000,0.00000,0.81167,0.00000,0.00000,0.00000,0.00000,1091.61532,-0.02276,-0.10830,0.26637,-0.02328,0.46992,0.80816,-0.06549,0.66677,-0.03448,-0.04012,0.17573,0.33968,0.35804,2.53264,2.79166,0.95536,0.93711,1.00000,0.79022,0.00000,0.12943,2.92839,1.77240,1.00000,1.00000,1.00000
745,0.6615,73334784,58418,0.01060,1.01e-04,0.3909,146.4960,0.00000,0.00000,0.00000,10.00000,1351.52930,0.00000,0.73068,0.00000,0.00000,0.11659,2.40729,3.31000,0.89130,0.85507,1.00000,0.00000,0.80919,0.00000,0.00000,0.00000,0.00000,1100.94287,-0.02295,-0.10916,0.26486,-0.02301,0.46851,0.80565,-0.06502,0.66545,-0.03240,-0.03980,0.17447,0.33715,0.35737,2.62381,2.76111,0.94565,0.91736,1.00000,0.78685,0.00000,0.12845,2.90954,1.83639,1.00000,1.00000,1.00000
746,0.6619,73433088,59563,0.01379,1.25e-04,0.3910,144.1163,0.00000,0.00000,0.00000,10.00000,1286.10381,0.00000,0.78658,0.00000,0.00000,0.11844,2.40885,3.47842,0.89109,0.88000,0.83333,0.00000,0.80825,0.00000,0.00000,0.00000,0.00000,1111.19914,-0.02289,-0.11019,0.26458,-0.02323,0.46849,0.80466,-0.06475,0.66245,-0.03453,-0.04000,0.17432,0.33806,0.35706,2.74908,2.85368,0.94059,0.93007,0.90476,0.78531,0.00000,0.12961,2.90367,2.01974,0.99010,0.98529,1.00000
747,0.6624,73531392,59565,0.01353,1.20e-04,0.3911,147.0484,0.00000,0.00000,0.00000,10.00000,1390.67929,0.00000,0.74635,0.00000,0.00000,0.12052,2.39990,3.37885,0.92929,0.91429,0.75000,0.00000,0.80893,0.00000,0.00000,0.00000,0.00000,1137.29248,-0.02292,-0.11282,0.26373,-0.02279,0.46829,0.80544,-0.06533,0.65882,-0.03575,-0.04039,0.17324,0.33740,0.35751,2.58586,2.37000,0.96465,0.95489,0.90909,0.78754,0.00000,0.12926,2.90197,1.79286,1.00000,1.00000,1.00000
748,0.6629,73629696,58645,0.01680,6.96e-05,0.3911,140.7418,0.00000,0.00000,0.00000,10.00000,1285.96143,0.00000,0.79079,0.00000,0.00000,0.12142,2.40065,3.44455,0.84685,0.80952,0.85714,0.00000,0.81238,0.00000,0.00000,0.00000,0.00000,1118.48584,-0.02286,-0.11086,0.26439,-0.02398,0.46974,0.80889,-0.06543,0.65555,-0.03508,-0.04040,0.17328,0.33751,0.35825,2.67825,2.48400,0.91441,0.88608,0.93750,0.79125,0.00000,0.13035,2.89825,1.93086,0.98198,0.97297,1.00000
749,0.6633,73728000,59335,0.01136,1.00e-04,0.3912,155.4572,0.00000,0.00000,0.00000,10.00000,1351.55550,0.00000,0.80460,0.00000,0.00000,0.12217,2.39861,3.24386,0.90517,0.91209,0.57143,0.00000,0.81085,0.00000,0.00000,0.00000,0.00000,1096.72298,-0.02306,-0.10878,0.26370,-0.02394,0.46994,0.80733,-0.06507,0.64999,-0.03307,-0.04045,0.17192,0.33642,0.35794,2.56163,2.25231,0.94397,0.94048,0.80000,0.78969,0.00000,0.13188,2.86203,1.84690,0.98276,0.97403,1.00000
750,0.6638,73826304,60006,0.01428,1.16e-04,0.3912,149.4969,0.00000,0.00000,0.00000,10.00000,1354.37237,0.00000,0.76155,0.00000,0.00000,0.11928,2.40401,3.28833,0.92135,0.93548,0.40000,0.00000,0.80692,0.00000,0.00000,0.00000,0.00000,1121.08789,-0.02319,-0.11115,0.26255,-0.02309,0.46678,0.80338,-0.06495,0.65303,-0.03825,-0.04007,0.17217,0.33554,0.35729,2.54048,2.49000,0.96067,0.96721,0.66667,0.78643,0.00000,0.13165,2.85571,1.83937,1.00000,1.00000,1.00000
751,0.6643,73924608,59041,0.01445,1.10e-04,0.3913,153.4135,0.00000,0.00000,0.00000,10.00000,1356.47169,0.00000,0.81408,0.00000,0.00000,0.12068,2.39269,3.26378,0.92079,0.89474,1.00000,0.00000,0.80510,0.00000,0.00000,0.00000,0.00000,1122.41764,-0.02323,-0.11123,0.26071,-0.02263,0.46499,0.80151,-0.06587,0.64889,-0.03632,-0.04033,0.17177,0.33353,0.35688,2.56133,3.28800,0.95545,0.93919,1.00000,0.78442,0.00000,0.13054,2.85080,1.87737,0.99010,0.98611,1.00000
752,0.6648,74022912,56343,0.01693,8.39e-05,0.3914,140.0153,0.00000,0.00000,0.00000,10.00000,1293.21000,0.00000,0.74074,0.00000,0.00000,0.12157,2.42141,3.43859,0.89333,0.86000,0.91667,0.00000,0.80501,0.00000,0.00000,0.00000,0.00000,1130.87646,-0.02283,-0.11215,0.26455,-0.02293,0.46576,0.80147,-0.06584,0.65717,-0.03715,-0.04013,0.17448,0.33832,0.35695,2.66931,2.90190,0.94000,0.92000,0.95238,0.78474,0.00000,0.13050,2.88299,1.92610,0.98667,0.98000,1.00000
753,0.6652,74121216,58255,0.01502,8.05e-05,0.3914,131.4461,0.00000,0.00000,0.00000,10.00000,1321.08497,0.00000,0.75132,0.00000,0.00000,0.11832,2.45332,3.56274,0.90476,0.91549,0.66667,0.00000,0.81070,0.00000,0.00000,0.00000,0.00000,1130.63574,-0.02278,-0.11209,0.26581,-0.02261,0.46815,0.80718,-0.06594,0.66410,-0.03286,-0.04029,0.17489,0.33887,0.35791,2.71368,2.25125,0.94762,0.95775,0.76190,0.78954,0.00000,0.12990,2.89210,1.92911,0.99048,1.00000,0.88889
754,0.6657,74219520,58431,0.01471,8.35e-05,0.3914,147.5890,0.00000,0.00000,0.00000,10.00000,1393.25155,0.00000,0.70208,0.00000,0.00000,0.11889,2.45789,3.22241,0.91209,0.86667,1.00000,0.00000,0.81550,0.00000,0.00000,0.00000,0.00000,1140.87183,-0.02249,-0.11301,0.26856,-0.02314,0.47153,0.81206,-0.06605,0.66895,-0.03496,-0.04021,0.17690,0.34238,0.35874,2.64724,2.42600,0.95055,0.92174,1.00000,0.79369,0.00000,0.13054,2.92951,2.07207,0.98901,0.98182,1.00000
755,0.6662,74317824,58063,0.01394,8.70e-05,0.3915,157.7831,0.00000,0.00000,0.00000,10.00000,1344.98953,0.00000,0.82222,0.00000,0.00000,0.12083,2.45694,3.01823,0.91000,0.87324,1.00000,0.00000,0.81760,0.00000,0.00000,0.00000,0.00000,1130.43758,-0.02234,-0.11200,0.26867,-0.02310,0.47403,0.81409,-0.06544,0.66703,-0.03102,-0.04047,0.17687,0.34351,0.35915,2.31500,2.75000,0.95500,0.93919,1.00000,0.79573,0.00000,0.13103,2.93848,1.74571,1.00000,1.00000,1.00000
756,0.6667,74416128,56935,0.01421,6.34e-05,0.3916,152.6436,0.00000,0.00000,0.00000,10.00000,1367.06493,0.00000,0.72276,0.00000,0.00000,0.11975,2.43840,3.15353,0.90291,0.87500,0.85714,0.00000,0.81916,0.00000,0.00000,0.00000,0.00000,1105.92806,-0.02243,-0.10971,0.26837,-0.02369,0.47549,0.81558,-0.06525,0.66700,-0.03262,-0.04047,0.17578,0.34305,0.35947,2.41564,2.36273,0.94660,0.93284,0.91667,0.79734,0.00000,0.13168,2.93968,1.78051,0.99029,0.98571,1.00000
757,0.6672,74514432,56792,0.01427,6.47e-05,0.3917,139.7108,0.00000,0.00000,0.00000,10.00000,1305.15342,0.00000,0.81897,0.00000,0.00000,0.11969,2.41940,3.06155,0.87931,0.87097,0.77778,0.00000,0.81669,0.00000,0.00000,0.00000,0.00000,1108.39876,-0.02257,-0.10999,0.26800,-0.02261,0.47328,0.81316,-0.06508,0.66720,-0.03658,-0.04051,0.17586,0.34185,0.35861,2.44287,2.06095,0.93534,0.92398,0.91304,0.79307,0.00000,0.13048,2.94131,1.83099,0.99138,0.98718,1.00000
758,0.6676,74612736,57181,0.01157,7.70e-05,0.3918,153.0619,0.00000,0.00000,0.00000,10.00000,1304.09469,0.00000,0.89744,0.00000,0.00000,0.12011,2.40161,3.15754,0.86813,0.84932,0.50000,0.00000,0.81419,0.00000,0.00000,0.00000,0.00000,1092.23324,-0.02278,-0.10834,0.26445,-0.02216,0.47119,0.81077,-0.06539,0.65948,-0.03520,-0.04016,0.17467,0.33798,0.35819,2.42482,1.55333,0.93407,0.92517,0.75000,0.79094,0.00000,0.13042,2.90916,1.79816,1.00000,1.00000,1.00000
759,0.6684,74711040,34199,0.01054,1.11e-04,0.3918,140.4684,0.00000,0.00000,0.00000,10.00000,1316.22487,0.00000,0.74297,0.00000,0.00000,0.11988,2.42962,3.57258,0.87952,0.85000,0.85714,0.00000,0.81049,0.00000,0.00000,0.00000,0.00000,1104.48633,-0.02279,-0.10953,0.26517,-0.02237,0.46956,0.80708,-0.06580,0.66435,-0.03495,-0.04014,0.17509,0.33900,0.35805,2.73217,3.44400,0.93373,0.90991,0.93333,0.79027,0.00000,0.12905,2.90507,1.83379,0.98795,0.98039,1.00000
760,0.6693,74809344,33936,0.01449,1.01e-04,0.3919,155.6560,0.00000,0.00000,0.00000,10.00000,1329.59655,0.00000,0.86182,0.00000,0.00000,0.12026,2.45890,3.14386,0.91026,0.87931,1.00000,0.00000,0.81021,0.00000,0.00000,0.00000,0.00000,1111.03654,-0.02246,-0.11025,0.26811,-0.02203,0.46932,0.80680,-0.06613,0.67251,-0.03321,-0.04021,0.17746,0.34277,0.35800,2.40211,2.26000,0.94872,0.93388,1.00000,0.78999,0.00000,0.12815,2.93649,1.76151,0.98718,0.98413,1.00000
761,0.6700,74907648,37203,0.01578,7.77e-05,0.3920,134.7126,0.00000,0.00000,0.00000,10.00000,1285.39335,0.00000,0.81549,0.00000,0.00000,0.12044,2.48780,2.98286,0.87156,0.87059,0.72727,0.00000,0.81817,0.00000,0.00000,0.00000,0.00000,1136.60474,-0.02225,-0.11268,0.27129,-0.02321,0.47367,0.81463,-0.06547,0.67785,-0.03444,-0.04065,0.17871,0.34678,0.35961,2.33808,2.13800,0.92202,0.91250,0.86364,0.79804,0.00000,0.12946,2.95445,1.68554,0.97248,0.96000,1.00000
762,0.6707,75005952,41691,0.01255,1.04e-04,0.3920,147.2205,0.00000,0.00000,0.00000,10.00000,1334.87574,0.00000,0.78704,0.00000,0.00000,0.12065,2.50187,3.51279,0.88095,0.84615,1.00000,0.00000,0.82502,0.00000,0.00000,0.00000,0.00000,1114.90682,-0.02203,-0.11051,0.27205,-0.02295,0.47801,0.82148,-0.06572,0.68130,-0.03178,-0.04048,0.17930,0.34826,0.36084,2.69690,2.42000,0.92857,0.89916,1.00000,0.80418,0.00000,0.12894,2.96597,1.79200,0.97619,0.96296,1.00000
763,0.6711,75104256,57737,0.01578,7.77e-05,0.3921,154.0303,0.00000,0.00000,0.00000,10.00000,1308.66250,0.00000,0.80303,0.00000,0.00000,0.12094,2.51783,3.46452,0.91818,0.89024,1.00000,0.00000,0.82781,0.00000,0.00000,0.00000,0.00000,1119.20500,-0.02205,-0.11095,0.27401,-0.02312,0.47969,0.82423,-0.06485,0.68709,-0.03539,-0.04071,0.18063,0.35089,0.36153,2.64859,2.85524,0.95455,0.93711,1.00000,0.80763,0.00000,0.12847,2.97858,1.85163,0.99091,0.98701,1.00000
764,0.6716,75202560,57559,0.01444,7.16e-05,0.3922,174.5962,0.00000,0.00000,0.00000,10.00000,1390.38251,0.00000,0.76797,0.00000,0.00000,0.12093,2.50909,3.17190,0.98039,0.97368,1.00000,0.00000,0.82819,0.00000,0.00000,0.00000,0.00000,1086.42725,-0.02212,-0.10779,0.27271,-0.02319,0.47926,0.82467,-0.06528,0.68387,-0.03317,-0.04070,0.17986,0.34906,0.36144,2.53440,2.67666,0.98039,0.97163,1.00000,0.80719,0.00000,0.12818,2.97156,1.82507,0.98039,0.96923,1.00000
765,0.6721,75300864,57339,0.01603,4.46e-05,0.3922,146.0536,0.00000,0.00000,0.00000,10.00000,1334.27244,0.00000,0.86364,0.00000,0.00000,0.12333,2.49778,3.25452,0.93636,0.91860,1.00000,0.00000,0.82297,0.00000,0.00000,0.00000,0.00000,1099.52059,-0.02235,-0.10904,0.27204,-0.02300,0.47750,0.81940,-0.06480,0.67862,-0.03244,-0.04084,0.17830,0.34759,0.36091,2.56103,2.51600,0.96818,0.95906,1.00000,0.80454,0.00000,0.12750,2.94206,1.91378,1.00000,1.00000,1.00000
766,0.6726,75399168,57527,0.01065,6.96e-05,0.3923,161.5304,0.00000,0.00000,0.00000,10.00000,1367.27370,0.00000,0.75092,0.00000,0.00000,0.11858,2.47642,3.33228,0.96703,0.95082,1.00000,0.00000,0.81516,0.00000,0.00000,0.00000,0.00000,1111.59090,-0.02260,-0.11021,0.26924,-0.02203,0.47224,0.81163,-0.06513,0.67687,-0.03235,-0.04047,0.17700,0.34305,0.35894,2.56577,2.36667,0.98352,0.97561,1.00000,0.79472,0.00000,0.12734,2.92152,1.82055,1.00000,1.00000,1.00000
767,0.6731,75497472,57453,0.01208,9.13e-05,0.3923,138.3111,0.00000,0.00000,0.00000,10.00000,1303.03552,0.00000,0.73883,0.00000,0.00000,0.11996,2.43810,3.54563,0.91753,0.89552,0.90909,0.00000,0.81181,0.00000,0.00000,0.00000,0.00000,1123.65324,-0.02257,-0.11138,0.26762,-0.02295,0.47009,0.80833,-0.06497,0.66823,-0.03379,-0.04079,0.17588,0.34131,0.35813,2.70634,2.63400,0.95361,0.93798,0.95238,0.79066,0.00000,0.12888,2.91502,1.86704,0.98969,0.98387,1.00000
768,0.6735,75595776,57128,0.01509,8.05e-05,0.3924,135.1775,0.00000,0.00000,0.00000,10.00000,1350.05165,0.00000,0.80761,0.00000,0.00000,0.11795,2.43211,3.39901,0.96296,0.94872,1.00000,0.00000,0.81264,0.00000,0.00000,0.00000,0.00000,1113.16683,-0.02271,-0.11037,0.26756,-0.02300,0.46990,0.80915,-0.06525,0.67086,-0.03254,-0.04066,0.17565,0.34126,0.35825,2.62024,2.51833,0.97222,0.96815,0.92308,0.79126,0.00000,0.12889,2.93215,1.86928,0.98148,0.98734,0.83333
769,0.6740,75694080,57354,0.01417,7.16e-05,0.3924,114.4392,0.00000,0.00000,0.00000,10.00000,1373.44257,0.00000,0.79435,0.00000,0.00000,0.11751,2.40483,2.95487,0.89474,0.86250,0.85714,0.00000,0.81071,0.00000,0.00000,0.00000,0.00000,1084.94523,-0.02283,-0.10764,0.26665,-0.02304,0.46866,0.80717,-0.06535,0.66690,-0.03303,-0.04031,0.17431,0.33923,0.35799,2.27119,2.10000,0.94298,0.92638,0.93333,0.78996,0.00000,0.12927,2.92834,1.67867,0.99123,0.98795,1.00000
770,0.6748,75792384,38222,0.01177,9.13e-05,0.3925,143.7622,0.00000,0.00000,0.00000,10.00000,1326.93344,0.00000,0.79060,0.00000,0.00000,0.11801,2.36202,3.22743,0.89423,0.85897,1.00000,0.00000,0.80699,0.00000,0.00000,0.00000,0.00000,1102.56551,-0.02325,-0.10939,0.26208,-0.02245,0.46708,0.80361,-0.06526,0.65540,-0.03429,-0.04061,0.17130,0.33309,0.35774,2.55639,2.12333,0.93750,0.91216,1.00000,0.78871,0.00000,0.12855,2.87810,1.87662,0.98077,0.97143,1.00000
771,0.6754,75890688,45601,0.01154,1.12e-04,0.3925,140.5256,0.00000,0.00000,0.00000,10.00000,1354.94978,0.00000,0.79976,0.00000,0.00000,0.12004,2.37442,3.29661,0.87912,0.86154,0.50000,0.00000,0.80176,0.00000,0.00000,0.00000,0.00000,1128.79924,-0.02318,-0.11193,0.26209,-0.02206,0.46340,0.79821,-0.06575,0.65406,-0.03708,-0.04052,0.17208,0.33404,0.35624,2.50000,2.15333,0.93956,0.93130,0.80000,0.78118,0.00000,0.12884,2.86804,1.84722,1.00000,1.00000,1.00000
772,0.6758,75988992,56915,0.01401,9.32e-05,0.3926,159.8769,0.00000,0.00000,0.00000,10.00000,1317.09749,0.00000,0.82742,0.00000,0.00000,0.12032,2.37700,3.41386,0.91489,0.89474,1.00000,0.00000,0.80474,0.00000,0.00000,0.00000,0.00000,1146.89225,-0.02330,-0.11365,0.26042,-0.02185,0.46363,0.80120,-0.06621,0.65071,-0.03667,-0.04063,0.17108,0.33223,0.35712,2.61792,2.74200,0.95745,0.94286,1.00000,0.78559,0.00000,0.12851,2.85055,1.75275,1.00000,1.00000,1.00000
773,0.6763,76087296,56843,0.01381,9.13e-05,0.3926,144.9070,0.00000,0.00000,0.00000,10.00000,1376.30735,0.00000,0.75092,0.00000,0.00000,0.12182,2.41909,3.24607,0.90110,0.87719,0.71429,0.00000,0.80776,0.00000,0.00000,0.00000,0.00000,1140.13997,-0.02287,-0.11297,0.26511,-0.02339,0.46567,0.80425,-0.06658,0.65791,-0.03324,-0.04075,0.17341,0.33877,0.35709,2.42346,2.11765,0.93956,0.93496,0.83333,0.78547,0.00000,0.13044,2.89033,1.82519,0.97802,0.98485,0.90909
774,0.6768,76185600,56658,0.01431,1.04e-04,0.3927,136.6391,0.00000,0.00000,0.00000,10.00000,1345.64242,0.00000,0.77546,0.00000,0.00000,0.11975,2.42095,3.16500,0.92708,0.91549,0.85714,0.00000,0.81537,0.00000,0.00000,0.00000,0.00000,1157.86117,-0.02285,-0.11466,0.26681,-0.02291,0.46996,0.81183,-0.06630,0.66483,-0.04079,-0.04096,0.17470,0.34030,0.35897,2.50055,2.32500,0.95833,0.94776,0.94118,0.79483,0.00000,0.12991,2.91467,1.83611,0.98958,0.98413,1.00000
775,0.6773,76283904,57441,0.01342,1.21e-04,0.3928,144.4163,0.00000,0.00000,0.00000,10.00000,1374.74254,0.00000,0.81149,0.00000,0.00000,0.12369,2.46697,2.99465,0.96629,0.95522,1.00000,0.00000,0.82019,0.00000,0.00000,0.00000,0.00000,1136.63249,-0.02226,-0.11276,0.27136,-0.02451,0.47374,0.81664,-0.06692,0.67305,-0.03339,-0.04109,0.17714,0.34693,0.36020,2.46360,2.19273,0.98315,0.97692,1.00000,0.80101,0.00000,0.12950,2.96436,1.90912,1.00000,1.00000,1.00000
776,0.6778,76382208,57500,0.01657,8.39e-05,0.3928,156.5401,0.00000,0.00000,0.00000,10.00000,1317.15917,0.00000,0.79439,0.00000,0.00000,0.12115,2.49121,3.02081,0.85981,0.80519,1.00000,0.00000,0.82375,0.00000,0.00000,0.00000,0.00000,1109.78874,-0.02231,-0.11006,0.27202,-0.02308,0.47636,0.82028,-0.06606,0.68081,-0.03310,-0.04096,0.17856,0.34761,0.36055,2.35975,3.11158,0.92523,0.89542,1.00000,0.80276,0.00000,0.12810,2.96061,1.77738,0.99065,0.98684,1.00000
777,0.6783,76480512,56694,0.01429,1.01e-04,0.3929,138.0888,0.00000,0.00000,0.00000,10.00000,1329.10448,0.00000,0.76319,0.00000,0.00000,0.12063,2.45876,3.49944,0.89899,0.87143,0.90000,0.00000,0.82322,0.00000,0.00000,0.00000,0.00000,1113.73983,-0.02251,-0.11050,0.27039,-0.02352,0.47649,0.81964,-0.06555,0.67573,-0.03494,-0.04095,0.17654,0.34553,0.36053,2.54408,2.74421,0.94444,0.92647,0.95000,0.80266,0.00000,0.12919,2.95314,1.62693,0.98990,0.98485,1.00000
778,0.6788,76578816,56640,0.01416,1.11e-04,0.3929,127.8728,0.00000,0.00000,0.00000,10.00000,1317.22500,0.00000,0.78261,0.00000,0.00000,0.12104,2.43775,3.24292,0.91304,0.88372,1.00000,0.00000,0.81905,0.00000,0.00000,0.00000,0.00000,1099.54460,-0.02260,-0.10904,0.26893,-0.02289,0.47385,0.81559,-0.06522,0.67167,-0.03428,-0.04106,0.17612,0.34277,0.35949,2.59803,2.55636,0.94783,0.92593,1.00000,0.79746,0.00000,0.12813,2.94558,1.91476,0.98261,0.97368,1.00000
779,0.6793,76677120,51346,0.01519,9.83e-05,0.3930,133.6619,0.00000,0.00000,0.00000,10.00000,1333.50790,0.00000,0.89606,0.00000,0.00000,0.12222,2.41412,3.14507,0.92473,0.92000,0.50000,0.00000,0.81203,0.00000,0.00000,0.00000,0.00000,1091.96281,-0.02270,-0.10840,0.26809,-0.02281,0.47059,0.80858,-0.06482,0.66741,-0.03272,-0.04063,0.17542,0.34124,0.35843,2.41648,1.71600,0.95699,0.95333,0.80000,0.79215,0.00000,0.12751,2.93341,1.74467,0.98925,0.98667,1.00000
780,0.6801,76775424,34075,0.01215,1.00e-04,0.3930,156.1779,0.00000,0.00000,0.00000,10.00000,1351.32704,0.00000,0.72433,0.00000,0.00000,0.12050,2.39902,3.15333,0.91139,0.89286,0.85714,0.00000,0.80787,0.00000,0.00000,0.00000,0.00000,1107.92253,-0.02288,-0.10993,0.26682,-0.02248,0.46633,0.80445,-0.06563,0.66696,-0.03587,-0.04041,0.17526,0.33920,0.35721,2.58275,2.57500,0.94937,0.93204,0.92308,0.78603,0.00000,0.12684,2.92995,1.95731,0.98734,0.97872,1.00000
781,0.6806,76873728,55415,0.01354,1.33e-04,0.3931,142.6457,0.00000,0.00000,0.00000,10.00000,1376.52730,0.00000,0.81660,0.00000,0.00000,0.11851,2.43068,3.07365,0.95181,0.93846,1.00000,0.00000,0.80790,0.00000,0.00000,0.00000,0.00000,1113.70532,-0.02260,-0.11051,0.26871,-0.02218,0.46638,0.80448,-0.06662,0.67425,-0.03289,-0.04016,0.17722,0.34191,0.35736,2.45377,2.36800,0.96988,0.95902,1.00000,0.78679,0.00000,0.12734,2.95651,1.79186,0.98795,0.98246,1.00000
782,0.6811,76972032,56525,0.01425,1.31e-04,0.3932,140.2498,0.00000,0.00000,0.00000,10.00000,1311.56776,0.00000,0.80662,0.00000,0.00000,0.11879,2.42521,3.44081,0.87500,0.82895,1.00000,0.00000,0.81282,0.00000,0.00000,0.00000,0.00000,1115.56331,-0.02256,-0.11065,0.26808,-0.02235,0.46932,0.80944,-0.06669,0.67404,-0.03409,-0.04083,0.17676,0.34140,0.35829,2.56297,2.63571,0.93269,0.91391,0.93333,0.79145,0.00000,0.12676,2.95962,1.76099,0.99038,1.00000,0.85714
783,0.6816,77070336,57468,0.01451,1.49e-04,0.3932,151.8380,0.00000,0.00000,0.00000,10.00000,1354.37143,0.00000,0.77899,0.00000,0.00000,0.11844,2.41149,3.14358,0.89130,0.84375,1.00000,0.00000,0.81383,0.00000,0.00000,0.00000,0.00000,1103.38102,-0.02265,-0.10948,0.26777,-0.02204,0.47114,0.81041,-0.06679,0.67183,-0.03324,-0.04049,0.17718,0.34085,0.35891,2.43051,2.47066,0.94022,0.91473,1.00000,0.79455,0.00000,0.12759,2.96837,1.74800,0.98913,0.98462,1.00000
784,0.6821,77168640,57801,0.01612,1.03e-04,0.3933,151.0786,0.00000,0.00000,0.00000,10.00000,1353.64771,0.00000,0.72016,0.00000,0.00000,0.11973,2.38549,3.13781,0.89815,0.86957,0.83333,0.00000,0.81250,0.00000,0.00000,0.00000,0.00000,1113.38151,-0.02270,-0.11040,0.26688,-0.02188,0.47087,0.80912,-0.06663,0.66732,-0.03824,-0.04089,0.17589,0.34017,0.35845,2.51064,2.62609,0.94444,0.92857,0.91667,0.79223,0.00000,0.12827,2.96135,1.95904,0.99074,0.98592,1.00000
785,0.6825,77266944,56845,0.01318,1.10e-04,0.3933,139.4056,0.00000,0.00000,0.00000,10.00000,1338.53766,0.00000,0.82778,0.00000,0.00000,0.12048,2.38913,3.18102,0.93000,0.91892,0.87500,0.00000,0.81316,0.00000,0.00000,0.00000,0.00000,1103.18856,-0.02278,-0.10942,0.26577,-0.02256,0.47063,0.80979,-0.06633,0.66272,-0.03422,-0.04071,0.17509,0.33859,0.35888,2.51811,2.53538,0.96500,0.95973,0.92857,0.79439,0.00000,0.12846,2.93830,1.87975,1.00000,1.00000,1.00000
786,0.6830,77365248,56425,0.01611,8.35e-05,0.3934,136.4851,0.00000,0.00000,0.00000,10.00000,1367.96754,0.00000,0.79288,0.00000,0.00000,0.12023,2.37077,3.19546,0.93204,0.90789,1.00000,0.00000,0.80993,0.00000,0.00000,0.00000,0.00000,1102.93408,-0.02293,-0.10943,0.26427,-0.02198,0.46933,0.80665,-0.06613,0.66028,-0.03741,-0.04061,0.17369,0.33675,0.35834,2.46355,2.11636,0.96602,0.95238,1.00000,0.79168,0.00000,0.12817,2.92330,1.75065,1.00000,1.00000,1.00000
787,0.6835,77463552,57860,0.01871,7.23e-05,0.3934,124.7818,0.00000,0.00000,0.00000,10.00000,1362.41504,0.00000,0.75231,0.00000,0.00000,0.11936,2.37635,3.28026,0.92708,0.92958,0.77778,0.00000,0.80506,0.00000,0.00000,0.00000,0.00000,1103.33309,-0.02298,-0.10936,0.26333,-0.02201,0.46586,0.80180,-0.06578,0.65890,-0.03354,-0.04054,0.17367,0.33497,0.35734,2.61338,2.43733,0.95312,0.94615,0.87500,0.78672,0.00000,0.12761,2.90483,1.83187,0.97917,0.96610,1.00000
788,0.6840,77561856,57492,0.01109,9.66e-05,0.3935,151.1017,0.00000,0.00000,0.00000,10.00000,1330.33677,0.00000,0.79288,0.00000,0.00000,0.12093,2.33450,3.16321,0.94175,0.93243,0.92308,0.00000,0.80211,0.00000,0.00000,0.00000,0.00000,1107.98112,-0.02333,-0.10987,0.26076,-0.02170,0.46382,0.79893,-0.06627,0.65116,-0.03791,-0.04065,0.17170,0.33173,0.35679,2.43718,2.43727,0.96117,0.95918,0.91304,0.78397,0.00000,0.12708,2.88148,1.72000,0.98058,0.98630,0.90000
789,0.6846,77660160,42259,0.01577,6.71e-05,0.3935,149.3008,0.00000,0.00000,0.00000,10.00000,1351.41932,0.00000,0.80499,0.00000,0.00000,0.12143,2.32178,3.20253,0.89796,0.87500,0.83333,0.00000,0.79859,0.00000,0.00000,0.00000,0.00000,1136.42790,-0.02362,-0.11263,0.25855,-0.02178,0.46017,0.79523,-0.06672,0.64453,-0.04025,-0.04062,0.17022,0.32900,0.35548,2.50110,2.34600,0.94388,0.92958,0.90909,0.77739,0.00000,0.12726,2.85102,1.82811,0.98980,0.98571,1.00000
790,0.6851,77758464,59203,0.01072,9.66e-05,0.3936,170.3414,0.00000,0.00000,0.00000,10.00000,1285.39334,0.00000,0.84022,0.00000,0.00000,0.12184,2.31199,3.42915,0.88430,0.85263,1.00000,0.00000,0.79972,0.00000,0.00000,0.00000,0.00000,1151.00277,-0.02369,-0.11407,0.25676,-0.02197,0.46064,0.79634,-0.06711,0.63823,-0.03658,-0.04098,0.16847,0.32680,0.35569,2.64372,2.43882,0.93388,0.91257,1.00000,0.77846,0.00000,0.12797,2.82961,1.85830,0.98347,0.97727,1.00000
791,0.6859,77856768,33445,0.01405,1.00e-04,0.3936,158.1746,0.00000,0.00000,0.00000,10.00000,1388.49464,0.00000,0.73529,0.00000,0.00000,0.12090,2.28410,3.28119,0.90196,0.86567,0.87500,0.00000,0.79876,0.00000,0.00000,0.00000,0.00000,1147.90991,-0.02383,-0.11378,0.25594,-0.02239,0.46099,0.79535,-0.06742,0.63486,-0.03950,-0.04070,0.16690,0.32638,0.35587,2.43203,2.75000,0.94608,0.92593,0.94118,0.77936,0.00000,0.13033,2.83318,1.68342,0.99020,0.98529,1.00000
792,0.6868,77955072,30643,0.01433,8.19e-05,0.3937,154.5079,0.00000,0.00000,0.00000,10.00000,1300.96316,0.00000,0.86550,0.00000,0.00000,0.12162,2.29888,3.58648,0.89474,0.88462,0.66667,0.00000,0.79874,0.00000,0.00000,0.00000,0.00000,1176.78166,-0.02371,-0.11654,0.25859,-0.02336,0.45943,0.79539,-0.06765,0.63821,-0.04214,-0.04088,0.16875,0.32974,0.35562,2.64972,2.83000,0.94211,0.93243,0.80000,0.77812,0.00000,0.13137,2.85913,1.71296,0.98947,0.98571,1.00000
793,0.6875,78053376,39899,0.01357,8.35e-05,0.3938,169.8739,0.00000,0.00000,0.00000,10.00000,1318.11515,0.00000,0.78914,0.00000,0.00000,0.12258,2.32697,3.23811,0.81818,0.77966,0.57143,0.00000,0.80336,0.00000,0.00000,0.00000,0.00000,1158.25920,-0.02348,-0.11481,0.25946,-0.02343,0.46267,0.79999,-0.06701,0.64288,-0.03804,-0.04099,0.16959,0.33163,0.35598,2.38857,1.91454,0.90341,0.89600,0.73333,0.77990,0.00000,0.13036,2.87225,1.77178,0.98864,1.00000,0.87500
794,0.6880,78151680,59152,0.01297,1.10e-04,0.3939,136.9449,0.00000,0.00000,0.00000,10.00000,1313.86372,0.00000,0.75926,0.00000,0.00000,0.12209,2.37403,3.46866,0.85556,0.84615,0.62500,0.00000,0.80772,0.00000,0.00000,0.00000,0.00000,1149.38005,-0.02299,-0.11397,0.26420,-0.02303,0.46541,0.80432,-0.06721,0.65685,-0.04018,-0.04094,0.17334,0.33771,0.35721,2.64720,2.20167,0.92778,0.91870,0.80000,0.78604,0.00000,0.12970,2.91946,1.88892,1.00000,1.00000,1.00000
795,0.6885,78249984,59473,0.01393,1.24e-04,0.3939,131.0402,0.00000,0.00000,0.00000,10.00000,1362.01847,0.00000,0.75231,0.00000,0.00000,0.12158,2.38626,2.96028,0.92708,0.90769,0.90000,0.00000,0.81276,0.00000,0.00000,0.00000,0.00000,1161.10986,-0.02302,-0.11502,0.26529,-0.02304,0.46796,0.80929,-0.06709,0.66094,-0.03991,-0.04093,0.17369,0.33872,0.35794,2.35875,2.80117,0.95312,0.94615,0.89474,0.78969,0.00000,0.12894,2.92201,1.77370,0.97917,0.98462,0.88889
796,0.6889,78348288,59472,0.01581,1.12e-04,0.3940,157.5716,0.00000,0.00000,0.00000,10.00000,1356.45264,0.00000,0.76174,0.00000,0.00000,0.12213,2.41400,3.04176,0.90722,0.88406,0.83333,0.00000,0.81290,0.00000,0.00000,0.00000,0.00000,1146.35872,-0.02279,-0.11359,0.26737,-0.02365,0.46973,0.80935,-0.06743,0.66555,-0.03880,-0.04096,0.17482,0.34129,0.35878,2.46681,2.84000,0.94845,0.93233,0.92308,0.79389,0.00000,0.12869,2.93296,1.90828,0.98969,0.98438,1.00000
797,0.6894,78446592,59458,0.01788,6.82e-05,0.3941,153.9719,0.00000,0.00000,0.00000,10.00000,1332.03516,0.00000,0.76389,0.00000,0.00000,0.12015,2.42664,3.19901,0.94231,0.94366,0.87500,0.00000,0.81644,0.00000,0.00000,0.00000,0.00000,1146.99650,-0.02269,-0.11371,0.26831,-0.02338,0.47210,0.81284,-0.06595,0.66715,-0.03432,-0.04113,0.17484,0.34204,0.35920,2.55607,2.88667,0.97115,0.97203,0.92308,0.79602,0.00000,0.13032,2.93815,1.92097,1.00000,1.00000,1.00000
798,0.6898,78544896,59737,0.01133,8.39e-05,0.3941,159.0329,0.00000,0.00000,0.00000,10.00000,1326.33570,0.00000,0.81369,0.00000,0.00000,0.12226,2.40939,3.30533,0.88889,0.85714,1.00000,0.00000,0.81858,0.00000,0.00000,0.00000,0.00000,1145.82080,-0.02279,-0.11353,0.26733,-0.02375,0.47268,0.81497,-0.06567,0.66207,-0.03794,-0.04122,0.17397,0.34062,0.35942,2.53616,2.70000,0.93939,0.91724,1.00000,0.79710,0.00000,0.12980,2.92623,1.72366,0.98990,0.98529,1.00000
799,0.6903,78643200,59630,0.01262,1.12e-04,0.3942,133.2279,0.00000,0.00000,0.00000,10.00000,1332.38897,0.00000,0.79154,0.00000,0.00000,0.12272,2.41495,3.35699,0.93805,0.93182,0.91667,0.00000,0.81767,0.00000,0.00000,0.00000,0.00000,1145.20964,-0.02281,-0.11352,0.26646,-0.02382,0.47188,0.81409,-0.06518,0.66057,-0.03522,-0.04136,0.17321,0.33965,0.35915,2.61344,2.48182,0.96903,0.96273,0.95652,0.79573,0.00000,0.12943,2.90775,1.79024,1.00000,1.00000,1.00000
800,0.6908,78741504,58758,0.01541,8.05e-05,0.3943,158.9645,0.00000,0.00000,0.00000,10.00000,1295.58704,0.00000,0.89372,0.00000,0.00000,0.12405,2.41916,3.23000,0.90217,0.88462,1.00000,0.00000,0.81556,0.00000,0.00000,0.00000,0.00000,1134.08862,-0.02279,-0.11253,0.26639,-0.02406,0.46980,0.81194,-0.06522,0.66268,-0.03734,-0.04110,0.17400,0.33995,0.35862,2.50459,2.29111,0.94565,0.93243,1.00000,0.79312,0.00000,0.12766,2.90173,1.77919,0.98913,0.98571,1.00000
801,0.6913,78839808,58665,0.01181,1.24e-04,0.3943,149.7195,0.00000,0.00000,0.00000,10.00000,1326.94355,0.00000,0.75000,0.00000,0.00000,0.12192,2.45656,3.56772,0.92500,0.90909,0.87500,0.00000,0.81338,0.00000,0.00000,0.00000,0.00000,1140.87199,-0.02259,-0.11307,0.26816,-0.02310,0.46922,0.80973,-0.06520,0.66803,-0.03240,-0.04101,0.17550,0.34192,0.35835,2.65491,2.73750,0.95000,0.94444,0.88889,0.79176,0.00000,0.12852,2.91447,1.80197,0.97500,0.98113,0.90000
802,0.6917,78938112,59045,0.01515,1.20e-04,0.3944,134.9051,0.00000,0.00000,0.00000,10.00000,1315.35585,0.00000,0.85366,0.00000,0.00000,0.11749,2.46205,3.19525,0.90244,0.87302,1.00000,0.00000,0.81466,0.00000,0.00000,0.00000,0.00000,1132.16813,-0.02241,-0.11220,0.27044,-0.02337,0.46988,0.81114,-0.06595,0.67706,-0.03433,-0.04083,0.17699,0.34453,0.35841,2.45024,3.25200,0.92683,0.90476,1.00000,0.79206,0.00000,0.12965,2.95443,1.76344,0.95122,0.93651,1.00000
803,0.6922,79036416,59337,0.01648,8.35e-05,0.3945,153.4075,0.00000,0.00000,0.00000,10.00000,1298.39888,0.00000,0.80713,0.00000,0.00000,0.11871,2.43973,3.36725,0.90566,0.88158,0.91667,0.00000,0.81530,0.00000,0.00000,0.00000,0.00000,1124.52214,-0.02259,-0.11157,0.26863,-0.02341,0.47107,0.81187,-0.06616,0.67449,-0.03425,-0.04106,0.17632,0.34200,0.35883,2.55629,3.20666,0.94340,0.92857,0.95238,0.79416,0.00000,0.12728,2.94668,1.81057,0.98113,0.97436,1.00000
804,0.6927,79134720,59896,0.01302,9.32e-05,0.3945,151.3165,0.00000,0.00000,0.00000,10.00000,1312.49365,0.00000,0.77546,0.00000,0.00000,0.11977,2.44641,3.27492,0.86458,0.83784,0.83333,0.00000,0.81606,0.00000,0.00000,0.00000,0.00000,1136.65007,-0.02256,-0.11269,0.26902,-0.02306,0.47194,0.81256,-0.06601,0.67454,-0.03452,-0.04124,0.17635,0.34275,0.35937,2.55969,2.71000,0.92708,0.90299,0.90909,0.79687,0.00000,0.12713,2.94348,1.81094,0.98958,0.98333,1.00000
805,0.6931,79233024,57499,0.01356,1.00e-04,0.3945,147.5288,0.00000,0.00000,0.00000,10.00000,1285.26890,0.00000,0.82011,0.00000,0.00000,0.12270,2.44785,3.12430,0.87619,0.85366,0.90000,0.00000,0.81937,0.00000,0.00000,0.00000,0.00000,1137.00627,-0.02251,-0.11279,0.26954,-0.02432,0.47361,0.81586,-0.06530,0.67031,-0.03549,-0.04116,0.17629,0.34405,0.35972,2.44397,2.19474,0.93333,0.91613,0.95000,0.79860,0.00000,0.12831,2.93828,1.78854,0.99048,0.98630,1.00000
806,0.6937,79331328,52299,0.01613,6.99e-05,0.3946,155.4542,0.00000,0.00000,0.00000,10.00000,1334.52078,0.00000,0.78889,0.00000,0.00000,0.12277,2.44807,3.27065,0.92000,0.93243,0.66667,0.00000,0.81866,0.00000,0.00000,0.00000,0.00000,1122.61808,-0.02251,-0.11135,0.26984,-0.02432,0.47465,0.81513,-0.06554,0.67010,-0.03374,-0.04118,0.17583,0.34457,0.35991,2.62510,2.52933,0.95500,0.95775,0.82353,0.79957,0.00000,0.12903,2.93950,1.97105,0.99000,0.98529,1.00000
807,0.6942,79429632,55531,0.01133,8.35e-05,0.3946,149.3508,0.00000,0.00000,0.00000,10.00000,1305.94222,0.00000,0.87384,0.00000,0.00000,0.12130,2.43165,3.32750,0.92708,0.91667,0.85714,0.00000,0.81685,0.00000,0.00000,0.00000,0.00000,1132.64087,-0.02268,-0.11229,0.26839,-0.02390,0.47263,0.81334,-0.06510,0.67048,-0.03569,-0.04114,0.17584,0.34250,0.35912,2.53088,2.36769,0.96354,0.96026,0.92857,0.79559,0.00000,0.12805,2.93723,1.86395,1.00000,1.00000,1.00000
808,0.6947,79527936,54869,0.01253,1.20e-04,0.3946,140.0988,0.00000,0.00000,0.00000,10.00000,1278.33125,0.00000,0.83069,0.00000,0.00000,0.12215,2.42383,3.10696,0.92381,0.90244,1.00000,0.00000,0.81352,0.00000,0.00000,0.00000,0.00000,1109.07284,-0.02263,-0.10994,0.26817,-0.02375,0.47097,0.81004,-0.06567,0.66927,-0.03423,-0.04101,0.17611,0.34228,0.35863,2.50182,2.55692,0.96190,0.94904,1.00000,0.79314,0.00000,0.12756,2.94129,1.88276,1.00000,1.00000,1.00000
809,0.6951,79626240,58141,0.01869,8.59e-05,0.3947,141.8887,0.00000,0.00000,0.00000,10.00000,1326.01420,0.00000,0.78256,0.00000,0.00000,0.12007,2.40872,3.39135,0.94624,0.94366,0.87500,0.00000,0.81166,0.00000,0.00000,0.00000,0.00000,1108.67448,-0.02286,-0.10991,0.26667,-0.02299,0.46953,0.80823,-0.06624,0.66765,-0.03626,-0.04074,0.17501,0.34012,0.35841,2.75986,2.54500,0.96774,0.96183,0.94118,0.79205,0.00000,0.12768,2.92775,2.08261,0.98925,0.98333,1.00000
810,0.6956,79724544,58606,0.01791,6.34e-05,0.3947,155.8710,0.00000,0.00000,0.00000,10.00000,1353.43805,0.00000,0.81121,0.00000,0.00000,0.12015,2.39736,3.22813,0.94690,0.93407,1.00000,0.00000,0.80999,0.00000,0.00000,0.00000,0.00000,1115.24544,-0.02305,-0.11067,0.26408,-0.02289,0.46808,0.80669,-0.06628,0.66173,-0.03237,-0.04091,0.17436,0.33707,0.35788,2.60362,2.78461,0.96903,0.95758,1.00000,0.78942,0.00000,0.12758,2.91232,1.89325,0.99115,0.98649,1.00000
811,0.6961,79822848,57640,0.01366,6.42e-05,0.3947,137.5762,0.00000,0.00000,0.00000,10.00000,1332.58429,0.00000,0.79922,0.00000,0.00000,0.12443,2.37306,3.10025,0.90351,0.86747,1.00000,0.00000,0.81075,0.00000,0.00000,0.00000,0.00000,1107.82007,-0.02302,-0.10985,0.26425,-0.02342,0.46863,0.80738,-0.06568,0.65280,-0.03508,-0.04104,0.17283,0.33688,0.35796,2.50422,2.27467,0.94298,0.92073,1.00000,0.78979,0.00000,0.12902,2.89806,1.96299,0.98246,0.97531,1.00000
812,0.6966,79921152,58180,0.01269,7.70e-05,0.3947,133.4976,0.00000,0.00000,0.00000,10.00000,1335.40800,0.00000,0.77098,0.00000,0.00000,0.12340,2.35872,3.28778,0.88776,0.88571,0.70000,0.00000,0.80714,0.00000,0.00000,0.00000,0.00000,1120.08521,-0.02335,-0.11096,0.26220,-0.02267,0.46620,0.80384,-0.06593,0.65086,-0.03514,-0.04078,0.17118,0.33433,0.35715,2.49779,2.70533,0.93878,0.93382,0.83333,0.78576,0.00000,0.12841,2.87171,1.71863,0.98980,0.98485,1.00000
813,0.6971,80019456,54511,0.01291,9.13e-05,0.3948,149.1169,0.00000,0.00000,0.00000,10.00000,1356.08617,0.00000,0.81930,0.00000,0.00000,0.12335,2.37777,3.28927,0.89899,0.86842,1.00000,0.00000,0.80530,0.00000,0.00000,0.00000,0.00000,1120.11165,-0.02316,-0.11100,0.26226,-0.02260,0.46418,0.80189,-0.06654,0.65214,-0.03414,-0.04066,0.17217,0.33506,0.35674,2.51617,2.31000,0.94949,0.93151,1.00000,0.78370,0.00000,0.12842,2.87797,1.77528,1.00000,1.00000,1.00000
814,0.6976,80117760,54850,0.01216,1.31e-04,0.3948,149.6548,0.00000,0.00000,0.00000,10.00000,1329.18355,0.00000,0.78431,0.00000,0.00000,0.12323,2.40115,3.56738,0.89412,0.88889,0.80000,0.00000,0.80694,0.00000,0.00000,0.00000,0.00000,1137.11629,-0.02294,-0.11275,0.26472,-0.02324,0.46560,0.80353,-0.06609,0.65553,-0.03578,-0.04098,0.17343,0.33773,0.35763,2.77708,2.92250,0.94706,0.94167,0.88889,0.78817,0.00000,0.12967,2.88378,1.98677,1.00000,1.00000,1.00000
815,0.6981,80216064,57079,0.01492,1.31e-04,0.3949,156.6645,0.00000,0.00000,0.00000,10.00000,1309.35115,0.00000,0.79787,0.00000,0.00000,0.12185,2.43742,3.51013,0.92553,0.91549,0.90000,0.00000,0.81158,0.00000,0.00000,0.00000,0.00000,1143.22225,-0.02266,-0.11327,0.26840,-0.02264,0.46730,0.80828,-0.06671,0.66428,-0.03377,-0.04072,0.17554,0.34232,0.35842,2.68571,2.61000,0.95745,0.94815,0.94737,0.79212,0.00000,0.13075,2.93069,1.82694,0.98936,0.98438,1.00000
816,0.6985,80314368,58396,0.01700,9.83e-05,0.3950,133.7679,0.00000,0.00000,0.00000,10.00000,1350.36691,0.00000,0.75163,0.00000,0.00000,0.12090,2.42335,2.98485,0.90588,0.86667,1.00000,0.00000,0.81626,0.00000,0.00000,0.00000,0.00000,1116.79818,-0.02267,-0.11080,0.26805,-0.02331,0.47084,0.81293,-0.06629,0.66712,-0.03434,-0.04071,0.17614,0.34201,0.35908,2.38359,3.09111,0.94706,0.93043,0.94737,0.79541,0.00000,0.12965,2.94452,1.74355,0.98824,1.00000,0.87500
817,0.6990,80412672,58997,0.01516,8.19e-05,0.3951,162.7808,0.00000,0.00000,0.00000,10.00000,1343.43520,0.00000,0.82789,0.00000,0.00000,0.12178,2.43308,3.31863,0.89216,0.85714,1.00000,0.00000,0.81629,0.00000,0.00000,0.00000,0.00000,1118.70703,-0.02245,-0.11104,0.26995,-0.02308,0.47174,0.81292,-0.06620,0.67145,-0.03579,-0.04099,0.17696,0.34413,0.35910,2.44671,2.55428,0.93627,0.91447,1.00000,0.79550,0.00000,0.12876,2.95972,1.60921,0.98039,0.97333,1.00000
818,0.6995,80510976,57452,0.01211,1.25e-04,0.3951,121.9699,0.00000,0.00000,0.00000,10.00000,1356.39565,0.00000,0.69444,0.00000,0.00000,0.12143,2.42607,3.33905,0.92857,0.94667,0.73333,0.00000,0.81827,0.00000,0.00000,0.00000,0.00000,1111.80208,-0.02267,-0.11030,0.26790,-0.02354,0.47246,0.81485,-0.06629,0.66847,-0.03372,-0.04092,0.17578,0.34173,0.35905,2.66524,2.17259,0.96429,0.97143,0.86667,0.79526,0.00000,0.12813,2.93610,1.95775,1.00000,1.00000,1.00000
819,0.7000,80609280,57567,0.01438,1.25e-04,0.3952,165.2384,0.00000,0.00000,0.00000,10.00000,1323.94120,0.00000,0.80048,0.00000,0.00000,0.12396,2.42608,3.17285,0.91398,0.89706,0.88889,0.00000,0.81702,0.00000,0.00000,0.00000,0.00000,1117.81405,-0.02273,-0.11082,0.26702,-0.02321,0.47163,0.81362,-0.06597,0.66326,-0.03319,-0.04087,0.17511,0.34111,0.35894,2.43818,2.40353,0.94086,0.92537,0.94444,0.79470,0.00000,0.12837,2.92085,1.73370,0.96774,0.95455,1.00000
820,0.7005,80707584,57861,0.01534,9.32e-05,0.3953,153.0289,0.00000,0.00000,0.00000,10.00000,1310.03223,0.00000,0.82837,0.00000,0.00000,0.12242,2.41355,3.10977,0.91071,0.90476,0.75000,0.00000,0.81680,0.00000,0.00000,0.00000,0.00000,1104.88965,-0.02281,-0.10958,0.26695,-0.02332,0.47191,0.81324,-0.06486,0.66336,-0.03296,-0.04127,0.17417,0.34056,0.35892,2.48384,2.06125,0.95089,0.94611,0.88235,0.79460,0.00000,0.12928,2.92298,1.89231,0.99107,0.98795,1.00000
821,0.7013,80805888,32384,0.01140,1.34e-04,0.3954,137.1676,0.00000,0.00000,0.00000,10.00000,1290.81181,0.00000,0.85470,0.00000,0.00000,0.12203,2.42453,3.25171,0.90110,0.87500,1.00000,0.00000,0.81258,0.00000,0.00000,0.00000,0.00000,1110.35628,-0.02288,-0.11009,0.26768,-0.02374,0.46890,0.80909,-0.06554,0.66645,-0.03471,-0.04064,0.17510,0.34130,0.35811,2.55915,2.26000,0.93956,0.92143,1.00000,0.79055,0.00000,0.12849,2.91930,1.87634,0.97802,0.97059,1.00000
822,0.7021,80904192,33717,0.01946,8.05e-05,0.3954,137.6229,0.00000,0.00000,0.00000,10.00000,1371.05176,0.00000,0.79167,0.00000,0.00000,0.12187,2.44063,3.07803,0.95000,0.94737,0.87500,0.00000,0.81021,0.00000,0.00000,0.00000,0.00000,1118.52490,-0.02283,-0.11087,0.26828,-0.02304,0.46715,0.80658,-0.06630,0.66822,-0.03290,-0.04071,0.17596,0.34199,0.35798,2.42646,2.38375,0.97500,0.97368,0.94118,0.78991,0.00000,0.12822,2.92592,1.82424,1.00000,1.00000,1.00000
823,0.7029,81002496,36877,0.01188,1.16e-04,0.3954,135.9552,0.00000,0.00000,0.00000,10.00000,1287.86919,0.00000,0.85917,0.00000,0.00000,0.12036,2.46061,3.25676,0.94186,0.92754,1.00000,0.00000,0.81382,0.00000,0.00000,0.00000,0.00000,1122.50358,-0.02256,-0.11129,0.27101,-0.02305,0.46902,0.81017,-0.06632,0.67614,-0.03448,-0.04062,0.17731,0.34540,0.35869,2.59924,2.74857,0.94767,0.93233,1.00000,0.79346,0.00000,0.12851,2.95873,1.90062,0.95349,0.93750,1.00000
824,0.7035,81100800,46085,0.01483,1.01e-04,0.3955,139.6046,0.00000,0.00000,0.00000,10.00000,1379.74639,0.00000,0.73184,0.00000,0.00000,0.11920,2.44153,3.34740,0.93269,0.91781,0.85714,0.00000,0.82101,0.00000,0.00000,0.00000,0.00000,1118.08309,-0.02261,-0.11098,0.27080,-0.02341,0.47339,0.81735,-0.06645,0.67557,-0.03380,-0.04094,0.17663,0.34512,0.35967,2.61644,2.56750,0.96154,0.94891,0.94118,0.79837,0.00000,0.12918,2.97572,1.88548,0.99038,0.98438,1.00000
825,0.7039,81199104,57578,0.01271,1.03e-04,0.3955,148.2730,0.00000,0.00000,0.00000,10.00000,1362.87672,0.00000,0.77778,0.00000,0.00000,0.12213,2.44161,3.27688,0.93000,0.90667,1.00000,0.00000,0.82174,0.00000,0.00000,0.00000,0.00000,1132.98600,-0.02264,-0.11241,0.27044,-0.02299,0.47403,0.81802,-0.06699,0.67432,-0.03495,-0.04118,0.17686,0.34502,0.35996,2.50805,1.67857,0.96500,0.95000,1.00000,0.79978,0.00000,0.12734,2.97357,1.68583,1.00000,1.00000,1.00000
826,0.7044,81297408,57607,0.01655,6.42e-05,0.3955,132.9222,0.00000,0.00000,0.00000,10.00000,1291.94673,0.00000,0.77249,0.00000,0.00000,0.11980,2.43341,3.38266,0.87619,0.85333,0.83333,0.00000,0.82373,0.00000,0.00000,0.00000,0.00000,1134.54810,-0.02267,-0.11254,0.26995,-0.02344,0.47492,0.82002,-0.06641,0.67351,-0.03711,-0.04109,0.17605,0.34369,0.36038,2.56771,2.40631,0.91905,0.90411,0.86364,0.80191,0.00000,0.12835,2.96457,1.78410,0.96190,0.95775,0.90000
827,0.7049,81395712,57570,0.01340,6.82e-05,0.3956,165.8478,0.00000,0.00000,0.00000,10.00000,1372.35118,0.00000,0.76458,0.00000,0.00000,0.12282,2.45712,2.96943,0.88119,0.83333,1.00000,0.00000,0.82369,0.00000,0.00000,0.00000,0.00000,1116.56576,-0.02250,-0.11078,0.27158,-0.02388,0.47445,0.81994,-0.06556,0.67465,-0.03502,-0.04112,0.17724,0.34561,0.35975,2.39128,2.80666,0.93564,0.90647,1.00000,0.79874,0.00000,0.12742,2.95887,1.81314,0.99010,0.98507,1.00000
828,0.7054,81494016,57573,0.01090,1.04e-04,0.3956,159.3371,0.00000,0.00000,0.00000,10.00000,1364.39732,0.00000,0.80499,0.00000,0.00000,0.12179,2.47239,3.13846,0.96939,1.00000,0.62500,0.00000,0.82327,0.00000,0.00000,0.00000,0.00000,1108.93075,-0.02247,-0.10996,0.27150,-0.02368,0.47573,0.81953,-0.06491,0.67559,-0.03456,-0.04105,0.17683,0.34535,0.36030,2.41922,2.48667,0.98469,1.00000,0.80000,0.80152,0.00000,0.12772,2.93991,1.68105,1.00000,1.00000,1.00000
829,0.7059,81592320,57316,0.01820,7.23e-05,0.3956,154.3933,0.00000,0.00000,0.00000,10.00000,1308.48438,0.00000,0.79444,0.00000,0.00000,0.12196,2.48318,3.36948,0.92000,0.91892,0.81818,0.00000,0.82281,0.00000,0.00000,0.00000,0.00000,1124.04517,-0.02248,-0.11144,0.27160,-0.02392,0.47393,0.81907,-0.06501,0.67706,-0.03466,-0.04125,0.17677,0.34557,0.35988,2.57771,2.48421,0.95500,0.95105,0.90476,0.79942,0.00000,0.12696,2.93332,1.79595,0.99000,0.98551,1.00000
830,0.7064,81690624,57488,0.01601,4.66e-05,0.3957,146.5588,0.00000,0.00000,0.00000,10.00000,1396.71924,0.00000,0.77193,0.00000,0.00000,0.12226,2.47633,3.15658,0.98947,1.00000,0.87500,0.00000,0.81951,0.00000,0.00000,0.00000,0.00000,1112.18132,-0.02245,-0.11026,0.27094,-0.02335,0.47324,0.81585,-0.06536,0.67411,-0.03210,-0.04096,0.17625,0.34477,0.35964,2.50149,2.65000,0.98421,0.98485,0.94118,0.79820,0.00000,0.12739,2.92308,1.80028,0.97895,0.96825,1.00000
831,0.7069,81788928,54835,0.00987,6.42e-05,0.3957,159.3283,0.00000,0.00000,0.00000,10.00000,1335.12850,0.00000,0.82555,0.00000,0.00000,0.11853,2.44583,3.26093,0.92523,0.92857,0.75000,0.00000,0.81660,0.00000,0.00000,0.00000,0.00000,1115.01709,-0.02273,-0.11056,0.26818,-0.02299,0.47099,0.81292,-0.06516,0.67228,-0.03295,-0.04081,0.17551,0.34098,0.35874,2.49497,2.67500,0.96262,0.96226,0.85714,0.79372,0.00000,0.12741,2.91439,1.68173,1.00000,1.00000,1.00000
832,0.7077,81887232,33204,0.01176,8.35e-05,0.3958,124.7036,0.00000,0.00000,0.00000,10.00000,1346.18271,0.00000,0.80197,0.00000,0.00000,0.12135,2.40850,2.84918,0.89516,0.89000,0.77778,0.00000,0.81693,0.00000,0.00000,0.00000,0.00000,1112.78304,-0.02301,-0.11037,0.26532,-0.02302,0.47108,0.81323,-0.06539,0.66116,-0.03194,-0.04088,0.17328,0.33781,0.35901,2.41135,2.48933,0.94758,0.93855,0.88235,0.79505,0.00000,0.12774,2.89701,1.91816,1.00000,1.00000,1.00000
833,0.7082,81985536,57701,0.01241,1.11e-04,0.3958,160.7818,0.00000,0.00000,0.00000,10.00000,1332.60165,0.00000,0.78027,0.00000,0.00000,0.12137,2.39102,3.41619,0.88764,0.85714,0.87500,0.00000,0.81548,0.00000,0.00000,0.00000,0.00000,1132.22396,-0.02312,-0.11218,0.26343,-0.02331,0.46941,0.81177,-0.06602,0.65570,-0.03232,-0.04108,0.17181,0.33566,0.35874,2.60504,2.41428,0.94382,0.92800,0.92857,0.79368,0.00000,0.12831,2.88183,1.85353,1.00000,1.00000,1.00000
834,0.7087,82083840,56637,0.01769,4.83e-05,0.3959,156.5536,0.00000,0.00000,0.00000,10.00000,1352.70669,0.00000,0.78947,0.00000,0.00000,0.12186,2.39554,3.26286,0.91228,0.87654,1.00000,0.00000,0.80910,0.00000,0.00000,0.00000,0.00000,1109.07585,-0.02302,-0.10995,0.26484,-0.02375,0.46635,0.80550,-0.06579,0.65995,-0.03291,-0.04089,0.17261,0.33728,0.35719,2.50000,2.07167,0.95614,0.93827,1.00000,0.78593,0.00000,0.12731,2.89474,1.82483,1.00000,1.00000,1.00000
835,0.7091,82182144,57003,0.01130,6.96e-05,0.3959,136.1345,0.00000,0.00000,0.00000,10.00000,1356.91470,0.00000,0.71321,0.00000,0.00000,0.12044,2.39097,3.33577,0.93243,0.91667,0.85714,0.00000,0.80730,0.00000,0.00000,0.00000,0.00000,1127.89469,-0.02318,-0.11193,0.26409,-0.02310,0.46485,0.80369,-0.06610,0.66162,-0.03407,-0.04077,0.17302,0.33671,0.35718,2.57358,2.25500,0.96622,0.95789,0.94118,0.78588,0.00000,0.12715,2.90067,1.87824,1.00000,1.00000,1.00000
836,0.7096,82280448,57517,0.01201,1.00e-04,0.3960,128.7816,0.00000,0.00000,0.00000,10.00000,1331.97981,0.00000,0.79900,0.00000,0.00000,0.11903,2.40299,2.84743,0.88764,0.86957,0.87500,0.00000,0.80603,0.00000,0.00000,0.00000,0.00000,1138.49780,-0.02298,-0.11283,0.26489,-0.02302,0.46452,0.80242,-0.06644,0.66547,-0.03542,-0.04087,0.17442,0.33771,0.35671,2.30910,2.07428,0.93258,0.91406,0.93333,0.78356,0.00000,0.12721,2.91758,1.72031,0.97753,0.96610,1.00000
837,0.7101,82378752,56482,0.01491,1.10e-04,0.3960,131.0887,0.00000,0.00000,0.00000,10.00000,1290.62132,0.00000,0.79739,0.00000,0.00000,0.12169,2.40256,3.30776,0.89412,0.85484,1.00000,0.00000,0.81225,0.00000,0.00000,0.00000,0.00000,1136.53589,-0.02295,-0.11277,0.26649,-0.02316,0.46837,0.80862,-0.06666,0.66455,-0.03346,-0.04079,0.17431,0.33935,0.35775,2.57179,2.69700,0.94706,0.92623,1.00000,0.78877,0.00000,0.12746,2.94096,1.83582,1.00000,1.00000,1.00000
838,0.7106,82477056,55744,0.01518,1.16e-04,0.3961,145.4747,0.00000,0.00000,0.00000,10.00000,1356.55359,0.00000,0.84631,0.00000,0.00000,0.12136,2.41318,3.28190,0.93458,0.92857,0.83333,0.00000,0.81855,0.00000,0.00000,0.00000,0.00000,1143.28589,-0.02281,-0.11338,0.26879,-0.02422,0.47191,0.81477,-0.06587,0.66834,-0.03646,-0.04120,0.17593,0.34296,0.35907,2.51138,2.87000,0.96729,0.96319,0.90000,0.79534,0.00000,0.12940,2.96880,1.73157,1.00000,1.00000,1.00000
839,0.7111,82575360,57037,0.01418,9.66e-05,0.3962,160.1070,0.00000,0.00000,0.00000,10.00000,1337.25865,0.00000,0.74901,0.00000,0.00000,0.12567,2.41683,3.15956,0.93750,0.91026,1.00000,0.00000,0.82331,0.00000,0.00000,0.00000,0.00000,1132.99308,-0.02273,-0.11237,0.26879,-0.02463,0.47465,0.81957,-0.06551,0.66311,-0.03206,-0.04141,0.17557,0.34316,0.36030,2.46878,2.14941,0.96875,0.95364,1.00000,0.80149,0.00000,0.12912,2.95622,1.76247,1.00000,1.00000,1.00000
840,0.7116,82673664,56862,0.01378,1.00e-04,0.3963,150.7809,0.00000,0.00000,0.00000,10.00000,1312.10442,0.00000,0.78658,0.00000,0.00000,0.12645,2.42441,3.46933,0.88119,0.85526,0.87500,0.00000,0.82060,0.00000,0.00000,0.00000,0.00000,1118.71411,-0.02259,-0.11093,0.26982,-0.02431,0.47503,0.81678,-0.06557,0.66395,-0.03521,-0.04123,0.17545,0.34432,0.36040,2.70186,2.73500,0.92574,0.91608,0.81250,0.80201,0.00000,0.12943,2.94746,1.93440,0.97030,0.98507,0.75000
841,0.7123,82771968,37476,0.01383,1.24e-04,0.3963,155.6069,0.00000,0.00000,0.00000,10.00000,1331.74876,0.00000,0.82508,0.00000,0.00000,0.12433,2.41181,3.10366,0.93069,0.91358,1.00000,0.00000,0.81680,0.00000,0.00000,0.00000,0.00000,1117.72949,-0.02288,-0.11083,0.26716,-0.02376,0.47239,0.81299,-0.06563,0.66209,-0.03410,-0.04127,0.17404,0.34085,0.35904,2.52308,2.43833,0.96040,0.94667,1.00000,0.79519,0.00000,0.12853,2.91898,1.87973,0.99010,0.98551,1.00000
842,0.7129,82870272,44301,0.02063,5.83e-05,0.3964,148.4014,0.00000,0.00000,0.00000,10.00000,1371.06884,0.00000,0.79012,0.00000,0.00000,0.12300,2.39456,3.00941,0.96667,0.96825,0.85714,0.00000,0.81052,0.00000,0.00000,0.00000,0.00000,1137.51514,-0.02288,-0.11274,0.26583,-0.02325,0.46889,0.80682,-0.06565,0.66150,-0.03839,-0.04102,0.17373,0.33869,0.35807,2.44759,2.36545,0.97778,0.97656,0.91667,0.79036,0.00000,0.12756,2.91386,1.89391,0.98889,0.98462,1.00000
843,0.7134,82968576,57256,0.01129,8.39e-05,0.3964,145.1162,0.00000,0.00000,0.00000,10.00000,1322.97579,0.00000,0.76132,0.00000,0.00000,0.12319,2.41417,3.17866,0.90123,0.89831,0.75000,0.00000,0.80951,0.00000,0.00000,0.00000,0.00000,1125.93766,-0.02277,-0.11162,0.26798,-0.02417,0.46742,0.80583,-0.06556,0.66476,-0.03528,-0.04091,0.17502,0.34070,0.35755,2.52729,2.48500,0.93827,0.92793,0.85714,0.78774,0.00000,0.12763,2.92939,1.85345,0.97531,0.96154,1.00000
844,0.7139,83066880,57492,0.01251,1.03e-04,0.3965,139.2455,0.00000,0.00000,0.00000,10.00000,1360.04230,0.00000,0.74074,0.00000,0.00000,0.12120,2.44394,3.37403,0.89655,0.86207,0.85714,0.00000,0.81366,0.00000,0.00000,0.00000,0.00000,1131.93132,-0.02253,-0.11236,0.27057,-0.02455,0.46976,0.80986,-0.06564,0.67444,-0.03554,-0.04105,0.17614,0.34426,0.35818,2.52667,2.93143,0.94828,0.93103,0.93333,0.79089,0.00000,0.12767,2.95712,1.79485,1.00000,1.00000,1.00000
845,0.7144,83165184,56543,0.01446,1.19e-04,0.3965,151.6520,0.00000,0.00000,0.00000,10.00000,1368.29718,0.00000,0.78658,0.00000,0.00000,0.12324,2.43699,3.31567,0.92079,0.92208,0.60000,0.00000,0.82037,0.00000,0.00000,0.00000,0.00000,1152.56006,-0.02251,-0.11439,0.27046,-0.02435,0.47476,0.81659,-0.06564,0.67067,-0.03558,-0.04158,0.17644,0.34456,0.35983,2.54354,2.80000,0.96040,0.95804,0.83333,0.79916,0.00000,0.12831,2.95926,1.76082,1.00000,1.00000,1.00000
846,0.7149,83263488,56982,0.01545,8.05e-05,0.3966,159.0552,0.00000,0.00000,0.00000,10.00000,1348.90083,0.00000,0.79932,0.00000,0.00000,0.12264,2.45055,3.04486,0.93878,0.92958,0.87500,0.00000,0.82318,0.00000,0.00000,0.00000,0.00000,1146.81348,-0.02234,-0.11376,0.27200,-0.02443,0.47621,0.81924,-0.06533,0.67561,-0.03366,-0.04165,0.17761,0.34702,0.36050,2.41046,2.12875,0.96429,0.95745,0.94118,0.80251,0.00000,0.12870,2.98398,1.81620,0.98980,0.98571,1.00000
847,0.7154,83361792,56995,0.01206,1.00e-04,0.3967,155.4981,0.00000,0.00000,0.00000,10.00000,1353.74713,0.00000,0.72885,0.00000,0.00000,0.12147,2.45012,3.53616,0.88991,0.86111,0.80000,0.00000,0.82701,0.00000,0.00000,0.00000,0.00000,1112.01408,-0.02223,-0.11034,0.27189,-0.02429,0.47840,0.82306,-0.06465,0.67666,-0.03199,-0.04162,0.17740,0.34684,0.36132,2.72868,3.09647,0.94037,0.92308,0.89474,0.80662,0.00000,0.12887,2.98848,1.98253,0.99083,0.98592,1.00000
848,0.7159,83460096,56595,0.01331,1.09e-04,0.3967,165.7366,0.00000,0.00000,0.00000,10.00000,1309.44053,0.00000,0.82524,0.00000,0.00000,0.12238,2.43442,3.35233,0.89320,0.86667,0.87500,0.00000,0.82331,0.00000,0.00000,0.00000,0.00000,1104.64722,-0.02255,-0.10970,0.27064,-0.02403,0.47581,0.81949,-0.06533,0.67539,-0.03407,-0.04132,0.17651,0.34503,0.36032,2.59497,2.54833,0.94175,0.92810,0.92308,0.80159,0.00000,0.12687,2.97393,1.92073,0.99029,0.98718,1.00000
849,0.7164,83558400,55787,0.01430,1.11e-04,0.3967,140.9286,0.00000,0.00000,0.00000,10.00000,1343.10651,0.00000,0.74830,0.00000,0.00000,0.12328,2.42038,3.33577,0.89796,0.87143,0.90000,0.00000,0.81688,0.00000,0.00000,0.00000,0.00000,1108.21053,-0.02283,-0.10993,0.26747,-0.02340,0.47165,0.81304,-0.06515,0.66768,-0.03215,-0.04123,0.17512,0.34084,0.35897,2.50255,2.95059,0.94898,0.93182,0.94444,0.79487,0.00000,0.12606,2.93109,1.65743,1.00000,1.00000,1.00000
850,0.7170,83656704,48119,0.01425,1.12e-04,0.3968,139.9871,0.00000,0.00000,0.00000,10.00000,1314.22680,0.00000,0.80808,0.00000,0.00000,0.12291,2.42335,3.25714,0.89899,0.87013,1.00000,0.00000,0.81296,0.00000,0.00000,0.00000,0.00000,1124.56958,-0.02283,-0.11153,0.26708,-0.02333,0.46919,0.80908,-0.06484,0.66500,-0.03249,-0.04119,0.17413,0.34018,0.35811,2.51355,2.53647,0.94949,0.93056,1.00000,0.79054,0.00000,0.12717,2.91072,1.75013,1.00000,1.00000,1.00000
851,0.7177,83755008,35307,0.01521,1.12e-04,0.3968,146.9044,0.00000,0.00000,0.00000,10.00000,1272.99471,0.00000,0.80440,0.00000,0.00000,0.12157,2.43847,3.59846,0.84375,0.80822,0.83333,0.00000,0.81143,0.00000,0.00000,0.00000,0.00000,1128.33789,-0.02285,-0.11188,0.26701,-0.02298,0.46813,0.80758,-0.06473,0.66550,-0.03044,-0.04116,0.17477,0.34023,0.35820,2.66652,1.98167,0.91667,0.89209,0.92308,0.79102,0.00000,0.12805,2.90915,1.83671,0.98958,0.98485,1.00000
852,0.7187,83853312,29976,0.01329,1.12e-04,0.3969,144.9785,0.00000,0.00000,0.00000,10.00000,1379.56663,0.00000,0.77568,0.00000,0.00000,0.12152,2.43638,3.02148,0.94340,0.92308,1.00000,0.00000,0.81153,0.00000,0.00000,0.00000,0.00000,1138.45003,-0.02280,-0.11276,0.26717,-0.02316,0.46945,0.80766,-0.06484,0.66580,-0.03380,-0.04137,0.17441,0.34064,0.35824,2.43333,2.54947,0.97170,0.95946,1.00000,0.79122,0.00000,0.12831,2.90291,1.84518,1.00000,1.00000,1.00000
853,0.7192,83951616,55622,0.01403,1.11e-04,0.3969,164.8464,0.00000,0.00000,0.00000,10.00000,1311.64690,0.00000,0.84427,0.00000,0.00000,0.12058,2.39562,3.16615,0.88976,0.86408,1.00000,0.00000,0.81311,0.00000,0.00000,0.00000,0.00000,1118.19767,-0.02313,-0.11092,0.26265,-0.02382,0.46965,0.80928,-0.06475,0.65772,-0.03319,-0.04151,0.17143,0.33594,0.35846,2.46287,2.38421,0.93307,0.91192,1.00000,0.79232,0.00000,0.12841,2.87664,1.71653,0.97638,0.96667,1.00000
854,0.7196,84049920,59401,0.01307,1.33e-04,0.3970,144.9507,0.00000,0.00000,0.00000,10.00000,1336.48783,0.00000,0.84625,0.00000,0.00000,0.11945,2.38761,2.92300,0.88372,0.84848,1.00000,0.00000,0.80654,0.00000,0.00000,0.00000,0.00000,1125.49121,-0.02320,-0.11165,0.26214,-0.02356,0.46621,0.80272,-0.06493,0.65856,-0.03322,-0.04115,0.17118,0.33529,0.35709,2.29937,3.07428,0.93605,0.91603,1.00000,0.78545,0.00000,0.12828,2.87301,1.74912,0.98837,0.98462,1.00000
855,0.7201,84148224,58419,0.01599,9.12e-05,0.3970,153.2979,0.00000,0.00000,0.00000,10.00000,1329.58098,0.00000,0.87073,0.00000,0.00000,0.12191,2.38269,2.87452,0.92308,0.91765,0.80000,0.00000,0.80319,0.00000,0.00000,0.00000,0.00000,1136.89616,-0.02335,-0.11270,0.26119,-0.02331,0.46309,0.79933,-0.06478,0.65460,-0.03347,-0.04121,0.17050,0.33370,0.35625,2.36301,3.01000,0.95673,0.95706,0.77778,0.78126,0.00000,0.12662,2.85882,1.83902,0.99038,1.00000,0.75000
856,0.7206,84246528,59983,0.01376,7.70e-05,0.3970,135.6538,0.00000,0.00000,0.00000,10.00000,1329.15485,0.00000,0.69088,0.00000,0.00000,0.12258,2.40249,3.37930,0.91026,0.86538,1.00000,0.00000,0.80718,0.00000,0.00000,0.00000,0.00000,1157.39941,-0.02313,-0.11474,0.26287,-0.02337,0.46415,0.80324,-0.06518,0.65616,-0.03217,-0.04124,0.17145,0.33640,0.35722,2.62757,3.03809,0.94231,0.90722,1.00000,0.78611,0.00000,0.12815,2.87665,1.83407,0.97436,0.95556,1.00000
857,0.7210,84344832,59865,0.01108,1.11e-04,0.3971,138.4770,0.00000,0.00000,0.00000,10.00000,1348.88258,0.00000,0.78108,0.00000,0.00000,0.12301,2.42239,3.36108,0.94059,0.91429,1.00000,0.00000,0.81023,0.00000,0.00000,0.00000,0.00000,1146.25008,-0.02272,-0.11371,0.26720,-0.02494,0.46670,0.80628,-0.06509,0.66221,-0.03095,-0.04151,0.17307,0.34174,0.35781,2.50519,2.00353,0.96040,0.94366,1.00000,0.78906,0.00000,0.13023,2.91877,1.71350,0.98020,0.97222,1.00000
858,0.7215,84443136,59799,0.01352,1.24e-04,0.3972,132.3614,0.00000,0.00000,0.00000,10.00000,1370.92820,0.00000,0.73413,0.00000,0.00000,0.12128,2.42286,3.12271,0.88095,0.85965,0.80000,0.00000,0.81333,0.00000,0.00000,0.00000,0.00000,1157.25000,-0.02274,-0.11474,0.26854,-0.02420,0.46984,0.80940,-0.06479,0.66707,-0.03216,-0.04133,0.17409,0.34320,0.35870,2.45603,2.91125,0.94048,0.92793,0.88889,0.79349,0.00000,0.13059,2.94078,1.82161,1.00000,1.00000,1.00000
859,0.7219,84541440,60127,0.01618,9.66e-05,0.3972,140.5626,0.00000,0.00000,0.00000,10.00000,1378.46693,0.00000,0.74973,0.00000,0.00000,0.12154,2.42390,3.29833,0.94175,0.91176,1.00000,0.00000,0.81723,0.00000,0.00000,0.00000,0.00000,1150.84668,-0.02260,-0.11414,0.26853,-0.02539,0.47210,0.81321,-0.06479,0.66736,-0.03019,-0.04160,0.17391,0.34369,0.35920,2.56853,2.59750,0.96602,0.94964,1.00000,0.79599,0.00000,0.13076,2.95772,1.89487,0.99029,0.98592,1.00000
860,0.7224,84639744,59430,0.01347,1.39e-04,0.3973,171.4984,0.00000,0.00000,0.00000,10.00000,1318.64732,0.00000,0.76720,0.00000,0.00000,0.12384,2.42100,2.95325,0.89524,0.89610,0.80000,0.00000,0.81868,0.00000,0.00000,0.00000,0.00000,1137.49072,-0.02260,-0.11274,0.26920,-0.02499,0.47372,0.81464,-0.06403,0.66618,-0.03321,-0.04174,0.17449,0.34437,0.35956,2.33506,2.21500,0.94762,0.94483,0.90000,0.79779,0.00000,0.13023,2.95283,1.71687,1.00000,1.00000,1.00000
861,0.7229,84738048,59529,0.01665,1.04e-04,0.3973,150.9884,0.00000,0.00000,0.00000,10.00000,1329.73963,0.00000,0.80629,0.00000,0.00000,0.12404,2.44192,3.39865,0.90265,0.89655,0.77778,0.00000,0.81873,0.00000,0.00000,0.00000,0.00000,1145.46826,-0.02248,-0.11347,0.27149,-0.02569,0.47379,0.81458,-0.06319,0.66845,-0.03382,-0.04185,0.17546,0.34678,0.36004,2.58416,2.59066,0.95133,0.94512,0.87500,0.80022,0.00000,0.13144,2.95642,1.72119,1.00000,1.00000,1.00000
862,0.7233,84836352,57801,0.01397,1.00e-04,0.3974,141.1018,0.00000,0.00000,0.00000,10.00000,1373.88043,0.00000,0.79710,0.00000,0.00000,0.12272,2.43553,3.21270,0.91304,0.87500,1.00000,0.00000,0.81953,0.00000,0.00000,0.00000,0.00000,1123.83529,-0.02251,-0.11146,0.26941,-0.02516,0.47482,0.81546,-0.06376,0.66597,-0.02944,-0.04181,0.17444,0.34356,0.36042,2.44963,2.89818,0.95652,0.93939,1.00000,0.80211,0.00000,0.13071,2.94001,1.80000,1.00000,1.00000,1.00000
863,0.7238,84934656,59779,0.01359,1.33e-04,0.3974,154.5515,0.00000,0.00000,0.00000,10.00000,1281.75524,0.00000,0.83333,0.00000,0.00000,0.12088,2.44703,3.09323,0.85227,0.82353,0.87500,0.00000,0.81670,0.00000,0.00000,0.00000,0.00000,1134.24023,-0.02228,-0.11246,0.27096,-0.02473,0.47394,0.81259,-0.06378,0.67488,-0.03414,-0.04143,0.17586,0.34539,0.35942,2.45470,2.44769,0.90909,0.88636,0.92857,0.79710,0.00000,0.12925,2.95702,1.83522,0.96591,0.95312,1.00000
864,0.7243,85032960,59852,0.01399,1.58e-04,0.3975,148.6864,0.00000,0.00000,0.00000,10.00000,1374.78733,0.00000,0.79561,0.00000,0.00000,0.11987,2.45856,3.07754,0.91358,0.87931,1.00000,0.00000,0.81598,0.00000,0.00000,0.00000,0.00000,1149.66797,-0.02232,-0.11402,0.27155,-0.02498,0.47225,0.81182,-0.06438,0.67696,-0.03392,-0.04137,0.17677,0.34689,0.35915,2.44840,2.23250,0.95679,0.93966,1.00000,0.79573,0.00000,0.13036,2.96773,1.87000,1.00000,1.00000,1.00000
865,0.7247,85131264,60028,0.01972,9.31e-05,0.3975,139.2377,0.00000,0.00000,0.00000,10.00000,1349.94137,0.00000,0.77892,0.00000,0.00000,0.12111,2.48212,3.19135,0.90722,0.87671,1.00000,0.00000,0.82286,0.00000,0.00000,0.00000,0.00000,1137.44132,-0.02206,-0.11277,0.27427,-0.02525,0.47519,0.81861,-0.06517,0.68038,-0.03389,-0.04142,0.17797,0.34999,0.36020,2.46979,2.35882,0.94845,0.92647,1.00000,0.80102,0.00000,0.13062,2.98997,1.71775,0.98969,0.98413,1.00000
866,0.7252,85229568,59889,0.01261,9.13e-05,0.3976,143.6093,0.00000,0.00000,0.00000,10.00000,1339.45044,0.00000,0.77658,0.00000,0.00000,0.12058,2.46848,3.43043,0.92473,0.91549,0.75000,0.00000,0.82597,0.00000,0.00000,0.00000,0.00000,1126.45785,-0.02223,-0.11161,0.27250,-0.02468,0.47771,0.82162,-0.06456,0.68058,-0.03748,-0.04147,0.17765,0.34819,0.36073,2.71579,2.00250,0.96237,0.95385,0.88889,0.80363,0.00000,0.12902,2.96875,1.94531,1.00000,1.00000,1.00000
867,0.7257,85327872,58796,0.01561,7.25e-05,0.3976,146.0877,0.00000,0.00000,0.00000,10.00000,1312.54836,0.00000,0.78836,0.00000,0.00000,0.12028,2.47994,3.46351,0.89524,0.86111,0.91667,0.00000,0.82540,0.00000,0.00000,0.00000,0.00000,1144.94727,-0.02231,-0.11349,0.27141,-0.02457,0.47681,0.82112,-0.06442,0.67826,-0.03527,-0.04165,0.17700,0.34627,0.36079,2.56506,2.75789,0.93810,0.91946,0.95000,0.80397,0.00000,0.12842,2.94888,1.77357,0.98095,0.97403,1.00000
868,0.7261,85426176,59722,0.01671,4.40e-05,0.3976,134.1629,0.00000,0.00000,0.00000,10.00000,1283.10305,0.00000,0.86111,0.00000,0.00000,0.12237,2.48148,3.19538,0.89000,0.86250,1.00000,0.00000,0.82503,0.00000,0.00000,0.00000,0.00000,1137.20687,-0.02236,-0.11274,0.27169,-0.02550,0.47765,0.82084,-0.06373,0.67519,-0.03507,-0.04166,0.17669,0.34713,0.36118,2.44160,2.39111,0.94000,0.92258,1.00000,0.80592,0.00000,0.12949,2.93477,1.74167,0.99000,0.98667,1.00000
869,0.7266,85524480,59315,0.00961,7.61e-05,0.3977,141.7279,0.00000,0.00000,0.00000,10.00000,1319.31850,0.00000,0.80357,0.00000,0.00000,0.12051,2.49917,3.20420,0.87500,0.85227,0.83333,0.00000,0.82535,0.00000,0.00000,0.00000,0.00000,1127.15015,-0.02245,-0.11175,0.27106,-0.02447,0.47721,0.82118,-0.06378,0.67774,-0.03349,-0.04155,0.17622,0.34601,0.36134,2.46432,2.29231,0.93304,0.91358,0.92857,0.80671,0.00000,0.12854,2.92442,1.72444,0.99107,0.98649,1.00000
870,0.7271,85622784,58555,0.01228,8.70e-05,0.3977,140.6438,0.00000,0.00000,0.00000,10.00000,1329.02531,0.00000,0.79710,0.00000,0.00000,0.12061,2.52351,3.29853,0.91304,0.89552,0.88889,0.00000,0.82522,0.00000,0.00000,0.00000,0.00000,1110.48128,-0.02228,-0.11013,0.27141,-0.02469,0.47673,0.82103,-0.06381,0.67991,-0.02819,-0.04140,0.17726,0.34756,0.36144,2.54042,2.63529,0.95652,0.94697,0.94444,0.80722,0.00000,0.12886,2.92593,1.84378,1.00000,1.00000,1.00000
871,0.7275,85721088,58557,0.01338,8.35e-05,0.3978,123.2302,0.00000,0.00000,0.00000,10.00000,1365.68998,0.00000,0.73157,0.00000,0.00000,0.11850,2.50516,3.39943,0.91089,0.86567,1.00000,0.00000,0.82105,0.00000,0.00000,0.00000,0.00000,1125.72127,-0.02256,-0.11155,0.27006,-0.02375,0.47403,0.81684,-0.06390,0.67896,-0.03102,-0.04148,0.17625,0.34491,0.36004,2.55753,2.72000,0.95050,0.92481,1.00000,0.80022,0.00000,0.12824,2.91383,1.78210,0.99010,0.98485,1.00000
872,0.7280,85819392,58952,0.01265,1.03e-04,0.3978,121.2201,0.00000,0.00000,0.00000,10.00000,1373.09107,0.00000,0.79686,0.00000,0.00000,0.11887,2.48537,2.96310,0.94949,0.94118,0.85714,0.00000,0.81707,0.00000,0.00000,0.00000,0.00000,1122.29484,-0.02255,-0.11125,0.26949,-0.02346,0.47191,0.81283,-0.06425,0.67681,-0.03037,-0.04133,0.17542,0.34427,0.35928,2.29908,2.79384,0.97475,0.97183,0.92857,0.79638,0.00000,0.12838,2.92027,1.71704,1.00000,1.00000,1.00000
873,0.7285,85917696,58921,0.01356,1.24e-04,0.3979,148.8404,0.00000,0.00000,0.00000,10.00000,1359.38711,0.00000,0.79580,0.00000,0.00000,0.11804,2.46453,3.05225,0.92793,0.91139,0.88889,0.00000,0.81754,0.00000,0.00000,0.00000,0.00000,1120.32259,-0.02265,-0.11114,0.26804,-0.02402,0.47231,0.81333,-0.06424,0.67355,-0.03104,-0.04141,0.17433,0.34257,0.35987,2.40084,2.22133,0.95946,0.95597,0.87500,0.79937,0.00000,0.12904,2.91836,1.80184,0.99099,1.00000,0.85714
874,0.7289,86016000,58628,0.01287,1.34e-04,0.3980,135.9694,0.00000,0.00000,0.00000,10.00000,1322.25902,0.00000,0.79981,0.00000,0.00000,0.12087,2.44764,3.30692,0.89655,0.87500,0.75000,0.00000,0.81866,0.00000,0.00000,0.00000,0.00000,1133.14933,-0.02278,-0.11241,0.26660,-0.02452,0.47295,0.81448,-0.06392,0.66611,-0.03258,-0.04180,0.17332,0.34111,0.36017,2.45148,2.73666,0.93534,0.92216,0.85714,0.80086,0.00000,0.12944,2.89390,1.71824,0.97414,0.96552,1.00000
875,0.7294,86114304,60005,0.01522,1.18e-04,0.3981,132.4466,0.00000,0.00000,0.00000,10.00000,1342.87333,0.00000,0.83645,0.00000,0.00000,0.12109,2.45083,3.31529,0.93258,0.91045,1.00000,0.00000,0.81524,0.00000,0.00000,0.00000,0.00000,1137.72217,-0.02271,-0.11280,0.26676,-0.02409,0.47113,0.81104,-0.06406,0.66754,-0.03238,-0.04150,0.17337,0.34204,0.35925,2.53843,3.64909,0.96629,0.95522,1.00000,0.79625,0.00000,0.12934,2.90144,1.80472,1.00000,1.00000,1.00000
876,0.7299,86212608,59722,0.01065,1.70e-04,0.3981,163.3703,0.00000,0.00000,0.00000,10.00000,1361.48979,0.00000,0.78658,0.00000,0.00000,0.12091,2.44561,3.19297,0.91089,0.88462,1.00000,0.00000,0.81581,0.00000,0.00000,0.00000,0.00000,1155.57446,-0.02261,-0.11454,0.26599,-0.02492,0.47059,0.81180,-0.06404,0.66588,-0.03367,-0.04180,0.17312,0.34190,0.35897,2.51239,1.97750,0.95050,0.93007,1.00000,0.79486,0.00000,0.12999,2.89546,1.77176,0.99010,0.98462,1.00000
877,0.7303,86310912,59453,0.01547,1.44e-04,0.3982,146.4468,0.00000,0.00000,0.00000,10.00000,1320.95073,0.00000,0.73333,0.00000,0.00000,0.11935,2.47119,3.36072,0.92000,0.88235,1.00000,0.00000,0.81896,0.00000,0.00000,0.00000,0.00000,1153.14421,-0.02232,-0.11431,0.26868,-0.02511,0.47267,0.81497,-0.06468,0.67448,-0.03274,-0.04196,0.17452,0.34553,0.35977,2.57910,2.18333,0.95333,0.93939,0.94737,0.79886,0.00000,0.13042,2.93461,1.81143,0.98667,1.00000,0.88889
878,0.7308,86409216,59595,0.01976,5.35e-05,0.3982,126.9387,0.00000,0.00000,0.00000,10.00000,1336.23095,0.00000,0.75132,0.00000,0.00000,0.11853,2.47022,3.53855,0.97143,0.98630,0.84615,0.00000,0.81988,0.00000,0.00000,0.00000,0.00000,1127.08944,-0.02214,-0.11176,0.27140,-0.02559,0.47403,0.81592,-0.06445,0.68100,-0.03142,-0.04178,0.17652,0.34804,0.35956,2.64975,2.77727,0.97619,0.97887,0.91667,0.79778,0.00000,0.13011,2.97242,1.71595,0.98095,0.97101,1.00000
879,0.7313,86507520,59664,0.01037,8.35e-05,0.3983,122.2289,0.00000,0.00000,0.00000,10.00000,1359.07546,0.00000,0.78755,0.00000,0.00000,0.11758,2.48377,2.95616,0.95604,0.95522,0.88889,0.00000,0.82112,0.00000,0.00000,0.00000,0.00000,1129.34814,-0.02207,-0.11203,0.27190,-0.02492,0.47515,0.81716,-0.06406,0.68521,-0.02900,-0.04171,0.17690,0.34817,0.36049,2.38014,2.38769,0.96703,0.96899,0.85714,0.80244,0.00000,0.12873,2.98135,1.75254,0.97802,0.98387,0.80000
880,0.7317,86605824,60304,0.01338,9.32e-05,0.3983,148.7338,0.00000,0.00000,0.00000,10.00000,1370.33344,0.00000,0.77222,0.00000,0.00000,0.11813,2.45411,2.91057,0.91000,0.88571,0.87500,0.00000,0.82123,0.00000,0.00000,0.00000,0.00000,1128.18164,-0.02220,-0.11194,0.27058,-0.02511,0.47528,0.81731,-0.06420,0.68263,-0.03381,-0.04191,0.17635,0.34662,0.35993,2.36853,2.70333,0.95500,0.94245,0.91667,0.79964,0.00000,0.12801,2.97537,1.84877,1.00000,1.00000,1.00000
881,0.7322,86704128,60433,0.01289,1.21e-04,0.3983,144.1182,0.00000,0.00000,0.00000,10.00000,1445.24742,0.00000,0.62028,0.00000,0.00000,0.12018,2.43692,3.26422,0.98058,0.98333,0.92308,0.00000,0.82128,0.00000,0.00000,0.00000,0.00000,1149.02507,-0.02255,-0.11395,0.26696,-0.02441,0.47491,0.81727,-0.06419,0.67358,-0.03625,-0.04196,0.17411,0.34305,0.36001,2.69956,3.02261,0.99029,0.99130,0.95833,0.80004,0.00000,0.12748,2.93581,2.09212,1.00000,1.00000,1.00000
882,0.7326,86802432,60471,0.01844,5.59e-05,0.3984,124.7963,0.00000,0.00000,0.00000,10.00000,1370.46686,0.00000,0.76628,0.00000,0.00000,0.12016,2.41987,2.87910,0.93103,0.91954,0.90000,0.00000,0.81839,0.00000,0.00000,0.00000,0.00000,1142.56722,-0.02285,-0.11332,0.26569,-0.02424,0.47248,0.81448,-0.06466,0.66855,-0.03564,-0.04199,0.17293,0.34100,0.35953,2.35248,2.00000,0.96552,0.95625,0.95238,0.79766,0.00000,0.12798,2.92323,1.79452,1.00000,1.00000,1.00000
883,0.7331,86900736,60226,0.01034,8.35e-05,0.3984,138.3337,0.00000,0.00000,0.00000,10.00000,1384.24854,0.00000,0.83028,0.00000,0.00000,0.11948,2.41592,3.23462,0.94505,0.92857,1.00000,0.00000,0.81517,0.00000,0.00000,0.00000,0.00000,1154.89079,-0.02269,-0.11442,0.26557,-0.02421,0.47108,0.81113,-0.06434,0.66683,-0.03677,-0.04169,0.17249,0.34050,0.35945,2.55134,2.61333,0.97253,0.96324,1.00000,0.79726,0.00000,0.12898,2.90800,1.86806,1.00000,1.00000,1.00000
884,0.7335,86999040,60149,0.01326,9.32e-05,0.3984,134.0412,0.00000,0.00000,0.00000,10.00000,1347.52014,0.00000,0.74967,0.00000,0.00000,0.11899,2.44472,3.08656,0.91566,0.89655,0.88889,0.00000,0.81482,0.00000,0.00000,0.00000,0.00000,1159.19718,-0.02252,-0.11488,0.26804,-0.02479,0.47028,0.81077,-0.06496,0.67218,-0.03450,-0.04159,0.17410,0.34285,0.35910,2.52311,2.59765,0.94578,0.92857,0.94118,0.79550,0.00000,0.12893,2.92303,1.95967,0.97590,0.96296,1.00000
885,0.7340,87097344,59975,0.01389,9.13e-05,0.3985,134.4310,0.00000,0.00000,0.00000,10.00000,1311.29557,0.00000,0.83333,0.00000,0.00000,0.11818,2.48421,3.25745,0.87179,0.85246,0.66667,0.00000,0.81896,0.00000,0.00000,0.00000,0.00000,1139.82373,-0.02221,-0.11298,0.27091,-0.02432,0.47265,0.81496,-0.06546,0.68202,-0.03156,-0.04150,0.17652,0.34678,0.36002,2.44228,1.53000,0.92308,0.90598,0.85714,0.80012,0.00000,0.12836,2.96192,1.68237,0.97436,0.96429,1.00000
886,0.7345,87195648,59370,0.01238,1.31e-04,0.3985,148.3525,0.00000,0.00000,0.00000,10.00000,1304.36095,0.00000,0.80020,0.00000,0.00000,0.11682,2.50810,3.24405,0.87156,0.83750,0.90909,0.00000,0.82304,0.00000,0.00000,0.00000,0.00000,1156.13192,-0.02200,-0.11460,0.27378,-0.02519,0.47605,0.81908,-0.06499,0.69118,-0.03510,-0.04169,0.17888,0.35011,0.36086,2.53963,2.44235,0.93119,0.91083,0.94444,0.80428,0.00000,0.12798,2.98340,1.87714,0.99083,0.98701,1.00000
887,0.7349,87293952,59217,0.01873,8.19e-05,0.3986,124.3670,0.00000,0.00000,0.00000,10.00000,1321.64509,0.00000,0.87963,0.00000,0.00000,0.11713,2.51443,3.12215,0.90476,0.88235,1.00000,0.00000,0.83071,0.00000,0.00000,0.00000,0.00000,1138.66911,-0.02198,-0.11297,0.27406,-0.02434,0.48065,0.82682,-0.06485,0.69036,-0.03645,-0.04179,0.17883,0.35038,0.36241,2.39318,2.36286,0.94048,0.92481,1.00000,0.81207,0.00000,0.12849,2.98314,1.68597,0.97619,0.96923,1.00000
888,0.7354,87392256,60193,0.01281,1.01e-04,0.3987,133.6622,0.00000,0.00000,0.00000,10.00000,1374.92614,0.00000,0.78283,0.00000,0.00000,0.11791,2.53679,3.01025,0.90909,0.88608,0.90909,0.00000,0.83048,0.00000,0.00000,0.00000,0.00000,1114.21452,-0.02186,-0.11056,0.27520,-0.02498,0.48151,0.82659,-0.06447,0.69419,-0.03239,-0.04188,0.18066,0.35292,0.36219,2.37357,2.29000,0.95455,0.94194,0.95652,0.81097,0.00000,0.12825,2.98614,1.79477,1.00000,1.00000,1.00000
889,0.7359,87490560,59944,0.01466,8.70e-05,0.3987,148.2258,0.00000,0.00000,0.00000,10.00000,1333.46584,0.00000,0.82789,0.00000,0.00000,0.11606,2.53690,3.36130,0.91176,0.88312,1.00000,0.00000,0.82998,0.00000,0.00000,0.00000,0.00000,1117.57210,-0.02200,-0.11079,0.27329,-0.02452,0.47995,0.82602,-0.06433,0.69288,-0.03399,-0.04167,0.17877,0.35084,0.36178,2.52278,2.39571,0.95588,0.94079,1.00000,0.80890,0.00000,0.12842,2.95322,1.72568,1.00000,1.00000,1.00000
890,0.7363,87588864,59760,0.01628,6.04e-05,0.3988,132.4584,0.00000,0.00000,0.00000,10.00000,1371.43750,0.00000,0.79798,0.00000,0.00000,0.11672,2.52879,3.27390,0.93636,0.92771,0.75000,0.00000,0.82713,0.00000,0.00000,0.00000,0.00000,1099.61800,-0.02210,-0.10906,0.27217,-0.02395,0.47786,0.82315,-0.06414,0.68777,-0.03107,-0.04161,0.17879,0.34912,0.36133,2.54859,2.60000,0.96818,0.96203,0.90000,0.80666,0.00000,0.12879,2.94461,1.81432,1.00000,1.00000,1.00000
891,0.7368,87687168,57958,0.01286,6.42e-05,0.3988,119.7603,0.00000,0.00000,0.00000,10.00000,1273.87526,0.00000,0.79365,0.00000,0.00000,0.11573,2.52672,3.27811,0.90110,0.88235,0.92308,0.00000,0.82358,0.00000,0.00000,0.00000,0.00000,1108.97103,-0.02220,-0.10991,0.27186,-0.02443,0.47625,0.81952,-0.06392,0.68815,-0.03257,-0.04150,0.17843,0.34922,0.36076,2.51416,2.52522,0.93407,0.91538,0.95652,0.80380,0.00000,0.12951,2.93589,1.70657,0.96703,0.95161,1.00000
892,0.7373,87785472,59156,0.01226,7.61e-05,0.3988,122.8895,0.00000,0.00000,0.00000,10.00000,1369.10261,0.00000,0.77892,0.00000,0.00000,0.11701,2.52682,3.14789,0.95876,0.94286,1.00000,0.00000,0.82207,0.00000,0.00000,0.00000,0.00000,1095.52718,-0.02223,-0.10866,0.27026,-0.02377,0.47527,0.81797,-0.06446,0.68289,-0.03093,-0.04149,0.17724,0.34689,0.36076,2.51828,2.81684,0.97938,0.97059,1.00000,0.80379,0.00000,0.12897,2.91335,1.88027,1.00000,1.00000,1.00000
893,0.7377,87883776,58210,0.01384,8.39e-05,0.3989,132.6645,0.00000,0.00000,0.00000,10.00000,1369.36372,0.00000,0.77675,0.00000,0.00000,0.11579,2.51922,3.16615,0.93519,0.93590,0.66667,0.00000,0.81812,0.00000,0.00000,0.00000,0.00000,1122.31730,-0.02235,-0.11127,0.26892,-0.02390,0.47408,0.81406,-0.06412,0.68108,-0.03448,-0.04154,0.17626,0.34536,0.36038,2.53535,2.66666,0.95833,0.95364,0.81818,0.80192,0.00000,0.12925,2.88588,1.89636,0.98148,0.97260,1.00000
894,0.7382,87982080,57460,0.01306,1.10e-04,0.3990,124.3571,0.00000,0.00000,0.00000,10.00000,1394.35910,0.00000,0.72612,0.00000,0.00000,0.11614,2.50344,3.32630,0.92982,0.90667,0.80000,0.00000,0.81943,0.00000,0.00000,0.00000,0.00000,1113.48934,-0.02265,-0.11047,0.26723,-0.02359,0.47346,0.81539,-0.06468,0.67485,-0.03317,-0.04149,0.17494,0.34266,0.36036,2.59974,2.18571,0.96053,0.94631,0.93333,0.80178,0.00000,0.12942,2.87080,1.96072,0.99123,0.98649,1.00000
895,0.7387,88080384,57755,0.01456,9.24e-05,0.3990,139.9612,0.00000,0.00000,0.00000,10.00000,1377.82557,0.00000,0.80128,0.00000,0.00000,0.11586,2.46889,3.02148,0.91346,0.92208,0.70000,0.00000,0.81570,0.00000,0.00000,0.00000,0.00000,1125.90186,-0.02289,-0.11156,0.26446,-0.02365,0.47181,0.81171,-0.06448,0.66432,-0.03396,-0.04153,0.17221,0.33798,0.35960,2.38478,2.13833,0.95673,0.96000,0.80000,0.79800,0.00000,0.13039,2.82732,1.72359,1.00000,1.00000,1.00000
896,0.7392,88178688,57524,0.01140,1.33e-04,0.3991,118.9562,0.00000,0.00000,0.00000,10.00000,1359.55924,0.00000,0.80586,0.00000,0.00000,0.11567,2.46305,3.18712,0.96703,0.95775,1.00000,0.00000,0.80898,0.00000,0.00000,0.00000,0.00000,1155.69613,-0.02283,-0.11453,0.26437,-0.02444,0.46869,0.80508,-0.06463,0.66309,-0.03425,-0.04167,0.17172,0.33801,0.35836,2.51667,2.05400,0.97802,0.96970,1.00000,0.79182,0.00000,0.13098,2.82484,1.76369,0.98901,0.98361,1.00000
897,0.7397,88276992,56947,0.01647,9.13e-05,0.3992,148.2374,0.00000,0.00000,0.00000,10.00000,1361.63223,0.00000,0.80969,0.00000,0.00000,0.11624,2.42958,3.29766,0.97872,0.97333,1.00000,0.00000,0.81191,0.00000,0.00000,0.00000,0.00000,1156.63118,-0.02287,-0.11462,0.26447,-0.02418,0.46904,0.80795,-0.06504,0.66121,-0.03547,-0.04176,0.17148,0.33881,0.35857,2.65648,2.88286,0.98404,0.97810,1.00000,0.79285,0.00000,0.13227,2.86055,1.89692,0.98936,0.98387,1.00000
898,0.7402,88375296,56770,0.01334,8.35e-05,0.3992,117.8028,0.00000,0.00000,0.00000,10.00000,1349.70802,0.00000,0.76313,0.00000,0.00000,0.11469,2.44814,2.93753,0.93407,0.91045,1.00000,0.00000,0.81350,0.00000,0.00000,0.00000,0.00000,1157.57772,-0.02259,-0.11479,0.26613,-0.02459,0.46955,0.80953,-0.06568,0.66883,-0.03333,-0.04178,0.17353,0.34118,0.35881,2.37084,2.30000,0.96154,0.94400,1.00000,0.79405,0.00000,0.13170,2.90265,1.77130,0.98901,0.98276,1.00000
899,0.7407,88473600,56662,0.01161,1.01e-04,0.3992,133.0040,0.00000,0.00000,0.00000,10.00000,1387.19141,0.00000,0.74653,0.00000,0.00000,0.11741,2.44877,3.10876,0.93750,0.92537,0.90909,0.00000,0.81775,0.00000,0.00000,0.00000,0.00000,1149.59920,-0.02255,-0.11398,0.26829,-0.02490,0.47115,0.81381,-0.06565,0.66975,-0.03355,-0.04189,0.17436,0.34351,0.35918,2.47597,2.38210,0.96875,0.96124,0.95000,0.79589,0.00000,0.13159,2.92432,1.82535,1.00000,1.00000,1.00000
900,0.7412,88571904,56443,0.01163,1.44e-04,0.3993,128.2332,0.00000,0.00000,0.00000,10.00000,1338.12316,0.00000,0.82397,0.00000,0.00000,0.11615,2.46136,3.18552,0.94382,0.93151,1.00000,0.00000,0.81863,0.00000,0.00000,0.00000,0.00000,1131.77799,-0.02247,-0.11216,0.27019,-0.02487,0.47380,0.81460,-0.06604,0.67445,-0.03245,-0.04184,0.17517,0.34568,0.36026,2.57486,2.36461,0.97191,0.96212,1.00000,0.80129,0.00000,0.13232,2.95195,1.84969,1.00000,1.00000,1.00000
901,0.7416,88670208,57090,0.01358,1.89e-04,0.3993,143.4756,0.00000,0.00000,0.00000,10.00000,1353.85324,0.00000,0.79958,0.00000,0.00000,0.11442,2.43682,3.18700,0.92523,0.91026,0.90000,0.00000,0.81889,0.00000,0.00000,0.00000,0.00000,1138.93197,-0.02273,-0.11296,0.26833,-0.02425,0.47370,0.81495,-0.06597,0.67682,-0.03954,-0.04174,0.17507,0.34270,0.36028,2.43595,2.25000,0.95327,0.94156,0.94737,0.80141,0.00000,0.12913,2.94313,1.71205,0.98131,0.97368,1.00000
902,0.7421,88768512,56497,0.01738,1.09e-04,0.3993,144.6396,0.00000,0.00000,0.00000,10.00000,1361.38794,0.00000,0.79686,0.00000,0.00000,0.11758,2.43510,2.80567,0.88889,0.86486,0.88889,0.00000,0.82004,0.00000,0.00000,0.00000,0.00000,1132.96908,-0.02291,-0.11235,0.26702,-0.02408,0.47264,0.81613,-0.06571,0.66919,-0.03580,-0.04175,0.17429,0.34113,0.36014,2.21804,2.25895,0.94444,0.92958,0.95000,0.80070,0.00000,0.12926,2.91862,1.66759,1.00000,1.00000,1.00000
903,0.7426,88866816,56950,0.01360,1.43e-04,0.3993,141.7657,0.00000,0.00000,0.00000,10.00000,1378.38370,0.00000,0.75845,0.00000,0.00000,0.11896,2.45483,3.28044,0.97391,0.97561,0.90909,0.00000,0.81766,0.00000,0.00000,0.00000,0.00000,1111.65625,-0.02258,-0.11032,0.26865,-0.02408,0.47238,0.81381,-0.06524,0.67176,-0.03423,-0.04181,0.17493,0.34326,0.36022,2.57532,2.49778,0.97391,0.97452,0.90000,0.80112,0.00000,0.12912,2.91925,1.79185,0.97391,0.97333,0.88889
904,0.7431,88965120,56479,0.01391,1.24e-04,0.3994,141.5301,0.00000,0.00000,0.00000,10.00000,1363.88054,0.00000,0.84229,0.00000,0.00000,0.11829,2.45277,2.96200,0.94624,0.92857,1.00000,0.00000,0.81632,0.00000,0.00000,0.00000,0.00000,1118.62329,-0.02272,-0.11098,0.26841,-0.02427,0.47187,0.81245,-0.06514,0.67457,-0.03543,-0.04164,0.17487,0.34291,0.35985,2.30610,2.42000,0.95699,0.94326,1.00000,0.79926,0.00000,0.12776,2.92424,1.65944,0.96774,0.95775,1.00000
905,0.7436,89063424,55403,0.01308,1.31e-04,0.3994,134.4778,0.00000,0.00000,0.00000,10.00000,1355.71114,0.00000,0.77356,0.00000,0.00000,0.11767,2.46675,2.97433,0.96203,0.96296,0.88889,0.00000,0.81504,0.00000,0.00000,0.00000,0.00000,1124.07650,-0.02253,-0.11154,0.26921,-0.02456,0.47163,0.81106,-0.06523,0.67619,-0.03226,-0.04157,0.17566,0.34414,0.35974,2.39107,2.57600,0.96203,0.96364,0.87500,0.79868,0.00000,0.12875,2.93358,1.81738,0.96203,0.96429,0.85714
906,0.7441,89161728,56394,0.01682,7.61e-05,0.3995,134.0755,0.00000,0.00000,0.00000,10.00000,1344.75377,0.00000,0.82999,0.00000,0.00000,0.11827,2.48800,3.01242,0.96386,0.95385,1.00000,0.00000,0.81773,0.00000,0.00000,0.00000,0.00000,1141.37077,-0.02228,-0.11319,0.27154,-0.02444,0.47232,0.81370,-0.06544,0.68387,-0.03482,-0.04165,0.17753,0.34765,0.35976,2.40848,3.34000,0.95783,0.95161,0.85714,0.79880,0.00000,0.12799,2.96227,1.73288,0.95181,0.94915,0.66667
907,0.7446,89260032,56913,0.01123,1.10e-04,0.3995,114.1299,0.00000,0.00000,0.00000,10.00000,1337.19005,0.00000,0.80128,0.00000,0.00000,0.11914,2.52005,3.52184,0.94231,0.93333,0.85714,0.00000,0.82341,0.00000,0.00000,0.00000,0.00000,1135.60905,-0.02203,-0.11264,0.27279,-0.02482,0.47621,0.81939,-0.06547,0.68726,-0.03009,-0.04182,0.17840,0.34951,0.36093,2.57333,2.63333,0.96635,0.96000,0.93750,0.80467,0.00000,0.12766,2.96703,1.70482,0.99038,0.98667,1.00000
908,0.7451,89358336,56800,0.01739,4.85e-05,0.3996,137.7325,0.00000,0.00000,0.00000,10.00000,1367.29450,0.00000,0.77295,0.00000,0.00000,0.11661,2.52463,3.23528,0.94565,0.95652,0.75000,0.00000,0.82739,0.00000,0.00000,0.00000,0.00000,1139.73299,-0.02206,-0.11305,0.27343,-0.02510,0.47917,0.82330,-0.06548,0.69132,-0.03534,-0.04179,0.17890,0.35089,0.36173,2.49583,2.12000,0.97283,0.97656,0.87500,0.80864,0.00000,0.12936,2.96823,1.70119,1.00000,1.00000,1.00000
909,0.7456,89456640,57000,0.00823,8.39e-05,0.3996,150.5046,0.00000,0.00000,0.00000,10.00000,1321.08565,0.00000,0.76132,0.00000,0.00000,0.11873,2.50876,3.71341,0.94444,0.93750,0.91667,0.00000,0.82812,0.00000,0.00000,0.00000,0.00000,1128.46436,-0.02215,-0.11197,0.27210,-0.02502,0.47932,0.82401,-0.06493,0.68646,-0.03112,-0.04210,0.17747,0.34842,0.36170,2.87269,3.05636,0.97222,0.96622,0.95652,0.80849,0.00000,0.12763,2.96301,1.93620,1.00000,1.00000,1.00000
910,0.7461,89554944,56727,0.01367,8.05e-05,0.3996,125.8402,0.00000,0.00000,0.00000,10.00000,1366.32875,0.00000,0.77778,0.00000,0.00000,0.11850,2.51750,2.92971,0.90000,0.85507,1.00000,0.00000,0.82708,0.00000,0.00000,0.00000,0.00000,1116.68563,-0.02246,-0.11081,0.27192,-0.02441,0.47818,0.82291,-0.06485,0.68453,-0.03349,-0.04173,0.17704,0.34810,0.36094,2.28907,2.31667,0.95000,0.92857,1.00000,0.80471,0.00000,0.12857,2.93677,1.72850,1.00000,1.00000,1.00000
911,0.7465,89653248,56006,0.01428,8.35e-05,0.3997,125.4383,0.00000,0.00000,0.00000,10.00000,1337.38107,0.00000,0.84682,0.00000,0.00000,0.11859,2.50387,3.15721,0.92233,0.91250,0.83333,0.00000,0.82298,0.00000,0.00000,0.00000,0.00000,1126.71281,-0.02252,-0.11172,0.26987,-0.02425,0.47629,0.81888,-0.06414,0.67774,-0.03308,-0.04187,0.17551,0.34537,0.36054,2.53557,2.81500,0.95631,0.94904,0.88889,0.80271,0.00000,0.12931,2.90291,1.91392,0.99029,0.98701,1.00000
912,0.7470,89751552,56436,0.01365,9.66e-05,0.3997,149.2004,0.00000,0.00000,0.00000,10.00000,1364.82048,0.00000,0.77546,0.00000,0.00000,0.11839,2.49758,3.28171,0.93750,0.92424,0.87500,0.00000,0.81889,0.00000,0.00000,0.00000,0.00000,1132.11230,-0.02252,-0.11227,0.27015,-0.02445,0.47403,0.81481,-0.06392,0.67775,-0.03448,-0.04182,0.17490,0.34583,0.35995,2.50847,2.25375,0.95833,0.94776,0.93750,0.79973,0.00000,0.12991,2.90918,1.77703,0.97917,0.97059,1.00000
913,0.7475,89849856,56714,0.01358,9.13e-05,0.3998,150.6966,0.00000,0.00000,0.00000,10.00000,1330.98620,0.00000,0.78749,0.00000,0.00000,0.11855,2.50367,2.95650,0.92233,0.89189,1.00000,0.00000,0.81895,0.00000,0.00000,0.00000,0.00000,1121.41097,-0.02250,-0.11120,0.26999,-0.02461,0.47291,0.81487,-0.06420,0.67726,-0.02915,-0.04164,0.17550,0.34588,0.35976,2.33341,2.68320,0.95631,0.93836,1.00000,0.79880,0.00000,0.13004,2.91120,1.74000,0.99029,0.98611,1.00000
914,0.7480,89948160,56114,0.01220,1.01e-04,0.3998,161.7609,0.00000,0.00000,0.00000,10.00000,1321.82023,0.00000,0.82766,0.00000,0.00000,0.11731,2.49094,3.34128,0.93878,0.94805,0.66667,0.00000,0.81953,0.00000,0.00000,0.00000,0.00000,1127.40291,-0.02238,-0.11177,0.27026,-0.02459,0.47449,0.81538,-0.06338,0.67714,-0.03446,-0.04184,0.17542,0.34593,0.36058,2.62105,2.00444,0.95918,0.96575,0.75000,0.80291,0.00000,0.13121,2.91374,1.86189,0.97959,0.98551,0.83333
915,0.7485,90046464,57051,0.01458,9.32e-05,0.3999,138.7897,0.00000,0.00000,0.00000,10.00000,1330.96655,0.00000,0.81726,0.00000,0.00000,0.11666,2.47242,3.34132,0.91736,0.89247,1.00000,0.00000,0.81936,0.00000,0.00000,0.00000,0.00000,1131.54085,-0.02257,-0.11212,0.26896,-0.02446,0.47435,0.81529,-0.06390,0.67398,-0.03218,-0.04188,0.17404,0.34329,0.36044,2.60880,2.66266,0.95868,0.94382,1.00000,0.80220,0.00000,0.13060,2.90577,1.89204,1.00000,1.00000,1.00000
916,0.7490,90144768,56863,0.01210,1.21e-04,0.3999,142.3221,0.00000,0.00000,0.00000,10.00000,1307.39354,0.00000,0.80610,0.00000,0.00000,0.11556,2.45190,3.20612,0.92157,0.90000,1.00000,0.00000,0.81528,0.00000,0.00000,0.00000,0.00000,1117.92489,-0.02290,-0.11077,0.26555,-0.02344,0.47190,0.81129,-0.06416,0.66767,-0.03202,-0.04153,0.17273,0.33905,0.35950,2.54753,2.51047,0.95588,0.93919,1.00000,0.79749,0.00000,0.13037,2.86787,1.82052,0.99020,0.98529,1.00000
917,0.7495,90243072,56210,0.01583,8.39e-05,0.4000,128.8570,0.00000,0.00000,0.00000,10.00000,1311.76258,0.00000,0.87135,0.00000,0.00000,0.11577,2.45542,3.44816,0.90526,0.88889,1.00000,0.00000,0.80889,0.00000,0.00000,0.00000,0.00000,1128.22013,-0.02291,-0.11192,0.26563,-0.02342,0.46812,0.80488,-0.06492,0.66812,-0.03276,-0.04135,0.17247,0.33885,0.35794,2.67575,1.97000,0.94737,0.93289,1.00000,0.78971,0.00000,0.12975,2.86367,1.83714,0.98947,0.98529,1.00000
918,0.7500,90341376,57235,0.01223,1.21e-04,0.4000,142.9993,0.00000,0.00000,0.00000,10.00000,1349.61728,0.00000,0.80808,0.00000,0.00000,0.11496,2.43526,2.87098,0.93182,0.91304,1.00000,0.00000,0.81039,0.00000,0.00000,0.00000,0.00000,1149.20931,-0.02314,-0.11392,0.26331,-0.02309,0.46686,0.80651,-0.06584,0.66404,-0.03328,-0.04142,0.17171,0.33591,0.35804,2.35233,2.71143,0.94318,0.92188,1.00000,0.79021,0.00000,0.12929,2.85906,1.75839,0.95455,0.93220,1.00000
919,0.7504,90439680,59132,0.01447,1.20e-04,0.4000,141.9902,0.00000,0.00000,0.00000,10.00000,1378.99358,0.00000,0.74074,0.00000,0.00000,0.11674,2.46372,3.10767,0.96667,0.95522,1.00000,0.00000,0.81314,0.00000,0.00000,0.00000,0.00000,1157.70166,-0.02272,-0.11476,0.26650,-0.02418,0.46814,0.80932,-0.06644,0.66824,-0.03174,-0.04161,0.17337,0.34105,0.35851,2.48400,2.13474,0.97222,0.95833,1.00000,0.79253,0.00000,0.13111,2.89866,1.74968,0.97778,0.96226,1.00000
920,0.7509,90537984,59589,0.01536,9.24e-05,0.4001,137.9059,0.00000,0.00000,0.00000,10.00000,1317.18628,0.00000,0.74653,0.00000,0.00000,0.11886,2.47246,3.29546,0.91667,0.91176,0.83333,0.00000,0.81839,0.00000,0.00000,0.00000,0.00000,1139.26375,-0.02250,-0.11292,0.27025,-0.02480,0.47259,0.81453,-0.06591,0.67536,-0.03494,-0.04157,0.17584,0.34544,0.35919,2.58890,3.06272,0.94792,0.93798,0.91304,0.79597,0.00000,0.13035,2.93291,1.84253,0.97917,0.96721,1.00000
921,0.7514,90636288,59983,0.01496,7.16e-05,0.4002,122.1731,0.00000,0.00000,0.00000,10.00000,1308.02529,0.00000,0.84192,0.00000,0.00000,0.11709,2.50128,3.23169,0.92784,0.92308,0.83333,0.00000,0.82175,0.00000,0.00000,0.00000,0.00000,1144.86182,-0.02233,-0.11361,0.27242,-0.02512,0.47485,0.81785,-0.06540,0.68343,-0.03439,-0.04150,0.17709,0.34819,0.35998,2.54483,2.47400,0.95361,0.94558,0.90909,0.79990,0.00000,0.13040,2.95633,1.81028,0.97938,0.97101,1.00000
922,0.7518,90734592,60227,0.01061,1.11e-04,0.4002,126.4528,0.00000,0.00000,0.00000,10.00000,1379.59255,0.00000,0.71047,0.00000,0.00000,0.11879,2.49924,3.16481,0.94231,0.92537,0.94118,0.00000,0.82664,0.00000,0.00000,0.00000,0.00000,1130.70744,-0.02232,-0.11219,0.27262,-0.02476,0.47764,0.82272,-0.06480,0.68173,-0.03220,-0.04183,0.17692,0.34825,0.36073,2.47937,2.36467,0.97115,0.96241,0.96667,0.80367,0.00000,0.13012,2.96072,1.79392,1.00000,1.00000,1.00000
923,0.7523,90832896,59619,0.01374,1.04e-04,0.4002,152.1098,0.00000,0.00000,0.00000,10.00000,1378.03583,0.00000,0.76880,0.00000,0.00000,0.11738,2.50818,3.07343,0.92929,0.90141,1.00000,0.00000,0.82754,0.00000,0.00000,0.00000,0.00000,1121.20028,-0.02238,-0.11121,0.27278,-0.02507,0.47902,0.82359,-0.06428,0.68185,-0.03296,-0.04175,0.17661,0.34800,0.36144,2.37141,1.83000,0.95960,0.94161,1.00000,0.80720,0.00000,0.13075,2.94403,1.68889,0.98990,0.98485,1.00000
924,0.7528,90931200,59375,0.01400,9.24e-05,0.4003,128.7388,0.00000,0.00000,0.00000,10.00000,1369.39463,0.00000,0.77188,0.00000,0.00000,0.11820,2.50511,3.30076,0.92035,0.90000,0.87500,0.00000,0.82254,0.00000,0.00000,0.00000,0.00000,1109.18994,-0.02234,-0.11006,0.27130,-0.02480,0.47686,0.81856,-0.06444,0.67776,-0.03049,-0.04176,0.17553,0.34594,0.36083,2.51285,2.69765,0.95575,0.94268,0.94444,0.80416,0.00000,0.13003,2.91364,1.78907,0.99115,0.98701,1.00000
925,0.7532,91029504,59450,0.01256,1.21e-04,0.4003,137.9463,0.00000,0.00000,0.00000,10.00000,1395.16678,0.00000,0.76691,0.00000,0.00000,0.11810,2.49925,3.18576,0.94565,0.94030,0.75000,0.00000,0.81784,0.00000,0.00000,0.00000,0.00000,1112.06445,-0.02232,-0.11033,0.27036,-0.02430,0.47443,0.81381,-0.06420,0.67537,-0.03082,-0.04168,0.17523,0.34509,0.35982,2.52406,2.80000,0.96739,0.96063,0.85714,0.79911,0.00000,0.13052,2.90400,1.81968,0.98913,0.98333,1.00000
