iter,hours,steps,fps,kl,lr,std,value_loss,act_sat,assist,distance,ep_len_s,ep_return,fall_rate,floored_share,glove_speed,head_share,height,hit_speed,hit_speed_max,hits_per_s,knockdowns_per_min,matt_assist,matt_pose_err,matt_reward_per_step,matt_time_to_stand,matt_up_rate,matt_up_rate_from_floor,matt_up_rate_unaided,power,rt_act,rt_energy,rt_face,rt_feet,rt_head,rt_height,rt_limit,rt_pose,rt_qvel,rt_rate,rt_still,rt_stood,rt_upright,time_to_stand,time_to_stand_unaided,up_rate,up_rate_from_floor,up_rate_unaided,upright,zombie_assist,zombie_pose_err,zombie_reward_per_step,zombie_time_to_stand,zombie_up_rate,zombie_up_rate_from_floor,zombie_up_rate_unaided
0,0.0007,98304,39091,3.31459,2.10e-05,0.3887,636.6606,0.00000,0.00000,0.00000,10.00000,3.96492,0.00000,0.01248,0.00000,0.00000,0.94779,0.00000,0.00000,0.00000,0.00000,0.00000,0.38699,0.41086,0.00000,0.00000,0.00000,0.00000,723.20679,-0.03983,-0.07111,0.06197,-0.01086,0.56227,0.94478,-0.02961,0.04126,-0.01236,-0.07909,0.01934,0.08136,0.39030,0.00000,0.00000,0.00000,0.00000,0.00000,0.95148,0.00000,0.23534,0.43065,0.00000,0.00000,0.00000,0.00000
1,0.0013,196608,49927,0.00579,4.81e-05,0.3887,234.0043,0.00000,0.00000,0.00000,10.00000,17.88315,0.00000,0.43454,0.00000,0.00000,0.63384,0.00000,0.00000,0.00000,0.00000,0.00000,0.43189,0.66687,0.00000,0.16832,0.00000,0.00000,1171.65902,-0.03997,-0.11395,0.09512,-0.01566,0.36828,0.63187,-0.05516,0.04145,-0.03542,-0.03673,0.03844,0.12378,0.33151,0.00000,0.00000,0.16337,0.00000,0.00000,0.65756,0.00000,0.26388,0.70409,0.00000,0.15842,0.00000,0.00000
2,0.0019,294912,47093,0.00808,9.04e-05,0.3886,178.7742,0.00000,0.00000,0.00000,10.00000,37.65978,0.00000,0.64444,0.00000,0.00000,0.46412,0.00000,0.00000,0.00000,0.00000,0.00000,0.43174,0.70097,0.00000,0.20000,0.00000,0.00000,1421.77669,-0.03913,-0.13831,0.09640,-0.01350,0.25219,0.46302,-0.06088,0.05098,-0.03052,-0.03376,0.04740,0.12491,0.29767,0.00000,0.00000,0.22667,0.00000,0.00000,0.48836,0.00000,0.23952,0.76366,0.00000,0.25333,0.00000,0.00000
3,0.0025,393216,42090,0.01108,1.14e-04,0.3886,147.7986,0.00000,0.00000,0.00000,10.00000,43.60705,0.00000,0.78307,0.00000,0.00000,0.49616,0.00000,0.00000,0.00000,0.00000,0.00000,0.43594,0.86438,0.72667,0.27619,0.00000,0.12500,1822.22559,-0.03886,-0.17788,0.10809,-0.01569,0.26326,0.49499,-0.07615,0.05283,-0.02589,-0.03474,0.05478,0.13898,0.30855,0.72667,1.18000,0.20000,0.00000,0.05263,0.54275,0.00000,0.22646,0.82955,0.00000,0.12381,0.00000,0.00000
4,0.0032,491520,42130,0.00958,1.47e-04,0.3886,128.3005,0.00000,0.00000,0.00000,10.00000,83.56076,0.00000,0.73871,0.00000,0.00000,0.59912,0.00000,0.00000,0.00000,0.00000,0.00000,0.43932,1.23651,1.23555,0.34066,0.06780,0.37500,2152.89632,-0.03744,-0.21015,0.14740,-0.02421,0.32042,0.59738,-0.08697,0.05318,-0.02988,-0.03692,0.07281,0.19071,0.32646,1.23555,1.11000,0.30220,0.03306,0.23077,0.63229,0.00000,0.24097,1.02659,0.00000,0.26374,0.00000,0.00000
5,0.0038,589824,46019,0.01809,1.33e-04,0.3885,119.7584,0.00000,0.00000,0.00000,10.00000,128.39326,0.00000,0.71667,0.00000,0.00000,0.70856,0.00000,0.00000,0.00000,0.00000,0.00000,0.44046,1.61006,1.38588,0.44000,0.22059,0.40000,2280.88135,-0.03549,-0.22267,0.19372,-0.03021,0.38474,0.70637,-0.09202,0.06492,-0.03038,-0.03876,0.09793,0.25264,0.34340,1.44917,1.40667,0.42000,0.16279,0.27273,0.71698,0.00000,0.25502,1.34738,1.60286,0.40000,0.09836,0.16667
6,0.0044,688128,43775,0.01492,1.17e-04,0.3884,108.8654,0.00000,0.00000,0.00000,10.00000,149.41432,0.00000,0.72816,0.00000,0.00000,0.79672,0.00000,0.00000,0.00000,0.00000,0.00000,0.43857,1.93392,1.36049,0.63107,0.55385,0.25000,2001.24642,-0.03292,-0.19579,0.23773,-0.03604,0.44650,0.79419,-0.08870,0.08928,-0.02315,-0.03914,0.12382,0.30966,0.35880,1.46187,1.43714,0.52427,0.39259,0.30435,0.79398,0.00000,0.25338,1.71205,1.64261,0.41748,0.24286,0.36364
7,0.0051,786432,41451,0.01637,8.84e-05,0.3883,105.3963,0.00000,0.00000,0.00000,10.00000,217.81469,0.00000,0.73276,0.00000,0.00000,0.84338,0.00000,0.00000,0.00000,0.00000,0.00000,0.43569,2.12470,1.38557,0.76724,0.67532,0.75000,1720.12533,-0.03085,-0.16855,0.27260,-0.03847,0.48427,0.84078,-0.08417,0.11919,-0.01831,-0.03873,0.14629,0.35523,0.36597,1.51553,1.49333,0.68534,0.58170,0.50000,0.82983,0.00000,0.24780,2.04378,1.70428,0.60345,0.48684,0.30000
8,0.0057,884736,41472,0.00935,1.33e-04,0.3882,93.2180,0.00000,0.00000,0.00000,10.00000,295.67896,0.00000,0.80586,0.00000,0.00000,0.85721,0.00000,0.00000,0.00000,0.00000,0.00000,0.43246,2.17178,1.45471,0.95604,0.94203,1.00000,1551.24430,-0.03023,-0.15232,0.28717,-0.03643,0.49706,0.85473,-0.08186,0.14419,-0.01494,-0.03769,0.15881,0.36989,0.36800,1.66235,1.65000,0.90110,0.87121,0.66667,0.84001,0.00000,0.23737,2.22844,1.93921,0.84615,0.79365,0.00000
9,0.0064,983040,42152,0.01283,1.20e-04,0.3881,75.6421,0.00000,0.00000,0.00000,10.00000,354.15277,0.00000,0.72289,0.00000,0.00000,0.85952,0.00000,0.00000,0.00000,0.00000,0.00000,0.43008,2.19155,1.44068,0.95181,0.94444,0.87500,1484.58236,-0.02979,-0.14589,0.29454,-0.03493,0.49950,0.85690,-0.08134,0.16124,-0.01338,-0.03702,0.16558,0.37751,0.36884,1.62945,1.56500,0.90361,0.86111,0.93750,0.84418,0.00000,0.22960,2.34254,1.84784,0.85542,0.77778,1.00000
10,0.0071,1081344,39512,0.01385,1.20e-04,0.3880,80.3824,0.00000,0.00000,0.00000,10.00000,401.69977,0.00000,0.77635,0.00000,0.00000,0.86414,0.00000,0.00000,0.00000,0.00000,0.00000,0.42858,2.22593,1.51724,0.96154,0.94444,1.00000,1458.26611,-0.02935,-0.14366,0.30110,-0.03453,0.50281,0.86157,-0.08148,0.17355,-0.01167,-0.03673,0.17107,0.38469,0.36990,1.76956,1.58800,0.92949,0.89908,1.00000,0.84949,0.00000,0.22275,2.42689,2.03564,0.89744,0.85455,1.00000
11,0.0078,1179648,39557,0.01389,1.10e-04,0.3879,68.5587,0.00000,0.00000,0.00000,10.00000,482.56092,0.00000,0.80020,0.00000,0.00000,0.87326,0.00000,0.00000,0.00000,0.00000,0.00000,0.42804,2.26005,1.44000,0.95413,0.93827,1.00000,1427.02311,-0.02899,-0.14060,0.30662,-0.03387,0.50877,0.87063,-0.08117,0.18047,-0.01061,-0.03678,0.17463,0.39028,0.37105,1.68106,1.68000,0.94495,0.92357,1.00000,0.85525,0.00000,0.21848,2.47723,1.93683,0.93578,0.90789,1.00000
12,0.0084,1277952,42833,0.01608,8.99e-05,0.3878,58.4209,0.00000,0.00000,0.00000,10.00000,568.32310,0.00000,0.77381,0.00000,0.00000,0.87794,0.00000,0.00000,0.00000,0.00000,0.00000,0.42763,2.25519,1.49263,0.96429,0.94444,1.00000,1412.48600,-0.02896,-0.13913,0.30630,-0.03211,0.51124,0.87543,-0.08089,0.18364,-0.01118,-0.03651,0.17655,0.38872,0.37190,1.78202,1.41200,0.96429,0.94872,1.00000,0.85951,0.00000,0.21533,2.48763,2.04806,0.96429,0.95238,1.00000
13,0.0091,1376256,45216,0.01283,7.95e-05,0.3877,63.9385,0.00000,0.00000,0.00000,10.00000,623.81300,0.00000,0.73737,0.00000,0.00000,0.87638,0.00000,0.00000,0.00000,0.00000,0.00000,0.42708,2.24493,1.47482,0.99091,0.98630,1.00000,1383.22624,-0.02894,-0.13646,0.30482,-0.03235,0.51143,0.87393,-0.08032,0.18582,-0.00923,-0.03642,0.17697,0.38702,0.37170,1.74000,1.64889,0.98636,0.98630,0.96429,0.85850,0.00000,0.21347,2.48890,2.00209,0.98182,0.98630,0.93333
14,0.0097,1474560,44509,0.01016,1.30e-04,0.3876,82.1943,0.00000,0.00000,0.00000,10.00000,691.51195,0.00000,0.78976,0.00000,0.00000,0.87478,0.00000,0.00000,0.00000,0.00000,0.00000,0.42664,2.23422,1.54213,0.99020,0.98592,1.00000,1379.89160,-0.02901,-0.13600,0.30348,-0.03237,0.50995,0.87233,-0.07989,0.18630,-0.01211,-0.03634,0.17655,0.38563,0.37147,1.84684,1.73091,0.96078,0.94483,1.00000,0.85737,0.00000,0.21260,2.48012,2.14364,0.93137,0.90541,1.00000
15,0.0103,1572864,43642,0.01249,1.30e-04,0.3875,77.1305,0.00000,0.00000,0.00000,10.00000,775.07081,0.00000,0.77778,0.00000,0.00000,0.87312,0.00000,0.00000,0.00000,0.00000,0.00000,0.42685,2.23212,1.65262,1.00000,1.00000,1.00000,1393.09375,-0.02899,-0.13731,0.30431,-0.03250,0.50907,0.87058,-0.08013,0.18757,-0.01114,-0.03627,0.17607,0.38611,0.37096,1.87646,2.14545,0.98636,0.98052,1.00000,0.85481,0.00000,0.21152,2.48640,2.11150,0.97273,0.96000,1.00000
16,0.0109,1671168,45565,0.01249,1.37e-04,0.3874,77.1962,0.00000,0.00000,0.00000,10.00000,884.40780,0.00000,0.67766,0.00000,0.00000,0.87150,0.00000,0.00000,0.00000,0.00000,0.00000,0.42697,2.22171,1.45072,1.00000,1.00000,1.00000,1406.57145,-0.02913,-0.13856,0.30264,-0.03210,0.50773,0.86916,-0.08051,0.18861,-0.01302,-0.03619,0.17599,0.38385,0.37096,1.69697,1.61048,1.00000,1.00000,1.00000,0.85482,0.00000,0.20919,2.47710,1.96667,1.00000,1.00000,1.00000
17,0.0116,1769472,44230,0.01668,1.47e-04,0.3872,79.0687,0.00000,0.00000,0.00000,10.00000,937.96319,0.00000,0.72738,0.00000,0.00000,0.87117,0.00000,0.00000,0.00000,0.00000,0.00000,0.42661,2.22835,1.40833,0.97938,0.96825,1.00000,1401.08626,-0.02909,-0.13800,0.30292,-0.03202,0.50750,0.86886,-0.08044,0.18813,-0.01290,-0.03617,0.17596,0.38431,0.37086,1.72571,1.69182,0.98969,0.98425,1.00000,0.85430,0.00000,0.20953,2.47861,2.03040,1.00000,1.00000,1.00000
18,0.0122,1867776,42322,0.01338,1.69e-04,0.3871,70.0096,0.00000,0.00000,0.00000,10.00000,974.68757,0.00000,0.79218,0.00000,0.00000,0.87103,0.00000,0.00000,0.00000,0.00000,0.00000,0.42719,2.23177,1.44410,0.98148,0.97436,1.00000,1369.49268,-0.02913,-0.13507,0.30364,-0.03251,0.50751,0.86864,-0.08060,0.18799,-0.01044,-0.03614,0.17622,0.38507,0.37053,1.89551,1.76857,0.97685,0.96753,1.00000,0.85267,0.00000,0.20909,2.48595,2.35244,0.97222,0.96053,1.00000
19,0.0129,1966080,43012,0.01472,1.57e-04,0.3869,73.2200,0.00000,0.00000,0.00000,10.00000,1103.09115,0.00000,0.73099,0.00000,0.00000,0.86985,0.00000,0.00000,0.00000,0.00000,0.00000,0.42656,2.21570,1.47585,1.00000,1.00000,1.00000,1398.98926,-0.02922,-0.13776,0.30092,-0.03197,0.50732,0.86753,-0.07953,0.18591,-0.01153,-0.03627,0.17419,0.38213,0.37055,1.77583,1.68286,0.99561,0.99333,1.00000,0.85273,0.00000,0.20918,2.45498,2.07950,0.99123,0.98667,1.00000
20,0.0134,2064384,46614,0.01429,1.30e-04,0.3868,95.3067,0.00000,0.00000,0.00000,10.00000,1164.54522,0.00000,0.71047,0.00000,0.00000,0.86997,0.00000,0.00000,0.00000,0.00000,0.00000,0.42797,2.19335,1.51237,0.99038,0.98551,1.00000,1386.84912,-0.02942,-0.13658,0.29675,-0.03184,0.50701,0.86759,-0.07942,0.18200,-0.01086,-0.03620,0.17237,0.37830,0.37083,1.73329,1.64941,0.98077,0.96992,1.00000,0.85414,0.00000,0.20944,2.43270,1.97314,0.97115,0.95312,1.00000
21,0.0141,2162688,45668,0.01413,1.31e-04,0.3867,83.5109,0.00000,0.00000,0.00000,10.00000,1195.52859,0.00000,0.80586,0.00000,0.00000,0.86585,0.00000,0.00000,0.00000,0.00000,0.00000,0.42827,2.19368,1.36500,1.00000,1.00000,1.00000,1409.12793,-0.02938,-0.13871,0.29731,-0.03185,0.50456,0.86350,-0.08000,0.18276,-0.01536,-0.03608,0.17246,0.37928,0.37025,1.68115,1.72000,0.98901,0.98485,1.00000,0.85127,0.00000,0.20877,2.43715,2.02089,0.97802,0.96875,1.00000
22,0.0146,2260992,50887,0.01156,1.41e-04,0.3866,74.0646,0.00000,0.00000,0.00000,10.00000,1183.22856,0.00000,0.75650,0.00000,0.00000,0.86231,0.00000,0.00000,0.00000,0.00000,0.00000,0.42841,2.19632,1.59569,1.00000,1.00000,1.00000,1412.02620,-0.02926,-0.13908,0.29844,-0.03205,0.50319,0.85995,-0.07987,0.18375,-0.01332,-0.03614,0.17267,0.37971,0.36972,1.89744,2.02333,0.99468,0.99219,1.00000,0.84860,0.00000,0.20754,2.43717,2.18588,0.98936,0.98438,1.00000
23,0.0151,2359296,52094,0.01235,1.47e-04,0.3865,82.1693,0.00000,0.00000,0.00000,10.00000,1187.48978,0.00000,0.70208,0.00000,0.00000,0.86685,0.00000,0.00000,0.00000,0.00000,0.00000,0.42960,2.23132,1.54627,1.00000,1.00000,1.00000,1424.38411,-0.02929,-0.14023,0.30166,-0.03285,0.50426,0.86457,-0.08093,0.18470,-0.01200,-0.03596,0.17489,0.38282,0.37029,1.81742,1.58588,1.00000,1.00000,1.00000,0.85145,0.00000,0.20476,2.45846,2.09692,1.00000,1.00000,1.00000
24,0.0157,2457600,52535,0.01400,1.37e-04,0.3864,61.0816,0.00000,0.00000,0.00000,10.00000,1170.30908,0.00000,0.72338,0.00000,0.00000,0.87032,0.00000,0.00000,0.00000,0.00000,0.00000,0.42960,2.23872,1.54368,0.98958,0.98551,1.00000,1414.25033,-0.02923,-0.13927,0.30318,-0.03293,0.50677,0.86811,-0.08079,0.18414,-0.01185,-0.03617,0.17617,0.38518,0.37028,1.86155,1.75579,0.98438,0.97600,1.00000,0.85140,0.00000,0.20609,2.46411,2.22757,0.97917,0.96429,1.00000
25,0.0162,2555904,48697,0.01152,1.58e-04,0.3862,65.8380,0.00000,0.00000,0.00000,10.00000,1198.92951,0.00000,0.69913,0.00000,0.00000,0.87429,0.00000,0.00000,0.00000,0.00000,0.00000,0.42911,2.26101,1.44600,1.00000,1.00000,1.00000,1404.20850,-0.02915,-0.13834,0.30325,-0.03133,0.50860,0.87207,-0.08125,0.18458,-0.01075,-0.03603,0.17791,0.38583,0.37114,1.76371,1.77571,0.98876,0.98214,1.00000,0.85569,0.00000,0.20491,2.46629,2.06156,0.97753,0.96552,1.00000
26,0.0168,2654208,49551,0.01331,1.98e-04,0.3861,54.9075,0.00000,0.00000,0.00000,10.00000,1186.95210,0.00000,0.72690,0.00000,0.00000,0.87637,0.00000,0.00000,0.00000,0.00000,0.00000,0.42781,2.26351,1.46270,0.98131,0.97059,1.00000,1374.94710,-0.02900,-0.13564,0.30465,-0.03261,0.51126,0.87413,-0.08003,0.18502,-0.01144,-0.03612,0.17786,0.38766,0.37162,1.75870,1.64235,0.98598,0.97857,1.00000,0.85809,0.00000,0.20716,2.47365,2.03250,0.99065,0.98611,1.00000
27,0.0174,2752512,48354,0.01334,2.69e-04,0.3860,78.0859,0.00000,0.00000,0.00000,10.00000,1192.37689,0.00000,0.69585,0.00000,0.00000,0.87428,0.00000,0.00000,0.00000,0.00000,0.00000,0.42691,2.24496,1.48240,1.00000,1.00000,1.00000,1372.67594,-0.02903,-0.13526,0.30275,-0.03174,0.51021,0.87211,-0.07921,0.18678,-0.01148,-0.03608,0.17705,0.38524,0.37143,1.73119,1.75684,1.00000,1.00000,1.00000,0.85714,0.00000,0.20556,2.47191,2.00559,1.00000,1.00000,1.00000
28,0.0179,2850816,53910,0.01843,1.48e-04,0.3858,69.9484,0.00000,0.00000,0.00000,10.00000,1183.18274,0.00000,0.72947,0.00000,0.00000,0.87075,0.00000,0.00000,0.00000,0.00000,0.00000,0.42639,2.23277,1.55056,1.00000,1.00000,1.00000,1367.88623,-0.02908,-0.13486,0.30115,-0.03215,0.50801,0.86857,-0.07926,0.18645,-0.01089,-0.03604,0.17692,0.38312,0.37081,1.85017,2.10333,1.00000,1.00000,1.00000,0.85405,0.00000,0.20597,2.46470,2.16023,1.00000,1.00000,1.00000
29,0.0184,2949120,52939,0.01422,1.02e-04,0.3857,71.2816,0.00000,0.00000,0.00000,10.00000,1174.50554,0.00000,0.80048,0.00000,0.00000,0.86894,0.00000,0.00000,0.00000,0.00000,0.00000,0.42580,2.23092,1.54197,1.00000,1.00000,1.00000,1381.83822,-0.02910,-0.13614,0.30085,-0.03228,0.50640,0.86670,-0.07891,0.18617,-0.01237,-0.03587,0.17617,0.38254,0.37049,1.78604,1.60800,1.00000,1.00000,1.00000,0.85243,0.00000,0.20589,2.45776,2.04088,1.00000,1.00000,1.00000
30,0.0190,3047424,51090,0.01085,1.47e-04,0.3855,73.1677,0.00000,0.00000,0.00000,10.00000,1195.39755,0.00000,0.66807,0.00000,0.00000,0.86677,0.00000,0.00000,0.00000,0.00000,0.00000,0.42571,2.23628,1.64407,1.00000,1.00000,1.00000,1389.54264,-0.02897,-0.13676,0.30213,-0.03256,0.50450,0.86452,-0.07925,0.18675,-0.01179,-0.03576,0.17687,0.38402,0.36970,1.82715,1.65428,1.00000,1.00000,1.00000,0.84848,0.00000,0.20657,2.46530,2.04320,1.00000,1.00000,1.00000
31,0.0195,3145728,51099,0.01439,1.55e-04,0.3853,60.1754,0.00000,0.00000,0.00000,10.00000,1170.36700,0.00000,0.78313,0.00000,0.00000,0.86781,0.00000,0.00000,0.00000,0.00000,0.00000,0.42573,2.26338,1.60457,1.00000,1.00000,1.00000,1397.77148,-0.02884,-0.13774,0.30463,-0.03319,0.50622,0.86556,-0.07942,0.18781,-0.01090,-0.03566,0.17838,0.38693,0.37042,1.98252,2.80400,1.00000,1.00000,1.00000,0.85208,0.00000,0.20640,2.47586,2.44667,1.00000,1.00000,1.00000
32,0.0200,3244032,50493,0.01555,9.53e-05,0.3851,71.7635,0.00000,0.00000,0.00000,10.00000,1178.05206,0.00000,0.79594,0.00000,0.00000,0.87539,0.00000,0.00000,0.00000,0.00000,0.00000,0.42713,2.27932,1.53908,0.99038,0.98718,1.00000,1377.74984,-0.02882,-0.13589,0.30676,-0.03313,0.51040,0.87310,-0.07938,0.18699,-0.00922,-0.03578,0.18027,0.38956,0.37141,1.81975,1.76000,0.98558,0.97987,1.00000,0.85706,0.00000,0.20656,2.49168,2.14973,0.98077,0.97183,1.00000
33,0.0206,3342336,53044,0.01119,1.10e-04,0.3850,75.1110,0.00000,0.00000,0.00000,10.00000,1164.81199,0.00000,0.79710,0.00000,0.00000,0.88031,0.00000,0.00000,0.00000,0.00000,0.00000,0.42631,2.29058,1.52293,1.00000,1.00000,1.00000,1357.45418,-0.02862,-0.13382,0.30810,-0.03311,0.51387,0.87798,-0.07927,0.18856,-0.01062,-0.03574,0.18215,0.39170,0.37238,1.80123,1.81286,1.00000,1.00000,1.00000,0.86191,0.00000,0.20695,2.50303,2.09521,1.00000,1.00000,1.00000
34,0.0211,3440640,53078,0.01597,7.53e-05,0.3848,63.6388,0.00000,0.00000,0.00000,10.00000,1179.54326,0.00000,0.71502,0.00000,0.00000,0.87957,0.00000,0.00000,0.00000,0.00000,0.00000,0.42631,2.28994,1.60930,1.00000,1.00000,1.00000,1357.84587,-0.02859,-0.13365,0.30776,-0.03246,0.51446,0.87721,-0.07851,0.18817,-0.01334,-0.03596,0.18131,0.39100,0.37216,1.90500,1.98210,0.98148,0.97842,0.95000,0.86079,0.00000,0.20585,2.49053,2.26828,0.96296,0.95312,0.88889
35,0.0216,3538944,54245,0.01173,8.49e-05,0.3847,79.5385,0.00000,0.00000,0.00000,10.00000,1198.69773,0.00000,0.69444,0.00000,0.00000,0.87758,0.00000,0.00000,0.00000,0.00000,0.00000,0.42685,2.26298,1.57917,1.00000,1.00000,1.00000,1350.73966,-0.02887,-0.13317,0.30532,-0.03210,0.51239,0.87525,-0.07909,0.18743,-0.01098,-0.03567,0.18064,0.38763,0.37205,1.83606,1.72588,1.00000,1.00000,1.00000,0.86024,0.00000,0.20667,2.48815,2.10028,1.00000,1.00000,1.00000
36,0.0221,3637248,54792,0.01268,8.49e-05,0.3846,74.7854,0.00000,0.00000,0.00000,10.00000,1150.09132,0.00000,0.84682,0.00000,0.00000,0.87501,0.00000,0.00000,0.00000,0.00000,0.00000,0.42599,2.25408,1.57123,1.00000,1.00000,1.00000,1354.44108,-0.02897,-0.13353,0.30421,-0.03188,0.51068,0.87269,-0.07933,0.18751,-0.01149,-0.03591,0.17957,0.38647,0.37179,1.93166,2.17714,0.99029,0.98726,1.00000,0.85896,0.00000,0.20714,2.48251,2.36513,0.98058,0.97222,1.00000
37,0.0226,3735552,54282,0.01322,6.62e-05,0.3845,81.9296,0.00000,0.00000,0.00000,10.00000,1191.20182,0.00000,0.75231,0.00000,0.00000,0.87285,0.00000,0.00000,0.00000,0.00000,0.00000,0.42608,2.26340,1.51111,1.00000,1.00000,1.00000,1360.97388,-0.02899,-0.13424,0.30541,-0.03257,0.50996,0.87071,-0.07933,0.18753,-0.01168,-0.03572,0.17983,0.38749,0.37133,1.91328,1.57454,0.99479,0.99231,1.00000,0.85667,0.00000,0.20667,2.48287,2.33912,0.98958,0.98438,1.00000
38,0.0231,3833856,54157,0.01164,6.28e-05,0.3844,63.5499,0.00000,0.00000,0.00000,10.00000,1211.79505,0.00000,0.67422,0.00000,0.00000,0.87143,0.00000,0.00000,0.00000,0.00000,0.00000,0.42672,2.24966,1.44811,1.00000,1.00000,1.00000,1346.81795,-0.02902,-0.13278,0.30374,-0.03169,0.50829,0.86925,-0.07956,0.18694,-0.00980,-0.03553,0.17973,0.38522,0.37098,1.67103,1.64667,0.99515,0.99200,1.00000,0.85490,0.00000,0.20543,2.47718,1.90338,0.99029,0.98387,1.00000
39,0.0237,3932160,53626,0.01039,8.26e-05,0.3843,78.6754,0.00000,0.00000,0.00000,10.00000,1182.33897,0.00000,0.82766,0.00000,0.00000,0.87082,0.00000,0.00000,0.00000,0.00000,0.00000,0.42725,2.23436,1.50941,1.00000,1.00000,1.00000,1359.25716,-0.02908,-0.13407,0.30192,-0.03153,0.50792,0.86874,-0.07987,0.18640,-0.00987,-0.03545,0.17874,0.38275,0.37133,1.75006,2.02000,1.00000,1.00000,1.00000,0.85666,0.00000,0.20459,2.46791,2.03417,1.00000,1.00000,1.00000
40,0.0242,4030464,52854,0.01142,1.03e-04,0.3842,68.4793,0.00000,0.00000,0.00000,10.00000,1160.05475,0.00000,0.79890,0.00000,0.00000,0.87143,0.00000,0.00000,0.00000,0.00000,0.00000,0.42743,2.22397,1.62467,1.00000,1.00000,1.00000,1359.43791,-0.02905,-0.13402,0.30072,-0.03165,0.50787,0.86924,-0.07960,0.18464,-0.01133,-0.03573,0.17735,0.38148,0.37141,1.88032,2.29667,0.98760,0.98276,1.00000,0.85703,0.00000,0.20607,2.45749,2.12252,0.97521,0.96629,1.00000
41,0.0247,4128768,54286,0.01042,1.30e-04,0.3841,84.2204,0.00000,0.00000,0.00000,10.00000,1167.51746,0.00000,0.78976,0.00000,0.00000,0.86819,0.00000,0.00000,0.00000,0.00000,0.00000,0.42766,2.20901,1.49494,1.00000,1.00000,1.00000,1361.01969,-0.02920,-0.13414,0.29850,-0.03202,0.50557,0.86587,-0.07920,0.18223,-0.01082,-0.03568,0.17524,0.37914,0.37020,1.77396,2.10667,0.98529,0.98621,0.93750,0.85101,0.00000,0.20688,2.43422,2.07868,0.97059,0.97143,0.87500
42,0.0252,4227072,53386,0.01666,1.19e-04,0.3840,74.6223,0.00000,0.00000,0.00000,10.00000,1196.16982,0.00000,0.81287,0.00000,0.00000,0.86339,0.00000,0.00000,0.00000,0.00000,0.00000,0.42776,2.22318,1.53428,1.00000,1.00000,1.00000,1363.37744,-0.02918,-0.13446,0.29974,-0.03168,0.50208,0.86120,-0.07908,0.18210,-0.01114,-0.03560,0.17613,0.38048,0.36943,1.77390,2.14000,0.97895,0.97122,1.00000,0.84715,0.00000,0.20651,2.43402,2.06219,0.95789,0.93846,1.00000
43,0.0257,4325376,53796,0.01630,9.76e-05,0.3838,91.6375,0.00000,0.00000,0.00000,10.00000,1194.55211,0.00000,0.71338,0.00000,0.00000,0.86263,0.00000,0.00000,0.00000,0.00000,0.00000,0.42694,2.21884,1.39138,1.00000,1.00000,1.00000,1386.50684,-0.02934,-0.13662,0.29842,-0.03153,0.50088,0.86051,-0.07999,0.18057,-0.01251,-0.03560,0.17575,0.37896,0.36930,1.66543,1.80706,0.99432,0.99115,1.00000,0.84652,0.00000,0.20752,2.42206,1.94375,0.98864,0.98214,1.00000
44,0.0262,4423680,53773,0.01032,1.41e-04,0.3837,71.1736,0.00000,0.00000,0.00000,10.00000,1172.82760,0.00000,0.74074,0.00000,0.00000,0.86348,0.00000,0.00000,0.00000,0.00000,0.00000,0.42617,2.25747,1.71324,0.98889,0.98387,1.00000,1414.69255,-0.02931,-0.13932,0.30166,-0.03158,0.50151,0.86136,-0.08012,0.18149,-0.01245,-0.03568,0.17809,0.38283,0.36932,1.88273,2.00421,0.98889,0.98333,1.00000,0.84662,0.00000,0.20689,2.43240,2.05970,0.98889,0.98276,1.00000
45,0.0268,4521984,53116,0.02100,8.26e-05,0.3836,72.6624,0.00000,0.00000,0.00000,10.00000,1164.69824,0.00000,0.75231,0.00000,0.00000,0.87007,0.00000,0.00000,0.00000,0.00000,0.00000,0.42672,2.27871,1.48658,1.00000,1.00000,1.00000,1384.63118,-0.02924,-0.13653,0.30282,-0.03170,0.50534,0.86785,-0.08067,0.17897,-0.01172,-0.03550,0.17960,0.38468,0.37060,1.76368,1.83652,0.99479,0.99231,1.00000,0.85302,0.00000,0.20869,2.43026,2.04079,0.98958,0.98485,1.00000
46,0.0273,4620288,53727,0.00985,1.19e-04,0.3834,80.8244,0.00000,0.00000,0.00000,10.00000,1172.40585,0.00000,0.80183,0.00000,0.00000,0.87598,0.00000,0.00000,0.00000,0.00000,0.00000,0.42652,2.29032,1.46231,1.00000,1.00000,1.00000,1398.93083,-0.02914,-0.13785,0.30519,-0.03254,0.50943,0.87385,-0.08073,0.18092,-0.01217,-0.03563,0.18103,0.38824,0.37203,1.79111,1.76714,0.98969,0.98571,1.00000,0.86017,0.00000,0.20996,2.46033,2.13307,0.97938,0.97101,1.00000
47,0.0278,4718592,53269,0.01380,1.24e-04,0.3833,74.3631,0.00000,0.00000,0.00000,10.00000,1170.37087,0.00000,0.72115,0.00000,0.00000,0.87695,0.00000,0.00000,0.00000,0.00000,0.00000,0.42615,2.28824,1.48025,1.00000,1.00000,1.00000,1349.92879,-0.02903,-0.13307,0.30571,-0.03280,0.51091,0.87483,-0.08050,0.18275,-0.01216,-0.03571,0.18128,0.38868,0.37153,1.84857,2.06071,0.99038,0.98519,1.00000,0.85765,0.00000,0.20904,2.46052,2.20341,0.98077,0.97143,1.00000
48,0.0283,4816896,53869,0.01259,1.24e-04,0.3831,73.6125,0.00000,0.00000,0.00000,10.00000,1220.76176,0.00000,0.71829,0.00000,0.00000,0.87410,0.00000,0.00000,0.00000,0.00000,0.00000,0.42553,2.27402,1.49833,1.00000,1.00000,1.00000,1337.85278,-0.02908,-0.13185,0.30385,-0.03167,0.50989,0.87200,-0.07959,0.18275,-0.01092,-0.03562,0.18028,0.38608,0.37090,1.71631,1.49538,1.00000,1.00000,1.00000,0.85450,0.00000,0.20811,2.45264,1.94377,1.00000,1.00000,1.00000
49,0.0288,4915200,54701,0.01410,1.20e-04,0.3829,73.9279,0.00000,0.00000,0.00000,10.00000,1175.78554,0.00000,0.75713,0.00000,0.00000,0.86793,0.00000,0.00000,0.00000,0.00000,0.00000,0.42435,2.24473,1.49075,1.00000,1.00000,1.00000,1349.69124,-0.02918,-0.13302,0.30208,-0.03100,0.50617,0.86598,-0.07921,0.18481,-0.01145,-0.03556,0.17924,0.38300,0.37019,1.72936,1.45300,0.99115,0.99351,0.95238,0.85095,0.00000,0.20745,2.44711,2.00675,0.98230,0.98611,0.90000
50,0.0294,5013504,54651,0.01392,1.22e-04,0.3828,78.9840,0.00000,0.00000,0.00000,10.00000,1184.35844,0.00000,0.80314,0.00000,0.00000,0.86659,0.00000,0.00000,0.00000,0.00000,0.00000,0.42407,2.22833,1.41147,1.00000,1.00000,1.00000,1348.79785,-0.02920,-0.13301,0.30146,-0.03138,0.50415,0.86463,-0.07988,0.18658,-0.01103,-0.03516,0.17842,0.38174,0.37015,1.75447,1.58889,0.98913,0.98496,1.00000,0.85073,0.00000,0.20732,2.46244,2.07397,0.97826,0.97101,1.00000
51,0.0299,5111808,53609,0.01364,1.19e-04,0.3826,71.8006,0.00000,0.00000,0.00000,10.00000,1183.54375,0.00000,0.72222,0.00000,0.00000,0.86495,0.00000,0.00000,0.00000,0.00000,0.00000,0.42410,2.24917,1.54871,1.00000,1.00000,1.00000,1341.72087,-0.02893,-0.13240,0.30462,-0.03155,0.50380,0.86288,-0.07988,0.19044,-0.00979,-0.03495,0.18063,0.38552,0.36987,1.74215,1.62706,1.00000,1.00000,1.00000,0.84935,0.00000,0.20510,2.49413,1.94542,1.00000,1.00000,1.00000
52,0.0304,5210112,55164,0.01644,9.76e-05,0.3825,60.6886,0.00000,0.00000,0.00000,10.00000,1141.85747,0.00000,0.88076,0.00000,0.00000,0.86912,0.00000,0.00000,0.00000,0.00000,0.00000,0.42370,2.28292,1.52338,1.00000,1.00000,1.00000,1349.54940,-0.02884,-0.13298,0.30763,-0.03167,0.50671,0.86718,-0.08024,0.19239,-0.00957,-0.03497,0.18327,0.38951,0.37093,1.79061,2.11333,0.98171,0.97692,1.00000,0.85466,0.00000,0.20428,2.51442,2.11220,0.96341,0.95082,1.00000
53,0.0309,5308416,56296,0.01064,1.41e-04,0.3824,73.5943,0.00000,0.00000,0.00000,10.00000,1190.18750,0.00000,0.73375,0.00000,0.00000,0.87728,0.00000,0.00000,0.00000,0.00000,0.00000,0.42399,2.29978,1.53300,1.00000,1.00000,1.00000,1340.35262,-0.02875,-0.13222,0.31001,-0.03263,0.51145,0.87530,-0.08026,0.19169,-0.00929,-0.03531,0.18312,0.39226,0.37207,1.75437,1.80762,0.99528,0.99286,1.00000,0.86035,0.00000,0.20553,2.51892,1.97575,0.99057,0.98611,1.00000
54,0.0314,5406720,55124,0.01202,1.72e-04,0.3822,66.1637,0.00000,0.00000,0.00000,10.00000,1184.83529,0.00000,0.74074,0.00000,0.00000,0.87803,0.00000,0.00000,0.00000,0.00000,0.00000,0.42423,2.30118,1.61286,1.00000,1.00000,1.00000,1345.89502,-0.02873,-0.13271,0.30918,-0.03159,0.51262,0.87619,-0.07985,0.19249,-0.00963,-0.03533,0.18480,0.39125,0.37244,1.81225,1.52400,0.99479,0.99219,1.00000,0.86220,0.00000,0.20322,2.51650,2.00611,0.98958,0.98462,1.00000
55,0.0319,5505024,54839,0.01651,9.76e-05,0.3821,76.1053,0.00000,0.00000,0.00000,10.00000,1169.05201,0.00000,0.77778,0.00000,0.00000,0.87995,0.00000,0.00000,0.00000,0.00000,0.00000,0.42418,2.28416,1.60326,1.00000,1.00000,1.00000,1349.24398,-0.02874,-0.13301,0.30782,-0.03154,0.51287,0.87797,-0.07948,0.19148,-0.01163,-0.03550,0.18407,0.38981,0.37246,1.84448,1.78333,0.99524,0.99320,1.00000,0.86229,0.00000,0.20479,2.51339,2.10709,0.99048,0.98571,1.00000
56,0.0324,5603328,55107,0.01184,1.11e-04,0.3819,83.2592,0.00000,0.00000,0.00000,10.00000,1178.32469,0.00000,0.76111,0.00000,0.00000,0.87999,0.00000,0.00000,0.00000,0.00000,0.00000,0.42346,2.27570,1.56394,1.00000,1.00000,1.00000,1323.47355,-0.02878,-0.13048,0.30753,-0.03124,0.51256,0.87810,-0.07933,0.19146,-0.01240,-0.03533,0.18338,0.38985,0.37220,1.78966,1.90428,0.98500,0.98540,0.93333,0.86100,0.00000,0.20612,2.51366,1.99513,0.97000,0.97260,0.87500
57,0.0329,5701632,54928,0.01250,1.19e-04,0.3818,66.2487,0.00000,0.00000,0.00000,10.00000,1207.36328,0.00000,0.73495,0.00000,0.00000,0.87492,0.00000,0.00000,0.00000,0.00000,0.00000,0.42353,2.27106,1.53733,1.00000,1.00000,1.00000,1315.16211,-0.02867,-0.12963,0.30699,-0.03169,0.51070,0.87294,-0.07865,0.19144,-0.01085,-0.03518,0.18304,0.38966,0.37117,1.77577,1.63000,0.98958,0.98425,1.00000,0.85584,0.00000,0.20623,2.50924,2.06419,0.97917,0.96552,1.00000
58,0.0335,5799936,47504,0.01461,1.20e-04,0.3816,83.3942,0.00000,0.00000,0.00000,10.00000,1173.32775,0.00000,0.73016,0.00000,0.00000,0.87011,0.00000,0.00000,0.00000,0.00000,0.00000,0.42368,2.26127,1.56049,1.00000,1.00000,1.00000,1314.50073,-0.02873,-0.12965,0.30494,-0.03066,0.50823,0.86828,-0.07911,0.19038,-0.00889,-0.03516,0.18271,0.38683,0.37072,1.87071,1.85529,0.99048,0.99275,0.94444,0.85358,0.00000,0.20528,2.49786,2.21918,0.98095,0.98485,0.87500
59,0.0341,5898240,46457,0.01534,7.53e-05,0.3815,65.1861,0.00000,0.00000,0.00000,10.00000,1142.84257,0.00000,0.81243,0.00000,0.00000,0.86696,0.00000,0.00000,0.00000,0.00000,0.00000,0.42303,2.25335,1.64778,1.00000,1.00000,1.00000,1326.10368,-0.02892,-0.13088,0.30300,-0.03124,0.50636,0.86518,-0.07950,0.18988,-0.00946,-0.03488,0.18171,0.38457,0.37070,1.87907,1.92933,0.98925,0.98529,1.00000,0.85352,0.00000,0.20499,2.47841,2.09256,0.97849,0.97183,1.00000
60,0.0347,5996544,46567,0.01319,7.53e-05,0.3813,80.8328,0.00000,0.00000,0.00000,10.00000,1172.27060,0.00000,0.80629,0.00000,0.00000,0.86729,0.00000,0.00000,0.00000,0.00000,0.00000,0.42170,2.26459,1.45106,1.00000,1.00000,1.00000,1355.46354,-0.02899,-0.13359,0.30240,-0.03141,0.50581,0.86557,-0.07875,0.18828,-0.01205,-0.03528,0.18015,0.38340,0.37046,1.69311,1.69846,0.99558,1.00000,0.92857,0.85228,0.00000,0.20429,2.44921,1.96723,0.99115,1.00000,0.87500
61,0.0353,6094848,45829,0.01218,1.08e-04,0.3812,73.8398,0.00000,0.00000,0.00000,10.00000,1189.86239,0.00000,0.76023,0.00000,0.00000,0.86582,0.00000,0.00000,0.00000,0.00000,0.00000,0.42157,2.25075,1.51839,1.00000,1.00000,1.00000,1337.13525,-0.02913,-0.13178,0.29963,-0.03040,0.50473,0.86408,-0.07930,0.18505,-0.01099,-0.03520,0.18015,0.37970,0.37057,1.82000,1.96428,0.98246,0.97436,1.00000,0.85287,0.00000,0.20610,2.42375,2.14395,0.96491,0.94805,1.00000
62,0.0359,6193152,45011,0.01224,1.33e-04,0.3810,93.6444,0.00000,0.00000,0.00000,10.00000,1164.85930,0.00000,0.78231,0.00000,0.00000,0.86360,0.00000,0.00000,0.00000,0.00000,0.00000,0.42199,2.21934,1.47636,0.98980,1.00000,0.87500,1357.51994,-0.02920,-0.13364,0.29749,-0.03059,0.50295,0.86177,-0.07856,0.18274,-0.01245,-0.03509,0.17785,0.37712,0.36986,1.88609,1.73867,0.98469,0.98551,0.93750,0.84929,0.00000,0.20927,2.41517,2.31243,0.97959,0.97059,1.00000
63,0.0364,6291456,53283,0.02013,6.89e-05,0.3808,75.2323,0.00000,0.00000,0.00000,10.00000,1202.89331,0.00000,0.79686,0.00000,0.00000,0.85959,0.00000,0.00000,0.00000,0.00000,0.00000,0.42125,2.21985,1.44810,1.00000,1.00000,1.00000,1373.23356,-0.02901,-0.13522,0.29877,-0.03146,0.50022,0.85777,-0.07877,0.18497,-0.01200,-0.03518,0.17776,0.37932,0.36901,1.73139,2.02667,0.98990,0.98592,1.00000,0.84507,0.00000,0.21107,2.43789,2.07569,0.97980,0.96875,1.00000
64,0.0369,6389760,52211,0.00872,1.08e-04,0.3807,85.4381,0.00000,0.00000,0.00000,10.00000,1182.83116,0.00000,0.75817,0.00000,0.00000,0.85959,0.00000,0.00000,0.00000,0.00000,0.00000,0.42132,2.22953,1.61233,1.00000,1.00000,1.00000,1364.84416,-0.02892,-0.13462,0.29968,-0.03109,0.50063,0.85776,-0.07931,0.18663,-0.01032,-0.03495,0.17921,0.38039,0.36922,1.87435,2.07467,1.00000,1.00000,1.00000,0.84608,0.00000,0.20925,2.45188,2.09577,1.00000,1.00000,1.00000
65,0.0375,6488064,53773,0.01349,1.08e-04,0.3805,75.8336,0.00000,0.00000,0.00000,10.00000,1183.09982,0.00000,0.68558,0.00000,0.00000,0.86361,0.00000,0.00000,0.00000,0.00000,0.00000,0.42264,2.26270,1.48233,1.00000,1.00000,1.00000,1360.46672,-0.02887,-0.13411,0.30380,-0.03130,0.50307,0.86169,-0.07959,0.18729,-0.01106,-0.03476,0.18138,0.38516,0.36966,1.84692,1.61882,0.99468,1.00000,0.94444,0.84832,0.00000,0.20869,2.46929,2.14657,0.98936,1.00000,0.88889
66,0.0380,6586368,54164,0.01296,1.17e-04,0.3803,71.0164,0.00000,0.00000,0.00000,10.00000,1191.75018,0.00000,0.69935,0.00000,0.00000,0.86877,0.00000,0.00000,0.00000,0.00000,0.00000,0.42399,2.27203,1.48154,0.98824,0.98214,1.00000,1348.20410,-0.02886,-0.13295,0.30437,-0.03107,0.50662,0.86691,-0.07999,0.18646,-0.00978,-0.03479,0.18272,0.38634,0.37079,1.77623,1.67111,0.98235,0.97196,1.00000,0.85397,0.00000,0.20849,2.47681,2.11228,0.97647,0.96078,1.00000
67,0.0385,6684672,54152,0.01570,7.71e-05,0.3802,72.7264,0.00000,0.00000,0.00000,10.00000,1152.26517,0.00000,0.83878,0.00000,0.00000,0.87279,0.00000,0.00000,0.00000,0.00000,0.00000,0.42458,2.28147,1.57256,1.00000,1.00000,1.00000,1362.63273,-0.02881,-0.13426,0.30509,-0.03148,0.50833,0.87081,-0.08020,0.18762,-0.01174,-0.03497,0.18405,0.38811,0.37153,1.87739,1.42000,0.99020,0.99351,0.88889,0.85765,0.00000,0.20746,2.48765,2.22693,0.98039,0.98630,0.75000
68,0.0390,6782976,52871,0.01245,9.76e-05,0.3801,67.7204,0.00000,0.00000,0.00000,10.00000,1211.78376,0.00000,0.68948,0.00000,0.00000,0.87317,0.00000,0.00000,0.00000,0.00000,0.00000,0.42347,2.27074,1.49349,1.00000,1.00000,1.00000,1337.24048,-0.02889,-0.13174,0.30422,-0.03107,0.50895,0.87123,-0.07994,0.18827,-0.01068,-0.03492,0.18282,0.38609,0.37206,1.78467,1.66143,1.00000,1.00000,1.00000,0.86028,0.00000,0.20659,2.48225,2.09383,1.00000,1.00000,1.00000
69,0.0395,6881280,53737,0.01727,6.14e-05,0.3799,87.3302,0.00000,0.00000,0.00000,10.00000,1193.59425,0.00000,0.73477,0.00000,0.00000,0.86821,0.00000,0.00000,0.00000,0.00000,0.00000,0.42280,2.26768,1.49943,1.00000,1.00000,1.00000,1330.88883,-0.02900,-0.13117,0.30294,-0.03096,0.50672,0.86621,-0.07956,0.18845,-0.01165,-0.03471,0.18162,0.38482,0.37120,1.79470,1.63428,0.98925,0.98374,1.00000,0.85601,0.00000,0.20510,2.45822,2.10788,0.97849,0.96667,1.00000
70,0.0401,6979584,52911,0.01172,8.84e-05,0.3798,75.3933,0.00000,0.00000,0.00000,10.00000,1207.88016,0.00000,0.77381,0.00000,0.00000,0.86504,0.00000,0.00000,0.00000,0.00000,0.00000,0.42269,2.25679,1.44511,1.00000,1.00000,1.00000,1316.04972,-0.02912,-0.12981,0.29934,-0.03068,0.50429,0.86300,-0.07839,0.18407,-0.00973,-0.03494,0.17965,0.38017,0.37060,1.62751,1.66889,0.99554,0.99359,1.00000,0.85302,0.00000,0.20578,2.41859,1.84456,0.99107,0.98592,1.00000
71,0.0406,7077888,54398,0.01226,9.76e-05,0.3796,76.3763,0.00000,0.00000,0.00000,10.00000,1186.30701,0.00000,0.78755,0.00000,0.00000,0.86214,0.00000,0.00000,0.00000,0.00000,0.00000,0.42259,2.24801,1.52812,1.00000,1.00000,1.00000,1322.41479,-0.02919,-0.13041,0.29912,-0.02999,0.50155,0.86004,-0.07948,0.18481,-0.00999,-0.03464,0.17942,0.37989,0.37008,1.82204,1.56889,0.99451,0.99225,1.00000,0.85039,0.00000,0.20565,2.42803,2.12029,0.98901,0.98462,1.00000
72,0.0411,7176192,54465,0.01213,1.24e-04,0.3794,75.4468,0.00000,0.00000,0.00000,10.00000,1200.16484,0.00000,0.71528,0.00000,0.00000,0.85865,0.00000,0.00000,0.00000,0.00000,0.00000,0.42193,2.25367,1.47893,1.00000,1.00000,1.00000,1347.23136,-0.02909,-0.13270,0.30117,-0.03122,0.49997,0.85666,-0.07977,0.18780,-0.01143,-0.03461,0.18065,0.38180,0.36919,1.91345,1.56600,1.00000,1.00000,1.00000,0.84593,0.00000,0.20481,2.44218,2.34035,1.00000,1.00000,1.00000
73,0.0416,7274496,53452,0.01399,1.27e-04,0.3792,79.0615,0.00000,0.00000,0.00000,10.00000,1180.71630,0.00000,0.80103,0.00000,0.00000,0.86375,0.00000,0.00000,0.00000,0.00000,0.00000,0.42211,2.28295,1.54823,1.00000,1.00000,1.00000,1380.72038,-0.02888,-0.13607,0.30371,-0.03118,0.50235,0.86171,-0.08016,0.18963,-0.01302,-0.03477,0.18298,0.38468,0.37031,1.88508,2.64500,0.98256,0.97581,1.00000,0.85155,0.00000,0.20364,2.45748,2.28000,0.96512,0.94828,1.00000
74,0.0421,7372800,53643,0.01158,1.41e-04,0.3790,72.3867,0.00000,0.00000,0.00000,10.00000,1184.40595,0.00000,0.75855,0.00000,0.00000,0.87250,0.00000,0.00000,0.00000,0.00000,0.00000,0.42187,2.29227,1.50101,1.00000,1.00000,1.00000,1345.38070,-0.02890,-0.13272,0.30415,-0.03151,0.50720,0.87046,-0.08025,0.18828,-0.01028,-0.03495,0.18330,0.38560,0.37133,1.73494,1.78000,0.98077,0.97183,1.00000,0.85663,0.00000,0.20474,2.45990,1.96886,0.96154,0.94521,1.00000
75,0.0426,7471104,53620,0.01647,9.76e-05,0.3788,79.6797,0.00000,0.00000,0.00000,10.00000,1166.46219,0.00000,0.75556,0.00000,0.00000,0.87332,0.00000,0.00000,0.00000,0.00000,0.00000,0.42119,2.28059,1.52097,1.00000,1.00000,1.00000,1363.57194,-0.02901,-0.13438,0.30376,-0.03150,0.50756,0.87132,-0.08008,0.19013,-0.01220,-0.03496,0.18386,0.38549,0.37190,1.85693,1.87500,0.99000,0.98529,1.00000,0.85952,0.00000,0.20497,2.47047,2.26206,0.98000,0.96774,1.00000
76,0.0432,7569408,53030,0.01249,1.11e-04,0.3787,77.8931,0.00000,0.00000,0.00000,10.00000,1192.43013,0.00000,0.70370,0.00000,0.00000,0.87290,0.00000,0.00000,0.00000,0.00000,0.00000,0.42178,2.27432,1.48973,1.00000,1.00000,1.00000,1343.08301,-0.02881,-0.13228,0.30467,-0.03242,0.50820,0.87076,-0.07941,0.19093,-0.01227,-0.03487,0.18246,0.38698,0.37192,1.84253,1.69368,0.99048,0.98496,1.00000,0.85961,0.00000,0.20505,2.48275,2.18605,0.98095,0.97015,1.00000
77,0.0437,7667712,54245,0.01481,9.98e-05,0.3786,81.6114,0.00000,0.00000,0.00000,10.00000,1178.15826,0.00000,0.74807,0.00000,0.00000,0.86947,0.00000,0.00000,0.00000,0.00000,0.00000,0.42132,2.27377,1.53653,1.00000,1.00000,1.00000,1333.12223,-0.02886,-0.13135,0.30372,-0.03194,0.50645,0.86734,-0.07861,0.19180,-0.01110,-0.03471,0.18272,0.38577,0.37118,1.84313,1.95143,0.98020,0.97794,0.93333,0.85589,0.00000,0.20349,2.47136,2.16250,0.96040,0.95652,0.85714
78,0.0442,7766016,54238,0.01082,1.33e-04,0.3785,93.3809,0.00000,0.00000,0.00000,10.00000,1177.79305,0.00000,0.77098,0.00000,0.00000,0.87031,0.00000,0.00000,0.00000,0.00000,0.00000,0.42076,2.26777,1.42760,1.00000,1.00000,1.00000,1323.58203,-0.02884,-0.13052,0.30326,-0.03088,0.50629,0.86823,-0.07893,0.19234,-0.01105,-0.03468,0.18234,0.38448,0.37115,1.72841,1.86364,0.98980,0.98529,1.00000,0.85576,0.00000,0.20258,2.47191,2.01703,0.97959,0.97183,1.00000
79,0.0447,7864320,55347,0.01572,1.11e-04,0.3783,75.7989,0.00000,0.00000,0.00000,10.00000,1173.19820,0.00000,0.76111,0.00000,0.00000,0.86780,0.00000,0.00000,0.00000,0.00000,0.00000,0.41958,2.25911,1.51899,1.00000,1.00000,1.00000,1345.02002,-0.02891,-0.13261,0.30351,-0.03029,0.50466,0.86577,-0.07967,0.19466,-0.01282,-0.03466,0.18334,0.38501,0.37087,1.86144,1.84375,1.00000,1.00000,1.00000,0.85434,0.00000,0.20342,2.49024,2.22703,1.00000,1.00000,1.00000
80,0.0452,7962624,53999,0.01284,1.60e-04,0.3782,77.9297,0.00000,0.00000,0.00000,10.00000,1179.91464,0.00000,0.71345,0.00000,0.00000,0.87116,0.00000,0.00000,0.00000,0.00000,0.00000,0.42027,2.26850,1.57429,1.00000,1.00000,1.00000,1351.37533,-0.02891,-0.13332,0.30440,-0.03149,0.50716,0.86906,-0.07986,0.19418,-0.01103,-0.03458,0.18251,0.38605,0.37183,1.87606,1.95000,0.98421,0.97541,1.00000,0.85915,0.00000,0.20334,2.49662,2.19134,0.96842,0.95000,1.00000
81,0.0457,8060928,53412,0.01318,1.79e-04,0.3780,85.7834,0.00000,0.00000,0.00000,10.00000,1168.67027,0.00000,0.81516,0.00000,0.00000,0.87209,0.00000,0.00000,0.00000,0.00000,0.00000,0.42122,2.27710,1.52759,1.00000,1.00000,1.00000,1334.12313,-0.02894,-0.13155,0.30494,-0.03153,0.50888,0.87009,-0.07949,0.19431,-0.01164,-0.03476,0.18269,0.38681,0.37198,1.79930,1.64533,0.99065,0.98726,1.00000,0.85992,0.00000,0.20122,2.48806,2.08071,0.98131,0.97468,1.00000
82,0.0462,8159232,52650,0.01881,1.10e-04,0.3778,84.0274,0.00000,0.00000,0.00000,10.00000,1182.54965,0.00000,0.78853,0.00000,0.00000,0.87146,0.00000,0.00000,0.00000,0.00000,0.00000,0.42035,2.26363,1.44255,1.00000,1.00000,1.00000,1319.35588,-0.02896,-0.13013,0.30253,-0.03138,0.50838,0.86956,-0.07890,0.19235,-0.01184,-0.03491,0.18234,0.38408,0.37156,1.76097,1.86364,0.98790,0.98295,1.00000,0.85780,0.00000,0.20171,2.46661,2.15229,0.97581,0.96296,1.00000
83,0.0468,8257536,54031,0.01497,1.02e-04,0.3777,81.4981,0.00000,0.00000,0.00000,10.00000,1163.94593,0.00000,0.78027,0.00000,0.00000,0.86677,0.00000,0.00000,0.00000,0.00000,0.00000,0.41961,2.24291,1.68418,1.00000,1.00000,1.00000,1318.70662,-0.02900,-0.12995,0.30019,-0.03151,0.50554,0.86493,-0.07859,0.19114,-0.01318,-0.03459,0.18173,0.38031,0.37088,1.95445,1.76500,0.98876,0.98400,1.00000,0.85439,0.00000,0.20241,2.44297,2.21314,0.97753,0.96825,1.00000
84,0.0473,8355840,53137,0.01262,9.25e-05,0.3776,75.6919,0.00000,0.00000,0.00000,10.00000,1206.23725,0.00000,0.72612,0.00000,0.00000,0.86265,0.00000,0.00000,0.00000,0.00000,0.00000,0.41994,2.24569,1.57100,1.00000,1.00000,1.00000,1333.42301,-0.02903,-0.13154,0.30010,-0.03098,0.50195,0.86082,-0.07927,0.19164,-0.01185,-0.03453,0.18215,0.37996,0.37016,1.85862,2.36909,0.99561,0.99329,1.00000,0.85079,0.00000,0.20212,2.44767,2.14987,0.99123,0.98667,1.00000
85,0.0478,8454144,51907,0.01010,1.24e-04,0.3774,72.8169,0.00000,0.00000,0.00000,10.00000,1194.07073,0.00000,0.70571,0.00000,0.00000,0.86174,0.00000,0.00000,0.00000,0.00000,0.00000,0.41962,2.26365,1.55964,1.00000,1.00000,1.00000,1346.51668,-0.02892,-0.13275,0.30059,-0.03124,0.50115,0.85984,-0.07921,0.19248,-0.01133,-0.03432,0.18243,0.38106,0.36987,1.72611,1.63467,0.98649,0.97872,1.00000,0.84937,0.00000,0.20065,2.44385,1.90538,0.97297,0.95455,1.00000
86,0.0483,8552448,53425,0.01413,1.47e-04,0.3773,75.1975,0.00000,0.00000,0.00000,10.00000,1167.93039,0.00000,0.76155,0.00000,0.00000,0.86630,0.00000,0.00000,0.00000,0.00000,0.00000,0.41882,2.29089,1.52548,1.00000,1.00000,1.00000,1349.90129,-0.02877,-0.13311,0.30351,-0.03127,0.50364,0.86446,-0.07922,0.19537,-0.01096,-0.03436,0.18458,0.38479,0.37055,1.81121,1.90000,0.97191,0.95902,1.00000,0.85276,0.00000,0.19948,2.46974,2.16474,0.94382,0.91228,1.00000
87,0.0489,8650752,53049,0.01437,1.11e-04,0.3771,94.6861,0.00000,0.00000,0.00000,10.00000,1149.69283,0.00000,0.73856,0.00000,0.00000,0.87240,0.00000,0.00000,0.00000,0.00000,0.00000,0.41808,2.30227,1.67463,1.00000,1.00000,1.00000,1349.68294,-0.02868,-0.13306,0.30542,-0.03127,0.50749,0.87043,-0.07952,0.19656,-0.01069,-0.03449,0.18481,0.38717,0.37155,2.01530,2.31143,0.98824,0.98230,1.00000,0.85776,0.00000,0.20095,2.48408,2.36646,0.97647,0.96429,1.00000
88,0.0494,8749056,53262,0.01363,1.17e-04,0.3769,70.6871,0.00000,0.00000,0.00000,10.00000,1181.57418,0.00000,0.80997,0.00000,0.00000,0.87552,0.00000,0.00000,0.00000,0.00000,0.00000,0.41815,2.31484,1.57537,0.99065,0.98750,1.00000,1349.46077,-0.02864,-0.13309,0.30630,-0.03173,0.51007,0.87357,-0.07902,0.19834,-0.01134,-0.03471,0.18527,0.38898,0.37214,1.82208,1.80750,0.99533,0.99359,1.00000,0.86069,0.00000,0.19990,2.49019,2.07185,1.00000,1.00000,1.00000
89,0.0499,8847360,53530,0.01443,9.91e-05,0.3768,85.2820,0.00000,0.00000,0.00000,10.00000,1198.76744,0.00000,0.67956,0.00000,0.00000,0.87665,0.00000,0.00000,0.00000,0.00000,0.00000,0.41792,2.30763,1.43679,1.00000,1.00000,1.00000,1328.55477,-0.02870,-0.13101,0.30508,-0.03163,0.50973,0.87468,-0.07953,0.19749,-0.01137,-0.03469,0.18500,0.38834,0.37165,1.72074,1.89923,0.99107,0.98540,1.00000,0.85827,0.00000,0.20037,2.48232,2.00825,0.98214,0.97059,1.00000
90,0.0504,8945664,53412,0.01315,9.91e-05,0.3766,74.4793,0.00000,0.00000,0.00000,10.00000,1150.17195,0.00000,0.81958,0.00000,0.00000,0.87221,0.00000,0.00000,0.00000,0.00000,0.00000,0.41762,2.29385,1.53175,0.99010,0.98649,1.00000,1336.65951,-0.02872,-0.13175,0.30377,-0.03147,0.50752,0.87034,-0.07893,0.19737,-0.01190,-0.03454,0.18465,0.38609,0.37151,1.87773,1.53077,0.98515,0.97987,1.00000,0.85756,0.00000,0.20074,2.47425,2.22810,0.98020,0.97333,1.00000
91,0.0509,9043968,53854,0.01254,1.43e-04,0.3764,75.1565,0.00000,0.00000,0.00000,10.00000,1194.34011,0.00000,0.80858,0.00000,0.00000,0.87110,0.00000,0.00000,0.00000,0.00000,0.00000,0.41829,2.26609,1.44725,1.00000,1.00000,1.00000,1304.43311,-0.02881,-0.12872,0.30175,-0.03109,0.50666,0.86924,-0.07816,0.19564,-0.01060,-0.03447,0.18314,0.38308,0.37106,1.71849,2.35000,1.00000,1.00000,1.00000,0.85529,0.00000,0.20128,2.47104,1.99316,1.00000,1.00000,1.00000
92,0.0514,9142272,53973,0.01382,1.48e-04,0.3762,77.9648,0.00000,0.00000,0.00000,10.00000,1183.31285,0.00000,0.78395,0.00000,0.00000,0.86690,0.00000,0.00000,0.00000,0.00000,0.00000,0.41855,2.27031,1.45577,1.00000,1.00000,1.00000,1332.87834,-0.02884,-0.13139,0.30125,-0.03049,0.50480,0.86500,-0.07900,0.19699,-0.01092,-0.03433,0.18383,0.38289,0.37047,1.72857,1.81600,0.98889,0.98425,1.00000,0.85233,0.00000,0.19944,2.46797,2.00927,0.97778,0.96825,1.00000
93,0.0520,9240576,52672,0.01634,9.98e-05,0.3761,77.6667,0.00000,0.00000,0.00000,10.00000,1234.45997,0.00000,0.69959,0.00000,0.00000,0.86511,0.00000,0.00000,0.00000,0.00000,0.00000,0.41878,2.28474,1.50808,1.00000,1.00000,1.00000,1329.46354,-0.02885,-0.13098,0.30314,-0.03054,0.50342,0.86338,-0.08004,0.19743,-0.01190,-0.03401,0.18550,0.38467,0.37014,1.85273,1.57750,1.00000,1.00000,1.00000,0.85070,0.00000,0.19863,2.47785,2.16172,1.00000,1.00000,1.00000
94,0.0525,9338880,53755,0.01653,5.77e-05,0.3760,78.3977,0.00000,0.00000,0.00000,10.00000,1176.97073,0.00000,0.79821,0.00000,0.00000,0.86745,0.00000,0.00000,0.00000,0.00000,0.00000,0.41855,2.30093,1.53155,1.00000,1.00000,1.00000,1336.56494,-0.02870,-0.13188,0.30437,-0.03064,0.50498,0.86576,-0.08011,0.19871,-0.00952,-0.03414,0.18686,0.38677,0.37106,1.87811,1.66461,1.00000,1.00000,1.00000,0.85532,0.00000,0.19821,2.49587,2.24537,1.00000,1.00000,1.00000
95,0.0530,9437184,54391,0.00934,9.25e-05,0.3758,79.9825,0.00000,0.00000,0.00000,10.00000,1174.94346,0.00000,0.81958,0.00000,0.00000,0.87300,0.00000,0.00000,0.00000,0.00000,0.00000,0.41791,2.29627,1.55036,1.00000,1.00000,1.00000,1341.48088,-0.02875,-0.13227,0.30413,-0.03141,0.50817,0.87133,-0.07954,0.19705,-0.01031,-0.03433,0.18582,0.38603,0.37198,1.82012,1.62923,0.99505,0.99329,1.00000,0.85988,0.00000,0.20013,2.48546,2.10354,0.99010,0.98611,1.00000
96,0.0535,9535488,52854,0.01500,9.04e-05,0.3757,86.0675,0.00000,0.00000,0.00000,10.00000,1213.63385,0.00000,0.70862,0.00000,0.00000,0.87364,0.00000,0.00000,0.00000,0.00000,0.00000,0.41724,2.30306,1.48960,1.00000,1.00000,1.00000,1341.57194,-0.02863,-0.13223,0.30668,-0.03117,0.50918,0.87191,-0.07927,0.19872,-0.01137,-0.03444,0.18661,0.38905,0.37181,1.83845,1.70706,1.00000,1.00000,1.00000,0.85904,0.00000,0.20091,2.50782,2.22895,1.00000,1.00000,1.00000
97,0.0540,9633792,53908,0.01309,1.04e-04,0.3756,69.1695,0.00000,0.00000,0.00000,10.00000,1222.08486,0.00000,0.68807,0.00000,0.00000,0.87494,0.00000,0.00000,0.00000,0.00000,0.00000,0.41730,2.29172,1.40222,1.00000,1.00000,1.00000,1309.09367,-0.02851,-0.12897,0.30609,-0.03102,0.51018,0.87324,-0.07907,0.19997,-0.01008,-0.03429,0.18674,0.38888,0.37221,1.74571,1.61800,0.99083,0.98519,1.00000,0.86106,0.00000,0.20228,2.52498,2.04732,0.98165,0.97222,1.00000
98,0.0546,9732096,53801,0.01464,1.04e-04,0.3754,71.8949,0.00000,0.00000,0.00000,10.00000,1196.10247,0.00000,0.71197,0.00000,0.00000,0.87242,0.00000,0.00000,0.00000,0.00000,0.00000,0.41752,2.28770,1.48139,0.98058,0.97015,1.00000,1298.22119,-0.02850,-0.12794,0.30566,-0.03112,0.51004,0.87079,-0.07803,0.20069,-0.00963,-0.03417,0.18693,0.38805,0.37163,1.84098,1.40923,0.98544,0.98485,0.92857,0.85813,0.00000,0.20011,2.51719,2.20563,0.99029,1.00000,0.85714
99,0.0551,9830400,53672,0.01385,1.20e-04,0.3753,89.8029,0.00000,0.00000,0.00000,10.00000,1180.11599,0.00000,0.77098,0.00000,0.00000,0.86857,0.00000,0.00000,0.00000,0.00000,0.00000,0.41627,2.27799,1.61772,1.00000,1.00000,1.00000,1280.59090,-0.02863,-0.12629,0.30345,-0.03080,0.50739,0.86685,-0.07807,0.20039,-0.00963,-0.03404,0.18565,0.38495,0.37121,1.82899,1.88428,0.99490,0.99265,1.00000,0.85607,0.00000,0.19948,2.49601,2.06743,0.98980,0.98462,1.00000
100,0.0556,9928704,54253,0.01575,9.25e-05,0.3751,68.2182,0.00000,0.00000,0.00000,10.00000,1211.74897,0.00000,0.71268,0.00000,0.00000,0.86306,0.00000,0.00000,0.00000,0.00000,0.00000,0.41579,2.26546,1.42301,1.00000,1.00000,1.00000,1285.36694,-0.02878,-0.12680,0.30292,-0.02980,0.50365,0.86136,-0.07808,0.20205,-0.00990,-0.03390,0.18510,0.38313,0.37026,1.78294,1.83412,0.99495,0.99213,1.00000,0.85129,0.00000,0.19725,2.49189,2.15828,0.98990,0.98387,1.00000
101,0.0561,10027008,53393,0.01279,1.11e-04,0.3750,76.7277,0.00000,0.00000,0.00000,10.00000,1202.54338,0.00000,0.75231,0.00000,0.00000,0.86171,0.00000,0.00000,0.00000,0.00000,0.00000,0.41571,2.24602,1.59304,1.00000,1.00000,1.00000,1302.90926,-0.02894,-0.12837,0.29970,-0.02969,0.50167,0.86013,-0.07853,0.20116,-0.01132,-0.03379,0.18431,0.37956,0.37010,1.85944,1.83846,1.00000,1.00000,1.00000,0.85048,0.00000,0.19711,2.48076,2.10784,1.00000,1.00000,1.00000
102,0.0566,10125312,53549,0.01494,1.06e-04,0.3749,76.5124,0.00000,0.00000,0.00000,10.00000,1198.97774,0.00000,0.71803,0.00000,0.00000,0.86066,0.00000,0.00000,0.00000,0.00000,0.00000,0.41561,2.23646,1.54964,1.00000,1.00000,1.00000,1332.83049,-0.02899,-0.13133,0.29790,-0.03002,0.50101,0.85904,-0.07838,0.19800,-0.01093,-0.03401,0.18253,0.37785,0.36952,1.89936,1.86800,0.99528,0.99270,1.00000,0.84760,0.00000,0.19820,2.45872,2.29698,0.99057,0.98413,1.00000
103,0.0572,10223616,53114,0.01660,7.07e-05,0.3748,85.1639,0.00000,0.00000,0.00000,10.00000,1171.10667,0.00000,0.82240,0.00000,0.00000,0.86266,0.00000,0.00000,0.00000,0.00000,0.00000,0.41686,2.21782,1.53255,0.98425,0.97895,1.00000,1331.47843,-0.02907,-0.13123,0.29510,-0.03032,0.50128,0.86096,-0.07775,0.19439,-0.00954,-0.03432,0.18069,0.37452,0.37006,1.86564,1.85333,0.99213,0.98936,1.00000,0.85030,0.00000,0.19930,2.43483,2.20540,1.00000,1.00000,1.00000
104,0.0577,10321920,53961,0.01113,1.06e-04,0.3746,77.2944,0.00000,0.00000,0.00000,10.00000,1171.84611,0.00000,0.82687,0.00000,0.00000,0.85889,0.00000,0.00000,0.00000,0.00000,0.00000,0.41633,2.21688,1.43015,1.00000,1.00000,1.00000,1320.55664,-0.02911,-0.13017,0.29600,-0.03082,0.49925,0.85726,-0.07760,0.19460,-0.01224,-0.03386,0.18065,0.37522,0.36931,1.79358,1.71714,0.99419,0.99219,1.00000,0.84653,0.00000,0.20012,2.43464,2.15701,0.98837,0.98462,1.00000
105,0.0582,10420224,53369,0.01353,1.06e-04,0.3745,76.1705,0.00000,0.00000,0.00000,10.00000,1194.44854,0.00000,0.80128,0.00000,0.00000,0.85528,0.00000,0.00000,0.00000,0.00000,0.00000,0.41656,2.21699,1.53421,1.00000,1.00000,1.00000,1331.00977,-0.02907,-0.13116,0.29700,-0.03080,0.49766,0.85359,-0.07734,0.19525,-0.01095,-0.03393,0.18116,0.37617,0.36911,1.82165,1.78222,0.99038,0.98667,1.00000,0.84557,0.00000,0.20044,2.45014,2.09136,0.98077,0.97436,1.00000
106,0.0587,10518528,53679,0.01184,8.31e-05,0.3744,89.9460,0.00000,0.00000,0.00000,10.00000,1178.90956,0.00000,0.69801,0.00000,0.00000,0.86011,0.00000,0.00000,0.00000,0.00000,0.00000,0.41663,2.23067,1.51180,0.97436,0.95918,1.00000,1352.72786,-0.02875,-0.13319,0.30022,-0.03142,0.50032,0.85824,-0.07817,0.19753,-0.01177,-0.03379,0.18248,0.38122,0.37006,1.83059,1.59565,0.98077,0.96939,1.00000,0.85030,0.00000,0.20319,2.48815,2.16586,0.98718,0.97959,1.00000
107,0.0592,10616832,54009,0.01214,9.91e-05,0.3742,66.3597,0.00000,0.00000,0.00000,10.00000,1192.31289,0.00000,0.72057,0.00000,0.00000,0.86432,0.00000,0.00000,0.00000,0.00000,0.00000,0.41643,2.27495,1.54411,0.98020,0.96923,1.00000,1333.51180,-0.02849,-0.13148,0.30370,-0.03138,0.50351,0.86237,-0.07808,0.19982,-0.01199,-0.03395,0.18510,0.38589,0.37052,1.96345,2.05200,0.98515,0.97710,1.00000,0.85259,0.00000,0.20071,2.50491,2.38861,0.99010,0.98485,1.00000
108,0.0598,10715136,54048,0.01388,9.91e-05,0.3741,79.8441,0.00000,0.00000,0.00000,10.00000,1151.86142,0.00000,0.76058,0.00000,0.00000,0.86947,0.00000,0.00000,0.00000,0.00000,0.00000,0.41679,2.28519,1.57104,1.00000,1.00000,1.00000,1339.06095,-0.02871,-0.13197,0.30428,-0.03128,0.50566,0.86760,-0.07891,0.19902,-0.01069,-0.03377,0.18521,0.38564,0.37158,1.95522,1.78316,0.98214,0.97391,1.00000,0.85788,0.00000,0.19936,2.49850,2.33940,0.96429,0.94737,1.00000
109,0.0603,10813440,53176,0.01152,1.20e-04,0.3739,90.4557,0.00000,0.00000,0.00000,10.00000,1204.75933,0.00000,0.74434,0.00000,0.00000,0.87127,0.00000,0.00000,0.00000,0.00000,0.00000,0.41726,2.29696,1.42846,0.99029,0.98611,1.00000,1327.14242,-0.02872,-0.13085,0.30448,-0.03112,0.50716,0.86946,-0.07916,0.19758,-0.01102,-0.03386,0.18591,0.38612,0.37187,1.70816,1.62800,0.99029,0.98551,1.00000,0.85934,0.00000,0.19985,2.48651,2.00297,0.99029,0.98485,1.00000
110,0.0608,10911744,53506,0.01950,5.23e-05,0.3738,89.8549,0.00000,0.00000,0.00000,10.00000,1209.19115,0.00000,0.67196,0.00000,0.00000,0.87068,0.00000,0.00000,0.00000,0.00000,0.00000,0.41669,2.28506,1.45452,1.00000,1.00000,1.00000,1323.91032,-0.02884,-0.13058,0.30214,-0.03108,0.50693,0.86891,-0.07853,0.19578,-0.01102,-0.03396,0.18500,0.38320,0.37180,1.79126,1.67680,0.99048,0.99213,0.96000,0.85902,0.00000,0.19966,2.46766,2.10641,0.98095,0.98485,0.92308
111,0.0613,11010048,53986,0.01311,5.29e-05,0.3737,81.0933,0.00000,0.00000,0.00000,10.00000,1184.83186,0.00000,0.80629,0.00000,0.00000,0.86999,0.00000,0.00000,0.00000,0.00000,0.00000,0.41728,2.29443,1.49362,1.00000,1.00000,1.00000,1311.15601,-0.02870,-0.12927,0.30320,-0.03068,0.50675,0.86821,-0.07842,0.19667,-0.01146,-0.03402,0.18605,0.38513,0.37148,1.70344,1.95412,0.99115,0.98780,1.00000,0.85741,0.00000,0.19902,2.47829,1.93279,0.98230,0.97500,1.00000
112,0.0618,11108352,53908,0.01097,7.61e-05,0.3736,80.4877,0.00000,0.00000,0.00000,10.00000,1174.66763,0.00000,0.77899,0.00000,0.00000,0.86885,0.00000,0.00000,0.00000,0.00000,0.00000,0.41692,2.27588,1.51042,1.00000,1.00000,1.00000,1307.27604,-0.02869,-0.12885,0.30272,-0.03080,0.50633,0.86707,-0.07782,0.19794,-0.01293,-0.03372,0.18535,0.38395,0.37113,1.85413,2.04000,0.97283,0.96124,1.00000,0.85563,0.00000,0.19896,2.47746,2.24774,0.94565,0.91935,1.00000
113,0.0623,11206656,53516,0.01140,1.10e-04,0.3734,83.5539,0.00000,0.00000,0.00000,10.00000,1209.71680,0.00000,0.74495,0.00000,0.00000,0.86421,0.00000,0.00000,0.00000,0.00000,0.00000,0.41676,2.27663,1.58097,1.00000,1.00000,1.00000,1298.56795,-0.02868,-0.12799,0.30285,-0.02957,0.50343,0.86248,-0.07846,0.19912,-0.01086,-0.03343,0.18689,0.38422,0.37041,1.82794,1.59538,1.00000,1.00000,1.00000,0.85207,0.00000,0.19854,2.49062,2.04985,1.00000,1.00000,1.00000
114,0.0629,11304960,53304,0.01474,1.03e-04,0.3733,68.2007,0.00000,0.00000,0.00000,10.00000,1186.88590,0.00000,0.80247,0.00000,0.00000,0.86514,0.00000,0.00000,0.00000,0.00000,0.00000,0.41627,2.29564,1.49803,1.00000,1.00000,1.00000,1312.92090,-0.02860,-0.12941,0.30383,-0.02985,0.50311,0.86342,-0.07962,0.20142,-0.01173,-0.03342,0.18830,0.38541,0.37060,1.83460,1.63555,1.00000,1.00000,1.00000,0.85300,0.00000,0.19581,2.49866,2.15046,1.00000,1.00000,1.00000
115,0.0634,11403264,54318,0.01413,9.14e-05,0.3731,65.3906,0.00000,0.00000,0.00000,10.00000,1196.82088,0.00000,0.76174,0.00000,0.00000,0.86969,0.00000,0.00000,0.00000,0.00000,0.00000,0.41611,2.31808,1.50000,1.00000,1.00000,1.00000,1305.04736,-0.02852,-0.12874,0.30604,-0.03054,0.50571,0.86804,-0.07987,0.20262,-0.01029,-0.03361,0.18921,0.38791,0.37080,1.90192,1.45538,1.00000,1.00000,1.00000,0.85400,0.00000,0.19459,2.50874,2.30383,1.00000,1.00000,1.00000
116,0.0639,11501568,53151,0.01316,9.91e-05,0.3730,74.5412,0.00000,0.00000,0.00000,10.00000,1186.67129,0.00000,0.78853,0.00000,0.00000,0.87101,0.00000,0.00000,0.00000,0.00000,0.00000,0.41527,2.30683,1.50368,1.00000,1.00000,1.00000,1304.83187,-0.02860,-0.12865,0.30316,-0.03007,0.50731,0.86941,-0.07929,0.20083,-0.01139,-0.03353,0.18780,0.38417,0.37175,1.76014,1.84889,0.98387,0.97727,1.00000,0.85874,0.00000,0.19403,2.47905,2.06952,0.96774,0.95082,1.00000
117,0.0644,11599872,52313,0.01687,6.28e-05,0.3728,70.1116,0.00000,0.00000,0.00000,10.00000,1210.96250,0.00000,0.69841,0.00000,0.00000,0.87016,0.00000,0.00000,0.00000,0.00000,0.00000,0.41551,2.31112,1.66880,1.00000,1.00000,1.00000,1284.58789,-0.02857,-0.12674,0.30468,-0.03035,0.50659,0.86838,-0.07935,0.20010,-0.01117,-0.03346,0.18794,0.38618,0.37097,1.82920,1.63789,0.99524,0.99242,1.00000,0.85486,0.00000,0.19646,2.48501,1.98960,0.99048,0.98485,1.00000
118,0.0649,11698176,53993,0.01040,8.26e-05,0.3726,83.0266,0.00000,0.00000,0.00000,10.00000,1202.01695,0.00000,0.78889,0.00000,0.00000,0.86792,0.00000,0.00000,0.00000,0.00000,0.00000,0.41594,2.29903,1.52909,1.00000,1.00000,1.00000,1284.04492,-0.02875,-0.12659,0.30118,-0.02967,0.50530,0.86614,-0.07916,0.19813,-0.01028,-0.03354,0.18675,0.38184,0.37036,1.73669,1.74125,0.99500,0.99296,1.00000,0.85180,0.00000,0.19467,2.45245,1.93650,0.99000,0.98630,1.00000
119,0.0655,11796480,52870,0.01202,1.08e-04,0.3725,86.8882,0.00000,0.00000,0.00000,10.00000,1182.97084,0.00000,0.78869,0.00000,0.00000,0.86357,0.00000,0.00000,0.00000,0.00000,0.00000,0.41703,2.28193,1.51462,1.00000,1.00000,1.00000,1276.38582,-0.02891,-0.12578,0.29974,-0.02928,0.50264,0.86173,-0.07930,0.19564,-0.00981,-0.03345,0.18599,0.38040,0.36953,1.76953,1.69333,0.98661,0.98113,1.00000,0.84766,0.00000,0.19643,2.44729,2.06962,0.97321,0.95946,1.00000
120,0.0660,11894784,53864,0.01333,1.44e-04,0.3723,75.4104,0.00000,0.00000,0.00000,10.00000,1178.60632,0.00000,0.76691,0.00000,0.00000,0.86023,0.00000,0.00000,0.00000,0.00000,0.00000,0.41650,2.25814,1.44587,1.00000,1.00000,1.00000,1302.99170,-0.02900,-0.12845,0.29833,-0.02922,0.50034,0.85853,-0.07920,0.19613,-0.01040,-0.03334,0.18472,0.37799,0.36936,1.82419,1.82118,0.98370,0.97638,1.00000,0.84678,0.00000,0.19674,2.44384,2.24147,0.96739,0.95082,1.00000
121,0.0665,11993088,53481,0.01189,2.07e-04,0.3722,88.8809,0.00000,0.00000,0.00000,10.00000,1178.22486,0.00000,0.80308,0.00000,0.00000,0.86209,0.00000,0.00000,0.00000,0.00000,0.00000,0.41683,2.25552,1.61023,1.00000,1.00000,1.00000,1333.07031,-0.02884,-0.13151,0.29867,-0.03011,0.50046,0.86032,-0.07901,0.19740,-0.01165,-0.03353,0.18403,0.37840,0.36977,1.76400,1.87500,0.98020,0.97260,1.00000,0.84883,0.00000,0.19622,2.45526,1.95194,0.96040,0.94030,1.00000
122,0.0670,12091392,53367,0.01505,1.92e-04,0.3720,81.6727,0.00000,0.00000,0.00000,10.00000,1190.01050,0.00000,0.76880,0.00000,0.00000,0.86598,0.00000,0.00000,0.00000,0.00000,0.00000,0.41725,2.25883,1.47397,0.98990,0.98507,1.00000,1316.15967,-0.02876,-0.12975,0.29999,-0.03037,0.50257,0.86413,-0.07958,0.19716,-0.01003,-0.03348,0.18513,0.38052,0.37075,1.78635,1.75846,0.98990,0.98540,1.00000,0.85373,0.00000,0.19832,2.47579,2.09040,0.98990,0.98571,1.00000
123,0.0675,12189696,53914,0.02838,7.07e-05,0.3719,75.0251,0.00000,0.00000,0.00000,10.00000,1180.65576,0.00000,0.82583,0.00000,0.00000,0.86881,0.00000,0.00000,0.00000,0.00000,0.00000,0.41623,2.26401,1.56609,1.00000,1.00000,1.00000,1304.71476,-0.02864,-0.12867,0.30049,-0.03061,0.50419,0.86685,-0.07878,0.19713,-0.00873,-0.03356,0.18369,0.38081,0.37075,1.80615,1.58823,0.99550,0.99394,1.00000,0.85377,0.00000,0.19849,2.47416,2.05155,0.99099,0.98795,1.00000
124,0.0680,12288000,54505,0.01394,6.93e-05,0.3717,92.4778,0.00000,0.00000,0.00000,10.00000,1179.34671,0.00000,0.78544,0.00000,0.00000,0.86726,0.00000,0.00000,0.00000,0.00000,0.00000,0.41703,2.24858,1.47247,1.00000,1.00000,1.00000,1292.25065,-0.02889,-0.12744,0.29754,-0.03089,0.50392,0.86538,-0.07825,0.19231,-0.01010,-0.03366,0.18166,0.37705,0.37009,1.78659,1.95529,0.98707,0.98171,1.00000,0.85044,0.00000,0.19972,2.43036,2.12628,0.97414,0.96250,1.00000
125,0.0686,12386304,53575,0.01078,1.11e-04,0.3716,93.2612,0.00000,0.00000,0.00000,10.00000,1192.42302,0.00000,0.76155,0.00000,0.00000,0.86111,0.00000,0.00000,0.00000,0.00000,0.00000,0.41680,2.24756,1.45690,1.00000,1.00000,1.00000,1312.65804,-0.02893,-0.12938,0.29741,-0.02990,0.50013,0.85925,-0.07899,0.19343,-0.01129,-0.03341,0.18215,0.37663,0.36970,1.80369,2.12000,0.98876,0.98361,1.00000,0.84850,0.00000,0.19854,2.43362,2.22102,0.97753,0.96429,1.00000
126,0.0691,12484608,53534,0.01332,1.19e-04,0.3715,79.8972,0.00000,0.00000,0.00000,10.00000,1184.51160,0.00000,0.82508,0.00000,0.00000,0.85909,0.00000,0.00000,0.00000,0.00000,0.00000,0.41650,2.25931,1.49791,0.99010,0.98795,1.00000,1309.42961,-0.02887,-0.12918,0.29760,-0.03003,0.49911,0.85726,-0.07877,0.19334,-0.00959,-0.03328,0.18253,0.37698,0.36920,1.73346,1.61500,0.99010,0.98667,1.00000,0.84602,0.00000,0.19811,2.43078,2.02286,0.99010,0.98507,1.00000
127,0.0696,12582912,54592,0.01509,1.04e-04,0.3713,71.4571,0.00000,0.00000,0.00000,10.00000,1193.25708,0.00000,0.66667,0.00000,0.00000,0.86090,0.00000,0.00000,0.00000,0.00000,0.00000,0.41694,2.28731,1.43480,1.00000,1.00000,1.00000,1311.21777,-0.02871,-0.12931,0.30038,-0.03025,0.49953,0.85912,-0.07898,0.19498,-0.01040,-0.03321,0.18428,0.38070,0.36929,1.85174,2.01600,0.98000,0.96667,1.00000,0.84644,0.00000,0.19670,2.44779,2.20508,0.96000,0.93878,1.00000
128,0.0701,12681216,53053,0.01113,1.49e-04,0.3712,102.0024,0.00000,0.00000,0.00000,10.00000,1174.19591,0.00000,0.76190,0.00000,0.00000,0.86534,0.00000,0.00000,0.00000,0.00000,0.00000,0.41694,2.29057,1.55136,1.00000,1.00000,1.00000,1339.78312,-0.02862,-0.13190,0.30227,-0.03091,0.50174,0.86354,-0.07855,0.19711,-0.01209,-0.03362,0.18554,0.38316,0.37007,1.78494,1.71400,0.97619,0.97222,0.95238,0.85037,0.00000,0.19724,2.46725,2.01852,0.95238,0.94444,0.91667
129,0.0706,12779520,54198,0.01525,1.33e-04,0.3711,69.3176,0.00000,0.00000,0.00000,10.00000,1182.71583,0.00000,0.77534,0.00000,0.00000,0.86992,0.00000,0.00000,0.00000,0.00000,0.00000,0.41771,2.30224,1.46892,0.97802,0.96970,1.00000,1340.22005,-0.02860,-0.13220,0.30474,-0.03082,0.50468,0.86812,-0.07979,0.19897,-0.01005,-0.03340,0.18666,0.38674,0.37124,1.88746,1.77412,0.98352,0.97638,1.00000,0.85618,0.00000,0.19760,2.50325,2.34294,0.98901,0.98361,1.00000
130,0.0711,12877824,54557,0.01261,1.69e-04,0.3709,71.7690,0.00000,0.00000,0.00000,10.00000,1171.63750,0.00000,0.80556,0.00000,0.00000,0.87447,0.00000,0.00000,0.00000,0.00000,0.00000,0.41769,2.30752,1.50795,1.00000,1.00000,1.00000,1294.83830,-0.02834,-0.12785,0.30560,-0.03114,0.50856,0.87272,-0.07894,0.20103,-0.00982,-0.03326,0.18843,0.38781,0.37210,1.80509,1.85143,0.99000,0.98621,1.00000,0.86051,0.00000,0.19631,2.51669,2.09848,0.98000,0.97333,1.00000
131,0.0716,12976128,53800,0.01590,1.32e-04,0.3707,79.2242,0.00000,0.00000,0.00000,10.00000,1187.34238,0.00000,0.70119,0.00000,0.00000,0.87469,0.00000,0.00000,0.00000,0.00000,0.00000,0.41732,2.29296,1.45926,0.99029,0.98551,1.00000,1277.40739,-0.02834,-0.12608,0.30447,-0.03009,0.50958,0.87284,-0.07769,0.20127,-0.01050,-0.03326,0.18818,0.38555,0.37178,1.80230,2.02631,0.97573,0.98462,0.86364,0.85890,0.00000,0.19598,2.51320,2.21701,0.96117,0.98361,0.70000
132,0.0722,13074432,54482,0.01656,9.76e-05,0.3706,79.2458,0.00000,0.00000,0.00000,10.00000,1196.48209,0.00000,0.72318,0.00000,0.00000,0.87173,0.00000,0.00000,0.00000,0.00000,0.00000,0.41673,2.27493,1.41461,1.00000,1.00000,1.00000,1279.12874,-0.02841,-0.12618,0.30367,-0.03038,0.50826,0.86989,-0.07752,0.20223,-0.01016,-0.03343,0.18701,0.38495,0.37154,1.85247,1.81454,0.97845,0.97351,0.95455,0.85770,0.00000,0.19622,2.51885,2.33358,0.95690,0.94444,0.91667
133,0.0727,13172736,52818,0.01326,8.26e-05,0.3705,81.6327,0.00000,0.00000,0.00000,10.00000,1189.83611,0.00000,0.82418,0.00000,0.00000,0.86969,0.00000,0.00000,0.00000,0.00000,0.00000,0.41611,2.26564,1.52055,1.00000,1.00000,1.00000,1286.68075,-0.02837,-0.12692,0.30252,-0.03054,0.50626,0.86777,-0.07714,0.20237,-0.00897,-0.03316,0.18503,0.38325,0.37089,1.89377,2.08000,0.98901,0.98519,1.00000,0.85444,0.00000,0.19522,2.51012,2.30091,0.97802,0.96923,1.00000
134,0.0732,13271040,52773,0.01180,1.19e-04,0.3703,70.4715,0.00000,0.00000,0.00000,10.00000,1176.67724,0.00000,0.78983,0.00000,0.00000,0.86483,0.00000,0.00000,0.00000,0.00000,0.00000,0.41653,2.26334,1.61642,1.00000,1.00000,1.00000,1288.25627,-0.02832,-0.12712,0.30262,-0.03084,0.50321,0.86304,-0.07750,0.20326,-0.00922,-0.03307,0.18634,0.38322,0.36999,1.90552,1.88375,1.00000,1.00000,1.00000,0.84997,0.00000,0.19452,2.51505,2.19463,1.00000,1.00000,1.00000
135,0.0737,13369344,54067,0.01458,9.25e-05,0.3702,62.6126,0.00000,0.00000,0.00000,10.00000,1191.28566,0.00000,0.83333,0.00000,0.00000,0.86654,0.00000,0.00000,0.00000,0.00000,0.00000,0.41642,2.28571,1.48571,1.00000,1.00000,1.00000,1307.16357,-0.02822,-0.12901,0.30507,-0.03077,0.50373,0.86476,-0.07746,0.20364,-0.01036,-0.03300,0.18798,0.38625,0.37013,1.81776,1.92750,1.00000,1.00000,1.00000,0.85065,0.00000,0.19464,2.52590,2.15516,1.00000,1.00000,1.00000
136,0.0742,13467648,53117,0.01215,1.19e-04,0.3700,70.5671,0.00000,0.00000,0.00000,10.00000,1160.14500,0.00000,0.77982,0.00000,0.00000,0.87159,0.00000,0.00000,0.00000,0.00000,0.00000,0.41655,2.30562,1.56843,0.98165,0.97333,1.00000,1286.89307,-0.02822,-0.12697,0.30649,-0.03089,0.50697,0.86973,-0.07760,0.20470,-0.01094,-0.03320,0.18889,0.38864,0.37106,1.82826,2.17529,0.98165,0.97386,1.00000,0.85530,0.00000,0.19388,2.53618,2.08500,0.98165,0.97436,1.00000
137,0.0748,13565952,54033,0.01468,1.44e-04,0.3698,88.2585,0.00000,0.00000,0.00000,10.00000,1196.01916,0.00000,0.82672,0.00000,0.00000,0.87424,0.00000,0.00000,0.00000,0.00000,0.00000,0.41640,2.30428,1.48687,1.00000,1.00000,1.00000,1305.13314,-0.02834,-0.12870,0.30625,-0.03074,0.50897,0.87236,-0.07757,0.20299,-0.00975,-0.03327,0.18866,0.38821,0.37136,1.79636,1.85714,1.00000,1.00000,1.00000,0.85680,0.00000,0.19425,2.52357,2.11538,1.00000,1.00000,1.00000
138,0.0753,13664256,53617,0.01394,1.58e-04,0.3697,86.0258,0.00000,0.00000,0.00000,10.00000,1201.88438,0.00000,0.70707,0.00000,0.00000,0.87335,0.00000,0.00000,0.00000,0.00000,0.00000,0.41393,2.30709,1.50590,0.99091,0.98507,1.00000,1297.01115,-0.02831,-0.12798,0.30569,-0.03048,0.50804,0.87150,-0.07768,0.20407,-0.00993,-0.03337,0.18756,0.38694,0.37151,1.88298,1.66454,0.99545,0.99286,1.00000,0.85753,0.00000,0.19419,2.51628,2.23735,1.00000,1.00000,1.00000
139,0.0758,13762560,53522,0.01504,1.56e-04,0.3695,104.5414,0.00000,0.00000,0.00000,10.00000,1195.62186,0.00000,0.76797,0.00000,0.00000,0.87436,0.00000,0.00000,0.00000,0.00000,0.00000,0.41469,2.30189,1.73171,1.00000,1.00000,1.00000,1288.36784,-0.02832,-0.12707,0.30564,-0.03061,0.50856,0.87241,-0.07754,0.20239,-0.00834,-0.03317,0.18750,0.38737,0.37170,1.88851,1.49000,0.99020,0.98582,1.00000,0.85848,0.00000,0.19611,2.51720,2.06466,0.98039,0.97101,1.00000
140,0.0763,13860864,53926,0.01446,1.43e-04,0.3693,85.1464,0.00000,0.00000,0.00000,10.00000,1186.96790,0.00000,0.83333,0.00000,0.00000,0.87468,0.00000,0.00000,0.00000,0.00000,0.00000,0.41565,2.29732,1.50989,1.00000,1.00000,1.00000,1276.37459,-0.02835,-0.12604,0.30560,-0.03068,0.50845,0.87262,-0.07737,0.20255,-0.00987,-0.03318,0.18782,0.38761,0.37148,1.82046,1.80250,0.99545,0.99394,1.00000,0.85742,0.00000,0.19626,2.52573,2.16938,0.99091,0.98750,1.00000
141,0.0768,13959168,53561,0.01483,1.58e-04,0.3691,99.3761,0.00000,0.00000,0.00000,10.00000,1211.34538,0.00000,0.68376,0.00000,0.00000,0.87269,0.00000,0.00000,0.00000,0.00000,0.00000,0.41630,2.28532,1.50776,0.98901,0.98276,1.00000,1284.77946,-0.02831,-0.12678,0.30523,-0.03071,0.50717,0.87065,-0.07760,0.20342,-0.01084,-0.03310,0.18740,0.38751,0.37105,1.85908,2.07600,0.98901,0.98214,1.00000,0.85526,0.00000,0.19608,2.53182,2.22687,0.98901,0.98148,1.00000
142,0.0773,14057472,53013,0.02160,7.53e-05,0.3691,77.1601,0.00000,0.00000,0.00000,10.00000,1206.68468,0.00000,0.75029,0.00000,0.00000,0.87180,0.00000,0.00000,0.00000,0.00000,0.00000,0.41598,2.27430,1.59067,1.00000,1.00000,1.00000,1304.46427,-0.02841,-0.12862,0.30358,-0.03032,0.50577,0.86978,-0.07843,0.20345,-0.01194,-0.03322,0.18748,0.38566,0.37084,1.82146,1.65800,1.00000,1.00000,1.00000,0.85421,0.00000,0.19583,2.53038,2.04921,1.00000,1.00000,1.00000
143,0.0779,14155776,54081,0.01130,1.08e-04,0.3690,93.6354,0.00000,0.00000,0.00000,10.00000,1178.09896,0.00000,0.81276,0.00000,0.00000,0.87258,0.00000,0.00000,0.00000,0.00000,0.00000,0.41716,2.27033,1.60675,1.00000,1.00000,1.00000,1317.45630,-0.02823,-0.12995,0.30392,-0.03092,0.50654,0.87052,-0.07773,0.20159,-0.01079,-0.03331,0.18715,0.38622,0.37114,1.88988,1.86909,0.99537,0.99367,1.00000,0.85569,0.00000,0.19680,2.53122,2.12945,0.99074,0.98824,1.00000
144,0.0784,14254080,53813,0.01386,1.11e-04,0.3688,89.4760,0.00000,0.00000,0.00000,10.00000,1191.37240,0.00000,0.76511,0.00000,0.00000,0.87421,0.00000,0.00000,0.00000,0.00000,0.00000,0.41698,2.26989,1.48814,1.00000,1.00000,1.00000,1317.67643,-0.02832,-0.13002,0.30356,-0.03062,0.50771,0.87214,-0.07801,0.20045,-0.01167,-0.03335,0.18671,0.38494,0.37179,1.80198,1.74750,0.99123,0.98726,1.00000,0.85893,0.00000,0.19734,2.52220,2.11581,0.98246,0.97436,1.00000
145,0.0789,14352384,53675,0.01213,1.24e-04,0.3686,87.9361,0.00000,0.00000,0.00000,10.00000,1193.71552,0.00000,0.77991,0.00000,0.00000,0.87412,0.00000,0.00000,0.00000,0.00000,0.00000,0.41756,2.24629,1.65190,1.00000,1.00000,1.00000,1306.07113,-0.02847,-0.12884,0.30068,-0.03053,0.50749,0.87208,-0.07701,0.19847,-0.01121,-0.03354,0.18402,0.38171,0.37181,1.80625,1.68625,0.99038,0.98630,1.00000,0.85907,0.00000,0.19748,2.49837,1.95679,0.98077,0.97297,1.00000
146,0.0794,14450688,54566,0.01598,9.76e-05,0.3685,86.2842,0.00000,0.00000,0.00000,10.00000,1180.51356,0.00000,0.79365,0.00000,0.00000,0.86911,0.00000,0.00000,0.00000,0.00000,0.00000,0.41793,2.25394,1.46746,1.00000,1.00000,1.00000,1278.66284,-0.02832,-0.12615,0.30254,-0.03070,0.50608,0.86709,-0.07721,0.20082,-0.00971,-0.03300,0.18508,0.38425,0.37136,1.88628,1.59091,0.98901,0.98462,1.00000,0.85680,0.00000,0.19636,2.52459,2.27068,0.97802,0.97059,1.00000
147,0.0799,14548992,53868,0.01302,9.91e-05,0.3684,94.6747,0.00000,0.00000,0.00000,10.00000,1174.92395,0.00000,0.80378,0.00000,0.00000,0.86840,0.00000,0.00000,0.00000,0.00000,0.00000,0.41829,2.25734,1.55217,0.97872,0.98507,1.00000,1261.50911,-0.02836,-0.12443,0.30319,-0.02980,0.50568,0.86651,-0.07720,0.20133,-0.01110,-0.03283,0.18695,0.38447,0.37120,1.99986,1.32250,0.97340,0.97059,1.00000,0.85598,0.00000,0.19560,2.52701,2.42889,0.96809,0.95652,1.00000
148,0.0804,14647296,53048,0.01228,1.32e-04,0.3682,78.9899,0.00000,0.00000,0.00000,10.00000,1224.98558,0.00000,0.68376,0.00000,0.00000,0.86496,0.00000,0.00000,0.00000,0.00000,0.00000,0.41801,2.27031,1.49127,0.98901,0.98361,1.00000,1264.33040,-0.02841,-0.12484,0.30377,-0.03003,0.50267,0.86317,-0.07769,0.20342,-0.01001,-0.03266,0.18776,0.38498,0.37022,1.67878,1.70631,0.99451,0.99107,1.00000,0.85111,0.00000,0.19399,2.53416,1.90067,1.00000,1.00000,1.00000
149,0.0810,14745600,52971,0.01405,1.30e-04,0.3680,69.7632,0.00000,0.00000,0.00000,10.00000,1218.32601,0.00000,0.67708,0.00000,0.00000,0.86368,0.00000,0.00000,0.00000,0.00000,0.00000,0.41846,2.26182,1.62853,1.00000,1.00000,1.00000,1281.96069,-0.02852,-0.12653,0.30192,-0.02925,0.50136,0.86185,-0.07801,0.20148,-0.00803,-0.03270,0.18729,0.38226,0.36972,1.84870,1.66470,0.98438,0.97436,1.00000,0.84861,0.00000,0.19309,2.51665,2.08635,0.96875,0.94915,1.00000
150,0.0815,14843904,52880,0.01455,1.08e-04,0.3679,81.6430,0.00000,0.00000,0.00000,10.00000,1192.57461,0.00000,0.79900,0.00000,0.00000,0.86711,0.00000,0.00000,0.00000,0.00000,0.00000,0.41762,2.27941,1.43099,1.00000,1.00000,1.00000,1271.41162,-0.02845,-0.12562,0.30293,-0.02978,0.50368,0.86538,-0.07880,0.20158,-0.00858,-0.03252,0.18812,0.38387,0.37070,1.77500,1.88615,0.99438,0.99219,1.00000,0.85348,0.00000,0.19315,2.51643,2.12898,0.98876,0.98413,1.00000
151,0.0820,14942208,53000,0.01232,1.19e-04,0.3677,80.6648,0.00000,0.00000,0.00000,10.00000,1196.62033,0.00000,0.72690,0.00000,0.00000,0.87256,0.00000,0.00000,0.00000,0.00000,0.00000,0.41598,2.29494,1.52222,0.99065,0.98592,1.00000,1279.64697,-0.02826,-0.12628,0.30487,-0.03092,0.50738,0.87076,-0.07742,0.20192,-0.00990,-0.03310,0.18751,0.38634,0.37137,1.85325,1.90190,0.98598,0.98571,0.95455,0.85686,0.00000,0.19429,2.51713,2.19266,0.98131,0.98551,0.90909
152,0.0826,15040512,52899,0.01502,1.08e-04,0.3676,90.7965,0.00000,0.00000,0.00000,10.00000,1218.05279,0.00000,0.72952,0.00000,0.00000,0.87090,0.00000,0.00000,0.00000,0.00000,0.00000,0.41462,2.28064,1.50421,1.00000,1.00000,1.00000,1282.17179,-0.02844,-0.12645,0.30318,-0.03000,0.50611,0.86909,-0.07737,0.20295,-0.01083,-0.03292,0.18708,0.38419,0.37117,1.73000,1.77667,0.99495,0.99231,1.00000,0.85583,0.00000,0.19468,2.50901,1.96833,0.98990,0.98413,1.00000
153,0.0831,15138816,54246,0.01168,1.37e-04,0.3675,87.6131,0.00000,0.00000,0.00000,10.00000,1198.96291,0.00000,0.75845,0.00000,0.00000,0.86873,0.00000,0.00000,0.00000,0.00000,0.00000,0.41529,2.27405,1.44413,1.00000,1.00000,1.00000,1293.74495,-0.02850,-0.12766,0.30196,-0.02950,0.50517,0.86690,-0.07718,0.20020,-0.00938,-0.03310,0.18602,0.38262,0.37084,1.75966,1.64200,0.99565,0.99363,1.00000,0.85422,0.00000,0.19564,2.49649,2.10524,0.99130,0.98630,1.00000
154,0.0836,15237120,52869,0.01477,1.02e-04,0.3673,83.8501,0.00000,0.00000,0.00000,10.00000,1172.77797,0.00000,0.86619,0.00000,0.00000,0.86782,0.00000,0.00000,0.00000,0.00000,0.00000,0.41532,2.26868,1.59280,0.97849,0.97260,1.00000,1283.54924,-0.02854,-0.12676,0.30124,-0.02961,0.50457,0.86599,-0.07761,0.19984,-0.01003,-0.03286,0.18566,0.38195,0.37103,1.81203,1.53667,0.97312,0.96552,1.00000,0.85517,0.00000,0.19608,2.49658,2.03726,0.96774,0.95833,1.00000
155,0.0841,15335424,53287,0.01258,1.19e-04,0.3672,87.8808,0.00000,0.00000,0.00000,10.00000,1192.64428,0.00000,0.75949,0.00000,0.00000,0.86589,0.00000,0.00000,0.00000,0.00000,0.00000,0.41520,2.28670,1.50500,1.00000,1.00000,1.00000,1292.35368,-0.02845,-0.12750,0.30369,-0.03014,0.50403,0.86406,-0.07803,0.20046,-0.00996,-0.03275,0.18704,0.38524,0.37022,1.76704,1.44706,0.99367,0.99074,1.00000,0.85108,0.00000,0.19703,2.51055,2.00892,0.98734,0.98276,1.00000
156,0.0846,15433728,53988,0.01519,1.02e-04,0.3671,69.9176,0.00000,0.00000,0.00000,10.00000,1165.93581,0.00000,0.82329,0.00000,0.00000,0.86815,0.00000,0.00000,0.00000,0.00000,0.00000,0.41528,2.30507,1.55354,1.00000,1.00000,1.00000,1302.50480,-0.02831,-0.12850,0.30603,-0.03030,0.50470,0.86640,-0.07834,0.20214,-0.00920,-0.03285,0.18818,0.38841,0.36994,1.83597,1.91250,0.98795,0.98374,1.00000,0.84971,0.00000,0.19689,2.53366,2.12281,0.97590,0.96774,1.00000
157,0.0852,15532032,53663,0.01296,1.14e-04,0.3669,79.6428,0.00000,0.00000,0.00000,10.00000,1201.77840,0.00000,0.78526,0.00000,0.00000,0.87300,0.00000,0.00000,0.00000,0.00000,0.00000,0.41457,2.31690,1.51595,1.00000,1.00000,1.00000,1295.66650,-0.02821,-0.12787,0.30687,-0.03026,0.50768,0.87123,-0.07825,0.20268,-0.00976,-0.03297,0.18977,0.38920,0.37093,1.83537,1.75846,0.99519,1.00000,0.92857,0.85464,0.00000,0.19734,2.53520,2.18842,0.99038,1.00000,0.87500
158,0.0857,15630336,55200,0.01614,7.61e-05,0.3668,80.1140,0.00000,0.00000,0.00000,10.00000,1215.76911,0.00000,0.72464,0.00000,0.00000,0.87412,0.00000,0.00000,0.00000,0.00000,0.00000,0.41463,2.31805,1.62228,0.97826,0.96774,1.00000,1265.62964,-0.02826,-0.12497,0.30699,-0.03053,0.50965,0.87227,-0.07726,0.20331,-0.00812,-0.03268,0.18971,0.38902,0.37109,1.84652,1.63600,0.98913,0.98333,1.00000,0.85546,0.00000,0.19552,2.53399,2.08800,1.00000,1.00000,1.00000
159,0.0862,15728640,53395,0.01303,8.49e-05,0.3667,89.4344,0.00000,0.00000,0.00000,10.00000,1188.94994,0.00000,0.73560,0.00000,0.00000,0.87310,0.00000,0.00000,0.00000,0.00000,0.00000,0.41404,2.29917,1.57555,1.00000,1.00000,1.00000,1270.21745,-0.02826,-0.12539,0.30366,-0.02993,0.50853,0.87136,-0.07661,0.20286,-0.01073,-0.03296,0.18918,0.38580,0.37132,1.87577,1.94444,0.97685,0.96503,1.00000,0.85660,0.00000,0.19538,2.51853,2.20000,0.95370,0.93056,1.00000
160,0.0867,15826944,52672,0.01423,6.89e-05,0.3665,75.5033,0.00000,0.00000,0.00000,10.00000,1217.71227,0.00000,0.67222,0.00000,0.00000,0.87039,0.00000,0.00000,0.00000,0.00000,0.00000,0.41484,2.27675,1.47828,1.00000,1.00000,1.00000,1255.96468,-0.02849,-0.12396,0.30121,-0.02962,0.50659,0.86861,-0.07709,0.20180,-0.00839,-0.03276,0.18626,0.38276,0.37065,1.85896,1.90667,0.99500,0.99174,1.00000,0.85323,0.00000,0.19506,2.50229,2.26892,0.99000,0.98276,1.00000
161,0.0872,15925248,54681,0.01352,6.89e-05,0.3664,79.1848,0.00000,0.00000,0.00000,10.00000,1208.30636,0.00000,0.75512,0.00000,0.00000,0.86324,0.00000,0.00000,0.00000,0.00000,0.00000,0.41409,2.24722,1.47436,0.99029,0.98630,1.00000,1261.89412,-0.02860,-0.12455,0.29910,-0.02910,0.50284,0.86155,-0.07648,0.20046,-0.00996,-0.03264,0.18494,0.37866,0.36971,1.83877,1.76800,0.98058,0.97143,1.00000,0.84854,0.00000,0.19521,2.48614,2.25072,0.97087,0.95522,1.00000
162,0.0877,16023552,53780,0.01231,8.31e-05,0.3664,81.2579,0.00000,0.00000,0.00000,10.00000,1236.73267,0.00000,0.71759,0.00000,0.00000,0.86280,0.00000,0.00000,0.00000,0.00000,0.00000,0.41425,2.23889,1.54907,1.00000,1.00000,1.00000,1266.04460,-0.02855,-0.12489,0.29942,-0.03009,0.50140,0.86110,-0.07630,0.20166,-0.00895,-0.03258,0.18404,0.37945,0.36961,1.81474,1.70461,0.98958,0.98387,1.00000,0.84806,0.00000,0.19577,2.50409,2.13613,0.97917,0.96491,1.00000
163,0.0882,16121856,54026,0.01225,9.91e-05,0.3662,85.3697,0.00000,0.00000,0.00000,10.00000,1227.35862,0.00000,0.69579,0.00000,0.00000,0.86014,0.00000,0.00000,0.00000,0.00000,0.00000,0.41526,2.23217,1.52861,0.99029,0.98507,1.00000,1294.15649,-0.02850,-0.12768,0.29898,-0.02996,0.50037,0.85837,-0.07646,0.20103,-0.01053,-0.03285,0.18372,0.37943,0.36937,1.74662,1.87154,0.99029,0.98450,1.00000,0.84683,0.00000,0.19698,2.50101,1.97627,0.99029,0.98387,1.00000
164,0.0887,16220160,55092,0.01561,7.71e-05,0.3661,83.0556,0.00000,0.00000,0.00000,10.00000,1220.05923,0.00000,0.72562,0.00000,0.00000,0.86294,0.00000,0.00000,0.00000,0.00000,0.00000,0.41587,2.24233,1.55211,1.00000,1.00000,1.00000,1294.08057,-0.02860,-0.12778,0.29879,-0.02995,0.50086,0.86117,-0.07687,0.19927,-0.00967,-0.03281,0.18401,0.37910,0.36949,1.80803,1.76800,0.98980,0.98438,1.00000,0.84743,0.00000,0.19545,2.49433,2.08333,0.97959,0.96721,1.00000
165,0.0893,16318464,52329,0.01135,8.26e-05,0.3661,81.4951,0.00000,0.00000,0.00000,10.00000,1176.61428,0.00000,0.80808,0.00000,0.00000,0.86331,0.00000,0.00000,0.00000,0.00000,0.00000,0.41514,2.24929,1.49000,0.99174,0.98864,1.00000,1312.94767,-0.02864,-0.12950,0.29796,-0.03004,0.50158,0.86153,-0.07661,0.19815,-0.01049,-0.03301,0.18404,0.37809,0.36963,1.72604,1.67158,0.98760,0.98295,1.00000,0.84815,0.00000,0.19544,2.46757,1.96208,0.98347,0.97727,1.00000
166,0.0898,16416768,53348,0.01230,1.10e-04,0.3660,85.6687,0.00000,0.00000,0.00000,10.00000,1192.12607,0.00000,0.75708,0.00000,0.00000,0.86377,0.00000,0.00000,0.00000,0.00000,0.00000,0.41547,2.23622,1.65051,1.00000,1.00000,1.00000,1283.64722,-0.02884,-0.12660,0.29594,-0.02897,0.50123,0.86209,-0.07633,0.19499,-0.01222,-0.03271,0.18249,0.37463,0.36977,1.85947,1.68667,0.98529,0.97842,1.00000,0.84886,0.00000,0.19537,2.44286,2.08274,0.97059,0.95652,1.00000
167,0.0903,16515072,54280,0.01770,6.34e-05,0.3659,74.6560,0.00000,0.00000,0.00000,10.00000,1189.49877,0.00000,0.81871,0.00000,0.00000,0.85966,0.00000,0.00000,0.00000,0.00000,0.00000,0.41536,2.25022,1.45865,1.00000,1.00000,1.00000,1280.83716,-0.02881,-0.12632,0.29722,-0.02916,0.49862,0.85779,-0.07669,0.19564,-0.01173,-0.03260,0.18405,0.37687,0.36838,1.85959,1.72286,0.98947,0.98571,1.00000,0.84191,0.00000,0.19657,2.45318,2.27166,0.97895,0.97143,1.00000
168,0.0908,16613376,53435,0.01456,6.42e-05,0.3658,94.8500,0.00000,0.00000,0.00000,10.00000,1148.40083,0.00000,0.78914,0.00000,0.00000,0.85777,0.00000,0.00000,0.00000,0.00000,0.00000,0.41446,2.23816,1.47861,0.97727,0.96875,1.00000,1289.52702,-0.02887,-0.12721,0.29592,-0.02958,0.49736,0.85601,-0.07675,0.19563,-0.01011,-0.03254,0.18276,0.37574,0.36811,1.72133,1.51250,0.94886,0.92800,1.00000,0.84056,0.00000,0.19658,2.44412,1.99873,0.92045,0.88525,1.00000
169,0.0913,16711680,53824,0.01222,7.07e-05,0.3658,81.3086,0.00000,0.00000,0.00000,10.00000,1183.62656,0.00000,0.76543,0.00000,0.00000,0.85784,0.00000,0.00000,0.00000,0.00000,0.00000,0.41349,2.25377,1.43787,1.00000,1.00000,1.00000,1313.90340,-0.02871,-0.12956,0.29785,-0.02944,0.49745,0.85611,-0.07711,0.19767,-0.01114,-0.03252,0.18377,0.37834,0.36803,1.72867,1.60947,0.97778,0.97581,0.95000,0.84015,0.00000,0.19773,2.46708,2.04941,0.95556,0.95000,0.88889
170,0.0919,16809984,53622,0.00902,1.02e-04,0.3657,95.7823,0.00000,0.00000,0.00000,10.00000,1190.17407,0.00000,0.72917,0.00000,0.00000,0.86264,0.00000,0.00000,0.00000,0.00000,0.00000,0.41333,2.26924,1.36675,0.98958,0.98462,1.00000,1313.93034,-0.02863,-0.12964,0.29917,-0.02971,0.50067,0.86094,-0.07702,0.20019,-0.00964,-0.03265,0.18583,0.38032,0.36931,1.72878,1.74782,0.98958,0.98413,1.00000,0.84655,0.00000,0.19585,2.48725,2.12141,0.98958,0.98361,1.00000
171,0.0924,16908288,53659,0.01459,9.98e-05,0.3655,87.5860,0.00000,0.00000,0.00000,10.00000,1183.85881,0.00000,0.83047,0.00000,0.00000,0.87099,0.00000,0.00000,0.00000,0.00000,0.00000,0.41296,2.29343,1.55308,0.96907,0.95890,1.00000,1294.60604,-0.02837,-0.12770,0.30366,-0.03060,0.50589,0.86927,-0.07737,0.20158,-0.00957,-0.03260,0.18749,0.38553,0.37110,1.88039,1.92000,0.97423,0.96552,1.00000,0.85550,0.00000,0.19868,2.52139,2.22080,0.97938,0.97222,1.00000
172,0.0929,17006592,53674,0.01313,1.11e-04,0.3653,77.6287,0.00000,0.00000,0.00000,10.00000,1207.28944,0.00000,0.66774,0.00000,0.00000,0.87249,0.00000,0.00000,0.00000,0.00000,0.00000,0.41344,2.28505,1.58974,0.99038,0.98361,1.00000,1270.64681,-0.02842,-0.12541,0.30331,-0.03043,0.50738,0.87074,-0.07661,0.20345,-0.00922,-0.03264,0.18751,0.38482,0.37131,1.79662,1.61613,0.98077,0.96800,1.00000,0.85656,0.00000,0.19665,2.52357,1.99820,0.97115,0.95312,1.00000
173,0.0934,17104896,53233,0.01411,1.02e-04,0.3652,90.5591,0.00000,0.00000,0.00000,10.00000,1197.99014,0.00000,0.76319,0.00000,0.00000,0.87102,0.00000,0.00000,0.00000,0.00000,0.00000,0.41390,2.26804,1.67053,1.00000,1.00000,1.00000,1271.11841,-0.02850,-0.12544,0.30105,-0.02921,0.50611,0.86927,-0.07654,0.20236,-0.00875,-0.03255,0.18693,0.38253,0.37090,1.86381,1.72615,0.98485,0.97794,1.00000,0.85448,0.00000,0.19648,2.51515,2.07070,0.96970,0.95455,1.00000
174,0.0939,17203200,53128,0.01165,1.47e-04,0.3651,91.9001,0.00000,0.00000,0.00000,10.00000,1194.11546,0.00000,0.78171,0.00000,0.00000,0.86613,0.00000,0.00000,0.00000,0.00000,0.00000,0.41341,2.26660,1.60548,1.00000,1.00000,1.00000,1262.03939,-0.02855,-0.12456,0.29992,-0.03062,0.50405,0.86444,-0.07598,0.20117,-0.01028,-0.03268,0.18599,0.38063,0.37035,1.89406,1.76125,0.99558,0.99371,1.00000,0.85173,0.00000,0.19653,2.48667,2.16044,0.99115,0.98795,1.00000
175,0.0945,17301504,54417,0.01476,1.08e-04,0.3649,85.0815,0.00000,0.00000,0.00000,10.00000,1229.61872,0.00000,0.75483,0.00000,0.00000,0.86407,0.00000,0.00000,0.00000,0.00000,0.00000,0.41251,2.26590,1.62743,1.00000,1.00000,1.00000,1285.11727,-0.02852,-0.12679,0.29942,-0.02941,0.50309,0.86236,-0.07596,0.20057,-0.00984,-0.03257,0.18511,0.37981,0.37015,1.86904,1.73400,1.00000,1.00000,1.00000,0.85075,0.00000,0.19664,2.48260,2.12923,1.00000,1.00000,1.00000
176,0.0950,17399808,53235,0.01319,1.32e-04,0.3648,87.5863,0.00000,0.00000,0.00000,10.00000,1189.24814,0.00000,0.75000,0.00000,0.00000,0.86444,0.00000,0.00000,0.00000,0.00000,0.00000,0.41354,2.27701,1.52818,1.00000,1.00000,1.00000,1293.97176,-0.02848,-0.12768,0.30142,-0.03025,0.50255,0.86275,-0.07652,0.20214,-0.00992,-0.03237,0.18696,0.38297,0.36986,1.90160,2.08706,0.99375,0.99074,1.00000,0.84932,0.00000,0.19620,2.50811,2.31932,0.98750,0.98077,1.00000
177,0.0955,17498112,53681,0.01452,1.22e-04,0.3646,74.0630,0.00000,0.00000,0.00000,10.00000,1226.38367,0.00000,0.79268,0.00000,0.00000,0.86603,0.00000,0.00000,0.00000,0.00000,0.00000,0.41312,2.29913,1.43898,1.00000,1.00000,1.00000,1311.26839,-0.02830,-0.12940,0.30427,-0.03042,0.50369,0.86442,-0.07622,0.20655,-0.01097,-0.03251,0.18847,0.38621,0.37037,1.66967,1.84667,0.99390,0.99145,1.00000,0.85184,0.00000,0.19370,2.53180,1.89279,0.98780,0.98333,1.00000
178,0.0960,17596416,54261,0.01242,1.43e-04,0.3645,83.1007,0.00000,0.00000,0.00000,10.00000,1184.38436,0.00000,0.75996,0.00000,0.00000,0.87404,0.00000,0.00000,0.00000,0.00000,0.00000,0.41387,2.31698,1.43600,1.00000,1.00000,1.00000,1284.27157,-0.02823,-0.12679,0.30566,-0.03017,0.50815,0.87241,-0.07614,0.20558,-0.00945,-0.03285,0.18931,0.38815,0.37171,1.70484,1.94444,0.97642,0.97241,0.94737,0.85854,0.00000,0.19433,2.53760,1.97037,0.95283,0.94595,0.90000
179,0.0965,17694720,54037,0.01482,1.11e-04,0.3643,85.1671,0.00000,0.00000,0.00000,10.00000,1167.88957,0.00000,0.82755,0.00000,0.00000,0.87553,0.00000,0.00000,0.00000,0.00000,0.00000,0.41346,2.32188,1.54487,0.98958,0.98630,1.00000,1272.25553,-0.02820,-0.12551,0.30748,-0.03047,0.50958,0.87386,-0.07607,0.20774,-0.00962,-0.03244,0.19102,0.39023,0.37163,1.75467,1.59500,0.98958,0.98601,1.00000,0.85816,0.00000,0.19456,2.55282,1.97000,0.98958,0.98571,1.00000
180,0.0970,17793024,53039,0.01242,1.30e-04,0.3642,91.5366,0.00000,0.00000,0.00000,10.00000,1182.98125,0.00000,0.79894,0.00000,0.00000,0.87441,0.00000,0.00000,0.00000,0.00000,0.00000,0.41361,2.31013,1.55773,1.00000,1.00000,1.00000,1263.84017,-0.02832,-0.12474,0.30515,-0.03016,0.50906,0.87275,-0.07607,0.20657,-0.01066,-0.03244,0.19015,0.38713,0.37155,1.83384,1.61524,1.00000,1.00000,1.00000,0.85774,0.00000,0.19379,2.53073,2.12309,1.00000,1.00000,1.00000
181,0.0976,17891328,53364,0.01427,1.24e-04,0.3640,78.4213,0.00000,0.00000,0.00000,10.00000,1198.27711,0.00000,0.77778,0.00000,0.00000,0.87384,0.00000,0.00000,0.00000,0.00000,0.00000,0.41341,2.29592,1.48875,1.00000,1.00000,1.00000,1291.41943,-0.02839,-0.12735,0.30315,-0.02978,0.50853,0.87233,-0.07622,0.20575,-0.01003,-0.03244,0.18903,0.38485,0.37146,1.78949,1.57500,1.00000,1.00000,1.00000,0.85728,0.00000,0.19351,2.52211,2.10605,1.00000,1.00000,1.00000
182,0.0981,17989632,53207,0.01516,9.14e-05,0.3638,78.3978,0.00000,0.00000,0.00000,10.00000,1142.26758,0.00000,0.82176,0.00000,0.00000,0.87086,0.00000,0.00000,0.00000,0.00000,0.00000,0.41297,2.28286,1.50179,0.98958,0.98611,1.00000,1270.38135,-0.02847,-0.12530,0.30246,-0.03020,0.50662,0.86938,-0.07604,0.20589,-0.01019,-0.03248,0.18834,0.38321,0.37086,1.90899,1.87833,0.96354,0.95070,1.00000,0.85428,0.00000,0.19358,2.51920,2.35634,0.93750,0.91429,1.00000
183,0.0986,18087936,52630,0.01116,1.08e-04,0.3637,77.9735,0.00000,0.00000,0.00000,10.00000,1200.47656,0.00000,0.75132,0.00000,0.00000,0.86878,0.00000,0.00000,0.00000,0.00000,0.00000,0.41315,2.28215,1.47721,1.00000,1.00000,1.00000,1273.64925,-0.02852,-0.12565,0.30268,-0.02934,0.50475,0.86724,-0.07559,0.20685,-0.01071,-0.03242,0.18823,0.38321,0.37006,1.78000,1.78000,0.98095,0.97183,1.00000,0.85029,0.00000,0.19156,2.52081,2.08667,0.96190,0.94521,1.00000
184,0.0991,18186240,52896,0.01602,8.31e-05,0.3636,78.6055,0.00000,0.00000,0.00000,10.00000,1201.87584,0.00000,0.75269,0.00000,0.00000,0.86834,0.00000,0.00000,0.00000,0.00000,0.00000,0.41278,2.27500,1.42405,1.00000,1.00000,1.00000,1274.09342,-0.02858,-0.12571,0.30189,-0.02955,0.50482,0.86676,-0.07602,0.20657,-0.00990,-0.03224,0.18731,0.38235,0.37039,1.74128,1.70000,0.98387,0.97619,1.00000,0.85195,0.00000,0.19173,2.51943,2.09697,0.96774,0.95082,1.00000
185,0.0997,18284544,52871,0.01424,8.31e-05,0.3635,77.4639,0.00000,0.00000,0.00000,10.00000,1188.75802,0.00000,0.78171,0.00000,0.00000,0.86786,0.00000,0.00000,0.00000,0.00000,0.00000,0.41326,2.28971,1.52626,1.00000,1.00000,1.00000,1259.00716,-0.02857,-0.12426,0.30328,-0.02973,0.50513,0.86630,-0.07640,0.20659,-0.00922,-0.03233,0.18852,0.38415,0.37080,1.90942,2.07625,0.98673,0.98113,1.00000,0.85398,0.00000,0.19113,2.52208,2.25890,0.97345,0.96386,1.00000
186,0.1002,18382848,54510,0.01409,8.31e-05,0.3634,103.5015,0.00000,0.00000,0.00000,10.00000,1220.24781,0.00000,0.76511,0.00000,0.00000,0.86727,0.00000,0.00000,0.00000,0.00000,0.00000,0.41327,2.28158,1.50422,1.00000,1.00000,1.00000,1266.06641,-0.02877,-0.12488,0.30061,-0.02858,0.50538,0.86571,-0.07616,0.20473,-0.00887,-0.03239,0.18785,0.38101,0.37099,1.80210,1.90857,1.00000,1.00000,1.00000,0.85496,0.00000,0.19058,2.49469,2.13308,1.00000,1.00000,1.00000
187,0.1007,18481152,54013,0.01340,7.71e-05,0.3632,88.8719,0.00000,0.00000,0.00000,10.00000,1187.90848,0.00000,0.79365,0.00000,0.00000,0.86539,0.00000,0.00000,0.00000,0.00000,0.00000,0.41330,2.26550,1.51976,0.98980,0.98684,1.00000,1262.66642,-0.02887,-0.12449,0.29867,-0.02870,0.50397,0.86384,-0.07621,0.20279,-0.01163,-0.03224,0.18645,0.37888,0.37020,1.77771,2.03889,0.98469,0.97857,1.00000,0.85099,0.00000,0.19183,2.47555,2.08222,0.97959,0.96875,1.00000
188,0.1012,18579456,53017,0.01265,9.26e-05,0.3631,88.2892,0.00000,0.00000,0.00000,10.00000,1177.31226,0.00000,0.84736,0.00000,0.00000,0.86197,0.00000,0.00000,0.00000,0.00000,0.00000,0.41304,2.27658,1.50741,1.00000,1.00000,1.00000,1263.88818,-0.02878,-0.12479,0.30080,-0.02996,0.50242,0.86040,-0.07657,0.20699,-0.00940,-0.03205,0.18825,0.38146,0.36990,1.75290,1.73428,0.97980,0.97351,1.00000,0.84951,0.00000,0.18946,2.50614,2.02162,0.95960,0.94595,1.00000
189,0.1017,18677760,54351,0.01294,1.02e-04,0.3630,88.6959,0.00000,0.00000,0.00000,10.00000,1205.73483,0.00000,0.73856,0.00000,0.00000,0.86506,0.00000,0.00000,0.00000,0.00000,0.00000,0.41266,2.29072,1.54788,1.00000,1.00000,1.00000,1276.96590,-0.02870,-0.12591,0.30257,-0.02969,0.50370,0.86355,-0.07668,0.20607,-0.00958,-0.03205,0.18855,0.38355,0.37025,1.78763,1.71333,1.00000,1.00000,1.00000,0.85126,0.00000,0.19133,2.51204,2.03108,1.00000,1.00000,1.00000
190,0.1022,18776064,54279,0.01322,9.76e-05,0.3629,59.4520,0.00000,0.00000,0.00000,10.00000,1213.65667,0.00000,0.69740,0.00000,0.00000,0.86701,0.00000,0.00000,0.00000,0.00000,0.00000,0.41260,2.30683,1.49543,1.00000,1.00000,1.00000,1268.85002,-0.02845,-0.12524,0.30446,-0.02942,0.50492,0.86547,-0.07711,0.20954,-0.00923,-0.03202,0.19074,0.38624,0.37057,1.75474,1.81412,0.98404,0.98305,0.94444,0.85283,0.00000,0.19035,2.54309,2.04286,0.96809,0.96552,0.87500
191,0.1027,18874368,53043,0.01127,1.41e-04,0.3628,76.9103,0.00000,0.00000,0.00000,10.00000,1194.12188,0.00000,0.73856,0.00000,0.00000,0.87270,0.00000,0.00000,0.00000,0.00000,0.00000,0.41274,2.29925,1.57970,1.00000,1.00000,1.00000,1257.66471,-0.02845,-0.12399,0.30445,-0.03005,0.50826,0.87123,-0.07730,0.20968,-0.01044,-0.03194,0.19092,0.38683,0.37123,1.78549,1.84200,0.98824,0.98230,1.00000,0.85614,0.00000,0.19150,2.54856,2.00762,0.97647,0.96429,1.00000
192,0.1033,18972672,54222,0.01315,1.44e-04,0.3626,87.7898,0.00000,0.00000,0.00000,10.00000,1193.99533,0.00000,0.79521,0.00000,0.00000,0.87179,0.00000,0.00000,0.00000,0.00000,0.00000,0.41245,2.30239,1.53707,1.00000,1.00000,1.00000,1243.70768,-0.02823,-0.12279,0.30693,-0.02950,0.50871,0.87024,-0.07649,0.21292,-0.00992,-0.03203,0.19236,0.38935,0.37121,1.75686,1.66600,0.98529,0.97945,1.00000,0.85604,0.00000,0.19164,2.58046,2.01070,0.97059,0.95652,1.00000
193,0.1038,19070976,54608,0.01614,8.49e-05,0.3625,77.9442,0.00000,0.00000,0.00000,10.00000,1209.72628,0.00000,0.73909,0.00000,0.00000,0.87408,0.00000,0.00000,0.00000,0.00000,0.00000,0.41320,2.28723,1.43121,1.00000,1.00000,1.00000,1227.74569,-0.02836,-0.12126,0.30490,-0.02886,0.51054,0.87259,-0.07597,0.21147,-0.00800,-0.03200,0.19167,0.38661,0.37227,1.62704,1.60741,0.98661,0.97987,1.00000,0.86136,0.00000,0.19131,2.57212,1.83670,0.97321,0.95833,1.00000
194,0.1043,19169280,53175,0.01452,7.95e-05,0.3625,89.0713,0.00000,0.00000,0.00000,10.00000,1208.81309,0.00000,0.74671,0.00000,0.00000,0.87350,0.00000,0.00000,0.00000,0.00000,0.00000,0.41352,2.29096,1.48428,1.00000,1.00000,1.00000,1243.31844,-0.02850,-0.12276,0.30418,-0.02896,0.50920,0.87190,-0.07622,0.20906,-0.00842,-0.03180,0.19069,0.38570,0.37190,1.76557,1.82000,0.98925,0.98400,1.00000,0.85949,0.00000,0.19185,2.54816,2.04686,0.97849,0.96875,1.00000
195,0.1048,19267584,53856,0.01033,1.22e-04,0.3624,88.0380,0.00000,0.00000,0.00000,10.00000,1185.31878,0.00000,0.78373,0.00000,0.00000,0.87140,0.00000,0.00000,0.00000,0.00000,0.00000,0.41398,2.28291,1.47977,1.00000,1.00000,1.00000,1254.55233,-0.02858,-0.12387,0.30234,-0.02946,0.50751,0.86978,-0.07630,0.20701,-0.00916,-0.03212,0.18917,0.38352,0.37126,1.78262,1.81467,0.97321,0.96203,1.00000,0.85628,0.00000,0.19110,2.52519,2.10024,0.94643,0.92405,1.00000
196,0.1053,19365888,54155,0.01511,1.18e-04,0.3622,82.2873,0.00000,0.00000,0.00000,10.00000,1185.62217,0.00000,0.83028,0.00000,0.00000,0.86923,0.00000,0.00000,0.00000,0.00000,0.00000,0.41418,2.28802,1.37429,1.00000,1.00000,1.00000,1244.84180,-0.02864,-0.12293,0.30199,-0.02902,0.50541,0.86767,-0.07737,0.20722,-0.00980,-0.03187,0.18990,0.38368,0.37062,1.74376,1.67846,1.00000,1.00000,1.00000,0.85312,0.00000,0.18980,2.53039,2.13889,1.00000,1.00000,1.00000
197,0.1058,19464192,53589,0.01753,6.25e-05,0.3621,66.9062,0.00000,0.00000,0.00000,10.00000,1202.10957,0.00000,0.74306,0.00000,0.00000,0.86733,0.00000,0.00000,0.00000,0.00000,0.00000,0.41436,2.31616,1.57300,1.00000,1.00000,1.00000,1266.89966,-0.02843,-0.12492,0.30473,-0.02953,0.50438,0.86578,-0.07728,0.20729,-0.01034,-0.03183,0.19217,0.38681,0.37013,1.90065,1.55750,1.00000,1.00000,1.00000,0.85067,0.00000,0.19010,2.52637,2.21270,1.00000,1.00000,1.00000
198,0.1064,19562496,54104,0.01232,7.61e-05,0.3620,75.2376,0.00000,0.00000,0.00000,10.00000,1231.85574,0.00000,0.76873,0.00000,0.00000,0.87176,0.00000,0.00000,0.00000,0.00000,0.00000,0.41410,2.34453,1.58476,1.00000,1.00000,1.00000,1252.75903,-0.02829,-0.12361,0.30722,-0.02910,0.50694,0.87016,-0.07749,0.20758,-0.00983,-0.03162,0.19434,0.38957,0.37074,1.78880,1.68000,0.99419,0.99160,1.00000,0.85369,0.00000,0.19049,2.54296,1.99613,0.98837,0.98333,1.00000
199,0.1069,19660800,53697,0.01060,1.22e-04,0.3619,85.3966,0.00000,0.00000,0.00000,10.00000,1261.00886,0.00000,0.70513,0.00000,0.00000,0.87599,0.00000,0.00000,0.00000,0.00000,0.00000,0.41345,2.34639,1.47900,1.00000,1.00000,1.00000,1255.59505,-0.02833,-0.12391,0.30706,-0.02995,0.50914,0.87442,-0.07803,0.20747,-0.00923,-0.03200,0.19422,0.39047,0.37186,1.68347,1.79111,1.00000,1.00000,1.00000,0.85931,0.00000,0.19175,2.54087,1.91714,1.00000,1.00000,1.00000
200,0.1074,19759104,53261,0.01518,1.14e-04,0.3617,69.5754,0.00000,0.00000,0.00000,10.00000,1193.51477,0.00000,0.78889,0.00000,0.00000,0.87731,0.00000,0.00000,0.00000,0.00000,0.00000,0.41333,2.34503,1.48973,1.00000,1.00000,1.00000,1252.86572,-0.02836,-0.12357,0.30663,-0.02935,0.51063,0.87583,-0.07762,0.20817,-0.01055,-0.03170,0.19376,0.38987,0.37184,1.90172,1.87800,0.98500,0.98592,0.90909,0.85920,0.00000,0.19053,2.53717,2.29766,0.97000,0.97260,0.83333
201,0.1079,19857408,54182,0.01536,1.02e-04,0.3616,83.1768,0.00000,0.00000,0.00000,10.00000,1206.30216,0.00000,0.78307,0.00000,0.00000,0.87714,0.00000,0.00000,0.00000,0.00000,0.00000,0.41312,2.33808,1.44093,1.00000,1.00000,1.00000,1210.73682,-0.02850,-0.11972,0.30499,-0.02919,0.51049,0.87567,-0.07686,0.20769,-0.00749,-0.03180,0.19277,0.38775,0.37171,1.71667,1.65714,0.99524,0.99324,1.00000,0.85853,0.00000,0.18890,2.53049,2.00585,0.99048,0.98667,1.00000
202,0.1084,19955712,53647,0.01333,1.08e-04,0.3614,83.5706,0.00000,0.00000,0.00000,10.00000,1216.44895,0.00000,0.80308,0.00000,0.00000,0.87074,0.00000,0.00000,0.00000,0.00000,0.00000,0.41198,2.30592,1.44118,1.00000,1.00000,1.00000,1212.46598,-0.02863,-0.11975,0.30216,-0.02854,0.50749,0.86929,-0.07644,0.20728,-0.00835,-0.03163,0.19127,0.38359,0.37083,1.74726,1.70308,0.99010,0.98630,1.00000,0.85415,0.00000,0.18926,2.51303,2.10861,0.98020,0.97101,1.00000
203,0.1090,20054016,52693,0.01559,9.98e-05,0.3613,88.3387,0.00000,0.00000,0.00000,10.00000,1189.12149,0.00000,0.79365,0.00000,0.00000,0.86448,0.00000,0.00000,0.00000,0.00000,0.00000,0.41138,2.26802,1.53316,1.00000,1.00000,1.00000,1224.37240,-0.02879,-0.12083,0.29802,-0.02799,0.50284,0.86306,-0.07659,0.20689,-0.01053,-0.03152,0.18854,0.37905,0.36981,1.81829,1.53867,0.98469,0.97857,1.00000,0.84903,0.00000,0.18948,2.49861,2.10342,0.96939,0.95833,1.00000
204,0.1095,20152320,53316,0.01352,1.02e-04,0.3612,85.6316,0.00000,0.00000,0.00000,10.00000,1176.54336,0.00000,0.78333,0.00000,0.00000,0.86054,0.00000,0.00000,0.00000,0.00000,0.00000,0.41071,2.25041,1.61139,1.00000,1.00000,1.00000,1228.18962,-0.02874,-0.12115,0.29730,-0.02832,0.50046,0.85921,-0.07642,0.20638,-0.00895,-0.03168,0.18796,0.37816,0.36933,1.78548,1.86526,0.98500,0.97872,1.00000,0.84665,0.00000,0.19072,2.50665,1.96179,0.97000,0.95775,1.00000
205,0.1100,20250624,53286,0.01463,9.14e-05,0.3611,106.3892,0.00000,0.00000,0.00000,10.00000,1207.36505,0.00000,0.78947,0.00000,0.00000,0.85956,0.00000,0.00000,0.00000,0.00000,0.00000,0.41122,2.24663,1.46480,0.97895,0.97143,1.00000,1267.97339,-0.02878,-0.12488,0.29784,-0.02864,0.49945,0.85813,-0.07681,0.20535,-0.01205,-0.03187,0.18664,0.37774,0.36907,1.72930,1.49500,0.97895,0.97037,1.00000,0.84533,0.00000,0.19075,2.49228,2.01681,0.97895,0.96923,1.00000
206,0.1105,20348928,53912,0.01325,1.19e-04,0.3610,94.5592,0.00000,0.00000,0.00000,10.00000,1226.86945,0.00000,0.74247,0.00000,0.00000,0.86218,0.00000,0.00000,0.00000,0.00000,0.00000,0.41127,2.24914,1.56439,1.00000,1.00000,1.00000,1280.09928,-0.02877,-0.12617,0.29764,-0.02888,0.50032,0.86076,-0.07686,0.20308,-0.01027,-0.03200,0.18575,0.37711,0.36947,1.70344,1.82714,0.99533,0.99301,1.00000,0.84737,0.00000,0.19241,2.48744,1.85547,0.99065,0.98529,1.00000
207,0.1111,20447232,53512,0.01455,1.08e-04,0.3608,81.6629,0.00000,0.00000,0.00000,10.00000,1227.93221,0.00000,0.73925,0.00000,0.00000,0.86306,0.00000,0.00000,0.00000,0.00000,0.00000,0.41204,2.24681,1.47864,1.00000,1.00000,1.00000,1273.70923,-0.02882,-0.12564,0.29684,-0.02964,0.50204,0.86160,-0.07640,0.20062,-0.01063,-0.03237,0.18478,0.37651,0.36974,1.76276,1.62364,0.98790,0.98182,1.00000,0.84869,0.00000,0.19369,2.46660,2.05349,0.97581,0.96386,1.00000
208,0.1116,20545536,53649,0.01299,1.32e-04,0.3607,87.3465,0.00000,0.00000,0.00000,10.00000,1213.97042,0.00000,0.73034,0.00000,0.00000,0.86115,0.00000,0.00000,0.00000,0.00000,0.00000,0.41311,2.23543,1.54927,1.00000,1.00000,1.00000,1258.87280,-0.02881,-0.12427,0.29577,-0.02954,0.50090,0.85975,-0.07588,0.20006,-0.01089,-0.03198,0.18333,0.37545,0.36939,1.83920,1.78800,0.97753,0.96581,1.00000,0.84694,0.00000,0.19261,2.46158,2.19643,0.95506,0.92453,1.00000
209,0.1121,20643840,54002,0.01571,1.08e-04,0.3606,87.6398,0.00000,0.00000,0.00000,10.00000,1215.42133,0.00000,0.78460,0.00000,0.00000,0.85759,0.00000,0.00000,0.00000,0.00000,0.00000,0.41271,2.26054,1.51555,0.99123,0.98701,1.00000,1269.28003,-0.02872,-0.12529,0.29713,-0.02881,0.49880,0.85615,-0.07613,0.20236,-0.01004,-0.03208,0.18634,0.37772,0.36833,1.78214,1.90000,0.98684,0.98137,1.00000,0.84167,0.00000,0.19089,2.47210,2.03034,0.98246,0.97619,1.00000
210,0.1126,20742144,53128,0.01156,1.37e-04,0.3604,74.0967,0.00000,0.00000,0.00000,10.00000,1191.34840,0.00000,0.75075,0.00000,0.00000,0.85862,0.00000,0.00000,0.00000,0.00000,0.00000,0.41317,2.26960,1.42737,1.00000,1.00000,1.00000,1259.40104,-0.02887,-0.12435,0.29671,-0.02892,0.49853,0.85725,-0.07735,0.19906,-0.00928,-0.03162,0.18694,0.37633,0.36868,1.84186,1.59889,1.00000,1.00000,1.00000,0.84339,0.00000,0.19112,2.45075,2.22918,1.00000,1.00000,1.00000
211,0.1131,20840448,53245,0.01671,8.49e-05,0.3603,70.1162,0.00000,0.00000,0.00000,10.00000,1167.95400,0.00000,0.79276,0.00000,0.00000,0.86072,0.00000,0.00000,0.00000,0.00000,0.00000,0.41310,2.28076,1.46760,1.00000,1.00000,1.00000,1288.91569,-0.02881,-0.12718,0.29854,-0.02922,0.49886,0.85935,-0.07803,0.20101,-0.01004,-0.03163,0.18786,0.37858,0.36912,1.82216,1.62571,0.97191,0.96063,1.00000,0.84559,0.00000,0.19130,2.47150,2.19235,0.94382,0.92063,1.00000
212,0.1136,20938752,53948,0.01346,9.14e-05,0.3601,78.7399,0.00000,0.00000,0.00000,10.00000,1196.00726,0.00000,0.71895,0.00000,0.00000,0.86512,0.00000,0.00000,0.00000,0.00000,0.00000,0.41403,2.31437,1.56746,0.98824,0.98246,1.00000,1285.12378,-0.02870,-0.12671,0.30178,-0.02962,0.50246,0.86361,-0.07853,0.20150,-0.01063,-0.03166,0.18978,0.38266,0.37001,1.72682,1.88800,0.97059,0.96364,0.95000,0.85004,0.00000,0.19071,2.47755,1.90780,0.95294,0.94340,0.88889
213,0.1142,21037056,53951,0.01771,7.12e-05,0.3600,70.6525,0.00000,0.00000,0.00000,10.00000,1197.40851,0.00000,0.83074,0.00000,0.00000,0.86848,0.00000,0.00000,0.00000,0.00000,0.00000,0.41324,2.34511,1.38385,0.99065,0.98750,1.00000,1255.86369,-0.02856,-0.12398,0.30350,-0.02933,0.50503,0.86703,-0.07742,0.20260,-0.00916,-0.03178,0.19202,0.38520,0.37027,1.70256,1.45250,0.98131,0.97500,1.00000,0.85137,0.00000,0.18888,2.48296,2.02913,0.97196,0.96250,1.00000
214,0.1147,21135360,52423,0.01151,7.07e-05,0.3599,79.9579,0.00000,0.00000,0.00000,10.00000,1194.07799,0.00000,0.71429,0.00000,0.00000,0.87128,0.00000,0.00000,0.00000,0.00000,0.00000,0.41252,2.33384,1.44721,1.00000,1.00000,1.00000,1230.99365,-0.02863,-0.12158,0.30261,-0.02879,0.50645,0.86995,-0.07670,0.20309,-0.00798,-0.03170,0.19205,0.38446,0.37089,1.81874,1.74424,0.99107,0.98611,1.00000,0.85443,0.00000,0.19083,2.48830,2.17775,0.98214,0.97260,1.00000
215,0.1152,21233664,54357,0.01269,9.91e-05,0.3598,95.5508,0.00000,0.00000,0.00000,10.00000,1213.53782,0.00000,0.75908,0.00000,0.00000,0.86974,0.00000,0.00000,0.00000,0.00000,0.00000,0.41079,2.32411,1.46685,1.00000,1.00000,1.00000,1234.54313,-0.02859,-0.12179,0.30393,-0.02937,0.50660,0.86839,-0.07615,0.20576,-0.01078,-0.03174,0.19181,0.38526,0.37055,1.81116,2.05273,0.99010,0.98551,1.00000,0.85276,0.00000,0.19251,2.50545,2.15081,0.98020,0.97101,1.00000
216,0.1157,21331968,53997,0.01239,1.14e-04,0.3597,98.0469,0.00000,0.00000,0.00000,10.00000,1196.10698,0.00000,0.80858,0.00000,0.00000,0.86966,0.00000,0.00000,0.00000,0.00000,0.00000,0.40995,2.29180,1.48127,1.00000,1.00000,1.00000,1251.16895,-0.02871,-0.12346,0.30163,-0.02897,0.50661,0.86825,-0.07560,0.20588,-0.00914,-0.03192,0.18927,0.38206,0.37099,1.84077,1.72667,0.99505,0.99320,1.00000,0.85494,0.00000,0.19272,2.50572,2.21447,0.99010,0.98611,1.00000
217,0.1162,21430272,52691,0.01225,1.43e-04,0.3596,76.8171,0.00000,0.00000,0.00000,10.00000,1177.12266,0.00000,0.79630,0.00000,0.00000,0.87034,0.00000,0.00000,0.00000,0.00000,0.00000,0.41106,2.30173,1.57853,1.00000,1.00000,1.00000,1244.41992,-0.02861,-0.12281,0.30341,-0.02985,0.50701,0.86887,-0.07648,0.20581,-0.00972,-0.03163,0.19021,0.38524,0.37137,1.92070,1.86000,0.98889,0.98450,1.00000,0.85683,0.00000,0.19382,2.52604,2.23513,0.97778,0.97059,1.00000
218,0.1168,21528576,53644,0.01511,1.20e-04,0.3594,77.9250,0.00000,0.00000,0.00000,10.00000,1193.06723,0.00000,0.75446,0.00000,0.00000,0.86799,0.00000,0.00000,0.00000,0.00000,0.00000,0.41152,2.32059,1.44367,1.00000,1.00000,1.00000,1232.86076,-0.02849,-0.12173,0.30685,-0.02963,0.50605,0.86654,-0.07684,0.20967,-0.01018,-0.03142,0.19288,0.38901,0.37074,1.77627,1.57273,0.97531,0.96364,1.00000,0.85371,0.00000,0.19213,2.55384,2.12034,0.95062,0.92727,1.00000
219,0.1173,21626880,53656,0.01255,1.33e-04,0.3593,81.6484,0.00000,0.00000,0.00000,10.00000,1228.73303,0.00000,0.72158,0.00000,0.00000,0.87030,0.00000,0.00000,0.00000,0.00000,0.00000,0.41118,2.33554,1.48678,1.00000,1.00000,1.00000,1230.18880,-0.02848,-0.12157,0.30696,-0.02848,0.50673,0.86891,-0.07667,0.21120,-0.00775,-0.03135,0.19456,0.38937,0.37066,1.86459,2.18400,0.99425,0.99115,1.00000,0.85330,0.00000,0.18980,2.56452,2.18515,0.98851,0.98387,1.00000
220,0.1178,21725184,53240,0.01669,8.49e-05,0.3591,67.7683,0.00000,0.00000,0.00000,10.00000,1201.00920,0.00000,0.80308,0.00000,0.00000,0.87143,0.00000,0.00000,0.00000,0.00000,0.00000,0.41024,2.30388,1.48222,1.00000,1.00000,1.00000,1239.81258,-0.02852,-0.12243,0.30480,-0.02866,0.50782,0.87007,-0.07685,0.21143,-0.00970,-0.03148,0.19354,0.38690,0.37121,1.82205,1.61454,0.98515,0.97945,1.00000,0.85606,0.00000,0.19079,2.56493,2.18907,0.97030,0.95833,1.00000
221,0.1183,21823488,53358,0.01403,7.53e-05,0.3590,88.5237,0.00000,0.00000,0.00000,10.00000,1194.96716,0.00000,0.77098,0.00000,0.00000,0.87511,0.00000,0.00000,0.00000,0.00000,0.00000,0.40991,2.31478,1.57680,1.00000,1.00000,1.00000,1261.50830,-0.02832,-0.12443,0.30587,-0.02878,0.51006,0.87375,-0.07648,0.21316,-0.01018,-0.03161,0.19344,0.38888,0.37189,1.78013,2.14714,0.97959,0.97794,0.93333,0.85944,0.00000,0.19057,2.57368,1.98904,0.95918,0.95522,0.88889
222,0.1188,21921792,53672,0.01125,1.08e-04,0.3590,73.2878,0.00000,0.00000,0.00000,10.00000,1203.32913,0.00000,0.78491,0.00000,0.00000,0.87781,0.00000,0.00000,0.00000,0.00000,0.00000,0.40893,2.31019,1.56234,0.99083,0.98795,1.00000,1251.53792,-0.02823,-0.12353,0.30542,-0.02885,0.51192,0.87647,-0.07596,0.21299,-0.00943,-0.03183,0.19223,0.38776,0.37255,1.74708,1.54636,0.99083,0.99351,0.95652,0.86274,0.00000,0.19046,2.56909,1.96148,0.99083,1.00000,0.90909
223,0.1193,22020096,54087,0.01639,8.54e-05,0.3589,79.1888,0.00000,0.00000,0.00000,10.00000,1192.11438,0.00000,0.79827,0.00000,0.00000,0.87578,0.00000,0.00000,0.00000,0.00000,0.00000,0.40890,2.31340,1.63655,1.00000,1.00000,1.00000,1214.41593,-0.02818,-0.11998,0.30554,-0.02891,0.51201,0.87441,-0.07557,0.21258,-0.00829,-0.03160,0.19264,0.38789,0.37266,1.87276,2.24933,1.00000,1.00000,1.00000,0.86329,0.00000,0.19132,2.57009,2.14316,1.00000,1.00000,1.00000
224,0.1199,22118400,54863,0.01497,7.07e-05,0.3589,80.6568,0.00000,0.00000,0.00000,10.00000,1172.52376,0.00000,0.79365,0.00000,0.00000,0.87331,0.00000,0.00000,0.00000,0.00000,0.00000,0.40881,2.30246,1.56530,1.00000,1.00000,1.00000,1208.92472,-0.02829,-0.11945,0.30519,-0.02878,0.51053,0.87197,-0.07531,0.21270,-0.00933,-0.03156,0.19177,0.38698,0.37183,1.90426,1.55625,0.98980,0.98571,1.00000,0.85915,0.00000,0.19123,2.55913,2.29500,0.97959,0.96970,1.00000
225,0.1204,22216704,54092,0.01146,9.14e-05,0.3588,92.6130,0.00000,0.00000,0.00000,10.00000,1221.69066,0.00000,0.71268,0.00000,0.00000,0.86814,0.00000,0.00000,0.00000,0.00000,0.00000,0.40841,2.30054,1.51917,1.00000,1.00000,1.00000,1219.57210,-0.02837,-0.12036,0.30445,-0.02868,0.50690,0.86674,-0.07539,0.21189,-0.01094,-0.03157,0.19126,0.38527,0.37050,1.89418,1.71571,0.99495,0.99213,1.00000,0.85249,0.00000,0.19083,2.54433,2.28551,0.98990,0.98413,1.00000
226,0.1209,22315008,53063,0.01089,1.32e-04,0.3587,74.0545,0.00000,0.00000,0.00000,10.00000,1217.42643,0.00000,0.72338,0.00000,0.00000,0.86573,0.00000,0.00000,0.00000,0.00000,0.00000,0.40828,2.29468,1.40615,1.00000,1.00000,1.00000,1237.04631,-0.02860,-0.12204,0.30243,-0.02765,0.50475,0.86440,-0.07621,0.21054,-0.01027,-0.03137,0.19136,0.38305,0.37013,1.74533,1.63538,0.98438,0.97600,1.00000,0.85066,0.00000,0.19063,2.53236,2.06028,0.96875,0.95455,1.00000
227,0.1214,22413312,53710,0.01723,1.08e-04,0.3586,80.9155,0.00000,0.00000,0.00000,10.00000,1188.78899,0.00000,0.77568,0.00000,0.00000,0.86658,0.00000,0.00000,0.00000,0.00000,0.00000,0.40850,2.27597,1.51048,1.00000,1.00000,1.00000,1240.50480,-0.02876,-0.12243,0.29918,-0.02813,0.50464,0.86530,-0.07649,0.20857,-0.01024,-0.03149,0.18983,0.38006,0.37055,1.87702,1.88476,0.99528,0.99324,1.00000,0.85274,0.00000,0.19157,2.51468,2.24357,0.99057,0.98667,1.00000
228,0.1219,22511616,53481,0.01404,9.91e-05,0.3585,95.7961,0.00000,0.00000,0.00000,10.00000,1208.41314,0.00000,0.77428,0.00000,0.00000,0.86401,0.00000,0.00000,0.00000,0.00000,0.00000,0.40914,2.25649,1.46980,0.99213,0.98851,1.00000,1257.01408,-0.02899,-0.12400,0.29637,-0.02773,0.50296,0.86258,-0.07575,0.20498,-0.01186,-0.03178,0.18749,0.37659,0.37017,1.77192,1.96636,0.99213,0.98870,1.00000,0.85083,0.00000,0.19150,2.47613,2.06800,0.99213,0.98889,1.00000
229,0.1224,22609920,53334,0.01310,1.32e-04,0.3584,77.5830,0.00000,0.00000,0.00000,10.00000,1202.72756,0.00000,0.76873,0.00000,0.00000,0.86153,0.00000,0.00000,0.00000,0.00000,0.00000,0.40939,2.25564,1.54387,1.00000,1.00000,1.00000,1259.80827,-0.02905,-0.12430,0.29533,-0.02843,0.50052,0.86019,-0.07613,0.20269,-0.01176,-0.03143,0.18719,0.37559,0.36966,1.87024,1.65600,0.98837,0.98319,1.00000,0.84828,0.00000,0.19337,2.46738,2.18154,0.97674,0.96774,1.00000
230,0.1230,22708224,53351,0.01388,1.33e-04,0.3582,84.1125,0.00000,0.00000,0.00000,10.00000,1193.74407,0.00000,0.88675,0.00000,0.00000,0.86048,0.00000,0.00000,0.00000,0.00000,0.00000,0.40970,2.27551,1.45926,0.98077,0.97531,1.00000,1258.71696,-0.02875,-0.12418,0.29869,-0.02824,0.50084,0.85909,-0.07658,0.20420,-0.01110,-0.03162,0.18856,0.37892,0.36954,1.74470,1.72000,0.98077,0.97590,1.00000,0.84772,0.00000,0.19327,2.48591,2.00449,0.98077,0.97647,1.00000
231,0.1235,22806528,53032,0.01522,9.98e-05,0.3581,86.4459,0.00000,0.00000,0.00000,10.00000,1189.55248,0.00000,0.76211,0.00000,0.00000,0.86280,0.00000,0.00000,0.00000,0.00000,0.00000,0.40946,2.29282,1.43692,0.98718,0.98113,1.00000,1252.48153,-0.02872,-0.12370,0.30156,-0.02809,0.50151,0.86142,-0.07725,0.20724,-0.00979,-0.03121,0.19061,0.38225,0.36968,1.69612,1.69652,0.98718,0.99065,0.95833,0.84839,0.00000,0.19303,2.51787,1.95937,0.98718,1.00000,0.90909
232,0.1240,22904832,53761,0.01522,9.53e-05,0.3580,69.8339,0.00000,0.00000,0.00000,10.00000,1205.44322,0.00000,0.74807,0.00000,0.00000,0.86607,0.00000,0.00000,0.00000,0.00000,0.00000,0.40862,2.31246,1.35836,0.99010,0.98438,1.00000,1257.58659,-0.02853,-0.12402,0.30323,-0.02885,0.50455,0.86473,-0.07731,0.20887,-0.01009,-0.03148,0.19179,0.38485,0.37006,1.65737,1.64667,0.97525,0.97059,0.94737,0.85032,0.00000,0.19313,2.52708,1.93367,0.96040,0.95833,0.90000
233,0.1245,23003136,53680,0.01166,9.04e-05,0.3579,84.2828,0.00000,0.00000,0.00000,10.00000,1198.79278,0.00000,0.69444,0.00000,0.00000,0.87151,0.00000,0.00000,0.00000,0.00000,0.00000,0.40838,2.33115,1.44719,1.00000,1.00000,1.00000,1263.46509,-0.02861,-0.12469,0.30507,-0.02870,0.50675,0.87019,-0.07764,0.20925,-0.01016,-0.03129,0.19340,0.38661,0.37100,1.87104,1.70727,0.98214,0.98095,0.95455,0.85499,0.00000,0.19344,2.53378,2.31574,0.96429,0.96154,0.90909
234,0.1250,23101440,53169,0.01283,9.98e-05,0.3578,67.7160,0.00000,0.00000,0.00000,10.00000,1189.58290,0.00000,0.77131,0.00000,0.00000,0.87276,0.00000,0.00000,0.00000,0.00000,0.00000,0.40906,2.33706,1.44964,1.00000,1.00000,1.00000,1233.96403,-0.02853,-0.12189,0.30600,-0.02845,0.50861,0.87139,-0.07740,0.21120,-0.00893,-0.03136,0.19450,0.38792,0.37140,1.75414,1.57625,0.98058,0.97902,0.94118,0.85700,0.00000,0.19159,2.55409,2.09567,0.96117,0.95652,0.87500
235,0.1256,23199744,53490,0.01128,1.30e-04,0.3577,90.3137,0.00000,0.00000,0.00000,10.00000,1233.66719,0.00000,0.65608,0.00000,0.00000,0.87472,0.00000,0.00000,0.00000,0.00000,0.00000,0.40932,2.33868,1.57589,1.00000,1.00000,1.00000,1212.04468,-0.02855,-0.11988,0.30550,-0.02893,0.51085,0.87323,-0.07635,0.20952,-0.00834,-0.03152,0.19362,0.38744,0.37197,1.93223,1.95765,0.99048,0.98387,1.00000,0.85984,0.00000,0.19122,2.53304,2.32636,0.98095,0.96552,1.00000
236,0.1261,23298048,54052,0.01661,8.31e-05,0.3575,69.6014,0.00000,0.00000,0.00000,10.00000,1216.98797,0.00000,0.75221,0.00000,0.00000,0.87346,0.00000,0.00000,0.00000,0.00000,0.00000,0.40998,2.33424,1.48418,0.98230,0.98795,0.88889,1202.82227,-0.02849,-0.11881,0.30502,-0.02860,0.51010,0.87188,-0.07601,0.20910,-0.00917,-0.03127,0.19354,0.38756,0.37163,1.76253,1.47500,0.97788,0.97386,0.93750,0.85815,0.00000,0.19117,2.53871,2.10027,0.97345,0.95714,1.00000
237,0.1266,23396352,53052,0.01130,1.11e-04,0.3574,83.9496,0.00000,0.00000,0.00000,10.00000,1200.07643,0.00000,0.79106,0.00000,0.00000,0.87037,0.00000,0.00000,0.00000,0.00000,0.00000,0.40820,2.30199,1.45083,1.00000,1.00000,1.00000,1213.38460,-0.02865,-0.11980,0.30154,-0.02780,0.50769,0.86892,-0.07603,0.21011,-0.00801,-0.03113,0.19204,0.38370,0.37116,1.69671,1.57833,0.98370,0.97710,1.00000,0.85578,0.00000,0.19157,2.53286,1.95706,0.96739,0.95385,1.00000
238,0.1271,23494656,53404,0.01519,9.91e-05,0.3573,62.4381,0.00000,0.00000,0.00000,10.00000,1223.94407,0.00000,0.78914,0.00000,0.00000,0.86629,0.00000,0.00000,0.00000,0.00000,0.00000,0.40828,2.28826,1.53075,1.00000,1.00000,1.00000,1237.46053,-0.02870,-0.12215,0.30053,-0.02791,0.50436,0.86485,-0.07638,0.20959,-0.00900,-0.03105,0.19145,0.38188,0.37043,1.76827,1.95555,0.99432,0.99200,1.00000,0.85213,0.00000,0.19132,2.52611,2.00939,0.98864,0.98387,1.00000
239,0.1276,23592960,53704,0.01639,7.95e-05,0.3572,72.0333,0.00000,0.00000,0.00000,10.00000,1188.32812,0.00000,0.80933,0.00000,0.00000,0.86477,0.00000,0.00000,0.00000,0.00000,0.00000,0.40868,2.30401,1.44200,0.98765,0.98246,1.00000,1236.19466,-0.02859,-0.12208,0.30241,-0.02855,0.50336,0.86336,-0.07601,0.20970,-0.00921,-0.03110,0.19222,0.38415,0.37008,1.76164,1.76500,0.97531,0.96610,1.00000,0.85042,0.00000,0.19199,2.53826,2.07097,0.96296,0.95082,1.00000
240,0.1282,23691264,53745,0.01178,9.14e-05,0.3571,78.7884,0.00000,0.00000,0.00000,10.00000,1243.97785,0.00000,0.75029,0.00000,0.00000,0.86704,0.00000,0.00000,0.00000,0.00000,0.00000,0.40810,2.31511,1.60025,0.98969,0.98630,1.00000,1241.49251,-0.02848,-0.12264,0.30410,-0.02811,0.50332,0.86557,-0.07686,0.21041,-0.00977,-0.03116,0.19278,0.38592,0.37025,1.74013,1.66625,0.99485,0.99237,1.00000,0.85126,0.00000,0.19249,2.54686,1.90716,1.00000,1.00000,1.00000
241,0.1287,23789568,54109,0.01355,1.08e-04,0.3570,80.6099,0.00000,0.00000,0.00000,10.00000,1189.58703,0.00000,0.83632,0.00000,0.00000,0.87236,0.00000,0.00000,0.00000,0.00000,0.00000,0.40937,2.31159,1.47200,0.98925,0.98551,1.00000,1247.08219,-0.02855,-0.12301,0.30319,-0.02810,0.50723,0.87089,-0.07735,0.20967,-0.00937,-0.03114,0.19273,0.38549,0.37137,1.89589,1.66000,0.98387,0.97857,1.00000,0.85683,0.00000,0.19142,2.54223,2.31380,0.97849,0.97183,1.00000
242,0.1292,23887872,54006,0.01109,1.22e-04,0.3569,70.7671,0.00000,0.00000,0.00000,10.00000,1202.34516,0.00000,0.73016,0.00000,0.00000,0.87337,0.00000,0.00000,0.00000,0.00000,0.00000,0.40918,2.32871,1.51102,1.00000,1.00000,1.00000,1226.12012,-0.02846,-0.12113,0.30456,-0.02791,0.50879,0.87192,-0.07699,0.21009,-0.00894,-0.03118,0.19360,0.38660,0.37145,1.78873,1.92600,0.98095,0.98551,0.90476,0.85725,0.00000,0.19080,2.54752,2.05950,0.96190,0.97222,0.77778
243,0.1297,23986176,52365,0.01456,1.20e-04,0.3568,80.8031,0.00000,0.00000,0.00000,10.00000,1168.11102,0.00000,0.76111,0.00000,0.00000,0.87124,0.00000,0.00000,0.00000,0.00000,0.00000,0.40834,2.32022,1.49555,1.00000,1.00000,1.00000,1208.20329,-0.02844,-0.11935,0.30482,-0.02800,0.50838,0.86981,-0.07578,0.21091,-0.00802,-0.03107,0.19426,0.38632,0.37135,1.91470,1.81125,0.98500,0.97810,1.00000,0.85677,0.00000,0.19207,2.54643,2.29671,0.97000,0.95946,1.00000
244,0.1302,24084480,53669,0.01210,1.32e-04,0.3567,83.4723,0.00000,0.00000,0.00000,10.00000,1212.05943,0.00000,0.80357,0.00000,0.00000,0.87015,0.00000,0.00000,0.00000,0.00000,0.00000,0.40738,2.31159,1.48091,1.00000,1.00000,1.00000,1215.90446,-0.02839,-0.12016,0.30422,-0.02834,0.50847,0.86873,-0.07535,0.21233,-0.00885,-0.03116,0.19289,0.38568,0.37154,1.78932,1.88143,0.99554,0.99383,1.00000,0.85770,0.00000,0.19234,2.54901,2.09773,0.99107,0.98780,1.00000
245,0.1307,24182784,55116,0.01425,1.17e-04,0.3566,75.1559,0.00000,0.00000,0.00000,10.00000,1242.48021,0.00000,0.70048,0.00000,0.00000,0.86913,0.00000,0.00000,0.00000,0.00000,0.00000,0.40697,2.29680,1.47775,1.00000,1.00000,1.00000,1208.08708,-0.02851,-0.11934,0.30248,-0.02758,0.50713,0.86781,-0.07523,0.21165,-0.00820,-0.03090,0.19229,0.38393,0.37092,1.74621,1.85412,0.98913,0.99138,0.94118,0.85458,0.00000,0.19257,2.54450,2.05869,0.97826,0.98148,0.87500
246,0.1313,24281088,53182,0.01419,1.08e-04,0.3566,77.2817,0.00000,0.00000,0.00000,10.00000,1220.71171,0.00000,0.72607,0.00000,0.00000,0.86624,0.00000,0.00000,0.00000,0.00000,0.00000,0.40610,2.28586,1.46892,0.99010,0.98485,1.00000,1219.53654,-0.02848,-0.12041,0.30149,-0.02830,0.50495,0.86493,-0.07483,0.21142,-0.00911,-0.03115,0.19190,0.38239,0.37044,1.85513,1.73294,0.98515,0.97727,1.00000,0.85221,0.00000,0.19290,2.53579,2.24135,0.98020,0.96970,1.00000
247,0.1318,24379392,54095,0.01239,1.32e-04,0.3565,87.4436,0.00000,0.00000,0.00000,10.00000,1170.22412,0.00000,0.83614,0.00000,0.00000,0.86547,0.00000,0.00000,0.00000,0.00000,0.00000,0.40538,2.27611,1.64317,1.00000,1.00000,1.00000,1241.61377,-0.02851,-0.12247,0.30018,-0.02751,0.50382,0.86408,-0.07532,0.21193,-0.00961,-0.03123,0.19043,0.38128,0.37020,1.90310,2.26800,0.97980,0.97315,1.00000,0.85102,0.00000,0.19224,2.53224,2.17291,0.95960,0.94595,1.00000
248,0.1323,24477696,54173,0.01522,9.14e-05,0.3564,78.6058,0.00000,0.00000,0.00000,10.00000,1209.62782,0.00000,0.74575,0.00000,0.00000,0.86660,0.00000,0.00000,0.00000,0.00000,0.00000,0.40564,2.27921,1.43566,1.00000,1.00000,1.00000,1219.24129,-0.02852,-0.12045,0.29911,-0.02851,0.50476,0.86520,-0.07531,0.20956,-0.00867,-0.03128,0.18924,0.38016,0.37015,1.78273,1.55333,0.98198,0.97987,0.93750,0.85077,0.00000,0.19218,2.51585,2.15205,0.96396,0.95946,0.87500
249,0.1328,24576000,54084,0.01242,1.03e-04,0.3563,85.2056,0.00000,0.00000,0.00000,10.00000,1225.98357,0.00000,0.76149,0.00000,0.00000,0.86162,0.00000,0.00000,0.00000,0.00000,0.00000,0.40479,2.26686,1.46909,1.00000,1.00000,1.00000,1224.08187,-0.02878,-0.12082,0.29566,-0.02745,0.50225,0.86028,-0.07485,0.20683,-0.00820,-0.03129,0.18754,0.37501,0.36932,1.79862,1.84125,0.99569,0.99371,1.00000,0.84661,0.00000,0.19090,2.46519,2.13581,0.99138,0.98718,1.00000
250,0.1334,24674304,50688,0.01327,7.95e-05,0.3563,89.9967,0.00000,0.00000,0.00000,10.00000,1199.43285,0.00000,0.78652,0.00000,0.00000,0.85773,0.00000,0.00000,0.00000,0.00000,0.00000,0.40460,2.25874,1.56559,1.00000,1.00000,1.00000,1257.37785,-0.02889,-0.12409,0.29504,-0.02728,0.49911,0.85638,-0.07515,0.20632,-0.01007,-0.03102,0.18668,0.37417,0.36846,1.99970,1.97400,0.99438,0.99206,1.00000,0.84233,0.00000,0.19184,2.46302,2.43382,0.98876,0.98413,1.00000
251,0.1339,24772608,52158,0.01319,7.53e-05,0.3562,76.1420,0.00000,0.00000,0.00000,10.00000,1249.58331,0.00000,0.78108,0.00000,0.00000,0.85991,0.00000,0.00000,0.00000,0.00000,0.00000,0.40499,2.27274,1.49050,1.00000,1.00000,1.00000,1257.36792,-0.02890,-0.12413,0.29581,-0.02770,0.50036,0.85850,-0.07549,0.20510,-0.00954,-0.03108,0.18608,0.37560,0.36934,1.66993,1.28500,0.99505,0.99296,1.00000,0.84670,0.00000,0.19283,2.46232,1.89077,0.99010,0.98462,1.00000
252,0.1344,24870912,54259,0.01321,8.26e-05,0.3562,81.5803,0.00000,0.00000,0.00000,10.00000,1220.56958,0.00000,0.65926,0.00000,0.00000,0.86145,0.00000,0.00000,0.00000,0.00000,0.00000,0.40560,2.30050,1.58241,0.98667,0.97872,1.00000,1264.53996,-0.02873,-0.12466,0.29969,-0.02849,0.50185,0.85999,-0.07663,0.20617,-0.01159,-0.03105,0.18868,0.38031,0.36957,1.80946,1.75333,0.98000,0.96629,1.00000,0.84783,0.00000,0.19331,2.48261,2.05333,0.97333,0.95238,1.00000
253,0.1349,24969216,54644,0.01387,1.02e-04,0.3562,89.2810,0.00000,0.00000,0.00000,10.00000,1181.46815,0.00000,0.77249,0.00000,0.00000,0.86268,0.00000,0.00000,0.00000,0.00000,0.00000,0.40528,2.31182,1.46026,1.00000,1.00000,1.00000,1271.08032,-0.02868,-0.12535,0.30069,-0.02876,0.50253,0.86131,-0.07635,0.20778,-0.01068,-0.03131,0.19013,0.38188,0.36939,1.82761,1.76631,0.98571,0.97945,1.00000,0.84694,0.00000,0.19259,2.49117,2.16470,0.97143,0.96104,1.00000
254,0.1354,25067520,53632,0.01183,1.19e-04,0.3561,96.6201,0.00000,0.00000,0.00000,10.00000,1239.57830,0.00000,0.72650,0.00000,0.00000,0.86799,0.00000,0.00000,0.00000,0.00000,0.00000,0.40445,2.31801,1.45682,1.00000,1.00000,1.00000,1302.20312,-0.02876,-0.12844,0.30010,-0.02775,0.50517,0.86666,-0.07703,0.20757,-0.01017,-0.03130,0.19027,0.38143,0.37081,1.72822,1.66727,0.99451,0.99160,1.00000,0.85405,0.00000,0.19275,2.49759,1.98727,0.98901,0.98361,1.00000
255,0.1360,25165824,53740,0.01497,9.04e-05,0.3559,84.4556,0.00000,0.00000,0.00000,10.00000,1231.11133,0.00000,0.75000,0.00000,0.00000,0.87525,0.00000,0.00000,0.00000,0.00000,0.00000,0.40564,2.33576,1.53671,0.99000,0.98611,1.00000,1275.11190,-0.02846,-0.12580,0.30432,-0.02903,0.50964,0.87378,-0.07679,0.20819,-0.01014,-0.03165,0.19169,0.38694,0.37192,1.83428,2.33077,0.98500,0.98519,0.92308,0.85958,0.00000,0.19513,2.53016,2.18000,0.98000,0.98413,0.83333
256,0.1365,25264128,53895,0.01246,1.02e-04,0.3558,91.1544,0.00000,0.00000,0.00000,10.00000,1207.87333,0.00000,0.73355,0.00000,0.00000,0.87790,0.00000,0.00000,0.00000,0.00000,0.00000,0.40487,2.33964,1.55775,1.00000,1.00000,1.00000,1223.46875,-0.02840,-0.12088,0.30574,-0.02958,0.51241,0.87653,-0.07563,0.21052,-0.00809,-0.03119,0.19234,0.38852,0.37226,1.85287,1.96480,0.99029,0.98529,1.00000,0.86132,0.00000,0.19457,2.54480,2.14800,0.98058,0.97143,1.00000
257,0.1370,25362432,52691,0.01354,9.53e-05,0.3557,79.5000,0.00000,0.00000,0.00000,10.00000,1201.25242,0.00000,0.75192,0.00000,0.00000,0.87418,0.00000,0.00000,0.00000,0.00000,0.00000,0.40355,2.32832,1.45870,1.00000,1.00000,1.00000,1208.86100,-0.02835,-0.11940,0.30535,-0.02826,0.50983,0.87292,-0.07500,0.21365,-0.00826,-0.03131,0.19272,0.38734,0.37117,1.80428,1.80316,0.98276,0.98089,0.95000,0.85586,0.00000,0.19270,2.54961,2.19679,0.96552,0.96053,0.88889
258,0.1375,25460736,53354,0.01093,1.08e-04,0.3556,79.6700,0.00000,0.00000,0.00000,10.00000,1191.22279,0.00000,0.90354,0.00000,0.00000,0.87111,0.00000,0.00000,0.00000,0.00000,0.00000,0.40443,2.31565,1.57486,1.00000,1.00000,1.00000,1205.83390,-0.02851,-0.11897,0.30299,-0.02783,0.50752,0.86976,-0.07514,0.21160,-0.00911,-0.03072,0.19276,0.38450,0.37092,1.81705,1.74667,0.98352,0.97973,1.00000,0.85458,0.00000,0.19228,2.53210,2.05600,0.96703,0.96000,1.00000
259,0.1380,25559040,53801,0.01075,1.56e-04,0.3555,82.5283,0.00000,0.00000,0.00000,10.00000,1203.42498,0.00000,0.80991,0.00000,0.00000,0.86711,0.00000,0.00000,0.00000,0.00000,0.00000,0.40393,2.31444,1.42459,1.00000,1.00000,1.00000,1210.11483,-0.02847,-0.11948,0.30311,-0.02768,0.50540,0.86582,-0.07533,0.21370,-0.00986,-0.03070,0.19253,0.38393,0.37015,1.74029,1.68353,1.00000,1.00000,1.00000,0.85074,0.00000,0.19079,2.53735,2.10531,1.00000,1.00000,1.00000
260,0.1386,25657344,53616,0.01802,8.49e-05,0.3554,73.7651,0.00000,0.00000,0.00000,10.00000,1184.12139,0.00000,0.83333,0.00000,0.00000,0.86471,0.00000,0.00000,0.00000,0.00000,0.00000,0.40386,2.32892,1.42237,1.00000,1.00000,1.00000,1249.39030,-0.02833,-0.12336,0.30505,-0.02773,0.50438,0.86339,-0.07500,0.21504,-0.00841,-0.03080,0.19358,0.38594,0.37026,1.83471,1.51600,0.99359,0.99145,1.00000,0.85130,0.00000,0.18989,2.54813,2.22710,0.98718,0.98361,1.00000
261,0.1391,25755648,52928,0.01289,1.02e-04,0.3553,70.4375,0.00000,0.00000,0.00000,10.00000,1205.11454,0.00000,0.74924,0.00000,0.00000,0.87139,0.00000,0.00000,0.00000,0.00000,0.00000,0.40465,2.35291,1.56161,0.99083,0.98684,1.00000,1231.26066,-0.02819,-0.12160,0.30565,-0.02787,0.50892,0.87007,-0.07492,0.21481,-0.00862,-0.03097,0.19443,0.38785,0.37138,1.78097,1.70286,0.97706,0.97279,0.95238,0.85690,0.00000,0.18885,2.55160,2.02564,0.96330,0.95775,0.90000
262,0.1396,25853952,54017,0.01557,6.93e-05,0.3552,74.0550,0.00000,0.00000,0.00000,10.00000,1231.00065,0.00000,0.76720,0.00000,0.00000,0.87352,0.00000,0.00000,0.00000,0.00000,0.00000,0.40424,2.34353,1.53258,1.00000,1.00000,1.00000,1210.42619,-0.02830,-0.11961,0.30506,-0.02831,0.51012,0.87217,-0.07512,0.21441,-0.00783,-0.03060,0.19436,0.38726,0.37137,1.81683,1.52400,0.99405,0.99138,1.00000,0.85685,0.00000,0.19038,2.55126,2.12069,0.98810,0.98246,1.00000
263,0.1401,25952256,53242,0.01083,9.98e-05,0.3551,82.9863,0.00000,0.00000,0.00000,10.00000,1209.35099,0.00000,0.71717,0.00000,0.00000,0.87112,0.00000,0.00000,0.00000,0.00000,0.00000,0.40445,2.34688,1.48636,1.00000,1.00000,1.00000,1211.45386,-0.02824,-0.11960,0.30609,-0.02816,0.50933,0.86977,-0.07459,0.21501,-0.00744,-0.03089,0.19471,0.38838,0.37116,1.86582,1.95083,0.99091,0.99296,0.95833,0.85580,0.00000,0.18971,2.55894,2.29948,0.98182,0.98462,0.92308
264,0.1406,26050560,53947,0.01451,9.25e-05,0.3550,73.2351,0.00000,0.00000,0.00000,10.00000,1233.78899,0.00000,0.73529,0.00000,0.00000,0.87020,0.00000,0.00000,0.00000,0.00000,0.00000,0.40489,2.32224,1.50187,1.00000,1.00000,1.00000,1215.67896,-0.02843,-0.11995,0.30341,-0.02743,0.50824,0.86894,-0.07481,0.21368,-0.01029,-0.03080,0.19376,0.38470,0.37087,1.76094,1.65143,0.99510,0.99259,1.00000,0.85434,0.00000,0.18980,2.54033,2.02712,0.99020,0.98507,1.00000
265,0.1412,26148864,53285,0.01307,7.95e-05,0.3549,80.0339,0.00000,0.00000,0.00000,10.00000,1199.45099,0.00000,0.83333,0.00000,0.00000,0.86760,0.00000,0.00000,0.00000,0.00000,0.00000,0.40457,2.31290,1.49848,1.00000,1.00000,1.00000,1195.27612,-0.02849,-0.11807,0.30203,-0.02760,0.50579,0.86630,-0.07457,0.21302,-0.00784,-0.03067,0.19274,0.38302,0.36986,1.75709,1.66800,0.98182,0.97576,1.00000,0.84930,0.00000,0.18931,2.53168,2.05450,0.96364,0.94872,1.00000
266,0.1417,26247168,53372,0.01286,9.14e-05,0.3548,65.3690,0.00000,0.00000,0.00000,10.00000,1184.27515,0.00000,0.74481,0.00000,0.00000,0.86366,0.00000,0.00000,0.00000,0.00000,0.00000,0.40468,2.29984,1.60480,1.00000,1.00000,1.00000,1191.85775,-0.02857,-0.11774,0.30057,-0.02725,0.50384,0.86240,-0.07447,0.21251,-0.00848,-0.03043,0.19234,0.38131,0.36959,1.87846,2.35818,0.98352,0.99180,0.91304,0.84793,0.00000,0.18810,2.52372,2.18029,0.96703,0.98276,0.83333
267,0.1422,26345472,53501,0.01904,7.85e-05,0.3547,76.8384,0.00000,0.00000,0.00000,10.00000,1198.77924,0.00000,0.73883,0.00000,0.00000,0.86229,0.00000,0.00000,0.00000,0.00000,0.00000,0.40384,2.29060,1.47059,0.98969,0.98276,1.00000,1198.64274,-0.02853,-0.11833,0.29917,-0.02793,0.50257,0.86109,-0.07443,0.21237,-0.00939,-0.03057,0.19079,0.37884,0.36940,1.84590,1.96364,0.98454,0.97674,1.00000,0.84701,0.00000,0.18741,2.50689,2.16099,0.97938,0.97183,1.00000
268,0.1427,26443776,54233,0.01010,1.03e-04,0.3546,96.0365,0.00000,0.00000,0.00000,10.00000,1195.23300,0.00000,0.82305,0.00000,0.00000,0.85982,0.00000,0.00000,0.00000,0.00000,0.00000,0.40357,2.28927,1.52359,0.99074,0.98780,1.00000,1222.22176,-0.02863,-0.12069,0.29913,-0.02777,0.50079,0.85861,-0.07485,0.21229,-0.00928,-0.03079,0.19026,0.37917,0.36932,1.76405,1.43333,0.98148,0.98125,0.93750,0.84659,0.00000,0.18802,2.50181,2.01881,0.97222,0.97436,0.87500
269,0.1432,26542080,52972,0.01260,9.91e-05,0.3546,101.2015,0.00000,0.00000,0.00000,10.00000,1214.88980,0.00000,0.75049,0.00000,0.00000,0.86092,0.00000,0.00000,0.00000,0.00000,0.00000,0.40473,2.28745,1.46100,1.00000,1.00000,1.00000,1244.15951,-0.02872,-0.12266,0.29830,-0.02743,0.50151,0.85970,-0.07439,0.20994,-0.01027,-0.03092,0.18949,0.37796,0.36933,1.84824,1.74333,0.99561,0.99351,1.00000,0.84665,0.00000,0.18732,2.48637,2.21270,0.99123,0.98701,1.00000
270,0.1438,26640384,51376,0.01119,1.20e-04,0.3545,89.4847,0.00000,0.00000,0.00000,10.00000,1203.30439,0.00000,0.79060,0.00000,0.00000,0.85953,0.00000,0.00000,0.00000,0.00000,0.00000,0.40486,2.25339,1.49488,1.00000,1.00000,1.00000,1237.43644,-0.02882,-0.12211,0.29508,-0.02779,0.50052,0.85829,-0.07441,0.20808,-0.00904,-0.03095,0.18737,0.37486,0.36920,1.83796,2.08300,0.99038,0.98649,1.00000,0.84601,0.00000,0.18915,2.47989,2.20222,0.98077,0.97222,1.00000
271,0.1443,26738688,51499,0.01458,1.17e-04,0.3544,78.1106,0.00000,0.00000,0.00000,10.00000,1174.34907,0.00000,0.83028,0.00000,0.00000,0.85916,0.00000,0.00000,0.00000,0.00000,0.00000,0.40453,2.25795,1.58278,1.00000,1.00000,1.00000,1242.52384,-0.02852,-0.12255,0.29719,-0.02834,0.50042,0.85796,-0.07426,0.21172,-0.01067,-0.03069,0.18879,0.37753,0.36956,1.87957,2.15500,0.97802,0.97794,0.88889,0.84782,0.00000,0.18944,2.51219,2.18927,0.95604,0.95652,0.75000
272,0.1449,26836992,48199,0.01331,1.10e-04,0.3543,85.0281,0.00000,0.00000,0.00000,10.00000,1203.38223,0.00000,0.79787,0.00000,0.00000,0.86132,0.00000,0.00000,0.00000,0.00000,0.00000,0.40450,2.26459,1.45680,1.00000,1.00000,1.00000,1232.72201,-0.02846,-0.12158,0.29864,-0.02774,0.50202,0.86021,-0.07383,0.21279,-0.01017,-0.03071,0.18984,0.37868,0.36977,1.75028,1.74200,0.98936,0.98519,1.00000,0.84886,0.00000,0.18870,2.52331,2.06927,0.97872,0.96923,1.00000
273,0.1454,26935296,49381,0.01234,1.37e-04,0.3542,81.5988,0.00000,0.00000,0.00000,10.00000,1231.58774,0.00000,0.69597,0.00000,0.00000,0.86215,0.00000,0.00000,0.00000,0.00000,0.00000,0.40458,2.29286,1.48323,1.00000,1.00000,1.00000,1235.98568,-0.02823,-0.12198,0.30221,-0.02768,0.50217,0.86101,-0.07467,0.21674,-0.00925,-0.03053,0.19280,0.38282,0.36951,1.80135,1.72300,0.98901,0.98246,1.00000,0.84757,0.00000,0.18643,2.55637,2.13415,0.97802,0.96429,1.00000
274,0.1460,27033600,48122,0.01175,1.58e-04,0.3541,86.9555,0.00000,0.00000,0.00000,10.00000,1226.08008,0.00000,0.71759,0.00000,0.00000,0.86576,0.00000,0.00000,0.00000,0.00000,0.00000,0.40451,2.30323,1.43737,1.00000,1.00000,1.00000,1251.41496,-0.02817,-0.12355,0.30268,-0.02759,0.50438,0.86467,-0.07466,0.21664,-0.00956,-0.03092,0.19284,0.38393,0.37026,1.76775,1.72526,0.99479,0.99194,1.00000,0.85131,0.00000,0.18689,2.55378,2.14818,0.98958,0.98276,1.00000
275,0.1466,27131904,46679,0.01674,1.24e-04,0.3540,91.0224,0.00000,0.00000,0.00000,10.00000,1221.79345,0.00000,0.75531,0.00000,0.00000,0.87273,0.00000,0.00000,0.00000,0.00000,0.00000,0.40426,2.32620,1.46431,1.00000,1.00000,1.00000,1260.85026,-0.02805,-0.12436,0.30614,-0.02821,0.50812,0.87161,-0.07532,0.21772,-0.00962,-0.03098,0.19506,0.38773,0.37179,1.73594,1.60222,0.98876,0.98347,1.00000,0.85895,0.00000,0.18861,2.58032,2.01619,0.97753,0.96774,1.00000
276,0.1472,27230208,46802,0.01154,1.69e-04,0.3538,90.5443,0.00000,0.00000,0.00000,10.00000,1200.09908,0.00000,0.73209,0.00000,0.00000,0.87939,0.00000,0.00000,0.00000,0.00000,0.00000,0.40346,2.35336,1.54071,1.00000,1.00000,1.00000,1239.95150,-0.02790,-0.12238,0.30881,-0.02915,0.51234,0.87822,-0.07415,0.22033,-0.00892,-0.03103,0.19559,0.39126,0.37238,1.83190,1.54947,0.98131,0.97872,0.94737,0.86188,0.00000,0.18772,2.59118,2.16243,0.96262,0.95588,0.87500
277,0.1478,27328512,45995,0.01412,1.43e-04,0.3536,90.2010,0.00000,0.00000,0.00000,10.00000,1233.13218,0.00000,0.75196,0.00000,0.00000,0.88225,0.00000,0.00000,0.00000,0.00000,0.00000,0.40346,2.36591,1.46744,0.98990,0.98571,1.00000,1212.15340,-0.02780,-0.11958,0.30964,-0.02863,0.51546,0.88101,-0.07390,0.22052,-0.00881,-0.03086,0.19754,0.39262,0.37293,1.76848,1.57555,0.98485,0.97761,1.00000,0.86464,0.00000,0.18721,2.59537,2.09014,0.97980,0.96875,1.00000
278,0.1484,27426816,48165,0.01333,1.56e-04,0.3535,87.2701,0.00000,0.00000,0.00000,10.00000,1194.38696,0.00000,0.74396,0.00000,0.00000,0.87823,0.00000,0.00000,0.00000,0.00000,0.00000,0.40297,2.35177,1.56400,0.99130,0.98592,1.00000,1212.73763,-0.02793,-0.11968,0.30789,-0.02847,0.51289,0.87703,-0.07282,0.22024,-0.00953,-0.03102,0.19678,0.39000,0.37185,1.90353,2.19444,0.98696,0.98701,0.94737,0.85925,0.00000,0.18743,2.57771,2.20533,0.98261,0.98795,0.88889
279,0.1489,27525120,49988,0.01756,9.53e-05,0.3534,65.9681,0.00000,0.00000,0.00000,10.00000,1217.07191,0.00000,0.83632,0.00000,0.00000,0.87300,0.00000,0.00000,0.00000,0.00000,0.00000,0.40183,2.33127,1.40189,0.98925,0.98592,1.00000,1183.39323,-0.02807,-0.11685,0.30472,-0.02794,0.51018,0.87185,-0.07316,0.22002,-0.00753,-0.03052,0.19562,0.38634,0.37120,1.69172,1.32667,0.98925,0.98571,1.00000,0.85598,0.00000,0.18703,2.56865,1.99380,0.98925,0.98551,1.00000
280,0.1495,27623424,48257,0.01204,9.91e-05,0.3533,86.5526,0.00000,0.00000,0.00000,10.00000,1203.44966,0.00000,0.76653,0.00000,0.00000,0.86902,0.00000,0.00000,0.00000,0.00000,0.00000,0.40264,2.34783,1.58400,1.00000,1.00000,1.00000,1199.19800,-0.02803,-0.11840,0.30621,-0.02786,0.50766,0.86769,-0.07381,0.21852,-0.00833,-0.03023,0.19686,0.38759,0.37044,1.85803,2.04800,0.98734,0.98165,1.00000,0.85222,0.00000,0.18818,2.56434,2.17052,0.97468,0.96078,1.00000
281,0.1501,27721728,47604,0.01127,1.30e-04,0.3531,86.8109,0.00000,0.00000,0.00000,10.00000,1206.41322,0.00000,0.80991,0.00000,0.00000,0.87174,0.00000,0.00000,0.00000,0.00000,0.00000,0.40292,2.37397,1.62635,1.00000,1.00000,1.00000,1192.31331,-0.02802,-0.11778,0.30937,-0.02859,0.50848,0.87037,-0.07414,0.22080,-0.00973,-0.03022,0.19863,0.39152,0.37044,1.94481,2.61250,1.00000,1.00000,1.00000,0.85222,0.00000,0.18709,2.58330,2.24879,1.00000,1.00000,1.00000
282,0.1507,27820032,48755,0.01327,1.32e-04,0.3530,85.1251,0.00000,0.00000,0.00000,10.00000,1194.63026,0.00000,0.78526,0.00000,0.00000,0.87561,0.00000,0.00000,0.00000,0.00000,0.00000,0.40271,2.37141,1.53707,1.00000,1.00000,1.00000,1210.05501,-0.02797,-0.11950,0.30864,-0.02817,0.51107,0.87423,-0.07423,0.22017,-0.00894,-0.03046,0.19919,0.39110,0.37125,1.81346,1.49882,0.99038,0.98639,1.00000,0.85627,0.00000,0.18823,2.58271,2.09675,0.98077,0.97297,1.00000
283,0.1512,27918336,47971,0.01565,1.08e-04,0.3529,74.4833,0.00000,0.00000,0.00000,10.00000,1250.94922,0.00000,0.71256,0.00000,0.00000,0.87959,0.00000,0.00000,0.00000,0.00000,0.00000,0.40255,2.36314,1.53343,1.00000,1.00000,1.00000,1213.88525,-0.02795,-0.11984,0.30865,-0.02808,0.51347,0.87813,-0.07418,0.22020,-0.00904,-0.03048,0.19863,0.39149,0.37230,1.76773,1.57286,0.99457,0.99153,1.00000,0.86152,0.00000,0.18986,2.59892,2.03226,0.98913,0.98214,1.00000
284,0.1518,28016640,48895,0.01117,1.37e-04,0.3528,80.6928,0.00000,0.00000,0.00000,10.00000,1228.59578,0.00000,0.72531,0.00000,0.00000,0.87914,0.00000,0.00000,0.00000,0.00000,0.00000,0.40290,2.36090,1.42072,1.00000,1.00000,1.00000,1200.59025,-0.02786,-0.11851,0.30861,-0.02861,0.51375,0.87769,-0.07406,0.22024,-0.00757,-0.03068,0.19791,0.39159,0.37202,1.81762,1.57800,0.99074,0.98582,1.00000,0.86011,0.00000,0.18953,2.59252,2.24545,0.98148,0.97101,1.00000
285,0.1524,28114944,48478,0.01540,1.19e-04,0.3527,97.5244,0.00000,0.00000,0.00000,10.00000,1212.69062,0.00000,0.75556,0.00000,0.00000,0.87680,0.00000,0.00000,0.00000,0.00000,0.00000,0.40283,2.33327,1.47699,0.99000,1.00000,0.85714,1187.34237,-0.02797,-0.11720,0.30621,-0.02783,0.51258,0.87544,-0.07401,0.22068,-0.00848,-0.03043,0.19721,0.38813,0.37188,1.79338,1.72461,0.98500,0.99265,0.85714,0.85939,0.00000,0.18762,2.59030,2.10133,0.98000,0.98571,0.85714
286,0.1530,28213248,47930,0.01281,1.19e-04,0.3526,94.1260,0.00000,0.00000,0.00000,10.00000,1182.47899,0.00000,0.88457,0.00000,0.00000,0.87218,0.00000,0.00000,0.00000,0.00000,0.00000,0.40306,2.30587,1.57390,0.99029,0.98750,1.00000,1185.06657,-0.02807,-0.11702,0.30372,-0.02771,0.50920,0.87083,-0.07361,0.22024,-0.00962,-0.03054,0.19616,0.38567,0.37102,1.78906,1.60000,0.98544,0.98171,1.00000,0.85508,0.00000,0.18751,2.58201,1.98954,0.98058,0.97619,1.00000
287,0.1535,28311552,48726,0.01378,1.17e-04,0.3525,81.7962,0.00000,0.00000,0.00000,10.00000,1188.99349,0.00000,0.79861,0.00000,0.00000,0.86943,0.00000,0.00000,0.00000,0.00000,0.00000,0.40371,2.29825,1.54780,1.00000,1.00000,1.00000,1195.11296,-0.02811,-0.11798,0.30329,-0.02767,0.50686,0.86803,-0.07405,0.22084,-0.01119,-0.03041,0.19559,0.38493,0.37032,1.76121,1.58400,0.97396,0.97101,0.93333,0.85158,0.00000,0.18624,2.58132,2.02239,0.94792,0.93750,0.85714
288,0.1541,28409856,48090,0.01510,9.53e-05,0.3524,75.1770,0.00000,0.00000,0.00000,10.00000,1235.18409,0.00000,0.69040,0.00000,0.00000,0.86652,0.00000,0.00000,0.00000,0.00000,0.00000,0.40278,2.30453,1.35857,1.00000,1.00000,1.00000,1229.38590,-0.02829,-0.12132,0.30155,-0.02675,0.50473,0.86525,-0.07494,0.21766,-0.00975,-0.03050,0.19437,0.38265,0.36998,1.69829,1.65040,0.99515,0.99219,1.00000,0.84989,0.00000,0.18630,2.54748,1.98829,0.99029,0.98551,1.00000
289,0.1547,28508160,46771,0.01097,1.30e-04,0.3524,93.4177,0.00000,0.00000,0.00000,10.00000,1223.28284,0.00000,0.80499,0.00000,0.00000,0.86962,0.00000,0.00000,0.00000,0.00000,0.00000,0.40339,2.31011,1.63519,0.98980,0.98684,1.00000,1240.46053,-0.02823,-0.12241,0.30121,-0.02685,0.50611,0.86841,-0.07508,0.21513,-0.01012,-0.03040,0.19322,0.38223,0.37060,1.80797,2.20000,0.98980,0.98592,1.00000,0.85302,0.00000,0.18697,2.53673,2.00580,0.98980,0.98485,1.00000
290,0.1553,28606464,48477,0.01287,1.47e-04,0.3522,98.8156,0.00000,0.00000,0.00000,10.00000,1242.84749,0.00000,0.73462,0.00000,0.00000,0.87192,0.00000,0.00000,0.00000,0.00000,0.00000,0.40371,2.30639,1.53699,1.00000,1.00000,1.00000,1221.76147,-0.02831,-0.12055,0.30059,-0.02805,0.50772,0.87068,-0.07532,0.21320,-0.00959,-0.03071,0.19340,0.38183,0.37111,1.79523,1.51250,1.00000,1.00000,1.00000,0.85556,0.00000,0.18862,2.52567,2.08458,1.00000,1.00000,1.00000
291,0.1558,28704768,47861,0.01576,1.44e-04,0.3521,90.0170,0.00000,0.00000,0.00000,10.00000,1232.90265,0.00000,0.74074,0.00000,0.00000,0.86843,0.00000,0.00000,0.00000,0.00000,0.00000,0.40331,2.29227,1.55132,1.00000,1.00000,1.00000,1218.73429,-0.02844,-0.12020,0.29881,-0.02731,0.50603,0.86718,-0.07453,0.21232,-0.01084,-0.03043,0.19197,0.37959,0.37032,1.78051,1.95091,1.00000,1.00000,1.00000,0.85158,0.00000,0.18883,2.50779,2.03413,1.00000,1.00000,1.00000
292,0.1564,28803072,48513,0.01699,1.18e-04,0.3520,87.5161,0.00000,0.00000,0.00000,10.00000,1236.60600,0.00000,0.82456,0.00000,0.00000,0.86196,0.00000,0.00000,0.00000,0.00000,0.00000,0.40275,2.29299,1.40169,1.00000,1.00000,1.00000,1214.39030,-0.02847,-0.11984,0.29898,-0.02704,0.50149,0.86075,-0.07480,0.21279,-0.00992,-0.03019,0.19195,0.37917,0.36873,1.76000,1.72333,1.00000,1.00000,1.00000,0.84366,0.00000,0.18864,2.51064,2.09474,1.00000,1.00000,1.00000
293,0.1570,28901376,47787,0.01181,1.37e-04,0.3519,93.9831,0.00000,0.00000,0.00000,10.00000,1216.56277,0.00000,0.75126,0.00000,0.00000,0.85902,0.00000,0.00000,0.00000,0.00000,0.00000,0.40260,2.27119,1.36725,1.00000,1.00000,1.00000,1231.93498,-0.02846,-0.12163,0.29767,-0.02716,0.50060,0.85781,-0.07507,0.21232,-0.00985,-0.03015,0.19117,0.37740,0.36893,1.73393,1.84470,0.99432,0.99160,1.00000,0.84467,0.00000,0.19032,2.51393,2.11727,0.98864,0.98276,1.00000
294,0.1576,28999680,48384,0.01370,1.20e-04,0.3518,76.5921,0.00000,0.00000,0.00000,10.00000,1223.95573,0.00000,0.72222,0.00000,0.00000,0.86222,0.00000,0.00000,0.00000,0.00000,0.00000,0.40292,2.30123,1.47623,1.00000,1.00000,1.00000,1221.58008,-0.02809,-0.12052,0.30187,-0.02772,0.50300,0.86091,-0.07525,0.21521,-0.00881,-0.03011,0.19332,0.38331,0.36964,1.75437,1.75895,0.97778,0.97436,0.94737,0.84822,0.00000,0.19019,2.55015,2.04515,0.95556,0.94643,0.90909
295,0.1581,29097984,49072,0.01383,1.32e-04,0.3517,84.5338,0.00000,0.00000,0.00000,10.00000,1202.96859,0.00000,0.70023,0.00000,0.00000,0.86747,0.00000,0.00000,0.00000,0.00000,0.00000,0.40308,2.30427,1.44348,1.00000,1.00000,1.00000,1221.56006,-0.02807,-0.12054,0.30278,-0.02765,0.50581,0.86621,-0.07508,0.21647,-0.00821,-0.03010,0.19394,0.38406,0.37076,1.92086,1.80631,0.97917,0.97521,0.95000,0.85380,0.00000,0.18970,2.56160,2.38479,0.95833,0.95082,0.90909
296,0.1587,29196288,48653,0.01462,1.30e-04,0.3516,82.4381,0.00000,0.00000,0.00000,10.00000,1276.28745,0.00000,0.69301,0.00000,0.00000,0.87201,0.00000,0.00000,0.00000,0.00000,0.00000,0.40336,2.31592,1.48697,1.00000,1.00000,1.00000,1232.70760,-0.02795,-0.12162,0.30553,-0.02852,0.50836,0.87079,-0.07477,0.21808,-0.00894,-0.03017,0.19573,0.38809,0.37155,1.77969,1.80000,0.98969,0.98347,1.00000,0.85773,0.00000,0.19172,2.59071,2.08635,0.97938,0.96721,1.00000
297,0.1593,29294592,48482,0.01658,7.61e-05,0.3515,81.3072,0.00000,0.00000,0.00000,10.00000,1214.93750,0.00000,0.69444,0.00000,0.00000,0.87304,0.00000,0.00000,0.00000,0.00000,0.00000,0.40327,2.31274,1.38135,0.98077,0.98438,0.90909,1216.28328,-0.02795,-0.12008,0.30507,-0.02809,0.51008,0.87177,-0.07431,0.21748,-0.00969,-0.03045,0.19515,0.38699,0.37201,1.69378,1.67333,0.97596,0.96923,0.95455,0.86007,0.00000,0.19093,2.58442,2.00622,0.97115,0.95455,1.00000
298,0.1599,29392896,47539,0.01297,1.02e-04,0.3514,83.8201,0.00000,0.00000,0.00000,10.00000,1213.50300,0.00000,0.79125,0.00000,0.00000,0.87415,0.00000,0.00000,0.00000,0.00000,0.00000,0.40286,2.30980,1.48500,0.98990,0.98507,1.00000,1206.89136,-0.02800,-0.11903,0.30426,-0.02861,0.51027,0.87283,-0.07386,0.21788,-0.00901,-0.03033,0.19462,0.38619,0.37162,1.86710,1.37000,0.99495,0.99291,1.00000,0.85808,0.00000,0.19036,2.57768,2.21100,1.00000,1.00000,1.00000
299,0.1605,29491200,46776,0.01307,1.22e-04,0.3513,77.9803,0.00000,0.00000,0.00000,10.00000,1201.98258,0.00000,0.77188,0.00000,0.00000,0.86991,0.00000,0.00000,0.00000,0.00000,0.00000,0.40184,2.29457,1.47862,1.00000,1.00000,1.00000,1207.98324,-0.02814,-0.11924,0.30154,-0.02740,0.50770,0.86863,-0.07366,0.21710,-0.00894,-0.03038,0.19245,0.38260,0.37066,1.77851,1.77000,0.98673,0.98726,0.95000,0.85328,0.00000,0.18965,2.54951,2.07500,0.97345,0.97468,0.90909
300,0.1611,29589504,47815,0.01388,1.08e-04,0.3512,95.9829,0.00000,0.00000,0.00000,10.00000,1222.21518,0.00000,0.79710,0.00000,0.00000,0.86595,0.00000,0.00000,0.00000,0.00000,0.00000,0.40147,2.28412,1.61446,1.00000,1.00000,1.00000,1227.93424,-0.02813,-0.12114,0.29959,-0.02734,0.50416,0.86461,-0.07397,0.21604,-0.01004,-0.03033,0.19159,0.37962,0.37001,1.73143,1.87250,0.99457,0.99242,1.00000,0.85007,0.00000,0.18874,2.53392,1.83280,0.98913,0.98571,1.00000
301,0.1616,29687808,48238,0.01201,1.56e-04,0.3510,80.6391,0.00000,0.00000,0.00000,10.00000,1191.07695,0.00000,0.73611,0.00000,0.00000,0.86563,0.00000,0.00000,0.00000,0.00000,0.00000,0.40143,2.29889,1.54714,0.98750,0.98039,1.00000,1222.81071,-0.02793,-0.12062,0.30308,-0.02819,0.50424,0.86429,-0.07431,0.21834,-0.00994,-0.03003,0.19435,0.38479,0.36979,1.88914,2.18000,0.98125,0.97170,1.00000,0.84894,0.00000,0.19073,2.57078,2.20833,0.97500,0.96364,1.00000
302,0.1622,29786112,48548,0.01407,1.65e-04,0.3509,86.8664,0.00000,0.00000,0.00000,10.00000,1209.57174,0.00000,0.81301,0.00000,0.00000,0.86963,0.00000,0.00000,0.00000,0.00000,0.00000,0.40110,2.32877,1.57657,1.00000,1.00000,1.00000,1234.51383,-0.02779,-0.12193,0.30630,-0.02822,0.50594,0.86830,-0.07479,0.22103,-0.00824,-0.03020,0.19601,0.38850,0.37030,1.83484,1.52000,0.98780,0.98333,1.00000,0.85152,0.00000,0.18993,2.59796,2.16963,0.97561,0.96226,1.00000
303,0.1628,29884416,49964,0.02708,1.06e-04,0.3508,76.6216,0.00000,0.00000,0.00000,10.00000,1216.68271,0.00000,0.71803,0.00000,0.00000,0.87735,0.00000,0.00000,0.00000,0.00000,0.00000,0.40141,2.34272,1.49526,0.99057,0.98529,1.00000,1208.76937,-0.02771,-0.11943,0.30812,-0.02863,0.51134,0.87595,-0.07460,0.22288,-0.00838,-0.03045,0.19693,0.39104,0.37179,1.86768,1.80588,0.98113,0.97080,1.00000,0.85893,0.00000,0.18855,2.61024,2.24507,0.97170,0.95652,1.00000
304,0.1633,29982720,48808,0.01160,1.53e-04,0.3507,82.2827,0.00000,0.00000,0.00000,10.00000,1231.06348,0.00000,0.76389,0.00000,0.00000,0.88047,0.00000,0.00000,0.00000,0.00000,0.00000,0.40129,2.34580,1.38649,1.00000,1.00000,1.00000,1202.01562,-0.02769,-0.11867,0.30947,-0.02852,0.51429,0.87910,-0.07447,0.22391,-0.00952,-0.03034,0.19755,0.39227,0.37268,1.72465,1.62545,0.98958,0.99242,0.91667,0.86342,0.00000,0.18855,2.61796,2.09265,0.97917,0.98462,0.80000
305,0.1639,30081024,48028,0.01544,1.11e-04,0.3506,83.7922,0.00000,0.00000,0.00000,10.00000,1231.33653,0.00000,0.73016,0.00000,0.00000,0.87850,0.00000,0.00000,0.00000,0.00000,0.00000,0.40038,2.33396,1.53902,1.00000,1.00000,1.00000,1183.74666,-0.02784,-0.11708,0.30848,-0.02794,0.51225,0.87709,-0.07426,0.22464,-0.00901,-0.03035,0.19772,0.39098,0.37177,1.73785,1.95500,0.99524,0.99275,1.00000,0.85883,0.00000,0.18821,2.62161,1.95237,0.99048,0.98462,1.00000
306,0.1645,30179328,46346,0.01654,1.22e-04,0.3504,89.0033,0.00000,0.00000,0.00000,10.00000,1254.20672,0.00000,0.73889,0.00000,0.00000,0.87295,0.00000,0.00000,0.00000,0.00000,0.00000,0.40033,2.32061,1.48950,1.00000,1.00000,1.00000,1197.97843,-0.02792,-0.11831,0.30550,-0.02724,0.50903,0.87154,-0.07400,0.22427,-0.00846,-0.03004,0.19634,0.38716,0.37109,1.74338,1.58800,1.00000,1.00000,1.00000,0.85543,0.00000,0.18635,2.59273,2.04206,1.00000,1.00000,1.00000
307,0.1651,30277632,48847,0.01631,1.34e-04,0.3503,93.9849,0.00000,0.00000,0.00000,10.00000,1216.10653,0.00000,0.77546,0.00000,0.00000,0.87001,0.00000,0.00000,0.00000,0.00000,0.00000,0.40036,2.30015,1.50640,1.00000,1.00000,1.00000,1221.80037,-0.02808,-0.12068,0.30266,-0.02720,0.50668,0.86872,-0.07400,0.22264,-0.00880,-0.03024,0.19483,0.38433,0.37090,1.85931,1.43500,0.98958,0.99254,0.92308,0.85449,0.00000,0.18574,2.58001,2.23743,0.97917,0.98462,0.85714
308,0.1656,30375936,49415,0.01736,5.77e-05,0.3503,78.7711,0.00000,0.00000,0.00000,10.00000,1198.74859,0.00000,0.72487,0.00000,0.00000,0.87084,0.00000,0.00000,0.00000,0.00000,0.00000,0.40118,2.30754,1.72710,1.00000,1.00000,1.00000,1198.41675,-0.02792,-0.11839,0.30453,-0.02709,0.50714,0.86952,-0.07507,0.22351,-0.00872,-0.03019,0.19557,0.38662,0.37117,1.93819,1.63714,0.97619,0.96350,1.00000,0.85583,0.00000,0.18577,2.60351,2.14126,0.95238,0.93056,1.00000
309,0.1662,30474240,48830,0.01211,7.61e-05,0.3502,89.1090,0.00000,0.00000,0.00000,10.00000,1210.24824,0.00000,0.74671,0.00000,0.00000,0.87156,0.00000,0.00000,0.00000,0.00000,0.00000,0.40174,2.32362,1.53970,0.98925,0.98387,1.00000,1188.65283,-0.02792,-0.11736,0.30502,-0.02861,0.50845,0.87034,-0.07443,0.22091,-0.00790,-0.03020,0.19589,0.38709,0.37093,1.83912,1.78857,0.98925,0.98400,1.00000,0.85464,0.00000,0.18585,2.57740,2.13420,0.98925,0.98413,1.00000
310,0.1668,30572544,49069,0.01311,8.54e-05,0.3501,83.6198,0.00000,0.00000,0.00000,10.00000,1214.28982,0.00000,0.78171,0.00000,0.00000,0.86973,0.00000,0.00000,0.00000,0.00000,0.00000,0.40128,2.33026,1.52956,0.99115,0.98851,1.00000,1185.38216,-0.02798,-0.11718,0.30325,-0.02705,0.50755,0.86843,-0.07401,0.21871,-0.00752,-0.03027,0.19497,0.38491,0.37078,1.76388,2.02143,0.98673,0.98113,1.00000,0.85388,0.00000,0.18548,2.55346,2.04026,0.98230,0.97222,1.00000
311,0.1673,30670848,49292,0.01375,8.49e-05,0.3500,86.9633,0.00000,0.00000,0.00000,10.00000,1217.70641,0.00000,0.80897,0.00000,0.00000,0.86802,0.00000,0.00000,0.00000,0.00000,0.00000,0.40037,2.30079,1.47634,0.99123,0.98837,1.00000,1206.28800,-0.02825,-0.11918,0.29962,-0.02750,0.50579,0.86680,-0.07397,0.21720,-0.00954,-0.03043,0.19266,0.38091,0.37049,1.77236,1.92167,0.99123,0.98795,1.00000,0.85243,0.00000,0.18653,2.52587,2.09623,0.99123,0.98750,1.00000
312,0.1679,30769152,46319,0.01215,1.08e-04,0.3499,92.6038,0.00000,0.00000,0.00000,10.00000,1223.20129,0.00000,0.74263,0.00000,0.00000,0.86409,0.00000,0.00000,0.00000,0.00000,0.00000,0.39995,2.28431,1.47589,1.00000,1.00000,1.00000,1218.93522,-0.02841,-0.12030,0.29716,-0.02711,0.50288,0.86277,-0.07472,0.21398,-0.00985,-0.03030,0.19055,0.37737,0.36948,1.75589,1.62125,0.98980,0.98473,1.00000,0.84739,0.00000,0.18711,2.49535,2.03589,0.97959,0.96970,1.00000
313,0.1685,30867456,47475,0.01308,1.10e-04,0.3497,89.7957,0.00000,0.00000,0.00000,10.00000,1223.45328,0.00000,0.80247,0.00000,0.00000,0.86072,0.00000,0.00000,0.00000,0.00000,0.00000,0.39953,2.30099,1.46312,0.98990,1.00000,0.66667,1252.00008,-0.02836,-0.12345,0.29813,-0.02791,0.50017,0.85952,-0.07534,0.21492,-0.01086,-0.03038,0.19195,0.37825,0.36905,1.75311,1.65667,0.98485,0.98601,0.83333,0.84525,0.00000,0.18563,2.49617,2.06760,0.97980,0.97101,1.00000
314,0.1691,30965760,47821,0.01280,1.43e-04,0.3496,96.1123,0.00000,0.00000,0.00000,10.00000,1213.12500,0.00000,0.74510,0.00000,0.00000,0.86462,0.00000,0.00000,0.00000,0.00000,0.00000,0.39893,2.30501,1.42831,1.00000,1.00000,1.00000,1255.43522,-0.02835,-0.12382,0.29900,-0.02798,0.50243,0.86342,-0.07518,0.21424,-0.00991,-0.03032,0.19111,0.37971,0.36972,1.66341,1.77375,0.98824,0.98246,1.00000,0.84858,0.00000,0.18844,2.50667,1.90219,0.97647,0.96429,1.00000
315,0.1697,31064064,48256,0.01961,8.99e-05,0.3495,83.5206,0.00000,0.00000,0.00000,10.00000,1232.90700,0.00000,0.73877,0.00000,0.00000,0.86710,0.00000,0.00000,0.00000,0.00000,0.00000,0.39912,2.34203,1.54579,1.00000,1.00000,1.00000,1244.39510,-0.02808,-0.12287,0.30399,-0.02844,0.50519,0.86586,-0.07532,0.21702,-0.01039,-0.03041,0.19475,0.38609,0.37007,1.78739,1.69428,0.98404,0.99200,0.87500,0.85036,0.00000,0.18906,2.54040,2.08355,0.96809,0.98214,0.77778
316,0.1703,31162368,47038,0.01147,9.91e-05,0.3494,86.3307,0.00000,0.00000,0.00000,10.00000,1198.87307,0.00000,0.77778,0.00000,0.00000,0.87157,0.00000,0.00000,0.00000,0.00000,0.00000,0.39869,2.34990,1.45324,1.00000,1.00000,1.00000,1244.22982,-0.02802,-0.12280,0.30455,-0.02767,0.50773,0.87036,-0.07516,0.21892,-0.00876,-0.03003,0.19565,0.38648,0.37098,1.68207,1.57765,0.98824,0.98319,1.00000,0.85489,0.00000,0.18827,2.55040,1.93594,0.97647,0.96552,1.00000
317,0.1708,31260672,49921,0.01271,1.11e-04,0.3493,80.0008,0.00000,0.00000,0.00000,10.00000,1222.49050,0.00000,0.77342,0.00000,0.00000,0.87530,0.00000,0.00000,0.00000,0.00000,0.00000,0.39795,2.37503,1.52320,0.99020,0.98551,1.00000,1243.73047,-0.02784,-0.12270,0.30761,-0.02838,0.50992,0.87408,-0.07532,0.22076,-0.01015,-0.03043,0.19732,0.39012,0.37180,1.84706,1.55454,0.99020,0.98592,1.00000,0.85901,0.00000,0.18853,2.56594,2.15846,0.99020,0.98630,1.00000
318,0.1713,31358976,52385,0.01528,9.98e-05,0.3492,95.6983,0.00000,0.00000,0.00000,10.00000,1232.74009,0.00000,0.70933,0.00000,0.00000,0.87856,0.00000,0.00000,0.00000,0.00000,0.00000,0.39888,2.37520,1.60919,1.00000,1.00000,1.00000,1225.61133,-0.02783,-0.12094,0.30705,-0.02790,0.51204,0.87724,-0.07512,0.22074,-0.00956,-0.03045,0.19772,0.39035,0.37197,1.75541,1.65357,0.99107,0.99301,0.96429,0.85986,0.00000,0.18802,2.56307,1.90867,0.98214,0.98592,0.92308
319,0.1719,31457280,53864,0.01355,1.10e-04,0.3491,80.0224,0.00000,0.00000,0.00000,10.00000,1234.87954,0.00000,0.77658,0.00000,0.00000,0.87702,0.00000,0.00000,0.00000,0.00000,0.00000,0.39965,2.36806,1.56667,1.00000,1.00000,1.00000,1222.09733,-0.02789,-0.12060,0.30549,-0.02777,0.51167,0.87581,-0.07486,0.21855,-0.00894,-0.03020,0.19761,0.38810,0.37203,1.75389,1.85067,0.98925,0.98462,1.00000,0.86013,0.00000,0.18763,2.55083,1.95739,0.97849,0.96875,1.00000
320,0.1724,31555584,53255,0.01267,1.30e-04,0.3490,106.4231,0.00000,0.00000,0.00000,10.00000,1196.34417,0.00000,0.81845,0.00000,0.00000,0.87292,0.00000,0.00000,0.00000,0.00000,0.00000,0.39955,2.35065,1.48311,1.00000,1.00000,1.00000,1188.88639,-0.02796,-0.11741,0.30411,-0.02757,0.50952,0.87178,-0.07452,0.21787,-0.00942,-0.03031,0.19701,0.38663,0.37118,1.78722,1.71375,0.99107,0.98788,1.00000,0.85591,0.00000,0.18836,2.54571,2.09133,0.98214,0.97619,1.00000
321,0.1729,31653888,51607,0.01393,1.49e-04,0.3489,72.0542,0.00000,0.00000,0.00000,10.00000,1193.08525,0.00000,0.79976,0.00000,0.00000,0.87021,0.00000,0.00000,0.00000,0.00000,0.00000,0.39942,2.35130,1.51253,0.98901,0.98592,1.00000,1181.27734,-0.02792,-0.11664,0.30444,-0.02728,0.50806,0.86907,-0.07437,0.21925,-0.00784,-0.02979,0.19778,0.38726,0.37077,1.82086,1.57200,0.97802,0.96947,1.00000,0.85386,0.00000,0.18809,2.55655,2.18219,0.96703,0.95000,1.00000
322,0.1734,31752192,53336,0.02163,1.03e-04,0.3488,80.9189,0.00000,0.00000,0.00000,10.00000,1220.68809,0.00000,0.72222,0.00000,0.00000,0.86725,0.00000,0.00000,0.00000,0.00000,0.00000,0.39881,2.36156,1.46677,1.00000,1.00000,1.00000,1164.80298,-0.02788,-0.11499,0.30559,-0.02747,0.50660,0.86618,-0.07433,0.22143,-0.00772,-0.02963,0.19876,0.38822,0.36998,1.68017,1.90667,0.97500,0.96154,1.00000,0.84989,0.00000,0.18724,2.56768,1.95216,0.95000,0.91304,1.00000
323,0.1740,31850496,53537,0.01363,1.10e-04,0.3487,87.0500,0.00000,0.00000,0.00000,10.00000,1219.44804,0.00000,0.78811,0.00000,0.00000,0.86720,0.00000,0.00000,0.00000,0.00000,0.00000,0.39753,2.36384,1.55806,1.00000,1.00000,1.00000,1193.64811,-0.02777,-0.11783,0.30722,-0.02683,0.50643,0.86607,-0.07440,0.22508,-0.00899,-0.02991,0.19972,0.39000,0.36986,1.76288,2.00000,0.98256,0.98361,0.83333,0.84928,0.00000,0.18744,2.58844,1.96444,0.96512,0.96825,0.66667
324,0.1745,31948800,52552,0.01462,9.14e-05,0.3486,84.9829,0.00000,0.00000,0.00000,10.00000,1230.39198,0.00000,0.74252,0.00000,0.00000,0.87356,0.00000,0.00000,0.00000,0.00000,0.00000,0.39865,2.34752,1.63976,0.99038,1.00000,0.85714,1200.06160,-0.02796,-0.11845,0.30643,-0.02727,0.50883,0.87233,-0.07450,0.22417,-0.00949,-0.03005,0.19819,0.38844,0.37085,1.85597,2.19200,0.99038,0.99281,0.93750,0.85426,0.00000,0.18655,2.58221,2.10222,0.99038,0.98413,1.00000
325,0.1750,32047104,53815,0.01553,8.54e-05,0.3486,81.0217,0.00000,0.00000,0.00000,10.00000,1220.85938,0.00000,0.72778,0.00000,0.00000,0.87496,0.00000,0.00000,0.00000,0.00000,0.00000,0.40004,2.34772,1.40472,0.99000,0.98485,1.00000,1205.67228,-0.02803,-0.11896,0.30521,-0.02770,0.50913,0.87375,-0.07453,0.22176,-0.00952,-0.03009,0.19797,0.38794,0.37124,1.74543,1.68000,0.97500,0.96183,1.00000,0.85618,0.00000,0.18625,2.57090,2.10618,0.96000,0.93846,1.00000
326,0.1755,32145408,53228,0.01262,8.49e-05,0.3485,90.4334,0.00000,0.00000,0.00000,10.00000,1212.10677,0.00000,0.77778,0.00000,0.00000,0.87197,0.00000,0.00000,0.00000,0.00000,0.00000,0.40088,2.32931,1.46805,1.00000,1.00000,1.00000,1196.77775,-0.02806,-0.11812,0.30354,-0.02759,0.50826,0.87074,-0.07511,0.21996,-0.00964,-0.02998,0.19661,0.38538,0.37126,1.78169,1.96100,0.99524,0.99320,1.00000,0.85629,0.00000,0.18674,2.56082,2.08786,0.99048,0.98649,1.00000
327,0.1760,32243712,53814,0.01196,9.91e-05,0.3485,92.5578,0.00000,0.00000,0.00000,10.00000,1222.33416,0.00000,0.70407,0.00000,0.00000,0.86908,0.00000,0.00000,0.00000,0.00000,0.00000,0.39963,2.32054,1.39108,1.00000,1.00000,1.00000,1209.15902,-0.02823,-0.11931,0.30222,-0.02780,0.50554,0.86787,-0.07438,0.22064,-0.00997,-0.02995,0.19507,0.38311,0.37019,1.85119,1.65000,0.98515,0.97656,1.00000,0.85093,0.00000,0.18514,2.54412,2.34464,0.97030,0.95082,1.00000
328,0.1766,32342016,53121,0.01333,1.08e-04,0.3484,69.8770,0.00000,0.00000,0.00000,10.00000,1241.05405,0.00000,0.72562,0.00000,0.00000,0.86785,0.00000,0.00000,0.00000,0.00000,0.00000,0.39827,2.30930,1.40356,1.00000,1.00000,1.00000,1198.03979,-0.02827,-0.11828,0.30044,-0.02712,0.50440,0.86676,-0.07489,0.21947,-0.00986,-0.02997,0.19423,0.38071,0.36981,1.70198,1.87286,0.98980,0.98438,1.00000,0.84903,0.00000,0.18541,2.53141,2.02235,0.97959,0.96825,1.00000
329,0.1771,32440320,51645,0.01448,9.04e-05,0.3483,74.5119,0.00000,0.00000,0.00000,10.00000,1198.31602,0.00000,0.75000,0.00000,0.00000,0.86299,0.00000,0.00000,0.00000,0.00000,0.00000,0.39825,2.29519,1.56274,1.00000,1.00000,1.00000,1217.33724,-0.02838,-0.12013,0.29932,-0.02667,0.50165,0.86182,-0.07486,0.21909,-0.00982,-0.02987,0.19441,0.37924,0.36925,1.89758,1.97647,0.98500,0.97778,1.00000,0.84625,0.00000,0.18595,2.53297,2.21921,0.97000,0.95714,1.00000
330,0.1776,32538624,54028,0.01205,1.04e-04,0.3482,72.1922,0.00000,0.00000,0.00000,10.00000,1205.95214,0.00000,0.79532,0.00000,0.00000,0.86400,0.00000,0.00000,0.00000,0.00000,0.00000,0.39871,2.29286,1.60595,0.98947,0.98551,1.00000,1194.39795,-0.02824,-0.11797,0.30007,-0.02643,0.50227,0.86281,-0.07456,0.21912,-0.00873,-0.02988,0.19408,0.38069,0.36947,1.83208,1.60428,0.98421,0.97794,1.00000,0.84733,0.00000,0.18709,2.54946,2.05520,0.97895,0.97015,1.00000
331,0.1781,32636928,53631,0.01336,9.98e-05,0.3481,85.9929,0.00000,0.00000,0.00000,10.00000,1224.86011,0.00000,0.78401,0.00000,0.00000,0.86425,0.00000,0.00000,0.00000,0.00000,0.00000,0.39942,2.29340,1.49341,1.00000,1.00000,1.00000,1211.25643,-0.02818,-0.11961,0.29966,-0.02736,0.50276,0.86304,-0.07394,0.21857,-0.00747,-0.03002,0.19372,0.38101,0.36993,1.78362,1.71667,0.98598,0.98013,1.00000,0.84967,0.00000,0.18678,2.54525,2.11253,0.97196,0.95890,1.00000
332,0.1786,32735232,53876,0.01703,7.71e-05,0.3481,88.7503,0.00000,0.00000,0.00000,10.00000,1230.11618,0.00000,0.75717,0.00000,0.00000,0.86490,0.00000,0.00000,0.00000,0.00000,0.00000,0.39896,2.27913,1.48454,1.00000,1.00000,1.00000,1230.77319,-0.02824,-0.12142,0.29796,-0.02747,0.50305,0.86359,-0.07421,0.21625,-0.00899,-0.03053,0.19208,0.37908,0.37003,1.75593,1.92000,0.98387,0.97633,1.00000,0.85016,0.00000,0.18812,2.52519,2.02427,0.96774,0.95402,1.00000
333,0.1792,32833536,53607,0.01405,6.42e-05,0.3480,91.8482,0.00000,0.00000,0.00000,10.00000,1222.42626,0.00000,0.75531,0.00000,0.00000,0.86358,0.00000,0.00000,0.00000,0.00000,0.00000,0.39948,2.27039,1.49582,0.98876,1.00000,1.00000,1202.24919,-0.02824,-0.11870,0.29704,-0.02733,0.50187,0.86235,-0.07373,0.21551,-0.00946,-0.02992,0.19083,0.37776,0.36921,1.77636,2.06286,0.97753,0.97521,1.00000,0.84606,0.00000,0.18772,2.51959,2.06554,0.96629,0.95082,1.00000
334,0.1797,32931840,53337,0.01143,9.98e-05,0.3479,82.2977,0.00000,0.00000,0.00000,10.00000,1247.77659,0.00000,0.79435,0.00000,0.00000,0.85876,0.00000,0.00000,0.00000,0.00000,0.00000,0.39892,2.27390,1.38944,0.99123,0.98824,1.00000,1227.99569,-0.02815,-0.12115,0.29698,-0.02707,0.49873,0.85753,-0.07369,0.21773,-0.01012,-0.03008,0.19166,0.37769,0.36888,1.75686,1.64667,0.99561,0.99387,1.00000,0.84441,0.00000,0.18604,2.52393,2.15084,1.00000,1.00000,1.00000
335,0.1802,33030144,52722,0.01411,1.06e-04,0.3478,96.8470,0.00000,0.00000,0.00000,10.00000,1215.69405,0.00000,0.67568,0.00000,0.00000,0.86128,0.00000,0.00000,0.00000,0.00000,0.00000,0.40009,2.29279,1.39321,1.00000,1.00000,1.00000,1235.61792,-0.02797,-0.12192,0.29973,-0.02853,0.50005,0.86005,-0.07431,0.21790,-0.00832,-0.02993,0.19268,0.38143,0.36922,1.80857,1.63765,0.97973,0.97778,0.94444,0.84611,0.00000,0.18682,2.54178,2.23192,0.95946,0.95652,0.88889
336,0.1807,33128448,51854,0.01372,8.26e-05,0.3478,85.5715,0.00000,0.00000,0.00000,10.00000,1235.19321,0.00000,0.72409,0.00000,0.00000,0.86507,0.00000,0.00000,0.00000,0.00000,0.00000,0.39957,2.31895,1.48387,1.00000,1.00000,1.00000,1226.24658,-0.02768,-0.12107,0.30397,-0.02802,0.50302,0.86385,-0.07406,0.22162,-0.00911,-0.03025,0.19506,0.38580,0.36964,1.95752,1.93538,0.99438,0.99138,1.00000,0.84820,0.00000,0.18589,2.57495,2.39582,0.98876,0.98333,1.00000
337,0.1813,33226752,51755,0.01398,8.54e-05,0.3477,67.8710,0.00000,0.00000,0.00000,10.00000,1258.22509,0.00000,0.68627,0.00000,0.00000,0.86761,0.00000,0.00000,0.00000,0.00000,0.00000,0.39974,2.32921,1.45552,1.00000,1.00000,1.00000,1226.50879,-0.02784,-0.12113,0.30399,-0.02726,0.50550,0.86633,-0.07430,0.22176,-0.00858,-0.02990,0.19657,0.38621,0.37056,1.72016,1.75667,1.00000,1.00000,1.00000,0.85282,0.00000,0.18554,2.57373,1.95631,1.00000,1.00000,1.00000
338,0.1818,33325056,49906,0.01038,1.14e-04,0.3476,84.7393,0.00000,0.00000,0.00000,10.00000,1227.10076,0.00000,0.77882,0.00000,0.00000,0.87199,0.00000,0.00000,0.00000,0.00000,0.00000,0.39818,2.34457,1.48988,1.00000,1.00000,1.00000,1232.88590,-0.02769,-0.12176,0.30532,-0.02759,0.50712,0.87077,-0.07401,0.22311,-0.00942,-0.03018,0.19697,0.38747,0.37109,1.81197,2.01778,0.99065,0.98667,1.00000,0.85544,0.00000,0.18524,2.58117,2.15526,0.98131,0.97297,1.00000
339,0.1824,33423360,48958,0.01305,1.08e-04,0.3475,71.3016,0.00000,0.00000,0.00000,10.00000,1221.18736,0.00000,0.66964,0.00000,0.00000,0.87664,0.00000,0.00000,0.00000,0.00000,0.00000,0.39857,2.34714,1.61164,0.99107,0.98387,1.00000,1201.03402,-0.02779,-0.11865,0.30538,-0.02777,0.51025,0.87542,-0.07431,0.22213,-0.00793,-0.03018,0.19742,0.38750,0.37215,1.81806,1.68625,0.99107,0.98519,1.00000,0.86074,0.00000,0.18681,2.57503,2.00767,0.99107,0.98630,1.00000
340,0.1830,33521664,47181,0.01447,1.11e-04,0.3474,74.3483,0.00000,0.00000,0.00000,10.00000,1185.63451,0.00000,0.74807,0.00000,0.00000,0.87511,0.00000,0.00000,0.00000,0.00000,0.00000,0.39764,2.34576,1.40575,0.98020,0.97015,1.00000,1195.53743,-0.02779,-0.11800,0.30618,-0.02796,0.50986,0.87380,-0.07372,0.22434,-0.00949,-0.02993,0.19710,0.38848,0.37166,1.80606,2.00769,0.95050,0.92647,1.00000,0.85829,0.00000,0.18562,2.57934,2.22956,0.92079,0.88406,1.00000
341,0.1836,33619968,47698,0.01367,1.49e-04,0.3473,87.4384,0.00000,0.00000,0.00000,10.00000,1216.91615,0.00000,0.77008,0.00000,0.00000,0.87139,0.00000,0.00000,0.00000,0.00000,0.00000,0.39737,2.32615,1.52342,1.00000,1.00000,1.00000,1188.44222,-0.02790,-0.11730,0.30369,-0.02706,0.50830,0.87016,-0.07350,0.22434,-0.00934,-0.02983,0.19714,0.38523,0.37108,1.85048,1.64667,0.99010,0.98571,1.00000,0.85540,0.00000,0.18458,2.57189,2.20056,0.98020,0.97101,1.00000
342,0.1841,33718272,48141,0.01817,7.95e-05,0.3472,72.3487,0.00000,0.00000,0.00000,10.00000,1227.15321,0.00000,0.79630,0.00000,0.00000,0.86785,0.00000,0.00000,0.00000,0.00000,0.00000,0.39640,2.31874,1.45672,1.00000,1.00000,1.00000,1180.74699,-0.02803,-0.11667,0.30210,-0.02658,0.50531,0.86667,-0.07422,0.22459,-0.00923,-0.02955,0.19689,0.38361,0.37017,1.72832,1.62444,0.99444,0.99225,1.00000,0.85087,0.00000,0.18410,2.57123,1.98828,0.98889,0.98507,1.00000
343,0.1847,33816576,49656,0.01171,1.10e-04,0.3471,68.8345,0.00000,0.00000,0.00000,10.00000,1265.29948,0.00000,0.68587,0.00000,0.00000,0.86399,0.00000,0.00000,0.00000,0.00000,0.00000,0.39618,2.32482,1.48571,1.00000,1.00000,1.00000,1191.16659,-0.02793,-0.11759,0.30306,-0.02648,0.50265,0.86295,-0.07512,0.22519,-0.00947,-0.02933,0.19744,0.38424,0.36945,1.75894,1.84769,1.00000,1.00000,1.00000,0.84724,0.00000,0.18353,2.57192,2.10320,1.00000,1.00000,1.00000
344,0.1853,33914880,49857,0.01352,1.30e-04,0.3470,79.8379,0.00000,0.00000,0.00000,10.00000,1221.60417,0.00000,0.79821,0.00000,0.00000,0.86756,0.00000,0.00000,0.00000,0.00000,0.00000,0.39589,2.34164,1.49194,1.00000,1.00000,1.00000,1212.14445,-0.02777,-0.11964,0.30486,-0.02637,0.50401,0.86648,-0.07509,0.22748,-0.00910,-0.02953,0.19873,0.38630,0.37018,1.71444,1.94889,0.99425,0.99200,1.00000,0.85088,0.00000,0.18337,2.59139,1.94030,0.98851,0.98413,1.00000
345,0.1858,34013184,47221,0.01258,1.71e-04,0.3469,73.1033,0.00000,0.00000,0.00000,10.00000,1198.90571,0.00000,0.83058,0.00000,0.00000,0.87432,0.00000,0.00000,0.00000,0.00000,0.00000,0.39634,2.33634,1.52025,0.99010,0.98630,1.00000,1182.55957,-0.02775,-0.11685,0.30491,-0.02674,0.50785,0.87320,-0.07505,0.22571,-0.00815,-0.02971,0.19817,0.38676,0.37105,1.77568,1.75077,0.98515,0.98675,0.92857,0.85525,0.00000,0.18565,2.59008,2.01879,0.98020,0.98718,0.85714
346,0.1864,34111488,47369,0.01558,1.30e-04,0.3468,64.5369,0.00000,0.00000,0.00000,10.00000,1204.52455,0.00000,0.77664,0.00000,0.00000,0.87434,0.00000,0.00000,0.00000,0.00000,0.00000,0.39670,2.33266,1.46296,0.98980,0.98630,1.00000,1184.45117,-0.02762,-0.11699,0.30564,-0.02732,0.50926,0.87320,-0.07471,0.22929,-0.00911,-0.02961,0.19999,0.38824,0.37154,1.81761,1.62625,0.97959,0.97080,1.00000,0.85771,0.00000,0.18452,2.61122,2.22800,0.96939,0.95312,1.00000
347,0.1870,34209792,47490,0.01340,1.69e-04,0.3466,70.3228,0.00000,0.00000,0.00000,10.00000,1218.46990,0.00000,0.70846,0.00000,0.00000,0.87363,0.00000,0.00000,0.00000,0.00000,0.00000,0.39699,2.32659,1.55536,1.00000,1.00000,1.00000,1187.69352,-0.02782,-0.11722,0.30386,-0.02682,0.50897,0.87253,-0.07426,0.22641,-0.01044,-0.02978,0.19833,0.38633,0.37143,1.96167,1.94000,0.98165,0.97122,1.00000,0.85717,0.00000,0.18492,2.58601,2.41189,0.96330,0.94030,1.00000
348,0.1876,34308096,47917,0.01414,1.47e-04,0.3465,101.8620,0.00000,0.00000,0.00000,10.00000,1195.17150,0.00000,0.81985,0.00000,0.00000,0.87056,0.00000,0.00000,0.00000,0.00000,0.00000,0.39665,2.31809,1.46385,1.00000,1.00000,1.00000,1191.01611,-0.02780,-0.11755,0.30295,-0.02715,0.50735,0.86942,-0.07370,0.22528,-0.00918,-0.02976,0.19741,0.38507,0.37044,1.78687,1.65200,0.99029,0.98684,1.00000,0.85218,0.00000,0.18559,2.57802,2.10988,0.98058,0.97368,1.00000
349,0.1882,34406400,48807,0.01315,1.77e-04,0.3464,78.4149,0.00000,0.00000,0.00000,10.00000,1236.89023,0.00000,0.77098,0.00000,0.00000,0.86802,0.00000,0.00000,0.00000,0.00000,0.00000,0.39646,2.30062,1.48553,1.00000,1.00000,1.00000,1194.83040,-0.02800,-0.11790,0.30080,-0.02640,0.50478,0.86686,-0.07439,0.22414,-0.00910,-0.02961,0.19607,0.38192,0.37006,1.74200,1.69333,0.98980,0.98529,1.00000,0.85032,0.00000,0.18601,2.56311,2.00540,0.97959,0.97101,1.00000
350,0.1888,34504704,47105,0.01296,1.43e-04,0.3463,75.8388,0.00000,0.00000,0.00000,10.00000,1214.01334,0.00000,0.79125,0.00000,0.00000,0.86442,0.00000,0.00000,0.00000,0.00000,0.00000,0.39639,2.29870,1.36700,1.00000,1.00000,1.00000,1208.54541,-0.02821,-0.11924,0.29986,-0.02687,0.50208,0.86329,-0.07416,0.22203,-0.00857,-0.02959,0.19495,0.38050,0.36961,1.77809,1.92875,1.00000,1.00000,1.00000,0.84806,0.00000,0.18628,2.54651,2.20519,1.00000,1.00000,1.00000
351,0.1894,34603008,47449,0.01503,1.31e-04,0.3462,71.5672,0.00000,0.00000,0.00000,10.00000,1203.44873,0.00000,0.75810,0.00000,0.00000,0.86393,0.00000,0.00000,0.00000,0.00000,0.00000,0.39723,2.30770,1.57233,0.98958,1.00000,0.88889,1207.79150,-0.02814,-0.11913,0.30083,-0.02684,0.50206,0.86270,-0.07385,0.22199,-0.01013,-0.02946,0.19540,0.38175,0.36956,1.78028,1.70375,0.97396,0.96947,0.94118,0.84778,0.00000,0.18606,2.54819,1.99408,0.95833,0.93939,1.00000
352,0.1899,34701312,48324,0.01379,1.08e-04,0.3461,73.5764,0.00000,0.00000,0.00000,10.00000,1218.86645,0.00000,0.70755,0.00000,0.00000,0.86610,0.00000,0.00000,0.00000,0.00000,0.00000,0.39665,2.30588,1.58410,0.99057,0.98649,1.00000,1204.38989,-0.02810,-0.11887,0.29990,-0.02694,0.50313,0.86495,-0.07438,0.22174,-0.00899,-0.02956,0.19543,0.38174,0.37023,1.79856,2.04091,0.98113,0.97037,1.00000,0.85116,0.00000,0.18715,2.55120,2.05286,0.97170,0.95082,1.00000
353,0.1905,34799616,49959,0.01422,9.04e-05,0.3460,91.5758,0.00000,0.00000,0.00000,10.00000,1221.05253,0.00000,0.78303,0.00000,0.00000,0.86755,0.00000,0.00000,0.00000,0.00000,0.00000,0.39571,2.29171,1.60885,1.00000,1.00000,1.00000,1194.24837,-0.02819,-0.11791,0.29819,-0.02665,0.50552,0.86647,-0.07406,0.21973,-0.01013,-0.02985,0.19355,0.37936,0.37059,1.78152,1.85789,0.99606,0.99441,1.00000,0.85294,0.00000,0.18827,2.52914,1.97462,0.99213,0.98810,1.00000
354,0.1910,34897920,51882,0.01295,1.20e-04,0.3459,84.5247,0.00000,0.00000,0.00000,10.00000,1209.65398,0.00000,0.76873,0.00000,0.00000,0.86370,0.00000,0.00000,0.00000,0.00000,0.00000,0.39559,2.30350,1.45226,1.00000,1.00000,1.00000,1202.76074,-0.02836,-0.11871,0.29852,-0.02705,0.50341,0.86262,-0.07392,0.21916,-0.00981,-0.02933,0.19425,0.37926,0.36963,1.73024,1.77143,0.97674,0.97479,0.87500,0.84814,0.00000,0.18736,2.51599,2.01279,0.95349,0.95082,0.75000
355,0.1916,34996224,49842,0.01921,8.17e-05,0.3459,78.1523,0.00000,0.00000,0.00000,10.00000,1258.41572,0.00000,0.75321,0.00000,0.00000,0.86024,0.00000,0.00000,0.00000,0.00000,0.00000,0.39508,2.29715,1.52475,1.00000,1.00000,1.00000,1209.87459,-0.02828,-0.11929,0.29768,-0.02600,0.49992,0.85921,-0.07431,0.22028,-0.00962,-0.02955,0.19392,0.37751,0.36892,1.71641,1.56286,0.98558,0.97872,1.00000,0.84461,0.00000,0.18610,2.51951,1.95231,0.97115,0.95385,1.00000
356,0.1921,35094528,52214,0.01498,5.35e-05,0.3458,78.9241,0.00000,0.00000,0.00000,10.00000,1237.26282,0.00000,0.71225,0.00000,0.00000,0.86243,0.00000,0.00000,0.00000,0.00000,0.00000,0.39537,2.30381,1.40413,1.00000,1.00000,1.00000,1191.95768,-0.02818,-0.11778,0.29996,-0.02667,0.50061,0.86134,-0.07467,0.22123,-0.00851,-0.02921,0.19489,0.38040,0.36929,1.74803,1.85889,0.99359,0.99000,1.00000,0.84643,0.00000,0.18799,2.54458,2.14926,0.98718,0.97959,1.00000
357,0.1927,35192832,51399,0.00731,9.25e-05,0.3458,84.7788,0.00000,0.00000,0.00000,10.00000,1226.29811,0.00000,0.75358,0.00000,0.00000,0.86436,0.00000,0.00000,0.00000,0.00000,0.00000,0.39533,2.32921,1.45857,0.98020,0.96923,1.00000,1204.16634,-0.02788,-0.11889,0.30324,-0.02660,0.50262,0.86327,-0.07406,0.22357,-0.00948,-0.02944,0.19676,0.38419,0.36968,1.76200,1.94000,0.98020,0.97080,1.00000,0.84841,0.00000,0.18732,2.56252,2.02750,0.98020,0.97222,1.00000
358,0.1932,35291136,48260,0.01293,1.20e-04,0.3457,82.0431,0.00000,0.00000,0.00000,10.00000,1208.68713,0.00000,0.70106,0.00000,0.00000,0.86857,0.00000,0.00000,0.00000,0.00000,0.00000,0.39541,2.33327,1.45672,1.00000,1.00000,1.00000,1214.21655,-0.02795,-0.11987,0.30490,-0.02647,0.50528,0.86756,-0.07469,0.22574,-0.00974,-0.02932,0.19840,0.38620,0.37067,1.89104,1.90000,0.98810,0.99057,0.95238,0.85335,0.00000,0.18726,2.59043,2.30500,0.97619,0.98182,0.90909
359,0.1938,35389440,47866,0.01504,1.11e-04,0.3455,69.9803,0.00000,0.00000,0.00000,10.00000,1223.30143,0.00000,0.76052,0.00000,0.00000,0.87147,0.00000,0.00000,0.00000,0.00000,0.00000,0.39478,2.33869,1.57117,0.99029,0.98551,1.00000,1208.63883,-0.02782,-0.11932,0.30504,-0.02666,0.50759,0.87041,-0.07447,0.22701,-0.01057,-0.02966,0.19884,0.38680,0.37123,1.78513,1.87412,0.98544,0.98582,0.94444,0.85615,0.00000,0.18676,2.59324,1.99367,0.98058,0.98611,0.88889
360,0.1944,35487744,47855,0.01283,1.10e-04,0.3454,76.2958,0.00000,0.00000,0.00000,10.00000,1215.79345,0.00000,0.72487,0.00000,0.00000,0.87322,0.00000,0.00000,0.00000,0.00000,0.00000,0.39445,2.32577,1.56536,0.99048,1.00000,0.93333,1218.76579,-0.02791,-0.12025,0.30353,-0.02667,0.50972,0.87216,-0.07404,0.22575,-0.01011,-0.02971,0.19817,0.38569,0.37201,1.83962,1.37200,0.98571,0.98540,0.96000,0.86005,0.00000,0.18739,2.58062,2.12795,0.98095,0.97143,1.00000
361,0.1950,35586048,49386,0.01366,1.32e-04,0.3452,76.9915,0.00000,0.00000,0.00000,10.00000,1248.07315,0.00000,0.75221,0.00000,0.00000,0.87292,0.00000,0.00000,0.00000,0.00000,0.00000,0.39434,2.32835,1.48396,0.99115,0.98780,1.00000,1218.49658,-0.02787,-0.12015,0.30356,-0.02689,0.50884,0.87186,-0.07392,0.22577,-0.01014,-0.02958,0.19736,0.38590,0.37153,1.78194,1.83286,0.98673,0.98039,1.00000,0.85766,0.00000,0.18763,2.58408,2.14838,0.98230,0.97183,1.00000
362,0.1955,35684352,48601,0.01499,1.23e-04,0.3452,90.8246,0.00000,0.00000,0.00000,10.00000,1195.88409,0.00000,0.81522,0.00000,0.00000,0.86997,0.00000,0.00000,0.00000,0.00000,0.00000,0.39438,2.31129,1.45778,0.97826,0.97015,1.00000,1198.88485,-0.02789,-0.11825,0.30219,-0.02713,0.50714,0.86893,-0.07346,0.22619,-0.00915,-0.02958,0.19640,0.38444,0.37081,1.67338,1.57077,0.97283,0.96296,1.00000,0.85406,0.00000,0.18692,2.57896,1.88603,0.96739,0.95588,1.00000
363,0.1961,35782656,50207,0.01554,9.04e-05,0.3451,67.7369,0.00000,0.00000,0.00000,10.00000,1223.10272,0.00000,0.76389,0.00000,0.00000,0.86801,0.00000,0.00000,0.00000,0.00000,0.00000,0.39405,2.31921,1.55582,1.00000,1.00000,1.00000,1195.91764,-0.02784,-0.11810,0.30268,-0.02697,0.50597,0.86694,-0.07352,0.22761,-0.00880,-0.02925,0.19701,0.38445,0.37039,1.82269,1.77714,0.99432,0.99174,1.00000,0.85195,0.00000,0.18525,2.58254,2.08955,0.98864,0.98361,1.00000
364,0.1967,35880960,48152,0.01702,8.84e-05,0.3450,69.0519,0.00000,0.00000,0.00000,10.00000,1224.36179,0.00000,0.78875,0.00000,0.00000,0.86942,0.00000,0.00000,0.00000,0.00000,0.00000,0.39442,2.34763,1.53529,1.00000,1.00000,1.00000,1188.25114,-0.02770,-0.11729,0.30633,-0.02675,0.50692,0.86833,-0.07346,0.22885,-0.00863,-0.02913,0.19924,0.38830,0.37063,1.75645,1.61000,0.98148,0.97391,1.00000,0.85317,0.00000,0.18534,2.60495,2.02500,0.96296,0.94340,1.00000
365,0.1972,35979264,50041,0.01373,6.93e-05,0.3450,73.2554,0.00000,0.00000,0.00000,10.00000,1225.66728,0.00000,0.75029,0.00000,0.00000,0.87017,0.00000,0.00000,0.00000,0.00000,0.00000,0.39493,2.36230,1.48347,0.98969,1.00000,0.88889,1200.42131,-0.02762,-0.11851,0.30765,-0.02681,0.50677,0.86915,-0.07327,0.23007,-0.00913,-0.02924,0.20122,0.39019,0.37064,1.73082,1.84750,0.98969,0.99237,0.94118,0.85322,0.00000,0.18506,2.61293,1.99211,0.98969,0.98438,1.00000
366,0.1978,36077568,48877,0.01209,9.98e-05,0.3448,85.6747,0.00000,0.00000,0.00000,10.00000,1222.79041,0.00000,0.83632,0.00000,0.00000,0.87477,0.00000,0.00000,0.00000,0.00000,0.00000,0.39457,2.35442,1.47457,1.00000,1.00000,1.00000,1180.43953,-0.02767,-0.11667,0.30676,-0.02689,0.50999,0.87377,-0.07303,0.23042,-0.00869,-0.02934,0.19947,0.38837,0.37145,1.74230,1.48444,0.99462,0.99286,1.00000,0.85724,0.00000,0.18314,2.60488,2.06597,0.98925,0.98438,1.00000
367,0.1983,36175872,48797,0.01544,6.28e-05,0.3447,80.0529,0.00000,0.00000,0.00000,10.00000,1227.36793,0.00000,0.77778,0.00000,0.00000,0.87401,0.00000,0.00000,0.00000,0.00000,0.00000,0.39508,2.36435,1.48650,0.99048,1.00000,0.90000,1212.44165,-0.02766,-0.11972,0.30770,-0.02726,0.50865,0.87294,-0.07280,0.22940,-0.00873,-0.02959,0.20061,0.38971,0.37095,1.77183,1.97294,0.99524,1.00000,0.94444,0.85475,0.00000,0.18427,2.60178,2.04357,1.00000,1.00000,1.00000
368,0.1989,36274176,49186,0.01240,7.20e-05,0.3446,81.6135,0.00000,0.00000,0.00000,10.00000,1229.08742,0.00000,0.73333,0.00000,0.00000,0.87498,0.00000,0.00000,0.00000,0.00000,0.00000,0.39599,2.36046,1.60732,1.00000,1.00000,1.00000,1192.16772,-0.02767,-0.11774,0.30612,-0.02730,0.50998,0.87395,-0.07276,0.22613,-0.00941,-0.02959,0.20025,0.38859,0.37143,1.87021,1.61077,0.99000,0.98485,1.00000,0.85716,0.00000,0.18517,2.58496,2.12944,0.98000,0.97015,1.00000
369,0.1995,36372480,47441,0.01039,1.11e-04,0.3445,78.1446,0.00000,0.00000,0.00000,10.00000,1224.95884,0.00000,0.83829,0.00000,0.00000,0.87510,0.00000,0.00000,0.00000,0.00000,0.00000,0.39519,2.35403,1.45091,1.00000,1.00000,1.00000,1179.13062,-0.02774,-0.11646,0.30578,-0.02732,0.50978,0.87410,-0.07272,0.22648,-0.00914,-0.02956,0.19982,0.38810,0.37127,1.71825,1.72143,1.00000,1.00000,1.00000,0.85633,0.00000,0.18600,2.58414,1.96589,1.00000,1.00000,1.00000
370,0.2001,36470784,47772,0.01489,9.98e-05,0.3443,78.4826,0.00000,0.00000,0.00000,10.00000,1216.17400,0.00000,0.76691,0.00000,0.00000,0.87284,0.00000,0.00000,0.00000,0.00000,0.00000,0.39466,2.33644,1.53763,1.00000,1.00000,1.00000,1183.86450,-0.02783,-0.11681,0.30426,-0.02705,0.50789,0.87179,-0.07318,0.22803,-0.01012,-0.02915,0.19857,0.38600,0.37076,1.85361,1.85667,0.99457,0.99213,1.00000,0.85378,0.00000,0.18475,2.58579,2.20676,0.98913,0.98333,1.00000
371,0.2007,36569088,47602,0.01361,9.91e-05,0.3442,87.7545,0.00000,0.00000,0.00000,10.00000,1227.06907,0.00000,0.76458,0.00000,0.00000,0.87035,0.00000,0.00000,0.00000,0.00000,0.00000,0.39441,2.33250,1.56177,1.00000,1.00000,1.00000,1176.28304,-0.02782,-0.11616,0.30463,-0.02732,0.50701,0.86923,-0.07301,0.22914,-0.00876,-0.02920,0.19918,0.38711,0.37089,1.81863,1.83909,1.00000,1.00000,1.00000,0.85443,0.00000,0.18501,2.59962,2.06610,1.00000,1.00000,1.00000
372,0.2012,36667392,49055,0.01277,1.22e-04,0.3440,79.9707,0.00000,0.00000,0.00000,10.00000,1225.15238,0.00000,0.76880,0.00000,0.00000,0.86963,0.00000,0.00000,0.00000,0.00000,0.00000,0.39374,2.32609,1.56304,1.00000,1.00000,1.00000,1219.17163,-0.02784,-0.12024,0.30374,-0.02675,0.50673,0.86856,-0.07293,0.22931,-0.01141,-0.02945,0.19890,0.38590,0.37109,1.85722,1.90667,0.98990,0.99270,0.93750,0.85547,0.00000,0.18484,2.59233,2.18000,0.97980,0.98507,0.85714
373,0.2018,36765696,51806,0.01271,1.37e-04,0.3439,95.2105,0.00000,0.00000,0.00000,10.00000,1249.85346,0.00000,0.76577,0.00000,0.00000,0.87326,0.00000,0.00000,0.00000,0.00000,0.00000,0.39304,2.32235,1.48046,0.99099,0.98734,1.00000,1207.56730,-0.02775,-0.11918,0.30283,-0.02670,0.50784,0.87216,-0.07294,0.22926,-0.00875,-0.02954,0.19709,0.38458,0.37145,1.76703,1.56769,0.98649,0.98039,1.00000,0.85727,0.00000,0.18483,2.59418,2.07899,0.98198,0.97297,1.00000
374,0.2023,36864000,51583,0.01364,1.08e-04,0.3437,102.4696,0.00000,0.00000,0.00000,10.00000,1207.39682,0.00000,0.81418,0.00000,0.00000,0.87315,0.00000,0.00000,0.00000,0.00000,0.00000,0.39326,2.31295,1.52152,0.99138,0.98824,1.00000,1210.80192,-0.02783,-0.11952,0.30218,-0.02748,0.50873,0.87194,-0.07207,0.22668,-0.00889,-0.02982,0.19553,0.38375,0.37125,1.84489,2.04000,0.98707,0.98235,1.00000,0.85624,0.00000,0.18658,2.57231,2.16826,0.98276,0.97647,1.00000
375,0.2029,36962304,48530,0.01420,1.02e-04,0.3436,72.7236,0.00000,0.00000,0.00000,10.00000,1206.55679,0.00000,0.85518,0.00000,0.00000,0.86934,0.00000,0.00000,0.00000,0.00000,0.00000,0.39244,2.30100,1.52289,1.00000,1.00000,1.00000,1202.48625,-0.02772,-0.11865,0.30173,-0.02702,0.50656,0.86823,-0.07193,0.22918,-0.00925,-0.02953,0.19592,0.38357,0.37077,1.74869,2.08200,0.98876,0.98540,1.00000,0.85383,0.00000,0.18551,2.58789,1.99739,0.97753,0.96970,1.00000
376,0.2034,37060608,50830,0.01173,1.47e-04,0.3434,89.8267,0.00000,0.00000,0.00000,10.00000,1229.32170,0.00000,0.80858,0.00000,0.00000,0.86645,0.00000,0.00000,0.00000,0.00000,0.00000,0.39185,2.29919,1.56458,1.00000,1.00000,1.00000,1212.79557,-0.02770,-0.11968,0.30125,-0.02636,0.50485,0.86534,-0.07230,0.23048,-0.00928,-0.02946,0.19597,0.38249,0.37069,1.78477,1.62667,0.99505,0.99320,1.00000,0.85347,0.00000,0.18421,2.58870,2.03861,0.99010,0.98551,1.00000
377,0.2040,37158912,49998,0.01405,9.91e-05,0.3433,76.9765,0.00000,0.00000,0.00000,10.00000,1217.00958,0.00000,0.71111,0.00000,0.00000,0.86803,0.00000,0.00000,0.00000,0.00000,0.00000,0.39258,2.33061,1.47259,1.00000,1.00000,1.00000,1198.11019,-0.02743,-0.11820,0.30544,-0.02721,0.50631,0.86690,-0.07231,0.23284,-0.00819,-0.02910,0.19749,0.38792,0.37107,1.89730,2.06125,0.98667,0.97917,1.00000,0.85537,0.00000,0.18378,2.61696,2.29965,0.97333,0.95918,1.00000
378,0.2045,37257216,49929,0.01316,1.10e-04,0.3432,70.3211,0.00000,0.00000,0.00000,10.00000,1241.63393,0.00000,0.73545,0.00000,0.00000,0.86858,0.00000,0.00000,0.00000,0.00000,0.00000,0.39270,2.33703,1.43905,1.00000,1.00000,1.00000,1186.43140,-0.02759,-0.11723,0.30506,-0.02623,0.50655,0.86742,-0.07275,0.23294,-0.00826,-0.02913,0.19910,0.38695,0.37135,1.74981,1.57600,0.99048,0.98561,1.00000,0.85675,0.00000,0.18181,2.61284,2.10740,0.98095,0.96923,1.00000
379,0.2051,37355520,48650,0.01270,1.43e-04,0.3431,87.2047,0.00000,0.00000,0.00000,10.00000,1236.48712,0.00000,0.74481,0.00000,0.00000,0.87261,0.00000,0.00000,0.00000,0.00000,0.00000,0.39299,2.35814,1.56595,1.00000,1.00000,1.00000,1196.83341,-0.02735,-0.11821,0.30710,-0.02690,0.50866,0.87147,-0.07293,0.23319,-0.00800,-0.02921,0.19973,0.38955,0.37170,1.86147,1.66750,0.98352,0.97541,1.00000,0.85852,0.00000,0.18232,2.62071,2.21419,0.96703,0.94643,1.00000
380,0.2057,37453824,48431,0.01633,1.30e-04,0.3430,80.0913,0.00000,0.00000,0.00000,10.00000,1229.55055,0.00000,0.76667,0.00000,0.00000,0.87840,0.00000,0.00000,0.00000,0.00000,0.00000,0.39276,2.37462,1.63333,1.00000,1.00000,1.00000,1202.56673,-0.02729,-0.11870,0.30824,-0.02702,0.51183,0.87730,-0.07280,0.23408,-0.00982,-0.02935,0.20053,0.39084,0.37252,1.86253,2.44500,0.99500,1.00000,0.92308,0.86258,0.00000,0.18108,2.61802,2.09173,0.99000,1.00000,0.87500
381,0.2062,37552128,48117,0.01524,1.23e-04,0.3429,77.6039,0.00000,0.00000,0.00000,10.00000,1221.49302,0.00000,0.71197,0.00000,0.00000,0.87990,0.00000,0.00000,0.00000,0.00000,0.00000,0.39208,2.36785,1.50368,0.99029,0.98413,1.00000,1167.28011,-0.02735,-0.11529,0.30827,-0.02680,0.51321,0.87880,-0.07219,0.23363,-0.00765,-0.02924,0.20084,0.39049,0.37298,1.85312,1.77000,0.99515,0.99242,1.00000,0.86491,0.00000,0.18245,2.62450,2.16928,1.00000,1.00000,1.00000
382,0.2068,37650432,47694,0.01270,1.19e-04,0.3429,71.5283,0.00000,0.00000,0.00000,10.00000,1223.85224,0.00000,0.73276,0.00000,0.00000,0.87656,0.00000,0.00000,0.00000,0.00000,0.00000,0.39254,2.35453,1.44395,0.99138,0.98701,1.00000,1157.56169,-0.02752,-0.11420,0.30642,-0.02661,0.51141,0.87550,-0.07240,0.23240,-0.00907,-0.02937,0.19986,0.38854,0.37192,1.75353,1.77524,0.98276,0.97386,1.00000,0.85961,0.00000,0.18206,2.60583,2.07047,0.97414,0.96053,1.00000
383,0.2074,37748736,47144,0.01361,1.56e-04,0.3428,85.2768,0.00000,0.00000,0.00000,10.00000,1220.46789,0.00000,0.87302,0.00000,0.00000,0.87030,0.00000,0.00000,0.00000,0.00000,0.00000,0.39249,2.34155,1.52447,1.00000,1.00000,1.00000,1154.52897,-0.02770,-0.11401,0.30367,-0.02592,0.50840,0.86926,-0.07220,0.23084,-0.00927,-0.02891,0.19919,0.38490,0.37125,1.75103,1.57333,0.99451,0.99301,1.00000,0.85627,0.00000,0.18097,2.58336,2.00058,0.98901,0.98551,1.00000
384,0.2080,37847040,48345,0.01381,1.56e-04,0.3426,91.2363,0.00000,0.00000,0.00000,10.00000,1210.64778,0.00000,0.78983,0.00000,0.00000,0.86589,0.00000,0.00000,0.00000,0.00000,0.00000,0.39179,2.34015,1.48667,0.98795,1.00000,0.88889,1173.67293,-0.02761,-0.11592,0.30444,-0.02606,0.50505,0.86492,-0.07309,0.23209,-0.00733,-0.02882,0.19888,0.38588,0.37050,1.82492,2.20125,0.99398,1.00000,0.94118,0.85248,0.00000,0.18250,2.59904,2.15323,1.00000,1.00000,1.00000
385,0.2085,37945344,49706,0.01765,1.19e-04,0.3425,71.1407,0.00000,0.00000,0.00000,10.00000,1245.43650,0.00000,0.74074,0.00000,0.00000,0.86600,0.00000,0.00000,0.00000,0.00000,0.00000,0.39260,2.35509,1.48982,1.00000,1.00000,1.00000,1195.55868,-0.02748,-0.11798,0.30690,-0.02584,0.50518,0.86500,-0.07405,0.23390,-0.00855,-0.02879,0.20139,0.38850,0.37055,1.71487,1.64667,1.00000,1.00000,1.00000,0.85276,0.00000,0.18145,2.61803,1.92827,1.00000,1.00000,1.00000
386,0.2091,38043648,48395,0.01496,1.20e-04,0.3424,90.0733,0.00000,0.00000,0.00000,10.00000,1238.69223,0.00000,0.75433,0.00000,0.00000,0.87464,0.00000,0.00000,0.00000,0.00000,0.00000,0.39370,2.38292,1.39517,1.00000,1.00000,1.00000,1185.89372,-0.02723,-0.11715,0.30967,-0.02631,0.51036,0.87355,-0.07370,0.23389,-0.00802,-0.02904,0.20339,0.39230,0.37206,1.76687,1.74444,0.99083,0.98649,1.00000,0.86032,0.00000,0.18237,2.64160,2.17620,0.98165,0.97143,1.00000
387,0.2097,38141952,49971,0.01358,1.44e-04,0.3423,78.1424,0.00000,0.00000,0.00000,10.00000,1259.03302,0.00000,0.76720,0.00000,0.00000,0.88305,0.00000,0.00000,0.00000,0.00000,0.00000,0.39350,2.38535,1.44418,1.00000,1.00000,1.00000,1154.93571,-0.02715,-0.11401,0.31080,-0.02677,0.51607,0.88195,-0.07272,0.23410,-0.00799,-0.02909,0.20400,0.39463,0.37316,1.64145,1.58667,0.99405,0.99138,1.00000,0.86581,0.00000,0.18450,2.65162,1.87333,0.98810,0.98148,1.00000
388,0.2103,38240256,47273,0.01768,9.76e-05,0.3422,67.6935,0.00000,0.00000,0.00000,10.00000,1245.54588,0.00000,0.70202,0.00000,0.00000,0.88234,0.00000,0.00000,0.00000,0.00000,0.00000,0.39276,2.37686,1.58850,1.00000,1.00000,1.00000,1141.87305,-0.02719,-0.11279,0.31000,-0.02659,0.51582,0.88117,-0.07244,0.23608,-0.00773,-0.02912,0.20362,0.39329,0.37317,1.87532,1.78700,0.99091,0.99281,1.00000,0.86587,0.00000,0.18339,2.65678,2.16949,0.98182,0.98551,1.00000
389,0.2108,38338560,47635,0.01287,9.98e-05,0.3421,93.3548,0.00000,0.00000,0.00000,10.00000,1243.01011,0.00000,0.77342,0.00000,0.00000,0.87661,0.00000,0.00000,0.00000,0.00000,0.00000,0.39305,2.34426,1.52709,1.00000,1.00000,1.00000,1143.61719,-0.02739,-0.11293,0.30654,-0.02565,0.51239,0.87551,-0.07215,0.23528,-0.00897,-0.02903,0.20204,0.38892,0.37195,1.71187,2.26000,0.99510,0.99296,1.00000,0.85974,0.00000,0.18242,2.63445,1.90395,0.99020,0.98571,1.00000
390,0.2114,38436864,48734,0.00994,1.44e-04,0.3420,79.1360,0.00000,0.00000,0.00000,10.00000,1249.18707,0.00000,0.77273,0.00000,0.00000,0.87112,0.00000,0.00000,0.00000,0.00000,0.00000,0.39364,2.33513,1.45907,1.00000,1.00000,1.00000,1156.43604,-0.02741,-0.11419,0.30481,-0.02536,0.50899,0.86998,-0.07242,0.23291,-0.00901,-0.02917,0.20083,0.38624,0.37102,1.66637,1.55200,0.98636,0.98039,1.00000,0.85512,0.00000,0.18126,2.61573,1.90730,0.97273,0.95890,1.00000
391,0.2120,38535168,46893,0.01351,1.33e-04,0.3419,82.8030,0.00000,0.00000,0.00000,10.00000,1239.82263,0.00000,0.68376,0.00000,0.00000,0.87023,0.00000,0.00000,0.00000,0.00000,0.00000,0.39417,2.33933,1.47313,1.00000,1.00000,1.00000,1166.63322,-0.02749,-0.11521,0.30534,-0.02596,0.50807,0.86911,-0.07254,0.23162,-0.00937,-0.02881,0.20137,0.38713,0.37070,1.76661,1.49263,0.99451,0.99107,1.00000,0.85350,0.00000,0.18205,2.61158,2.07873,0.98901,0.98246,1.00000
392,0.2126,38633472,48673,0.01526,9.98e-05,0.3418,83.7782,0.00000,0.00000,0.00000,10.00000,1225.12830,0.00000,0.75029,0.00000,0.00000,0.87112,0.00000,0.00000,0.00000,0.00000,0.00000,0.39396,2.34044,1.54545,0.98969,0.98551,1.00000,1164.04899,-0.02749,-0.11496,0.30469,-0.02569,0.50781,0.86997,-0.07363,0.23070,-0.00818,-0.02900,0.20040,0.38580,0.37091,1.82188,1.97200,0.98969,0.98473,1.00000,0.85457,0.00000,0.18170,2.60488,2.11750,0.98969,0.98387,1.00000
393,0.2132,38731776,46421,0.01270,1.24e-04,0.3417,73.0405,0.00000,0.00000,0.00000,10.00000,1255.83709,0.00000,0.76646,0.00000,0.00000,0.86976,0.00000,0.00000,0.00000,0.00000,0.00000,0.39353,2.34409,1.45928,1.00000,1.00000,1.00000,1171.89274,-0.02752,-0.11575,0.30472,-0.02545,0.50784,0.86872,-0.07307,0.23127,-0.00924,-0.02895,0.20083,0.38609,0.37075,1.72559,1.60000,1.00000,1.00000,1.00000,0.85375,0.00000,0.18131,2.60332,2.00897,1.00000,1.00000,1.00000
394,0.2137,38830080,48345,0.01174,1.60e-04,0.3416,88.0640,0.00000,0.00000,0.00000,10.00000,1242.47519,0.00000,0.75536,0.00000,0.00000,0.86879,0.00000,0.00000,0.00000,0.00000,0.00000,0.39356,2.32450,1.58000,0.99123,0.98780,1.00000,1173.20801,-0.02769,-0.11581,0.30268,-0.02520,0.50695,0.86766,-0.07303,0.22900,-0.00879,-0.02901,0.19885,0.38346,0.37066,1.82827,1.62600,0.98684,0.98065,1.00000,0.85329,0.00000,0.18280,2.58609,2.10234,0.98246,0.97260,1.00000
395,0.2143,38928384,51005,0.01937,1.30e-04,0.3415,82.3015,0.00000,0.00000,0.00000,10.00000,1235.23347,0.00000,0.77991,0.00000,0.00000,0.86720,0.00000,0.00000,0.00000,0.00000,0.00000,0.39396,2.29508,1.43953,1.00000,1.00000,1.00000,1176.95312,-0.02782,-0.11620,0.29933,-0.02619,0.50649,0.86602,-0.07247,0.22627,-0.00840,-0.02923,0.19634,0.38015,0.37081,1.73116,1.81765,1.00000,1.00000,1.00000,0.85403,0.00000,0.18452,2.56473,2.04897,1.00000,1.00000,1.00000
396,0.2148,39026688,49483,0.01486,9.14e-05,0.3414,76.8641,0.00000,0.00000,0.00000,10.00000,1240.50489,0.00000,0.75702,0.00000,0.00000,0.86494,0.00000,0.00000,0.00000,0.00000,0.00000,0.39452,2.31299,1.57508,1.00000,1.00000,1.00000,1171.12280,-0.02768,-0.11560,0.30122,-0.02637,0.50467,0.86378,-0.07256,0.22689,-0.01071,-0.02885,0.19769,0.38226,0.36987,1.78361,1.58182,0.98901,0.98387,1.00000,0.84934,0.00000,0.18317,2.57002,1.98294,0.97802,0.96923,1.00000
397,0.2154,39124992,52313,0.01054,1.19e-04,0.3414,78.2714,0.00000,0.00000,0.00000,10.00000,1227.19008,0.00000,0.80969,0.00000,0.00000,0.86402,0.00000,0.00000,0.00000,0.00000,0.00000,0.39417,2.31579,1.46297,0.98936,0.98592,1.00000,1176.11654,-0.02758,-0.11609,0.30208,-0.02581,0.50368,0.86289,-0.07278,0.22857,-0.00906,-0.02888,0.19811,0.38309,0.36978,1.72917,1.81778,0.98404,0.97810,1.00000,0.84889,0.00000,0.18295,2.58118,2.01057,0.97872,0.96970,1.00000
398,0.2159,39223296,51462,0.01383,1.20e-04,0.3413,54.2645,0.00000,0.00000,0.00000,10.00000,1200.27258,0.00000,0.73871,0.00000,0.00000,0.86644,0.00000,0.00000,0.00000,0.00000,0.00000,0.39406,2.34614,1.67268,1.00000,1.00000,1.00000,1170.58879,-0.02727,-0.11557,0.30603,-0.02657,0.50600,0.86532,-0.07258,0.23130,-0.00767,-0.02864,0.20025,0.38836,0.37031,1.79757,1.80182,0.98352,0.97521,1.00000,0.85155,0.00000,0.18355,2.62001,1.92609,0.96703,0.95082,1.00000
399,0.2165,39321600,49113,0.01494,1.11e-04,0.3412,65.5963,0.00000,0.00000,0.00000,10.00000,1246.72420,0.00000,0.70023,0.00000,0.00000,0.87170,0.00000,0.00000,0.00000,0.00000,0.00000,0.39398,2.34847,1.64028,1.00000,1.00000,1.00000,1166.68726,-0.02730,-0.11518,0.30589,-0.02618,0.50823,0.87068,-0.07338,0.23115,-0.00912,-0.02873,0.20153,0.38824,0.37108,1.80365,1.94000,0.98438,0.97521,1.00000,0.85539,0.00000,0.18352,2.62060,1.97939,0.96875,0.95082,1.00000
400,0.2171,39419904,50690,0.01465,1.08e-04,0.3411,57.7858,0.00000,0.00000,0.00000,10.00000,1221.54134,0.00000,0.75531,0.00000,0.00000,0.87498,0.00000,0.00000,0.00000,0.00000,0.00000,0.39376,2.36702,1.51061,1.00000,1.00000,1.00000,1154.53784,-0.02719,-0.11407,0.30768,-0.02627,0.51038,0.87397,-0.07316,0.23235,-0.00797,-0.02860,0.20304,0.39012,0.37158,1.79233,1.78833,0.98876,0.98347,1.00000,0.85788,0.00000,0.18293,2.63421,2.06985,0.97753,0.96667,1.00000
401,0.2176,39518208,48787,0.01466,9.98e-05,0.3411,96.1184,0.00000,0.00000,0.00000,10.00000,1253.67596,0.00000,0.73728,0.00000,0.00000,0.87740,0.00000,0.00000,0.00000,0.00000,0.00000,0.39283,2.36792,1.42615,1.00000,1.00000,1.00000,1151.28613,-0.02713,-0.11382,0.30763,-0.02593,0.51183,0.87635,-0.07229,0.23197,-0.00809,-0.02883,0.20318,0.39082,0.37159,1.76600,1.72667,1.00000,1.00000,1.00000,0.85794,0.00000,0.18483,2.63012,2.08927,1.00000,1.00000,1.00000
402,0.2182,39616512,49020,0.01231,1.20e-04,0.3409,83.7163,0.00000,0.00000,0.00000,10.00000,1249.89615,0.00000,0.76319,0.00000,0.00000,0.87658,0.00000,0.00000,0.00000,0.00000,0.00000,0.39230,2.34328,1.51333,1.00000,1.00000,1.00000,1157.41406,-0.02716,-0.11435,0.30543,-0.02627,0.51154,0.87550,-0.07208,0.23220,-0.00638,-0.02904,0.20046,0.38804,0.37153,1.72000,2.05895,1.00000,1.00000,1.00000,0.85763,0.00000,0.18492,2.62555,1.94622,1.00000,1.00000,1.00000
403,0.2188,39714816,47924,0.01288,1.60e-04,0.3408,71.4640,0.00000,0.00000,0.00000,10.00000,1243.45924,0.00000,0.68599,0.00000,0.00000,0.87419,0.00000,0.00000,0.00000,0.00000,0.00000,0.39300,2.32647,1.50861,1.00000,1.00000,1.00000,1175.88835,-0.02726,-0.11606,0.30468,-0.02662,0.51086,0.87310,-0.07185,0.23175,-0.00908,-0.02918,0.19997,0.38677,0.37115,1.72148,1.79000,0.98261,0.97183,1.00000,0.85575,0.00000,0.18500,2.61905,1.92410,0.96522,0.94737,1.00000
404,0.2193,39813120,48101,0.01868,1.08e-04,0.3406,78.2937,0.00000,0.00000,0.00000,10.00000,1241.42902,0.00000,0.76464,0.00000,0.00000,0.87442,0.00000,0.00000,0.00000,0.00000,0.00000,0.39356,2.32593,1.65294,1.00000,1.00000,1.00000,1169.47729,-0.02735,-0.11546,0.30389,-0.02561,0.50983,0.87325,-0.07215,0.22904,-0.00932,-0.02903,0.19869,0.38547,0.37120,1.87364,1.80333,0.98925,0.98438,1.00000,0.85602,0.00000,0.18513,2.60954,2.10812,0.97849,0.96825,1.00000
405,0.2199,39911424,47919,0.01682,9.91e-05,0.3404,80.1073,0.00000,0.00000,0.00000,10.00000,1240.30439,0.00000,0.73840,0.00000,0.00000,0.87290,0.00000,0.00000,0.00000,0.00000,0.00000,0.39359,2.34705,1.45908,1.00000,1.00000,1.00000,1165.01807,-0.02718,-0.11513,0.30648,-0.02649,0.50953,0.87173,-0.07257,0.23066,-0.00826,-0.02867,0.20091,0.38901,0.37109,1.69882,1.63333,0.99367,0.99048,1.00000,0.85546,0.00000,0.18535,2.62648,1.98741,0.98734,0.97826,1.00000
406,0.2205,40009728,48481,0.01366,8.26e-05,0.3403,69.6040,0.00000,0.00000,0.00000,10.00000,1267.58104,0.00000,0.70950,0.00000,0.00000,0.87373,0.00000,0.00000,0.00000,0.00000,0.00000,0.39544,2.37877,1.52136,1.00000,1.00000,1.00000,1190.77938,-0.02709,-0.11755,0.30891,-0.02633,0.51044,0.87258,-0.07313,0.23269,-0.00912,-0.02884,0.20309,0.39243,0.37110,1.65719,1.42889,0.99398,0.99057,1.00000,0.85548,0.00000,0.18261,2.63508,1.80291,0.98795,0.98039,1.00000
407,0.2211,40108032,48766,0.01344,9.98e-05,0.3402,81.6084,0.00000,0.00000,0.00000,10.00000,1249.77246,0.00000,0.77991,0.00000,0.00000,0.87921,0.00000,0.00000,0.00000,0.00000,0.00000,0.39549,2.39187,1.45854,1.00000,1.00000,1.00000,1192.74121,-0.02714,-0.11768,0.31029,-0.02660,0.51231,0.87805,-0.07388,0.23243,-0.01047,-0.02904,0.20464,0.39335,0.37211,1.71562,1.92428,1.00000,1.00000,1.00000,0.86057,0.00000,0.18271,2.64061,1.98590,1.00000,1.00000,1.00000
408,0.2217,40206336,46310,0.01235,1.44e-04,0.3401,82.1721,0.00000,0.00000,0.00000,10.00000,1217.98692,0.00000,0.79106,0.00000,0.00000,0.88406,0.00000,0.00000,0.00000,0.00000,0.00000,0.39501,2.39213,1.54931,1.00000,1.00000,1.00000,1176.09359,-0.02712,-0.11619,0.31059,-0.02723,0.51560,0.88288,-0.07363,0.23217,-0.00853,-0.02885,0.20433,0.39416,0.37293,1.78571,1.99384,0.97283,0.96183,1.00000,0.86463,0.00000,0.18389,2.64476,2.04328,0.94565,0.92308,1.00000
409,0.2222,40304640,47810,0.01801,9.04e-05,0.3399,76.1730,0.00000,0.00000,0.00000,10.00000,1225.87225,0.00000,0.80247,0.00000,0.00000,0.88599,0.00000,0.00000,0.00000,0.00000,0.00000,0.39379,2.38498,1.44674,1.00000,1.00000,1.00000,1150.63721,-0.02712,-0.11364,0.31048,-0.02657,0.51623,0.88482,-0.07355,0.23314,-0.00913,-0.02898,0.20467,0.39347,0.37317,1.67618,1.69000,0.99537,0.99359,1.00000,0.86585,0.00000,0.18444,2.65001,1.92163,0.99074,0.98649,1.00000
410,0.2228,40402944,49848,0.01268,1.10e-04,0.3398,77.9639,0.00000,0.00000,0.00000,10.00000,1283.03242,0.00000,0.72778,0.00000,0.00000,0.88167,0.00000,0.00000,0.00000,0.00000,0.00000,0.39442,2.37431,1.31479,1.00000,1.00000,1.00000,1137.77336,-0.02713,-0.11237,0.30982,-0.02698,0.51535,0.88053,-0.07239,0.23345,-0.00826,-0.02873,0.20449,0.39270,0.37241,1.66593,1.44571,1.00000,1.00000,1.00000,0.86206,0.00000,0.18322,2.64168,2.02194,1.00000,1.00000,1.00000
411,0.2234,40501248,48105,0.01294,1.20e-04,0.3397,83.6119,0.00000,0.00000,0.00000,10.00000,1227.65671,0.00000,0.78749,0.00000,0.00000,0.87670,0.00000,0.00000,0.00000,0.00000,0.00000,0.39421,2.35798,1.55143,1.00000,1.00000,1.00000,1135.71379,-0.02718,-0.11231,0.30681,-0.02555,0.51275,0.87568,-0.07235,0.23286,-0.00769,-0.02872,0.20395,0.38887,0.37206,1.76740,1.57400,0.98058,0.97945,0.90000,0.86031,0.00000,0.18106,2.63234,1.98338,0.96117,0.96000,0.75000
412,0.2239,40599552,48749,0.01459,8.26e-05,0.3396,77.9000,0.00000,0.00000,0.00000,10.00000,1232.53442,0.00000,0.76389,0.00000,0.00000,0.87388,0.00000,0.00000,0.00000,0.00000,0.00000,0.39433,2.35212,1.47493,1.00000,1.00000,1.00000,1154.73779,-0.02729,-0.11389,0.30608,-0.02653,0.51018,0.87294,-0.07273,0.23219,-0.00955,-0.02870,0.20292,0.38839,0.37143,1.76297,1.76750,1.00000,1.00000,1.00000,0.85717,0.00000,0.18123,2.61794,2.02857,1.00000,1.00000,1.00000
413,0.2245,40697856,48020,0.01745,5.89e-05,0.3396,97.3142,0.00000,0.00000,0.00000,10.00000,1251.77867,0.00000,0.70658,0.00000,0.00000,0.87004,0.00000,0.00000,0.00000,0.00000,0.00000,0.39471,2.35744,1.48475,1.00000,1.00000,1.00000,1135.83602,-0.02726,-0.11214,0.30582,-0.02549,0.50828,0.86903,-0.07269,0.23061,-0.00882,-0.02879,0.20237,0.38726,0.37071,1.72800,1.76952,0.99029,0.98473,1.00000,0.85354,0.00000,0.18040,2.60344,2.00600,0.98058,0.96721,1.00000
414,0.2251,40796160,47547,0.01012,1.08e-04,0.3395,85.7968,0.00000,0.00000,0.00000,10.00000,1249.65115,0.00000,0.78231,0.00000,0.00000,0.86756,0.00000,0.00000,0.00000,0.00000,0.00000,0.39368,2.34335,1.39147,0.98980,0.98592,1.00000,1153.47388,-0.02744,-0.11383,0.30441,-0.02584,0.50688,0.86666,-0.07278,0.22997,-0.00824,-0.02871,0.20130,0.38530,0.37051,1.63503,1.61333,0.99490,0.99275,1.00000,0.85255,0.00000,0.18149,2.58970,1.88189,1.00000,1.00000,1.00000
415,0.2257,40894464,49547,0.01489,9.53e-05,0.3394,77.2779,0.00000,0.00000,0.00000,10.00000,1252.90431,0.00000,0.77135,0.00000,0.00000,0.86882,0.00000,0.00000,0.00000,0.00000,0.00000,0.39441,2.34201,1.43785,1.00000,1.00000,1.00000,1157.21606,-0.02767,-0.11429,0.30108,-0.02534,0.50652,0.86779,-0.07280,0.22327,-0.00821,-0.02874,0.19971,0.38173,0.37085,1.76554,1.44875,1.00000,1.00000,1.00000,0.85424,0.00000,0.18226,2.54597,2.10044,1.00000,1.00000,1.00000
416,0.2262,40992768,51653,0.01344,9.04e-05,0.3394,70.9523,0.00000,0.00000,0.00000,10.00000,1201.77374,0.00000,0.79521,0.00000,0.00000,0.86612,0.00000,0.00000,0.00000,0.00000,0.00000,0.39473,2.30958,1.43667,0.99020,0.98630,1.00000,1164.44189,-0.02784,-0.11483,0.29793,-0.02543,0.50477,0.86516,-0.07223,0.22172,-0.01137,-0.02862,0.19747,0.37766,0.37037,1.78402,1.66095,0.98039,0.97260,1.00000,0.85184,0.00000,0.18270,2.52099,2.14875,0.97059,0.95890,1.00000
417,0.2268,41091072,49227,0.01542,8.26e-05,0.3393,71.6251,0.00000,0.00000,0.00000,10.00000,1259.42755,0.00000,0.80702,0.00000,0.00000,0.86116,0.00000,0.00000,0.00000,0.00000,0.00000,0.39424,2.30916,1.43974,1.00000,1.00000,1.00000,1165.25122,-0.02788,-0.11504,0.29809,-0.02537,0.50056,0.86022,-0.07250,0.22300,-0.00929,-0.02856,0.19743,0.37858,0.36926,1.65007,1.38800,0.99474,0.99275,1.00000,0.84628,0.00000,0.18346,2.54266,1.88866,0.98947,0.98462,1.00000
418,0.2273,41189376,52113,0.01051,1.19e-04,0.3392,92.6292,0.00000,0.00000,0.00000,10.00000,1227.00755,0.00000,0.78283,0.00000,0.00000,0.86153,0.00000,0.00000,0.00000,0.00000,0.00000,0.39496,2.30697,1.56246,0.98864,0.98507,1.00000,1175.26953,-0.02769,-0.11600,0.29835,-0.02566,0.50082,0.86050,-0.07195,0.22232,-0.00936,-0.02866,0.19747,0.37899,0.36926,1.81060,2.09454,0.98295,0.97581,1.00000,0.84629,0.00000,0.18366,2.54418,2.10754,0.97727,0.96491,1.00000
419,0.2278,41287680,54688,0.01347,1.47e-04,0.3391,82.0450,0.00000,0.00000,0.00000,10.00000,1240.78342,0.00000,0.75309,0.00000,0.00000,0.86311,0.00000,0.00000,0.00000,0.00000,0.00000,0.39451,2.32613,1.47823,0.98889,0.98305,1.00000,1201.42904,-0.02763,-0.11854,0.30110,-0.02568,0.50110,0.86213,-0.07295,0.22579,-0.00961,-0.02862,0.19974,0.38302,0.36955,1.72113,1.46316,0.99444,0.99180,1.00000,0.84773,0.00000,0.18346,2.57960,1.94740,1.00000,1.00000,1.00000
420,0.2283,41385984,53292,0.01553,1.11e-04,0.3389,84.2846,0.00000,0.00000,0.00000,10.00000,1246.33285,0.00000,0.76389,0.00000,0.00000,0.87026,0.00000,0.00000,0.00000,0.00000,0.00000,0.39423,2.34751,1.46126,1.00000,1.00000,1.00000,1205.09741,-0.02746,-0.11892,0.30330,-0.02595,0.50545,0.86925,-0.07336,0.22764,-0.00915,-0.02865,0.20024,0.38528,0.37055,1.73961,1.71619,1.00000,1.00000,1.00000,0.85274,0.00000,0.18333,2.59042,2.03676,1.00000,1.00000,1.00000
421,0.2289,41484288,52461,0.01782,7.95e-05,0.3388,65.9833,0.00000,0.00000,0.00000,10.00000,1235.82168,0.00000,0.76747,0.00000,0.00000,0.87722,0.00000,0.00000,0.00000,0.00000,0.00000,0.39488,2.38641,1.41461,1.00000,1.00000,1.00000,1158.02995,-0.02706,-0.11428,0.30867,-0.02640,0.51077,0.87630,-0.07308,0.23098,-0.00993,-0.02867,0.20333,0.39196,0.37143,1.67065,1.85200,0.96392,0.94776,1.00000,0.85716,0.00000,0.18210,2.62433,1.99803,0.92784,0.88525,1.00000
422,0.2294,41582592,54502,0.01315,9.04e-05,0.3388,80.0910,0.00000,0.00000,0.00000,10.00000,1239.37943,0.00000,0.70513,0.00000,0.00000,0.87667,0.00000,0.00000,0.00000,0.00000,0.00000,0.39314,2.37887,1.54171,1.00000,1.00000,1.00000,1163.15299,-0.02717,-0.11492,0.30730,-0.02561,0.51115,0.87572,-0.07288,0.23304,-0.00897,-0.02874,0.20344,0.38967,0.37173,1.85152,1.82923,1.00000,1.00000,1.00000,0.85867,0.00000,0.18082,2.61876,2.18579,1.00000,1.00000,1.00000
423,0.2299,41680896,51984,0.01172,1.30e-04,0.3387,85.0046,0.00000,0.00000,0.00000,10.00000,1238.32418,0.00000,0.79686,0.00000,0.00000,0.87540,0.00000,0.00000,0.00000,0.00000,0.00000,0.39308,2.37555,1.55253,1.00000,1.00000,1.00000,1155.83610,-0.02718,-0.11406,0.30524,-0.02536,0.51097,0.87435,-0.07248,0.22984,-0.01041,-0.02873,0.20218,0.38694,0.37183,1.76333,1.90000,0.99495,1.00000,0.93333,0.85913,0.00000,0.18079,2.58713,1.95852,0.98990,1.00000,0.87500
424,0.2304,41779200,53334,0.01502,1.33e-04,0.3386,92.2289,0.00000,0.00000,0.00000,10.00000,1244.56070,0.00000,0.74238,0.00000,0.00000,0.87189,0.00000,0.00000,0.00000,0.00000,0.00000,0.39233,2.35399,1.46165,1.00000,1.00000,1.00000,1146.55949,-0.02735,-0.11315,0.30388,-0.02547,0.50840,0.87091,-0.07189,0.22885,-0.00873,-0.02891,0.20106,0.38500,0.37085,1.82852,2.30000,0.99558,0.99338,1.00000,0.85425,0.00000,0.18251,2.58296,2.19976,0.99115,0.98649,1.00000
425,0.2309,41877504,53715,0.01494,1.11e-04,0.3386,69.8692,0.00000,0.00000,0.00000,10.00000,1243.89555,0.00000,0.79710,0.00000,0.00000,0.86900,0.00000,0.00000,0.00000,0.00000,0.00000,0.39087,2.33050,1.43606,1.00000,1.00000,1.00000,1173.06584,-0.02744,-0.11571,0.30333,-0.02529,0.50616,0.86800,-0.07233,0.23048,-0.00925,-0.02878,0.20072,0.38433,0.37027,1.74072,2.21750,0.98370,0.97727,1.00000,0.85133,0.00000,0.18398,2.59703,2.06358,0.96739,0.95385,1.00000
426,0.2315,41975808,52432,0.01483,8.26e-05,0.3384,78.3186,0.00000,0.00000,0.00000,10.00000,1224.33994,0.00000,0.76389,0.00000,0.00000,0.86863,0.00000,0.00000,0.00000,0.00000,0.00000,0.39107,2.33899,1.49463,1.00000,1.00000,1.00000,1164.11418,-0.02721,-0.11498,0.30504,-0.02634,0.50667,0.86764,-0.07241,0.23439,-0.00841,-0.02833,0.20165,0.38716,0.37031,1.74290,1.89375,0.97500,0.97273,0.94118,0.85157,0.00000,0.18220,2.62542,2.03474,0.95000,0.94340,0.85714
427,0.2320,42074112,53646,0.01134,1.19e-04,0.3383,71.8044,0.00000,0.00000,0.00000,10.00000,1266.78001,0.00000,0.73171,0.00000,0.00000,0.87147,0.00000,0.00000,0.00000,0.00000,0.00000,0.39085,2.36002,1.47270,1.00000,1.00000,1.00000,1158.42000,-0.02710,-0.11433,0.30685,-0.02600,0.50875,0.87046,-0.07292,0.23774,-0.00929,-0.02839,0.20341,0.38935,0.37117,1.70414,2.31000,0.99390,0.99074,1.00000,0.85585,0.00000,0.18039,2.64834,2.00792,0.98780,0.97872,1.00000
428,0.2325,42172416,53415,0.01411,1.33e-04,0.3382,80.8520,0.00000,0.00000,0.00000,10.00000,1239.90743,0.00000,0.72327,0.00000,0.00000,0.87497,0.00000,0.00000,0.00000,0.00000,0.00000,0.39061,2.35309,1.41512,0.99057,0.98701,1.00000,1164.24593,-0.02699,-0.11496,0.30742,-0.02536,0.51107,0.87406,-0.07283,0.23863,-0.00828,-0.02874,0.20406,0.38989,0.37183,1.65105,1.85667,0.97170,0.97101,0.90000,0.85917,0.00000,0.18187,2.66420,1.95848,0.95283,0.95082,0.80000
429,0.2330,42270720,53334,0.01440,1.30e-04,0.3381,71.6736,0.00000,0.00000,0.00000,10.00000,1217.98519,0.00000,0.75231,0.00000,0.00000,0.87825,0.00000,0.00000,0.00000,0.00000,0.00000,0.39138,2.35191,1.46812,0.98958,0.98305,1.00000,1165.84285,-0.02718,-0.11508,0.30729,-0.02594,0.51191,0.87727,-0.07323,0.23774,-0.00850,-0.02868,0.20385,0.38938,0.37205,1.76374,1.61636,0.97396,0.96923,0.91667,0.86025,0.00000,0.18186,2.65832,2.01600,0.95833,0.95775,0.83333
430,0.2335,42369024,54010,0.01487,1.08e-04,0.3380,82.5744,0.00000,0.00000,0.00000,10.00000,1187.54226,0.00000,0.78307,0.00000,0.00000,0.87695,0.00000,0.00000,0.00000,0.00000,0.00000,0.39104,2.35286,1.49525,1.00000,1.00000,1.00000,1131.94165,-0.02710,-0.11176,0.30639,-0.02592,0.51131,0.87592,-0.07249,0.23662,-0.00769,-0.02861,0.20370,0.38903,0.37149,1.91395,2.01765,0.97619,0.97973,0.88889,0.85747,0.00000,0.18191,2.64731,2.32244,0.95238,0.96154,0.75000
431,0.2341,42467328,53697,0.01319,1.22e-04,0.3379,89.8698,0.00000,0.00000,0.00000,10.00000,1259.10547,0.00000,0.71667,0.00000,0.00000,0.87355,0.00000,0.00000,0.00000,0.00000,0.00000,0.39021,2.34018,1.38500,1.00000,1.00000,1.00000,1127.04940,-0.02723,-0.11131,0.30533,-0.02550,0.51062,0.87254,-0.07214,0.23555,-0.00853,-0.02855,0.20278,0.38727,0.37116,1.62553,1.65428,0.98500,0.98450,0.93333,0.85579,0.00000,0.18264,2.63581,1.87652,0.97000,0.96875,0.87500
432,0.2346,42565632,53693,0.01609,8.49e-05,0.3378,80.8738,0.00000,0.00000,0.00000,10.00000,1239.91984,0.00000,0.78704,0.00000,0.00000,0.86823,0.00000,0.00000,0.00000,0.00000,0.00000,0.38976,2.32109,1.53210,1.00000,1.00000,1.00000,1140.43197,-0.02730,-0.11258,0.30335,-0.02555,0.50764,0.86735,-0.07193,0.23462,-0.00897,-0.02853,0.20153,0.38392,0.37032,1.70466,1.52333,0.98438,0.97794,1.00000,0.85160,0.00000,0.18185,2.61559,1.89200,0.96875,0.95455,1.00000
433,0.2351,42663936,54004,0.01280,7.71e-05,0.3378,71.4563,0.00000,0.00000,0.00000,10.00000,1257.34286,0.00000,0.70370,0.00000,0.00000,0.86607,0.00000,0.00000,0.00000,0.00000,0.00000,0.38940,2.31650,1.39225,0.98095,0.97101,1.00000,1143.46427,-0.02744,-0.11295,0.30233,-0.02464,0.50608,0.86517,-0.07209,0.23474,-0.00808,-0.02861,0.20127,0.38315,0.37013,1.69045,1.63583,0.98571,0.97744,1.00000,0.85063,0.00000,0.18108,2.61797,2.00853,0.99048,0.98438,1.00000
434,0.2356,42762240,53423,0.01377,6.89e-05,0.3377,81.2350,0.00000,0.00000,0.00000,10.00000,1242.99521,0.00000,0.74671,0.00000,0.00000,0.86736,0.00000,0.00000,0.00000,0.00000,0.00000,0.38964,2.31160,1.51828,0.98925,0.98387,1.00000,1178.77441,-0.02729,-0.11631,0.30222,-0.02535,0.50674,0.86643,-0.07197,0.23421,-0.01076,-0.02863,0.20044,0.38376,0.37040,1.73535,1.73778,0.98925,0.98400,1.00000,0.85198,0.00000,0.18284,2.61611,1.94639,0.98925,0.98413,1.00000
435,0.2361,42860544,54085,0.01012,1.08e-04,0.3376,88.9436,0.00000,0.00000,0.00000,10.00000,1204.31568,0.00000,0.84562,0.00000,0.00000,0.87059,0.00000,0.00000,0.00000,0.00000,0.00000,0.38998,2.32150,1.49853,0.98230,0.97753,1.00000,1186.26530,-0.02729,-0.11698,0.30239,-0.02563,0.50852,0.86970,-0.07180,0.23296,-0.01122,-0.02885,0.20027,0.38414,0.37120,1.71352,1.76857,0.97345,0.96512,1.00000,0.85602,0.00000,0.18288,2.60897,1.94827,0.96460,0.95181,1.00000
436,0.2367,42958848,52632,0.01505,9.04e-05,0.3374,77.0433,0.00000,0.00000,0.00000,10.00000,1232.11582,0.00000,0.81871,0.00000,0.00000,0.87185,0.00000,0.00000,0.00000,0.00000,0.00000,0.39034,2.30938,1.53333,1.00000,1.00000,1.00000,1179.18774,-0.02732,-0.11638,0.30263,-0.02607,0.50959,0.87079,-0.07178,0.23253,-0.01048,-0.02911,0.19909,0.38459,0.37153,1.71661,1.64000,0.99561,0.99405,1.00000,0.85766,0.00000,0.18496,2.61566,1.90600,0.99123,0.98795,1.00000
437,0.2372,43057152,52671,0.01536,7.53e-05,0.3373,86.2694,0.00000,0.00000,0.00000,10.00000,1233.84630,0.00000,0.77664,0.00000,0.00000,0.86998,0.00000,0.00000,0.00000,0.00000,0.00000,0.39126,2.30097,1.56304,0.98980,0.98592,1.00000,1174.11174,-0.02745,-0.11577,0.30060,-0.02605,0.50766,0.86895,-0.07209,0.22992,-0.01048,-0.02873,0.19836,0.38143,0.37086,1.80487,2.97125,0.98469,0.97810,1.00000,0.85430,0.00000,0.18391,2.58919,2.06657,0.97959,0.96970,1.00000
438,0.2377,43155456,53675,0.01438,6.34e-05,0.3372,69.5983,0.00000,0.00000,0.00000,10.00000,1250.48611,0.00000,0.80247,0.00000,0.00000,0.86687,0.00000,0.00000,0.00000,0.00000,0.00000,0.39150,2.31639,1.46189,1.00000,1.00000,1.00000,1168.42936,-0.02737,-0.11535,0.30279,-0.02592,0.50566,0.86585,-0.07203,0.23063,-0.01059,-0.02855,0.19997,0.38417,0.37004,1.69699,1.52000,0.98485,0.97902,1.00000,0.85018,0.00000,0.18456,2.60502,1.93861,0.96970,0.95775,1.00000
439,0.2382,43253760,52922,0.01577,6.00e-05,0.3372,66.9894,0.00000,0.00000,0.00000,10.00000,1256.24504,0.00000,0.71242,0.00000,0.00000,0.86635,0.00000,0.00000,0.00000,0.00000,0.00000,0.39185,2.31341,1.61719,1.00000,1.00000,1.00000,1158.72192,-0.02745,-0.11440,0.30161,-0.02555,0.50527,0.86533,-0.07216,0.23024,-0.00919,-0.02843,0.19962,0.38274,0.37009,1.75154,2.09733,0.98824,0.98165,1.00000,0.85047,0.00000,0.18427,2.59944,1.89729,0.97647,0.96226,1.00000
440,0.2387,43352064,53085,0.00990,8.31e-05,0.3371,82.2451,0.00000,0.00000,0.00000,10.00000,1236.81167,0.00000,0.76241,0.00000,0.00000,0.86645,0.00000,0.00000,0.00000,0.00000,0.00000,0.39167,2.34058,1.46609,0.98936,0.98387,1.00000,1177.35238,-0.02733,-0.11619,0.30520,-0.02615,0.50523,0.86541,-0.07204,0.23186,-0.01037,-0.02848,0.20172,0.38716,0.36996,1.70521,1.64533,0.98936,0.98450,1.00000,0.84978,0.00000,0.18401,2.61740,1.93123,0.98936,0.98507,1.00000
441,0.2393,43450368,53252,0.01072,1.20e-04,0.3371,82.3130,0.00000,0.00000,0.00000,10.00000,1265.97675,0.00000,0.70588,0.00000,0.00000,0.87024,0.00000,0.00000,0.00000,0.00000,0.00000,0.39142,2.34484,1.50776,1.00000,1.00000,1.00000,1186.43083,-0.02732,-0.11713,0.30444,-0.02623,0.50740,0.86928,-0.07235,0.23089,-0.00876,-0.02855,0.20145,0.38600,0.37101,1.73101,1.80000,0.99412,0.99074,1.00000,0.85506,0.00000,0.18433,2.60961,1.97226,0.98824,0.98077,1.00000
