iter,hours,steps,fps,kl,lr,std,value_loss,act_sat,assist,distance,ep_len_s,ep_return,fall_rate,floored_share,glove_speed,head_share,height,hit_speed,hit_speed_max,hits_per_s,knockdowns_per_min,matt_assist,matt_pose_err,matt_reward_per_step,matt_time_to_stand,matt_up_rate,matt_up_rate_from_floor,matt_up_rate_unaided,power,rt_act,rt_energy,rt_face,rt_feet,rt_head,rt_height,rt_limit,rt_pose,rt_qvel,rt_rate,rt_still,rt_stood,rt_upright,time_to_stand,time_to_stand_unaided,up_rate,up_rate_from_floor,up_rate_unaided,upright,zombie_assist,zombie_pose_err,zombie_reward_per_step,zombie_time_to_stand,zombie_up_rate,zombie_up_rate_from_floor,zombie_up_rate_unaided
0,0.0007,98304,36517,0.04968,5.11e-05,0.3370,759.0975,0.00000,0.00000,0.00000,10.00000,3.99346,0.00000,0.01248,0.00000,0.00000,0.94724,0.00000,0.00000,0.00000,0.00000,0.00000,0.37391,0.35155,0.00000,0.00000,0.00000,0.00000,634.81799,-0.04058,-0.06250,0.06241,-0.00960,0.56246,0.94443,-0.03000,0.00842,-0.01114,-0.05320,0.02502,0.08142,0.39068,0.00000,0.00000,0.00000,0.00000,0.00000,0.95342,0.00000,0.21559,0.47051,0.00000,0.00000,0.00000,0.00000
1,0.0013,196608,50463,0.00652,1.04e-04,0.3370,277.3353,0.00000,0.00000,0.00000,10.00000,17.26601,0.00000,0.44554,0.00000,0.00000,0.63268,0.00000,0.00000,0.00000,0.00000,0.00000,0.41012,0.55764,0.00000,0.16832,0.00000,0.00000,1091.73315,-0.04059,-0.10651,0.09557,-0.01445,0.36686,0.63093,-0.05341,-0.02412,-0.02966,-0.03017,0.04554,0.12375,0.33184,0.00000,0.00000,0.16337,0.00000,0.00000,0.65920,0.00000,0.23960,0.73420,0.00000,0.15842,0.00000,0.00000
2,0.0018,294912,51275,0.01239,1.19e-04,0.3370,221.0285,0.00000,0.00000,0.00000,10.00000,35.94148,0.00000,0.64444,0.00000,0.00000,0.46366,0.00000,0.00000,0.00000,0.00000,0.00000,0.40460,0.59692,0.00000,0.20000,0.00000,0.00000,1332.41479,-0.03919,-0.12981,0.09719,-0.01175,0.25093,0.46278,-0.05903,-0.00351,-0.02780,-0.02709,0.05573,0.12567,0.29860,0.00000,0.00000,0.22667,0.00000,0.00000,0.49301,0.00000,0.21399,0.81484,0.00000,0.25333,0.00000,0.00000
3,0.0024,393216,50815,0.00776,1.89e-04,0.3370,188.2035,0.00000,0.00000,0.00000,10.00000,41.19273,0.00000,0.77778,0.00000,0.00000,0.50314,0.00000,0.00000,0.00000,0.00000,0.00000,0.41143,0.74451,1.18000,0.27619,0.00000,0.12500,1708.17448,-0.03870,-0.16676,0.11077,-0.01329,0.26574,0.50235,-0.07346,-0.01577,-0.02524,-0.02830,0.06463,0.14259,0.31045,1.18000,1.18000,0.20952,0.00000,0.05263,0.55225,0.00000,0.20230,0.91116,0.00000,0.14286,0.00000,0.00000
4,0.0029,491520,51558,0.01091,2.48e-04,0.3369,155.9504,0.00000,0.00000,0.00000,10.00000,84.09195,0.00000,0.72650,0.00000,0.00000,0.60923,0.00000,0.00000,0.00000,0.00000,0.00000,0.41666,1.05020,1.26000,0.32967,0.05172,0.25000,1964.61751,-0.03651,-0.19230,0.15278,-0.02045,0.32584,0.60807,-0.08390,-0.06209,-0.02298,-0.03013,0.08661,0.19835,0.32855,1.28500,1.00667,0.31319,0.04202,0.15385,0.64273,0.00000,0.22023,1.14975,1.36000,0.29670,0.03279,0.00000
5,0.0035,589824,52445,0.01159,3.04e-04,0.3369,120.7002,0.00000,0.00000,0.00000,10.00000,122.36272,0.00000,0.72222,0.00000,0.00000,0.71865,0.00000,0.00000,0.00000,0.00000,0.00000,0.41305,1.35960,1.41400,0.47000,0.26471,0.40000,2041.24658,-0.03395,-0.20000,0.19972,-0.02666,0.38971,0.71728,-0.08670,-0.07921,-0.02371,-0.03177,0.11616,0.25923,0.34567,1.47241,1.41333,0.43000,0.19231,0.27273,0.72834,0.00000,0.22698,1.50092,1.60222,0.39000,0.11290,0.16667
6,0.0040,688128,53186,0.01595,1.87e-04,0.3368,116.7851,0.00000,0.00000,0.00000,10.00000,146.79824,0.00000,0.71197,0.00000,0.00000,0.80309,0.00000,0.00000,0.00000,0.00000,0.00000,0.40879,1.63556,1.39721,0.67961,0.61905,0.25000,1735.96517,-0.03085,-0.17050,0.24499,-0.03088,0.45023,0.80145,-0.08097,-0.07305,-0.01869,-0.03167,0.14497,0.31647,0.36001,1.48062,1.36667,0.54854,0.42424,0.26087,0.80005,0.00000,0.22389,1.88480,1.65143,0.41748,0.24638,0.27273
7,0.0045,786432,53750,0.02385,9.26e-05,0.3368,110.5900,0.00000,0.00000,0.00000,10.00000,212.33907,0.00000,0.72318,0.00000,0.00000,0.84796,0.00000,0.00000,0.00000,0.00000,0.00000,0.40567,1.80953,1.37873,0.81034,0.72368,0.88889,1444.30941,-0.02905,-0.14216,0.27815,-0.03279,0.48672,0.84640,-0.07489,-0.04669,-0.01362,-0.03087,0.16967,0.35944,0.36685,1.50716,1.59833,0.72845,0.63576,0.60000,0.83425,0.00000,0.21274,2.22235,1.68304,0.64655,0.54667,0.36364
8,0.0050,884736,53629,0.01211,1.04e-04,0.3367,100.9423,0.00000,0.00000,0.00000,10.00000,282.67245,0.00000,0.81197,0.00000,0.00000,0.86123,0.00000,0.00000,0.00000,0.00000,0.00000,0.40073,1.86323,1.50282,0.96703,0.95833,1.00000,1304.93742,-0.02835,-0.12842,0.29154,-0.03059,0.49924,0.85987,-0.07209,-0.01069,-0.01233,-0.02999,0.18423,0.37340,0.36916,1.63287,1.70000,0.88462,0.84211,1.00000,0.84582,0.00000,0.20393,2.41365,1.84273,0.80220,0.70492,1.00000
9,0.0055,983040,54152,0.01072,1.20e-04,0.3366,82.0609,0.00000,0.00000,0.00000,10.00000,341.43232,0.00000,0.72959,0.00000,0.00000,0.86121,0.00000,0.00000,0.00000,0.00000,0.00000,0.39666,1.89386,1.44426,0.97590,0.98148,0.87500,1230.41642,-0.02787,-0.12121,0.29837,-0.02902,0.50188,0.86000,-0.07136,0.01978,-0.01025,-0.02910,0.19208,0.38099,0.36929,1.58375,1.60533,0.89759,0.86239,0.87500,0.84645,0.00000,0.19618,2.54348,1.75059,0.81928,0.74545,0.87500
10,0.0060,1081344,52702,0.01322,1.30e-04,0.3366,91.6277,0.00000,0.00000,0.00000,10.00000,385.60269,0.00000,0.76923,0.00000,0.00000,0.86411,0.00000,0.00000,0.00000,0.00000,0.00000,0.39422,1.91954,1.47414,0.97436,0.96226,1.00000,1217.99040,-0.02750,-0.12023,0.30268,-0.02776,0.50364,0.86303,-0.07140,0.04175,-0.00908,-0.02881,0.19740,0.38546,0.37014,1.73560,1.52000,0.92308,0.89815,0.90000,0.85069,0.00000,0.18850,2.63663,2.03294,0.87179,0.83636,0.80000
11,0.0066,1179648,53467,0.01522,1.04e-04,0.3365,78.2847,0.00000,0.00000,0.00000,10.00000,466.13116,0.00000,0.80530,0.00000,0.00000,0.87125,0.00000,0.00000,0.00000,0.00000,0.00000,0.39247,1.94526,1.46299,0.97248,0.96250,1.00000,1189.33740,-0.02719,-0.11735,0.30764,-0.02792,0.50824,0.87023,-0.07153,0.05217,-0.00904,-0.02899,0.20132,0.39058,0.37128,1.66367,1.65875,0.95413,0.94304,0.94118,0.85639,0.00000,0.18607,2.68986,1.87658,0.93578,0.92308,0.88889
12,0.0071,1277952,54728,0.01216,1.08e-04,0.3364,65.8428,0.00000,0.00000,0.00000,10.00000,562.80971,0.00000,0.76058,0.00000,0.00000,0.87667,0.00000,0.00000,0.00000,0.00000,0.00000,0.39228,1.94888,1.50073,1.00000,1.00000,1.00000,1165.31364,-0.02716,-0.11506,0.30703,-0.02646,0.51150,0.87568,-0.07143,0.05982,-0.00779,-0.02848,0.20312,0.38934,0.37215,1.72649,1.42800,0.98214,0.97391,1.00000,0.86074,0.00000,0.18167,2.70825,1.92677,0.96429,0.95238,1.00000
13,0.0076,1376256,53900,0.01433,9.98e-05,0.3363,68.9078,0.00000,0.00000,0.00000,10.00000,611.70000,0.00000,0.73232,0.00000,0.00000,0.87474,0.00000,0.00000,0.00000,0.00000,0.00000,0.39262,1.93359,1.39907,1.00000,1.00000,1.00000,1145.49129,-0.02720,-0.11304,0.30587,-0.02711,0.51066,0.87377,-0.07109,0.06249,-0.00816,-0.02855,0.20329,0.38769,0.37175,1.64316,1.57643,0.98182,0.97241,1.00000,0.85875,0.00000,0.18099,2.70459,1.89012,0.96364,0.94444,1.00000
14,0.0081,1474560,53052,0.01254,1.19e-04,0.3361,93.7172,0.00000,0.00000,0.00000,10.00000,681.22266,0.00000,0.77887,0.00000,0.00000,0.87118,0.00000,0.00000,0.00000,0.00000,0.00000,0.39293,1.92640,1.54027,1.00000,1.00000,1.00000,1150.59229,-0.02723,-0.11363,0.30432,-0.02637,0.50879,0.87027,-0.07013,0.06532,-0.00864,-0.02846,0.20219,0.38558,0.37143,1.82160,1.84909,0.97549,0.96503,1.00000,0.85717,0.00000,0.17970,2.69435,2.10293,0.95098,0.93056,1.00000
15,0.0086,1572864,54091,0.01350,1.18e-04,0.3360,87.1191,0.00000,0.00000,0.00000,10.00000,757.00966,0.00000,0.79293,0.00000,0.00000,0.86988,0.00000,0.00000,0.00000,0.00000,0.00000,0.39434,1.91787,1.56602,0.99091,0.98750,1.00000,1172.78605,-0.02725,-0.11578,0.30389,-0.02608,0.50803,0.86893,-0.07032,0.06198,-0.00941,-0.02853,0.20163,0.38523,0.37092,1.80184,1.72600,0.97727,0.96815,1.00000,0.85461,0.00000,0.17996,2.68936,2.04650,0.96364,0.94805,1.00000
16,0.0092,1671168,53010,0.01128,1.57e-04,0.3359,89.1510,0.00000,0.00000,0.00000,10.00000,851.87775,0.00000,0.66545,0.00000,0.00000,0.86939,0.00000,0.00000,0.00000,0.00000,0.00000,0.39513,1.91456,1.52286,1.00000,1.00000,1.00000,1181.81307,-0.02736,-0.11666,0.30284,-0.02569,0.50711,0.86847,-0.07115,0.06425,-0.01013,-0.02837,0.20186,0.38379,0.37092,1.69594,1.57809,0.97802,0.97248,0.95455,0.85459,0.00000,0.17775,2.68480,1.90483,0.95604,0.94118,0.90000
17,0.0097,1769472,54483,0.02096,1.30e-04,0.3358,89.1846,0.00000,0.00000,0.00000,10.00000,941.92880,0.00000,0.71019,0.00000,0.00000,0.87018,0.00000,0.00000,0.00000,0.00000,0.00000,0.39486,1.92382,1.41803,0.98969,1.00000,0.90909,1171.11027,-0.02731,-0.11556,0.30334,-0.02585,0.50723,0.86913,-0.07167,0.06509,-0.00959,-0.02844,0.20237,0.38467,0.37067,1.62178,1.59000,0.99485,1.00000,0.95455,0.85334,0.00000,0.17628,2.69151,1.81467,1.00000,1.00000,1.00000
18,0.0102,1867776,54530,0.01322,1.32e-04,0.3357,70.7077,0.00000,0.00000,0.00000,10.00000,960.13100,0.00000,0.79733,0.00000,0.00000,0.86874,0.00000,0.00000,0.00000,0.00000,0.00000,0.39360,1.92170,1.45357,0.98148,0.97436,1.00000,1156.28125,-0.02725,-0.11413,0.30338,-0.02595,0.50659,0.86772,-0.07231,0.06878,-0.00933,-0.02849,0.20317,0.38472,0.37037,1.92095,1.54533,0.98611,0.98065,1.00000,0.85187,0.00000,0.17551,2.69860,2.38833,0.99074,0.98701,1.00000
19,0.0107,1966080,53758,0.02071,1.30e-04,0.3355,79.2224,0.00000,0.00000,0.00000,10.00000,1071.43860,0.00000,0.73099,0.00000,0.00000,0.86757,0.00000,0.00000,0.00000,0.00000,0.00000,0.39449,1.90355,1.41284,1.00000,1.00000,1.00000,1159.91870,-0.02731,-0.11449,0.30124,-0.02577,0.50640,0.86660,-0.07160,0.06898,-0.00916,-0.02834,0.20163,0.38167,0.37047,1.74832,1.80143,0.98246,0.97333,1.00000,0.85234,0.00000,0.17550,2.68263,2.08800,0.96491,0.94737,1.00000
20,0.0112,2064384,53469,0.01450,1.19e-04,0.3354,98.5170,0.00000,0.00000,0.00000,10.00000,1143.95545,0.00000,0.72115,0.00000,0.00000,0.86708,0.00000,0.00000,0.00000,0.00000,0.00000,0.39568,1.87540,1.48582,0.99038,0.98592,1.00000,1171.19027,-0.02755,-0.11565,0.29744,-0.02533,0.50545,0.86601,-0.07103,0.06377,-0.00940,-0.02850,0.19853,0.37782,0.37032,1.72053,1.60118,0.98077,0.97037,1.00000,0.85159,0.00000,0.17612,2.65318,1.97805,0.97115,0.95312,1.00000
21,0.0117,2162688,53638,0.01355,1.33e-04,0.3353,89.8677,0.00000,0.00000,0.00000,10.00000,1175.00936,0.00000,0.80586,0.00000,0.00000,0.86216,0.00000,0.00000,0.00000,0.00000,0.00000,0.39487,1.88938,1.34057,1.00000,1.00000,1.00000,1173.78931,-0.02738,-0.11575,0.29889,-0.02568,0.50327,0.86112,-0.07150,0.06547,-0.01036,-0.02817,0.19976,0.37959,0.36992,1.65727,1.73111,0.98352,0.97727,1.00000,0.84958,0.00000,0.17605,2.66173,1.97855,0.96703,0.95455,1.00000
22,0.0123,2260992,49752,0.01514,1.04e-04,0.3353,76.5508,0.00000,0.00000,0.00000,10.00000,1165.05336,0.00000,0.76241,0.00000,0.00000,0.86248,0.00000,0.00000,0.00000,0.00000,0.00000,0.39416,1.90178,1.61121,0.98936,0.98462,1.00000,1185.50049,-0.02722,-0.11693,0.29994,-0.02594,0.50346,0.86139,-0.07094,0.06752,-0.00930,-0.02831,0.20008,0.38047,0.37000,1.83642,1.45200,0.98936,0.98450,1.00000,0.84998,0.00000,0.17451,2.66341,2.05500,0.98936,0.98438,1.00000
23,0.0129,2359296,48428,0.01623,9.26e-05,0.3352,93.7983,0.00000,0.00000,0.00000,10.00000,1180.96480,0.00000,0.69597,0.00000,0.00000,0.86470,0.00000,0.00000,0.00000,0.00000,0.00000,0.39338,1.93176,1.46627,0.98901,0.98246,1.00000,1188.82536,-0.02725,-0.11728,0.30260,-0.02653,0.50400,0.86376,-0.07208,0.06721,-0.01027,-0.02829,0.20173,0.38455,0.37039,1.67323,1.69895,0.99451,0.99123,1.00000,0.85193,0.00000,0.17465,2.67900,1.88333,1.00000,1.00000,1.00000
24,0.0134,2457600,50176,0.01295,1.06e-04,0.3351,67.1156,0.00000,0.00000,0.00000,10.00000,1153.73739,0.00000,0.72917,0.00000,0.00000,0.86710,0.00000,0.00000,0.00000,0.00000,0.00000,0.39351,1.93814,1.52597,0.97917,0.97143,1.00000,1190.67684,-0.02727,-0.11739,0.30342,-0.02652,0.50534,0.86622,-0.07210,0.06531,-0.01047,-0.02860,0.20276,0.38550,0.37024,1.73915,2.05294,0.97396,0.97619,0.89474,0.85119,0.00000,0.17436,2.66966,1.99562,0.96875,0.98214,0.81818
25,0.0140,2555904,49063,0.01347,8.31e-05,0.3350,70.0045,0.00000,0.00000,0.00000,10.00000,1177.51580,0.00000,0.70537,0.00000,0.00000,0.87175,0.00000,0.00000,0.00000,0.00000,0.00000,0.39340,1.95368,1.55770,1.00000,1.00000,1.00000,1182.41268,-0.02721,-0.11668,0.30465,-0.02615,0.50807,0.87087,-0.07225,0.06314,-0.00918,-0.02824,0.20399,0.38664,0.37145,1.76095,1.54308,0.99438,1.00000,0.92857,0.85725,0.00000,0.17526,2.67782,1.95169,0.98876,1.00000,0.87500
26,0.0145,2654208,48986,0.01283,9.76e-05,0.3349,60.1586,0.00000,0.00000,0.00000,10.00000,1158.78454,0.00000,0.72690,0.00000,0.00000,0.87256,0.00000,0.00000,0.00000,0.00000,0.00000,0.39341,1.95345,1.50597,1.00000,1.00000,1.00000,1157.77759,-0.02713,-0.11428,0.30558,-0.02651,0.50973,0.87162,-0.07134,0.06511,-0.00923,-0.02834,0.20435,0.38782,0.37131,1.81522,1.84470,0.99065,0.98571,1.00000,0.85655,0.00000,0.17538,2.68600,2.12051,0.98131,0.97183,1.00000
27,0.0151,2752512,47947,0.03640,7.75e-05,0.3348,76.9779,0.00000,0.00000,0.00000,10.00000,1150.06826,0.00000,0.70146,0.00000,0.00000,0.87083,0.00000,0.00000,0.00000,0.00000,0.00000,0.39277,1.94180,1.44974,1.00000,1.00000,1.00000,1152.45744,-0.02724,-0.11378,0.30364,-0.02598,0.50835,0.86993,-0.07121,0.06597,-0.00933,-0.02839,0.20346,0.38500,0.37135,1.73451,1.73368,0.98485,0.97600,1.00000,0.85676,0.00000,0.17563,2.67272,2.06242,0.96970,0.95000,1.00000
28,0.0157,2850816,48223,0.02433,7.23e-05,0.3348,74.0072,0.00000,0.00000,0.00000,10.00000,1125.78974,0.00000,0.74396,0.00000,0.00000,0.86799,0.00000,0.00000,0.00000,0.00000,0.00000,0.39350,1.93157,1.58220,0.99130,1.00000,0.91667,1156.84985,-0.02722,-0.11427,0.30325,-0.02601,0.50711,0.86706,-0.07080,0.06398,-0.00939,-0.02858,0.20209,0.38433,0.37089,1.92297,2.19833,0.97391,0.96753,0.95833,0.85445,0.00000,0.17651,2.66447,2.29214,0.95652,0.93333,1.00000
29,0.0162,2949120,51057,0.03700,7.23e-05,0.3347,80.9678,0.00000,0.00000,0.00000,10.00000,1147.76697,0.00000,0.80645,0.00000,0.00000,0.86612,0.00000,0.00000,0.00000,0.00000,0.00000,0.39282,1.93068,1.47771,1.00000,1.00000,1.00000,1165.37362,-0.02730,-0.11503,0.30210,-0.02518,0.50573,0.86515,-0.07088,0.06619,-0.00888,-0.02830,0.20143,0.38282,0.37080,1.71424,2.10800,0.98925,0.98519,1.00000,0.85402,0.00000,0.17597,2.66522,1.95420,0.97849,0.97059,1.00000
30,0.0168,3047424,49136,0.01797,7.23e-05,0.3347,74.1654,0.00000,0.00000,0.00000,10.00000,1165.99159,0.00000,0.68917,0.00000,0.00000,0.86238,0.00000,0.00000,0.00000,0.00000,0.00000,0.39215,1.92961,1.55410,1.00000,1.00000,1.00000,1171.58968,-0.02716,-0.11561,0.30293,-0.02573,0.50314,0.86152,-0.07082,0.06861,-0.00989,-0.02802,0.20267,0.38400,0.36970,1.76527,1.65077,0.98734,0.98980,0.92857,0.84852,0.00000,0.17607,2.67516,2.02816,0.97468,0.97727,0.85714
31,0.0173,3145728,51404,0.01866,5.17e-05,0.3346,67.9291,0.00000,0.00000,0.00000,10.00000,1172.51638,0.00000,0.74967,0.00000,0.00000,0.86460,0.00000,0.00000,0.00000,0.00000,0.00000,0.39191,1.95020,1.45265,1.00000,1.00000,1.00000,1187.16064,-0.02701,-0.11706,0.30501,-0.02563,0.50517,0.86379,-0.07105,0.06938,-0.01005,-0.02801,0.20402,0.38605,0.37049,1.72820,1.92000,0.99398,1.00000,0.90000,0.85243,0.00000,0.17540,2.69037,2.07518,0.98795,1.00000,0.80000
32,0.0179,3244032,53859,0.01192,7.23e-05,0.3346,74.8729,0.00000,0.00000,0.00000,10.00000,1152.59097,0.00000,0.77991,0.00000,0.00000,0.87308,0.00000,0.00000,0.00000,0.00000,0.00000,0.39279,1.96022,1.48070,1.00000,1.00000,1.00000,1167.75513,-0.02693,-0.11530,0.30751,-0.02633,0.50959,0.87220,-0.07106,0.06678,-0.00831,-0.02855,0.20503,0.38988,0.37152,1.80163,1.87714,0.99038,0.99315,0.93333,0.85760,0.00000,0.17567,2.71001,2.17027,0.98077,0.98571,0.83333
33,0.0184,3342336,51903,0.01625,1.02e-04,0.3345,74.2395,0.00000,0.00000,0.00000,10.00000,1127.29229,0.00000,0.79710,0.00000,0.00000,0.87681,0.00000,0.00000,0.00000,0.00000,0.00000,0.39083,1.97354,1.58267,1.00000,1.00000,1.00000,1151.01742,-0.02668,-0.11370,0.30947,-0.02680,0.51309,0.87589,-0.06992,0.06908,-0.00691,-0.02825,0.20644,0.39197,0.37228,1.88455,1.94000,0.98913,0.98485,1.00000,0.86140,0.00000,0.17770,2.72396,2.20800,0.97826,0.96875,1.00000
34,0.0189,3440640,53566,0.01644,6.11e-05,0.3344,71.4220,0.00000,0.00000,0.00000,10.00000,1171.52221,0.00000,0.72016,0.00000,0.00000,0.87686,0.00000,0.00000,0.00000,0.00000,0.00000,0.39064,1.96871,1.48071,1.00000,1.00000,1.00000,1142.53532,-0.02667,-0.11289,0.30911,-0.02625,0.51365,0.87589,-0.06902,0.07407,-0.01012,-0.02857,0.20588,0.39101,0.37204,1.77574,1.87294,0.98611,0.98571,0.94444,0.86022,0.00000,0.17488,2.72802,2.13400,0.97222,0.96923,0.87500
35,0.0195,3538944,50797,0.01657,5.17e-05,0.3344,80.6121,0.00000,0.00000,0.00000,10.00000,1158.23156,0.00000,0.70556,0.00000,0.00000,0.87381,0.00000,0.00000,0.00000,0.00000,0.00000,0.39122,1.94209,1.70838,0.98000,0.98462,0.90000,1148.94100,-0.02697,-0.11347,0.30687,-0.02619,0.51192,0.87283,-0.06947,0.07480,-0.00895,-0.02831,0.20439,0.38839,0.37191,1.89366,1.63059,0.98000,0.97638,0.94118,0.85957,0.00000,0.17618,2.72215,2.09529,0.98000,0.96774,1.00000
36,0.0200,3637248,51595,0.01386,5.17e-05,0.3343,82.3170,0.00000,0.00000,0.00000,10.00000,1148.66861,0.00000,0.84682,0.00000,0.00000,0.87076,0.00000,0.00000,0.00000,0.00000,0.00000,0.39123,1.93869,1.41023,1.00000,1.00000,1.00000,1154.67635,-0.02709,-0.11411,0.30452,-0.02582,0.50990,0.86971,-0.06972,0.07397,-0.00842,-0.02853,0.20317,0.38593,0.37156,1.74601,2.52000,0.99029,0.98726,1.00000,0.85779,0.00000,0.17501,2.70389,2.14000,0.98058,0.97260,1.00000
37,0.0206,3735552,48676,0.00838,7.59e-05,0.3343,82.8474,0.00000,0.00000,0.00000,10.00000,1171.92708,0.00000,0.75231,0.00000,0.00000,0.86934,0.00000,0.00000,0.00000,0.00000,0.00000,0.39196,1.94170,1.45973,1.00000,1.00000,1.00000,1167.33936,-0.02712,-0.11531,0.30542,-0.02610,0.50882,0.86837,-0.06967,0.07049,-0.00863,-0.02851,0.20372,0.38691,0.37138,1.85120,1.72167,0.99479,0.99231,1.00000,0.85688,0.00000,0.17602,2.70406,2.27147,0.98958,0.98438,1.00000
38,0.0212,3833856,47320,0.01021,8.52e-05,0.3342,60.8249,0.00000,0.00000,0.00000,10.00000,1189.79976,0.00000,0.67422,0.00000,0.00000,0.86832,0.00000,0.00000,0.00000,0.00000,0.00000,0.39138,1.93333,1.42267,1.00000,1.00000,1.00000,1149.80664,-0.02720,-0.11357,0.30368,-0.02620,0.50723,0.86734,-0.06980,0.07363,-0.00875,-0.02838,0.20298,0.38454,0.37103,1.73434,1.58476,0.99515,0.99200,1.00000,0.85515,0.00000,0.17428,2.69426,2.06828,0.99029,0.98361,1.00000
39,0.0217,3932160,48407,0.01101,1.23e-04,0.3341,83.0224,0.00000,0.00000,0.00000,10.00000,1148.56505,0.00000,0.82766,0.00000,0.00000,0.86869,0.00000,0.00000,0.00000,0.00000,0.00000,0.39115,1.92438,1.41976,0.98980,0.98718,1.00000,1169.75033,-0.02714,-0.11543,0.30224,-0.02570,0.50737,0.86775,-0.07022,0.07277,-0.00871,-0.02830,0.20136,0.38281,0.37132,1.69200,1.61800,0.98980,0.98630,1.00000,0.85661,0.00000,0.17446,2.68155,2.01408,0.98980,0.98529,1.00000
40,0.0223,4030464,49313,0.01152,1.12e-04,0.3340,73.9654,0.00000,0.00000,0.00000,10.00000,1149.47714,0.00000,0.78053,0.00000,0.00000,0.86930,0.00000,0.00000,0.00000,0.00000,0.00000,0.39042,1.91785,1.49816,1.00000,1.00000,1.00000,1167.58968,-0.02714,-0.11523,0.30190,-0.02648,0.50811,0.86832,-0.06960,0.07336,-0.01030,-0.02846,0.20011,0.38251,0.37155,1.73697,1.74727,0.98347,0.98235,0.91667,0.85777,0.00000,0.17534,2.67794,1.96527,0.96694,0.96591,0.85714
41,0.0229,4128768,48963,0.01293,1.50e-04,0.3339,84.5218,0.00000,0.00000,0.00000,10.00000,1153.65280,0.00000,0.79521,0.00000,0.00000,0.86566,0.00000,0.00000,0.00000,0.00000,0.00000,0.39009,1.90286,1.41628,0.99020,0.98718,1.00000,1175.47111,-0.02720,-0.11595,0.29999,-0.02642,0.50595,0.86459,-0.06918,0.07100,-0.01013,-0.02855,0.19816,0.38041,0.37076,1.69145,1.61333,0.98039,0.97945,0.93750,0.85380,0.00000,0.17712,2.65529,2.01562,0.97059,0.97059,0.87500
42,0.0234,4227072,47524,0.01457,1.21e-04,0.3338,74.0313,0.00000,0.00000,0.00000,10.00000,1169.58890,0.00000,0.80117,0.00000,0.00000,0.86191,0.00000,0.00000,0.00000,0.00000,0.00000,0.38903,1.92263,1.53890,0.98947,0.98592,1.00000,1168.07902,-0.02709,-0.11523,0.30170,-0.02611,0.50380,0.86095,-0.06923,0.07384,-0.00918,-0.02833,0.19913,0.38191,0.37030,1.80619,2.54400,0.98421,0.97810,1.00000,0.85148,0.00000,0.17544,2.66633,2.10182,0.97895,0.96970,1.00000
43,0.0240,4325376,47771,0.01218,1.61e-04,0.3337,92.4118,0.00000,0.00000,0.00000,10.00000,1144.59490,0.00000,0.72601,0.00000,0.00000,0.86179,0.00000,0.00000,0.00000,0.00000,0.00000,0.38932,1.92451,1.35545,1.00000,1.00000,1.00000,1185.76652,-0.02723,-0.11700,0.30104,-0.02608,0.50317,0.86078,-0.06969,0.07401,-0.00990,-0.02832,0.19925,0.38122,0.36980,1.79298,1.81882,0.98295,0.97391,1.00000,0.84899,0.00000,0.17430,2.66007,2.23723,0.96591,0.94737,1.00000
44,0.0246,4423680,48530,0.01472,1.33e-04,0.3336,68.1874,0.00000,0.00000,0.00000,10.00000,1156.06146,0.00000,0.75926,0.00000,0.00000,0.86205,0.00000,0.00000,0.00000,0.00000,0.00000,0.39011,1.94794,1.55861,1.00000,1.00000,1.00000,1203.12980,-0.02713,-0.11870,0.30374,-0.02573,0.50247,0.86103,-0.07072,0.07257,-0.01018,-0.02848,0.20170,0.38478,0.36956,1.79859,1.69895,1.00000,1.00000,1.00000,0.84781,0.00000,0.17285,2.67611,2.04543,1.00000,1.00000,1.00000
45,0.0252,4521984,48486,0.01372,1.58e-04,0.3335,66.7701,0.00000,0.00000,0.00000,10.00000,1140.83301,0.00000,0.77546,0.00000,0.00000,0.86792,0.00000,0.00000,0.00000,0.00000,0.00000,0.38825,1.97147,1.49403,1.00000,1.00000,1.00000,1177.32153,-0.02704,-0.11632,0.30465,-0.02626,0.50591,0.86694,-0.07086,0.07268,-0.00913,-0.02819,0.20257,0.38600,0.37072,1.74382,1.78782,1.00000,1.00000,1.00000,0.85361,0.00000,0.17341,2.67152,1.98425,1.00000,1.00000,1.00000
46,0.0257,4620288,47687,0.01362,1.60e-04,0.3334,77.5588,0.00000,0.00000,0.00000,10.00000,1166.24533,0.00000,0.79038,0.00000,0.00000,0.87328,0.00000,0.00000,0.00000,0.00000,0.00000,0.38830,1.98280,1.42947,0.98969,0.98571,1.00000,1188.90210,-0.02683,-0.11741,0.30661,-0.02645,0.51031,0.87235,-0.07062,0.07185,-0.00833,-0.02854,0.20363,0.38975,0.37194,1.71444,1.85428,0.99485,0.99275,1.00000,0.85968,0.00000,0.17511,2.69844,2.00320,1.00000,1.00000,1.00000
47,0.0263,4718592,46529,0.01414,1.49e-04,0.3333,70.0495,0.00000,0.00000,0.00000,10.00000,1161.90009,0.00000,0.73184,0.00000,0.00000,0.87414,0.00000,0.00000,0.00000,0.00000,0.00000,0.38718,1.97793,1.56718,0.99038,0.98462,1.00000,1151.24406,-0.02687,-0.11371,0.30624,-0.02712,0.51080,0.87309,-0.07038,0.07483,-0.00928,-0.02852,0.20287,0.38900,0.37130,1.75877,1.58714,0.98558,0.98540,0.96429,0.85649,0.00000,0.17483,2.69017,1.93459,0.98077,0.98611,0.92857
48,0.0269,4816896,47586,0.02266,8.39e-05,0.3332,73.2637,0.00000,0.00000,0.00000,10.00000,1179.52936,0.00000,0.74074,0.00000,0.00000,0.86882,0.00000,0.00000,0.00000,0.00000,0.00000,0.38702,1.96394,1.48842,1.00000,1.00000,1.00000,1161.66317,-0.02697,-0.11470,0.30436,-0.02610,0.50909,0.86778,-0.06961,0.07730,-0.00760,-0.02847,0.20167,0.38543,0.37050,1.68112,1.54308,0.98485,0.97727,1.00000,0.85252,0.00000,0.17255,2.67334,1.89970,0.96970,0.95161,1.00000
49,0.0275,4915200,48092,0.01146,1.21e-04,0.3331,75.5490,0.00000,0.00000,0.00000,10.00000,1175.42561,0.00000,0.77188,0.00000,0.00000,0.86614,0.00000,0.00000,0.00000,0.00000,0.00000,0.38776,1.93658,1.50526,1.00000,1.00000,1.00000,1180.49935,-0.02716,-0.11643,0.30229,-0.02610,0.50613,0.86517,-0.06940,0.07527,-0.01005,-0.02873,0.19989,0.38236,0.37038,1.69977,1.47143,1.00000,1.00000,1.00000,0.85188,0.00000,0.17438,2.65813,1.92241,1.00000,1.00000,1.00000
50,0.0281,5013504,48334,0.01303,1.20e-04,0.3330,78.7258,0.00000,0.00000,0.00000,10.00000,1156.96128,0.00000,0.80918,0.00000,0.00000,0.86465,0.00000,0.00000,0.00000,0.00000,0.00000,0.38756,1.92503,1.39075,1.00000,1.00000,1.00000,1176.70850,-0.02724,-0.11615,0.30268,-0.02675,0.50469,0.86373,-0.07086,0.07831,-0.00952,-0.02830,0.19972,0.38252,0.37041,1.71078,1.76444,0.98913,0.98507,1.00000,0.85205,0.00000,0.17616,2.67662,2.00054,0.97826,0.97183,1.00000
51,0.0287,5111808,45919,0.01197,1.60e-04,0.3328,72.0718,0.00000,0.00000,0.00000,10.00000,1167.79482,0.00000,0.72917,0.00000,0.00000,0.86129,0.00000,0.00000,0.00000,0.00000,0.00000,0.38568,1.94054,1.49656,1.00000,1.00000,1.00000,1157.88916,-0.02701,-0.11441,0.30467,-0.02646,0.50366,0.86032,-0.07083,0.08496,-0.00905,-0.02800,0.20088,0.38506,0.36983,1.74569,1.66555,0.99375,0.99048,1.00000,0.84914,0.00000,0.17372,2.70887,2.01593,0.98750,0.97917,1.00000
52,0.0293,5210112,46884,0.01807,1.73e-04,0.3327,59.4785,0.00000,0.00000,0.00000,10.00000,1119.98314,0.00000,0.88076,0.00000,0.00000,0.86703,0.00000,0.00000,0.00000,0.00000,0.00000,0.38594,1.96818,1.54282,1.00000,1.00000,1.00000,1172.42928,-0.02674,-0.11577,0.30752,-0.02594,0.50741,0.86608,-0.07113,0.08586,-0.00795,-0.02804,0.20387,0.38922,0.37109,1.79527,2.16667,0.98780,0.98462,1.00000,0.85544,0.00000,0.17202,2.74133,2.09400,0.97561,0.96721,1.00000
53,0.0299,5308416,47113,0.01323,1.89e-04,0.3326,75.0875,0.00000,0.00000,0.00000,10.00000,1177.64291,0.00000,0.71279,0.00000,0.00000,0.87521,0.00000,0.00000,0.00000,0.00000,0.00000,0.38619,1.98677,1.38152,1.00000,1.00000,1.00000,1158.18563,-0.02657,-0.11440,0.31045,-0.02696,0.51281,0.87427,-0.07049,0.08315,-0.00774,-0.02848,0.20486,0.39326,0.37224,1.70446,1.62286,1.00000,1.00000,1.00000,0.86119,0.00000,0.17331,2.74971,2.03154,1.00000,1.00000,1.00000
54,0.0304,5406720,51244,0.01207,2.40e-04,0.3325,65.7583,0.00000,0.00000,0.00000,10.00000,1142.79370,0.00000,0.76968,0.00000,0.00000,0.87709,0.00000,0.00000,0.00000,0.00000,0.00000,0.38585,1.98347,1.55699,0.98958,0.98485,1.00000,1167.83325,-0.02666,-0.11530,0.30991,-0.02682,0.51426,0.87620,-0.07012,0.08465,-0.00914,-0.02839,0.20564,0.39257,0.37277,1.82644,1.79714,0.98958,0.98496,1.00000,0.86384,0.00000,0.17275,2.75076,2.09589,0.98958,0.98507,1.00000
55,0.0309,5505024,53334,0.01679,1.80e-04,0.3323,77.7146,0.00000,0.00000,0.00000,10.00000,1156.68504,0.00000,0.76720,0.00000,0.00000,0.87692,0.00000,0.00000,0.00000,0.00000,0.00000,0.38618,1.97246,1.41833,0.99048,0.98684,1.00000,1160.49023,-0.02669,-0.11463,0.30915,-0.02639,0.51387,0.87599,-0.06976,0.08559,-0.00744,-0.02847,0.20533,0.39147,0.37253,1.71814,1.77111,0.98571,0.97931,1.00000,0.86265,0.00000,0.17316,2.75282,2.04519,0.98095,0.97101,1.00000
56,0.0315,5603328,53613,0.01687,1.33e-04,0.3323,73.6840,0.00000,0.00000,0.00000,10.00000,1140.66625,0.00000,0.76111,0.00000,0.00000,0.87726,0.00000,0.00000,0.00000,0.00000,0.00000,0.38611,1.96067,1.58555,1.00000,1.00000,1.00000,1136.69743,-0.02681,-0.11223,0.30922,-0.02686,0.51379,0.87630,-0.07014,0.08462,-0.00891,-0.02843,0.20437,0.39144,0.37262,1.88189,1.92267,0.98000,0.97080,1.00000,0.86312,0.00000,0.17429,2.75170,2.16263,0.96000,0.94444,1.00000
57,0.0320,5701632,53492,0.01935,1.43e-04,0.3322,65.7321,0.00000,0.00000,0.00000,10.00000,1186.01335,0.00000,0.72338,0.00000,0.00000,0.87246,0.00000,0.00000,0.00000,0.00000,0.00000,0.38624,1.95432,1.50079,1.00000,1.00000,1.00000,1119.58911,-0.02672,-0.11060,0.30873,-0.02699,0.51181,0.87149,-0.06981,0.08540,-0.00888,-0.02820,0.20440,0.39085,0.37158,1.79600,1.87692,0.97917,0.96800,1.00000,0.85789,0.00000,0.17394,2.74925,2.17627,0.95833,0.92727,1.00000
58,0.0325,5799936,53834,0.01128,1.58e-04,0.3321,73.7945,0.00000,0.00000,0.00000,10.00000,1167.66094,0.00000,0.73016,0.00000,0.00000,0.86671,0.00000,0.00000,0.00000,0.00000,0.00000,0.38523,1.94839,1.52122,1.00000,1.00000,1.00000,1128.03923,-0.02684,-0.11141,0.30587,-0.02546,0.50904,0.86592,-0.07019,0.09340,-0.00809,-0.02811,0.20417,0.38681,0.37113,1.75161,1.66353,0.99524,1.00000,0.94444,0.85565,0.00000,0.16998,2.74327,2.01041,0.99048,1.00000,0.87500
59,0.0330,5898240,50922,0.01285,1.78e-04,0.3320,61.0374,0.00000,0.00000,0.00000,10.00000,1127.13273,0.00000,0.83035,0.00000,0.00000,0.86416,0.00000,0.00000,0.00000,0.00000,0.00000,0.38565,1.94303,1.56740,1.00000,1.00000,1.00000,1125.45239,-0.02706,-0.11123,0.30344,-0.02575,0.50684,0.86334,-0.07122,0.08856,-0.00801,-0.02790,0.20339,0.38467,0.37086,1.85111,2.32133,0.99462,0.99281,1.00000,0.85432,0.00000,0.17067,2.71543,2.11000,0.98925,0.98630,1.00000
60,0.0337,5996544,44239,0.01180,2.14e-04,0.3318,78.2656,0.00000,0.00000,0.00000,10.00000,1151.08863,0.00000,0.80138,0.00000,0.00000,0.86401,0.00000,0.00000,0.00000,0.00000,0.00000,0.38616,1.95053,1.38857,0.99115,0.98824,1.00000,1149.55046,-0.02713,-0.11344,0.30312,-0.02643,0.50608,0.86318,-0.07075,0.08248,-0.00904,-0.02809,0.20144,0.38422,0.37030,1.75148,1.64000,0.99115,0.98773,1.00000,0.85148,0.00000,0.17141,2.68272,2.14000,0.99115,0.98718,1.00000
61,0.0343,6094848,46721,0.01371,2.08e-04,0.3316,78.3812,0.00000,0.00000,0.00000,10.00000,1157.13665,0.00000,0.74561,0.00000,0.00000,0.86111,0.00000,0.00000,0.00000,0.00000,0.00000,0.38589,1.93477,1.53882,1.00000,1.00000,1.00000,1152.88932,-0.02741,-0.11371,0.29929,-0.02571,0.50374,0.86027,-0.07128,0.08033,-0.00952,-0.02840,0.19909,0.37853,0.36996,1.93610,1.91857,0.98684,0.98039,1.00000,0.84979,0.00000,0.17130,2.63587,2.36354,0.97368,0.96053,1.00000
62,0.0349,6193152,46570,0.01473,1.78e-04,0.3315,94.0722,0.00000,0.00000,0.00000,10.00000,1138.89716,0.00000,0.77664,0.00000,0.00000,0.85931,0.00000,0.00000,0.00000,0.00000,0.00000,0.38471,1.90928,1.49221,0.97959,0.97101,1.00000,1173.28084,-0.02756,-0.11567,0.29653,-0.02588,0.50221,0.85844,-0.07121,0.08002,-0.01005,-0.02824,0.19745,0.37529,0.36963,1.78617,1.57059,0.96939,0.95620,1.00000,0.84815,0.00000,0.17287,2.62651,2.10055,0.95918,0.94118,1.00000
63,0.0354,6291456,46794,0.01441,1.89e-04,0.3314,67.6704,0.00000,0.00000,0.00000,10.00000,1185.31463,0.00000,0.79125,0.00000,0.00000,0.85786,0.00000,0.00000,0.00000,0.00000,0.00000,0.38322,1.91744,1.35256,1.00000,1.00000,1.00000,1192.88452,-0.02722,-0.11768,0.29944,-0.02621,0.50078,0.85694,-0.07168,0.08351,-0.00987,-0.02841,0.19802,0.37919,0.36956,1.66496,1.87333,0.98485,0.97872,1.00000,0.84778,0.00000,0.17537,2.66082,2.05174,0.96970,0.95312,1.00000
64,0.0361,6389760,45524,0.01195,2.38e-04,0.3313,85.6730,0.00000,0.00000,0.00000,10.00000,1152.51452,0.00000,0.75163,0.00000,0.00000,0.85924,0.00000,0.00000,0.00000,0.00000,0.00000,0.38352,1.92185,1.49051,1.00000,1.00000,1.00000,1181.44352,-0.02700,-0.11653,0.30199,-0.02691,0.50275,0.85825,-0.07218,0.08421,-0.00983,-0.02829,0.19896,0.38221,0.37015,1.80215,1.85733,1.00000,1.00000,1.00000,0.85073,0.00000,0.17547,2.68652,2.06113,1.00000,1.00000,1.00000
65,0.0366,6488064,52662,0.01224,2.97e-04,0.3311,66.8999,0.00000,0.00000,0.00000,10.00000,1149.61154,0.00000,0.71513,0.00000,0.00000,0.86425,0.00000,0.00000,0.00000,0.00000,0.00000,0.38398,1.95462,1.47714,0.98936,0.98148,1.00000,1157.01050,-0.02686,-0.11427,0.30582,-0.02702,0.50581,0.86335,-0.07222,0.08683,-0.00887,-0.02799,0.20230,0.38761,0.37061,1.81072,1.59000,0.98936,0.98347,1.00000,0.85306,0.00000,0.17316,2.72289,2.09093,0.98936,0.98507,1.00000
66,0.0371,6586368,54199,0.01477,2.59e-04,0.3309,67.6210,0.00000,0.00000,0.00000,10.00000,1206.63631,0.00000,0.67974,0.00000,0.00000,0.87031,0.00000,0.00000,0.00000,0.00000,0.00000,0.38376,1.96541,1.51226,1.00000,1.00000,1.00000,1152.38298,-0.02684,-0.11388,0.30684,-0.02698,0.50934,0.86943,-0.07229,0.08698,-0.00881,-0.02804,0.20400,0.38892,0.37150,1.73417,1.92375,1.00000,1.00000,1.00000,0.85749,0.00000,0.17253,2.73065,1.97138,1.00000,1.00000,1.00000
67,0.0376,6684672,53735,0.01387,2.86e-04,0.3308,71.2517,0.00000,0.00000,0.00000,10.00000,1141.06388,0.00000,0.84423,0.00000,0.00000,0.87385,0.00000,0.00000,0.00000,0.00000,0.00000,0.38202,1.98112,1.46759,1.00000,1.00000,1.00000,1157.70630,-0.02670,-0.11418,0.30868,-0.02727,0.51175,0.87302,-0.07246,0.09237,-0.00781,-0.02839,0.20518,0.39080,0.37234,1.75889,1.42000,0.98529,0.98710,0.88889,0.86170,0.00000,0.17167,2.75469,2.09680,0.97059,0.97260,0.75000
68,0.0381,6782976,54951,0.01337,2.72e-04,0.3307,73.1407,0.00000,0.00000,0.00000,10.00000,1170.78460,0.00000,0.68452,0.00000,0.00000,0.87487,0.00000,0.00000,0.00000,0.00000,0.00000,0.38129,1.97147,1.47952,0.99107,0.98571,1.00000,1134.01603,-0.02682,-0.11192,0.30768,-0.02676,0.51277,0.87403,-0.07191,0.09433,-0.01015,-0.02836,0.20445,0.38948,0.37261,1.72237,1.60889,0.97768,0.96377,1.00000,0.86306,0.00000,0.17075,2.74774,1.99079,0.96429,0.94118,1.00000
69,0.0386,6881280,53966,0.01531,2.27e-04,0.3306,85.2542,0.00000,0.00000,0.00000,10.00000,1188.49404,0.00000,0.73477,0.00000,0.00000,0.87079,0.00000,0.00000,0.00000,0.00000,0.00000,0.38161,1.95926,1.39972,1.00000,1.00000,1.00000,1123.71493,-0.02689,-0.11098,0.30633,-0.02671,0.50999,0.86993,-0.07173,0.09454,-0.00751,-0.02806,0.20352,0.38808,0.37195,1.72823,1.81571,0.99462,0.99187,1.00000,0.85977,0.00000,0.17048,2.74188,2.08708,0.98925,0.98305,1.00000
70,0.0391,6979584,55469,0.01493,2.00e-04,0.3304,68.4407,0.00000,0.00000,0.00000,10.00000,1199.83412,0.00000,0.77381,0.00000,0.00000,0.86685,0.00000,0.00000,0.00000,0.00000,0.00000,0.38100,1.95091,1.43808,1.00000,1.00000,1.00000,1099.94938,-0.02701,-0.10872,0.30312,-0.02664,0.50757,0.86603,-0.07112,0.09205,-0.00702,-0.02825,0.20171,0.38410,0.37103,1.58046,1.66667,1.00000,1.00000,1.00000,0.85517,0.00000,0.17017,2.70092,1.74775,1.00000,1.00000,1.00000
71,0.0397,7077888,54090,0.01203,2.14e-04,0.3303,72.4809,0.00000,0.00000,0.00000,10.00000,1178.43458,0.00000,0.80586,0.00000,0.00000,0.86164,0.00000,0.00000,0.00000,0.00000,0.00000,0.37965,1.95199,1.49667,1.00000,1.00000,1.00000,1097.71118,-0.02714,-0.10856,0.30298,-0.02580,0.50428,0.86088,-0.07243,0.09632,-0.00728,-0.02782,0.20166,0.38316,0.37017,1.75220,1.61111,0.99451,0.99242,1.00000,0.85086,0.00000,0.16895,2.70205,2.01884,0.98901,0.98462,1.00000
72,0.0402,7176192,52586,0.01555,1.50e-04,0.3301,70.7810,0.00000,0.00000,0.00000,10.00000,1177.07061,0.00000,0.72917,0.00000,0.00000,0.85740,0.00000,0.00000,0.00000,0.00000,0.00000,0.37810,1.96008,1.54281,1.00000,1.00000,1.00000,1122.90568,-0.02709,-0.11087,0.30340,-0.02547,0.50126,0.85657,-0.07340,0.10027,-0.00834,-0.02767,0.20246,0.38341,0.36906,1.85257,1.75200,0.98750,0.98095,1.00000,0.84529,0.00000,0.16817,2.70577,2.16786,0.97500,0.96226,1.00000
73,0.0407,7274496,54426,0.01031,1.89e-04,0.3300,79.1419,0.00000,0.00000,0.00000,10.00000,1173.32604,0.00000,0.78165,0.00000,0.00000,0.86061,0.00000,0.00000,0.00000,0.00000,0.00000,0.37828,1.97757,1.51029,1.00000,1.00000,1.00000,1155.70744,-0.02689,-0.11414,0.30462,-0.02662,0.50214,0.85983,-0.07442,0.09957,-0.00834,-0.02791,0.20359,0.38493,0.36981,1.77333,1.48500,0.98256,0.97521,1.00000,0.84907,0.00000,0.16770,2.71275,2.09854,0.96512,0.94545,1.00000
74,0.0412,7372800,54202,0.01311,2.16e-04,0.3299,71.0503,0.00000,0.00000,0.00000,10.00000,1173.59210,0.00000,0.74786,0.00000,0.00000,0.86964,0.00000,0.00000,0.00000,0.00000,0.00000,0.37886,1.98120,1.45538,1.00000,1.00000,1.00000,1153.54411,-0.02687,-0.11385,0.30539,-0.02679,0.50694,0.86876,-0.07380,0.09485,-0.00878,-0.02844,0.20281,0.38621,0.37084,1.78344,1.73579,0.99038,0.98571,1.00000,0.85421,0.00000,0.16841,2.70255,2.10734,0.98077,0.97222,1.00000
75,0.0417,7471104,53798,0.01442,2.00e-04,0.3297,67.4875,0.00000,0.00000,0.00000,10.00000,1145.72320,0.00000,0.77222,0.00000,0.00000,0.87046,0.00000,0.00000,0.00000,0.00000,0.00000,0.37659,1.98239,1.50024,1.00000,1.00000,1.00000,1165.17204,-0.02682,-0.11503,0.30454,-0.02674,0.50807,0.86965,-0.07406,0.10192,-0.00834,-0.02832,0.20372,0.38601,0.37170,1.72583,1.70267,0.98500,0.97842,1.00000,0.85852,0.00000,0.16759,2.71770,2.00118,0.97000,0.95312,1.00000
76,0.0422,7569408,54815,0.01637,1.31e-04,0.3296,76.1819,0.00000,0.00000,0.00000,10.00000,1156.53824,0.00000,0.73545,0.00000,0.00000,0.87161,0.00000,0.00000,0.00000,0.00000,0.00000,0.37751,1.98023,1.45538,0.99048,0.98571,1.00000,1155.72290,-0.02659,-0.11387,0.30638,-0.02696,0.50961,0.87064,-0.07300,0.10039,-0.00924,-0.02835,0.20299,0.38852,0.37171,1.80410,1.72000,0.98095,0.97122,1.00000,0.85855,0.00000,0.16891,2.72940,2.15282,0.97143,0.95652,1.00000
77,0.0427,7667712,54210,0.01271,1.49e-04,0.3295,76.0298,0.00000,0.00000,0.00000,10.00000,1159.80825,0.00000,0.74257,0.00000,0.00000,0.86995,0.00000,0.00000,0.00000,0.00000,0.00000,0.37714,1.97404,1.49622,0.99010,0.98507,1.00000,1126.89486,-0.02647,-0.11128,0.30584,-0.02746,0.50895,0.86912,-0.07268,0.10177,-0.00853,-0.02809,0.20419,0.38792,0.37154,1.73153,2.10143,0.97030,0.96296,0.93333,0.85772,0.00000,0.16908,2.73543,1.98028,0.95050,0.94118,0.85714
78,0.0433,7766016,53204,0.01379,1.49e-04,0.3294,87.6378,0.00000,0.00000,0.00000,10.00000,1147.41127,0.00000,0.78798,0.00000,0.00000,0.87106,0.00000,0.00000,0.00000,0.00000,0.00000,0.37701,1.97222,1.37205,1.00000,1.00000,1.00000,1105.57902,-0.02630,-0.10929,0.30681,-0.02705,0.50958,0.87017,-0.07222,0.10473,-0.00690,-0.02805,0.20414,0.38920,0.37145,1.70351,1.46545,0.98469,0.98561,0.91667,0.85726,0.00000,0.16837,2.75280,2.02613,0.96939,0.97260,0.80000
79,0.0438,7864320,54480,0.01611,1.33e-04,0.3293,76.9527,0.00000,0.00000,0.00000,10.00000,1159.82469,0.00000,0.76111,0.00000,0.00000,0.86864,0.00000,0.00000,0.00000,0.00000,0.00000,0.37674,1.96392,1.46430,1.00000,1.00000,1.00000,1133.46680,-0.02635,-0.11194,0.30664,-0.02656,0.50840,0.86781,-0.07319,0.10716,-0.00924,-0.02806,0.20471,0.38847,0.37144,1.73293,1.82750,0.98500,0.97810,1.00000,0.85720,0.00000,0.16833,2.76555,2.03183,0.97000,0.95455,1.00000
80,0.0443,7962624,54598,0.01634,8.35e-05,0.3292,73.5568,0.00000,0.00000,0.00000,10.00000,1198.30896,0.00000,0.71930,0.00000,0.00000,0.86971,0.00000,0.00000,0.00000,0.00000,0.00000,0.37683,1.96760,1.40435,0.97895,0.98387,0.87500,1156.20980,-0.02642,-0.11407,0.30688,-0.02666,0.50896,0.86885,-0.07359,0.10616,-0.00997,-0.02815,0.20396,0.38871,0.37182,1.73826,1.62400,0.98947,0.99187,0.93750,0.85909,0.00000,0.16809,2.75817,2.07217,1.00000,1.00000,1.00000
81,0.0448,8060928,53834,0.01072,1.20e-04,0.3291,80.5433,0.00000,0.00000,0.00000,10.00000,1146.80827,0.00000,0.82035,0.00000,0.00000,0.86874,0.00000,0.00000,0.00000,0.00000,0.00000,0.37688,1.97017,1.44837,0.99065,0.98718,1.00000,1137.33415,-0.02660,-0.11229,0.30556,-0.02599,0.50870,0.86794,-0.07355,0.10367,-0.00922,-0.02832,0.20258,0.38661,0.37165,1.78058,1.56625,0.98598,0.98101,1.00000,0.85824,0.00000,0.16699,2.73257,2.11670,0.98131,0.97500,1.00000
82,0.0453,8159232,54471,0.01557,1.12e-04,0.3290,74.1574,0.00000,0.00000,0.00000,10.00000,1190.87198,0.00000,0.79749,0.00000,0.00000,0.86913,0.00000,0.00000,0.00000,0.00000,0.00000,0.37596,1.96952,1.37650,0.99194,0.98958,1.00000,1112.21387,-0.02659,-0.10997,0.30417,-0.02631,0.50903,0.86829,-0.07329,0.10197,-0.00755,-0.02836,0.20229,0.38501,0.37136,1.61798,1.63818,0.99194,0.98876,1.00000,0.85682,0.00000,0.16754,2.71101,1.91059,0.99194,0.98780,1.00000
83,0.0458,8257536,54460,0.01509,7.25e-05,0.3290,74.5110,0.00000,0.00000,0.00000,10.00000,1152.90511,0.00000,0.78652,0.00000,0.00000,0.86454,0.00000,0.00000,0.00000,0.00000,0.00000,0.37586,1.94359,1.64323,1.00000,1.00000,1.00000,1120.92000,-0.02675,-0.11071,0.30091,-0.02572,0.50637,0.86377,-0.07317,0.10226,-0.00870,-0.02804,0.19977,0.38097,0.37072,1.85778,1.75273,0.98876,0.98413,1.00000,0.85359,0.00000,0.16754,2.68945,2.07552,0.97753,0.96825,1.00000
84,0.0463,8355840,53229,0.01213,9.13e-05,0.3289,74.7623,0.00000,0.00000,0.00000,10.00000,1216.70052,0.00000,0.73099,0.00000,0.00000,0.86004,0.00000,0.00000,0.00000,0.00000,0.00000,0.37540,1.94178,1.60585,1.00000,1.00000,1.00000,1147.91593,-0.02680,-0.11341,0.30055,-0.02573,0.50244,0.85932,-0.07367,0.10501,-0.00855,-0.02836,0.20007,0.38008,0.37012,1.69975,1.78182,1.00000,1.00000,1.00000,0.85061,0.00000,0.16689,2.69409,1.79721,1.00000,1.00000,1.00000
85,0.0468,8454144,54311,0.01048,1.21e-04,0.3288,72.6510,0.00000,0.00000,0.00000,10.00000,1179.05395,0.00000,0.70571,0.00000,0.00000,0.86042,0.00000,0.00000,0.00000,0.00000,0.00000,0.37617,1.95830,1.56483,1.00000,1.00000,1.00000,1162.81104,-0.02671,-0.11473,0.30210,-0.02694,0.50283,0.85965,-0.07389,0.10085,-0.00939,-0.02802,0.20010,0.38194,0.37018,1.75426,2.00533,0.99324,0.98936,1.00000,0.85087,0.00000,0.16736,2.68516,1.97400,0.98649,0.97619,1.00000
86,0.0474,8552448,53482,0.01183,1.74e-04,0.3286,66.9457,0.00000,0.00000,0.00000,10.00000,1147.74166,0.00000,0.78027,0.00000,0.00000,0.86488,0.00000,0.00000,0.00000,0.00000,0.00000,0.37653,1.98597,1.46189,1.00000,1.00000,1.00000,1151.88053,-0.02650,-0.11365,0.30550,-0.02682,0.50573,0.86413,-0.07371,0.10154,-0.00911,-0.02819,0.20380,0.38675,0.37066,1.77045,1.55231,0.97753,0.96800,1.00000,0.85328,0.00000,0.16627,2.71658,2.15100,0.95506,0.93220,1.00000
87,0.0479,8650752,53974,0.01408,1.80e-04,0.3285,88.2784,0.00000,0.00000,0.00000,10.00000,1122.71912,0.00000,0.73856,0.00000,0.00000,0.87064,0.00000,0.00000,0.00000,0.00000,0.00000,0.37597,2.00014,1.70853,1.00000,1.00000,1.00000,1135.86060,-0.02634,-0.11215,0.30717,-0.02621,0.50965,0.86990,-0.07391,0.10519,-0.00877,-0.02809,0.20536,0.38897,0.37170,1.93404,1.79524,0.97647,0.97345,0.95455,0.85851,0.00000,0.16548,2.73940,2.17746,0.95294,0.94643,0.90909
88,0.0484,8749056,54056,0.01478,1.45e-04,0.3284,70.0729,0.00000,0.00000,0.00000,10.00000,1169.69612,0.00000,0.80997,0.00000,0.00000,0.87271,0.00000,0.00000,0.00000,0.00000,0.00000,0.37536,2.00703,1.61195,1.00000,1.00000,1.00000,1139.13151,-0.02646,-0.11259,0.30792,-0.02611,0.51154,0.87201,-0.07340,0.10788,-0.00759,-0.02824,0.20573,0.39025,0.37208,1.78442,1.51750,0.99533,0.99359,1.00000,0.86040,0.00000,0.16483,2.75158,1.95901,0.99065,0.98701,1.00000
89,0.0489,8847360,54187,0.01321,1.44e-04,0.3283,71.3506,0.00000,0.00000,0.00000,10.00000,1196.41127,0.00000,0.66468,0.00000,0.00000,0.87493,0.00000,0.00000,0.00000,0.00000,0.00000,0.37481,2.00090,1.39620,0.99107,1.00000,0.91667,1129.32804,-0.02654,-0.11144,0.30738,-0.02652,0.51200,0.87424,-0.07370,0.10751,-0.01023,-0.02831,0.20541,0.38990,0.37199,1.65824,1.75769,0.99107,0.99254,0.96296,0.85993,0.00000,0.16576,2.74210,1.91700,0.99107,0.98485,1.00000
90,0.0494,8945664,54334,0.01517,1.24e-04,0.3282,75.3765,0.00000,0.00000,0.00000,10.00000,1166.63962,0.00000,0.81408,0.00000,0.00000,0.87071,0.00000,0.00000,0.00000,0.00000,0.00000,0.37489,1.98700,1.45225,1.00000,1.00000,1.00000,1104.82666,-0.02647,-0.10922,0.30665,-0.02681,0.51014,0.87003,-0.07307,0.11152,-0.00716,-0.02805,0.20519,0.38954,0.37178,1.68873,1.55333,0.99010,0.98649,1.00000,0.85888,0.00000,0.16512,2.76123,1.93128,0.98020,0.97297,1.00000
91,0.0499,9043968,53450,0.01416,1.16e-04,0.3281,65.1769,0.00000,0.00000,0.00000,10.00000,1161.73267,0.00000,0.81958,0.00000,0.00000,0.86702,0.00000,0.00000,0.00000,0.00000,0.00000,0.37327,1.96552,1.46913,1.00000,1.00000,1.00000,1115.08643,-0.02662,-0.11007,0.30324,-0.02580,0.50795,0.86636,-0.07268,0.11444,-0.00895,-0.02812,0.20245,0.38432,0.37135,1.75400,2.10833,0.99505,0.99329,1.00000,0.85675,0.00000,0.16401,2.72990,2.04607,0.99010,0.98649,1.00000
92,0.0505,9142272,53464,0.01688,1.24e-04,0.3279,72.6291,0.00000,0.00000,0.00000,10.00000,1166.18168,0.00000,0.77778,0.00000,0.00000,0.86446,0.00000,0.00000,0.00000,0.00000,0.00000,0.37332,1.97783,1.49943,0.98889,0.98438,1.00000,1135.11825,-0.02654,-0.11206,0.30358,-0.02636,0.50604,0.86383,-0.07342,0.11145,-0.00922,-0.02813,0.20218,0.38481,0.37079,1.72748,1.88533,0.98889,0.98413,1.00000,0.85396,0.00000,0.16393,2.71327,1.95884,0.98889,0.98387,1.00000
93,0.0510,9240576,54455,0.01319,1.49e-04,0.3278,67.3421,0.00000,0.00000,0.00000,10.00000,1195.05160,0.00000,0.70645,0.00000,0.00000,0.86246,0.00000,0.00000,0.00000,0.00000,0.00000,0.37396,1.99633,1.50115,1.00000,1.00000,1.00000,1124.19702,-0.02655,-0.11101,0.30531,-0.02556,0.50514,0.86185,-0.07394,0.11006,-0.00779,-0.02768,0.20443,0.38727,0.37039,1.76234,1.55000,0.98765,0.99029,0.87500,0.85196,0.00000,0.16375,2.72693,1.99254,0.97531,0.98148,0.80000
94,0.0515,9338880,53598,0.01606,1.45e-04,0.3276,69.9364,0.00000,0.00000,0.00000,10.00000,1149.98707,0.00000,0.80460,0.00000,0.00000,0.86579,0.00000,0.00000,0.00000,0.00000,0.00000,0.37311,2.01664,1.52500,1.00000,1.00000,1.00000,1138.33504,-0.02649,-0.11237,0.30721,-0.02603,0.50743,0.86519,-0.07449,0.11323,-0.00873,-0.02780,0.20608,0.38931,0.37098,1.73555,1.81167,0.97701,0.97619,0.92308,0.85492,0.00000,0.16182,2.74036,1.97619,0.95402,0.95082,0.83333
95,0.0520,9437184,53035,0.01518,1.21e-04,0.3275,82.6928,0.00000,0.00000,0.00000,10.00000,1170.73994,0.00000,0.80858,0.00000,0.00000,0.87245,0.00000,0.00000,0.00000,0.00000,0.00000,0.37249,2.01756,1.46415,1.00000,1.00000,1.00000,1131.60498,-0.02648,-0.11173,0.30749,-0.02650,0.51114,0.87174,-0.07438,0.11054,-0.00863,-0.02798,0.20502,0.38976,0.37198,1.65937,1.44154,0.99010,0.98639,1.00000,0.85990,0.00000,0.16469,2.73215,1.87000,0.98020,0.97183,1.00000
96,0.0525,9535488,53789,0.01650,8.19e-05,0.3275,74.5850,0.00000,0.00000,0.00000,10.00000,1181.05827,0.00000,0.71995,0.00000,0.00000,0.87135,0.00000,0.00000,0.00000,0.00000,0.00000,0.37090,2.01641,1.55947,1.00000,1.00000,1.00000,1139.34912,-0.02636,-0.11246,0.30873,-0.02641,0.51098,0.87071,-0.07386,0.11428,-0.00866,-0.02814,0.20560,0.39080,0.37188,1.74145,1.62400,0.97449,0.96850,0.93750,0.85942,0.00000,0.16524,2.75473,1.96451,0.94898,0.93220,0.87500
97,0.0530,9633792,54399,0.01071,1.18e-04,0.3274,62.5850,0.00000,0.00000,0.00000,10.00000,1195.35077,0.00000,0.67788,0.00000,0.00000,0.87234,0.00000,0.00000,0.00000,0.00000,0.00000,0.37061,2.00186,1.36760,1.00000,1.00000,1.00000,1112.01888,-0.02617,-0.10987,0.30833,-0.02654,0.51176,0.87162,-0.07310,0.12056,-0.00732,-0.02820,0.20503,0.39090,0.37211,1.78477,1.84000,0.98624,0.98496,0.95000,0.86056,0.00000,0.16496,2.78207,2.15500,0.97248,0.97183,0.90909
98,0.0536,9732096,53739,0.01555,9.24e-05,0.3273,67.6387,0.00000,0.00000,0.00000,10.00000,1185.11423,0.00000,0.74973,0.00000,0.00000,0.87008,0.00000,0.00000,0.00000,0.00000,0.00000,0.37127,1.99630,1.42911,1.00000,1.00000,1.00000,1110.77279,-0.02616,-0.10983,0.30752,-0.02668,0.51205,0.86940,-0.07185,0.12170,-0.00712,-0.02805,0.20460,0.38967,0.37209,1.70784,1.78615,0.98058,0.97122,1.00000,0.86046,0.00000,0.16336,2.77370,2.02696,0.96117,0.94030,1.00000
99,0.0541,9830400,54887,0.01792,6.04e-05,0.3272,80.6896,0.00000,0.00000,0.00000,10.00000,1192.37325,0.00000,0.75964,0.00000,0.00000,0.86624,0.00000,0.00000,0.00000,0.00000,0.00000,0.37119,1.98642,1.51333,1.00000,1.00000,1.00000,1099.64152,-0.02638,-0.10865,0.30520,-0.02600,0.50917,0.86552,-0.07134,0.12205,-0.00850,-0.02778,0.20400,0.38632,0.37131,1.70671,1.83600,1.00000,1.00000,1.00000,0.85654,0.00000,0.16255,2.75179,1.93706,1.00000,1.00000,1.00000
100,0.0546,9928704,54099,0.01205,8.70e-05,0.3271,63.5137,0.00000,0.00000,0.00000,10.00000,1221.58081,0.00000,0.70146,0.00000,0.00000,0.86056,0.00000,0.00000,0.00000,0.00000,0.00000,0.36986,1.97500,1.40197,1.00000,1.00000,1.00000,1118.76180,-0.02657,-0.11045,0.30360,-0.02576,0.50512,0.85987,-0.07193,0.12288,-0.00965,-0.02807,0.20305,0.38446,0.37024,1.64310,1.63176,1.00000,1.00000,1.00000,0.85121,0.00000,0.16292,2.73333,1.88422,1.00000,1.00000,1.00000
101,0.0551,10027008,52291,0.01202,9.13e-05,0.3270,74.9025,0.00000,0.00000,0.00000,10.00000,1188.79191,0.00000,0.76389,0.00000,0.00000,0.85713,0.00000,0.00000,0.00000,0.00000,0.00000,0.36984,1.96236,1.51167,1.00000,1.00000,1.00000,1130.67277,-0.02671,-0.11163,0.30117,-0.02511,0.50278,0.85657,-0.07280,0.12319,-0.00889,-0.02790,0.20160,0.38122,0.36954,1.82138,1.69143,0.99479,0.99242,1.00000,0.84769,0.00000,0.16194,2.71805,2.12685,0.98958,0.98485,1.00000
102,0.0556,10125312,54300,0.01125,1.31e-04,0.3269,75.8010,0.00000,0.00000,0.00000,10.00000,1192.11837,0.00000,0.71279,0.00000,0.00000,0.85688,0.00000,0.00000,0.00000,0.00000,0.00000,0.36967,1.95328,1.58337,1.00000,1.00000,1.00000,1156.16284,-0.02682,-0.11402,0.29889,-0.02527,0.50156,0.85631,-0.07322,0.12046,-0.00989,-0.02812,0.19899,0.37863,0.36936,1.78026,1.94700,0.99057,0.98529,1.00000,0.84681,0.00000,0.16223,2.69085,2.00722,0.98113,0.96774,1.00000
103,0.0562,10223616,54509,0.01277,1.58e-04,0.3268,81.1348,0.00000,0.00000,0.00000,10.00000,1151.74077,0.00000,0.84427,0.00000,0.00000,0.86061,0.00000,0.00000,0.00000,0.00000,0.00000,0.36988,1.93778,1.53000,0.99213,0.98969,1.00000,1154.22526,-0.02690,-0.11396,0.29668,-0.02591,0.50275,0.85996,-0.07244,0.11530,-0.00846,-0.02840,0.19696,0.37599,0.36992,1.76759,1.57200,0.98031,0.97409,1.00000,0.84958,0.00000,0.16511,2.66803,2.01717,0.96850,0.95833,1.00000
104,0.0567,10321920,54022,0.01671,1.43e-04,0.3266,73.9587,0.00000,0.00000,0.00000,10.00000,1177.91497,0.00000,0.80749,0.00000,0.00000,0.85605,0.00000,0.00000,0.00000,0.00000,0.00000,0.36952,1.93796,1.38576,0.98837,0.98387,1.00000,1135.24056,-0.02693,-0.11208,0.29792,-0.02590,0.50100,0.85542,-0.07213,0.11745,-0.00962,-0.02799,0.19745,0.37736,0.36932,1.68492,2.08000,0.98256,0.97600,1.00000,0.84658,0.00000,0.16465,2.67893,1.99344,0.97674,0.96825,1.00000
105,0.0572,10420224,53842,0.01381,1.25e-04,0.3265,74.6986,0.00000,0.00000,0.00000,10.00000,1197.81776,0.00000,0.80128,0.00000,0.00000,0.85178,0.00000,0.00000,0.00000,0.00000,0.00000,0.36931,1.93619,1.53231,1.00000,1.00000,1.00000,1148.03410,-0.02691,-0.11331,0.29809,-0.02642,0.49860,0.85122,-0.07221,0.11983,-0.00896,-0.02819,0.19788,0.37743,0.36872,1.69847,1.92444,0.99038,0.98667,1.00000,0.84358,0.00000,0.16405,2.68854,1.86253,0.98077,0.97368,1.00000
106,0.0577,10518528,53140,0.01283,1.25e-04,0.3265,85.0044,0.00000,0.00000,0.00000,10.00000,1186.23397,0.00000,0.69801,0.00000,0.00000,0.85533,0.00000,0.00000,0.00000,0.00000,0.00000,0.36895,1.94397,1.59770,1.00000,1.00000,1.00000,1181.04386,-0.02662,-0.11638,0.30058,-0.02644,0.50057,0.85470,-0.07307,0.12132,-0.01113,-0.02789,0.19895,0.38052,0.36983,1.77915,1.85524,0.99359,0.98980,1.00000,0.84916,0.00000,0.16583,2.71827,1.97333,0.98718,0.97959,1.00000
107,0.0582,10616832,53839,0.01293,1.52e-04,0.3264,63.6707,0.00000,0.00000,0.00000,10.00000,1191.24196,0.00000,0.72057,0.00000,0.00000,0.85989,0.00000,0.00000,0.00000,0.00000,0.00000,0.36993,1.97617,1.49081,1.00000,1.00000,1.00000,1166.14242,-0.02629,-0.11507,0.30477,-0.02709,0.50375,0.85912,-0.07268,0.11973,-0.00979,-0.02820,0.20154,0.38609,0.37023,1.83644,1.69500,0.99010,0.98473,1.00000,0.85116,0.00000,0.16522,2.74464,2.19167,0.98020,0.97015,1.00000
108,0.0587,10715136,53722,0.01420,1.38e-04,0.3263,72.9701,0.00000,0.00000,0.00000,10.00000,1140.94262,0.00000,0.76058,0.00000,0.00000,0.86682,0.00000,0.00000,0.00000,0.00000,0.00000,0.37062,1.98895,1.54970,1.00000,1.00000,1.00000,1156.43335,-0.02645,-0.11422,0.30563,-0.02672,0.50714,0.86622,-0.07278,0.11862,-0.00770,-0.02800,0.20196,0.38687,0.37129,1.78231,1.80778,0.97619,0.97391,0.94737,0.85643,0.00000,0.16375,2.75070,2.03742,0.95238,0.94643,0.90000
109,0.0593,10813440,52432,0.01195,1.58e-04,0.3262,88.8466,0.00000,0.00000,0.00000,10.00000,1196.62227,0.00000,0.75512,0.00000,0.00000,0.86852,0.00000,0.00000,0.00000,0.00000,0.00000,0.37064,1.99361,1.40683,1.00000,1.00000,1.00000,1142.83748,-0.02650,-0.11273,0.30596,-0.02666,0.50824,0.86793,-0.07306,0.11636,-0.00820,-0.02797,0.20302,0.38758,0.37136,1.61097,1.54000,0.99515,0.99286,1.00000,0.85680,0.00000,0.16515,2.74444,1.82316,0.99029,0.98551,1.00000
110,0.0598,10911744,53632,0.01764,1.11e-04,0.3260,85.7109,0.00000,0.00000,0.00000,10.00000,1198.76161,0.00000,0.67196,0.00000,0.00000,0.86711,0.00000,0.00000,0.00000,0.00000,0.00000,0.36989,1.98305,1.50383,1.00000,1.00000,1.00000,1148.12866,-0.02654,-0.11339,0.30388,-0.02666,0.50819,0.86649,-0.07231,0.11863,-0.00854,-0.02812,0.20203,0.38486,0.37138,1.78768,1.93120,0.99524,0.99213,1.00000,0.85691,0.00000,0.16433,2.72959,2.05333,0.99048,0.98485,1.00000
111,0.0603,11010048,54085,0.01212,1.15e-04,0.3259,70.7734,0.00000,0.00000,0.00000,10.00000,1189.89062,0.00000,0.80138,0.00000,0.00000,0.86587,0.00000,0.00000,0.00000,0.00000,0.00000,0.37040,1.98716,1.43553,1.00000,1.00000,1.00000,1145.06673,-0.02645,-0.11300,0.30441,-0.02657,0.50757,0.86523,-0.07226,0.11661,-0.00891,-0.02828,0.20206,0.38536,0.37115,1.70822,1.84706,0.99558,0.99387,1.00000,0.85574,0.00000,0.16380,2.72942,2.00628,0.99115,0.98734,1.00000
112,0.0608,11108352,53754,0.01281,1.09e-04,0.3258,71.5911,0.00000,0.00000,0.00000,10.00000,1173.19463,0.00000,0.77899,0.00000,0.00000,0.86480,0.00000,0.00000,0.00000,0.00000,0.00000,0.36943,1.97349,1.45371,1.00000,1.00000,1.00000,1133.28499,-0.02660,-0.11181,0.30339,-0.02669,0.50690,0.86418,-0.07142,0.12044,-0.01009,-0.02807,0.20126,0.38394,0.37067,1.79075,2.04000,0.97826,0.96899,1.00000,0.85334,0.00000,0.16382,2.72863,2.15937,0.95652,0.93750,1.00000
113,0.0613,11206656,53880,0.01219,1.24e-04,0.3257,79.9107,0.00000,0.00000,0.00000,10.00000,1176.20845,0.00000,0.75758,0.00000,0.00000,0.86015,0.00000,0.00000,0.00000,0.00000,0.00000,0.36860,1.97625,1.52290,1.00000,1.00000,1.00000,1134.85352,-0.02663,-0.11190,0.30292,-0.02558,0.50369,0.85953,-0.07189,0.12255,-0.00906,-0.02769,0.20237,0.38383,0.36999,1.77684,1.66615,0.99432,1.00000,0.92857,0.84994,0.00000,0.16396,2.73465,1.99859,0.98864,1.00000,0.85714
114,0.0618,11304960,54116,0.01121,1.44e-04,0.3256,69.3363,0.00000,0.00000,0.00000,10.00000,1152.31752,0.00000,0.82990,0.00000,0.00000,0.86062,0.00000,0.00000,0.00000,0.00000,0.00000,0.36864,1.99336,1.46349,0.98765,0.98276,1.00000,1144.37980,-0.02655,-0.11298,0.30381,-0.02614,0.50272,0.86008,-0.07308,0.12516,-0.00779,-0.02765,0.20376,0.38493,0.36975,1.77000,1.54889,0.97531,0.96694,1.00000,0.84876,0.00000,0.16181,2.74564,2.06708,0.96296,0.95238,1.00000
115,0.0624,11403264,51603,0.02449,1.30e-04,0.3255,61.4190,0.00000,0.00000,0.00000,10.00000,1180.47656,0.00000,0.76174,0.00000,0.00000,0.86611,0.00000,0.00000,0.00000,0.00000,0.00000,0.36928,2.00888,1.50137,1.00000,1.00000,1.00000,1147.49072,-0.02634,-0.11331,0.30666,-0.02638,0.50577,0.86554,-0.07307,0.12348,-0.00870,-0.02789,0.20470,0.38817,0.37037,1.82855,1.48154,0.98969,0.98496,1.00000,0.85186,0.00000,0.16140,2.75823,2.16028,0.97938,0.97015,1.00000
116,0.0629,11501568,53763,0.01743,9.96e-05,0.3254,78.5231,0.00000,0.00000,0.00000,10.00000,1178.10316,0.00000,0.79450,0.00000,0.00000,0.86833,0.00000,0.00000,0.00000,0.00000,0.00000,0.36883,2.00047,1.40842,1.00000,1.00000,1.00000,1139.49382,-0.02648,-0.11256,0.30447,-0.02609,0.50852,0.86781,-0.07260,0.12158,-0.00894,-0.02798,0.20356,0.38589,0.37165,1.69214,1.43750,0.98387,0.98496,0.88889,0.85827,0.00000,0.16228,2.73723,2.02906,0.96774,0.96774,0.75000
117,0.0634,11599872,53785,0.01239,9.66e-05,0.3253,67.6323,0.00000,0.00000,0.00000,10.00000,1185.61295,0.00000,0.70370,0.00000,0.00000,0.86764,0.00000,0.00000,0.00000,0.00000,0.00000,0.36779,2.01224,1.60208,1.00000,1.00000,1.00000,1122.78483,-0.02630,-0.11102,0.30680,-0.02612,0.50886,0.86706,-0.07198,0.12455,-0.00840,-0.02783,0.20432,0.38841,0.37121,1.81584,1.56421,0.98571,0.97744,1.00000,0.85604,0.00000,0.16238,2.75233,2.04444,0.97143,0.95385,1.00000
118,0.0639,11698176,52771,0.01029,1.39e-04,0.3252,76.6208,0.00000,0.00000,0.00000,10.00000,1149.17398,0.00000,0.79444,0.00000,0.00000,0.86731,0.00000,0.00000,0.00000,0.00000,0.00000,0.36786,2.00170,1.61636,0.99000,1.00000,0.87500,1106.22729,-0.02649,-0.10928,0.30445,-0.02593,0.50841,0.86674,-0.07169,0.12460,-0.00747,-0.02800,0.20303,0.38537,0.37112,1.78846,1.61467,0.97000,0.96503,0.93750,0.85559,0.00000,0.16147,2.73578,1.95620,0.95000,0.93151,1.00000
119,0.0645,11796480,53727,0.01193,1.78e-04,0.3251,77.7973,0.00000,0.00000,0.00000,10.00000,1186.56627,0.00000,0.77877,0.00000,0.00000,0.86285,0.00000,0.00000,0.00000,0.00000,0.00000,0.36806,1.99131,1.47802,1.00000,1.00000,1.00000,1097.57267,-0.02650,-0.10844,0.30324,-0.02526,0.50618,0.86225,-0.07128,0.12440,-0.00709,-0.02781,0.20261,0.38446,0.36999,1.70164,1.77333,0.99107,0.98726,1.00000,0.84997,0.00000,0.16184,2.73307,1.95600,0.98214,0.97297,1.00000
120,0.0650,11894784,54435,0.01637,9.66e-05,0.3250,71.0579,0.00000,0.00000,0.00000,10.00000,1178.59851,0.00000,0.76691,0.00000,0.00000,0.85972,0.00000,0.00000,0.00000,0.00000,0.00000,0.36885,1.97359,1.55737,0.98913,1.00000,1.00000,1128.56991,-0.02658,-0.11143,0.30148,-0.02469,0.50410,0.85921,-0.07144,0.12674,-0.00725,-0.02749,0.20226,0.38140,0.36983,1.78503,1.90000,0.98913,0.99213,1.00000,0.84915,0.00000,0.16006,2.72858,2.04328,0.98913,0.98333,1.00000
121,0.0655,11993088,54127,0.01565,8.59e-05,0.3249,83.6755,0.00000,0.00000,0.00000,10.00000,1167.63575,0.00000,0.79758,0.00000,0.00000,0.85992,0.00000,0.00000,0.00000,0.00000,0.00000,0.36867,1.97475,1.70279,1.00000,1.00000,1.00000,1159.04346,-0.02656,-0.11428,0.30181,-0.02547,0.50326,0.85937,-0.07152,0.12633,-0.01083,-0.02782,0.20157,0.38151,0.36971,1.78450,1.73750,0.98515,0.98621,0.93750,0.84854,0.00000,0.16037,2.72129,1.87946,0.97030,0.97059,0.85714
122,0.0660,12091392,54109,0.01102,1.11e-04,0.3249,80.6286,0.00000,0.00000,0.00000,10.00000,1180.06526,0.00000,0.78002,0.00000,0.00000,0.86301,0.00000,0.00000,0.00000,0.00000,0.00000,0.36853,1.97857,1.49627,1.00000,1.00000,1.00000,1155.60498,-0.02650,-0.11400,0.30177,-0.02608,0.50459,0.86242,-0.07180,0.12469,-0.00794,-0.02796,0.20166,0.38251,0.37054,1.72600,1.80769,0.98990,0.98561,1.00000,0.85270,0.00000,0.16107,2.72699,1.95573,0.97980,0.97183,1.00000
123,0.0665,12189696,53358,0.01359,1.16e-04,0.3248,73.5797,0.00000,0.00000,0.00000,10.00000,1163.43454,0.00000,0.82583,0.00000,0.00000,0.86526,0.00000,0.00000,0.00000,0.00000,0.00000,0.36812,1.98582,1.56391,1.00000,1.00000,1.00000,1158.31706,-0.02647,-0.11417,0.30152,-0.02533,0.50608,0.86466,-0.07141,0.12254,-0.00875,-0.02823,0.20075,0.38225,0.37084,1.79644,1.72750,0.99099,0.99394,0.94118,0.85420,0.00000,0.16184,2.71065,2.03954,0.98198,0.98795,0.85714
124,0.0670,12288000,54397,0.01261,1.24e-04,0.3246,88.5965,0.00000,0.00000,0.00000,10.00000,1180.83190,0.00000,0.79502,0.00000,0.00000,0.86387,0.00000,0.00000,0.00000,0.00000,0.00000,0.36787,1.97470,1.47298,1.00000,1.00000,1.00000,1137.67269,-0.02679,-0.11233,0.29927,-0.02593,0.50543,0.86321,-0.07154,0.11369,-0.00784,-0.02836,0.19856,0.37908,0.37026,1.65410,1.61444,0.99569,0.99398,1.00000,0.85130,0.00000,0.16516,2.66022,1.84539,0.99138,0.98765,1.00000
125,0.0675,12386304,54501,0.01564,1.04e-04,0.3245,90.6002,0.00000,0.00000,0.00000,10.00000,1189.39343,0.00000,0.77403,0.00000,0.00000,0.85725,0.00000,0.00000,0.00000,0.00000,0.00000,0.36729,1.97018,1.46169,0.98876,1.00000,1.00000,1157.17660,-0.02684,-0.11412,0.29864,-0.02559,0.50097,0.85660,-0.07218,0.11745,-0.00830,-0.02785,0.19865,0.37847,0.36947,1.72346,1.51200,0.98876,0.99194,1.00000,0.84733,0.00000,0.16481,2.66771,2.02322,0.98876,0.98276,1.00000
126,0.0681,12484608,53065,0.01396,1.00e-04,0.3244,77.5808,0.00000,0.00000,0.00000,10.00000,1179.03759,0.00000,0.82508,0.00000,0.00000,0.85417,0.00000,0.00000,0.00000,0.00000,0.00000,0.36709,1.98020,1.45341,1.00000,1.00000,1.00000,1160.97819,-0.02674,-0.11448,0.29862,-0.02578,0.49947,0.85357,-0.07153,0.11981,-0.00887,-0.02780,0.19901,0.37810,0.36907,1.73974,1.58000,0.98515,0.98000,1.00000,0.84534,0.00000,0.16157,2.66163,2.11029,0.97030,0.95455,1.00000
127,0.0686,12582912,54223,0.01290,1.11e-04,0.3243,70.5333,0.00000,0.00000,0.00000,10.00000,1202.53500,0.00000,0.67407,0.00000,0.00000,0.85675,0.00000,0.00000,0.00000,0.00000,0.00000,0.36774,2.00414,1.39843,0.98667,0.97619,1.00000,1168.25374,-0.02660,-0.11511,0.30177,-0.02634,0.50010,0.85618,-0.07199,0.11804,-0.00946,-0.02764,0.20068,0.38175,0.36943,1.79423,1.89500,0.99333,0.98901,1.00000,0.84715,0.00000,0.16098,2.67679,2.13067,1.00000,1.00000,1.00000
128,0.0691,12681216,55407,0.01442,1.11e-04,0.3242,93.7854,0.00000,0.00000,0.00000,10.00000,1160.68557,0.00000,0.76720,0.00000,0.00000,0.86374,0.00000,0.00000,0.00000,0.00000,0.00000,0.36766,2.01735,1.49073,1.00000,1.00000,1.00000,1170.24447,-0.02643,-0.11549,0.30494,-0.02690,0.50411,0.86315,-0.07122,0.11895,-0.00754,-0.02814,0.20152,0.38632,0.37064,1.69068,1.59048,0.97143,0.96552,0.95238,0.85319,0.00000,0.16351,2.71248,1.89823,0.94286,0.93056,0.91667
129,0.0696,12779520,53466,0.01171,1.31e-04,0.3241,66.1351,0.00000,0.00000,0.00000,10.00000,1204.51125,0.00000,0.78144,0.00000,0.00000,0.86859,0.00000,0.00000,0.00000,0.00000,0.00000,0.36676,2.03043,1.43816,1.00000,1.00000,1.00000,1169.91300,-0.02626,-0.11554,0.30889,-0.02733,0.50757,0.86793,-0.07186,0.12480,-0.00774,-0.02791,0.20379,0.39089,0.37128,1.71793,1.69765,1.00000,1.00000,1.00000,0.85638,0.00000,0.16320,2.75972,2.02609,1.00000,1.00000,1.00000
130,0.0701,12877824,54236,0.01229,1.89e-04,0.3240,68.6312,0.00000,0.00000,0.00000,10.00000,1153.77789,0.00000,0.83333,0.00000,0.00000,0.87212,0.00000,0.00000,0.00000,0.00000,0.00000,0.36704,2.02597,1.50561,0.98000,0.97297,1.00000,1141.57072,-0.02616,-0.11275,0.30865,-0.02684,0.51071,0.87151,-0.07129,0.12785,-0.00898,-0.02800,0.20455,0.39061,0.37238,1.72050,1.52615,0.98000,0.97333,1.00000,0.86191,0.00000,0.16161,2.76915,1.94354,0.98000,0.97368,1.00000
131,0.0706,12976128,53736,0.01834,9.83e-05,0.3239,80.8341,0.00000,0.00000,0.00000,10.00000,1185.97110,0.00000,0.72276,0.00000,0.00000,0.87229,0.00000,0.00000,0.00000,0.00000,0.00000,0.36641,2.01887,1.49048,1.00000,1.00000,1.00000,1133.65145,-0.02614,-0.11186,0.30783,-0.02660,0.51201,0.87166,-0.07026,0.12804,-0.00919,-0.02798,0.20413,0.38956,0.37220,1.64171,1.69238,0.97573,0.97015,0.95455,0.86098,0.00000,0.16251,2.75884,1.82853,0.95146,0.93548,0.90000
132,0.0711,13074432,52992,0.01281,1.18e-04,0.3237,78.1390,0.00000,0.00000,0.00000,10.00000,1179.11328,0.00000,0.73755,0.00000,0.00000,0.86921,0.00000,0.00000,0.00000,0.00000,0.00000,0.36441,2.00818,1.49174,1.00000,1.00000,1.00000,1129.77490,-0.02614,-0.11152,0.30704,-0.02679,0.51028,0.86867,-0.07018,0.13586,-0.00791,-0.02822,0.20326,0.38808,0.37200,1.77635,1.67091,0.96983,0.95455,1.00000,0.86002,0.00000,0.16176,2.77159,2.11205,0.93966,0.90278,1.00000
133,0.0716,13172736,55287,0.01633,1.18e-04,0.3236,79.1920,0.00000,0.00000,0.00000,10.00000,1170.33259,0.00000,0.82418,0.00000,0.00000,0.86516,0.00000,0.00000,0.00000,0.00000,0.00000,0.36514,1.99283,1.45315,0.98901,0.98592,1.00000,1132.56445,-0.02634,-0.11172,0.30480,-0.02625,0.50698,0.86450,-0.07037,0.13655,-0.00789,-0.02783,0.20168,0.38584,0.37084,1.75956,2.76500,0.97802,0.97037,1.00000,0.85420,0.00000,0.15945,2.75865,2.10906,0.96703,0.95312,1.00000
134,0.0722,13271040,54121,0.01576,6.96e-05,0.3235,66.8303,0.00000,0.00000,0.00000,10.00000,1174.60589,0.00000,0.78313,0.00000,0.00000,0.86014,0.00000,0.00000,0.00000,0.00000,0.00000,0.36537,1.99128,1.65343,1.00000,1.00000,1.00000,1139.57829,-0.02624,-0.11252,0.30414,-0.02565,0.50371,0.85953,-0.07075,0.13672,-0.00748,-0.02754,0.20231,0.38472,0.36983,1.84489,1.92778,1.00000,1.00000,1.00000,0.84916,0.00000,0.15840,2.75698,2.03353,1.00000,1.00000,1.00000
135,0.0727,13369344,53526,0.01086,1.00e-04,0.3234,54.8912,0.00000,0.00000,0.00000,10.00000,1174.33093,0.00000,0.84046,0.00000,0.00000,0.86329,0.00000,0.00000,0.00000,0.00000,0.00000,0.36475,2.01830,1.51238,0.98718,0.98305,1.00000,1143.29639,-0.02622,-0.11284,0.30686,-0.02649,0.50543,0.86272,-0.07102,0.13671,-0.00731,-0.02746,0.20395,0.38788,0.37072,1.73616,1.44500,0.98718,0.98305,1.00000,0.85363,0.00000,0.15858,2.77323,1.96355,0.98718,0.98305,1.00000
136,0.0732,13467648,54006,0.01313,1.20e-04,0.3233,65.0030,0.00000,0.00000,0.00000,10.00000,1146.64729,0.00000,0.78491,0.00000,0.00000,0.86577,0.00000,0.00000,0.00000,0.00000,0.00000,0.36431,2.02790,1.45718,1.00000,1.00000,1.00000,1147.59896,-0.02610,-0.11327,0.30878,-0.02683,0.50840,0.86525,-0.07091,0.14057,-0.00897,-0.02795,0.20501,0.39069,0.37150,1.75413,1.73500,0.97706,0.97403,0.94118,0.85751,0.00000,0.15808,2.78830,2.06195,0.95413,0.94872,0.87500
137,0.0737,13565952,54279,0.01605,1.01e-04,0.3231,87.4805,0.00000,0.00000,0.00000,10.00000,1152.19299,0.00000,0.82672,0.00000,0.00000,0.87178,0.00000,0.00000,0.00000,0.00000,0.00000,0.36516,2.02300,1.54179,1.00000,1.00000,1.00000,1147.07194,-0.02615,-0.11320,0.30869,-0.02645,0.51199,0.87119,-0.07082,0.14047,-0.00721,-0.02780,0.20510,0.39073,0.37268,1.83754,1.87143,0.97619,0.96800,1.00000,0.86339,0.00000,0.15669,2.80201,2.15206,0.95238,0.93548,1.00000
138,0.0742,13664256,54042,0.01246,1.34e-04,0.3230,83.5627,0.00000,0.00000,0.00000,10.00000,1191.02805,0.00000,0.71717,0.00000,0.00000,0.87223,0.00000,0.00000,0.00000,0.00000,0.00000,0.36324,2.03166,1.48450,0.99091,0.98529,1.00000,1131.28328,-0.02604,-0.11167,0.31013,-0.02689,0.51224,0.87162,-0.07080,0.14292,-0.00786,-0.02796,0.20562,0.39272,0.37267,1.69420,1.48609,0.98636,0.97887,1.00000,0.86336,0.00000,0.15837,2.80988,1.89878,0.98182,0.97297,1.00000
139,0.0747,13762560,54771,0.01515,1.11e-04,0.3229,100.8139,0.00000,0.00000,0.00000,10.00000,1195.67134,0.00000,0.77342,0.00000,0.00000,0.87065,0.00000,0.00000,0.00000,0.00000,0.00000,0.36253,2.02607,1.54469,0.99020,0.98611,1.00000,1135.11515,-0.02622,-0.11206,0.30856,-0.02625,0.51109,0.86997,-0.07087,0.14312,-0.00769,-0.02777,0.20461,0.39043,0.37218,1.72743,1.49375,0.98529,0.97887,1.00000,0.86091,0.00000,0.15785,2.79005,1.92480,0.98039,0.97143,1.00000
140,0.0752,13860864,53059,0.02111,7.77e-05,0.3228,77.2104,0.00000,0.00000,0.00000,10.00000,1192.66122,0.00000,0.83838,0.00000,0.00000,0.86945,0.00000,0.00000,0.00000,0.00000,0.00000,0.36149,2.02385,1.49435,0.99091,0.98837,1.00000,1137.31934,-0.02627,-0.11220,0.30722,-0.02651,0.51001,0.86877,-0.07085,0.14334,-0.01089,-0.02786,0.20421,0.38883,0.37198,1.70000,1.62750,0.99545,0.99398,1.00000,0.85992,0.00000,0.15767,2.77735,1.93073,1.00000,1.00000,1.00000
141,0.0757,13959168,54701,0.01330,9.31e-05,0.3227,93.8265,0.00000,0.00000,0.00000,10.00000,1205.76193,0.00000,0.69597,0.00000,0.00000,0.86604,0.00000,0.00000,0.00000,0.00000,0.00000,0.36128,2.01169,1.47559,1.00000,1.00000,1.00000,1143.68807,-0.02624,-0.11279,0.30677,-0.02632,0.50805,0.86549,-0.07142,0.14686,-0.00967,-0.02768,0.20415,0.38842,0.37155,1.85821,2.10400,1.00000,1.00000,1.00000,0.85774,0.00000,0.15744,2.78936,2.25242,1.00000,1.00000,1.00000
142,0.0763,14057472,54075,0.01664,7.97e-05,0.3226,75.3119,0.00000,0.00000,0.00000,10.00000,1203.48220,0.00000,0.75029,0.00000,0.00000,0.86600,0.00000,0.00000,0.00000,0.00000,0.00000,0.36078,2.00674,1.50892,1.00000,1.00000,1.00000,1166.07161,-0.02629,-0.11502,0.30610,-0.02643,0.50704,0.86547,-0.07219,0.14857,-0.00920,-0.02783,0.20356,0.38756,0.37121,1.73440,1.67100,0.99485,0.99237,1.00000,0.85606,0.00000,0.15725,2.79136,1.95395,0.98969,0.98507,1.00000
143,0.0768,14155776,53037,0.01408,6.46e-05,0.3226,87.2521,0.00000,0.00000,0.00000,10.00000,1193.16464,0.00000,0.81276,0.00000,0.00000,0.86793,0.00000,0.00000,0.00000,0.00000,0.00000,0.36106,2.01219,1.60693,1.00000,1.00000,1.00000,1143.54639,-0.02618,-0.11282,0.30686,-0.02694,0.50829,0.86740,-0.07221,0.14750,-0.00964,-0.02792,0.20411,0.38847,0.37158,1.71976,1.54909,0.99537,0.99367,1.00000,0.85789,0.00000,0.15695,2.79406,1.81075,0.99074,0.98851,1.00000
144,0.0773,14254080,54100,0.01140,9.31e-05,0.3225,83.8446,0.00000,0.00000,0.00000,10.00000,1170.80085,0.00000,0.77485,0.00000,0.00000,0.86888,0.00000,0.00000,0.00000,0.00000,0.00000,0.36077,2.00573,1.44209,0.99123,0.98734,1.00000,1164.97176,-0.02627,-0.11495,0.30655,-0.02670,0.50881,0.86833,-0.07186,0.14593,-0.00998,-0.02798,0.20364,0.38796,0.37199,1.71302,1.59529,0.98246,0.97484,1.00000,0.85996,0.00000,0.15835,2.78682,1.98395,0.97368,0.96250,1.00000
145,0.0778,14352384,54106,0.01313,8.70e-05,0.3224,87.7939,0.00000,0.00000,0.00000,10.00000,1182.44291,0.00000,0.77457,0.00000,0.00000,0.86612,0.00000,0.00000,0.00000,0.00000,0.00000,0.35999,1.98195,1.55316,0.99038,0.98611,1.00000,1147.30298,-0.02640,-0.11317,0.30224,-0.02585,0.50764,0.86554,-0.07071,0.15034,-0.00856,-0.02801,0.20039,0.38282,0.37188,1.74377,1.67750,0.98077,0.97241,1.00000,0.85941,0.00000,0.15596,2.76556,1.93200,0.97115,0.95890,1.00000
146,0.0783,14450688,53349,0.01417,8.19e-05,0.3223,79.0425,0.00000,0.00000,0.00000,10.00000,1184.41260,0.00000,0.77534,0.00000,0.00000,0.86062,0.00000,0.00000,0.00000,0.00000,0.00000,0.35985,1.98888,1.46094,1.00000,1.00000,1.00000,1139.99772,-0.02628,-0.11238,0.30316,-0.02600,0.50546,0.86005,-0.07072,0.15064,-0.00917,-0.02788,0.20060,0.38415,0.37173,1.73594,1.64727,1.00000,1.00000,1.00000,0.85867,0.00000,0.15587,2.77168,1.97378,1.00000,1.00000,1.00000
147,0.0788,14548992,53851,0.01309,8.88e-05,0.3222,84.8579,0.00000,0.00000,0.00000,10.00000,1189.62907,0.00000,0.79787,0.00000,0.00000,0.86029,0.00000,0.00000,0.00000,0.00000,0.00000,0.35982,1.99173,1.45735,0.98936,0.98485,1.00000,1145.38216,-0.02634,-0.11297,0.30370,-0.02627,0.50515,0.85975,-0.07070,0.15129,-0.00844,-0.02782,0.20126,0.38422,0.37151,1.82014,1.89714,0.97872,0.97037,1.00000,0.85753,0.00000,0.15509,2.76993,2.16760,0.96809,0.95652,1.00000
148,0.0794,14647296,54447,0.01260,1.18e-04,0.3221,79.9603,0.00000,0.00000,0.00000,10.00000,1236.55357,0.00000,0.68376,0.00000,0.00000,0.85926,0.00000,0.00000,0.00000,0.00000,0.00000,0.35946,2.00786,1.45014,1.00000,1.00000,1.00000,1129.50146,-0.02620,-0.11151,0.30604,-0.02648,0.50385,0.85876,-0.07131,0.15534,-0.00899,-0.02754,0.20283,0.38707,0.37101,1.59053,1.59789,1.00000,1.00000,1.00000,0.85507,0.00000,0.15443,2.79755,1.75667,1.00000,1.00000,1.00000
149,0.0799,14745600,54279,0.01278,9.83e-05,0.3220,70.1787,0.00000,0.00000,0.00000,10.00000,1207.23169,0.00000,0.67708,0.00000,0.00000,0.85975,0.00000,0.00000,0.00000,0.00000,0.00000,0.35947,2.00995,1.70551,1.00000,1.00000,1.00000,1142.83561,-0.02635,-0.11273,0.30493,-0.02583,0.50319,0.85922,-0.07135,0.15710,-0.00860,-0.02753,0.20334,0.38560,0.37038,1.86273,1.71444,0.98438,0.97436,1.00000,0.85188,0.00000,0.15235,2.78550,2.03492,0.96875,0.94828,1.00000
150,0.0804,14843904,54334,0.01663,6.82e-05,0.3219,84.5153,0.00000,0.00000,0.00000,10.00000,1195.08813,0.00000,0.79276,0.00000,0.00000,0.86410,0.00000,0.00000,0.00000,0.00000,0.00000,0.35956,2.02049,1.41465,1.00000,1.00000,1.00000,1132.76603,-0.02623,-0.11183,0.30573,-0.02623,0.50587,0.86363,-0.07248,0.15564,-0.00745,-0.02735,0.20410,0.38667,0.37164,1.65743,1.63143,0.99438,0.99213,1.00000,0.85822,0.00000,0.15223,2.79347,1.90725,0.98876,0.98387,1.00000
151,0.0809,14942208,54362,0.01522,7.97e-05,0.3218,73.6839,0.00000,0.00000,0.00000,10.00000,1186.47335,0.00000,0.73728,0.00000,0.00000,0.86887,0.00000,0.00000,0.00000,0.00000,0.00000,0.35999,2.02630,1.45741,1.00000,1.00000,1.00000,1139.58952,-0.02612,-0.11241,0.30849,-0.02714,0.50897,0.86834,-0.07175,0.15247,-0.00858,-0.02784,0.20503,0.39032,0.37206,1.69553,1.68727,0.97664,0.97183,0.95652,0.86028,0.00000,0.15349,2.80041,1.96184,0.95327,0.94118,0.91667
152,0.0814,15040512,54487,0.01131,8.52e-05,0.3217,89.4831,0.00000,0.00000,0.00000,10.00000,1213.86719,0.00000,0.75758,0.00000,0.00000,0.86848,0.00000,0.00000,0.00000,0.00000,0.00000,0.35929,2.01663,1.41282,1.00000,1.00000,1.00000,1125.56331,-0.02626,-0.11107,0.30630,-0.02631,0.50860,0.86801,-0.07189,0.15548,-0.00880,-0.02769,0.20469,0.38780,0.37252,1.60276,1.70778,0.98990,0.99259,0.94444,0.86258,0.00000,0.15344,2.79955,1.80297,0.97980,0.98485,0.88889
153,0.0819,15138816,53852,0.01284,8.19e-05,0.3216,81.4308,0.00000,0.00000,0.00000,10.00000,1195.07717,0.00000,0.75845,0.00000,0.00000,0.86468,0.00000,0.00000,0.00000,0.00000,0.00000,0.35917,2.01056,1.52725,1.00000,1.00000,1.00000,1140.88672,-0.02639,-0.11246,0.30445,-0.02613,0.50631,0.86418,-0.07163,0.15276,-0.00842,-0.02790,0.20354,0.38660,0.37155,1.73273,1.57700,0.99565,0.99363,1.00000,0.85774,0.00000,0.15397,2.77558,1.95270,0.99130,0.98649,1.00000
154,0.0825,15237120,54038,0.01849,4.50e-05,0.3216,74.8601,0.00000,0.00000,0.00000,10.00000,1185.26857,0.00000,0.85424,0.00000,0.00000,0.86273,0.00000,0.00000,0.00000,0.00000,0.00000,0.35899,2.00298,1.57895,1.00000,1.00000,1.00000,1137.92887,-0.02645,-0.11230,0.30291,-0.02571,0.50412,0.86220,-0.07223,0.15411,-0.01021,-0.02749,0.20254,0.38353,0.37113,1.73370,1.52667,0.98387,0.97902,1.00000,0.85567,0.00000,0.15256,2.76487,1.90171,0.96774,0.95714,1.00000
155,0.0830,15335424,54550,0.01147,5.28e-05,0.3215,72.1605,0.00000,0.00000,0.00000,10.00000,1191.88034,0.00000,0.75949,0.00000,0.00000,0.86120,0.00000,0.00000,0.00000,0.00000,0.00000,0.35892,2.01942,1.44754,1.00000,1.00000,1.00000,1147.05550,-0.02630,-0.11308,0.30519,-0.02652,0.50398,0.86070,-0.07265,0.15149,-0.00865,-0.02746,0.20406,0.38636,0.37069,1.69584,1.46235,1.00000,1.00000,1.00000,0.85345,0.00000,0.15386,2.77717,1.93250,1.00000,1.00000,1.00000
156,0.0835,15433728,53631,0.01100,8.39e-05,0.3214,68.0971,0.00000,0.00000,0.00000,10.00000,1176.70811,0.00000,0.82329,0.00000,0.00000,0.86363,0.00000,0.00000,0.00000,0.00000,0.00000,0.35860,2.04313,1.49969,1.00000,1.00000,1.00000,1144.84904,-0.02612,-0.11299,0.30858,-0.02651,0.50474,0.86315,-0.07337,0.15325,-0.00803,-0.02745,0.20625,0.39039,0.37055,1.78183,1.66750,1.00000,1.00000,1.00000,0.85275,0.00000,0.15377,2.80362,2.05970,1.00000,1.00000,1.00000
157,0.0840,15532032,53880,0.01323,1.04e-04,0.3212,70.9908,0.00000,0.00000,0.00000,10.00000,1200.67616,0.00000,0.79594,0.00000,0.00000,0.86927,0.00000,0.00000,0.00000,0.00000,0.00000,0.35819,2.05163,1.42581,1.00000,1.00000,1.00000,1143.03109,-0.02593,-0.11285,0.31002,-0.02646,0.50857,0.86880,-0.07311,0.15519,-0.00812,-0.02769,0.20776,0.39217,0.37198,1.67839,1.61231,0.99038,0.99329,0.92857,0.85992,0.00000,0.15351,2.81879,1.96421,0.98077,0.98551,0.87500
158,0.0845,15630336,54210,0.01527,8.70e-05,0.3211,75.0900,0.00000,0.00000,0.00000,10.00000,1208.67391,0.00000,0.73671,0.00000,0.00000,0.87251,0.00000,0.00000,0.00000,0.00000,0.00000,0.35773,2.05678,1.64451,1.00000,1.00000,1.00000,1105.12126,-0.02598,-0.10902,0.31084,-0.02680,0.51184,0.87204,-0.07244,0.15618,-0.00859,-0.02733,0.20777,0.39338,0.37246,1.82382,1.79428,1.00000,1.00000,1.00000,0.86232,0.00000,0.15361,2.82320,2.01969,1.00000,1.00000,1.00000
159,0.0850,15728640,54545,0.01423,7.77e-05,0.3209,82.4337,0.00000,0.00000,0.00000,10.00000,1204.68822,0.00000,0.74588,0.00000,0.00000,0.86914,0.00000,0.00000,0.00000,0.00000,0.00000,0.35770,2.03509,1.55518,1.00000,1.00000,1.00000,1104.34562,-0.02603,-0.10904,0.30795,-0.02573,0.51008,0.86871,-0.07211,0.15608,-0.00880,-0.02762,0.20756,0.39000,0.37233,1.76248,1.75059,0.98611,0.98621,0.94444,0.86167,0.00000,0.15405,2.81132,1.98308,0.97222,0.97222,0.87500
160,0.0855,15826944,53461,0.01329,9.13e-05,0.3208,72.3062,0.00000,0.00000,0.00000,10.00000,1214.97422,0.00000,0.66667,0.00000,0.00000,0.86687,0.00000,0.00000,0.00000,0.00000,0.00000,0.35773,2.01629,1.43571,1.00000,1.00000,1.00000,1099.38566,-0.02626,-0.10856,0.30559,-0.02611,0.50834,0.86645,-0.07169,0.15902,-0.00693,-0.02751,0.20535,0.38686,0.37210,1.72954,1.81200,0.97500,0.95833,1.00000,0.86048,0.00000,0.15272,2.80031,2.07233,0.95000,0.91228,1.00000
161,0.0861,15925248,52880,0.01598,9.31e-05,0.3207,78.7299,0.00000,0.00000,0.00000,10.00000,1209.08048,0.00000,0.76052,0.00000,0.00000,0.86227,0.00000,0.00000,0.00000,0.00000,0.00000,0.35753,1.99649,1.45240,0.99029,0.98649,1.00000,1107.21134,-0.02630,-0.10924,0.30315,-0.02549,0.50591,0.86177,-0.07103,0.15702,-0.00818,-0.02752,0.20342,0.38400,0.37130,1.74730,2.32200,0.98544,0.97872,1.00000,0.85651,0.00000,0.15417,2.78176,2.08493,0.98058,0.97015,1.00000
162,0.0866,16023552,54068,0.01327,7.61e-05,0.3207,76.5371,0.00000,0.00000,0.00000,10.00000,1230.08675,0.00000,0.72917,0.00000,0.00000,0.86058,0.00000,0.00000,0.00000,0.00000,0.00000,0.35767,1.99186,1.50184,0.98958,0.98551,1.00000,1109.87622,-0.02632,-0.10952,0.30331,-0.02565,0.50423,0.86012,-0.07123,0.15750,-0.00908,-0.02732,0.20311,0.38411,0.37105,1.71412,1.90143,0.97917,0.96825,1.00000,0.85525,0.00000,0.15447,2.78888,1.98300,0.96875,0.94737,1.00000
163,0.0871,16121856,53328,0.01341,8.70e-05,0.3206,73.9914,0.00000,0.00000,0.00000,10.00000,1226.94910,0.00000,0.71197,0.00000,0.00000,0.85462,0.00000,0.00000,0.00000,0.00000,0.00000,0.35875,1.98210,1.55902,1.00000,1.00000,1.00000,1122.11060,-0.02638,-0.11076,0.30266,-0.02543,0.50105,0.85416,-0.07139,0.15670,-0.00865,-0.02751,0.20265,0.38278,0.37001,1.66831,1.70174,0.99029,0.99242,0.95833,0.85005,0.00000,0.15413,2.77978,1.79278,0.98058,0.98387,0.91667
164,0.0876,16220160,54066,0.01370,1.02e-04,0.3205,75.3921,0.00000,0.00000,0.00000,10.00000,1210.99992,0.00000,0.74830,0.00000,0.00000,0.85552,0.00000,0.00000,0.00000,0.00000,0.00000,0.35899,1.97788,1.51139,1.00000,1.00000,1.00000,1155.73551,-0.02662,-0.11406,0.30061,-0.02517,0.49995,0.85502,-0.07176,0.15395,-0.00921,-0.02749,0.20137,0.38034,0.37009,1.74986,1.61454,0.98469,0.98485,0.90909,0.85046,0.00000,0.15337,2.75860,1.99514,0.96939,0.96875,0.85714
165,0.0881,16318464,54545,0.01588,4.83e-05,0.3204,75.1936,0.00000,0.00000,0.00000,10.00000,1164.38998,0.00000,0.81726,0.00000,0.00000,0.85892,0.00000,0.00000,0.00000,0.00000,0.00000,0.35851,1.97849,1.52222,0.99174,0.98901,1.00000,1170.37809,-0.02662,-0.11537,0.29996,-0.02651,0.50221,0.85843,-0.07164,0.15072,-0.01005,-0.02789,0.20006,0.37995,0.37091,1.68733,1.60210,0.97521,0.96629,1.00000,0.85453,0.00000,0.15527,2.74117,1.86500,0.95868,0.94253,1.00000
166,0.0886,16416768,53951,0.00967,7.61e-05,0.3203,84.2852,0.00000,0.00000,0.00000,10.00000,1202.89828,0.00000,0.75163,0.00000,0.00000,0.86199,0.00000,0.00000,0.00000,0.00000,0.00000,0.35909,1.97420,1.55631,1.00000,1.00000,1.00000,1133.12760,-0.02672,-0.11194,0.29964,-0.02620,0.50364,0.86151,-0.07151,0.14572,-0.00917,-0.02758,0.19896,0.37953,0.37104,1.78431,1.62750,0.99020,0.98551,1.00000,0.85518,0.00000,0.15660,2.72795,2.00935,0.98039,0.97143,1.00000
167,0.0892,16515072,54046,0.01100,1.01e-04,0.3203,76.9002,0.00000,0.00000,0.00000,10.00000,1208.38791,0.00000,0.82456,0.00000,0.00000,0.85453,0.00000,0.00000,0.00000,0.00000,0.00000,0.35890,1.97903,1.47200,1.00000,1.00000,1.00000,1143.90234,-0.02677,-0.11284,0.30107,-0.02628,0.49932,0.85402,-0.07175,0.14858,-0.00964,-0.02746,0.20077,0.38101,0.36949,1.80176,1.59714,1.00000,1.00000,1.00000,0.84744,0.00000,0.15581,2.73742,2.14055,1.00000,1.00000,1.00000
168,0.0897,16613376,54929,0.01744,5.04e-05,0.3202,83.7629,0.00000,0.00000,0.00000,10.00000,1179.54545,0.00000,0.78914,0.00000,0.00000,0.85206,0.00000,0.00000,0.00000,0.00000,0.00000,0.35829,1.96551,1.54849,1.00000,1.00000,1.00000,1130.94287,-0.02676,-0.11162,0.29837,-0.02540,0.49761,0.85158,-0.07187,0.15036,-0.00792,-0.02732,0.19958,0.37797,0.36924,1.73845,1.79529,0.99432,0.99200,1.00000,0.84621,0.00000,0.15491,2.73165,1.93942,0.98864,0.98361,1.00000
169,0.0902,16711680,53464,0.01091,7.25e-05,0.3201,70.2148,0.00000,0.00000,0.00000,10.00000,1197.37352,0.00000,0.76543,0.00000,0.00000,0.85387,0.00000,0.00000,0.00000,0.00000,0.00000,0.35722,1.98718,1.41760,1.00000,1.00000,1.00000,1148.23779,-0.02656,-0.11322,0.30198,-0.02607,0.49810,0.85339,-0.07201,0.15290,-0.00922,-0.02726,0.20107,0.38207,0.36904,1.69468,1.61600,0.98889,0.98387,1.00000,0.84522,0.00000,0.15549,2.76040,2.00029,0.97778,0.96667,1.00000
170,0.0907,16809984,54028,0.01509,6.82e-05,0.3201,79.2598,0.00000,0.00000,0.00000,10.00000,1199.02539,0.00000,0.72917,0.00000,0.00000,0.85657,0.00000,0.00000,0.00000,0.00000,0.00000,0.35648,2.00008,1.38947,1.00000,1.00000,1.00000,1145.64372,-0.02635,-0.11309,0.30393,-0.02623,0.50102,0.85609,-0.07183,0.15682,-0.00831,-0.02731,0.20275,0.38428,0.37004,1.68216,1.61565,0.99479,0.99206,1.00000,0.85019,0.00000,0.15488,2.78166,1.99111,0.98958,0.98387,1.00000
171,0.0912,16908288,53607,0.01214,6.99e-05,0.3200,73.4693,0.00000,0.00000,0.00000,10.00000,1178.25958,0.00000,0.82474,0.00000,0.00000,0.86472,0.00000,0.00000,0.00000,0.00000,0.00000,0.35571,2.02573,1.51792,0.97938,0.97222,1.00000,1130.27238,-0.02613,-0.11150,0.30719,-0.02655,0.50577,0.86420,-0.07195,0.15982,-0.00790,-0.02728,0.20448,0.38796,0.37171,1.72133,1.82000,0.97423,0.96528,1.00000,0.85856,0.00000,0.15457,2.81218,1.93589,0.96907,0.95833,1.00000
172,0.0917,17006592,53223,0.01187,8.70e-05,0.3199,68.4400,0.00000,0.00000,0.00000,10.00000,1218.81100,0.00000,0.66239,0.00000,0.00000,0.86584,0.00000,0.00000,0.00000,0.00000,0.00000,0.35620,2.01602,1.50052,1.00000,1.00000,1.00000,1106.14860,-0.02626,-0.10919,0.30639,-0.02685,0.50720,0.86525,-0.07159,0.16214,-0.00694,-0.02738,0.20488,0.38823,0.37211,1.69699,1.74064,0.98558,0.98387,0.96774,0.86053,0.00000,0.15389,2.81751,1.89605,0.97115,0.96825,0.93333
173,0.0922,17104896,53694,0.01397,8.70e-05,0.3197,81.7438,0.00000,0.00000,0.00000,10.00000,1210.95210,0.00000,0.78563,0.00000,0.00000,0.86298,0.00000,0.00000,0.00000,0.00000,0.00000,0.35608,1.99601,1.58156,0.98990,0.98611,1.00000,1126.15845,-0.02637,-0.11109,0.30349,-0.02557,0.50542,0.86244,-0.07113,0.16225,-0.00972,-0.02749,0.20254,0.38435,0.37175,1.70861,1.52769,0.98990,0.98571,1.00000,0.85873,0.00000,0.15287,2.79274,1.84081,0.98990,0.98529,1.00000
174,0.0928,17203200,53635,0.01496,7.77e-05,0.3196,87.4115,0.00000,0.00000,0.00000,10.00000,1178.18252,0.00000,0.78171,0.00000,0.00000,0.85994,0.00000,0.00000,0.00000,0.00000,0.00000,0.35650,1.99659,1.65318,0.99115,0.98701,1.00000,1117.88590,-0.02642,-0.11027,0.30249,-0.02617,0.50358,0.85943,-0.07069,0.16066,-0.00963,-0.02777,0.20159,0.38305,0.37101,1.83105,2.30533,0.97788,0.98113,0.88235,0.85504,0.00000,0.15169,2.77098,2.00483,0.96460,0.97561,0.75000
175,0.0933,17301504,53655,0.01414,6.96e-05,0.3196,79.4336,0.00000,0.00000,0.00000,10.00000,1240.80995,0.00000,0.74879,0.00000,0.00000,0.85580,0.00000,0.00000,0.00000,0.00000,0.00000,0.35575,1.99269,1.52543,1.00000,1.00000,1.00000,1130.93115,-0.02654,-0.11161,0.30166,-0.02566,0.50108,0.85530,-0.07106,0.15963,-0.00995,-0.02744,0.20123,0.38127,0.37063,1.69594,1.50000,0.99457,0.99194,1.00000,0.85315,0.00000,0.15187,2.75770,1.88540,0.98913,0.98305,1.00000
176,0.0938,17399808,53971,0.01213,7.77e-05,0.3194,76.5251,0.00000,0.00000,0.00000,10.00000,1203.63379,0.00000,0.74306,0.00000,0.00000,0.85373,0.00000,0.00000,0.00000,0.00000,0.00000,0.35461,2.00370,1.51818,1.00000,1.00000,1.00000,1145.23633,-0.02651,-0.11304,0.30255,-0.02595,0.49887,0.85326,-0.07190,0.16203,-0.00793,-0.02718,0.20164,0.38236,0.36987,1.78564,1.48588,0.99375,0.99065,1.00000,0.84933,0.00000,0.15176,2.77070,2.09000,0.98750,0.98039,1.00000
177,0.0943,17498112,53674,0.01295,9.31e-05,0.3193,58.8624,0.00000,0.00000,0.00000,10.00000,1211.71018,0.00000,0.77913,0.00000,0.00000,0.85616,0.00000,0.00000,0.00000,0.00000,0.00000,0.35470,2.02698,1.46103,1.00000,1.00000,1.00000,1157.03654,-0.02624,-0.11421,0.30555,-0.02556,0.50029,0.85575,-0.07201,0.16549,-0.00810,-0.02725,0.20436,0.38601,0.37070,1.68695,2.15500,0.98780,0.98261,1.00000,0.85350,0.00000,0.15041,2.80145,1.90533,0.97561,0.96610,1.00000
178,0.0948,17596416,53978,0.01417,8.39e-05,0.3192,75.3905,0.00000,0.00000,0.00000,10.00000,1203.69133,0.00000,0.75472,0.00000,0.00000,0.86458,0.00000,0.00000,0.00000,0.00000,0.00000,0.35482,2.04718,1.36026,0.99057,0.98571,1.00000,1124.32373,-0.02600,-0.11098,0.30807,-0.02633,0.50666,0.86412,-0.07130,0.16446,-0.00908,-0.02761,0.20531,0.38988,0.37233,1.59031,1.77789,0.97642,0.96528,1.00000,0.86163,0.00000,0.15088,2.81241,1.81185,0.96226,0.94595,1.00000
179,0.0953,17694720,54073,0.01475,8.35e-05,0.3191,80.2713,0.00000,0.00000,0.00000,10.00000,1180.30485,0.00000,0.82755,0.00000,0.00000,0.86762,0.00000,0.00000,0.00000,0.00000,0.00000,0.35465,2.05491,1.56359,0.97917,0.97297,1.00000,1109.45133,-0.02603,-0.10955,0.30972,-0.02582,0.50835,0.86714,-0.07125,0.16542,-0.00840,-0.02728,0.20743,0.39193,0.37233,1.75584,2.12667,0.98958,0.98601,1.00000,0.86163,0.00000,0.15086,2.82922,1.95316,1.00000,1.00000,1.00000
180,0.0959,17793024,53077,0.01313,1.10e-04,0.3190,75.2033,0.00000,0.00000,0.00000,10.00000,1175.92664,0.00000,0.80952,0.00000,0.00000,0.86821,0.00000,0.00000,0.00000,0.00000,0.00000,0.35411,2.04847,1.56315,1.00000,1.00000,1.00000,1115.37321,-0.02610,-0.11003,0.30845,-0.02629,0.50867,0.86771,-0.07104,0.16644,-0.00926,-0.02746,0.20635,0.39060,0.37243,1.76477,1.56762,0.98571,0.98039,1.00000,0.86217,0.00000,0.15093,2.81317,1.98096,0.97143,0.95946,1.00000
181,0.0964,17891328,53816,0.01607,7.77e-05,0.3189,67.0700,0.00000,0.00000,0.00000,10.00000,1197.36375,0.00000,0.78333,0.00000,0.00000,0.86764,0.00000,0.00000,0.00000,0.00000,0.00000,0.35405,2.03665,1.57234,1.00000,1.00000,1.00000,1136.78141,-0.02611,-0.11211,0.30667,-0.02594,0.50775,0.86718,-0.07125,0.16533,-0.00940,-0.02749,0.20452,0.38824,0.37236,1.68582,1.68000,0.99000,0.99291,0.94444,0.86180,0.00000,0.15125,2.79947,1.80519,0.98000,0.98551,0.88889
182,0.0969,17989632,54359,0.01324,1.04e-04,0.3187,76.1009,0.00000,0.00000,0.00000,10.00000,1170.67757,0.00000,0.83912,0.00000,0.00000,0.86333,0.00000,0.00000,0.00000,0.00000,0.00000,0.35415,2.02269,1.49333,1.00000,1.00000,1.00000,1120.00741,-0.02620,-0.11039,0.30551,-0.02595,0.50567,0.86290,-0.07105,0.16681,-0.00925,-0.02736,0.20378,0.38652,0.37151,1.68680,1.61454,0.97917,0.97241,1.00000,0.85754,0.00000,0.14998,2.79601,1.90444,0.95833,0.94286,1.00000
183,0.0974,18087936,53882,0.01415,9.31e-05,0.3186,72.4316,0.00000,0.00000,0.00000,10.00000,1180.06629,0.00000,0.75132,0.00000,0.00000,0.86199,0.00000,0.00000,0.00000,0.00000,0.00000,0.35356,2.02749,1.46202,0.99048,1.00000,0.90000,1118.84489,-0.02625,-0.11033,0.30541,-0.02576,0.50391,0.86163,-0.07087,0.16850,-0.00851,-0.02747,0.20398,0.38598,0.37097,1.74692,1.69294,0.96667,0.96479,0.88889,0.85485,0.00000,0.14923,2.79601,2.03922,0.94286,0.93151,0.87500
184,0.0979,18186240,53722,0.01384,6.96e-05,0.3186,75.5945,0.00000,0.00000,0.00000,10.00000,1210.22480,0.00000,0.75866,0.00000,0.00000,0.86054,0.00000,0.00000,0.00000,0.00000,0.00000,0.35283,2.02197,1.55351,0.98925,0.98485,1.00000,1114.64950,-0.02632,-0.11004,0.30430,-0.02573,0.50300,0.86011,-0.07139,0.17016,-0.00856,-0.02718,0.20392,0.38471,0.37085,1.75042,1.66625,0.99462,0.99213,1.00000,0.85427,0.00000,0.14918,2.79220,1.96470,1.00000,1.00000,1.00000
185,0.0984,18284544,53289,0.01360,6.34e-05,0.3185,76.1457,0.00000,0.00000,0.00000,10.00000,1198.33863,0.00000,0.79646,0.00000,0.00000,0.86073,0.00000,0.00000,0.00000,0.00000,0.00000,0.35321,2.02421,1.64071,0.99115,0.98734,1.00000,1123.32015,-0.02634,-0.11086,0.30463,-0.02616,0.50263,0.86032,-0.07139,0.16720,-0.00863,-0.02751,0.20354,0.38493,0.37103,1.80784,1.76250,0.99115,0.98765,1.00000,0.85515,0.00000,0.14998,2.78609,1.96396,0.99115,0.98795,1.00000
186,0.0990,18382848,53305,0.01200,7.77e-05,0.3184,102.0458,0.00000,0.00000,0.00000,10.00000,1211.99315,0.00000,0.76023,0.00000,0.00000,0.85938,0.00000,0.00000,0.00000,0.00000,0.00000,0.35285,2.01482,1.47191,1.00000,1.00000,1.00000,1111.53491,-0.02652,-0.10977,0.30223,-0.02534,0.50265,0.85888,-0.07121,0.16831,-0.00874,-0.02751,0.20244,0.38210,0.37110,1.75071,1.79867,0.98246,0.97436,1.00000,0.85552,0.00000,0.14933,2.76614,2.06481,0.96491,0.94667,1.00000
187,0.0995,18481152,54243,0.01292,9.13e-05,0.3183,80.0473,0.00000,0.00000,0.00000,10.00000,1206.18981,0.00000,0.79365,0.00000,0.00000,0.85607,0.00000,0.00000,0.00000,0.00000,0.00000,0.35375,1.98988,1.51600,1.00000,1.00000,1.00000,1128.40446,-0.02672,-0.11121,0.29935,-0.02542,0.50057,0.85557,-0.07101,0.16338,-0.01033,-0.02739,0.19984,0.37909,0.37044,1.70667,1.65059,0.99490,0.99286,1.00000,0.85219,0.00000,0.15016,2.73822,1.93493,0.98980,0.98438,1.00000
188,0.1000,18579456,54072,0.01389,1.00e-04,0.3182,82.0054,0.00000,0.00000,0.00000,10.00000,1184.44239,0.00000,0.84736,0.00000,0.00000,0.85266,0.00000,0.00000,0.00000,0.00000,0.00000,0.35328,2.00680,1.54463,1.00000,1.00000,1.00000,1135.44344,-0.02660,-0.11199,0.30150,-0.02609,0.49902,0.85220,-0.07117,0.16499,-0.00883,-0.02738,0.20160,0.38176,0.37030,1.76245,1.44000,0.98485,0.98013,1.00000,0.85151,0.00000,0.15076,2.75773,2.00712,0.96970,0.95890,1.00000
189,0.1005,18677760,54189,0.01450,6.96e-05,0.3181,81.2074,0.00000,0.00000,0.00000,10.00000,1197.99182,0.00000,0.75817,0.00000,0.00000,0.85621,0.00000,0.00000,0.00000,0.00000,0.00000,0.35389,2.01681,1.56059,1.00000,1.00000,1.00000,1140.02653,-0.02645,-0.11234,0.30334,-0.02573,0.50070,0.85576,-0.07098,0.16509,-0.00884,-0.02712,0.20200,0.38407,0.37066,1.72060,1.71444,1.00000,1.00000,1.00000,0.85328,0.00000,0.15035,2.77533,1.88545,1.00000,1.00000,1.00000
190,0.1010,18776064,54841,0.01386,9.24e-05,0.3180,58.6414,0.00000,0.00000,0.00000,10.00000,1203.43509,0.00000,0.69149,0.00000,0.00000,0.85876,0.00000,0.00000,0.00000,0.00000,0.00000,0.35340,2.03889,1.49718,0.98936,1.00000,0.90909,1124.42839,-0.02633,-0.11093,0.30561,-0.02567,0.50150,0.85826,-0.07190,0.16861,-0.00953,-0.02703,0.20505,0.38756,0.37059,1.81254,1.65555,0.98404,0.99145,0.89474,0.85297,0.00000,0.14937,2.80213,2.16793,0.97872,0.98246,0.87500
191,0.1015,18874368,53646,0.01487,8.35e-05,0.3179,72.7092,0.00000,0.00000,0.00000,10.00000,1202.26829,0.00000,0.73856,0.00000,0.00000,0.86318,0.00000,0.00000,0.00000,0.00000,0.00000,0.35273,2.03399,1.55970,1.00000,1.00000,1.00000,1112.21208,-0.02628,-0.10982,0.30541,-0.02584,0.50501,0.86271,-0.07224,0.16867,-0.00743,-0.02700,0.20512,0.38718,0.37165,1.77303,1.91900,0.99412,0.99115,1.00000,0.85824,0.00000,0.15110,2.80764,1.99969,0.98824,0.98214,1.00000
192,0.1020,18972672,55089,0.01384,9.32e-05,0.3179,84.5902,0.00000,0.00000,0.00000,10.00000,1191.33900,0.00000,0.81699,0.00000,0.00000,0.86204,0.00000,0.00000,0.00000,0.00000,0.00000,0.35293,2.03356,1.47277,0.99020,0.98734,1.00000,1113.38656,-0.02615,-0.10993,0.30719,-0.02613,0.50493,0.86156,-0.07129,0.17081,-0.00743,-0.02714,0.20564,0.38940,0.37168,1.68436,1.83600,0.98039,0.97333,1.00000,0.85842,0.00000,0.15055,2.82998,1.92493,0.97059,0.95775,1.00000
193,0.1025,19070976,54567,0.01337,1.10e-04,0.3178,69.7504,0.00000,0.00000,0.00000,10.00000,1217.10979,0.00000,0.74901,0.00000,0.00000,0.86425,0.00000,0.00000,0.00000,0.00000,0.00000,0.35300,2.02505,1.49505,1.00000,1.00000,1.00000,1095.00944,-0.02623,-0.10812,0.30559,-0.02570,0.50662,0.86378,-0.07113,0.17172,-0.00702,-0.02729,0.20475,0.38656,0.37256,1.73642,1.73357,0.99107,0.99338,0.96429,0.86279,0.00000,0.14991,2.81544,1.99744,0.98214,0.98630,0.92308
194,0.1031,19169280,53478,0.01411,1.01e-04,0.3177,78.7018,0.00000,0.00000,0.00000,10.00000,1212.07401,0.00000,0.75866,0.00000,0.00000,0.86413,0.00000,0.00000,0.00000,0.00000,0.00000,0.35401,2.02491,1.47887,1.00000,1.00000,1.00000,1110.99984,-0.02639,-0.10963,0.30548,-0.02581,0.50597,0.86364,-0.07079,0.16837,-0.00821,-0.02711,0.20412,0.38605,0.37231,1.75468,1.75059,0.99462,0.99213,1.00000,0.86156,0.00000,0.14938,2.79830,2.02667,0.98925,0.98462,1.00000
195,0.1036,19267584,53657,0.01368,9.12e-05,0.3176,77.7901,0.00000,0.00000,0.00000,10.00000,1205.31585,0.00000,0.77877,0.00000,0.00000,0.86255,0.00000,0.00000,0.00000,0.00000,0.00000,0.35384,2.01778,1.55070,1.00000,1.00000,1.00000,1117.47144,-0.02645,-0.11038,0.30390,-0.02606,0.50412,0.86206,-0.07079,0.16932,-0.00832,-0.02751,0.20269,0.38403,0.37191,1.68177,1.55286,0.97768,0.98089,0.86667,0.85957,0.00000,0.14872,2.78575,1.81759,0.95536,0.96154,0.75000
196,0.1041,19365888,53893,0.01478,7.70e-05,0.3175,75.1658,0.00000,0.00000,0.00000,10.00000,1187.64509,0.00000,0.83028,0.00000,0.00000,0.86059,0.00000,0.00000,0.00000,0.00000,0.00000,0.35386,2.02796,1.40234,1.00000,1.00000,1.00000,1097.66292,-0.02646,-0.10839,0.30456,-0.02551,0.50227,0.86011,-0.07126,0.17070,-0.00809,-0.02687,0.20406,0.38523,0.37080,1.68649,1.52923,0.99451,0.99265,1.00000,0.85400,0.00000,0.14701,2.79891,1.99465,0.98901,0.98462,1.00000
197,0.1046,19464192,52376,0.01273,9.66e-05,0.3174,64.5588,0.00000,0.00000,0.00000,10.00000,1211.70635,0.00000,0.73611,0.00000,0.00000,0.85809,0.00000,0.00000,0.00000,0.00000,0.00000,0.35401,2.05014,1.42492,1.00000,1.00000,1.00000,1115.60677,-0.02634,-0.11012,0.30591,-0.02594,0.50076,0.85767,-0.07156,0.17152,-0.00947,-0.02666,0.20612,0.38671,0.37063,1.68833,1.58500,0.98750,0.98113,1.00000,0.85314,0.00000,0.14489,2.79287,1.96068,0.97500,0.96226,1.00000
198,0.1051,19562496,54590,0.01512,6.46e-05,0.3173,70.8422,0.00000,0.00000,0.00000,10.00000,1214.85138,0.00000,0.78165,0.00000,0.00000,0.86231,0.00000,0.00000,0.00000,0.00000,0.00000,0.35332,2.07231,1.50825,1.00000,1.00000,1.00000,1109.33016,-0.02613,-0.10948,0.30830,-0.02531,0.50331,0.86188,-0.07226,0.17097,-0.00876,-0.02678,0.20800,0.39018,0.37132,1.68476,1.60571,0.98256,0.97521,1.00000,0.85658,0.00000,0.14564,2.81260,1.86127,0.96512,0.95161,1.00000
199,0.1056,19660800,53620,0.01232,5.80e-05,0.3172,79.3355,0.00000,0.00000,0.00000,10.00000,1251.44561,0.00000,0.70513,0.00000,0.00000,0.86664,0.00000,0.00000,0.00000,0.00000,0.00000,0.35253,2.07479,1.44405,1.00000,1.00000,1.00000,1117.76082,-0.02609,-0.11032,0.30849,-0.02587,0.50594,0.86617,-0.07254,0.17053,-0.00800,-0.02726,0.20767,0.39053,0.37255,1.64200,1.68778,0.99038,0.99242,0.94444,0.86277,0.00000,0.14687,2.81025,1.86225,0.98077,0.98413,0.87500
200,0.1062,19759104,53281,0.01278,6.99e-05,0.3171,62.7063,0.00000,0.00000,0.00000,10.00000,1179.10961,0.00000,0.79444,0.00000,0.00000,0.86982,0.00000,0.00000,0.00000,0.00000,0.00000,0.35266,2.07961,1.44053,1.00000,1.00000,1.00000,1100.08919,-0.02609,-0.10862,0.30933,-0.02530,0.50860,0.86942,-0.07228,0.16986,-0.00863,-0.02702,0.20870,0.39128,0.37274,1.81237,1.78833,0.98000,0.97203,1.00000,0.86371,0.00000,0.14725,2.81550,2.17454,0.96000,0.94595,1.00000
201,0.1067,19857408,53850,0.01406,8.70e-05,0.3169,78.3889,0.00000,0.00000,0.00000,10.00000,1199.36429,0.00000,0.77778,0.00000,0.00000,0.86797,0.00000,0.00000,0.00000,0.00000,0.00000,0.35168,2.06978,1.53139,1.00000,1.00000,1.00000,1070.43571,-0.02622,-0.10568,0.30742,-0.02529,0.50738,0.86757,-0.07143,0.17140,-0.00819,-0.02708,0.20788,0.38893,0.37221,1.70623,1.78273,0.98571,0.97959,1.00000,0.86105,0.00000,0.14734,2.80228,1.89185,0.97143,0.95946,1.00000
202,0.1072,19955712,55366,0.01224,1.01e-04,0.3168,80.5784,0.00000,0.00000,0.00000,10.00000,1217.15571,0.00000,0.79758,0.00000,0.00000,0.86323,0.00000,0.00000,0.00000,0.00000,0.00000,0.35119,2.04555,1.47791,1.00000,1.00000,1.00000,1071.09432,-0.02648,-0.10568,0.30406,-0.02478,0.50470,0.86287,-0.07088,0.17416,-0.00867,-0.02681,0.20637,0.38498,0.37153,1.68219,1.94154,0.98515,0.97931,1.00000,0.85765,0.00000,0.14648,2.78753,1.93681,0.97030,0.95522,1.00000
203,0.1077,20054016,53388,0.01393,7.61e-05,0.3167,81.5541,0.00000,0.00000,0.00000,10.00000,1178.03691,0.00000,0.81066,0.00000,0.00000,0.85734,0.00000,0.00000,0.00000,0.00000,0.00000,0.35068,2.01530,1.51769,1.00000,1.00000,1.00000,1087.82829,-0.02662,-0.10735,0.30118,-0.02502,0.50089,0.85695,-0.07081,0.17413,-0.00887,-0.02686,0.20376,0.38201,0.37062,1.75484,1.48267,0.98469,0.97902,1.00000,0.85312,0.00000,0.14844,2.77650,1.99506,0.96939,0.95890,1.00000
204,0.1082,20152320,54174,0.01086,1.10e-04,0.3166,75.4901,0.00000,0.00000,0.00000,10.00000,1163.64516,0.00000,0.77222,0.00000,0.00000,0.85271,0.00000,0.00000,0.00000,0.00000,0.00000,0.34958,2.00303,1.79225,1.00000,1.00000,1.00000,1097.59172,-0.02661,-0.10832,0.30009,-0.02519,0.49847,0.85234,-0.07058,0.17821,-0.00784,-0.02705,0.20260,0.37997,0.37008,1.87793,2.06526,0.98500,0.97842,1.00000,0.85039,0.00000,0.14773,2.78004,1.96933,0.97000,0.95588,1.00000
205,0.1088,20250624,53927,0.01715,1.00e-04,0.3165,99.0963,0.00000,0.00000,0.00000,10.00000,1218.91776,0.00000,0.79532,0.00000,0.00000,0.85123,0.00000,0.00000,0.00000,0.00000,0.00000,0.34994,2.00009,1.44842,0.98947,0.98592,1.00000,1128.36141,-0.02666,-0.11118,0.29947,-0.02514,0.49683,0.85077,-0.07124,0.17443,-0.00845,-0.02702,0.20188,0.37920,0.36985,1.61269,1.60000,0.98421,0.97794,1.00000,0.84923,0.00000,0.14921,2.76249,1.79362,0.97895,0.96923,1.00000
206,0.1093,20348928,53592,0.01347,1.24e-04,0.3164,87.3794,0.00000,0.00000,0.00000,10.00000,1218.02504,0.00000,0.77362,0.00000,0.00000,0.85354,0.00000,0.00000,0.00000,0.00000,0.00000,0.34986,2.00076,1.52977,1.00000,1.00000,1.00000,1130.88599,-0.02651,-0.11150,0.29931,-0.02593,0.49823,0.85307,-0.07149,0.17416,-0.00858,-0.02739,0.20057,0.37936,0.37017,1.73732,1.71067,0.99533,0.99329,1.00000,0.85087,0.00000,0.14964,2.76135,1.96615,0.99065,0.98592,1.00000
207,0.1098,20447232,53608,0.01917,5.80e-05,0.3163,67.9254,0.00000,0.00000,0.00000,10.00000,1235.63495,0.00000,0.75269,0.00000,0.00000,0.85459,0.00000,0.00000,0.00000,0.00000,0.00000,0.35068,1.98446,1.50584,1.00000,1.00000,1.00000,1134.72738,-0.02671,-0.11196,0.29678,-0.02520,0.49957,0.85416,-0.07139,0.17123,-0.00952,-0.02779,0.19888,0.37638,0.37069,1.82652,1.74200,1.00000,1.00000,1.00000,0.85345,0.00000,0.14920,2.74202,2.14719,1.00000,1.00000,1.00000
208,0.1103,20545536,53617,0.01231,6.99e-05,0.3162,79.2397,0.00000,0.00000,0.00000,10.00000,1212.91266,0.00000,0.75531,0.00000,0.00000,0.85275,0.00000,0.00000,0.00000,0.00000,0.00000,0.35183,1.97219,1.61912,0.97753,0.96875,1.00000,1128.09155,-0.02674,-0.11125,0.29613,-0.02626,0.49863,0.85231,-0.07090,0.16722,-0.00931,-0.02744,0.19767,0.37639,0.37005,1.81349,1.64200,0.97191,0.95868,1.00000,0.85025,0.00000,0.15040,2.73187,2.03016,0.96629,0.94737,1.00000
209,0.1108,20643840,54333,0.01480,6.99e-05,0.3161,78.5668,0.00000,0.00000,0.00000,10.00000,1207.30524,0.00000,0.78460,0.00000,0.00000,0.84968,0.00000,0.00000,0.00000,0.00000,0.00000,0.35081,1.99367,1.54475,0.99123,0.98701,1.00000,1136.47965,-0.02661,-0.11195,0.29749,-0.02560,0.49638,0.84922,-0.07113,0.17004,-0.00983,-0.02733,0.19980,0.37840,0.36932,1.76783,1.65750,0.98246,0.98137,0.88889,0.84661,0.00000,0.15027,2.74419,1.97535,0.97368,0.97619,0.80000
210,0.1113,20742144,54205,0.01351,7.70e-05,0.3160,72.5979,0.00000,0.00000,0.00000,10.00000,1221.96685,0.00000,0.75075,0.00000,0.00000,0.85165,0.00000,0.00000,0.00000,0.00000,0.00000,0.35189,1.99688,1.32542,1.00000,1.00000,1.00000,1136.02970,-0.02658,-0.11200,0.29759,-0.02615,0.49690,0.85124,-0.07142,0.16561,-0.00872,-0.02694,0.19995,0.37814,0.36967,1.65780,1.55555,1.00000,1.00000,1.00000,0.84833,0.00000,0.14944,2.73246,1.99017,1.00000,1.00000,1.00000
211,0.1118,20840448,54245,0.01558,5.97e-05,0.3159,67.6176,0.00000,0.00000,0.00000,10.00000,1184.25009,0.00000,0.78652,0.00000,0.00000,0.85171,0.00000,0.00000,0.00000,0.00000,0.00000,0.35155,2.01891,1.43746,1.00000,1.00000,1.00000,1152.78328,-0.02648,-0.11370,0.30025,-0.02522,0.49693,0.85124,-0.07233,0.16938,-0.00995,-0.02706,0.20153,0.38028,0.36973,1.74015,1.59857,0.97191,0.96032,1.00000,0.84865,0.00000,0.14754,2.74635,2.07594,0.94382,0.91935,1.00000
212,0.1124,20938752,54449,0.01352,5.97e-05,0.3158,74.9281,0.00000,0.00000,0.00000,10.00000,1209.88925,0.00000,0.73856,0.00000,0.00000,0.85560,0.00000,0.00000,0.00000,0.00000,0.00000,0.35160,2.04870,1.43070,1.00000,1.00000,1.00000,1156.61182,-0.02638,-0.11412,0.30260,-0.02550,0.49903,0.85521,-0.07220,0.16753,-0.00958,-0.02687,0.20299,0.38252,0.37018,1.64931,1.50105,0.98824,0.98230,1.00000,0.85090,0.00000,0.14685,2.74255,1.90800,0.97647,0.96154,1.00000
213,0.1129,21037056,53238,0.01314,6.34e-05,0.3157,62.9987,0.00000,0.00000,0.00000,10.00000,1223.43144,0.00000,0.83074,0.00000,0.00000,0.85856,0.00000,0.00000,0.00000,0.00000,0.00000,0.35080,2.06919,1.44143,0.99065,0.98765,1.00000,1125.72233,-0.02618,-0.11113,0.30501,-0.02580,0.50165,0.85817,-0.07153,0.16565,-0.00892,-0.02729,0.20469,0.38535,0.37083,1.66778,1.68000,0.99533,0.99375,1.00000,0.85415,0.00000,0.14812,2.74934,1.89687,1.00000,1.00000,1.00000
214,0.1134,21135360,53964,0.01070,9.13e-05,0.3156,76.5495,0.00000,0.00000,0.00000,10.00000,1188.08873,0.00000,0.71429,0.00000,0.00000,0.86095,0.00000,0.00000,0.00000,0.00000,0.00000,0.34949,2.06728,1.50571,0.99107,0.98592,1.00000,1096.69865,-0.02622,-0.10828,0.30442,-0.02570,0.50400,0.86054,-0.07024,0.16805,-0.00833,-0.02710,0.20458,0.38540,0.37144,1.82433,1.88645,0.98214,0.97222,1.00000,0.85721,0.00000,0.14953,2.75183,2.13195,0.97321,0.95890,1.00000
215,0.1139,21233664,53643,0.01731,5.40e-05,0.3154,88.5780,0.00000,0.00000,0.00000,10.00000,1236.32696,0.00000,0.76458,0.00000,0.00000,0.86020,0.00000,0.00000,0.00000,0.00000,0.00000,0.34849,2.06257,1.57167,1.00000,1.00000,1.00000,1115.24089,-0.02612,-0.11001,0.30529,-0.02571,0.50400,0.85977,-0.06974,0.17134,-0.00936,-0.02719,0.20444,0.38613,0.37115,1.72932,1.58545,0.99010,0.98561,1.00000,0.85577,0.00000,0.15040,2.76739,1.87868,0.98020,0.97183,1.00000
216,0.1144,21331968,54016,0.01205,6.34e-05,0.3154,86.7812,0.00000,0.00000,0.00000,10.00000,1202.86077,0.00000,0.81408,0.00000,0.00000,0.86144,0.00000,0.00000,0.00000,0.00000,0.00000,0.34877,2.03505,1.48450,1.00000,1.00000,1.00000,1129.45085,-0.02624,-0.11140,0.30247,-0.02603,0.50356,0.86094,-0.06953,0.17103,-0.00799,-0.02741,0.20244,0.38307,0.37130,1.76542,1.62667,0.99010,0.98649,1.00000,0.85651,0.00000,0.15150,2.76181,2.06507,0.98020,0.97222,1.00000
217,0.1149,21430272,53090,0.01300,7.61e-05,0.3153,70.8640,0.00000,0.00000,0.00000,10.00000,1163.02500,0.00000,0.80864,0.00000,0.00000,0.85870,0.00000,0.00000,0.00000,0.00000,0.00000,0.34932,2.04048,1.65536,1.00000,1.00000,1.00000,1120.78206,-0.02619,-0.11060,0.30364,-0.02658,0.50281,0.85820,-0.07037,0.17347,-0.00909,-0.02715,0.20330,0.38501,0.37114,1.87412,1.77143,0.98333,0.97710,1.00000,0.85568,0.00000,0.14979,2.77685,2.07811,0.96667,0.95652,1.00000
218,0.1155,21528576,53688,0.01145,1.10e-04,0.3152,76.0934,0.00000,0.00000,0.00000,10.00000,1189.42139,0.00000,0.75446,0.00000,0.00000,0.85746,0.00000,0.00000,0.00000,0.00000,0.00000,0.34897,2.06370,1.54034,0.98765,0.98182,1.00000,1123.63013,-0.02608,-0.11086,0.30602,-0.02644,0.50187,0.85703,-0.07034,0.17716,-0.00924,-0.02685,0.20559,0.38818,0.37076,1.85203,1.70000,0.98148,0.98182,0.90909,0.85380,0.00000,0.14787,2.79745,2.16373,0.97531,0.98182,0.83333
219,0.1160,21626880,54821,0.01544,1.00e-04,0.3151,76.1515,0.00000,0.00000,0.00000,10.00000,1223.31807,0.00000,0.73436,0.00000,0.00000,0.86097,0.00000,0.00000,0.00000,0.00000,0.00000,0.34807,2.08153,1.52105,0.98851,1.00000,0.80000,1110.71509,-0.02590,-0.10964,0.30821,-0.02694,0.50363,0.86061,-0.07055,0.18155,-0.00749,-0.02680,0.20749,0.39059,0.37100,1.85870,1.65778,0.98851,0.99130,0.90000,0.85502,0.00000,0.14663,2.82269,2.15030,0.98851,0.98387,1.00000
220,0.1165,21725184,54060,0.01470,1.01e-04,0.3149,61.8020,0.00000,0.00000,0.00000,10.00000,1193.75193,0.00000,0.79758,0.00000,0.00000,0.86400,0.00000,0.00000,0.00000,0.00000,0.00000,0.34748,2.06911,1.49075,0.99010,0.98649,1.00000,1106.96452,-0.02590,-0.10932,0.30734,-0.02551,0.50585,0.86357,-0.07019,0.18513,-0.00780,-0.02705,0.20711,0.38920,0.37168,1.70874,1.43636,0.97525,0.96552,1.00000,0.85842,0.00000,0.14626,2.83229,1.95437,0.96040,0.94366,1.00000
221,0.1170,21823488,54457,0.01615,8.35e-05,0.3148,80.9021,0.00000,0.00000,0.00000,10.00000,1198.22521,0.00000,0.78231,0.00000,0.00000,0.86590,0.00000,0.00000,0.00000,0.00000,0.00000,0.34617,2.07452,1.62763,0.98980,0.98592,1.00000,1127.06934,-0.02579,-0.11128,0.30753,-0.02542,0.50685,0.86549,-0.07039,0.18802,-0.00825,-0.02692,0.20730,0.38973,0.37233,1.75691,1.76308,0.98469,0.98551,0.92857,0.86165,0.00000,0.14629,2.83826,1.89151,0.97959,0.98507,0.87500
222,0.1175,21921792,54115,0.01277,9.32e-05,0.3147,74.4601,0.00000,0.00000,0.00000,10.00000,1210.83472,0.00000,0.79511,0.00000,0.00000,0.86816,0.00000,0.00000,0.00000,0.00000,0.00000,0.34610,2.06742,1.55104,1.00000,1.00000,1.00000,1122.85791,-0.02573,-0.11075,0.30730,-0.02585,0.50788,0.86772,-0.07033,0.18694,-0.00825,-0.02725,0.20581,0.38879,0.37268,1.70831,1.71391,0.99541,0.99359,1.00000,0.86341,0.00000,0.14699,2.82745,1.89244,0.99083,0.98611,1.00000
223,0.1180,22020096,53663,0.01527,5.83e-05,0.3146,72.0628,0.00000,0.00000,0.00000,10.00000,1186.40542,0.00000,0.81446,0.00000,0.00000,0.86529,0.00000,0.00000,0.00000,0.00000,0.00000,0.34687,2.06002,1.53888,1.00000,1.00000,1.00000,1097.20207,-0.02565,-0.10831,0.30678,-0.02570,0.50779,0.86485,-0.06956,0.18723,-0.00785,-0.02705,0.20604,0.38813,0.37275,1.77890,2.29714,0.99029,0.99338,0.93333,0.86376,0.00000,0.14632,2.83251,2.06373,0.98058,0.98571,0.85714
224,0.1185,22118400,54443,0.01160,7.25e-05,0.3145,80.1489,0.00000,0.00000,0.00000,10.00000,1186.14461,0.00000,0.82200,0.00000,0.00000,0.86400,0.00000,0.00000,0.00000,0.00000,0.00000,0.34728,2.05287,1.56907,1.00000,1.00000,1.00000,1085.88761,-0.02588,-0.10732,0.30577,-0.02571,0.50715,0.86359,-0.06947,0.18432,-0.00746,-0.02706,0.20489,0.38709,0.37227,1.81180,1.73375,0.98980,0.98621,1.00000,0.86133,0.00000,0.14713,2.81714,2.09013,0.97959,0.97059,1.00000
225,0.1190,22216704,54056,0.01510,5.83e-05,0.3144,90.3306,0.00000,0.00000,0.00000,10.00000,1224.04806,0.00000,0.72391,0.00000,0.00000,0.85817,0.00000,0.00000,0.00000,0.00000,0.00000,0.34661,2.05499,1.44247,1.00000,1.00000,1.00000,1079.81120,-0.02595,-0.10660,0.30536,-0.02526,0.50286,0.85769,-0.07016,0.18741,-0.00801,-0.02677,0.20586,0.38629,0.37078,1.71324,1.56923,0.98485,0.98450,0.92857,0.85392,0.00000,0.14562,2.81397,1.99971,0.96970,0.96875,0.83333
226,0.1196,22315008,54500,0.01124,7.61e-05,0.3144,63.1216,0.00000,0.00000,0.00000,10.00000,1210.68416,0.00000,0.72338,0.00000,0.00000,0.85575,0.00000,0.00000,0.00000,0.00000,0.00000,0.34624,2.04906,1.47642,0.98958,0.98333,1.00000,1096.34098,-0.02619,-0.10815,0.30355,-0.02408,0.50099,0.85529,-0.07064,0.18702,-0.00927,-0.02644,0.20596,0.38402,0.37065,1.77174,1.71200,0.98958,0.98400,1.00000,0.85325,0.00000,0.14512,2.80282,2.05042,0.98958,0.98462,1.00000
227,0.1201,22413312,55292,0.01474,6.96e-05,0.3143,72.4005,0.00000,0.00000,0.00000,10.00000,1192.71963,0.00000,0.79665,0.00000,0.00000,0.85755,0.00000,0.00000,0.00000,0.00000,0.00000,0.34628,2.03757,1.48046,0.99057,1.00000,0.91667,1114.00781,-0.02637,-0.10991,0.30045,-0.02442,0.50142,0.85713,-0.07044,0.18557,-0.00881,-0.02678,0.20398,0.38098,0.37105,1.73848,1.65809,0.98585,0.98684,0.95455,0.85523,0.00000,0.14536,2.78045,2.00571,0.98113,0.97368,1.00000
228,0.1206,22511616,53556,0.01063,1.00e-04,0.3142,85.8622,0.00000,0.00000,0.00000,10.00000,1193.00074,0.00000,0.79178,0.00000,0.00000,0.85655,0.00000,0.00000,0.00000,0.00000,0.00000,0.34767,2.01596,1.49420,0.99213,0.98889,1.00000,1115.47046,-0.02650,-0.11015,0.29891,-0.02507,0.50114,0.85605,-0.07003,0.18010,-0.00818,-0.02705,0.20213,0.37916,0.37117,1.72979,1.99000,0.97638,0.97238,0.95000,0.85584,0.00000,0.14632,2.75979,1.97521,0.96063,0.95604,0.88889
229,0.1211,22609920,54471,0.01545,7.61e-05,0.3141,72.4176,0.00000,0.00000,0.00000,10.00000,1197.47111,0.00000,0.77519,0.00000,0.00000,0.85433,0.00000,0.00000,0.00000,0.00000,0.00000,0.34878,2.01612,1.56190,1.00000,1.00000,1.00000,1125.03231,-0.02652,-0.11112,0.29939,-0.02505,0.49978,0.85382,-0.07019,0.17847,-0.00963,-0.02676,0.20222,0.37944,0.37082,1.85703,1.82200,0.98256,0.97500,1.00000,0.85412,0.00000,0.14613,2.75743,2.14308,0.96512,0.95161,1.00000
230,0.1216,22708224,54668,0.01255,8.70e-05,0.3140,84.5976,0.00000,0.00000,0.00000,10.00000,1183.39926,0.00000,0.88675,0.00000,0.00000,0.85291,0.00000,0.00000,0.00000,0.00000,0.00000,0.34812,2.02522,1.55415,1.00000,1.00000,1.00000,1127.80339,-0.02632,-0.11126,0.30052,-0.02518,0.49912,0.85244,-0.07060,0.18040,-0.00931,-0.02696,0.20293,0.38121,0.37068,1.79694,1.64400,0.98558,0.98193,1.00000,0.85338,0.00000,0.14679,2.77401,2.02318,0.97115,0.96471,1.00000
231,0.1221,22806528,53985,0.01365,8.39e-05,0.3139,80.7822,0.00000,0.00000,0.00000,10.00000,1183.12149,0.00000,0.76211,0.00000,0.00000,0.85556,0.00000,0.00000,0.00000,0.00000,0.00000,0.34960,2.03461,1.37612,0.98718,0.98148,1.00000,1136.35970,-0.02625,-0.11213,0.30351,-0.02470,0.49987,0.85508,-0.07093,0.17955,-0.00922,-0.02648,0.20453,0.38458,0.37083,1.62000,1.57391,0.97436,0.96262,1.00000,0.85414,0.00000,0.14711,2.80223,1.89233,0.96154,0.94340,1.00000
232,0.1226,22904832,53326,0.01079,1.21e-04,0.3138,68.4907,0.00000,0.00000,0.00000,10.00000,1202.07859,0.00000,0.74257,0.00000,0.00000,0.85948,0.00000,0.00000,0.00000,0.00000,0.00000,0.34933,2.04845,1.41167,1.00000,1.00000,1.00000,1130.36751,-0.02597,-0.11146,0.30607,-0.02535,0.50334,0.85905,-0.07099,0.18223,-0.00956,-0.02667,0.20724,0.38781,0.37174,1.68344,1.67000,0.98020,0.97778,0.94737,0.85870,0.00000,0.14739,2.83109,1.93114,0.96040,0.95833,0.90000
233,0.1231,23003136,54355,0.01431,1.18e-04,0.3137,80.5346,0.00000,0.00000,0.00000,10.00000,1219.31185,0.00000,0.69444,0.00000,0.00000,0.86456,0.00000,0.00000,0.00000,0.00000,0.00000,0.34996,2.06894,1.46125,1.00000,1.00000,1.00000,1128.36865,-0.02604,-0.11134,0.30870,-0.02554,0.50626,0.86415,-0.07117,0.18261,-0.00872,-0.02656,0.20843,0.39001,0.37263,1.82159,1.69238,0.99405,1.00000,0.95455,0.86313,0.00000,0.14601,2.84134,2.19355,0.98810,1.00000,0.90909
234,0.1237,23101440,52702,0.01441,1.00e-04,0.3136,65.4828,0.00000,0.00000,0.00000,10.00000,1207.18955,0.00000,0.76591,0.00000,0.00000,0.86369,0.00000,0.00000,0.00000,0.00000,0.00000,0.34971,2.06911,1.47875,1.00000,1.00000,1.00000,1109.51921,-0.02594,-0.10957,0.30881,-0.02548,0.50621,0.86326,-0.07058,0.18502,-0.00811,-0.02666,0.20870,0.39065,0.37227,1.80430,1.81882,0.99029,0.98592,1.00000,0.86133,0.00000,0.14470,2.85102,2.13820,0.98058,0.97183,1.00000
235,0.1242,23199744,55125,0.01398,1.12e-04,0.3135,83.9613,0.00000,0.00000,0.00000,10.00000,1236.30238,0.00000,0.68783,0.00000,0.00000,0.86456,0.00000,0.00000,0.00000,0.00000,0.00000,0.34937,2.06553,1.50400,1.00000,1.00000,1.00000,1083.48690,-0.02599,-0.10708,0.30738,-0.02497,0.50774,0.86407,-0.06968,0.18381,-0.00661,-0.02684,0.20781,0.38901,0.37284,1.74294,1.69067,0.98571,0.98462,0.93750,0.86419,0.00000,0.14445,2.83305,2.00647,0.97143,0.96774,0.88889
236,0.1247,23298048,54686,0.01480,1.21e-04,0.3134,69.4396,0.00000,0.00000,0.00000,10.00000,1238.83725,0.00000,0.74238,0.00000,0.00000,0.86328,0.00000,0.00000,0.00000,0.00000,0.00000,0.34939,2.06555,1.59303,1.00000,1.00000,1.00000,1089.63167,-0.02597,-0.10759,0.30730,-0.02535,0.50699,0.86281,-0.06900,0.18344,-0.00891,-0.02669,0.20791,0.38883,0.37234,1.77527,1.72714,0.99558,1.00000,0.92857,0.86169,0.00000,0.14418,2.82723,1.98868,0.99115,1.00000,0.85714
237,0.1252,23396352,52816,0.01407,1.21e-04,0.3133,82.3478,0.00000,0.00000,0.00000,10.00000,1208.53592,0.00000,0.80314,0.00000,0.00000,0.85986,0.00000,0.00000,0.00000,0.00000,0.00000,0.34888,2.03680,1.48356,1.00000,1.00000,1.00000,1106.01383,-0.02618,-0.10922,0.30377,-0.02510,0.50436,0.85937,-0.06889,0.18361,-0.00797,-0.02670,0.20508,0.38449,0.37152,1.72238,1.75333,0.98913,0.98496,1.00000,0.85759,0.00000,0.14483,2.80727,1.97143,0.97826,0.96970,1.00000
238,0.1257,23494656,54780,0.01602,9.24e-05,0.3132,60.6754,0.00000,0.00000,0.00000,10.00000,1209.26873,0.00000,0.80177,0.00000,0.00000,0.85626,0.00000,0.00000,0.00000,0.00000,0.00000,0.34907,2.02822,1.52600,1.00000,1.00000,1.00000,1112.68408,-0.02627,-0.10982,0.30195,-0.02471,0.50055,0.85581,-0.06952,0.18317,-0.00843,-0.02638,0.20439,0.38215,0.37087,1.73298,1.66000,0.97727,0.96850,1.00000,0.85437,0.00000,0.14420,2.79841,1.95937,0.95455,0.93548,1.00000
239,0.1262,23592960,53825,0.01853,7.25e-05,0.3131,76.6140,0.00000,0.00000,0.00000,10.00000,1198.33816,0.00000,0.82305,0.00000,0.00000,0.85443,0.00000,0.00000,0.00000,0.00000,0.00000,0.34821,2.04818,1.45180,1.00000,1.00000,1.00000,1115.52352,-0.02609,-0.11015,0.30479,-0.02469,0.49989,0.85401,-0.06914,0.18585,-0.00856,-0.02647,0.20572,0.38540,0.37075,1.80809,1.46500,0.98765,0.98333,1.00000,0.85377,0.00000,0.14476,2.81728,2.14246,0.97531,0.96825,1.00000
240,0.1268,23691264,52853,0.01220,1.04e-04,0.3130,75.2685,0.00000,0.00000,0.00000,10.00000,1241.16406,0.00000,0.75601,0.00000,0.00000,0.85885,0.00000,0.00000,0.00000,0.00000,0.00000,0.34806,2.06787,1.56975,0.98969,0.98649,1.00000,1109.05664,-0.02586,-0.10961,0.30685,-0.02492,0.50134,0.85837,-0.06957,0.18594,-0.00685,-0.02649,0.20712,0.38805,0.37134,1.70938,1.56625,0.98454,0.97727,1.00000,0.85670,0.00000,0.14439,2.83501,1.88123,0.97938,0.96552,1.00000
241,0.1273,23789568,53565,0.01806,7.70e-05,0.3129,74.2204,0.00000,0.00000,0.00000,10.00000,1200.22068,0.00000,0.84229,0.00000,0.00000,0.86435,0.00000,0.00000,0.00000,0.00000,0.00000,0.34829,2.06705,1.55730,0.98925,0.98592,1.00000,1117.66569,-0.02597,-0.11029,0.30693,-0.02536,0.50560,0.86389,-0.06990,0.18475,-0.00816,-0.02674,0.20700,0.38897,0.37201,1.87752,3.18000,0.98925,0.98582,1.00000,0.86005,0.00000,0.14530,2.82652,2.21127,0.98925,0.98571,1.00000
242,0.1278,23887872,54109,0.01328,9.24e-05,0.3128,69.3226,0.00000,0.00000,0.00000,10.00000,1223.03185,0.00000,0.73016,0.00000,0.00000,0.86440,0.00000,0.00000,0.00000,0.00000,0.00000,0.34685,2.07845,1.42475,0.99048,0.98529,1.00000,1103.36800,-0.02597,-0.10889,0.30692,-0.02470,0.50594,0.86395,-0.07000,0.18709,-0.00859,-0.02672,0.20754,0.38838,0.37207,1.68256,2.06500,0.98095,0.97826,0.95238,0.86036,0.00000,0.14433,2.82770,1.95395,0.97143,0.97143,0.88889
243,0.1283,23986176,53695,0.01494,7.23e-05,0.3127,73.8608,0.00000,0.00000,0.00000,10.00000,1193.66594,0.00000,0.75000,0.00000,0.00000,0.86155,0.00000,0.00000,0.00000,0.00000,0.00000,0.34629,2.06305,1.55268,1.00000,1.00000,1.00000,1093.38656,-0.02602,-0.10795,0.30571,-0.02467,0.50486,0.86112,-0.06929,0.18679,-0.00730,-0.02662,0.20720,0.38683,0.37224,1.77409,1.67750,0.98500,0.97778,1.00000,0.86121,0.00000,0.14583,2.82002,1.97564,0.97000,0.95890,1.00000
244,0.1288,24084480,53202,0.01337,8.05e-05,0.3127,76.5253,0.00000,0.00000,0.00000,10.00000,1222.65611,0.00000,0.80853,0.00000,0.00000,0.86107,0.00000,0.00000,0.00000,0.00000,0.00000,0.34569,2.05172,1.49121,1.00000,1.00000,1.00000,1094.11987,-0.02595,-0.10802,0.30600,-0.02534,0.50526,0.86066,-0.06940,0.18707,-0.00872,-0.02674,0.20605,0.38683,0.37235,1.75220,1.71714,1.00000,1.00000,1.00000,0.86173,0.00000,0.14825,2.82660,2.02837,1.00000,1.00000,1.00000
245,0.1293,24182784,53759,0.01251,1.03e-04,0.3126,71.7669,0.00000,0.00000,0.00000,10.00000,1237.03184,0.00000,0.71860,0.00000,0.00000,0.86024,0.00000,0.00000,0.00000,0.00000,0.00000,0.34549,2.04190,1.47205,1.00000,1.00000,1.00000,1085.78459,-0.02617,-0.10723,0.30489,-0.02516,0.50377,0.85976,-0.06943,0.18788,-0.00729,-0.02639,0.20521,0.38570,0.37160,1.70563,1.94118,0.98370,0.97479,1.00000,0.85802,0.00000,0.14820,2.82122,1.98064,0.96739,0.94545,1.00000
246,0.1299,24281088,53791,0.01187,1.33e-04,0.3125,74.7405,0.00000,0.00000,0.00000,10.00000,1230.32054,0.00000,0.73157,0.00000,0.00000,0.85675,0.00000,0.00000,0.00000,0.00000,0.00000,0.34561,2.03777,1.50400,1.00000,1.00000,1.00000,1080.66797,-0.02615,-0.10677,0.30356,-0.02491,0.50142,0.85633,-0.06946,0.18824,-0.00785,-0.02645,0.20577,0.38400,0.37094,1.76381,1.54000,0.98515,0.98496,0.94118,0.85470,0.00000,0.14719,2.81133,2.03444,0.97030,0.96970,0.88889
247,0.1304,24379392,54310,0.01474,1.24e-04,0.3125,85.4981,0.00000,0.00000,0.00000,10.00000,1178.84193,0.00000,0.85297,0.00000,0.00000,0.85495,0.00000,0.00000,0.00000,0.00000,0.00000,0.34457,2.03245,1.61286,1.00000,1.00000,1.00000,1102.39640,-0.02625,-0.10886,0.30182,-0.02398,0.49933,0.85455,-0.07019,0.18999,-0.00839,-0.02620,0.20487,0.38193,0.37055,1.85164,1.97500,0.97980,0.97368,1.00000,0.85273,0.00000,0.14584,2.80007,2.09926,0.95960,0.94667,1.00000
248,0.1309,24477696,54494,0.01697,7.77e-05,0.3124,77.9826,0.00000,0.00000,0.00000,10.00000,1240.06743,0.00000,0.76076,0.00000,0.00000,0.85665,0.00000,0.00000,0.00000,0.00000,0.00000,0.34617,2.02773,1.40143,1.00000,1.00000,1.00000,1100.88875,-0.02623,-0.10863,0.30084,-0.02484,0.50033,0.85619,-0.07025,0.18331,-0.00787,-0.02661,0.20338,0.38071,0.37048,1.66934,1.60800,0.99099,0.98684,1.00000,0.85240,0.00000,0.14660,2.77891,1.94048,0.98198,0.97368,1.00000
249,0.1314,24576000,54647,0.01501,7.16e-05,0.3124,85.3525,0.00000,0.00000,0.00000,10.00000,1206.25296,0.00000,0.78065,0.00000,0.00000,0.85314,0.00000,0.00000,0.00000,0.00000,0.00000,0.34596,2.00854,1.48911,1.00000,1.00000,1.00000,1094.99854,-0.02645,-0.10803,0.29865,-0.02447,0.49896,0.85267,-0.06931,0.18207,-0.00937,-0.02669,0.20170,0.37777,0.37007,1.80727,1.72375,0.98707,0.98160,1.00000,0.85034,0.00000,0.14667,2.74872,2.14023,0.97414,0.96250,1.00000
250,0.1319,24674304,54327,0.01025,9.24e-05,0.3123,84.7674,0.00000,0.00000,0.00000,10.00000,1214.21120,0.00000,0.79900,0.00000,0.00000,0.85012,0.00000,0.00000,0.00000,0.00000,0.00000,0.34612,2.00442,1.53057,1.00000,1.00000,1.00000,1135.44417,-0.02649,-0.11213,0.29723,-0.02453,0.49679,0.84967,-0.06923,0.18219,-0.00862,-0.02646,0.20040,0.37651,0.36974,1.83168,1.74600,0.99438,0.99219,1.00000,0.84869,0.00000,0.14693,2.74870,2.14627,0.98876,0.98413,1.00000
251,0.1324,24772608,53819,0.01377,1.01e-04,0.3123,70.4661,0.00000,0.00000,0.00000,10.00000,1256.10938,0.00000,0.78108,0.00000,0.00000,0.85144,0.00000,0.00000,0.00000,0.00000,0.00000,0.34680,2.01208,1.58173,1.00000,1.00000,1.00000,1126.76888,-0.02651,-0.11130,0.29896,-0.02579,0.49708,0.85097,-0.06916,0.17920,-0.00732,-0.02639,0.20066,0.37819,0.37021,1.71252,1.21600,1.00000,1.00000,1.00000,0.85105,0.00000,0.14844,2.75332,1.87303,1.00000,1.00000,1.00000
252,0.1329,24870912,54434,0.01366,1.04e-04,0.3122,76.9314,0.00000,0.00000,0.00000,10.00000,1226.24656,0.00000,0.65926,0.00000,0.00000,0.85178,0.00000,0.00000,0.00000,0.00000,0.00000,0.34655,2.03726,1.66345,0.98667,1.00000,0.90909,1123.66960,-0.02625,-0.11090,0.30247,-0.02535,0.49776,0.85136,-0.06994,0.18333,-0.01032,-0.02632,0.20342,0.38239,0.37038,1.85805,1.90833,0.99333,1.00000,0.95833,0.85189,0.00000,0.14648,2.78028,2.06327,1.00000,1.00000,1.00000
253,0.1335,24969216,53641,0.01513,1.10e-04,0.3122,83.6145,0.00000,0.00000,0.00000,10.00000,1178.62225,0.00000,0.78836,0.00000,0.00000,0.85453,0.00000,0.00000,0.00000,0.00000,0.00000,0.34620,2.04872,1.49481,1.00000,1.00000,1.00000,1137.56616,-0.02622,-0.11224,0.30277,-0.02509,0.49854,0.85412,-0.07012,0.18482,-0.00844,-0.02666,0.20461,0.38342,0.37041,1.73976,1.78700,0.97619,0.96644,1.00000,0.85205,0.00000,0.14560,2.78977,1.97318,0.95238,0.93590,1.00000
254,0.1340,25067520,53955,0.01349,1.20e-04,0.3121,96.5168,0.00000,0.00000,0.00000,10.00000,1246.60963,0.00000,0.73260,0.00000,0.00000,0.86078,0.00000,0.00000,0.00000,0.00000,0.00000,0.34680,2.06271,1.43406,1.00000,1.00000,1.00000,1153.11914,-0.02608,-0.11380,0.30528,-0.02622,0.50302,0.86033,-0.07038,0.18337,-0.00896,-0.02656,0.20606,0.38663,0.37210,1.69538,1.72000,0.99451,0.99167,1.00000,0.86049,0.00000,0.14675,2.80582,1.94879,0.98901,0.98333,1.00000
255,0.1345,25165824,54804,0.01469,1.24e-04,0.3120,81.0201,0.00000,0.00000,0.00000,10.00000,1231.53992,0.00000,0.75000,0.00000,0.00000,0.86678,0.00000,0.00000,0.00000,0.00000,0.00000,0.34654,2.07478,1.62154,0.99000,0.98611,1.00000,1144.58838,-0.02585,-0.11296,0.30753,-0.02615,0.50660,0.86621,-0.07022,0.18424,-0.00945,-0.02689,0.20705,0.38923,0.37319,1.78824,1.86857,0.99000,0.98519,1.00000,0.86596,0.00000,0.14780,2.82776,1.97400,0.99000,0.98413,1.00000
256,0.1350,25264128,54362,0.01425,1.24e-04,0.3119,99.7779,0.00000,0.00000,0.00000,10.00000,1202.48908,0.00000,0.73894,0.00000,0.00000,0.86866,0.00000,0.00000,0.00000,0.00000,0.00000,0.34607,2.07228,1.55700,1.00000,1.00000,1.00000,1108.36515,-0.02587,-0.10935,0.30781,-0.02626,0.50855,0.86815,-0.06885,0.18620,-0.00957,-0.02671,0.20643,0.39012,0.37322,1.76357,1.73250,0.98058,0.97080,1.00000,0.86608,0.00000,0.14814,2.83129,1.97818,0.96117,0.94366,1.00000
257,0.1355,25362432,54079,0.01594,8.05e-05,0.3118,72.5977,0.00000,0.00000,0.00000,10.00000,1208.95690,0.00000,0.73755,0.00000,0.00000,0.86408,0.00000,0.00000,0.00000,0.00000,0.00000,0.34566,2.06067,1.51582,1.00000,1.00000,1.00000,1097.14941,-0.02593,-0.10823,0.30621,-0.02490,0.50555,0.86360,-0.06822,0.19281,-0.00879,-0.02670,0.20694,0.38811,0.37212,1.85163,1.89263,0.98707,0.98701,0.95000,0.86058,0.00000,0.14503,2.83785,2.22889,0.97414,0.97297,0.88889
258,0.1360,25460736,54245,0.01412,8.35e-05,0.3117,79.2639,0.00000,0.00000,0.00000,10.00000,1200.20450,0.00000,0.90965,0.00000,0.00000,0.86035,0.00000,0.00000,0.00000,0.00000,0.00000,0.34578,2.05325,1.56676,0.98901,0.98649,1.00000,1094.72664,-0.02606,-0.10803,0.30493,-0.02478,0.50270,0.85985,-0.06835,0.19116,-0.00782,-0.02613,0.20609,0.38574,0.37140,1.74631,1.58000,0.98352,0.97987,1.00000,0.85702,0.00000,0.14497,2.81724,1.92347,0.97802,0.97333,1.00000
259,0.1365,25559040,54122,0.01293,1.12e-04,0.3116,87.9817,0.00000,0.00000,0.00000,10.00000,1220.32474,0.00000,0.79652,0.00000,0.00000,0.85582,0.00000,0.00000,0.00000,0.00000,0.00000,0.34528,2.04839,1.40535,0.98795,0.98387,1.00000,1102.64453,-0.02610,-0.10886,0.30396,-0.02469,0.50001,0.85539,-0.06904,0.19410,-0.00851,-0.02611,0.20579,0.38499,0.37097,1.66647,1.98444,0.99398,0.99160,1.00000,0.85486,0.00000,0.14445,2.82147,1.95169,1.00000,1.00000,1.00000
260,0.1370,25657344,54814,0.01384,1.20e-04,0.3115,72.1050,0.00000,0.00000,0.00000,10.00000,1197.94111,0.00000,0.84046,0.00000,0.00000,0.85489,0.00000,0.00000,0.00000,0.00000,0.00000,0.34582,2.06475,1.53458,1.00000,1.00000,1.00000,1123.45915,-0.02593,-0.11079,0.30635,-0.02478,0.49982,0.85440,-0.06922,0.19316,-0.00963,-0.02603,0.20731,0.38779,0.37099,1.76959,1.58000,0.98718,0.98305,1.00000,0.85496,0.00000,0.14441,2.83156,1.99322,0.97436,0.96774,1.00000
261,0.1376,25755648,54478,0.01648,8.39e-05,0.3114,68.8868,0.00000,0.00000,0.00000,10.00000,1215.80748,0.00000,0.75433,0.00000,0.00000,0.85946,0.00000,0.00000,0.00000,0.00000,0.00000,0.34569,2.08436,1.50871,0.98165,0.97333,1.00000,1114.10156,-0.02583,-0.11002,0.30690,-0.02516,0.50322,0.85904,-0.06939,0.19132,-0.00752,-0.02649,0.20759,0.38850,0.37185,1.70383,1.63909,0.98165,0.97297,1.00000,0.85924,0.00000,0.14401,2.82675,1.90610,0.98165,0.97260,1.00000
262,0.1381,25853952,54320,0.01501,7.16e-05,0.3113,77.0404,0.00000,0.00000,0.00000,10.00000,1241.16992,0.00000,0.76720,0.00000,0.00000,0.86089,0.00000,0.00000,0.00000,0.00000,0.00000,0.34546,2.07915,1.55645,1.00000,1.00000,1.00000,1096.17472,-0.02599,-0.10827,0.30614,-0.02523,0.50460,0.86046,-0.06956,0.19210,-0.00844,-0.02613,0.20744,0.38775,0.37206,1.68150,1.43200,0.98810,0.98276,1.00000,0.86032,0.00000,0.14372,2.81979,1.81517,0.97619,0.96491,1.00000
263,0.1386,25952256,54060,0.01318,7.70e-05,0.3113,69.4746,0.00000,0.00000,0.00000,10.00000,1226.07358,0.00000,0.72727,0.00000,0.00000,0.85763,0.00000,0.00000,0.00000,0.00000,0.00000,0.34518,2.07631,1.47800,1.00000,1.00000,1.00000,1110.15869,-0.02597,-0.10955,0.30588,-0.02439,0.50240,0.85717,-0.06888,0.19178,-0.00802,-0.02646,0.20736,0.38758,0.37138,1.74467,1.78833,0.99545,0.99306,1.00000,0.85691,0.00000,0.14425,2.81962,2.05636,0.99091,0.98462,1.00000
264,0.1391,26050560,53185,0.01275,8.39e-05,0.3111,75.3346,0.00000,0.00000,0.00000,10.00000,1223.58295,0.00000,0.73529,0.00000,0.00000,0.85997,0.00000,0.00000,0.00000,0.00000,0.00000,0.34487,2.06197,1.61540,0.99020,0.98529,1.00000,1104.76449,-0.02599,-0.10903,0.30476,-0.02510,0.50387,0.85955,-0.06873,0.19125,-0.00945,-0.02639,0.20639,0.38640,0.37202,1.73167,1.78143,0.97549,0.96296,1.00000,0.86011,0.00000,0.14587,2.81633,1.85457,0.96078,0.94030,1.00000
265,0.1396,26148864,53719,0.01376,7.70e-05,0.3110,77.4229,0.00000,0.00000,0.00000,10.00000,1212.61534,0.00000,0.85354,0.00000,0.00000,0.85815,0.00000,0.00000,0.00000,0.00000,0.00000,0.34441,2.05582,1.49347,1.00000,1.00000,1.00000,1101.29451,-0.02617,-0.10857,0.30369,-0.02437,0.50251,0.85763,-0.06875,0.19223,-0.00954,-0.02627,0.20671,0.38488,0.37127,1.68441,1.76000,0.99091,0.98817,1.00000,0.85634,0.00000,0.14463,2.80876,1.90561,0.98182,0.97468,1.00000
266,0.1401,26247168,53481,0.01704,4.50e-05,0.3109,59.9424,0.00000,0.00000,0.00000,10.00000,1178.28048,0.00000,0.73871,0.00000,0.00000,0.85637,0.00000,0.00000,0.00000,0.00000,0.00000,0.34503,2.05235,1.46333,0.97802,0.98413,0.90909,1087.42676,-0.02621,-0.10730,0.30287,-0.02464,0.50116,0.85593,-0.06869,0.18883,-0.00909,-0.02606,0.20624,0.38396,0.37104,1.70623,1.87273,0.96703,0.95868,0.95652,0.85518,0.00000,0.14510,2.79616,1.97121,0.95604,0.93103,1.00000
267,0.1407,26345472,53825,0.00975,6.47e-05,0.3108,69.9698,0.00000,0.00000,0.00000,10.00000,1207.74944,0.00000,0.72738,0.00000,0.00000,0.85342,0.00000,0.00000,0.00000,0.00000,0.00000,0.34456,2.04237,1.62314,1.00000,1.00000,1.00000,1072.44474,-0.02625,-0.10594,0.30170,-0.02503,0.49909,0.85296,-0.06856,0.19045,-0.00737,-0.02604,0.20492,0.38188,0.37042,1.74919,1.84087,0.98969,0.98425,1.00000,0.85212,0.00000,0.14441,2.78977,1.86231,0.97938,0.97101,1.00000
268,0.1412,26443776,52766,0.01144,7.61e-05,0.3107,84.1988,0.00000,0.00000,0.00000,10.00000,1197.68678,0.00000,0.82305,0.00000,0.00000,0.85040,0.00000,0.00000,0.00000,0.00000,0.00000,0.34447,2.03671,1.50844,0.99074,0.98795,1.00000,1111.14624,-0.02636,-0.10968,0.30062,-0.02430,0.49705,0.84997,-0.06939,0.19178,-0.00959,-0.02615,0.20424,0.38069,0.37041,1.72080,1.60375,0.98148,0.97500,1.00000,0.85204,0.00000,0.14313,2.77817,1.94833,0.97222,0.96104,1.00000
269,0.1417,26542080,52860,0.01239,1.00e-04,0.3106,96.2034,0.00000,0.00000,0.00000,10.00000,1220.20395,0.00000,0.76511,0.00000,0.00000,0.85351,0.00000,0.00000,0.00000,0.00000,0.00000,0.34645,2.03825,1.46439,1.00000,1.00000,1.00000,1124.25448,-0.02635,-0.11083,0.29961,-0.02473,0.49921,0.85306,-0.06915,0.18351,-0.00872,-0.02645,0.20276,0.37984,0.37069,1.72619,1.93833,0.99123,0.98726,1.00000,0.85346,0.00000,0.14320,2.75700,1.97581,0.98246,0.97436,1.00000
270,0.1422,26640384,54111,0.01419,9.66e-05,0.3105,84.9984,0.00000,0.00000,0.00000,10.00000,1198.75533,0.00000,0.80128,0.00000,0.00000,0.85297,0.00000,0.00000,0.00000,0.00000,0.00000,0.34554,2.01546,1.61287,1.00000,1.00000,1.00000,1117.66650,-0.02666,-0.11023,0.29795,-0.02476,0.49833,0.85250,-0.06897,0.18088,-0.00985,-0.02656,0.20113,0.37762,0.37033,1.87006,2.11158,0.98558,0.98000,1.00000,0.85164,0.00000,0.14699,2.74091,2.14975,0.97115,0.95890,1.00000
271,0.1427,26738688,54884,0.01155,9.83e-05,0.3105,75.8184,0.00000,0.00000,0.00000,10.00000,1206.33843,0.00000,0.85470,0.00000,0.00000,0.85077,0.00000,0.00000,0.00000,0.00000,0.00000,0.34438,2.01853,1.49639,0.98901,0.98529,1.00000,1113.00155,-0.02638,-0.10981,0.30004,-0.02472,0.49725,0.85034,-0.06926,0.18879,-0.00970,-0.02608,0.20274,0.37998,0.37035,1.73301,1.98889,0.98352,0.97857,1.00000,0.85173,0.00000,0.14646,2.78260,1.96324,0.97802,0.97222,1.00000
272,0.1432,26836992,54264,0.01417,9.83e-05,0.3104,77.6430,0.00000,0.00000,0.00000,10.00000,1213.82613,0.00000,0.80378,0.00000,0.00000,0.85233,0.00000,0.00000,0.00000,0.00000,0.00000,0.34538,2.01748,1.47600,1.00000,1.00000,1.00000,1113.22941,-0.02631,-0.10975,0.30049,-0.02436,0.49841,0.85183,-0.06868,0.19189,-0.00903,-0.02607,0.20268,0.38025,0.37001,1.70781,1.88800,0.98936,0.98529,1.00000,0.85005,0.00000,0.14360,2.79450,1.95267,0.97872,0.96970,1.00000
273,0.1438,26935296,54045,0.01330,1.00e-04,0.3103,76.1686,0.00000,0.00000,0.00000,10.00000,1215.45304,0.00000,0.70208,0.00000,0.00000,0.85313,0.00000,0.00000,0.00000,0.00000,0.00000,0.34565,2.03521,1.48143,0.98901,1.00000,0.90000,1120.58130,-0.02611,-0.11063,0.30278,-0.02430,0.49806,0.85267,-0.06958,0.19243,-0.00803,-0.02597,0.20443,0.38314,0.37017,1.71373,1.74000,0.96703,0.96522,0.90476,0.85084,0.00000,0.14350,2.82270,1.96781,0.94505,0.92727,0.90909
274,0.1443,27033600,52872,0.01218,1.21e-04,0.3102,80.5940,0.00000,0.00000,0.00000,10.00000,1235.07056,0.00000,0.71759,0.00000,0.00000,0.85935,0.00000,0.00000,0.00000,0.00000,0.00000,0.34522,2.04797,1.49692,1.00000,1.00000,1.00000,1134.62858,-0.02585,-0.11193,0.30484,-0.02529,0.50199,0.85892,-0.06900,0.19281,-0.00846,-0.02652,0.20570,0.38591,0.37155,1.67662,1.83000,0.98958,0.98387,1.00000,0.85773,0.00000,0.14593,2.83702,1.89562,0.97917,0.96429,1.00000
275,0.1448,27131904,53043,0.01407,1.44e-04,0.3100,88.7321,0.00000,0.00000,0.00000,10.00000,1226.44031,0.00000,0.75531,0.00000,0.00000,0.86559,0.00000,0.00000,0.00000,0.00000,0.00000,0.34446,2.07004,1.50031,0.98876,0.98305,1.00000,1132.32796,-0.02566,-0.11169,0.30830,-0.02521,0.50569,0.86515,-0.06930,0.19842,-0.00863,-0.02649,0.20771,0.39015,0.37257,1.79798,2.08000,0.98876,0.98347,1.00000,0.86283,0.00000,0.14491,2.87546,2.09108,0.98876,0.98387,1.00000
276,0.1453,27230208,54467,0.01872,1.43e-04,0.3099,84.3300,0.00000,0.00000,0.00000,10.00000,1228.70648,0.00000,0.74247,0.00000,0.00000,0.87006,0.00000,0.00000,0.00000,0.00000,0.00000,0.34465,2.08998,1.46395,0.98131,0.97333,1.00000,1120.38444,-0.02553,-0.11053,0.31017,-0.02607,0.50872,0.86955,-0.06832,0.19775,-0.00962,-0.02671,0.20913,0.39247,0.37309,1.71814,1.51600,0.98598,0.97902,1.00000,0.86545,0.00000,0.14517,2.87257,2.00960,0.99065,0.98529,1.00000
277,0.1458,27328512,53664,0.01478,1.04e-04,0.3098,82.9489,0.00000,0.00000,0.00000,10.00000,1230.73611,0.00000,0.74635,0.00000,0.00000,0.87211,0.00000,0.00000,0.00000,0.00000,0.00000,0.34512,2.09066,1.44950,1.00000,1.00000,1.00000,1106.57715,-0.02565,-0.10924,0.30974,-0.02579,0.51051,0.87158,-0.06796,0.19417,-0.00874,-0.02649,0.20838,0.39200,0.37368,1.68079,1.57368,0.98990,0.98496,1.00000,0.86841,0.00000,0.14555,2.86297,1.94141,0.97980,0.96825,1.00000
278,0.1463,27426816,53996,0.01160,1.24e-04,0.3097,85.5768,0.00000,0.00000,0.00000,10.00000,1208.34470,0.00000,0.75845,0.00000,0.00000,0.86612,0.00000,0.00000,0.00000,0.00000,0.00000,0.34353,2.08027,1.65576,1.00000,1.00000,1.00000,1091.36418,-0.02570,-0.10772,0.30778,-0.02497,0.50658,0.86561,-0.06722,0.19747,-0.00891,-0.02637,0.20816,0.38941,0.37210,1.75376,2.12111,0.98696,0.98726,0.94737,0.86048,0.00000,0.14489,2.84725,1.84841,0.97391,0.97561,0.88889
279,0.1469,27525120,54156,0.01407,1.16e-04,0.3095,57.6838,0.00000,0.00000,0.00000,10.00000,1221.42927,0.00000,0.83035,0.00000,0.00000,0.85990,0.00000,0.00000,0.00000,0.00000,0.00000,0.34248,2.06374,1.39014,1.00000,1.00000,1.00000,1077.22298,-0.02585,-0.10636,0.30441,-0.02392,0.50353,0.85951,-0.06753,0.20061,-0.00844,-0.02605,0.20689,0.38512,0.37155,1.68308,1.52400,0.99462,0.99281,1.00000,0.85775,0.00000,0.14316,2.83139,1.98857,0.98925,0.98551,1.00000
280,0.1474,27623424,54019,0.01741,5.28e-05,0.3095,85.8645,0.00000,0.00000,0.00000,10.00000,1189.14844,0.00000,0.78059,0.00000,0.00000,0.85769,0.00000,0.00000,0.00000,0.00000,0.00000,0.34362,2.08025,1.59231,1.00000,1.00000,1.00000,1098.03239,-0.02578,-0.10840,0.30541,-0.02413,0.50221,0.85719,-0.06798,0.19784,-0.00789,-0.02586,0.20796,0.38624,0.37104,1.81837,1.71538,0.98101,0.99099,0.86667,0.85518,0.00000,0.14256,2.83065,2.07172,0.96203,0.98113,0.75000
281,0.1479,27721728,53028,0.01450,4.50e-05,0.3094,82.5342,0.00000,0.00000,0.00000,10.00000,1214.40164,0.00000,0.82329,0.00000,0.00000,0.85934,0.00000,0.00000,0.00000,0.00000,0.00000,0.34352,2.10456,1.54250,1.00000,1.00000,1.00000,1094.61662,-0.02569,-0.10807,0.30870,-0.02444,0.50261,0.85888,-0.06871,0.19734,-0.00845,-0.02597,0.21034,0.39040,0.37103,1.74831,1.75750,0.99398,0.99187,1.00000,0.85513,0.00000,0.14349,2.84662,1.94788,0.98795,0.98387,1.00000
282,0.1484,27820032,53298,0.01130,6.47e-05,0.3094,85.6620,0.00000,0.00000,0.00000,10.00000,1181.15941,0.00000,0.77991,0.00000,0.00000,0.86450,0.00000,0.00000,0.00000,0.00000,0.00000,0.34396,2.09942,1.49707,1.00000,1.00000,1.00000,1115.69792,-0.02563,-0.11007,0.30864,-0.02473,0.50602,0.86399,-0.06842,0.19797,-0.00818,-0.02632,0.21002,0.39095,0.37198,1.74354,1.52235,0.97115,0.95890,1.00000,0.85991,0.00000,0.14292,2.85497,2.00947,0.94231,0.91781,1.00000
283,0.1489,27918336,54250,0.01324,7.76e-05,0.3093,72.5285,0.00000,0.00000,0.00000,10.00000,1263.13494,0.00000,0.70652,0.00000,0.00000,0.86633,0.00000,0.00000,0.00000,0.00000,0.00000,0.34369,2.09129,1.46000,1.00000,1.00000,1.00000,1106.37850,-0.02558,-0.10919,0.30889,-0.02452,0.50791,0.86584,-0.06830,0.19996,-0.00859,-0.02623,0.21015,0.39111,0.37271,1.71175,1.50428,1.00000,1.00000,1.00000,0.86354,0.00000,0.14336,2.87301,2.00065,1.00000,1.00000,1.00000
284,0.1495,28016640,51116,0.01285,6.99e-05,0.3092,80.7844,0.00000,0.00000,0.00000,10.00000,1231.68258,0.00000,0.73045,0.00000,0.00000,0.86777,0.00000,0.00000,0.00000,0.00000,0.00000,0.34383,2.09610,1.58878,0.99074,0.98611,1.00000,1095.25757,-0.02562,-0.10807,0.30882,-0.02517,0.50849,0.86724,-0.06815,0.19684,-0.00851,-0.02633,0.20991,0.39094,0.37271,1.77342,1.54600,0.99537,0.99296,1.00000,0.86357,0.00000,0.14466,2.85478,1.96506,1.00000,1.00000,1.00000
285,0.1500,28114944,51852,0.01049,9.32e-05,0.3092,98.7971,0.00000,0.00000,0.00000,10.00000,1232.07680,0.00000,0.76111,0.00000,0.00000,0.86574,0.00000,0.00000,0.00000,0.00000,0.00000,0.34362,2.07741,1.61233,0.99000,0.98485,1.00000,1080.84131,-0.02584,-0.10664,0.30757,-0.02528,0.50768,0.86532,-0.06835,0.19943,-0.00892,-0.02603,0.20933,0.38892,0.37245,1.75536,1.86571,0.99500,0.99270,1.00000,0.86227,0.00000,0.14358,2.85294,1.88923,1.00000,1.00000,1.00000
286,0.1505,28213248,54010,0.01352,1.12e-04,0.3091,91.0782,0.00000,0.00000,0.00000,10.00000,1190.56242,0.00000,0.89536,0.00000,0.00000,0.85964,0.00000,0.00000,0.00000,0.00000,0.00000,0.34250,2.05669,1.54494,0.98058,0.97500,1.00000,1069.92773,-0.02594,-0.10559,0.30495,-0.02434,0.50372,0.85921,-0.06786,0.20200,-0.00953,-0.02618,0.20759,0.38531,0.37129,1.73523,1.53000,0.98544,0.98193,1.00000,0.85646,0.00000,0.14257,2.83981,1.90461,0.99029,0.98837,1.00000
287,0.1510,28311552,53625,0.01268,1.34e-04,0.3090,74.0661,0.00000,0.00000,0.00000,10.00000,1179.34993,0.00000,0.81597,0.00000,0.00000,0.85737,0.00000,0.00000,0.00000,0.00000,0.00000,0.34228,2.05441,1.60530,1.00000,1.00000,1.00000,1079.16341,-0.02609,-0.10654,0.30471,-0.02397,0.50181,0.85697,-0.06860,0.20495,-0.00894,-0.02596,0.20783,0.38503,0.37115,1.82584,1.60133,0.98438,0.97872,1.00000,0.85573,0.00000,0.14147,2.84894,2.08366,0.96875,0.95455,1.00000
288,0.1516,28409856,53453,0.01686,8.59e-05,0.3089,68.1148,0.00000,0.00000,0.00000,10.00000,1224.07092,0.00000,0.71197,0.00000,0.00000,0.85645,0.00000,0.00000,0.00000,0.00000,0.00000,0.34289,2.05728,1.33861,1.00000,1.00000,1.00000,1094.33667,-0.02615,-0.10807,0.30406,-0.02422,0.50125,0.85601,-0.06874,0.19928,-0.00843,-0.02610,0.20739,0.38445,0.37092,1.67026,1.57040,0.99515,0.99242,1.00000,0.85462,0.00000,0.14230,2.82911,1.95452,0.99029,0.98592,1.00000
289,0.1521,28508160,52800,0.01031,1.24e-04,0.3088,88.8558,0.00000,0.00000,0.00000,10.00000,1215.58267,0.00000,0.81633,0.00000,0.00000,0.85994,0.00000,0.00000,0.00000,0.00000,0.00000,0.34412,2.06255,1.82963,0.98980,0.98701,1.00000,1109.47249,-0.02614,-0.10953,0.30406,-0.02458,0.50269,0.85956,-0.06894,0.19573,-0.00855,-0.02611,0.20719,0.38429,0.37179,1.89467,2.72500,0.98469,0.97917,1.00000,0.85895,0.00000,0.14172,2.81989,1.97101,0.97959,0.97015,1.00000
290,0.1526,28606464,49982,0.01367,1.00e-04,0.3087,89.3103,0.00000,0.00000,0.00000,10.00000,1257.46978,0.00000,0.75298,0.00000,0.00000,0.86251,0.00000,0.00000,0.00000,0.00000,0.00000,0.34404,2.05494,1.55221,1.00000,1.00000,1.00000,1097.36727,-0.02619,-0.10839,0.30269,-0.02433,0.50424,0.86212,-0.06892,0.19214,-0.00800,-0.02642,0.20624,0.38318,0.37219,1.67755,1.40375,0.99587,0.99390,1.00000,0.86094,0.00000,0.14339,2.80699,1.81765,0.99174,0.98718,1.00000
291,0.1532,28704768,49232,0.01654,7.61e-05,0.3087,86.5358,0.00000,0.00000,0.00000,10.00000,1235.84398,0.00000,0.74619,0.00000,0.00000,0.85800,0.00000,0.00000,0.00000,0.00000,0.00000,0.34334,2.03878,1.52385,1.00000,1.00000,1.00000,1099.60262,-0.02645,-0.10845,0.30067,-0.02440,0.50188,0.85752,-0.06835,0.19065,-0.01006,-0.02615,0.20435,0.38080,0.37126,1.73557,1.85909,0.99510,0.99270,1.00000,0.85628,0.00000,0.14477,2.77925,1.96987,0.99020,0.98462,1.00000
292,0.1538,28803072,50047,0.01432,1.00e-04,0.3086,84.1252,0.00000,0.00000,0.00000,10.00000,1211.32336,0.00000,0.83041,0.00000,0.00000,0.85027,0.00000,0.00000,0.00000,0.00000,0.00000,0.34272,2.03725,1.47616,1.00000,1.00000,1.00000,1105.20076,-0.02656,-0.10891,0.29992,-0.02397,0.49674,0.84986,-0.06891,0.19165,-0.00979,-0.02581,0.20453,0.37951,0.36971,1.76110,1.81143,0.97895,0.97183,1.00000,0.84857,0.00000,0.14439,2.77528,2.05000,0.95789,0.94444,1.00000
293,0.1543,28901376,48642,0.01460,7.77e-05,0.3085,85.0792,0.00000,0.00000,0.00000,10.00000,1213.38565,0.00000,0.73864,0.00000,0.00000,0.84809,0.00000,0.00000,0.00000,0.00000,0.00000,0.34283,2.02029,1.48886,1.00000,1.00000,1.00000,1107.86727,-0.02654,-0.10930,0.29838,-0.02397,0.49583,0.84768,-0.06924,0.19295,-0.00835,-0.02578,0.20345,0.37786,0.36960,1.72373,1.80000,0.98864,0.98291,1.00000,0.84800,0.00000,0.14468,2.78285,1.98062,0.97727,0.96429,1.00000
294,0.1549,28999680,51710,0.01208,1.00e-04,0.3084,73.3146,0.00000,0.00000,0.00000,10.00000,1241.40503,0.00000,0.73457,0.00000,0.00000,0.84904,0.00000,0.00000,0.00000,0.00000,0.00000,0.34316,2.04341,1.58609,1.00000,1.00000,1.00000,1102.33325,-0.02627,-0.10872,0.30158,-0.02399,0.49689,0.84868,-0.06986,0.19546,-0.00846,-0.02568,0.20613,0.38190,0.37002,1.73007,1.82111,0.98889,0.98319,1.00000,0.85010,0.00000,0.14364,2.80983,1.88061,0.97778,0.96552,1.00000
295,0.1554,29097984,52069,0.01714,5.80e-05,0.3083,85.6727,0.00000,0.00000,0.00000,10.00000,1200.64559,0.00000,0.70023,0.00000,0.00000,0.85473,0.00000,0.00000,0.00000,0.00000,0.00000,0.34315,2.04594,1.46886,0.98958,0.98361,1.00000,1098.61841,-0.02625,-0.10829,0.30275,-0.02393,0.49946,0.85435,-0.07004,0.19477,-0.00981,-0.02563,0.20677,0.38289,0.37090,1.81594,1.75000,0.97396,0.96694,0.95238,0.85452,0.00000,0.14362,2.81515,2.17323,0.95833,0.95000,0.90909
296,0.1560,29196288,50404,0.01249,7.25e-05,0.3083,76.8750,0.00000,0.00000,0.00000,10.00000,1277.11952,0.00000,0.69301,0.00000,0.00000,0.85763,0.00000,0.00000,0.00000,0.00000,0.00000,0.34221,2.05719,1.54606,0.98969,1.00000,0.80000,1102.86068,-0.02614,-0.10881,0.30426,-0.02448,0.50127,0.85728,-0.06985,0.20003,-0.00987,-0.02565,0.20799,0.38522,0.37145,1.79674,2.26667,0.98969,0.99174,0.90000,0.85727,0.00000,0.14385,2.84278,2.05936,0.98969,0.98305,1.00000
297,0.1565,29294592,50588,0.01446,6.47e-05,0.3082,68.9603,0.00000,0.00000,0.00000,10.00000,1232.26405,0.00000,0.70513,0.00000,0.00000,0.85778,0.00000,0.00000,0.00000,0.00000,0.00000,0.34198,2.05396,1.46820,0.99038,1.00000,0.91667,1088.34513,-0.02614,-0.10745,0.30418,-0.02447,0.50247,0.85736,-0.06942,0.20099,-0.00814,-0.02592,0.20732,0.38526,0.37163,1.73948,1.57913,0.98558,0.98485,0.95652,0.85817,0.00000,0.14357,2.84300,2.02160,0.98077,0.96970,1.00000
298,0.1571,29392896,50056,0.01285,5.97e-05,0.3082,82.3767,0.00000,0.00000,0.00000,10.00000,1225.43813,0.00000,0.79686,0.00000,0.00000,0.85965,0.00000,0.00000,0.00000,0.00000,0.00000,0.34293,2.04540,1.47838,1.00000,1.00000,1.00000,1098.35384,-0.02619,-0.10828,0.30353,-0.02471,0.50309,0.85922,-0.06867,0.19840,-0.00906,-0.02594,0.20606,0.38429,0.37170,1.67747,1.69636,0.98485,0.97887,1.00000,0.85852,0.00000,0.14353,2.83153,1.87131,0.96970,0.95946,1.00000
299,0.1576,29491200,51522,0.01187,7.23e-05,0.3081,77.0383,0.00000,0.00000,0.00000,10.00000,1209.85799,0.00000,0.79154,0.00000,0.00000,0.85834,0.00000,0.00000,0.00000,0.00000,0.00000,0.34290,2.03013,1.47573,1.00000,1.00000,1.00000,1085.96273,-0.02624,-0.10720,0.30155,-0.02434,0.50251,0.85799,-0.06841,0.20043,-0.00816,-0.02595,0.20550,0.38225,0.37155,1.80464,1.66000,1.00000,1.00000,1.00000,0.85777,0.00000,0.14385,2.83160,2.12282,1.00000,1.00000,1.00000
300,0.1582,29589504,51332,0.01425,4.85e-05,0.3080,97.9375,0.00000,0.00000,0.00000,10.00000,1206.95372,0.00000,0.80918,0.00000,0.00000,0.85432,0.00000,0.00000,0.00000,0.00000,0.00000,0.34308,2.02252,1.46970,0.98913,0.98438,1.00000,1104.60229,-0.02625,-0.10895,0.30000,-0.02391,0.49906,0.85395,-0.06875,0.19975,-0.01047,-0.02581,0.20525,0.38051,0.37065,1.67597,1.62750,0.98370,0.97761,1.00000,0.85327,0.00000,0.14326,2.81665,1.86246,0.97826,0.97143,1.00000
301,0.1587,29687808,51586,0.00991,7.61e-05,0.3080,83.4525,0.00000,0.00000,0.00000,10.00000,1210.92412,0.00000,0.73611,0.00000,0.00000,0.85395,0.00000,0.00000,0.00000,0.00000,0.00000,0.34260,2.04568,1.67167,1.00000,1.00000,1.00000,1100.86849,-0.02602,-0.10866,0.30337,-0.02408,0.49947,0.85365,-0.06878,0.20242,-0.00806,-0.02559,0.20750,0.38418,0.37063,1.80950,2.16933,0.98125,0.97170,1.00000,0.85314,0.00000,0.14340,2.84900,1.94733,0.96250,0.94340,1.00000
302,0.1592,29786112,52148,0.01293,8.05e-05,0.3079,77.4725,0.00000,0.00000,0.00000,10.00000,1210.55764,0.00000,0.82656,0.00000,0.00000,0.85796,0.00000,0.00000,0.00000,0.00000,0.00000,0.34258,2.07447,1.57304,0.97561,0.97059,1.00000,1099.53044,-0.02581,-0.10862,0.30779,-0.02474,0.50149,0.85764,-0.06899,0.20401,-0.00717,-0.02547,0.21004,0.38950,0.37113,1.80677,1.58333,0.97561,0.96721,1.00000,0.85565,0.00000,0.14370,2.88401,2.10000,0.97561,0.96296,1.00000
303,0.1598,29884416,49867,0.01202,9.13e-05,0.3078,72.3533,0.00000,0.00000,0.00000,10.00000,1233.38502,0.00000,0.72327,0.00000,0.00000,0.86532,0.00000,0.00000,0.00000,0.00000,0.00000,0.34236,2.09031,1.54658,1.00000,1.00000,1.00000,1083.12956,-0.02560,-0.10703,0.30993,-0.02499,0.50699,0.86494,-0.06817,0.20439,-0.00796,-0.02594,0.21167,0.39215,0.37279,1.83098,1.97000,0.98585,0.97826,1.00000,0.86396,0.00000,0.14411,2.89175,2.13459,0.97170,0.95652,1.00000
304,0.1603,29982720,52026,0.01431,6.96e-05,0.3077,76.1996,0.00000,0.00000,0.00000,10.00000,1238.73006,0.00000,0.77546,0.00000,0.00000,0.87114,0.00000,0.00000,0.00000,0.00000,0.00000,0.34259,2.09804,1.41948,1.00000,1.00000,1.00000,1068.75374,-0.02557,-0.10551,0.31180,-0.02535,0.51140,0.87078,-0.06806,0.20446,-0.00883,-0.02570,0.21283,0.39443,0.37385,1.66319,1.72727,0.98958,0.99254,0.91667,0.86925,0.00000,0.14404,2.90656,1.94328,0.97917,0.98438,0.80000
305,0.1609,30081024,51778,0.01121,9.13e-05,0.3076,76.4091,0.00000,0.00000,0.00000,10.00000,1242.22158,0.00000,0.73016,0.00000,0.00000,0.86841,0.00000,0.00000,0.00000,0.00000,0.00000,0.34150,2.08854,1.58073,1.00000,1.00000,1.00000,1066.21590,-0.02583,-0.10516,0.31088,-0.02459,0.50873,0.86804,-0.06788,0.20793,-0.00914,-0.02576,0.21302,0.39324,0.37253,1.70140,1.55579,0.99524,1.00000,0.95000,0.86264,0.00000,0.14376,2.90664,1.83333,0.99048,1.00000,0.90909
306,0.1614,30179328,52305,0.01318,1.12e-04,0.3075,80.1835,0.00000,0.00000,0.00000,10.00000,1230.34539,0.00000,0.74444,0.00000,0.00000,0.86421,0.00000,0.00000,0.00000,0.00000,0.00000,0.34103,2.07986,1.57325,0.99000,0.98592,1.00000,1064.16064,-0.02589,-0.10508,0.30763,-0.02398,0.50628,0.86378,-0.06784,0.20789,-0.00758,-0.02554,0.21168,0.38971,0.37203,1.82013,1.58000,0.99000,0.98507,1.00000,0.86014,0.00000,0.14299,2.88196,2.10638,0.99000,0.98413,1.00000
307,0.1619,30277632,52063,0.01388,1.11e-04,0.3074,91.9541,0.00000,0.00000,0.00000,10.00000,1199.00936,0.00000,0.79861,0.00000,0.00000,0.86053,0.00000,0.00000,0.00000,0.00000,0.00000,0.34160,2.06290,1.61615,1.00000,1.00000,1.00000,1095.73112,-0.02604,-0.10804,0.30630,-0.02486,0.50427,0.86012,-0.06791,0.20536,-0.00920,-0.02578,0.20966,0.38804,0.37192,1.87033,1.60000,0.97396,0.97101,0.92308,0.85958,0.00000,0.14342,2.86169,2.14958,0.94792,0.93939,0.85714
308,0.1625,30375936,51801,0.01409,1.11e-04,0.3073,72.8160,0.00000,0.00000,0.00000,10.00000,1208.19821,0.00000,0.72487,0.00000,0.00000,0.86061,0.00000,0.00000,0.00000,0.00000,0.00000,0.34211,2.06376,1.55440,0.99048,0.98438,1.00000,1089.01847,-0.02587,-0.10737,0.30676,-0.02457,0.50363,0.86019,-0.06838,0.20772,-0.00909,-0.02575,0.21040,0.38866,0.37211,1.90790,1.65636,0.99048,0.98540,1.00000,0.86057,0.00000,0.14228,2.88331,2.23122,0.99048,0.98630,1.00000
309,0.1630,30474240,50442,0.01357,1.44e-04,0.3073,82.7107,0.00000,0.00000,0.00000,10.00000,1221.10643,0.00000,0.77061,0.00000,0.00000,0.86229,0.00000,0.00000,0.00000,0.00000,0.00000,0.34134,2.08128,1.58451,0.98925,0.98438,1.00000,1067.57430,-0.02585,-0.10536,0.30716,-0.02396,0.50491,0.86192,-0.06821,0.20600,-0.00728,-0.02555,0.21086,0.38871,0.37242,1.80601,1.61467,0.99462,0.99225,1.00000,0.86212,0.00000,0.14257,2.86748,2.02444,1.00000,1.00000,1.00000
310,0.1636,30572544,51654,0.01712,9.13e-05,0.3071,81.1298,0.00000,0.00000,0.00000,10.00000,1210.73507,0.00000,0.80138,0.00000,0.00000,0.85961,0.00000,0.00000,0.00000,0.00000,0.00000,0.34080,2.08425,1.57134,1.00000,1.00000,1.00000,1057.86174,-0.02579,-0.10443,0.30670,-0.02421,0.50418,0.85927,-0.06796,0.20646,-0.00696,-0.02565,0.21029,0.38811,0.37196,1.77073,1.59375,0.98673,0.98160,1.00000,0.85981,0.00000,0.14185,2.85471,2.01250,0.97345,0.95946,1.00000
311,0.1641,30670848,50905,0.01506,9.83e-05,0.3070,75.5422,0.00000,0.00000,0.00000,10.00000,1220.56552,0.00000,0.80897,0.00000,0.00000,0.85847,0.00000,0.00000,0.00000,0.00000,0.00000,0.34067,2.06160,1.61456,1.00000,1.00000,1.00000,1082.52165,-0.02613,-0.10685,0.30326,-0.02391,0.50277,0.85806,-0.06818,0.20386,-0.00863,-0.02588,0.20733,0.38390,0.37153,1.81609,2.55000,0.99561,0.99398,1.00000,0.85763,0.00000,0.14120,2.81872,2.02919,0.99123,0.98765,1.00000
312,0.1646,30769152,50873,0.01326,1.12e-04,0.3069,89.5075,0.00000,0.00000,0.00000,10.00000,1219.93072,0.00000,0.74830,0.00000,0.00000,0.85569,0.00000,0.00000,0.00000,0.00000,0.00000,0.33969,2.04952,1.66109,1.00000,1.00000,1.00000,1104.45394,-0.02633,-0.10891,0.30011,-0.02398,0.50064,0.85530,-0.06880,0.20137,-0.00998,-0.02582,0.20531,0.37959,0.37109,1.82562,1.87500,0.98980,0.98485,1.00000,0.85547,0.00000,0.14240,2.78236,1.99014,0.97959,0.97015,1.00000
313,0.1652,30867456,51900,0.01338,1.31e-04,0.3068,79.9681,0.00000,0.00000,0.00000,10.00000,1244.82402,0.00000,0.80247,0.00000,0.00000,0.85435,0.00000,0.00000,0.00000,0.00000,0.00000,0.34010,2.06271,1.56359,1.00000,1.00000,1.00000,1118.56608,-0.02617,-0.11015,0.30230,-0.02472,0.49916,0.85397,-0.06924,0.20125,-0.01192,-0.02585,0.20690,0.38287,0.37066,1.69784,1.63667,0.99495,0.99301,1.00000,0.85329,0.00000,0.14307,2.80112,1.84743,0.98990,0.98529,1.00000
314,0.1658,30965760,48626,0.01535,9.13e-05,0.3068,92.5350,0.00000,0.00000,0.00000,10.00000,1238.42335,0.00000,0.74510,0.00000,0.00000,0.85479,0.00000,0.00000,0.00000,0.00000,0.00000,0.34013,2.06958,1.50738,1.00000,1.00000,1.00000,1113.53451,-0.02618,-0.10977,0.30242,-0.02400,0.50007,0.85443,-0.06931,0.20249,-0.00918,-0.02572,0.20661,0.38287,0.37063,1.67907,2.10250,0.99412,0.99123,1.00000,0.85317,0.00000,0.14211,2.80520,1.85344,0.98824,0.98214,1.00000
315,0.1663,31064064,53175,0.01231,1.03e-04,0.3067,76.7026,0.00000,0.00000,0.00000,10.00000,1255.41365,0.00000,0.75650,0.00000,0.00000,0.85582,0.00000,0.00000,0.00000,0.00000,0.00000,0.34010,2.10067,1.51947,0.98936,0.98571,1.00000,1113.17985,-0.02595,-0.10973,0.30610,-0.02445,0.50098,0.85539,-0.06901,0.20153,-0.00959,-0.02575,0.20930,0.38751,0.37066,1.69366,1.81375,0.98936,0.98438,1.00000,0.85332,0.00000,0.14195,2.82093,1.89424,0.98936,0.98276,1.00000
316,0.1668,31162368,53909,0.01254,1.33e-04,0.3065,71.4418,0.00000,0.00000,0.00000,10.00000,1208.05965,0.00000,0.76471,0.00000,0.00000,0.86105,0.00000,0.00000,0.00000,0.00000,0.00000,0.34004,2.10707,1.51577,1.00000,1.00000,1.00000,1110.91667,-0.02593,-0.10962,0.30632,-0.02399,0.50363,0.86066,-0.06943,0.20226,-0.00810,-0.02561,0.20995,0.38775,0.37208,1.70672,1.60118,0.99412,0.99145,1.00000,0.86038,0.00000,0.14184,2.82846,1.92190,0.98824,0.98214,1.00000
317,0.1673,31260672,52399,0.01662,9.24e-05,0.3064,75.7440,0.00000,0.00000,0.00000,10.00000,1224.49272,0.00000,0.77887,0.00000,0.00000,0.86630,0.00000,0.00000,0.00000,0.00000,0.00000,0.34031,2.12775,1.51096,0.99020,0.98529,1.00000,1117.71541,-0.02565,-0.11014,0.30936,-0.02502,0.50669,0.86588,-0.06913,0.20315,-0.01039,-0.02601,0.21172,0.39218,0.37279,1.74631,1.86364,0.99020,0.98601,1.00000,0.86393,0.00000,0.14281,2.85081,1.96380,0.99020,0.98667,1.00000
318,0.1679,31358976,52108,0.02318,5.76e-05,0.3063,87.3973,0.00000,0.00000,0.00000,10.00000,1247.38797,0.00000,0.72421,0.00000,0.00000,0.87055,0.00000,0.00000,0.00000,0.00000,0.00000,0.34040,2.12536,1.64136,0.99107,1.00000,0.93333,1099.93237,-0.02567,-0.10844,0.30966,-0.02490,0.50966,0.87009,-0.06913,0.20277,-0.00932,-0.02599,0.21151,0.39261,0.37355,1.73535,1.71407,0.99107,0.99315,0.96429,0.86775,0.00000,0.14337,2.85540,1.83381,0.99107,0.98611,1.00000
319,0.1684,31457280,53935,0.01010,7.23e-05,0.3062,76.9196,0.00000,0.00000,0.00000,10.00000,1230.40625,0.00000,0.78256,0.00000,0.00000,0.86949,0.00000,0.00000,0.00000,0.00000,0.00000,0.34018,2.12321,1.55053,1.00000,1.00000,1.00000,1101.36206,-0.02577,-0.10858,0.30894,-0.02491,0.50987,0.86906,-0.06846,0.19977,-0.00996,-0.02582,0.21127,0.39115,0.37355,1.78855,1.89733,0.99462,0.99237,1.00000,0.86773,0.00000,0.14431,2.83757,2.05072,0.98925,0.98438,1.00000
320,0.1689,31555584,53354,0.01134,8.05e-05,0.3061,97.1578,0.00000,0.00000,0.00000,10.00000,1220.28097,0.00000,0.80853,0.00000,0.00000,0.86279,0.00000,0.00000,0.00000,0.00000,0.00000,0.33950,2.10948,1.44967,1.00000,1.00000,1.00000,1072.51335,-0.02588,-0.10589,0.30669,-0.02421,0.50604,0.86235,-0.06819,0.20188,-0.00763,-0.02597,0.20985,0.38825,0.37202,1.69220,1.70375,0.99107,0.98773,1.00000,0.86010,0.00000,0.14337,2.82394,1.94884,0.98214,0.97531,1.00000
321,0.1694,31653888,52602,0.01518,5.28e-05,0.3060,65.8848,0.00000,0.00000,0.00000,10.00000,1215.46120,0.00000,0.81197,0.00000,0.00000,0.85982,0.00000,0.00000,0.00000,0.00000,0.00000,0.33893,2.10807,1.50897,1.00000,1.00000,1.00000,1056.76986,-0.02586,-0.10434,0.30661,-0.02498,0.50357,0.85944,-0.06821,0.20226,-0.00721,-0.02557,0.21009,0.38823,0.37166,1.74113,1.51400,0.98901,0.98496,1.00000,0.85831,0.00000,0.14420,2.82562,2.02406,0.97802,0.96667,1.00000
322,0.1699,31752192,53038,0.01218,5.97e-05,0.3059,72.5844,0.00000,0.00000,0.00000,10.00000,1236.33965,0.00000,0.72917,0.00000,0.00000,0.85671,0.00000,0.00000,0.00000,0.00000,0.00000,0.33792,2.12208,1.50523,0.98750,0.98276,1.00000,1048.24805,-0.02575,-0.10344,0.30818,-0.02436,0.50242,0.85633,-0.06829,0.20667,-0.00762,-0.02522,0.21120,0.39006,0.37086,1.66288,1.62667,0.98125,0.97143,1.00000,0.85431,0.00000,0.14332,2.83968,1.85623,0.97500,0.95745,1.00000
323,0.1705,31850496,53628,0.00998,9.24e-05,0.3059,83.3130,0.00000,0.00000,0.00000,10.00000,1248.50027,0.00000,0.78165,0.00000,0.00000,0.85541,0.00000,0.00000,0.00000,0.00000,0.00000,0.33803,2.12055,1.51400,1.00000,1.00000,1.00000,1078.31934,-0.02570,-0.10636,0.30913,-0.02397,0.50129,0.85504,-0.06849,0.21171,-0.00754,-0.02542,0.21316,0.39126,0.37076,1.69232,1.76500,0.99419,1.00000,0.80000,0.85379,0.00000,0.14182,2.86404,1.85692,0.98837,1.00000,0.66667
324,0.1710,31948800,52700,0.01200,1.10e-04,0.3058,72.6539,0.00000,0.00000,0.00000,10.00000,1262.60547,0.00000,0.74252,0.00000,0.00000,0.86346,0.00000,0.00000,0.00000,0.00000,0.00000,0.33896,2.10902,1.54714,1.00000,1.00000,1.00000,1063.71631,-0.02577,-0.10512,0.30901,-0.02461,0.50525,0.86303,-0.06848,0.20974,-0.00745,-0.02563,0.21232,0.39096,0.37232,1.72490,1.88875,1.00000,1.00000,1.00000,0.86161,0.00000,0.14282,2.86902,1.93521,1.00000,1.00000,1.00000
325,0.1715,32047104,53331,0.01449,9.66e-05,0.3057,76.4806,0.00000,0.00000,0.00000,10.00000,1214.65805,0.00000,0.75000,0.00000,0.00000,0.86708,0.00000,0.00000,0.00000,0.00000,0.00000,0.34016,2.11014,1.42267,1.00000,1.00000,1.00000,1065.28434,-0.02574,-0.10513,0.30924,-0.02423,0.50682,0.86668,-0.06804,0.21093,-0.00781,-0.02553,0.21314,0.39154,0.37298,1.74483,2.13467,0.97000,0.95556,1.00000,0.86490,0.00000,0.14151,2.88264,2.09000,0.94000,0.91045,1.00000
326,0.1720,32145408,53952,0.01470,1.00e-04,0.3056,82.2821,0.00000,0.00000,0.00000,10.00000,1210.95833,0.00000,0.79894,0.00000,0.00000,0.86384,0.00000,0.00000,0.00000,0.00000,0.00000,0.33988,2.08838,1.43218,1.00000,1.00000,1.00000,1061.32617,-0.02582,-0.10466,0.30772,-0.02398,0.50558,0.86341,-0.06815,0.21263,-0.00821,-0.02546,0.21133,0.38907,0.37254,1.62402,1.61555,0.98095,0.99338,0.85714,0.86271,0.00000,0.14133,2.87993,1.82756,0.96190,0.98649,0.72727
327,0.1725,32243712,54246,0.01331,1.10e-04,0.3055,86.5030,0.00000,0.00000,0.00000,10.00000,1259.97850,0.00000,0.70957,0.00000,0.00000,0.85931,0.00000,0.00000,0.00000,0.00000,0.00000,0.33980,2.07919,1.37766,1.00000,1.00000,1.00000,1072.46257,-0.02595,-0.10585,0.30560,-0.02395,0.50245,0.85893,-0.06791,0.21388,-0.00763,-0.02550,0.21030,0.38654,0.37125,1.69531,1.64000,1.00000,1.00000,1.00000,0.85627,0.00000,0.13959,2.86045,2.05500,1.00000,1.00000,1.00000
328,0.1731,32342016,54363,0.01403,1.00e-04,0.3055,71.6362,0.00000,0.00000,0.00000,10.00000,1245.98174,0.00000,0.74830,0.00000,0.00000,0.85819,0.00000,0.00000,0.00000,0.00000,0.00000,0.33936,2.06804,1.38500,1.00000,1.00000,1.00000,1069.42684,-0.02616,-0.10544,0.30330,-0.02295,0.50074,0.85787,-0.06836,0.21127,-0.00953,-0.02537,0.20870,0.38310,0.37091,1.64193,1.77714,0.98980,0.98485,1.00000,0.85453,0.00000,0.13979,2.83467,1.92493,0.97959,0.96875,1.00000
329,0.1736,32440320,52877,0.01449,9.24e-05,0.3054,75.7092,0.00000,0.00000,0.00000,10.00000,1204.08383,0.00000,0.75556,0.00000,0.00000,0.85269,0.00000,0.00000,0.00000,0.00000,0.00000,0.33906,2.05537,1.47479,1.00000,1.00000,1.00000,1090.40926,-0.02613,-0.10751,0.30249,-0.02284,0.49768,0.85236,-0.06829,0.21308,-0.00915,-0.02551,0.20868,0.38178,0.37043,1.74832,1.56353,0.98000,0.97059,1.00000,0.85213,0.00000,0.14003,2.83748,2.01105,0.96000,0.94366,1.00000
330,0.1741,32538624,54343,0.01174,1.10e-04,0.3053,65.2582,0.00000,0.00000,0.00000,10.00000,1201.20378,0.00000,0.80702,0.00000,0.00000,0.85251,0.00000,0.00000,0.00000,0.00000,0.00000,0.33945,2.05517,1.60753,0.98947,0.98611,1.00000,1082.26172,-0.02610,-0.10676,0.30177,-0.02296,0.49781,0.85217,-0.06789,0.21250,-0.00916,-0.02566,0.20778,0.38165,0.37058,1.76080,1.58667,0.96842,0.95652,1.00000,0.85291,0.00000,0.13952,2.83421,1.92472,0.94737,0.92424,1.00000
331,0.1746,32636928,54175,0.01439,1.10e-04,0.3052,76.0966,0.00000,0.00000,0.00000,10.00000,1250.81834,0.00000,0.78401,0.00000,0.00000,0.85252,0.00000,0.00000,0.00000,0.00000,0.00000,0.34025,2.05468,1.51448,1.00000,1.00000,1.00000,1086.00024,-0.02604,-0.10721,0.30094,-0.02356,0.49802,0.85218,-0.06793,0.20789,-0.00881,-0.02568,0.20753,0.38186,0.37096,1.77479,1.92857,1.00000,1.00000,1.00000,0.85478,0.00000,0.14104,2.82049,2.06513,1.00000,1.00000,1.00000
332,0.1751,32735232,53080,0.01554,7.25e-05,0.3052,80.8039,0.00000,0.00000,0.00000,10.00000,1246.32107,0.00000,0.77061,0.00000,0.00000,0.85394,0.00000,0.00000,0.00000,0.00000,0.00000,0.34025,2.04527,1.55348,0.99194,1.00000,1.00000,1090.42920,-0.02608,-0.10763,0.29982,-0.02372,0.49939,0.85353,-0.06782,0.20671,-0.00747,-0.02606,0.20565,0.38046,0.37130,1.73344,1.62500,0.98790,0.98837,1.00000,0.85650,0.00000,0.14206,2.81324,1.90383,0.98387,0.97753,1.00000
333,0.1756,32833536,54216,0.01393,6.47e-05,0.3051,82.1162,0.00000,0.00000,0.00000,10.00000,1188.50930,0.00000,0.77403,0.00000,0.00000,0.85352,0.00000,0.00000,0.00000,0.00000,0.00000,0.34055,2.03789,1.69791,1.00000,1.00000,1.00000,1070.25114,-0.02608,-0.10568,0.30007,-0.02433,0.49906,0.85314,-0.06791,0.20414,-0.00849,-0.02537,0.20529,0.38059,0.37072,1.92252,2.11286,0.97191,0.95968,1.00000,0.85361,0.00000,0.14282,2.80788,2.14382,0.94382,0.92188,1.00000
334,0.1762,32931840,53294,0.01004,1.01e-04,0.3051,75.6610,0.00000,0.00000,0.00000,10.00000,1253.28139,0.00000,0.78460,0.00000,0.00000,0.85121,0.00000,0.00000,0.00000,0.00000,0.00000,0.33931,2.05101,1.40652,1.00000,1.00000,1.00000,1085.47046,-0.02593,-0.10703,0.30135,-0.02372,0.49686,0.85077,-0.06790,0.20906,-0.00994,-0.02566,0.20641,0.38170,0.37046,1.67565,1.61333,0.99561,0.99379,1.00000,0.85232,0.00000,0.14166,2.82167,1.97136,0.99123,0.98684,1.00000
335,0.1767,33030144,53243,0.01482,7.77e-05,0.3050,91.3880,0.00000,0.00000,0.00000,10.00000,1229.13133,0.00000,0.69069,0.00000,0.00000,0.85385,0.00000,0.00000,0.00000,0.00000,0.00000,0.33977,2.07009,1.48444,1.00000,1.00000,1.00000,1104.06803,-0.02576,-0.10884,0.30375,-0.02434,0.49873,0.85335,-0.06800,0.20869,-0.00735,-0.02546,0.20779,0.38460,0.37090,1.74748,1.68353,0.97973,0.97826,0.94444,0.85449,0.00000,0.14221,2.84056,2.01547,0.95946,0.95745,0.88889
336,0.1772,33128448,54647,0.01211,1.01e-04,0.3050,77.6940,0.00000,0.00000,0.00000,10.00000,1261.40300,0.00000,0.73658,0.00000,0.00000,0.85587,0.00000,0.00000,0.00000,0.00000,0.00000,0.33986,2.08416,1.45846,1.00000,1.00000,1.00000,1087.03133,-0.02559,-0.10729,0.30669,-0.02439,0.50020,0.85548,-0.06836,0.21001,-0.00862,-0.02559,0.21001,0.38854,0.37075,1.77803,1.58286,1.00000,1.00000,1.00000,0.85376,0.00000,0.14276,2.86803,2.08806,1.00000,1.00000,1.00000
337,0.1777,33226752,53678,0.01496,9.96e-05,0.3049,62.9715,0.00000,0.00000,0.00000,10.00000,1243.61176,0.00000,0.69281,0.00000,0.00000,0.85838,0.00000,0.00000,0.00000,0.00000,0.00000,0.33906,2.09510,1.56459,1.00000,1.00000,1.00000,1095.61971,-0.02572,-0.10813,0.30710,-0.02402,0.50211,0.85797,-0.06827,0.21201,-0.00821,-0.02513,0.21120,0.38854,0.37174,1.75242,1.66700,0.98824,0.98113,1.00000,0.85872,0.00000,0.14130,2.86640,1.93428,0.97647,0.96226,1.00000
338,0.1782,33325056,53692,0.01635,8.59e-05,0.3048,69.8550,0.00000,0.00000,0.00000,10.00000,1251.09667,0.00000,0.78401,0.00000,0.00000,0.86407,0.00000,0.00000,0.00000,0.00000,0.00000,0.33940,2.11773,1.52683,1.00000,1.00000,1.00000,1090.62337,-0.02550,-0.10750,0.30897,-0.02405,0.50524,0.86362,-0.06824,0.21138,-0.00856,-0.02559,0.21217,0.39129,0.37237,1.87337,2.36444,1.00000,1.00000,1.00000,0.86186,0.00000,0.14128,2.87705,2.23769,1.00000,1.00000,1.00000
339,0.1787,33423360,54205,0.02719,5.40e-05,0.3047,70.5510,0.00000,0.00000,0.00000,10.00000,1239.75167,0.00000,0.68452,0.00000,0.00000,0.86764,0.00000,0.00000,0.00000,0.00000,0.00000,0.33959,2.11767,1.54366,1.00000,1.00000,1.00000,1054.54232,-0.02568,-0.10410,0.30834,-0.02423,0.50800,0.86723,-0.06822,0.20966,-0.00746,-0.02562,0.21240,0.39026,0.37339,1.68468,1.55030,0.99554,1.00000,0.96970,0.86694,0.00000,0.14110,2.86545,1.81461,0.99107,1.00000,0.93333
340,0.1792,33521664,53697,0.01166,6.82e-05,0.3047,70.7661,0.00000,0.00000,0.00000,10.00000,1220.07588,0.00000,0.75908,0.00000,0.00000,0.86633,0.00000,0.00000,0.00000,0.00000,0.00000,0.33910,2.11302,1.40921,1.00000,1.00000,1.00000,1051.65967,-0.02573,-0.10382,0.30906,-0.02403,0.50805,0.86592,-0.06775,0.21280,-0.00767,-0.02529,0.21323,0.39110,0.37309,1.70392,1.60714,0.97525,0.96377,1.00000,0.86547,0.00000,0.14092,2.88144,2.01500,0.95050,0.92754,1.00000
341,0.1798,33619968,54149,0.01142,1.04e-04,0.3046,84.3982,0.00000,0.00000,0.00000,10.00000,1232.33841,0.00000,0.75908,0.00000,0.00000,0.86313,0.00000,0.00000,0.00000,0.00000,0.00000,0.33879,2.09208,1.57703,0.99010,0.98571,1.00000,1066.13713,-0.02585,-0.10512,0.30612,-0.02351,0.50603,0.86272,-0.06735,0.21333,-0.00883,-0.02538,0.21136,0.38754,0.37244,1.78097,1.80667,0.98515,0.97826,1.00000,0.86222,0.00000,0.14055,2.86396,1.99657,0.98020,0.97059,1.00000
342,0.1803,33718272,54107,0.01641,7.61e-05,0.3045,70.8125,0.00000,0.00000,0.00000,10.00000,1221.59948,0.00000,0.80247,0.00000,0.00000,0.85884,0.00000,0.00000,0.00000,0.00000,0.00000,0.33706,2.08613,1.53823,1.00000,1.00000,1.00000,1062.66943,-0.02602,-0.10480,0.30476,-0.02316,0.50265,0.85850,-0.06821,0.21485,-0.00956,-0.02520,0.21111,0.38578,0.37164,1.72485,2.31555,0.98333,0.97692,1.00000,0.85821,0.00000,0.14155,2.85905,1.91147,0.96667,0.95522,1.00000
343,0.1808,33816576,53891,0.01475,7.25e-05,0.3044,65.6701,0.00000,0.00000,0.00000,10.00000,1277.29118,0.00000,0.67215,0.00000,0.00000,0.85715,0.00000,0.00000,0.00000,0.00000,0.00000,0.33655,2.09807,1.45143,0.97531,0.96429,1.00000,1074.33236,-0.02590,-0.10592,0.30646,-0.02302,0.50075,0.85683,-0.06843,0.21834,-0.00862,-0.02483,0.21230,0.38715,0.37113,1.66685,1.95846,0.98765,0.97959,1.00000,0.85563,0.00000,0.14031,2.87312,1.94958,1.00000,1.00000,1.00000
344,0.1813,33914880,54251,0.01250,6.42e-05,0.3043,79.1580,0.00000,0.00000,0.00000,10.00000,1225.52748,0.00000,0.80460,0.00000,0.00000,0.85980,0.00000,0.00000,0.00000,0.00000,0.00000,0.33599,2.11349,1.64812,1.00000,1.00000,1.00000,1092.37549,-0.02568,-0.10761,0.30827,-0.02407,0.50206,0.85952,-0.06884,0.22147,-0.00913,-0.02511,0.21284,0.38949,0.37186,1.81704,1.85333,0.99425,0.99206,1.00000,0.85932,0.00000,0.14076,2.88855,1.99364,0.98851,0.98387,1.00000
345,0.1818,34013184,54161,0.01177,8.59e-05,0.3041,73.4350,0.00000,0.00000,0.00000,10.00000,1183.29920,0.00000,0.86359,0.00000,0.00000,0.86589,0.00000,0.00000,0.00000,0.00000,0.00000,0.33673,2.11351,1.55205,1.00000,1.00000,1.00000,1056.28247,-0.02569,-0.10426,0.30832,-0.02414,0.50623,0.86552,-0.06838,0.21804,-0.00760,-0.02529,0.21242,0.38968,0.37259,1.78548,1.56154,0.98020,0.98089,0.92857,0.86297,0.00000,0.14054,2.88138,2.01341,0.96040,0.96296,0.85714
346,0.1823,34111488,52632,0.01388,7.70e-05,0.3040,58.2327,0.00000,0.00000,0.00000,10.00000,1228.63528,0.00000,0.78798,0.00000,0.00000,0.86580,0.00000,0.00000,0.00000,0.00000,0.00000,0.33605,2.11446,1.52144,0.98980,0.98649,1.00000,1066.23592,-0.02564,-0.10517,0.30864,-0.02357,0.50663,0.86545,-0.06823,0.22101,-0.00780,-0.02530,0.21354,0.39042,0.37275,1.67974,1.48133,0.97959,0.97842,0.93750,0.86375,0.00000,0.14121,2.89169,1.87014,0.96939,0.96923,0.85714
347,0.1829,34209792,53572,0.01425,8.67e-05,0.3039,62.0323,0.00000,0.00000,0.00000,10.00000,1266.30705,0.00000,0.70336,0.00000,0.00000,0.86452,0.00000,0.00000,0.00000,0.00000,0.00000,0.33673,2.10168,1.57390,0.99083,0.98630,1.00000,1066.43571,-0.02587,-0.10518,0.30688,-0.02367,0.50597,0.86411,-0.06790,0.21831,-0.00862,-0.02533,0.21164,0.38789,0.37261,1.84139,1.95333,0.99541,0.99275,1.00000,0.86305,0.00000,0.14013,2.86996,2.13000,1.00000,1.00000,1.00000
348,0.1834,34308096,53696,0.01331,8.67e-05,0.3038,95.8719,0.00000,0.00000,0.00000,10.00000,1221.02033,0.00000,0.81446,0.00000,0.00000,0.86202,0.00000,0.00000,0.00000,0.00000,0.00000,0.33758,2.09298,1.54241,1.00000,1.00000,1.00000,1075.66390,-0.02582,-0.10601,0.30538,-0.02397,0.50467,0.86165,-0.06740,0.21363,-0.00866,-0.02538,0.21066,0.38665,0.37194,1.73054,1.62533,0.99515,0.99338,1.00000,0.85972,0.00000,0.14120,2.85213,1.92097,0.99029,0.98667,1.00000
349,0.1839,34406400,54499,0.01075,1.31e-04,0.3037,78.6366,0.00000,0.00000,0.00000,10.00000,1248.05740,0.00000,0.78798,0.00000,0.00000,0.86053,0.00000,0.00000,0.00000,0.00000,0.00000,0.33729,2.07809,1.50950,1.00000,1.00000,1.00000,1068.50342,-0.02585,-0.10547,0.30418,-0.02346,0.50317,0.86015,-0.06799,0.21423,-0.00729,-0.02517,0.20944,0.38488,0.37187,1.68484,1.58000,0.98980,0.98561,1.00000,0.85935,0.00000,0.14155,2.85242,1.87699,0.97959,0.97059,1.00000
350,0.1844,34504704,53061,0.01293,1.31e-04,0.3036,73.3304,0.00000,0.00000,0.00000,10.00000,1214.02636,0.00000,0.80247,0.00000,0.00000,0.85706,0.00000,0.00000,0.00000,0.00000,0.00000,0.33768,2.07435,1.41407,1.00000,1.00000,1.00000,1081.35815,-0.02600,-0.10668,0.30317,-0.02328,0.50052,0.85670,-0.06798,0.21379,-0.00831,-0.02520,0.20876,0.38372,0.37118,1.68304,1.63778,0.98485,0.97902,1.00000,0.85591,0.00000,0.14052,2.84004,1.96597,0.96970,0.95775,1.00000
351,0.1850,34603008,53433,0.01800,1.19e-04,0.3035,69.3880,0.00000,0.00000,0.00000,10.00000,1226.25879,0.00000,0.75810,0.00000,0.00000,0.85681,0.00000,0.00000,0.00000,0.00000,0.00000,0.33836,2.08373,1.47644,1.00000,1.00000,1.00000,1074.72103,-0.02586,-0.10606,0.30435,-0.02336,0.50095,0.85639,-0.06785,0.21037,-0.00732,-0.02501,0.20982,0.38510,0.37116,1.77905,2.05176,0.98438,0.98473,0.94118,0.85579,0.00000,0.14165,2.84439,2.07757,0.96875,0.97015,0.87500
352,0.1855,34701312,54136,0.01362,1.09e-04,0.3034,70.5926,0.00000,0.00000,0.00000,10.00000,1254.87942,0.00000,0.70231,0.00000,0.00000,0.85724,0.00000,0.00000,0.00000,0.00000,0.00000,0.33794,2.07579,1.52072,1.00000,1.00000,1.00000,1086.31356,-0.02595,-0.10712,0.30369,-0.02403,0.50091,0.85680,-0.06875,0.21084,-0.00874,-0.02518,0.20944,0.38463,0.37125,1.71104,1.94818,0.99057,0.98507,1.00000,0.85624,0.00000,0.14179,2.83678,1.93352,0.98113,0.96721,1.00000
353,0.1860,34799616,54615,0.01765,6.82e-05,0.3033,94.3859,0.00000,0.00000,0.00000,10.00000,1240.96949,0.00000,0.79178,0.00000,0.00000,0.85835,0.00000,0.00000,0.00000,0.00000,0.00000,0.33863,2.06035,1.58173,1.00000,1.00000,1.00000,1096.93522,-0.02615,-0.10801,0.30052,-0.02365,0.50217,0.85792,-0.06835,0.20320,-0.00884,-0.02562,0.20625,0.38053,0.37177,1.70744,1.83474,0.99606,0.99448,1.00000,0.85887,0.00000,0.14275,2.79158,1.84505,0.99213,0.98837,1.00000
354,0.1865,34897920,52562,0.00992,9.32e-05,0.3033,77.4194,0.00000,0.00000,0.00000,10.00000,1237.95458,0.00000,0.78811,0.00000,0.00000,0.85570,0.00000,0.00000,0.00000,0.00000,0.00000,0.33967,2.05944,1.48879,1.00000,1.00000,1.00000,1085.10181,-0.02628,-0.10697,0.30049,-0.02414,0.50032,0.85530,-0.06840,0.19920,-0.01009,-0.02511,0.20659,0.38095,0.37094,1.71308,1.60750,0.98837,0.98361,1.00000,0.85470,0.00000,0.14285,2.78702,1.94437,0.97674,0.96667,1.00000
355,0.1870,34996224,53176,0.01235,1.00e-04,0.3032,74.3316,0.00000,0.00000,0.00000,10.00000,1269.79477,0.00000,0.76923,0.00000,0.00000,0.85187,0.00000,0.00000,0.00000,0.00000,0.00000,0.33864,2.06022,1.46025,1.00000,1.00000,1.00000,1084.43302,-0.02622,-0.10692,0.30023,-0.02368,0.49653,0.85146,-0.06843,0.20432,-0.00781,-0.02526,0.20632,0.37993,0.37015,1.63825,1.44857,0.98558,0.97917,1.00000,0.85073,0.00000,0.14181,2.79712,1.85029,0.97115,0.95522,1.00000
356,0.1875,35094528,53853,0.01621,7.16e-05,0.3031,73.1104,0.00000,0.00000,0.00000,10.00000,1223.49599,0.00000,0.71225,0.00000,0.00000,0.85233,0.00000,0.00000,0.00000,0.00000,0.00000,0.33861,2.06948,1.45484,1.00000,1.00000,1.00000,1063.78947,-0.02604,-0.10492,0.30165,-0.02408,0.49703,0.85201,-0.06882,0.20747,-0.00779,-0.02463,0.20746,0.38225,0.37054,1.68614,1.61176,0.97436,0.96000,1.00000,0.85270,0.00000,0.14123,2.81772,1.96192,0.94872,0.91837,1.00000
357,0.1881,35192832,51429,0.01301,8.05e-05,0.3030,78.4799,0.00000,0.00000,0.00000,10.00000,1249.96109,0.00000,0.74257,0.00000,0.00000,0.85428,0.00000,0.00000,0.00000,0.00000,0.00000,0.33781,2.09414,1.46438,1.00000,1.00000,1.00000,1075.93612,-0.02581,-0.10616,0.30442,-0.02341,0.49835,0.85389,-0.06855,0.20851,-0.00867,-0.02504,0.20933,0.38533,0.37063,1.69451,1.58778,0.99010,1.00000,0.89474,0.85313,0.00000,0.14136,2.82929,1.90450,0.98020,1.00000,0.80000
358,0.1886,35291136,53759,0.01353,6.47e-05,0.3030,82.1199,0.00000,0.00000,0.00000,10.00000,1216.25753,0.00000,0.71429,0.00000,0.00000,0.85699,0.00000,0.00000,0.00000,0.00000,0.00000,0.33682,2.08875,1.52469,1.00000,1.00000,1.00000,1103.27661,-0.02587,-0.10873,0.30552,-0.02399,0.49978,0.85666,-0.06928,0.21304,-0.01042,-0.02494,0.21062,0.38646,0.37129,1.74698,1.76190,0.97024,0.96296,0.95455,0.85643,0.00000,0.14176,2.85398,1.97645,0.94048,0.92727,0.90909
359,0.1891,35389440,53616,0.01239,6.96e-05,0.3029,66.9629,0.00000,0.00000,0.00000,10.00000,1237.30218,0.00000,0.75512,0.00000,0.00000,0.86053,0.00000,0.00000,0.00000,0.00000,0.00000,0.33707,2.09347,1.58895,1.00000,1.00000,1.00000,1084.67228,-0.02561,-0.10706,0.30644,-0.02424,0.50243,0.86018,-0.06921,0.21348,-0.00788,-0.02537,0.21123,0.38759,0.37203,1.77541,1.79778,0.99029,0.98571,1.00000,0.86014,0.00000,0.14161,2.86981,1.95037,0.98058,0.97260,1.00000
360,0.1896,35487744,53121,0.01049,1.10e-04,0.3028,68.3804,0.00000,0.00000,0.00000,10.00000,1224.29449,0.00000,0.73016,0.00000,0.00000,0.86372,0.00000,0.00000,0.00000,0.00000,0.00000,0.33684,2.08581,1.55185,0.99048,0.98529,1.00000,1074.66309,-0.02570,-0.10599,0.30573,-0.02429,0.50495,0.86336,-0.06865,0.21569,-0.00913,-0.02524,0.21080,0.38688,0.37257,1.73673,1.47500,0.98571,0.97826,1.00000,0.86286,0.00000,0.14080,2.86659,1.92872,0.98095,0.97143,1.00000
361,0.1902,35586048,54286,0.01662,6.99e-05,0.3027,77.7797,0.00000,0.00000,0.00000,10.00000,1270.78982,0.00000,0.77188,0.00000,0.00000,0.86079,0.00000,0.00000,0.00000,0.00000,0.00000,0.33706,2.08366,1.57326,1.00000,1.00000,1.00000,1083.96981,-0.02592,-0.10690,0.30527,-0.02385,0.50288,0.86038,-0.06928,0.21573,-0.00918,-0.02506,0.21064,0.38601,0.37198,1.76188,1.82154,0.99558,0.99363,1.00000,0.85992,0.00000,0.14048,2.86180,2.00080,0.99115,0.98592,1.00000
362,0.1907,35684352,53920,0.01082,9.13e-05,0.3026,83.1175,0.00000,0.00000,0.00000,10.00000,1201.87593,0.00000,0.82126,0.00000,0.00000,0.85799,0.00000,0.00000,0.00000,0.00000,0.00000,0.33731,2.06993,1.45135,0.98913,0.98529,1.00000,1067.02474,-0.02604,-0.10527,0.30301,-0.02331,0.50055,0.85759,-0.06921,0.21419,-0.00862,-0.02492,0.20883,0.38320,0.37141,1.73329,1.63692,0.97826,0.97059,1.00000,0.85707,0.00000,0.13983,2.84166,2.02305,0.96739,0.95588,1.00000
363,0.1912,35782656,54453,0.01447,9.24e-05,0.3025,60.5479,0.00000,0.00000,0.00000,10.00000,1231.84650,0.00000,0.78283,0.00000,0.00000,0.85585,0.00000,0.00000,0.00000,0.00000,0.00000,0.33716,2.08108,1.61014,1.00000,1.00000,1.00000,1072.89559,-0.02580,-0.10581,0.30393,-0.02346,0.49982,0.85549,-0.06897,0.21469,-0.00885,-0.02477,0.20951,0.38472,0.37114,1.71525,1.71733,0.99432,0.99194,1.00000,0.85571,0.00000,0.13948,2.84276,1.81886,0.98864,0.98387,1.00000
364,0.1917,35880960,54196,0.01442,9.24e-05,0.3025,62.0663,0.00000,0.00000,0.00000,10.00000,1234.41628,0.00000,0.80247,0.00000,0.00000,0.85607,0.00000,0.00000,0.00000,0.00000,0.00000,0.33637,2.11454,1.47857,1.00000,1.00000,1.00000,1056.53792,-0.02576,-0.10416,0.30684,-0.02317,0.50013,0.85574,-0.06927,0.21679,-0.00922,-0.02446,0.21201,0.38774,0.37090,1.71587,1.49600,0.99383,0.99145,1.00000,0.85452,0.00000,0.13839,2.85542,2.01250,0.98765,0.98113,1.00000
365,0.1922,35979264,54219,0.01754,6.91e-05,0.3024,71.4750,0.00000,0.00000,0.00000,10.00000,1221.05726,0.00000,0.76174,0.00000,0.00000,0.85815,0.00000,0.00000,0.00000,0.00000,0.00000,0.33600,2.13162,1.53974,1.00000,1.00000,1.00000,1069.88973,-0.02559,-0.10558,0.30874,-0.02437,0.50080,0.85782,-0.06912,0.21656,-0.00717,-0.02474,0.21388,0.39058,0.37103,1.77162,1.78000,0.97938,0.96992,1.00000,0.85514,0.00000,0.14013,2.86722,2.01639,0.95876,0.93939,1.00000
366,0.1927,36077568,54397,0.01419,5.80e-05,0.3023,87.3663,0.00000,0.00000,0.00000,10.00000,1228.67784,0.00000,0.85424,0.00000,0.00000,0.86321,0.00000,0.00000,0.00000,0.00000,0.00000,0.33571,2.12012,1.56296,0.98925,0.98684,1.00000,1067.03190,-0.02567,-0.10529,0.30725,-0.02360,0.50449,0.86288,-0.06865,0.21700,-0.00796,-0.02506,0.21180,0.38850,0.37226,1.79487,1.47111,0.99462,0.99301,1.00000,0.86129,0.00000,0.14004,2.85980,2.05944,1.00000,1.00000,1.00000
367,0.1932,36175872,54304,0.01049,8.35e-05,0.3023,76.3828,0.00000,0.00000,0.00000,10.00000,1243.95975,0.00000,0.78307,0.00000,0.00000,0.86355,0.00000,0.00000,0.00000,0.00000,0.00000,0.33636,2.12209,1.46725,0.99048,1.00000,0.90000,1077.75789,-0.02565,-0.10644,0.30899,-0.02447,0.50398,0.86319,-0.06852,0.21766,-0.00789,-0.02514,0.21243,0.39070,0.37200,1.69024,2.00823,0.99048,0.99324,0.94444,0.85999,0.00000,0.14010,2.87795,1.90262,0.99048,0.98701,1.00000
368,0.1937,36274176,54143,0.01538,6.71e-05,0.3022,80.0811,0.00000,0.00000,0.00000,10.00000,1241.40188,0.00000,0.72778,0.00000,0.00000,0.86506,0.00000,0.00000,0.00000,0.00000,0.00000,0.33604,2.11807,1.60958,0.99000,0.98485,1.00000,1061.32772,-0.02560,-0.10473,0.30782,-0.02397,0.50531,0.86469,-0.06853,0.21581,-0.00817,-0.02527,0.21262,0.38928,0.37239,1.79507,1.73231,0.98500,0.97710,1.00000,0.86194,0.00000,0.14062,2.86706,1.98056,0.98000,0.96923,1.00000
369,0.1942,36372480,54582,0.01133,9.24e-05,0.3021,75.1092,0.00000,0.00000,0.00000,10.00000,1233.26130,0.00000,0.84325,0.00000,0.00000,0.86397,0.00000,0.00000,0.00000,0.00000,0.00000,0.33477,2.11245,1.50711,1.00000,1.00000,1.00000,1052.75635,-0.02573,-0.10390,0.30710,-0.02399,0.50411,0.86359,-0.06844,0.21719,-0.00758,-0.02521,0.21225,0.38865,0.37185,1.67880,1.62857,1.00000,1.00000,1.00000,0.85927,0.00000,0.14169,2.86121,1.84319,1.00000,1.00000,1.00000
370,0.1948,36470784,53837,0.01392,7.70e-05,0.3020,83.1120,0.00000,0.00000,0.00000,10.00000,1215.21782,0.00000,0.78502,0.00000,0.00000,0.85990,0.00000,0.00000,0.00000,0.00000,0.00000,0.33421,2.09727,1.54961,1.00000,1.00000,1.00000,1067.47754,-0.02586,-0.10538,0.30482,-0.02412,0.50206,0.85952,-0.06865,0.22056,-0.00965,-0.02482,0.21089,0.38614,0.37166,1.73274,1.56111,0.98370,0.98462,0.94444,0.85831,0.00000,0.14077,2.85339,1.93710,0.96739,0.96774,0.88889
371,0.1953,36569088,53364,0.01126,1.00e-04,0.3019,85.6416,0.00000,0.00000,0.00000,10.00000,1232.64449,0.00000,0.76458,0.00000,0.00000,0.85808,0.00000,0.00000,0.00000,0.00000,0.00000,0.33535,2.09683,1.55316,1.00000,1.00000,1.00000,1056.23218,-0.02587,-0.10435,0.30516,-0.02406,0.50134,0.85763,-0.06864,0.21778,-0.00707,-0.02487,0.21154,0.38684,0.37153,1.72805,1.89454,0.99010,0.98561,1.00000,0.85763,0.00000,0.14140,2.85953,1.90075,0.98020,0.97183,1.00000
372,0.1958,36667392,54931,0.01657,7.61e-05,0.3018,76.2417,0.00000,0.00000,0.00000,10.00000,1214.89212,0.00000,0.78563,0.00000,0.00000,0.86049,0.00000,0.00000,0.00000,0.00000,0.00000,0.33549,2.09450,1.45375,0.98990,0.98611,1.00000,1089.20630,-0.02585,-0.10737,0.30515,-0.02381,0.50233,0.86006,-0.06859,0.21920,-0.00884,-0.02513,0.21129,0.38652,0.37208,1.64040,1.76500,0.95960,0.94286,1.00000,0.86041,0.00000,0.14058,2.86650,1.85681,0.92929,0.89706,1.00000
373,0.1963,36765696,53557,0.01367,8.59e-05,0.3018,92.0352,0.00000,0.00000,0.00000,10.00000,1254.02689,0.00000,0.78078,0.00000,0.00000,0.86238,0.00000,0.00000,0.00000,0.00000,0.00000,0.33464,2.09124,1.57793,1.00000,1.00000,1.00000,1078.43188,-0.02571,-0.10644,0.30585,-0.02428,0.50357,0.86197,-0.06831,0.22129,-0.00879,-0.02528,0.21007,0.38661,0.37219,1.74910,1.69692,0.99099,0.98718,1.00000,0.86097,0.00000,0.14174,2.87046,1.93525,0.98198,0.97368,1.00000
374,0.1968,36864000,53901,0.01332,8.70e-05,0.3017,101.4275,0.00000,0.00000,0.00000,10.00000,1211.44801,0.00000,0.80460,0.00000,0.00000,0.86099,0.00000,0.00000,0.00000,0.00000,0.00000,0.33667,2.07157,1.55604,1.00000,1.00000,1.00000,1082.36759,-0.02593,-0.10674,0.30320,-0.02408,0.50300,0.86053,-0.06783,0.21318,-0.00799,-0.02539,0.20780,0.38394,0.37166,1.78145,1.81600,0.98276,0.97619,1.00000,0.85829,0.00000,0.14189,2.83570,2.01454,0.96552,0.95238,1.00000
375,0.1973,36962304,53867,0.01514,7.16e-05,0.3016,70.8250,0.00000,0.00000,0.00000,10.00000,1218.94733,0.00000,0.85518,0.00000,0.00000,0.85601,0.00000,0.00000,0.00000,0.00000,0.00000,0.33543,2.06007,1.58158,1.00000,1.00000,1.00000,1068.00895,-0.02587,-0.10527,0.30209,-0.02398,0.49977,0.85565,-0.06786,0.21688,-0.00817,-0.02492,0.20900,0.38303,0.37098,1.80626,2.01400,1.00000,1.00000,1.00000,0.85489,0.00000,0.14214,2.84782,2.04676,1.00000,1.00000,1.00000
376,0.1979,37060608,54007,0.01169,1.03e-04,0.3015,91.9561,0.00000,0.00000,0.00000,10.00000,1237.11796,0.00000,0.81408,0.00000,0.00000,0.85316,0.00000,0.00000,0.00000,0.00000,0.00000,0.33578,2.05868,1.58823,1.00000,1.00000,1.00000,1085.60457,-0.02588,-0.10709,0.30162,-0.02362,0.49802,0.85274,-0.06844,0.21800,-0.00894,-0.02498,0.20780,0.38215,0.37087,1.73729,1.60000,0.99010,0.98649,1.00000,0.85434,0.00000,0.14105,2.84140,1.91828,0.98020,0.97059,1.00000
377,0.1984,37158912,53622,0.01697,7.25e-05,0.3014,69.6444,0.00000,0.00000,0.00000,10.00000,1216.61885,0.00000,0.70370,0.00000,0.00000,0.85370,0.00000,0.00000,0.00000,0.00000,0.00000,0.33744,2.08334,1.44717,1.00000,1.00000,1.00000,1071.30558,-0.02569,-0.10571,0.30482,-0.02411,0.49915,0.85323,-0.06872,0.21571,-0.00785,-0.02453,0.20931,0.38644,0.37103,1.71944,1.80706,0.97333,0.95789,1.00000,0.85513,0.00000,0.14027,2.85973,1.98182,0.94667,0.91667,1.00000
378,0.1989,37257216,54504,0.01140,8.39e-05,0.3014,66.5191,0.00000,0.00000,0.00000,10.00000,1256.51042,0.00000,0.73016,0.00000,0.00000,0.85405,0.00000,0.00000,0.00000,0.00000,0.00000,0.33605,2.09488,1.44833,1.00000,1.00000,1.00000,1083.29370,-0.02580,-0.10677,0.30483,-0.02370,0.49905,0.85360,-0.06860,0.21710,-0.00846,-0.02490,0.20993,0.38611,0.37125,1.69269,1.53200,0.99048,0.98551,1.00000,0.85623,0.00000,0.13988,2.84656,1.97778,0.98095,0.96875,1.00000
379,0.1994,37355520,53740,0.01532,6.42e-05,0.3013,83.2466,0.00000,0.00000,0.00000,10.00000,1238.63504,0.00000,0.76313,0.00000,0.00000,0.85878,0.00000,0.00000,0.00000,0.00000,0.00000,0.33589,2.12364,1.72907,1.00000,1.00000,1.00000,1081.26050,-0.02553,-0.10662,0.30720,-0.02368,0.50207,0.85835,-0.06890,0.21764,-0.00779,-0.02486,0.21158,0.38909,0.37197,1.89985,1.86500,0.98352,0.97600,1.00000,0.85987,0.00000,0.13919,2.85864,2.10000,0.96703,0.94828,1.00000
380,0.1999,37453824,53448,0.01577,4.46e-05,0.3013,73.0775,0.00000,0.00000,0.00000,10.00000,1254.92086,0.00000,0.77778,0.00000,0.00000,0.86577,0.00000,0.00000,0.00000,0.00000,0.00000,0.33533,2.14015,1.68427,1.00000,1.00000,1.00000,1073.26546,-0.02544,-0.10591,0.30909,-0.02427,0.50575,0.86538,-0.06877,0.21887,-0.00879,-0.02521,0.21207,0.39128,0.37283,1.75072,2.26615,1.00000,1.00000,1.00000,0.86416,0.00000,0.13895,2.86580,1.81461,1.00000,1.00000,1.00000
381,0.2004,37552128,54190,0.01121,5.28e-05,0.3012,83.8160,0.00000,0.00000,0.00000,10.00000,1239.34170,0.00000,0.71197,0.00000,0.00000,0.86487,0.00000,0.00000,0.00000,0.00000,0.00000,0.33338,2.12985,1.50053,1.00000,1.00000,1.00000,1057.93213,-0.02553,-0.10431,0.30788,-0.02353,0.50573,0.86447,-0.06838,0.22256,-0.00961,-0.02516,0.21234,0.38897,0.37274,1.69721,1.50370,0.99029,0.99242,0.96429,0.86368,0.00000,0.13838,2.85983,1.87951,0.98058,0.98551,0.93333
382,0.2009,37650432,54363,0.01252,6.42e-05,0.3011,76.9132,0.00000,0.00000,0.00000,10.00000,1211.90342,0.00000,0.74713,0.00000,0.00000,0.86051,0.00000,0.00000,0.00000,0.00000,0.00000,0.33317,2.11554,1.54069,0.98276,0.97468,1.00000,1060.88981,-0.02565,-0.10461,0.30514,-0.02322,0.50307,0.86013,-0.06870,0.22031,-0.00869,-0.02536,0.21059,0.38579,0.37212,1.77941,2.00700,0.97414,0.96154,1.00000,0.86062,0.00000,0.13903,2.83366,2.02964,0.96552,0.94805,1.00000
383,0.2015,37748736,53441,0.00924,1.00e-04,0.3011,82.5734,0.00000,0.00000,0.00000,10.00000,1225.84409,0.00000,0.86081,0.00000,0.00000,0.85682,0.00000,0.00000,0.00000,0.00000,0.00000,0.33356,2.10268,1.55867,1.00000,1.00000,1.00000,1062.20703,-0.02584,-0.10472,0.30367,-0.02422,0.50077,0.85643,-0.06815,0.21873,-0.00873,-0.02492,0.20985,0.38393,0.37170,1.72746,1.60000,0.98352,0.97872,1.00000,0.85849,0.00000,0.13882,2.82091,1.91642,0.96703,0.95588,1.00000
384,0.2020,37847040,54160,0.01371,1.21e-04,0.3010,94.3829,0.00000,0.00000,0.00000,10.00000,1219.28304,0.00000,0.80321,0.00000,0.00000,0.85287,0.00000,0.00000,0.00000,0.00000,0.00000,0.33405,2.10032,1.74514,1.00000,1.00000,1.00000,1072.29264,-0.02575,-0.10580,0.30519,-0.02367,0.49853,0.85250,-0.06879,0.22215,-0.00743,-0.02474,0.21010,0.38587,0.37084,1.80618,2.11529,0.99398,0.99167,1.00000,0.85419,0.00000,0.13929,2.85130,1.87091,0.98795,0.98305,1.00000
385,0.2025,37945344,54385,0.01698,7.16e-05,0.3009,67.9178,0.00000,0.00000,0.00000,10.00000,1255.57392,0.00000,0.76211,0.00000,0.00000,0.85387,0.00000,0.00000,0.00000,0.00000,0.00000,0.33353,2.11455,1.46103,1.00000,1.00000,1.00000,1091.79395,-0.02568,-0.10772,0.30637,-0.02285,0.49850,0.85348,-0.06964,0.22809,-0.00832,-0.02464,0.21219,0.38756,0.37062,1.66403,1.53555,0.98718,0.98131,1.00000,0.85310,0.00000,0.13646,2.87744,1.87428,0.97436,0.96226,1.00000
386,0.2030,38043648,54476,0.01237,7.61e-05,0.3008,91.5313,0.00000,0.00000,0.00000,10.00000,1235.37629,0.00000,0.75943,0.00000,0.00000,0.86066,0.00000,0.00000,0.00000,0.00000,0.00000,0.33476,2.13396,1.44575,1.00000,1.00000,1.00000,1091.82715,-0.02531,-0.10766,0.30933,-0.02409,0.50326,0.86028,-0.06904,0.22438,-0.00833,-0.02503,0.21391,0.39130,0.37229,1.64720,1.51059,0.97248,0.96644,0.94444,0.86146,0.00000,0.13806,2.89413,1.88405,0.94495,0.92958,0.88889
387,0.2035,38141952,53939,0.01088,1.20e-04,0.3007,76.9933,0.00000,0.00000,0.00000,10.00000,1266.40039,0.00000,0.76058,0.00000,0.00000,0.86880,0.00000,0.00000,0.00000,0.00000,0.00000,0.33419,2.13385,1.56418,1.00000,1.00000,1.00000,1056.96134,-0.02527,-0.10435,0.31062,-0.02477,0.50839,0.86834,-0.06805,0.22857,-0.00770,-0.02481,0.21449,0.39318,0.37329,1.70585,1.44667,0.99405,0.99130,1.00000,0.86643,0.00000,0.13709,2.91331,1.87536,0.98810,0.98113,1.00000
388,0.2040,38240256,54101,0.01832,7.16e-05,0.3007,73.5544,0.00000,0.00000,0.00000,10.00000,1254.27045,0.00000,0.70202,0.00000,0.00000,0.86679,0.00000,0.00000,0.00000,0.00000,0.00000,0.33409,2.11993,1.57721,0.99091,0.98571,1.00000,1066.22217,-0.02541,-0.10517,0.30913,-0.02423,0.50698,0.86633,-0.06788,0.22877,-0.00733,-0.02511,0.21353,0.39139,0.37302,1.77363,1.95000,0.98636,0.98561,0.95000,0.86509,0.00000,0.13765,2.90744,1.97256,0.98182,0.98551,0.90000
389,0.2045,38338560,53454,0.01170,1.00e-04,0.3006,91.2766,0.00000,0.00000,0.00000,10.00000,1245.93865,0.00000,0.77887,0.00000,0.00000,0.86039,0.00000,0.00000,0.00000,0.00000,0.00000,0.33298,2.09555,1.59725,0.99020,0.98649,1.00000,1067.51864,-0.02566,-0.10535,0.30525,-0.02315,0.50333,0.85995,-0.06782,0.23158,-0.00869,-0.02501,0.21144,0.38637,0.37195,1.71115,1.74571,0.99020,0.98601,1.00000,0.85975,0.00000,0.13663,2.87870,1.83105,0.99020,0.98551,1.00000
390,0.2051,38436864,54244,0.01084,1.44e-04,0.3006,74.7475,0.00000,0.00000,0.00000,10.00000,1259.86634,0.00000,0.75758,0.00000,0.00000,0.85609,0.00000,0.00000,0.00000,0.00000,0.00000,0.33293,2.09063,1.52071,1.00000,1.00000,1.00000,1085.33358,-0.02569,-0.10702,0.30334,-0.02318,0.50047,0.85563,-0.06778,0.22787,-0.00861,-0.02524,0.20999,0.38395,0.37107,1.71157,1.62800,0.99545,0.99333,1.00000,0.85536,0.00000,0.13631,2.85510,1.92533,0.99091,0.98611,1.00000
391,0.2056,38535168,54141,0.01529,1.11e-04,0.3005,81.0155,0.00000,0.00000,0.00000,10.00000,1254.85148,0.00000,0.68376,0.00000,0.00000,0.85688,0.00000,0.00000,0.00000,0.00000,0.00000,0.33402,2.09252,1.53768,1.00000,1.00000,1.00000,1104.51676,-0.02572,-0.10884,0.30425,-0.02372,0.50035,0.85637,-0.06789,0.22307,-0.01067,-0.02503,0.20973,0.38544,0.37125,1.73209,1.53368,0.98352,0.97321,1.00000,0.85623,0.00000,0.13806,2.84757,1.95567,0.96703,0.94545,1.00000
392,0.2061,38633472,53966,0.01390,1.31e-04,0.3004,77.9512,0.00000,0.00000,0.00000,10.00000,1211.71384,0.00000,0.77892,0.00000,0.00000,0.85818,0.00000,0.00000,0.00000,0.00000,0.00000,0.33468,2.09230,1.47039,0.97938,0.98571,0.88889,1094.67912,-0.02566,-0.10795,0.30478,-0.02382,0.50135,0.85774,-0.06829,0.22349,-0.00972,-0.02521,0.20973,0.38615,0.37195,1.73276,1.62900,0.96907,0.96324,0.95238,0.85977,0.00000,0.13800,2.85974,2.00213,0.95876,0.93939,1.00000
393,0.2066,38731776,53665,0.01671,6.99e-05,0.3004,63.4728,0.00000,0.00000,0.00000,10.00000,1248.51548,0.00000,0.78704,0.00000,0.00000,0.85757,0.00000,0.00000,0.00000,0.00000,0.00000,0.33439,2.09563,1.51929,1.00000,1.00000,1.00000,1089.88599,-0.02566,-0.10756,0.30633,-0.02424,0.50179,0.85722,-0.06820,0.22900,-0.00833,-0.02495,0.21120,0.38725,0.37181,1.72354,1.79500,0.98611,0.98039,1.00000,0.85905,0.00000,0.13543,2.88283,1.94329,0.97222,0.96000,1.00000
394,0.2071,38830080,53027,0.01287,7.16e-05,0.3003,90.2874,0.00000,0.00000,0.00000,10.00000,1249.44819,0.00000,0.75536,0.00000,0.00000,0.85810,0.00000,0.00000,0.00000,0.00000,0.00000,0.33391,2.08282,1.49576,0.98246,0.97561,1.00000,1079.71151,-0.02580,-0.10655,0.30411,-0.02358,0.50164,0.85768,-0.06783,0.22999,-0.00828,-0.02503,0.20972,0.38461,0.37201,1.76871,1.62000,0.98684,0.98065,1.00000,0.86004,0.00000,0.13494,2.87404,2.06615,0.99123,0.98630,1.00000
395,0.2076,38928384,54074,0.01248,8.35e-05,0.3002,78.2637,0.00000,0.00000,0.00000,10.00000,1233.68179,0.00000,0.78526,0.00000,0.00000,0.85672,0.00000,0.00000,0.00000,0.00000,0.00000,0.33393,2.05310,1.46683,1.00000,1.00000,1.00000,1078.63289,-0.02594,-0.10643,0.30126,-0.02414,0.50083,0.85623,-0.06758,0.22648,-0.00674,-0.02523,0.20753,0.38138,0.37196,1.69768,1.71765,0.99519,0.99320,1.00000,0.85978,0.00000,0.13766,2.85622,1.92854,0.99038,0.98611,1.00000
396,0.2081,39026688,54305,0.01307,1.10e-04,0.3001,75.0112,0.00000,0.00000,0.00000,10.00000,1244.59229,0.00000,0.76923,0.00000,0.00000,0.85336,0.00000,0.00000,0.00000,0.00000,0.00000,0.33498,2.06599,1.60597,0.98901,0.98361,1.00000,1076.63590,-0.02585,-0.10614,0.30235,-0.02316,0.49876,0.85287,-0.06766,0.22764,-0.01014,-0.02476,0.20893,0.38301,0.37082,1.72696,1.58500,0.98901,0.98413,1.00000,0.85410,0.00000,0.13531,2.86100,1.84113,0.98901,0.98462,1.00000
397,0.2087,39124992,52812,0.01395,1.18e-04,0.3000,83.1914,0.00000,0.00000,0.00000,10.00000,1236.16980,0.00000,0.82151,0.00000,0.00000,0.85092,0.00000,0.00000,0.00000,0.00000,0.00000,0.33470,2.06685,1.58053,1.00000,1.00000,1.00000,1063.93815,-0.02579,-0.10515,0.30274,-0.02359,0.49722,0.85055,-0.06815,0.22768,-0.00737,-0.02462,0.20918,0.38315,0.37053,1.74517,1.65333,0.98936,0.98561,1.00000,0.85265,0.00000,0.13590,2.86667,1.92141,0.97872,0.97015,1.00000
398,0.2092,39223296,54730,0.01631,6.71e-05,0.3000,60.2673,0.00000,0.00000,0.00000,10.00000,1216.24030,0.00000,0.75092,0.00000,0.00000,0.85104,0.00000,0.00000,0.00000,0.00000,0.00000,0.33420,2.09664,1.54603,0.98901,0.98413,1.00000,1077.82967,-0.02557,-0.10638,0.30532,-0.02326,0.49777,0.85064,-0.06822,0.22942,-0.00844,-0.02451,0.21119,0.38638,0.37046,1.72225,1.57048,0.98901,0.98374,1.00000,0.85231,0.00000,0.13530,2.88056,1.90869,0.98901,0.98333,1.00000
399,0.2097,39321600,54522,0.01123,9.24e-05,0.2999,66.8415,0.00000,0.00000,0.00000,10.00000,1243.79085,0.00000,0.71181,0.00000,0.00000,0.85568,0.00000,0.00000,0.00000,0.00000,0.00000,0.33299,2.10301,1.58197,0.98958,0.98361,1.00000,1079.21346,-0.02556,-0.10659,0.30463,-0.02292,0.49967,0.85531,-0.06872,0.23134,-0.00733,-0.02464,0.21153,0.38583,0.37132,1.78029,1.78222,0.97917,0.97561,0.94737,0.85659,0.00000,0.13479,2.87988,1.99045,0.96875,0.96774,0.87500
400,0.2102,39419904,53659,0.01557,6.96e-05,0.2998,58.2164,0.00000,0.00000,0.00000,10.00000,1229.95611,0.00000,0.78652,0.00000,0.00000,0.85921,0.00000,0.00000,0.00000,0.00000,0.00000,0.33292,2.12413,1.61972,0.98876,0.98507,1.00000,1075.24935,-0.02541,-0.10623,0.30664,-0.02324,0.50211,0.85887,-0.06882,0.23169,-0.00816,-0.02471,0.21240,0.38834,0.37171,1.76000,1.97333,0.98876,0.98413,1.00000,0.85854,0.00000,0.13419,2.88385,1.91323,0.98876,0.98305,1.00000
401,0.2107,39518208,54090,0.01199,1.00e-04,0.2997,97.0653,0.00000,0.00000,0.00000,10.00000,1251.48014,0.00000,0.74766,0.00000,0.00000,0.86104,0.00000,0.00000,0.00000,0.00000,0.00000,0.33295,2.12420,1.45772,1.00000,1.00000,1.00000,1069.97632,-0.02543,-0.10566,0.30705,-0.02345,0.50341,0.86066,-0.06824,0.22969,-0.00845,-0.02489,0.21236,0.38883,0.37190,1.74323,1.67889,0.99065,0.98611,1.00000,0.85950,0.00000,0.13511,2.87519,2.01829,0.98131,0.97333,1.00000
402,0.2113,39616512,53213,0.01332,1.21e-04,0.2996,84.3138,0.00000,0.00000,0.00000,10.00000,1247.95770,0.00000,0.75758,0.00000,0.00000,0.86132,0.00000,0.00000,0.00000,0.00000,0.00000,0.33159,2.10524,1.46222,0.98990,0.98611,1.00000,1072.27140,-0.02555,-0.10584,0.30566,-0.02341,0.50334,0.86094,-0.06799,0.23235,-0.00853,-0.02503,0.21106,0.38672,0.37210,1.67935,1.78000,0.98485,0.97778,1.00000,0.86049,0.00000,0.13620,2.87705,1.92361,0.97980,0.96825,1.00000
403,0.2118,39714816,54980,0.01442,1.01e-04,0.2995,65.2643,0.00000,0.00000,0.00000,10.00000,1243.48845,0.00000,0.71498,0.00000,0.00000,0.86045,0.00000,0.00000,0.00000,0.00000,0.00000,0.33185,2.09371,1.44259,1.00000,1.00000,1.00000,1080.48804,-0.02564,-0.10662,0.30457,-0.02310,0.50312,0.86005,-0.06828,0.23038,-0.00885,-0.02527,0.21068,0.38524,0.37191,1.66965,1.55667,0.98696,0.97973,1.00000,0.85954,0.00000,0.13756,2.87246,1.89670,0.97391,0.96053,1.00000
404,0.2123,39813120,53907,0.01073,1.45e-04,0.2993,73.6912,0.00000,0.00000,0.00000,10.00000,1263.38911,0.00000,0.78256,0.00000,0.00000,0.85981,0.00000,0.00000,0.00000,0.00000,0.00000,0.33351,2.09526,1.60171,1.00000,1.00000,1.00000,1080.02482,-0.02571,-0.10657,0.30449,-0.02307,0.50222,0.85936,-0.06810,0.22622,-0.00805,-0.02486,0.21013,0.38504,0.37183,1.80618,1.72000,0.99462,0.99237,1.00000,0.85915,0.00000,0.13692,2.86218,2.02303,0.98925,0.98438,1.00000
405,0.2128,39911424,53618,0.01583,9.96e-05,0.2992,79.7807,0.00000,0.00000,0.00000,10.00000,1260.14142,0.00000,0.74543,0.00000,0.00000,0.85804,0.00000,0.00000,0.00000,0.00000,0.00000,0.33369,2.10886,1.53723,1.00000,1.00000,1.00000,1072.32007,-0.02553,-0.10585,0.30715,-0.02427,0.50195,0.85766,-0.06843,0.22701,-0.00819,-0.02462,0.21198,0.38852,0.37176,1.65217,1.60286,0.99367,0.99057,1.00000,0.85882,0.00000,0.13815,2.88118,1.78800,0.98734,0.97826,1.00000
406,0.2133,40009728,54504,0.01108,1.03e-04,0.2991,72.8771,0.00000,0.00000,0.00000,10.00000,1248.68741,0.00000,0.73628,0.00000,0.00000,0.85972,0.00000,0.00000,0.00000,0.00000,0.00000,0.33376,2.14104,1.47633,0.98795,0.98276,1.00000,1083.94906,-0.02539,-0.10684,0.31007,-0.02326,0.50296,0.85928,-0.06865,0.23212,-0.00793,-0.02445,0.21425,0.39241,0.37174,1.68104,1.68500,0.98193,0.97273,1.00000,0.85868,0.00000,0.13553,2.90742,1.90436,0.97590,0.96154,1.00000
407,0.2138,40108032,54388,0.01595,8.70e-05,0.2990,77.5211,0.00000,0.00000,0.00000,10.00000,1256.13905,0.00000,0.77991,0.00000,0.00000,0.86475,0.00000,0.00000,0.00000,0.00000,0.00000,0.33408,2.15684,1.44554,0.99038,0.98684,1.00000,1084.37939,-0.02535,-0.10715,0.31142,-0.02329,0.50532,0.86438,-0.06911,0.23035,-0.00677,-0.02491,0.21586,0.39394,0.37244,1.68487,1.79200,0.99038,0.98630,1.00000,0.86222,0.00000,0.13532,2.91381,1.94286,0.99038,0.98571,1.00000
408,0.2143,40206336,53514,0.01079,1.25e-04,0.2989,83.6380,0.00000,0.00000,0.00000,10.00000,1246.42171,0.00000,0.78502,0.00000,0.00000,0.86902,0.00000,0.00000,0.00000,0.00000,0.00000,0.33333,2.15621,1.59479,0.98913,0.98507,1.00000,1074.28117,-0.02542,-0.10603,0.31095,-0.02341,0.50830,0.86862,-0.06867,0.23181,-0.00784,-0.02476,0.21559,0.39347,0.37349,1.76676,1.88461,0.98913,0.98462,1.00000,0.86745,0.00000,0.13520,2.91154,1.94869,0.98913,0.98413,1.00000
409,0.2149,40304640,53940,0.01406,1.31e-04,0.2988,72.8137,0.00000,0.00000,0.00000,10.00000,1228.09491,0.00000,0.81790,0.00000,0.00000,0.87172,0.00000,0.00000,0.00000,0.00000,0.00000,0.33306,2.14993,1.55292,1.00000,1.00000,1.00000,1066.01131,-0.02538,-0.10522,0.31087,-0.02341,0.50952,0.87130,-0.06833,0.23039,-0.00755,-0.02494,0.21562,0.39345,0.37406,1.69780,1.70609,1.00000,1.00000,1.00000,0.87032,0.00000,0.13702,2.91226,1.85953,1.00000,1.00000,1.00000
410,0.2154,40402944,53431,0.01584,1.18e-04,0.2986,78.0280,0.00000,0.00000,0.00000,10.00000,1283.07875,0.00000,0.73889,0.00000,0.00000,0.86804,0.00000,0.00000,0.00000,0.00000,0.00000,0.33324,2.13667,1.33892,1.00000,1.00000,1.00000,1042.11393,-0.02549,-0.10291,0.30958,-0.02363,0.50857,0.86760,-0.06808,0.23133,-0.00817,-0.02469,0.21550,0.39182,0.37343,1.67616,1.64571,0.99500,0.99248,1.00000,0.86715,0.00000,0.13623,2.90347,2.02278,0.99000,0.98507,1.00000
411,0.2159,40501248,51674,0.01263,1.12e-04,0.2985,76.8505,0.00000,0.00000,0.00000,10.00000,1247.01198,0.00000,0.78749,0.00000,0.00000,0.86271,0.00000,0.00000,0.00000,0.00000,0.00000,0.33255,2.12256,1.51291,0.99029,0.98630,1.00000,1056.74341,-0.02554,-0.10413,0.30687,-0.02296,0.50500,0.86231,-0.06794,0.23165,-0.00867,-0.02478,0.21367,0.38822,0.37262,1.72130,1.82800,0.98544,0.97945,1.00000,0.86308,0.00000,0.13498,2.88263,1.94080,0.98058,0.97260,1.00000
412,0.2164,40599552,53998,0.01856,7.16e-05,0.2984,78.9482,0.00000,0.00000,0.00000,10.00000,1225.72323,0.00000,0.77546,0.00000,0.00000,0.86032,0.00000,0.00000,0.00000,0.00000,0.00000,0.33174,2.12449,1.73944,0.98958,0.98462,1.00000,1060.53019,-0.02563,-0.10471,0.30685,-0.02264,0.50327,0.85991,-0.06828,0.23273,-0.00806,-0.02448,0.21349,0.38799,0.37229,1.83007,2.00714,0.98958,0.98507,1.00000,0.86146,0.00000,0.13534,2.88057,1.91707,0.98958,0.98551,1.00000
413,0.2170,40697856,53642,0.01210,6.34e-05,0.2984,95.2814,0.00000,0.00000,0.00000,10.00000,1253.66619,0.00000,0.70658,0.00000,0.00000,0.85788,0.00000,0.00000,0.00000,0.00000,0.00000,0.33278,2.12528,1.58025,0.99029,0.98571,1.00000,1052.68840,-0.02565,-0.10388,0.30619,-0.02321,0.50226,0.85745,-0.06776,0.22823,-0.00889,-0.02469,0.21365,0.38795,0.37138,1.77894,1.73714,0.98544,0.98473,0.95455,0.85692,0.00000,0.13587,2.86401,2.00282,0.98058,0.98361,0.91667
414,0.2175,40796160,52273,0.01117,8.05e-05,0.2984,72.7864,0.00000,0.00000,0.00000,10.00000,1250.40625,0.00000,0.81066,0.00000,0.00000,0.85661,0.00000,0.00000,0.00000,0.00000,0.00000,0.33267,2.11972,1.47316,0.98980,0.98667,1.00000,1057.19865,-0.02588,-0.10424,0.30500,-0.02279,0.50118,0.85619,-0.06849,0.22765,-0.00760,-0.02461,0.21277,0.38612,0.37158,1.65320,1.65000,0.98980,0.98601,1.00000,0.85789,0.00000,0.13549,2.85082,1.84540,0.98980,0.98529,1.00000
415,0.2180,40894464,51941,0.01135,1.16e-04,0.2983,84.3874,0.00000,0.00000,0.00000,10.00000,1254.87590,0.00000,0.78972,0.00000,0.00000,0.85718,0.00000,0.00000,0.00000,0.00000,0.00000,0.33319,2.11288,1.47305,0.99174,0.98851,1.00000,1061.69718,-0.02606,-0.10471,0.30229,-0.02255,0.50078,0.85671,-0.06858,0.22185,-0.00861,-0.02476,0.21074,0.38279,0.37133,1.69312,1.43125,0.99174,0.98837,1.00000,0.85664,0.00000,0.13490,2.80995,1.92286,0.99174,0.98824,1.00000
416,0.2186,40992768,51688,0.01472,9.32e-05,0.2982,69.0355,0.00000,0.00000,0.00000,10.00000,1192.33441,0.00000,0.79521,0.00000,0.00000,0.85278,0.00000,0.00000,0.00000,0.00000,0.00000,0.33242,2.08241,1.48548,1.00000,1.00000,1.00000,1069.07454,-0.02634,-0.10546,0.29830,-0.02264,0.49850,0.85233,-0.06852,0.21996,-0.00879,-0.02459,0.20733,0.37741,0.37066,1.77654,1.75809,0.97549,0.96575,1.00000,0.85330,0.00000,0.13601,2.77548,2.09000,0.95098,0.93151,1.00000
417,0.2191,41091072,52500,0.01502,7.77e-05,0.2981,70.1209,0.00000,0.00000,0.00000,10.00000,1268.00123,0.00000,0.81871,0.00000,0.00000,0.84726,0.00000,0.00000,0.00000,0.00000,0.00000,0.33162,2.07977,1.41844,1.00000,1.00000,1.00000,1088.02425,-0.02632,-0.10729,0.29835,-0.02236,0.49336,0.84687,-0.06865,0.22476,-0.00955,-0.02457,0.20758,0.37749,0.36933,1.65583,1.38400,0.99474,0.99286,1.00000,0.84667,0.00000,0.13490,2.79408,1.92866,0.98947,0.98485,1.00000
418,0.2196,41189376,53086,0.01179,1.18e-04,0.2981,90.5147,0.00000,0.00000,0.00000,10.00000,1241.71307,0.00000,0.78283,0.00000,0.00000,0.84881,0.00000,0.00000,0.00000,0.00000,0.00000,0.33271,2.07843,1.53278,1.00000,1.00000,1.00000,1085.82682,-0.02615,-0.10715,0.29948,-0.02265,0.49415,0.84835,-0.06817,0.22220,-0.00805,-0.02462,0.20748,0.37907,0.36963,1.78242,1.95273,0.97727,0.97581,0.90909,0.84813,0.00000,0.13658,2.80371,2.08200,0.95455,0.94828,0.80000
419,0.2201,41287680,53982,0.01359,9.24e-05,0.2980,79.6705,0.00000,0.00000,0.00000,10.00000,1240.64566,0.00000,0.75309,0.00000,0.00000,0.85003,0.00000,0.00000,0.00000,0.00000,0.00000,0.33181,2.09842,1.56323,1.00000,1.00000,1.00000,1100.31991,-0.02591,-0.10861,0.30301,-0.02278,0.49506,0.84965,-0.06886,0.23124,-0.00802,-0.02451,0.21094,0.38362,0.37008,1.74343,1.40421,0.99444,0.99180,1.00000,0.85041,0.00000,0.13492,2.85888,1.91361,0.98889,0.98413,1.00000
420,0.2206,41385984,54498,0.01138,1.21e-04,0.2979,89.1988,0.00000,0.00000,0.00000,10.00000,1232.28727,0.00000,0.75810,0.00000,0.00000,0.85721,0.00000,0.00000,0.00000,0.00000,0.00000,0.33242,2.11373,1.50154,1.00000,1.00000,1.00000,1115.41235,-0.02578,-0.10993,0.30541,-0.02332,0.49965,0.85678,-0.06939,0.23113,-0.00930,-0.02464,0.21146,0.38625,0.37133,1.71126,1.66273,0.98438,0.97710,1.00000,0.85664,0.00000,0.13453,2.86730,1.93534,0.96875,0.95385,1.00000
421,0.2212,41484288,53119,0.01562,9.13e-05,0.2978,61.7142,0.00000,0.00000,0.00000,10.00000,1276.35833,0.00000,0.77320,0.00000,0.00000,0.86452,0.00000,0.00000,0.00000,0.00000,0.00000,0.33323,2.13815,1.51671,1.00000,1.00000,1.00000,1083.78621,-0.02546,-0.10700,0.30920,-0.02399,0.50462,0.86414,-0.06907,0.23091,-0.00877,-0.02480,0.21376,0.39130,0.37269,1.70111,1.65000,0.99485,0.99259,1.00000,0.86347,0.00000,0.13476,2.90019,1.92523,0.98969,0.98361,1.00000
422,0.2217,41582592,53931,0.01555,5.35e-05,0.2978,76.9672,0.00000,0.00000,0.00000,10.00000,1242.18419,0.00000,0.72115,0.00000,0.00000,0.86639,0.00000,0.00000,0.00000,0.00000,0.00000,0.33211,2.13745,1.59284,0.99038,0.98571,1.00000,1078.64266,-0.02542,-0.10642,0.30919,-0.02348,0.50638,0.86596,-0.06870,0.23580,-0.00904,-0.02492,0.21489,0.39147,0.37325,1.74729,1.67760,0.99038,0.98519,1.00000,0.86623,0.00000,0.13438,2.91071,1.90769,0.99038,0.98462,1.00000
423,0.2222,41680896,53967,0.01175,6.96e-05,0.2978,85.9589,0.00000,0.00000,0.00000,10.00000,1236.48887,0.00000,0.80808,0.00000,0.00000,0.86470,0.00000,0.00000,0.00000,0.00000,0.00000,0.33205,2.12874,1.53948,1.00000,1.00000,1.00000,1062.90259,-0.02554,-0.10488,0.30696,-0.02304,0.50562,0.86422,-0.06849,0.23281,-0.00827,-0.02466,0.21366,0.38885,0.37294,1.73459,1.69733,0.98990,0.98611,1.00000,0.86472,0.00000,0.13495,2.88802,1.91780,0.97980,0.97297,1.00000
424,0.2227,41779200,54670,0.01256,6.99e-05,0.2977,101.2458,0.00000,0.00000,0.00000,10.00000,1254.15874,0.00000,0.73746,0.00000,0.00000,0.86009,0.00000,0.00000,0.00000,0.00000,0.00000,0.33205,2.10705,1.41529,1.00000,1.00000,1.00000,1051.34554,-0.02576,-0.10378,0.30492,-0.02324,0.50248,0.85966,-0.06818,0.23187,-0.00821,-0.02484,0.21198,0.38660,0.37182,1.76503,1.80118,0.99115,1.00000,0.89474,0.85908,0.00000,0.13505,2.87395,2.12756,0.98230,1.00000,0.80000
425,0.2232,41877504,53873,0.01187,8.70e-05,0.2976,70.0697,0.00000,0.00000,0.00000,10.00000,1263.54161,0.00000,0.79710,0.00000,0.00000,0.85566,0.00000,0.00000,0.00000,0.00000,0.00000,0.33169,2.09672,1.49130,1.00000,1.00000,1.00000,1081.92839,-0.02599,-0.10673,0.30313,-0.02245,0.49961,0.85520,-0.06867,0.23109,-0.00839,-0.02460,0.21218,0.38395,0.37144,1.73525,2.10750,0.99457,0.99242,1.00000,0.85721,0.00000,0.13503,2.86177,1.97571,0.98913,0.98507,1.00000
426,0.2237,41975808,54486,0.01692,4.50e-05,0.2975,77.3955,0.00000,0.00000,0.00000,10.00000,1245.50518,0.00000,0.77083,0.00000,0.00000,0.85573,0.00000,0.00000,0.00000,0.00000,0.00000,0.33266,2.11124,1.52853,1.00000,1.00000,1.00000,1073.90763,-0.02581,-0.10593,0.30553,-0.02264,0.50009,0.85528,-0.06919,0.22872,-0.00828,-0.02422,0.21302,0.38707,0.37133,1.66651,1.75889,0.97500,0.97297,0.94444,0.85667,0.00000,0.13613,2.87329,1.82827,0.95000,0.94340,0.87500
427,0.2242,42074112,54870,0.01076,6.82e-05,0.2975,70.7778,0.00000,0.00000,0.00000,10.00000,1264.57470,0.00000,0.74526,0.00000,0.00000,0.85849,0.00000,0.00000,0.00000,0.00000,0.00000,0.33115,2.13420,1.60127,1.00000,1.00000,1.00000,1071.46493,-0.02559,-0.10576,0.30814,-0.02280,0.50138,0.85812,-0.06954,0.23669,-0.00839,-0.02434,0.21512,0.39021,0.37192,1.74919,2.14000,0.98171,0.97273,1.00000,0.85961,0.00000,0.13447,2.90521,1.94333,0.96341,0.93878,1.00000
428,0.2247,42172416,53360,0.01708,4.74e-05,0.2974,81.4607,0.00000,0.00000,0.00000,10.00000,1255.74926,0.00000,0.73375,0.00000,0.00000,0.86289,0.00000,0.00000,0.00000,0.00000,0.00000,0.33058,2.12939,1.48222,1.00000,1.00000,1.00000,1067.02441,-0.02541,-0.10532,0.30956,-0.02288,0.50466,0.86248,-0.06913,0.23948,-0.00895,-0.02478,0.21573,0.39128,0.37274,1.68453,1.87333,0.98585,0.98571,0.95455,0.86372,0.00000,0.13569,2.92749,1.94840,0.97170,0.96721,0.90909
429,0.2253,42270720,53685,0.01313,6.17e-05,0.2973,73.1144,0.00000,0.00000,0.00000,10.00000,1231.03711,0.00000,0.76389,0.00000,0.00000,0.86539,0.00000,0.00000,0.00000,0.00000,0.00000,0.33049,2.12766,1.53492,0.98958,0.98387,1.00000,1071.56299,-0.02546,-0.10578,0.30955,-0.02287,0.50559,0.86491,-0.06888,0.24036,-0.00859,-0.02466,0.21575,0.39119,0.37289,1.76591,2.34833,0.98438,0.97727,1.00000,0.86447,0.00000,0.13573,2.92860,1.97227,0.97917,0.97143,1.00000
430,0.2258,42369024,53808,0.01363,5.39e-05,0.2973,80.0168,0.00000,0.00000,0.00000,10.00000,1209.96897,0.00000,0.79365,0.00000,0.00000,0.86393,0.00000,0.00000,0.00000,0.00000,0.00000,0.33099,2.12572,1.57600,0.99048,0.98592,1.00000,1030.52401,-0.02542,-0.10180,0.30828,-0.02243,0.50487,0.86349,-0.06862,0.23885,-0.00779,-0.02467,0.21603,0.39069,0.37213,1.85867,1.87000,0.98095,0.97333,1.00000,0.86067,0.00000,0.13487,2.92040,2.12470,0.97143,0.96203,1.00000
431,0.2263,42467328,53758,0.01159,6.82e-05,0.2972,82.4819,0.00000,0.00000,0.00000,10.00000,1262.20953,0.00000,0.72778,0.00000,0.00000,0.86045,0.00000,0.00000,0.00000,0.00000,0.00000,0.33060,2.11217,1.45081,0.99000,0.98507,1.00000,1034.61165,-0.02564,-0.10218,0.30616,-0.02254,0.50340,0.86005,-0.06823,0.23856,-0.00831,-0.02464,0.21428,0.38815,0.37172,1.68639,1.84000,0.98000,0.97710,0.93333,0.85861,0.00000,0.13463,2.90177,1.93543,0.97000,0.96875,0.87500
432,0.2268,42565632,51914,0.01035,9.32e-05,0.2972,80.2869,0.00000,0.00000,0.00000,10.00000,1235.57015,0.00000,0.79861,0.00000,0.00000,0.85514,0.00000,0.00000,0.00000,0.00000,0.00000,0.32980,2.09508,1.51818,0.97917,0.97222,1.00000,1053.88314,-0.02578,-0.10399,0.30375,-0.02237,0.50032,0.85475,-0.06837,0.23948,-0.00883,-0.02463,0.21312,0.38450,0.37086,1.65270,1.59692,0.97396,0.97101,0.92308,0.85431,0.00000,0.13421,2.87951,1.79859,0.96875,0.96970,0.85714
433,0.2274,42663936,53690,0.01180,1.34e-04,0.2971,74.1612,0.00000,0.00000,0.00000,10.00000,1263.49762,0.00000,0.69841,0.00000,0.00000,0.85331,0.00000,0.00000,0.00000,0.00000,0.00000,0.33024,2.08329,1.43875,1.00000,1.00000,1.00000,1050.18164,-0.02577,-0.10368,0.30331,-0.02229,0.49934,0.85293,-0.06852,0.23911,-0.00776,-0.02462,0.21237,0.38405,0.37079,1.68000,1.59750,0.99048,0.98485,1.00000,0.85397,0.00000,0.13437,2.89203,1.94081,0.98095,0.96875,1.00000
434,0.2279,42762240,54359,0.01594,1.04e-04,0.2970,81.0968,0.00000,0.00000,0.00000,10.00000,1256.40650,0.00000,0.74671,0.00000,0.00000,0.85497,0.00000,0.00000,0.00000,0.00000,0.00000,0.33045,2.08461,1.56192,1.00000,1.00000,1.00000,1073.95605,-0.02563,-0.10598,0.30445,-0.02253,0.50021,0.85454,-0.06846,0.24052,-0.00894,-0.02465,0.21244,0.38521,0.37104,1.67859,1.49222,0.99462,0.99200,1.00000,0.85521,0.00000,0.13436,2.90000,1.80203,0.98925,0.98361,1.00000
435,0.2284,42860544,54752,0.01318,9.13e-05,0.2969,83.9280,0.00000,0.00000,0.00000,10.00000,1236.87555,0.00000,0.84562,0.00000,0.00000,0.85679,0.00000,0.00000,0.00000,0.00000,0.00000,0.33084,2.08390,1.61629,1.00000,1.00000,1.00000,1090.24015,-0.02572,-0.10753,0.30337,-0.02255,0.50102,0.85634,-0.06854,0.23583,-0.00999,-0.02498,0.21098,0.38394,0.37163,1.77441,1.74143,1.00000,1.00000,1.00000,0.85814,0.00000,0.13493,2.87955,1.94674,1.00000,1.00000,1.00000
436,0.2289,42958848,53970,0.01328,1.10e-04,0.2967,78.7486,0.00000,0.00000,0.00000,10.00000,1237.60800,0.00000,0.82359,0.00000,0.00000,0.85824,0.00000,0.00000,0.00000,0.00000,0.00000,0.33141,2.07605,1.51183,0.99123,0.98837,1.00000,1087.32902,-0.02592,-0.10734,0.30260,-0.02324,0.50178,0.85771,-0.06893,0.23180,-0.00879,-0.02513,0.21013,0.38370,0.37178,1.69935,1.62625,0.99123,0.98817,1.00000,0.85890,0.00000,0.13731,2.87025,1.89099,0.99123,0.98795,1.00000
437,0.2294,43057152,53772,0.01474,8.39e-05,0.2966,84.7507,0.00000,0.00000,0.00000,10.00000,1238.27623,0.00000,0.77664,0.00000,0.00000,0.85662,0.00000,0.00000,0.00000,0.00000,0.00000,0.33093,2.07338,1.47266,1.00000,1.00000,1.00000,1069.27384,-0.02599,-0.10546,0.30131,-0.02302,0.50015,0.85619,-0.06905,0.23069,-0.01082,-0.02476,0.20934,0.38122,0.37124,1.71987,2.07250,0.97959,0.97080,1.00000,0.85618,0.00000,0.13717,2.84516,1.99111,0.95918,0.93939,1.00000
438,0.2299,43155456,54822,0.01404,9.13e-05,0.2965,75.0748,0.00000,0.00000,0.00000,10.00000,1239.74045,0.00000,0.81369,0.00000,0.00000,0.85246,0.00000,0.00000,0.00000,0.00000,0.00000,0.33071,2.08269,1.50347,0.98990,0.98649,1.00000,1096.20223,-0.02588,-0.10812,0.30259,-0.02256,0.49776,0.85204,-0.06880,0.23459,-0.01001,-0.02470,0.21051,0.38243,0.37048,1.71415,1.91667,0.97475,0.96552,1.00000,0.85240,0.00000,0.13582,2.86100,1.93361,0.95960,0.94366,1.00000
439,0.2304,43253760,54668,0.01338,1.10e-04,0.2964,67.6000,0.00000,0.00000,0.00000,10.00000,1276.73750,0.00000,0.73203,0.00000,0.00000,0.85409,0.00000,0.00000,0.00000,0.00000,0.00000,0.33097,2.08117,1.55403,1.00000,1.00000,1.00000,1072.56250,-0.02582,-0.10587,0.30158,-0.02217,0.49848,0.85366,-0.06878,0.23301,-0.00929,-0.02453,0.20978,0.38144,0.37067,1.64724,1.73333,1.00000,1.00000,1.00000,0.85336,0.00000,0.13615,2.86045,1.75133,1.00000,1.00000,1.00000
440,0.2309,43352064,54552,0.01378,1.11e-04,0.2964,83.3764,0.00000,0.00000,0.00000,10.00000,1244.15326,0.00000,0.76832,0.00000,0.00000,0.85243,0.00000,0.00000,0.00000,0.00000,0.00000,0.33091,2.10532,1.52027,1.00000,1.00000,1.00000,1083.83138,-0.02559,-0.10696,0.30580,-0.02267,0.49845,0.85201,-0.06858,0.23485,-0.00933,-0.02460,0.21290,0.38701,0.37070,1.68458,1.51375,0.98936,0.98462,1.00000,0.85349,0.00000,0.13711,2.88878,1.85352,0.97872,0.96970,1.00000
441,0.2314,43450368,54395,0.01472,1.11e-04,0.2963,85.5400,0.00000,0.00000,0.00000,10.00000,1237.48998,0.00000,0.73203,0.00000,0.00000,0.85715,0.00000,0.00000,0.00000,0.00000,0.00000,0.33116,2.10621,1.53420,1.00000,1.00000,1.00000,1109.33415,-0.02558,-0.10939,0.30461,-0.02207,0.50103,0.85672,-0.06860,0.23229,-0.00888,-0.02467,0.21241,0.38586,0.37168,1.78439,1.77524,0.98235,0.97321,1.00000,0.85841,0.00000,0.13720,2.87902,2.05841,0.96471,0.94444,1.00000
442,0.2320,43548672,53316,0.01529,9.66e-05,0.2962,79.4980,0.00000,0.00000,0.00000,10.00000,1277.26777,0.00000,0.77342,0.00000,0.00000,0.86348,0.00000,0.00000,0.00000,0.00000,0.00000,0.33144,2.13046,1.47123,0.99020,0.98611,1.00000,1088.78467,-0.02542,-0.10741,0.30773,-0.02287,0.50493,0.86303,-0.06882,0.23203,-0.00942,-0.02492,0.21437,0.38914,0.37255,1.65238,2.07143,0.99020,0.98592,1.00000,0.86275,0.00000,0.13685,2.89361,1.83108,0.99020,0.98571,1.00000
443,0.2325,43646976,53598,0.01615,7.77e-05,0.2961,75.5641,0.00000,0.00000,0.00000,10.00000,1239.28655,0.00000,0.72917,0.00000,0.00000,0.86293,0.00000,0.00000,0.00000,0.00000,0.00000,0.32971,2.11789,1.47422,0.99107,0.98630,1.00000,1093.50838,-0.02553,-0.10790,0.30590,-0.02247,0.50500,0.86253,-0.06853,0.23423,-0.00982,-0.02504,0.21355,0.38693,0.37287,1.73672,1.66710,0.98661,0.98639,0.96875,0.86437,0.00000,0.13785,2.88416,2.00827,0.98214,0.98649,0.93333
444,0.2330,43745280,54690,0.01128,9.24e-05,0.2961,77.2135,0.00000,0.00000,0.00000,10.00000,1244.43313,0.00000,0.77658,0.00000,0.00000,0.86228,0.00000,0.00000,0.00000,0.00000,0.00000,0.33009,2.11787,1.43838,1.00000,1.00000,1.00000,1075.27067,-0.02554,-0.10601,0.30631,-0.02302,0.50433,0.86186,-0.06790,0.23240,-0.00892,-0.02470,0.21337,0.38737,0.37227,1.76200,2.07333,0.98925,0.98462,1.00000,0.86135,0.00000,0.13857,2.88263,2.12485,0.97849,0.96825,1.00000
445,0.2335,43843584,54312,0.01260,1.09e-04,0.2961,78.4755,0.00000,0.00000,0.00000,10.00000,1245.73326,0.00000,0.77381,0.00000,0.00000,0.86011,0.00000,0.00000,0.00000,0.00000,0.00000,0.32973,2.10393,1.49605,0.98214,0.97468,1.00000,1053.27946,-0.02566,-0.10397,0.30422,-0.02215,0.50277,0.85969,-0.06784,0.23437,-0.00835,-0.02477,0.21202,0.38464,0.37202,1.81053,1.86533,0.98661,0.98077,1.00000,0.86009,0.00000,0.13747,2.87029,2.13638,0.99107,0.98701,1.00000
446,0.2340,43941888,54024,0.02256,6.46e-05,0.2960,77.5686,0.00000,0.00000,0.00000,10.00000,1228.88530,0.00000,0.80586,0.00000,0.00000,0.85647,0.00000,0.00000,0.00000,0.00000,0.00000,0.32963,2.11530,1.51054,1.00000,1.00000,1.00000,1061.83171,-0.02581,-0.10477,0.30373,-0.02233,0.50000,0.85605,-0.06757,0.23305,-0.00868,-0.02455,0.21238,0.38437,0.37144,1.79386,1.56400,0.98352,0.98485,0.90909,0.85721,0.00000,0.13622,2.85667,2.11151,0.96703,0.96825,0.83333
447,0.2345,44040192,54339,0.01111,6.99e-05,0.2959,64.9895,0.00000,0.00000,0.00000,10.00000,1219.57598,0.00000,0.84722,0.00000,0.00000,0.85568,0.00000,0.00000,0.00000,0.00000,0.00000,0.32932,2.13404,1.48818,0.98750,0.98361,1.00000,1061.48096,-0.02563,-0.10479,0.30646,-0.02260,0.50000,0.85527,-0.06757,0.23204,-0.00834,-0.02434,0.21419,0.38795,0.37116,1.76242,1.72909,0.98750,0.98361,1.00000,0.85578,0.00000,0.13848,2.87050,2.03667,0.98750,0.98361,1.00000
448,0.2350,44138496,52443,0.01011,1.10e-04,0.2958,85.5631,0.00000,0.00000,0.00000,10.00000,1281.62909,0.00000,0.79457,0.00000,0.00000,0.85737,0.00000,0.00000,0.00000,0.00000,0.00000,0.32827,2.14649,1.51718,1.00000,1.00000,1.00000,1081.55884,-0.02547,-0.10669,0.30785,-0.02192,0.50082,0.85694,-0.06871,0.23685,-0.00950,-0.02427,0.21573,0.38976,0.37143,1.70481,2.33333,0.99419,0.99187,1.00000,0.85714,0.00000,0.13787,2.89683,1.93448,0.98837,0.98182,1.00000
449,0.2356,44236800,54473,0.01556,6.99e-05,0.2957,80.8823,0.00000,0.00000,0.00000,10.00000,1253.11546,0.00000,0.75855,0.00000,0.00000,0.86260,0.00000,0.00000,0.00000,0.00000,0.00000,0.32838,2.14800,1.43388,1.00000,1.00000,1.00000,1081.05583,-0.02539,-0.10676,0.30826,-0.02230,0.50413,0.86218,-0.06840,0.23641,-0.00820,-0.02477,0.21559,0.39016,0.37260,1.66400,1.87053,0.99519,0.99296,1.00000,0.86301,0.00000,0.13842,2.89311,1.92480,0.99038,0.98529,1.00000
450,0.2361,44335104,54422,0.01214,1.01e-04,0.2956,74.1522,0.00000,0.00000,0.00000,10.00000,1250.25000,0.00000,0.76667,0.00000,0.00000,0.86808,0.00000,0.00000,0.00000,0.00000,0.00000,0.32949,2.15908,1.50831,1.00000,1.00000,1.00000,1088.71118,-0.02517,-0.10738,0.30993,-0.02299,0.50814,0.86763,-0.06793,0.23305,-0.00833,-0.02504,0.21542,0.39195,0.37358,1.75656,2.08857,0.99000,0.99275,0.92857,0.86791,0.00000,0.13857,2.89915,2.01486,0.98000,0.98507,0.87500
451,0.2366,44433408,52437,0.01337,1.25e-04,0.2955,87.1842,0.00000,0.00000,0.00000,10.00000,1274.66354,0.00000,0.72487,0.00000,0.00000,0.87038,0.00000,0.00000,0.00000,0.00000,0.00000,0.32879,2.15089,1.42658,0.98095,0.97297,1.00000,1073.64062,-0.02510,-0.10596,0.31040,-0.02350,0.50953,0.86995,-0.06706,0.23624,-0.00809,-0.02502,0.21488,0.39292,0.37371,1.66142,1.52381,0.98571,0.97810,1.00000,0.86855,0.00000,0.13999,2.91068,1.92520,0.99048,0.98413,1.00000
452,0.2371,44531712,55139,0.01406,1.21e-04,0.2954,90.8485,0.00000,0.00000,0.00000,10.00000,1223.61866,0.00000,0.80308,0.00000,0.00000,0.86779,0.00000,0.00000,0.00000,0.00000,0.00000,0.32816,2.14141,1.54300,0.99010,0.98630,1.00000,1050.43693,-0.02530,-0.10371,0.30937,-0.02277,0.50793,0.86733,-0.06735,0.23970,-0.00840,-0.02477,0.21490,0.39128,0.37321,1.78918,1.95467,0.98020,0.97260,1.00000,0.86606,0.00000,0.13870,2.91606,2.03848,0.97030,0.95890,1.00000
453,0.2376,44630016,54391,0.01418,1.09e-04,0.2953,85.0669,0.00000,0.00000,0.00000,10.00000,1255.45663,0.00000,0.77098,0.00000,0.00000,0.85946,0.00000,0.00000,0.00000,0.00000,0.00000,0.32816,2.12958,1.57807,1.00000,1.00000,1.00000,1049.03385,-0.02541,-0.10359,0.30734,-0.02233,0.50322,0.85903,-0.06694,0.24078,-0.00852,-0.02471,0.21422,0.38843,0.37152,1.74284,1.49077,0.98980,0.99265,0.92857,0.85762,0.00000,0.13619,2.89811,1.95323,0.97959,0.98361,0.83333
454,0.2382,44728320,53698,0.01355,1.04e-04,0.2952,77.0592,0.00000,0.00000,0.00000,10.00000,1260.70797,0.00000,0.75556,0.00000,0.00000,0.85594,0.00000,0.00000,0.00000,0.00000,0.00000,0.32736,2.12410,1.53225,0.99000,0.98571,1.00000,1051.00920,-0.02545,-0.10367,0.30550,-0.02220,0.50140,0.85551,-0.06762,0.24186,-0.00888,-0.02469,0.21409,0.38619,0.37139,1.75143,1.58631,0.99500,0.99265,1.00000,0.85695,0.00000,0.13596,2.88227,1.98838,1.00000,1.00000,1.00000
455,0.2387,44826624,54188,0.01447,1.08e-04,0.2952,74.5687,0.00000,0.00000,0.00000,10.00000,1256.74400,0.00000,0.80117,0.00000,0.00000,0.85666,0.00000,0.00000,0.00000,0.00000,0.00000,0.32889,2.12762,1.48800,1.00000,1.00000,1.00000,1068.56266,-0.02545,-0.10537,0.30580,-0.02250,0.50127,0.85622,-0.06758,0.23860,-0.00930,-0.02458,0.21407,0.38669,0.37126,1.72737,2.03333,1.00000,1.00000,1.00000,0.85628,0.00000,0.13559,2.87749,1.99333,1.00000,1.00000,1.00000
456,0.2392,44924928,53819,0.01443,7.98e-05,0.2951,86.1849,0.00000,0.00000,0.00000,10.00000,1248.41530,0.00000,0.78401,0.00000,0.00000,0.85946,0.00000,0.00000,0.00000,0.00000,0.00000,0.32895,2.12673,1.58409,1.00000,1.00000,1.00000,1052.22005,-0.02560,-0.10392,0.30385,-0.02165,0.50208,0.85905,-0.06736,0.23304,-0.00829,-0.02473,0.21312,0.38430,0.37147,1.79916,1.68875,0.99065,0.98675,1.00000,0.85735,0.00000,0.13623,2.84871,2.04179,0.98131,0.97260,1.00000
457,0.2397,45023232,54251,0.01544,6.91e-05,0.2951,82.1143,0.00000,0.00000,0.00000,10.00000,1265.33758,0.00000,0.77509,0.00000,0.00000,0.85794,0.00000,0.00000,0.00000,0.00000,0.00000,0.32879,2.10837,1.65565,1.00000,1.00000,1.00000,1049.56714,-0.02578,-0.10364,0.30089,-0.02212,0.50146,0.85751,-0.06719,0.23011,-0.00864,-0.02481,0.21082,0.38073,0.37138,1.78110,1.78800,0.99194,0.98844,1.00000,0.85690,0.00000,0.13657,2.81978,1.90933,0.98387,0.97701,1.00000
458,0.2402,45121536,54373,0.01135,8.05e-05,0.2950,94.7257,0.00000,0.00000,0.00000,10.00000,1215.42460,0.00000,0.86142,0.00000,0.00000,0.85041,0.00000,0.00000,0.00000,0.00000,0.00000,0.32897,2.08216,1.57948,1.00000,1.00000,1.00000,1078.74227,-0.02612,-0.10640,0.29902,-0.02240,0.49642,0.85001,-0.06769,0.22872,-0.00831,-0.02469,0.20874,0.37856,0.36970,1.76119,2.05846,0.98876,0.98551,1.00000,0.84851,0.00000,0.13806,2.80641,1.95027,0.97753,0.97059,1.00000
459,0.2407,45219840,53561,0.01320,8.35e-05,0.2950,88.8524,0.00000,0.00000,0.00000,10.00000,1248.73246,0.00000,0.79922,0.00000,0.00000,0.84490,0.00000,0.00000,0.00000,0.00000,0.00000,0.32949,2.07677,1.55758,0.98246,0.97727,1.00000,1108.69613,-0.02605,-0.10927,0.29867,-0.02254,0.49253,0.84451,-0.06760,0.23014,-0.01013,-0.02460,0.20915,0.37748,0.36865,1.73738,1.62667,0.97807,0.96951,1.00000,0.84327,0.00000,0.13629,2.80951,1.94987,0.97368,0.96053,1.00000
460,0.2412,45318144,54505,0.01301,9.66e-05,0.2949,76.5331,0.00000,0.00000,0.00000,10.00000,1240.83203,0.00000,0.72072,0.00000,0.00000,0.85030,0.00000,0.00000,0.00000,0.00000,0.00000,0.33019,2.08108,1.57963,1.00000,1.00000,1.00000,1095.03271,-0.02592,-0.10812,0.30009,-0.02226,0.49544,0.84992,-0.06814,0.23017,-0.00783,-0.02436,0.21040,0.37978,0.36997,1.84847,1.99375,0.97973,0.97917,0.93750,0.84987,0.00000,0.13714,2.84027,2.10316,0.95946,0.95918,0.88889
461,0.2418,45416448,53596,0.01699,7.60e-05,0.2948,64.8281,0.00000,0.00000,0.00000,10.00000,1272.72103,0.00000,0.76779,0.00000,0.00000,0.85498,0.00000,0.00000,0.00000,0.00000,0.00000,0.32958,2.10511,1.51549,1.00000,1.00000,1.00000,1072.42326,-0.02547,-0.10577,0.30453,-0.02259,0.49913,0.85460,-0.06787,0.23658,-0.00930,-0.02436,0.21326,0.38535,0.37104,1.72812,1.51091,0.98876,0.98374,1.00000,0.85521,0.00000,0.13788,2.89294,1.97161,0.97753,0.96491,1.00000
462,0.2423,45514752,53544,0.01314,7.70e-05,0.2947,69.0693,0.00000,0.00000,0.00000,10.00000,1224.58042,0.00000,0.75817,0.00000,0.00000,0.85789,0.00000,0.00000,0.00000,0.00000,0.00000,0.33017,2.10803,1.57972,1.00000,1.00000,1.00000,1058.24910,-0.02547,-0.10440,0.30656,-0.02277,0.50176,0.85749,-0.06813,0.23834,-0.00847,-0.02424,0.21465,0.38786,0.37127,1.74489,1.87417,0.98824,0.99138,0.96000,0.85636,0.00000,0.13737,2.91499,1.91735,0.97647,0.98246,0.92308
463,0.2428,45613056,54779,0.01282,9.66e-05,0.2947,77.6344,0.00000,0.00000,0.00000,10.00000,1242.97912,0.00000,0.82555,0.00000,0.00000,0.85696,0.00000,0.00000,0.00000,0.00000,0.00000,0.32905,2.10969,1.54071,1.00000,1.00000,1.00000,1058.18156,-0.02548,-0.10444,0.30576,-0.02208,0.50095,0.85662,-0.06786,0.23993,-0.00666,-0.02452,0.21501,0.38671,0.37133,1.71539,1.53000,0.99065,0.98742,1.00000,0.85667,0.00000,0.13728,2.91060,1.89654,0.98131,0.97500,1.00000
464,0.2433,45711360,54193,0.01303,1.24e-04,0.2946,72.4937,0.00000,0.00000,0.00000,10.00000,1226.60100,0.00000,0.72917,0.00000,0.00000,0.85850,0.00000,0.00000,0.00000,0.00000,0.00000,0.32892,2.10359,1.56427,0.98214,0.97297,1.00000,1051.84725,-0.02545,-0.10387,0.30474,-0.02245,0.50203,0.85810,-0.06743,0.23961,-0.00796,-0.02469,0.21353,0.38538,0.37161,1.79236,1.99750,0.99107,0.98639,1.00000,0.85803,0.00000,0.13660,2.89227,2.02045,1.00000,1.00000,1.00000
465,0.2438,45809664,53536,0.01499,9.12e-05,0.2945,97.3836,0.00000,0.00000,0.00000,10.00000,1263.68386,0.00000,0.77008,0.00000,0.00000,0.85838,0.00000,0.00000,0.00000,0.00000,0.00000,0.33015,2.11047,1.44611,0.99010,0.98529,1.00000,1062.89998,-0.02548,-0.10490,0.30508,-0.02298,0.50314,0.85789,-0.06729,0.23463,-0.00864,-0.02445,0.21372,0.38605,0.37186,1.65168,1.96800,0.98515,0.98571,0.90909,0.85928,0.00000,0.13718,2.87834,1.84389,0.98020,0.98611,0.83333
466,0.2443,45907968,54119,0.01090,1.31e-04,0.2944,74.9619,0.00000,0.00000,0.00000,10.00000,1239.15780,0.00000,0.83608,0.00000,0.00000,0.85734,0.00000,0.00000,0.00000,0.00000,0.00000,0.32988,2.10002,1.56891,0.99010,0.98718,1.00000,1069.49992,-0.02555,-0.10534,0.30253,-0.02258,0.50180,0.85686,-0.06739,0.23216,-0.00951,-0.02469,0.21207,0.38284,0.37151,1.78981,1.65000,0.98515,0.98026,1.00000,0.85755,0.00000,0.13740,2.85203,2.02487,0.98020,0.97297,1.00000
467,0.2448,46006272,53746,0.01476,8.35e-05,0.2943,78.6506,0.00000,0.00000,0.00000,10.00000,1248.29705,0.00000,0.79012,0.00000,0.00000,0.85473,0.00000,0.00000,0.00000,0.00000,0.00000,0.32923,2.11120,1.62116,0.98889,0.98413,1.00000,1070.63639,-0.02551,-0.10561,0.30466,-0.02199,0.50044,0.85428,-0.06797,0.23609,-0.00865,-0.02442,0.21340,0.38547,0.37153,1.80532,1.85385,0.98889,0.98438,1.00000,0.85764,0.00000,0.13725,2.87703,1.98686,0.98889,0.98462,1.00000
468,0.2454,46104576,53464,0.01149,1.11e-04,0.2942,70.2527,0.00000,0.00000,0.00000,10.00000,1283.60677,0.00000,0.72702,0.00000,0.00000,0.85721,0.00000,0.00000,0.00000,0.00000,0.00000,0.32886,2.14428,1.49555,1.00000,1.00000,1.00000,1051.60645,-0.02531,-0.10380,0.30806,-0.02234,0.50141,0.85681,-0.06799,0.23967,-0.00760,-0.02407,0.21644,0.38925,0.37130,1.62817,1.58714,1.00000,1.00000,1.00000,0.85651,0.00000,0.13604,2.90628,1.77474,1.00000,1.00000,1.00000
469,0.2459,46202880,54202,0.01273,1.16e-04,0.2942,68.1395,0.00000,0.00000,0.00000,10.00000,1266.79849,0.00000,0.79183,0.00000,0.00000,0.86141,0.00000,0.00000,0.00000,0.00000,0.00000,0.32906,2.15749,1.42827,1.00000,1.00000,1.00000,1043.49121,-0.02515,-0.10291,0.31080,-0.02253,0.50399,0.86101,-0.06843,0.24105,-0.00974,-0.02408,0.21839,0.39310,0.37185,1.62418,1.70833,0.98851,0.98387,1.00000,0.85924,0.00000,0.13621,2.92871,1.87322,0.97701,0.96491,1.00000
470,0.2464,46301184,54561,0.01360,1.49e-04,0.2941,83.3221,0.00000,0.00000,0.00000,10.00000,1252.41089,0.00000,0.75908,0.00000,0.00000,0.86400,0.00000,0.00000,0.00000,0.00000,0.00000,0.32773,2.14306,1.41846,1.00000,1.00000,1.00000,1063.08431,-0.02526,-0.10490,0.30878,-0.02233,0.50582,0.86361,-0.06808,0.24430,-0.00801,-0.02438,0.21732,0.39069,0.37272,1.74753,1.49400,0.99010,0.98551,1.00000,0.86360,0.00000,0.13580,2.92537,2.01160,0.98020,0.97436,1.00000
471,0.2469,46399488,54919,0.01917,7.70e-05,0.2940,67.2087,0.00000,0.00000,0.00000,10.00000,1268.79464,0.00000,0.76531,0.00000,0.00000,0.86578,0.00000,0.00000,0.00000,0.00000,0.00000,0.32889,2.14625,1.60867,1.00000,1.00000,1.00000,1033.70540,-0.02514,-0.10214,0.31019,-0.02309,0.50685,0.86536,-0.06816,0.24206,-0.00743,-0.02419,0.21835,0.39277,0.37300,1.74827,1.72923,0.98469,0.97778,1.00000,0.86501,0.00000,0.13740,2.94404,1.93516,0.96939,0.95161,1.00000
472,0.2474,46497792,53880,0.01179,8.39e-05,0.2939,78.9782,0.00000,0.00000,0.00000,10.00000,1225.43678,0.00000,0.75943,0.00000,0.00000,0.86382,0.00000,0.00000,0.00000,0.00000,0.00000,0.32783,2.13113,1.43213,0.99083,0.98734,1.00000,1022.53613,-0.02527,-0.10093,0.30784,-0.02198,0.50597,0.86339,-0.06737,0.24441,-0.00781,-0.02425,0.21702,0.38912,0.37274,1.75866,1.53555,0.97248,0.96644,0.94737,0.86370,0.00000,0.13609,2.92642,2.14613,0.95413,0.94286,0.87500
473,0.2479,46596096,54417,0.01222,1.12e-04,0.2938,86.2009,0.00000,0.00000,0.00000,10.00000,1272.15830,0.00000,0.76052,0.00000,0.00000,0.85947,0.00000,0.00000,0.00000,0.00000,0.00000,0.32796,2.11355,1.41564,1.00000,1.00000,1.00000,1050.97721,-0.02534,-0.10364,0.30631,-0.02190,0.50304,0.85903,-0.06726,0.24323,-0.00855,-0.02442,0.21552,0.38736,0.37185,1.69097,1.73467,0.99515,0.99291,1.00000,0.85924,0.00000,0.13660,2.91730,1.96987,0.99029,0.98592,1.00000
474,0.2484,46694400,54245,0.01410,1.20e-04,0.2938,80.5322,0.00000,0.00000,0.00000,10.00000,1245.87046,0.00000,0.74830,0.00000,0.00000,0.85585,0.00000,0.00000,0.00000,0.00000,0.00000,0.32760,2.09873,1.67887,1.00000,1.00000,1.00000,1036.13273,-0.02538,-0.10220,0.30434,-0.02164,0.50137,0.85543,-0.06698,0.24369,-0.00959,-0.02433,0.21416,0.38459,0.37121,1.80422,1.70375,0.99490,0.99242,1.00000,0.85603,0.00000,0.13618,2.90105,1.92131,0.98980,0.98507,1.00000
475,0.2489,46792704,54682,0.01404,1.25e-04,0.2937,82.1294,0.00000,0.00000,0.00000,10.00000,1225.98248,0.00000,0.76880,0.00000,0.00000,0.85553,0.00000,0.00000,0.00000,0.00000,0.00000,0.32823,2.10975,1.61622,0.98990,0.98485,1.00000,1065.25700,-0.02546,-0.10496,0.30490,-0.02266,0.50046,0.85507,-0.06755,0.23998,-0.00887,-0.02445,0.21377,0.38546,0.37135,1.75000,1.48823,0.97475,0.96350,1.00000,0.85677,0.00000,0.13615,2.88694,1.88026,0.95960,0.94366,1.00000
476,0.2495,46891008,46219,0.01430,1.03e-04,0.2937,88.8599,0.00000,0.00000,0.00000,10.00000,1262.66984,0.00000,0.79861,0.00000,0.00000,0.85511,0.00000,0.00000,0.00000,0.00000,0.00000,0.32759,2.11012,1.50675,1.00000,1.00000,1.00000,1075.57983,-0.02538,-0.10607,0.30523,-0.02297,0.50075,0.85476,-0.06777,0.24236,-0.00953,-0.02432,0.21455,0.38582,0.37160,1.69480,1.67167,0.98958,1.00000,0.84615,0.85801,0.00000,0.13662,2.89544,1.92776,0.97917,1.00000,0.50000
477,0.2500,46989312,53884,0.01571,7.70e-05,0.2936,83.9915,0.00000,0.00000,0.00000,10.00000,1229.75958,0.00000,0.79140,0.00000,0.00000,0.85992,0.00000,0.00000,0.00000,0.00000,0.00000,0.32874,2.11886,1.58094,1.00000,1.00000,1.00000,1093.98503,-0.02536,-0.10790,0.30532,-0.02257,0.50239,0.85946,-0.06750,0.23860,-0.00932,-0.02463,0.21413,0.38622,0.37217,1.76523,1.63182,0.99528,0.99338,1.00000,0.86083,0.00000,0.13608,2.88515,1.94529,0.99057,0.98684,1.00000
478,0.2506,47087616,53871,0.01251,8.59e-05,0.2935,81.4197,0.00000,0.00000,0.00000,10.00000,1274.39456,0.00000,0.77428,0.00000,0.00000,0.86353,0.00000,0.00000,0.00000,0.00000,0.00000,0.32983,2.11789,1.48505,0.99213,0.98980,1.00000,1074.11165,-0.02561,-0.10576,0.30394,-0.02258,0.50402,0.86309,-0.06726,0.23250,-0.00983,-0.02481,0.21259,0.38464,0.37214,1.71831,1.91867,0.98819,0.98305,1.00000,0.86069,0.00000,0.13595,2.85326,2.02268,0.98425,0.97468,1.00000
479,0.2511,47185920,52268,0.01721,5.80e-05,0.2934,74.4204,0.00000,0.00000,0.00000,10.00000,1225.91488,0.00000,0.87855,0.00000,0.00000,0.85709,0.00000,0.00000,0.00000,0.00000,0.00000,0.32834,2.11773,1.48833,1.00000,1.00000,1.00000,1061.35189,-0.02555,-0.10462,0.30324,-0.02184,0.50127,0.85666,-0.06754,0.23505,-0.01054,-0.02436,0.21261,0.38320,0.37125,1.71839,2.47000,0.98256,0.97794,1.00000,0.85623,0.00000,0.13542,2.84633,1.97323,0.96512,0.95385,1.00000
480,0.2516,47284224,53863,0.00929,8.35e-05,0.2933,85.2255,0.00000,0.00000,0.00000,10.00000,1270.70613,0.00000,0.82265,0.00000,0.00000,0.85304,0.00000,0.00000,0.00000,0.00000,0.00000,0.32721,2.11812,1.44558,1.00000,1.00000,1.00000,1066.14046,-0.02572,-0.10510,0.30167,-0.02194,0.49825,0.85266,-0.06745,0.23398,-0.01037,-0.02452,0.21270,0.38174,0.37058,1.65395,1.55750,1.00000,1.00000,1.00000,0.85290,0.00000,0.13661,2.82821,1.88974,1.00000,1.00000,1.00000
481,0.2521,47382528,53460,0.01300,9.13e-05,0.2933,84.1076,0.00000,0.00000,0.00000,10.00000,1212.48758,0.00000,0.74786,0.00000,0.00000,0.85078,0.00000,0.00000,0.00000,0.00000,0.00000,0.32686,2.11512,1.52818,1.00000,1.00000,1.00000,1082.17619,-0.02564,-0.10657,0.30243,-0.02228,0.49609,0.85040,-0.06796,0.23537,-0.00899,-0.02392,0.21312,0.38316,0.37032,1.83787,1.81000,0.98077,0.97143,1.00000,0.85161,0.00000,0.13822,2.85222,2.20286,0.96154,0.94000,1.00000
482,0.2527,47480832,53289,0.01663,7.60e-05,0.2932,72.9221,0.00000,0.00000,0.00000,10.00000,1234.35272,0.00000,0.81958,0.00000,0.00000,0.85465,0.00000,0.00000,0.00000,0.00000,0.00000,0.32699,2.13013,1.44235,0.99010,0.98718,1.00000,1096.78874,-0.02546,-0.10813,0.30425,-0.02252,0.49828,0.85432,-0.06785,0.23998,-0.01023,-0.02442,0.21442,0.38472,0.37106,1.60878,1.70353,0.99010,0.98658,1.00000,0.85529,0.00000,0.13546,2.87118,1.78785,0.99010,0.98592,1.00000
483,0.2532,47579136,53525,0.01381,6.34e-05,0.2932,87.1978,0.00000,0.00000,0.00000,10.00000,1267.55106,0.00000,0.73413,0.00000,0.00000,0.86223,0.00000,0.00000,0.00000,0.00000,0.00000,0.32804,2.14484,1.67373,1.00000,1.00000,1.00000,1071.34375,-0.02529,-0.10564,0.30722,-0.02243,0.50295,0.86182,-0.06865,0.23962,-0.00942,-0.02411,0.21610,0.38905,0.37208,1.77261,1.57368,1.00000,1.00000,1.00000,0.86040,0.00000,0.13621,2.90124,1.87778,1.00000,1.00000,1.00000
484,0.2537,47677440,53932,0.01063,9.12e-05,0.2931,78.1113,0.00000,0.00000,0.00000,10.00000,1261.00364,0.00000,0.75512,0.00000,0.00000,0.86325,0.00000,0.00000,0.00000,0.00000,0.00000,0.32775,2.15380,1.47585,1.00000,1.00000,1.00000,1042.04826,-0.02520,-0.10291,0.30854,-0.02268,0.50428,0.86288,-0.06743,0.24061,-0.00779,-0.02427,0.21686,0.39081,0.37238,1.71628,1.59647,0.99515,0.99286,1.00000,0.86188,0.00000,0.13627,2.91292,1.98270,0.99029,0.98507,1.00000
485,0.2542,47775744,53936,0.01661,6.99e-05,0.2930,81.1025,0.00000,0.00000,0.00000,10.00000,1275.57143,0.00000,0.70370,0.00000,0.00000,0.86440,0.00000,0.00000,0.00000,0.00000,0.00000,0.32674,2.14088,1.57476,1.00000,1.00000,1.00000,1022.80428,-0.02535,-0.10103,0.30673,-0.02246,0.50523,0.86403,-0.06705,0.24085,-0.00849,-0.02440,0.21616,0.38823,0.37283,1.74612,1.64276,0.98571,0.97744,1.00000,0.86413,0.00000,0.13655,2.89502,1.93553,0.97143,0.95238,1.00000
486,0.2547,47874048,54939,0.01213,8.35e-05,0.2930,87.5685,0.00000,0.00000,0.00000,10.00000,1218.68321,0.00000,0.80138,0.00000,0.00000,0.86235,0.00000,0.00000,0.00000,0.00000,0.00000,0.32637,2.13392,1.59930,0.98230,0.97436,1.00000,1034.39966,-0.02530,-0.10215,0.30680,-0.02277,0.50421,0.86196,-0.06729,0.24245,-0.00821,-0.02448,0.21575,0.38865,0.37258,1.77292,1.56353,0.98230,0.97546,1.00000,0.86288,0.00000,0.13751,2.90072,1.93522,0.98230,0.97647,1.00000
487,0.2552,47972352,54878,0.01168,1.20e-04,0.2929,89.0834,0.00000,0.00000,0.00000,10.00000,1291.06802,0.00000,0.70652,0.00000,0.00000,0.85736,0.00000,0.00000,0.00000,0.00000,0.00000,0.32709,2.12139,1.57765,1.00000,1.00000,1.00000,1041.63680,-0.02542,-0.10273,0.30511,-0.02231,0.50170,0.85684,-0.06732,0.24195,-0.00847,-0.02422,0.21455,0.38673,0.37141,1.78504,1.72364,0.99457,0.99145,1.00000,0.85703,0.00000,0.13604,2.88591,2.02407,0.98913,0.98182,1.00000
488,0.2557,48070656,53773,0.01656,8.39e-05,0.2928,93.1717,0.00000,0.00000,0.00000,10.00000,1260.59109,0.00000,0.78283,0.00000,0.00000,0.85458,0.00000,0.00000,0.00000,0.00000,0.00000,0.32679,2.13296,1.51114,1.00000,1.00000,1.00000,1060.93913,-0.02536,-0.10469,0.30571,-0.02221,0.49911,0.85417,-0.06766,0.24240,-0.00987,-0.02413,0.21508,0.38662,0.37108,1.71853,2.08167,1.00000,1.00000,1.00000,0.85540,0.00000,0.13491,2.88800,1.93848,1.00000,1.00000,1.00000
489,0.2562,48168960,54069,0.01430,8.35e-05,0.2927,62.8809,0.00000,0.00000,0.00000,10.00000,1233.46518,0.00000,0.80933,0.00000,0.00000,0.85547,0.00000,0.00000,0.00000,0.00000,0.00000,0.32638,2.14516,1.52454,1.00000,1.00000,1.00000,1064.75993,-0.02517,-0.10502,0.30770,-0.02169,0.49923,0.85510,-0.06861,0.24791,-0.01016,-0.02390,0.21769,0.38934,0.37139,1.72762,1.62000,0.98765,0.98305,1.00000,0.85694,0.00000,0.13380,2.92292,1.95100,0.97531,0.96491,1.00000
490,0.2568,48267264,54061,0.01764,4.97e-05,0.2927,64.2811,0.00000,0.00000,0.00000,10.00000,1257.36429,0.00000,0.78465,0.00000,0.00000,0.86050,0.00000,0.00000,0.00000,0.00000,0.00000,0.32607,2.15787,1.47262,1.00000,1.00000,1.00000,1046.69320,-0.02499,-0.10338,0.30930,-0.02238,0.50254,0.86019,-0.06812,0.24958,-0.00665,-0.02408,0.21913,0.39195,0.37225,1.71224,1.68800,0.99485,1.00000,0.93750,0.86124,0.00000,0.13421,2.94618,2.00823,0.98969,1.00000,0.85714
491,0.2573,48365568,54131,0.01128,7.16e-05,0.2926,92.0562,0.00000,0.00000,0.00000,10.00000,1276.11190,0.00000,0.80645,0.00000,0.00000,0.86649,0.00000,0.00000,0.00000,0.00000,0.00000,0.32703,2.15100,1.55417,0.98925,0.98529,1.00000,1037.63542,-0.02507,-0.10245,0.30982,-0.02288,0.50683,0.86612,-0.06772,0.24898,-0.00693,-0.02413,0.21822,0.39238,0.37340,1.74695,1.62857,0.99462,0.99259,1.00000,0.86700,0.00000,0.13416,2.95090,1.94811,1.00000,1.00000,1.00000
492,0.2578,48463872,53093,0.01345,8.59e-05,0.2925,70.9273,0.00000,0.00000,0.00000,10.00000,1207.32039,0.00000,0.82540,0.00000,0.00000,0.86532,0.00000,0.00000,0.00000,0.00000,0.00000,0.32602,2.15577,1.61523,0.99048,0.98734,1.00000,1031.37402,-0.02497,-0.10181,0.31168,-0.02264,0.50666,0.86491,-0.06728,0.25309,-0.00861,-0.02419,0.21942,0.39378,0.37331,1.75861,1.68000,0.98095,0.98077,0.95000,0.86656,0.00000,0.13371,2.96691,1.90706,0.97143,0.97403,0.90909
493,0.2583,48562176,53386,0.01470,8.39e-05,0.2925,80.9297,0.00000,0.00000,0.00000,10.00000,1292.78234,0.00000,0.71111,0.00000,0.00000,0.86429,0.00000,0.00000,0.00000,0.00000,0.00000,0.32598,2.13836,1.56710,1.00000,1.00000,1.00000,1025.55599,-0.02511,-0.10123,0.30848,-0.02228,0.50651,0.86389,-0.06668,0.25114,-0.00781,-0.02418,0.21761,0.38997,0.37323,1.70269,1.53857,0.99500,0.99219,1.00000,0.86613,0.00000,0.13379,2.93781,1.86123,0.99000,0.98305,1.00000
494,0.2588,48660480,53736,0.01362,9.24e-05,0.2924,82.0859,0.00000,0.00000,0.00000,10.00000,1277.62472,0.00000,0.76885,0.00000,0.00000,0.86097,0.00000,0.00000,0.00000,0.00000,0.00000,0.32630,2.13936,1.46925,0.99107,0.98824,1.00000,1019.32633,-0.02521,-0.10057,0.30771,-0.02232,0.50437,0.86056,-0.06681,0.24744,-0.00819,-0.02420,0.21682,0.38899,0.37235,1.67882,1.48714,0.99107,0.99355,0.93333,0.86174,0.00000,0.13372,2.91831,1.93526,0.99107,1.00000,0.85714
495,0.2593,48758784,54154,0.01503,7.70e-05,0.2924,79.9421,0.00000,0.00000,0.00000,10.00000,1239.42527,0.00000,0.73068,0.00000,0.00000,0.85572,0.00000,0.00000,0.00000,0.00000,0.00000,0.32607,2.12258,1.51115,1.00000,1.00000,1.00000,1016.41097,-0.02538,-0.10031,0.30484,-0.02211,0.50130,0.85540,-0.06722,0.24542,-0.00892,-0.02386,0.21576,0.38598,0.37148,1.75191,1.43714,0.97283,0.95868,1.00000,0.85738,0.00000,0.13365,2.89329,1.96171,0.94565,0.92537,1.00000
496,0.2599,48857088,52885,0.01093,1.00e-04,0.2923,81.2729,0.00000,0.00000,0.00000,10.00000,1250.81219,0.00000,0.73707,0.00000,0.00000,0.85278,0.00000,0.00000,0.00000,0.00000,0.00000,0.32539,2.11842,1.44260,1.00000,1.00000,1.00000,1064.53239,-0.02545,-0.10493,0.30385,-0.02183,0.49892,0.85238,-0.06768,0.24727,-0.00917,-0.02412,0.21496,0.38425,0.37121,1.73972,1.66000,0.97525,0.97015,0.94118,0.85603,0.00000,0.13305,2.88549,2.07130,0.95050,0.93846,0.88889
497,0.2604,48955392,54036,0.01429,1.04e-04,0.2922,72.7446,0.00000,0.00000,0.00000,10.00000,1248.84138,0.00000,0.76319,0.00000,0.00000,0.85383,0.00000,0.00000,0.00000,0.00000,0.00000,0.32636,2.12077,1.56757,1.00000,1.00000,1.00000,1057.99105,-0.02547,-0.10435,0.30382,-0.02198,0.49966,0.85345,-0.06756,0.24387,-0.00814,-0.02411,0.21490,0.38433,0.37168,1.82966,1.90267,0.97475,0.96324,1.00000,0.85838,0.00000,0.13314,2.88388,2.09534,0.94949,0.92647,1.00000
498,0.2609,49053696,54228,0.01451,1.04e-04,0.2921,83.6441,0.00000,0.00000,0.00000,10.00000,1215.61444,0.00000,0.82082,0.00000,0.00000,0.85412,0.00000,0.00000,0.00000,0.00000,0.00000,0.32671,2.11620,1.66311,0.98198,0.97561,1.00000,1047.00456,-0.02555,-0.10321,0.30303,-0.02205,0.49893,0.85378,-0.06745,0.24108,-0.01038,-0.02432,0.21322,0.38321,0.37102,1.82567,1.58300,0.97748,0.96951,1.00000,0.85510,0.00000,0.13368,2.85747,1.98822,0.97297,0.96341,1.00000
499,0.2614,49152000,54076,0.02152,4.97e-05,0.2921,82.0558,0.00000,0.00000,0.00000,10.00000,1252.23060,0.00000,0.73276,0.00000,0.00000,0.85236,0.00000,0.00000,0.00000,0.00000,0.00000,0.32714,2.09658,1.47523,0.99138,1.00000,0.87500,1052.90601,-0.02576,-0.10385,0.30077,-0.02169,0.49832,0.85196,-0.06724,0.23885,-0.00991,-0.02450,0.21212,0.38015,0.37077,1.82299,2.00125,0.98276,0.98039,0.94118,0.85386,0.00000,0.13340,2.83970,2.21038,0.97414,0.95833,1.00000
500,0.2620,49250304,54123,0.01053,6.96e-05,0.2920,90.0570,0.00000,0.00000,0.00000,10.00000,1255.24289,0.00000,0.84270,0.00000,0.00000,0.84965,0.00000,0.00000,0.00000,0.00000,0.00000,0.32673,2.10331,1.55600,1.00000,1.00000,1.00000,1052.17782,-0.02574,-0.10380,0.30087,-0.02219,0.49651,0.84928,-0.06740,0.23897,-0.00888,-0.02404,0.21172,0.38018,0.37026,1.74597,1.83333,1.00000,1.00000,1.00000,0.85128,0.00000,0.13297,2.84061,1.95246,1.00000,1.00000,1.00000
501,0.2625,49348608,54426,0.01122,9.24e-05,0.2920,79.8684,0.00000,0.00000,0.00000,10.00000,1249.66445,0.00000,0.79208,0.00000,0.00000,0.84942,0.00000,0.00000,0.00000,0.00000,0.00000,0.32632,2.10006,1.64494,1.00000,1.00000,1.00000,1067.47510,-0.02575,-0.10526,0.30072,-0.02219,0.49582,0.84908,-0.06744,0.24114,-0.00936,-0.02431,0.21168,0.37989,0.37017,1.76584,1.84167,0.98515,0.97917,1.00000,0.85085,0.00000,0.13311,2.84375,1.90000,0.97030,0.95652,1.00000
502,0.2630,49446912,53648,0.01248,1.01e-04,0.2918,81.1729,0.00000,0.00000,0.00000,10.00000,1282.73333,0.00000,0.69630,0.00000,0.00000,0.84954,0.00000,0.00000,0.00000,0.00000,0.00000,0.32613,2.11090,1.51311,1.00000,1.00000,1.00000,1077.53369,-0.02564,-0.10624,0.30174,-0.02204,0.49437,0.84927,-0.06813,0.24243,-0.00914,-0.02390,0.21326,0.38173,0.37009,1.66158,1.52500,0.99333,0.98936,1.00000,0.85045,0.00000,0.13389,2.86190,1.83245,0.98667,0.97727,1.00000
503,0.2635,49545216,55331,0.01406,1.00e-04,0.2917,75.3964,0.00000,0.00000,0.00000,10.00000,1266.29033,0.00000,0.75132,0.00000,0.00000,0.85463,0.00000,0.00000,0.00000,0.00000,0.00000,0.32564,2.12092,1.48400,1.00000,1.00000,1.00000,1085.26221,-0.02539,-0.10703,0.30311,-0.02238,0.49763,0.85431,-0.06828,0.24370,-0.00903,-0.02411,0.21392,0.38310,0.37113,1.67230,1.85789,1.00000,1.00000,1.00000,0.85566,0.00000,0.13481,2.87821,1.85827,1.00000,1.00000,1.00000
504,0.2640,49643520,53824,0.01347,1.24e-04,0.2916,75.4042,0.00000,0.00000,0.00000,10.00000,1282.97802,0.00000,0.74481,0.00000,0.00000,0.85914,0.00000,0.00000,0.00000,0.00000,0.00000,0.32631,2.13336,1.49606,0.97802,0.96721,1.00000,1066.39331,-0.02518,-0.10519,0.30647,-0.02245,0.50104,0.85876,-0.06765,0.24516,-0.00756,-0.02402,0.21599,0.38728,0.37179,1.65282,1.83454,0.98901,0.98361,1.00000,0.85896,0.00000,0.13460,2.91078,1.81200,1.00000,1.00000,1.00000
505,0.2645,49741824,54333,0.01679,8.35e-05,0.2915,71.7048,0.00000,0.00000,0.00000,10.00000,1212.63922,0.00000,0.84444,0.00000,0.00000,0.86059,0.00000,0.00000,0.00000,0.00000,0.00000,0.32628,2.14123,1.59694,1.00000,1.00000,1.00000,1046.55046,-0.02496,-0.10323,0.30697,-0.02228,0.50344,0.86023,-0.06753,0.24670,-0.00815,-0.02410,0.21647,0.38850,0.37237,1.78883,1.98308,0.99000,0.98684,1.00000,0.86184,0.00000,0.13332,2.91837,1.99795,0.98000,0.97260,1.00000
506,0.2650,49840128,54676,0.01476,8.59e-05,0.2914,78.9062,0.00000,0.00000,0.00000,10.00000,1276.12015,0.00000,0.68501,0.00000,0.00000,0.85883,0.00000,0.00000,0.00000,0.00000,0.00000,0.32567,2.12809,1.59873,1.00000,1.00000,1.00000,1055.15120,-0.02525,-0.10408,0.30518,-0.02175,0.50253,0.85844,-0.06683,0.24764,-0.00914,-0.02429,0.21569,0.38597,0.37215,1.75793,1.76214,0.99515,0.99213,1.00000,0.86074,0.00000,0.13282,2.89967,1.92342,0.99029,0.98413,1.00000
507,0.2655,49938432,53420,0.01559,5.80e-05,0.2913,71.0478,0.00000,0.00000,0.00000,10.00000,1270.11678,0.00000,0.70402,0.00000,0.00000,0.85741,0.00000,0.00000,0.00000,0.00000,0.00000,0.32565,2.12726,1.52114,0.99138,0.98701,1.00000,1045.00667,-0.02538,-0.10311,0.30372,-0.02158,0.50059,0.85704,-0.06700,0.24401,-0.00801,-0.02413,0.21478,0.38407,0.37221,1.69783,1.58522,0.97845,0.96599,1.00000,0.86107,0.00000,0.13331,2.87955,1.89718,0.96552,0.94286,1.00000
508,0.2661,50036736,53979,0.01042,8.35e-05,0.2913,93.1914,0.00000,0.00000,0.00000,10.00000,1283.85440,0.00000,0.73871,0.00000,0.00000,0.85533,0.00000,0.00000,0.00000,0.00000,0.00000,0.32660,2.12766,1.45926,0.97802,0.96296,1.00000,1026.06966,-0.02540,-0.10130,0.30369,-0.02212,0.50033,0.85499,-0.06692,0.23865,-0.00833,-0.02392,0.21401,0.38367,0.37151,1.71617,1.34667,0.97802,0.96694,1.00000,0.85757,0.00000,0.13352,2.85240,1.92636,0.97802,0.97015,1.00000
509,0.2666,50135040,53144,0.01255,1.00e-04,0.2912,82.9534,0.00000,0.00000,0.00000,10.00000,1275.75358,0.00000,0.74967,0.00000,0.00000,0.85237,0.00000,0.00000,0.00000,0.00000,0.00000,0.32618,2.14569,1.53727,1.00000,1.00000,1.00000,1044.23779,-0.02535,-0.10295,0.30424,-0.02142,0.49841,0.85199,-0.06760,0.24029,-0.00887,-0.02362,0.21525,0.38435,0.37100,1.69242,1.92615,0.99398,0.99107,1.00000,0.85501,0.00000,0.13154,2.85236,1.86896,0.98795,0.98077,1.00000
510,0.2671,50233344,53231,0.01743,6.04e-05,0.2911,79.8496,0.00000,0.00000,0.00000,10.00000,1238.68670,0.00000,0.81197,0.00000,0.00000,0.85385,0.00000,0.00000,0.00000,0.00000,0.00000,0.32548,2.16646,1.53935,1.00000,1.00000,1.00000,1046.16276,-0.02518,-0.10315,0.30644,-0.02181,0.49895,0.85356,-0.06817,0.24285,-0.00771,-0.02374,0.21746,0.38741,0.37135,1.70700,1.56000,0.98077,0.97368,1.00000,0.85674,0.00000,0.13279,2.88099,1.88621,0.96154,0.94737,1.00000
511,0.2676,50331648,53969,0.00945,9.32e-05,0.2910,68.5070,0.00000,0.00000,0.00000,10.00000,1255.42818,0.00000,0.74924,0.00000,0.00000,0.85962,0.00000,0.00000,0.00000,0.00000,0.00000,0.32611,2.17881,1.45258,1.00000,1.00000,1.00000,1032.52596,-0.02494,-0.10205,0.30940,-0.02224,0.50298,0.85926,-0.06809,0.24455,-0.00815,-0.02383,0.21931,0.39186,0.37193,1.71312,1.53375,0.98165,0.97279,1.00000,0.85964,0.00000,0.13315,2.90989,2.03972,0.96330,0.94030,1.00000
512,0.2681,50429952,54116,0.01598,5.28e-05,0.2910,77.1693,0.00000,0.00000,0.00000,10.00000,1233.67067,0.00000,0.77381,0.00000,0.00000,0.86236,0.00000,0.00000,0.00000,0.00000,0.00000,0.32581,2.16440,1.58635,0.98810,0.98361,1.00000,1027.50195,-0.02506,-0.10135,0.30874,-0.02213,0.50531,0.86203,-0.06734,0.24547,-0.00823,-0.02391,0.21949,0.39045,0.37283,1.71214,2.03200,0.95833,0.94872,0.83333,0.86416,0.00000,0.13334,2.91473,1.85889,0.92857,0.91071,0.66667
513,0.2686,50528256,53486,0.01093,6.42e-05,0.2909,76.2072,0.00000,0.00000,0.00000,10.00000,1231.34261,0.00000,0.74747,0.00000,0.00000,0.86114,0.00000,0.00000,0.00000,0.00000,0.00000,0.32399,2.14956,1.43773,1.00000,1.00000,1.00000,1009.58447,-0.02496,-0.09965,0.30807,-0.02213,0.50513,0.86087,-0.06708,0.25168,-0.00834,-0.02386,0.21919,0.38987,0.37278,1.82103,1.68857,0.99545,0.99324,1.00000,0.86390,0.00000,0.13434,2.93536,2.20873,0.99091,0.98649,1.00000
514,0.2692,50626560,54488,0.01092,1.00e-04,0.2909,68.3601,0.00000,0.00000,0.00000,10.00000,1238.57950,0.00000,0.77887,0.00000,0.00000,0.85946,0.00000,0.00000,0.00000,0.00000,0.00000,0.32436,2.13506,1.65385,0.98039,0.97101,1.00000,1027.53556,-0.02523,-0.10146,0.30609,-0.02148,0.50353,0.85915,-0.06740,0.25139,-0.00839,-0.02395,0.21747,0.38691,0.37283,1.82897,1.64000,0.98039,0.97902,0.93750,0.86415,0.00000,0.13275,2.91735,2.00410,0.98039,0.98649,0.83333
515,0.2697,50724864,53916,0.01653,8.59e-05,0.2908,84.3977,0.00000,0.00000,0.00000,10.00000,1240.24261,0.00000,0.83838,0.00000,0.00000,0.85772,0.00000,0.00000,0.00000,0.00000,0.00000,0.32507,2.14155,1.48918,0.99091,0.98795,1.00000,1018.93978,-0.02513,-0.10059,0.30612,-0.02157,0.50278,0.85733,-0.06676,0.24582,-0.00860,-0.02408,0.21702,0.38659,0.37237,1.70594,1.60500,0.97727,0.96988,1.00000,0.86184,0.00000,0.13392,2.89640,1.93625,0.96364,0.95181,1.00000
516,0.2702,50823168,52993,0.01313,8.70e-05,0.2907,77.5066,0.00000,0.00000,0.00000,10.00000,1265.53348,0.00000,0.72039,0.00000,0.00000,0.85693,0.00000,0.00000,0.00000,0.00000,0.00000,0.32577,2.14691,1.66927,1.00000,1.00000,1.00000,1010.09399,-0.02531,-0.09975,0.30550,-0.02185,0.50139,0.85654,-0.06719,0.24405,-0.00741,-0.02364,0.21746,0.38658,0.37181,1.83470,1.77733,0.98901,0.99153,0.93750,0.85907,0.00000,0.13318,2.88631,2.01587,0.97802,0.98182,0.90000
517,0.2707,50921472,50426,0.01151,1.25e-04,0.2907,80.6867,0.00000,0.00000,0.00000,10.00000,1245.03673,0.00000,0.72738,0.00000,0.00000,0.85502,0.00000,0.00000,0.00000,0.00000,0.00000,0.32582,2.13874,1.51096,0.98969,1.00000,0.90000,1046.49967,-0.02544,-0.10329,0.30426,-0.02179,0.50019,0.85466,-0.06795,0.23956,-0.00749,-0.02389,0.21703,0.38522,0.37167,1.72241,1.50353,0.97423,0.97638,0.89474,0.85835,0.00000,0.13459,2.86950,1.94941,0.95876,0.95238,0.88889
518,0.2713,51019776,54002,0.01461,1.34e-04,0.2906,80.1555,0.00000,0.00000,0.00000,10.00000,1246.70226,0.00000,0.81790,0.00000,0.00000,0.85729,0.00000,0.00000,0.00000,0.00000,0.00000,0.32619,2.14700,1.60841,1.00000,1.00000,1.00000,1034.43221,-0.02534,-0.10203,0.30509,-0.02213,0.50148,0.85698,-0.06798,0.24075,-0.00818,-0.02400,0.21735,0.38615,0.37182,1.80571,2.05555,0.99537,1.00000,0.90000,0.85911,0.00000,0.13348,2.87561,2.02275,0.99074,1.00000,0.80000
519,0.2718,51118080,52077,0.01517,9.12e-05,0.2906,76.6890,0.00000,0.00000,0.00000,10.00000,1274.97519,0.00000,0.76998,0.00000,0.00000,0.85571,0.00000,0.00000,0.00000,0.00000,0.00000,0.32523,2.14679,1.53294,1.00000,1.00000,1.00000,1037.96525,-0.02537,-0.10237,0.30400,-0.02185,0.50090,0.85536,-0.06747,0.24077,-0.00785,-0.02408,0.21564,0.38425,0.37145,1.66706,1.70286,0.99123,0.98734,1.00000,0.85724,0.00000,0.13329,2.85288,1.80118,0.98246,0.97468,1.00000
520,0.2723,51216384,54120,0.01353,9.13e-05,0.2905,88.2371,0.00000,0.00000,0.00000,10.00000,1265.39408,0.00000,0.73718,0.00000,0.00000,0.85424,0.00000,0.00000,0.00000,0.00000,0.00000,0.32493,2.12458,1.53525,1.00000,1.00000,1.00000,1032.57454,-0.02582,-0.10188,0.29946,-0.02178,0.49949,0.85391,-0.06747,0.23622,-0.00797,-0.02390,0.21281,0.37893,0.37123,1.77218,1.82667,0.98558,0.98551,0.93750,0.85616,0.00000,0.13341,2.80468,2.03915,0.97115,0.97015,0.85714
521,0.2728,51314688,53733,0.01813,6.47e-05,0.2904,82.7879,0.00000,0.00000,0.00000,10.00000,1271.59435,0.00000,0.77534,0.00000,0.00000,0.84925,0.00000,0.00000,0.00000,0.00000,0.00000,0.32497,2.12945,1.59855,1.00000,1.00000,1.00000,1052.61369,-0.02582,-0.10375,0.30063,-0.02140,0.49621,0.84896,-0.06795,0.23631,-0.00854,-0.02391,0.21339,0.38000,0.37015,1.87155,1.73750,1.00000,1.00000,1.00000,0.85074,0.00000,0.13351,2.81225,2.15697,1.00000,1.00000,1.00000
522,0.2733,51412992,54604,0.01544,5.39e-05,0.2904,76.2618,0.00000,0.00000,0.00000,10.00000,1262.62201,0.00000,0.82742,0.00000,0.00000,0.84938,0.00000,0.00000,0.00000,0.00000,0.00000,0.32539,2.13990,1.62883,1.00000,1.00000,1.00000,1044.06510,-0.02569,-0.10295,0.30090,-0.02131,0.49525,0.84902,-0.06756,0.23442,-0.00826,-0.02376,0.21346,0.38057,0.36984,1.83143,2.15714,0.99468,1.00000,0.87500,0.84919,0.00000,0.13375,2.81302,2.05428,0.98936,1.00000,0.50000
523,0.2738,51511296,53734,0.00923,7.77e-05,0.2903,83.1711,0.00000,0.00000,0.00000,10.00000,1255.78880,0.00000,0.72039,0.00000,0.00000,0.85000,0.00000,0.00000,0.00000,0.00000,0.00000,0.32530,2.16193,1.48613,1.00000,1.00000,1.00000,1042.93424,-0.02543,-0.10285,0.30512,-0.02199,0.49655,0.84969,-0.06773,0.23719,-0.00747,-0.02364,0.21643,0.38586,0.37009,1.72086,1.62087,0.99451,0.99153,1.00000,0.85044,0.00000,0.13548,2.84776,1.99169,0.98901,0.98182,1.00000
524,0.2744,51609600,53907,0.01172,1.10e-04,0.2903,71.7836,0.00000,0.00000,0.00000,10.00000,1229.67269,0.00000,0.75810,0.00000,0.00000,0.85570,0.00000,0.00000,0.00000,0.00000,0.00000,0.32453,2.17137,1.44026,1.00000,1.00000,1.00000,1050.57227,-0.02530,-0.10371,0.30626,-0.02188,0.49986,0.85532,-0.06769,0.24230,-0.00786,-0.02391,0.21755,0.38711,0.37137,1.65458,1.48947,0.96354,0.95420,0.95000,0.85684,0.00000,0.13404,2.87114,1.90788,0.92708,0.90476,0.90000
525,0.2749,51707904,54482,0.01493,1.04e-04,0.2902,76.6505,0.00000,0.00000,0.00000,10.00000,1271.93443,0.00000,0.78027,0.00000,0.00000,0.86043,0.00000,0.00000,0.00000,0.00000,0.00000,0.32489,2.18563,1.45667,0.98876,0.98333,1.00000,1054.32682,-0.02499,-0.10406,0.30889,-0.02249,0.50315,0.86004,-0.06754,0.24407,-0.00850,-0.02392,0.21908,0.39073,0.37243,1.65662,1.52154,0.98876,0.98400,1.00000,0.86214,0.00000,0.13483,2.89633,1.84514,0.98876,0.98462,1.00000
526,0.2754,51806208,52882,0.01213,9.13e-05,0.2901,71.7408,0.00000,0.00000,0.00000,10.00000,1266.53899,0.00000,0.75286,0.00000,0.00000,0.86476,0.00000,0.00000,0.00000,0.00000,0.00000,0.32488,2.18650,1.48683,1.00000,1.00000,1.00000,1028.81584,-0.02508,-0.10163,0.30836,-0.02195,0.50585,0.86440,-0.06687,0.24415,-0.00818,-0.02384,0.21907,0.39042,0.37306,1.71453,1.63765,0.99065,0.98621,1.00000,0.86532,0.00000,0.13415,2.89286,1.93390,0.98131,0.97297,1.00000
527,0.2759,51904512,53389,0.01232,1.31e-04,0.2900,76.4490,0.00000,0.00000,0.00000,10.00000,1278.84485,0.00000,0.74074,0.00000,0.00000,0.86266,0.00000,0.00000,0.00000,0.00000,0.00000,0.32398,2.16681,1.54453,0.98990,0.98507,1.00000,1007.34424,-0.02517,-0.09954,0.30627,-0.02250,0.50507,0.86233,-0.06667,0.24367,-0.00647,-0.02388,0.21705,0.38804,0.37237,1.71160,1.65263,0.99495,0.99242,1.00000,0.86185,0.00000,0.13550,2.88188,1.87867,1.00000,1.00000,1.00000
528,0.2764,52002816,53900,0.01642,9.83e-05,0.2899,85.0338,0.00000,0.00000,0.00000,10.00000,1242.67269,0.00000,0.72464,0.00000,0.00000,0.85667,0.00000,0.00000,0.00000,0.00000,0.00000,0.32321,2.15010,1.51718,1.00000,1.00000,1.00000,1029.65438,-0.02540,-0.10159,0.30439,-0.02228,0.50119,0.85631,-0.06651,0.24820,-0.00744,-0.02400,0.21622,0.38499,0.37113,1.80965,1.64083,0.99130,0.98667,1.00000,0.85565,0.00000,0.13323,2.86950,2.09540,0.98261,0.97368,1.00000
529,0.2769,52101120,53819,0.01313,8.35e-05,0.2898,89.3200,0.00000,0.00000,0.00000,10.00000,1255.16011,0.00000,0.86619,0.00000,0.00000,0.85427,0.00000,0.00000,0.00000,0.00000,0.00000,0.32366,2.13929,1.48507,1.00000,1.00000,1.00000,1031.32381,-0.02550,-0.10185,0.30298,-0.02190,0.49877,0.85390,-0.06703,0.24596,-0.00672,-0.02374,0.21548,0.38352,0.37079,1.71581,1.81333,0.99462,0.99310,1.00000,0.85395,0.00000,0.13366,2.86417,1.95288,0.98925,0.98592,1.00000
530,0.2775,52199424,53045,0.01217,1.04e-04,0.2897,79.6981,0.00000,0.00000,0.00000,10.00000,1260.01800,0.00000,0.72433,0.00000,0.00000,0.85358,0.00000,0.00000,0.00000,0.00000,0.00000,0.32357,2.14647,1.56061,1.00000,1.00000,1.00000,1028.88615,-0.02530,-0.10146,0.30556,-0.02210,0.49925,0.85320,-0.06707,0.24864,-0.00776,-0.02370,0.21691,0.38702,0.37092,1.82348,1.69538,0.98101,0.97087,1.00000,0.85460,0.00000,0.13468,2.89888,2.16520,0.96203,0.93478,1.00000
531,0.2780,52297728,53415,0.01347,1.00e-04,0.2896,62.7131,0.00000,0.00000,0.00000,10.00000,1247.75151,0.00000,0.83668,0.00000,0.00000,0.85507,0.00000,0.00000,0.00000,0.00000,0.00000,0.32316,2.15793,1.45242,1.00000,1.00000,1.00000,1026.22314,-0.02509,-0.10133,0.30833,-0.02218,0.50102,0.85475,-0.06741,0.25454,-0.00758,-0.02343,0.21913,0.39031,0.37183,1.67554,2.15714,0.98193,0.97600,1.00000,0.85914,0.00000,0.13428,2.94109,1.90562,0.96386,0.95161,1.00000
532,0.2785,52396032,53527,0.01499,1.01e-04,0.2896,67.2593,0.00000,0.00000,0.00000,10.00000,1281.85276,0.00000,0.76389,0.00000,0.00000,0.85957,0.00000,0.00000,0.00000,0.00000,0.00000,0.32320,2.17445,1.45690,0.98077,0.97368,1.00000,1036.62077,-0.02505,-0.10227,0.30954,-0.02191,0.50355,0.85926,-0.06683,0.25421,-0.00743,-0.02378,0.22018,0.39116,0.37195,1.63834,1.64133,0.98558,0.97902,1.00000,0.85977,0.00000,0.13267,2.93406,1.84712,0.99038,0.98507,1.00000
533,0.2790,52494336,53904,0.01296,1.18e-04,0.2895,83.6430,0.00000,0.00000,0.00000,10.00000,1223.31573,0.00000,0.84541,0.00000,0.00000,0.86313,0.00000,0.00000,0.00000,0.00000,0.00000,0.32274,2.17803,1.52701,1.00000,1.00000,1.00000,1041.03882,-0.02486,-0.10274,0.30979,-0.02181,0.50588,0.86280,-0.06719,0.25575,-0.00717,-0.02377,0.22058,0.39145,0.37291,1.74389,1.57400,0.98370,0.98571,0.90909,0.86455,0.00000,0.13243,2.94262,1.97583,0.96739,0.97101,0.80000
534,0.2796,52592640,53024,0.01240,1.47e-04,0.2894,87.2166,0.00000,0.00000,0.00000,10.00000,1240.05367,0.00000,0.76646,0.00000,0.00000,0.86475,0.00000,0.00000,0.00000,0.00000,0.00000,0.32277,2.17619,1.51952,0.99074,0.98649,1.00000,1035.13517,-0.02484,-0.10223,0.30912,-0.02176,0.50762,0.86443,-0.06700,0.25491,-0.00791,-0.02410,0.21985,0.39080,0.37387,1.78571,1.89000,0.99074,0.99329,0.95238,0.86933,0.00000,0.13283,2.93376,2.04565,0.99074,1.00000,0.90909
535,0.2801,52690944,54033,0.02546,8.05e-05,0.2894,67.3325,0.00000,0.00000,0.00000,10.00000,1289.18937,0.00000,0.68333,0.00000,0.00000,0.86714,0.00000,0.00000,0.00000,0.00000,0.00000,0.32277,2.17493,1.51371,1.00000,1.00000,1.00000,1011.26074,-0.02489,-0.09979,0.31023,-0.02243,0.50880,0.86676,-0.06644,0.25613,-0.00904,-0.02381,0.22085,0.39243,0.37347,1.68311,1.75733,0.98500,0.97561,1.00000,0.86734,0.00000,0.13349,2.94658,1.86554,0.97000,0.95082,1.00000
536,0.2806,52789248,54389,0.01404,9.24e-05,0.2893,78.0778,0.00000,0.00000,0.00000,10.00000,1248.51335,0.00000,0.78749,0.00000,0.00000,0.86346,0.00000,0.00000,0.00000,0.00000,0.00000,0.32263,2.15708,1.54173,1.00000,1.00000,1.00000,1006.93701,-0.02505,-0.09942,0.30791,-0.02181,0.50627,0.86313,-0.06614,0.25692,-0.00830,-0.02377,0.22000,0.38933,0.37257,1.80039,2.15000,0.97573,0.96575,1.00000,0.86287,0.00000,0.13268,2.93476,2.09549,0.95146,0.92857,1.00000
537,0.2811,52887552,53446,0.02714,6.17e-05,0.2893,78.6087,0.00000,0.00000,0.00000,10.00000,1268.02352,0.00000,0.72338,0.00000,0.00000,0.85945,0.00000,0.00000,0.00000,0.00000,0.00000,0.32190,2.15089,1.55015,1.00000,1.00000,1.00000,1018.26343,-0.02511,-0.10051,0.30729,-0.02182,0.50341,0.85913,-0.06632,0.25749,-0.00792,-0.02370,0.21898,0.38843,0.37197,1.81028,2.03778,0.99479,0.99200,1.00000,0.85983,0.00000,0.13290,2.93031,2.04267,0.98958,0.98462,1.00000
538,0.2816,52985856,52762,0.01318,5.69e-05,0.2892,74.7678,0.00000,0.00000,0.00000,10.00000,1265.31258,0.00000,0.76591,0.00000,0.00000,0.85605,0.00000,0.00000,0.00000,0.00000,0.00000,0.32222,2.14202,1.50707,1.00000,1.00000,1.00000,1034.68962,-0.02515,-0.10208,0.30657,-0.02164,0.50141,0.85567,-0.06666,0.25697,-0.00945,-0.02359,0.21885,0.38692,0.37146,1.76400,1.65478,1.00000,1.00000,1.00000,0.85732,0.00000,0.13205,2.92219,2.01783,1.00000,1.00000,1.00000
539,0.2821,53084160,53523,0.01052,8.19e-05,0.2892,74.4964,0.00000,0.00000,0.00000,10.00000,1259.78555,0.00000,0.76531,0.00000,0.00000,0.85655,0.00000,0.00000,0.00000,0.00000,0.00000,0.32281,2.14475,1.56400,0.98980,1.00000,0.83333,1052.94173,-0.02516,-0.10390,0.30523,-0.02168,0.50167,0.85620,-0.06713,0.25476,-0.00732,-0.02373,0.21812,0.38596,0.37178,1.79503,1.86833,0.98469,0.98519,0.92308,0.85891,0.00000,0.13173,2.91205,2.01067,0.97959,0.97143,1.00000
540,0.2827,53182464,53885,0.01208,9.32e-05,0.2891,75.3324,0.00000,0.00000,0.00000,10.00000,1251.08445,0.00000,0.79890,0.00000,0.00000,0.86032,0.00000,0.00000,0.00000,0.00000,0.00000,0.32360,2.14856,1.45959,0.99174,0.98876,1.00000,1031.46248,-0.02522,-0.10184,0.30534,-0.02193,0.50408,0.85993,-0.06719,0.24808,-0.00768,-0.02400,0.21693,0.38630,0.37198,1.72011,1.73500,0.98347,0.97701,1.00000,0.85992,0.00000,0.13381,2.89656,2.00697,0.97521,0.96471,1.00000
541,0.2832,53280768,53573,0.01356,1.01e-04,0.2890,75.7861,0.00000,0.00000,0.00000,10.00000,1258.12676,0.00000,0.79521,0.00000,0.00000,0.85813,0.00000,0.00000,0.00000,0.00000,0.00000,0.32295,2.12257,1.55012,0.99020,0.98649,1.00000,1053.35832,-0.02552,-0.10381,0.30254,-0.02223,0.50191,0.85774,-0.06654,0.24856,-0.00847,-0.02393,0.21512,0.38277,0.37180,1.73765,1.64353,0.99510,0.99315,1.00000,0.85899,0.00000,0.13373,2.87384,1.93468,1.00000,1.00000,1.00000
542,0.2837,53379072,54438,0.01151,1.58e-04,0.2889,87.2301,0.00000,0.00000,0.00000,10.00000,1279.46086,0.00000,0.77193,0.00000,0.00000,0.85314,0.00000,0.00000,0.00000,0.00000,0.00000,0.32275,2.12624,1.61662,0.98947,0.98507,1.00000,1046.43563,-0.02549,-0.10327,0.30350,-0.02184,0.49889,0.85281,-0.06688,0.25084,-0.00829,-0.02365,0.21534,0.38361,0.37104,1.76086,1.99000,0.99474,0.99242,1.00000,0.85519,0.00000,0.13327,2.88674,1.90927,1.00000,1.00000,1.00000
543,0.2842,53477376,54963,0.01501,1.21e-04,0.2887,74.6579,0.00000,0.00000,0.00000,10.00000,1231.08345,0.00000,0.77020,0.00000,0.00000,0.85539,0.00000,0.00000,0.00000,0.00000,0.00000,0.32428,2.13362,1.43536,1.00000,1.00000,1.00000,1039.88810,-0.02529,-0.10264,0.30480,-0.02145,0.50038,0.85496,-0.06667,0.25047,-0.00787,-0.02366,0.21639,0.38585,0.37153,1.72702,1.61667,0.98295,0.97541,1.00000,0.85763,0.00000,0.13311,2.90836,2.05161,0.96591,0.95000,1.00000
544,0.2847,53575680,53607,0.01348,1.61e-04,0.2886,69.7638,0.00000,0.00000,0.00000,10.00000,1269.35885,0.00000,0.68519,0.00000,0.00000,0.85776,0.00000,0.00000,0.00000,0.00000,0.00000,0.32404,2.16482,1.59238,1.00000,1.00000,1.00000,1032.30054,-0.02498,-0.10183,0.30898,-0.02279,0.50311,0.85740,-0.06664,0.25483,-0.00829,-0.02349,0.21949,0.39051,0.37185,1.86046,2.00571,0.99444,0.99099,1.00000,0.85925,0.00000,0.13156,2.93361,2.10882,0.98889,0.98305,1.00000
545,0.2852,53673984,53758,0.01776,8.39e-05,0.2886,78.3860,0.00000,0.00000,0.00000,10.00000,1269.62744,0.00000,0.73495,0.00000,0.00000,0.86245,0.00000,0.00000,0.00000,0.00000,0.00000,0.32246,2.16592,1.52649,0.98958,0.98413,1.00000,1037.37728,-0.02504,-0.10232,0.30831,-0.02158,0.50446,0.86211,-0.06681,0.25629,-0.00972,-0.02372,0.21949,0.38964,0.37239,1.76121,1.86364,0.98958,0.98425,1.00000,0.86194,0.00000,0.13150,2.93101,1.99280,0.98958,0.98438,1.00000
546,0.2857,53772288,54676,0.01149,1.00e-04,0.2885,90.5643,0.00000,0.00000,0.00000,10.00000,1279.10035,0.00000,0.79611,0.00000,0.00000,0.86540,0.00000,0.00000,0.00000,0.00000,0.00000,0.32152,2.17752,1.52275,1.00000,1.00000,1.00000,1028.32292,-0.02488,-0.10155,0.30982,-0.02181,0.50572,0.86503,-0.06688,0.26028,-0.00850,-0.02362,0.22156,0.39221,0.37267,1.71664,1.64800,1.00000,1.00000,1.00000,0.86337,0.00000,0.13320,2.96567,1.94145,1.00000,1.00000,1.00000
547,0.2862,53870592,53848,0.01335,1.10e-04,0.2884,63.6995,0.00000,0.00000,0.00000,10.00000,1267.54462,0.00000,0.72115,0.00000,0.00000,0.86623,0.00000,0.00000,0.00000,0.00000,0.00000,0.32307,2.16420,1.51928,1.00000,1.00000,1.00000,1017.05778,-0.02495,-0.10050,0.30889,-0.02199,0.50698,0.86589,-0.06683,0.25653,-0.00712,-0.02392,0.22004,0.39131,0.37251,1.74862,2.07923,0.99519,0.99259,1.00000,0.86255,0.00000,0.13332,2.95278,2.00210,0.99038,0.98462,1.00000
548,0.2868,53968896,54532,0.01412,9.13e-05,0.2883,85.6863,0.00000,0.00000,0.00000,10.00000,1245.16619,0.00000,0.79686,0.00000,0.00000,0.86328,0.00000,0.00000,0.00000,0.00000,0.00000,0.32313,2.15234,1.55128,0.98990,0.98630,1.00000,1020.38826,-0.02522,-0.10065,0.30746,-0.02199,0.50575,0.86291,-0.06634,0.25460,-0.00909,-0.02360,0.21894,0.38879,0.37233,1.71434,1.58500,0.98485,0.98592,0.92308,0.86165,0.00000,0.13287,2.93002,1.88622,0.97980,0.98551,0.85714
549,0.2873,54067200,54977,0.01417,9.83e-05,0.2883,90.3179,0.00000,0.00000,0.00000,10.00000,1273.98783,0.00000,0.70305,0.00000,0.00000,0.86072,0.00000,0.00000,0.00000,0.00000,0.00000,0.32275,2.14408,1.62659,0.99115,0.98611,1.00000,1013.76245,-0.02521,-0.10005,0.30674,-0.02242,0.50500,0.86032,-0.06566,0.25288,-0.00804,-0.02369,0.21785,0.38785,0.37197,1.69988,1.69000,0.98230,0.97902,0.95652,0.85983,0.00000,0.13458,2.92016,1.77974,0.97345,0.97183,0.90000
550,0.2878,54165504,54603,0.01452,8.35e-05,0.2882,94.0373,0.00000,0.00000,0.00000,10.00000,1310.15566,0.00000,0.77295,0.00000,0.00000,0.85961,0.00000,0.00000,0.00000,0.00000,0.00000,0.32300,2.15440,1.43486,1.00000,1.00000,1.00000,1032.92163,-0.02526,-0.10186,0.30659,-0.02175,0.50363,0.85915,-0.06638,0.25280,-0.00945,-0.02373,0.21826,0.38742,0.37180,1.65718,1.78250,0.99457,0.99219,1.00000,0.85901,0.00000,0.13367,2.91206,1.92688,0.98913,0.98276,1.00000
551,0.2883,54263808,54097,0.01088,1.20e-04,0.2881,83.0688,0.00000,0.00000,0.00000,10.00000,1286.75908,0.00000,0.77083,0.00000,0.00000,0.85691,0.00000,0.00000,0.00000,0.00000,0.00000,0.32301,2.15701,1.47138,1.00000,1.00000,1.00000,1030.26994,-0.02528,-0.10160,0.30731,-0.02207,0.50161,0.85658,-0.06677,0.25342,-0.00853,-0.02320,0.21898,0.38863,0.37177,1.65473,1.66667,1.00000,1.00000,1.00000,0.85885,0.00000,0.13360,2.92105,1.84094,1.00000,1.00000,1.00000
552,0.2888,54362112,53315,0.01890,5.80e-05,0.2880,69.1248,0.00000,0.00000,0.00000,10.00000,1276.05050,0.00000,0.82656,0.00000,0.00000,0.85872,0.00000,0.00000,0.00000,0.00000,0.00000,0.32376,2.17609,1.47343,0.98780,0.98485,1.00000,1040.18197,-0.02503,-0.10263,0.30946,-0.02179,0.50293,0.85836,-0.06720,0.25554,-0.00692,-0.02322,0.22155,0.39162,0.37230,1.66480,1.59500,0.99390,0.99180,1.00000,0.86148,0.00000,0.13186,2.95269,1.88586,1.00000,1.00000,1.00000
553,0.2894,54460416,53492,0.01139,8.35e-05,0.2880,74.8188,0.00000,0.00000,0.00000,10.00000,1283.61645,0.00000,0.71803,0.00000,0.00000,0.86537,0.00000,0.00000,0.00000,0.00000,0.00000,0.32363,2.18526,1.55160,0.99057,0.98592,1.00000,1033.57104,-0.02483,-0.10193,0.31056,-0.02212,0.50745,0.86503,-0.06681,0.25452,-0.00945,-0.02378,0.22173,0.39283,0.37362,1.75510,1.80400,0.98585,0.97810,1.00000,0.86812,0.00000,0.13206,2.94456,1.97784,0.98113,0.96970,1.00000
554,0.2899,54558720,54686,0.01427,9.13e-05,0.2878,69.6636,0.00000,0.00000,0.00000,10.00000,1250.95898,0.00000,0.79861,0.00000,0.00000,0.86863,0.00000,0.00000,0.00000,0.00000,0.00000,0.32292,2.21386,1.58171,0.98958,0.98485,1.00000,1025.70435,-0.02465,-0.10115,0.31286,-0.02214,0.50949,0.86823,-0.06608,0.25586,-0.00811,-0.02365,0.22335,0.39545,0.37397,1.73283,1.63111,0.97917,0.97101,1.00000,0.86987,0.00000,0.13230,2.95373,1.87387,0.96875,0.95833,1.00000
555,0.2904,54657024,54240,0.01251,1.21e-04,0.2877,72.6646,0.00000,0.00000,0.00000,10.00000,1275.98899,0.00000,0.75661,0.00000,0.00000,0.86990,0.00000,0.00000,0.00000,0.00000,0.00000,0.32245,2.20387,1.51738,1.00000,1.00000,1.00000,995.83097,-0.02483,-0.09826,0.31279,-0.02219,0.51020,0.86954,-0.06544,0.25620,-0.00730,-0.02349,0.22301,0.39508,0.37372,1.66494,1.51000,0.99048,0.99301,0.94118,0.86858,0.00000,0.13333,2.94915,1.83243,0.98095,0.98571,0.83333
556,0.2909,54755328,53763,0.01730,6.34e-05,0.2876,78.1062,0.00000,0.00000,0.00000,10.00000,1280.45000,0.00000,0.78333,0.00000,0.00000,0.86534,0.00000,0.00000,0.00000,0.00000,0.00000,0.32160,2.19569,1.50525,0.99000,1.00000,0.85714,999.26994,-0.02510,-0.09858,0.30933,-0.02142,0.50755,0.86502,-0.06566,0.25454,-0.00678,-0.02338,0.22197,0.39059,0.37307,1.72864,1.90286,0.99500,1.00000,0.92857,0.86534,0.00000,0.13306,2.91762,1.96693,1.00000,1.00000,1.00000
557,0.2914,54853632,54142,0.01223,7.25e-05,0.2876,79.5416,0.00000,0.00000,0.00000,10.00000,1262.36784,0.00000,0.83912,0.00000,0.00000,0.86171,0.00000,0.00000,0.00000,0.00000,0.00000,0.32194,2.17417,1.53360,0.98958,0.98630,1.00000,1017.20239,-0.02528,-0.10026,0.30717,-0.02161,0.50596,0.86135,-0.06552,0.25005,-0.00850,-0.02360,0.22020,0.38814,0.37254,1.72714,1.68200,0.99479,0.99310,1.00000,0.86272,0.00000,0.13418,2.89239,1.91088,1.00000,1.00000,1.00000
558,0.2919,54951936,53588,0.01210,9.83e-05,0.2875,81.7891,0.00000,0.00000,0.00000,10.00000,1277.49658,0.00000,0.74074,0.00000,0.00000,0.85943,0.00000,0.00000,0.00000,0.00000,0.00000,0.32194,2.16440,1.50941,1.00000,1.00000,1.00000,1027.29948,-0.02525,-0.10129,0.30642,-0.02202,0.50408,0.85903,-0.06585,0.25262,-0.00975,-0.02352,0.21984,0.38766,0.37199,1.76149,1.82727,0.99524,0.99286,1.00000,0.85995,0.00000,0.13440,2.90451,2.04342,0.99048,0.98507,1.00000
559,0.2924,55050240,53436,0.01229,1.12e-04,0.2874,88.8643,0.00000,0.00000,0.00000,10.00000,1256.42650,0.00000,0.76464,0.00000,0.00000,0.85678,0.00000,0.00000,0.00000,0.00000,0.00000,0.32220,2.15175,1.43731,1.00000,1.00000,1.00000,1018.57430,-0.02530,-0.10054,0.30607,-0.02224,0.50225,0.85642,-0.06544,0.25366,-0.00878,-0.02352,0.21922,0.38713,0.37167,1.84257,1.76167,0.99462,0.99219,1.00000,0.85833,0.00000,0.13424,2.91242,2.21452,0.98925,0.98507,1.00000
560,0.2930,55148544,54094,0.01437,1.11e-04,0.2873,85.4820,0.00000,0.00000,0.00000,10.00000,1276.02572,0.00000,0.80138,0.00000,0.00000,0.85506,0.00000,0.00000,0.00000,0.00000,0.00000,0.32192,2.14469,1.66267,1.00000,1.00000,1.00000,1028.78109,-0.02534,-0.10140,0.30560,-0.02147,0.49992,0.85469,-0.06652,0.25580,-0.00933,-0.02352,0.21949,0.38655,0.37127,1.78080,1.92308,0.99558,0.99387,1.00000,0.85634,0.00000,0.13347,2.91762,1.90588,0.99115,0.98765,1.00000
561,0.2935,55246848,53359,0.01549,9.24e-05,0.2872,84.4913,0.00000,0.00000,0.00000,10.00000,1263.75617,0.00000,0.77485,0.00000,0.00000,0.85760,0.00000,0.00000,0.00000,0.00000,0.00000,0.32188,2.12655,1.47816,0.99123,0.98765,1.00000,1022.75928,-0.02560,-0.10090,0.30245,-0.02170,0.50113,0.85722,-0.06632,0.25155,-0.00799,-0.02369,0.21688,0.38254,0.37200,1.68833,1.89692,0.98246,0.97484,1.00000,0.86002,0.00000,0.13419,2.88878,1.91407,0.97368,0.96154,1.00000
562,0.2940,55345152,54911,0.01491,7.16e-05,0.2872,71.9943,0.00000,0.00000,0.00000,10.00000,1268.41478,0.00000,0.74263,0.00000,0.00000,0.85574,0.00000,0.00000,0.00000,0.00000,0.00000,0.32306,2.11360,1.51093,1.00000,1.00000,1.00000,1035.66724,-0.02569,-0.10205,0.30076,-0.02135,0.50040,0.85536,-0.06546,0.24596,-0.00945,-0.02344,0.21542,0.38054,0.37123,1.80359,2.13714,1.00000,1.00000,1.00000,0.85617,0.00000,0.13501,2.86061,2.11714,1.00000,1.00000,1.00000
563,0.2945,55443456,53822,0.01069,9.24e-05,0.2871,87.4049,0.00000,0.00000,0.00000,10.00000,1281.55974,0.00000,0.78002,0.00000,0.00000,0.85204,0.00000,0.00000,0.00000,0.00000,0.00000,0.32252,2.12646,1.53447,0.98990,0.98649,1.00000,1034.88053,-0.02555,-0.10207,0.30228,-0.02177,0.49873,0.85169,-0.06596,0.24982,-0.00941,-0.02346,0.21635,0.38258,0.37056,1.76255,1.74400,0.98485,0.97842,1.00000,0.85282,0.00000,0.13429,2.88052,2.02923,0.97980,0.96923,1.00000
564,0.2950,55541760,53439,0.01382,1.03e-04,0.2870,81.7955,0.00000,0.00000,0.00000,10.00000,1251.10414,0.00000,0.72549,0.00000,0.00000,0.85213,0.00000,0.00000,0.00000,0.00000,0.00000,0.32225,2.12764,1.56523,0.98824,0.98182,1.00000,1041.55396,-0.02544,-0.10264,0.30235,-0.02146,0.49854,0.85177,-0.06624,0.25186,-0.00870,-0.02324,0.21704,0.38220,0.37064,1.77719,1.86400,0.98235,0.97297,1.00000,0.85319,0.00000,0.13336,2.88567,1.99587,0.97647,0.96429,1.00000
565,0.2955,55640064,54661,0.01495,1.00e-04,0.2870,77.1572,0.00000,0.00000,0.00000,10.00000,1263.70711,0.00000,0.75059,0.00000,0.00000,0.85425,0.00000,0.00000,0.00000,0.00000,0.00000,0.32158,2.15211,1.44179,1.00000,1.00000,1.00000,1058.88843,-0.02539,-0.10436,0.30524,-0.02164,0.49943,0.85386,-0.06744,0.25494,-0.00970,-0.02340,0.21931,0.38606,0.37129,1.74097,2.20333,0.99468,0.99213,1.00000,0.85647,0.00000,0.13358,2.90765,2.09454,0.98936,0.98305,1.00000
566,0.2960,55738368,54730,0.01270,1.20e-04,0.2869,99.4894,0.00000,0.00000,0.00000,10.00000,1260.85836,0.00000,0.71242,0.00000,0.00000,0.86218,0.00000,0.00000,0.00000,0.00000,0.00000,0.32234,2.17049,1.56818,1.00000,1.00000,1.00000,1058.15340,-0.02515,-0.10428,0.30667,-0.02217,0.50434,0.86180,-0.06691,0.25220,-0.00867,-0.02358,0.21890,0.38836,0.37285,1.84945,1.96316,0.99412,0.99083,1.00000,0.86426,0.00000,0.13393,2.90988,2.15377,0.98824,0.98039,1.00000
567,0.2965,55836672,53809,0.01399,1.11e-04,0.2869,87.6474,0.00000,0.00000,0.00000,10.00000,1258.24058,0.00000,0.83333,0.00000,0.00000,0.86650,0.00000,0.00000,0.00000,0.00000,0.00000,0.32170,2.19417,1.51175,1.00000,1.00000,1.00000,1019.42733,-0.02486,-0.10052,0.31121,-0.02290,0.50739,0.86613,-0.06708,0.25789,-0.00840,-0.02356,0.22220,0.39342,0.37313,1.69358,1.66750,0.99020,0.98693,1.00000,0.86564,0.00000,0.13357,2.95835,1.87772,0.98039,0.97436,1.00000
568,0.2971,55934976,54266,0.01143,1.60e-04,0.2868,94.1801,0.00000,0.00000,0.00000,10.00000,1290.39397,0.00000,0.66468,0.00000,0.00000,0.86522,0.00000,0.00000,0.00000,0.00000,0.00000,0.32059,2.19369,1.50463,0.99107,1.00000,0.93333,999.64640,-0.02495,-0.09853,0.31065,-0.02206,0.50771,0.86483,-0.06636,0.26119,-0.00757,-0.02361,0.22255,0.39269,0.37281,1.63725,1.76148,0.99107,0.99254,0.96429,0.86406,0.00000,0.13262,2.94900,1.77667,0.99107,0.98485,1.00000
569,0.2976,56033280,54254,0.01696,1.10e-04,0.2866,73.1089,0.00000,0.00000,0.00000,10.00000,1278.61374,0.00000,0.78853,0.00000,0.00000,0.86388,0.00000,0.00000,0.00000,0.00000,0.00000,0.32029,2.18516,1.45143,1.00000,1.00000,1.00000,1012.70003,-0.02520,-0.09980,0.30688,-0.02104,0.50573,0.86346,-0.06647,0.25783,-0.00947,-0.02319,0.22199,0.38820,0.37249,1.57614,1.37867,0.98387,0.97727,1.00000,0.86244,0.00000,0.13244,2.91083,1.71735,0.96774,0.95238,1.00000
570,0.2981,56131584,54910,0.01529,1.11e-04,0.2865,75.6714,0.00000,0.00000,0.00000,10.00000,1290.25921,0.00000,0.71429,0.00000,0.00000,0.86096,0.00000,0.00000,0.00000,0.00000,0.00000,0.32077,2.16256,1.49590,1.00000,1.00000,1.00000,1013.94246,-0.02528,-0.10008,0.30489,-0.02125,0.50438,0.86058,-0.06610,0.25529,-0.00651,-0.02365,0.22005,0.38583,0.37223,1.70701,1.77714,0.98214,0.97222,1.00000,0.86117,0.00000,0.13334,2.90461,1.92368,0.96429,0.94444,1.00000
571,0.2986,56229888,54720,0.01300,1.04e-04,0.2864,85.6586,0.00000,0.00000,0.00000,10.00000,1271.59332,0.00000,0.82418,0.00000,0.00000,0.85764,0.00000,0.00000,0.00000,0.00000,0.00000,0.32056,2.16613,1.43413,1.00000,1.00000,1.00000,1036.95841,-0.02525,-0.10223,0.30635,-0.02166,0.50155,0.85722,-0.06626,0.25610,-0.00922,-0.02348,0.21997,0.38739,0.37140,1.63227,1.61273,0.99451,0.99259,1.00000,0.85700,0.00000,0.13407,2.90788,1.84457,0.98901,0.98485,1.00000
572,0.2991,56328192,53271,0.01468,9.32e-05,0.2863,83.6988,0.00000,0.00000,0.00000,10.00000,1277.88965,0.00000,0.77778,0.00000,0.00000,0.85750,0.00000,0.00000,0.00000,0.00000,0.00000,0.32144,2.17322,1.49727,0.98750,0.98361,1.00000,1038.46875,-0.02520,-0.10233,0.30825,-0.02139,0.50079,0.85714,-0.06659,0.25840,-0.00809,-0.02301,0.22160,0.38944,0.37102,1.62634,1.71231,0.98750,0.98214,1.00000,0.85510,0.00000,0.13186,2.93679,1.77579,0.98750,0.98039,1.00000
573,0.2996,56426496,53998,0.01120,1.34e-04,0.2863,68.3279,0.00000,0.00000,0.00000,10.00000,1275.08457,0.00000,0.86563,0.00000,0.00000,0.86228,0.00000,0.00000,0.00000,0.00000,0.00000,0.32126,2.18908,1.46257,1.00000,1.00000,1.00000,1031.49772,-0.02492,-0.10173,0.31108,-0.02150,0.50408,0.86196,-0.06634,0.26140,-0.00808,-0.02304,0.22360,0.39282,0.37252,1.68748,1.41200,1.00000,1.00000,1.00000,0.86261,0.00000,0.13255,2.97464,1.91565,1.00000,1.00000,1.00000
574,0.3001,56524800,53960,0.01624,1.04e-04,0.2862,61.7119,0.00000,0.00000,0.00000,10.00000,1280.57737,0.00000,0.71047,0.00000,0.00000,0.86721,0.00000,0.00000,0.00000,0.00000,0.00000,0.32082,2.17660,1.52250,1.00000,1.00000,1.00000,1017.23201,-0.02485,-0.10042,0.31100,-0.02222,0.50794,0.86686,-0.06614,0.26508,-0.00721,-0.02334,0.22329,0.39302,0.37342,1.66746,1.69538,0.97596,0.96992,0.92857,0.86710,0.00000,0.13198,2.98570,1.81657,0.95192,0.94118,0.85714
575,0.3007,56623104,53306,0.01595,7.16e-05,0.2861,66.8161,0.00000,0.00000,0.00000,10.00000,1253.87594,0.00000,0.84444,0.00000,0.00000,0.86899,0.00000,0.00000,0.00000,0.00000,0.00000,0.32173,2.19192,1.50458,1.00000,1.00000,1.00000,1002.00138,-0.02475,-0.09891,0.31141,-0.02202,0.50938,0.86857,-0.06633,0.26319,-0.00755,-0.02329,0.22407,0.39439,0.37357,1.73485,1.64333,0.99500,0.99342,1.00000,0.86785,0.00000,0.13107,2.98464,1.97375,0.99000,0.98684,1.00000
576,0.3012,56721408,54651,0.01280,9.24e-05,0.2861,65.8320,0.00000,0.00000,0.00000,10.00000,1264.31860,0.00000,0.77249,0.00000,0.00000,0.86624,0.00000,0.00000,0.00000,0.00000,0.00000,0.32166,2.17698,1.67341,1.00000,1.00000,1.00000,1002.41691,-0.02489,-0.09885,0.30988,-0.02144,0.50817,0.86588,-0.06573,0.26131,-0.00878,-0.02332,0.22333,0.39185,0.37327,1.80944,2.20400,1.00000,1.00000,1.00000,0.86636,0.00000,0.13157,2.96094,1.95063,1.00000,1.00000,1.00000
577,0.3017,56819712,54344,0.01559,8.35e-05,0.2860,93.0700,0.00000,0.00000,0.00000,10.00000,1260.17265,0.00000,0.80858,0.00000,0.00000,0.86537,0.00000,0.00000,0.00000,0.00000,0.00000,0.32128,2.16005,1.48074,1.00000,1.00000,1.00000,1008.16439,-0.02513,-0.09949,0.30810,-0.02172,0.50684,0.86502,-0.06605,0.26085,-0.00815,-0.02348,0.22195,0.38923,0.37326,1.68200,1.94133,0.98515,0.97959,1.00000,0.86631,0.00000,0.13177,2.95315,1.88835,0.97030,0.95890,1.00000
578,0.3022,56918016,54480,0.01532,6.96e-05,0.2859,82.5197,0.00000,0.00000,0.00000,10.00000,1284.75837,0.00000,0.76531,0.00000,0.00000,0.86101,0.00000,0.00000,0.00000,0.00000,0.00000,0.32101,2.14351,1.51829,0.98980,0.98667,1.00000,1008.35604,-0.02522,-0.09955,0.30661,-0.02188,0.50414,0.86061,-0.06572,0.25922,-0.00778,-0.02323,0.22014,0.38740,0.37227,1.68634,1.57000,0.98469,0.97778,1.00000,0.86136,0.00000,0.13303,2.93949,1.90508,0.97959,0.96667,1.00000
579,0.3027,57016320,54863,0.01092,9.24e-05,0.2859,88.0491,0.00000,0.00000,0.00000,10.00000,1241.81680,0.00000,0.75000,0.00000,0.00000,0.85687,0.00000,0.00000,0.00000,0.00000,0.00000,0.32184,2.12803,1.52395,0.99000,0.98462,1.00000,1034.62085,-0.02542,-0.10201,0.30413,-0.02146,0.50082,0.85645,-0.06613,0.25724,-0.00868,-0.02361,0.21883,0.38434,0.37133,1.74052,1.50522,0.98500,0.97778,1.00000,0.85666,0.00000,0.13128,2.91813,1.94886,0.98000,0.97143,1.00000
580,0.3032,57114624,54452,0.01272,1.24e-04,0.2858,85.8652,0.00000,0.00000,0.00000,10.00000,1321.43544,0.00000,0.69591,0.00000,0.00000,0.85620,0.00000,0.00000,0.00000,0.00000,0.00000,0.32245,2.12706,1.55771,1.00000,1.00000,1.00000,1059.93555,-0.02539,-0.10443,0.30261,-0.02137,0.50012,0.85581,-0.06650,0.25366,-0.00915,-0.02327,0.21826,0.38315,0.37162,1.71603,1.60000,0.99474,0.99160,1.00000,0.85812,0.00000,0.13186,2.90111,1.89770,0.98947,0.98113,1.00000
581,0.3037,57212928,53323,0.01691,8.35e-05,0.2857,73.4326,0.00000,0.00000,0.00000,10.00000,1240.94758,0.00000,0.80997,0.00000,0.00000,0.85855,0.00000,0.00000,0.00000,0.00000,0.00000,0.32255,2.13267,1.61573,0.99065,0.98750,1.00000,1025.43734,-0.02539,-0.10120,0.30231,-0.02162,0.50173,0.85818,-0.06600,0.25096,-0.00803,-0.02348,0.21806,0.38344,0.37195,1.72724,1.97368,0.99065,0.99359,0.95000,0.85973,0.00000,0.13266,2.89486,1.84400,0.99065,1.00000,0.90000
582,0.3042,57311232,55255,0.01252,1.11e-04,0.2857,82.8077,0.00000,0.00000,0.00000,10.00000,1266.41419,0.00000,0.81989,0.00000,0.00000,0.85531,0.00000,0.00000,0.00000,0.00000,0.00000,0.32183,2.11796,1.60280,1.00000,1.00000,1.00000,1030.13468,-0.02564,-0.10140,0.30026,-0.02139,0.50032,0.85500,-0.06517,0.24974,-0.00851,-0.02355,0.21595,0.38024,0.37128,1.82153,1.70308,1.00000,1.00000,1.00000,0.85639,0.00000,0.13242,2.86094,2.04937,1.00000,1.00000,1.00000
583,0.3047,57409536,53899,0.01560,1.00e-04,0.2856,85.4090,0.00000,0.00000,0.00000,10.00000,1294.11745,0.00000,0.75531,0.00000,0.00000,0.84910,0.00000,0.00000,0.00000,0.00000,0.00000,0.32227,2.10096,1.55794,0.98876,0.98438,1.00000,1039.42415,-0.02569,-0.10231,0.29949,-0.02077,0.49685,0.84866,-0.06530,0.24868,-0.01123,-0.02341,0.21527,0.37828,0.37063,1.77106,1.63454,0.99438,0.99174,1.00000,0.85315,0.00000,0.13232,2.85353,1.99750,1.00000,1.00000,1.00000
584,0.3052,57507840,54816,0.01332,1.33e-04,0.2855,78.1054,0.00000,0.00000,0.00000,10.00000,1256.56730,0.00000,0.82846,0.00000,0.00000,0.84919,0.00000,0.00000,0.00000,0.00000,0.00000,0.32196,2.11046,1.48891,0.99123,0.98851,1.00000,1067.53727,-0.02541,-0.10519,0.30090,-0.02078,0.49537,0.84877,-0.06611,0.25070,-0.00916,-0.02355,0.21623,0.38068,0.37010,1.78557,2.15750,0.98684,0.98235,1.00000,0.85051,0.00000,0.13351,2.88075,2.11047,0.98246,0.97590,1.00000
585,0.3058,57606144,54490,0.01883,1.10e-04,0.2854,77.5815,0.00000,0.00000,0.00000,10.00000,1237.66185,0.00000,0.75075,0.00000,0.00000,0.85308,0.00000,0.00000,0.00000,0.00000,0.00000,0.32330,2.12847,1.70467,1.00000,1.00000,1.00000,1077.19743,-0.02538,-0.10602,0.30239,-0.02129,0.49797,0.85263,-0.06656,0.25005,-0.00862,-0.02303,0.21750,0.38365,0.37110,1.86830,2.00000,0.99324,0.99000,1.00000,0.85550,0.00000,0.13316,2.89167,2.03758,0.98649,0.97959,1.00000
586,0.3063,57704448,54479,0.01607,7.70e-05,0.2854,91.3012,0.00000,0.00000,0.00000,10.00000,1267.20629,0.00000,0.77403,0.00000,0.00000,0.85666,0.00000,0.00000,0.00000,0.00000,0.00000,0.32335,2.16735,1.57970,1.00000,1.00000,1.00000,1064.64738,-0.02513,-0.10489,0.30611,-0.02153,0.50120,0.85629,-0.06604,0.25080,-0.00813,-0.02325,0.22076,0.38766,0.37168,1.77474,1.47846,1.00000,1.00000,1.00000,0.85839,0.00000,0.13152,2.90678,1.95606,1.00000,1.00000,1.00000
587,0.3068,57802752,53798,0.01389,8.67e-05,0.2853,70.2169,0.00000,0.00000,0.00000,10.00000,1314.61140,0.00000,0.65359,0.00000,0.00000,0.86410,0.00000,0.00000,0.00000,0.00000,0.00000,0.32165,2.18713,1.58193,1.00000,1.00000,1.00000,1033.71167,-0.02507,-0.10184,0.30760,-0.02146,0.50527,0.86369,-0.06598,0.25083,-0.00880,-0.02314,0.22171,0.38970,0.37325,1.67783,1.67300,1.00000,1.00000,1.00000,0.86626,0.00000,0.13394,2.91441,1.78034,1.00000,1.00000,1.00000
588,0.3073,57901056,53688,0.01384,6.34e-05,0.2853,73.2492,0.00000,0.00000,0.00000,10.00000,1292.44845,0.00000,0.78920,0.00000,0.00000,0.86447,0.00000,0.00000,0.00000,0.00000,0.00000,0.32118,2.19272,1.63357,0.99065,0.98718,1.00000,1032.08618,-0.02504,-0.10173,0.31049,-0.02218,0.50623,0.86411,-0.06590,0.25597,-0.00820,-0.02341,0.22345,0.39336,0.37311,1.75267,1.56667,0.99533,0.99342,1.00000,0.86554,0.00000,0.13511,2.95036,1.88260,1.00000,1.00000,1.00000
589,0.3078,57999360,54163,0.01273,8.35e-05,0.2852,69.6113,0.00000,0.00000,0.00000,10.00000,1271.96624,0.00000,0.68452,0.00000,0.00000,0.86327,0.00000,0.00000,0.00000,0.00000,0.00000,0.32102,2.17469,1.55786,1.00000,1.00000,1.00000,1009.20459,-0.02515,-0.09944,0.30777,-0.02118,0.50622,0.86292,-0.06603,0.25797,-0.00879,-0.02336,0.22252,0.38968,0.37307,1.75834,1.85062,0.99107,0.98551,1.00000,0.86533,0.00000,0.13341,2.93191,1.95647,0.98214,0.97143,1.00000
590,0.3083,58097664,54551,0.01393,6.96e-05,0.2851,83.7824,0.00000,0.00000,0.00000,10.00000,1263.01392,0.00000,0.78108,0.00000,0.00000,0.86230,0.00000,0.00000,0.00000,0.00000,0.00000,0.32145,2.17227,1.53725,1.00000,1.00000,1.00000,1014.00252,-0.02518,-0.09995,0.30690,-0.02131,0.50549,0.86197,-0.06596,0.25726,-0.00925,-0.02311,0.22216,0.38836,0.37291,1.72864,1.53867,0.99010,0.98592,1.00000,0.86456,0.00000,0.13148,2.92173,1.93280,0.98020,0.97183,1.00000
591,0.3088,58195968,54227,0.01407,6.42e-05,0.2851,73.7158,0.00000,0.00000,0.00000,10.00000,1297.71310,0.00000,0.72057,0.00000,0.00000,0.85973,0.00000,0.00000,0.00000,0.00000,0.00000,0.32155,2.14793,1.60959,1.00000,1.00000,1.00000,1016.83211,-0.02538,-0.10021,0.30478,-0.02116,0.50327,0.85936,-0.06520,0.25323,-0.01008,-0.02336,0.22043,0.38527,0.37216,1.74266,1.63000,0.99010,0.98473,1.00000,0.86078,0.00000,0.13344,2.89908,1.88143,0.98020,0.96923,1.00000
592,0.3093,58294272,54432,0.01210,9.24e-05,0.2850,74.8824,0.00000,0.00000,0.00000,10.00000,1287.75590,0.00000,0.77160,0.00000,0.00000,0.85467,0.00000,0.00000,0.00000,0.00000,0.00000,0.32093,2.14249,1.45228,1.00000,1.00000,1.00000,1018.90690,-0.02546,-0.10039,0.30424,-0.02098,0.49958,0.85427,-0.06576,0.25274,-0.00847,-0.02321,0.21931,0.38417,0.37093,1.69750,1.50000,1.00000,1.00000,1.00000,0.85467,0.00000,0.13437,2.89535,1.95757,1.00000,1.00000,1.00000
593,0.3099,58392576,54480,0.01201,1.33e-04,0.2850,79.9916,0.00000,0.00000,0.00000,10.00000,1268.21335,0.00000,0.78189,0.00000,0.00000,0.85185,0.00000,0.00000,0.00000,0.00000,0.00000,0.32083,2.15345,1.71088,1.00000,1.00000,1.00000,1040.72559,-0.02524,-0.10262,0.30552,-0.02102,0.49839,0.85147,-0.06650,0.25647,-0.00886,-0.02275,0.22075,0.38579,0.37088,1.84175,2.07384,0.99383,0.99123,1.00000,0.85439,0.00000,0.13327,2.91150,1.99517,0.98765,0.98148,1.00000
594,0.3104,58490880,54782,0.01418,8.35e-05,0.2849,85.5730,0.00000,0.00000,0.00000,10.00000,1256.76760,0.00000,0.83653,0.00000,0.00000,0.85634,0.00000,0.00000,0.00000,0.00000,0.00000,0.32041,2.18240,1.63178,1.00000,1.00000,1.00000,1036.40137,-0.02498,-0.10220,0.30840,-0.02170,0.50096,0.85596,-0.06677,0.25861,-0.00725,-0.02285,0.22249,0.38932,0.37148,1.74472,2.25384,1.00000,1.00000,1.00000,0.85738,0.00000,0.13268,2.93220,1.86084,1.00000,1.00000,1.00000
595,0.3109,58589184,54410,0.01114,1.20e-04,0.2848,84.9318,0.00000,0.00000,0.00000,10.00000,1254.21009,0.00000,0.80308,0.00000,0.00000,0.86321,0.00000,0.00000,0.00000,0.00000,0.00000,0.32065,2.18383,1.54126,1.00000,1.00000,1.00000,1021.65422,-0.02493,-0.10076,0.30807,-0.02113,0.50529,0.86279,-0.06645,0.25762,-0.00741,-0.02326,0.22228,0.38949,0.37276,1.81091,1.48444,0.99010,0.99315,0.90000,0.86381,0.00000,0.13265,2.92778,2.09493,0.98020,0.98592,0.83333
596,0.3114,58687488,54225,0.01423,9.24e-05,0.2848,81.7916,0.00000,0.00000,0.00000,10.00000,1263.61504,0.00000,0.74830,0.00000,0.00000,0.86623,0.00000,0.00000,0.00000,0.00000,0.00000,0.32006,2.18914,1.47123,1.00000,1.00000,1.00000,1030.56771,-0.02486,-0.10160,0.30972,-0.02158,0.50737,0.86581,-0.06633,0.25963,-0.00834,-0.02328,0.22357,0.39170,0.37345,1.81758,1.61412,0.98980,0.98485,1.00000,0.86725,0.00000,0.13391,2.94662,2.15026,0.97959,0.97015,1.00000
597,0.3119,58785792,54424,0.01440,8.59e-05,0.2847,74.6392,0.00000,0.00000,0.00000,10.00000,1260.22004,0.00000,0.75433,0.00000,0.00000,0.86666,0.00000,0.00000,0.00000,0.00000,0.00000,0.32014,2.18874,1.60136,0.99083,1.00000,0.90909,1003.55802,-0.02485,-0.09900,0.30981,-0.02216,0.50927,0.86621,-0.06539,0.26084,-0.00771,-0.02335,0.22355,0.39174,0.37330,1.77772,2.14200,0.98165,0.98649,0.90909,0.86651,0.00000,0.13339,2.95129,1.97418,0.97248,0.97143,0.90909
598,0.3124,58884096,53985,0.01506,7.61e-05,0.2846,82.2069,0.00000,0.00000,0.00000,10.00000,1266.70093,0.00000,0.79288,0.00000,0.00000,0.86554,0.00000,0.00000,0.00000,0.00000,0.00000,0.32022,2.17995,1.57728,1.00000,1.00000,1.00000,1007.55697,-0.02496,-0.09934,0.30935,-0.02158,0.50769,0.86508,-0.06534,0.26220,-0.00766,-0.02326,0.22320,0.39130,0.37283,1.83748,1.66769,0.99029,0.98639,1.00000,0.86414,0.00000,0.13345,2.95453,2.10769,0.98058,0.97222,1.00000
599,0.3129,58982400,54050,0.01234,1.00e-04,0.2845,76.1369,0.00000,0.00000,0.00000,10.00000,1293.07239,0.00000,0.79932,0.00000,0.00000,0.86095,0.00000,0.00000,0.00000,0.00000,0.00000,0.31988,2.15638,1.45667,1.00000,1.00000,1.00000,992.23324,-0.02501,-0.09786,0.30690,-0.02128,0.50467,0.86055,-0.06560,0.26409,-0.00873,-0.02289,0.22219,0.38748,0.37215,1.61758,1.41875,1.00000,1.00000,1.00000,0.86077,0.00000,0.13211,2.94537,1.80274,1.00000,1.00000,1.00000
600,0.3135,59080704,53536,0.01429,1.03e-04,0.2845,70.8475,0.00000,0.00000,0.00000,10.00000,1271.42298,0.00000,0.78563,0.00000,0.00000,0.85650,0.00000,0.00000,0.00000,0.00000,0.00000,0.32021,2.15325,1.53848,0.98990,0.98592,1.00000,1018.86938,-0.02519,-0.10042,0.30492,-0.02115,0.50210,0.85609,-0.06581,0.26167,-0.00854,-0.02297,0.22118,0.38545,0.37151,1.69019,1.78750,0.99495,0.99286,1.00000,0.85754,0.00000,0.13135,2.91806,1.84789,1.00000,1.00000,1.00000
601,0.3140,59179008,54371,0.01588,9.12e-05,0.2844,80.1512,0.00000,0.00000,0.00000,10.00000,1227.19678,0.00000,0.86806,0.00000,0.00000,0.85479,0.00000,0.00000,0.00000,0.00000,0.00000,0.31960,2.15751,1.53690,0.98958,0.98750,1.00000,1025.42757,-0.02526,-0.10103,0.30449,-0.02121,0.50076,0.85436,-0.06605,0.25736,-0.00801,-0.02298,0.22002,0.38487,0.37144,1.76199,1.87077,0.98958,0.98667,1.00000,0.85720,0.00000,0.13309,2.90142,2.00753,0.98958,0.98571,1.00000
602,0.3145,59277312,54134,0.01280,8.35e-05,0.2843,82.7977,0.00000,0.00000,0.00000,10.00000,1276.18470,0.00000,0.78092,0.00000,0.00000,0.85471,0.00000,0.00000,0.00000,0.00000,0.00000,0.32007,2.15107,1.57773,1.00000,1.00000,1.00000,1019.14795,-0.02538,-0.10054,0.30334,-0.02087,0.50087,0.85428,-0.06574,0.25485,-0.00812,-0.02313,0.21903,0.38372,0.37165,1.70812,1.42235,0.99528,0.99329,1.00000,0.85823,0.00000,0.13309,2.88572,1.85714,0.99057,0.98592,1.00000
603,0.3150,59375616,54811,0.01427,6.99e-05,0.2843,99.3758,0.00000,0.00000,0.00000,10.00000,1292.00197,0.00000,0.72178,0.00000,0.00000,0.85496,0.00000,0.00000,0.00000,0.00000,0.00000,0.32071,2.13394,1.62125,0.98425,0.97727,1.00000,1015.08944,-0.02550,-0.10008,0.30116,-0.02085,0.50166,0.85451,-0.06561,0.25055,-0.00979,-0.02341,0.21811,0.38143,0.37177,1.77722,1.68105,0.98031,0.96970,1.00000,0.85887,0.00000,0.13397,2.86464,1.95548,0.97638,0.96104,1.00000
604,0.3155,59473920,54472,0.01114,8.35e-05,0.2842,78.3891,0.00000,0.00000,0.00000,10.00000,1274.23601,0.00000,0.82041,0.00000,0.00000,0.85060,0.00000,0.00000,0.00000,0.00000,0.00000,0.31974,2.12864,1.53176,1.00000,1.00000,1.00000,1040.49479,-0.02570,-0.10232,0.30063,-0.02097,0.49865,0.85017,-0.06572,0.25170,-0.00972,-0.02299,0.21655,0.37996,0.37072,1.69644,1.84750,1.00000,1.00000,1.00000,0.85359,0.00000,0.13389,2.85456,1.86358,1.00000,1.00000,1.00000
605,0.3160,59572224,54235,0.01232,1.10e-04,0.2841,89.9278,0.00000,0.00000,0.00000,10.00000,1262.35547,0.00000,0.80662,0.00000,0.00000,0.84510,0.00000,0.00000,0.00000,0.00000,0.00000,0.31804,2.12980,1.45792,1.00000,1.00000,1.00000,1036.92253,-0.02552,-0.10218,0.30001,-0.02119,0.49546,0.84472,-0.06616,0.25501,-0.00874,-0.02312,0.21721,0.37974,0.36987,1.69884,1.50857,0.98558,0.98013,1.00000,0.84936,0.00000,0.13424,2.85870,1.93667,0.97115,0.96154,1.00000
606,0.3165,59670528,54032,0.01728,6.96e-05,0.2841,72.4019,0.00000,0.00000,0.00000,10.00000,1258.48277,0.00000,0.71937,0.00000,0.00000,0.84712,0.00000,0.00000,0.00000,0.00000,0.00000,0.31877,2.14294,1.63695,0.98718,0.97959,1.00000,1036.52710,-0.02549,-0.10216,0.30185,-0.02128,0.49606,0.84670,-0.06656,0.25698,-0.00742,-0.02267,0.21819,0.38196,0.37008,1.76909,1.69809,0.99359,0.99010,1.00000,0.85040,0.00000,0.13334,2.88073,1.89484,1.00000,1.00000,1.00000
607,0.3170,59768832,53539,0.01282,1.00e-04,0.2840,84.1867,0.00000,0.00000,0.00000,10.00000,1268.51532,0.00000,0.75908,0.00000,0.00000,0.85246,0.00000,0.00000,0.00000,0.00000,0.00000,0.31887,2.15594,1.54811,1.00000,1.00000,1.00000,1048.84115,-0.02524,-0.10335,0.30412,-0.02145,0.49934,0.85211,-0.06631,0.25762,-0.00827,-0.02317,0.21942,0.38490,0.37116,1.70258,1.79647,1.00000,1.00000,1.00000,0.85581,0.00000,0.13382,2.90505,1.84370,1.00000,1.00000,1.00000
608,0.3176,59867136,54760,0.01520,7.70e-05,0.2839,81.2509,0.00000,0.00000,0.00000,10.00000,1274.41118,0.00000,0.72751,0.00000,0.00000,0.85625,0.00000,0.00000,0.00000,0.00000,0.00000,0.31878,2.17263,1.43600,0.98810,0.98214,1.00000,1011.39103,-0.02492,-0.09986,0.30777,-0.02140,0.50311,0.85585,-0.06608,0.26217,-0.00717,-0.02274,0.22238,0.38952,0.37240,1.71587,1.45625,0.98810,0.98182,1.00000,0.86202,0.00000,0.13402,2.94408,2.01410,0.98810,0.98148,1.00000
609,0.3181,59965440,52971,0.01094,1.11e-04,0.2839,83.3876,0.00000,0.00000,0.00000,10.00000,1269.16300,0.00000,0.81446,0.00000,0.00000,0.85912,0.00000,0.00000,0.00000,0.00000,0.00000,0.31825,2.17655,1.63659,1.00000,1.00000,1.00000,1031.47282,-0.02498,-0.10167,0.30700,-0.02066,0.50417,0.85875,-0.06657,0.26507,-0.00856,-0.02288,0.22294,0.38837,0.37301,1.76096,1.65412,0.99515,0.99338,1.00000,0.86504,0.00000,0.13168,2.94074,1.89949,0.99029,0.98630,1.00000
610,0.3186,60063744,53742,0.01543,9.24e-05,0.2838,86.3678,0.00000,0.00000,0.00000,10.00000,1276.15446,0.00000,0.74074,0.00000,0.00000,0.86192,0.00000,0.00000,0.00000,0.00000,0.00000,0.31882,2.18047,1.50025,1.00000,1.00000,1.00000,1015.94613,-0.02510,-0.10023,0.30643,-0.02089,0.50576,0.86154,-0.06635,0.25977,-0.00879,-0.02340,0.22269,0.38804,0.37276,1.76975,2.13684,0.99524,0.99286,1.00000,0.86378,0.00000,0.13207,2.91661,2.05325,0.99048,0.98507,1.00000
611,0.3191,60162048,53954,0.01481,1.09e-04,0.2837,81.2695,0.00000,0.00000,0.00000,10.00000,1293.19386,0.00000,0.76696,0.00000,0.00000,0.85950,0.00000,0.00000,0.00000,0.00000,0.00000,0.31877,2.17692,1.41843,1.00000,1.00000,1.00000,1014.79386,-0.02527,-0.09989,0.30548,-0.02099,0.50445,0.85914,-0.06658,0.25753,-0.00823,-0.02319,0.22187,0.38666,0.37263,1.69453,1.77529,0.99558,0.99359,1.00000,0.86313,0.00000,0.13182,2.89823,1.99060,0.99115,0.98684,1.00000
612,0.3196,60260352,53481,0.01263,1.24e-04,0.2836,82.2377,0.00000,0.00000,0.00000,10.00000,1233.71994,0.00000,0.80918,0.00000,0.00000,0.85794,0.00000,0.00000,0.00000,0.00000,0.00000,0.31898,2.16085,1.50232,0.98913,0.98413,1.00000,1033.62215,-0.02543,-0.10190,0.30421,-0.02122,0.50315,0.85753,-0.06618,0.25774,-0.00750,-0.02288,0.22021,0.38449,0.37258,1.72389,1.74286,0.97826,0.97015,1.00000,0.86292,0.00000,0.13157,2.89311,1.92773,0.96739,0.95775,1.00000
613,0.3202,60358656,52802,0.01461,1.00e-04,0.2835,71.3878,0.00000,0.00000,0.00000,10.00000,1260.69753,0.00000,0.81439,0.00000,0.00000,0.85704,0.00000,0.00000,0.00000,0.00000,0.00000,0.31957,2.17204,1.62892,1.00000,1.00000,1.00000,1048.46631,-0.02511,-0.10317,0.30619,-0.02162,0.50290,0.85667,-0.06662,0.25657,-0.00961,-0.02302,0.22138,0.38754,0.37215,1.74704,1.80308,1.00000,1.00000,1.00000,0.86076,0.00000,0.13323,2.90810,1.87559,1.00000,1.00000,1.00000
614,0.3207,60456960,54511,0.01475,1.04e-04,0.2834,74.0925,0.00000,0.00000,0.00000,10.00000,1273.93007,0.00000,0.80247,0.00000,0.00000,0.85722,0.00000,0.00000,0.00000,0.00000,0.00000,0.31791,2.19668,1.47419,0.98765,0.98305,1.00000,1037.00635,-0.02504,-0.10217,0.30901,-0.02106,0.50305,0.85690,-0.06702,0.26262,-0.00773,-0.02264,0.22376,0.39043,0.37223,1.68049,2.11667,0.98765,0.98291,1.00000,0.86115,0.00000,0.13257,2.94002,1.89729,0.98765,0.98276,1.00000
615,0.3212,60555264,53320,0.01363,8.35e-05,0.2834,63.4265,0.00000,0.00000,0.00000,10.00000,1296.59423,0.00000,0.69301,0.00000,0.00000,0.86271,0.00000,0.00000,0.00000,0.00000,0.00000,0.31861,2.21356,1.52952,1.00000,1.00000,1.00000,1029.31291,-0.02480,-0.10149,0.31226,-0.02132,0.50631,0.86236,-0.06696,0.26438,-0.00938,-0.02280,0.22660,0.39399,0.37355,1.70030,1.88571,0.98969,0.98347,1.00000,0.86777,0.00000,0.13226,2.96677,1.85400,0.97938,0.96923,1.00000
616,0.3217,60653568,54507,0.01340,1.04e-04,0.2833,76.5182,0.00000,0.00000,0.00000,10.00000,1278.93473,0.00000,0.82437,0.00000,0.00000,0.86879,0.00000,0.00000,0.00000,0.00000,0.00000,0.31876,2.22098,1.55117,1.00000,1.00000,1.00000,986.86873,-0.02478,-0.09730,0.31230,-0.02138,0.51073,0.86839,-0.06633,0.26374,-0.00797,-0.02271,0.22674,0.39425,0.37437,1.68904,1.60250,1.00000,1.00000,1.00000,0.87185,0.00000,0.13133,2.96112,1.84290,1.00000,1.00000,1.00000
617,0.3222,60751872,54395,0.01400,9.83e-05,0.2832,83.7684,0.00000,0.00000,0.00000,10.00000,1252.25774,0.00000,0.75661,0.00000,0.00000,0.86604,0.00000,0.00000,0.00000,0.00000,0.00000,0.31822,2.22679,1.55663,0.99048,1.00000,0.87500,986.92896,-0.02474,-0.09738,0.31301,-0.02141,0.50926,0.86565,-0.06594,0.26562,-0.00710,-0.02293,0.22760,0.39514,0.37365,1.73962,1.78444,0.97619,0.97203,0.94444,0.86826,0.00000,0.13059,2.96286,1.94213,0.96190,0.94118,1.00000
618,0.3227,60850176,53453,0.01420,9.32e-05,0.2831,107.6831,0.00000,0.00000,0.00000,10.00000,1280.50031,0.00000,0.74444,0.00000,0.00000,0.86335,0.00000,0.00000,0.00000,0.00000,0.00000,0.31697,2.21434,1.44727,1.00000,1.00000,1.00000,1018.82715,-0.02487,-0.10032,0.31010,-0.02078,0.50704,0.86296,-0.06611,0.26638,-0.01103,-0.02294,0.22603,0.39132,0.37296,1.62132,1.65889,0.99000,0.98507,1.00000,0.86482,0.00000,0.13028,2.93155,1.80243,0.98000,0.96970,1.00000
619,0.3232,60948480,54877,0.01288,9.24e-05,0.2830,79.0314,0.00000,0.00000,0.00000,10.00000,1266.64704,0.00000,0.79861,0.00000,0.00000,0.86374,0.00000,0.00000,0.00000,0.00000,0.00000,0.31664,2.20574,1.62628,0.99107,0.98750,1.00000,1008.05290,-0.02493,-0.09935,0.30837,-0.02056,0.50607,0.86336,-0.06620,0.26551,-0.00798,-0.02297,0.22497,0.38962,0.37262,1.72351,1.69091,0.98661,0.98137,1.00000,0.86308,0.00000,0.13058,2.93198,1.82188,0.98214,0.97531,1.00000
620,0.3237,61046784,54376,0.01445,9.32e-05,0.2830,89.3857,0.00000,0.00000,0.00000,10.00000,1230.53049,0.00000,0.79710,0.00000,0.00000,0.86215,0.00000,0.00000,0.00000,0.00000,0.00000,0.31650,2.19473,1.64533,1.00000,1.00000,1.00000,1004.66602,-0.02485,-0.09900,0.30892,-0.02149,0.50481,0.86169,-0.06614,0.26647,-0.00897,-0.02282,0.22435,0.39070,0.37223,1.83761,1.84000,0.99457,0.99242,1.00000,0.86113,0.00000,0.13267,2.94764,2.02737,0.98913,0.98529,1.00000
621,0.3243,61145088,54048,0.01357,9.32e-05,0.2829,76.5798,0.00000,0.00000,0.00000,10.00000,1281.02011,0.00000,0.75358,0.00000,0.00000,0.86051,0.00000,0.00000,0.00000,0.00000,0.00000,0.31649,2.18580,1.47630,1.00000,1.00000,1.00000,1004.82780,-0.02484,-0.09908,0.30911,-0.02127,0.50461,0.86006,-0.06623,0.27137,-0.00876,-0.02282,0.22445,0.39048,0.37217,1.68602,1.98700,0.99505,0.99270,1.00000,0.86084,0.00000,0.13072,2.96166,1.91253,0.99010,0.98485,1.00000
622,0.3248,61243392,54593,0.01538,9.24e-05,0.2829,88.1121,0.00000,0.00000,0.00000,10.00000,1272.22009,0.00000,0.76319,0.00000,0.00000,0.86140,0.00000,0.00000,0.00000,0.00000,0.00000,0.31678,2.18578,1.51417,0.98990,0.98485,1.00000,994.91886,-0.02493,-0.09815,0.30799,-0.02100,0.50567,0.86104,-0.06627,0.27014,-0.00780,-0.02280,0.22384,0.38962,0.37268,1.77718,1.42857,0.99495,0.99265,1.00000,0.86338,0.00000,0.13033,2.95605,2.02312,1.00000,1.00000,1.00000
623,0.3253,61341696,54052,0.01216,1.33e-04,0.2828,82.4145,0.00000,0.00000,0.00000,10.00000,1284.63302,0.00000,0.78579,0.00000,0.00000,0.86097,0.00000,0.00000,0.00000,0.00000,0.00000,0.31714,2.17514,1.59281,1.00000,1.00000,1.00000,999.35799,-0.02496,-0.09853,0.30811,-0.02121,0.50586,0.86060,-0.06593,0.26800,-0.00826,-0.02310,0.22280,0.38939,0.37268,1.68232,1.81875,0.99550,0.99363,1.00000,0.86342,0.00000,0.13111,2.95036,1.77831,0.99099,0.98701,1.00000
624,0.3258,61440000,53857,0.01565,8.05e-05,0.2828,86.4848,0.00000,0.00000,0.00000,10.00000,1249.18305,0.00000,0.81418,0.00000,0.00000,0.85904,0.00000,0.00000,0.00000,0.00000,0.00000,0.31683,2.14578,1.57957,1.00000,1.00000,1.00000,1024.73747,-0.02540,-0.10106,0.30347,-0.02091,0.50341,0.85865,-0.06608,0.26436,-0.00737,-0.02337,0.21946,0.38348,0.37230,1.73604,1.43733,0.98707,0.98235,1.00000,0.86149,0.00000,0.13141,2.90881,1.89955,0.97414,0.96471,1.00000
625,0.3263,61538304,55101,0.01726,6.82e-05,0.2827,86.4867,0.00000,0.00000,0.00000,10.00000,1270.41222,0.00000,0.82397,0.00000,0.00000,0.85541,0.00000,0.00000,0.00000,0.00000,0.00000,0.31771,2.15173,1.51528,1.00000,1.00000,1.00000,1028.58016,-0.02544,-0.10139,0.30342,-0.02101,0.50095,0.85506,-0.06645,0.26055,-0.00852,-0.02290,0.21992,0.38408,0.37171,1.69532,1.74000,1.00000,1.00000,1.00000,0.85853,0.00000,0.13224,2.89911,1.88319,1.00000,1.00000,1.00000
626,0.3268,61636608,53453,0.01494,4.85e-05,0.2827,81.0745,0.00000,0.00000,0.00000,10.00000,1279.43858,0.00000,0.83058,0.00000,0.00000,0.85307,0.00000,0.00000,0.00000,0.00000,0.00000,0.31788,2.15524,1.49634,1.00000,1.00000,1.00000,1021.41154,-0.02527,-0.10070,0.30315,-0.02137,0.49997,0.85273,-0.06595,0.25905,-0.00790,-0.02286,0.21930,0.38376,0.37140,1.74494,1.55750,0.99505,0.99338,1.00000,0.85699,0.00000,0.13227,2.89614,2.01316,0.99010,0.98649,1.00000
627,0.3273,61734912,53915,0.01026,7.61e-05,0.2827,92.3915,0.00000,0.00000,0.00000,10.00000,1280.83635,0.00000,0.67407,0.00000,0.00000,0.85428,0.00000,0.00000,0.00000,0.00000,0.00000,0.31792,2.17787,1.50140,1.00000,1.00000,1.00000,1034.82438,-0.02496,-0.10196,0.30755,-0.02127,0.50028,0.85390,-0.06586,0.26186,-0.00844,-0.02276,0.22237,0.38837,0.37147,1.69225,1.66091,0.98667,0.97802,1.00000,0.85736,0.00000,0.13238,2.92987,1.89370,0.97333,0.95455,1.00000
628,0.3278,61833216,54455,0.01407,6.42e-05,0.2826,84.2900,0.00000,0.00000,0.00000,10.00000,1257.61994,0.00000,0.75661,0.00000,0.00000,0.85879,0.00000,0.00000,0.00000,0.00000,0.00000,0.31749,2.18276,1.51675,0.99048,0.98571,1.00000,1027.08301,-0.02483,-0.10121,0.30903,-0.02118,0.50242,0.85840,-0.06605,0.26433,-0.00799,-0.02293,0.22413,0.39022,0.37211,1.75725,1.76476,0.98095,0.97203,1.00000,0.86055,0.00000,0.13238,2.95214,1.99775,0.97143,0.95890,1.00000
629,0.3284,61931520,53083,0.01346,6.47e-05,0.2825,84.4366,0.00000,0.00000,0.00000,10.00000,1307.09615,0.00000,0.75092,0.00000,0.00000,0.86346,0.00000,0.00000,0.00000,0.00000,0.00000,0.31650,2.20217,1.44274,1.00000,1.00000,1.00000,1006.25960,-0.02486,-0.09921,0.30996,-0.02100,0.50517,0.86311,-0.06630,0.26914,-0.00694,-0.02259,0.22501,0.39124,0.37284,1.67180,1.61059,0.99451,0.99187,1.00000,0.86422,0.00000,0.13077,2.96015,1.92515,0.98901,0.98305,1.00000
630,0.3289,62029824,50921,0.01307,8.70e-05,0.2825,84.2774,0.00000,0.00000,0.00000,10.00000,1265.36250,0.00000,0.83333,0.00000,0.00000,0.86411,0.00000,0.00000,0.00000,0.00000,0.00000,0.31720,2.20306,1.47038,1.00000,1.00000,1.00000,1013.07479,-0.02473,-0.09986,0.30997,-0.02072,0.50695,0.86374,-0.06604,0.26591,-0.00753,-0.02292,0.22517,0.39139,0.37329,1.68286,1.82000,0.99500,0.99333,1.00000,0.86647,0.00000,0.13139,2.95028,1.88756,0.99000,0.98701,1.00000
631,0.3294,62128128,54897,0.01554,6.47e-05,0.2824,83.8645,0.00000,0.00000,0.00000,10.00000,1290.89093,0.00000,0.72816,0.00000,0.00000,0.86483,0.00000,0.00000,0.00000,0.00000,0.00000,0.31641,2.18427,1.47225,1.00000,1.00000,1.00000,1003.79297,-0.02496,-0.09901,0.30710,-0.02067,0.50621,0.86448,-0.06583,0.26583,-0.00707,-0.02317,0.22309,0.38799,0.37281,1.64943,1.40000,0.99029,0.98519,1.00000,0.86404,0.00000,0.13192,2.93451,1.83351,0.98058,0.97059,1.00000
632,0.3299,62226432,53326,0.01248,6.96e-05,0.2824,102.1647,0.00000,0.00000,0.00000,10.00000,1265.54916,0.00000,0.78065,0.00000,0.00000,0.86208,0.00000,0.00000,0.00000,0.00000,0.00000,0.31680,2.16861,1.39681,0.98276,0.98837,0.90000,1016.06999,-0.02501,-0.10008,0.30658,-0.02121,0.50508,0.86171,-0.06589,0.26512,-0.00934,-0.02335,0.22227,0.38707,0.37269,1.73714,1.39300,0.98707,0.99387,0.90476,0.86346,0.00000,0.13196,2.93365,2.10068,0.99138,1.00000,0.90909
633,0.3305,62324736,53938,0.01287,9.12e-05,0.2823,62.1057,0.00000,0.00000,0.00000,10.00000,1287.57503,0.00000,0.83028,0.00000,0.00000,0.85929,0.00000,0.00000,0.00000,0.00000,0.00000,0.31707,2.16149,1.57099,0.98901,0.98571,1.00000,1030.80615,-0.02518,-0.10163,0.30545,-0.02110,0.50298,0.85892,-0.06576,0.26186,-0.00874,-0.02287,0.22133,0.38585,0.37216,1.70927,1.58000,0.99451,0.99265,1.00000,0.86080,0.00000,0.13295,2.91537,1.85582,1.00000,1.00000,1.00000
634,0.3310,62423040,53953,0.01215,1.16e-04,0.2822,69.8298,0.00000,0.00000,0.00000,10.00000,1265.18825,0.00000,0.74967,0.00000,0.00000,0.85657,0.00000,0.00000,0.00000,0.00000,0.00000,0.31780,2.17612,1.52095,1.00000,1.00000,1.00000,1018.00570,-0.02503,-0.10043,0.30666,-0.02120,0.50127,0.85611,-0.06596,0.26253,-0.00886,-0.02263,0.22217,0.38730,0.37146,1.80125,1.57882,0.99398,0.99107,1.00000,0.85730,0.00000,0.13178,2.92496,2.07292,0.98795,0.98246,1.00000
635,0.3315,62521344,53476,0.01685,8.39e-05,0.2821,77.8398,0.00000,0.00000,0.00000,10.00000,1271.23828,0.00000,0.82621,0.00000,0.00000,0.85672,0.00000,0.00000,0.00000,0.00000,0.00000,0.31814,2.19529,1.43082,1.00000,1.00000,1.00000,996.65999,-0.02475,-0.09833,0.30982,-0.02116,0.50283,0.85645,-0.06511,0.26412,-0.00783,-0.02239,0.22499,0.39113,0.37152,1.71226,1.69500,1.00000,1.00000,1.00000,0.85762,0.00000,0.13121,2.95140,1.98476,1.00000,1.00000,1.00000
636,0.3320,62619648,55101,0.01177,1.03e-04,0.2820,64.6333,0.00000,0.00000,0.00000,10.00000,1247.26376,0.00000,0.77472,0.00000,0.00000,0.86087,0.00000,0.00000,0.00000,0.00000,0.00000,0.31741,2.20928,1.66482,1.00000,1.00000,1.00000,1002.06055,-0.02474,-0.09880,0.31112,-0.02078,0.50450,0.86053,-0.06583,0.26769,-0.00748,-0.02269,0.22649,0.39255,0.37232,1.82241,1.89176,0.98165,0.98026,0.94118,0.86161,0.00000,0.13065,2.96440,1.98000,0.96330,0.96053,0.90000
637,0.3325,62717952,54094,0.01439,1.00e-04,0.2819,84.6466,0.00000,0.00000,0.00000,10.00000,1290.21261,0.00000,0.83333,0.00000,0.00000,0.86179,0.00000,0.00000,0.00000,0.00000,0.00000,0.31690,2.19844,1.70298,0.98810,0.98438,1.00000,1009.79761,-0.02488,-0.09957,0.30884,-0.02061,0.50552,0.86144,-0.06581,0.26593,-0.00775,-0.02256,0.22567,0.39008,0.37299,1.70331,1.50250,0.99405,0.99206,1.00000,0.86495,0.00000,0.13154,2.94474,1.70364,1.00000,1.00000,1.00000
638,0.3330,62816256,53498,0.01419,1.04e-04,0.2818,78.3816,0.00000,0.00000,0.00000,10.00000,1295.55483,0.00000,0.65657,0.00000,0.00000,0.86222,0.00000,0.00000,0.00000,0.00000,0.00000,0.31765,2.19054,1.45351,0.99091,1.00000,0.90909,1019.14502,-0.02482,-0.10054,0.30891,-0.02089,0.50621,0.86180,-0.06607,0.26467,-0.00882,-0.02283,0.22519,0.39084,0.37317,1.73600,1.57800,0.98636,1.00000,0.86364,0.86587,0.00000,0.13209,2.95239,2.01105,0.98182,1.00000,0.81818
639,0.3335,62914560,54398,0.01273,9.24e-05,0.2817,88.9978,0.00000,0.00000,0.00000,10.00000,1274.60447,0.00000,0.77887,0.00000,0.00000,0.86300,0.00000,0.00000,0.00000,0.00000,0.00000,0.31786,2.18524,1.54476,0.99020,0.98667,1.00000,1011.47257,-0.02490,-0.09971,0.30757,-0.02084,0.50668,0.86267,-0.06575,0.26330,-0.00770,-0.02297,0.22388,0.38893,0.37320,1.71834,1.74625,0.99020,0.98601,1.00000,0.86600,0.00000,0.13191,2.93635,1.91808,0.99020,0.98529,1.00000
640,0.3340,63012864,54404,0.01303,9.32e-05,0.2817,88.3169,0.00000,0.00000,0.00000,10.00000,1286.85412,0.00000,0.75253,0.00000,0.00000,0.85931,0.00000,0.00000,0.00000,0.00000,0.00000,0.31796,2.17370,1.58481,1.00000,1.00000,1.00000,998.51156,-0.02494,-0.09850,0.30685,-0.02160,0.50414,0.85892,-0.06544,0.26132,-0.00760,-0.02290,0.22292,0.38788,0.37213,1.79439,1.62444,0.99545,0.99329,1.00000,0.86066,0.00000,0.13207,2.92494,2.00667,0.99091,0.98684,1.00000
641,0.3346,63111168,53971,0.01656,5.69e-05,0.2816,80.8994,0.00000,0.00000,0.00000,10.00000,1316.80160,0.00000,0.67766,0.00000,0.00000,0.85722,0.00000,0.00000,0.00000,0.00000,0.00000,0.31779,2.16870,1.53088,1.00000,1.00000,1.00000,991.07699,-0.02509,-0.09771,0.30611,-0.02149,0.50210,0.85685,-0.06591,0.26441,-0.00773,-0.02234,0.22230,0.38693,0.37151,1.70275,1.73100,1.00000,1.00000,1.00000,0.85754,0.00000,0.13103,2.92745,1.88825,1.00000,1.00000,1.00000
642,0.3351,63209472,54135,0.00891,8.70e-05,0.2816,82.4714,0.00000,0.00000,0.00000,10.00000,1292.34480,0.00000,0.72165,0.00000,0.00000,0.85395,0.00000,0.00000,0.00000,0.00000,0.00000,0.31754,2.16083,1.61351,1.00000,1.00000,1.00000,1023.55111,-0.02521,-0.10096,0.30419,-0.02059,0.49991,0.85356,-0.06601,0.26452,-0.00784,-0.02257,0.22189,0.38408,0.37127,1.72479,1.67667,0.98969,0.98413,1.00000,0.85637,0.00000,0.13050,2.91485,1.84588,0.97938,0.96721,1.00000
643,0.3356,63307776,54574,0.01297,1.12e-04,0.2815,76.5579,0.00000,0.00000,0.00000,10.00000,1277.34144,0.00000,0.78704,0.00000,0.00000,0.85523,0.00000,0.00000,0.00000,0.00000,0.00000,0.31734,2.16012,1.47392,1.00000,1.00000,1.00000,1019.85010,-0.02515,-0.10061,0.30428,-0.02090,0.50006,0.85486,-0.06613,0.26273,-0.00817,-0.02280,0.22208,0.38455,0.37153,1.71607,1.97636,0.99537,0.99346,1.00000,0.85763,0.00000,0.13142,2.91605,1.94381,0.99074,0.98734,1.00000
644,0.3361,63406080,52982,0.01587,1.03e-04,0.2815,80.2952,0.00000,0.00000,0.00000,10.00000,1291.34115,0.00000,0.75049,0.00000,0.00000,0.85554,0.00000,0.00000,0.00000,0.00000,0.00000,0.31653,2.14911,1.47429,1.00000,1.00000,1.00000,1023.32121,-0.02532,-0.10082,0.30286,-0.02062,0.50071,0.85519,-0.06575,0.26410,-0.00970,-0.02299,0.22130,0.38254,0.37168,1.64580,1.37333,0.99561,0.99351,1.00000,0.85842,0.00000,0.13153,2.90015,1.81529,0.99123,0.98718,1.00000
645,0.3366,63504384,53671,0.01273,1.20e-04,0.2814,95.3884,0.00000,0.00000,0.00000,10.00000,1287.50210,0.00000,0.75321,0.00000,0.00000,0.85663,0.00000,0.00000,0.00000,0.00000,0.00000,0.31737,2.12850,1.49800,1.00000,1.00000,1.00000,1025.28849,-0.02542,-0.10097,0.30067,-0.02071,0.50167,0.85621,-0.06580,0.25985,-0.00873,-0.02310,0.21796,0.38027,0.37196,1.64346,1.56353,0.99038,0.98582,1.00000,0.85981,0.00000,0.13242,2.88225,1.79658,0.98077,0.97183,1.00000
646,0.3371,63602688,53918,0.01772,6.34e-05,0.2813,91.1469,0.00000,0.00000,0.00000,10.00000,1253.11865,0.00000,0.81197,0.00000,0.00000,0.85255,0.00000,0.00000,0.00000,0.00000,0.00000,0.31775,2.14440,1.44696,1.00000,1.00000,1.00000,1028.75618,-0.02538,-0.10139,0.30209,-0.02068,0.49922,0.85212,-0.06645,0.26105,-0.00897,-0.02267,0.21935,0.38216,0.37136,1.68613,1.67143,0.98352,0.97744,1.00000,0.85678,0.00000,0.13163,2.89271,1.92882,0.96703,0.95522,1.00000
647,0.3377,63700992,54360,0.01122,9.13e-05,0.2813,78.3164,0.00000,0.00000,0.00000,10.00000,1301.93883,0.00000,0.76832,0.00000,0.00000,0.85230,0.00000,0.00000,0.00000,0.00000,0.00000,0.31712,2.13580,1.50113,1.00000,1.00000,1.00000,1050.77653,-0.02534,-0.10334,0.30192,-0.02080,0.49868,0.85195,-0.06629,0.26204,-0.01138,-0.02295,0.21961,0.38172,0.37145,1.66104,1.91333,0.98936,0.98462,1.00000,0.85724,0.00000,0.13206,2.89629,1.84127,0.97872,0.96774,1.00000
648,0.3382,63799296,55373,0.01076,1.11e-04,0.2812,78.9965,0.00000,0.00000,0.00000,10.00000,1292.01975,0.00000,0.72650,0.00000,0.00000,0.85508,0.00000,0.00000,0.00000,0.00000,0.00000,0.31730,2.17389,1.56174,0.97802,0.96774,1.00000,1033.57161,-0.02508,-0.10182,0.30726,-0.02119,0.50094,0.85474,-0.06679,0.26570,-0.00723,-0.02257,0.22334,0.38817,0.37185,1.75096,1.80823,0.98901,0.98319,1.00000,0.85923,0.00000,0.13177,2.94332,1.94879,1.00000,1.00000,1.00000
649,0.3387,63897600,54003,0.01553,8.39e-05,0.2812,73.8179,0.00000,0.00000,0.00000,10.00000,1260.01058,0.00000,0.73495,0.00000,0.00000,0.86017,0.00000,0.00000,0.00000,0.00000,0.00000,0.31710,2.19472,1.51135,1.00000,1.00000,1.00000,1007.84896,-0.02488,-0.09944,0.30973,-0.02145,0.50451,0.85975,-0.06643,0.26632,-0.00771,-0.02275,0.22534,0.39105,0.37282,1.63959,1.51727,0.97917,0.96850,1.00000,0.86411,0.00000,0.13242,2.95945,1.77139,0.95833,0.93750,1.00000
650,0.3392,63995904,55222,0.01192,1.10e-04,0.2811,66.3855,0.00000,0.00000,0.00000,10.00000,1259.01246,0.00000,0.82397,0.00000,0.00000,0.86123,0.00000,0.00000,0.00000,0.00000,0.00000,0.31594,2.21566,1.39079,0.98876,0.98592,1.00000,988.37329,-0.02477,-0.09755,0.31214,-0.02103,0.50613,0.86093,-0.06634,0.27328,-0.00729,-0.02230,0.22818,0.39407,0.37294,1.58886,1.45538,0.97191,0.96212,1.00000,0.86468,0.00000,0.13072,2.98092,1.82406,0.95506,0.93443,1.00000
651,0.3397,64094208,54631,0.01622,8.35e-05,0.2810,72.0246,0.00000,0.00000,0.00000,10.00000,1288.69933,0.00000,0.78401,0.00000,0.00000,0.86459,0.00000,0.00000,0.00000,0.00000,0.00000,0.31478,2.21017,1.48612,0.98131,0.97436,1.00000,986.24032,-0.02482,-0.09728,0.31084,-0.02084,0.50703,0.86423,-0.06627,0.27569,-0.00718,-0.02252,0.22820,0.39243,0.37334,1.72439,1.93200,0.99065,0.98675,1.00000,0.86672,0.00000,0.12936,2.98181,1.98076,1.00000,1.00000,1.00000
652,0.3402,64192512,53060,0.01280,1.10e-04,0.2810,82.8580,0.00000,0.00000,0.00000,10.00000,1274.32797,0.00000,0.75196,0.00000,0.00000,0.86409,0.00000,0.00000,0.00000,0.00000,0.00000,0.31419,2.18477,1.55048,1.00000,1.00000,1.00000,993.31836,-0.02486,-0.09793,0.30852,-0.02091,0.50686,0.86367,-0.06600,0.27510,-0.00648,-0.02261,0.22573,0.38979,0.37337,1.76667,1.68261,0.99495,0.99254,1.00000,0.86686,0.00000,0.13169,2.97420,2.01889,0.98990,0.98387,1.00000
653,0.3407,64290816,53341,0.01432,1.04e-04,0.2809,64.2087,0.00000,0.00000,0.00000,10.00000,1253.72717,0.00000,0.78744,0.00000,0.00000,0.86108,0.00000,0.00000,0.00000,0.00000,0.00000,0.31445,2.16991,1.54234,0.99130,1.00000,0.91667,1001.74227,-0.02497,-0.09871,0.30745,-0.02104,0.50545,0.86072,-0.06547,0.27545,-0.00900,-0.02289,0.22417,0.38842,0.37315,1.70559,1.82750,0.99130,0.99387,0.95833,0.86575,0.00000,0.13128,2.96449,1.87239,0.99130,0.98765,1.00000
654,0.3413,64389120,54545,0.01411,1.34e-04,0.2808,93.6265,0.00000,0.00000,0.00000,10.00000,1315.59392,0.00000,0.78853,0.00000,0.00000,0.86083,0.00000,0.00000,0.00000,0.00000,0.00000,0.31511,2.16639,1.51761,0.98925,0.98507,1.00000,1006.32796,-0.02510,-0.09911,0.30735,-0.02106,0.50436,0.86047,-0.06610,0.27383,-0.00906,-0.02255,0.22336,0.38829,0.37266,1.67791,1.52667,0.99462,0.99242,1.00000,0.86329,0.00000,0.13112,2.96102,1.83821,1.00000,1.00000,1.00000
655,0.3418,64487424,54174,0.01537,8.70e-05,0.2807,76.3935,0.00000,0.00000,0.00000,10.00000,1271.34949,0.00000,0.74543,0.00000,0.00000,0.85688,0.00000,0.00000,0.00000,0.00000,0.00000,0.31493,2.18591,1.43531,1.00000,1.00000,1.00000,1014.73242,-0.02486,-0.09985,0.30925,-0.02120,0.50266,0.85650,-0.06623,0.27675,-0.00875,-0.02226,0.22533,0.39062,0.37209,1.65984,1.57778,1.00000,1.00000,1.00000,0.86046,0.00000,0.13045,2.97783,1.89933,1.00000,1.00000,1.00000
656,0.3423,64585728,55101,0.01528,6.96e-05,0.2806,64.0348,0.00000,0.00000,0.00000,10.00000,1256.46800,0.00000,0.87015,0.00000,0.00000,0.86003,0.00000,0.00000,0.00000,0.00000,0.00000,0.31433,2.20694,1.61800,0.98795,0.98485,1.00000,997.23527,-0.02460,-0.09838,0.31094,-0.02044,0.50510,0.85978,-0.06589,0.28080,-0.00766,-0.02215,0.22804,0.39286,0.37298,1.78118,2.29000,0.98795,0.98462,1.00000,0.86491,0.00000,0.12892,3.00385,1.95424,0.98795,0.98438,1.00000
657,0.3428,64684032,54904,0.01213,1.00e-04,0.2805,84.2289,0.00000,0.00000,0.00000,10.00000,1274.76517,0.00000,0.77457,0.00000,0.00000,0.86707,0.00000,0.00000,0.00000,0.00000,0.00000,0.31534,2.22414,1.68048,0.99038,0.98718,1.00000,982.78605,-0.02449,-0.09694,0.31353,-0.02156,0.50940,0.86674,-0.06531,0.27926,-0.00705,-0.02262,0.22944,0.39646,0.37388,1.77000,1.68118,0.99038,0.98621,1.00000,0.86938,0.00000,0.12987,3.01412,1.86895,0.99038,0.98507,1.00000
658,0.3433,64782336,53562,0.01316,1.21e-04,0.2804,77.7942,0.00000,0.00000,0.00000,10.00000,1289.84222,0.00000,0.78502,0.00000,0.00000,0.86922,0.00000,0.00000,0.00000,0.00000,0.00000,0.31557,2.22005,1.42253,1.00000,1.00000,1.00000,984.43237,-0.02454,-0.09706,0.31351,-0.02107,0.51043,0.86887,-0.06553,0.28025,-0.00776,-0.02248,0.22945,0.39587,0.37403,1.75141,2.44500,1.00000,1.00000,1.00000,0.87016,0.00000,0.12896,3.01579,2.08028,1.00000,1.00000,1.00000
659,0.3438,64880640,53944,0.02021,8.19e-05,0.2803,58.7040,0.00000,0.00000,0.00000,10.00000,1271.21774,0.00000,0.78189,0.00000,0.00000,0.86627,0.00000,0.00000,0.00000,0.00000,0.00000,0.31578,2.20585,1.43879,0.99074,0.98630,1.00000,981.98486,-0.02471,-0.09694,0.31100,-0.02072,0.50866,0.86591,-0.06515,0.27962,-0.00666,-0.02259,0.22780,0.39272,0.37347,1.66913,1.83182,0.99537,0.99342,1.00000,0.86733,0.00000,0.12763,2.99705,1.88155,1.00000,1.00000,1.00000
660,0.3443,64978944,53723,0.02122,6.42e-05,0.2803,77.4687,0.00000,0.00000,0.00000,10.00000,1293.23031,0.00000,0.75556,0.00000,0.00000,0.86203,0.00000,0.00000,0.00000,0.00000,0.00000,0.31619,2.18060,1.54861,0.99000,0.98611,1.00000,970.96126,-0.02502,-0.09581,0.30857,-0.01987,0.50661,0.86171,-0.06525,0.27737,-0.00682,-0.02236,0.22579,0.38911,0.37313,1.71061,1.76923,0.98500,0.97794,1.00000,0.86565,0.00000,0.12711,2.98062,1.89882,0.98000,0.96875,1.00000
661,0.3448,65077248,53206,0.01445,5.59e-05,0.2802,88.0876,0.00000,0.00000,0.00000,10.00000,1277.50819,0.00000,0.83064,0.00000,0.00000,0.86054,0.00000,0.00000,0.00000,0.00000,0.00000,0.31663,2.16844,1.59204,0.99029,0.98810,1.00000,965.83032,-0.02485,-0.09526,0.30855,-0.02100,0.50638,0.86017,-0.06482,0.27487,-0.00720,-0.02254,0.22545,0.38940,0.37315,1.78407,1.77000,0.99029,0.98701,1.00000,0.86577,0.00000,0.12909,2.97919,2.01243,0.99029,0.98571,1.00000
662,0.3454,65175552,55173,0.01141,8.05e-05,0.2802,76.9676,0.00000,0.00000,0.00000,10.00000,1287.25602,0.00000,0.76389,0.00000,0.00000,0.85825,0.00000,0.00000,0.00000,0.00000,0.00000,0.31601,2.17532,1.40135,1.00000,1.00000,1.00000,962.14787,-0.02497,-0.09492,0.30795,-0.02052,0.50506,0.85792,-0.06494,0.27645,-0.00751,-0.02217,0.22564,0.38878,0.37268,1.64513,1.96000,0.98958,0.98485,1.00000,0.86339,0.00000,0.12741,2.97416,1.88892,0.97917,0.97015,1.00000
663,0.3459,65273856,54463,0.01561,6.96e-05,0.2801,64.5593,0.00000,0.00000,0.00000,10.00000,1287.28322,0.00000,0.73894,0.00000,0.00000,0.85592,0.00000,0.00000,0.00000,0.00000,0.00000,0.31521,2.17566,1.46963,1.00000,1.00000,1.00000,986.62638,-0.02517,-0.09738,0.30661,-0.01986,0.50246,0.85559,-0.06608,0.27618,-0.00813,-0.02234,0.22541,0.38691,0.37191,1.65350,1.75428,0.99029,0.98540,1.00000,0.85957,0.00000,0.12724,2.95742,1.84947,0.98058,0.97059,1.00000
664,0.3464,65372160,53794,0.01235,9.13e-05,0.2800,78.0719,0.00000,0.00000,0.00000,10.00000,1255.88975,0.00000,0.82766,0.00000,0.00000,0.85597,0.00000,0.00000,0.00000,0.00000,0.00000,0.31558,2.17462,1.56395,1.00000,1.00000,1.00000,1011.42025,-0.02519,-0.09963,0.30569,-0.01990,0.50207,0.85565,-0.06581,0.27140,-0.00930,-0.02267,0.22463,0.38583,0.37193,1.71338,1.51636,0.98469,0.97945,1.00000,0.85963,0.00000,0.12890,2.93680,1.85897,0.96939,0.96000,1.00000
665,0.3469,65470464,54873,0.01398,1.20e-04,0.2799,72.4922,0.00000,0.00000,0.00000,10.00000,1305.10227,0.00000,0.76676,0.00000,0.00000,0.85848,0.00000,0.00000,0.00000,0.00000,0.00000,0.31657,2.15754,1.53113,1.00000,1.00000,1.00000,1018.35286,-0.02535,-0.10030,0.30377,-0.02065,0.50316,0.85813,-0.06564,0.26385,-0.00801,-0.02299,0.22204,0.38359,0.37253,1.72209,1.71600,1.00000,1.00000,1.00000,0.86263,0.00000,0.13086,2.90866,1.94000,1.00000,1.00000,1.00000
666,0.3474,65568768,54094,0.01534,1.20e-04,0.2798,101.6193,0.00000,0.00000,0.00000,10.00000,1294.32644,0.00000,0.74619,0.00000,0.00000,0.85644,0.00000,0.00000,0.00000,0.00000,0.00000,0.31666,2.12602,1.43875,1.00000,1.00000,1.00000,1014.09017,-0.02560,-0.09973,0.30071,-0.02059,0.50128,0.85608,-0.06577,0.26321,-0.01003,-0.02261,0.22009,0.38028,0.37199,1.56870,1.65333,0.99020,0.98540,1.00000,0.85996,0.00000,0.13156,2.89224,1.70919,0.98039,0.97015,1.00000
667,0.3479,65667072,54704,0.01680,8.30e-05,0.2797,64.2340,0.00000,0.00000,0.00000,10.00000,1276.68684,0.00000,0.80702,0.00000,0.00000,0.84957,0.00000,0.00000,0.00000,0.00000,0.00000,0.31661,2.13646,1.49528,0.98947,0.98551,1.00000,1026.03988,-0.02543,-0.10102,0.30262,-0.02008,0.49750,0.84918,-0.06623,0.26827,-0.00931,-0.02243,0.22126,0.38199,0.37111,1.65706,1.50000,0.98947,0.98551,1.00000,0.85554,0.00000,0.12985,2.92092,1.82113,0.98947,0.98551,1.00000
668,0.3484,65765376,54819,0.01159,7.70e-05,0.2797,67.7796,0.00000,0.00000,0.00000,10.00000,1288.39098,0.00000,0.76389,0.00000,0.00000,0.84976,0.00000,0.00000,0.00000,0.00000,0.00000,0.31783,2.14441,1.63139,1.00000,1.00000,1.00000,1008.57674,-0.02543,-0.09937,0.30290,-0.02081,0.49709,0.84939,-0.06624,0.26434,-0.00814,-0.02215,0.22121,0.38238,0.37089,1.75118,1.69067,1.00000,1.00000,1.00000,0.85447,0.00000,0.12882,2.90885,1.88594,1.00000,1.00000,1.00000
669,0.3489,65863680,53096,0.01140,1.01e-04,0.2796,74.4203,0.00000,0.00000,0.00000,10.00000,1271.40686,0.00000,0.77160,0.00000,0.00000,0.85157,0.00000,0.00000,0.00000,0.00000,0.00000,0.31650,2.18111,1.59940,1.00000,1.00000,1.00000,1000.20329,-0.02521,-0.09857,0.30557,-0.02066,0.49847,0.85130,-0.06658,0.26763,-0.00813,-0.02212,0.22438,0.38623,0.37110,1.73122,2.27333,0.99444,0.99200,1.00000,0.85551,0.00000,0.12840,2.92586,1.85389,0.98889,0.98485,1.00000
670,0.3494,65961984,54352,0.01700,6.96e-05,0.2795,70.9662,0.00000,0.00000,0.00000,10.00000,1310.75749,0.00000,0.71759,0.00000,0.00000,0.85560,0.00000,0.00000,0.00000,0.00000,0.00000,0.31687,2.18651,1.45555,1.00000,1.00000,1.00000,1027.99316,-0.02508,-0.10122,0.30551,-0.02063,0.50096,0.85527,-0.06699,0.26518,-0.00996,-0.02251,0.22439,0.38677,0.37174,1.62734,1.50500,0.99479,0.99194,1.00000,0.85872,0.00000,0.12861,2.91704,1.81194,0.98958,0.98361,1.00000
671,0.3500,66060288,54498,0.01370,7.61e-05,0.2794,74.1284,0.00000,0.00000,0.00000,10.00000,1304.63934,0.00000,0.80183,0.00000,0.00000,0.86143,0.00000,0.00000,0.00000,0.00000,0.00000,0.31667,2.21685,1.49259,1.00000,1.00000,1.00000,1024.57463,-0.02498,-0.10096,0.30814,-0.02050,0.50433,0.86115,-0.06723,0.26622,-0.00860,-0.02248,0.22635,0.38962,0.37279,1.60160,1.94545,0.99485,0.99286,1.00000,0.86394,0.00000,0.12927,2.93360,1.72956,0.98969,0.98462,1.00000
672,0.3505,66158592,52951,0.01313,9.13e-05,0.2793,73.3374,0.00000,0.00000,0.00000,10.00000,1294.30379,0.00000,0.71581,0.00000,0.00000,0.86406,0.00000,0.00000,0.00000,0.00000,0.00000,0.31603,2.21745,1.54625,0.99038,0.98507,1.00000,1004.67464,-0.02498,-0.09900,0.30881,-0.02137,0.50576,0.86374,-0.06685,0.26648,-0.00841,-0.02259,0.22625,0.39041,0.37286,1.72700,1.75778,0.99519,0.99254,1.00000,0.86428,0.00000,0.13035,2.93726,1.90775,1.00000,1.00000,1.00000
673,0.3510,66256896,54093,0.01525,8.35e-05,0.2792,76.7157,0.00000,0.00000,0.00000,10.00000,1265.95076,0.00000,0.81930,0.00000,0.00000,0.86424,0.00000,0.00000,0.00000,0.00000,0.00000,0.31495,2.21049,1.44974,0.96970,0.95890,1.00000,1001.77775,-0.02501,-0.09867,0.30856,-0.02138,0.50613,0.86385,-0.06656,0.26898,-0.00807,-0.02243,0.22621,0.38982,0.37308,1.64758,1.50727,0.97475,0.97260,0.91667,0.86538,0.00000,0.13078,2.93912,1.84286,0.97980,0.98630,0.83333
674,0.3515,66355200,55371,0.01465,7.16e-05,0.2791,78.6217,0.00000,0.00000,0.00000,10.00000,1301.18501,0.00000,0.71288,0.00000,0.00000,0.86222,0.00000,0.00000,0.00000,0.00000,0.00000,0.31478,2.20891,1.54204,1.00000,1.00000,1.00000,982.25830,-0.02502,-0.09676,0.30827,-0.02146,0.50609,0.86190,-0.06610,0.27032,-0.00943,-0.02238,0.22594,0.38947,0.37267,1.77853,1.88842,0.99558,0.99310,1.00000,0.86336,0.00000,0.13038,2.93305,2.05600,0.99115,0.98529,1.00000
675,0.3520,66453504,54155,0.01245,8.35e-05,0.2790,72.0052,0.00000,0.00000,0.00000,10.00000,1310.62882,0.00000,0.80314,0.00000,0.00000,0.85762,0.00000,0.00000,0.00000,0.00000,0.00000,0.31480,2.20579,1.44603,0.98913,0.98551,1.00000,972.49251,-0.02513,-0.09577,0.30734,-0.02078,0.50395,0.85729,-0.06581,0.27063,-0.00967,-0.02214,0.22641,0.38870,0.37230,1.61800,1.36500,0.99457,0.99248,1.00000,0.86151,0.00000,0.13005,2.92987,1.80537,1.00000,1.00000,1.00000
676,0.3525,66551808,53652,0.01567,7.70e-05,0.2790,67.0324,0.00000,0.00000,0.00000,10.00000,1260.51152,0.00000,0.78472,0.00000,0.00000,0.85586,0.00000,0.00000,0.00000,0.00000,0.00000,0.31473,2.21860,1.55188,1.00000,1.00000,1.00000,978.83537,-0.02506,-0.09646,0.30769,-0.02022,0.50197,0.85556,-0.06618,0.27103,-0.00776,-0.02182,0.22717,0.38939,0.37167,1.73618,1.92000,0.99375,1.00000,0.94737,0.85834,0.00000,0.12954,2.93809,1.94129,0.98750,1.00000,0.90909
677,0.3530,66650112,53847,0.01307,7.61e-05,0.2789,71.4935,0.00000,0.00000,0.00000,10.00000,1292.75619,0.00000,0.78591,0.00000,0.00000,0.85693,0.00000,0.00000,0.00000,0.00000,0.00000,0.31453,2.23009,1.51017,1.00000,1.00000,1.00000,997.60758,-0.02494,-0.09821,0.30978,-0.02040,0.50199,0.85665,-0.06658,0.27254,-0.00822,-0.02194,0.22898,0.39134,0.37182,1.64034,1.47500,0.98171,0.97414,1.00000,0.85911,0.00000,0.12888,2.94953,1.77276,0.96341,0.94915,1.00000
678,0.3535,66748416,55361,0.01172,9.13e-05,0.2788,72.9163,0.00000,0.00000,0.00000,10.00000,1292.59861,0.00000,0.73899,0.00000,0.00000,0.86122,0.00000,0.00000,0.00000,0.00000,0.00000,0.31493,2.22981,1.52436,0.99057,0.98571,1.00000,984.67741,-0.02499,-0.09709,0.30958,-0.02026,0.50514,0.86094,-0.06602,0.26986,-0.00790,-0.02227,0.22824,0.39096,0.37272,1.66490,1.61300,0.99057,0.98582,1.00000,0.86362,0.00000,0.12963,2.94134,1.80025,0.99057,0.98592,1.00000
679,0.3540,66846720,55389,0.01452,8.67e-05,0.2787,71.4228,0.00000,0.00000,0.00000,10.00000,1267.95199,0.00000,0.81597,0.00000,0.00000,0.86319,0.00000,0.00000,0.00000,0.00000,0.00000,0.31427,2.22545,1.65089,1.00000,1.00000,1.00000,1000.57430,-0.02505,-0.09854,0.30936,-0.02057,0.50617,0.86291,-0.06612,0.27090,-0.00742,-0.02216,0.22744,0.39031,0.37307,1.73690,1.71200,0.99479,0.99291,1.00000,0.86534,0.00000,0.12965,2.93885,1.82631,0.98958,0.98551,1.00000
680,0.3546,66945024,54419,0.01231,8.59e-05,0.2787,77.1307,0.00000,0.00000,0.00000,10.00000,1268.41801,0.00000,0.78307,0.00000,0.00000,0.86362,0.00000,0.00000,0.00000,0.00000,0.00000,0.31362,2.21627,1.50225,0.99048,0.98649,1.00000,978.75570,-0.02491,-0.09645,0.30828,-0.02038,0.50697,0.86328,-0.06579,0.27189,-0.00759,-0.02244,0.22676,0.38909,0.37326,1.77222,1.66875,0.99048,0.98649,1.00000,0.86628,0.00000,0.13066,2.94135,2.03561,0.99048,0.98649,1.00000
681,0.3551,67043328,52963,0.01687,5.97e-05,0.2786,73.6767,0.00000,0.00000,0.00000,10.00000,1282.45125,0.00000,0.74444,0.00000,0.00000,0.86275,0.00000,0.00000,0.00000,0.00000,0.00000,0.31437,2.20352,1.52553,0.98000,0.97222,1.00000,967.66146,-0.02504,-0.09542,0.30804,-0.02024,0.50599,0.86242,-0.06520,0.27132,-0.00735,-0.02231,0.22614,0.38856,0.37291,1.77171,2.16000,0.97500,0.96269,1.00000,0.86455,0.00000,0.13067,2.94163,2.06406,0.97000,0.95161,1.00000
682,0.3556,67141632,54348,0.01375,5.80e-05,0.2785,85.1797,0.00000,0.00000,0.00000,10.00000,1241.39128,0.00000,0.86227,0.00000,0.00000,0.85685,0.00000,0.00000,0.00000,0.00000,0.00000,0.31411,2.19481,1.49590,0.97917,0.98718,0.85714,980.50163,-0.02515,-0.09668,0.30637,-0.02051,0.50237,0.85650,-0.06511,0.26870,-0.00791,-0.02244,0.22471,0.38663,0.37209,1.76101,1.69833,0.98438,0.98658,0.92308,0.86043,0.00000,0.13098,2.91706,2.05053,0.98958,0.98592,1.00000
683,0.3561,67239936,52472,0.01537,5.02e-05,0.2785,76.3483,0.00000,0.00000,0.00000,10.00000,1291.00551,0.00000,0.71958,0.00000,0.00000,0.85602,0.00000,0.00000,0.00000,0.00000,0.00000,0.31438,2.19892,1.43407,1.00000,1.00000,1.00000,997.94287,-0.02523,-0.09845,0.30623,-0.02070,0.50071,0.85562,-0.06619,0.26715,-0.00771,-0.02250,0.22439,0.38660,0.37185,1.68306,1.63545,0.99048,0.98529,1.00000,0.85927,0.00000,0.13038,2.90761,1.94842,0.98095,0.97015,1.00000
684,0.3566,67338240,54593,0.00931,6.71e-05,0.2784,82.4801,0.00000,0.00000,0.00000,10.00000,1280.14718,0.00000,0.75269,0.00000,0.00000,0.85541,0.00000,0.00000,0.00000,0.00000,0.00000,0.31444,2.19586,1.44459,1.00000,1.00000,1.00000,1019.63363,-0.02538,-0.10048,0.30471,-0.02027,0.50099,0.85504,-0.06665,0.26388,-0.00870,-0.02266,0.22348,0.38457,0.37227,1.65362,1.65750,0.99462,0.99206,1.00000,0.86136,0.00000,0.13099,2.88982,1.88448,0.98925,0.98305,1.00000
685,0.3571,67436544,54689,0.01057,1.03e-04,0.2784,78.7375,0.00000,0.00000,0.00000,10.00000,1278.20921,0.00000,0.80629,0.00000,0.00000,0.85747,0.00000,0.00000,0.00000,0.00000,0.00000,0.31446,2.19819,1.51761,1.00000,1.00000,1.00000,1018.40462,-0.02532,-0.10017,0.30512,-0.02127,0.50284,0.85709,-0.06647,0.26269,-0.00996,-0.02268,0.22368,0.38524,0.37247,1.77697,2.04286,0.99558,0.99390,1.00000,0.86235,0.00000,0.13128,2.88847,2.05442,0.99115,0.98734,1.00000
686,0.3577,67534848,54252,0.01608,8.70e-05,0.2783,82.5231,0.00000,0.00000,0.00000,10.00000,1285.51234,0.00000,0.79435,0.00000,0.00000,0.85734,0.00000,0.00000,0.00000,0.00000,0.00000,0.31340,2.18008,1.64977,1.00000,1.00000,1.00000,1016.01701,-0.02544,-0.10002,0.30328,-0.02078,0.50212,0.85695,-0.06643,0.26438,-0.00959,-0.02292,0.22219,0.38316,0.37234,1.67391,1.76167,0.99123,0.98773,1.00000,0.86171,0.00000,0.13158,2.87998,1.69860,0.98246,0.97500,1.00000
687,0.3582,67633152,54195,0.01224,1.12e-04,0.2783,90.8283,0.00000,0.00000,0.00000,10.00000,1242.39166,0.00000,0.81066,0.00000,0.00000,0.85242,0.00000,0.00000,0.00000,0.00000,0.00000,0.31396,2.16388,1.49641,1.00000,1.00000,1.00000,1013.85295,-0.02564,-0.09989,0.30059,-0.02040,0.49962,0.85206,-0.06591,0.26195,-0.00934,-0.02253,0.22020,0.38006,0.37154,1.73856,1.83538,0.97959,0.97203,1.00000,0.85772,0.00000,0.13172,2.85970,1.99040,0.95918,0.94595,1.00000
688,0.3587,67731456,54936,0.01562,1.03e-04,0.2782,90.1503,0.00000,0.00000,0.00000,10.00000,1294.23698,0.00000,0.78563,0.00000,0.00000,0.84895,0.00000,0.00000,0.00000,0.00000,0.00000,0.31342,2.17048,1.54520,0.98990,0.98551,1.00000,1036.82926,-0.02552,-0.10203,0.30217,-0.02076,0.49681,0.84862,-0.06563,0.26365,-0.00907,-0.02275,0.22116,0.38190,0.37095,1.76041,1.61143,0.99495,0.99286,1.00000,0.85474,0.00000,0.13154,2.87445,1.97270,1.00000,1.00000,1.00000
689,0.3592,67829760,52923,0.01447,1.09e-04,0.2782,75.7880,0.00000,0.00000,0.00000,10.00000,1275.58373,0.00000,0.75817,0.00000,0.00000,0.85053,0.00000,0.00000,0.00000,0.00000,0.00000,0.31378,2.16489,1.55552,1.00000,1.00000,1.00000,1019.27791,-0.02544,-0.10032,0.30224,-0.02101,0.49790,0.85019,-0.06619,0.26675,-0.00841,-0.02233,0.22133,0.38195,0.37144,1.74824,1.75529,0.98824,0.98276,1.00000,0.85722,0.00000,0.12991,2.88595,1.95000,0.97647,0.96552,1.00000
690,0.3597,67928064,53936,0.01306,1.31e-04,0.2781,64.0148,0.00000,0.00000,0.00000,10.00000,1296.65492,0.00000,0.73286,0.00000,0.00000,0.85053,0.00000,0.00000,0.00000,0.00000,0.00000,0.31314,2.18830,1.53706,1.00000,1.00000,1.00000,1028.03076,-0.02520,-0.10126,0.30501,-0.02035,0.49885,0.85020,-0.06627,0.27052,-0.00774,-0.02251,0.22400,0.38520,0.37165,1.75734,1.53100,0.99468,0.99194,1.00000,0.85824,0.00000,0.12948,2.91685,1.95707,0.98936,0.98462,1.00000
691,0.3602,68026368,54920,0.01303,1.33e-04,0.2781,67.8044,0.00000,0.00000,0.00000,10.00000,1260.24789,0.00000,0.76471,0.00000,0.00000,0.85674,0.00000,0.00000,0.00000,0.00000,0.00000,0.31291,2.20782,1.58121,0.97647,0.96610,1.00000,1022.43888,-0.02499,-0.10073,0.30674,-0.02083,0.50264,0.85640,-0.06599,0.27072,-0.00879,-0.02229,0.22558,0.38760,0.37260,1.78015,2.18105,0.98824,0.98291,1.00000,0.86299,0.00000,0.12976,2.92251,1.97323,1.00000,1.00000,1.00000
692,0.3607,68124672,54251,0.01507,1.09e-04,0.2780,71.9734,0.00000,0.00000,0.00000,10.00000,1300.44700,0.00000,0.76253,0.00000,0.00000,0.86276,0.00000,0.00000,0.00000,0.00000,0.00000,0.31289,2.24057,1.50773,1.00000,1.00000,1.00000,1003.51619,-0.02485,-0.09886,0.31023,-0.02079,0.50645,0.86242,-0.06592,0.27290,-0.00819,-0.02251,0.22860,0.39238,0.37339,1.72979,1.51143,0.99020,0.98571,1.00000,0.86697,0.00000,0.12988,2.95225,1.96771,0.98039,0.97101,1.00000
693,0.3612,68222976,54921,0.01509,9.13e-05,0.2779,78.5890,0.00000,0.00000,0.00000,10.00000,1290.18987,0.00000,0.70933,0.00000,0.00000,0.86400,0.00000,0.00000,0.00000,0.00000,0.00000,0.31368,2.23859,1.63795,1.00000,1.00000,1.00000,976.56925,-0.02480,-0.09631,0.31087,-0.02092,0.50841,0.86364,-0.06520,0.27113,-0.00700,-0.02249,0.22859,0.39329,0.37354,1.84850,1.72750,0.99554,1.00000,0.96000,0.86769,0.00000,0.13049,2.94981,2.08304,0.99107,1.00000,0.92857
694,0.3617,68321280,54432,0.01528,6.99e-05,0.2778,80.0730,0.00000,0.00000,0.00000,10.00000,1275.13903,0.00000,0.75866,0.00000,0.00000,0.86023,0.00000,0.00000,0.00000,0.00000,0.00000,0.31214,2.21849,1.49055,0.98925,0.98413,1.00000,983.32503,-0.02511,-0.09692,0.30824,-0.02031,0.50546,0.85989,-0.06526,0.27525,-0.00822,-0.02228,0.22721,0.38928,0.37294,1.69958,1.63778,0.98387,0.97638,1.00000,0.86471,0.00000,0.12913,2.93922,1.91457,0.97849,0.96875,1.00000
695,0.3623,68419584,52711,0.01651,5.39e-05,0.2778,83.5372,0.00000,0.00000,0.00000,10.00000,1301.10226,0.00000,0.75397,0.00000,0.00000,0.85800,0.00000,0.00000,0.00000,0.00000,0.00000,0.31208,2.18837,1.49952,1.00000,1.00000,1.00000,994.40674,-0.02524,-0.09790,0.30502,-0.01992,0.50342,0.85768,-0.06525,0.27176,-0.00874,-0.02259,0.22484,0.38541,0.37240,1.74667,2.33000,0.99107,0.99342,0.93333,0.86202,0.00000,0.12944,2.91665,2.00296,0.98214,0.98649,0.88889
696,0.3628,68517888,54035,0.01341,5.14e-05,0.2777,93.6077,0.00000,0.00000,0.00000,10.00000,1289.68072,0.00000,0.77534,0.00000,0.00000,0.85610,0.00000,0.00000,0.00000,0.00000,0.00000,0.31285,2.18481,1.52839,1.00000,1.00000,1.00000,998.49959,-0.02515,-0.09839,0.30560,-0.02077,0.50239,0.85577,-0.06515,0.27267,-0.00924,-0.02226,0.22525,0.38666,0.37228,1.80667,1.58444,0.99451,0.99213,1.00000,0.86141,0.00000,0.13011,2.93152,2.04301,0.98901,0.98529,1.00000
697,0.3633,68616192,54432,0.01114,6.46e-05,0.2777,66.2745,0.00000,0.00000,0.00000,10.00000,1266.48311,0.00000,0.79167,0.00000,0.00000,0.85363,0.00000,0.00000,0.00000,0.00000,0.00000,0.31315,2.20136,1.52923,1.00000,1.00000,1.00000,980.11621,-0.02483,-0.09658,0.30782,-0.02033,0.50143,0.85328,-0.06561,0.27747,-0.00742,-0.02181,0.22739,0.38898,0.37214,1.66661,1.74308,0.98125,0.97368,1.00000,0.86069,0.00000,0.12779,2.96278,1.81796,0.96250,0.94643,1.00000
698,0.3638,68714496,53202,0.01240,5.80e-05,0.2776,75.8355,0.00000,0.00000,0.00000,10.00000,1260.61092,0.00000,0.83979,0.00000,0.00000,0.85585,0.00000,0.00000,0.00000,0.00000,0.00000,0.31282,2.21926,1.61296,1.00000,1.00000,1.00000,967.28735,-0.02461,-0.09536,0.31079,-0.02003,0.50239,0.85558,-0.06562,0.28143,-0.00674,-0.02197,0.23047,0.39258,0.37213,1.64985,1.51143,0.97674,0.96923,1.00000,0.86064,0.00000,0.12757,2.99602,1.69015,0.95349,0.93651,1.00000
699,0.3643,68812800,53674,0.01142,9.13e-05,0.2775,91.4993,0.00000,0.00000,0.00000,10.00000,1246.65760,0.00000,0.83333,0.00000,0.00000,0.85972,0.00000,0.00000,0.00000,0.00000,0.00000,0.31303,2.20456,1.55884,1.00000,1.00000,1.00000,986.77799,-0.02481,-0.09722,0.30888,-0.01973,0.50482,0.85941,-0.06551,0.27947,-0.00916,-0.02245,0.22903,0.39008,0.37292,1.80503,1.61125,0.99519,0.99359,1.00000,0.86460,0.00000,0.12732,2.97473,2.05412,0.99038,0.98718,1.00000
700,0.3649,68911104,53709,0.01545,6.96e-05,0.2775,74.7774,0.00000,0.00000,0.00000,10.00000,1281.91781,0.00000,0.78333,0.00000,0.00000,0.86174,0.00000,0.00000,0.00000,0.00000,0.00000,0.31352,2.21254,1.68526,1.00000,1.00000,1.00000,1008.76782,-0.02467,-0.09929,0.31037,-0.02043,0.50509,0.86134,-0.06579,0.27732,-0.00868,-0.02252,0.22953,0.39171,0.37317,1.79708,1.62545,0.99500,0.99291,1.00000,0.86584,0.00000,0.12880,2.98123,1.91040,0.99000,0.98592,1.00000
701,0.3654,69009408,54552,0.01199,1.00e-04,0.2774,88.4870,0.00000,0.00000,0.00000,10.00000,1281.74315,0.00000,0.79365,0.00000,0.00000,0.86306,0.00000,0.00000,0.00000,0.00000,0.00000,0.31282,2.19977,1.46241,1.00000,1.00000,1.00000,990.43172,-0.02467,-0.09749,0.30884,-0.02017,0.50629,0.86278,-0.06519,0.27642,-0.00917,-0.02257,0.22845,0.39021,0.37317,1.72970,1.80947,0.99524,0.99333,1.00000,0.86586,0.00000,0.13002,2.97221,1.98767,0.99048,0.98684,1.00000
702,0.3659,69107712,53488,0.01606,9.13e-05,0.2774,63.3993,0.00000,0.00000,0.00000,10.00000,1311.71890,0.00000,0.74257,0.00000,0.00000,0.86126,0.00000,0.00000,0.00000,0.00000,0.00000,0.31282,2.19117,1.58763,0.99010,0.98611,1.00000,969.83944,-0.02479,-0.09558,0.30774,-0.02004,0.50514,0.86095,-0.06544,0.27543,-0.00797,-0.02223,0.22779,0.38915,0.37291,1.72531,1.56000,0.99010,0.98519,1.00000,0.86455,0.00000,0.13068,2.96948,1.88149,0.99010,0.98413,1.00000
703,0.3664,69206016,53438,0.01351,8.59e-05,0.2773,89.2447,0.00000,0.00000,0.00000,10.00000,1278.39868,0.00000,0.77098,0.00000,0.00000,0.85548,0.00000,0.00000,0.00000,0.00000,0.00000,0.31238,2.17633,1.58084,1.00000,1.00000,1.00000,970.75407,-0.02505,-0.09562,0.30482,-0.01899,0.50094,0.85514,-0.06492,0.27571,-0.00744,-0.02215,0.22616,0.38478,0.37146,1.70698,1.48857,0.99490,0.99265,1.00000,0.85728,0.00000,0.12893,2.93762,1.82179,0.98980,0.98571,1.00000
704,0.3669,69304320,54201,0.01369,8.59e-05,0.2773,87.5453,0.00000,0.00000,0.00000,10.00000,1279.34352,0.00000,0.78333,0.00000,0.00000,0.85197,0.00000,0.00000,0.00000,0.00000,0.00000,0.31253,2.17868,1.47000,0.99000,0.98649,1.00000,1000.55046,-0.02500,-0.09854,0.30439,-0.01980,0.49977,0.85165,-0.06497,0.27389,-0.00916,-0.02247,0.22486,0.38450,0.37160,1.62820,1.60182,0.98500,0.97872,1.00000,0.85802,0.00000,0.12955,2.92156,1.80960,0.98000,0.97015,1.00000
705,0.3675,69402624,54001,0.01510,7.25e-05,0.2772,74.2883,0.00000,0.00000,0.00000,10.00000,1287.29918,0.00000,0.77193,0.00000,0.00000,0.85429,0.00000,0.00000,0.00000,0.00000,0.00000,0.31390,2.18665,1.46107,0.98947,0.98529,1.00000,1016.16610,-0.02508,-0.10001,0.30501,-0.02074,0.50025,0.85390,-0.06540,0.26853,-0.00913,-0.02229,0.22496,0.38567,0.37155,1.68676,1.50800,0.98421,0.97727,1.00000,0.85775,0.00000,0.13002,2.91215,1.92857,0.97895,0.96875,1.00000
706,0.3680,69500928,54299,0.01233,6.96e-05,0.2772,68.3226,0.00000,0.00000,0.00000,10.00000,1310.22722,0.00000,0.75286,0.00000,0.00000,0.85579,0.00000,0.00000,0.00000,0.00000,0.00000,0.31329,2.18536,1.50048,1.00000,1.00000,1.00000,996.97233,-0.02507,-0.09828,0.30490,-0.02033,0.50138,0.85545,-0.06521,0.26844,-0.00849,-0.02268,0.22461,0.38526,0.37203,1.67006,1.81200,0.99533,0.99310,1.00000,0.86017,0.00000,0.13040,2.91362,1.85526,0.99065,0.98571,1.00000
707,0.3685,69599232,52797,0.01039,1.00e-04,0.2771,86.4492,0.00000,0.00000,0.00000,10.00000,1288.21270,0.00000,0.79301,0.00000,0.00000,0.85528,0.00000,0.00000,0.00000,0.00000,0.00000,0.31360,2.17213,1.54442,0.99194,0.98851,1.00000,1001.29883,-0.02505,-0.09856,0.30338,-0.02045,0.50208,0.85495,-0.06481,0.26720,-0.00934,-0.02277,0.22391,0.38390,0.37217,1.69036,1.48875,0.99194,0.99435,0.94118,0.86087,0.00000,0.13059,2.90120,1.83184,0.99194,1.00000,0.88889
708,0.3690,69697536,53992,0.01248,1.12e-04,0.2770,87.2649,0.00000,0.00000,0.00000,10.00000,1282.75755,0.00000,0.79900,0.00000,0.00000,0.85326,0.00000,0.00000,0.00000,0.00000,0.00000,0.31351,2.16784,1.44000,0.98876,0.98485,1.00000,1010.29435,-0.02520,-0.09954,0.30264,-0.02028,0.50028,0.85285,-0.06525,0.26594,-0.00914,-0.02235,0.22273,0.38236,0.37153,1.67165,1.42333,0.98876,0.98438,1.00000,0.85763,0.00000,0.13103,2.88844,1.92060,0.98876,0.98387,1.00000
709,0.3695,69795840,53645,0.01773,5.83e-05,0.2770,60.1928,0.00000,0.00000,0.00000,10.00000,1265.56771,0.00000,0.84308,0.00000,0.00000,0.84929,0.00000,0.00000,0.00000,0.00000,0.00000,0.31329,2.17271,1.51609,0.99123,0.98851,1.00000,997.64380,-0.02528,-0.09815,0.30242,-0.02031,0.49767,0.84900,-0.06581,0.26645,-0.00835,-0.02235,0.22348,0.38200,0.37073,1.71768,1.40000,0.99123,0.98844,1.00000,0.85365,0.00000,0.12997,2.88791,1.92607,0.99123,0.98837,1.00000
710,0.3700,69894144,53545,0.01165,7.61e-05,0.2770,73.1822,0.00000,0.00000,0.00000,10.00000,1278.87373,0.00000,0.75075,0.00000,0.00000,0.84964,0.00000,0.00000,0.00000,0.00000,0.00000,0.31323,2.16960,1.50033,1.00000,1.00000,1.00000,1012.90072,-0.02516,-0.09962,0.30299,-0.02032,0.49792,0.84930,-0.06559,0.27008,-0.00972,-0.02216,0.22386,0.38333,0.37109,1.64735,1.47294,0.99324,1.00000,0.94444,0.85546,0.00000,0.12979,2.90584,1.80210,0.98649,1.00000,0.87500
711,0.3706,69992448,53800,0.01430,8.70e-05,0.2769,67.4927,0.00000,0.00000,0.00000,10.00000,1266.00553,0.00000,0.81149,0.00000,0.00000,0.85375,0.00000,0.00000,0.00000,0.00000,0.00000,0.31398,2.19374,1.54431,0.98876,1.00000,0.83333,1012.41130,-0.02483,-0.09963,0.30659,-0.02064,0.50028,0.85340,-0.06590,0.27469,-0.00862,-0.02211,0.22703,0.38837,0.37170,1.74322,1.77692,0.99438,1.00000,0.92857,0.85848,0.00000,0.12906,2.95455,1.90897,1.00000,1.00000,1.00000
712,0.3711,70090752,52958,0.01323,8.35e-05,0.2769,84.9785,0.00000,0.00000,0.00000,10.00000,1298.66259,0.00000,0.70588,0.00000,0.00000,0.85925,0.00000,0.00000,0.00000,0.00000,0.00000,0.31299,2.19682,1.58444,0.98824,0.98182,1.00000,998.63835,-0.02486,-0.09845,0.30810,-0.02039,0.50352,0.85895,-0.06556,0.27986,-0.00813,-0.02209,0.22805,0.38984,0.37278,1.70112,1.63000,0.99412,0.99074,1.00000,0.86389,0.00000,0.12941,2.98356,1.81968,1.00000,1.00000,1.00000
713,0.3716,70189056,54532,0.01518,7.70e-05,0.2768,69.3067,0.00000,0.00000,0.00000,10.00000,1287.05680,0.00000,0.80997,0.00000,0.00000,0.86262,0.00000,0.00000,0.00000,0.00000,0.00000,0.31235,2.20576,1.73544,1.00000,1.00000,1.00000,1008.22876,-0.02466,-0.09932,0.31042,-0.02035,0.50568,0.86225,-0.06548,0.28359,-0.00980,-0.02234,0.22986,0.39223,0.37355,1.72312,1.23429,0.98131,0.97436,1.00000,0.86774,0.00000,0.12967,3.00477,1.71111,0.96262,0.95122,1.00000
714,0.3721,70287360,53823,0.01329,9.24e-05,0.2767,82.6568,0.00000,0.00000,0.00000,10.00000,1295.73926,0.00000,0.66468,0.00000,0.00000,0.86616,0.00000,0.00000,0.00000,0.00000,0.00000,0.31295,2.20538,1.45055,0.99107,0.98630,1.00000,986.10303,-0.02464,-0.09717,0.31075,-0.02061,0.50896,0.86579,-0.06487,0.28408,-0.00742,-0.02243,0.22975,0.39244,0.37424,1.65878,1.49687,0.98661,0.98507,0.96970,0.87120,0.00000,0.12882,3.01124,1.91836,0.98214,0.98361,0.92857
715,0.3726,70385664,53681,0.01549,6.96e-05,0.2766,69.6536,0.00000,0.00000,0.00000,10.00000,1269.04943,0.00000,0.83058,0.00000,0.00000,0.86474,0.00000,0.00000,0.00000,0.00000,0.00000,0.31226,2.20367,1.57428,1.00000,1.00000,1.00000,948.89315,-0.02482,-0.09345,0.30983,-0.01993,0.50782,0.86442,-0.06465,0.28464,-0.00843,-0.02196,0.22973,0.39115,0.37361,1.75043,1.49077,0.99505,0.99338,1.00000,0.86807,0.00000,0.12794,3.00330,1.93772,0.99010,0.98649,1.00000
716,0.3731,70483968,53579,0.01414,8.39e-05,0.2765,90.5990,0.00000,0.00000,0.00000,10.00000,1280.12252,0.00000,0.77558,0.00000,0.00000,0.85631,0.00000,0.00000,0.00000,0.00000,0.00000,0.31174,2.18192,1.74053,0.98020,0.97297,1.00000,954.77368,-0.02511,-0.09407,0.30656,-0.01981,0.50331,0.85595,-0.06446,0.28341,-0.00830,-0.02220,0.22769,0.38727,0.37209,1.82151,1.65500,0.98515,0.97872,1.00000,0.86045,0.00000,0.12743,2.96402,1.90704,0.99010,0.98507,1.00000
717,0.3737,70582272,53945,0.01566,7.77e-05,0.2765,70.1194,0.00000,0.00000,0.00000,10.00000,1272.32995,0.00000,0.78395,0.00000,0.00000,0.85007,0.00000,0.00000,0.00000,0.00000,0.00000,0.31107,2.18027,1.50676,1.00000,1.00000,1.00000,969.18384,-0.02520,-0.09558,0.30413,-0.01931,0.49843,0.84975,-0.06484,0.28293,-0.00786,-0.02203,0.22598,0.38347,0.37121,1.71817,1.78667,1.00000,1.00000,1.00000,0.85603,0.00000,0.12574,2.94100,1.91243,1.00000,1.00000,1.00000
718,0.3742,70680576,53646,0.01429,6.42e-05,0.2764,71.4780,0.00000,0.00000,0.00000,10.00000,1285.73158,0.00000,0.78875,0.00000,0.00000,0.84711,0.00000,0.00000,0.00000,0.00000,0.00000,0.31019,2.19846,1.57757,1.00000,1.00000,1.00000,974.56120,-0.02507,-0.09596,0.30459,-0.01950,0.49715,0.84685,-0.06538,0.28141,-0.00868,-0.02181,0.22721,0.38502,0.37080,1.75875,1.65538,1.00000,1.00000,1.00000,0.85402,0.00000,0.12739,2.93459,1.95161,1.00000,1.00000,1.00000
719,0.3747,70778880,54808,0.01133,7.61e-05,0.2764,86.5378,0.00000,0.00000,0.00000,10.00000,1281.27371,0.00000,0.78544,0.00000,0.00000,0.84951,0.00000,0.00000,0.00000,0.00000,0.00000,0.31059,2.20688,1.44693,1.00000,1.00000,1.00000,1022.53499,-0.02499,-0.10066,0.30569,-0.01937,0.49797,0.84925,-0.06586,0.28255,-0.00830,-0.02221,0.22735,0.38609,0.37152,1.67955,1.68167,0.97701,0.96748,1.00000,0.85761,0.00000,0.12635,2.94361,1.97033,0.95402,0.92857,1.00000
720,0.3752,70877184,53715,0.01200,1.01e-04,0.2764,100.2233,0.00000,0.00000,0.00000,10.00000,1290.90347,0.00000,0.75908,0.00000,0.00000,0.86039,0.00000,0.00000,0.00000,0.00000,0.00000,0.31164,2.21499,1.52789,1.00000,1.00000,1.00000,1018.41064,-0.02479,-0.10026,0.30762,-0.02024,0.50401,0.86001,-0.06587,0.27780,-0.00738,-0.02253,0.22693,0.38883,0.37293,1.72286,1.79818,0.98020,0.97826,0.91667,0.86466,0.00000,0.12964,2.95158,1.90500,0.96040,0.95833,0.85714
721,0.3757,70975488,54622,0.01809,7.60e-05,0.2763,66.4337,0.00000,0.00000,0.00000,10.00000,1291.55421,0.00000,0.73129,0.00000,0.00000,0.86371,0.00000,0.00000,0.00000,0.00000,0.00000,0.31074,2.23799,1.49922,1.00000,1.00000,1.00000,989.64535,-0.02465,-0.09753,0.31051,-0.02034,0.50711,0.86339,-0.06619,0.28344,-0.00843,-0.02245,0.22959,0.39195,0.37339,1.67889,1.65882,0.98980,0.98450,1.00000,0.86694,0.00000,0.12795,2.97473,1.88537,0.97959,0.96667,1.00000
722,0.3762,71073792,53808,0.01336,6.96e-05,0.2763,85.0435,0.00000,0.00000,0.00000,10.00000,1273.91342,0.00000,0.80020,0.00000,0.00000,0.86252,0.00000,0.00000,0.00000,0.00000,0.00000,0.30875,2.22418,1.51118,1.00000,1.00000,1.00000,983.77254,-0.02484,-0.09698,0.30860,-0.01985,0.50690,0.86225,-0.06511,0.28655,-0.00796,-0.02253,0.22877,0.38921,0.37341,1.72159,1.62700,0.99541,0.99363,1.00000,0.86704,0.00000,0.12785,2.96278,1.95735,0.99083,0.98684,1.00000
723,0.3767,71172096,53616,0.01580,6.82e-05,0.2762,68.3492,0.00000,0.00000,0.00000,10.00000,1287.26775,0.00000,0.75512,0.00000,0.00000,0.86172,0.00000,0.00000,0.00000,0.00000,0.00000,0.30883,2.21272,1.55037,1.00000,1.00000,1.00000,965.88525,-0.02484,-0.09514,0.30855,-0.02039,0.50574,0.86143,-0.06497,0.28581,-0.00774,-0.02241,0.22815,0.38947,0.37313,1.69545,1.62000,0.99029,0.98571,1.00000,0.86567,0.00000,0.12921,2.97361,1.85644,0.98058,0.97015,1.00000
724,0.3773,71270400,54685,0.01055,8.70e-05,0.2762,87.9761,0.00000,0.00000,0.00000,10.00000,1286.08634,0.00000,0.78798,0.00000,0.00000,0.85624,0.00000,0.00000,0.00000,0.00000,0.00000,0.30850,2.18522,1.59210,1.00000,1.00000,1.00000,980.25700,-0.02498,-0.09650,0.30687,-0.02070,0.50264,0.85592,-0.06480,0.28726,-0.00820,-0.02243,0.22677,0.38766,0.37249,1.66118,1.66400,0.98980,0.98561,1.00000,0.86245,0.00000,0.13046,2.97726,1.73026,0.97959,0.97222,1.00000
725,0.3778,71368704,55318,0.01179,1.12e-04,0.2761,84.1257,0.00000,0.00000,0.00000,10.00000,1292.42645,0.00000,0.77441,0.00000,0.00000,0.85358,0.00000,0.00000,0.00000,0.00000,0.00000,0.30895,2.18182,1.58286,0.98990,0.98529,1.00000,985.84473,-0.02487,-0.09716,0.30649,-0.02059,0.50147,0.85320,-0.06482,0.28725,-0.00866,-0.02245,0.22572,0.38735,0.37183,1.71449,1.92889,0.99495,0.99275,1.00000,0.85917,0.00000,0.12997,2.97625,1.84278,1.00000,1.00000,1.00000
726,0.3783,71467008,53474,0.01803,8.30e-05,0.2761,70.2707,0.00000,0.00000,0.00000,10.00000,1292.49723,0.00000,0.75231,0.00000,0.00000,0.85400,0.00000,0.00000,0.00000,0.00000,0.00000,0.30953,2.17623,1.58918,0.98958,0.98276,1.00000,980.54867,-0.02501,-0.09663,0.30527,-0.02018,0.50085,0.85362,-0.06511,0.28581,-0.00777,-0.02221,0.22600,0.38573,0.37142,1.67171,1.62308,0.98438,0.97692,1.00000,0.85712,0.00000,0.12917,2.97076,1.73544,0.97917,0.97222,1.00000
727,0.3788,71565312,54321,0.01022,1.25e-04,0.2760,91.3793,0.00000,0.00000,0.00000,10.00000,1291.05130,0.00000,0.75996,0.00000,0.00000,0.85425,0.00000,0.00000,0.00000,0.00000,0.00000,0.31043,2.16664,1.54139,1.00000,1.00000,1.00000,1018.35701,-0.02515,-0.10025,0.30400,-0.02033,0.50098,0.85390,-0.06534,0.28291,-0.00864,-0.02239,0.22466,0.38451,0.37230,1.64000,1.62210,0.99057,0.98621,1.00000,0.86149,0.00000,0.12919,2.95386,1.75013,0.98113,0.97143,1.00000
728,0.3793,71663616,54520,0.01704,9.58e-05,0.2759,86.9032,0.00000,0.00000,0.00000,10.00000,1310.37820,0.00000,0.77865,0.00000,0.00000,0.85556,0.00000,0.00000,0.00000,0.00000,0.00000,0.31096,2.16747,1.54102,1.00000,1.00000,1.00000,998.00195,-0.02512,-0.09837,0.30325,-0.02049,0.50227,0.85517,-0.06506,0.27782,-0.00707,-0.02285,0.22286,0.38300,0.37262,1.78311,2.06933,1.00000,1.00000,1.00000,0.86310,0.00000,0.12954,2.92925,2.03284,1.00000,1.00000,1.00000
729,0.3798,71761920,54015,0.01513,6.42e-05,0.2759,78.3249,0.00000,0.00000,0.00000,10.00000,1264.72511,0.00000,0.85917,0.00000,0.00000,0.85424,0.00000,0.00000,0.00000,0.00000,0.00000,0.31152,2.17760,1.49833,1.00000,1.00000,1.00000,988.82739,-0.02522,-0.09740,0.30394,-0.02013,0.50102,0.85383,-0.06495,0.27483,-0.00815,-0.02215,0.22387,0.38409,0.37194,1.70727,1.37200,1.00000,1.00000,1.00000,0.85971,0.00000,0.12933,2.91941,1.91915,1.00000,1.00000,1.00000
730,0.3803,71860224,54148,0.01277,8.05e-05,0.2759,77.4063,0.00000,0.00000,0.00000,10.00000,1302.99669,0.00000,0.83333,0.00000,0.00000,0.85082,0.00000,0.00000,0.00000,0.00000,0.00000,0.31108,2.18291,1.48207,1.00000,1.00000,1.00000,999.98429,-0.02507,-0.09847,0.30374,-0.02035,0.49913,0.85043,-0.06473,0.27759,-0.01005,-0.02237,0.22500,0.38420,0.37150,1.64658,2.03600,0.98558,0.98077,1.00000,0.85750,0.00000,0.12835,2.92364,1.84817,0.97115,0.95833,1.00000
731,0.3808,71958528,54792,0.01273,9.24e-05,0.2758,77.9285,0.00000,0.00000,0.00000,10.00000,1269.62931,0.00000,0.68376,0.00000,0.00000,0.85362,0.00000,0.00000,0.00000,0.00000,0.00000,0.31173,2.20701,1.58474,0.98718,0.97917,1.00000,993.72127,-0.02497,-0.09789,0.30575,-0.01988,0.50028,0.85327,-0.06524,0.27584,-0.00748,-0.02197,0.22666,0.38629,0.37172,1.82782,1.59273,0.98077,0.96875,1.00000,0.85861,0.00000,0.12827,2.92897,2.08393,0.97436,0.95833,1.00000
732,0.3814,72056832,53008,0.01333,1.03e-04,0.2758,77.0943,0.00000,0.00000,0.00000,10.00000,1275.29092,0.00000,0.75908,0.00000,0.00000,0.85639,0.00000,0.00000,0.00000,0.00000,0.00000,0.31033,2.21830,1.54857,1.00000,1.00000,1.00000,1016.78133,-0.02471,-0.10012,0.30711,-0.02087,0.50220,0.85607,-0.06494,0.27981,-0.00780,-0.02254,0.22764,0.38791,0.37240,1.73868,1.69875,0.97525,0.97826,0.88889,0.86201,0.00000,0.12876,2.94560,1.97353,0.95050,0.95385,0.71429
733,0.3819,72155136,54026,0.01396,1.04e-04,0.2757,77.1139,0.00000,0.00000,0.00000,10.00000,1287.87584,0.00000,0.70106,0.00000,0.00000,0.86311,0.00000,0.00000,0.00000,0.00000,0.00000,0.31091,2.24929,1.51200,1.00000,1.00000,1.00000,1010.53760,-0.02451,-0.09952,0.31121,-0.02053,0.50667,0.86271,-0.06455,0.27981,-0.00933,-0.02220,0.23006,0.39324,0.37357,1.77344,1.87100,0.99405,0.99057,1.00000,0.86787,0.00000,0.13005,2.97078,2.05667,0.98810,0.98039,1.00000
734,0.3824,72253440,54039,0.01665,6.99e-05,0.2756,66.8946,0.00000,0.00000,0.00000,10.00000,1289.38001,0.00000,0.76052,0.00000,0.00000,0.86639,0.00000,0.00000,0.00000,0.00000,0.00000,0.31050,2.26595,1.54949,0.99029,1.00000,0.83333,974.69141,-0.02435,-0.09608,0.31458,-0.02077,0.50921,0.86605,-0.06380,0.28417,-0.00730,-0.02234,0.23225,0.39709,0.37387,1.80671,2.17833,0.99029,0.99291,0.92308,0.86933,0.00000,0.12959,3.00445,2.07784,0.99029,0.98529,1.00000
735,0.3829,72351744,53116,0.01585,5.35e-05,0.2756,78.1310,0.00000,0.00000,0.00000,10.00000,1261.12277,0.00000,0.75132,0.00000,0.00000,0.86815,0.00000,0.00000,0.00000,0.00000,0.00000,0.30917,2.24098,1.47143,0.98095,0.97183,1.00000,959.79150,-0.02456,-0.09466,0.31157,-0.02035,0.50999,0.86784,-0.06313,0.28721,-0.00676,-0.02239,0.23105,0.39334,0.37455,1.66850,1.76928,0.97619,0.96479,1.00000,0.87275,0.00000,0.12949,2.99708,1.86795,0.97143,0.95775,1.00000
736,0.3834,72450048,55211,0.00933,7.70e-05,0.2755,71.7019,0.00000,0.00000,0.00000,10.00000,1290.86560,0.00000,0.77679,0.00000,0.00000,0.86307,0.00000,0.00000,0.00000,0.00000,0.00000,0.31029,2.23068,1.44682,0.99115,0.98734,1.00000,965.22697,-0.02463,-0.09524,0.31017,-0.02004,0.50707,0.86263,-0.06370,0.28638,-0.00711,-0.02217,0.22987,0.39146,0.37343,1.65931,1.69467,0.99558,0.99367,1.00000,0.86714,0.00000,0.12791,2.98378,1.86454,1.00000,1.00000,1.00000
737,0.3839,72548352,54788,0.01136,1.11e-04,0.2755,89.4917,0.00000,0.00000,0.00000,10.00000,1295.19327,0.00000,0.82126,0.00000,0.00000,0.85915,0.00000,0.00000,0.00000,0.00000,0.00000,0.31077,2.21318,1.48938,1.00000,1.00000,1.00000,988.59676,-0.02494,-0.09723,0.30621,-0.01968,0.50529,0.85879,-0.06362,0.28016,-0.00851,-0.02224,0.22710,0.38643,0.37271,1.65476,1.54154,1.00000,1.00000,1.00000,0.86354,0.00000,0.12748,2.92900,1.85176,1.00000,1.00000,1.00000
738,0.3844,72646656,54332,0.01719,7.16e-05,0.2754,72.4846,0.00000,0.00000,0.00000,10.00000,1243.41850,0.00000,0.82702,0.00000,0.00000,0.85441,0.00000,0.00000,0.00000,0.00000,0.00000,0.31095,2.22997,1.62333,0.98864,0.98462,1.00000,980.31014,-0.02491,-0.09663,0.30690,-0.01964,0.50196,0.85406,-0.06341,0.27658,-0.00804,-0.02187,0.22766,0.38763,0.37145,1.77457,1.69231,0.97727,0.96947,1.00000,0.85723,0.00000,0.12822,2.91882,1.93470,0.96591,0.95455,1.00000
739,0.3849,72744960,54478,0.01069,1.03e-04,0.2754,90.6530,0.00000,0.00000,0.00000,10.00000,1306.08738,0.00000,0.76132,0.00000,0.00000,0.85353,0.00000,0.00000,0.00000,0.00000,0.00000,0.31038,2.24009,1.57433,1.00000,1.00000,1.00000,981.75749,-0.02483,-0.09673,0.30837,-0.01996,0.50081,0.85322,-0.06405,0.28039,-0.00818,-0.02185,0.22938,0.38962,0.37121,1.77491,2.38286,1.00000,1.00000,1.00000,0.85603,0.00000,0.12804,2.94103,1.98241,1.00000,1.00000,1.00000
740,0.3855,72843264,52390,0.01620,6.96e-05,0.2753,59.0318,0.00000,0.00000,0.00000,10.00000,1305.08159,0.00000,0.71592,0.00000,0.00000,0.85727,0.00000,0.00000,0.00000,0.00000,0.00000,0.30926,2.24119,1.55579,1.00000,1.00000,1.00000,1008.92839,-0.02477,-0.09936,0.30897,-0.01932,0.50181,0.85700,-0.06454,0.28520,-0.00817,-0.02214,0.23051,0.39045,0.37180,1.70042,1.50353,0.99485,0.99200,1.00000,0.85899,0.00000,0.12794,2.96512,1.86954,0.98969,0.98333,1.00000
741,0.3860,72941568,53816,0.01353,7.77e-05,0.2752,83.0219,0.00000,0.00000,0.00000,10.00000,1285.54973,0.00000,0.80645,0.00000,0.00000,0.86165,0.00000,0.00000,0.00000,0.00000,0.00000,0.30995,2.22577,1.52767,1.00000,1.00000,1.00000,996.62899,-0.02480,-0.09827,0.30764,-0.01984,0.50549,0.86135,-0.06401,0.28337,-0.00801,-0.02221,0.22947,0.38889,0.37341,1.75482,1.52250,0.97849,0.97778,0.88889,0.86706,0.00000,0.12854,2.95640,1.99171,0.95699,0.95522,0.75000
742,0.3865,73039872,52725,0.01276,1.01e-04,0.2751,86.5086,0.00000,0.00000,0.00000,10.00000,1275.49241,0.00000,0.82011,0.00000,0.00000,0.86266,0.00000,0.00000,0.00000,0.00000,0.00000,0.31050,2.23439,1.51659,1.00000,1.00000,1.00000,976.75977,-0.02455,-0.09632,0.31045,-0.02030,0.50688,0.86231,-0.06346,0.28399,-0.00731,-0.02237,0.23000,0.39228,0.37328,1.70734,1.64533,0.99524,0.99355,1.00000,0.86642,0.00000,0.12921,2.98420,1.91457,0.99048,0.98701,1.00000
743,0.3870,73138176,52969,0.01344,1.25e-04,0.2750,72.2020,0.00000,0.00000,0.00000,10.00000,1291.90945,0.00000,0.76667,0.00000,0.00000,0.86141,0.00000,0.00000,0.00000,0.00000,0.00000,0.31070,2.21467,1.42024,0.99000,0.98649,1.00000,985.07316,-0.02476,-0.09711,0.30822,-0.02017,0.50648,0.86108,-0.06325,0.28373,-0.00850,-0.02221,0.22903,0.38980,0.37323,1.66181,1.61333,0.99500,0.99275,1.00000,0.86616,0.00000,0.12892,2.96693,1.93315,1.00000,1.00000,1.00000
744,0.3875,73236480,54303,0.01632,9.24e-05,0.2749,92.2648,0.00000,0.00000,0.00000,10.00000,1296.85282,0.00000,0.77877,0.00000,0.00000,0.85953,0.00000,0.00000,0.00000,0.00000,0.00000,0.31087,2.20621,1.52180,0.99107,0.98780,1.00000,973.15316,-0.02483,-0.09592,0.30650,-0.01994,0.50434,0.85921,-0.06354,0.28162,-0.00793,-0.02235,0.22824,0.38814,0.37268,1.69138,1.35000,0.98661,0.98089,1.00000,0.86340,0.00000,0.12856,2.95977,1.88487,0.98214,0.97333,1.00000
745,0.3881,73334784,54869,0.01621,6.47e-05,0.2749,84.5499,0.00000,0.00000,0.00000,10.00000,1324.11226,0.00000,0.72464,0.00000,0.00000,0.85480,0.00000,0.00000,0.00000,0.00000,0.00000,0.31030,2.19407,1.49867,1.00000,1.00000,1.00000,984.34530,-0.02498,-0.09688,0.30598,-0.01998,0.50246,0.85449,-0.06317,0.28170,-0.00880,-0.02226,0.22748,0.38694,0.37237,1.63103,1.43125,0.99457,1.00000,0.93750,0.86187,0.00000,0.12961,2.94775,1.79377,0.98913,1.00000,0.88889
746,0.3886,73433088,54239,0.01156,9.32e-05,0.2748,70.9926,0.00000,0.00000,0.00000,10.00000,1296.25054,0.00000,0.77008,0.00000,0.00000,0.85328,0.00000,0.00000,0.00000,0.00000,0.00000,0.31012,2.20099,1.45548,1.00000,1.00000,1.00000,993.94523,-0.02495,-0.09799,0.30525,-0.02014,0.50117,0.85296,-0.06348,0.28042,-0.00842,-0.02239,0.22670,0.38585,0.37193,1.64742,1.79200,0.99505,0.99286,1.00000,0.85963,0.00000,0.12925,2.93420,1.86240,0.99010,0.98507,1.00000
747,0.3891,73531392,53699,0.01312,1.10e-04,0.2747,84.9832,0.00000,0.00000,0.00000,10.00000,1312.51507,0.00000,0.73513,0.00000,0.00000,0.85296,0.00000,0.00000,0.00000,0.00000,0.00000,0.31056,2.20949,1.62055,1.00000,1.00000,1.00000,1007.04346,-0.02497,-0.09931,0.30566,-0.02052,0.50060,0.85264,-0.06400,0.27785,-0.00844,-0.02216,0.22683,0.38649,0.37139,1.77035,2.02545,0.99495,0.99237,1.00000,0.85697,0.00000,0.12909,2.92407,1.93118,0.98990,0.98387,1.00000
748,0.3896,73629696,53218,0.01703,1.04e-04,0.2746,85.8652,0.00000,0.00000,0.00000,10.00000,1274.55462,0.00000,0.78579,0.00000,0.00000,0.85407,0.00000,0.00000,0.00000,0.00000,0.00000,0.31050,2.20686,1.53356,0.99099,0.98765,1.00000,1000.69043,-0.02506,-0.09866,0.30444,-0.01998,0.50069,0.85369,-0.06447,0.27493,-0.00850,-0.02257,0.22535,0.38452,0.37188,1.70000,1.87750,0.98198,0.97452,1.00000,0.85941,0.00000,0.12912,2.90378,1.87658,0.97297,0.96053,1.00000
749,0.3901,73728000,54928,0.01781,5.35e-05,0.2746,75.5887,0.00000,0.00000,0.00000,10.00000,1324.80671,0.00000,0.75670,0.00000,0.00000,0.85501,0.00000,0.00000,0.00000,0.00000,0.00000,0.31149,2.19080,1.50818,0.99138,0.98780,1.00000,987.40788,-0.02529,-0.09731,0.30212,-0.01975,0.50108,0.85462,-0.06377,0.26843,-0.00817,-0.02268,0.22356,0.38212,0.37168,1.70453,1.56533,0.99569,0.99367,1.00000,0.85842,0.00000,0.13031,2.87382,1.91024,1.00000,1.00000,1.00000
750,0.3906,73826304,53994,0.01230,6.34e-05,0.2745,87.6799,0.00000,0.00000,0.00000,10.00000,1306.45418,0.00000,0.74906,0.00000,0.00000,0.85000,0.00000,0.00000,0.00000,0.00000,0.00000,0.31130,2.19632,1.50635,1.00000,1.00000,1.00000,1006.72445,-0.02531,-0.09918,0.30249,-0.02030,0.49849,0.84963,-0.06387,0.26879,-0.00854,-0.02217,0.22369,0.38307,0.37113,1.73417,1.56286,1.00000,1.00000,1.00000,0.85567,0.00000,0.13088,2.87582,1.95844,1.00000,1.00000,1.00000
751,0.3912,73924608,55023,0.01603,4.66e-05,0.2745,84.2990,0.00000,0.00000,0.00000,10.00000,1302.72571,0.00000,0.79208,0.00000,0.00000,0.84920,0.00000,0.00000,0.00000,0.00000,0.00000,0.31098,2.20002,1.40447,0.99010,0.98611,1.00000,1006.90080,-0.02518,-0.09919,0.30278,-0.01985,0.49786,0.84885,-0.06348,0.26826,-0.00882,-0.02239,0.22375,0.38293,0.37082,1.71791,1.42200,0.99505,0.99306,1.00000,0.85412,0.00000,0.13118,2.87585,2.02727,1.00000,1.00000,1.00000
752,0.3917,74022912,53896,0.01252,4.83e-05,0.2744,80.2249,0.00000,0.00000,0.00000,10.00000,1277.92708,0.00000,0.70370,0.00000,0.00000,0.84921,0.00000,0.00000,0.00000,0.00000,0.00000,0.31065,2.21124,1.45356,1.00000,1.00000,1.00000,1016.59473,-0.02508,-0.10005,0.30551,-0.02025,0.49702,0.84889,-0.06387,0.27385,-0.00940,-0.02199,0.22645,0.38558,0.37066,1.65617,1.77048,0.99333,0.98947,1.00000,0.85329,0.00000,0.12998,2.90859,1.86964,0.98667,0.97917,1.00000
753,0.3922,74121216,54602,0.01115,6.96e-05,0.2744,61.4959,0.00000,0.00000,0.00000,10.00000,1303.91518,0.00000,0.74074,0.00000,0.00000,0.85275,0.00000,0.00000,0.00000,0.00000,0.00000,0.31071,2.23012,1.46321,0.99048,1.00000,0.90909,1027.55876,-0.02493,-0.10121,0.30560,-0.01967,0.49831,0.85237,-0.06434,0.27210,-0.00761,-0.02233,0.22667,0.38604,0.37088,1.72443,1.43263,0.98571,0.99286,0.90000,0.85438,0.00000,0.12956,2.89713,1.99922,0.98095,0.98571,0.88889
754,0.3927,74219520,55024,0.01301,1.00e-04,0.2743,83.5273,0.00000,0.00000,0.00000,10.00000,1310.82212,0.00000,0.68376,0.00000,0.00000,0.85717,0.00000,0.00000,0.00000,0.00000,0.00000,0.31005,2.24501,1.51727,1.00000,1.00000,1.00000,1007.54362,-0.02477,-0.09928,0.30803,-0.02065,0.50196,0.85685,-0.06452,0.27526,-0.00764,-0.02201,0.22849,0.38941,0.37154,1.74116,1.63091,0.98352,0.97321,1.00000,0.85772,0.00000,0.13023,2.92641,2.00982,0.96703,0.94340,1.00000
755,0.3932,74317824,54032,0.01369,1.12e-04,0.2742,81.4388,0.00000,0.00000,0.00000,10.00000,1256.59383,0.00000,0.81111,0.00000,0.00000,0.86002,0.00000,0.00000,0.00000,0.00000,0.00000,0.30989,2.24311,1.59479,0.99000,0.98551,1.00000,1016.70117,-0.02472,-0.10023,0.30762,-0.01984,0.50401,0.85972,-0.06331,0.27691,-0.00883,-0.02258,0.22890,0.38933,0.37222,1.69471,1.76727,0.98000,0.97945,0.91667,0.86111,0.00000,0.13011,2.92950,1.78366,0.97000,0.97403,0.85714
756,0.3937,74416128,54406,0.01545,7.16e-05,0.2741,86.7975,0.00000,0.00000,0.00000,10.00000,1288.24742,0.00000,0.71737,0.00000,0.00000,0.86304,0.00000,0.00000,0.00000,0.00000,0.00000,0.30977,2.21637,1.50533,1.00000,1.00000,1.00000,1004.83748,-0.02479,-0.09896,0.30678,-0.02115,0.50589,0.86272,-0.06315,0.27766,-0.00910,-0.02265,0.22701,0.38859,0.37288,1.70519,1.78522,0.99029,0.98496,1.00000,0.86439,0.00000,0.13180,2.93943,1.89494,0.98058,0.97222,1.00000
757,0.3942,74514432,54890,0.01315,9.24e-05,0.2741,88.6323,0.00000,0.00000,0.00000,10.00000,1289.53381,0.00000,0.79023,0.00000,0.00000,0.86069,0.00000,0.00000,0.00000,0.00000,0.00000,0.31037,2.21133,1.49125,1.00000,1.00000,1.00000,1008.11540,-0.02482,-0.09928,0.30719,-0.01992,0.50419,0.86032,-0.06284,0.27887,-0.00802,-0.02266,0.22710,0.38814,0.37259,1.71215,1.81454,0.99569,0.99394,1.00000,0.86293,0.00000,0.13086,2.94472,1.94778,0.99138,0.98718,1.00000
758,0.3947,74612736,53840,0.01596,8.59e-05,0.2740,85.3870,0.00000,0.00000,0.00000,10.00000,1258.71841,0.00000,0.87912,0.00000,0.00000,0.85719,0.00000,0.00000,0.00000,0.00000,0.00000,0.31122,2.18955,1.60571,1.00000,1.00000,1.00000,987.87500,-0.02488,-0.09732,0.30500,-0.02028,0.50280,0.85691,-0.06252,0.27378,-0.00810,-0.02217,0.22565,0.38503,0.37209,1.67822,1.32000,0.98901,0.98611,1.00000,0.86045,0.00000,0.13084,2.92200,1.74500,0.97802,0.97368,1.00000
759,0.3952,74711040,53972,0.01314,9.66e-05,0.2740,75.3598,0.00000,0.00000,0.00000,10.00000,1307.54047,0.00000,0.72959,0.00000,0.00000,0.85297,0.00000,0.00000,0.00000,0.00000,0.00000,0.31084,2.20700,1.47515,1.00000,1.00000,1.00000,991.23421,-0.02486,-0.09768,0.30541,-0.01977,0.50010,0.85269,-0.06312,0.27821,-0.00772,-0.02186,0.22688,0.38583,0.37114,1.65967,1.53714,0.99398,0.99083,1.00000,0.85569,0.00000,0.12864,2.92688,1.87714,0.98795,0.98000,1.00000
760,0.3958,74809344,53394,0.01497,1.00e-04,0.2739,90.9938,0.00000,0.00000,0.00000,10.00000,1255.29938,0.00000,0.84046,0.00000,0.00000,0.85248,0.00000,0.00000,0.00000,0.00000,0.00000,0.31035,2.22519,1.64983,0.97436,0.96491,1.00000,1012.04508,-0.02476,-0.09969,0.30749,-0.01953,0.49936,0.85225,-0.06343,0.27990,-0.00799,-0.02210,0.22855,0.38837,0.37127,1.71164,1.71250,0.97436,0.96610,1.00000,0.85634,0.00000,0.12845,2.94369,1.76952,0.97436,0.96721,1.00000
761,0.3963,74907648,54061,0.01430,1.10e-04,0.2738,72.0394,0.00000,0.00000,0.00000,10.00000,1273.43564,0.00000,0.78491,0.00000,0.00000,0.85941,0.00000,0.00000,0.00000,0.00000,0.00000,0.30933,2.23600,1.49889,0.99083,1.00000,0.90909,1013.72111,-0.02456,-0.09993,0.31022,-0.02071,0.50327,0.85912,-0.06374,0.28396,-0.00792,-0.02217,0.22970,0.39123,0.37258,1.64218,1.74952,0.99083,0.99351,0.95455,0.86292,0.00000,0.13002,2.97831,1.79571,0.99083,0.98649,1.00000
762,0.3968,75005952,54380,0.01210,1.58e-04,0.2737,91.0139,0.00000,0.00000,0.00000,10.00000,1296.12174,0.00000,0.78042,0.00000,0.00000,0.86564,0.00000,0.00000,0.00000,0.00000,0.00000,0.30967,2.23533,1.55029,0.98810,0.98438,1.00000,1002.37476,-0.02448,-0.09868,0.31078,-0.02075,0.50777,0.86529,-0.06304,0.28310,-0.00919,-0.02220,0.22957,0.39258,0.37366,1.75561,1.99250,0.98214,0.97458,1.00000,0.86830,0.00000,0.13015,2.98160,2.00945,0.97619,0.96296,1.00000
763,0.3973,75104256,53276,0.01496,1.58e-04,0.2737,80.7739,0.00000,0.00000,0.00000,10.00000,1277.95952,0.00000,0.77273,0.00000,0.00000,0.86616,0.00000,0.00000,0.00000,0.00000,0.00000,0.30954,2.24289,1.54581,0.98182,0.97436,1.00000,991.20003,-0.02454,-0.09777,0.31128,-0.02036,0.50820,0.86579,-0.06271,0.28420,-0.00733,-0.02247,0.23070,0.39344,0.37372,1.75278,1.53368,0.98182,0.97386,1.00000,0.86858,0.00000,0.13008,2.99171,1.96723,0.98182,0.97333,1.00000
764,0.3978,75202560,53993,0.01646,1.24e-04,0.2737,86.2834,0.00000,0.00000,0.00000,10.00000,1297.64767,0.00000,0.75708,0.00000,0.00000,0.86632,0.00000,0.00000,0.00000,0.00000,0.00000,0.30893,2.23919,1.52658,1.00000,1.00000,1.00000,976.81901,-0.02456,-0.09634,0.31059,-0.02018,0.50801,0.86595,-0.06269,0.28622,-0.00676,-0.02221,0.23004,0.39204,0.37395,1.74347,1.83636,1.00000,1.00000,1.00000,0.86977,0.00000,0.12893,2.98756,1.98479,1.00000,1.00000,1.00000
765,0.3983,75300864,54732,0.01568,1.01e-04,0.2736,77.9741,0.00000,0.00000,0.00000,10.00000,1270.97884,0.00000,0.84343,0.00000,0.00000,0.86554,0.00000,0.00000,0.00000,0.00000,0.00000,0.30889,2.24579,1.54112,1.00000,1.00000,1.00000,976.86418,-0.02465,-0.09640,0.30964,-0.01961,0.50816,0.86511,-0.06234,0.28388,-0.00660,-0.02238,0.22889,0.39117,0.37390,1.73079,1.57400,0.99545,0.99401,1.00000,0.86952,0.00000,0.12892,2.96331,1.92483,0.99091,0.98795,1.00000
766,0.3989,75399168,53473,0.01431,1.00e-04,0.2735,87.7455,0.00000,0.00000,0.00000,10.00000,1269.31156,0.00000,0.74481,0.00000,0.00000,0.86048,0.00000,0.00000,0.00000,0.00000,0.00000,0.30850,2.24180,1.44197,0.98901,0.98361,1.00000,971.38070,-0.02478,-0.09587,0.30931,-0.02028,0.50480,0.86014,-0.06213,0.28505,-0.00704,-0.02210,0.22910,0.39068,0.37215,1.65237,1.51400,0.97802,0.96721,1.00000,0.86073,0.00000,0.12831,2.95794,1.87206,0.96703,0.95082,1.00000
767,0.3994,75497472,53800,0.01353,1.01e-04,0.2735,77.7396,0.00000,0.00000,0.00000,10.00000,1303.58336,0.00000,0.72165,0.00000,0.00000,0.85743,0.00000,0.00000,0.00000,0.00000,0.00000,0.30743,2.22745,1.40192,1.00000,1.00000,1.00000,984.74154,-0.02478,-0.09711,0.30744,-0.01942,0.50273,0.85712,-0.06214,0.28497,-0.00697,-0.02220,0.22872,0.38823,0.37184,1.65696,1.72526,0.99485,0.99206,1.00000,0.85921,0.00000,0.12960,2.95094,1.91555,0.98969,0.98413,1.00000
768,0.3999,75595776,54377,0.01558,8.70e-05,0.2734,73.2970,0.00000,0.00000,0.00000,10.00000,1280.70906,0.00000,0.79218,0.00000,0.00000,0.85746,0.00000,0.00000,0.00000,0.00000,0.00000,0.30829,2.21634,1.48458,1.00000,1.00000,1.00000,991.36084,-0.02477,-0.09766,0.30773,-0.02022,0.50262,0.85712,-0.06235,0.28475,-0.00802,-0.02224,0.22892,0.38884,0.37194,1.72000,1.66667,0.99074,0.99351,0.92308,0.85972,0.00000,0.12973,2.95987,1.95542,0.98148,0.98718,0.83333
769,0.4004,75694080,53665,0.01623,6.02e-05,0.2734,58.3639,0.00000,0.00000,0.00000,10.00000,1288.14912,0.00000,0.75536,0.00000,0.00000,0.85765,0.00000,0.00000,0.00000,0.00000,0.00000,0.30915,2.20386,1.54430,1.00000,1.00000,1.00000,979.63110,-0.02479,-0.09660,0.30647,-0.01972,0.50228,0.85727,-0.06207,0.28206,-0.00801,-0.02235,0.22660,0.38696,0.37230,1.72659,1.75733,0.98684,0.98065,1.00000,0.86148,0.00000,0.12940,2.94933,1.89023,0.97368,0.96386,1.00000
770,0.4009,75792384,53688,0.01191,5.80e-05,0.2733,100.2362,0.00000,0.00000,0.00000,10.00000,1302.38627,0.00000,0.75855,0.00000,0.00000,0.85482,0.00000,0.00000,0.00000,0.00000,0.00000,0.30882,2.19257,1.62193,0.99038,1.00000,0.88889,977.16886,-0.02502,-0.09626,0.30356,-0.02012,0.50195,0.85452,-0.06138,0.27781,-0.00768,-0.02245,0.22416,0.38317,0.37196,1.68516,1.80000,0.99519,1.00000,0.94444,0.85978,0.00000,0.12963,2.90141,1.75421,1.00000,1.00000,1.00000
771,0.4014,75890688,53822,0.01034,8.35e-05,0.2732,87.1411,0.00000,0.00000,0.00000,10.00000,1302.15908,0.00000,0.78144,0.00000,0.00000,0.84988,0.00000,0.00000,0.00000,0.00000,0.00000,0.30858,2.20658,1.56424,1.00000,1.00000,1.00000,996.41569,-0.02510,-0.09817,0.30416,-0.02008,0.49809,0.84953,-0.06204,0.27605,-0.01042,-0.02178,0.22530,0.38387,0.37033,1.67299,1.88000,0.99451,0.99219,1.00000,0.85163,0.00000,0.12970,2.89209,1.77408,0.98901,0.98485,1.00000
772,0.4020,75988992,52350,0.01205,1.10e-04,0.2732,83.2036,0.00000,0.00000,0.00000,10.00000,1291.32655,0.00000,0.79787,0.00000,0.00000,0.85190,0.00000,0.00000,0.00000,0.00000,0.00000,0.30857,2.20778,1.43538,1.00000,1.00000,1.00000,1020.00049,-0.02516,-0.10037,0.30286,-0.01953,0.49739,0.85155,-0.06236,0.27367,-0.00922,-0.02206,0.22445,0.38220,0.37077,1.68278,2.03400,0.99468,0.99259,1.00000,0.85387,0.00000,0.12968,2.87749,1.97515,0.98936,0.98387,1.00000
773,0.4025,76087296,53494,0.02206,6.02e-05,0.2731,63.0946,0.00000,0.00000,0.00000,10.00000,1279.79499,0.00000,0.75702,0.00000,0.00000,0.85376,0.00000,0.00000,0.00000,0.00000,0.00000,0.30842,2.23213,1.48750,1.00000,1.00000,1.00000,1001.84147,-0.02475,-0.09878,0.30670,-0.02078,0.49872,0.85345,-0.06305,0.27926,-0.00842,-0.02206,0.22748,0.38797,0.37121,1.76028,1.69053,0.98352,0.97581,1.00000,0.85606,0.00000,0.13066,2.92286,1.99000,0.96703,0.95588,1.00000
774,0.4030,76185600,53892,0.01260,5.80e-05,0.2731,74.1676,0.00000,0.00000,0.00000,10.00000,1288.72184,0.00000,0.74074,0.00000,0.00000,0.85852,0.00000,0.00000,0.00000,0.00000,0.00000,0.30879,2.24205,1.46849,0.98958,0.98485,1.00000,1002.61963,-0.02468,-0.09873,0.30846,-0.02006,0.50330,0.85813,-0.06191,0.28273,-0.00790,-0.02206,0.22890,0.39005,0.37223,1.69831,1.78588,0.98438,0.97656,1.00000,0.86113,0.00000,0.12924,2.95053,1.94145,0.97917,0.96774,1.00000
775,0.4035,76283904,53839,0.01203,6.34e-05,0.2730,67.3665,0.00000,0.00000,0.00000,10.00000,1283.51562,0.00000,0.81149,0.00000,0.00000,0.86228,0.00000,0.00000,0.00000,0.00000,0.00000,0.30849,2.25250,1.53657,0.98876,0.98485,1.00000,1002.60913,-0.02438,-0.09875,0.31208,-0.02096,0.50586,0.86191,-0.06230,0.28746,-0.00920,-0.02231,0.23166,0.39477,0.37283,1.64754,1.78800,0.98876,0.98462,1.00000,0.86413,0.00000,0.12987,2.99606,1.76176,0.98876,0.98438,1.00000
776,0.4040,76382208,54474,0.01188,6.96e-05,0.2729,84.1091,0.00000,0.00000,0.00000,10.00000,1278.03446,0.00000,0.75286,0.00000,0.00000,0.86704,0.00000,0.00000,0.00000,0.00000,0.00000,0.30847,2.25315,1.62775,0.99065,0.98592,1.00000,972.01652,-0.02435,-0.09588,0.31170,-0.02038,0.50848,0.86671,-0.06231,0.29110,-0.00658,-0.02223,0.23167,0.39392,0.37398,1.69776,2.04947,0.98131,0.97931,0.94737,0.86988,0.00000,0.12814,3.00576,1.76691,0.97196,0.97297,0.88889
777,0.4045,76480512,53585,0.01415,7.61e-05,0.2729,73.1658,0.00000,0.00000,0.00000,10.00000,1291.12784,0.00000,0.74635,0.00000,0.00000,0.86843,0.00000,0.00000,0.00000,0.00000,0.00000,0.30886,2.24812,1.68675,0.98990,0.98529,1.00000,972.87492,-0.02440,-0.09593,0.31142,-0.02108,0.51012,0.86806,-0.06136,0.29051,-0.00709,-0.02233,0.23039,0.39368,0.37423,1.68587,1.79000,0.98485,0.97744,1.00000,0.87115,0.00000,0.12766,2.99751,1.68493,0.97980,0.96923,1.00000
778,0.4051,76578816,53813,0.01401,7.76e-05,0.2728,74.6834,0.00000,0.00000,0.00000,10.00000,1277.70177,0.00000,0.76812,0.00000,0.00000,0.86237,0.00000,0.00000,0.00000,0.00000,0.00000,0.30763,2.23500,1.71319,1.00000,1.00000,1.00000,952.69531,-0.02463,-0.09391,0.30949,-0.01996,0.50705,0.86209,-0.06072,0.29184,-0.00795,-0.02233,0.22994,0.39084,0.37298,1.85785,2.03900,0.99130,0.98742,1.00000,0.86492,0.00000,0.12781,2.98536,2.02169,0.98261,0.97333,1.00000
779,0.4056,76677120,54326,0.01315,7.77e-05,0.2728,70.2984,0.00000,0.00000,0.00000,10.00000,1293.94422,0.00000,0.85424,0.00000,0.00000,0.85588,0.00000,0.00000,0.00000,0.00000,0.00000,0.30634,2.21021,1.49652,1.00000,1.00000,1.00000,958.95939,-0.02472,-0.09441,0.30701,-0.02011,0.50248,0.85558,-0.06069,0.29361,-0.00918,-0.02186,0.22860,0.38751,0.37165,1.68822,1.77000,0.99462,0.99301,1.00000,0.85826,0.00000,0.12771,2.96752,1.86000,0.98925,0.98667,1.00000
780,0.4061,76775424,53563,0.01140,9.31e-05,0.2727,80.6845,0.00000,0.00000,0.00000,10.00000,1313.90239,0.00000,0.73840,0.00000,0.00000,0.85121,0.00000,0.00000,0.00000,0.00000,0.00000,0.30641,2.20378,1.41738,0.97468,0.98214,0.83333,966.18188,-0.02477,-0.09524,0.30611,-0.01986,0.49926,0.85093,-0.06157,0.29502,-0.00751,-0.02169,0.22798,0.38639,0.37088,1.60904,1.45333,0.98101,0.98095,0.91667,0.85439,0.00000,0.12632,2.97470,1.82555,0.98734,0.97959,1.00000
781,0.4066,76873728,54809,0.01656,5.97e-05,0.2727,76.4679,0.00000,0.00000,0.00000,10.00000,1331.23447,0.00000,0.79652,0.00000,0.00000,0.85115,0.00000,0.00000,0.00000,0.00000,0.00000,0.30644,2.22278,1.38030,1.00000,1.00000,1.00000,993.20711,-0.02460,-0.09797,0.30897,-0.02007,0.49889,0.85089,-0.06240,0.29732,-0.00751,-0.02157,0.23016,0.38984,0.37080,1.57756,1.61600,0.99398,0.99160,1.00000,0.85401,0.00000,0.12590,2.99754,1.80596,0.98795,0.98182,1.00000
782,0.4071,76972032,54380,0.01173,8.35e-05,0.2726,62.2649,0.00000,0.00000,0.00000,10.00000,1308.91196,0.00000,0.76389,0.00000,0.00000,0.86041,0.00000,0.00000,0.00000,0.00000,0.00000,0.30645,2.24058,1.43870,0.99038,0.98571,1.00000,1000.02604,-0.02450,-0.09858,0.30931,-0.02014,0.50383,0.86009,-0.06254,0.29549,-0.00701,-0.02241,0.23005,0.39012,0.37279,1.64713,1.61867,0.99038,0.98601,1.00000,0.86397,0.00000,0.12523,2.99554,1.84775,0.99038,0.98630,1.00000
783,0.4076,77070336,52911,0.01120,1.01e-04,0.2725,74.3058,0.00000,0.00000,0.00000,10.00000,1288.03295,0.00000,0.77295,0.00000,0.00000,0.86466,0.00000,0.00000,0.00000,0.00000,0.00000,0.30729,2.24969,1.65746,1.00000,1.00000,1.00000,974.01025,-0.02442,-0.09609,0.31122,-0.02024,0.50790,0.86436,-0.06146,0.29349,-0.00741,-0.02210,0.23167,0.39291,0.37339,1.75674,2.18571,0.99457,0.99219,1.00000,0.86696,0.00000,0.12665,3.00593,1.85743,0.98913,0.98462,1.00000
784,0.4081,77168640,55037,0.01514,1.18e-04,0.2724,85.0354,0.00000,0.00000,0.00000,10.00000,1314.49392,0.00000,0.66872,0.00000,0.00000,0.86184,0.00000,0.00000,0.00000,0.00000,0.00000,0.30597,2.23843,1.43946,1.00000,1.00000,1.00000,979.59163,-0.02448,-0.09655,0.31023,-0.02042,0.50634,0.86150,-0.06085,0.29634,-0.00831,-0.02213,0.23159,0.39197,0.37288,1.68742,1.62667,0.98611,0.97692,1.00000,0.86442,0.00000,0.12735,3.00436,1.92571,0.97222,0.95588,1.00000
785,0.4086,77266944,54422,0.01522,9.24e-05,0.2724,81.8098,0.00000,0.00000,0.00000,10.00000,1294.29352,0.00000,0.83889,0.00000,0.00000,0.86274,0.00000,0.00000,0.00000,0.00000,0.00000,0.30673,2.22699,1.48651,1.00000,1.00000,1.00000,974.33577,-0.02459,-0.09613,0.30826,-0.01992,0.50644,0.86240,-0.06079,0.29269,-0.00810,-0.02189,0.23017,0.38980,0.37328,1.68634,1.87231,1.00000,1.00000,1.00000,0.86640,0.00000,0.12716,2.98873,1.89111,1.00000,1.00000,1.00000
786,0.4092,77365248,53328,0.01555,8.05e-05,0.2723,73.1452,0.00000,0.00000,0.00000,10.00000,1285.66657,0.00000,0.75512,0.00000,0.00000,0.86003,0.00000,0.00000,0.00000,0.00000,0.00000,0.30670,2.22065,1.43065,0.99029,0.98630,1.00000,977.13590,-0.02471,-0.09624,0.30722,-0.02004,0.50590,0.85966,-0.06075,0.28961,-0.00627,-0.02221,0.22864,0.38904,0.37289,1.64805,1.53818,0.98058,0.97143,1.00000,0.86445,0.00000,0.12846,2.97370,1.88055,0.97087,0.95522,1.00000
787,0.4097,77463552,54991,0.01644,4.85e-05,0.2722,77.8240,0.00000,0.00000,0.00000,10.00000,1315.58887,0.00000,0.71181,0.00000,0.00000,0.85594,0.00000,0.00000,0.00000,0.00000,0.00000,0.30733,2.22225,1.55054,0.98958,0.98485,1.00000,975.80672,-0.02480,-0.09618,0.30601,-0.02019,0.50358,0.85562,-0.06053,0.28804,-0.00956,-0.02215,0.22870,0.38757,0.37215,1.67635,1.52533,0.98958,0.98374,1.00000,0.86074,0.00000,0.12697,2.94798,1.82413,0.98958,0.98246,1.00000
788,0.4102,77561856,53843,0.01274,4.97e-05,0.2722,79.6420,0.00000,0.00000,0.00000,10.00000,1282.77897,0.00000,0.76591,0.00000,0.00000,0.85277,0.00000,0.00000,0.00000,0.00000,0.00000,0.30729,2.20639,1.46375,0.98058,0.98551,0.91667,970.85132,-0.02505,-0.09560,0.30418,-0.01980,0.50060,0.85251,-0.06084,0.28638,-0.00906,-0.02183,0.22718,0.38468,0.37147,1.64518,1.58182,0.98544,0.98592,0.95455,0.85736,0.00000,0.12598,2.92415,1.82219,0.99029,0.98630,1.00000
789,0.4107,77660160,54495,0.01230,8.05e-05,0.2721,85.3027,0.00000,0.00000,0.00000,10.00000,1295.72999,0.00000,0.80499,0.00000,0.00000,0.84887,0.00000,0.00000,0.00000,0.00000,0.00000,0.30693,2.19625,1.43307,0.98980,0.98571,1.00000,1015.66821,-0.02519,-0.10003,0.30213,-0.01938,0.49779,0.84855,-0.06129,0.28517,-0.00996,-0.02203,0.22522,0.38132,0.37084,1.60215,1.37400,0.97959,0.97887,0.90909,0.85421,0.00000,0.12490,2.90213,1.77351,0.96939,0.97222,0.80000
790,0.4112,77758464,54177,0.01234,7.77e-05,0.2721,103.3829,0.00000,0.00000,0.00000,10.00000,1286.03577,0.00000,0.79890,0.00000,0.00000,0.85098,0.00000,0.00000,0.00000,0.00000,0.00000,0.30733,2.18923,1.55551,1.00000,1.00000,1.00000,1027.33366,-0.02523,-0.10122,0.30113,-0.01959,0.49848,0.85063,-0.06164,0.27991,-0.00897,-0.02245,0.22364,0.37952,0.37109,1.69276,1.49625,0.99174,0.98851,1.00000,0.85547,0.00000,0.12588,2.88223,1.84222,0.98347,0.97647,1.00000
791,0.4117,77856768,53891,0.01085,1.12e-04,0.2720,88.2489,0.00000,0.00000,0.00000,10.00000,1338.10080,0.00000,0.70261,0.00000,0.00000,0.85082,0.00000,0.00000,0.00000,0.00000,0.00000,0.30817,2.17707,1.54197,0.99020,1.00000,0.87500,1031.52645,-0.02537,-0.10149,0.30008,-0.02026,0.49803,0.85045,-0.06141,0.27481,-0.00991,-0.02229,0.22228,0.37906,0.37086,1.64014,1.59143,0.99510,1.00000,0.93333,0.85429,0.00000,0.12860,2.86833,1.73694,1.00000,1.00000,1.00000
792,0.4122,77955072,53756,0.01494,7.61e-05,0.2719,89.7396,0.00000,0.00000,0.00000,10.00000,1314.73865,0.00000,0.84211,0.00000,0.00000,0.84807,0.00000,0.00000,0.00000,0.00000,0.00000,0.30752,2.19212,1.60338,1.00000,1.00000,1.00000,1047.30379,-0.02523,-0.10305,0.30217,-0.02021,0.49613,0.84769,-0.06195,0.28013,-0.00874,-0.02219,0.22448,0.38208,0.37051,1.68161,1.91600,1.00000,1.00000,1.00000,0.85256,0.00000,0.12866,2.90294,1.76528,1.00000,1.00000,1.00000
793,0.4127,78053376,54694,0.01003,1.21e-04,0.2719,96.3494,0.00000,0.00000,0.00000,10.00000,1293.29723,0.00000,0.77020,0.00000,0.00000,0.85274,0.00000,0.00000,0.00000,0.00000,0.00000,0.30809,2.20272,1.66571,1.00000,1.00000,1.00000,1032.15698,-0.02508,-0.10166,0.30327,-0.02060,0.49853,0.85239,-0.06180,0.27701,-0.00928,-0.02219,0.22429,0.38315,0.37114,1.77807,1.62000,1.00000,1.00000,1.00000,0.85569,0.00000,0.12921,2.90212,1.87639,1.00000,1.00000,1.00000
794,0.4133,78151680,53776,0.01548,1.04e-04,0.2718,73.7741,0.00000,0.00000,0.00000,10.00000,1320.04783,0.00000,0.73457,0.00000,0.00000,0.85570,0.00000,0.00000,0.00000,0.00000,0.00000,0.30768,2.23679,1.45043,1.00000,1.00000,1.00000,1014.44670,-0.02460,-0.09992,0.30857,-0.02071,0.50082,0.85540,-0.06211,0.28408,-0.00766,-0.02208,0.22840,0.38984,0.37172,1.61323,1.65733,0.98333,0.97479,1.00000,0.85858,0.00000,0.12881,2.95588,1.78875,0.96667,0.94828,1.00000
795,0.4138,78249984,54439,0.02156,5.04e-05,0.2718,66.6702,0.00000,0.00000,0.00000,10.00000,1295.63859,0.00000,0.72917,0.00000,0.00000,0.86048,0.00000,0.00000,0.00000,0.00000,0.00000,0.30665,2.24534,1.58985,0.98958,0.98333,1.00000,1017.78044,-0.02461,-0.10022,0.30899,-0.02027,0.50356,0.86017,-0.06216,0.28766,-0.00962,-0.02201,0.22974,0.39020,0.37242,1.72500,1.60778,0.98438,0.98413,0.94444,0.86208,0.00000,0.12768,2.95772,1.84933,0.97917,0.98485,0.88889
796,0.4143,78348288,52915,0.01256,5.80e-05,0.2717,84.8753,0.00000,0.00000,0.00000,10.00000,1300.82877,0.00000,0.74456,0.00000,0.00000,0.86407,0.00000,0.00000,0.00000,0.00000,0.00000,0.30721,2.26595,1.57549,1.00000,1.00000,1.00000,998.00464,-0.02446,-0.09836,0.31114,-0.02023,0.50612,0.86374,-0.06203,0.28756,-0.00788,-0.02194,0.23204,0.39330,0.37334,1.75035,1.65385,0.99485,0.99231,1.00000,0.86670,0.00000,0.12773,2.98131,1.92278,0.98969,0.98462,1.00000
797,0.4148,78446592,53370,0.00967,8.35e-05,0.2717,91.4508,0.00000,0.00000,0.00000,10.00000,1288.28170,0.00000,0.73184,0.00000,0.00000,0.86555,0.00000,0.00000,0.00000,0.00000,0.00000,0.30711,2.26127,1.37398,1.00000,1.00000,1.00000,985.72542,-0.02447,-0.09720,0.31179,-0.02083,0.50765,0.86516,-0.06175,0.28676,-0.00693,-0.02214,0.23142,0.39393,0.37334,1.58348,1.57077,0.99038,0.98540,1.00000,0.86670,0.00000,0.12842,2.98264,1.80641,0.98077,0.97143,1.00000
798,0.4153,78544896,55066,0.01538,6.42e-05,0.2716,83.9285,0.00000,0.00000,0.00000,10.00000,1301.75505,0.00000,0.77441,0.00000,0.00000,0.86342,0.00000,0.00000,0.00000,0.00000,0.00000,0.30678,2.25428,1.48493,1.00000,1.00000,1.00000,998.40820,-0.02463,-0.09839,0.30974,-0.02030,0.50697,0.86306,-0.06126,0.28685,-0.00748,-0.02210,0.23028,0.39128,0.37364,1.69689,2.06364,0.99495,0.99275,1.00000,0.86822,0.00000,0.12806,2.96001,1.92676,0.98990,0.98507,1.00000
799,0.4158,78643200,53932,0.01331,7.23e-05,0.2716,84.5917,0.00000,0.00000,0.00000,10.00000,1315.52959,0.00000,0.77679,0.00000,0.00000,0.86320,0.00000,0.00000,0.00000,0.00000,0.00000,0.30721,2.25350,1.47140,1.00000,1.00000,1.00000,1001.20402,-0.02466,-0.09857,0.30860,-0.02073,0.50691,0.86283,-0.06089,0.28161,-0.00895,-0.02235,0.22920,0.39056,0.37309,1.63934,1.85217,1.00000,1.00000,1.00000,0.86544,0.00000,0.12928,2.93288,1.84667,1.00000,1.00000,1.00000
800,0.4164,78741504,52691,0.01110,1.04e-04,0.2715,81.5560,0.00000,0.00000,0.00000,10.00000,1297.39572,0.00000,0.85145,0.00000,0.00000,0.86030,0.00000,0.00000,0.00000,0.00000,0.00000,0.30595,2.25421,1.41921,0.98913,0.98649,1.00000,980.25342,-0.02482,-0.09665,0.30782,-0.02036,0.50420,0.86001,-0.06130,0.28341,-0.00666,-0.02203,0.22916,0.38869,0.37250,1.60392,2.11250,0.98913,0.98582,1.00000,0.86250,0.00000,0.12868,2.92992,1.79889,0.98913,0.98507,1.00000
801,0.4169,78839808,54988,0.01371,1.19e-04,0.2714,85.5890,0.00000,0.00000,0.00000,10.00000,1292.29355,0.00000,0.72917,0.00000,0.00000,0.85641,0.00000,0.00000,0.00000,0.00000,0.00000,0.30541,2.26316,1.61574,1.00000,1.00000,1.00000,991.91813,-0.02452,-0.09776,0.30987,-0.01998,0.50248,0.85607,-0.06088,0.28814,-0.00826,-0.02169,0.23122,0.39057,0.37202,1.70479,1.82625,0.99375,1.00000,0.94118,0.86011,0.00000,0.12781,2.95248,1.79533,0.98750,1.00000,0.88889
802,0.4174,78938112,53641,0.01510,6.99e-05,0.2714,59.9840,0.00000,0.00000,0.00000,10.00000,1304.95093,0.00000,0.81301,0.00000,0.00000,0.85772,0.00000,0.00000,0.00000,0.00000,0.00000,0.30500,2.27412,1.57147,0.98780,1.00000,0.66667,976.96729,-0.02441,-0.09635,0.31118,-0.01979,0.50244,0.85740,-0.06162,0.29309,-0.00780,-0.02158,0.23333,0.39244,0.37224,1.67236,1.71000,0.98780,0.99167,0.80000,0.86120,0.00000,0.12714,2.98305,1.77161,0.98780,0.98361,1.00000
803,0.4179,79036416,52971,0.01130,1.00e-04,0.2713,79.9647,0.00000,0.00000,0.00000,10.00000,1257.46256,0.00000,0.79665,0.00000,0.00000,0.86086,0.00000,0.00000,0.00000,0.00000,0.00000,0.30504,2.27108,1.49057,0.98113,0.98684,0.91667,989.94344,-0.02455,-0.09755,0.31051,-0.01932,0.50407,0.86055,-0.06124,0.29277,-0.00813,-0.02184,0.23263,0.39174,0.37254,1.70906,1.66300,0.98113,0.98026,0.95238,0.86268,0.00000,0.12626,2.96976,1.93807,0.98113,0.97368,1.00000
804,0.4184,79134720,54372,0.01420,1.03e-04,0.2713,87.2894,0.00000,0.00000,0.00000,10.00000,1307.22493,0.00000,0.75231,0.00000,0.00000,0.86452,0.00000,0.00000,0.00000,0.00000,0.00000,0.30496,2.28666,1.50571,0.97917,0.97222,1.00000,968.61914,-0.02433,-0.09550,0.31237,-0.02015,0.50686,0.86421,-0.06118,0.29231,-0.00695,-0.02186,0.23315,0.39419,0.37353,1.73252,1.85000,0.98438,0.97692,1.00000,0.86763,0.00000,0.12763,2.98111,2.01419,0.98958,0.98276,1.00000
805,0.4190,79233024,53764,0.01297,1.10e-04,0.2712,84.6716,0.00000,0.00000,0.00000,10.00000,1255.05387,0.00000,0.79894,0.00000,0.00000,0.86429,0.00000,0.00000,0.00000,0.00000,0.00000,0.30476,2.28452,1.47744,1.00000,1.00000,1.00000,966.79492,-0.02434,-0.09533,0.31246,-0.02013,0.50781,0.86393,-0.06055,0.29346,-0.00740,-0.02186,0.23351,0.39454,0.37357,1.74248,1.62210,0.99048,0.98675,1.00000,0.86783,0.00000,0.12747,2.98182,2.01711,0.98095,0.97297,1.00000
806,0.4195,79331328,53711,0.01527,1.04e-04,0.2711,83.4741,0.00000,0.00000,0.00000,10.00000,1307.18984,0.00000,0.76111,0.00000,0.00000,0.86032,0.00000,0.00000,0.00000,0.00000,0.00000,0.30339,2.27050,1.60625,1.00000,1.00000,1.00000,959.96183,-0.02453,-0.09467,0.31078,-0.01992,0.50540,0.86000,-0.06047,0.29689,-0.00635,-0.02168,0.23255,0.39179,0.37278,1.71761,1.83867,0.99500,0.99270,1.00000,0.86391,0.00000,0.12643,2.97410,1.84310,0.99000,0.98462,1.00000
807,0.4200,79429632,53464,0.01172,1.50e-04,0.2710,89.6890,0.00000,0.00000,0.00000,10.00000,1246.49919,0.00000,0.83912,0.00000,0.00000,0.85809,0.00000,0.00000,0.00000,0.00000,0.00000,0.30335,2.24738,1.48583,0.98958,0.98485,1.00000,995.10425,-0.02459,-0.09812,0.30853,-0.01994,0.50365,0.85776,-0.06063,0.29599,-0.00930,-0.02191,0.23092,0.38891,0.37221,1.70645,2.20167,0.97917,0.97931,0.92308,0.86106,0.00000,0.12703,2.96159,1.89783,0.96875,0.97468,0.85714
808,0.4205,79527936,54141,0.01606,9.66e-05,0.2710,72.4978,0.00000,0.00000,0.00000,10.00000,1259.91057,0.00000,0.78836,0.00000,0.00000,0.85908,0.00000,0.00000,0.00000,0.00000,0.00000,0.30465,2.25532,1.50506,1.00000,1.00000,1.00000,977.64266,-0.02452,-0.09636,0.30962,-0.01999,0.50449,0.85871,-0.06030,0.29423,-0.00821,-0.02187,0.23106,0.39055,0.37212,1.74269,1.73565,0.99524,0.99329,1.00000,0.86062,0.00000,0.12650,2.96823,1.98881,0.99048,0.98649,1.00000
809,0.4210,79626240,55062,0.01246,8.39e-05,0.2709,78.6867,0.00000,0.00000,0.00000,10.00000,1276.51739,0.00000,0.74074,0.00000,0.00000,0.85813,0.00000,0.00000,0.00000,0.00000,0.00000,0.30345,2.25219,1.47589,0.98925,0.98462,1.00000,977.30965,-0.02458,-0.09633,0.30852,-0.01999,0.50338,0.85781,-0.06071,0.29459,-0.00652,-0.02173,0.23108,0.38960,0.37251,1.74890,1.91412,0.97312,0.95968,1.00000,0.86257,0.00000,0.12736,2.96330,2.06031,0.95699,0.93220,1.00000
810,0.4215,79724544,55086,0.01536,6.82e-05,0.2708,82.3017,0.00000,0.00000,0.00000,10.00000,1318.92561,0.00000,0.79154,0.00000,0.00000,0.85641,0.00000,0.00000,0.00000,0.00000,0.00000,0.30314,2.23948,1.48766,1.00000,1.00000,1.00000,971.66284,-0.02458,-0.09586,0.30715,-0.02006,0.50249,0.85608,-0.06021,0.29631,-0.00756,-0.02210,0.23003,0.38835,0.37241,1.65526,1.65385,0.99558,0.99379,1.00000,0.86207,0.00000,0.12724,2.96344,1.85468,0.99115,0.98630,1.00000
811,0.4220,79822848,54827,0.01076,9.32e-05,0.2708,76.2914,0.00000,0.00000,0.00000,10.00000,1274.75768,0.00000,0.78460,0.00000,0.00000,0.85506,0.00000,0.00000,0.00000,0.00000,0.00000,0.30317,2.21422,1.52419,0.98246,0.97500,1.00000,979.23584,-0.02466,-0.09660,0.30583,-0.02056,0.50250,0.85475,-0.05996,0.29526,-0.00694,-0.02226,0.22824,0.38615,0.37241,1.72804,1.68133,0.97807,0.96894,1.00000,0.86206,0.00000,0.12801,2.95622,1.92727,0.97368,0.96296,1.00000
812,0.4225,79921152,54484,0.01263,9.24e-05,0.2707,83.2702,0.00000,0.00000,0.00000,10.00000,1313.17809,0.00000,0.73129,0.00000,0.00000,0.85125,0.00000,0.00000,0.00000,0.00000,0.00000,0.30284,2.19451,1.58597,1.00000,1.00000,1.00000,983.26953,-0.02491,-0.09689,0.30339,-0.02015,0.50041,0.85090,-0.05971,0.29335,-0.00883,-0.02177,0.22571,0.38321,0.37163,1.75572,1.72941,0.99490,0.99225,1.00000,0.85817,0.00000,0.12846,2.92884,1.94794,0.98980,0.98387,1.00000
813,0.4230,80019456,54265,0.01509,8.05e-05,0.2707,89.8224,0.00000,0.00000,0.00000,10.00000,1333.27304,0.00000,0.77441,0.00000,0.00000,0.84740,0.00000,0.00000,0.00000,0.00000,0.00000,0.30318,2.20156,1.50320,1.00000,1.00000,1.00000,995.89884,-0.02486,-0.09804,0.30372,-0.01977,0.49703,0.84709,-0.06011,0.29299,-0.00809,-0.02189,0.22674,0.38353,0.37044,1.68993,1.25600,1.00000,1.00000,1.00000,0.85220,0.00000,0.12722,2.93645,1.89588,1.00000,1.00000,1.00000
814,0.4236,80117760,53819,0.01274,8.35e-05,0.2706,82.0303,0.00000,0.00000,0.00000,10.00000,1307.35368,0.00000,0.73856,0.00000,0.00000,0.84881,0.00000,0.00000,0.00000,0.00000,0.00000,0.30369,2.20579,1.50448,0.98824,0.98276,1.00000,1023.89722,-0.02493,-0.10074,0.30398,-0.02076,0.49664,0.84841,-0.06089,0.29302,-0.00904,-0.02190,0.22679,0.38398,0.37094,1.70203,1.75294,0.98235,0.97345,1.00000,0.85468,0.00000,0.12718,2.93551,1.91901,0.97647,0.96364,1.00000
815,0.4241,80216064,53788,0.01027,1.03e-04,0.2705,80.0745,0.00000,0.00000,0.00000,10.00000,1300.35298,0.00000,0.77423,0.00000,0.00000,0.85360,0.00000,0.00000,0.00000,0.00000,0.00000,0.30354,2.23969,1.47184,1.00000,1.00000,1.00000,1035.98364,-0.02463,-0.10211,0.30814,-0.02059,0.49923,0.85324,-0.06099,0.29471,-0.00782,-0.02188,0.22965,0.38923,0.37199,1.61877,1.65882,0.98936,0.99237,0.94444,0.85993,0.00000,0.12764,2.97225,1.77606,0.97872,0.98438,0.88889
816,0.4246,80314368,54636,0.01499,6.34e-05,0.2705,68.1675,0.00000,0.00000,0.00000,10.00000,1315.45882,0.00000,0.71895,0.00000,0.00000,0.86301,0.00000,0.00000,0.00000,0.00000,0.00000,0.30344,2.25201,1.47294,1.00000,1.00000,1.00000,998.08789,-0.02430,-0.09833,0.31029,-0.02129,0.50628,0.86270,-0.06039,0.29656,-0.00626,-0.02178,0.23122,0.39252,0.37398,1.62268,1.57333,0.99412,0.99091,1.00000,0.86992,0.00000,0.12817,2.99850,1.79525,0.98824,0.98077,1.00000
817,0.4251,80412672,54131,0.01254,9.13e-05,0.2705,84.9519,0.00000,0.00000,0.00000,10.00000,1308.06740,0.00000,0.80065,0.00000,0.00000,0.86537,0.00000,0.00000,0.00000,0.00000,0.00000,0.30299,2.27010,1.55895,1.00000,1.00000,1.00000,976.75415,-0.02404,-0.09624,0.31394,-0.02102,0.50885,0.86506,-0.06012,0.30288,-0.00849,-0.02190,0.23360,0.39649,0.37390,1.71569,1.71667,0.99510,0.99320,1.00000,0.86950,0.00000,0.12678,3.03222,1.87039,0.99020,0.98649,1.00000
818,0.4256,80510976,53318,0.01456,9.13e-05,0.2704,62.9390,0.00000,0.00000,0.00000,10.00000,1333.80580,0.00000,0.66468,0.00000,0.00000,0.86404,0.00000,0.00000,0.00000,0.00000,0.00000,0.30133,2.25658,1.47407,1.00000,1.00000,1.00000,960.06047,-0.02435,-0.09471,0.31123,-0.02028,0.50748,0.86370,-0.05972,0.30476,-0.00780,-0.02190,0.23277,0.39255,0.37298,1.70000,1.67103,0.99554,0.99254,1.00000,0.86490,0.00000,0.12597,3.00966,1.92593,0.99107,0.98507,1.00000
819,0.4261,80609280,54491,0.01427,9.31e-05,0.2704,95.6239,0.00000,0.00000,0.00000,10.00000,1301.35341,0.00000,0.76464,0.00000,0.00000,0.85954,0.00000,0.00000,0.00000,0.00000,0.00000,0.30114,2.23971,1.60194,0.98925,0.98438,1.00000,986.44865,-0.02473,-0.09715,0.30857,-0.02040,0.50400,0.85921,-0.05938,0.30252,-0.00725,-0.02178,0.23085,0.38938,0.37225,1.73667,2.06000,0.98925,0.98438,1.00000,0.86125,0.00000,0.12579,2.98750,1.87139,0.98925,0.98438,1.00000
820,0.4266,80707584,54067,0.01395,7.61e-05,0.2703,80.6524,0.00000,0.00000,0.00000,10.00000,1281.88825,0.00000,0.78373,0.00000,0.00000,0.85518,0.00000,0.00000,0.00000,0.00000,0.00000,0.30167,2.20953,1.44309,1.00000,1.00000,1.00000,987.54915,-0.02481,-0.09725,0.30594,-0.02071,0.50195,0.85481,-0.05932,0.29815,-0.00701,-0.02218,0.22806,0.38655,0.37207,1.71663,1.83125,0.99107,0.98734,1.00000,0.86035,0.00000,0.12744,2.96732,1.97773,0.98214,0.97531,1.00000
821,0.4272,80805888,54502,0.01340,9.24e-05,0.2702,81.3663,0.00000,0.00000,0.00000,10.00000,1280.17488,0.00000,0.79365,0.00000,0.00000,0.85184,0.00000,0.00000,0.00000,0.00000,0.00000,0.30250,2.21711,1.62114,1.00000,1.00000,1.00000,985.99479,-0.02468,-0.09722,0.30665,-0.02011,0.49987,0.85154,-0.05997,0.29921,-0.00735,-0.02159,0.22834,0.38704,0.37177,1.83153,1.56222,0.98901,0.98462,1.00000,0.85887,0.00000,0.12543,2.97249,2.05134,0.97802,0.96923,1.00000
822,0.4277,80904192,54230,0.01334,9.24e-05,0.2702,75.1378,0.00000,0.00000,0.00000,10.00000,1274.02012,0.00000,0.77778,0.00000,0.00000,0.85238,0.00000,0.00000,0.00000,0.00000,0.00000,0.30234,2.25100,1.55484,0.98750,0.98182,1.00000,998.34692,-0.02461,-0.09847,0.30902,-0.02021,0.49953,0.85204,-0.06020,0.29955,-0.00683,-0.02147,0.23065,0.38994,0.37140,1.76016,1.90750,0.98125,0.98214,0.93750,0.85701,0.00000,0.12466,2.97504,1.95906,0.97500,0.98246,0.87500
823,0.4282,81002496,53335,0.01205,1.33e-04,0.2701,73.2477,0.00000,0.00000,0.00000,10.00000,1291.97465,0.00000,0.83979,0.00000,0.00000,0.85708,0.00000,0.00000,0.00000,0.00000,0.00000,0.30135,2.27590,1.42400,1.00000,1.00000,1.00000,1002.90934,-0.02449,-0.09888,0.31206,-0.02107,0.50220,0.85676,-0.06012,0.29972,-0.00769,-0.02171,0.23296,0.39373,0.37265,1.62015,1.59600,0.98837,0.98462,1.00000,0.86324,0.00000,0.12681,2.99470,1.83809,0.97674,0.96774,1.00000
824,0.4287,81100800,54935,0.01532,1.38e-04,0.2701,73.1644,0.00000,0.00000,0.00000,10.00000,1333.98963,0.00000,0.70513,0.00000,0.00000,0.86513,0.00000,0.00000,0.00000,0.00000,0.00000,0.30152,2.27625,1.49872,0.99038,0.98592,1.00000,995.03573,-0.02431,-0.09813,0.31288,-0.02101,0.50738,0.86480,-0.05988,0.30048,-0.00735,-0.02212,0.23372,0.39466,0.37406,1.66513,1.63529,0.99038,0.98485,1.00000,0.87029,0.00000,0.12732,3.00887,1.85057,0.99038,0.98361,1.00000
825,0.4292,81199104,54333,0.01521,1.16e-04,0.2700,85.8570,0.00000,0.00000,0.00000,10.00000,1343.96000,0.00000,0.75000,0.00000,0.00000,0.86600,0.00000,0.00000,0.00000,0.00000,0.00000,0.30114,2.28723,1.41282,1.00000,1.00000,1.00000,997.30998,-0.02426,-0.09834,0.31371,-0.02045,0.50831,0.86565,-0.06004,0.30234,-0.00781,-0.02191,0.23445,0.39595,0.37423,1.55252,1.44833,1.00000,1.00000,1.00000,0.87115,0.00000,0.12663,3.01276,1.71043,1.00000,1.00000,1.00000
826,0.4297,81297408,54082,0.01626,7.61e-05,0.2699,68.4469,0.00000,0.00000,0.00000,10.00000,1293.55595,0.00000,0.76190,0.00000,0.00000,0.86688,0.00000,0.00000,0.00000,0.00000,0.00000,0.30047,2.27611,1.61741,1.00000,1.00000,1.00000,995.40397,-0.02439,-0.09818,0.31269,-0.02002,0.50856,0.86651,-0.05988,0.30233,-0.00775,-0.02207,0.23346,0.39406,0.37454,1.70528,1.80762,0.99048,0.98611,1.00000,0.87269,0.00000,0.12690,3.00643,1.80102,0.98095,0.97143,1.00000
827,0.4302,81395712,53488,0.01493,5.80e-05,0.2698,85.2881,0.00000,0.00000,0.00000,10.00000,1335.45343,0.00000,0.72607,0.00000,0.00000,0.86391,0.00000,0.00000,0.00000,0.00000,0.00000,0.30115,2.27283,1.43600,0.99010,0.98507,1.00000,977.00822,-0.02434,-0.09632,0.31212,-0.02080,0.50663,0.86351,-0.05952,0.30031,-0.00786,-0.02184,0.23307,0.39329,0.37356,1.66923,1.51000,0.99505,0.99242,1.00000,0.86781,0.00000,0.12708,2.99471,1.92647,1.00000,1.00000,1.00000
828,0.4308,81494016,54138,0.01044,8.35e-05,0.2698,82.8576,0.00000,0.00000,0.00000,10.00000,1290.60826,0.00000,0.78231,0.00000,0.00000,0.86043,0.00000,0.00000,0.00000,0.00000,0.00000,0.30106,2.26637,1.51480,0.98980,0.98571,1.00000,962.60010,-0.02453,-0.09490,0.30955,-0.02032,0.50546,0.86008,-0.05937,0.29853,-0.00904,-0.02181,0.23115,0.39033,0.37287,1.62675,1.70533,0.98980,0.98551,1.00000,0.86435,0.00000,0.12608,2.96205,1.74324,0.98980,0.98529,1.00000
829,0.4313,81592320,54461,0.01838,4.46e-05,0.2697,82.6476,0.00000,0.00000,0.00000,10.00000,1298.28594,0.00000,0.77222,0.00000,0.00000,0.85630,0.00000,0.00000,0.00000,0.00000,0.00000,0.30052,2.25390,1.60723,0.99000,0.98630,1.00000,985.60376,-0.02459,-0.09710,0.30838,-0.02039,0.50223,0.85591,-0.05928,0.29882,-0.00944,-0.02191,0.23085,0.38888,0.37151,1.73823,1.48400,0.99500,0.99281,1.00000,0.85757,0.00000,0.12587,2.95684,1.88320,1.00000,1.00000,1.00000
830,0.4318,81690624,54243,0.01079,6.34e-05,0.2697,77.2481,0.00000,0.00000,0.00000,10.00000,1316.75600,0.00000,0.71930,0.00000,0.00000,0.85455,0.00000,0.00000,0.00000,0.00000,0.00000,0.29943,2.23736,1.52618,1.00000,1.00000,1.00000,990.72990,-0.02470,-0.09761,0.30569,-0.01993,0.50181,0.85427,-0.05995,0.29963,-0.00900,-0.02167,0.22922,0.38617,0.37205,1.66762,1.70375,1.00000,1.00000,1.00000,0.86024,0.00000,0.12616,2.94841,1.80310,1.00000,1.00000,1.00000
831,0.4323,81788928,54281,0.01113,9.13e-05,0.2696,88.3584,0.00000,0.00000,0.00000,10.00000,1316.73817,0.00000,0.79958,0.00000,0.00000,0.85563,0.00000,0.00000,0.00000,0.00000,0.00000,0.30025,2.23112,1.44333,1.00000,1.00000,1.00000,1000.51652,-0.02476,-0.09854,0.30493,-0.02061,0.50208,0.85531,-0.05972,0.29676,-0.00941,-0.02205,0.22845,0.38573,0.37242,1.59377,1.70308,0.99533,0.99351,1.00000,0.86210,0.00000,0.12673,2.93679,1.76961,0.99065,0.98611,1.00000
832,0.4328,81887232,54621,0.01471,9.32e-05,0.2695,68.8856,0.00000,0.00000,0.00000,10.00000,1316.23677,0.00000,0.77509,0.00000,0.00000,0.85567,0.00000,0.00000,0.00000,0.00000,0.00000,0.30166,2.20620,1.33981,1.00000,1.00000,1.00000,995.14185,-0.02490,-0.09801,0.30305,-0.02109,0.50191,0.85533,-0.05984,0.29061,-0.00956,-0.02239,0.22632,0.38335,0.37221,1.55241,1.68235,0.98790,0.98266,1.00000,0.86105,0.00000,0.12782,2.91714,1.81309,0.97581,0.96203,1.00000
833,0.4333,81985536,54310,0.01346,1.12e-04,0.2695,87.6146,0.00000,0.00000,0.00000,10.00000,1290.64115,0.00000,0.77403,0.00000,0.00000,0.85045,0.00000,0.00000,0.00000,0.00000,0.00000,0.30124,2.18006,1.54735,1.00000,1.00000,1.00000,1013.16838,-0.02506,-0.09969,0.30036,-0.02050,0.49835,0.85013,-0.06040,0.29181,-0.00980,-0.02201,0.22431,0.38002,0.37114,1.72667,1.78500,0.97753,0.96774,1.00000,0.85571,0.00000,0.12680,2.90904,1.91719,0.95506,0.93548,1.00000
834,0.4338,82083840,52277,0.01509,7.60e-05,0.2694,79.0754,0.00000,0.00000,0.00000,10.00000,1312.04482,0.00000,0.76023,0.00000,0.00000,0.84476,0.00000,0.00000,0.00000,0.00000,0.00000,0.30120,2.17872,1.45759,1.00000,1.00000,1.00000,1004.52466,-0.02499,-0.09888,0.30036,-0.02045,0.49483,0.84443,-0.06064,0.29507,-0.00849,-0.02177,0.22479,0.37959,0.37024,1.64747,1.52333,0.98684,0.98077,1.00000,0.85122,0.00000,0.12530,2.92217,1.83735,0.97368,0.96203,1.00000
835,0.4344,82182144,53103,0.00960,1.16e-04,0.2694,71.7165,0.00000,0.00000,0.00000,10.00000,1302.70228,0.00000,0.69069,0.00000,0.00000,0.84632,0.00000,0.00000,0.00000,0.00000,0.00000,0.30164,2.19280,1.57000,0.97297,0.95745,1.00000,1021.54338,-0.02485,-0.10061,0.30239,-0.02078,0.49609,0.84599,-0.06066,0.29500,-0.00850,-0.02143,0.22571,0.38191,0.37083,1.69234,2.00667,0.97973,0.96739,1.00000,0.85414,0.00000,0.12572,2.93393,1.80800,0.98649,0.97778,1.00000
836,0.4349,82280448,54371,0.01410,1.01e-04,0.2693,73.7051,0.00000,0.00000,0.00000,10.00000,1290.25650,0.00000,0.78652,0.00000,0.00000,0.85054,0.00000,0.00000,0.00000,0.00000,0.00000,0.30130,2.23038,1.45838,1.00000,1.00000,1.00000,1039.95622,-0.02455,-0.10248,0.30667,-0.02106,0.49911,0.85021,-0.06066,0.29813,-0.00910,-0.02192,0.22846,0.38712,0.37168,1.64204,1.77143,0.98315,0.97619,1.00000,0.85842,0.00000,0.12593,2.96101,1.85778,0.96629,0.94915,1.00000
837,0.4354,82378752,53066,0.01331,9.66e-05,0.2693,72.8758,0.00000,0.00000,0.00000,10.00000,1281.13998,0.00000,0.76471,0.00000,0.00000,0.86013,0.00000,0.00000,0.00000,0.00000,0.00000,0.30148,2.26185,1.55971,1.00000,1.00000,1.00000,1023.94303,-0.02426,-0.10087,0.31018,-0.02118,0.50523,0.85978,-0.06006,0.29852,-0.00677,-0.02174,0.23068,0.39114,0.37319,1.72956,1.59900,0.99412,0.99145,1.00000,0.86597,0.00000,0.12659,2.98712,1.90448,0.98824,0.98361,1.00000
838,0.4359,82477056,53880,0.01473,7.16e-05,0.2692,78.3937,0.00000,0.00000,0.00000,10.00000,1308.30564,0.00000,0.83074,0.00000,0.00000,0.86467,0.00000,0.00000,0.00000,0.00000,0.00000,0.30171,2.28819,1.43416,1.00000,1.00000,1.00000,992.66813,-0.02402,-0.09773,0.31434,-0.02163,0.50839,0.86428,-0.05927,0.30275,-0.00855,-0.02206,0.23471,0.39679,0.37385,1.61408,1.67600,0.99533,0.99375,1.00000,0.86924,0.00000,0.12615,3.01956,1.81425,0.99065,0.98701,1.00000
839,0.4364,82575360,53369,0.01111,1.03e-04,0.2692,76.6821,0.00000,0.00000,0.00000,10.00000,1293.49400,0.00000,0.70437,0.00000,0.00000,0.86659,0.00000,0.00000,0.00000,0.00000,0.00000,0.30009,2.27723,1.52000,0.99107,0.98592,1.00000,976.51204,-0.02409,-0.09631,0.31245,-0.02100,0.50968,0.86629,-0.05919,0.30480,-0.00868,-0.02203,0.23451,0.39435,0.37425,1.67552,1.64500,0.99554,0.99296,1.00000,0.87126,0.00000,0.12617,3.00941,1.83103,1.00000,1.00000,1.00000
840,0.4370,82673664,52551,0.01496,8.59e-05,0.2691,75.0054,0.00000,0.00000,0.00000,10.00000,1321.71566,0.00000,0.74257,0.00000,0.00000,0.86506,0.00000,0.00000,0.00000,0.00000,0.00000,0.29915,2.27094,1.49714,1.00000,1.00000,1.00000,973.47518,-0.02420,-0.09601,0.31133,-0.02077,0.50930,0.86474,-0.05960,0.30693,-0.00797,-0.02179,0.23347,0.39285,0.37455,1.70872,1.89467,0.99505,0.99259,1.00000,0.87276,0.00000,0.12611,3.01029,1.93500,0.99010,0.98462,1.00000
841,0.4375,82771968,54715,0.03723,3.95e-05,0.2691,87.0151,0.00000,0.00000,0.00000,10.00000,1302.18224,0.00000,0.78658,0.00000,0.00000,0.86179,0.00000,0.00000,0.00000,0.00000,0.00000,0.29936,2.25573,1.44175,0.99010,0.98684,1.00000,979.13053,-0.02442,-0.09653,0.30895,-0.02114,0.50712,0.86149,-0.05922,0.30538,-0.00804,-0.02208,0.23141,0.38993,0.37355,1.62724,1.71454,0.99010,0.98601,1.00000,0.86777,0.00000,0.12602,2.98290,1.83333,0.99010,0.98507,1.00000
842,0.4380,82870272,54229,0.01005,5.69e-05,0.2690,70.9361,0.00000,0.00000,0.00000,10.00000,1309.50269,0.00000,0.77160,0.00000,0.00000,0.85685,0.00000,0.00000,0.00000,0.00000,0.00000,0.29830,2.25706,1.54058,1.00000,1.00000,1.00000,987.52832,-0.02433,-0.09726,0.30896,-0.02044,0.50404,0.85652,-0.05934,0.30620,-0.00786,-0.02180,0.23180,0.39011,0.37270,1.73206,1.44000,0.99444,0.99200,1.00000,0.86352,0.00000,0.12673,2.98656,1.92925,0.98889,0.98413,1.00000
843,0.4385,82968576,53201,0.01212,7.25e-05,0.2690,69.5506,0.00000,0.00000,0.00000,10.00000,1304.02093,0.00000,0.72016,0.00000,0.00000,0.85696,0.00000,0.00000,0.00000,0.00000,0.00000,0.29824,2.27032,1.49049,0.98765,0.98182,1.00000,973.39453,-0.02419,-0.09597,0.31078,-0.02056,0.50334,0.85669,-0.05942,0.31035,-0.00783,-0.02139,0.23369,0.39253,0.37259,1.85966,2.06615,0.99383,0.99048,1.00000,0.86294,0.00000,0.12564,3.01196,2.26178,1.00000,1.00000,1.00000
844,0.4390,83066880,54074,0.01132,1.04e-04,0.2690,85.7334,0.00000,0.00000,0.00000,10.00000,1323.53790,0.00000,0.71520,0.00000,0.00000,0.85830,0.00000,0.00000,0.00000,0.00000,0.00000,0.29758,2.28981,1.68621,0.98851,0.98113,1.00000,988.51229,-0.02389,-0.09741,0.31292,-0.02069,0.50470,0.85803,-0.05963,0.31579,-0.00726,-0.02139,0.23519,0.39461,0.37328,1.77581,1.76000,0.98851,0.98214,1.00000,0.86638,0.00000,0.12449,3.03320,1.85454,0.98851,0.98305,1.00000
845,0.4395,83165184,52651,0.01431,9.24e-05,0.2689,72.6042,0.00000,0.00000,0.00000,10.00000,1338.99938,0.00000,0.77558,0.00000,0.00000,0.86525,0.00000,0.00000,0.00000,0.00000,0.00000,0.29855,2.28844,1.54177,1.00000,1.00000,1.00000,1002.62329,-0.02403,-0.09882,0.31291,-0.02095,0.50874,0.86493,-0.05983,0.31116,-0.00789,-0.02187,0.23464,0.39492,0.37419,1.61712,1.89833,1.00000,1.00000,1.00000,0.87095,0.00000,0.12533,3.02296,1.69757,1.00000,1.00000,1.00000
846,0.4401,83263488,54916,0.01716,6.34e-05,0.2689,76.4461,0.00000,0.00000,0.00000,10.00000,1287.97353,0.00000,0.79365,0.00000,0.00000,0.86660,0.00000,0.00000,0.00000,0.00000,0.00000,0.29736,2.29564,1.54253,1.00000,1.00000,1.00000,993.54891,-0.02395,-0.09792,0.31426,-0.02109,0.51016,0.86629,-0.05946,0.31223,-0.00668,-0.02208,0.23564,0.39647,0.37470,1.75912,1.61895,1.00000,1.00000,1.00000,0.87350,0.00000,0.12714,3.03902,1.97300,1.00000,1.00000,1.00000
847,0.4406,83361792,53757,0.01076,9.12e-05,0.2688,63.5166,0.00000,0.00000,0.00000,10.00000,1327.07526,0.00000,0.71865,0.00000,0.00000,0.86781,0.00000,0.00000,0.00000,0.00000,0.00000,0.29697,2.27658,1.48593,1.00000,1.00000,1.00000,968.75659,-0.02397,-0.09552,0.31250,-0.02104,0.51083,0.86751,-0.05889,0.31227,-0.00703,-0.02204,0.23474,0.39459,0.37502,1.69114,1.79889,0.99541,0.99291,1.00000,0.87510,0.00000,0.12820,3.03637,1.90701,0.99083,0.98551,1.00000
848,0.4411,83460096,54346,0.01336,9.24e-05,0.2687,82.4053,0.00000,0.00000,0.00000,10.00000,1313.12136,0.00000,0.77670,0.00000,0.00000,0.86454,0.00000,0.00000,0.00000,0.00000,0.00000,0.29730,2.25689,1.53567,0.99029,0.98507,1.00000,972.66536,-0.02418,-0.09579,0.31128,-0.02068,0.50851,0.86420,-0.05922,0.31275,-0.00835,-0.02192,0.23353,0.39283,0.37394,1.71885,1.73538,0.99515,0.99306,1.00000,0.86969,0.00000,0.12728,3.02666,1.88415,1.00000,1.00000,1.00000
849,0.4416,83558400,53976,0.01463,8.05e-05,0.2687,86.5499,0.00000,0.00000,0.00000,10.00000,1307.59790,0.00000,0.74830,0.00000,0.00000,0.85838,0.00000,0.00000,0.00000,0.00000,0.00000,0.29758,2.24575,1.50077,1.00000,1.00000,1.00000,959.25203,-0.02437,-0.09459,0.30824,-0.02021,0.50435,0.85805,-0.05937,0.30860,-0.00794,-0.02178,0.23159,0.38871,0.37263,1.60871,1.73529,0.98980,0.98485,1.00000,0.86316,0.00000,0.12626,2.98868,1.73072,0.97959,0.96825,1.00000
850,0.4421,83656704,53271,0.01250,8.35e-05,0.2686,89.4267,0.00000,0.00000,0.00000,10.00000,1295.19263,0.00000,0.80808,0.00000,0.00000,0.85238,0.00000,0.00000,0.00000,0.00000,0.00000,0.29721,2.23719,1.51952,1.00000,1.00000,1.00000,986.73299,-0.02448,-0.09724,0.30606,-0.02000,0.50037,0.85207,-0.05926,0.30814,-0.00750,-0.02177,0.23040,0.38621,0.37168,1.70837,1.66875,1.00000,1.00000,1.00000,0.85841,0.00000,0.12466,2.96829,1.91710,1.00000,1.00000,1.00000
851,0.4427,83755008,53163,0.01335,1.03e-04,0.2685,90.2214,0.00000,0.00000,0.00000,10.00000,1285.55664,0.00000,0.79282,0.00000,0.00000,0.85037,0.00000,0.00000,0.00000,0.00000,0.00000,0.29831,2.24184,1.56974,1.00000,1.00000,1.00000,1000.95190,-0.02445,-0.09872,0.30501,-0.01984,0.49830,0.85004,-0.05978,0.30208,-0.00789,-0.02175,0.22977,0.38533,0.37128,1.75203,1.74833,0.99479,0.99270,1.00000,0.85638,0.00000,0.12566,2.94553,1.94444,0.98958,0.98507,1.00000
852,0.4432,83853312,53545,0.01560,6.96e-05,0.2684,86.8205,0.00000,0.00000,0.00000,10.00000,1303.65492,0.00000,0.75472,0.00000,0.00000,0.85227,0.00000,0.00000,0.00000,0.00000,0.00000,0.29923,2.24647,1.48321,0.99057,0.98667,1.00000,1015.84896,-0.02457,-0.10013,0.30481,-0.01988,0.49955,0.85189,-0.05987,0.29569,-0.00928,-0.02215,0.22877,0.38523,0.37182,1.73287,1.68333,0.99057,0.98611,1.00000,0.85909,0.00000,0.12646,2.92303,1.98886,0.99057,0.98551,1.00000
853,0.4437,83951616,54658,0.01128,1.00e-04,0.2684,87.1433,0.00000,0.00000,0.00000,10.00000,1292.15367,0.00000,0.82677,0.00000,0.00000,0.85370,0.00000,0.00000,0.00000,0.00000,0.00000,0.29851,2.23407,1.45444,0.98425,0.99000,0.88889,1009.61279,-0.02477,-0.09949,0.30173,-0.02060,0.50068,0.85336,-0.05957,0.29210,-0.00742,-0.02253,0.22614,0.38198,0.37201,1.66466,1.80111,0.98819,0.98942,0.94444,0.86003,0.00000,0.12724,2.88660,1.89633,0.99213,0.98876,1.00000
854,0.4442,84049920,53923,0.01507,7.77e-05,0.2683,88.1139,0.00000,0.00000,0.00000,10.00000,1307.83657,0.00000,0.82041,0.00000,0.00000,0.85064,0.00000,0.00000,0.00000,0.00000,0.00000,0.29837,2.23933,1.51636,1.00000,1.00000,1.00000,1000.48568,-0.02473,-0.09860,0.30272,-0.02069,0.49907,0.85030,-0.05961,0.29142,-0.00843,-0.02191,0.22649,0.38309,0.37094,1.64182,1.62571,0.98837,0.98425,1.00000,0.85468,0.00000,0.12852,2.88605,1.76727,0.97674,0.96875,1.00000
855,0.4447,84148224,53820,0.01418,6.34e-05,0.2682,83.4547,0.00000,0.00000,0.00000,10.00000,1298.74654,0.00000,0.84402,0.00000,0.00000,0.84689,0.00000,0.00000,0.00000,0.00000,0.00000,0.29814,2.25057,1.49405,0.99038,0.98750,1.00000,988.65633,-0.02454,-0.09749,0.30464,-0.02015,0.49768,0.84656,-0.05901,0.29573,-0.00687,-0.02203,0.22740,0.38436,0.37001,1.69024,1.88222,0.99519,0.99367,1.00000,0.85003,0.00000,0.12650,2.90131,1.89122,1.00000,1.00000,1.00000
856,0.4453,84246528,52993,0.01169,9.13e-05,0.2682,76.4798,0.00000,0.00000,0.00000,10.00000,1330.58213,0.00000,0.66239,0.00000,0.00000,0.84916,0.00000,0.00000,0.00000,0.00000,0.00000,0.29643,2.26079,1.47133,1.00000,1.00000,1.00000,1008.70532,-0.02447,-0.09935,0.30553,-0.02004,0.49838,0.84888,-0.05899,0.29943,-0.00880,-0.02178,0.22892,0.38558,0.37055,1.69107,2.00500,0.99359,0.98925,1.00000,0.85276,0.00000,0.12702,2.91914,1.94461,0.98718,0.97619,1.00000
857,0.4458,84344832,53362,0.01316,9.12e-05,0.2681,78.1712,0.00000,0.00000,0.00000,10.00000,1336.82828,0.00000,0.73157,0.00000,0.00000,0.85270,0.00000,0.00000,0.00000,0.00000,0.00000,0.29628,2.26496,1.51606,1.00000,1.00000,1.00000,1016.75252,-0.02438,-0.10015,0.30775,-0.02097,0.49971,0.85237,-0.05994,0.30013,-0.00849,-0.02200,0.23032,0.38857,0.37118,1.65154,1.53625,1.00000,1.00000,1.00000,0.85591,0.00000,0.12959,2.95009,1.77487,1.00000,1.00000,1.00000
858,0.4463,84443136,54143,0.01203,1.16e-04,0.2680,70.2979,0.00000,0.00000,0.00000,10.00000,1317.81324,0.00000,0.72751,0.00000,0.00000,0.85640,0.00000,0.00000,0.00000,0.00000,0.00000,0.29632,2.26998,1.69785,1.00000,1.00000,1.00000,1032.78117,-0.02432,-0.10170,0.30874,-0.02089,0.50267,0.85606,-0.05955,0.30287,-0.00858,-0.02184,0.23149,0.38961,0.37244,1.79651,1.40750,0.99405,0.99091,1.00000,0.86218,0.00000,0.12912,2.96151,1.90164,0.98810,0.98113,1.00000
859,0.4468,84541440,54057,0.01510,8.59e-05,0.2679,69.4917,0.00000,0.00000,0.00000,10.00000,1325.79126,0.00000,0.72816,0.00000,0.00000,0.86309,0.00000,0.00000,0.00000,0.00000,0.00000,0.29685,2.28619,1.48347,1.00000,1.00000,1.00000,1006.71354,-0.02407,-0.09937,0.31107,-0.02130,0.50622,0.86267,-0.05910,0.30437,-0.00625,-0.02208,0.23216,0.39316,0.37334,1.67973,1.50133,0.99515,0.99259,1.00000,0.86668,0.00000,0.12931,2.99527,1.87865,0.99029,0.98529,1.00000
860,0.4473,84639744,54718,0.01270,1.00e-04,0.2679,82.3757,0.00000,0.00000,0.00000,10.00000,1300.22336,0.00000,0.73016,0.00000,0.00000,0.86452,0.00000,0.00000,0.00000,0.00000,0.00000,0.29819,2.27531,1.56790,0.98095,0.98551,0.92857,992.04842,-0.02404,-0.09785,0.31202,-0.02117,0.50814,0.86407,-0.05823,0.30547,-0.00773,-0.02222,0.23258,0.39426,0.37357,1.63537,1.45200,0.98095,0.97826,0.96154,0.86786,0.00000,0.12832,3.00636,1.70456,0.98095,0.97101,1.00000
861,0.4478,84738048,54914,0.01390,1.12e-04,0.2678,93.1351,0.00000,0.00000,0.00000,10.00000,1322.11228,0.00000,0.77188,0.00000,0.00000,0.86289,0.00000,0.00000,0.00000,0.00000,0.00000,0.29838,2.28890,1.64417,1.00000,1.00000,1.00000,963.65576,-0.02388,-0.09503,0.31391,-0.02140,0.50767,0.86240,-0.05808,0.30635,-0.00766,-0.02207,0.23481,0.39689,0.37321,1.68327,1.61600,0.99558,0.99363,1.00000,0.86603,0.00000,0.12838,3.02098,1.72775,0.99115,0.98649,1.00000
862,0.4483,84836352,53391,0.01391,1.34e-04,0.2677,86.0087,0.00000,0.00000,0.00000,10.00000,1318.46731,0.00000,0.75483,0.00000,0.00000,0.86012,0.00000,0.00000,0.00000,0.00000,0.00000,0.29661,2.25521,1.50906,1.00000,1.00000,1.00000,965.31860,-0.02432,-0.09525,0.30949,-0.02004,0.50596,0.85972,-0.05864,0.31040,-0.00737,-0.02191,0.23231,0.39065,0.37288,1.69441,1.72182,0.99457,0.99200,1.00000,0.86442,0.00000,0.12647,3.00290,1.85917,0.98913,0.98485,1.00000
863,0.4488,84934656,54576,0.01740,7.70e-05,0.2676,82.7771,0.00000,0.00000,0.00000,10.00000,1286.41078,0.00000,0.82702,0.00000,0.00000,0.85536,0.00000,0.00000,0.00000,0.00000,0.00000,0.29722,2.24388,1.60784,0.98864,0.98529,1.00000,989.78125,-0.02423,-0.09758,0.30896,-0.02055,0.50315,0.85501,-0.05925,0.31087,-0.00895,-0.02164,0.23310,0.39051,0.37210,1.74685,1.85385,0.98864,0.98473,1.00000,0.86051,0.00000,0.12603,3.01116,1.89594,0.98864,0.98413,1.00000
864,0.4494,85032960,54174,0.01271,9.13e-05,0.2676,77.3316,0.00000,0.00000,0.00000,10.00000,1303.53038,0.00000,0.78189,0.00000,0.00000,0.85511,0.00000,0.00000,0.00000,0.00000,0.00000,0.29676,2.25752,1.46576,0.98765,0.98214,1.00000,999.30827,-0.02405,-0.09866,0.30961,-0.02014,0.50219,0.85484,-0.05993,0.31243,-0.00759,-0.02157,0.23450,0.39097,0.37228,1.68150,1.83250,0.98148,0.97368,1.00000,0.86139,0.00000,0.12569,3.02675,1.89016,0.97531,0.96552,1.00000
865,0.4499,85131264,53720,0.01351,1.04e-04,0.2675,78.2161,0.00000,0.00000,0.00000,10.00000,1307.08376,0.00000,0.75601,0.00000,0.00000,0.86378,0.00000,0.00000,0.00000,0.00000,0.00000,0.29633,2.29147,1.54447,0.98969,1.00000,0.87500,992.90511,-0.02369,-0.09789,0.31424,-0.02049,0.50721,0.86345,-0.06004,0.31510,-0.00689,-0.02167,0.23729,0.39652,0.37365,1.71068,1.57625,0.98454,0.98485,0.94118,0.86826,0.00000,0.12626,3.06049,1.89114,0.97938,0.96825,1.00000
866,0.4504,85229568,54010,0.01506,9.13e-05,0.2675,80.2980,0.00000,0.00000,0.00000,10.00000,1316.53730,0.00000,0.77658,0.00000,0.00000,0.86902,0.00000,0.00000,0.00000,0.00000,0.00000,0.29679,2.28736,1.67579,1.00000,1.00000,1.00000,972.15210,-0.02391,-0.09580,0.31267,-0.02041,0.51054,0.86865,-0.05964,0.31449,-0.00791,-0.02184,0.23629,0.39494,0.37416,1.74441,1.85750,0.98387,0.98462,0.88889,0.87080,0.00000,0.12425,3.03702,1.83133,0.96774,0.96552,0.80000
867,0.4509,85327872,54355,0.01465,6.96e-05,0.2674,88.5822,0.00000,0.00000,0.00000,10.00000,1297.68869,0.00000,0.75661,0.00000,0.00000,0.86642,0.00000,0.00000,0.00000,0.00000,0.00000,0.29706,2.28607,1.67525,1.00000,1.00000,1.00000,980.26807,-0.02404,-0.09664,0.31195,-0.02005,0.50863,0.86604,-0.05948,0.31063,-0.00883,-0.02164,0.23595,0.39451,0.37343,1.80829,1.53714,1.00000,1.00000,1.00000,0.86714,0.00000,0.12556,3.01889,1.93500,1.00000,1.00000,1.00000
868,0.4514,85426176,53871,0.01535,6.47e-05,0.2673,63.4005,0.00000,0.00000,0.00000,10.00000,1266.63086,0.00000,0.82778,0.00000,0.00000,0.86428,0.00000,0.00000,0.00000,0.00000,0.00000,0.29695,2.27071,1.50988,1.00000,1.00000,1.00000,978.58577,-0.02429,-0.09644,0.30987,-0.02065,0.50756,0.86389,-0.05914,0.30678,-0.00700,-0.02162,0.23386,0.39180,0.37345,1.70933,1.76235,0.99500,0.99329,1.00000,0.86724,0.00000,0.12689,2.99769,1.91122,0.99000,0.98649,1.00000
869,0.4519,85524480,53607,0.01257,7.61e-05,0.2673,81.0869,0.00000,0.00000,0.00000,10.00000,1321.62207,0.00000,0.77381,0.00000,0.00000,0.86019,0.00000,0.00000,0.00000,0.00000,0.00000,0.29728,2.25429,1.45080,0.98214,0.98795,0.83333,977.94206,-0.02433,-0.09626,0.30922,-0.02084,0.50526,0.85979,-0.05867,0.30596,-0.00883,-0.02189,0.23276,0.39076,0.37281,1.63042,1.63692,0.98661,0.98718,0.92857,0.86405,0.00000,0.12707,2.99169,1.82575,0.99107,0.98630,1.00000
870,0.4524,85622784,54983,0.01316,9.24e-05,0.2672,86.3289,0.00000,0.00000,0.00000,10.00000,1303.28991,0.00000,0.79710,0.00000,0.00000,0.85807,0.00000,0.00000,0.00000,0.00000,0.00000,0.29668,2.25189,1.40216,1.00000,1.00000,1.00000,990.32804,-0.02444,-0.09767,0.30816,-0.02027,0.50396,0.85774,-0.05897,0.30544,-0.00762,-0.02164,0.23169,0.38873,0.37264,1.66013,1.72125,1.00000,1.00000,1.00000,0.86319,0.00000,0.12745,2.97992,1.91811,1.00000,1.00000,1.00000
871,0.4530,85721088,53679,0.01889,5.28e-05,0.2672,75.0864,0.00000,0.00000,0.00000,10.00000,1307.62902,0.00000,0.69307,0.00000,0.00000,0.85734,0.00000,0.00000,0.00000,0.00000,0.00000,0.29689,2.24704,1.56580,0.99010,0.98361,1.00000,1017.72689,-0.02450,-0.10019,0.30686,-0.02077,0.50299,0.85701,-0.05957,0.30412,-0.00796,-0.02212,0.23054,0.38731,0.37263,1.69591,1.66400,0.98020,0.96825,1.00000,0.86317,0.00000,0.12684,2.96729,1.81890,0.97030,0.95385,1.00000
872,0.4535,85819392,54347,0.01054,7.16e-05,0.2671,71.9324,0.00000,0.00000,0.00000,10.00000,1296.12871,0.00000,0.75196,0.00000,0.00000,0.85812,0.00000,0.00000,0.00000,0.00000,0.00000,0.29710,2.26485,1.53565,0.98990,0.98438,1.00000,1009.53825,-0.02434,-0.09939,0.30868,-0.02020,0.50327,0.85774,-0.05917,0.30437,-0.00788,-0.02187,0.23171,0.38985,0.37242,1.67200,1.59538,0.98485,0.97761,1.00000,0.86209,0.00000,0.12712,2.97466,1.79579,0.97980,0.97143,1.00000
873,0.4540,85917696,54064,0.01339,9.66e-05,0.2670,83.5397,0.00000,0.00000,0.00000,10.00000,1332.23719,0.00000,0.76577,0.00000,0.00000,0.86055,0.00000,0.00000,0.00000,0.00000,0.00000,0.29642,2.26918,1.53200,1.00000,1.00000,1.00000,987.03735,-0.02434,-0.09730,0.30890,-0.02104,0.50461,0.86017,-0.05943,0.30519,-0.00766,-0.02191,0.23184,0.39007,0.37270,1.63278,1.57750,1.00000,1.00000,1.00000,0.86350,0.00000,0.12660,2.97490,1.73476,1.00000,1.00000,1.00000
874,0.4545,86016000,53022,0.01154,1.39e-04,0.2669,84.5321,0.00000,0.00000,0.00000,10.00000,1301.54310,0.00000,0.77586,0.00000,0.00000,0.85979,0.00000,0.00000,0.00000,0.00000,0.00000,0.29635,2.25926,1.46214,1.00000,1.00000,1.00000,995.29427,-0.02453,-0.09805,0.30670,-0.02049,0.50465,0.85934,-0.05936,0.30300,-0.00815,-0.02219,0.23006,0.38728,0.37249,1.62267,1.55333,0.98707,0.98765,0.92308,0.86244,0.00000,0.12634,2.94558,1.77591,0.97414,0.97674,0.80000
875,0.4550,86114304,54184,0.01611,9.13e-05,0.2669,71.1160,0.00000,0.00000,0.00000,10.00000,1284.63430,0.00000,0.81149,0.00000,0.00000,0.85612,0.00000,0.00000,0.00000,0.00000,0.00000,0.29616,2.26628,1.48886,0.98876,1.00000,0.83333,998.31502,-0.02447,-0.09835,0.30726,-0.02049,0.50294,0.85579,-0.05943,0.30197,-0.00862,-0.02154,0.23084,0.38800,0.37181,1.73021,1.64909,0.98315,0.98462,0.90909,0.85905,0.00000,0.12723,2.94564,1.97507,0.97753,0.96970,1.00000
876,0.4555,86212608,54479,0.01082,1.45e-04,0.2668,96.2908,0.00000,0.00000,0.00000,10.00000,1325.49954,0.00000,0.77008,0.00000,0.00000,0.85716,0.00000,0.00000,0.00000,0.00000,0.00000,0.29586,2.26893,1.60923,1.00000,1.00000,1.00000,998.56982,-0.02439,-0.09829,0.30748,-0.02040,0.50237,0.85685,-0.05954,0.30220,-0.00789,-0.02172,0.23150,0.38792,0.37167,1.70152,1.61667,0.99505,0.99286,1.00000,0.85833,0.00000,0.12757,2.95167,1.80895,0.99010,0.98462,1.00000
877,0.4561,86310912,53711,0.01686,8.70e-05,0.2667,90.7877,0.00000,0.00000,0.00000,10.00000,1286.46427,0.00000,0.73333,0.00000,0.00000,0.85762,0.00000,0.00000,0.00000,0.00000,0.00000,0.29511,2.27820,1.40233,0.98667,0.98039,1.00000,980.88607,-0.02416,-0.09671,0.31003,-0.02102,0.50304,0.85731,-0.05984,0.30899,-0.00691,-0.02136,0.23394,0.39145,0.37204,1.65379,1.88947,0.98000,0.96970,1.00000,0.86019,0.00000,0.12785,2.99741,1.92321,0.97333,0.95833,1.00000
878,0.4566,86409216,54876,0.01274,9.13e-05,0.2667,61.0582,0.00000,0.00000,0.00000,10.00000,1306.11711,0.00000,0.73545,0.00000,0.00000,0.85973,0.00000,0.00000,0.00000,0.00000,0.00000,0.29516,2.27854,1.55195,1.00000,1.00000,1.00000,968.16870,-0.02406,-0.09546,0.31134,-0.02027,0.50388,0.85939,-0.05938,0.31221,-0.00664,-0.02169,0.23530,0.39280,0.37208,1.68994,1.72909,0.99524,0.99281,1.00000,0.86040,0.00000,0.12725,3.02194,1.83316,0.99048,0.98529,1.00000
879,0.4571,86507520,54687,0.01547,7.61e-05,0.2667,68.0775,0.00000,0.00000,0.00000,10.00000,1331.61478,0.00000,0.73871,0.00000,0.00000,0.86297,0.00000,0.00000,0.00000,0.00000,0.00000,0.29459,2.28087,1.41855,1.00000,1.00000,1.00000,972.90544,-0.02395,-0.09592,0.31218,-0.02012,0.50638,0.86270,-0.05962,0.31599,-0.00687,-0.02135,0.23610,0.39360,0.37330,1.53254,1.43143,0.99451,0.99174,1.00000,0.86648,0.00000,0.12656,3.04347,1.65354,0.98901,0.98361,1.00000
880,0.4576,86605824,54343,0.01330,7.61e-05,0.2666,76.5954,0.00000,0.00000,0.00000,10.00000,1326.94328,0.00000,0.75556,0.00000,0.00000,0.86430,0.00000,0.00000,0.00000,0.00000,0.00000,0.29481,2.27623,1.39405,1.00000,1.00000,1.00000,965.88037,-0.02391,-0.09516,0.31234,-0.02101,0.50777,0.86399,-0.05911,0.31557,-0.00783,-0.02183,0.23560,0.39417,0.37319,1.60193,1.43400,0.99500,0.99265,1.00000,0.86595,0.00000,0.12777,3.03904,1.81859,0.99000,0.98551,1.00000
881,0.4581,86704128,53448,0.01135,1.01e-04,0.2665,80.7145,0.00000,0.00000,0.00000,10.00000,1353.45707,0.00000,0.59331,0.00000,0.00000,0.86277,0.00000,0.00000,0.00000,0.00000,0.00000,0.29524,2.26060,1.60696,0.99029,0.98246,1.00000,993.99764,-0.02417,-0.09781,0.30882,-0.02054,0.50660,0.86240,-0.05937,0.31238,-0.00974,-0.02186,0.23358,0.39075,0.37283,1.72677,1.73000,0.98544,0.98182,0.95833,0.86414,0.00000,0.12689,3.00218,1.85594,0.98058,0.98113,0.91667
882,0.4586,86802432,53261,0.01761,5.80e-05,0.2665,64.3486,0.00000,0.00000,0.00000,10.00000,1317.65841,0.00000,0.76149,0.00000,0.00000,0.86057,0.00000,0.00000,0.00000,0.00000,0.00000,0.29551,2.25541,1.54433,0.99138,0.98837,1.00000,978.54427,-0.02432,-0.09647,0.30709,-0.02052,0.50459,0.86021,-0.05922,0.30767,-0.00721,-0.02207,0.23198,0.38870,0.37241,1.69754,1.91143,0.98707,0.98742,0.95238,0.86204,0.00000,0.12784,2.98336,1.87878,0.98276,0.98630,0.90000
883,0.4591,86900736,54504,0.01101,8.35e-05,0.2664,81.6777,0.00000,0.00000,0.00000,10.00000,1339.44068,0.00000,0.83028,0.00000,0.00000,0.85613,0.00000,0.00000,0.00000,0.00000,0.00000,0.29512,2.23971,1.45055,1.00000,1.00000,1.00000,995.95223,-0.02437,-0.09810,0.30622,-0.02050,0.50237,0.85575,-0.05909,0.30700,-0.00797,-0.02182,0.23026,0.38686,0.37197,1.59439,0.92667,1.00000,1.00000,1.00000,0.85983,0.00000,0.12834,2.97027,1.74895,1.00000,1.00000,1.00000
884,0.4596,86999040,53837,0.01480,6.42e-05,0.2664,82.2877,0.00000,0.00000,0.00000,10.00000,1310.93006,0.00000,0.74967,0.00000,0.00000,0.85509,0.00000,0.00000,0.00000,0.00000,0.00000,0.29546,2.24837,1.49194,1.00000,1.00000,1.00000,1013.10270,-0.02432,-0.09980,0.30763,-0.02057,0.50070,0.85466,-0.05940,0.30799,-0.00799,-0.02169,0.23136,0.38842,0.37163,1.71469,1.66470,0.99398,0.99107,1.00000,0.85813,0.00000,0.12820,2.98438,1.95934,0.98795,0.98148,1.00000
885,0.4602,87097344,53214,0.01028,9.24e-05,0.2663,78.4066,0.00000,0.00000,0.00000,10.00000,1318.33403,0.00000,0.80484,0.00000,0.00000,0.85972,0.00000,0.00000,0.00000,0.00000,0.00000,0.29704,2.27542,1.57355,1.00000,1.00000,1.00000,1005.24642,-0.02405,-0.09909,0.31093,-0.02093,0.50335,0.85939,-0.06034,0.30769,-0.00809,-0.02145,0.23377,0.39268,0.37250,1.66101,1.59000,1.00000,1.00000,1.00000,0.86249,0.00000,0.12725,3.00861,1.75614,1.00000,1.00000,1.00000
886,0.4607,87195648,53414,0.01329,1.11e-04,0.2663,77.7979,0.00000,0.00000,0.00000,10.00000,1302.92833,0.00000,0.74924,0.00000,0.00000,0.86366,0.00000,0.00000,0.00000,0.00000,0.00000,0.29613,2.29981,1.44941,1.00000,1.00000,1.00000,993.32918,-0.02381,-0.09791,0.31405,-0.02089,0.50667,0.86328,-0.05998,0.31199,-0.00850,-0.02178,0.23685,0.39610,0.37318,1.71500,1.55778,0.99541,0.99320,1.00000,0.86588,0.00000,0.12713,3.03339,2.00076,0.99083,0.98630,1.00000
887,0.4612,87293952,54077,0.01651,6.47e-05,0.2662,65.0186,0.00000,0.00000,0.00000,10.00000,1298.73000,0.00000,0.85317,0.00000,0.00000,0.86779,0.00000,0.00000,0.00000,0.00000,0.00000,0.29532,2.30740,1.50000,0.97619,0.96970,1.00000,974.35433,-0.02387,-0.09611,0.31322,-0.02032,0.50982,0.86740,-0.05958,0.31084,-0.00629,-0.02148,0.23586,0.39510,0.37418,1.64662,1.62286,0.98214,0.97674,1.00000,0.87091,0.00000,0.12743,3.02083,1.79545,0.98810,0.98413,1.00000
888,0.4617,87392256,52887,0.01220,7.61e-05,0.2661,78.0336,0.00000,0.00000,0.00000,10.00000,1321.16563,0.00000,0.76263,0.00000,0.00000,0.86617,0.00000,0.00000,0.00000,0.00000,0.00000,0.29477,2.30681,1.46721,1.00000,1.00000,1.00000,958.13167,-0.02400,-0.09447,0.31256,-0.02088,0.50893,0.86588,-0.05959,0.31066,-0.00722,-0.02176,0.23642,0.39461,0.37347,1.56573,1.44727,0.99091,0.98675,1.00000,0.86733,0.00000,0.12740,3.00843,1.66541,0.98182,0.97333,1.00000
889,0.4622,87490560,54748,0.01521,6.34e-05,0.2661,91.2895,0.00000,0.00000,0.00000,10.00000,1307.51164,0.00000,0.81155,0.00000,0.00000,0.86230,0.00000,0.00000,0.00000,0.00000,0.00000,0.29469,2.27813,1.51095,1.00000,1.00000,1.00000,967.54688,-0.02417,-0.09533,0.30954,-0.02058,0.50582,0.86201,-0.05941,0.30889,-0.00716,-0.02170,0.23375,0.39122,0.37263,1.66720,1.57000,0.99020,0.98658,1.00000,0.86317,0.00000,0.12825,2.98640,1.83766,0.98039,0.97260,1.00000
890,0.4627,87588864,54062,0.01339,6.42e-05,0.2660,74.9572,0.00000,0.00000,0.00000,10.00000,1324.07670,0.00000,0.74242,0.00000,0.00000,0.85732,0.00000,0.00000,0.00000,0.00000,0.00000,0.29460,2.26059,1.58260,1.00000,1.00000,1.00000,966.11507,-0.02437,-0.09521,0.30744,-0.02012,0.50314,0.85699,-0.05938,0.30930,-0.00746,-0.02158,0.23251,0.38804,0.37187,1.72606,1.59400,0.99091,0.98639,1.00000,0.85934,0.00000,0.12678,2.97478,1.86769,0.98182,0.97297,1.00000
891,0.4633,87687168,53983,0.01513,4.83e-05,0.2660,69.4817,0.00000,0.00000,0.00000,10.00000,1271.80589,0.00000,0.75092,0.00000,0.00000,0.85400,0.00000,0.00000,0.00000,0.00000,0.00000,0.29585,2.25529,1.56459,0.98901,0.98387,1.00000,976.47111,-0.02436,-0.09616,0.30734,-0.01972,0.50118,0.85364,-0.05886,0.30491,-0.00853,-0.02137,0.23180,0.38788,0.37133,1.75669,1.71091,0.98901,0.98374,1.00000,0.85663,0.00000,0.12728,2.96302,1.95690,0.98901,0.98361,1.00000
892,0.4638,87785472,54859,0.01162,6.34e-05,0.2659,63.6415,0.00000,0.00000,0.00000,10.00000,1314.17357,0.00000,0.74456,0.00000,0.00000,0.85133,0.00000,0.00000,0.00000,0.00000,0.00000,0.29457,2.24523,1.53054,1.00000,1.00000,1.00000,975.26318,-0.02440,-0.09607,0.30524,-0.01980,0.49961,0.85104,-0.05922,0.30688,-0.00733,-0.02158,0.23082,0.38538,0.37140,1.72740,1.57176,0.98454,0.99231,0.89474,0.85701,0.00000,0.12714,2.95642,1.92972,0.96907,0.98485,0.77778
893,0.4643,87883776,53931,0.01324,6.82e-05,0.2659,66.9233,0.00000,0.00000,0.00000,10.00000,1347.44792,0.00000,0.73045,0.00000,0.00000,0.85163,0.00000,0.00000,0.00000,0.00000,0.00000,0.29554,2.24981,1.46342,1.00000,1.00000,1.00000,985.37524,-0.02438,-0.09706,0.30514,-0.02066,0.49997,0.85132,-0.05894,0.30268,-0.00758,-0.02162,0.23009,0.38538,0.37176,1.62684,1.49636,0.99537,0.99296,1.00000,0.85882,0.00000,0.12737,2.93907,1.79026,0.99074,0.98611,1.00000
894,0.4648,87982080,52785,0.01251,8.88e-05,0.2659,67.9235,0.00000,0.00000,0.00000,10.00000,1330.58388,0.00000,0.71637,0.00000,0.00000,0.85244,0.00000,0.00000,0.00000,0.00000,0.00000,0.29590,2.24943,1.63215,1.00000,1.00000,1.00000,994.55363,-0.02454,-0.09793,0.30331,-0.02016,0.50012,0.85209,-0.05900,0.29952,-0.00814,-0.02170,0.22882,0.38356,0.37162,1.73472,1.75867,0.98684,0.97959,1.00000,0.85809,0.00000,0.12700,2.91112,1.83600,0.97368,0.95890,1.00000
895,0.4653,88080384,54317,0.01158,8.70e-05,0.2658,87.4181,0.00000,0.00000,0.00000,10.00000,1324.15730,0.00000,0.79060,0.00000,0.00000,0.85129,0.00000,0.00000,0.00000,0.00000,0.00000,0.29624,2.23177,1.51381,0.99038,0.98667,1.00000,994.89054,-0.02484,-0.09795,0.30072,-0.02002,0.49942,0.85090,-0.05913,0.29216,-0.00668,-0.02185,0.22619,0.38015,0.37113,1.62882,1.40000,0.99038,0.98649,1.00000,0.85567,0.00000,0.12864,2.87302,1.75428,0.99038,0.98630,1.00000
896,0.4658,88178688,53574,0.01279,8.35e-05,0.2658,80.6608,0.00000,0.00000,0.00000,10.00000,1319.46635,0.00000,0.78755,0.00000,0.00000,0.84663,0.00000,0.00000,0.00000,0.00000,0.00000,0.29488,2.22996,1.53805,0.98901,0.98529,1.00000,1024.12109,-0.02487,-0.10078,0.30019,-0.01994,0.49682,0.84633,-0.05920,0.29587,-0.00918,-0.02183,0.22650,0.37922,0.37027,1.63927,1.59000,0.99451,0.99225,1.00000,0.85133,0.00000,0.12792,2.87832,1.74970,1.00000,1.00000,1.00000
897,0.4663,88276992,54765,0.01532,6.99e-05,0.2657,78.6619,0.00000,0.00000,0.00000,10.00000,1308.91165,0.00000,0.76241,0.00000,0.00000,0.84981,0.00000,0.00000,0.00000,0.00000,0.00000,0.29467,2.21954,1.51315,1.00000,1.00000,1.00000,1033.70768,-0.02472,-0.10165,0.30145,-0.02078,0.49756,0.84946,-0.05875,0.29804,-0.00856,-0.02207,0.22660,0.38080,0.37060,1.68970,1.86500,0.98404,0.97674,1.00000,0.85299,0.00000,0.13003,2.90946,1.90098,0.96809,0.95082,1.00000
898,0.4669,88375296,54340,0.01129,8.70e-05,0.2657,71.5728,0.00000,0.00000,0.00000,10.00000,1300.23987,0.00000,0.73871,0.00000,0.00000,0.85252,0.00000,0.00000,0.00000,0.00000,0.00000,0.29449,2.22901,1.48234,1.00000,1.00000,1.00000,1007.67619,-0.02436,-0.09927,0.30574,-0.02116,0.49901,0.85221,-0.05946,0.30760,-0.00795,-0.02130,0.23038,0.38661,0.37088,1.71694,1.46917,0.99451,0.99174,1.00000,0.85438,0.00000,0.13021,2.98572,1.98657,0.98901,0.98246,1.00000
899,0.4674,88473600,53353,0.01297,7.70e-05,0.2656,80.5526,0.00000,0.00000,0.00000,10.00000,1329.02775,0.00000,0.72917,0.00000,0.00000,0.85608,0.00000,0.00000,0.00000,0.00000,0.00000,0.29451,2.22773,1.49162,0.98958,0.98462,1.00000,1028.20394,-0.02429,-0.10136,0.30678,-0.01999,0.50162,0.85572,-0.05961,0.31348,-0.00688,-0.02161,0.23105,0.38751,0.37207,1.67833,1.57895,0.98958,0.98413,1.00000,0.86037,0.00000,0.12821,3.01626,1.87571,0.98958,0.98361,1.00000
900,0.4679,88571904,54091,0.01274,8.59e-05,0.2655,78.9784,0.00000,0.00000,0.00000,10.00000,1324.01808,0.00000,0.78027,0.00000,0.00000,0.86434,0.00000,0.00000,0.00000,0.00000,0.00000,0.29618,2.26188,1.40553,1.00000,1.00000,1.00000,998.83081,-0.02392,-0.09833,0.31209,-0.02131,0.50744,0.86398,-0.05953,0.31137,-0.00859,-0.02168,0.23402,0.39424,0.37372,1.61504,1.96000,1.00000,1.00000,1.00000,0.86859,0.00000,0.12895,3.04584,1.87606,1.00000,1.00000,1.00000
901,0.4684,88670208,54034,0.01276,9.13e-05,0.2655,79.4874,0.00000,0.00000,0.00000,10.00000,1293.75321,0.00000,0.79958,0.00000,0.00000,0.86533,0.00000,0.00000,0.00000,0.00000,0.00000,0.29474,2.27931,1.53126,1.00000,1.00000,1.00000,975.36605,-0.02402,-0.09613,0.31239,-0.02076,0.50870,0.86502,-0.05916,0.31778,-0.00716,-0.02171,0.23530,0.39438,0.37369,1.70351,1.77053,0.98598,0.98052,1.00000,0.86845,0.00000,0.12592,3.04513,1.88190,0.97196,0.96104,1.00000
902,0.4690,88768512,53406,0.01553,7.16e-05,0.2654,77.6190,0.00000,0.00000,0.00000,10.00000,1316.78741,0.00000,0.80247,0.00000,0.00000,0.86340,0.00000,0.00000,0.00000,0.00000,0.00000,0.29432,2.27284,1.42049,0.98990,0.98667,1.00000,967.48665,-0.02426,-0.09528,0.30995,-0.01998,0.50676,0.86303,-0.05925,0.31489,-0.00736,-0.02149,0.23427,0.39148,0.37338,1.61006,2.15368,0.99495,0.99301,1.00000,0.86691,0.00000,0.12598,3.01365,1.80683,1.00000,1.00000,1.00000
903,0.4695,88866816,53995,0.01389,7.16e-05,0.2653,73.9433,0.00000,0.00000,0.00000,10.00000,1319.51821,0.00000,0.74396,0.00000,0.00000,0.85970,0.00000,0.00000,0.00000,0.00000,0.00000,0.29441,2.26490,1.70110,1.00000,1.00000,1.00000,964.50472,-0.02425,-0.09513,0.30906,-0.02036,0.50442,0.85932,-0.05900,0.31285,-0.00722,-0.02184,0.23318,0.38992,0.37293,1.82081,1.78400,0.99565,0.99351,1.00000,0.86468,0.00000,0.12641,2.99827,1.95366,0.99130,0.98630,1.00000
904,0.4700,88965120,52913,0.01474,4.97e-05,0.2653,78.7276,0.00000,0.00000,0.00000,10.00000,1298.51294,0.00000,0.83035,0.00000,0.00000,0.85776,0.00000,0.00000,0.00000,0.00000,0.00000,0.29539,2.27917,1.52114,0.98925,0.98529,1.00000,953.49316,-0.02424,-0.09403,0.30970,-0.01986,0.50379,0.85732,-0.05883,0.31117,-0.00754,-0.02139,0.23370,0.39107,0.37230,1.62070,1.70400,0.98387,0.97842,1.00000,0.86151,0.00000,0.12552,2.99119,1.71750,0.97849,0.97183,1.00000
905,0.4705,89063424,53496,0.01080,6.42e-05,0.2652,82.2008,0.00000,0.00000,0.00000,10.00000,1303.42079,0.00000,0.73840,0.00000,0.00000,0.85410,0.00000,0.00000,0.00000,0.00000,0.00000,0.29324,2.28423,1.57403,1.00000,1.00000,1.00000,977.15942,-0.02434,-0.09621,0.30917,-0.01992,0.50148,0.85380,-0.05927,0.31456,-0.00637,-0.02111,0.23434,0.39054,0.37169,1.69339,1.55467,0.98734,0.98095,1.00000,0.85845,0.00000,0.12567,2.98961,1.80492,0.97468,0.96429,1.00000
906,0.4710,89161728,54285,0.01293,7.61e-05,0.2652,69.3544,0.00000,0.00000,0.00000,10.00000,1304.48946,0.00000,0.82329,0.00000,0.00000,0.85859,0.00000,0.00000,0.00000,0.00000,0.00000,0.29288,2.30036,1.39313,1.00000,1.00000,1.00000,991.71981,-0.02398,-0.09763,0.31154,-0.01972,0.50368,0.85830,-0.05936,0.31974,-0.00898,-0.02120,0.23617,0.39354,0.37237,1.66261,1.58286,1.00000,1.00000,1.00000,0.86183,0.00000,0.12558,3.02597,1.94921,1.00000,1.00000,1.00000
907,0.4715,89260032,54741,0.01272,9.13e-05,0.2651,66.2037,0.00000,0.00000,0.00000,10.00000,1322.13822,0.00000,0.77457,0.00000,0.00000,0.86375,0.00000,0.00000,0.00000,0.00000,0.00000,0.29362,2.31271,1.47558,1.00000,1.00000,1.00000,983.25309,-0.02377,-0.09684,0.31262,-0.02013,0.50731,0.86345,-0.05979,0.32095,-0.00710,-0.02173,0.23806,0.39530,0.37328,1.67205,1.63500,1.00000,1.00000,1.00000,0.86642,0.00000,0.12421,3.03993,1.85214,1.00000,1.00000,1.00000
908,0.4721,89358336,53868,0.01485,7.77e-05,0.2651,71.4327,0.00000,0.00000,0.00000,10.00000,1323.19548,0.00000,0.75483,0.00000,0.00000,0.86607,0.00000,0.00000,0.00000,0.00000,0.00000,0.29464,2.31288,1.59567,1.00000,1.00000,1.00000,990.21322,-0.02393,-0.09748,0.31191,-0.01999,0.50913,0.86576,-0.06012,0.31760,-0.00887,-0.02130,0.23764,0.39480,0.37365,1.72521,2.04235,1.00000,1.00000,1.00000,0.86824,0.00000,0.12387,3.02265,1.86618,1.00000,1.00000,1.00000
909,0.4726,89456640,54138,0.01164,9.13e-05,0.2650,74.1569,0.00000,0.00000,0.00000,10.00000,1299.02286,0.00000,0.76132,0.00000,0.00000,0.86565,0.00000,0.00000,0.00000,0.00000,0.00000,0.29388,2.30308,1.58067,0.99074,0.98734,1.00000,988.30778,-0.02415,-0.09735,0.31034,-0.01986,0.50834,0.86533,-0.05924,0.31399,-0.00833,-0.02197,0.23586,0.39274,0.37361,1.69123,1.73083,0.99537,0.99324,1.00000,0.86805,0.00000,0.12512,2.99914,1.81407,1.00000,1.00000,1.00000
910,0.4731,89554944,54270,0.01941,4.97e-05,0.2650,63.0312,0.00000,0.00000,0.00000,10.00000,1310.42383,0.00000,0.77222,0.00000,0.00000,0.86258,0.00000,0.00000,0.00000,0.00000,0.00000,0.29298,2.29556,1.54128,1.00000,1.00000,1.00000,979.38940,-0.02424,-0.09647,0.30925,-0.02005,0.50653,0.86222,-0.05902,0.31306,-0.00766,-0.02141,0.23456,0.39094,0.37315,1.66602,1.86111,0.99500,0.99281,1.00000,0.86577,0.00000,0.12644,2.98431,1.79077,0.99000,0.98571,1.00000
911,0.4736,89653248,53708,0.01107,8.05e-05,0.2649,68.3085,0.00000,0.00000,0.00000,10.00000,1312.67476,0.00000,0.81446,0.00000,0.00000,0.85878,0.00000,0.00000,0.00000,0.00000,0.00000,0.29297,2.27720,1.44619,0.99029,0.98718,1.00000,969.89779,-0.02420,-0.09549,0.30782,-0.01973,0.50443,0.85848,-0.05856,0.31274,-0.00816,-0.02134,0.23333,0.38872,0.37256,1.67262,1.62444,0.99515,0.99338,1.00000,0.86281,0.00000,0.12616,2.97208,1.92289,1.00000,1.00000,1.00000
912,0.4741,89751552,53491,0.01184,7.61e-05,0.2649,90.1077,0.00000,0.00000,0.00000,10.00000,1322.27563,0.00000,0.77546,0.00000,0.00000,0.85451,0.00000,0.00000,0.00000,0.00000,0.00000,0.29258,2.26826,1.49351,1.00000,1.00000,1.00000,984.54842,-0.02428,-0.09705,0.30755,-0.02026,0.50247,0.85424,-0.05878,0.31415,-0.00859,-0.02139,0.23287,0.38887,0.37192,1.70872,1.90750,0.99479,0.99254,1.00000,0.85960,0.00000,0.12739,2.98024,1.92107,0.98958,0.98529,1.00000
913,0.4746,89849856,54336,0.01152,9.24e-05,0.2648,83.1700,0.00000,0.00000,0.00000,10.00000,1289.97421,0.00000,0.77131,0.00000,0.00000,0.85558,0.00000,0.00000,0.00000,0.00000,0.00000,0.29402,2.26812,1.56537,1.00000,1.00000,1.00000,973.36947,-0.02432,-0.09596,0.30851,-0.02025,0.50263,0.85520,-0.05877,0.31092,-0.00804,-0.02142,0.23309,0.39000,0.37181,1.72723,1.73217,0.99515,1.00000,0.95833,0.85906,0.00000,0.12778,2.98481,1.88524,0.99029,1.00000,0.91667
914,0.4751,89948160,53677,0.01235,1.01e-04,0.2648,98.5618,0.00000,0.00000,0.00000,10.00000,1299.70759,0.00000,0.83333,0.00000,0.00000,0.85476,0.00000,0.00000,0.00000,0.00000,0.00000,0.29337,2.25951,1.50024,1.00000,1.00000,1.00000,973.55176,-0.02424,-0.09587,0.30783,-0.02026,0.50265,0.85443,-0.05890,0.30956,-0.00779,-0.02164,0.23293,0.38875,0.37207,1.64000,1.61800,0.98980,1.00000,0.83333,0.86034,0.00000,0.12881,2.98119,1.80082,0.97959,1.00000,0.66667
915,0.4757,90046464,54011,0.01365,1.11e-04,0.2647,83.9315,0.00000,0.00000,0.00000,10.00000,1304.61441,0.00000,0.80808,0.00000,0.00000,0.85489,0.00000,0.00000,0.00000,0.00000,0.00000,0.29279,2.24534,1.51100,1.00000,1.00000,1.00000,986.20117,-0.02444,-0.09713,0.30634,-0.02021,0.50202,0.85450,-0.05910,0.31117,-0.00816,-0.02176,0.23096,0.38635,0.37205,1.67958,1.52143,0.99174,0.99432,0.93333,0.86023,0.00000,0.12804,2.96902,1.86899,0.98347,0.98795,0.87500
916,0.4762,90144768,53070,0.01484,1.00e-04,0.2646,80.3494,0.00000,0.00000,0.00000,10.00000,1315.62163,0.00000,0.75708,0.00000,0.00000,0.85286,0.00000,0.00000,0.00000,0.00000,0.00000,0.29310,2.22171,1.57012,0.99020,0.98630,1.00000,978.25952,-0.02471,-0.09643,0.30239,-0.01951,0.50024,0.85253,-0.05906,0.30694,-0.00840,-0.02141,0.22886,0.38168,0.37166,1.67076,1.74762,0.99020,0.98561,1.00000,0.85828,0.00000,0.12776,2.93717,1.78213,0.99020,0.98485,1.00000
917,0.4767,90243072,54394,0.01355,1.20e-04,0.2646,70.5308,0.00000,0.00000,0.00000,10.00000,1313.94630,0.00000,0.81287,0.00000,0.00000,0.85000,0.00000,0.00000,0.00000,0.00000,0.00000,0.29430,2.24499,1.55564,0.98947,0.98684,1.00000,981.45801,-0.02453,-0.09674,0.30414,-0.01949,0.49890,0.84969,-0.05958,0.30621,-0.00858,-0.02119,0.23092,0.38410,0.37075,1.70140,1.61000,0.98947,0.98561,1.00000,0.85374,0.00000,0.12647,2.94188,1.87631,0.98947,0.98413,1.00000
918,0.4772,90341376,53579,0.01646,8.05e-05,0.2645,88.6919,0.00000,0.00000,0.00000,10.00000,1324.64631,0.00000,0.76389,0.00000,0.00000,0.85054,0.00000,0.00000,0.00000,0.00000,0.00000,0.29310,2.25131,1.53000,1.00000,1.00000,1.00000,1009.78540,-0.02455,-0.09943,0.30397,-0.01963,0.49851,0.85027,-0.05924,0.30583,-0.00679,-0.02123,0.23065,0.38380,0.37110,1.72492,1.62769,1.00000,1.00000,1.00000,0.85549,0.00000,0.12675,2.93454,1.93812,1.00000,1.00000,1.00000
919,0.4777,90439680,53330,0.01184,1.03e-04,0.2644,95.5093,0.00000,0.00000,0.00000,10.00000,1339.68403,0.00000,0.71605,0.00000,0.00000,0.85433,0.00000,0.00000,0.00000,0.00000,0.00000,0.29289,2.27510,1.39606,1.00000,1.00000,1.00000,1021.75887,-0.02412,-0.10066,0.30760,-0.02107,0.50061,0.85398,-0.06004,0.30828,-0.00802,-0.02162,0.23327,0.38933,0.37207,1.57194,1.46667,0.99444,0.99138,1.00000,0.86037,0.00000,0.12941,2.97668,1.77016,0.98889,0.98113,1.00000
920,0.4782,90537984,54405,0.01652,6.34e-05,0.2644,83.9306,0.00000,0.00000,0.00000,10.00000,1309.75757,0.00000,0.74653,0.00000,0.00000,0.86003,0.00000,0.00000,0.00000,0.00000,0.00000,0.29431,2.28636,1.53949,0.97917,0.98507,0.91667,998.40495,-0.02408,-0.09843,0.30995,-0.02063,0.50478,0.85964,-0.05967,0.30860,-0.00823,-0.02148,0.23454,0.39249,0.37260,1.66747,1.68273,0.98438,0.98450,0.95652,0.86298,0.00000,0.12886,2.99575,1.80611,0.98958,0.98387,1.00000
921,0.4788,90636288,54239,0.01417,7.25e-05,0.2643,62.6402,0.00000,0.00000,0.00000,10.00000,1264.86316,0.00000,0.83620,0.00000,0.00000,0.86113,0.00000,0.00000,0.00000,0.00000,0.00000,0.29416,2.30264,1.58463,1.00000,1.00000,1.00000,996.51872,-0.02381,-0.09817,0.31228,-0.02069,0.50568,0.86078,-0.05929,0.31409,-0.00891,-0.02114,0.23666,0.39478,0.37278,1.72628,1.47273,0.98969,0.98630,1.00000,0.86390,0.00000,0.12694,3.01856,1.88324,0.97938,0.97143,1.00000
922,0.4793,90734592,53440,0.01419,6.96e-05,0.2642,69.6303,0.00000,0.00000,0.00000,10.00000,1323.50571,0.00000,0.67842,0.00000,0.00000,0.86736,0.00000,0.00000,0.00000,0.00000,0.00000,0.29469,2.30325,1.46545,1.00000,1.00000,1.00000,977.75716,-0.02385,-0.09637,0.31180,-0.02025,0.50949,0.86697,-0.05886,0.31482,-0.00630,-0.02152,0.23640,0.39456,0.37386,1.66575,1.60963,0.99519,0.99213,1.00000,0.86930,0.00000,0.12646,3.03021,1.86868,0.99038,0.98438,1.00000
923,0.4798,90832896,53581,0.01181,9.13e-05,0.2641,79.5188,0.00000,0.00000,0.00000,10.00000,1319.33373,0.00000,0.78002,0.00000,0.00000,0.86601,0.00000,0.00000,0.00000,0.00000,0.00000,0.29480,2.29216,1.41387,0.98990,0.98592,1.00000,944.43522,-0.02399,-0.09316,0.31180,-0.02092,0.51002,0.86568,-0.05916,0.31324,-0.00735,-0.02138,0.23634,0.39426,0.37370,1.62322,1.52333,0.98485,0.97842,1.00000,0.86852,0.00000,0.12689,3.02327,1.83540,0.97980,0.97059,1.00000
924,0.4803,90931200,54133,0.01928,5.02e-05,0.2641,65.6537,0.00000,0.00000,0.00000,10.00000,1325.11366,0.00000,0.75713,0.00000,0.00000,0.85819,0.00000,0.00000,0.00000,0.00000,0.00000,0.29335,2.27650,1.54024,1.00000,1.00000,1.00000,948.08138,-0.02417,-0.09343,0.30879,-0.01986,0.50559,0.85786,-0.05870,0.31425,-0.00702,-0.02145,0.23476,0.38999,0.37225,1.67835,1.66941,0.99558,0.99351,1.00000,0.86123,0.00000,0.12555,2.99191,1.81325,0.99115,0.98701,1.00000
925,0.4808,91029504,53387,0.00984,7.60e-05,0.2640,84.4480,0.00000,0.00000,0.00000,10.00000,1356.63434,0.00000,0.73068,0.00000,0.00000,0.85502,0.00000,0.00000,0.00000,0.00000,0.00000,0.29278,2.26698,1.52179,1.00000,1.00000,1.00000,962.03158,-0.02426,-0.09486,0.30668,-0.01969,0.50257,0.85473,-0.05906,0.31184,-0.00662,-0.02118,0.23334,0.38758,0.37145,1.69391,1.90000,1.00000,1.00000,1.00000,0.85724,0.00000,0.12644,2.97559,1.88295,1.00000,1.00000,1.00000
926,0.4813,91127808,54508,0.01321,6.96e-05,0.2640,77.3007,0.00000,0.00000,0.00000,10.00000,1291.52559,0.00000,0.72917,0.00000,0.00000,0.85231,0.00000,0.00000,0.00000,0.00000,0.00000,0.29197,2.27093,1.57219,0.97500,0.98214,0.90000,968.30729,-0.02404,-0.09540,0.30881,-0.01989,0.50106,0.85195,-0.05893,0.31750,-0.00726,-0.02089,0.23451,0.38991,0.37088,1.73752,2.05789,0.97500,0.97143,0.95000,0.85440,0.00000,0.12788,3.00983,1.92316,0.97500,0.95918,1.00000
927,0.4818,91226112,54400,0.01274,6.42e-05,0.2639,67.5842,0.00000,0.00000,0.00000,10.00000,1300.04668,0.00000,0.85366,0.00000,0.00000,0.85716,0.00000,0.00000,0.00000,0.00000,0.00000,0.29186,2.29352,1.90437,0.98780,0.98413,1.00000,969.80762,-0.02374,-0.09557,0.31198,-0.01966,0.50373,0.85680,-0.05931,0.32416,-0.00880,-0.02082,0.23717,0.39382,0.37210,1.88138,1.81600,0.99390,0.99206,1.00000,0.86050,0.00000,0.12598,3.04990,1.85909,1.00000,1.00000,1.00000
928,0.4824,91324416,53593,0.01227,8.35e-05,0.2639,69.7531,0.00000,0.00000,0.00000,10.00000,1330.01784,0.00000,0.75472,0.00000,0.00000,0.86206,0.00000,0.00000,0.00000,0.00000,0.00000,0.29260,2.30592,1.57143,1.00000,1.00000,1.00000,952.01986,-0.02365,-0.09394,0.31231,-0.02001,0.50715,0.86173,-0.05928,0.32198,-0.00754,-0.02138,0.23746,0.39442,0.37300,1.66620,1.71500,0.99057,0.98611,1.00000,0.86502,0.00000,0.12572,3.03767,1.75630,0.98113,0.97368,1.00000
929,0.4829,91422720,53838,0.01361,9.32e-05,0.2638,66.8052,0.00000,0.00000,0.00000,10.00000,1289.99414,0.00000,0.85069,0.00000,0.00000,0.86560,0.00000,0.00000,0.00000,0.00000,0.00000,0.29348,2.31759,1.47284,0.97917,0.97403,1.00000,962.19271,-0.02381,-0.09484,0.31286,-0.02005,0.50923,0.86523,-0.05910,0.31846,-0.00742,-0.02122,0.23809,0.39538,0.37337,1.61974,1.66500,0.98438,0.97959,1.00000,0.86684,0.00000,0.12523,3.02740,1.77840,0.98958,0.98571,1.00000
930,0.4834,91521024,53810,0.01439,8.35e-05,0.2637,68.9095,0.00000,0.00000,0.00000,10.00000,1321.53542,0.00000,0.74603,0.00000,0.00000,0.86477,0.00000,0.00000,0.00000,0.00000,0.00000,0.29406,2.31058,1.55100,1.00000,1.00000,1.00000,954.44784,-0.02387,-0.09420,0.31192,-0.01978,0.50884,0.86441,-0.05859,0.31374,-0.00744,-0.02154,0.23661,0.39405,0.37319,1.68679,1.47263,0.99524,0.99291,1.00000,0.86593,0.00000,0.12627,3.00848,1.82430,0.99048,0.98592,1.00000
931,0.4839,91619328,54323,0.01643,8.19e-05,0.2637,89.1891,0.00000,0.00000,0.00000,10.00000,1304.00953,0.00000,0.78889,0.00000,0.00000,0.86192,0.00000,0.00000,0.00000,0.00000,0.00000,0.29375,2.29755,1.42368,1.00000,1.00000,1.00000,943.87012,-0.02395,-0.09311,0.31020,-0.01940,0.50787,0.86158,-0.05786,0.31411,-0.00696,-0.02123,0.23658,0.39214,0.37291,1.65342,1.70286,0.99500,0.99296,1.00000,0.86453,0.00000,0.12659,3.00048,1.87443,0.99000,0.98630,1.00000
932,0.4844,91717632,54319,0.01325,9.31e-05,0.2636,77.1997,0.00000,0.00000,0.00000,10.00000,1301.62142,0.00000,0.79282,0.00000,0.00000,0.85937,0.00000,0.00000,0.00000,0.00000,0.00000,0.29374,2.29094,1.52951,1.00000,1.00000,1.00000,944.75545,-0.02422,-0.09315,0.30856,-0.01979,0.50612,0.85900,-0.05869,0.31110,-0.00635,-0.02113,0.23478,0.38992,0.37272,1.65726,1.54833,0.98438,0.97810,1.00000,0.86359,0.00000,0.12675,2.97852,1.82094,0.96875,0.95082,1.00000
933,0.4849,91815936,53632,0.01778,4.97e-05,0.2636,73.9937,0.00000,0.00000,0.00000,10.00000,1343.58348,0.00000,0.68783,0.00000,0.00000,0.85695,0.00000,0.00000,0.00000,0.00000,0.00000,0.29355,2.28950,1.46380,1.00000,1.00000,1.00000,958.81274,-0.02432,-0.09442,0.30739,-0.01964,0.50386,0.85662,-0.05905,0.30951,-0.00820,-0.02141,0.23428,0.38842,0.37202,1.66490,1.58762,1.00000,1.00000,1.00000,0.86012,0.00000,0.12681,2.95902,1.88555,1.00000,1.00000,1.00000
934,0.4855,91914240,53702,0.01361,5.40e-05,0.2636,80.6007,0.00000,0.00000,0.00000,10.00000,1334.56746,0.00000,0.72282,0.00000,0.00000,0.85227,0.00000,0.00000,0.00000,0.00000,0.00000,0.29302,2.27373,1.49333,1.00000,1.00000,1.00000,978.09066,-0.02453,-0.09634,0.30530,-0.01948,0.50050,0.85194,-0.05901,0.30807,-0.00793,-0.02110,0.23292,0.38562,0.37077,1.68338,1.73600,1.00000,1.00000,1.00000,0.85387,0.00000,0.12692,2.93654,1.87910,1.00000,1.00000,1.00000
935,0.4860,92012544,54551,0.02051,5.54e-05,0.2636,76.3628,0.00000,0.00000,0.00000,10.00000,1327.52199,0.00000,0.78171,0.00000,0.00000,0.85047,0.00000,0.00000,0.00000,0.00000,0.00000,0.29277,2.25918,1.57527,1.00000,1.00000,1.00000,994.05103,-0.02458,-0.09789,0.30393,-0.01951,0.49929,0.85014,-0.05903,0.30673,-0.00890,-0.02142,0.23117,0.38337,0.37061,1.65690,1.54125,0.99558,0.99371,1.00000,0.85305,0.00000,0.12668,2.92518,1.75062,0.99115,0.98649,1.00000
936,0.4865,92110848,53857,0.01687,6.11e-05,0.2635,84.0749,0.00000,0.00000,0.00000,10.00000,1327.13610,0.00000,0.78460,0.00000,0.00000,0.85349,0.00000,0.00000,0.00000,0.00000,0.00000,0.29321,2.24582,1.47011,1.00000,1.00000,1.00000,982.02197,-0.02461,-0.09681,0.30241,-0.02016,0.50122,0.85318,-0.05845,0.30191,-0.00744,-0.02169,0.22875,0.38155,0.37136,1.66300,1.56667,1.00000,1.00000,1.00000,0.85680,0.00000,0.12829,2.90994,1.85814,1.00000,1.00000,1.00000
937,0.4870,92209152,54631,0.01488,5.17e-05,0.2635,83.3767,0.00000,0.00000,0.00000,10.00000,1291.53253,0.00000,0.79932,0.00000,0.00000,0.85138,0.00000,0.00000,0.00000,0.00000,0.00000,0.29292,2.24179,1.44026,0.98980,0.98529,1.00000,987.25285,-0.02470,-0.09716,0.30225,-0.02008,0.50082,0.85105,-0.05853,0.30214,-0.00936,-0.02160,0.22773,0.38120,0.37124,1.60051,1.90823,0.97959,0.97872,0.94118,0.85618,0.00000,0.12814,2.89537,1.75275,0.96939,0.97260,0.87500
938,0.4875,92307456,54452,0.01107,7.59e-05,0.2635,85.1677,0.00000,0.00000,0.00000,10.00000,1333.38068,0.00000,0.81369,0.00000,0.00000,0.84709,0.00000,0.00000,0.00000,0.00000,0.00000,0.29219,2.25023,1.55317,1.00000,1.00000,1.00000,1001.35409,-0.02462,-0.09863,0.30274,-0.01956,0.49797,0.84674,-0.05878,0.30447,-0.00768,-0.02125,0.22933,0.38213,0.37044,1.66667,1.58000,0.98990,0.98621,1.00000,0.85222,0.00000,0.12858,2.91703,1.80353,0.97980,0.96970,1.00000
939,0.4880,92405760,52789,0.01426,4.49e-05,0.2635,77.2995,0.00000,0.00000,0.00000,10.00000,1325.84007,0.00000,0.74510,0.00000,0.00000,0.84893,0.00000,0.00000,0.00000,0.00000,0.00000,0.29219,2.26132,1.51108,1.00000,1.00000,1.00000,970.98674,-0.02456,-0.09568,0.30419,-0.01967,0.49907,0.84864,-0.05888,0.30711,-0.00621,-0.02097,0.23032,0.38374,0.37088,1.65323,1.87200,0.98824,0.98246,1.00000,0.85440,0.00000,0.12760,2.93692,1.80226,0.97647,0.96429,1.00000
940,0.4886,92504064,52392,0.01325,3.95e-05,0.2634,82.1968,0.00000,0.00000,0.00000,10.00000,1328.07023,0.00000,0.72104,0.00000,0.00000,0.85039,0.00000,0.00000,0.00000,0.00000,0.00000,0.29231,2.28149,1.43189,1.00000,1.00000,1.00000,992.85010,-0.02430,-0.09784,0.30817,-0.01994,0.50047,0.85010,-0.05944,0.31260,-0.00733,-0.02105,0.23409,0.38893,0.37135,1.59428,1.76000,0.99468,0.99180,1.00000,0.85676,0.00000,0.12754,2.97887,1.77636,0.98936,0.98305,1.00000
941,0.4891,92602368,53104,0.01056,4.50e-05,0.2634,76.4234,0.00000,0.00000,0.00000,10.00000,1296.46066,0.00000,0.74510,0.00000,0.00000,0.85743,0.00000,0.00000,0.00000,0.00000,0.00000,0.29194,2.28922,1.56394,1.00000,1.00000,1.00000,1002.00423,-0.02422,-0.09872,0.30833,-0.01969,0.50373,0.85708,-0.05949,0.31422,-0.00734,-0.02104,0.23461,0.38899,0.37254,1.81128,2.11789,1.00000,1.00000,1.00000,0.86270,0.00000,0.12666,2.98461,2.05492,1.00000,1.00000,1.00000
942,0.4896,92700672,52815,0.00961,7.77e-05,0.2633,79.3514,0.00000,0.00000,0.00000,10.00000,1323.61320,0.00000,0.75708,0.00000,0.00000,0.86238,0.00000,0.00000,0.00000,0.00000,0.00000,0.29214,2.31225,1.71231,0.99020,0.98649,1.00000,990.30713,-0.02402,-0.09761,0.31205,-0.02032,0.50683,0.86211,-0.05952,0.31559,-0.00788,-0.02129,0.23694,0.39355,0.37330,1.78986,1.64545,0.99020,0.98561,1.00000,0.86649,0.00000,0.12744,3.01139,1.87628,0.99020,0.98462,1.00000
943,0.4901,92798976,53043,0.01474,6.99e-05,0.2633,74.7615,0.00000,0.00000,0.00000,10.00000,1316.76953,0.00000,0.72421,0.00000,0.00000,0.86618,0.00000,0.00000,0.00000,0.00000,0.00000,0.29229,2.31235,1.61441,1.00000,1.00000,1.00000,958.63566,-0.02399,-0.09450,0.31205,-0.01998,0.50966,0.86588,-0.05915,0.31515,-0.00770,-0.02137,0.23704,0.39367,0.37385,1.72621,1.73928,1.00000,1.00000,1.00000,0.86926,0.00000,0.12766,3.01323,1.85457,1.00000,1.00000,1.00000
944,0.4906,92897280,53723,0.01819,3.45e-05,0.2632,75.8797,0.00000,0.00000,0.00000,10.00000,1288.56477,0.00000,0.77061,0.00000,0.00000,0.86658,0.00000,0.00000,0.00000,0.00000,0.00000,0.29105,2.31100,1.41826,0.98925,1.00000,0.88889,964.32650,-0.02404,-0.09504,0.31169,-0.01935,0.50990,0.86628,-0.05906,0.31693,-0.00634,-0.02098,0.23749,0.39292,0.37411,1.62333,1.76800,0.98387,0.99225,0.88235,0.87056,0.00000,0.12729,3.01365,1.81200,0.97849,0.98529,0.87500
945,0.4912,92995584,53185,0.01108,4.97e-05,0.2632,70.0596,0.00000,0.00000,0.00000,10.00000,1322.10310,0.00000,0.76885,0.00000,0.00000,0.86341,0.00000,0.00000,0.00000,0.00000,0.00000,0.29078,2.29272,1.51099,1.00000,1.00000,1.00000,950.95329,-0.02420,-0.09374,0.30935,-0.01960,0.50838,0.86309,-0.05856,0.31652,-0.00795,-0.02127,0.23588,0.39041,0.37338,1.63871,1.75375,0.99554,0.99355,1.00000,0.86689,0.00000,0.12741,2.99560,1.78400,0.99107,0.98611,1.00000
946,0.4917,93093888,53964,0.01179,7.23e-05,0.2631,76.5182,0.00000,0.00000,0.00000,10.00000,1314.72253,0.00000,0.76313,0.00000,0.00000,0.85900,0.00000,0.00000,0.00000,0.00000,0.00000,0.29063,2.29164,1.55305,1.00000,1.00000,1.00000,974.67049,-0.02421,-0.09611,0.30905,-0.01999,0.50428,0.85871,-0.05898,0.31890,-0.00869,-0.02097,0.23557,0.39034,0.37221,1.73022,1.63600,0.98352,0.97600,1.00000,0.86105,0.00000,0.12640,2.99931,1.93934,0.96703,0.94915,1.00000
947,0.4922,93192192,53773,0.01520,6.96e-05,0.2631,64.6703,0.00000,0.00000,0.00000,10.00000,1325.64004,0.00000,0.69444,0.00000,0.00000,0.85998,0.00000,0.00000,0.00000,0.00000,0.00000,0.29150,2.31248,1.38259,0.98750,0.97917,1.00000,971.91414,-0.02403,-0.09586,0.31042,-0.01960,0.50443,0.85969,-0.05941,0.31982,-0.00818,-0.02080,0.23744,0.39219,0.37214,1.60389,1.50133,0.98750,0.98000,1.00000,0.86071,0.00000,0.12448,3.01249,1.80644,0.98750,0.98077,1.00000
948,0.4927,93290496,54473,0.01196,8.05e-05,0.2630,83.4101,0.00000,0.00000,0.00000,10.00000,1325.19858,0.00000,0.81395,0.00000,0.00000,0.86387,0.00000,0.00000,0.00000,0.00000,0.00000,0.29231,2.35398,1.55774,1.00000,1.00000,1.00000,989.96077,-0.02367,-0.09761,0.31451,-0.02034,0.50729,0.86350,-0.05904,0.31605,-0.00815,-0.02088,0.23998,0.39737,0.37296,1.68931,2.06400,1.00000,1.00000,1.00000,0.86478,0.00000,0.12574,3.01449,1.80753,1.00000,1.00000,1.00000
949,0.4932,93388800,53868,0.01124,1.16e-04,0.2629,81.2113,0.00000,0.00000,0.00000,10.00000,1338.69757,0.00000,0.75855,0.00000,0.00000,0.86904,0.00000,0.00000,0.00000,0.00000,0.00000,0.29140,2.35449,1.61415,1.00000,1.00000,1.00000,990.06160,-0.02383,-0.09760,0.31361,-0.02000,0.51039,0.86873,-0.05917,0.31509,-0.00800,-0.02157,0.23917,0.39577,0.37397,1.72253,1.76625,1.00000,1.00000,1.00000,0.86983,0.00000,0.12634,2.99902,1.83947,1.00000,1.00000,1.00000
950,0.4938,93487104,53784,0.01441,1.11e-04,0.2629,73.8866,0.00000,0.00000,0.00000,10.00000,1307.36094,0.00000,0.76667,0.00000,0.00000,0.86979,0.00000,0.00000,0.00000,0.00000,0.00000,0.29097,2.36162,1.48213,1.00000,1.00000,1.00000,958.11751,-0.02363,-0.09443,0.31570,-0.02054,0.51154,0.86943,-0.05873,0.31701,-0.00651,-0.02124,0.24023,0.39853,0.37402,1.69093,1.54714,0.99000,0.98551,1.00000,0.87009,0.00000,0.12822,3.02225,1.89973,0.98000,0.97143,1.00000
951,0.4943,93585408,53643,0.01721,8.05e-05,0.2628,69.5137,0.00000,0.00000,0.00000,10.00000,1311.27262,0.00000,0.76190,0.00000,0.00000,0.86917,0.00000,0.00000,0.00000,0.00000,0.00000,0.29080,2.35283,1.58276,1.00000,1.00000,1.00000,932.21069,-0.02348,-0.09197,0.31527,-0.02030,0.51189,0.86884,-0.05767,0.32035,-0.00586,-0.02124,0.24068,0.39849,0.37366,1.74679,1.96909,0.99048,0.98611,1.00000,0.86831,0.00000,0.12755,3.03414,1.92974,0.98095,0.97143,1.00000
952,0.4948,93683712,54297,0.01423,7.61e-05,0.2627,62.1193,0.00000,0.00000,0.00000,10.00000,1318.98329,0.00000,0.78658,0.00000,0.00000,0.86736,0.00000,0.00000,0.00000,0.00000,0.00000,0.29135,2.34236,1.55120,1.00000,1.00000,1.00000,922.64632,-0.02369,-0.09102,0.31304,-0.01974,0.51019,0.86701,-0.05764,0.31862,-0.00876,-0.02086,0.24035,0.39563,0.37319,1.74013,1.68500,0.99010,0.98601,1.00000,0.86596,0.00000,0.12613,3.00730,1.92179,0.98020,0.97222,1.00000
953,0.4953,93782016,53269,0.01390,8.35e-05,0.2627,78.1687,0.00000,0.00000,0.00000,10.00000,1299.10802,0.00000,0.77098,0.00000,0.00000,0.86045,0.00000,0.00000,0.00000,0.00000,0.00000,0.29122,2.30770,1.60865,1.00000,1.00000,1.00000,930.52010,-0.02403,-0.09169,0.30940,-0.01913,0.50566,0.86018,-0.05804,0.31781,-0.00755,-0.02094,0.23772,0.39111,0.37271,1.73122,1.41231,0.98980,0.99265,0.92857,0.86353,0.00000,0.12544,2.99272,1.85378,0.97959,0.98571,0.83333
954,0.4958,93880320,53629,0.01269,1.03e-04,0.2627,68.8202,0.00000,0.00000,0.00000,10.00000,1309.21836,0.00000,0.77222,0.00000,0.00000,0.85489,0.00000,0.00000,0.00000,0.00000,0.00000,0.29155,2.29351,1.46829,1.00000,1.00000,1.00000,937.57080,-0.02414,-0.09251,0.30835,-0.01987,0.50309,0.85453,-0.05842,0.31645,-0.00635,-0.02088,0.23583,0.38968,0.37202,1.64893,1.73428,0.99500,0.99281,1.00000,0.86011,0.00000,0.12591,2.98340,1.84130,0.99000,0.98551,1.00000
955,0.4964,93978624,53700,0.01368,1.24e-04,0.2626,96.9522,0.00000,0.00000,0.00000,10.00000,1312.46324,0.00000,0.75439,0.00000,0.00000,0.85332,0.00000,0.00000,0.00000,0.00000,0.00000,0.29221,2.28517,1.50080,1.00000,1.00000,1.00000,963.70304,-0.02423,-0.09501,0.30647,-0.01905,0.50158,0.85293,-0.05885,0.31265,-0.00883,-0.02104,0.23391,0.38734,0.37168,1.76648,1.97625,1.00000,1.00000,1.00000,0.85840,0.00000,0.12520,2.95698,2.05114,1.00000,1.00000,1.00000
956,0.4969,94076928,53137,0.01472,1.16e-04,0.2625,84.4797,0.00000,0.00000,0.00000,10.00000,1297.36989,0.00000,0.81516,0.00000,0.00000,0.85376,0.00000,0.00000,0.00000,0.00000,0.00000,0.29363,2.27766,1.60944,1.00000,1.00000,1.00000,991.54036,-0.02434,-0.09772,0.30601,-0.01966,0.50132,0.85336,-0.05911,0.30747,-0.00864,-0.02149,0.23278,0.38652,0.37138,1.72722,2.04000,0.98598,0.98089,1.00000,0.85690,0.00000,0.12551,2.94164,1.85825,0.97196,0.95946,1.00000
957,0.4974,94175232,53924,0.01217,1.49e-04,0.2625,91.9919,0.00000,0.00000,0.00000,10.00000,1307.52722,0.00000,0.80645,0.00000,0.00000,0.85668,0.00000,0.00000,0.00000,0.00000,0.00000,0.29296,2.26424,1.61656,1.00000,1.00000,1.00000,995.85563,-0.02438,-0.09812,0.30335,-0.01975,0.50227,0.85631,-0.05912,0.30481,-0.00696,-0.02168,0.23117,0.38344,0.37206,1.71225,1.67385,0.99194,0.98889,1.00000,0.86031,0.00000,0.12660,2.92079,1.80306,0.98387,0.97826,1.00000
958,0.4979,94273536,53904,0.01544,1.04e-04,0.2624,86.6785,0.00000,0.00000,0.00000,10.00000,1327.19110,0.00000,0.81773,0.00000,0.00000,0.85630,0.00000,0.00000,0.00000,0.00000,0.00000,0.29251,2.25835,1.47253,0.98876,0.98529,1.00000,1007.87402,-0.02442,-0.09929,0.30299,-0.02018,0.50225,0.85591,-0.05892,0.30426,-0.00824,-0.02127,0.23057,0.38329,0.37200,1.69049,1.61833,0.99438,0.99237,1.00000,0.85999,0.00000,0.12785,2.91760,1.93088,1.00000,1.00000,1.00000
959,0.4984,94371840,54095,0.01155,1.21e-04,0.2623,90.0121,0.00000,0.00000,0.00000,10.00000,1328.63185,0.00000,0.80897,0.00000,0.00000,0.85528,0.00000,0.00000,0.00000,0.00000,0.00000,0.29298,2.27347,1.58376,1.00000,1.00000,1.00000,1001.15299,-0.02412,-0.09863,0.30604,-0.02097,0.50208,0.85490,-0.05865,0.30549,-0.00897,-0.02147,0.23282,0.38717,0.37150,1.73485,1.68000,0.99561,0.99398,1.00000,0.85752,0.00000,0.12902,2.94681,1.88418,0.99123,0.98824,1.00000
960,0.4989,94470144,55345,0.01464,1.21e-04,0.2623,95.0820,0.00000,0.00000,0.00000,10.00000,1351.73300,0.00000,0.69069,0.00000,0.00000,0.85828,0.00000,0.00000,0.00000,0.00000,0.00000,0.29343,2.27767,1.49719,1.00000,1.00000,1.00000,986.62565,-0.02401,-0.09721,0.30834,-0.02079,0.50421,0.85790,-0.05906,0.31050,-0.00817,-0.02090,0.23414,0.39024,0.37223,1.65981,1.61846,0.99324,0.98913,1.00000,0.86117,0.00000,0.12801,2.98680,1.85702,0.98649,0.97778,1.00000
961,0.4994,94568448,54318,0.01324,1.24e-04,0.2622,67.2707,0.00000,0.00000,0.00000,10.00000,1328.26167,0.00000,0.76779,0.00000,0.00000,0.85872,0.00000,0.00000,0.00000,0.00000,0.00000,0.29131,2.30211,1.44478,1.00000,1.00000,1.00000,965.93148,-0.02391,-0.09515,0.31031,-0.01935,0.50463,0.85832,-0.05868,0.31779,-0.00797,-0.02083,0.23691,0.39263,0.37198,1.64913,1.68875,0.99438,0.99187,1.00000,0.85991,0.00000,0.12714,3.01447,1.84197,0.98876,0.98438,1.00000
962,0.5000,94666752,52909,0.01440,1.11e-04,0.2621,67.3506,0.00000,0.00000,0.00000,10.00000,1328.79559,0.00000,0.66667,0.00000,0.00000,0.86202,0.00000,0.00000,0.00000,0.00000,0.00000,0.29033,2.30150,1.50314,1.00000,1.00000,1.00000,966.88232,-0.02386,-0.09525,0.31042,-0.01988,0.50576,0.86168,-0.05894,0.32000,-0.00655,-0.02069,0.23718,0.39249,0.37261,1.71890,1.87360,0.99412,1.00000,0.96154,0.86307,0.00000,0.12761,3.02422,1.98386,0.98824,1.00000,0.92857
963,0.5005,94765056,53864,0.01578,8.35e-05,0.2621,82.7644,0.00000,0.00000,0.00000,10.00000,1307.34156,0.00000,0.83074,0.00000,0.00000,0.86287,0.00000,0.00000,0.00000,0.00000,0.00000,0.29181,2.30296,1.51755,1.00000,1.00000,1.00000,948.26017,-0.02382,-0.09353,0.31188,-0.01958,0.50651,0.86247,-0.05886,0.31976,-0.00647,-0.02108,0.23847,0.39412,0.37260,1.68924,1.54667,0.99065,0.98750,1.00000,0.86299,0.00000,0.12716,3.03926,1.88000,0.98131,0.97368,1.00000
